timestamp,lat,lon,alt_m,speed_kmh,course_deg,hdop,sats
2025-09-18T14:13:05Z,48.779746,2.044075,129.9,9.85,36.4,5.05,3
2025-09-18T14:13:06Z,48.779710,2.044007,128.3,3.89,36.4,5.05,3
2025-09-18T14:13:08Z,48.779718,2.044021,125.1,4.32,36.4,5.05,3
2025-09-18T14:13:09Z,48.779707,2.043998,127.9,2.02,36.4,5.04,3
2025-09-18T14:13:10Z,48.779722,2.044010,129.7,2.72,36.4,5.04,3
2025-09-18T14:13:11Z,48.779722,2.044010,129.7,2.72,36.4,99.99,0
2025-09-18T14:17:33Z,48.779696,2.044088,129.3,2.30,36.4,4.69,3
2025-09-18T14:17:34Z,48.779691,2.044093,128.0,2.70,36.4,4.69,3
2025-09-18T14:17:35Z,48.779699,2.044100,128.8,2.07,36.4,4.69,3
2025-09-18T14:17:47Z,48.779689,2.044105,127.4,2.33,36.4,4.67,3
2025-09-18T14:17:48Z,48.779689,2.044093,127.0,3.56,36.4,4.67,3
2025-09-18T14:17:49Z,48.779686,2.044087,126.9,3.17,36.4,4.67,3
2025-09-18T14:17:50Z,48.779685,2.044080,126.5,3.30,36.4,4.67,3
2025-09-18T14:17:51Z,48.779685,2.044080,126.5,3.30,36.4,32.32,4
2025-09-18T14:18:05Z,48.779516,2.044211,179.7,2.41,42.0,2.57,6
2025-09-18T14:18:07Z,48.779534,2.044230,176.4,2.13,41.5,2.57,6
2025-09-18T14:18:16Z,48.779562,2.044209,164.0,2.31,290.2,2.56,6
2025-09-18T14:18:18Z,48.779563,2.044213,164.5,2.19,352.4,2.56,6
2025-09-18T14:19:20Z,48.779588,2.044195,161.9,5.32,265.5,0.99,9
2025-09-18T14:19:21Z,48.779588,2.044154,161.8,13.26,272.4,0.99,9
2025-09-18T14:19:22Z,48.779595,2.044105,162.1,13.32,280.6,1.20,8
2025-09-18T14:19:23Z,48.779622,2.044049,162.2,20.95,304.9,1.31,8
2025-09-18T14:19:24Z,48.779668,2.043985,162.3,26.71,318.2,1.31,8
2025-09-18T14:19:25Z,48.779725,2.043921,162.4,29.09,324.8,1.31,7
2025-09-18T14:19:26Z,48.779784,2.043858,162.3,28.67,324.7,1.72,7
2025-09-18T14:19:27Z,48.779841,2.043791,162.5,28.67,322.0,1.72,7
2025-09-18T14:19:28Z,48.779892,2.043724,162.6,26.28,318.0,1.71,7
2025-09-18T14:19:29Z,48.779928,2.043661,162.5,20.02,311.0,1.31,9
2025-09-18T14:19:30Z,48.779946,2.043611,162.8,13.72,303.2,1.31,7
2025-09-18T14:19:31Z,48.779960,2.043563,162.7,13.70,297.2,1.19,8
2025-09-18T14:19:32Z,48.779978,2.043513,164.2,17.02,303.3,1.19,8
2025-09-18T14:19:33Z,48.780005,2.043474,165.0,14.98,318.8,1.19,8
2025-09-18T14:19:34Z,48.780037,2.043450,164.8,13.58,332.5,1.19,8
2025-09-18T14:19:35Z,48.780078,2.043439,164.0,16.96,349.5,1.19,8
2025-09-18T14:19:36Z,48.780126,2.043437,163.3,19.54,359.3,1.19,8
2025-09-18T14:19:37Z,48.780174,2.043428,163.7,19.58,352.4,1.19,8
2025-09-18T14:19:38Z,48.780212,2.043398,163.8,16.59,332.1,1.31,8
2025-09-18T14:19:39Z,48.780231,2.043349,163.7,14.95,293.2,1.13,8
2025-09-18T14:19:40Z,48.780229,2.043298,162.8,14.24,263.2,1.13,8
2025-09-18T14:19:41Z,48.780205,2.043264,162.7,14.26,225.2,1.13,8
2025-09-18T14:19:42Z,48.780171,2.043261,162.6,14.82,183.7,0.99,9
2025-09-18T14:19:43Z,48.780141,2.043276,162.4,12.83,164.0,0.99,9
2025-09-18T14:19:44Z,48.780121,2.043296,163.4,8.32,158.8,0.99,9
2025-09-18T14:19:45Z,48.780107,2.043311,162.2,6.80,150.7,0.99,9
2025-09-18T14:19:46Z,48.780089,2.043333,162.0,10.52,143.2,0.99,9
2025-09-18T14:19:47Z,48.780057,2.043367,162.1,17.74,144.9,0.99,9
2025-09-18T14:19:48Z,48.780017,2.043407,162.2,19.89,147.3,0.99,9
2025-09-18T14:19:49Z,48.779971,2.043453,162.1,22.69,145.6,1.19,9
2025-09-18T14:19:50Z,48.779922,2.043508,162.0,25.21,142.5,0.99,9
2025-09-18T14:19:51Z,48.779870,2.043570,162.0,27.39,142.3,0.99,9
2025-09-18T14:19:52Z,48.779805,2.043645,162.0,34.71,142.1,1.19,9
2025-09-18T14:19:53Z,48.779722,2.043745,161.9,45.91,141.2,1.19,8
2025-09-18T14:19:54Z,48.779618,2.043867,161.7,55.06,141.8,1.19,8
2025-09-18T14:19:55Z,48.779502,2.043995,161.6,58.43,145.0,1.19,9
2025-09-18T14:19:56Z,48.779383,2.044122,161.4,58.10,144.6,0.99,9
2025-09-18T14:19:57Z,48.779266,2.044248,161.2,57.49,144.6,0.99,9
2025-09-18T14:19:58Z,48.779154,2.044371,161.0,54.54,143.6,0.99,9
2025-09-18T14:19:59Z,48.779049,2.044489,160.9,51.41,142.8,1.41,8
2025-09-18T14:20:00Z,48.778948,2.044605,160.9,50.54,142.8,1.41,8
2025-09-18T14:20:01Z,48.778845,2.044718,161.1,50.74,143.5,1.24,8
2025-09-18T14:20:02Z,48.778744,2.044833,161.0,50.36,143.2,0.99,9
2025-09-18T14:20:03Z,48.778644,2.044950,160.7,51.15,142.6,1.19,9
2025-09-18T14:20:04Z,48.778549,2.045058,160.4,45.95,143.6,1.19,8
2025-09-18T14:20:05Z,48.778461,2.045157,160.1,43.13,142.7,0.99,9
2025-09-18T14:20:06Z,48.778376,2.045255,159.9,42.78,142.9,0.99,9
2025-09-18T14:20:07Z,48.778291,2.045350,159.8,42.34,144.0,0.99,9
2025-09-18T14:20:08Z,48.778206,2.045446,159.9,42.34,143.2,0.99,9
2025-09-18T14:20:09Z,48.778122,2.045542,159.5,42.10,142.7,0.99,9
2025-09-18T14:20:10Z,48.778040,2.045637,159.9,41.17,142.6,0.99,9
2025-09-18T14:20:11Z,48.777955,2.045735,160.1,43.36,142.9,0.99,9
2025-09-18T14:20:12Z,48.777863,2.045838,160.3,46.82,143.6,0.99,9
2025-09-18T14:20:13Z,48.777767,2.045945,160.7,48.15,143.9,0.99,9
2025-09-18T14:20:14Z,48.777669,2.046054,160.8,49.28,143.3,0.99,9
2025-09-18T14:20:15Z,48.777572,2.046170,161.0,49.54,141.5,1.19,9
2025-09-18T14:20:16Z,48.777478,2.046284,161.0,47.60,141.4,0.99,9
2025-09-18T14:20:17Z,48.777393,2.046388,161.0,42.48,141.2,0.99,9
2025-09-18T14:20:18Z,48.777316,2.046479,160.7,37.32,142.2,0.99,9
2025-09-18T14:20:19Z,48.777243,2.046555,160.6,35.11,147.5,0.99,9
2025-09-18T14:20:20Z,48.777164,2.046614,160.4,35.06,156.2,0.99,9
2025-09-18T14:20:21Z,48.777078,2.046647,160.1,35.97,169.6,1.13,9
2025-09-18T14:20:22Z,48.776991,2.046644,160.0,34.71,186.8,0.99,9
2025-09-18T14:20:23Z,48.776915,2.046615,159.7,29.45,198.5,1.13,9
2025-09-18T14:20:24Z,48.776848,2.046579,159.5,28.48,199.1,0.99,9
2025-09-18T14:20:25Z,48.776778,2.046541,159.4,29.80,201.1,0.99,9
2025-09-18T14:20:26Z,48.776712,2.046499,159.3,28.69,202.7,0.99,9
2025-09-18T14:20:27Z,48.776645,2.046462,160.3,27.74,200.5,1.13,9
2025-09-18T14:20:28Z,48.776580,2.046422,161.0,27.54,203.1,0.99,9
2025-09-18T14:20:29Z,48.776523,2.046356,160.8,29.74,220.0,0.99,9
2025-09-18T14:20:30Z,48.776475,2.046266,161.2,31.71,236.0,0.99,9
2025-09-18T14:20:31Z,48.776434,2.046160,161.4,32.76,241.3,1.13,9
2025-09-18T14:20:32Z,48.776388,2.046059,161.1,32.78,232.6,1.13,9
2025-09-18T14:20:33Z,48.776323,2.045990,161.6,32.30,209.7,0.99,9
2025-09-18T14:20:34Z,48.776245,2.045965,161.9,32.06,186.3,0.99,9
2025-09-18T14:20:35Z,48.776170,2.045974,161.7,29.89,170.0,0.99,9
2025-09-18T14:20:36Z,48.776096,2.045995,161.3,29.69,168.6,0.99,9
2025-09-18T14:20:37Z,48.776023,2.046003,161.4,28.78,180.8,0.99,9
2025-09-18T14:20:38Z,48.775954,2.045980,161.5,28.50,195.7,1.13,9
2025-09-18T14:20:39Z,48.775882,2.045943,161.5,31.45,200.1,0.99,9
2025-09-18T14:20:40Z,48.775803,2.045906,161.7,33.54,197.1,0.99,9
2025-09-18T14:20:41Z,48.775711,2.045886,162.1,38.30,186.3,0.99,9
2025-09-18T14:20:42Z,48.775610,2.045882,162.1,41.28,180.0,0.99,9
2025-09-18T14:20:43Z,48.775509,2.045899,162.4,39.95,172.0,0.99,9
2025-09-18T14:20:44Z,48.775419,2.045926,162.1,35.15,167.2,1.19,9
2025-09-18T14:20:45Z,48.775339,2.045957,162.0,32.91,166.2,0.99,9
2025-09-18T14:20:46Z,48.775258,2.045987,162.2,33.22,166.6,1.19,9
2025-09-18T14:20:47Z,48.775170,2.046011,161.8,36.52,170.5,1.19,9
2025-09-18T14:20:48Z,48.775074,2.046036,161.9,39.39,169.8,1.19,9
2025-09-18T14:20:49Z,48.774975,2.046079,162.0,42.02,163.1,0.99,9
2025-09-18T14:20:50Z,48.774876,2.046114,161.6,39.97,168.5,1.19,9
2025-09-18T14:20:51Z,48.774780,2.046130,161.5,38.52,176.5,0.99,9
2025-09-18T14:20:52Z,48.774687,2.046122,161.6,36.80,185.4,1.25,8
2025-09-18T14:20:53Z,48.774598,2.046094,161.3,36.28,194.2,0.99,9
2025-09-18T14:20:54Z,48.774515,2.046054,161.1,34.24,199.6,0.99,9
2025-09-18T14:20:55Z,48.774442,2.046025,162.2,28.30,196.8,0.99,9
2025-09-18T14:20:56Z,48.774382,2.045997,162.3,24.43,196.7,0.99,9
2025-09-18T14:20:57Z,48.774326,2.045970,162.8,23.11,198.8,0.99,9
2025-09-18T14:20:58Z,48.774276,2.045940,163.0,20.80,201.5,0.99,9
2025-09-18T14:20:59Z,48.774234,2.045914,163.0,17.43,202.9,0.99,9
2025-09-18T14:21:00Z,48.774200,2.045892,163.7,14.58,201.9,0.99,9
2025-09-18T14:21:01Z,48.774171,2.045876,164.8,11.33,201.7,0.99,9
2025-09-18T14:21:02Z,48.774152,2.045864,165.3,6.89,200.8,0.99,9
2025-09-18T14:21:21Z,48.774138,2.045831,162.6,5.30,198.9,0.99,9
2025-09-18T14:21:22Z,48.774107,2.045812,162.8,16.46,201.7,0.99,9
2025-09-18T14:21:23Z,48.774059,2.045767,162.7,24.22,215.0,0.99,9
2025-09-18T14:21:24Z,48.774011,2.045683,162.4,31.19,231.6,0.99,9
2025-09-18T14:21:25Z,48.773966,2.045580,162.4,33.19,239.1,0.99,9
2025-09-18T14:21:26Z,48.773911,2.045504,162.3,29.15,217.7,0.99,9
2025-09-18T14:21:27Z,48.773844,2.045473,162.3,28.41,191.4,0.99,9
2025-09-18T14:21:28Z,48.773776,2.045491,162.0,29.00,160.7,0.99,9
2025-09-18T14:21:29Z,48.773714,2.045549,161.5,31.19,142.5,0.99,9
2025-09-18T14:21:30Z,48.773680,2.045656,160.3,33.43,111.9,0.99,9
2025-09-18T14:21:31Z,48.773660,2.045793,160.2,39.00,100.3,0.99,9
2025-09-18T14:21:32Z,48.773634,2.045937,159.8,41.41,106.8,1.25,8
2025-09-18T14:21:33Z,48.773598,2.046095,159.5,46.10,110.3,1.41,8
2025-09-18T14:21:34Z,48.773553,2.046266,159.1,50.86,112.5,1.41,7
2025-09-18T14:21:35Z,48.773502,2.046452,158.6,55.25,113.1,1.18,8
2025-09-18T14:21:36Z,48.773447,2.046646,158.5,56.39,113.2,1.18,9
2025-09-18T14:21:37Z,48.773392,2.046842,158.4,56.84,113.4,1.18,8
2025-09-18T14:21:38Z,48.773336,2.047040,158.0,57.15,113.4,0.98,9
2025-09-18T14:21:39Z,48.773280,2.047242,158.2,58.43,112.5,0.98,9
2025-09-18T14:21:40Z,48.773224,2.047446,158.1,58.69,112.5,1.18,9
2025-09-18T14:21:41Z,48.773168,2.047656,157.8,60.00,111.8,1.40,7
2025-09-18T14:21:42Z,48.773114,2.047868,158.0,60.56,110.9,1.40,7
2025-09-18T14:21:43Z,48.773051,2.048076,158.0,61.30,114.8,1.25,8
2025-09-18T14:21:44Z,48.772990,2.048287,157.9,60.97,113.0,0.98,9
2025-09-18T14:21:45Z,48.772930,2.048499,157.7,60.76,112.4,0.98,9
2025-09-18T14:21:46Z,48.772874,2.048714,157.4,60.97,110.7,0.98,9
2025-09-18T14:21:47Z,48.772818,2.048928,157.5,60.99,111.6,0.98,9
2025-09-18T14:21:48Z,48.772759,2.049141,157.1,61.08,112.7,1.18,9
2025-09-18T14:21:49Z,48.772697,2.049354,156.4,60.91,113.0,1.18,8
2025-09-18T14:21:50Z,48.772638,2.049567,156.4,61.10,112.8,1.18,8
2025-09-18T14:21:51Z,48.772575,2.049777,156.3,61.56,113.4,1.18,8
2025-09-18T14:21:52Z,48.772525,2.050001,156.0,62.58,107.1,1.18,9
2025-09-18T14:21:53Z,48.772467,2.050218,155.9,62.02,112.6,1.18,8
2025-09-18T14:21:54Z,48.772408,2.050435,155.8,62.39,112.4,1.18,8
2025-09-18T14:21:55Z,48.772350,2.050648,155.4,60.52,112.3,1.18,8
2025-09-18T14:21:56Z,48.772294,2.050852,155.4,57.86,112.1,1.18,8
2025-09-18T14:21:57Z,48.772244,2.051055,155.3,57.12,110.8,1.23,8
2025-09-18T14:21:58Z,48.772191,2.051260,155.3,58.73,111.6,1.23,7
2025-09-18T14:21:59Z,48.772136,2.051473,155.2,61.21,110.9,1.18,8
2025-09-18T14:22:00Z,48.772073,2.051689,155.0,62.76,114.0,1.40,7
2025-09-18T14:22:01Z,48.772007,2.051911,154.9,64.51,113.5,1.18,9
2025-09-18T14:22:02Z,48.771943,2.052140,154.6,66.02,112.4,1.18,8
2025-09-18T14:22:03Z,48.771876,2.052373,154.6,67.67,112.6,1.18,8
2025-09-18T14:22:04Z,48.771813,2.052609,155.1,67.76,111.3,1.25,8
2025-09-18T14:22:05Z,48.771746,2.052841,155.1,66.62,113.2,0.98,9
2025-09-18T14:22:06Z,48.771689,2.053074,155.1,65.10,108.7,0.98,9
2025-09-18T14:22:07Z,48.771629,2.053295,155.2,62.26,112.3,0.98,9
2025-09-18T14:22:08Z,48.771569,2.053512,155.5,61.93,112.6,0.98,9
2025-09-18T14:22:09Z,48.771510,2.053727,155.7,61.58,112.1,0.98,9
2025-09-18T14:22:10Z,48.771448,2.053941,156.0,61.86,112.7,0.98,9
2025-09-18T14:22:11Z,48.771385,2.054156,156.3,62.39,113.7,0.98,9
2025-09-18T14:22:12Z,48.771320,2.054366,156.6,60.82,114.6,0.98,9
2025-09-18T14:22:13Z,48.771257,2.054559,157.0,55.02,116.4,0.98,9
2025-09-18T14:22:14Z,48.771212,2.054743,157.4,50.37,110.0,0.98,9
2025-09-18T14:22:15Z,48.771166,2.054899,157.9,43.47,112.1,0.98,9
2025-09-18T14:22:16Z,48.771130,2.055020,158.1,31.50,114.8,1.18,8
2025-09-18T14:22:17Z,48.771101,2.055099,158.0,19.78,118.4,0.98,9
2025-09-18T14:22:18Z,48.771083,2.055135,157.9,8.39,119.5,0.98,9
2025-09-18T14:22:19Z,48.771072,2.055160,158.0,8.00,123.5,0.98,9
2025-09-18T14:22:20Z,48.771046,2.055191,157.9,14.76,137.3,0.98,9
2025-09-18T14:22:21Z,48.771001,2.055230,157.9,23.28,152.0,0.98,9
2025-09-18T14:22:22Z,48.770933,2.055265,157.9,30.30,163.4,0.98,9
2025-09-18T14:22:23Z,48.770851,2.055288,158.0,33.43,170.7,0.98,9
2025-09-18T14:22:24Z,48.770762,2.055293,157.9,35.45,180.7,0.98,9
2025-09-18T14:22:25Z,48.770676,2.055264,157.8,35.00,198.8,0.96,10
2025-09-18T14:22:26Z,48.770594,2.055193,157.9,39.34,214.1,0.96,10
2025-09-18T14:22:27Z,48.770506,2.055093,157.8,45.21,218.8,0.96,10
2025-09-18T14:22:28Z,48.770407,2.054994,157.9,48.74,212.6,0.96,10
2025-09-18T14:22:29Z,48.770290,2.054908,157.7,52.34,204.0,0.96,10
2025-09-18T14:22:30Z,48.770159,2.054842,158.1,56.34,196.9,0.96,10
2025-09-18T14:22:31Z,48.770015,2.054781,157.7,59.97,195.3,1.00,10
2025-09-18T14:22:32Z,48.769865,2.054718,157.6,62.71,196.1,1.08,9
2025-09-18T14:22:33Z,48.769708,2.054655,158.5,65.78,194.9,1.01,9
2025-09-18T14:22:34Z,48.769545,2.054591,159.3,68.25,194.8,1.01,9
2025-09-18T14:22:35Z,48.769378,2.054524,160.4,69.10,195.1,1.01,9
2025-09-18T14:22:36Z,48.769213,2.054457,161.2,68.14,195.2,1.00,10
2025-09-18T14:22:37Z,48.769054,2.054395,161.9,64.63,194.8,0.96,10
2025-09-18T14:22:38Z,48.768903,2.054335,162.9,61.62,194.9,0.96,10
2025-09-18T14:22:39Z,48.768760,2.054278,164.0,58.65,195.1,0.96,10
2025-09-18T14:22:40Z,48.768621,2.054223,165.2,56.99,194.8,0.96,10
2025-09-18T14:22:41Z,48.768488,2.054169,165.9,54.25,195.2,0.96,10
2025-09-18T14:22:42Z,48.768365,2.054119,166.3,49.36,195.1,0.96,10
2025-09-18T14:22:43Z,48.768256,2.054074,166.4,44.11,193.6,0.96,10
2025-09-18T14:22:44Z,48.768157,2.054041,167.1,39.15,192.1,0.96,10
2025-09-18T14:22:45Z,48.768067,2.054011,167.4,35.63,192.9,0.96,10
2025-09-18T14:22:46Z,48.767986,2.053982,167.5,32.43,192.2,0.96,10
2025-09-18T14:22:47Z,48.767915,2.053956,168.0,28.13,193.0,0.96,10
2025-09-18T14:22:48Z,48.767855,2.053931,168.3,23.59,196.7,0.96,10
2025-09-18T14:22:49Z,48.767819,2.053910,168.3,11.85,200.6,0.96,10
2025-09-18T14:22:50Z,48.767802,2.053897,168.2,6.06,202.1,0.96,10
2025-09-18T14:22:51Z,48.767792,2.053888,168.2,3.93,204.3,0.96,10
2025-09-18T14:22:52Z,48.767782,2.053872,168.0,6.17,221.1,0.96,10
2025-09-18T14:22:53Z,48.767765,2.053845,168.0,11.33,226.2,0.96,10
2025-09-18T14:22:54Z,48.767739,2.053797,168.0,18.50,229.2,0.96,10
2025-09-18T14:22:55Z,48.767700,2.053734,167.6,24.13,224.8,1.14,10
2025-09-18T14:22:56Z,48.767643,2.053682,167.6,28.09,208.4,0.98,10
2025-09-18T14:22:57Z,48.767569,2.053664,167.7,31.41,183.2,0.96,10
2025-09-18T14:22:58Z,48.767482,2.053679,167.8,36.78,169.0,0.96,10
2025-09-18T14:22:59Z,48.767390,2.053694,167.4,37.50,173.9,0.96,10
2025-09-18T14:23:00Z,48.767289,2.053685,167.5,41.89,186.6,0.96,10
2025-09-18T14:23:01Z,48.767180,2.053647,167.4,45.95,194.6,0.96,10
2025-09-18T14:23:02Z,48.767065,2.053599,167.4,49.06,195.7,0.96,10
2025-09-18T14:23:03Z,48.766942,2.053546,167.3,51.99,195.5,0.96,10
2025-09-18T14:23:04Z,48.766815,2.053494,167.3,52.95,194.7,0.96,10
2025-09-18T14:23:05Z,48.766683,2.053436,167.4,56.10,196.7,0.96,10
2025-09-18T14:23:06Z,48.766547,2.053369,167.5,57.62,198.2,0.96,10
2025-09-18T14:23:07Z,48.766410,2.053301,167.8,57.93,198.3,0.96,10
2025-09-18T14:23:08Z,48.766271,2.053232,168.7,59.15,198.8,1.00,10
2025-09-18T14:23:09Z,48.766135,2.053157,169.1,57.63,200.5,1.00,9
2025-09-18T14:23:10Z,48.766004,2.053079,169.6,56.15,201.8,0.96,10
2025-09-18T14:23:11Z,48.765875,2.053000,170.1,55.65,202.3,1.51,8
2025-09-18T14:23:12Z,48.765754,2.052914,170.2,52.74,205.2,0.96,10
2025-09-18T14:23:13Z,48.765634,2.052833,170.8,52.36,204.4,1.28,8
2025-09-18T14:23:14Z,48.765519,2.052745,170.8,51.56,206.4,1.28,9
2025-09-18T14:23:15Z,48.765405,2.052660,171.8,51.34,206.6,1.24,9
2025-09-18T14:23:16Z,48.765298,2.052573,171.9,47.10,207.5,1.28,9
2025-09-18T14:23:17Z,48.765197,2.052492,172.3,45.39,208.0,1.24,9
2025-09-18T14:23:18Z,48.765098,2.052409,172.8,45.15,209.2,1.28,8
2025-09-18T14:23:19Z,48.765001,2.052323,172.7,44.34,209.8,1.28,8
2025-09-18T14:23:20Z,48.764904,2.052243,172.9,44.36,207.1,1.00,10
2025-09-18T14:23:21Z,48.764807,2.052160,173.0,44.11,209.4,1.07,9
2025-09-18T14:23:22Z,48.764712,2.052074,173.0,43.98,211.3,1.00,9
2025-09-18T14:23:23Z,48.764616,2.051980,173.1,46.63,212.6,1.00,10
2025-09-18T14:23:24Z,48.764509,2.051881,173.6,52.19,210.9,1.24,9
2025-09-18T14:23:25Z,48.764400,2.051762,174.0,55.75,215.6,1.07,9
2025-09-18T14:23:26Z,48.764284,2.051635,173.9,57.73,213.8,1.07,9
2025-09-18T14:23:27Z,48.764159,2.051513,173.9,59.95,210.9,1.00,9
2025-09-18T14:23:28Z,48.764026,2.051398,174.0,61.49,208.2,1.00,9
2025-09-18T14:23:29Z,48.763892,2.051286,173.6,61.04,207.7,1.00,10
2025-09-18T14:23:30Z,48.763764,2.051187,173.6,56.00,206.6,1.00,9
2025-09-18T14:23:31Z,48.763646,2.051102,173.8,50.97,204.4,0.96,10
2025-09-18T14:23:32Z,48.763541,2.051026,173.6,45.15,204.3,0.96,10
2025-09-18T14:23:33Z,48.763447,2.050962,173.5,39.89,202.9,1.00,9
2025-09-18T14:23:34Z,48.763363,2.050906,173.2,35.65,202.2,0.96,10
2025-09-18T14:23:35Z,48.763290,2.050864,173.3,29.87,200.4,0.98,10
2025-09-18T14:23:36Z,48.763228,2.050825,173.2,25.69,200.4,0.98,10
2025-09-18T14:23:37Z,48.763180,2.050791,173.0,18.95,200.6,0.96,10
2025-09-18T14:23:38Z,48.763151,2.050769,172.5,10.85,200.3,0.96,10
2025-09-18T14:23:39Z,48.763137,2.050758,172.4,4.06,200.1,0.96,10
2025-09-18T14:25:15Z,48.763177,2.050712,167.6,2.22,198.4,0.91,11
2025-09-18T14:25:16Z,48.763155,2.050695,167.6,13.00,207.2,0.91,11
2025-09-18T14:25:17Z,48.763112,2.050659,167.5,22.00,210.0,0.91,11
2025-09-18T14:25:18Z,48.763071,2.050596,167.6,23.85,230.4,0.91,11
2025-09-18T14:25:19Z,48.763049,2.050502,167.8,27.98,255.4,0.91,11
2025-09-18T14:25:20Z,48.763042,2.050372,167.9,36.80,269.5,0.96,10
2025-09-18T14:25:21Z,48.763042,2.050223,168.0,40.17,271.7,0.96,10
2025-09-18T14:25:22Z,48.763042,2.050056,168.1,45.50,270.8,1.08,10
2025-09-18T14:25:23Z,48.763040,2.049869,167.9,50.04,268.8,1.08,9
2025-09-18T14:25:24Z,48.763031,2.049672,167.9,52.49,266.1,1.08,9
2025-09-18T14:25:25Z,48.763017,2.049464,167.9,56.49,263.9,1.08,9
2025-09-18T14:25:26Z,48.762996,2.049240,167.8,60.84,261.4,1.38,9
2025-09-18T14:25:27Z,48.762966,2.049006,167.7,64.06,258.7,1.01,11
2025-09-18T14:25:28Z,48.762931,2.048771,168.0,63.43,257.4,1.01,10
2025-09-18T14:25:29Z,48.762899,2.048538,168.0,62.26,258.4,1.01,10
2025-09-18T14:25:30Z,48.762870,2.048308,168.4,61.76,259.4,1.06,9
2025-09-18T14:25:31Z,48.762844,2.048075,168.4,61.99,260.5,1.01,10
2025-09-18T14:25:32Z,48.762817,2.047840,169.1,63.34,260.6,1.38,8
2025-09-18T14:25:33Z,48.762789,2.047599,168.3,64.32,259.8,1.38,9
2025-09-18T14:25:34Z,48.762757,2.047358,168.7,65.12,258.7,1.38,9
2025-09-18T14:25:35Z,48.762725,2.047118,168.6,64.41,258.9,1.01,10
2025-09-18T14:25:36Z,48.762692,2.046879,169.0,64.34,258.1,0.95,10
2025-09-18T14:25:37Z,48.762658,2.046646,168.8,62.38,257.1,0.95,11
2025-09-18T14:25:38Z,48.762623,2.046425,169.3,58.99,256.5,1.06,9
2025-09-18T14:25:39Z,48.762594,2.046215,169.5,55.28,257.7,1.01,10
2025-09-18T14:25:40Z,48.762566,2.046020,170.3,51.93,258.9,0.94,10
2025-09-18T14:25:41Z,48.762544,2.045837,170.6,47.69,259.8,1.08,10
2025-09-18T14:25:42Z,48.762524,2.045665,170.6,45.56,259.4,0.94,10
2025-09-18T14:25:43Z,48.762502,2.045485,169.3,48.15,259.1,0.94,10
2025-09-18T14:25:44Z,48.762479,2.045302,169.2,49.24,259.0,0.94,10
2025-09-18T14:25:45Z,48.762457,2.045127,168.9,46.13,259.6,0.94,10
2025-09-18T14:25:46Z,48.762441,2.044966,168.2,41.37,260.5,0.94,11
2025-09-18T14:25:47Z,48.762425,2.044822,167.8,36.93,260.1,0.94,10
2025-09-18T14:25:48Z,48.762411,2.044698,167.6,31.71,260.2,0.94,10
2025-09-18T14:25:49Z,48.762400,2.044594,167.7,26.59,261.7,0.94,10
2025-09-18T14:25:50Z,48.762391,2.044500,167.8,24.63,262.6,0.91,11
2025-09-18T14:25:51Z,48.762381,2.044412,167.2,22.56,259.5,0.91,11
2025-09-18T14:25:52Z,48.762356,2.044342,167.4,21.30,237.4,0.91,11
2025-09-18T14:25:53Z,48.762310,2.044300,167.1,22.78,207.2,0.94,11
2025-09-18T14:25:54Z,48.762247,2.044292,167.0,27.22,179.7,0.91,11
2025-09-18T14:25:55Z,48.762171,2.044307,166.3,33.00,169.0,0.91,11
2025-09-18T14:25:56Z,48.762081,2.044338,166.1,39.10,165.8,0.91,11
2025-09-18T14:25:57Z,48.761984,2.044376,166.0,40.84,164.4,0.91,11
2025-09-18T14:25:58Z,48.761877,2.044424,165.8,45.87,163.1,0.91,11
2025-09-18T14:25:59Z,48.761761,2.044472,165.8,49.06,164.8,0.91,11
2025-09-18T14:26:00Z,48.761643,2.044517,165.9,48.93,166.3,0.91,11
2025-09-18T14:26:01Z,48.761519,2.044553,166.0,50.58,169.8,0.91,11
2025-09-18T14:26:02Z,48.761386,2.044584,166.1,54.39,171.8,0.91,11
2025-09-18T14:26:03Z,48.761242,2.044606,166.2,58.91,174.5,1.20,10
2025-09-18T14:26:04Z,48.761097,2.044635,166.7,59.04,172.3,1.20,10
2025-09-18T14:26:05Z,48.760952,2.044667,166.8,58.56,171.3,0.91,11
2025-09-18T14:26:06Z,48.760811,2.044678,167.3,56.54,177.8,0.91,11
2025-09-18T14:26:07Z,48.760676,2.044675,167.2,53.49,181.5,0.91,11
2025-09-18T14:26:08Z,48.760547,2.044636,167.1,52.97,193.4,0.91,11
2025-09-18T14:26:09Z,48.760417,2.044593,166.9,54.37,192.6,0.91,11
2025-09-18T14:26:10Z,48.760282,2.044535,167.3,57.04,197.2,0.91,11
2025-09-18T14:26:11Z,48.760155,2.044445,168.8,57.17,204.1,1.25,10
2025-09-18T14:26:12Z,48.760023,2.044349,170.3,59.63,205.7,1.33,8
2025-09-18T14:26:13Z,48.759891,2.044252,170.8,58.86,206.9,1.25,9
2025-09-18T14:26:14Z,48.759771,2.044150,172.2,56.60,209.8,1.52,10
2025-09-18T14:26:15Z,48.759645,2.044040,173.0,57.67,209.9,1.20,10
2025-09-18T14:26:16Z,48.759524,2.043936,174.7,55.65,208.8,1.27,9
2025-09-18T14:26:17Z,48.759411,2.043848,175.3,51.08,207.4,0.90,11
2025-09-18T14:26:18Z,48.759301,2.043762,177.2,47.93,208.5,0.90,11
2025-09-18T14:26:19Z,48.759196,2.043684,178.4,44.00,206.6,0.90,11
2025-09-18T14:26:20Z,48.759099,2.043607,177.3,37.69,207.8,1.25,10
2025-09-18T14:26:21Z,48.759023,2.043541,178.9,32.39,207.0,1.20,10
2025-09-18T14:26:22Z,48.758949,2.043481,179.7,31.87,208.4,0.90,11
2025-09-18T14:26:23Z,48.758869,2.043418,179.6,34.04,207.8,0.90,11
2025-09-18T14:26:24Z,48.758789,2.043351,179.7,35.97,209.1,0.90,11
2025-09-18T14:26:25Z,48.758712,2.043281,179.2,34.50,210.0,0.90,11
2025-09-18T14:26:26Z,48.758638,2.043214,178.0,34.45,207.8,1.20,11
2025-09-18T14:26:27Z,48.758553,2.043143,178.0,40.06,207.2,0.90,11
2025-09-18T14:26:28Z,48.758456,2.043064,177.5,45.28,208.6,0.90,11
2025-09-18T14:26:29Z,48.758353,2.042974,177.1,48.71,210.0,0.95,10
2025-09-18T14:26:30Z,48.758243,2.042873,176.4,53.04,210.6,1.26,10
2025-09-18T14:26:31Z,48.758130,2.042772,176.7,52.39,210.2,1.20,10
2025-09-18T14:26:32Z,48.758015,2.042693,177.2,51.74,203.8,1.20,10
2025-09-18T14:26:33Z,48.757897,2.042597,178.5,55.00,208.2,1.20,10
2025-09-18T14:26:34Z,48.757767,2.042506,178.5,57.08,203.5,1.20,10
2025-09-18T14:26:35Z,48.757638,2.042401,179.5,57.97,206.7,1.20,10
2025-09-18T14:26:36Z,48.757517,2.042297,181.1,55.86,208.7,1.20,10
2025-09-18T14:26:37Z,48.757394,2.042188,182.6,56.65,209.0,1.20,10
2025-09-18T14:26:38Z,48.757271,2.042090,184.5,55.49,205.4,1.20,10
2025-09-18T14:26:39Z,48.757148,2.041990,184.4,53.00,207.1,0.90,11
2025-09-18T14:26:40Z,48.757030,2.041889,184.7,52.63,208.2,0.90,11
2025-09-18T14:26:41Z,48.756910,2.041788,184.3,52.32,207.7,1.20,11
2025-09-18T14:26:42Z,48.756785,2.041702,183.6,53.04,202.3,1.20,10
2025-09-18T14:26:43Z,48.756655,2.041617,182.3,53.97,200.8,0.90,11
2025-09-18T14:26:44Z,48.756522,2.041548,181.3,55.60,196.3,1.00,11
2025-09-18T14:26:45Z,48.756382,2.041490,180.7,58.04,191.5,0.90,11
2025-09-18T14:26:46Z,48.756241,2.041443,179.5,59.19,187.0,0.95,11
2025-09-18T14:26:47Z,48.756096,2.041416,178.8,58.08,183.5,1.20,10
2025-09-18T14:26:48Z,48.755954,2.041409,178.7,57.00,178.8,1.20,10
2025-09-18T14:26:49Z,48.755817,2.041419,178.0,54.06,174.5,0.90,11
2025-09-18T14:26:50Z,48.755690,2.041443,177.6,50.45,170.1,0.90,11
2025-09-18T14:26:51Z,48.755572,2.041475,176.5,47.54,166.5,0.90,11
2025-09-18T14:26:52Z,48.755463,2.041516,176.1,45.08,164.0,0.90,11
2025-09-18T14:26:53Z,48.755359,2.041554,175.3,41.91,163.5,0.90,11
2025-09-18T14:26:54Z,48.755266,2.041589,174.9,37.89,162.5,0.90,11
2025-09-18T14:26:55Z,48.755182,2.041619,174.6,33.61,164.2,0.90,11
2025-09-18T14:26:56Z,48.755105,2.041648,174.3,30.91,165.3,0.90,11
2025-09-18T14:26:57Z,48.755024,2.041674,173.8,34.17,166.4,0.90,11
2025-09-18T14:26:58Z,48.754937,2.041688,173.3,35.21,173.5,0.90,11
2025-09-18T14:26:59Z,48.754854,2.041688,173.7,31.48,180.9,0.90,11
2025-09-18T14:27:00Z,48.754783,2.041677,173.6,27.08,185.5,1.20,11
2025-09-18T14:27:01Z,48.754716,2.041674,174.0,26.02,179.5,0.90,11
2025-09-18T14:27:02Z,48.754651,2.041675,173.9,25.72,176.0,0.90,11
2025-09-18T14:27:03Z,48.754587,2.041666,174.4,26.34,188.1,0.90,11
2025-09-18T14:27:04Z,48.754519,2.041628,173.5,29.95,202.5,0.90,11
2025-09-18T14:27:05Z,48.754447,2.041558,172.9,35.56,214.9,0.90,11
2025-09-18T14:27:06Z,48.754376,2.041457,173.5,41.10,225.9,0.90,11
2025-09-18T14:27:07Z,48.754309,2.041328,173.2,44.06,234.1,1.20,11
2025-09-18T14:27:08Z,48.754252,2.041192,172.5,41.26,239.0,1.20,11
2025-09-18T14:27:09Z,48.754209,2.041055,171.5,39.11,246.0,1.08,10
2025-09-18T14:27:10Z,48.754172,2.040910,170.3,39.78,249.2,1.08,9
2025-09-18T14:27:11Z,48.754138,2.040761,169.3,41.87,251.1,1.08,9
2025-09-18T14:27:12Z,48.754104,2.040600,168.6,45.37,253.0,1.08,9
2025-09-18T14:27:13Z,48.754080,2.040421,167.9,48.69,259.9,1.08,9
2025-09-18T14:27:14Z,48.754066,2.040227,167.3,52.99,264.7,0.96,10
2025-09-18T14:27:15Z,48.754069,2.040023,166.9,53.75,273.3,0.96,11
2025-09-18T14:27:16Z,48.754086,2.039816,166.6,55.91,278.3,0.99,9
2025-09-18T14:27:17Z,48.754115,2.039604,166.1,57.56,282.9,1.14,9
2025-09-18T14:27:18Z,48.754157,2.039395,165.8,57.75,287.0,1.14,9
2025-09-18T14:27:19Z,48.754202,2.039190,165.1,56.91,288.9,1.14,9
2025-09-18T14:27:20Z,48.754237,2.038984,164.3,55.12,286.4,1.14,9
2025-09-18T14:27:21Z,48.754266,2.038782,163.4,52.50,282.0,1.14,9
2025-09-18T14:27:22Z,48.754279,2.038588,163.2,51.23,274.2,1.14,8
2025-09-18T14:27:23Z,48.754265,2.038395,162.5,49.67,262.4,1.14,8
2025-09-18T14:27:24Z,48.754214,2.038208,160.6,52.76,245.6,1.69,7
2025-09-18T14:27:25Z,48.754140,2.038038,159.4,54.25,235.5,1.69,7
2025-09-18T14:27:26Z,48.754053,2.037879,157.9,55.60,231.3,1.69,7
2025-09-18T14:27:27Z,48.753968,2.037710,157.2,56.37,232.3,1.88,6
2025-09-18T14:27:28Z,48.753881,2.037537,156.1,56.78,232.8,1.41,8
2025-09-18T14:27:29Z,48.753795,2.037361,155.7,58.06,232.7,1.14,8
2025-09-18T14:27:30Z,48.753707,2.037189,156.1,58.54,232.1,1.14,8
2025-09-18T14:27:31Z,48.753618,2.037011,155.8,59.13,232.5,1.14,8
2025-09-18T14:27:32Z,48.753529,2.036831,155.8,59.95,233.0,1.14,8
2025-09-18T14:27:33Z,48.753437,2.036648,155.9,61.06,232.3,1.14,8
2025-09-18T14:27:34Z,48.753341,2.036466,156.2,62.17,231.9,1.69,10
2025-09-18T14:27:35Z,48.753246,2.036278,156.4,62.51,232.8,1.95,6
2025-09-18T14:27:36Z,48.753150,2.036088,156.2,62.67,233.2,1.69,7
2025-09-18T14:27:37Z,48.753056,2.035902,156.7,61.86,232.7,1.89,7
2025-09-18T14:27:38Z,48.752963,2.035723,158.1,61.10,232.6,1.34,7
2025-09-18T14:27:39Z,48.752869,2.035541,159.1,61.99,231.9,1.38,9
2025-09-18T14:27:40Z,48.752772,2.035350,159.7,64.63,232.3,1.38,9
2025-09-18T14:27:41Z,48.752671,2.035153,160.6,66.88,232.3,1.38,8
2025-09-18T14:27:42Z,48.752567,2.034942,161.2,70.08,233.3,1.38,8
2025-09-18T14:27:43Z,48.752459,2.034720,160.9,73.34,232.8,1.26,10
2025-09-18T14:27:44Z,48.752346,2.034497,160.4,73.28,232.2,1.20,10
2025-09-18T14:27:45Z,48.752233,2.034276,160.4,73.21,232.0,1.26,9
2025-09-18T14:27:46Z,48.752121,2.034053,160.0,74.21,232.8,0.95,10
2025-09-18T14:27:47Z,48.752007,2.033825,160.0,74.67,232.7,0.90,11
2025-09-18T14:27:48Z,48.751898,2.033608,159.6,70.04,233.0,0.95,10
2025-09-18T14:27:49Z,48.751793,2.033396,159.6,69.14,232.9,0.95,10
2025-09-18T14:27:50Z,48.751688,2.033185,159.6,70.34,232.8,0.95,10
2025-09-18T14:27:51Z,48.751578,2.032971,159.5,71.86,232.5,0.90,11
2025-09-18T14:27:52Z,48.751467,2.032753,159.6,72.97,232.5,0.95,10
2025-09-18T14:27:53Z,48.751355,2.032531,159.6,73.80,232.6,0.95,10
2025-09-18T14:27:54Z,48.751241,2.032308,159.9,74.69,232.0,0.90,11
2025-09-18T14:27:55Z,48.751125,2.032081,159.9,75.65,232.8,0.95,10
2025-09-18T14:27:56Z,48.751009,2.031847,160.1,77.77,232.9,0.95,10
2025-09-18T14:27:57Z,48.750888,2.031607,160.2,80.19,232.7,0.95,10
2025-09-18T14:27:58Z,48.750765,2.031367,160.1,80.15,232.0,0.94,10
2025-09-18T14:27:59Z,48.750643,2.031131,160.3,78.41,232.1,0.94,10
2025-09-18T14:28:00Z,48.750525,2.030899,160.6,76.91,232.4,0.94,10
2025-09-18T14:28:01Z,48.750407,2.030670,160.7,76.19,232.2,0.94,10
2025-09-18T14:28:02Z,48.750284,2.030432,160.8,81.38,231.4,0.94,10
2025-09-18T14:28:03Z,48.750143,2.030171,161.0,92.25,230.7,0.94,10
2025-09-18T14:28:04Z,48.749990,2.029876,161.3,102.14,232.1,0.93,11
2025-09-18T14:28:05Z,48.749837,2.029567,161.6,102.14,233.5,0.93,10
2025-09-18T14:28:06Z,48.749696,2.029270,162.1,95.03,234.5,0.93,10
2025-09-18T14:28:07Z,48.749562,2.028998,162.1,87.56,233.4,0.90,11
2025-09-18T14:28:08Z,48.749435,2.028744,162.1,82.36,233.1,0.94,10
2025-09-18T14:28:09Z,48.749308,2.028495,162.2,83.47,232.5,0.93,11
2025-09-18T14:28:10Z,48.749173,2.028236,162.4,88.58,231.3,0.90,11
2025-09-18T14:28:11Z,48.749027,2.027961,162.7,95.04,231.2,0.93,10
2025-09-18T14:28:12Z,48.748886,2.027687,163.0,90.82,232.4,0.90,11
2025-09-18T14:28:13Z,48.748755,2.027427,163.1,84.47,233.3,0.94,10
2025-09-18T14:28:14Z,48.748637,2.027182,163.4,78.34,234.1,1.00,10
2025-09-18T14:28:15Z,48.748525,2.026954,163.5,73.25,233.5,1.00,9
2025-09-18T14:28:16Z,48.748421,2.026745,163.4,67.49,232.6,1.00,9
2025-09-18T14:28:17Z,48.748323,2.026555,163.4,62.17,232.1,0.94,10
2025-09-18T14:28:18Z,48.748234,2.026380,163.3,57.00,232.8,0.90,11
2025-09-18T14:28:19Z,48.748153,2.026218,163.5,52.30,233.1,0.94,10
2025-09-18T14:28:20Z,48.748080,2.026070,163.6,47.21,233.0,0.94,10
2025-09-18T14:28:21Z,48.748015,2.025939,163.7,41.95,233.3,0.94,10
2025-09-18T14:28:22Z,48.747958,2.025823,164.0,36.78,233.9,0.94,11
2025-09-18T14:28:23Z,48.747914,2.025723,164.0,29.78,237.6,1.00,11
2025-09-18T14:28:24Z,48.747881,2.025642,164.1,23.09,239.4,0.93,11
2025-09-18T14:28:25Z,48.747855,2.025576,164.3,19.80,239.0,0.93,11
2025-09-18T14:28:26Z,48.747830,2.025516,164.3,18.06,238.5,0.93,11
2025-09-18T14:28:27Z,48.747808,2.025451,164.4,19.89,244.8,0.90,11
2025-09-18T14:28:28Z,48.747787,2.025374,164.3,22.65,249.1,0.93,11
2025-09-18T14:28:29Z,48.747760,2.025295,164.6,24.41,240.0,0.96,11
2025-09-18T14:28:30Z,48.747718,2.025218,164.7,26.95,228.4,0.96,10
2025-09-18T14:28:31Z,48.747666,2.025145,165.0,29.28,219.2,0.96,10
2025-09-18T14:28:32Z,48.747604,2.025062,165.3,35.02,222.3,1.04,9
2025-09-18T14:28:33Z,48.747538,2.024953,165.6,40.47,228.9,0.90,11
2025-09-18T14:28:34Z,48.747468,2.024831,166.1,45.13,229.4,0.90,11
2025-09-18T14:28:35Z,48.747395,2.024701,166.4,44.86,229.3,0.93,11
2025-09-18T14:28:36Z,48.747317,2.024562,166.5,48.43,229.2,0.95,11
2025-09-18T14:28:37Z,48.747236,2.024417,166.6,50.74,230.5,1.03,9
2025-09-18T14:28:38Z,48.747153,2.024262,166.5,52.93,231.4,0.95,10
2025-09-18T14:28:39Z,48.747068,2.024095,166.6,55.28,231.6,0.93,11
2025-09-18T14:28:40Z,48.746983,2.023930,166.7,55.69,232.0,0.93,10
2025-09-18T14:28:41Z,48.746902,2.023769,166.7,52.41,233.1,0.93,10
2025-09-18T14:28:42Z,48.746828,2.023618,166.6,48.32,232.9,0.93,10
2025-09-18T14:28:43Z,48.746755,2.023476,166.3,46.71,232.3,0.90,11
2025-09-18T14:28:44Z,48.746688,2.023332,166.0,46.45,235.4,1.22,11
2025-09-18T14:28:45Z,48.746623,2.023187,165.9,46.08,235.6,0.93,10
2025-09-18T14:28:46Z,48.746562,2.023034,165.9,46.80,239.2,0.93,10
2025-09-18T14:28:47Z,48.746510,2.022873,165.7,47.26,245.0,0.93,11
2025-09-18T14:28:48Z,48.746462,2.022709,165.3,47.36,246.0,0.93,10
2025-09-18T14:28:49Z,48.746415,2.022540,165.1,48.21,247.3,0.93,10
2025-09-18T14:28:50Z,48.746371,2.022370,164.7,48.13,248.2,0.93,11
2025-09-18T14:28:51Z,48.746326,2.022200,164.3,48.06,247.8,0.93,10
2025-09-18T14:28:52Z,48.746279,2.022032,164.0,48.04,247.3,1.08,9
2025-09-18T14:28:53Z,48.746230,2.021865,163.6,48.28,245.4,1.38,8
2025-09-18T14:28:54Z,48.746176,2.021704,163.3,47.30,241.3,1.08,9
2025-09-18T14:28:55Z,48.746117,2.021555,162.5,45.60,238.4,1.08,9
2025-09-18T14:28:56Z,48.746055,2.021416,161.7,43.76,235.2,1.22,10
2025-09-18T14:28:57Z,48.745993,2.021284,160.9,42.67,234.4,1.22,9
2025-09-18T14:28:58Z,48.745929,2.021156,160.3,42.43,232.2,1.62,9
2025-09-18T14:28:59Z,48.745862,2.021033,159.8,42.91,230.5,1.38,10
2025-09-18T14:29:00Z,48.745800,2.020903,159.2,42.48,234.3,1.62,9
2025-09-18T14:29:01Z,48.745738,2.020771,158.2,41.78,233.6,1.62,10
2025-09-18T14:29:02Z,48.745677,2.020635,157.3,43.76,235.8,1.00,11
2025-09-18T14:29:03Z,48.745612,2.020493,156.1,45.65,234.8,1.00,11
2025-09-18T14:29:04Z,48.745549,2.020347,155.5,46.63,237.3,1.38,10
2025-09-18T14:29:05Z,48.745487,2.020194,154.4,47.67,238.8,1.38,9
2025-09-18T14:29:06Z,48.745430,2.020033,153.1,47.82,241.1,1.38,10
2025-09-18T14:29:07Z,48.745371,2.019870,151.1,48.65,240.8,1.38,10
2025-09-18T14:29:08Z,48.745293,2.019721,150.0,50.26,233.7,1.08,10
2025-09-18T14:29:09Z,48.745222,2.019552,148.4,50.78,237.5,1.08,9
2025-09-18T14:29:10Z,48.745140,2.019408,147.1,50.41,231.2,1.08,9
2025-09-18T14:29:11Z,48.745041,2.019293,149.3,51.50,223.8,0.95,10
2025-09-18T14:29:12Z,48.744931,2.019182,152.1,52.97,219.3,1.27,11
2025-09-18T14:29:13Z,48.744807,2.019076,153.0,57.93,210.7,1.27,9
2025-09-18T14:29:14Z,48.744664,2.018993,152.6,61.13,199.8,0.95,10
2025-09-18T14:29:15Z,48.744513,2.018940,152.5,61.95,192.4,0.93,10
2025-09-18T14:29:16Z,48.744372,2.018917,152.8,56.78,184.8,0.93,10
2025-09-18T14:29:17Z,48.744233,2.018906,154.3,57.17,181.2,0.93,10
2025-09-18T14:29:18Z,48.744123,2.018931,154.6,49.13,167.6,1.24,10
2025-09-18T14:29:19Z,48.744065,2.019004,155.7,36.26,143.3,1.24,9
2025-09-18T14:29:20Z,48.743983,2.019080,155.6,38.50,146.6,1.24,9
2025-09-18T14:29:21Z,48.743916,2.019157,158.8,37.24,144.4,1.24,9
2025-09-18T14:29:22Z,48.743805,2.019269,154.8,47.65,142.2,1.35,10
2025-09-18T14:29:23Z,48.743699,2.019365,154.7,49.65,145.1,1.35,8
2025-09-18T14:29:24Z,48.743573,2.019493,152.0,54.80,144.2,1.35,8
2025-09-18T14:29:25Z,48.743457,2.019607,152.5,54.71,145.3,1.09,9
2025-09-18T14:29:26Z,48.743319,2.019714,151.8,58.12,147.9,1.09,9
2025-09-18T14:29:27Z,48.743143,2.019807,148.0,60.17,152.3,1.09,9
2025-09-18T14:29:28Z,48.742973,2.019893,144.4,59.25,155.7,1.09,9
2025-09-18T14:29:29Z,48.742815,2.019956,143.6,58.36,162.5,1.09,9
2025-09-18T14:29:30Z,48.742675,2.020018,143.3,57.30,163.2,1.09,9
2025-09-18T14:29:31Z,48.742545,2.020094,142.5,55.08,158.9,1.09,9
2025-09-18T14:29:32Z,48.742410,2.020201,139.6,58.75,155.1,1.24,10
2025-09-18T14:29:33Z,48.742300,2.020348,137.8,58.58,143.0,1.24,9
2025-09-18T14:29:34Z,48.742218,2.020542,137.3,59.86,128.2,1.24,9
2025-09-18T14:29:35Z,48.742128,2.020728,135.7,58.47,128.4,1.24,9
2025-09-18T14:29:36Z,48.742027,2.020889,134.5,56.21,130.8,1.35,8
2025-09-18T14:29:37Z,48.741908,2.021014,134.4,55.84,142.4,1.13,9
2025-09-18T14:29:38Z,48.741781,2.021123,133.6,58.13,152.9,1.55,7
2025-09-18T14:29:39Z,48.741653,2.021226,132.6,58.26,153.9,1.35,8
2025-09-18T14:29:40Z,48.741540,2.021346,131.1,55.47,146.0,1.13,8
2025-09-18T14:29:41Z,48.741448,2.021481,130.6,51.50,137.8,1.13,8
2025-09-18T14:29:42Z,48.741342,2.021653,128.1,59.88,133.0,1.09,9
2025-09-18T14:29:43Z,48.741237,2.021815,127.2,58.86,132.3,1.35,9
2025-09-18T14:29:44Z,48.741138,2.021980,127.4,58.39,129.6,1.35,8
2025-09-18T14:29:45Z,48.741041,2.022145,126.5,57.39,131.3,1.74,8
2025-09-18T14:29:46Z,48.740932,2.022316,125.6,60.73,132.8,1.74,7
2025-09-18T14:29:47Z,48.740835,2.022480,124.8,57.04,132.4,1.74,7
2025-09-18T14:29:48Z,48.740763,2.022660,123.6,53.19,127.3,1.35,9
2025-09-18T14:29:49Z,48.740652,2.022809,120.4,49.36,134.8,1.35,8
2025-09-18T14:29:50Z,48.740515,2.022890,118.7,49.02,151.6,1.09,9
2025-09-18T14:29:51Z,48.740389,2.022942,116.6,48.73,169.7,1.09,9
2025-09-18T14:29:52Z,48.740253,2.022928,115.9,50.91,190.8,1.09,9
2025-09-18T14:29:53Z,48.740122,2.022842,114.3,51.37,212.1,0.93,10
2025-09-18T14:29:54Z,48.740025,2.022709,113.4,55.65,227.0,1.24,9
2025-09-18T14:29:55Z,48.739943,2.022531,112.6,61.21,237.8,1.27,8
2025-09-18T14:29:56Z,48.739861,2.022315,110.2,68.17,243.0,1.15,9
2025-09-18T14:29:57Z,48.739775,2.022073,108.5,74.17,243.6,1.15,8
2025-09-18T14:29:58Z,48.739688,2.021817,107.5,77.12,243.4,1.15,8
2025-09-18T14:29:59Z,48.739604,2.021558,106.8,76.75,244.5,1.71,8
2025-09-18T14:30:00Z,48.739516,2.021298,106.6,76.58,243.7,1.15,8
2025-09-18T14:30:01Z,48.739423,2.021030,106.7,81.58,243.0,1.42,7
2025-09-18T14:30:02Z,48.739316,2.020737,107.3,91.79,241.1,1.27,8
2025-09-18T14:30:03Z,48.739195,2.020414,107.7,100.53,241.8,0.96,9
2025-09-18T14:30:04Z,48.739080,2.020064,108.1,104.05,244.5,0.96,9
2025-09-18T14:30:05Z,48.738968,2.019709,108.5,103.56,245.1,0.96,9
2025-09-18T14:30:06Z,48.738858,2.019364,109.1,100.67,244.1,0.96,9
2025-09-18T14:30:07Z,48.738748,2.019038,109.6,94.62,242.8,0.96,9
2025-09-18T14:30:08Z,48.738643,2.018737,109.9,87.36,242.3,0.96,9
2025-09-18T14:30:09Z,48.738547,2.018460,110.3,80.15,242.8,0.96,9
2025-09-18T14:30:10Z,48.738466,2.018210,110.9,71.39,244.4,0.96,9
2025-09-18T14:30:11Z,48.738396,2.017986,111.6,63.17,245.0,0.96,9
2025-09-18T14:30:12Z,48.738330,2.017786,112.4,57.04,242.6,0.96,9
2025-09-18T14:30:13Z,48.738272,2.017620,113.2,46.93,242.2,0.96,9
2025-09-18T14:30:14Z,48.738220,2.017479,113.9,41.02,240.8,0.96,9
2025-09-18T14:30:15Z,48.738172,2.017360,114.7,35.54,238.1,0.96,9
2025-09-18T14:30:16Z,48.738129,2.017258,115.3,30.61,237.9,0.96,9
2025-09-18T14:30:17Z,48.738090,2.017168,116.1,28.17,237.1,0.96,9
2025-09-18T14:30:18Z,48.738054,2.017073,116.8,29.35,241.4,0.96,9
2025-09-18T14:30:19Z,48.738022,2.016967,117.4,31.54,246.6,0.96,9
2025-09-18T14:30:20Z,48.737986,2.016849,117.9,35.13,244.9,1.15,10
2025-09-18T14:30:21Z,48.737940,2.016721,118.5,40.15,239.9,1.15,9
2025-09-18T14:30:22Z,48.737884,2.016579,119.0,45.06,240.0,1.15,9
2025-09-18T14:30:23Z,48.737833,2.016428,119.4,44.73,243.9,1.15,9
2025-09-18T14:30:24Z,48.737790,2.016273,119.9,44.26,248.2,1.15,9
2025-09-18T14:30:25Z,48.737748,2.016116,120.8,45.00,247.8,0.98,9
2025-09-18T14:30:26Z,48.737702,2.015958,121.8,46.02,245.6,1.15,9
2025-09-18T14:30:27Z,48.737652,2.015798,122.8,47.37,244.5,0.96,9
2025-09-18T14:30:28Z,48.737602,2.015643,123.6,44.73,244.4,0.96,9
2025-09-18T14:30:29Z,48.737553,2.015490,124.4,44.95,244.3,1.15,9
2025-09-18T14:30:30Z,48.737502,2.015334,125.4,46.93,242.8,1.71,8
2025-09-18T14:30:31Z,48.737447,2.015173,126.3,48.26,242.6,1.71,8
2025-09-18T14:30:32Z,48.737394,2.015008,127.4,49.39,244.4,1.71,7
2025-09-18T14:30:33Z,48.737339,2.014831,128.3,51.49,244.9,1.71,8
2025-09-18T14:30:34Z,48.737280,2.014655,129.2,52.87,242.1,1.90,9
2025-09-18T14:30:35Z,48.737219,2.014471,130.1,54.71,243.4,1.90,7
2025-09-18T14:30:36Z,48.737158,2.014291,131.6,54.63,243.6,1.37,9
2025-09-18T14:30:37Z,48.737094,2.014107,132.6,55.34,242.3,1.90,8
2025-09-18T14:30:38Z,48.737029,2.013920,133.5,56.08,241.7,1.90,7
2025-09-18T14:30:39Z,48.736967,2.013722,134.4,57.30,244.4,1.90,7
2025-09-18T14:30:40Z,48.736908,2.013517,135.3,58.65,246.4,1.71,9
2025-09-18T14:30:41Z,48.736841,2.013319,136.5,58.73,242.0,1.90,6
2025-09-18T14:30:42Z,48.736772,2.013125,137.4,57.80,241.7,1.71,8
2025-09-18T14:30:43Z,48.736702,2.012941,138.7,56.39,240.1,1.71,8
2025-09-18T14:30:44Z,48.736625,2.012775,139.7,53.93,235.3,1.42,8
2025-09-18T14:30:45Z,48.736546,2.012611,140.4,53.45,234.0,3.12,5
2025-09-18T14:30:46Z,48.736463,2.012455,141.3,52.73,229.9,1.86,6
2025-09-18T14:30:47Z,48.736373,2.012305,142.1,52.89,226.3,1.42,9
2025-09-18T14:30:48Z,48.736264,2.012176,143.0,56.08,217.0,1.29,8
2025-09-18T14:30:49Z,48.736144,2.012058,144.0,56.60,212.1,1.37,8
2025-09-18T14:30:50Z,48.736019,2.011946,144.7,57.34,209.3,1.29,8
2025-09-18T14:30:51Z,48.735892,2.011841,147.0,58.32,207.5,1.24,10
2025-09-18T14:30:52Z,48.735749,2.011766,150.3,60.73,201.0,1.30,9
2025-09-18T14:30:53Z,48.735622,2.011637,152.4,61.80,213.1,1.24,9
2025-09-18T14:30:54Z,48.735467,2.011547,155.4,67.38,201.9,1.42,9
2025-09-18T14:30:55Z,48.735315,2.011449,162.6,67.88,206.6,1.24,9
2025-09-18T14:30:56Z,48.735174,2.011306,164.9,68.36,212.9,1.29,9
2025-09-18T14:30:57Z,48.735051,2.011138,167.6,66.78,218.8,1.37,7
2025-09-18T14:30:58Z,48.734934,2.010973,171.6,63.63,221.2,1.37,7
2025-09-18T14:30:59Z,48.734827,2.010809,174.6,60.21,223.7,1.37,7
2025-09-18T14:31:00Z,48.734724,2.010647,177.9,59.56,224.6,1.37,7
2025-09-18T14:31:01Z,48.734626,2.010472,177.7,59.56,227.4,1.37,8
2025-09-18T14:31:02Z,48.734528,2.010290,179.9,62.91,227.6,1.29,8
2025-09-18T14:31:03Z,48.734425,2.010112,182.9,63.47,228.6,1.24,9
2025-09-18T14:31:04Z,48.734320,2.009916,184.1,66.60,229.4,1.29,9
2025-09-18T14:31:05Z,48.734212,2.009709,184.2,68.28,229.3,1.29,8
2025-09-18T14:31:06Z,48.734102,2.009496,183.2,69.86,229.3,1.43,8
2025-09-18T14:31:07Z,48.733989,2.009281,182.7,71.06,230.4,1.91,6
2025-09-18T14:31:08Z,48.733879,2.009060,180.9,70.32,230.3,1.15,8
2025-09-18T14:31:09Z,48.733771,2.008851,180.2,67.28,230.1,1.03,8
2025-09-18T14:31:10Z,48.733667,2.008654,179.6,64.54,230.0,1.03,8
2025-09-18T14:31:11Z,48.733563,2.008462,177.8,62.78,229.4,1.15,9
2025-09-18T14:31:12Z,48.733464,2.008278,177.6,62.75,230.0,1.29,9
2025-09-18T14:31:13Z,48.733361,2.008088,177.1,65.36,230.2,1.37,8
2025-09-18T14:31:14Z,48.733257,2.007892,177.2,67.21,230.3,1.37,8
2025-09-18T14:31:15Z,48.733151,2.007693,177.1,67.10,230.5,1.43,8
2025-09-18T14:31:16Z,48.733047,2.007490,176.8,67.39,230.8,1.91,6
2025-09-18T14:31:17Z,48.732942,2.007291,176.7,66.86,230.1,1.91,6
2025-09-18T14:31:18Z,48.732840,2.007105,176.3,62.47,228.9,1.36,7
2025-09-18T14:31:19Z,48.732744,2.006927,175.4,58.88,229.6,1.36,7
2025-09-18T14:31:20Z,48.732657,2.006761,174.7,54.26,230.1,1.91,6
2025-09-18T14:31:21Z,48.732577,2.006608,174.2,49.50,230.5,1.43,7
2025-09-18T14:31:22Z,48.732501,2.006471,174.5,47.37,229.5,1.27,8
2025-09-18T14:31:23Z,48.732426,2.006325,173.7,48.04,230.4,1.43,7
2025-09-18T14:31:24Z,48.732348,2.006179,173.2,49.49,229.5,1.23,9
2025-09-18T14:31:25Z,48.732266,2.006026,172.6,52.02,229.8,0.92,10
2025-09-18T14:31:26Z,48.732180,2.005863,171.7,54.36,230.5,0.92,10
2025-09-18T14:31:27Z,48.732093,2.005694,171.1,56.78,231.0,0.96,10
2025-09-18T14:31:28Z,48.731999,2.005517,170.2,59.49,230.4,1.15,8
2025-09-18T14:31:29Z,48.731896,2.005332,170.0,64.80,229.5,1.72,7
2025-09-18T14:31:30Z,48.731784,2.005124,169.6,72.52,230.1,1.15,8
2025-09-18T14:31:31Z,48.731660,2.004897,168.9,78.93,230.5,1.15,9
2025-09-18T14:31:32Z,48.731537,2.004665,168.7,77.91,230.6,1.15,8
2025-09-18T14:31:33Z,48.731415,2.004430,168.6,78.95,231.3,1.15,8
2025-09-18T14:31:34Z,48.731293,2.004192,168.5,79.47,231.8,1.43,7
2025-09-18T14:31:35Z,48.731168,2.003970,168.4,75.91,227.9,0.96,9
2025-09-18T14:31:36Z,48.731035,2.003783,168.5,71.75,220.3,0.92,10
2025-09-18T14:31:37Z,48.730892,2.003631,168.3,69.06,212.0,0.92,10
2025-09-18T14:31:38Z,48.730743,2.003515,168.0,66.19,203.9,0.92,10
2025-09-18T14:31:39Z,48.730590,2.003429,167.7,64.76,197.2,0.92,10
2025-09-18T14:31:40Z,48.730432,2.003369,167.8,65.82,191.9,0.92,10
2025-09-18T14:31:41Z,48.730271,2.003330,167.6,65.25,186.8,0.92,10
2025-09-18T14:31:42Z,48.730114,2.003305,167.2,62.43,183.7,0.92,10
2025-09-18T14:31:43Z,48.729964,2.003286,166.7,59.99,183.1,0.92,10
2025-09-18T14:31:44Z,48.729819,2.003268,167.0,57.67,184.9,0.92,10
2025-09-18T14:31:45Z,48.729680,2.003255,166.8,55.47,181.3,0.92,10
2025-09-18T14:31:46Z,48.729544,2.003246,166.9,53.82,182.6,0.92,10
2025-09-18T14:31:47Z,48.729411,2.003236,167.1,53.69,182.1,0.92,10
2025-09-18T14:31:48Z,48.729276,2.003229,167.3,54.17,181.9,0.92,10
2025-09-18T14:31:49Z,48.729141,2.003218,167.6,53.89,183.2,0.92,10
2025-09-18T14:31:50Z,48.729009,2.003205,167.9,52.67,183.9,0.92,10
2025-09-18T14:31:51Z,48.728881,2.003192,168.3,51.32,183.8,0.92,10
2025-09-18T14:31:52Z,48.728754,2.003182,168.2,50.56,181.9,0.92,10
2025-09-18T14:31:53Z,48.728628,2.003175,168.5,50.23,181.8,1.23,9
2025-09-18T14:31:54Z,48.728504,2.003163,168.6,49.45,184.2,1.23,9
2025-09-18T14:31:55Z,48.728382,2.003155,168.8,48.87,181.4,0.92,10
2025-09-18T14:31:56Z,48.728260,2.003147,168.9,48.67,182.1,0.92,10
2025-09-18T14:31:57Z,48.728139,2.003138,169.1,47.89,183.4,0.92,10
2025-09-18T14:31:58Z,48.728021,2.003127,169.3,47.19,183.2,0.92,10
2025-09-18T14:31:59Z,48.727902,2.003114,169.6,47.89,184.3,0.92,10
2025-09-18T14:32:00Z,48.727780,2.003095,169.7,49.58,186.6,0.92,10
2025-09-18T14:32:01Z,48.727655,2.003072,169.8,50.69,186.7,0.92,10
2025-09-18T14:32:02Z,48.727526,2.003052,169.8,51.84,185.1,0.92,10
2025-09-18T14:32:03Z,48.727397,2.003038,170.0,52.32,183.7,0.92,10
2025-09-18T14:32:04Z,48.727265,2.003029,169.9,52.69,181.8,0.92,10
2025-09-18T14:32:05Z,48.727136,2.003025,169.7,51.12,181.2,0.92,10
2025-09-18T14:32:06Z,48.727010,2.003022,169.6,50.26,180.4,0.92,10
2025-09-18T14:32:07Z,48.726884,2.003022,169.6,50.24,179.6,0.92,10
2025-09-18T14:32:08Z,48.726758,2.003019,169.5,50.63,181.3,0.92,10
2025-09-18T14:32:09Z,48.726628,2.003011,169.6,52.63,183.1,0.92,10
2025-09-18T14:32:10Z,48.726494,2.002999,169.5,54.34,183.1,0.92,10
2025-09-18T14:32:11Z,48.726354,2.002988,169.3,56.26,182.9,0.92,10
2025-09-18T14:32:12Z,48.726210,2.002977,169.2,58.49,182.8,0.92,10
2025-09-18T14:32:13Z,48.726060,2.002963,168.5,60.88,183.2,0.92,10
2025-09-18T14:32:14Z,48.725906,2.002949,168.0,62.41,183.7,0.92,10
2025-09-18T14:32:15Z,48.725747,2.002935,167.6,64.19,183.2,0.92,10
2025-09-18T14:32:16Z,48.725586,2.002921,167.2,64.78,183.1,0.92,10
2025-09-18T14:32:17Z,48.725425,2.002907,166.8,64.39,183.4,0.92,10
2025-09-18T14:32:18Z,48.725264,2.002892,166.4,64.21,183.6,0.92,10
2025-09-18T14:32:19Z,48.725104,2.002875,166.0,64.30,183.8,0.92,10
2025-09-18T14:32:20Z,48.724944,2.002861,165.5,64.34,183.2,0.92,10
2025-09-18T14:32:21Z,48.724782,2.002848,165.1,64.88,182.9,0.92,10
2025-09-18T14:32:22Z,48.724620,2.002835,164.7,65.06,183.0,0.92,10
2025-09-18T14:32:23Z,48.724458,2.002823,164.1,64.41,182.8,0.92,10
2025-09-18T14:32:24Z,48.724298,2.002812,163.7,64.43,182.6,0.92,10
2025-09-18T14:32:25Z,48.724134,2.002799,163.2,65.71,183.1,0.92,10
2025-09-18T14:32:26Z,48.723969,2.002785,162.8,66.60,183.4,0.92,10
2025-09-18T14:32:27Z,48.723801,2.002770,162.4,67.19,183.4,0.92,10
2025-09-18T14:32:28Z,48.723634,2.002755,162.2,67.47,183.3,0.92,10
2025-09-18T14:32:29Z,48.723465,2.002740,162.0,67.76,183.1,0.92,10
2025-09-18T14:32:30Z,48.723295,2.002727,161.8,68.10,183.0,0.92,10
2025-09-18T14:32:31Z,48.723124,2.002712,161.8,68.23,183.3,0.92,10
2025-09-18T14:32:32Z,48.722954,2.002697,161.6,68.19,183.4,0.92,10
2025-09-18T14:32:33Z,48.722784,2.002683,161.4,68.28,182.9,0.92,10
2025-09-18T14:32:34Z,48.722612,2.002671,161.1,68.47,182.4,0.92,10
2025-09-18T14:32:35Z,48.722440,2.002661,160.8,68.80,182.3,0.92,10
2025-09-18T14:32:36Z,48.722268,2.002649,160.7,69.14,182.8,0.92,10
2025-09-18T14:32:37Z,48.722094,2.002635,160.5,69.51,183.1,0.92,10
2025-09-18T14:32:38Z,48.721921,2.002616,160.3,70.06,184.3,0.92,10
2025-09-18T14:32:39Z,48.721746,2.002596,160.1,70.04,184.5,1.23,9
2025-09-18T14:32:40Z,48.721576,2.002580,160.3,67.86,182.8,0.92,10
2025-09-18T14:32:41Z,48.721416,2.002569,160.4,62.95,182.6,1.23,9
2025-09-18T14:32:42Z,48.721266,2.002558,160.3,59.06,182.5,1.23,9
2025-09-18T14:32:43Z,48.721128,2.002543,160.4,53.91,184.7,1.23,9
2025-09-18T14:32:44Z,48.721004,2.002518,160.3,48.43,189.0,1.23,9
2025-09-18T14:32:45Z,48.720898,2.002486,160.2,41.41,192.7,0.92,10
2025-09-18T14:32:46Z,48.720805,2.002447,160.1,37.67,196.2,0.92,10
2025-09-18T14:32:47Z,48.720722,2.002406,160.0,33.78,199.2,0.92,10
2025-09-18T14:32:48Z,48.720649,2.002367,159.9,29.85,199.5,0.92,10
2025-09-18T14:32:49Z,48.720584,2.002334,159.9,26.52,198.4,0.92,10
2025-09-18T14:32:50Z,48.720525,2.002307,159.8,23.84,195.9,0.92,10
2025-09-18T14:32:51Z,48.720469,2.002280,159.7,24.28,198.3,0.92,10
2025-09-18T14:32:52Z,48.720408,2.002233,159.6,28.82,210.1,0.92,10
2025-09-18T14:32:53Z,48.720350,2.002157,160.3,32.04,224.7,0.92,10
2025-09-18T14:32:54Z,48.720292,2.002061,160.4,35.26,229.1,0.92,10
2025-09-18T14:32:55Z,48.720226,2.001974,160.2,35.28,217.8,0.92,10
2025-09-18T14:32:56Z,48.720145,2.001926,160.3,35.28,194.9,0.92,10
2025-09-18T14:32:57Z,48.720057,2.001933,160.2,36.48,169.2,0.92,10
2025-09-18T14:32:58Z,48.719969,2.002000,159.9,41.43,147.3,0.92,10
2025-09-18T14:32:59Z,48.719879,2.002103,159.8,47.04,140.8,0.92,10
2025-09-18T14:33:00Z,48.719771,2.002195,159.9,51.41,154.1,0.92,10
2025-09-18T14:33:01Z,48.719629,2.002265,160.1,63.12,164.2,0.92,10
2025-09-18T14:33:02Z,48.719452,2.002318,160.2,76.08,170.0,0.92,10
2025-09-18T14:33:03Z,48.719251,2.002353,160.4,83.40,174.8,0.92,10
2025-09-18T14:33:04Z,48.719046,2.002367,160.5,81.53,178.7,0.92,10
2025-09-18T14:33:05Z,48.718843,2.002364,160.6,80.71,181.2,1.23,9
2025-09-18T14:33:06Z,48.718640,2.002353,160.9,81.99,182.5,1.23,9
2025-09-18T14:33:07Z,48.718419,2.002337,161.0,91.08,182.7,1.23,9
2025-09-18T14:33:08Z,48.718176,2.002321,161.4,99.95,182.3,1.23,9
2025-09-18T14:33:09Z,48.717913,2.002309,161.7,107.27,181.4,1.23,9
2025-09-18T14:33:10Z,48.717644,2.002298,162.0,107.75,181.9,0.92,10
2025-09-18T14:33:11Z,48.717375,2.002280,162.3,107.80,182.8,0.92,10
2025-09-18T14:33:12Z,48.717101,2.002259,162.5,109.81,183.0,0.92,10
2025-09-18T14:33:13Z,48.716828,2.002241,162.7,108.97,182.3,0.92,10
2025-09-18T14:33:14Z,48.716557,2.002222,163.0,108.66,182.6,0.92,10
2025-09-18T14:33:15Z,48.716287,2.002202,163.2,107.90,183.0,0.92,10
2025-09-18T14:33:16Z,48.716023,2.002180,163.4,104.82,183.1,0.92,10
2025-09-18T14:33:17Z,48.715765,2.002160,163.6,102.62,182.9,0.92,10
2025-09-18T14:33:18Z,48.715510,2.002139,163.8,101.77,183.1,1.23,9
2025-09-18T14:33:19Z,48.715258,2.002115,164.0,100.42,183.8,1.23,9
2025-09-18T14:33:20Z,48.715011,2.002087,164.2,98.93,184.4,1.23,9
2025-09-18T14:33:21Z,48.714768,2.002061,164.4,97.08,184.0,1.23,9
2025-09-18T14:33:22Z,48.714529,2.002040,164.6,95.12,182.9,1.23,9
2025-09-18T14:33:23Z,48.714294,2.002019,164.8,93.75,183.6,1.23,9
2025-09-18T14:33:24Z,48.714062,2.001989,165.1,92.84,185.6,1.23,9
2025-09-18T14:33:25Z,48.713836,2.001959,165.2,90.51,184.7,1.23,9
2025-09-18T14:33:26Z,48.713621,2.001937,165.3,84.51,183.6,1.23,9
2025-09-18T14:33:27Z,48.713417,2.001918,165.5,80.77,183.4,1.23,9
2025-09-18T14:33:28Z,48.713218,2.001903,165.7,79.34,182.7,1.23,9
2025-09-18T14:33:29Z,48.713020,2.001890,165.9,79.34,182.6,1.23,9
2025-09-18T14:33:30Z,48.712820,2.001875,166.3,80.34,183.0,1.23,9
2025-09-18T14:33:31Z,48.712620,2.001858,166.5,80.40,183.2,1.23,9
2025-09-18T14:33:32Z,48.712420,2.001843,166.7,79.62,182.9,1.23,9
2025-09-18T14:33:33Z,48.712225,2.001828,167.0,77.67,182.9,1.23,9
2025-09-18T14:33:34Z,48.712032,2.001812,167.3,77.19,183.2,1.23,9
2025-09-18T14:33:35Z,48.711841,2.001793,167.4,76.25,184.1,1.23,9
2025-09-18T14:33:36Z,48.711651,2.001776,167.6,75.89,182.7,1.23,9
2025-09-18T14:33:37Z,48.711463,2.001760,167.7,75.69,183.5,1.23,9
2025-09-18T14:33:38Z,48.711273,2.001745,167.6,75.67,182.7,1.23,9
2025-09-18T14:33:39Z,48.711082,2.001729,167.6,76.51,183.2,1.23,9
2025-09-18T14:33:40Z,48.710890,2.001712,167.8,77.49,182.9,1.23,9
2025-09-18T14:33:41Z,48.710697,2.001698,167.6,77.06,183.2,1.23,9
2025-09-18T14:33:42Z,48.710507,2.001678,167.5,76.17,184.0,1.23,9
2025-09-18T14:33:43Z,48.710320,2.001655,167.6,75.01,184.5,1.29,9
2025-09-18T14:33:44Z,48.710145,2.001645,167.2,70.86,183.0,1.29,8
2025-09-18T14:33:45Z,48.709966,2.001618,167.8,72.82,187.1,1.29,8
2025-09-18T14:33:46Z,48.709798,2.001599,168.1,67.65,183.8,1.29,8
2025-09-18T14:33:47Z,48.709618,2.001597,168.5,70.67,180.7,1.23,9
2025-09-18T14:33:48Z,48.709457,2.001584,170.1,65.01,183.1,1.23,10
2025-09-18T14:33:49Z,48.709310,2.001575,171.0,60.41,184.3,1.23,9
2025-09-18T14:33:50Z,48.709179,2.001566,171.8,53.12,184.3,1.23,9
2025-09-18T14:33:51Z,48.709046,2.001559,172.5,53.24,182.3,1.23,9
2025-09-18T14:33:52Z,48.708914,2.001530,173.3,52.95,188.8,0.91,10
2025-09-18T14:33:53Z,48.708774,2.001524,172.7,53.50,183.1,1.23,10
2025-09-18T14:33:54Z,48.708647,2.001532,173.4,51.49,179.1,1.61,9
2025-09-18T14:33:55Z,48.708514,2.001528,174.3,53.04,182.4,1.61,8
2025-09-18T14:33:56Z,48.708381,2.001548,176.8,53.47,177.2,1.23,10
2025-09-18T14:33:57Z,48.708256,2.001529,177.3,48.99,185.9,1.23,9
2025-09-18T14:33:58Z,48.708122,2.001506,178.7,48.78,186.4,1.23,9
2025-09-18T14:33:59Z,48.707987,2.001467,176.9,46.80,190.5,1.23,10
2025-09-18T14:34:00Z,48.707886,2.001403,180.5,45.37,199.9,1.23,9
2025-09-18T14:34:01Z,48.707828,2.001300,181.8,36.78,226.0,1.27,8
2025-09-18T14:34:02Z,48.707842,2.001133,185.1,46.95,269.9,0.96,9
2025-09-18T14:34:03Z,48.707875,2.000944,195.2,58.41,285.6,0.96,9
2025-09-18T14:34:04Z,48.707925,2.000753,202.4,64.41,294.2,0.96,9
2025-09-18T14:34:05Z,48.707983,2.000514,202.4,68.58,300.4,1.16,9
2025-09-18T14:34:06Z,48.708036,2.000284,202.9,64.84,297.4,1.16,8
2025-09-18T14:34:07Z,48.708094,2.000055,201.6,63.60,296.8,1.16,8
2025-09-18T14:34:08Z,48.708141,1.999808,201.2,63.51,289.1,1.75,8
2025-09-18T14:34:09Z,48.708194,1.999583,201.5,60.78,290.7,1.24,7
2025-09-18T14:34:10Z,48.708241,1.999396,203.5,53.24,291.8,0.95,9
2025-09-18T14:34:11Z,48.708281,1.999190,202.2,50.73,287.8,1.16,9
2025-09-18T14:34:12Z,48.708328,1.999011,202.4,45.89,292.8,1.16,8
2025-09-18T14:34:13Z,48.708405,1.998895,205.8,41.30,319.4,1.16,8
2025-09-18T14:34:14Z,48.708485,1.998795,207.5,43.15,332.0,1.32,7
2025-09-18T14:34:15Z,48.708596,1.998676,200.7,46.54,333.7,1.32,7
2025-09-18T14:34:16Z,48.708700,1.998544,196.0,46.28,317.5,1.32,7
2025-09-18T14:34:17Z,48.708779,1.998379,193.3,50.69,304.0,1.13,8
2025-09-18T14:34:18Z,48.708879,1.998175,186.7,59.84,301.1,1.32,8
2025-09-18T14:34:19Z,48.708949,1.997962,184.6,64.80,293.3,1.32,7
2025-09-18T14:34:20Z,48.708986,1.997741,183.6,59.26,282.9,1.32,7
2025-09-18T14:34:21Z,48.709016,1.997529,181.2,57.84,278.1,1.32,7
2025-09-18T14:34:22Z,48.709053,1.997324,176.9,55.65,280.6,1.32,7
2025-09-18T14:34:23Z,48.709083,1.997121,174.1,54.15,279.7,1.32,8
2025-09-18T14:34:24Z,48.709149,1.996959,173.2,51.36,297.9,1.32,7
2025-09-18T14:34:25Z,48.709262,1.996816,174.5,59.06,318.4,1.33,7
2025-09-18T14:34:26Z,48.709401,1.996731,173.4,57.84,336.9,2.00,6
2025-09-18T14:34:27Z,48.709528,1.996654,172.0,53.08,340.8,2.00,6
2025-09-18T14:34:28Z,48.709638,1.996521,171.6,54.06,330.5,1.33,8
2025-09-18T14:34:29Z,48.709731,1.996378,171.8,49.65,315.2,1.33,8
2025-09-18T14:34:30Z,48.709781,1.996244,172.7,38.65,301.7,1.33,8
2025-09-18T14:34:31Z,48.709737,1.996075,179.3,44.19,257.2,1.22,8
2025-09-18T14:34:32Z,48.709680,1.995951,193.0,36.76,254.4,1.10,8
2025-09-18T14:34:33Z,48.709667,1.995815,203.1,37.69,263.8,1.07,9
2025-09-18T14:34:34Z,48.709757,1.995553,195.0,55.78,284.7,1.12,8
2025-09-18T14:34:35Z,48.709834,1.995397,195.3,47.82,301.7,1.33,8
2025-09-18T14:34:36Z,48.709943,1.995249,193.0,53.04,315.7,1.33,7
2025-09-18T14:34:37Z,48.710035,1.995065,189.8,52.76,306.9,1.33,7
2025-09-18T14:34:38Z,48.710107,1.994874,189.6,55.63,299.7,1.33,7
2025-09-18T14:34:39Z,48.710169,1.994659,188.0,61.19,290.7,1.33,8
2025-09-18T14:34:40Z,48.710234,1.994453,182.7,58.28,284.2,1.33,7
2025-09-18T14:34:41Z,48.710286,1.994269,185.2,52.00,287.1,1.33,7
2025-09-18T14:34:42Z,48.710349,1.994093,185.0,51.82,296.8,1.33,7
2025-09-18T14:34:43Z,48.710441,1.993941,186.4,52.87,311.1,1.33,8
2025-09-18T14:34:44Z,48.710538,1.993783,183.5,53.56,313.8,1.33,7
2025-09-18T14:34:45Z,48.710626,1.993594,176.7,54.39,302.9,1.33,7
2025-09-18T14:34:46Z,48.710666,1.993375,173.1,59.65,286.3,2.00,6
2025-09-18T14:34:47Z,48.710693,1.993146,168.7,62.06,276.2,2.00,7
2025-09-18T14:34:48Z,48.710735,1.992937,166.2,58.67,282.4,1.33,7
2025-09-18T14:34:49Z,48.710792,1.992722,164.4,59.91,289.9,1.33,7
2025-09-18T14:34:50Z,48.710879,1.992525,162.7,60.17,301.2,1.33,7
2025-09-18T14:34:51Z,48.710959,1.992336,162.1,57.63,300.3,1.33,8
2025-09-18T14:34:52Z,48.711012,1.992131,156.4,55.71,285.7,2.00,6
2025-09-18T14:34:53Z,48.711067,1.991960,146.8,52.56,273.6,1.33,7
2025-09-18T14:34:54Z,48.711075,1.991783,136.7,53.80,256.9,1.33,7
2025-09-18T14:34:55Z,48.711042,1.991632,137.4,48.36,250.6,1.33,7
2025-09-18T14:34:56Z,48.711070,1.991457,128.6,48.26,274.1,1.33,7
2025-09-18T14:34:57Z,48.711093,1.991314,141.7,44.58,289.8,1.12,8
2025-09-18T14:34:58Z,48.711145,1.991180,146.5,41.50,300.0,1.12,8
2025-09-18T14:34:59Z,48.711191,1.991033,147.7,40.80,296.2,1.33,8
2025-09-18T14:35:00Z,48.711184,1.990878,150.2,38.28,268.3,1.33,7
2025-09-18T14:35:01Z,48.711165,1.990744,149.0,38.50,253.2,1.33,7
2025-09-18T14:35:02Z,48.711122,1.990649,147.9,32.61,235.3,1.33,7
2025-09-18T14:35:03Z,48.711038,1.990531,143.3,52.69,218.0,1.33,7
2025-09-18T14:35:04Z,48.710939,1.990418,139.6,54.97,209.5,1.33,7
2025-09-18T14:35:05Z,48.710846,1.990301,131.4,56.02,205.3,1.33,7
2025-09-18T14:35:06Z,48.710728,1.990210,126.7,58.08,201.1,1.33,7
2025-09-18T14:35:07Z,48.710597,1.990129,125.8,58.78,198.9,1.33,7
2025-09-18T14:35:08Z,48.710455,1.990063,125.4,62.88,193.2,1.07,9
2025-09-18T14:35:09Z,48.710313,1.989987,123.3,61.91,196.4,1.07,9
2025-09-18T14:35:10Z,48.710171,1.989923,121.1,61.62,191.2,1.33,8
2025-09-18T14:35:11Z,48.710036,1.989890,118.4,58.32,183.3,1.33,8
2025-09-18T14:35:12Z,48.709905,1.989868,117.5,54.84,184.3,1.22,9
2025-09-18T14:35:13Z,48.709781,1.989840,116.9,52.49,186.2,1.22,10
2025-09-18T14:35:14Z,48.709672,1.989826,115.6,46.95,182.9,1.22,9
2025-09-18T14:35:15Z,48.709568,1.989806,118.9,44.10,185.2,1.22,9
2025-09-18T14:35:16Z,48.709470,1.989786,118.6,38.63,185.1,1.22,9
2025-09-18T14:35:17Z,48.709386,1.989766,117.5,34.69,184.5,1.22,9
2025-09-18T14:35:18Z,48.709324,1.989750,117.5,25.45,185.5,1.22,9
2025-09-18T14:35:19Z,48.709263,1.989729,117.3,24.63,189.4,1.22,10
2025-09-18T14:35:20Z,48.709207,1.989703,117.5,21.69,186.8,1.22,10
2025-09-18T14:35:21Z,48.709174,1.989677,117.5,15.78,195.0,1.22,9
2025-09-18T14:35:22Z,48.709148,1.989655,119.0,11.19,208.8,0.91,10
2025-09-18T14:35:23Z,48.709122,1.989617,118.4,12.17,221.8,0.91,10
2025-09-18T14:35:24Z,48.709096,1.989577,116.8,13.80,222.0,0.91,10
2025-09-18T14:35:25Z,48.709067,1.989548,116.3,15.41,211.4,0.91,10
2025-09-18T14:35:26Z,48.709044,1.989535,118.3,9.04,206.2,0.91,10
2025-09-18T14:35:27Z,48.709021,1.989543,117.1,12.11,172.6,0.91,10
2025-09-18T14:35:28Z,48.709000,1.989561,117.5,11.28,156.7,0.91,10
2025-09-18T14:35:29Z,48.708984,1.989571,117.8,10.04,149.3,0.91,10
2025-09-18T14:35:30Z,48.708970,1.989583,117.0,7.46,147.7,0.91,10
2025-09-18T14:35:57Z,48.708958,1.989485,107.4,2.35,147.7,0.96,9
2025-09-18T14:35:58Z,48.708953,1.989497,107.7,5.07,134.8,0.90,10
2025-09-18T14:35:59Z,48.708952,1.989512,108.5,4.87,109.3,0.90,10
2025-09-18T14:36:00Z,48.708966,1.989522,109.7,8.52,33.1,0.90,10
2025-09-18T14:36:01Z,48.708988,1.989526,110.5,12.70,21.6,0.90,10
2025-09-18T14:36:02Z,48.709019,1.989526,111.4,14.83,8.3,0.90,10
2025-09-18T14:36:03Z,48.709054,1.989540,113.8,16.82,15.3,0.90,10
2025-09-18T14:36:04Z,48.709092,1.989548,115.9,17.91,10.4,0.90,10
2025-09-18T14:36:05Z,48.709137,1.989562,116.7,20.39,12.9,1.38,9
2025-09-18T14:36:06Z,48.709187,1.989578,118.5,22.48,12.1,1.38,8
2025-09-18T14:36:07Z,48.709235,1.989586,120.6,21.09,10.0,1.12,9
2025-09-18T14:36:08Z,48.709285,1.989599,124.3,22.76,10.7,1.06,9
2025-09-18T14:36:09Z,48.709347,1.989620,129.9,27.95,17.5,0.90,10
2025-09-18T14:36:10Z,48.709413,1.989649,135.1,29.35,20.1,1.12,10
2025-09-18T14:36:11Z,48.709480,1.989686,139.3,29.56,20.1,1.38,8
2025-09-18T14:36:12Z,48.709554,1.989700,143.2,29.84,8.2,1.12,8
2025-09-18T14:36:13Z,48.709620,1.989711,148.8,27.61,5.5,0.95,9
2025-09-18T14:36:14Z,48.709685,1.989712,152.5,26.84,357.5,1.12,9
2025-09-18T14:36:15Z,48.709753,1.989727,157.3,27.91,8.5,1.12,8
2025-09-18T14:36:16Z,48.709821,1.989743,162.8,28.89,9.4,1.12,8
2025-09-18T14:36:17Z,48.709917,1.989765,162.6,34.04,11.5,1.58,8
2025-09-18T14:36:18Z,48.710017,1.989770,162.5,34.54,5.5,1.58,8
2025-09-18T14:36:19Z,48.710114,1.989765,164.8,35.67,2.4,0.98,9
2025-09-18T14:36:20Z,48.710201,1.989761,169.5,33.41,2.7,0.95,10
2025-09-18T14:36:21Z,48.710279,1.989771,175.0,31.89,5.6,1.25,8
2025-09-18T14:36:22Z,48.710347,1.989796,182.7,29.47,13.1,0.95,10
2025-09-18T14:36:23Z,48.710435,1.989828,184.9,31.60,11.0,1.03,9
2025-09-18T14:36:24Z,48.710519,1.989896,183.2,32.13,27.1,1.03,9
2025-09-18T14:36:25Z,48.710603,1.989977,183.4,34.58,30.2,0.95,10
2025-09-18T14:36:26Z,48.710701,1.990046,179.7,33.71,28.9,1.17,10
2025-09-18T14:36:27Z,48.710803,1.990102,171.4,30.48,31.7,1.06,10
2025-09-18T14:36:28Z,48.710876,1.990159,170.2,29.89,33.5,1.38,9
2025-09-18T14:36:29Z,48.710966,1.990206,164.2,32.26,34.0,1.58,8
2025-09-18T14:36:30Z,48.711053,1.990289,160.0,35.11,42.1,1.06,9
2025-09-18T14:36:31Z,48.711120,1.990396,158.7,36.91,55.5,1.33,8
2025-09-18T14:36:32Z,48.711168,1.990547,158.2,41.80,67.7,1.58,7
2025-09-18T14:36:33Z,48.711186,1.990686,157.5,40.82,86.6,1.58,7
2025-09-18T14:36:34Z,48.711178,1.990836,156.2,42.30,97.9,1.58,7
2025-09-18T14:36:35Z,48.711207,1.991020,156.0,49.69,82.7,1.58,7
2025-09-18T14:36:36Z,48.711246,1.991224,155.8,52.97,75.4,1.12,8
2025-09-18T14:36:37Z,48.711288,1.991385,155.6,46.61,70.4,1.37,7
2025-09-18T14:36:38Z,48.711327,1.991525,157.9,43.30,63.4,1.37,7
2025-09-18T14:36:39Z,48.711339,1.991679,160.0,47.73,65.2,1.33,8
2025-09-18T14:36:40Z,48.711362,1.991866,160.4,49.17,77.5,1.37,8
2025-09-18T14:36:41Z,48.711352,1.992051,160.3,50.17,90.2,1.12,8
2025-09-18T14:36:42Z,48.711289,1.992231,161.7,53.87,109.6,1.12,8
2025-09-18T14:36:43Z,48.711208,1.992418,162.2,57.45,117.0,1.37,7
2025-09-18T14:36:44Z,48.711134,1.992592,163.2,54.34,119.2,1.37,7
2025-09-18T14:36:45Z,48.711069,1.992762,164.3,52.12,119.9,1.92,7
2025-09-18T14:36:46Z,48.711019,1.992967,164.3,55.45,117.2,1.92,7
2025-09-18T14:36:47Z,48.711002,1.993208,162.9,57.13,110.9,1.81,7
2025-09-18T14:36:48Z,48.710893,1.993362,161.4,55.37,116.8,1.81,6
2025-09-18T14:36:49Z,48.710831,1.993556,154.6,54.10,118.7,1.58,7
2025-09-18T14:36:50Z,48.710765,1.993724,150.2,50.00,121.1,1.12,8
2025-09-18T14:36:51Z,48.710692,1.993863,150.6,47.36,124.6,1.37,8
2025-09-18T14:36:52Z,48.710637,1.994043,148.4,49.69,121.8,1.37,7
2025-09-18T14:36:53Z,48.710592,1.994263,150.7,57.82,114.3,1.32,8
2025-09-18T14:36:54Z,48.710569,1.994495,149.6,58.69,107.9,1.06,9
2025-09-18T14:36:55Z,48.710504,1.994696,149.3,58.95,110.2,1.06,9
2025-09-18T14:36:56Z,48.710431,1.994884,148.7,57.34,112.9,1.38,9
2025-09-18T14:36:57Z,48.710332,1.995060,147.0,56.86,119.0,1.38,8
2025-09-18T14:36:58Z,48.710256,1.995216,148.8,52.73,120.1,1.06,9
2025-09-18T14:36:59Z,48.710194,1.995371,149.4,49.60,119.9,1.32,9
2025-09-18T14:37:00Z,48.710143,1.995545,148.8,49.86,118.0,2.66,8
2025-09-18T14:37:01Z,48.710086,1.995739,149.8,52.60,116.2,2.66,6
2025-09-18T14:37:02Z,48.710060,1.995941,151.2,52.76,111.0,1.62,9
2025-09-18T14:37:03Z,48.710021,1.996120,151.8,51.00,107.7,1.62,7
2025-09-18T14:37:04Z,48.709978,1.996289,151.8,48.76,107.9,1.81,6
2025-09-18T14:37:05Z,48.709933,1.996436,151.2,45.24,109.4,1.94,6
2025-09-18T14:37:06Z,48.709933,1.996436,151.2,45.24,109.4,25.66,6
2025-09-18T14:37:07Z,48.709851,1.996752,150.6,44.24,110.9,4.93,5
2025-09-18T14:37:08Z,48.709767,1.996919,150.3,47.45,113.8,1.32,8
2025-09-18T14:37:09Z,48.709673,1.997031,151.9,45.43,118.8,1.32,9
2025-09-18T14:37:10Z,48.709601,1.997227,153.1,52.87,116.2,1.32,8
2025-09-18T14:37:11Z,48.709584,1.997437,155.6,54.60,108.3,1.32,8
2025-09-18T14:37:12Z,48.709540,1.997664,158.1,61.41,106.5,1.47,8
2025-09-18T14:37:13Z,48.709485,1.997957,160.1,75.43,105.5,1.52,6
2025-09-18T14:37:14Z,48.709398,1.998196,160.4,72.80,107.5,1.37,7
2025-09-18T14:37:15Z,48.709330,1.998400,161.1,61.36,108.3,1.58,8
2025-09-18T14:37:16Z,48.709195,1.998549,157.2,53.69,115.3,1.58,7
2025-09-18T14:37:17Z,48.709123,1.998677,156.9,42.04,119.5,1.81,6
2025-09-18T14:37:18Z,48.708948,1.998728,157.5,44.28,141.4,1.37,7
2025-09-18T14:37:19Z,48.708842,1.998808,156.5,41.21,146.0,1.32,9
2025-09-18T14:37:20Z,48.708737,1.998905,155.1,42.10,145.4,1.32,8
2025-09-18T14:37:21Z,48.708692,1.999110,154.8,50.99,127.0,1.62,8
2025-09-18T14:37:22Z,48.708644,1.999338,160.9,65.08,116.9,1.62,7
2025-09-18T14:37:23Z,48.708575,1.999577,163.7,70.69,114.1,1.62,7
2025-09-18T14:37:24Z,48.708518,1.999816,166.0,68.06,109.6,1.05,9
2025-09-18T14:37:25Z,48.708451,2.000021,166.3,62.43,109.5,1.38,9
2025-09-18T14:37:26Z,48.708383,2.000183,167.2,53.78,111.1,1.62,8
2025-09-18T14:37:27Z,48.708310,2.000341,166.1,49.13,114.2,1.62,7
2025-09-18T14:37:28Z,48.708232,2.000483,165.9,46.17,117.3,1.32,8
2025-09-18T14:37:29Z,48.708177,2.000628,165.2,42.87,115.6,1.11,8
2025-09-18T14:37:30Z,48.708154,2.000787,164.9,41.23,107.9,1.11,8
2025-09-18T14:37:31Z,48.708135,2.000946,164.9,41.76,102.6,1.11,8
2025-09-18T14:37:32Z,48.708121,2.001098,164.6,39.73,99.6,1.80,8
2025-09-18T14:37:33Z,48.708112,2.001240,164.3,36.61,95.6,1.61,7
2025-09-18T14:37:34Z,48.708103,2.001335,167.7,31.15,87.3,1.15,9
2025-09-18T14:37:35Z,48.708116,2.001432,168.9,28.65,80.1,1.15,8
2025-09-18T14:37:36Z,48.708149,2.001491,172.7,24.82,67.3,1.38,9
2025-09-18T14:37:37Z,48.708184,2.001524,176.5,25.52,51.6,1.38,8
2025-09-18T14:37:38Z,48.708217,2.001547,180.8,25.82,42.1,1.38,8
2025-09-18T14:37:39Z,48.708272,2.001582,182.9,32.30,26.1,1.70,8
2025-09-18T14:37:40Z,48.708308,2.001596,185.3,34.19,23.1,1.70,8
2025-09-18T14:37:41Z,48.708357,2.001616,187.3,32.78,22.3,1.58,7
2025-09-18T14:37:42Z,48.708415,2.001640,189.4,32.52,21.1,1.58,7
2025-09-18T14:37:43Z,48.708466,2.001669,192.8,31.24,23.2,1.11,8
2025-09-18T14:37:44Z,48.708527,2.001686,196.4,32.15,20.3,1.11,8
2025-09-18T14:37:45Z,48.708598,2.001692,198.5,33.82,15.0,1.11,9
2025-09-18T14:37:46Z,48.708681,2.001695,200.2,35.34,10.2,1.58,8
2025-09-18T14:37:47Z,48.708781,2.001689,201.6,40.50,5.2,2.04,7
2025-09-18T14:37:48Z,48.708895,2.001690,202.7,45.34,3.6,2.04,6
2025-09-18T14:37:49Z,48.708995,2.001650,205.0,43.32,358.4,1.34,7
2025-09-18T14:37:50Z,48.709094,2.001653,206.8,41.48,0.4,2.05,6
2025-09-18T14:37:51Z,48.709187,2.001631,208.1,40.04,357.7,1.34,7
2025-09-18T14:37:52Z,48.709268,2.001604,209.3,36.52,354.9,1.25,8
2025-09-18T14:37:53Z,48.709334,2.001582,212.3,31.72,354.2,1.18,8
2025-09-18T14:37:54Z,48.709378,2.001591,214.9,22.61,358.3,1.18,8
2025-09-18T14:37:55Z,48.709412,2.001583,216.7,16.30,358.8,0.95,9
2025-09-18T14:37:56Z,48.709412,2.001579,215.1,5.11,352.9,0.95,9
2025-09-18T14:37:57Z,48.709413,2.001580,214.9,4.82,304.9,0.90,10
2025-09-18T14:37:58Z,48.709409,2.001582,215.8,3.30,278.5,0.90,10
2025-09-18T14:37:59Z,48.709413,2.001596,215.0,4.24,242.9,0.97,10
2025-09-18T14:38:00Z,48.709412,2.001604,215.1,4.56,219.2,0.90,10
2025-09-18T14:38:01Z,48.709413,2.001619,214.3,5.39,196.8,0.90,10
2025-09-18T14:38:02Z,48.709406,2.001614,213.8,5.04,192.0,0.90,10
2025-09-18T14:38:03Z,48.709395,2.001616,212.5,6.11,181.0,0.90,10
2025-09-18T14:38:04Z,48.709388,2.001616,211.3,5.65,178.4,0.90,10
2025-09-18T14:38:05Z,48.709380,2.001627,211.0,6.20,170.6,0.90,10
2025-09-18T14:38:06Z,48.709359,2.001641,210.1,10.32,166.9,0.90,10
2025-09-18T14:38:07Z,48.709340,2.001655,210.2,10.07,165.8,0.90,10
2025-09-18T14:38:08Z,48.709317,2.001655,210.5,10.09,171.1,0.90,10
2025-09-18T14:38:09Z,48.709300,2.001663,211.1,9.37,173.1,0.90,10
2025-09-18T14:38:10Z,48.709275,2.001663,211.9,10.65,180.4,0.90,10
2025-09-18T14:38:11Z,48.709239,2.001663,212.7,12.67,180.6,0.90,10
2025-09-18T14:38:12Z,48.709181,2.001654,212.8,17.80,184.1,0.90,10
2025-09-18T14:38:13Z,48.709126,2.001643,213.2,19.63,185.6,0.90,10
2025-09-18T14:38:14Z,48.709095,2.001631,214.0,16.30,188.0,0.90,10
2025-09-18T14:38:15Z,48.709069,2.001626,214.6,14.08,190.3,0.90,10
2025-09-18T14:38:16Z,48.709025,2.001607,215.3,14.80,192.5,0.90,10
2025-09-18T14:38:17Z,48.708991,2.001612,216.3,13.63,188.8,0.90,10
2025-09-18T14:38:18Z,48.708926,2.001609,217.1,18.04,185.8,1.21,10
2025-09-18T14:38:19Z,48.708869,2.001612,217.8,19.83,183.1,1.21,9
2025-09-18T14:38:20Z,48.708816,2.001612,218.7,19.85,182.7,1.21,10
2025-09-18T14:38:21Z,48.708721,2.001600,219.0,25.74,183.4,1.21,9
2025-09-18T14:38:22Z,48.708630,2.001600,219.8,28.48,181.4,1.21,9
2025-09-18T14:38:23Z,48.708540,2.001600,220.3,29.89,180.3,1.21,9
2025-09-18T14:38:24Z,48.708449,2.001590,221.2,31.00,181.7,1.21,10
2025-09-18T14:38:25Z,48.708337,2.001561,220.5,33.15,185.3,1.21,9
2025-09-18T14:38:26Z,48.708248,2.001515,220.3,32.17,192.9,1.21,9
2025-09-18T14:38:27Z,48.708176,2.001450,221.2,30.50,203.3,0.90,10
2025-09-18T14:38:28Z,48.708163,2.001260,222.7,35.89,246.1,0.90,10
2025-09-18T14:38:29Z,48.708150,2.001086,224.8,44.76,265.5,0.95,9
2025-09-18T14:38:30Z,48.708154,2.000865,226.3,59.06,276.9,0.95,9
2025-09-18T14:38:31Z,48.708213,2.000636,226.4,70.12,290.4,1.18,9
2025-09-18T14:38:32Z,48.708244,2.000383,225.5,71.47,294.4,1.18,8
2025-09-18T14:38:33Z,48.708282,2.000160,225.2,66.12,296.3,1.18,8
2025-09-18T14:38:34Z,48.708308,1.999934,224.2,64.25,294.3,1.18,8
2025-09-18T14:38:35Z,48.708326,1.999707,223.4,62.63,289.5,1.82,8
2025-09-18T14:38:36Z,48.708361,1.999512,223.7,58.69,289.2,1.18,9
2025-09-18T14:38:37Z,48.708376,1.999328,224.0,54.26,287.6,1.34,7
2025-09-18T14:38:38Z,48.708402,1.999142,224.5,51.24,286.1,1.34,7
2025-09-18T14:38:39Z,48.708469,1.998988,224.6,46.60,294.9,1.34,7
2025-09-18T14:38:40Z,48.708545,1.998852,225.4,44.13,304.6,2.06,6
2025-09-18T14:38:41Z,48.708641,1.998760,223.9,47.34,322.4,1.34,8
2025-09-18T14:38:42Z,48.708708,1.998649,222.4,46.08,323.8,1.34,7
2025-09-18T14:38:43Z,48.708785,1.998512,223.0,46.67,319.4,1.34,8
2025-09-18T14:38:44Z,48.708871,1.998298,222.7,56.10,311.3,1.34,8
2025-09-18T14:38:45Z,48.708943,1.998047,221.7,66.12,302.4,1.11,8
2025-09-18T14:38:46Z,48.708984,1.997799,222.4,66.56,293.2,1.34,8
2025-09-18T14:38:47Z,48.709038,1.997570,222.2,65.51,291.5,2.15,7
2025-09-18T14:38:48Z,48.709061,1.997372,221.9,57.86,286.1,1.34,7
2025-09-18T14:38:49Z,48.709105,1.997177,221.5,56.84,285.7,1.34,7
2025-09-18T14:38:50Z,48.709170,1.996981,218.3,56.28,290.7,1.08,8
2025-09-18T14:38:51Z,48.709295,1.996837,217.3,57.39,307.2,1.20,8
2025-09-18T14:38:52Z,48.709394,1.996681,217.6,57.65,312.6,1.08,8
2025-09-18T14:38:53Z,48.709497,1.996555,217.9,54.78,318.3,1.34,7
2025-09-18T14:38:54Z,48.709624,1.996441,216.1,54.37,326.2,1.34,8
2025-09-18T14:38:55Z,48.709719,1.996307,215.7,52.04,322.7,1.34,7
2025-09-18T14:38:56Z,48.709805,1.996183,216.2,49.63,319.2,2.15,7
2025-09-18T14:38:57Z,48.709795,1.995901,217.3,54.60,289.4,1.34,7
2025-09-18T14:38:58Z,48.709797,1.995742,216.7,49.62,281.7,1.34,7
2025-09-18T14:38:59Z,48.709817,1.995568,216.9,49.67,280.4,1.34,7
2025-09-18T14:39:00Z,48.709871,1.995392,214.8,50.71,284.6,1.34,7
2025-09-18T14:39:01Z,48.709955,1.995214,214.5,54.65,295.7,1.34,7
2025-09-18T14:39:02Z,48.710039,1.995053,213.8,55.26,305.0,1.35,8
2025-09-18T14:39:03Z,48.710115,1.994895,212.5,53.52,306.6,1.35,7
2025-09-18T14:39:04Z,48.710185,1.994703,211.8,55.58,303.4,1.35,7
2025-09-18T14:39:05Z,48.710211,1.994462,211.8,59.00,290.8,1.35,7
2025-09-18T14:39:06Z,48.710253,1.994285,209.5,55.49,288.6,1.35,7
2025-09-18T14:39:07Z,48.710302,1.994097,205.5,52.45,287.0,1.11,8
2025-09-18T14:39:08Z,48.710370,1.993934,203.9,49.93,293.6,1.11,8
2025-09-18T14:39:09Z,48.710450,1.993821,203.7,42.56,304.4,1.11,8
2025-09-18T14:39:10Z,48.710534,1.993716,202.6,40.39,312.5,1.35,8
2025-09-18T14:39:11Z,48.710589,1.993611,202.2,36.04,311.9,1.35,7
2025-09-18T14:39:12Z,48.710618,1.993512,199.0,28.98,305.3,1.35,7
2025-09-18T14:39:13Z,48.710645,1.993420,199.3,26.72,298.7,1.35,7
2025-09-18T14:39:14Z,48.710666,1.993340,198.8,24.04,292.1,1.35,7
2025-09-18T14:39:15Z,48.710679,1.993258,196.4,23.72,285.0,1.35,7
2025-09-18T14:39:16Z,48.710693,1.993177,195.5,24.26,281.0,1.35,7
2025-09-18T14:39:17Z,48.710705,1.993101,194.4,22.65,279.9,1.35,7
2025-09-18T14:39:18Z,48.710715,1.993030,193.4,20.24,279.5,1.35,7
2025-09-18T14:39:19Z,48.710732,1.992966,192.0,19.22,280.4,1.35,7
2025-09-18T14:39:20Z,48.710742,1.992911,190.8,17.19,279.5,1.11,8
2025-09-18T14:39:21Z,48.710750,1.992858,190.1,15.24,282.6,1.11,8
2025-09-18T14:39:22Z,48.710759,1.992807,188.8,14.48,286.6,1.11,9
2025-09-18T14:39:23Z,48.710768,1.992751,188.5,14.74,290.1,1.57,9
2025-09-18T14:39:24Z,48.710780,1.992693,189.3,14.93,291.2,1.37,9
2025-09-18T14:39:25Z,48.710796,1.992642,190.6,13.63,295.5,1.37,9
2025-09-18T14:39:26Z,48.710813,1.992601,190.4,10.54,296.3,1.05,9
2025-09-18T14:39:27Z,48.710840,1.992559,191.8,12.02,309.8,1.05,9
2025-09-18T14:39:28Z,48.710865,1.992512,193.2,13.83,310.8,1.05,9
2025-09-18T14:39:29Z,48.710883,1.992478,193.4,11.26,308.9,1.05,9
2025-09-18T14:39:30Z,48.710906,1.992433,193.4,12.95,308.1,1.05,9
2025-09-18T14:39:31Z,48.710950,1.992332,193.1,21.58,303.6,1.05,9
2025-09-18T14:39:32Z,48.710968,1.992228,194.0,22.84,292.8,1.05,9
2025-09-18T14:39:33Z,48.710996,1.992147,191.0,23.30,285.4,1.35,8
2025-09-18T14:39:34Z,48.710998,1.992053,190.1,23.48,277.6,1.35,8
2025-09-18T14:39:35Z,48.710993,1.991975,190.7,21.04,271.8,1.11,8
2025-09-18T14:39:36Z,48.710993,1.991909,190.3,19.02,267.8,1.35,8
2025-09-18T14:39:37Z,48.710975,1.991839,188.0,20.11,255.1,1.35,7
2025-09-18T14:39:38Z,48.710972,1.991780,186.1,20.39,250.7,1.35,7
2025-09-18T14:39:39Z,48.710962,1.991703,186.0,21.11,256.4,1.35,7
2025-09-18T14:39:40Z,48.710976,1.991625,183.4,21.71,268.1,1.35,7
2025-09-18T14:39:41Z,48.710991,1.991541,182.6,21.85,278.0,1.35,7
2025-09-18T14:39:42Z,48.711005,1.991464,183.5,21.08,285.4,1.11,8
2025-09-18T14:39:43Z,48.711024,1.991394,183.6,19.48,291.4,1.11,8
2025-09-18T14:39:44Z,48.711045,1.991330,184.6,18.35,298.4,1.04,9
2025-09-18T14:39:45Z,48.711071,1.991266,184.8,18.78,300.8,1.08,9
2025-09-18T14:39:46Z,48.711095,1.991201,185.3,19.54,301.8,1.08,8
2025-09-18T14:39:47Z,48.711120,1.991129,185.3,20.28,301.0,1.35,7
2025-09-18T14:39:48Z,48.711133,1.991045,184.3,19.95,294.1,1.35,7
2025-09-18T14:39:49Z,48.711147,1.990974,183.9,19.11,289.6,1.35,7
2025-09-18T14:39:50Z,48.711143,1.990941,184.8,13.28,283.8,1.11,8
2025-09-18T14:39:51Z,48.711122,1.990895,184.0,13.72,259.5,1.11,8
2025-09-18T14:39:52Z,48.711109,1.990869,183.1,11.24,248.5,1.04,9
2025-09-18T14:39:53Z,48.711092,1.990817,182.2,14.45,236.6,1.04,9
2025-09-18T14:39:54Z,48.711048,1.990735,181.6,22.30,225.8,1.04,9
2025-09-18T14:39:55Z,48.710982,1.990657,178.7,29.35,214.4,1.11,8
2025-09-18T14:39:56Z,48.710916,1.990580,176.8,33.19,209.9,1.36,8
2025-09-18T14:39:57Z,48.710847,1.990516,175.8,33.95,206.7,1.36,7
2025-09-18T14:39:58Z,48.710777,1.990455,174.5,35.78,204.2,1.36,7
2025-09-18T14:39:59Z,48.710700,1.990402,174.3,36.67,201.7,1.36,7
2025-09-18T14:40:00Z,48.710621,1.990347,171.2,39.24,198.2,1.31,9
2025-09-18T14:40:01Z,48.710539,1.990289,168.4,40.73,197.3,1.31,8
2025-09-18T14:40:02Z,48.710450,1.990242,166.1,40.63,194.8,1.31,8
2025-09-18T14:40:03Z,48.710350,1.990190,163.6,43.36,194.3,1.31,8
2025-09-18T14:40:04Z,48.710247,1.990140,160.8,44.50,192.5,1.31,8
2025-09-18T14:40:05Z,48.710150,1.990094,159.5,42.87,191.7,1.35,9
2025-09-18T14:40:06Z,48.710069,1.990046,155.0,39.37,190.5,1.35,7
2025-09-18T14:40:07Z,48.709977,1.990023,153.6,38.74,188.1,1.35,7
2025-09-18T14:40:08Z,48.709891,1.990003,151.6,38.17,186.2,1.31,8
2025-09-18T14:40:09Z,48.709817,1.989977,149.2,35.56,187.9,1.31,9
2025-09-18T14:40:10Z,48.709747,1.989956,146.8,33.37,185.7,1.31,8
2025-09-18T14:40:11Z,48.709677,1.989943,145.3,31.78,183.8,1.31,8
2025-09-18T14:40:12Z,48.709603,1.989934,143.8,31.32,181.4,1.31,8
2025-09-18T14:40:13Z,48.709520,1.989912,142.5,32.22,183.7,1.20,10
2025-09-18T14:40:14Z,48.709447,1.989889,142.3,31.72,184.7,1.31,9
2025-09-18T14:40:15Z,48.709378,1.989865,140.9,31.00,187.5,1.20,9
2025-09-18T14:40:16Z,48.709320,1.989847,139.7,27.95,187.8,1.20,9
2025-09-18T14:40:17Z,48.709266,1.989817,138.4,25.41,190.3,1.20,10
2025-09-18T14:40:18Z,48.709217,1.989784,137.5,21.58,191.8,1.20,9
2025-09-18T14:40:19Z,48.709180,1.989748,136.0,18.28,197.2,0.89,10
2025-09-18T14:40:20Z,48.709153,1.989719,135.2,14.72,205.4,0.89,10
2025-09-18T14:40:21Z,48.709119,1.989697,134.0,13.98,205.4,0.89,10
2025-09-18T14:40:22Z,48.709084,1.989669,132.7,15.95,208.8,0.97,9
2025-09-18T14:40:23Z,48.709052,1.989645,132.6,15.61,202.5,0.97,9
2025-09-18T14:40:24Z,48.709023,1.989632,131.9,13.74,191.0,1.83,9
2025-09-18T14:40:25Z,48.708987,1.989648,129.4,16.46,169.6,1.72,8
2025-09-18T14:40:26Z,48.708972,1.989658,128.1,12.48,161.1,1.20,9
2025-09-18T14:40:27Z,48.708962,1.989665,127.4,9.02,155.5,0.89,10
2025-09-18T14:40:28Z,48.708957,1.989661,127.2,4.91,154.5,0.89,10
2025-09-18T14:40:59Z,48.708947,1.989491,110.5,3.57,139.2,0.89,10
2025-09-18T14:41:00Z,48.708948,1.989512,110.6,6.09,101.4,0.89,10
2025-09-18T14:41:01Z,48.708954,1.989532,110.8,6.83,64.1,0.89,10
2025-09-18T14:41:02Z,48.708977,1.989544,111.1,12.67,34.1,0.89,10
2025-09-18T14:41:03Z,48.709022,1.989550,111.5,20.71,12.1,0.90,9
2025-09-18T14:41:04Z,48.709088,1.989565,111.8,28.93,8.5,0.89,10
2025-09-18T14:41:05Z,48.709165,1.989584,112.0,32.74,10.1,0.89,10
2025-09-18T14:41:06Z,48.709253,1.989585,112.4,35.85,4.1,1.04,10
2025-09-18T14:41:07Z,48.709348,1.989588,112.5,39.48,3.5,1.10,9
2025-09-18T14:41:08Z,48.709459,1.989604,112.7,43.98,4.3,1.36,8
2025-09-18T14:41:09Z,48.709579,1.989613,112.9,47.84,3.6,2.10,8
2025-09-18T14:41:10Z,48.709693,1.989645,112.9,47.13,6.6,2.10,6
2025-09-18T14:41:11Z,48.709797,1.989666,112.8,43.11,6.2,2.10,7
2025-09-18T14:41:12Z,48.709891,1.989698,112.7,39.67,8.2,1.36,7
2025-09-18T14:41:13Z,48.709980,1.989727,113.3,37.17,10.1,1.04,9
2025-09-18T14:41:14Z,48.710060,1.989775,114.1,35.13,15.3,1.04,9
2025-09-18T14:41:15Z,48.710148,1.989823,114.4,37.56,17.1,1.37,8
2025-09-18T14:41:16Z,48.710249,1.989839,114.3,40.36,12.8,1.37,8
2025-09-18T14:41:17Z,48.710356,1.989890,114.7,44.39,15.6,1.37,8
2025-09-18T14:41:18Z,48.710456,1.989946,115.3,42.76,18.2,1.57,9
2025-09-18T14:41:19Z,48.710544,1.989999,116.0,38.02,20.3,1.40,8
2025-09-18T14:41:20Z,48.710627,1.990043,116.3,35.47,21.4,2.10,7
2025-09-18T14:41:21Z,48.710708,1.990088,116.9,35.48,20.7,1.40,8
2025-09-18T14:41:22Z,48.710796,1.990138,117.1,38.15,20.3,2.10,7
2025-09-18T14:41:23Z,48.710886,1.990197,117.5,39.17,24.3,1.10,9
2025-09-18T14:41:24Z,48.710974,1.990262,118.3,39.65,27.6,1.10,9
2025-09-18T14:41:25Z,48.711060,1.990336,118.5,39.52,30.2,1.10,9
2025-09-18T14:41:26Z,48.711139,1.990413,118.3,37.95,37.2,1.10,8
2025-09-18T14:41:27Z,48.711203,1.990509,118.3,35.78,47.0,1.10,8
2025-09-18T14:41:28Z,48.711250,1.990602,119.7,32.13,54.2,1.10,8
2025-09-18T14:41:29Z,48.711288,1.990703,120.3,31.08,60.7,1.10,8
2025-09-18T14:41:30Z,48.711297,1.990808,120.8,28.35,72.5,1.57,7
2025-09-18T14:41:31Z,48.711283,1.991034,121.1,45.41,91.9,1.57,7
2025-09-18T14:41:32Z,48.711286,1.991215,121.8,47.45,90.6,1.10,8
2025-09-18T14:41:33Z,48.711299,1.991409,122.0,49.23,88.0,1.10,8
2025-09-18T14:41:34Z,48.711347,1.991588,121.9,47.82,78.3,1.10,8
2025-09-18T14:41:35Z,48.711391,1.991784,123.3,53.10,73.1,1.10,8
2025-09-18T14:41:36Z,48.711426,1.991984,124.2,54.56,73.2,1.10,8
2025-09-18T14:41:37Z,48.711431,1.992187,125.2,55.78,80.8,1.10,8
2025-09-18T14:41:38Z,48.711448,1.992408,125.6,59.21,82.8,1.57,8
2025-09-18T14:41:39Z,48.711387,1.992638,124.5,63.88,96.4,2.26,7
2025-09-18T14:41:40Z,48.711393,1.992903,124.8,65.78,92.7,2.26,6
2025-09-18T14:41:41Z,48.711379,1.993110,125.6,59.34,91.0,1.10,8
2025-09-18T14:41:42Z,48.711355,1.993326,125.7,61.89,94.2,1.36,7
2025-09-18T14:41:43Z,48.711326,1.993572,125.7,64.88,95.4,1.57,8
2025-09-18T14:41:44Z,48.711145,1.993686,126.9,59.91,115.0,1.57,7
2025-09-18T14:41:45Z,48.711070,1.993876,126.6,57.89,116.7,1.57,7
2025-09-18T14:41:46Z,48.711010,1.994065,126.4,55.28,115.3,1.77,7
2025-09-18T14:41:47Z,48.710957,1.994244,126.3,52.74,113.8,2.15,7
2025-09-18T14:41:48Z,48.710924,1.994426,126.4,50.73,109.0,1.84,6
2025-09-18T14:41:49Z,48.710882,1.994636,127.1,55.06,106.6,1.30,8
2025-09-18T14:41:50Z,48.710840,1.994893,127.3,63.38,104.6,1.36,8
2025-09-18T14:41:51Z,48.710802,1.995103,127.9,59.62,104.0,1.58,8
2025-09-18T14:41:52Z,48.710731,1.995287,128.6,57.41,107.7,1.58,7
2025-09-18T14:41:53Z,48.710675,1.995478,129.2,55.34,108.8,1.58,8
2025-09-18T14:41:54Z,48.710609,1.995652,130.7,53.56,110.1,1.37,8
2025-09-18T14:41:55Z,48.710594,1.995850,131.8,52.47,104.5,1.72,8
2025-09-18T14:41:56Z,48.710574,1.996065,133.0,56.06,101.0,1.41,7
2025-09-18T14:41:57Z,48.710559,1.996284,133.4,56.75,97.6,1.72,6
2025-09-18T14:41:58Z,48.710498,1.996457,134.0,55.36,97.3,1.76,6
2025-09-18T14:41:59Z,48.710481,1.996655,134.0,53.87,94.9,1.56,7
2025-09-18T14:42:00Z,48.710435,1.996801,134.0,47.65,97.8,1.76,8
2025-09-18T14:42:01Z,48.710260,1.996854,133.0,42.47,120.4,1.76,6
2025-09-18T14:42:02Z,48.710141,1.996927,134.8,41.41,130.9,1.36,7
2025-09-18T14:42:03Z,48.710000,1.997020,135.5,45.50,138.0,1.85,8
2025-09-18T14:42:04Z,48.709887,1.997143,136.2,48.74,136.9,1.18,8
2025-09-18T14:42:05Z,48.709797,1.997279,138.6,49.37,132.7,1.85,8
2025-09-18T14:42:06Z,48.709730,1.997474,139.0,54.84,125.6,2.71,7
2025-09-18T14:42:07Z,48.709689,1.997715,140.3,62.93,118.2,3.41,6
2025-09-18T14:42:08Z,48.709685,1.998003,142.6,70.47,106.7,1.76,6
2025-09-18T14:42:09Z,48.709684,1.998297,143.7,74.01,100.8,1.65,7
2025-09-18T14:42:10Z,48.709688,1.998565,144.1,68.15,95.5,1.65,7
2025-09-18T14:42:11Z,48.709714,1.998819,143.2,61.69,88.4,1.56,7
2025-09-18T14:42:12Z,48.709577,1.998943,143.0,53.02,98.0,1.56,7
2025-09-18T14:42:13Z,48.709518,1.999053,143.7,39.34,98.1,1.56,7
2025-09-18T14:42:14Z,48.709464,1.999124,148.5,32.52,97.1,1.10,8
2025-09-18T14:42:15Z,48.709463,1.999262,151.2,37.60,85.0,1.03,9
2025-09-18T14:42:16Z,48.709325,1.999383,154.2,46.52,102.9,1.03,9
2025-09-18T14:42:17Z,48.709259,1.999569,158.1,55.37,100.8,1.03,9
2025-09-18T14:42:18Z,48.709182,1.999787,160.6,66.93,102.6,1.03,9
2025-09-18T14:42:19Z,48.709104,1.999997,164.7,68.49,103.2,1.03,9
2025-09-18T14:42:20Z,48.708982,2.000208,165.2,69.82,108.6,1.36,9
2025-09-18T14:42:21Z,48.708813,2.000407,164.1,72.43,114.7,1.56,8
2025-09-18T14:42:22Z,48.708675,2.000626,163.1,72.73,118.4,1.10,8
2025-09-18T14:42:23Z,48.708582,2.000852,162.5,65.67,115.1,1.10,8
2025-09-18T14:42:24Z,48.708507,2.001047,163.6,59.06,114.1,1.10,8
2025-09-18T14:42:25Z,48.708445,2.001204,164.7,49.82,111.3,1.10,8
2025-09-18T14:42:26Z,48.708414,2.001369,164.8,45.41,104.7,1.10,8
2025-09-18T14:42:27Z,48.708409,2.001517,166.1,40.78,90.2,1.10,8
2025-09-18T14:42:28Z,48.708386,2.001628,169.7,39.52,82.0,1.03,9
2025-09-18T14:42:29Z,48.708388,2.001712,173.1,34.13,69.8,1.03,9
2025-09-18T14:42:30Z,48.708426,2.001775,177.3,41.26,46.2,1.36,8
2025-09-18T14:42:31Z,48.708469,2.001863,182.6,50.99,42.3,1.36,8
2025-09-18T14:42:32Z,48.708531,2.001937,186.2,56.58,36.1,1.68,8
2025-09-18T14:42:33Z,48.708613,2.002068,189.9,55.76,40.2,1.68,7
2025-09-18T14:42:34Z,48.708714,2.002158,193.2,56.84,35.3,1.68,8
2025-09-18T14:42:35Z,48.708845,2.002223,196.8,61.82,28.3,2.01,6
2025-09-18T14:42:36Z,48.708967,2.002344,199.9,63.38,30.2,2.01,7
2025-09-18T14:42:37Z,48.709090,2.002338,202.9,60.91,22.1,2.20,7
2025-09-18T14:42:38Z,48.709220,2.002416,204.6,60.25,22.3,3.28,5
2025-09-18T14:42:39Z,48.709327,2.002439,207.0,57.73,20.1,2.53,6
2025-09-18T14:42:40Z,48.709462,2.002358,209.4,57.97,10.7,2.12,6
2025-09-18T14:42:41Z,48.709596,2.002357,211.8,57.21,9.6,2.12,6
2025-09-18T14:42:42Z,48.709723,2.002326,214.5,57.45,6.6,1.37,7
2025-09-18T14:42:43Z,48.709857,2.002295,217.1,58.93,4.2,1.37,7
2025-09-18T14:42:44Z,48.709998,2.002257,219.5,58.54,2.6,1.37,7
2025-09-18T14:42:45Z,48.710144,2.002235,221.4,61.21,1.9,1.37,7
2025-09-18T14:42:46Z,48.710310,2.002203,222.6,64.65,3.1,2.12,7
2025-09-18T14:42:47Z,48.710477,2.002165,223.9,65.47,4.2,1.56,7
2025-09-18T14:42:48Z,48.710654,2.002123,223.5,67.15,1.9,2.98,5
2025-09-18T14:42:49Z,48.710829,2.002099,220.5,65.69,2.3,2.01,6
2025-09-18T14:42:50Z,48.711019,2.002060,212.6,65.36,1.1,1.10,8
2025-09-18T14:42:51Z,48.711203,2.002010,207.3,64.95,360.0,1.10,8
2025-09-18T14:42:52Z,48.711375,2.001979,205.2,64.15,0.0,1.10,8
2025-09-18T14:42:53Z,48.711545,2.001958,201.3,62.93,0.7,1.10,8
2025-09-18T14:42:54Z,48.711705,2.001948,198.7,60.41,1.2,1.10,8
2025-09-18T14:42:55Z,48.711858,2.001955,194.0,56.04,1.9,1.10,8
2025-09-18T14:42:56Z,48.711999,2.001959,191.0,53.63,2.0,1.56,7
2025-09-18T14:42:57Z,48.712138,2.001960,188.3,52.60,1.9,1.10,8
2025-09-18T14:42:58Z,48.712272,2.001966,185.3,50.87,3.0,1.10,8
2025-09-18T14:42:59Z,48.712398,2.001971,183.7,48.15,3.2,1.10,8
2025-09-18T14:43:00Z,48.712513,2.001977,182.5,44.49,2.5,1.03,10
2025-09-18T14:43:01Z,48.712618,2.001981,181.2,40.36,2.0,1.03,9
2025-09-18T14:43:02Z,48.712714,2.001977,180.6,36.84,0.7,1.03,9
2025-09-18T14:43:03Z,48.712801,2.001976,179.5,32.98,1.5,1.07,8
2025-09-18T14:43:04Z,48.712878,2.001977,178.5,28.71,1.9,1.07,8
2025-09-18T14:43:05Z,48.712938,2.001963,179.1,23.58,359.7,0.88,10
2025-09-18T14:43:06Z,48.712983,2.001973,178.6,16.26,7.3,0.88,10
2025-09-18T14:43:07Z,48.713017,2.001986,177.5,11.30,15.9,0.92,8
2025-09-18T14:43:08Z,48.713039,2.002005,176.5,7.02,26.3,0.90,9
2025-09-18T14:43:09Z,48.713053,2.002017,175.6,4.52,30.8,0.90,9
2025-09-18T14:43:10Z,48.713065,2.002023,175.0,4.26,27.0,0.90,9
2025-09-18T14:43:11Z,48.713074,2.002018,175.6,4.00,4.4,0.88,10
2025-09-18T14:43:12Z,48.713084,2.002011,175.9,4.06,345.8,1.19,9
2025-09-18T14:43:21Z,48.713088,2.002017,174.0,4.65,280.0,1.18,9
2025-09-18T14:43:22Z,48.713084,2.001991,174.0,8.15,260.1,0.88,10
2025-09-18T14:43:23Z,48.713065,2.001959,173.7,13.45,234.5,0.88,10
2025-09-18T14:43:24Z,48.713021,2.001934,173.7,20.39,206.0,0.88,10
2025-09-18T14:43:25Z,48.712954,2.001920,173.8,28.32,187.3,0.94,10
2025-09-18T14:43:26Z,48.712870,2.001911,173.6,35.48,182.7,0.88,10
2025-09-18T14:43:27Z,48.712775,2.001898,173.2,39.17,183.6,1.18,9
2025-09-18T14:43:28Z,48.712668,2.001886,173.0,44.47,183.1,1.18,9
2025-09-18T14:43:29Z,48.712547,2.001873,173.0,49.39,182.8,1.18,9
2025-09-18T14:43:30Z,48.712416,2.001858,173.1,53.49,183.4,1.18,9
2025-09-18T14:43:31Z,48.712277,2.001846,173.0,56.37,182.8,1.18,10
2025-09-18T14:43:32Z,48.712137,2.001832,173.1,56.62,183.6,1.18,9
2025-09-18T14:43:33Z,48.711993,2.001817,173.1,58.41,183.0,1.18,9
2025-09-18T14:43:34Z,48.711844,2.001804,173.1,60.58,182.6,1.18,9
2025-09-18T14:43:35Z,48.711689,2.001791,173.0,62.21,182.8,1.18,9
2025-09-18T14:43:36Z,48.711533,2.001779,173.0,62.84,182.9,1.18,9
2025-09-18T14:43:37Z,48.711376,2.001761,173.2,63.32,184.1,1.18,9
2025-09-18T14:43:38Z,48.711218,2.001745,173.2,63.32,183.4,1.18,9
2025-09-18T14:43:39Z,48.711061,2.001729,173.2,63.39,183.6,1.18,9
2025-09-18T14:43:40Z,48.710902,2.001715,173.4,63.58,183.5,1.18,9
2025-09-18T14:43:41Z,48.710744,2.001698,173.7,63.67,184.0,1.18,9
2025-09-18T14:43:42Z,48.710585,2.001682,173.9,63.69,183.6,1.18,9
2025-09-18T14:43:43Z,48.710426,2.001670,174.3,63.80,182.8,1.18,9
2025-09-18T14:43:44Z,48.710268,2.001670,174.5,63.71,180.6,1.18,9
2025-09-18T14:43:45Z,48.710102,2.001669,175.0,65.47,180.1,1.18,9
2025-09-18T14:43:46Z,48.709935,2.001658,175.5,66.38,181.4,1.18,9
2025-09-18T14:43:47Z,48.709763,2.001655,175.9,67.95,180.8,1.18,9
2025-09-18T14:43:48Z,48.709592,2.001646,176.8,68.21,181.3,1.18,9
2025-09-18T14:43:49Z,48.709427,2.001630,177.0,67.08,182.6,1.18,9
2025-09-18T14:43:50Z,48.709260,2.001621,177.5,67.14,182.5,1.18,10
2025-09-18T14:43:51Z,48.709111,2.001612,178.2,63.76,182.9,1.18,9
2025-09-18T14:43:52Z,48.708961,2.001611,178.7,61.93,181.5,1.18,9
2025-09-18T14:43:53Z,48.708806,2.001614,179.2,62.13,180.6,1.18,9
2025-09-18T14:43:54Z,48.708652,2.001607,179.7,61.95,181.1,1.18,10
2025-09-18T14:43:55Z,48.708509,2.001599,180.3,60.23,182.0,1.77,9
2025-09-18T14:43:56Z,48.708361,2.001597,181.2,60.02,181.3,1.77,8
2025-09-18T14:43:57Z,48.708235,2.001587,181.5,56.58,182.2,1.18,9
2025-09-18T14:43:58Z,48.708115,2.001580,182.0,53.39,182.2,1.26,10
2025-09-18T14:43:59Z,48.708008,2.001538,182.5,50.19,186.7,1.18,9
2025-09-18T14:44:00Z,48.707900,2.001471,183.3,49.06,192.8,1.18,9
2025-09-18T14:44:01Z,48.707846,2.001371,184.3,44.26,204.8,1.29,8
2025-09-18T14:44:02Z,48.707829,2.001258,185.4,39.56,219.8,1.03,9
2025-09-18T14:44:03Z,48.707857,2.001047,186.7,45.65,250.1,1.03,9
2025-09-18T14:44:04Z,48.707881,2.000856,187.9,49.00,265.6,1.35,9
2025-09-18T14:44:05Z,48.707960,2.000623,189.3,60.28,285.0,1.09,8
2025-09-18T14:44:06Z,48.708060,2.000307,188.6,77.69,293.7,1.38,8
2025-09-18T14:44:07Z,48.708118,2.000039,188.4,76.15,294.1,1.38,7
2025-09-18T14:44:08Z,48.708183,1.999762,188.4,77.62,293.2,1.38,7
2025-09-18T14:44:09Z,48.708239,1.999488,188.7,76.36,291.2,1.38,7
2025-09-18T14:44:10Z,48.708294,1.999252,189.0,70.71,290.4,1.38,7
2025-09-18T14:44:11Z,48.708347,1.999090,189.9,58.30,292.0,1.09,8
2025-09-18T14:44:12Z,48.708456,1.998954,190.7,51.06,304.9,1.09,8
2025-09-18T14:44:13Z,48.708540,1.998833,192.6,44.00,312.6,1.09,8
2025-09-18T14:44:14Z,48.708645,1.998747,193.7,46.76,327.1,1.09,8
2025-09-18T14:44:15Z,48.708730,1.998629,194.9,45.97,324.9,1.09,8
2025-09-18T14:44:16Z,48.708806,1.998498,195.0,46.11,320.6,1.38,8
2025-09-18T14:44:17Z,48.708913,1.998211,193.7,65.99,308.9,2.15,7
2025-09-18T14:44:18Z,48.708959,1.997936,194.9,71.30,297.8,2.15,6
2025-09-18T14:44:19Z,48.709014,1.997679,195.5,71.41,293.1,1.38,7
2025-09-18T14:44:20Z,48.709068,1.997436,195.4,68.17,290.9,1.38,7
2025-09-18T14:44:21Z,48.709109,1.997225,195.1,62.12,288.2,1.38,7
2025-09-18T14:44:22Z,48.709174,1.997028,194.6,59.73,291.5,1.38,7
2025-09-18T14:44:23Z,48.709266,1.996832,194.8,61.91,298.1,1.38,8
2025-09-18T14:44:24Z,48.709375,1.996665,195.9,61.93,306.1,1.38,7
2025-09-18T14:44:25Z,48.709516,1.996537,196.1,64.04,318.9,1.38,7
2025-09-18T14:44:26Z,48.709624,1.996420,197.4,57.41,323.4,1.38,7
2025-09-18T14:44:27Z,48.709713,1.996268,198.4,55.19,318.8,1.38,7
2025-09-18T14:44:28Z,48.709794,1.996130,198.7,51.91,315.9,1.38,7
2025-09-18T14:44:29Z,48.709807,1.995932,200.0,48.80,298.6,1.18,7
2025-09-18T14:44:30Z,48.709799,1.995758,200.8,47.71,283.5,1.18,7
2025-09-18T14:44:31Z,48.709813,1.995551,201.4,52.02,280.3,1.07,8
2025-09-18T14:44:32Z,48.709866,1.995363,201.3,52.04,286.3,1.38,8
2025-09-18T14:44:33Z,48.709990,1.995162,203.1,59.76,301.9,1.38,7
2025-09-18T14:44:34Z,48.710067,1.994994,203.0,57.49,305.9,1.38,7
2025-09-18T14:44:35Z,48.710147,1.994779,202.3,60.47,303.9,1.38,7
2025-09-18T14:44:36Z,48.710181,1.994529,202.3,63.36,294.3,1.38,7
2025-09-18T14:44:37Z,48.710234,1.994294,201.1,64.67,289.9,1.38,7
2025-09-18T14:44:38Z,48.710289,1.994102,200.1,59.34,289.8,1.38,8
2025-09-18T14:44:39Z,48.710372,1.993918,199.4,57.41,296.0,1.38,7
2025-09-18T14:44:40Z,48.710481,1.993750,200.5,59.12,306.5,1.38,7
2025-09-18T14:44:41Z,48.710571,1.993554,199.9,59.45,306.3,1.38,8
2025-09-18T14:44:42Z,48.710625,1.993347,199.5,58.76,300.0,1.38,7
2025-09-18T14:44:43Z,48.710619,1.993071,194.4,63.43,280.4,1.38,7
2025-09-18T14:44:44Z,48.710650,1.992859,193.6,60.76,279.7,1.38,7
2025-09-18T14:44:45Z,48.710705,1.992663,191.8,58.65,286.2,1.38,7
2025-09-18T14:44:46Z,48.710785,1.992433,190.4,63.65,292.6,1.38,7
2025-09-18T14:44:47Z,48.710857,1.992224,190.0,63.28,295.5,1.38,8
2025-09-18T14:44:48Z,48.710926,1.992037,189.1,58.28,296.0,1.38,8
2025-09-18T14:44:49Z,48.710939,1.991832,186.1,53.89,283.0,1.38,7
2025-09-18T14:44:50Z,48.710909,1.991600,185.0,62.17,263.7,1.38,7
2025-09-18T14:44:51Z,48.710917,1.991439,178.7,56.26,260.1,1.38,7
2025-09-18T14:44:52Z,48.710952,1.991253,175.9,53.56,272.6,1.38,7
2025-09-18T14:44:53Z,48.710979,1.991051,176.7,53.93,279.2,1.38,7
2025-09-18T14:44:54Z,48.711024,1.990867,177.9,52.76,286.6,1.38,7
2025-09-18T14:44:55Z,48.711071,1.990692,176.7,50.95,288.3,1.38,7
2025-09-18T14:44:56Z,48.711101,1.990528,176.3,47.23,285.2,1.38,8
2025-09-18T14:44:57Z,48.711087,1.990343,175.1,47.54,273.0,1.38,7
2025-09-18T14:44:58Z,48.711044,1.990197,171.5,47.49,256.2,1.38,7
2025-09-18T14:44:59Z,48.710866,1.990178,166.9,49.56,214.6,2.25,7
2025-09-18T14:45:00Z,48.710740,1.990117,167.4,56.80,204.7,1.35,8
2025-09-18T14:45:01Z,48.710623,1.990055,165.6,58.17,201.8,1.35,8
2025-09-18T14:45:02Z,48.710489,1.989979,162.8,60.89,199.5,1.18,9
2025-09-18T14:45:03Z,48.710354,1.989919,160.1,62.51,196.1,1.32,7
2025-09-18T14:45:04Z,48.710211,1.989849,157.5,63.34,196.3,1.32,7
2025-09-18T14:45:05Z,48.710071,1.989784,154.5,63.45,195.5,1.32,7
2025-09-18T14:45:06Z,48.709923,1.989746,152.1,63.45,191.5,1.47,7
2025-09-18T14:45:07Z,48.709778,1.989729,149.3,62.71,187.5,1.28,8
2025-09-18T14:45:08Z,48.709642,1.989697,146.4,60.56,186.7,1.28,8
2025-09-18T14:45:09Z,48.709527,1.989674,145.6,54.12,186.6,1.28,8
2025-09-18T14:45:10Z,48.709418,1.989667,144.2,50.02,184.7,1.28,8
2025-09-18T14:45:11Z,48.709308,1.989644,142.1,47.78,185.3,1.28,8
2025-09-18T14:45:12Z,48.709214,1.989616,140.9,42.26,187.0,1.28,9
2025-09-18T14:45:13Z,48.709147,1.989593,140.2,32.69,187.5,1.32,8
2025-09-18T14:45:14Z,48.709103,1.989570,137.9,25.35,192.0,1.02,9
2025-09-18T14:45:15Z,48.709086,1.989533,139.1,15.39,207.9,1.02,9
2025-09-18T14:45:16Z,48.709078,1.989520,139.0,9.89,215.8,1.02,9
2025-09-18T14:45:17Z,48.709058,1.989495,137.4,10.13,220.1,0.87,10
2025-09-18T14:45:18Z,48.709040,1.989483,137.4,10.98,214.7,0.87,10
2025-09-18T14:45:19Z,48.709024,1.989479,136.2,9.67,206.5,0.87,10
2025-09-18T14:45:20Z,48.709013,1.989479,134.6,7.39,196.8,0.87,10
2025-09-18T14:45:21Z,48.708998,1.989484,133.1,8.65,179.7,1.02,9
2025-09-18T14:45:22Z,48.708969,1.989493,132.4,11.76,173.6,1.02,10
2025-09-18T14:45:23Z,48.708948,1.989510,131.5,10.85,165.1,0.94,10
2025-09-18T14:45:24Z,48.708928,1.989526,131.7,9.87,158.5,1.09,9
2025-09-18T14:45:25Z,48.708917,1.989531,130.4,7.87,155.7,0.87,10
2025-09-18T14:45:26Z,48.708915,1.989527,129.3,3.67,156.0,0.87,10
2025-09-18T14:46:43Z,48.708918,1.989439,106.3,5.61,117.2,0.87,10
2025-09-18T14:46:44Z,48.708921,1.989463,107.1,6.67,93.2,0.87,10
2025-09-18T14:46:45Z,48.708937,1.989484,108.1,10.74,43.4,1.02,10
2025-09-18T14:46:46Z,48.708972,1.989501,108.6,19.04,22.9,1.02,10
2025-09-18T14:46:47Z,48.709029,1.989507,109.6,26.21,6.8,1.02,10
2025-09-18T14:46:48Z,48.709094,1.989536,111.4,31.56,21.3,1.09,10
2025-09-18T14:46:49Z,48.709172,1.989546,113.3,31.87,6.4,1.05,9
2025-09-18T14:46:50Z,48.709247,1.989539,115.5,31.17,356.8,1.09,9
2025-09-18T14:46:51Z,48.709344,1.989562,117.1,37.47,8.4,1.40,9
2025-09-18T14:46:52Z,48.709437,1.989599,121.8,39.45,15.8,1.06,8
2025-09-18T14:46:53Z,48.709536,1.989653,126.9,43.74,19.5,1.31,7
2025-09-18T14:46:54Z,48.709646,1.989671,131.9,45.93,7.2,1.31,7
2025-09-18T14:46:55Z,48.709749,1.989673,139.0,44.52,1.6,1.06,8
2025-09-18T14:46:56Z,48.709870,1.989658,142.3,47.13,358.5,1.09,9
2025-09-18T14:46:57Z,48.709993,1.989704,146.5,49.13,12.5,2.00,8
2025-09-18T14:46:58Z,48.710094,1.989801,151.8,46.97,28.4,1.67,7
2025-09-18T14:46:59Z,48.710204,1.989858,156.7,46.36,24.4,1.36,8
2025-09-18T14:47:00Z,48.710308,1.989915,163.8,44.56,23.0,1.11,7
2025-09-18T14:47:01Z,48.710425,1.989956,167.3,44.37,19.0,1.35,7
2025-09-18T14:47:02Z,48.710528,1.990018,172.5,44.58,23.3,1.40,8
2025-09-18T14:47:03Z,48.710654,1.990129,169.0,47.95,27.7,1.40,8
2025-09-18T14:47:04Z,48.710794,1.990215,161.2,44.78,28.0,1.40,8
2025-09-18T14:47:05Z,48.710922,1.990296,152.8,41.91,33.9,1.40,7
2025-09-18T14:47:06Z,48.711038,1.990385,147.2,44.41,40.0,1.09,8
2025-09-18T14:47:07Z,48.711119,1.990500,146.1,41.02,49.2,1.09,8
2025-09-18T14:47:08Z,48.711163,1.990661,145.6,46.28,73.3,1.09,8
2025-09-18T14:47:09Z,48.711143,1.990797,147.3,41.00,101.7,1.09,8
2025-09-18T14:47:10Z,48.711104,1.990942,146.9,48.17,119.5,1.09,8
2025-09-18T14:47:11Z,48.711072,1.991099,146.5,45.26,110.5,1.09,8
2025-09-18T14:47:12Z,48.711108,1.991292,148.7,50.06,81.6,1.09,8
2025-09-18T14:47:13Z,48.711158,1.991477,145.0,51.12,76.2,1.09,8
2025-09-18T14:47:14Z,48.711217,1.991680,144.9,56.80,67.1,1.09,8
2025-09-18T14:47:15Z,48.711247,1.991880,145.3,54.10,75.0,1.09,8
2025-09-18T14:47:16Z,48.711253,1.992098,144.7,58.32,89.3,1.09,8
2025-09-18T14:47:17Z,48.711194,1.992295,145.1,57.82,113.5,1.09,8
2025-09-18T14:47:18Z,48.711163,1.992498,146.9,55.50,101.2,1.55,8
2025-09-18T14:47:19Z,48.711170,1.992725,148.5,57.93,87.6,2.20,6
2025-09-18T14:47:20Z,48.711211,1.992967,149.6,62.51,77.2,1.09,8
2025-09-18T14:47:21Z,48.711265,1.993276,146.8,80.28,75.5,1.36,9
2025-09-18T14:47:22Z,48.711134,1.993471,148.4,69.30,103.0,1.55,7
2025-09-18T14:47:23Z,48.711078,1.993706,147.4,63.54,110.2,1.55,7
2025-09-18T14:47:24Z,48.710971,1.993850,148.0,53.65,135.7,1.73,6
2025-09-18T14:47:25Z,48.710913,1.993986,149.4,41.17,121.7,1.55,7
2025-09-18T14:47:26Z,48.710879,1.994162,152.4,48.15,105.3,1.01,9
2025-09-18T14:47:27Z,48.710868,1.994374,158.9,62.17,91.4,1.01,9
2025-09-18T14:47:28Z,48.710828,1.994627,159.2,67.28,97.7,1.36,9
2025-09-18T14:47:29Z,48.710784,1.994859,157.9,62.65,100.5,1.55,7
2025-09-18T14:47:30Z,48.710659,1.995034,158.1,60.60,112.7,1.55,7
2025-09-18T14:47:31Z,48.710595,1.995224,160.9,57.50,112.7,1.36,8
2025-09-18T14:47:32Z,48.710543,1.995408,161.3,54.00,112.2,1.54,8
2025-09-18T14:47:33Z,48.710517,1.995591,160.6,50.12,108.3,1.54,7
2025-09-18T14:47:34Z,48.710484,1.995738,164.4,45.87,105.2,1.27,8
2025-09-18T14:47:35Z,48.710449,1.995924,165.4,48.58,103.4,1.36,9
2025-09-18T14:47:36Z,48.710420,1.996135,167.0,54.17,98.4,1.55,8
2025-09-18T14:47:37Z,48.710324,1.996291,168.0,52.65,102.5,1.36,8
2025-09-18T14:47:38Z,48.710296,1.996466,169.2,48.67,100.7,1.55,7
2025-09-18T14:47:39Z,48.710237,1.996563,173.4,39.87,104.9,1.12,8
2025-09-18T14:47:40Z,48.710156,1.996644,175.6,35.87,114.7,1.12,7
2025-09-18T14:47:41Z,48.710096,1.996746,181.6,36.28,115.4,1.01,9
2025-09-18T14:47:42Z,48.710022,1.996859,185.4,38.00,120.8,1.92,9
2025-09-18T14:47:43Z,48.709968,1.997002,186.6,39.45,119.5,1.92,7
2025-09-18T14:47:44Z,48.709900,1.997209,186.7,48.41,117.5,1.92,7
2025-09-18T14:47:45Z,48.709879,1.997451,189.1,56.58,108.5,1.27,8
2025-09-18T14:47:46Z,48.709838,1.997714,193.5,66.54,102.8,1.01,9
2025-09-18T14:47:47Z,48.709821,1.998015,196.2,74.89,98.1,1.55,8
2025-09-18T14:47:48Z,48.709729,1.998274,193.2,71.82,102.0,1.73,7
2025-09-18T14:47:49Z,48.709597,1.998471,192.3,62.62,108.4,1.54,7
2025-09-18T14:47:50Z,48.709505,1.998645,188.7,51.36,111.7,1.54,8
2025-09-18T14:47:51Z,48.709355,1.998714,188.6,40.61,127.2,1.54,7
2025-09-18T14:47:52Z,48.709240,1.998792,189.9,38.15,136.3,1.01,9
2025-09-18T14:47:53Z,48.709135,1.998861,190.8,36.98,145.1,1.92,9
2025-09-18T14:47:54Z,48.709030,1.998986,188.4,43.58,140.8,1.92,7
2025-09-18T14:47:55Z,48.708986,1.999183,189.5,50.89,126.0,1.54,8
2025-09-18T14:47:56Z,48.708952,1.999421,190.5,59.80,114.7,1.54,7
2025-09-18T14:47:57Z,48.708922,1.999649,190.3,59.91,106.2,1.36,8
2025-09-18T14:47:58Z,48.708836,1.999851,189.7,61.25,107.8,1.54,9
2025-09-18T14:47:59Z,48.708773,2.000048,190.4,58.62,108.2,1.54,7
2025-09-18T14:48:00Z,48.708715,2.000236,189.8,55.97,107.8,1.54,8
2025-09-18T14:48:01Z,48.708623,2.000408,189.8,54.15,111.7,1.54,7
2025-09-18T14:48:02Z,48.708497,2.000591,187.5,56.06,117.2,1.26,9
2025-09-18T14:48:03Z,48.708412,2.000778,186.8,55.02,116.9,1.26,8
2025-09-18T14:48:04Z,48.708342,2.000962,185.7,53.04,115.9,1.26,8
2025-09-18T14:48:05Z,48.708281,2.001142,183.7,50.39,113.7,1.01,9
2025-09-18T14:48:06Z,48.708252,2.001314,184.5,45.76,105.9,1.26,9
2025-09-18T14:48:07Z,48.708230,2.001463,185.5,40.98,96.8,1.54,8
2025-09-18T14:48:08Z,48.708258,2.001557,186.3,36.08,63.6,1.36,8
2025-09-18T14:48:09Z,48.708287,2.001591,190.2,38.98,40.4,1.36,8
2025-09-18T14:48:10Z,48.708332,2.001665,191.7,45.04,37.0,1.67,8
2025-09-18T14:48:11Z,48.708392,2.001716,194.0,46.04,31.9,1.67,7
2025-09-18T14:48:12Z,48.708460,2.001785,195.5,47.30,31.1,1.99,6
2025-09-18T14:48:13Z,48.708535,2.001835,197.4,45.95,28.3,1.55,8
2025-09-18T14:48:14Z,48.708614,2.001891,200.8,46.36,27.8,1.36,8
2025-09-18T14:48:15Z,48.708719,2.001903,203.5,46.13,20.1,1.55,8
2025-09-18T14:48:16Z,48.708826,2.001825,207.0,46.02,6.0,1.09,9
2025-09-18T14:48:17Z,48.708923,2.001817,210.4,45.34,5.7,1.09,9
2025-09-18T14:48:18Z,48.709024,2.001825,211.4,44.39,5.2,2.21,9
2025-09-18T14:48:19Z,48.709143,2.001787,213.3,47.37,358.0,2.64,7
2025-09-18T14:48:20Z,48.709253,2.001822,215.3,48.19,4.7,1.75,6
2025-09-18T14:48:21Z,48.709370,2.001829,216.4,50.34,5.0,2.21,7
2025-09-18T14:48:22Z,48.709493,2.001815,217.6,50.99,2.3,1.41,8
2025-09-18T14:48:23Z,48.709616,2.001812,218.2,52.30,1.6,1.41,8
2025-09-18T14:48:24Z,48.709744,2.001787,219.9,51.62,358.2,1.41,7
2025-09-18T14:48:25Z,48.709863,2.001811,222.8,53.13,2.4,1.10,7
2025-09-18T14:48:26Z,48.709994,2.001819,224.2,52.86,3.1,2.21,8
2025-09-18T14:48:27Z,48.710133,2.001818,225.2,54.84,3.2,2.21,6
2025-09-18T14:48:28Z,48.710285,2.001813,226.3,58.49,3.5,1.55,8
2025-09-18T14:48:29Z,48.710442,2.001794,226.2,60.50,1.3,1.50,7
2025-09-18T14:48:30Z,48.710595,2.001791,227.5,61.54,1.2,1.59,5
2025-09-18T14:48:31Z,48.710752,2.001785,228.2,62.19,1.4,2.22,7
2025-09-18T14:48:32Z,48.710910,2.001798,227.3,62.30,2.3,2.22,6
2025-09-18T14:48:33Z,48.711071,2.001797,227.5,62.30,1.3,1.08,8
2025-09-18T14:48:34Z,48.711226,2.001792,228.9,61.58,1.0,2.31,7
2025-09-18T14:48:35Z,48.711379,2.001791,229.8,60.62,0.8,1.51,7
2025-09-18T14:48:36Z,48.711531,2.001795,230.2,59.73,1.1,1.50,7
2025-09-18T14:48:37Z,48.711689,2.001816,225.2,58.10,2.5,1.08,9
2025-09-18T14:48:38Z,48.711843,2.001828,220.8,55.89,2.8,1.08,9
2025-09-18T14:48:39Z,48.711987,2.001840,216.4,52.36,3.0,1.08,9
2025-09-18T14:48:40Z,48.712133,2.001841,209.8,49.32,1.2,1.12,8
2025-09-18T14:48:41Z,48.712266,2.001847,203.6,44.80,1.6,1.05,8
2025-09-18T14:48:42Z,48.712382,2.001851,200.0,40.86,1.7,1.05,8
2025-09-18T14:48:43Z,48.712480,2.001855,199.0,37.69,1.7,1.12,8
2025-09-18T14:48:44Z,48.712576,2.001859,196.7,35.84,0.5,1.12,7
2025-09-18T14:48:45Z,48.712664,2.001863,194.7,31.82,1.2,1.08,9
2025-09-18T14:48:46Z,48.712744,2.001866,192.3,28.04,2.1,1.05,8
2025-09-18T14:48:47Z,48.712815,2.001870,190.2,25.34,3.2,1.05,8
2025-09-18T14:48:48Z,48.712876,2.001876,189.2,22.34,4.8,1.01,9
2025-09-18T14:48:49Z,48.712926,2.001886,189.1,18.95,7.9,1.01,9
2025-09-18T14:48:50Z,48.712973,2.001901,187.1,15.54,15.3,1.05,8
2025-09-18T14:48:51Z,48.713009,2.001934,184.1,10.56,30.6,1.01,10
2025-09-18T14:48:52Z,48.713031,2.001960,181.9,7.59,38.2,0.86,10
2025-09-18T14:48:53Z,48.713048,2.001976,180.5,4.82,34.8,0.86,10
2025-09-18T14:48:54Z,48.713058,2.001979,180.3,3.32,22.2,1.16,9
2025-09-18T14:48:55Z,48.713068,2.001984,179.3,2.91,358.4,0.89,11
2025-09-18T14:48:56Z,48.713076,2.001990,178.2,2.28,340.0,1.01,10
2025-09-18T14:50:32Z,48.713089,2.002030,168.5,2.20,303.7,0.81,11
2025-09-18T14:50:33Z,48.713089,2.002006,168.5,7.65,270.0,0.81,11
2025-09-18T14:50:34Z,48.713076,2.001969,168.6,12.93,247.8,0.81,11
2025-09-18T14:50:35Z,48.713040,2.001933,168.6,19.46,209.1,0.81,11
2025-09-18T14:50:36Z,48.712984,2.001909,168.5,25.17,191.8,0.81,11
2025-09-18T14:50:37Z,48.712916,2.001898,168.6,28.72,184.0,0.81,11
2025-09-18T14:50:38Z,48.712840,2.001893,168.7,31.72,181.5,0.81,11
2025-09-18T14:50:39Z,48.712754,2.001890,168.3,35.24,180.7,0.81,11
2025-09-18T14:50:40Z,48.712666,2.001886,168.5,35.69,181.2,0.81,11
2025-09-18T14:50:41Z,48.712570,2.001878,168.4,40.08,182.2,0.81,11
2025-09-18T14:50:42Z,48.712464,2.001870,168.2,43.61,182.5,0.81,11
2025-09-18T14:50:43Z,48.712355,2.001861,168.2,44.10,182.6,0.81,11
2025-09-18T14:50:44Z,48.712244,2.001847,168.6,45.04,184.5,0.81,11
2025-09-18T14:50:45Z,48.712130,2.001835,168.6,46.43,183.5,0.81,11
2025-09-18T14:50:46Z,48.712011,2.001822,168.9,48.60,183.2,0.81,11
2025-09-18T14:50:47Z,48.711888,2.001814,168.7,49.95,182.5,0.81,11
2025-09-18T14:50:48Z,48.711762,2.001803,168.8,50.52,182.8,0.81,11
2025-09-18T14:50:49Z,48.711632,2.001793,168.9,52.43,182.6,1.01,10
2025-09-18T14:50:50Z,48.711500,2.001783,168.9,53.67,182.6,1.01,10
2025-09-18T14:50:51Z,48.711364,2.001766,169.2,54.67,184.4,1.01,10
2025-09-18T14:50:52Z,48.711230,2.001752,169.3,53.67,183.4,1.01,10
2025-09-18T14:50:53Z,48.711097,2.001740,169.4,52.87,183.6,1.01,10
2025-09-18T14:50:54Z,48.710965,2.001727,169.8,52.95,183.4,1.01,10
2025-09-18T14:50:55Z,48.710833,2.001718,170.0,53.02,182.2,1.01,10
2025-09-18T14:50:56Z,48.710696,2.001705,170.3,55.12,183.7,1.14,9
2025-09-18T14:50:57Z,48.710551,2.001683,171.3,58.69,185.5,1.14,9
2025-09-18T14:50:58Z,48.710411,2.001668,172.2,56.49,183.5,1.14,9
2025-09-18T14:50:59Z,48.710273,2.001656,173.0,56.08,183.2,1.14,9
2025-09-18T14:51:00Z,48.710125,2.001659,174.6,59.13,178.8,1.01,10
2025-09-18T14:51:01Z,48.709975,2.001659,176.9,61.76,180.2,1.13,9
2025-09-18T14:51:02Z,48.709824,2.001662,178.3,61.73,180.1,1.13,9
2025-09-18T14:51:03Z,48.709677,2.001656,180.5,59.38,181.6,1.25,10
2025-09-18T14:51:04Z,48.709530,2.001660,181.7,59.60,180.8,1.25,9
2025-09-18T14:51:05Z,48.709374,2.001659,183.1,61.02,181.3,1.13,9
2025-09-18T14:51:06Z,48.709232,2.001646,183.4,57.08,183.8,1.14,10
2025-09-18T14:51:07Z,48.709088,2.001655,181.6,56.86,178.4,1.25,9
2025-09-18T14:51:08Z,48.708967,2.001653,183.2,48.49,179.9,1.25,10
2025-09-18T14:51:09Z,48.708829,2.001647,184.2,54.43,181.5,1.13,9
2025-09-18T14:51:10Z,48.708721,2.001643,185.6,44.43,181.0,1.13,9
2025-09-18T14:51:11Z,48.708609,2.001657,187.2,44.63,176.5,1.13,9
2025-09-18T14:51:12Z,48.708482,2.001656,188.5,47.78,179.8,1.13,10
2025-09-18T14:51:13Z,48.708362,2.001611,188.3,46.56,193.4,1.25,9
2025-09-18T14:51:14Z,48.708243,2.001596,189.9,45.54,184.0,1.13,9
2025-09-18T14:51:15Z,48.708118,2.001573,189.0,48.13,187.0,1.13,9
2025-09-18T14:51:16Z,48.708008,2.001537,188.5,45.71,193.0,1.13,10
2025-09-18T14:51:17Z,48.707946,2.001444,190.0,36.50,219.9,1.13,9
2025-09-18T14:51:18Z,48.707916,2.001325,197.0,35.95,247.4,1.13,9
2025-09-18T14:51:19Z,48.707909,2.001155,198.0,46.74,271.2,0.97,10
2025-09-18T14:51:20Z,48.707926,2.000977,200.8,51.63,282.2,1.24,9
2025-09-18T14:51:21Z,48.707963,2.000792,201.9,56.86,296.7,1.20,9
2025-09-18T14:51:22Z,48.708012,2.000548,205.1,63.99,299.7,1.20,8
2025-09-18T14:51:23Z,48.708068,2.000267,205.3,72.32,297.9,1.44,8
2025-09-18T14:51:24Z,48.708123,2.000024,204.4,68.15,296.6,1.20,8
2025-09-18T14:51:25Z,48.708155,1.999770,204.8,65.99,286.8,1.44,9
2025-09-18T14:51:26Z,48.708198,1.999554,204.2,58.86,285.8,1.44,8
2025-09-18T14:51:27Z,48.708244,1.999375,205.2,51.71,290.7,1.44,8
2025-09-18T14:51:28Z,48.708310,1.999159,202.2,50.82,291.8,1.44,8
2025-09-18T14:51:29Z,48.708398,1.998948,197.6,49.87,300.1,1.44,9
2025-09-18T14:51:30Z,48.708489,1.998816,193.7,47.39,318.9,1.44,8
2025-09-18T14:51:31Z,48.708580,1.998719,194.7,48.26,333.2,1.20,8
2025-09-18T14:51:32Z,48.708672,1.998567,196.4,51.23,323.0,0.97,9
2025-09-18T14:51:33Z,48.708756,1.998435,195.6,45.97,314.7,1.04,10
2025-09-18T14:51:34Z,48.708855,1.998225,192.4,66.28,305.3,1.04,9
2025-09-18T14:51:35Z,48.708942,1.997972,188.9,75.32,295.5,1.44,9
2025-09-18T14:51:36Z,48.708993,1.997703,186.7,74.82,283.7,1.44,8
2025-09-18T14:51:37Z,48.709029,1.997450,185.7,69.84,281.8,1.20,8
2025-09-18T14:51:38Z,48.709063,1.997223,180.9,64.45,280.8,1.44,8
2025-09-18T14:51:39Z,48.709123,1.997012,178.0,60.21,286.3,1.44,8
2025-09-18T14:51:40Z,48.709226,1.996824,172.5,59.71,296.3,1.44,8
2025-09-18T14:51:41Z,48.709323,1.996653,176.2,59.52,304.8,1.44,9
2025-09-18T14:51:42Z,48.709451,1.996574,187.7,57.23,323.2,1.44,8
2025-09-18T14:51:43Z,48.709560,1.996444,191.4,57.02,323.5,1.20,8
2025-09-18T14:51:44Z,48.709665,1.996306,189.5,54.21,321.1,1.93,9
2025-09-18T14:51:45Z,48.709751,1.996160,189.1,52.02,316.1,2.27,7
2025-09-18T14:51:46Z,48.709828,1.996013,188.3,50.08,312.1,3.83,6
2025-09-18T14:51:47Z,48.709893,1.995834,189.6,52.04,306.3,2.90,7
2025-09-18T14:51:48Z,48.709954,1.995602,190.5,58.36,299.5,2.90,5
2025-09-18T14:51:49Z,48.710012,1.995407,190.2,57.75,297.8,1.44,7
2025-09-18T14:51:50Z,48.710094,1.995225,188.4,58.38,300.0,1.44,9
2025-09-18T14:51:51Z,48.710172,1.995064,190.3,55.97,304.9,1.20,8
2025-09-18T14:51:52Z,48.710252,1.994869,189.5,58.02,304.9,1.20,8
2025-09-18T14:51:53Z,48.710310,1.994679,188.2,56.89,301.8,1.20,8
2025-09-18T14:51:54Z,48.710341,1.994461,188.3,57.97,292.9,1.35,8
2025-09-18T14:51:55Z,48.710379,1.994255,188.2,57.50,290.4,1.20,9
2025-09-18T14:51:56Z,48.710438,1.994080,186.4,54.39,292.8,1.20,8
2025-09-18T14:51:57Z,48.710530,1.993898,188.1,56.00,301.8,1.20,8
2025-09-18T14:51:58Z,48.710628,1.993708,182.0,56.06,307.9,1.20,8
2025-09-18T14:51:59Z,48.710690,1.993509,183.8,55.87,303.8,1.05,9
2025-09-18T14:52:00Z,48.710691,1.993252,183.5,60.19,287.5,1.45,9
2025-09-18T14:52:01Z,48.710704,1.993043,185.0,58.34,280.2,1.20,8
2025-09-18T14:52:02Z,48.710749,1.992848,181.8,56.91,282.5,1.45,8
2025-09-18T14:52:03Z,48.710796,1.992658,181.9,55.10,287.3,1.45,8
2025-09-18T14:52:04Z,48.710878,1.992466,182.0,57.41,296.3,1.20,8
2025-09-18T14:52:05Z,48.710941,1.992277,182.7,56.23,296.0,1.20,8
2025-09-18T14:52:06Z,48.710983,1.992081,179.9,54.17,290.1,1.45,8
2025-09-18T14:52:07Z,48.711012,1.991898,177.3,50.47,283.8,1.45,8
2025-09-18T14:52:08Z,48.710977,1.991691,172.8,56.23,262.2,2.45,7
2025-09-18T14:52:09Z,48.710953,1.991525,171.6,51.02,257.6,1.20,8
2025-09-18T14:52:10Z,48.710998,1.991348,167.3,49.52,275.3,1.20,8
2025-09-18T14:52:11Z,48.711020,1.991178,171.3,48.06,281.0,1.20,8
2025-09-18T14:52:12Z,48.711067,1.991001,171.5,49.28,288.1,1.45,8
2025-09-18T14:52:13Z,48.711104,1.990835,170.7,46.91,288.1,1.45,9
2025-09-18T14:52:14Z,48.711123,1.990671,169.6,44.60,281.5,1.45,8
2025-09-18T14:52:15Z,48.711120,1.990519,169.4,42.74,274.7,1.20,8
2025-09-18T14:52:16Z,48.711125,1.990376,165.7,42.82,268.8,1.54,8
2025-09-18T14:52:17Z,48.710965,1.990305,156.0,45.49,226.9,2.56,7
2025-09-18T14:52:18Z,48.710831,1.990236,149.5,53.19,210.4,1.54,7
2025-09-18T14:52:19Z,48.710720,1.990166,144.3,54.58,204.4,1.54,7
2025-09-18T14:52:20Z,48.710606,1.990087,140.8,55.73,203.4,1.28,8
2025-09-18T14:52:21Z,48.710487,1.990023,136.3,55.93,199.2,1.28,8
2025-09-18T14:52:22Z,48.710362,1.989962,134.7,55.67,197.3,1.28,8
2025-09-18T14:52:23Z,48.710234,1.989902,133.9,55.08,195.8,1.24,9
2025-09-18T14:52:24Z,48.710117,1.989850,131.4,53.00,193.8,1.28,8
2025-09-18T14:52:25Z,48.710014,1.989842,131.7,48.65,187.8,1.13,10
2025-09-18T14:52:26Z,48.709923,1.989850,133.6,43.56,184.5,1.13,9
2025-09-18T14:52:27Z,48.709856,1.989852,134.5,38.11,184.6,1.13,9
2025-09-18T14:52:28Z,48.709781,1.989853,135.7,35.61,183.0,1.13,9
2025-09-18T14:52:29Z,48.709699,1.989838,134.5,35.08,183.5,1.24,9
2025-09-18T14:52:30Z,48.709595,1.989814,134.3,37.58,184.8,1.13,9
2025-09-18T14:52:31Z,48.709510,1.989808,133.8,36.19,183.8,1.41,8
2025-09-18T14:52:32Z,48.709426,1.989787,133.5,34.87,185.1,1.41,7
2025-09-18T14:52:33Z,48.709359,1.989777,133.5,31.61,184.9,1.06,9
2025-09-18T14:52:34Z,48.709300,1.989754,133.1,29.43,188.0,1.03,9
2025-09-18T14:52:35Z,48.709222,1.989728,132.3,30.65,188.6,1.14,10
2025-09-18T14:52:36Z,48.709113,1.989686,131.1,35.21,190.8,1.13,9
2025-09-18T14:52:37Z,48.709014,1.989669,132.1,39.87,187.7,1.24,9
2025-09-18T14:52:38Z,48.708903,1.989653,132.4,41.56,182.8,1.13,9
2025-09-18T14:52:39Z,48.708785,1.989634,132.5,44.80,184.9,1.13,10
2025-09-18T14:52:40Z,48.708683,1.989607,131.5,44.58,188.0,1.14,8
2025-09-18T14:52:41Z,48.708574,1.989584,131.3,45.15,188.6,1.26,8
2025-09-18T14:52:42Z,48.708465,1.989563,130.8,45.23,187.8,1.24,9
2025-09-18T14:52:43Z,48.708360,1.989540,129.9,43.06,185.9,1.24,8
2025-09-18T14:52:44Z,48.708280,1.989525,129.1,36.06,184.0,1.24,8
2025-09-18T14:52:45Z,48.708196,1.989497,128.1,33.67,186.0,1.00,9
2025-09-18T14:52:46Z,48.708109,1.989473,126.8,34.37,187.6,0.94,10
2025-09-18T14:52:47Z,48.708016,1.989441,126.9,37.10,189.4,1.13,10
2025-09-18T14:52:48Z,48.707920,1.989418,126.2,38.30,187.4,1.24,9
2025-09-18T14:52:49Z,48.707821,1.989397,126.9,39.50,187.2,1.13,9
2025-09-18T14:52:50Z,48.707726,1.989373,127.1,38.63,188.0,1.14,9
2025-09-18T14:52:51Z,48.707631,1.989351,126.3,36.87,188.0,0.97,10
2025-09-18T14:52:52Z,48.707540,1.989326,126.5,36.00,188.7,1.00,9
2025-09-18T14:52:53Z,48.707453,1.989309,126.3,33.00,187.4,1.00,9
2025-09-18T14:52:54Z,48.707377,1.989295,126.1,29.08,187.4,1.17,8
2025-09-18T14:52:55Z,48.707309,1.989277,125.6,26.76,187.4,1.08,8
2025-09-18T14:52:56Z,48.707243,1.989263,125.7,26.19,187.0,0.94,10
2025-09-18T14:52:57Z,48.707177,1.989248,126.0,26.41,187.9,1.03,10
2025-09-18T14:52:58Z,48.707115,1.989231,125.4,25.26,187.8,1.00,10
2025-09-18T14:52:59Z,48.707064,1.989218,125.2,19.54,187.4,0.94,10
2025-09-18T14:53:00Z,48.707018,1.989209,125.2,17.93,187.6,0.94,10
2025-09-18T14:53:01Z,48.706968,1.989191,124.9,21.63,193.5,0.94,10
2025-09-18T14:53:02Z,48.706918,1.989145,124.3,24.89,209.5,0.97,10
2025-09-18T14:53:03Z,48.706866,1.989078,125.2,28.28,220.1,1.20,8
2025-09-18T14:53:04Z,48.706823,1.988980,124.9,30.74,236.4,1.46,8
2025-09-18T14:53:05Z,48.706784,1.988870,124.5,32.78,242.1,1.46,8
2025-09-18T14:53:06Z,48.706747,1.988756,124.1,33.48,243.7,1.29,9
2025-09-18T14:53:07Z,48.706708,1.988643,124.0,33.60,242.3,1.29,9
2025-09-18T14:53:08Z,48.706670,1.988532,123.2,33.19,241.7,1.29,9
2025-09-18T14:53:09Z,48.706632,1.988420,122.2,33.30,241.8,1.29,9
2025-09-18T14:53:10Z,48.706591,1.988308,121.2,33.97,240.8,1.29,9
2025-09-18T14:53:11Z,48.706546,1.988198,120.4,34.63,237.9,1.29,9
2025-09-18T14:53:12Z,48.706499,1.988087,119.9,34.80,236.9,1.32,8
2025-09-18T14:53:13Z,48.706454,1.987978,119.1,33.43,237.4,1.29,9
2025-09-18T14:53:14Z,48.706408,1.987868,118.5,34.26,237.9,1.29,9
2025-09-18T14:53:15Z,48.706363,1.987759,117.7,33.52,237.7,1.32,8
2025-09-18T14:53:16Z,48.706318,1.987655,116.9,32.06,235.2,1.32,8
2025-09-18T14:53:17Z,48.706272,1.987563,116.1,29.87,232.2,1.29,8
2025-09-18T14:53:18Z,48.706222,1.987477,115.6,29.69,228.3,1.29,8
2025-09-18T14:53:19Z,48.706170,1.987393,114.7,29.72,227.0,1.29,9
2025-09-18T14:53:20Z,48.706120,1.987311,113.8,28.89,227.8,1.04,9
2025-09-18T14:53:21Z,48.706074,1.987233,113.0,26.76,227.4,1.04,9
2025-09-18T14:53:22Z,48.706029,1.987163,112.3,24.71,225.8,1.04,9
2025-09-18T14:53:23Z,48.705988,1.987099,111.8,22.91,224.1,1.04,9
2025-09-18T14:53:24Z,48.705950,1.987036,111.4,22.00,226.8,1.04,9
2025-09-18T14:53:25Z,48.705912,1.986973,110.9,22.24,227.4,1.04,9
2025-09-18T14:53:26Z,48.705874,1.986912,110.6,21.72,226.4,1.04,9
2025-09-18T14:53:27Z,48.705835,1.986850,110.2,23.09,225.3,1.29,9
2025-09-18T14:53:28Z,48.705793,1.986786,110.2,23.84,225.2,1.04,9
2025-09-18T14:53:29Z,48.705757,1.986721,110.2,22.11,227.8,0.85,10
2025-09-18T14:53:30Z,48.705725,1.986671,110.0,16.72,226.5,0.93,10
2025-09-18T14:53:31Z,48.705701,1.986637,109.7,12.54,222.0,0.93,11
2025-09-18T14:53:32Z,48.705678,1.986618,109.9,10.24,213.2,0.85,11
2025-09-18T14:53:33Z,48.705652,1.986594,109.9,12.95,213.8,0.85,11
2025-09-18T14:53:34Z,48.705624,1.986548,109.9,17.80,222.6,1.04,9
2025-09-18T14:53:35Z,48.705585,1.986491,110.1,22.22,224.1,1.04,9
2025-09-18T14:53:36Z,48.705539,1.986434,110.2,23.98,219.4,1.04,9
2025-09-18T14:53:37Z,48.705483,1.986384,110.4,25.89,212.8,1.33,8
2025-09-18T14:53:38Z,48.705423,1.986336,110.5,27.65,208.3,1.04,9
2025-09-18T14:53:39Z,48.705362,1.986286,110.5,28.09,207.4,1.29,9
2025-09-18T14:53:40Z,48.705297,1.986245,110.5,27.50,202.9,1.51,9
2025-09-18T14:53:41Z,48.705230,1.986211,110.4,27.95,199.1,1.51,8
2025-09-18T14:53:42Z,48.705164,1.986176,110.2,27.85,198.3,1.51,8
2025-09-18T14:53:43Z,48.705103,1.986138,110.0,26.26,201.4,1.29,9
2025-09-18T14:53:44Z,48.705047,1.986100,110.2,24.46,204.0,1.41,8
2025-09-18T14:53:45Z,48.704993,1.986065,110.6,23.45,204.0,1.41,7
2025-09-18T14:53:46Z,48.704944,1.986023,110.5,22.63,207.6,1.14,8
2025-09-18T14:53:47Z,48.704896,1.985980,110.6,22.39,209.2,1.14,8
2025-09-18T14:53:48Z,48.704848,1.985937,110.7,22.46,210.4,0.97,9
2025-09-18T14:53:49Z,48.704800,1.985895,111.1,22.61,210.0,0.97,9
2025-09-18T14:53:50Z,48.704752,1.985845,111.1,23.89,213.3,0.97,9
2025-09-18T14:53:51Z,48.704699,1.985781,111.1,27.04,219.5,2.51,6
2025-09-18T14:53:52Z,48.704654,1.985706,111.0,26.98,227.4,1.41,8
2025-09-18T14:53:53Z,48.704617,1.985626,111.2,25.72,233.8,1.41,7
2025-09-18T14:53:54Z,48.704580,1.985532,110.4,28.30,238.1,1.41,7
2025-09-18T14:53:55Z,48.704541,1.985436,110.4,30.39,238.2,1.41,7
2025-09-18T14:53:56Z,48.704495,1.985329,109.9,33.26,237.0,1.56,7
2025-09-18T14:53:57Z,48.704447,1.985222,109.6,34.34,235.6,1.27,8
2025-09-18T14:53:58Z,48.704397,1.985118,109.5,33.97,234.3,2.65,6
2025-09-18T14:53:59Z,48.704346,1.985018,109.5,33.10,232.4,1.33,8
2025-09-18T14:54:00Z,48.704295,1.984924,109.2,31.48,229.5,1.51,8
2025-09-18T14:54:01Z,48.704243,1.984839,108.8,30.06,227.1,1.51,9
2025-09-18T14:54:02Z,48.704187,1.984762,108.5,30.19,221.5,1.56,7
2025-09-18T14:54:03Z,48.704128,1.984696,109.5,29.91,217.7,1.33,8
2025-09-18T14:54:04Z,48.704065,1.984642,111.0,29.19,211.1,1.33,8
2025-09-18T14:54:05Z,48.704008,1.984591,110.8,26.17,208.9,1.51,8
2025-09-18T14:54:06Z,48.703954,1.984545,110.8,24.72,209.3,1.41,8
2025-09-18T14:54:07Z,48.703902,1.984500,110.8,23.48,208.9,1.41,7
2025-09-18T14:54:08Z,48.703854,1.984457,110.7,22.13,208.4,1.41,7
2025-09-18T14:54:09Z,48.703807,1.984416,110.6,21.21,208.0,1.20,8
2025-09-18T14:54:10Z,48.703761,1.984379,110.4,20.09,206.7,1.56,6
2025-09-18T14:54:11Z,48.703717,1.984349,110.7,19.08,206.2,1.27,8
2025-09-18T14:54:12Z,48.703672,1.984316,110.9,20.22,207.3,1.02,10
2025-09-18T14:54:13Z,48.703620,1.984285,111.5,22.34,205.0,1.13,9
2025-09-18T14:54:14Z,48.703560,1.984240,111.9,26.19,206.5,1.27,9
2025-09-18T14:54:15Z,48.703495,1.984195,112.8,28.69,207.2,1.27,8
2025-09-18T14:54:16Z,48.703427,1.984137,113.6,31.71,210.9,1.17,9
2025-09-18T14:54:17Z,48.703358,1.984058,113.8,35.50,216.1,1.02,10
2025-09-18T14:54:18Z,48.703283,1.983961,114.0,40.76,221.1,1.17,9
2025-09-18T14:54:19Z,48.703199,1.983854,115.0,45.30,221.3,1.17,9
2025-09-18T14:54:20Z,48.703116,1.983726,115.0,48.32,225.2,1.51,7
2025-09-18T14:54:21Z,48.703030,1.983584,115.0,51.28,226.9,1.56,6
2025-09-18T14:54:22Z,48.702942,1.983440,115.0,51.63,226.4,1.56,6
2025-09-18T14:54:23Z,48.702852,1.983294,115.1,53.10,227.2,1.14,8
2025-09-18T14:54:24Z,48.702762,1.983147,115.3,53.26,227.6,1.14,8
2025-09-18T14:54:25Z,48.702671,1.982997,115.3,53.36,227.3,1.20,10
2025-09-18T14:54:26Z,48.702583,1.982844,115.3,53.28,227.9,1.51,8
2025-09-18T14:54:27Z,48.702492,1.982696,115.2,52.78,226.5,1.51,8
2025-09-18T14:54:28Z,48.702401,1.982548,115.0,53.34,227.2,0.93,10
2025-09-18T14:54:29Z,48.702311,1.982401,114.9,53.41,227.4,1.33,8
2025-09-18T14:54:30Z,48.702222,1.982247,114.4,53.87,228.1,1.52,8
2025-09-18T14:54:31Z,48.702132,1.982093,114.0,53.87,228.3,1.52,8
2025-09-18T14:54:32Z,48.702040,1.981943,113.9,53.91,226.7,1.52,8
2025-09-18T14:54:33Z,48.701940,1.981800,113.5,54.47,223.2,1.52,8
2025-09-18T14:54:34Z,48.701833,1.981668,113.1,54.58,219.2,2.57,7
2025-09-18T14:54:35Z,48.701717,1.981554,112.6,54.71,213.2,1.27,8
2025-09-18T14:54:36Z,48.701599,1.981458,112.5,52.78,208.7,1.33,8
2025-09-18T14:54:37Z,48.701486,1.981371,112.3,50.08,206.1,1.20,9
2025-09-18T14:54:38Z,48.701379,1.981289,111.7,47.56,205.3,1.27,8
2025-09-18T14:54:39Z,48.701273,1.981213,111.3,46.32,204.5,1.27,7
2025-09-18T14:54:40Z,48.701175,1.981140,110.9,43.23,205.0,1.20,8
2025-09-18T14:54:41Z,48.701082,1.981074,110.7,40.65,203.7,1.52,7
2025-09-18T14:54:42Z,48.701000,1.981013,110.6,36.61,203.8,1.52,8
2025-09-18T14:54:43Z,48.700910,1.980962,111.1,38.45,201.3,1.13,10
2025-09-18T14:54:44Z,48.700812,1.980903,111.4,42.63,202.3,1.13,10
2025-09-18T14:54:45Z,48.700707,1.980837,111.7,46.02,203.0,1.23,8
2025-09-18T14:54:46Z,48.700601,1.980766,112.0,46.52,203.9,1.23,8
2025-09-18T14:54:47Z,48.700487,1.980709,112.9,48.00,199.9,1.13,9
2025-09-18T14:54:48Z,48.700378,1.980646,113.5,47.37,200.8,1.13,9
2025-09-18T14:54:49Z,48.700271,1.980572,113.3,47.19,203.2,1.20,10
2025-09-18T14:54:50Z,48.700166,1.980496,113.4,47.13,204.3,1.20,8
2025-09-18T14:54:51Z,48.700060,1.980424,113.7,46.71,203.1,1.05,9
2025-09-18T14:54:52Z,48.699958,1.980353,113.9,44.82,203.5,1.05,9
2025-09-18T14:54:53Z,48.699858,1.980283,113.9,44.34,203.8,1.05,9
2025-09-18T14:54:54Z,48.699755,1.980210,114.0,45.74,204.7,1.05,10
2025-09-18T14:54:55Z,48.699652,1.980133,114.0,46.50,206.3,1.76,7
2025-09-18T14:54:56Z,48.699548,1.980053,114.1,46.36,205.3,2.60,6
2025-09-18T14:54:57Z,48.699450,1.979994,114.6,41.86,202.0,1.13,9
2025-09-18T14:54:58Z,48.699363,1.979941,115.2,37.13,200.7,1.02,11
2025-09-18T14:54:59Z,48.699286,1.979895,115.7,33.19,199.3,1.13,9
2025-09-18T14:55:00Z,48.699205,1.979853,116.3,34.48,198.7,1.13,9
2025-09-18T14:55:01Z,48.699117,1.979800,116.9,39.08,201.1,1.12,9
2025-09-18T14:55:02Z,48.699016,1.979736,116.9,44.00,201.7,0.85,10
2025-09-18T14:55:03Z,48.698912,1.979672,117.0,44.56,202.4,0.85,11
2025-09-18T14:55:04Z,48.698813,1.979605,116.9,43.32,202.2,0.85,10
2025-09-18T14:55:05Z,48.698711,1.979537,116.8,44.87,202.1,0.85,10
2025-09-18T14:55:06Z,48.698606,1.979462,116.8,47.21,203.6,1.04,10
2025-09-18T14:55:07Z,48.698495,1.979384,116.8,49.02,204.8,1.05,9
2025-09-18T14:55:08Z,48.698385,1.979302,116.9,49.45,204.1,1.05,9
2025-09-18T14:55:09Z,48.698276,1.979219,116.8,48.58,205.6,1.02,10
2025-09-18T14:55:10Z,48.698171,1.979134,116.8,47.86,207.5,1.02,10
2025-09-18T14:55:11Z,48.698064,1.979046,116.7,48.93,206.5,1.14,9
2025-09-18T14:55:12Z,48.697950,1.978962,116.4,51.62,204.4,1.05,9
2025-09-18T14:55:13Z,48.697830,1.978876,116.6,53.21,204.9,1.05,9
2025-09-18T14:55:14Z,48.697710,1.978784,117.0,54.47,206.5,1.05,9
2025-09-18T14:55:15Z,48.697579,1.978698,117.4,57.26,203.5,1.20,9
2025-09-18T14:55:16Z,48.697436,1.978611,117.5,61.50,201.8,1.20,10
2025-09-18T14:55:17Z,48.697282,1.978523,117.9,66.02,201.0,0.93,10
2025-09-18T14:55:18Z,48.697124,1.978427,118.3,68.39,201.7,1.31,9
2025-09-18T14:55:19Z,48.696966,1.978326,118.6,68.69,202.7,1.48,8
2025-09-18T14:55:20Z,48.696815,1.978229,119.0,65.02,203.0,0.93,10
2025-09-18T14:55:21Z,48.696671,1.978136,119.1,62.30,202.8,1.52,9
2025-09-18T14:55:22Z,48.696525,1.978043,119.3,63.43,202.8,1.12,10
2025-09-18T14:55:23Z,48.696377,1.977946,119.4,65.06,203.3,1.52,9
2025-09-18T14:55:24Z,48.696224,1.977842,119.4,67.51,203.8,1.52,8
2025-09-18T14:55:25Z,48.696063,1.977735,119.3,70.95,203.7,1.20,9
2025-09-18T14:55:26Z,48.695895,1.977617,118.7,74.60,203.8,0.93,10
2025-09-18T14:55:27Z,48.695722,1.977500,118.7,76.28,203.6,0.93,9
2025-09-18T14:55:28Z,48.695544,1.977380,118.5,78.12,203.8,1.31,8
2025-09-18T14:55:29Z,48.695363,1.977258,118.4,79.64,203.8,0.94,9
2025-09-18T14:55:30Z,48.695178,1.977133,118.1,81.06,203.7,0.81,11
2025-09-18T14:55:31Z,48.694978,1.977007,117.6,87.01,202.4,1.02,10
2025-09-18T14:55:32Z,48.694759,1.976873,116.9,95.82,202.2,1.02,10
2025-09-18T14:55:33Z,48.694541,1.976733,117.0,94.67,202.8,1.34,8
2025-09-18T14:55:34Z,48.694331,1.976591,117.3,91.80,203.8,1.52,8
2025-09-18T14:55:35Z,48.694134,1.976455,117.6,87.06,204.3,1.20,9
2025-09-18T14:55:36Z,48.693946,1.976341,118.3,81.64,202.7,1.12,10
2025-09-18T14:55:37Z,48.693770,1.976237,118.4,75.84,201.8,1.22,9
2025-09-18T14:55:38Z,48.693609,1.976141,118.5,70.15,201.1,1.22,9
2025-09-18T14:55:39Z,48.693455,1.976049,118.4,66.06,200.7,1.22,8
2025-09-18T14:55:40Z,48.693306,1.975961,118.3,64.39,200.7,1.13,9
2025-09-18T14:55:41Z,48.693161,1.975866,117.9,63.38,202.0,1.13,9
2025-09-18T14:55:42Z,48.693018,1.975768,117.3,62.78,203.2,1.13,9
2025-09-18T14:55:43Z,48.692875,1.975676,117.2,62.00,202.6,1.13,9
2025-09-18T14:55:44Z,48.692730,1.975588,117.1,61.65,201.4,1.13,9
2025-09-18T14:55:45Z,48.692586,1.975506,117.0,61.82,200.1,1.13,9
2025-09-18T14:55:46Z,48.692441,1.975425,117.3,61.63,200.3,1.13,9
2025-09-18T14:55:47Z,48.692297,1.975343,117.4,61.39,200.3,1.13,9
2025-09-18T14:55:48Z,48.692156,1.975259,117.3,60.88,201.0,1.02,10
2025-09-18T14:55:49Z,48.692016,1.975175,117.2,60.63,200.8,1.14,10
2025-09-18T14:55:50Z,48.691874,1.975094,117.4,60.67,200.5,1.13,10
2025-09-18T14:55:51Z,48.691731,1.975015,117.8,60.62,200.1,1.02,10
2025-09-18T14:55:52Z,48.691595,1.974934,117.6,58.95,200.7,1.13,10
2025-09-18T14:55:53Z,48.691461,1.974864,117.8,56.39,198.9,1.13,9
2025-09-18T14:55:54Z,48.691335,1.974798,117.9,53.04,198.8,1.26,8
2025-09-18T14:55:55Z,48.691218,1.974737,117.9,49.52,198.6,1.26,7
2025-09-18T14:55:56Z,48.691108,1.974682,118.3,45.60,198.3,1.26,7
2025-09-18T14:55:57Z,48.691004,1.974642,119.2,42.10,194.5,1.22,9
2025-09-18T14:55:58Z,48.690912,1.974611,119.8,37.80,192.6,1.22,8
2025-09-18T14:55:59Z,48.690825,1.974580,120.9,35.85,192.7,1.13,9
2025-09-18T14:56:00Z,48.690732,1.974537,122.5,38.26,195.2,0.93,10
2025-09-18T14:56:01Z,48.690635,1.974484,123.2,41.76,198.2,1.13,10
2025-09-18T14:56:02Z,48.690533,1.974420,122.7,45.71,202.8,1.05,10
2025-09-18T14:56:03Z,48.690427,1.974347,122.8,46.47,204.0,1.14,8
2025-09-18T14:56:04Z,48.690322,1.974273,122.8,46.60,204.4,1.14,8
2025-09-18T14:56:05Z,48.690216,1.974198,123.0,46.84,204.6,1.14,8
2025-09-18T14:56:06Z,48.690111,1.974125,123.4,46.71,204.4,1.13,9
2025-09-18T14:56:07Z,48.690008,1.974049,123.9,45.91,204.7,1.13,9
2025-09-18T14:56:08Z,48.689906,1.973965,124.4,46.52,207.7,1.14,10
2025-09-18T14:56:09Z,48.689807,1.973883,124.4,45.74,207.4,1.14,8
2025-09-18T14:56:10Z,48.689712,1.973802,124.3,44.19,207.9,1.14,8
2025-09-18T14:56:11Z,48.689626,1.973727,124.2,39.78,208.3,1.26,7
2025-09-18T14:56:12Z,48.689548,1.973662,124.2,35.24,208.3,1.26,7
2025-09-18T14:56:13Z,48.689474,1.973601,124.3,33.58,208.0,1.13,9
2025-09-18T14:56:14Z,48.689402,1.973547,124.6,32.24,206.1,1.13,9
2025-09-18T14:56:15Z,48.689330,1.973496,125.1,31.80,204.1,1.13,9
2025-09-18T14:56:16Z,48.689259,1.973443,125.2,32.11,205.6,1.13,9
2025-09-18T14:56:17Z,48.689186,1.973387,124.7,33.58,204.7,1.13,9
2025-09-18T14:56:18Z,48.689104,1.973325,125.0,37.54,205.8,1.14,9
2025-09-18T14:56:19Z,48.689014,1.973254,125.3,41.13,207.4,1.14,9
2025-09-18T14:56:20Z,48.688917,1.973179,125.6,44.04,207.3,1.26,8
2025-09-18T14:56:21Z,48.688815,1.973103,126.1,45.56,206.3,1.14,8
2025-09-18T14:56:22Z,48.688718,1.973029,126.0,43.61,207.0,1.14,8
2025-09-18T14:56:23Z,48.688628,1.972960,125.8,40.11,206.7,1.27,8
2025-09-18T14:56:24Z,48.688545,1.972895,125.5,36.93,206.5,1.42,7
2025-09-18T14:56:25Z,48.688466,1.972835,125.5,35.24,205.9,1.13,9
2025-09-18T14:56:26Z,48.688390,1.972774,125.4,34.43,207.6,1.22,8
2025-09-18T14:56:27Z,48.688316,1.972713,124.9,33.69,207.8,1.14,8
2025-09-18T14:56:28Z,48.688237,1.972661,124.7,34.28,203.2,1.13,9
2025-09-18T14:56:29Z,48.688155,1.972615,124.9,34.91,200.3,1.13,9
2025-09-18T14:56:30Z,48.688077,1.972570,125.0,33.37,199.8,0.93,10
2025-09-18T14:56:31Z,48.688005,1.972528,124.7,30.41,199.7,0.93,10
2025-09-18T14:56:32Z,48.687939,1.972488,124.3,27.97,200.5,0.93,10
2025-09-18T14:56:33Z,48.687880,1.972453,124.7,24.74,200.7,0.93,10
2025-09-18T14:56:34Z,48.687827,1.972415,124.9,23.71,203.9,0.99,9
2025-09-18T14:56:35Z,48.687774,1.972368,124.6,25.34,209.7,0.93,10
2025-09-18T14:56:36Z,48.687719,1.972305,124.5,28.43,216.3,0.93,10
2025-09-18T14:56:37Z,48.687657,1.972238,124.4,30.87,215.8,0.99,9
2025-09-18T14:56:38Z,48.687592,1.972167,124.4,33.02,216.2,1.14,8
2025-09-18T14:56:39Z,48.687521,1.972087,124.5,35.65,217.5,1.13,9
2025-09-18T14:56:40Z,48.687429,1.972007,124.5,41.95,212.3,1.13,9
2025-09-18T14:56:41Z,48.687334,1.971918,124.9,44.86,212.5,1.25,8
2025-09-18T14:56:42Z,48.687236,1.971817,125.2,47.23,213.9,1.25,9
2025-09-18T14:56:43Z,48.687131,1.971713,125.3,49.41,213.1,1.25,8
2025-09-18T14:56:44Z,48.687035,1.971602,125.4,49.00,215.5,1.25,8
2025-09-18T14:56:45Z,48.686934,1.971494,125.5,48.95,215.1,3.05,8
2025-09-18T14:56:46Z,48.686832,1.971394,125.8,48.86,213.8,2.03,9
2025-09-18T14:56:47Z,48.686657,1.971282,125.5,58.12,207.5,1.22,9
2025-09-18T14:56:48Z,48.686467,1.971165,124.9,67.21,204.8,1.25,9
2025-09-18T14:56:49Z,48.686281,1.971129,124.6,70.34,196.6,1.25,8
2025-09-18T14:56:50Z,48.686119,1.971062,124.2,67.51,194.5,1.04,9
2025-09-18T14:56:51Z,48.685965,1.970993,123.7,64.06,194.5,0.99,10
2025-09-18T14:56:52Z,48.685815,1.970931,123.7,62.82,194.4,0.93,10
2025-09-18T14:56:53Z,48.685665,1.970868,123.2,62.36,194.3,1.22,9
2025-09-18T14:56:54Z,48.685518,1.970802,122.6,62.32,194.3,1.22,9
2025-09-18T14:56:55Z,48.685367,1.970736,121.6,63.36,194.7,0.99,10
2025-09-18T14:56:56Z,48.685214,1.970668,120.6,64.91,194.8,0.99,10
2025-09-18T14:56:57Z,48.685054,1.970600,119.7,66.69,194.4,0.99,10
2025-09-18T14:56:58Z,48.684891,1.970530,118.7,68.45,194.4,0.99,10
2025-09-18T14:56:59Z,48.684722,1.970460,117.8,70.69,194.8,0.93,10
2025-09-18T14:57:00Z,48.684553,1.970386,116.6,70.65,194.9,0.93,10
2025-09-18T14:57:01Z,48.684388,1.970313,115.5,68.30,195.0,0.93,10
2025-09-18T14:57:02Z,48.684237,1.970237,114.4,63.93,196.8,0.93,10
2025-09-18T14:57:03Z,48.684093,1.970149,113.5,62.51,201.5,0.93,10
2025-09-18T14:57:04Z,48.683955,1.970036,113.3,63.13,209.8,0.93,10
2025-09-18T14:57:05Z,48.683833,1.969888,113.1,62.78,219.8,1.13,9
2025-09-18T14:57:06Z,48.683726,1.969708,112.9,64.73,229.5,0.93,10
2025-09-18T14:57:07Z,48.683628,1.969494,113.4,70.58,236.4,0.93,10
2025-09-18T14:57:08Z,48.683531,1.969238,113.8,80.04,240.9,1.27,8
2025-09-18T14:57:09Z,48.683425,1.968946,114.3,90.71,241.3,1.03,9
2025-09-18T14:57:10Z,48.683312,1.968621,114.4,99.17,242.1,0.93,10
2025-09-18T14:57:11Z,48.683200,1.968279,114.3,101.77,243.7,0.93,10
2025-09-18T14:57:12Z,48.683087,1.967943,114.2,100.17,243.2,1.78,9
2025-09-18T14:57:13Z,48.683001,1.967625,114.1,92.79,245.0,2.50,8
2025-09-18T14:57:14Z,48.682903,1.967310,114.0,92.36,245.0,3.40,6
2025-09-18T14:57:15Z,48.682851,1.967026,114.6,83.15,250.5,1.51,8
2025-09-18T14:57:16Z,48.682831,1.966759,115.3,76.04,258.2,1.42,7
2025-09-18T14:57:17Z,48.682826,1.966503,115.7,69.30,263.9,1.51,8
2025-09-18T14:57:18Z,48.682803,1.966262,115.5,64.36,261.6,1.25,9
2025-09-18T14:57:19Z,48.682757,1.966044,115.5,59.69,253.6,1.51,9
2025-09-18T14:57:20Z,48.682697,1.965857,115.7,55.50,245.8,1.51,8
2025-09-18T14:57:21Z,48.682613,1.965685,115.5,54.71,236.2,1.59,7
2025-09-18T14:57:22Z,48.682446,1.965661,115.3,56.13,204.1,1.59,7
2025-09-18T14:57:23Z,48.682296,1.965616,115.1,57.58,195.9,1.60,7
2025-09-18T14:57:24Z,48.682174,1.965527,115.2,55.89,204.2,1.51,8
2025-09-18T14:57:25Z,48.682044,1.965415,115.1,59.06,209.6,1.60,7
2025-09-18T14:57:26Z,48.681902,1.965307,114.9,61.60,206.8,1.60,7
2025-09-18T14:57:27Z,48.681728,1.965263,114.6,65.60,194.4,2.67,8
2025-09-18T14:57:28Z,48.681531,1.965259,114.4,73.65,184.0,1.51,7
2025-09-18T14:57:29Z,48.681339,1.965226,114.2,76.14,186.0,1.51,7
2025-09-18T14:57:30Z,48.681164,1.965171,114.0,73.01,190.0,1.51,7
2025-09-18T14:57:31Z,48.681000,1.965126,114.0,67.38,188.9,1.51,7
2025-09-18T14:57:32Z,48.680843,1.965121,114.0,61.60,182.7,1.60,6
2025-09-18T14:57:33Z,48.680710,1.965153,113.5,54.45,171.7,1.51,7
2025-09-18T14:57:34Z,48.680605,1.965229,113.3,47.30,154.2,1.51,7
2025-09-18T14:57:35Z,48.680509,1.965348,112.4,50.21,139.8,1.51,7
2025-09-18T14:57:36Z,48.680451,1.965520,111.0,54.93,121.0,1.19,7
2025-09-18T14:57:37Z,48.680397,1.965720,110.9,59.78,113.9,1.04,8
2025-09-18T14:57:38Z,48.680339,1.965901,110.7,54.15,116.6,1.04,8
2025-09-18T14:57:39Z,48.680265,1.966042,111.5,47.73,127.7,1.04,8
2025-09-18T14:57:40Z,48.680195,1.966164,111.3,43.80,131.6,0.96,9
2025-09-18T14:57:41Z,48.680112,1.966223,112.2,34.34,149.9,0.96,9
2025-09-18T14:57:42Z,48.680031,1.966256,113.8,32.08,163.0,0.96,9
2025-09-18T14:57:43Z,48.679941,1.966273,114.2,34.52,168.8,1.25,9
2025-09-18T14:57:44Z,48.679853,1.966280,114.8,34.37,173.6,1.14,8
2025-09-18T14:57:45Z,48.679739,1.966255,114.4,38.58,181.5,1.25,7
2025-09-18T14:57:46Z,48.679622,1.966228,114.6,43.15,184.0,1.25,7
2025-09-18T14:57:47Z,48.679509,1.966208,115.3,44.02,185.6,1.60,7
2025-09-18T14:57:48Z,48.679399,1.966187,115.5,43.63,186.3,1.25,7
2025-09-18T14:57:49Z,48.679287,1.966171,115.7,44.58,185.2,1.25,7
2025-09-18T14:57:50Z,48.679170,1.966146,116.1,45.58,187.0,1.13,9
2025-09-18T14:57:51Z,48.679056,1.966125,116.9,45.74,186.9,1.44,9
2025-09-18T14:57:52Z,48.678943,1.966093,117.9,45.73,189.6,1.44,7
2025-09-18T14:57:53Z,48.678832,1.966047,118.6,45.54,194.8,1.14,9
2025-09-18T14:57:54Z,48.678720,1.965988,119.6,46.37,199.0,1.14,8
2025-09-18T14:57:55Z,48.678604,1.965920,120.0,48.30,200.3,1.25,8
2025-09-18T14:57:56Z,48.678480,1.965857,120.4,50.39,199.2,1.14,8
2025-09-18T14:57:57Z,48.678362,1.965768,121.0,51.99,203.1,3.17,8
2025-09-18T14:57:58Z,48.678240,1.965659,121.6,54.06,207.1,3.17,7
2025-09-18T14:57:59Z,48.678097,1.965566,122.2,57.39,205.2,3.17,7
2025-09-18T14:58:00Z,48.677903,1.965434,122.4,66.73,204.6,1.25,8
2025-09-18T14:58:01Z,48.677730,1.965335,122.5,68.49,202.5,1.25,8
2025-09-18T14:58:02Z,48.677573,1.965236,123.1,67.14,202.2,1.25,8
2025-09-18T14:58:03Z,48.677413,1.965142,124.1,67.47,201.7,1.25,8
2025-09-18T14:58:04Z,48.677253,1.965034,124.0,67.23,202.3,1.60,8
2025-09-18T14:58:05Z,48.677077,1.964938,124.6,68.73,201.3,1.39,8
2025-09-18T14:58:06Z,48.676908,1.964871,124.9,66.52,198.3,1.25,9
2025-09-18T14:58:07Z,48.676740,1.964824,124.6,67.06,192.9,1.25,9
2025-09-18T14:58:08Z,48.676580,1.964732,125.8,67.04,197.8,1.25,8
2025-09-18T14:58:09Z,48.676425,1.964606,127.0,69.91,204.6,1.25,8
2025-09-18T14:58:10Z,48.676266,1.964449,129.1,75.14,210.8,1.25,8
2025-09-18T14:58:11Z,48.676130,1.964280,130.2,68.93,216.9,1.25,8
2025-09-18T14:58:12Z,48.676002,1.964102,130.2,69.36,221.4,3.19,8
2025-09-18T14:58:13Z,48.675896,1.963865,129.8,75.62,233.1,3.19,7
2025-09-18T14:58:14Z,48.675798,1.963589,130.9,81.95,240.0,2.05,8
2025-09-18T14:58:15Z,48.675704,1.963341,132.1,75.34,238.8,1.21,9
2025-09-18T14:58:16Z,48.675628,1.963112,133.2,67.78,239.8,1.33,9
2025-09-18T14:58:17Z,48.675537,1.962908,133.6,63.88,237.3,1.25,8
2025-09-18T14:58:18Z,48.675435,1.962725,134.8,62.23,233.5,1.25,7
2025-09-18T14:58:19Z,48.675333,1.962541,134.9,62.45,232.0,2.91,7
2025-09-18T14:58:20Z,48.675145,1.962365,133.3,71.91,223.3,2.91,7
2025-09-18T14:58:21Z,48.674982,1.962252,134.3,69.65,216.6,1.25,8
2025-09-18T14:58:22Z,48.674796,1.962188,136.7,70.06,208.3,1.21,9
2025-09-18T14:58:23Z,48.674615,1.962162,138.6,68.54,199.6,1.21,8
2025-09-18T14:58:24Z,48.674462,1.962090,139.1,64.58,198.1,1.25,8
2025-09-18T14:58:25Z,48.674338,1.962012,139.9,56.75,199.2,1.53,8
2025-09-18T14:58:26Z,48.674239,1.961901,139.3,49.87,204.0,1.24,7
2025-09-18T14:58:27Z,48.674160,1.961797,137.9,42.08,216.7,1.24,7
2025-09-18T14:58:28Z,48.674110,1.961667,137.2,38.17,237.7,1.24,7
2025-09-18T14:58:29Z,48.674083,1.961512,137.1,42.45,254.9,1.04,8
2025-09-18T14:58:30Z,48.674071,1.961314,137.0,53.23,264.5,1.53,7
2025-09-18T14:58:31Z,48.674069,1.961091,137.0,58.13,268.4,1.61,6
2025-09-18T14:58:32Z,48.674072,1.960855,136.9,61.91,270.7,1.61,6
2025-09-18T14:58:33Z,48.674076,1.960605,137.0,65.04,270.8,1.61,9
2025-09-18T14:58:34Z,48.674127,1.960315,137.1,74.41,278.8,1.61,8
2025-09-18T14:58:35Z,48.674174,1.960034,137.3,74.51,282.0,1.61,8
2025-09-18T14:58:36Z,48.674227,1.959777,137.7,69.76,284.9,1.61,8
2025-09-18T14:58:37Z,48.674261,1.959522,137.9,68.08,283.1,1.24,8
2025-09-18T14:58:38Z,48.674290,1.959256,138.4,70.54,278.7,1.24,8
2025-09-18T14:58:39Z,48.674305,1.958973,138.0,73.97,274.1,1.04,9
2025-09-18T14:58:40Z,48.674318,1.958682,138.1,76.49,273.1,1.24,8
2025-09-18T14:58:41Z,48.674326,1.958390,138.5,76.34,271.4,1.24,7
2025-09-18T14:58:42Z,48.674325,1.958100,138.6,76.28,269.8,1.24,7
2025-09-18T14:58:43Z,48.674321,1.957810,138.8,76.90,269.1,1.24,7
2025-09-18T14:58:44Z,48.674315,1.957536,139.1,72.88,268.0,1.24,7
2025-09-18T14:58:45Z,48.674310,1.957286,139.8,67.23,267.5,1.24,7
2025-09-18T14:58:46Z,48.674279,1.957033,140.1,65.80,263.7,1.04,8
2025-09-18T14:58:47Z,48.674237,1.956800,140.6,61.39,260.0,1.04,8
2025-09-18T14:58:48Z,48.674243,1.956594,141.0,56.21,266.4,1.21,8
2025-09-18T14:58:49Z,48.674242,1.956383,141.4,55.78,269.7,1.61,8
2025-09-18T14:58:50Z,48.674344,1.956228,139.9,53.24,297.6,3.57,7
2025-09-18T14:58:51Z,48.674458,1.956092,141.2,54.47,315.1,2.95,6
2025-09-18T14:58:52Z,48.674592,1.955990,142.7,57.45,328.5,1.61,7
2025-09-18T14:58:53Z,48.674758,1.955945,144.5,62.51,344.9,1.21,8
2025-09-18T14:58:54Z,48.674922,1.955910,145.1,65.34,350.0,1.21,8
2025-09-18T14:58:55Z,48.675079,1.955885,145.5,65.80,352.3,1.21,8
2025-09-18T14:58:56Z,48.675237,1.955839,145.1,66.69,351.4,1.94,7
2025-09-18T14:58:57Z,48.675381,1.955771,145.0,64.28,347.8,1.94,7
2025-09-18T14:58:58Z,48.675534,1.955646,145.2,66.01,340.8,1.94,7
2025-09-18T14:58:59Z,48.675697,1.955504,146.4,69.06,335.9,1.21,8
2025-09-18T14:59:00Z,48.675857,1.955329,148.0,72.73,330.6,1.21,8
2025-09-18T14:59:01Z,48.675988,1.955179,149.2,69.88,326.8,1.21,8
2025-09-18T14:59:02Z,48.676118,1.955018,149.5,68.15,324.1,1.21,8
2025-09-18T14:59:03Z,48.676205,1.954795,150.1,67.91,312.6,1.21,8
2025-09-18T14:59:04Z,48.676306,1.954579,150.1,70.56,308.2,1.21,8
2025-09-18T14:59:05Z,48.676389,1.954317,150.8,77.51,301.2,1.21,8
2025-09-18T14:59:06Z,48.676437,1.953994,151.6,86.17,291.2,1.43,8
2025-09-18T14:59:07Z,48.676492,1.953685,152.4,86.17,287.9,1.43,8
2025-09-18T14:59:08Z,48.676577,1.953369,154.4,90.66,290.8,1.21,8
2025-09-18T14:59:09Z,48.676685,1.953028,153.8,96.75,293.9,1.04,8
2025-09-18T14:59:10Z,48.676810,1.952743,154.4,91.40,298.8,1.62,6
2025-09-18T14:59:11Z,48.676912,1.952463,154.6,84.93,298.8,1.24,7
2025-09-18T14:59:12Z,48.676999,1.952197,154.6,79.10,296.6,1.04,8
2025-09-18T14:59:13Z,48.677021,1.951867,155.7,84.19,283.1,1.04,8
2025-09-18T14:59:14Z,48.677065,1.951523,156.3,94.01,279.9,1.04,8
2025-09-18T14:59:15Z,48.677134,1.951145,154.5,102.69,282.6,1.04,9
2025-09-18T14:59:16Z,48.677214,1.950770,153.7,102.90,286.6,1.04,9
2025-09-18T14:59:17Z,48.677301,1.950389,152.7,105.69,288.4,0.98,9
2025-09-18T14:59:18Z,48.677386,1.950020,152.7,101.71,288.9,1.13,8
2025-09-18T14:59:19Z,48.677471,1.949677,152.6,95.29,290.3,0.98,9
2025-09-18T14:59:20Z,48.677594,1.949375,151.6,91.71,297.9,1.04,8
2025-09-18T14:59:21Z,48.677742,1.949108,151.0,90.30,305.7,1.04,8
2025-09-18T14:59:22Z,48.677877,1.948853,151.0,85.77,307.7,1.04,8
2025-09-18T14:59:23Z,48.678003,1.948589,150.3,85.60,306.9,0.98,9
2025-09-18T14:59:24Z,48.678095,1.948238,151.0,96.69,297.4,0.98,9
2025-09-18T14:59:25Z,48.678202,1.947882,150.9,104.51,295.1,0.98,9
2025-09-18T14:59:26Z,48.678315,1.947515,150.5,107.51,294.9,1.04,8
2025-09-18T14:59:27Z,48.678431,1.947162,149.3,103.21,296.2,0.98,9
2025-09-18T14:59:28Z,48.678561,1.946831,148.0,100.08,299.7,1.04,8
2025-09-18T14:59:29Z,48.678701,1.946516,148.3,99.77,303.0,1.04,8
2025-09-18T14:59:30Z,48.678878,1.946223,148.8,104.73,311.0,0.96,10
2025-09-18T14:59:31Z,48.679062,1.945917,148.7,110.36,312.6,0.98,9
2025-09-18T14:59:32Z,48.679266,1.945612,149.0,115.62,315.5,0.96,9
2025-09-18T14:59:33Z,48.679490,1.945326,148.0,117.44,319.6,0.96,9
2025-09-18T14:59:34Z,48.679717,1.945042,146.8,118.16,320.7,0.96,9
2025-09-18T14:59:35Z,48.679944,1.944711,145.8,123.10,318.2,0.96,9
2025-09-18T14:59:36Z,48.680163,1.944387,145.6,122.40,316.8,0.96,9
2025-09-18T14:59:37Z,48.680380,1.944067,145.7,121.79,316.4,0.96,9
2025-09-18T14:59:38Z,48.680559,1.943776,145.4,109.79,315.3,0.96,9
2025-09-18T14:59:39Z,48.680735,1.943504,145.4,102.27,315.4,0.96,9
2025-09-18T14:59:40Z,48.680894,1.943251,145.4,94.64,314.9,0.96,9
2025-09-18T14:59:41Z,48.681038,1.942981,146.4,92.14,312.0,0.93,10
2025-09-18T14:59:42Z,48.681171,1.942711,147.1,90.01,309.3,1.54,9
2025-09-18T14:59:43Z,48.681300,1.942442,147.3,88.03,307.4,1.04,9
2025-09-18T14:59:44Z,48.681415,1.942168,147.6,85.86,304.8,1.04,9
2025-09-18T14:59:45Z,48.681522,1.941886,147.7,86.47,302.0,1.04,9
2025-09-18T14:59:46Z,48.681614,1.941594,148.2,85.34,298.2,1.04,9
2025-09-18T14:59:47Z,48.681680,1.941301,148.9,81.06,292.6,1.04,9
2025-09-18T14:59:48Z,48.681730,1.940994,149.0,83.30,287.2,1.04,9
2025-09-18T14:59:49Z,48.681736,1.940630,150.9,94.08,277.0,0.98,10
2025-09-18T14:59:50Z,48.681770,1.940259,152.3,100.30,277.7,1.04,10
2025-09-18T14:59:51Z,48.681763,1.939878,151.7,99.62,270.6,1.20,9
2025-09-18T14:59:52Z,48.681760,1.939522,151.6,93.91,268.7,1.24,8
2025-09-18T14:59:53Z,48.681753,1.939191,151.7,87.45,267.8,1.24,8
2025-09-18T14:59:54Z,48.681737,1.938874,151.9,84.19,264.9,1.24,8
2025-09-18T14:59:55Z,48.681712,1.938559,152.4,85.34,262.7,1.63,7
2025-09-18T14:59:56Z,48.681669,1.938228,152.7,90.69,259.3,1.63,7
2025-09-18T14:59:57Z,48.681583,1.937898,150.7,93.19,252.6,1.33,8
2025-09-18T14:59:58Z,48.681507,1.937586,151.8,88.97,250.8,1.20,8
2025-09-18T14:59:59Z,48.681448,1.937290,150.6,81.67,251.9,1.33,8
2025-09-18T15:00:00Z,48.681396,1.937012,150.5,76.36,253.2,1.63,6
2025-09-18T15:00:01Z,48.681337,1.936742,149.6,73.52,252.7,1.43,8
2025-09-18T15:00:02Z,48.681289,1.936483,150.0,71.36,253.6,1.43,7
2025-09-18T15:00:03Z,48.681238,1.936229,150.7,70.32,253.6,1.48,8
2025-09-18T15:00:04Z,48.681203,1.935984,151.3,67.54,255.3,1.48,7
2025-09-18T15:00:05Z,48.681178,1.935755,151.3,63.56,256.9,3.39,7
2025-09-18T15:00:06Z,48.681191,1.935534,152.4,60.52,264.1,3.72,6
2025-09-18T15:00:07Z,48.681208,1.935314,152.3,59.54,270.5,3.72,6
2025-09-18T15:00:08Z,48.681220,1.935095,153.6,59.41,272.6,1.43,7
2025-09-18T15:00:09Z,48.681228,1.934878,154.3,57.65,273.7,1.63,8
2025-09-18T15:00:10Z,48.681260,1.934686,155.3,51.87,280.1,1.63,8
2025-09-18T15:00:11Z,48.681300,1.934520,155.1,45.63,286.2,1.63,8
2025-09-18T15:00:12Z,48.681328,1.934364,155.6,43.19,287.6,1.43,8
2025-09-18T15:00:13Z,48.681362,1.934211,155.7,42.69,288.7,1.63,8
2025-09-18T15:00:14Z,48.681391,1.934069,156.8,41.41,288.6,1.24,8
2025-09-18T15:00:15Z,48.681439,1.933895,156.6,46.11,294.2,1.63,7
2025-09-18T15:00:16Z,48.681497,1.933734,156.4,48.15,301.2,1.63,7
2025-09-18T15:00:17Z,48.681577,1.933582,156.0,50.97,309.1,1.24,8
2025-09-18T15:00:18Z,48.681666,1.933428,156.1,54.56,310.7,1.23,8
2025-09-18T15:00:19Z,48.681756,1.933246,157.2,59.41,307.4,1.23,8
2025-09-18T15:00:20Z,48.681819,1.933053,157.0,56.54,301.5,1.04,9
2025-09-18T15:00:21Z,48.681852,1.932847,157.3,54.37,291.6,1.55,8
2025-09-18T15:00:22Z,48.681871,1.932639,157.7,54.13,283.7,1.55,8
2025-09-18T15:00:23Z,48.681924,1.932455,157.9,53.19,290.4,1.56,8
2025-09-18T15:00:24Z,48.682004,1.932288,157.8,53.76,303.2,1.56,8
2025-09-18T15:00:25Z,48.682092,1.932123,158.5,55.75,308.0,1.56,7
2025-09-18T15:00:26Z,48.682174,1.931955,158.9,55.76,307.1,1.56,7
2025-09-18T15:00:27Z,48.682246,1.931793,159.3,53.12,305.4,1.56,7
2025-09-18T15:00:28Z,48.682305,1.931628,159.7,51.23,301.9,1.21,8
2025-09-18T15:00:29Z,48.682361,1.931455,160.3,51.54,299.2,1.56,9
2025-09-18T15:00:30Z,48.682386,1.931249,162.0,53.89,290.4,1.56,9
2025-09-18T15:00:31Z,48.682421,1.931071,163.4,50.43,289.1,1.21,9
2025-09-18T15:00:32Z,48.682495,1.930906,164.5,50.84,295.7,1.56,10
2025-09-18T15:00:33Z,48.682516,1.930747,166.2,45.91,292.5,1.04,9
2025-09-18T15:00:34Z,48.682590,1.930586,165.8,48.89,300.3,1.56,8
2025-09-18T15:00:35Z,48.682686,1.930388,165.8,58.97,303.8,1.56,7
2025-09-18T15:00:36Z,48.682767,1.930194,166.9,61.54,303.4,1.56,7
2025-09-18T15:00:37Z,48.682857,1.930001,167.2,62.82,305.2,1.56,7
2025-09-18T15:00:38Z,48.682956,1.929811,167.5,64.89,307.0,1.56,7
2025-09-18T15:00:39Z,48.683056,1.929611,167.7,66.39,307.9,1.56,7
2025-09-18T15:00:40Z,48.683172,1.929400,167.8,70.17,309.2,1.56,7
2025-09-18T15:00:41Z,48.683279,1.929186,168.1,71.17,308.6,1.56,7
2025-09-18T15:00:42Z,48.683421,1.928991,167.4,74.45,312.9,1.56,8
2025-09-18T15:00:43Z,48.683554,1.928785,166.9,76.38,313.4,1.56,8
2025-09-18T15:00:44Z,48.683694,1.928580,166.2,77.25,313.3,1.21,8
2025-09-18T15:00:45Z,48.683798,1.928345,165.5,76.32,308.2,1.21,8
2025-09-18T15:00:46Z,48.683913,1.928126,165.3,74.10,308.2,1.21,8
2025-09-18T15:00:47Z,48.684030,1.927920,164.5,71.47,309.3,1.21,8
2025-09-18T15:00:48Z,48.684139,1.927716,163.6,69.34,308.7,1.21,8
2025-09-18T15:00:49Z,48.684248,1.927518,163.3,67.64,309.6,1.22,9
2025-09-18T15:00:50Z,48.684347,1.927329,163.7,63.56,310.1,1.22,8
2025-09-18T15:00:51Z,48.684444,1.927157,163.3,59.58,310.1,1.56,9
2025-09-18T15:00:52Z,48.684539,1.927000,163.8,56.93,311.9,1.22,8
2025-09-18T15:00:53Z,48.684634,1.926849,163.2,53.78,312.4,0.96,9
2025-09-18T15:00:54Z,48.684730,1.926695,162.8,55.89,312.1,0.96,9
2025-09-18T15:00:55Z,48.684826,1.926522,163.6,60.91,310.1,0.96,9
2025-09-18T15:00:56Z,48.684913,1.926310,163.6,67.91,304.7,1.22,8
2025-09-18T15:00:57Z,48.685004,1.926062,163.1,75.95,301.5,1.22,8
2025-09-18T15:00:58Z,48.685100,1.925789,163.7,83.10,299.6,1.22,8
2025-09-18T15:00:59Z,48.685190,1.925479,163.5,90.34,296.8,1.22,8
2025-09-18T15:01:00Z,48.685299,1.925147,163.7,97.71,296.9,1.22,8
2025-09-18T15:01:01Z,48.685392,1.924825,165.1,93.06,295.7,1.22,8
2025-09-18T15:01:02Z,48.685481,1.924502,166.0,92.82,294.3,1.57,9
2025-09-18T15:01:03Z,48.685574,1.924197,166.1,90.54,294.9,1.57,9
2025-09-18T15:01:04Z,48.685668,1.923886,166.4,91.10,295.4,1.57,9
2025-09-18T15:01:05Z,48.685771,1.923548,165.9,96.36,295.1,1.57,8
2025-09-18T15:01:06Z,48.685860,1.923229,165.4,91.40,294.8,1.57,8
2025-09-18T15:01:07Z,48.685951,1.922936,166.2,85.23,296.3,1.57,8
2025-09-18T15:01:08Z,48.686044,1.922652,166.2,83.91,297.2,1.57,8
2025-09-18T15:01:09Z,48.686174,1.922380,165.2,86.73,304.4,1.57,8
2025-09-18T15:01:10Z,48.686305,1.922116,165.0,87.93,306.7,1.07,9
2025-09-18T15:01:11Z,48.686454,1.921842,165.0,93.10,308.9,1.07,9
2025-09-18T15:01:12Z,48.686620,1.921574,165.8,96.73,312.0,1.07,9
2025-09-18T15:01:13Z,48.686777,1.921329,166.8,92.32,313.5,1.07,9
2025-09-18T15:01:14Z,48.686928,1.921106,167.5,86.62,315.7,1.07,9
2025-09-18T15:01:15Z,48.687063,1.920886,167.8,80.15,313.7,0.98,10
2025-09-18T15:01:16Z,48.687189,1.920654,167.5,79.02,310.2,1.01,9
2025-09-18T15:01:17Z,48.687311,1.920409,167.9,80.95,307.3,0.98,10
2025-09-18T15:01:18Z,48.687433,1.920162,168.0,81.86,306.8,0.98,10
2025-09-18T15:01:19Z,48.687559,1.919899,168.5,85.01,306.6,0.98,9
2025-09-18T15:01:20Z,48.687687,1.919646,168.7,84.25,307.2,0.98,9
2025-09-18T15:01:21Z,48.687818,1.919391,168.6,85.64,307.7,0.96,9
2025-09-18T15:01:22Z,48.687971,1.919151,167.2,86.28,310.9,1.04,9
2025-09-18T15:01:23Z,48.688119,1.918918,165.0,84.10,312.4,1.04,10
2025-09-18T15:01:24Z,48.688262,1.918708,162.6,78.71,313.5,1.04,9
2025-09-18T15:01:25Z,48.688394,1.918508,161.2,73.56,313.9,1.04,9
2025-09-18T15:01:26Z,48.688523,1.918324,160.4,70.51,315.0,1.04,9
2025-09-18T15:01:27Z,48.688659,1.918163,160.6,68.19,318.7,0.96,9
2025-09-18T15:01:28Z,48.688806,1.918047,158.9,62.95,327.0,0.96,9
2025-09-18T15:01:29Z,48.688944,1.917945,158.8,59.67,332.8,0.96,9
2025-09-18T15:01:30Z,48.689071,1.917844,158.4,57.10,333.5,0.92,10
2025-09-18T15:01:31Z,48.689185,1.917730,158.5,56.45,329.0,0.96,10
2025-09-18T15:01:32Z,48.689265,1.917582,159.3,54.00,318.1,1.22,8
2025-09-18T15:01:33Z,48.689310,1.917409,159.2,50.41,302.2,1.22,8
2025-09-18T15:01:34Z,48.689316,1.917195,157.3,55.87,280.2,1.57,8
2025-09-18T15:01:35Z,48.689330,1.916965,159.5,62.67,276.9,1.22,8
2025-09-18T15:01:36Z,48.689361,1.916702,159.1,71.21,279.0,1.57,8
2025-09-18T15:01:37Z,48.689400,1.916391,158.6,80.90,279.7,1.57,8
2025-09-18T15:01:38Z,48.689429,1.916099,158.9,78.64,279.1,1.04,9
2025-09-18T15:01:39Z,48.689470,1.915825,159.0,75.84,280.8,1.58,9
2025-09-18T15:01:40Z,48.689507,1.915552,158.9,73.28,281.0,1.58,8
2025-09-18T15:01:41Z,48.689546,1.915289,158.8,71.08,281.7,1.58,8
2025-09-18T15:01:42Z,48.689586,1.915036,158.9,68.58,282.7,1.58,9
2025-09-18T15:01:43Z,48.689627,1.914794,158.5,65.62,283.1,1.58,8
2025-09-18T15:01:44Z,48.689665,1.914562,158.2,62.78,283.1,1.58,8
2025-09-18T15:01:45Z,48.689698,1.914335,158.0,60.93,282.2,1.58,9
2025-09-18T15:01:46Z,48.689736,1.914121,156.6,58.58,282.6,1.58,8
2025-09-18T15:01:47Z,48.689774,1.913909,156.2,57.93,283.8,1.58,8
2025-09-18T15:01:48Z,48.689815,1.913693,156.1,59.54,286.3,1.58,9
2025-09-18T15:01:49Z,48.689865,1.913480,155.9,59.39,289.6,1.58,8
2025-09-18T15:01:50Z,48.689922,1.913275,155.7,58.47,292.7,1.58,7
2025-09-18T15:01:51Z,48.689995,1.913079,156.2,59.12,297.6,1.58,7
2025-09-18T15:01:52Z,48.690074,1.912886,156.4,59.71,300.2,1.58,7
2025-09-18T15:01:53Z,48.690168,1.912712,156.6,59.25,305.5,1.58,7
2025-09-18T15:01:54Z,48.690266,1.912551,156.4,57.69,309.7,1.58,7
2025-09-18T15:01:55Z,48.690367,1.912391,156.5,57.80,312.1,1.58,7
2025-09-18T15:01:56Z,48.690462,1.912234,156.4,56.69,312.7,1.58,7
2025-09-18T15:01:57Z,48.690559,1.912080,156.1,56.21,313.6,1.58,7
2025-09-18T15:01:58Z,48.690645,1.911929,156.2,53.63,311.7,1.58,8
2025-09-18T15:01:59Z,48.690726,1.911772,156.7,53.32,309.6,1.22,9
2025-09-18T15:02:00Z,48.690796,1.911596,156.6,54.52,303.7,1.58,9
2025-09-18T15:02:01Z,48.690866,1.911419,157.5,55.19,301.9,1.22,9
2025-09-18T15:02:02Z,48.690927,1.911235,158.1,54.95,299.3,1.22,9
2025-09-18T15:02:03Z,48.690993,1.911058,158.7,54.04,299.5,1.58,9
2025-09-18T15:02:04Z,48.691068,1.910890,158.7,53.06,302.2,1.58,9
2025-09-18T15:02:05Z,48.691158,1.910752,158.8,50.80,310.0,1.58,9
2025-09-18T15:02:06Z,48.691244,1.910617,159.9,49.73,312.3,1.22,9
2025-09-18T15:02:07Z,48.691342,1.910491,160.6,50.54,317.5,1.58,8
2025-09-18T15:02:08Z,48.691432,1.910365,160.8,49.71,317.1,1.58,8
2025-09-18T15:02:09Z,48.691522,1.910250,161.1,48.17,318.0,1.58,8
2025-09-18T15:02:10Z,48.691626,1.910115,161.8,51.45,318.9,1.22,8
2025-09-18T15:02:11Z,48.691785,1.909898,161.8,68.54,317.4,1.94,8
2025-09-18T15:02:12Z,48.691946,1.909708,161.5,79.51,318.4,1.94,8
2025-09-18T15:02:13Z,48.692125,1.909523,162.1,85.14,322.8,1.22,8
2025-09-18T15:02:14Z,48.692303,1.909328,161.7,87.77,323.2,1.22,8
2025-09-18T15:02:15Z,48.692474,1.909135,162.2,86.06,323.5,1.22,8
2025-09-18T15:02:16Z,48.692634,1.908935,161.7,83.77,321.3,1.22,8
2025-09-18T15:02:17Z,48.692787,1.908740,162.6,81.56,320.4,1.02,9
2025-09-18T15:02:18Z,48.692942,1.908558,163.5,79.65,322.2,1.02,9
2025-09-18T15:02:19Z,48.693086,1.908396,164.3,73.86,322.7,1.28,9
2025-09-18T15:02:20Z,48.693221,1.908234,164.7,70.14,322.2,1.28,8
2025-09-18T15:02:21Z,48.693354,1.908082,163.3,66.12,322.5,1.02,9
2025-09-18T15:02:22Z,48.693486,1.907946,163.2,64.21,327.3,1.02,9
2025-09-18T15:02:23Z,48.693619,1.907833,162.5,60.73,330.9,1.07,8
2025-09-18T15:02:24Z,48.693755,1.907758,163.2,58.50,339.2,0.96,9
2025-09-18T15:02:25Z,48.693899,1.907709,163.1,60.28,347.4,1.22,8
2025-09-18T15:02:26Z,48.694053,1.907689,161.7,60.93,354.5,1.22,8
2025-09-18T15:02:27Z,48.694204,1.907680,160.4,58.62,357.2,0.96,9
2025-09-18T15:02:28Z,48.694349,1.907671,159.8,57.19,357.4,1.45,8
2025-09-18T15:02:29Z,48.694488,1.907654,159.8,56.23,356.0,1.24,7
2025-09-18T15:02:30Z,48.694626,1.907631,160.1,55.30,353.7,2.55,6
2025-09-18T15:02:31Z,48.694760,1.907586,161.1,56.69,348.6,1.41,8
2025-09-18T15:02:32Z,48.694894,1.907492,161.2,58.76,339.7,1.41,8
2025-09-18T15:02:33Z,48.695026,1.907361,161.4,62.06,332.0,1.22,8
2025-09-18T15:02:34Z,48.695145,1.907228,162.6,60.99,327.6,1.22,8
2025-09-18T15:02:35Z,48.695285,1.907100,162.8,64.43,327.9,1.22,9
2025-09-18T15:02:36Z,48.695422,1.906975,163.8,64.99,328.3,1.22,8
2025-09-18T15:02:37Z,48.695549,1.906831,164.6,64.76,325.4,1.22,8
2025-09-18T15:02:38Z,48.695674,1.906689,165.6,63.99,324.5,1.22,8
2025-09-18T15:02:39Z,48.695794,1.906524,166.0,65.32,320.1,1.22,8
2025-09-18T15:02:40Z,48.695903,1.906347,166.4,64.93,315.6,1.22,9
2025-09-18T15:02:41Z,48.696013,1.906162,166.1,65.60,312.8,1.22,9
2025-09-18T15:02:42Z,48.696106,1.905971,166.5,63.73,309.0,1.22,9
2025-09-18T15:02:43Z,48.696204,1.905793,166.5,61.60,308.7,1.59,9
2025-09-18T15:02:44Z,48.696318,1.905636,165.0,59.65,312.0,1.07,10
2025-09-18T15:02:45Z,48.696428,1.905482,165.4,59.56,315.1,1.02,10
2025-09-18T15:02:46Z,48.696544,1.905340,165.5,58.97,317.7,1.02,10
2025-09-18T15:02:47Z,48.696676,1.905214,166.8,60.91,323.3,1.22,9
2025-09-18T15:02:48Z,48.696804,1.905092,167.5,60.41,326.2,1.22,9
2025-09-18T15:02:49Z,48.696924,1.904975,168.1,57.58,327.1,1.22,9
2025-09-18T15:02:50Z,48.697012,1.904844,168.3,52.10,320.8,1.60,8
2025-09-18T15:02:51Z,48.697110,1.904721,168.4,50.84,319.8,1.60,7
2025-09-18T15:02:52Z,48.697198,1.904587,168.0,49.89,314.3,1.60,7
2025-09-18T15:02:53Z,48.697272,1.904459,167.9,46.21,312.0,1.22,9
2025-09-18T15:02:54Z,48.697338,1.904312,167.1,46.60,306.7,1.60,9
2025-09-18T15:02:55Z,48.697395,1.904167,168.0,45.86,304.1,1.22,9
2025-09-18T15:02:56Z,48.697451,1.904015,169.2,46.10,301.9,1.22,9
2025-09-18T15:02:57Z,48.697508,1.903866,169.4,46.04,300.0,1.22,9
2025-09-18T15:02:58Z,48.697568,1.903717,169.4,46.32,300.1,1.60,9
2025-09-18T15:02:59Z,48.697640,1.903575,170.5,47.04,304.1,1.22,9
2025-09-18T15:03:00Z,48.697712,1.903428,170.9,48.36,305.4,1.60,9
2025-09-18T15:03:01Z,48.697782,1.903292,171.5,47.54,306.7,1.22,9
2025-09-18T15:03:02Z,48.697851,1.903146,171.6,47.02,306.3,1.60,9
2025-09-18T15:03:03Z,48.697924,1.903010,171.6,46.80,307.1,1.60,9
2025-09-18T15:03:04Z,48.697988,1.902880,172.4,44.08,307.6,1.22,9
2025-09-18T15:03:05Z,48.698045,1.902754,172.6,40.86,306.4,1.22,9
2025-09-18T15:03:06Z,48.698098,1.902627,172.7,39.61,303.9,1.60,9
2025-09-18T15:03:07Z,48.698157,1.902502,172.7,40.63,303.9,1.22,10
2025-09-18T15:03:08Z,48.698184,1.902347,173.4,42.61,293.2,1.04,9
2025-09-18T15:03:09Z,48.698213,1.902184,174.2,45.24,286.8,1.22,9
2025-09-18T15:03:10Z,48.698231,1.902004,173.2,48.23,279.4,1.04,9
2025-09-18T15:03:11Z,48.698249,1.901810,173.3,52.63,277.1,1.04,9
2025-09-18T15:03:12Z,48.698270,1.901605,173.6,57.15,276.9,1.22,9
2025-09-18T15:03:13Z,48.698296,1.901383,174.4,61.15,278.5,1.22,8
2025-09-18T15:03:14Z,48.698321,1.901149,172.7,63.88,276.6,1.68,9
2025-09-18T15:03:15Z,48.698346,1.900908,170.6,65.41,275.6,1.68,6
2025-09-18T15:03:16Z,48.698376,1.900664,168.0,66.19,276.1,1.60,7
2025-09-18T15:03:17Z,48.698398,1.900418,166.8,65.60,276.1,1.70,7
2025-09-18T15:03:18Z,48.698417,1.900179,165.9,63.54,275.4,1.60,7
2025-09-18T15:03:19Z,48.698433,1.899945,163.4,60.76,274.3,0.97,9
2025-09-18T15:03:20Z,48.698443,1.899721,162.8,58.50,273.2,1.04,9
2025-09-18T15:03:21Z,48.698446,1.899507,162.5,56.41,271.1,1.04,9
2025-09-18T15:03:22Z,48.698433,1.899298,161.5,54.93,265.1,1.04,9
2025-09-18T15:03:23Z,48.698426,1.899105,161.9,52.24,265.7,1.04,8
2025-09-18T15:03:24Z,48.698405,1.898909,161.4,51.84,262.2,1.68,6
2025-09-18T15:03:25Z,48.698360,1.898709,161.6,53.91,255.7,1.68,6
2025-09-18T15:03:26Z,48.698315,1.898507,161.6,55.82,253.1,1.68,6
2025-09-18T15:03:27Z,48.698270,1.898303,161.3,56.73,252.2,1.68,6
2025-09-18T15:03:28Z,48.698212,1.898099,160.4,57.19,249.6,1.69,6
2025-09-18T15:03:29Z,48.698155,1.897899,160.1,57.02,247.9,1.69,6
2025-09-18T15:03:30Z,48.698097,1.897703,160.7,57.34,246.4,1.22,7
2025-09-18T15:03:31Z,48.698048,1.897509,160.8,55.13,248.3,1.44,7
2025-09-18T15:03:32Z,48.698004,1.897323,160.4,51.08,249.8,1.13,8
2025-09-18T15:03:33Z,48.697989,1.897150,160.4,45.65,257.7,1.69,6
2025-09-18T15:03:34Z,48.697997,1.896984,161.2,43.65,268.2,1.45,7
2025-09-18T15:03:35Z,48.698028,1.896823,163.8,44.02,280.7,1.69,8
2025-09-18T15:03:36Z,48.698059,1.896659,163.7,45.02,287.2,1.45,8
2025-09-18T15:03:37Z,48.698093,1.896512,163.7,41.21,293.5,1.45,8
2025-09-18T15:03:38Z,48.698128,1.896388,164.0,36.02,296.9,1.04,8
2025-09-18T15:03:39Z,48.698159,1.896281,163.5,30.35,301.4,1.61,7
2025-09-18T15:03:40Z,48.698192,1.896197,162.7,25.21,304.8,1.04,8
2025-09-18T15:03:41Z,48.698228,1.896133,162.5,22.72,316.2,0.92,10
2025-09-18T15:03:42Z,48.698258,1.896090,163.2,17.61,319.1,0.92,10
2025-09-18T15:03:43Z,48.698273,1.896049,163.6,12.93,315.1,0.92,10
2025-09-18T15:03:44Z,48.698285,1.896014,164.3,9.82,309.4,0.92,10
2025-09-18T15:03:45Z,48.698283,1.895986,165.2,6.35,295.2,1.02,9
2025-09-18T15:03:46Z,48.698273,1.895973,165.7,5.54,218.0,0.92,10
2025-09-18T15:03:47Z,48.698264,1.895977,165.3,5.72,199.8,0.92,10
2025-09-18T15:03:48Z,48.698256,1.895996,164.7,8.02,165.3,0.92,10
2025-09-18T15:03:49Z,48.698247,1.896017,163.4,8.43,146.2,0.92,10
2025-09-18T15:03:50Z,48.698243,1.896036,162.9,6.87,132.1,0.92,10
2025-09-18T15:03:51Z,48.698244,1.896046,161.3,3.70,118.3,0.92,10
2025-09-18T15:06:15Z,48.698198,1.895970,154.5,7.82,114.2,1.21,10
2025-09-18T15:06:16Z,48.698178,1.896018,154.4,17.39,120.2,0.92,10
2025-09-18T15:06:17Z,48.698151,1.896092,154.7,24.50,120.7,0.92,10
2025-09-18T15:06:18Z,48.698122,1.896198,155.0,32.08,114.5,0.92,10
2025-09-18T15:06:19Z,48.698093,1.896315,155.2,33.22,110.7,0.92,10
2025-09-18T15:06:20Z,48.698065,1.896440,155.5,35.13,109.8,0.92,10
2025-09-18T15:06:21Z,48.698036,1.896571,155.8,36.91,107.9,0.92,10
2025-09-18T15:06:22Z,48.698007,1.896713,155.1,38.17,103.6,1.11,10
2025-09-18T15:06:23Z,48.697982,1.896850,154.4,36.45,101.9,1.11,9
2025-09-18T15:06:24Z,48.697979,1.896989,153.9,36.35,89.0,1.11,9
2025-09-18T15:06:25Z,48.697995,1.897130,153.8,38.56,77.4,1.11,9
2025-09-18T15:06:26Z,48.698017,1.897271,153.1,40.10,72.6,1.40,8
2025-09-18T15:06:27Z,48.698049,1.897418,152.5,42.86,68.2,1.40,9
2025-09-18T15:06:28Z,48.698086,1.897577,151.9,46.65,69.1,1.81,9
2025-09-18T15:06:29Z,48.698126,1.897740,151.0,46.63,66.5,1.11,10
2025-09-18T15:06:30Z,48.698162,1.897908,150.3,48.69,69.6,1.11,10
2025-09-18T15:06:31Z,48.698200,1.898087,149.8,50.82,70.0,1.11,9
2025-09-18T15:06:32Z,48.698239,1.898270,149.7,52.12,70.5,1.11,9
2025-09-18T15:06:33Z,48.698296,1.898452,150.2,54.23,64.1,0.92,10
2025-09-18T15:06:34Z,48.698350,1.898651,150.5,58.19,67.1,0.92,10
2025-09-18T15:06:35Z,48.698391,1.898860,150.7,59.13,72.2,1.11,9
2025-09-18T15:06:36Z,48.698433,1.899069,151.6,59.02,72.4,0.92,10
2025-09-18T15:06:37Z,48.698447,1.899302,151.6,62.69,82.5,1.21,10
2025-09-18T15:06:38Z,48.698468,1.899545,152.8,66.36,82.5,1.21,9
2025-09-18T15:06:39Z,48.698497,1.899791,154.6,66.36,79.9,1.21,9
2025-09-18T15:06:40Z,48.698510,1.900034,154.9,63.39,83.9,1.40,9
2025-09-18T15:06:41Z,48.698494,1.900273,154.2,61.62,91.9,1.11,9
2025-09-18T15:06:42Z,48.698475,1.900508,153.2,62.04,93.1,1.11,9
2025-09-18T15:06:43Z,48.698460,1.900745,152.9,62.78,92.7,1.11,9
2025-09-18T15:06:44Z,48.698454,1.900991,153.3,65.12,89.7,1.11,9
2025-09-18T15:06:45Z,48.698446,1.901239,153.2,65.34,92.1,1.11,9
2025-09-18T15:06:46Z,48.698432,1.901487,153.3,66.02,94.1,1.40,9
2025-09-18T15:06:47Z,48.698409,1.901734,152.5,64.32,96.2,1.40,8
2025-09-18T15:06:48Z,48.698391,1.901965,152.2,59.78,96.4,1.40,8
2025-09-18T15:06:49Z,48.698363,1.902178,152.2,56.39,99.7,1.40,8
2025-09-18T15:06:50Z,48.698323,1.902381,152.0,55.26,107.1,1.11,9
2025-09-18T15:06:51Z,48.698264,1.902573,151.8,56.04,116.0,1.40,8
2025-09-18T15:06:52Z,48.698168,1.902755,152.5,62.62,128.3,1.11,9
2025-09-18T15:06:53Z,48.698050,1.902941,153.1,67.56,132.6,1.11,9
2025-09-18T15:06:54Z,48.697935,1.903139,153.3,70.34,130.4,1.40,9
2025-09-18T15:06:55Z,48.697818,1.903342,152.8,71.17,131.3,1.41,8
2025-09-18T15:06:56Z,48.697702,1.903556,152.3,73.02,129.3,1.41,8
2025-09-18T15:06:57Z,48.697617,1.903798,152.1,71.84,120.8,1.59,9
2025-09-18T15:06:58Z,48.697545,1.904034,151.7,67.28,116.3,1.59,8
2025-09-18T15:06:59Z,48.697477,1.904257,151.5,64.41,116.0,1.11,9
2025-09-18T15:07:00Z,48.697395,1.904463,151.4,63.06,121.5,1.59,9
2025-09-18T15:07:01Z,48.697294,1.904645,151.7,61.75,130.8,1.59,8
2025-09-18T15:07:02Z,48.697182,1.904821,151.0,63.23,134.3,1.82,8
2025-09-18T15:07:03Z,48.697062,1.904980,151.1,62.89,140.9,1.82,8
2025-09-18T15:07:04Z,48.696929,1.905129,151.6,66.10,146.3,1.59,8
2025-09-18T15:07:05Z,48.696788,1.905274,151.0,67.04,145.6,1.61,7
2025-09-18T15:07:06Z,48.696663,1.905426,150.0,64.28,143.3,1.12,8
2025-09-18T15:07:07Z,48.696538,1.905581,148.6,63.73,139.4,1.12,8
2025-09-18T15:07:08Z,48.696428,1.905762,147.2,64.43,132.1,1.61,8
2025-09-18T15:07:09Z,48.696328,1.905966,146.5,68.15,127.3,1.59,8
2025-09-18T15:07:10Z,48.696218,1.906157,146.3,66.91,131.3,1.59,8
2025-09-18T15:07:11Z,48.696121,1.906374,146.9,69.23,124.8,1.11,9
2025-09-18T15:07:12Z,48.696011,1.906581,146.4,69.17,129.0,1.82,9
2025-09-18T15:07:13Z,48.695878,1.906768,146.1,71.65,137.2,1.82,7
2025-09-18T15:07:14Z,48.695746,1.906949,146.8,70.60,137.0,1.41,8
2025-09-18T15:07:15Z,48.695582,1.907088,146.5,71.25,148.0,0.91,10
2025-09-18T15:07:16Z,48.695440,1.907230,148.1,69.02,148.5,0.91,10
2025-09-18T15:07:17Z,48.695281,1.907354,148.4,68.69,151.8,0.91,10
2025-09-18T15:07:18Z,48.695149,1.907480,151.4,63.34,147.4,0.91,10
2025-09-18T15:07:19Z,48.695033,1.907583,153.4,52.82,150.6,0.91,10
2025-09-18T15:07:20Z,48.694898,1.907650,154.8,54.06,163.5,1.11,9
2025-09-18T15:07:21Z,48.694770,1.907697,157.6,51.62,167.7,1.11,9
2025-09-18T15:07:22Z,48.694637,1.907725,157.9,51.67,173.2,1.11,9
2025-09-18T15:07:23Z,48.694521,1.907740,160.5,45.30,174.1,1.11,9
2025-09-18T15:07:24Z,48.694432,1.907770,163.9,36.48,167.2,1.11,9
2025-09-18T15:07:25Z,48.694322,1.907793,166.3,42.47,171.5,1.11,9
2025-09-18T15:07:26Z,48.694192,1.907804,165.7,47.97,177.6,1.11,10
2025-09-18T15:07:27Z,48.694059,1.907840,165.8,50.04,167.8,1.11,9
2025-09-18T15:07:28Z,48.693924,1.907899,165.8,54.65,160.8,1.11,9
2025-09-18T15:07:29Z,48.693793,1.907987,166.9,57.41,153.9,1.11,10
2025-09-18T15:07:30Z,48.693622,1.908103,166.7,70.88,149.8,0.91,10
2025-09-18T15:07:31Z,48.693456,1.908262,160.4,75.75,142.7,1.11,10
2025-09-18T15:07:32Z,48.693301,1.908452,158.7,82.56,141.1,1.17,10
2025-09-18T15:07:33Z,48.693126,1.908652,157.8,87.78,141.1,0.91,10
2025-09-18T15:07:34Z,48.692947,1.908851,156.2,86.88,141.8,0.91,10
2025-09-18T15:07:35Z,48.692766,1.909055,155.1,89.84,141.4,1.11,10
2025-09-18T15:07:36Z,48.692581,1.909277,154.3,94.86,140.6,0.91,10
2025-09-18T15:07:37Z,48.692388,1.909497,152.6,94.67,141.3,0.91,10
2025-09-18T15:07:38Z,48.692207,1.909712,152.0,90.41,141.6,0.95,10
2025-09-18T15:07:39Z,48.692030,1.909911,151.1,85.99,142.7,0.95,9
2025-09-18T15:07:40Z,48.691860,1.910101,150.2,83.45,143.5,0.95,9
2025-09-18T15:07:41Z,48.691708,1.910283,150.4,76.73,142.1,0.95,9
2025-09-18T15:07:42Z,48.691560,1.910461,150.3,75.71,141.2,0.91,10
2025-09-18T15:07:43Z,48.691418,1.910657,150.0,76.58,136.8,1.11,10
2025-09-18T15:07:44Z,48.691281,1.910882,148.9,81.62,132.4,1.60,9
2025-09-18T15:07:45Z,48.691129,1.911115,145.2,84.25,133.1,1.60,8
2025-09-18T15:07:46Z,48.691026,1.911400,144.3,87.03,121.5,1.62,7
2025-09-18T15:07:47Z,48.690913,1.911675,143.6,85.23,121.8,1.62,7
2025-09-18T15:07:48Z,48.690786,1.911933,143.7,83.80,126.1,1.41,8
2025-09-18T15:07:49Z,48.690645,1.912185,143.2,88.41,130.1,1.84,7
2025-09-18T15:07:50Z,48.690494,1.912425,142.4,87.47,133.7,1.83,7
2025-09-18T15:07:51Z,48.690343,1.912643,141.5,82.25,136.8,1.60,8
2025-09-18T15:07:52Z,48.690216,1.912866,141.8,79.41,131.7,0.91,10
2025-09-18T15:07:53Z,48.690099,1.913101,142.6,78.43,126.4,0.91,10
2025-09-18T15:07:54Z,48.690014,1.913374,142.6,79.14,114.3,1.11,10
2025-09-18T15:07:55Z,48.689933,1.913670,141.9,85.04,110.8,1.61,9
2025-09-18T15:07:56Z,48.689870,1.914000,140.8,92.84,105.3,1.61,8
2025-09-18T15:07:57Z,48.689800,1.914341,140.6,95.23,104.8,1.11,9
2025-09-18T15:07:58Z,48.689743,1.914681,140.0,92.77,102.6,1.40,9
2025-09-18T15:07:59Z,48.689700,1.915010,139.5,86.60,101.0,1.40,8
2025-09-18T15:08:00Z,48.689667,1.915320,138.1,81.10,97.9,1.40,8
2025-09-18T15:08:01Z,48.689629,1.915614,136.1,77.77,100.0,1.40,10
2025-09-18T15:08:02Z,48.689596,1.915899,135.8,77.21,98.0,1.40,9
2025-09-18T15:08:03Z,48.689577,1.916179,135.8,73.82,94.8,1.40,8
2025-09-18T15:08:04Z,48.689549,1.916438,135.8,68.51,97.0,1.40,8
2025-09-18T15:08:05Z,48.689553,1.916691,135.6,66.41,88.7,1.40,8
2025-09-18T15:08:06Z,48.689543,1.916939,135.8,65.45,90.8,1.21,9
2025-09-18T15:08:07Z,48.689527,1.917181,134.9,64.19,94.4,1.40,9
2025-09-18T15:08:08Z,48.689495,1.917400,133.8,57.80,98.9,1.40,8
2025-09-18T15:08:09Z,48.689427,1.917578,135.3,52.13,114.3,1.11,9
2025-09-18T15:08:10Z,48.689331,1.917735,135.8,53.78,128.8,1.40,9
2025-09-18T15:08:11Z,48.689201,1.917875,136.9,62.51,144.1,1.40,8
2025-09-18T15:08:12Z,48.689048,1.918006,136.9,71.36,152.3,1.11,9
2025-09-18T15:08:13Z,48.688877,1.918149,137.0,78.84,149.9,1.16,8
2025-09-18T15:08:14Z,48.688704,1.918331,138.2,84.86,142.1,1.16,8
2025-09-18T15:08:15Z,48.688543,1.918545,140.0,87.19,138.2,1.16,8
2025-09-18T15:08:16Z,48.688392,1.918770,141.7,84.03,135.3,1.61,8
2025-09-18T15:08:17Z,48.688249,1.918989,143.8,80.64,134.6,1.61,8
2025-09-18T15:08:18Z,48.688102,1.919214,144.9,84.99,135.1,1.61,8
2025-09-18T15:08:19Z,48.687956,1.919453,144.4,86.34,130.7,1.11,9
2025-09-18T15:08:20Z,48.687817,1.919713,144.7,89.01,127.5,1.11,9
2025-09-18T15:08:21Z,48.687678,1.919992,144.1,92.82,125.7,1.11,9
2025-09-18T15:08:22Z,48.687530,1.920280,144.2,95.93,126.3,1.11,9
2025-09-18T15:08:23Z,48.687382,1.920577,143.2,96.42,125.8,1.11,9
2025-09-18T15:08:24Z,48.687207,1.920848,143.2,99.53,132.9,1.11,9
2025-09-18T15:08:25Z,48.687033,1.921101,141.7,93.06,135.6,1.11,9
2025-09-18T15:08:26Z,48.686870,1.921334,140.6,87.47,136.4,1.11,9
2025-09-18T15:08:27Z,48.686710,1.921559,139.0,85.75,136.5,1.11,10
2025-09-18T15:08:28Z,48.686557,1.921775,138.0,82.32,136.8,1.11,9
2025-09-18T15:08:29Z,48.686427,1.922003,138.5,80.52,131.3,1.11,9
2025-09-18T15:08:30Z,48.686302,1.922231,138.5,77.97,129.3,1.11,9
2025-09-18T15:08:31Z,48.686192,1.922466,138.5,76.06,125.3,1.13,8
2025-09-18T15:08:32Z,48.686098,1.922709,138.3,74.28,120.2,1.13,8
2025-09-18T15:08:33Z,48.686013,1.922950,138.3,71.21,117.7,1.62,8
2025-09-18T15:08:34Z,48.685957,1.923187,138.9,65.73,111.5,1.11,9
2025-09-18T15:08:35Z,48.685901,1.923412,140.4,63.26,109.9,1.11,9
2025-09-18T15:08:36Z,48.685845,1.923629,143.0,61.93,110.5,1.40,9
2025-09-18T15:08:37Z,48.685783,1.923853,142.3,63.36,111.1,2.06,7
2025-09-18T15:08:38Z,48.685717,1.924083,140.7,65.62,112.4,1.68,7
2025-09-18T15:08:39Z,48.685653,1.924328,140.4,71.60,111.0,2.06,6
2025-09-18T15:08:40Z,48.685618,1.924601,141.6,75.17,103.2,1.21,10
2025-09-18T15:08:41Z,48.685601,1.924876,143.1,74.15,95.9,1.41,8
2025-09-18T15:08:42Z,48.685517,1.925206,140.8,89.77,105.0,1.84,8
2025-09-18T15:08:43Z,48.685419,1.925501,141.3,85.23,112.9,1.84,7
2025-09-18T15:08:44Z,48.685349,1.925790,140.0,78.45,109.7,1.40,9
2025-09-18T15:08:45Z,48.685262,1.926067,138.1,76.21,112.5,1.40,8
2025-09-18T15:08:46Z,48.685170,1.926331,135.8,74.69,116.3,1.40,9
2025-09-18T15:08:47Z,48.685060,1.926572,135.2,74.25,122.5,1.40,8
2025-09-18T15:08:48Z,48.684937,1.926791,136.8,75.02,127.2,1.11,9
2025-09-18T15:08:49Z,48.684784,1.927013,139.1,80.01,130.5,1.84,9
2025-09-18T15:08:50Z,48.684643,1.927238,140.0,77.19,130.4,1.85,7
2025-09-18T15:08:51Z,48.684515,1.927459,141.4,75.41,128.4,1.85,7
2025-09-18T15:08:52Z,48.684387,1.927683,141.9,76.21,129.0,1.11,9
2025-09-18T15:08:53Z,48.684256,1.927911,142.3,78.88,129.1,1.12,9
2025-09-18T15:08:54Z,48.684123,1.928157,143.1,84.27,127.4,1.12,8
2025-09-18T15:08:55Z,48.683982,1.928418,144.5,89.93,128.7,1.65,8
2025-09-18T15:08:56Z,48.683830,1.928688,146.1,94.49,131.2,1.65,7
2025-09-18T15:08:57Z,48.683656,1.928948,147.7,98.04,135.5,1.63,8
2025-09-18T15:08:58Z,48.683459,1.929192,148.6,99.29,139.9,1.11,9
2025-09-18T15:08:59Z,48.683282,1.929423,150.5,91.12,138.9,1.11,9
2025-09-18T15:09:00Z,48.683118,1.929635,151.7,82.54,138.2,1.11,9
2025-09-18T15:09:01Z,48.682979,1.929834,153.3,74.25,136.2,1.11,9
2025-09-18T15:09:02Z,48.682865,1.930011,155.8,64.88,135.7,1.11,9
2025-09-18T15:09:03Z,48.682756,1.930178,157.2,60.04,135.1,1.85,9
2025-09-18T15:09:04Z,48.682660,1.930332,158.5,53.23,133.7,1.85,7
2025-09-18T15:09:05Z,48.682581,1.930473,159.9,47.23,131.2,1.85,7
2025-09-18T15:09:06Z,48.682527,1.930614,162.0,43.78,120.1,1.63,8
2025-09-18T15:09:07Z,48.682482,1.930769,162.6,43.08,109.1,1.11,9
2025-09-18T15:09:08Z,48.682450,1.930938,162.9,48.32,98.4,1.40,9
2025-09-18T15:09:09Z,48.682443,1.931130,163.2,53.52,89.0,1.85,7
2025-09-18T15:09:10Z,48.682448,1.931334,163.2,55.15,85.1,1.40,8
2025-09-18T15:09:11Z,48.682441,1.931538,162.7,53.78,90.0,1.40,8
2025-09-18T15:09:12Z,48.682394,1.931719,161.5,49.58,104.1,1.40,9
2025-09-18T15:09:13Z,48.682328,1.931878,159.7,46.08,117.1,1.40,8
2025-09-18T15:09:14Z,48.682252,1.932030,158.7,50.06,125.1,1.40,8
2025-09-18T15:09:15Z,48.682156,1.932171,158.3,50.82,130.9,0.91,10
2025-09-18T15:09:16Z,48.682072,1.932335,157.6,55.19,125.2,1.11,9
2025-09-18T15:09:17Z,48.682004,1.932522,156.4,56.50,111.3,1.63,9
2025-09-18T15:09:18Z,48.681961,1.932748,154.5,62.80,101.5,1.63,8
2025-09-18T15:09:19Z,48.681922,1.932965,152.8,58.45,103.3,1.63,8
2025-09-18T15:09:20Z,48.681869,1.933159,151.4,54.75,112.7,1.63,8
2025-09-18T15:09:21Z,48.681791,1.933330,150.2,53.56,124.2,1.11,9
2025-09-18T15:09:22Z,48.681687,1.933490,148.9,58.78,133.0,1.11,9
2025-09-18T15:09:23Z,48.681592,1.933656,148.1,58.02,129.8,1.63,9
2025-09-18T15:09:24Z,48.681514,1.933839,147.4,57.00,119.0,1.63,9
2025-09-18T15:09:25Z,48.681452,1.934041,146.1,60.00,111.9,1.63,8
2025-09-18T15:09:26Z,48.681403,1.934270,145.2,65.54,106.4,1.11,9
2025-09-18T15:09:27Z,48.681362,1.934528,145.4,70.91,105.4,1.12,8
2025-09-18T15:09:28Z,48.681314,1.934793,144.6,73.10,102.8,1.11,9
2025-09-18T15:09:29Z,48.681285,1.935061,144.3,71.49,96.6,1.11,9
2025-09-18T15:09:30Z,48.681270,1.935341,143.5,75.95,92.5,1.11,9
2025-09-18T15:09:31Z,48.681275,1.935646,142.5,83.08,86.6,1.11,9
2025-09-18T15:09:32Z,48.681289,1.935964,140.5,87.38,82.6,1.11,9
2025-09-18T15:09:33Z,48.681311,1.936292,137.4,92.54,78.3,1.11,9
2025-09-18T15:09:34Z,48.681361,1.936645,135.5,100.71,73.8,1.11,9
2025-09-18T15:09:35Z,48.681438,1.937019,134.4,108.38,71.0,1.11,9
2025-09-18T15:09:36Z,48.681527,1.937412,134.1,112.29,70.0,1.11,9
2025-09-18T15:09:37Z,48.681604,1.937787,133.2,104.01,70.7,1.11,9
2025-09-18T15:09:38Z,48.681672,1.938134,132.1,96.19,72.0,1.11,9
2025-09-18T15:09:39Z,48.681734,1.938472,131.0,93.17,73.4,1.10,9
2025-09-18T15:09:40Z,48.681764,1.938832,129.5,97.43,81.4,1.40,8
2025-09-18T15:09:41Z,48.681782,1.939221,128.3,106.10,86.1,1.40,8
2025-09-18T15:09:42Z,48.681812,1.939618,127.8,105.49,82.3,1.40,8
2025-09-18T15:09:43Z,48.681821,1.939991,126.9,97.64,84.9,1.40,8
2025-09-18T15:09:44Z,48.681829,1.940337,126.2,90.14,86.2,1.40,8
2025-09-18T15:09:45Z,48.681831,1.940660,127.8,84.60,87.2,1.40,9
2025-09-18T15:09:46Z,48.681824,1.940968,129.4,81.62,91.6,1.40,8
2025-09-18T15:09:47Z,48.681778,1.941267,129.5,80.90,103.0,1.86,7
2025-09-18T15:09:48Z,48.681702,1.941566,128.6,84.49,109.5,1.10,9
2025-09-18T15:09:49Z,48.681612,1.941864,129.3,86.95,114.4,1.10,9
2025-09-18T15:09:50Z,48.681508,1.942157,129.6,88.03,118.4,1.40,9
2025-09-18T15:09:51Z,48.681393,1.942460,129.4,93.29,119.4,1.40,8
2025-09-18T15:09:52Z,48.681249,1.942740,129.2,93.56,125.5,1.40,8
2025-09-18T15:09:53Z,48.681109,1.943018,129.4,91.03,126.9,1.10,9
2025-09-18T15:09:54Z,48.680956,1.943280,128.8,90.45,130.4,1.10,9
2025-09-18T15:09:55Z,48.680800,1.943541,129.0,93.51,132.1,1.10,9
2025-09-18T15:09:56Z,48.680622,1.943808,128.5,100.49,134.2,1.10,9
2025-09-18T15:09:57Z,48.680441,1.944098,128.4,106.71,132.3,1.10,9
2025-09-18T15:09:58Z,48.680252,1.944401,128.5,110.79,132.7,1.65,8
2025-09-18T15:09:59Z,48.680070,1.944715,128.7,110.90,131.5,1.86,7
2025-09-18T15:10:00Z,48.679849,1.945001,130.2,114.42,137.8,1.86,7
2025-09-18T15:10:01Z,48.679651,1.945299,131.3,112.45,135.1,1.10,9
2025-09-18T15:10:02Z,48.679450,1.945542,132.0,100.99,140.0,1.39,8
2025-09-18T15:10:03Z,48.679271,1.945770,131.9,92.06,138.4,1.10,9
2025-09-18T15:10:04Z,48.679125,1.946008,133.5,86.58,132.8,1.10,9
2025-09-18T15:10:05Z,48.678971,1.946246,132.5,85.66,131.2,1.10,9
2025-09-18T15:10:06Z,48.678817,1.946498,130.8,88.49,128.3,1.10,9
2025-09-18T15:10:07Z,48.678694,1.946783,132.4,91.49,121.8,1.10,9
2025-09-18T15:10:08Z,48.678575,1.947097,132.7,97.40,118.0,1.65,8
2025-09-18T15:10:09Z,48.678475,1.947431,133.9,97.40,114.3,1.65,8
2025-09-18T15:10:10Z,48.678379,1.947750,134.4,90.30,113.2,1.65,8
2025-09-18T15:10:11Z,48.678290,1.948047,134.5,84.30,113.1,1.65,8
2025-09-18T15:10:12Z,48.678206,1.948324,134.5,79.19,113.5,1.65,8
2025-09-18T15:10:13Z,48.678107,1.948592,134.2,81.45,119.7,1.65,8
2025-09-18T15:10:14Z,48.677980,1.948849,133.6,85.91,126.9,1.10,9
2025-09-18T15:10:15Z,48.677819,1.949102,132.6,91.32,131.7,1.10,9
2025-09-18T15:10:16Z,48.677677,1.949378,132.5,93.32,126.5,1.10,9
2025-09-18T15:10:17Z,48.677562,1.949699,132.0,97.42,116.9,1.65,8
2025-09-18T15:10:18Z,48.677448,1.950044,130.7,103.19,113.6,1.65,8
2025-09-18T15:10:19Z,48.677355,1.950400,129.6,100.80,110.8,1.65,8
2025-09-18T15:10:20Z,48.677271,1.950736,128.5,92.88,109.8,1.65,8
2025-09-18T15:10:21Z,48.677208,1.951052,128.7,85.17,106.4,1.12,8
2025-09-18T15:10:22Z,48.677159,1.951344,128.2,77.71,101.8,1.12,8
2025-09-18T15:10:23Z,48.677137,1.951619,128.4,71.84,95.7,1.10,9
2025-09-18T15:10:24Z,48.677107,1.951880,127.5,69.97,98.7,1.10,9
2025-09-18T15:10:25Z,48.677050,1.952132,126.7,71.14,109.2,1.10,9
2025-09-18T15:10:26Z,48.676971,1.952386,126.7,76.54,116.9,1.10,9
2025-09-18T15:10:27Z,48.676864,1.952647,126.4,83.01,122.2,1.65,8
2025-09-18T15:10:28Z,48.676750,1.952918,126.1,85.49,121.6,1.66,8
2025-09-18T15:10:29Z,48.676639,1.953176,125.6,79.51,122.0,1.66,8
2025-09-18T15:10:30Z,48.676536,1.953441,125.0,80.52,119.1,1.66,8
2025-09-18T15:10:31Z,48.676478,1.953739,124.3,81.73,108.6,1.66,8
2025-09-18T15:10:32Z,48.676448,1.954042,124.6,80.62,99.0,1.10,9
2025-09-18T15:10:33Z,48.676425,1.954331,126.6,75.47,99.4,1.10,9
2025-09-18T15:10:34Z,48.676377,1.954590,126.3,69.97,106.0,1.10,9
2025-09-18T15:10:35Z,48.676295,1.954824,127.0,69.84,118.4,1.21,10
2025-09-18T15:10:36Z,48.676179,1.955030,127.9,70.86,132.3,1.39,9
2025-09-18T15:10:37Z,48.676051,1.955207,128.8,68.19,138.2,1.10,9
2025-09-18T15:10:38Z,48.675914,1.955364,129.5,68.21,144.0,1.66,9
2025-09-18T15:10:39Z,48.675776,1.955508,130.1,66.80,146.5,1.66,8
2025-09-18T15:10:40Z,48.675628,1.955633,131.0,67.12,152.2,1.66,8
2025-09-18T15:10:41Z,48.675477,1.955741,131.6,66.23,155.6,1.10,9
2025-09-18T15:10:42Z,48.675317,1.955815,132.1,64.88,163.5,1.10,9
2025-09-18T15:10:43Z,48.675187,1.955879,133.9,56.86,163.9,1.10,9
2025-09-18T15:10:44Z,48.675021,1.955914,136.1,64.97,173.0,1.10,9
2025-09-18T15:10:45Z,48.674887,1.955934,138.1,54.71,174.1,1.10,9
2025-09-18T15:10:46Z,48.674768,1.955972,141.3,51.56,167.6,1.66,9
2025-09-18T15:10:47Z,48.674627,1.956038,143.3,55.37,159.1,2.21,8
2025-09-18T15:10:48Z,48.674504,1.956143,146.2,56.58,147.7,1.69,7
2025-09-18T15:10:49Z,48.674393,1.956271,146.3,55.15,135.3,2.21,8
2025-09-18T15:10:50Z,48.674325,1.956428,148.2,52.99,117.9,1.10,9
2025-09-18T15:10:51Z,48.674325,1.956593,149.6,51.32,97.6,1.10,9
2025-09-18T15:10:52Z,48.674324,1.956781,147.8,56.21,86.8,1.12,8
2025-09-18T15:10:53Z,48.674299,1.956971,139.5,63.54,76.3,1.12,8
2025-09-18T15:10:54Z,48.674301,1.957187,136.4,64.75,77.8,1.10,9
2025-09-18T15:10:55Z,48.674353,1.957436,136.7,71.65,71.7,1.10,9
2025-09-18T15:10:56Z,48.674388,1.957669,138.6,66.43,76.8,1.10,9
2025-09-18T15:10:57Z,48.674428,1.957916,139.2,70.26,75.6,1.41,9
2025-09-18T15:10:58Z,48.674428,1.958153,139.1,68.47,82.3,1.39,8
2025-09-18T15:10:59Z,48.674442,1.958400,139.6,67.30,83.1,1.39,8
2025-09-18T15:11:00Z,48.674446,1.958657,138.7,68.99,88.3,1.39,9
2025-09-18T15:11:01Z,48.674461,1.958914,141.3,70.51,87.3,1.39,8
2025-09-18T15:11:02Z,48.674453,1.959182,140.3,70.32,91.8,1.10,9
2025-09-18T15:11:03Z,48.674425,1.959452,138.4,71.28,95.7,1.10,9
2025-09-18T15:11:04Z,48.674375,1.959715,135.7,72.06,101.3,1.10,9
2025-09-18T15:11:05Z,48.674331,1.959981,134.9,71.99,101.3,1.10,9
2025-09-18T15:11:06Z,48.674285,1.960230,134.1,67.52,103.7,1.10,9
2025-09-18T15:11:07Z,48.674242,1.960460,133.0,61.97,101.1,1.10,9
2025-09-18T15:11:08Z,48.674228,1.960675,133.0,56.15,93.9,1.10,9
2025-09-18T15:11:09Z,48.674234,1.960871,132.9,50.37,86.6,1.39,9
2025-09-18T15:11:10Z,48.674236,1.961050,132.7,47.19,85.9,1.39,8
2025-09-18T15:11:11Z,48.674229,1.961206,132.3,40.00,86.6,1.39,8
2025-09-18T15:11:12Z,48.674235,1.961338,132.9,34.43,79.8,0.91,10
2025-09-18T15:11:13Z,48.674240,1.961441,134.2,26.08,81.2,0.91,10
2025-09-18T15:11:14Z,48.674234,1.961514,134.0,16.59,82.5,0.91,10
2025-09-18T15:11:15Z,48.674239,1.961553,135.3,10.26,76.5,0.91,10
2025-09-18T15:11:16Z,48.674244,1.961574,135.8,5.74,72.7,1.03,10
2025-09-18T15:11:17Z,48.674231,1.961579,135.5,2.56,73.7,0.91,10
2025-09-18T15:11:24Z,48.674192,1.961573,134.2,2.07,58.4,1.10,9
2025-09-18T15:11:25Z,48.674188,1.961583,134.0,4.15,68.8,0.91,10
2025-09-18T15:11:26Z,48.674175,1.961597,132.3,8.26,56.1,1.10,10
2025-09-18T15:11:27Z,48.674182,1.961623,131.2,13.20,43.6,0.91,10
2025-09-18T15:11:28Z,48.674205,1.961654,130.4,17.69,34.7,0.91,10
2025-09-18T15:11:29Z,48.674244,1.961690,130.1,19.78,32.1,0.91,10
2025-09-18T15:11:30Z,48.674293,1.961730,130.0,23.56,28.4,0.91,10
2025-09-18T15:11:31Z,48.674347,1.961769,129.9,24.67,24.7,0.91,10
2025-09-18T15:11:32Z,48.674405,1.961805,129.7,27.82,21.4,0.91,10
2025-09-18T15:11:33Z,48.674467,1.961846,129.5,31.61,21.6,0.91,10
2025-09-18T15:11:34Z,48.674538,1.961891,129.7,34.02,22.4,0.91,10
2025-09-18T15:11:35Z,48.674616,1.961941,129.9,36.85,22.4,1.21,10
2025-09-18T15:11:36Z,48.674704,1.961995,129.3,39.10,21.2,1.25,8
2025-09-18T15:11:37Z,48.674791,1.962048,130.3,39.82,22.2,1.25,8
2025-09-18T15:11:38Z,48.674876,1.962110,131.2,40.48,26.7,1.25,8
2025-09-18T15:11:39Z,48.674969,1.962167,132.0,42.54,22.6,1.25,8
2025-09-18T15:11:40Z,48.675066,1.962220,133.9,44.08,21.6,0.96,9
2025-09-18T15:11:41Z,48.675168,1.962289,135.5,46.58,25.6,0.96,9
2025-09-18T15:11:42Z,48.675253,1.962372,139.5,44.11,35.0,1.10,9
2025-09-18T15:11:43Z,48.675345,1.962494,141.1,49.12,42.2,1.21,10
2025-09-18T15:11:44Z,48.675448,1.962640,139.3,51.41,46.0,1.21,9
2025-09-18T15:11:45Z,48.675549,1.962816,136.9,57.45,52.6,1.21,9
2025-09-18T15:11:46Z,48.675622,1.963003,135.4,56.00,61.1,1.21,9
2025-09-18T15:11:47Z,48.675703,1.963220,133.9,64.93,62.3,1.21,9
2025-09-18T15:11:48Z,48.675784,1.963439,134.2,66.89,62.1,1.21,9
2025-09-18T15:11:49Z,48.675873,1.963658,132.7,65.32,59.4,1.21,9
2025-09-18T15:11:50Z,48.675969,1.963835,132.4,59.67,49.8,1.21,9
2025-09-18T15:11:51Z,48.676068,1.963998,131.3,58.02,43.4,1.21,9
2025-09-18T15:11:52Z,48.676182,1.964130,131.7,56.54,37.2,1.21,9
2025-09-18T15:11:53Z,48.676312,1.964260,131.4,63.78,30.6,1.41,7
2025-09-18T15:11:54Z,48.676449,1.964366,129.9,62.02,24.1,2.02,6
2025-09-18T15:11:55Z,48.676588,1.964451,129.1,60.43,19.2,2.02,6
2025-09-18T15:11:56Z,48.676730,1.964520,128.4,59.95,13.7,2.02,7
2025-09-18T15:11:57Z,48.676872,1.964562,128.5,58.86,9.9,1.39,8
2025-09-18T15:11:58Z,48.677014,1.964614,128.0,58.30,13.9,2.02,8
2025-09-18T15:11:59Z,48.677154,1.964685,128.3,60.63,19.6,2.02,7
2025-09-18T15:12:00Z,48.677295,1.964780,128.4,62.54,25.1,1.25,8
2025-09-18T15:12:01Z,48.677431,1.964890,128.5,61.75,27.3,1.25,8
2025-09-18T15:12:02Z,48.677556,1.964993,130.6,59.15,28.3,1.25,8
2025-09-18T15:12:03Z,48.677692,1.965099,131.4,61.49,26.8,1.25,8
2025-09-18T15:12:04Z,48.677826,1.965197,132.5,59.17,25.8,1.93,8
2025-09-18T15:12:05Z,48.677950,1.965308,133.3,57.36,31.4,1.93,8
2025-09-18T15:12:06Z,48.678069,1.965405,134.5,55.00,28.0,1.25,8
2025-09-18T15:12:07Z,48.678199,1.965498,134.8,55.50,25.7,1.25,8
2025-09-18T15:12:08Z,48.678308,1.965584,134.8,49.28,29.0,1.25,8
2025-09-18T15:12:09Z,48.678386,1.965653,136.7,38.78,31.7,1.25,8
2025-09-18T15:12:10Z,48.678427,1.965677,144.7,27.78,29.4,0.96,9
2025-09-18T15:12:11Z,48.678483,1.965694,157.5,31.91,23.3,0.96,9
2025-09-18T15:12:12Z,48.678618,1.965765,153.6,41.39,15.3,1.41,8
2025-09-18T15:12:13Z,48.678729,1.965835,154.4,38.35,22.0,1.41,7
2025-09-18T15:12:14Z,48.678850,1.965889,152.5,40.80,10.9,1.41,7
2025-09-18T15:12:15Z,48.678953,1.965923,154.6,39.17,7.7,1.47,8
2025-09-18T15:12:16Z,48.679055,1.965947,154.0,35.85,8.2,1.11,8
2025-09-18T15:12:17Z,48.679156,1.965956,155.0,38.17,3.0,1.47,8
2025-09-18T15:12:18Z,48.679282,1.965986,154.2,44.76,6.0,1.47,8
2025-09-18T15:12:19Z,48.679411,1.966020,151.6,45.67,5.2,2.02,7
2025-09-18T15:12:20Z,48.679538,1.966034,149.6,45.76,3.0,2.02,7
2025-09-18T15:12:21Z,48.679652,1.966048,150.1,43.73,5.0,2.02,7
2025-09-18T15:12:22Z,48.679767,1.966057,148.6,41.95,2.3,1.93,8
2025-09-18T15:12:23Z,48.679854,1.966032,152.0,36.43,349.5,0.96,9
2025-09-18T15:12:24Z,48.679939,1.965979,153.2,36.08,336.6,1.26,8
2025-09-18T15:12:25Z,48.680018,1.965881,153.1,41.71,318.2,1.26,8
2025-09-18T15:12:26Z,48.680127,1.965787,146.2,49.71,308.5,1.26,8
2025-09-18T15:12:27Z,48.680228,1.965654,137.7,55.00,293.3,1.26,8
2025-09-18T15:12:28Z,48.680294,1.965480,135.0,52.67,288.5,1.26,8
2025-09-18T15:12:29Z,48.680360,1.965327,131.4,47.41,295.1,1.79,8
2025-09-18T15:12:30Z,48.680442,1.965198,128.5,44.74,311.0,1.79,8
2025-09-18T15:12:31Z,48.680543,1.965105,127.3,46.30,332.3,1.79,8
2025-09-18T15:12:32Z,48.680670,1.965059,126.4,54.25,350.8,1.79,8
2025-09-18T15:12:33Z,48.680832,1.965057,126.6,68.84,2.4,1.79,8
2025-09-18T15:12:34Z,48.681016,1.965093,127.4,75.82,7.2,1.79,7
2025-09-18T15:12:35Z,48.681204,1.965132,127.8,75.64,7.7,1.79,7
2025-09-18T15:12:36Z,48.681387,1.965167,128.3,73.27,7.2,2.65,6
2025-09-18T15:12:37Z,48.681562,1.965187,128.7,71.14,5.4,2.65,6
2025-09-18T15:12:38Z,48.681731,1.965241,128.5,68.19,11.6,2.65,6
2025-09-18T15:12:39Z,48.681911,1.965321,127.4,71.52,16.0,1.79,7
2025-09-18T15:12:40Z,48.682063,1.965413,128.5,67.32,18.9,1.93,8
2025-09-18T15:12:41Z,48.682220,1.965493,128.2,65.95,18.7,1.26,8
2025-09-18T15:12:42Z,48.682365,1.965552,127.9,60.99,16.9,1.93,7
2025-09-18T15:12:43Z,48.682482,1.965676,129.1,56.54,28.5,1.93,7
2025-09-18T15:12:44Z,48.682617,1.965846,120.3,55.67,45.8,1.26,8
2025-09-18T15:12:45Z,48.682664,1.966064,127.9,66.43,62.6,0.96,9
2025-09-18T15:12:46Z,48.682715,1.966330,129.6,77.51,72.9,0.96,9
2025-09-18T15:12:47Z,48.682753,1.966602,125.4,74.21,79.5,1.25,8
2025-09-18T15:12:48Z,48.682794,1.966865,124.8,69.99,78.1,1.25,8
2025-09-18T15:12:49Z,48.682846,1.967118,124.0,68.52,75.2,1.41,8
2025-09-18T15:12:50Z,48.682916,1.967369,121.8,69.62,71.8,1.11,8
2025-09-18T15:12:51Z,48.683001,1.967623,120.2,72.91,67.5,1.11,8
2025-09-18T15:12:52Z,48.683073,1.967875,119.8,71.93,67.2,1.11,8
2025-09-18T15:12:53Z,48.683162,1.968104,119.9,69.97,63.2,1.25,8
2025-09-18T15:12:54Z,48.683250,1.968331,119.4,69.39,61.7,1.25,8
2025-09-18T15:12:55Z,48.683331,1.968568,119.1,70.32,63.0,1.25,8
2025-09-18T15:12:56Z,48.683415,1.968804,118.5,70.17,63.0,0.96,9
2025-09-18T15:12:57Z,48.683499,1.969043,117.0,70.23,62.7,1.25,9
2025-09-18T15:12:58Z,48.683591,1.969286,113.7,70.12,61.6,1.11,9
2025-09-18T15:12:59Z,48.683679,1.969515,112.0,69.17,59.1,1.11,8
2025-09-18T15:13:00Z,48.683780,1.969720,111.8,67.71,52.0,1.10,9
2025-09-18T15:13:01Z,48.683901,1.969895,111.4,66.99,41.6,0.91,10
2025-09-18T15:13:02Z,48.684043,1.970025,112.1,68.43,29.0,0.91,10
2025-09-18T15:13:03Z,48.684204,1.970124,112.5,71.26,20.5,0.91,10
2025-09-18T15:13:04Z,48.684375,1.970202,113.3,73.47,15.9,0.91,10
2025-09-18T15:13:05Z,48.684549,1.970274,113.9,73.06,15.4,0.91,10
2025-09-18T15:13:06Z,48.684714,1.970343,114.3,68.19,15.4,0.91,10
2025-09-18T15:13:07Z,48.684873,1.970408,114.4,65.60,14.7,0.91,10
2025-09-18T15:13:08Z,48.685029,1.970469,114.4,64.32,14.4,0.91,10
2025-09-18T15:13:09Z,48.685184,1.970530,114.4,64.25,14.3,0.91,10
2025-09-18T15:13:10Z,48.685339,1.970594,114.5,64.91,14.6,0.91,10
2025-09-18T15:13:11Z,48.685496,1.970656,114.2,65.02,14.4,0.91,10
2025-09-18T15:13:12Z,48.685651,1.970717,113.9,64.36,14.2,0.91,10
2025-09-18T15:13:13Z,48.685806,1.970775,114.2,64.13,13.5,0.91,10
2025-09-18T15:13:14Z,48.685961,1.970831,114.2,64.58,13.2,0.91,10
2025-09-18T15:13:15Z,48.686119,1.970889,114.2,65.47,13.8,1.25,9
2025-09-18T15:13:16Z,48.686277,1.970950,114.2,65.28,14.3,1.25,8
2025-09-18T15:13:17Z,48.686428,1.971008,114.1,61.65,14.2,1.25,8
2025-09-18T15:13:18Z,48.686572,1.971068,114.2,59.41,15.4,1.21,9
2025-09-18T15:13:19Z,48.686709,1.971141,114.2,58.54,19.9,1.21,9
2025-09-18T15:13:20Z,48.686846,1.971242,114.4,61.41,26.1,1.21,9
2025-09-18T15:13:21Z,48.686983,1.971361,114.5,63.49,29.9,1.21,9
2025-09-18T15:13:22Z,48.687110,1.971488,114.7,61.38,32.1,0.91,10
2025-09-18T15:13:23Z,48.687223,1.971612,115.0,57.71,33.8,1.21,9
2025-09-18T15:13:24Z,48.687323,1.971718,114.9,52.15,33.2,1.21,9
2025-09-18T15:13:25Z,48.687418,1.971814,115.2,47.78,32.6,1.21,9
2025-09-18T15:13:26Z,48.687492,1.971910,115.5,42.80,36.4,1.21,9
2025-09-18T15:13:27Z,48.687546,1.971993,115.8,35.74,39.0,1.21,9
2025-09-18T15:13:28Z,48.687609,1.972066,116.5,33.11,37.5,1.21,9
2025-09-18T15:13:29Z,48.687659,1.972123,117.0,26.65,36.7,1.21,10
2025-09-18T15:13:30Z,48.687702,1.972176,117.5,23.43,37.7,1.21,10
2025-09-18T15:13:31Z,48.687752,1.972231,117.8,24.95,36.1,1.21,9
2025-09-18T15:13:32Z,48.687805,1.972284,118.1,26.76,30.7,1.21,9
2025-09-18T15:13:33Z,48.687863,1.972327,118.5,26.59,24.9,1.21,10
2025-09-18T15:13:34Z,48.687923,1.972363,118.7,26.04,20.8,1.21,9
2025-09-18T15:13:35Z,48.687993,1.972401,118.9,30.30,19.6,1.25,8
2025-09-18T15:13:36Z,48.688071,1.972446,119.3,34.78,19.9,0.96,9
2025-09-18T15:13:37Z,48.688159,1.972497,119.7,38.84,20.9,0.91,10
2025-09-18T15:13:38Z,48.688255,1.972557,120.0,42.54,22.3,1.25,9
2025-09-18T15:13:39Z,48.688353,1.972627,120.2,43.28,25.5,1.25,9
2025-09-18T15:13:40Z,48.688449,1.972701,120.3,42.86,26.9,1.25,9
2025-09-18T15:13:41Z,48.688544,1.972773,120.3,42.23,26.9,0.96,10
2025-09-18T15:13:42Z,48.688640,1.972849,120.3,42.74,27.8,0.96,10
2025-09-18T15:13:43Z,48.688735,1.972926,120.4,43.26,27.5,0.91,10
2025-09-18T15:13:44Z,48.688832,1.973003,120.3,43.37,27.7,0.91,10
2025-09-18T15:13:45Z,48.688922,1.973078,120.2,40.23,28.2,0.91,10
2025-09-18T15:13:46Z,48.689005,1.973146,120.3,37.04,28.6,1.21,10
2025-09-18T15:13:47Z,48.689082,1.973205,120.4,34.24,26.2,1.21,9
2025-09-18T15:13:48Z,48.689156,1.973264,120.3,32.72,28.0,0.91,10
2025-09-18T15:13:49Z,48.689230,1.973327,120.3,33.69,29.8,1.21,10
2025-09-18T15:13:50Z,48.689306,1.973389,120.1,34.48,27.9,1.21,9
2025-09-18T15:13:51Z,48.689387,1.973450,120.4,37.35,26.5,1.21,9
2025-09-18T15:13:52Z,48.689491,1.973525,119.6,46.08,25.2,1.21,9
2025-09-18T15:13:53Z,48.689609,1.973614,119.2,53.30,26.2,0.91,10
2025-09-18T15:13:54Z,48.689736,1.973711,118.2,56.12,26.6,0.91,10
2025-09-18T15:13:55Z,48.689871,1.973817,117.3,60.88,26.8,0.91,10
2025-09-18T15:13:56Z,48.690012,1.973924,117.1,63.80,26.5,1.21,9
2025-09-18T15:13:57Z,48.690151,1.974031,116.8,61.63,27.0,1.45,8
2025-09-18T15:13:58Z,48.690282,1.974138,116.5,58.43,28.7,1.21,9
2025-09-18T15:13:59Z,48.690408,1.974245,116.2,57.30,29.5,1.21,9
2025-09-18T15:14:00Z,48.690536,1.974346,116.3,58.54,27.4,1.21,9
2025-09-18T15:14:01Z,48.690674,1.974436,116.7,60.71,22.5,0.91,10
2025-09-18T15:14:02Z,48.690827,1.974503,116.5,64.17,15.8,0.91,10
2025-09-18T15:14:03Z,48.690989,1.974568,116.7,68.54,14.6,0.91,10
2025-09-18T15:14:04Z,48.691160,1.974648,116.9,72.60,17.2,1.01,10
2025-09-18T15:14:05Z,48.691331,1.974741,117.1,73.14,19.8,1.01,10
2025-09-18T15:14:06Z,48.691503,1.974836,117.3,73.84,20.3,1.36,8
2025-09-18T15:14:07Z,48.691678,1.974935,117.3,75.25,20.4,1.25,9
2025-09-18T15:14:08Z,48.691854,1.975034,117.2,75.25,20.6,1.21,9
2025-09-18T15:14:09Z,48.692031,1.975134,117.2,75.38,20.6,1.21,9
2025-09-18T15:14:10Z,48.692209,1.975235,116.9,75.84,20.4,1.21,9
2025-09-18T15:14:11Z,48.692387,1.975338,116.7,75.88,20.9,1.21,9
2025-09-18T15:14:12Z,48.692565,1.975442,116.3,76.10,20.8,1.21,9
2025-09-18T15:14:13Z,48.692745,1.975544,116.0,76.75,20.5,1.21,9
2025-09-18T15:14:14Z,48.692926,1.975646,115.7,77.28,20.4,1.21,9
2025-09-18T15:14:15Z,48.693109,1.975751,115.5,77.91,20.8,1.21,9
2025-09-18T15:14:16Z,48.693291,1.975856,115.4,78.12,20.6,1.21,9
2025-09-18T15:14:17Z,48.693474,1.975960,115.4,78.32,20.6,1.21,9
2025-09-18T15:14:18Z,48.693658,1.976066,115.2,78.62,20.9,1.21,9
2025-09-18T15:14:19Z,48.693842,1.976174,115.1,78.80,21.2,1.21,9
2025-09-18T15:14:20Z,48.694025,1.976282,115.0,79.01,21.4,1.21,9
2025-09-18T15:14:21Z,48.694209,1.976394,115.1,79.30,22.3,1.21,9
2025-09-18T15:14:22Z,48.694392,1.976512,115.3,79.95,23.1,1.21,9
2025-09-18T15:14:23Z,48.694572,1.976633,115.6,79.40,24.0,1.21,9
2025-09-18T15:14:24Z,48.694752,1.976756,115.9,79.30,24.4,1.21,10
2025-09-18T15:14:25Z,48.694933,1.976875,116.1,78.99,23.7,0.91,10
2025-09-18T15:14:26Z,48.695112,1.976993,116.7,78.78,23.9,0.96,10
2025-09-18T15:14:27Z,48.695292,1.977112,116.7,78.52,23.7,0.96,9
2025-09-18T15:14:28Z,48.695471,1.977230,116.9,78.38,23.7,0.96,10
2025-09-18T15:14:29Z,48.695650,1.977351,117.0,78.12,24.1,0.96,9
2025-09-18T15:14:30Z,48.695822,1.977469,116.7,74.86,24.0,1.27,8
2025-09-18T15:14:31Z,48.695985,1.977578,116.5,70.08,23.8,0.96,9
2025-09-18T15:14:32Z,48.696138,1.977677,116.3,65.51,23.1,0.91,10
2025-09-18T15:14:33Z,48.696285,1.977775,115.7,63.47,23.4,0.91,10
2025-09-18T15:14:34Z,48.696430,1.977874,115.2,63.17,24.2,0.91,10
2025-09-18T15:14:35Z,48.696573,1.977976,114.7,62.54,24.9,0.91,10
2025-09-18T15:14:36Z,48.696715,1.978073,114.5,61.73,24.2,0.91,10
2025-09-18T15:14:37Z,48.696855,1.978168,114.0,60.47,24.0,0.96,9
2025-09-18T15:14:38Z,48.696991,1.978261,113.9,59.75,24.4,0.91,10
2025-09-18T15:14:39Z,48.697125,1.978359,113.7,59.19,25.9,0.91,10
2025-09-18T15:14:40Z,48.697256,1.978458,113.8,58.93,26.7,0.91,10
2025-09-18T15:14:41Z,48.697387,1.978556,113.8,58.54,25.8,0.96,10
2025-09-18T15:14:42Z,48.697520,1.978646,113.7,58.21,24.2,0.96,9
2025-09-18T15:14:43Z,48.697653,1.978734,113.6,58.25,23.4,0.96,9
2025-09-18T15:14:44Z,48.697786,1.978823,113.6,57.99,23.9,0.91,10
2025-09-18T15:14:45Z,48.697913,1.978907,113.6,55.56,23.7,0.91,10
2025-09-18T15:14:46Z,48.698038,1.978988,113.6,53.99,22.9,0.91,10
2025-09-18T15:14:47Z,48.698163,1.979066,113.0,52.73,22.2,0.91,10
2025-09-18T15:14:48Z,48.698285,1.979140,112.7,52.63,22.0,1.21,9
2025-09-18T15:14:49Z,48.698412,1.979217,111.9,53.37,21.9,1.21,9
2025-09-18T15:14:50Z,48.698530,1.979295,111.7,51.02,24.0,0.91,10
2025-09-18T15:14:51Z,48.698642,1.979373,111.5,48.32,24.6,0.91,10
2025-09-18T15:14:52Z,48.698755,1.979447,110.5,47.95,23.5,0.91,10
2025-09-18T15:14:53Z,48.698862,1.979519,109.8,45.86,23.9,0.91,10
2025-09-18T15:14:54Z,48.698961,1.979589,109.2,42.50,25.2,0.96,9
2025-09-18T15:14:55Z,48.699051,1.979655,108.9,39.28,25.6,0.96,9
2025-09-18T15:14:56Z,48.699136,1.979720,108.2,36.34,26.6,0.96,9
2025-09-18T15:14:57Z,48.699214,1.979779,107.5,33.84,26.0,0.96,9
2025-09-18T15:14:58Z,48.699286,1.979833,107.4,30.74,25.7,1.21,9
2025-09-18T15:14:59Z,48.699356,1.979875,107.0,29.97,20.0,0.91,10
2025-09-18T15:15:00Z,48.699432,1.979924,107.0,34.34,23.4,0.91,10
2025-09-18T15:15:01Z,48.699524,1.979981,106.4,40.78,21.4,0.91,10
2025-09-18T15:15:02Z,48.699624,1.980043,106.2,44.65,22.4,0.91,10
2025-09-18T15:15:03Z,48.699734,1.980111,105.8,47.74,21.8,0.91,10
2025-09-18T15:15:04Z,48.699846,1.980183,106.1,50.26,23.3,0.91,10
2025-09-18T15:15:05Z,48.699969,1.980262,105.6,53.58,23.2,0.91,10
2025-09-18T15:15:06Z,48.700094,1.980339,105.7,54.36,22.9,0.91,10
2025-09-18T15:15:07Z,48.700218,1.980420,105.2,53.10,23.3,1.21,9
2025-09-18T15:15:08Z,48.700335,1.980497,104.7,49.08,23.6,0.91,10
2025-09-18T15:15:09Z,48.700442,1.980571,105.0,46.52,24.9,1.21,9
2025-09-18T15:15:10Z,48.700547,1.980643,105.2,46.15,23.9,0.91,10
2025-09-18T15:15:11Z,48.700648,1.980710,105.5,43.52,24.5,0.91,10
2025-09-18T15:15:12Z,48.700747,1.980780,105.3,42.08,25.0,0.91,10
2025-09-18T15:15:13Z,48.700832,1.980841,105.1,36.30,24.9,0.91,10
2025-09-18T15:15:14Z,48.700910,1.980892,104.3,31.52,23.4,0.91,10
2025-09-18T15:15:15Z,48.700982,1.980936,103.6,29.54,22.1,1.21,9
2025-09-18T15:15:16Z,48.701056,1.980980,103.4,32.71,21.9,1.21,9
2025-09-18T15:15:17Z,48.701141,1.981035,103.6,39.39,24.2,0.91,10
2025-09-18T15:15:18Z,48.701235,1.981109,104.3,44.87,28.4,1.21,10
2025-09-18T15:15:19Z,48.701342,1.981186,105.0,48.49,24.8,1.21,9
2025-09-18T15:15:20Z,48.701457,1.981264,105.0,49.86,24.6,1.21,9
2025-09-18T15:15:21Z,48.701573,1.981344,105.4,50.37,24.8,1.26,8
2025-09-18T15:15:22Z,48.701685,1.981435,105.1,49.28,29.9,1.26,10
2025-09-18T15:15:23Z,48.701784,1.981538,105.5,47.32,36.6,1.21,9
2025-09-18T15:15:24Z,48.701882,1.981662,105.8,50.82,40.4,1.21,9
2025-09-18T15:15:25Z,48.701977,1.981794,106.2,51.54,44.4,0.91,10
2025-09-18T15:15:26Z,48.702067,1.981935,106.9,52.52,46.6,0.91,10
2025-09-18T15:15:27Z,48.702160,1.982089,107.2,55.00,47.8,0.91,10
2025-09-18T15:15:28Z,48.702254,1.982247,106.3,54.45,48.8,0.91,10
2025-09-18T15:15:29Z,48.702340,1.982394,105.8,50.63,48.7,0.91,10
2025-09-18T15:15:30Z,48.702428,1.982531,104.3,48.15,46.7,0.96,9
2025-09-18T15:15:31Z,48.702517,1.982667,103.2,49.04,46.1,1.11,8
2025-09-18T15:15:32Z,48.702602,1.982803,102.7,49.93,47.6,1.11,8
2025-09-18T15:15:33Z,48.702689,1.982948,101.3,50.62,49.7,1.11,8
2025-09-18T15:15:34Z,48.702775,1.983094,100.5,51.04,49.0,1.11,8
2025-09-18T15:15:35Z,48.702861,1.983239,100.0,51.12,47.8,1.11,9
2025-09-18T15:15:36Z,48.702948,1.983382,99.5,51.63,47.3,1.40,7
2025-09-18T15:15:37Z,48.703037,1.983526,99.3,52.41,47.0,1.20,9
2025-09-18T15:15:38Z,48.703127,1.983665,99.3,51.15,45.0,0.91,10
2025-09-18T15:15:39Z,48.703214,1.983790,99.5,47.67,42.7,0.91,10
2025-09-18T15:15:40Z,48.703293,1.983897,98.9,41.65,40.3,0.96,9
2025-09-18T15:15:41Z,48.703368,1.983980,98.7,35.61,34.6,0.91,10
2025-09-18T15:15:42Z,48.703435,1.984045,98.5,30.52,32.2,0.96,9
2025-09-18T15:15:43Z,48.703499,1.984106,97.8,28.32,34.2,0.96,9
2025-09-18T15:15:44Z,48.703559,1.984164,97.8,29.04,31.6,0.96,9
2025-09-18T15:15:45Z,48.703623,1.984214,98.6,30.30,25.5,0.96,9
2025-09-18T15:15:46Z,48.703691,1.984271,99.4,31.80,30.5,0.96,9
2025-09-18T15:15:47Z,48.703774,1.984338,99.3,38.48,28.0,0.96,9
2025-09-18T15:15:48Z,48.703864,1.984408,99.1,40.78,27.3,0.96,9
2025-09-18T15:15:49Z,48.703956,1.984480,99.3,42.11,27.5,0.96,9
2025-09-18T15:15:50Z,48.704048,1.984558,99.5,41.00,29.7,1.26,8
2025-09-18T15:15:51Z,48.704128,1.984645,99.9,38.98,37.8,1.26,8
2025-09-18T15:15:52Z,48.704206,1.984744,100.3,41.13,41.0,1.26,8
2025-09-18T15:15:53Z,48.704272,1.984853,101.1,39.76,49.0,1.26,8
2025-09-18T15:15:54Z,48.704338,1.984975,101.6,41.58,51.3,1.26,8
2025-09-18T15:15:55Z,48.704389,1.985095,103.1,37.89,58.1,1.26,8
2025-09-18T15:15:56Z,48.704433,1.985210,103.5,33.72,60.4,1.40,7
2025-09-18T15:15:57Z,48.704470,1.985310,104.1,29.04,59.9,1.40,7
2025-09-18T15:15:58Z,48.704507,1.985396,103.5,24.08,58.7,1.40,7
2025-09-18T15:15:59Z,48.704533,1.985466,103.8,19.83,60.6,1.40,7
2025-09-18T15:16:00Z,48.704555,1.985523,103.6,15.33,60.1,1.11,8
2025-09-18T15:16:01Z,48.704569,1.985564,103.7,10.50,61.7,1.11,8
2025-09-18T15:16:02Z,48.704579,1.985594,103.4,7.04,62.6,1.11,8
2025-09-18T15:16:03Z,48.704585,1.985613,103.3,4.57,64.3,1.48,7
2025-09-18T15:16:04Z,48.704588,1.985627,103.5,3.48,64.3,1.48,7
2025-09-18T15:16:10Z,48.704600,1.985644,103.5,5.00,71.5,1.11,8
2025-09-18T15:16:11Z,48.704614,1.985676,103.8,11.93,59.5,1.11,8
2025-09-18T15:16:12Z,48.704646,1.985718,104.1,18.00,41.7,0.96,9
2025-09-18T15:16:13Z,48.704683,1.985755,105.2,18.45,36.0,0.96,9
2025-09-18T15:16:14Z,48.704729,1.985787,105.3,19.46,26.8,0.96,9
2025-09-18T15:16:15Z,48.704777,1.985820,105.6,20.87,26.0,0.96,9
2025-09-18T15:16:16Z,48.704821,1.985858,106.1,20.43,30.9,0.96,9
2025-09-18T15:16:17Z,48.704860,1.985897,106.3,17.52,32.8,0.96,9
2025-09-18T15:16:18Z,48.704895,1.985931,106.6,15.65,33.9,1.26,9
2025-09-18T15:16:19Z,48.704930,1.985963,106.3,14.95,31.6,1.26,8
2025-09-18T15:16:20Z,48.704963,1.985992,106.7,15.24,30.3,1.40,7
2025-09-18T15:16:21Z,48.704991,1.986013,109.1,15.35,25.7,1.11,8
2025-09-18T15:16:22Z,48.705029,1.986035,110.1,17.43,22.3,1.11,8
2025-09-18T15:16:23Z,48.705067,1.986055,111.9,17.85,19.7,1.11,8
2025-09-18T15:16:24Z,48.705108,1.986076,113.0,16.61,19.0,0.96,9
2025-09-18T15:16:25Z,48.705144,1.986096,113.7,13.78,19.0,0.96,9
2025-09-18T15:16:26Z,48.705187,1.986126,111.7,14.37,22.0,0.96,9
2025-09-18T15:16:27Z,48.705222,1.986149,111.9,14.67,22.8,0.96,9
2025-09-18T15:16:28Z,48.705257,1.986171,112.1,14.83,22.4,0.96,9
2025-09-18T15:16:29Z,48.705296,1.986196,112.4,17.78,22.1,0.96,9
2025-09-18T15:16:30Z,48.705335,1.986227,114.0,19.83,25.7,0.96,9
2025-09-18T15:16:31Z,48.705378,1.986264,116.2,22.08,28.0,0.96,9
2025-09-18T15:16:32Z,48.705421,1.986310,118.7,23.30,32.1,0.96,9
2025-09-18T15:16:33Z,48.705467,1.986364,119.9,22.96,38.7,0.96,9
2025-09-18T15:16:34Z,48.705511,1.986417,120.2,20.82,40.8,0.96,9
2025-09-18T15:16:35Z,48.705552,1.986468,120.6,19.21,40.2,0.96,9
2025-09-18T15:16:36Z,48.705602,1.986509,117.0,17.02,41.5,0.96,9
2025-09-18T15:16:37Z,48.705646,1.986557,114.0,16.98,42.5,0.96,9
2025-09-18T15:16:38Z,48.705684,1.986600,111.7,16.63,44.2,0.96,9
2025-09-18T15:16:39Z,48.705715,1.986644,110.9,16.72,44.2,0.96,9
2025-09-18T15:16:40Z,48.705747,1.986691,110.1,17.87,45.3,0.96,9
2025-09-18T15:16:41Z,48.705780,1.986741,109.4,18.13,45.5,1.11,8
2025-09-18T15:16:42Z,48.705816,1.986795,108.5,19.91,46.9,1.11,8
2025-09-18T15:16:43Z,48.705859,1.986856,107.5,22.89,47.0,1.11,9
2025-09-18T15:16:44Z,48.705907,1.986926,107.2,26.89,45.8,0.96,9
2025-09-18T15:16:45Z,48.705962,1.987008,106.4,30.24,46.8,0.96,9
2025-09-18T15:16:46Z,48.706015,1.987100,106.3,33.02,48.8,0.96,9
2025-09-18T15:16:47Z,48.706070,1.987195,106.4,33.45,49.0,0.96,9
2025-09-18T15:16:48Z,48.706125,1.987290,106.5,33.02,49.0,0.96,9
2025-09-18T15:16:49Z,48.706175,1.987378,106.9,29.45,49.5,0.96,9
2025-09-18T15:16:50Z,48.706221,1.987458,107.1,27.11,49.2,0.96,9
2025-09-18T15:16:51Z,48.706262,1.987533,107.1,24.67,51.0,0.96,9
2025-09-18T15:16:52Z,48.706304,1.987610,106.5,25.74,52.3,0.96,9
2025-09-18T15:16:53Z,48.706347,1.987693,106.5,28.50,52.0,0.96,9
2025-09-18T15:16:54Z,48.706395,1.987789,106.0,32.06,53.8,0.96,10
2025-09-18T15:16:55Z,48.706445,1.987896,105.7,34.63,56.1,0.96,9
2025-09-18T15:16:56Z,48.706492,1.988008,105.2,34.91,58.2,1.11,8
2025-09-18T15:16:57Z,48.706540,1.988123,104.6,35.84,58.4,0.96,9
2025-09-18T15:16:58Z,48.706586,1.988240,104.1,35.47,61.1,0.96,9
2025-09-18T15:16:59Z,48.706626,1.988359,103.6,34.61,64.0,0.96,9
2025-09-18T15:17:00Z,48.706662,1.988472,103.1,32.22,64.8,1.11,8
2025-09-18T15:17:01Z,48.706696,1.988573,102.7,28.95,62.6,0.96,9
2025-09-18T15:17:02Z,48.706730,1.988670,102.2,28.41,62.8,1.11,9
2025-09-18T15:17:03Z,48.706758,1.988757,101.9,24.95,63.5,0.96,9
2025-09-18T15:17:04Z,48.706784,1.988834,101.8,21.82,63.4,0.96,9
2025-09-18T15:17:05Z,48.706808,1.988898,101.6,17.63,63.4,0.96,9
2025-09-18T15:17:06Z,48.706830,1.988954,101.3,16.46,59.5,0.96,9
2025-09-18T15:17:07Z,48.706852,1.989009,101.0,17.24,59.2,1.11,8
2025-09-18T15:17:08Z,48.706876,1.989066,100.8,18.11,59.1,0.96,9
2025-09-18T15:17:09Z,48.706905,1.989115,100.4,16.59,46.7,0.96,9
2025-09-18T15:17:10Z,48.706942,1.989138,100.4,16.43,20.3,0.96,9
2025-09-18T15:17:11Z,48.706990,1.989140,100.5,21.09,0.8,0.96,9
2025-09-18T15:17:12Z,48.707048,1.989137,100.8,24.76,358.5,0.96,9
2025-09-18T15:17:13Z,48.707110,1.989142,101.0,25.87,3.9,0.96,9
2025-09-18T15:17:14Z,48.707172,1.989154,100.8,24.39,6.7,0.96,9
2025-09-18T15:17:15Z,48.707232,1.989163,100.7,23.69,5.3,0.96,9
2025-09-18T15:17:16Z,48.707291,1.989173,100.5,23.58,6.4,1.28,9
2025-09-18T15:17:17Z,48.707343,1.989181,100.9,21.82,6.2,0.96,9
2025-09-18T15:17:18Z,48.707402,1.989196,100.2,23.34,8.3,1.28,10
2025-09-18T15:17:19Z,48.707460,1.989210,100.2,24.19,9.1,1.28,10
2025-09-18T15:17:20Z,48.707517,1.989222,100.4,24.41,7.7,0.91,10
2025-09-18T15:17:21Z,48.707574,1.989232,100.8,24.37,6.3,0.91,10
2025-09-18T15:17:22Z,48.707632,1.989244,101.4,24.54,8.0,1.20,9
2025-09-18T15:17:23Z,48.707693,1.989258,101.4,25.26,8.6,1.26,8
2025-09-18T15:17:24Z,48.707752,1.989275,102.0,25.74,10.4,0.96,9
2025-09-18T15:17:25Z,48.707816,1.989294,102.3,26.50,10.7,0.96,9
2025-09-18T15:17:26Z,48.707878,1.989314,102.6,25.63,12.5,1.28,8
2025-09-18T15:17:27Z,48.707936,1.989333,102.9,23.45,12.4,1.28,8
2025-09-18T15:17:28Z,48.707990,1.989347,103.3,21.71,10.0,1.29,8
2025-09-18T15:17:29Z,48.708044,1.989360,103.6,22.37,9.2,1.26,8
2025-09-18T15:17:30Z,48.708097,1.989373,104.0,20.89,8.9,1.26,8
2025-09-18T15:17:31Z,48.708146,1.989382,104.0,19.32,8.2,1.26,8
2025-09-18T15:17:32Z,48.708190,1.989387,104.8,18.21,6.0,1.26,9
2025-09-18T15:17:33Z,48.708235,1.989390,104.8,17.39,4.5,0.96,9
2025-09-18T15:17:34Z,48.708273,1.989402,105.4,15.96,7.7,1.26,8
2025-09-18T15:17:35Z,48.708313,1.989410,105.5,15.43,7.2,1.26,8
2025-09-18T15:17:36Z,48.708347,1.989410,105.7,13.35,3.7,0.96,9
2025-09-18T15:17:37Z,48.708374,1.989409,106.5,11.09,2.3,0.96,9
2025-09-18T15:17:38Z,48.708396,1.989413,107.1,9.02,6.1,0.96,9
2025-09-18T15:17:39Z,48.708418,1.989412,107.6,9.19,2.2,0.91,10
2025-09-18T15:17:40Z,48.708439,1.989409,109.7,9.96,1.2,0.91,10
2025-09-18T15:17:41Z,48.708466,1.989402,111.0,10.96,354.5,0.91,10
2025-09-18T15:17:42Z,48.708484,1.989400,113.2,9.07,358.1,0.94,9
2025-09-18T15:17:43Z,48.708515,1.989402,113.7,11.24,4.8,0.91,10
2025-09-18T15:17:44Z,48.708533,1.989402,116.2,8.22,4.1,0.91,10
2025-09-18T15:17:45Z,48.708547,1.989400,118.8,6.65,0.9,0.91,10
2025-09-18T15:17:46Z,48.708573,1.989404,119.7,9.82,1.1,0.91,10
2025-09-18T15:17:47Z,48.708591,1.989398,122.8,9.37,359.1,0.94,9
2025-09-18T15:17:48Z,48.708620,1.989397,125.7,13.87,1.4,0.91,10
2025-09-18T15:17:49Z,48.708652,1.989402,128.3,14.89,4.5,0.91,10
2025-09-18T15:17:50Z,48.708692,1.989406,130.4,16.41,3.6,0.91,10
2025-09-18T15:17:51Z,48.708732,1.989423,133.5,17.13,9.2,0.91,10
2025-09-18T15:17:52Z,48.708779,1.989449,134.4,16.13,12.9,0.94,10
2025-09-18T15:17:53Z,48.708830,1.989457,136.1,19.35,3.4,0.91,10
2025-09-18T15:17:54Z,48.708878,1.989456,140.3,20.78,3.0,1.09,9
2025-09-18T15:17:55Z,48.708931,1.989464,144.2,21.63,4.9,1.09,9
2025-09-18T15:17:56Z,48.708989,1.989464,147.3,21.74,1.9,0.91,10
2025-09-18T15:17:57Z,48.709050,1.989464,149.5,21.82,0.9,0.91,10
2025-09-18T15:17:58Z,48.709097,1.989467,153.9,18.95,5.0,0.94,10
2025-09-18T15:17:59Z,48.709154,1.989461,158.7,20.98,1.5,0.94,10
2025-09-18T15:18:00Z,48.709209,1.989460,163.6,20.41,359.6,0.95,10
2025-09-18T15:18:01Z,48.709258,1.989473,169.1,19.24,5.8,0.91,10
2025-09-18T15:18:02Z,48.709311,1.989473,175.6,22.24,356.8,1.20,9
2025-09-18T15:18:03Z,48.709369,1.989466,180.7,22.82,356.1,1.35,9
2025-09-18T15:18:04Z,48.709432,1.989488,183.3,21.65,3.9,1.20,10
2025-09-18T15:18:05Z,48.709480,1.989473,188.4,16.74,351.6,1.01,10
2025-09-18T15:18:06Z,48.709520,1.989486,191.9,11.76,358.6,0.94,10
2025-09-18T15:18:07Z,48.709587,1.989460,200.2,24.02,350.3,1.11,10
2025-09-18T15:18:08Z,48.709660,1.989456,207.7,27.04,2.5,0.94,10
2025-09-18T15:18:09Z,48.709786,1.989478,204.0,31.58,5.4,0.94,10
2025-09-18T15:18:10Z,48.709896,1.989507,203.3,32.69,8.5,0.94,10
2025-09-18T15:18:11Z,48.709995,1.989543,205.4,34.17,14.1,1.20,10
2025-09-18T15:18:12Z,48.710088,1.989596,207.9,32.69,18.6,1.45,10
2025-09-18T15:18:13Z,48.710180,1.989631,211.0,34.22,18.8,1.70,10
2025-09-18T15:18:14Z,48.710285,1.989674,212.0,35.67,14.5,1.45,10
2025-09-18T15:18:15Z,48.710406,1.989776,206.6,36.48,24.8,0.94,10
2025-09-18T15:18:16Z,48.710551,1.989901,193.6,33.69,28.7,1.20,10
2025-09-18T15:18:17Z,48.710733,1.990024,172.1,34.74,29.2,1.37,9
2025-09-18T15:18:18Z,48.710822,1.990107,169.6,36.54,33.7,1.20,9
2025-09-18T15:18:19Z,48.710909,1.990213,165.8,38.45,44.6,1.20,9
2025-09-18T15:18:20Z,48.711000,1.990342,161.4,43.73,50.2,1.20,9
2025-09-18T15:18:21Z,48.711045,1.990502,159.7,45.99,66.5,1.20,9
2025-09-18T15:18:22Z,48.711072,1.990663,159.1,44.82,74.1,1.20,9
2025-09-18T15:18:23Z,48.711084,1.990849,158.3,48.97,82.2,1.37,8
2025-09-18T15:18:24Z,48.711095,1.991030,158.7,48.76,84.0,1.37,8
2025-09-18T15:18:25Z,48.711094,1.991224,158.3,50.84,88.1,1.37,8
2025-09-18T15:18:26Z,48.711136,1.991429,156.6,51.95,83.2,1.37,9
2025-09-18T15:18:27Z,48.711192,1.991637,156.9,55.78,76.6,1.39,9
2025-09-18T15:18:28Z,48.711216,1.991840,156.8,54.78,78.1,1.39,8
2025-09-18T15:18:29Z,48.711219,1.992047,156.5,55.95,83.3,1.67,7
2025-09-18T15:18:30Z,48.711202,1.992255,156.4,55.41,89.6,1.67,7
2025-09-18T15:18:31Z,48.711164,1.992459,157.7,55.89,96.3,1.39,7
2025-09-18T15:18:32Z,48.711103,1.992633,160.0,53.10,104.2,1.39,7
2025-09-18T15:18:33Z,48.711073,1.992864,159.9,59.49,104.3,1.37,8
2025-09-18T15:18:34Z,48.711065,1.993139,160.0,66.04,99.6,1.39,7
2025-09-18T15:18:35Z,48.711016,1.993358,159.7,60.67,102.2,1.39,7
2025-09-18T15:18:36Z,48.710944,1.993550,158.3,56.62,109.1,1.67,7
2025-09-18T15:18:37Z,48.710871,1.993721,156.2,52.37,115.1,1.67,7
2025-09-18T15:18:38Z,48.710791,1.993878,155.9,51.97,120.6,1.37,8
2025-09-18T15:18:39Z,48.710746,1.994044,156.3,48.91,116.8,1.37,8
2025-09-18T15:18:40Z,48.710678,1.994243,155.2,56.47,117.3,1.99,8
2025-09-18T15:18:41Z,48.710656,1.994509,153.9,65.97,109.7,1.99,7
2025-09-18T15:18:42Z,48.710594,1.994720,154.8,62.63,110.2,1.37,8
2025-09-18T15:18:43Z,48.710509,1.994900,155.5,56.97,115.4,1.67,7
2025-09-18T15:18:44Z,48.710409,1.995058,155.8,53.93,122.0,1.37,8
2025-09-18T15:18:45Z,48.710310,1.995210,156.0,53.56,126.2,1.37,8
2025-09-18T15:18:46Z,48.710242,1.995368,156.9,51.93,124.7,1.99,8
2025-09-18T15:18:47Z,48.710174,1.995538,157.4,52.91,122.8,1.99,7
2025-09-18T15:18:48Z,48.710132,1.995745,156.5,55.60,116.7,1.99,7
2025-09-18T15:18:49Z,48.710077,1.995943,158.0,57.54,114.6,1.99,8
2025-09-18T15:18:50Z,48.710022,1.996128,158.9,54.99,114.5,2.22,6
2025-09-18T15:18:51Z,48.709951,1.996290,159.6,50.37,117.3,2.00,7
2025-09-18T15:18:52Z,48.709860,1.996413,160.2,44.34,124.0,1.37,8
2025-09-18T15:18:53Z,48.709796,1.996518,162.9,39.87,127.3,1.37,8
2025-09-18T15:18:54Z,48.709768,1.996673,165.7,44.60,119.7,1.36,8
2025-09-18T15:18:55Z,48.709765,1.996835,167.3,42.93,112.0,1.36,8
2025-09-18T15:18:56Z,48.709763,1.996989,169.2,41.43,105.0,1.36,8
2025-09-18T15:18:57Z,48.709720,1.997162,170.3,45.82,105.0,1.36,9
2025-09-18T15:18:58Z,48.709692,1.997371,171.0,52.32,100.6,1.36,8
2025-09-18T15:18:59Z,48.709664,1.997569,172.2,54.41,97.4,1.36,8
2025-09-18T15:19:00Z,48.709641,1.997779,173.2,56.86,94.6,1.66,7
2025-09-18T15:19:01Z,48.709584,1.997991,173.0,58.26,97.3,1.66,8
2025-09-18T15:19:02Z,48.709545,1.998162,172.2,50.52,96.5,1.66,7
2025-09-18T15:19:03Z,48.709524,1.998315,173.1,43.69,93.2,1.36,8
2025-09-18T15:19:04Z,48.709473,1.998438,172.3,37.06,97.0,1.36,8
2025-09-18T15:19:05Z,48.709417,1.998537,173.1,32.71,101.0,1.36,8
2025-09-18T15:19:06Z,48.709324,1.998609,176.5,32.26,116.0,1.36,8
2025-09-18T15:19:07Z,48.709240,1.998674,178.2,30.09,127.8,1.36,8
2025-09-18T15:19:08Z,48.709196,1.998748,180.2,25.89,125.8,1.36,8
2025-09-18T15:19:09Z,48.709193,1.998810,183.6,19.13,116.8,1.36,8
2025-09-18T15:19:10Z,48.709161,1.998875,184.5,19.08,112.3,1.36,8
2025-09-18T15:19:11Z,48.709110,1.998949,184.5,23.02,111.5,1.36,8
2025-09-18T15:19:12Z,48.709057,1.999058,184.3,30.84,109.3,1.09,9
2025-09-18T15:19:13Z,48.708992,1.999171,185.6,36.60,109.2,1.36,8
2025-09-18T15:19:14Z,48.708938,1.999303,184.6,40.15,103.9,1.36,8
2025-09-18T15:19:15Z,48.708887,1.999443,183.4,41.47,103.7,1.36,8
2025-09-18T15:19:16Z,48.708838,1.999601,182.6,46.15,101.8,1.66,8
2025-09-18T15:19:17Z,48.708813,1.999766,182.7,44.89,98.0,1.66,7
2025-09-18T15:19:18Z,48.708796,1.999923,182.5,42.93,95.4,1.36,8
2025-09-18T15:19:19Z,48.708720,2.000055,182.5,42.19,105.7,1.36,8
2025-09-18T15:19:20Z,48.708636,2.000194,182.4,43.80,113.7,1.36,8
2025-09-18T15:19:21Z,48.708553,2.000322,182.8,43.15,118.1,1.36,8
2025-09-18T15:19:22Z,48.708490,2.000461,183.6,43.11,118.4,2.00,8
2025-09-18T15:19:23Z,48.708422,2.000596,184.6,43.00,118.7,2.00,7
2025-09-18T15:19:24Z,48.708357,2.000727,184.9,42.50,119.3,2.00,7
2025-09-18T15:19:25Z,48.708295,2.000856,185.2,41.11,120.8,2.00,8
2025-09-18T15:19:26Z,48.708251,2.000990,185.1,38.98,118.1,2.00,7
2025-09-18T15:19:27Z,48.708222,2.001127,185.3,37.08,112.5,2.00,7
2025-09-18T15:19:28Z,48.708186,2.001250,184.8,35.61,107.6,2.00,8
2025-09-18T15:19:29Z,48.708154,2.001362,184.7,32.45,104.9,1.36,8
2025-09-18T15:19:30Z,48.708182,2.001475,185.8,31.04,84.9,1.66,8
2025-09-18T15:19:31Z,48.708185,2.001556,186.7,26.39,81.1,1.43,8
2025-09-18T15:19:32Z,48.708297,2.001609,186.9,34.43,35.5,2.25,7
2025-09-18T15:19:33Z,48.708372,2.001631,187.0,43.47,24.7,1.36,8
2025-09-18T15:19:34Z,48.708401,2.001690,188.2,39.37,30.2,1.36,8
2025-09-18T15:19:35Z,48.708467,2.001749,189.0,40.95,28.0,1.46,10
2025-09-18T15:19:36Z,48.708537,2.001789,190.2,41.76,23.9,1.46,8
2025-09-18T15:19:37Z,48.708609,2.001808,191.5,39.98,18.2,1.20,9
2025-09-18T15:19:38Z,48.708691,2.001829,192.8,38.85,15.7,1.69,9
2025-09-18T15:19:39Z,48.708781,2.001829,193.6,38.98,10.0,1.69,8
2025-09-18T15:19:40Z,48.708871,2.001831,194.7,38.80,7.3,1.69,8
2025-09-18T15:19:41Z,48.708963,2.001805,197.2,38.80,2.4,1.01,10
2025-09-18T15:19:42Z,48.709079,2.001767,199.0,41.32,357.8,2.66,8
2025-09-18T15:19:43Z,48.709174,2.001765,201.4,41.00,0.0,1.34,9
2025-09-18T15:19:44Z,48.709294,2.001797,203.2,44.39,4.9,1.46,9
2025-09-18T15:19:45Z,48.709415,2.001799,205.7,45.65,5.5,1.46,8
2025-09-18T15:19:46Z,48.709531,2.001807,207.3,46.24,5.7,1.69,9
2025-09-18T15:19:47Z,48.709688,2.001848,209.5,52.65,9.2,1.69,9
2025-09-18T15:19:48Z,48.709851,2.001829,211.2,57.00,4.8,1.69,8
2025-09-18T15:19:49Z,48.710000,2.001821,214.4,58.15,4.2,1.69,8
2025-09-18T15:19:50Z,48.710176,2.001803,217.2,62.47,2.3,1.69,8
2025-09-18T15:19:51Z,48.710355,2.001781,218.9,66.13,2.3,1.69,9
2025-09-18T15:19:52Z,48.710518,2.001766,220.5,63.34,3.0,1.69,8
2025-09-18T15:19:53Z,48.710678,2.001746,221.1,58.73,2.9,3.13,6
2025-09-18T15:19:54Z,48.710831,2.001725,221.7,56.91,2.5,3.13,6
2025-09-18T15:19:55Z,48.710985,2.001735,222.1,57.60,2.4,1.49,8
2025-09-18T15:19:56Z,48.711143,2.001736,222.5,59.71,1.9,1.97,8
2025-09-18T15:19:57Z,48.711304,2.001737,222.7,59.80,2.0,1.97,7
2025-09-18T15:19:58Z,48.711459,2.001745,222.8,57.69,2.4,1.97,7
2025-09-18T15:19:59Z,48.711609,2.001752,222.8,55.47,1.8,1.97,7
2025-09-18T15:20:00Z,48.711756,2.001755,223.1,55.60,0.9,1.97,7
2025-09-18T15:20:01Z,48.711911,2.001764,222.4,57.54,1.9,1.53,8
2025-09-18T15:20:02Z,48.712066,2.001770,222.7,58.76,1.2,1.28,9
2025-09-18T15:20:03Z,48.712228,2.001777,222.2,60.84,1.6,1.28,9
2025-09-18T15:20:04Z,48.712394,2.001781,221.6,62.15,1.7,1.53,8
2025-09-18T15:20:05Z,48.712559,2.001787,221.1,62.84,2.4,1.53,7
2025-09-18T15:20:06Z,48.712734,2.001796,219.1,63.38,2.5,1.53,7
2025-09-18T15:20:07Z,48.712942,2.001833,209.6,64.04,2.3,1.53,8
2025-09-18T15:20:08Z,48.713123,2.001861,205.7,63.99,1.9,1.53,8
2025-09-18T15:20:09Z,48.713315,2.001901,199.2,65.28,2.1,1.28,9
2025-09-18T15:20:10Z,48.713500,2.001928,195.1,66.38,2.4,1.28,10
2025-09-18T15:20:11Z,48.713685,2.001959,191.0,66.34,2.9,1.01,10
2025-09-18T15:20:12Z,48.713863,2.001981,188.0,65.65,2.9,1.01,10
2025-09-18T15:20:13Z,48.714034,2.001998,186.2,64.75,3.2,1.34,10
2025-09-18T15:20:14Z,48.714203,2.002015,184.7,64.12,3.7,1.34,10
2025-09-18T15:20:15Z,48.714370,2.002030,183.1,63.58,3.3,1.34,9
2025-09-18T15:20:16Z,48.714533,2.002043,182.4,63.17,2.8,1.34,9
2025-09-18T15:20:17Z,48.714697,2.002058,181.2,62.97,2.7,0.91,10
2025-09-18T15:20:18Z,48.714861,2.002072,180.2,63.06,2.8,0.91,10
2025-09-18T15:20:19Z,48.715023,2.002085,179.4,62.97,2.7,0.91,10
2025-09-18T15:20:20Z,48.715178,2.002101,178.6,59.45,3.2,0.91,10
2025-09-18T15:20:21Z,48.715329,2.002115,177.7,58.41,3.3,0.91,10
2025-09-18T15:20:22Z,48.715482,2.002127,177.0,59.45,2.8,0.91,10
2025-09-18T15:20:23Z,48.715637,2.002140,176.3,60.62,2.7,0.91,10
2025-09-18T15:20:24Z,48.715796,2.002154,175.2,61.80,3.1,0.91,10
2025-09-18T15:20:25Z,48.715957,2.002168,174.4,62.80,3.5,0.91,10
2025-09-18T15:20:26Z,48.716120,2.002183,173.6,64.02,3.3,0.91,10
2025-09-18T15:20:27Z,48.716287,2.002197,172.8,65.13,3.2,0.91,10
2025-09-18T15:20:28Z,48.716455,2.002210,172.0,66.19,3.0,0.91,10
2025-09-18T15:20:29Z,48.716626,2.002222,171.5,67.38,2.8,0.91,10
2025-09-18T15:20:30Z,48.716799,2.002234,170.9,68.38,2.6,0.91,10
2025-09-18T15:20:31Z,48.716975,2.002248,170.2,69.56,2.8,0.91,10
2025-09-18T15:20:32Z,48.717153,2.002263,169.6,70.65,3.1,0.91,10
2025-09-18T15:20:33Z,48.717333,2.002278,169.2,71.60,3.0,0.91,10
2025-09-18T15:20:34Z,48.717516,2.002293,168.5,72.34,3.1,0.91,10
2025-09-18T15:20:35Z,48.717700,2.002308,167.9,73.01,2.9,0.91,10
2025-09-18T15:20:36Z,48.717885,2.002324,167.3,73.27,3.0,0.91,10
2025-09-18T15:20:37Z,48.718071,2.002337,166.9,73.73,2.9,0.91,10
2025-09-18T15:20:38Z,48.718250,2.002350,166.5,70.86,2.9,0.94,9
2025-09-18T15:20:39Z,48.718418,2.002361,166.4,66.06,2.8,0.94,9
2025-09-18T15:20:40Z,48.718579,2.002370,166.1,63.38,2.6,0.94,9
2025-09-18T15:20:41Z,48.718735,2.002379,165.9,61.60,2.8,1.20,10
2025-09-18T15:20:42Z,48.718882,2.002387,165.7,57.78,2.1,1.33,9
2025-09-18T15:20:43Z,48.719018,2.002388,165.5,53.84,0.2,1.33,9
2025-09-18T15:20:44Z,48.719142,2.002379,165.3,48.54,356.5,1.20,9
2025-09-18T15:20:45Z,48.719253,2.002360,165.1,43.43,353.2,1.20,9
2025-09-18T15:20:46Z,48.719351,2.002339,164.8,38.19,352.4,1.20,9
2025-09-18T15:20:47Z,48.719433,2.002319,164.8,31.74,351.0,0.91,10
2025-09-18T15:20:48Z,48.719501,2.002300,164.6,26.47,349.8,0.91,10
2025-09-18T15:20:49Z,48.719558,2.002286,164.4,21.41,351.3,1.20,9
2025-09-18T15:20:50Z,48.719604,2.002277,164.2,17.61,353.6,1.20,9
2025-09-18T15:20:51Z,48.719643,2.002277,163.8,14.02,359.3,0.91,10
2025-09-18T15:20:52Z,48.719674,2.002279,163.6,11.59,2.2,0.91,10
2025-09-18T15:20:53Z,48.719700,2.002279,163.4,9.54,0.4,0.91,10
2025-09-18T15:20:54Z,48.719721,2.002276,163.1,7.96,357.0,0.91,10
2025-09-18T15:20:55Z,48.719737,2.002273,163.0,5.70,356.2,0.91,10
2025-09-18T15:20:56Z,48.719748,2.002271,163.0,3.70,356.7,0.91,10
2025-09-18T15:21:00Z,48.719774,2.002270,162.5,5.54,1.9,0.91,10
2025-09-18T15:21:01Z,48.719788,2.002272,162.4,5.26,5.2,0.91,10
2025-09-18T15:21:02Z,48.719802,2.002276,162.1,5.07,9.3,0.91,10
2025-09-18T15:21:03Z,48.719811,2.002279,162.0,2.98,10.8,0.91,10
2025-09-18T15:21:06Z,48.719830,2.002287,161.8,6.24,22.9,0.91,10
2025-09-18T15:21:07Z,48.719866,2.002317,161.5,18.15,29.7,0.91,10
2025-09-18T15:21:08Z,48.719918,2.002371,161.4,27.00,35.8,0.91,10
2025-09-18T15:21:09Z,48.719975,2.002423,161.4,26.35,30.2,0.91,10
2025-09-18T15:21:10Z,48.720040,2.002460,161.3,28.09,18.3,0.91,10
2025-09-18T15:21:11Z,48.720109,2.002466,161.2,27.39,0.2,0.91,10
2025-09-18T15:21:12Z,48.720179,2.002436,161.3,30.26,341.1,0.91,10
2025-09-18T15:21:13Z,48.720259,2.002385,161.1,35.95,336.7,0.91,10
2025-09-18T15:21:14Z,48.720353,2.002352,161.1,39.82,349.6,0.91,10
2025-09-18T15:21:15Z,48.720463,2.002355,161.2,45.21,3.9,0.91,10
2025-09-18T15:21:16Z,48.720583,2.002387,161.3,50.17,11.8,1.20,9
2025-09-18T15:21:17Z,48.720706,2.002432,161.3,50.93,14.0,1.35,8
2025-09-18T15:21:18Z,48.720835,2.002478,161.3,53.13,13.3,1.20,9
2025-09-18T15:21:19Z,48.720968,2.002516,161.2,54.45,10.1,1.20,9
2025-09-18T15:21:20Z,48.721104,2.002539,161.3,54.91,5.5,1.20,9
2025-09-18T15:21:21Z,48.721241,2.002552,161.3,54.95,3.3,0.91,10
2025-09-18T15:21:22Z,48.721379,2.002563,161.3,55.10,3.0,0.91,10
2025-09-18T15:21:23Z,48.721520,2.002577,161.2,56.54,3.4,1.08,9
2025-09-18T15:21:24Z,48.721665,2.002590,161.2,58.88,3.5,1.08,9
2025-09-18T15:21:25Z,48.721817,2.002603,161.3,61.17,3.2,0.91,10
2025-09-18T15:21:26Z,48.721974,2.002616,161.3,63.39,3.1,0.91,10
2025-09-18T15:21:27Z,48.722136,2.002632,161.4,65.58,3.6,0.91,10
2025-09-18T15:21:28Z,48.722302,2.002646,161.6,66.43,3.3,0.91,10
2025-09-18T15:21:29Z,48.722463,2.002660,161.7,64.01,3.4,0.91,10
2025-09-18T15:21:30Z,48.722616,2.002672,161.9,60.71,3.0,0.91,10
2025-09-18T15:21:31Z,48.722766,2.002685,162.0,60.38,3.5,0.91,10
2025-09-18T15:21:32Z,48.722920,2.002700,162.1,61.93,3.8,0.91,10
2025-09-18T15:21:33Z,48.723077,2.002716,162.1,63.28,3.8,0.91,10
2025-09-18T15:21:34Z,48.723238,2.002730,162.2,64.84,3.1,0.91,10
2025-09-18T15:21:35Z,48.723404,2.002742,162.2,66.71,2.6,0.91,10
2025-09-18T15:21:36Z,48.723572,2.002754,162.4,67.78,3.0,0.91,10
2025-09-18T15:21:37Z,48.723743,2.002769,162.6,68.93,3.5,1.20,9
2025-09-18T15:21:38Z,48.723917,2.002784,162.8,69.73,3.4,1.20,9
2025-09-18T15:21:39Z,48.724091,2.002800,163.0,70.15,3.4,1.20,9
2025-09-18T15:21:40Z,48.724267,2.002815,163.4,70.49,3.4,1.20,9
2025-09-18T15:21:41Z,48.724444,2.002830,163.8,70.95,3.0,1.19,9
2025-09-18T15:21:42Z,48.724621,2.002844,164.4,71.15,3.1,1.19,9
2025-09-18T15:21:43Z,48.724800,2.002858,165.0,71.58,3.0,1.19,9
2025-09-18T15:21:44Z,48.724979,2.002873,165.5,71.89,3.1,1.19,9
2025-09-18T15:21:45Z,48.725159,2.002888,165.9,71.86,3.4,1.19,9
2025-09-18T15:21:46Z,48.725336,2.002904,166.3,70.75,3.3,1.19,9
2025-09-18T15:21:47Z,48.725512,2.002918,166.6,69.82,3.1,1.19,10
2025-09-18T15:21:48Z,48.725685,2.002932,166.9,69.17,2.8,0.91,10
2025-09-18T15:21:49Z,48.725857,2.002945,167.2,68.65,3.0,0.91,10
2025-09-18T15:21:50Z,48.726028,2.002959,167.5,67.93,3.2,0.91,10
2025-09-18T15:21:51Z,48.726196,2.002973,167.8,67.30,3.4,0.91,10
2025-09-18T15:21:52Z,48.726364,2.002990,168.0,66.71,3.5,0.91,10
2025-09-18T15:21:53Z,48.726529,2.003006,168.2,65.78,3.7,0.91,10
2025-09-18T15:21:54Z,48.726690,2.003024,168.4,64.25,4.2,0.91,10
2025-09-18T15:21:55Z,48.726846,2.003043,168.6,61.84,4.7,1.19,9
2025-09-18T15:21:56Z,48.726998,2.003060,168.7,60.28,4.5,1.19,9
2025-09-18T15:21:57Z,48.727147,2.003077,169.0,59.95,3.7,1.19,9
2025-09-18T15:21:58Z,48.727296,2.003090,169.1,59.80,3.2,1.19,9
2025-09-18T15:21:59Z,48.727446,2.003101,169.0,60.19,3.0,1.19,9
2025-09-18T15:22:00Z,48.727598,2.003111,168.9,60.88,2.4,0.91,10
2025-09-18T15:22:01Z,48.727750,2.003118,168.7,61.25,1.7,0.91,10
2025-09-18T15:22:02Z,48.727904,2.003124,168.5,61.75,1.6,0.97,9
2025-09-18T15:22:03Z,48.728059,2.003133,168.2,61.97,2.4,0.97,9
2025-09-18T15:22:04Z,48.728214,2.003146,167.9,62.15,3.3,0.97,9
2025-09-18T15:22:05Z,48.728368,2.003159,167.6,61.32,3.1,0.91,10
2025-09-18T15:22:06Z,48.728521,2.003170,167.4,61.19,2.9,0.91,10
2025-09-18T15:22:07Z,48.728673,2.003180,167.1,60.63,2.5,0.91,10
2025-09-18T15:22:08Z,48.728825,2.003190,166.6,60.49,2.4,0.91,10
2025-09-18T15:22:09Z,48.728976,2.003199,166.4,60.39,2.1,0.91,10
2025-09-18T15:22:10Z,48.729127,2.003210,166.0,60.12,2.9,0.91,10
2025-09-18T15:22:11Z,48.729278,2.003223,165.6,61.10,3.2,1.19,9
2025-09-18T15:22:12Z,48.729435,2.003234,165.3,63.51,2.5,1.19,9
2025-09-18T15:22:13Z,48.729598,2.003244,164.9,65.25,2.5,0.91,10
2025-09-18T15:22:14Z,48.729764,2.003257,164.5,67.02,3.0,0.91,10
2025-09-18T15:22:15Z,48.729933,2.003271,164.3,68.02,3.2,0.91,10
2025-09-18T15:22:16Z,48.730105,2.003285,164.0,69.58,3.2,0.91,10
2025-09-18T15:22:17Z,48.730282,2.003306,163.7,71.73,4.9,0.91,10
2025-09-18T15:22:18Z,48.730463,2.003349,163.4,74.01,10.4,0.91,10
2025-09-18T15:22:19Z,48.730645,2.003427,163.0,76.23,18.1,0.91,10
2025-09-18T15:22:20Z,48.730821,2.003549,162.5,78.25,27.0,0.91,10
2025-09-18T15:22:21Z,48.730987,2.003714,162.1,80.21,36.1,0.91,10
2025-09-18T15:22:22Z,48.731140,2.003919,161.7,82.86,43.7,0.91,10
2025-09-18T15:22:23Z,48.731285,2.004155,161.2,86.06,48.3,0.91,10
2025-09-18T15:22:24Z,48.731426,2.004407,160.8,88.04,50.4,0.91,10
2025-09-18T15:22:25Z,48.731567,2.004664,160.6,88.27,50.5,0.91,10
2025-09-18T15:22:26Z,48.731709,2.004919,160.5,88.08,49.7,0.91,10
2025-09-18T15:22:27Z,48.731849,2.005169,160.2,86.08,49.9,0.91,10
2025-09-18T15:22:28Z,48.731986,2.005418,160.0,85.47,50.7,0.91,10
2025-09-18T15:22:29Z,48.732118,2.005663,159.8,82.43,51.0,0.91,10
2025-09-18T15:22:30Z,48.732244,2.005895,159.7,78.32,50.5,0.91,10
2025-09-18T15:22:31Z,48.732369,2.006122,159.7,78.30,50.4,0.91,10
2025-09-18T15:22:32Z,48.732493,2.006351,159.6,78.60,50.6,0.91,10
2025-09-18T15:22:33Z,48.732616,2.006579,159.5,77.91,51.0,0.91,10
2025-09-18T15:22:34Z,48.732739,2.006808,159.6,77.95,51.0,0.91,10
2025-09-18T15:22:35Z,48.732860,2.007038,159.7,77.93,51.5,0.91,10
2025-09-18T15:22:36Z,48.732982,2.007267,159.8,77.36,51.2,1.08,10
2025-09-18T15:22:37Z,48.733105,2.007496,160.4,78.06,51.0,1.08,9
2025-09-18T15:22:38Z,48.733227,2.007723,160.6,77.41,51.0,1.08,9
2025-09-18T15:22:39Z,48.733348,2.007947,160.9,76.21,50.7,1.10,9
2025-09-18T15:22:40Z,48.733469,2.008167,160.7,75.19,50.1,1.08,9
2025-09-18T15:22:41Z,48.733589,2.008383,160.5,74.60,50.4,1.08,9
2025-09-18T15:22:42Z,48.733710,2.008599,160.6,74.88,49.8,1.08,9
2025-09-18T15:22:43Z,48.733827,2.008812,160.8,73.02,50.0,0.97,10
2025-09-18T15:22:44Z,48.733941,2.009015,160.7,69.19,49.5,1.08,10
2025-09-18T15:22:45Z,48.734048,2.009210,160.2,66.84,50.5,1.08,10
2025-09-18T15:22:46Z,48.734148,2.009408,160.9,65.69,53.2,1.08,10
2025-09-18T15:22:47Z,48.734252,2.009612,160.6,67.89,52.6,1.08,10
2025-09-18T15:22:48Z,48.734358,2.009812,159.8,67.41,51.7,1.10,9
2025-09-18T15:22:49Z,48.734465,2.010012,159.9,68.02,51.1,1.10,8
2025-09-18T15:22:50Z,48.734571,2.010204,159.0,66.13,51.2,1.08,9
2025-09-18T15:22:51Z,48.734689,2.010397,157.8,68.99,48.6,1.10,8
2025-09-18T15:22:52Z,48.734807,2.010590,156.6,68.71,47.9,1.10,8
2025-09-18T15:22:53Z,48.734926,2.010780,155.5,68.43,46.2,0.97,9
2025-09-18T15:22:54Z,48.735049,2.010955,154.2,67.32,42.4,1.08,10
2025-09-18T15:22:55Z,48.735174,2.011116,152.9,65.26,39.9,1.35,8
2025-09-18T15:22:56Z,48.735304,2.011263,152.3,64.04,36.4,1.38,8
2025-09-18T15:22:57Z,48.735430,2.011385,151.8,58.80,32.8,1.41,8
2025-09-18T15:22:58Z,48.735557,2.011503,150.8,59.04,31.6,1.44,6
2025-09-18T15:22:59Z,48.735685,2.011612,150.1,58.25,29.1,1.38,7
2025-09-18T15:23:00Z,48.735813,2.011721,150.0,59.28,29.6,1.38,7
2025-09-18T15:23:01Z,48.735943,2.011824,148.3,57.78,29.2,1.38,8
2025-09-18T15:23:02Z,48.736059,2.011945,147.6,56.52,34.7,1.38,7
2025-09-18T15:23:03Z,48.736169,2.012068,145.6,53.24,38.5,1.38,7
2025-09-18T15:23:04Z,48.736267,2.012208,144.4,52.58,45.4,1.38,7
2025-09-18T15:23:05Z,48.736361,2.012376,142.9,57.30,52.3,1.38,7
2025-09-18T15:23:06Z,48.736438,2.012554,142.1,56.30,56.8,1.10,8
2025-09-18T15:23:07Z,48.736522,2.012738,142.2,59.60,55.8,1.10,8
2025-09-18T15:23:08Z,48.736604,2.012946,140.3,62.43,61.2,1.10,8
2025-09-18T15:23:09Z,48.736682,2.013157,139.2,63.75,62.0,1.08,9
2025-09-18T15:23:10Z,48.736761,2.013379,138.9,65.76,63.7,1.08,9
2025-09-18T15:23:11Z,48.736843,2.013599,138.6,67.15,61.5,1.08,9
2025-09-18T15:23:12Z,48.736930,2.013829,136.2,68.43,62.5,1.08,9
2025-09-18T15:23:13Z,48.737020,2.014058,134.5,69.02,60.4,1.08,9
2025-09-18T15:23:14Z,48.737103,2.014277,133.4,65.54,61.3,1.08,9
2025-09-18T15:23:15Z,48.737175,2.014487,132.8,61.75,62.9,1.08,9
2025-09-18T15:23:16Z,48.737246,2.014691,132.1,60.36,63.8,0.91,10
2025-09-18T15:23:17Z,48.737321,2.014888,130.9,59.52,60.4,0.91,10
2025-09-18T15:23:18Z,48.737403,2.015080,130.8,59.99,57.7,0.91,10
2025-09-18T15:23:19Z,48.737469,2.015266,131.0,54.49,62.1,0.91,10
2025-09-18T15:23:20Z,48.737531,2.015443,131.0,52.71,62.6,1.08,10
2025-09-18T15:23:21Z,48.737588,2.015612,129.0,48.43,63.1,1.08,10
2025-09-18T15:23:22Z,48.737639,2.015768,126.8,45.60,63.9,1.08,9
2025-09-18T15:23:23Z,48.737686,2.015917,125.3,43.36,64.4,1.08,9
2025-09-18T15:23:24Z,48.737724,2.016062,124.0,40.73,68.1,1.08,9
2025-09-18T15:23:25Z,48.737755,2.016206,122.9,40.26,71.8,1.08,9
2025-09-18T15:23:26Z,48.737781,2.016345,122.1,37.93,74.3,1.08,9
2025-09-18T15:23:27Z,48.737797,2.016479,121.5,35.58,81.3,1.08,9
2025-09-18T15:23:28Z,48.737795,2.016608,121.2,34.60,92.9,1.08,9
2025-09-18T15:23:29Z,48.737793,2.016737,120.9,33.87,91.5,1.34,8
2025-09-18T15:23:30Z,48.737810,2.016856,120.2,32.39,70.2,1.08,9
2025-09-18T15:23:31Z,48.737859,2.016955,119.3,35.15,43.7,0.91,10
2025-09-18T15:23:32Z,48.737939,2.017046,118.9,43.60,34.8,0.91,10
2025-09-18T15:23:33Z,48.738023,2.017166,118.1,47.60,45.9,0.91,10
2025-09-18T15:23:34Z,48.738097,2.017311,117.0,48.36,54.1,0.97,10
2025-09-18T15:23:35Z,48.738163,2.017465,116.1,48.89,57.9,0.97,10
2025-09-18T15:23:36Z,48.738228,2.017625,115.2,49.69,59.2,0.91,10
2025-09-18T15:23:37Z,48.738289,2.017785,114.3,49.26,59.3,0.97,10
2025-09-18T15:23:38Z,48.738346,2.017939,113.5,45.47,62.0,0.97,10
2025-09-18T15:23:39Z,48.738395,2.018083,112.8,42.10,62.8,0.97,10
2025-09-18T15:23:40Z,48.738441,2.018218,112.0,38.56,64.3,0.97,10
2025-09-18T15:23:41Z,48.738479,2.018342,111.9,35.78,64.0,0.97,10
2025-09-18T15:23:42Z,48.738517,2.018456,111.7,32.82,63.5,0.97,10
2025-09-18T15:23:43Z,48.738552,2.018559,111.4,30.19,62.2,0.91,10
2025-09-18T15:23:44Z,48.738583,2.018656,111.2,27.89,64.0,0.91,10
2025-09-18T15:23:45Z,48.738613,2.018753,110.9,28.50,65.7,0.91,10
2025-09-18T15:23:46Z,48.738644,2.018853,110.7,30.13,63.4,0.91,10
2025-09-18T15:23:47Z,48.738681,2.018957,110.3,31.30,61.6,0.91,10
2025-09-18T15:23:48Z,48.738719,2.019063,110.1,32.08,61.8,0.91,10
2025-09-18T15:23:49Z,48.738757,2.019172,110.0,32.87,62.7,0.91,10
2025-09-18T15:23:50Z,48.738794,2.019284,109.7,32.98,64.0,0.91,10
2025-09-18T15:23:51Z,48.738830,2.019395,109.5,32.89,64.2,0.91,10
2025-09-18T15:23:52Z,48.738868,2.019505,109.6,32.80,62.6,0.91,10
2025-09-18T15:23:53Z,48.738906,2.019612,109.4,31.69,61.0,0.91,10
2025-09-18T15:23:54Z,48.738942,2.019710,109.1,28.63,60.5,0.91,10
2025-09-18T15:23:55Z,48.738979,2.019813,108.9,31.98,61.8,0.91,10
2025-09-18T15:23:56Z,48.739019,2.019933,108.7,37.30,63.3,0.91,10
2025-09-18T15:23:57Z,48.739063,2.020066,108.4,39.91,63.5,0.91,10
2025-09-18T15:23:58Z,48.739109,2.020205,108.2,41.61,63.1,0.91,10
2025-09-18T15:23:59Z,48.739157,2.020348,107.9,43.19,63.1,0.91,10
2025-09-18T15:24:00Z,48.739207,2.020497,107.6,44.37,63.2,0.91,10
2025-09-18T15:24:01Z,48.739257,2.020649,107.3,44.87,63.2,0.91,10
2025-09-18T15:24:02Z,48.739308,2.020801,107.1,45.19,63.2,0.91,10
2025-09-18T15:24:03Z,48.739360,2.020954,106.9,45.47,63.3,0.91,10
2025-09-18T15:24:04Z,48.739411,2.021107,107.0,45.80,62.9,1.19,9
2025-09-18T15:24:05Z,48.739463,2.021260,107.1,45.69,63.0,1.34,9
2025-09-18T15:24:06Z,48.739514,2.021414,107.2,45.49,63.8,1.34,8
2025-09-18T15:24:07Z,48.739568,2.021568,107.2,46.54,61.0,1.34,8
2025-09-18T15:24:08Z,48.739620,2.021725,107.7,46.61,63.5,1.08,9
2025-09-18T15:24:09Z,48.739669,2.021881,108.4,45.63,65.4,1.08,9
2025-09-18T15:24:10Z,48.739719,2.022036,109.0,45.89,63.3,1.08,9
2025-09-18T15:24:11Z,48.739772,2.022191,109.5,46.08,62.6,1.08,9
2025-09-18T15:24:12Z,48.739823,2.022347,110.2,45.95,63.5,1.08,9
2025-09-18T15:24:13Z,48.739874,2.022498,110.9,44.47,63.2,1.08,9
2025-09-18T15:24:14Z,48.739925,2.022642,111.8,43.19,60.8,1.08,9
2025-09-18T15:24:15Z,48.739984,2.022780,112.1,43.28,55.2,1.08,9
2025-09-18T15:24:16Z,48.740061,2.022898,112.7,42.97,44.0,1.08,9
2025-09-18T15:24:17Z,48.740173,2.022976,114.0,47.61,22.9,1.34,9
2025-09-18T15:24:18Z,48.740294,2.023004,115.0,48.23,4.2,1.34,8
2025-09-18T15:24:19Z,48.740414,2.022969,116.2,51.32,344.4,1.34,8
2025-09-18T15:24:20Z,48.740519,2.022866,120.6,53.49,325.3,1.27,9
2025-09-18T15:24:21Z,48.740634,2.022681,122.9,70.25,312.7,1.37,9
2025-09-18T15:24:22Z,48.740767,2.022460,125.7,82.49,311.7,1.37,8
2025-09-18T15:24:23Z,48.740886,2.022219,128.6,80.86,308.4,1.17,8
2025-09-18T15:24:24Z,48.741005,2.021976,130.5,79.90,307.0,1.05,9
2025-09-18T15:24:25Z,48.741129,2.021763,135.1,73.88,312.0,1.05,9
2025-09-18T15:24:26Z,48.741267,2.021585,140.4,72.64,319.5,1.32,9
2025-09-18T15:24:27Z,48.741441,2.021429,145.5,80.17,328.7,1.32,9
2025-09-18T15:24:28Z,48.741592,2.021290,149.3,73.27,330.2,1.87,8
2025-09-18T15:24:29Z,48.741723,2.021127,152.6,66.41,322.3,1.87,8
2025-09-18T15:24:30Z,48.741824,2.020939,157.2,63.76,311.9,1.87,8
2025-09-18T15:24:31Z,48.741879,2.020774,166.9,56.45,304.9,0.97,9
2025-09-18T15:24:32Z,48.741922,2.020584,175.1,59.25,293.1,0.97,9
2025-09-18T15:24:33Z,48.741996,2.020385,178.7,61.13,294.9,2.13,9
2025-09-18T15:24:34Z,48.742105,2.020227,181.9,57.26,311.4,2.13,9
2025-09-18T15:24:35Z,48.742193,2.020108,190.8,51.26,324.2,1.35,9
2025-09-18T15:24:36Z,48.742255,2.019998,202.4,46.28,319.1,1.32,9
2025-09-18T15:24:37Z,48.742353,2.019873,211.7,51.12,323.8,1.26,8
2025-09-18T15:24:38Z,48.742481,2.019741,217.5,57.32,322.4,1.87,9
2025-09-18T15:24:39Z,48.742597,2.019615,223.1,52.78,321.3,1.87,8
2025-09-18T15:24:40Z,48.742669,2.019503,231.4,43.34,315.8,1.87,8
2025-09-18T15:24:41Z,48.742683,2.019385,243.5,33.13,294.5,1.26,8
2025-09-18T15:24:42Z,48.742694,2.019293,256.7,24.85,292.8,0.91,10
2025-09-18T15:24:43Z,48.742798,2.019217,254.7,33.21,304.7,1.32,10
2025-09-18T15:24:44Z,48.742815,2.019125,266.3,26.85,298.2,0.91,10
2025-09-18T15:24:45Z,48.742860,2.019044,275.4,26.43,299.6,0.91,10
2025-09-18T15:24:46Z,48.742955,2.018992,276.4,26.32,309.8,1.01,10
2025-09-18T15:24:47Z,48.743036,2.018905,280.6,29.85,308.8,0.91,10
2025-09-18T15:24:48Z,48.743130,2.018832,281.9,31.72,312.2,1.07,10
2025-09-18T15:24:49Z,48.743219,2.018761,286.2,31.82,318.4,1.19,9
2025-09-18T15:24:50Z,48.743321,2.018726,288.9,30.17,329.3,1.42,9
2025-09-18T15:24:51Z,48.743407,2.018683,294.0,28.50,333.2,1.19,9
2025-09-18T15:24:52Z,48.743528,2.018693,297.5,32.43,350.0,1.31,9
2025-09-18T15:24:53Z,48.743644,2.018698,298.3,30.80,356.5,0.91,10
2025-09-18T15:24:54Z,48.743757,2.018739,300.2,31.13,10.9,0.91,10
2025-09-18T15:24:55Z,48.743882,2.018796,295.3,30.13,23.5,1.31,9
2025-09-18T15:24:56Z,48.744002,2.018857,291.7,32.45,28.7,1.31,9
2025-09-18T15:24:57Z,48.744108,2.018946,288.8,33.37,37.5,1.31,9
2025-09-18T15:24:58Z,48.744214,2.019018,283.6,32.65,40.5,1.31,8
2025-09-18T15:24:59Z,48.744329,2.019130,275.7,33.89,47.3,1.31,8
2025-09-18T15:25:00Z,48.744408,2.019209,275.2,33.24,46.7,1.68,7
2025-09-18T15:25:01Z,48.744506,2.019318,271.3,34.71,50.8,1.46,8
2025-09-18T15:25:02Z,48.744570,2.019419,271.6,32.50,53.4,1.34,8
2025-09-18T15:25:03Z,48.744634,2.019529,270.3,31.00,57.0,1.34,8
2025-09-18T15:25:04Z,48.744719,2.019658,267.9,33.69,57.7,1.34,8
2025-09-18T15:25:05Z,48.744807,2.019798,266.4,36.34,55.5,1.50,8
2025-09-18T15:25:06Z,48.744894,2.019966,262.2,39.67,58.9,1.50,9
2025-09-18T15:25:07Z,48.744977,2.020099,257.5,37.15,57.4,1.50,8
2025-09-18T15:25:08Z,48.745069,2.020237,253.4,37.91,56.2,1.50,8
2025-09-18T15:25:09Z,48.745173,2.020356,248.5,36.91,52.3,1.34,8
2025-09-18T15:25:10Z,48.745262,2.020487,245.3,38.47,53.7,1.34,8
2025-09-18T15:25:11Z,48.745354,2.020621,242.1,39.37,53.4,1.34,8
2025-09-18T15:25:12Z,48.745455,2.020770,237.0,40.95,53.8,1.34,9
2025-09-18T15:25:13Z,48.745540,2.020905,234.2,39.73,53.3,1.34,9
2025-09-18T15:25:14Z,48.745638,2.021057,228.7,40.60,55.5,1.34,8
2025-09-18T15:25:15Z,48.745735,2.021228,224.1,43.08,55.0,1.34,9
2025-09-18T15:25:16Z,48.745821,2.021406,220.1,44.37,58.5,1.34,8
2025-09-18T15:25:17Z,48.745920,2.021570,214.1,43.11,60.7,1.34,8
2025-09-18T15:25:18Z,48.745989,2.021740,207.8,41.58,63.8,1.08,9
2025-09-18T15:25:19Z,48.746042,2.021897,203.8,40.67,66.0,1.08,9
2025-09-18T15:25:20Z,48.746093,2.022048,202.6,40.84,67.0,1.37,9
2025-09-18T15:25:21Z,48.746149,2.022205,200.2,42.02,68.0,1.08,9
2025-09-18T15:25:22Z,48.746216,2.022361,197.0,43.58,67.1,1.37,9
2025-09-18T15:25:23Z,48.746277,2.022523,194.7,45.13,67.0,1.34,9
2025-09-18T15:25:24Z,48.746336,2.022688,193.0,47.17,66.9,1.34,8
2025-09-18T15:25:25Z,48.746398,2.022853,191.6,48.06,64.4,1.33,8
2025-09-18T15:25:26Z,48.746468,2.023019,190.4,49.34,60.3,1.33,8
2025-09-18T15:25:27Z,48.746542,2.023180,189.2,49.84,56.5,1.19,9
2025-09-18T15:25:28Z,48.746624,2.023337,187.4,49.80,54.0,1.19,9
2025-09-18T15:25:29Z,48.746706,2.023493,185.4,49.76,53.1,0.91,10
2025-09-18T15:25:30Z,48.746792,2.023649,183.8,50.08,52.2,0.91,10
2025-09-18T15:25:31Z,48.746872,2.023801,181.9,48.74,52.4,0.91,10
2025-09-18T15:25:32Z,48.746946,2.023943,180.7,45.49,52.3,1.19,10
2025-09-18T15:25:33Z,48.747017,2.024075,179.6,42.71,52.2,0.91,10
2025-09-18T15:25:34Z,48.747083,2.024199,179.0,40.58,52.2,0.91,10
2025-09-18T15:25:35Z,48.747145,2.024316,178.3,37.84,51.6,0.91,10
2025-09-18T15:25:36Z,48.747204,2.024428,177.9,36.89,52.1,0.91,10
2025-09-18T15:25:37Z,48.747257,2.024537,177.2,34.35,53.9,0.91,10
2025-09-18T15:25:38Z,48.747307,2.024637,176.6,31.35,54.1,0.91,10
2025-09-18T15:25:39Z,48.747349,2.024725,176.1,27.50,53.8,1.19,9
2025-09-18T15:25:40Z,48.747386,2.024799,176.0,23.34,53.0,1.19,9
2025-09-18T15:25:41Z,48.747422,2.024863,176.0,21.74,51.7,0.91,10
2025-09-18T15:25:42Z,48.747454,2.024931,175.7,21.58,53.5,0.91,10
2025-09-18T15:25:43Z,48.747485,2.025001,175.6,21.82,56.9,0.91,10
2025-09-18T15:25:44Z,48.747503,2.025085,175.6,24.69,71.2,0.91,10
2025-09-18T15:25:45Z,48.747503,2.025193,175.6,30.08,90.7,0.91,10
2025-09-18T15:25:46Z,48.747476,2.025309,175.2,33.37,109.4,0.91,10
2025-09-18T15:25:47Z,48.747430,2.025429,174.7,36.87,123.0,0.91,10
2025-09-18T15:25:48Z,48.747370,2.025538,174.4,37.43,131.3,0.91,10
2025-09-18T15:25:49Z,48.747298,2.025647,173.8,40.76,136.0,0.91,10
2025-09-18T15:25:50Z,48.747221,2.025755,173.6,42.48,138.0,1.19,9
2025-09-18T15:25:51Z,48.747141,2.025867,173.4,44.15,138.4,0.91,10
2025-09-18T15:25:52Z,48.747056,2.025981,173.1,45.52,139.3,0.91,10
2025-09-18T15:25:53Z,48.746972,2.026093,173.0,45.32,139.5,0.91,10
2025-09-18T15:25:54Z,48.746885,2.026207,172.9,46.26,139.4,0.91,10
2025-09-18T15:25:55Z,48.746798,2.026322,172.9,46.54,138.9,0.91,10
2025-09-18T15:25:56Z,48.746711,2.026441,172.7,47.45,138.4,0.91,10
2025-09-18T15:25:57Z,48.746622,2.026561,172.6,47.82,138.8,0.91,10
2025-09-18T15:25:58Z,48.746532,2.026682,172.4,48.17,138.6,0.91,10
2025-09-18T15:25:59Z,48.746442,2.026804,172.3,48.52,138.8,0.91,10
2025-09-18T15:26:00Z,48.746351,2.026928,172.1,49.36,138.7,0.91,10
2025-09-18T15:26:01Z,48.746256,2.027057,172.1,51.54,138.5,0.91,10
2025-09-18T15:26:02Z,48.746162,2.027189,172.0,51.54,137.3,0.91,10
2025-09-18T15:26:03Z,48.746070,2.027325,171.8,51.80,136.0,0.91,10
2025-09-18T15:26:04Z,48.745978,2.027462,171.7,51.52,135.8,0.91,10
2025-09-18T15:26:05Z,48.745889,2.027598,171.6,50.69,135.0,0.91,10
2025-09-18T15:26:06Z,48.745804,2.027738,171.6,50.04,132.6,0.91,10
2025-09-18T15:26:07Z,48.745724,2.027876,171.6,48.23,131.8,0.91,10
2025-09-18T15:26:08Z,48.745649,2.028005,171.5,45.11,132.0,1.08,9
2025-09-18T15:26:09Z,48.745578,2.028125,171.5,41.91,132.6,1.33,8
2025-09-18T15:26:10Z,48.745509,2.028239,171.5,40.87,132.8,1.33,9
2025-09-18T15:26:11Z,48.745444,2.028354,171.7,40.41,130.2,1.33,9
2025-09-18T15:26:12Z,48.745383,2.028467,171.7,37.95,129.9,1.36,7
2025-09-18T15:26:13Z,48.745325,2.028576,171.7,37.02,129.7,1.36,7
2025-09-18T15:26:14Z,48.745264,2.028684,171.6,37.56,130.8,1.10,8
2025-09-18T15:26:15Z,48.745207,2.028792,171.7,36.82,129.2,1.10,8
2025-09-18T15:26:16Z,48.745149,2.028891,171.6,33.91,132.2,1.10,8
2025-09-18T15:26:17Z,48.745097,2.028978,171.6,30.63,133.3,1.10,8
2025-09-18T15:26:18Z,48.745045,2.029060,171.5,29.87,133.4,1.10,8
2025-09-18T15:26:19Z,48.745000,2.029147,171.5,29.39,128.6,1.36,7
2025-09-18T15:26:20Z,48.744966,2.029243,171.4,28.67,119.1,1.36,7
2025-09-18T15:26:21Z,48.744963,2.029355,171.8,29.59,95.2,1.10,8
2025-09-18T15:26:22Z,48.744978,2.029471,171.9,31.13,78.5,1.10,8
2025-09-18T15:26:23Z,48.745020,2.029583,172.0,33.39,60.0,0.98,9
2025-09-18T15:26:24Z,48.745069,2.029682,171.7,32.45,50.0,0.98,9
2025-09-18T15:26:25Z,48.745121,2.029769,171.4,30.80,45.6,0.98,9
2025-09-18T15:26:26Z,48.745174,2.029856,171.0,31.41,47.3,0.98,9
2025-09-18T15:26:27Z,48.745220,2.029956,170.7,32.56,56.2,0.98,9
2025-09-18T15:26:28Z,48.745254,2.030078,170.7,36.13,69.7,0.98,9
2025-09-18T15:26:29Z,48.745266,2.030213,170.7,37.11,81.4,0.98,9
2025-09-18T15:26:30Z,48.745223,2.030348,172.1,39.54,109.4,0.98,9
2025-09-18T15:26:31Z,48.745161,2.030495,172.2,47.08,121.9,1.10,9
2025-09-18T15:26:32Z,48.745083,2.030648,172.1,51.73,127.6,1.10,8
2025-09-18T15:26:33Z,48.744993,2.030807,172.0,55.67,130.4,1.10,8
2025-09-18T15:26:34Z,48.744890,2.030980,171.7,62.34,131.3,0.98,9
2025-09-18T15:26:35Z,48.744786,2.031163,171.5,64.19,130.5,0.98,9
2025-09-18T15:26:36Z,48.744681,2.031353,171.2,65.43,129.9,0.98,9
2025-09-18T15:26:37Z,48.744575,2.031543,171.0,65.71,130.1,0.98,9
2025-09-18T15:26:38Z,48.744466,2.031742,170.8,69.08,129.2,0.98,9
2025-09-18T15:26:39Z,48.744347,2.031970,170.7,79.23,127.8,0.98,9
2025-09-18T15:26:40Z,48.744211,2.032235,170.1,91.08,127.7,0.98,9
2025-09-18T15:26:41Z,48.744060,2.032524,170.0,99.62,128.5,0.98,9
2025-09-18T15:26:42Z,48.743901,2.032814,169.8,99.45,129.9,1.26,8
2025-09-18T15:26:43Z,48.743731,2.033104,169.6,102.79,131.6,1.26,8
2025-09-18T15:26:44Z,48.743553,2.033403,169.5,107.92,132.0,0.98,9
2025-09-18T15:26:45Z,48.743377,2.033714,169.4,108.45,130.3,0.98,9
2025-09-18T15:26:46Z,48.743211,2.034022,169.4,104.25,128.9,0.98,9
2025-09-18T15:26:47Z,48.743053,2.034330,169.3,102.92,127.6,0.98,9
2025-09-18T15:26:48Z,48.742904,2.034644,169.3,102.47,125.3,0.98,9
2025-09-18T15:26:49Z,48.742766,2.034963,169.5,100.80,122.9,0.98,9
2025-09-18T15:26:50Z,48.742640,2.035270,169.4,94.23,121.7,0.98,9
2025-09-18T15:26:51Z,48.742523,2.035557,169.2,87.14,122.0,0.98,9
2025-09-18T15:26:52Z,48.742411,2.035821,169.0,81.17,122.8,0.98,9
2025-09-18T15:26:53Z,48.742306,2.036065,168.8,75.82,123.5,0.98,9
2025-09-18T15:26:54Z,48.742202,2.036293,168.4,72.02,125.3,0.98,9
2025-09-18T15:26:55Z,48.742089,2.036508,168.2,72.75,129.6,0.98,9
2025-09-18T15:26:56Z,48.741960,2.036716,168.0,76.75,134.9,0.98,9
2025-09-18T15:26:57Z,48.741814,2.036918,167.6,79.58,138.9,0.98,9
2025-09-18T15:26:58Z,48.741667,2.037106,167.6,75.97,140.5,0.98,9
2025-09-18T15:26:59Z,48.741527,2.037281,167.4,71.21,140.6,0.98,9
2025-09-18T15:27:00Z,48.741397,2.037448,167.3,67.45,139.2,0.98,9
2025-09-18T15:27:01Z,48.741275,2.037618,167.1,65.84,136.7,0.98,9
2025-09-18T15:27:02Z,48.741163,2.037798,167.0,65.01,131.8,0.98,9
2025-09-18T15:27:03Z,48.741062,2.037991,167.0,65.38,126.9,0.98,9
2025-09-18T15:27:04Z,48.740972,2.038194,167.1,64.58,122.7,0.98,9
2025-09-18T15:27:05Z,48.740892,2.038403,167.1,63.43,119.0,0.98,9
2025-09-18T15:27:06Z,48.740823,2.038616,167.0,62.82,115.1,0.98,9
2025-09-18T15:27:07Z,48.740765,2.038829,166.8,60.28,111.5,0.98,9
2025-09-18T15:27:08Z,48.740717,2.039042,166.6,58.99,107.5,0.98,9
2025-09-18T15:27:09Z,48.740678,2.039259,166.4,60.08,104.1,0.98,9
2025-09-18T15:27:10Z,48.740647,2.039485,166.2,61.45,100.6,1.10,8
2025-09-18T15:27:11Z,48.740625,2.039719,166.2,63.26,97.3,1.10,8
2025-09-18T15:27:12Z,48.740606,2.039959,166.3,64.08,96.5,1.10,8
2025-09-18T15:27:13Z,48.740588,2.040189,166.3,60.38,96.7,1.10,8
2025-09-18T15:27:14Z,48.740572,2.040408,166.2,57.45,96.3,1.10,8
2025-09-18T15:27:15Z,48.740556,2.040618,166.3,55.36,96.3,1.10,8
2025-09-18T15:27:16Z,48.740543,2.040815,166.5,51.60,96.1,1.10,8
2025-09-18T15:27:17Z,48.740530,2.040999,166.7,47.87,95.8,1.10,8
2025-09-18T15:27:18Z,48.740519,2.041170,166.7,44.30,95.2,1.10,8
2025-09-18T15:27:19Z,48.740507,2.041333,166.8,43.19,95.9,1.10,8
2025-09-18T15:27:20Z,48.740495,2.041492,166.9,41.87,96.8,1.10,8
2025-09-18T15:27:21Z,48.740483,2.041644,166.9,39.69,96.8,1.10,8
2025-09-18T15:27:22Z,48.740474,2.041785,167.0,36.87,95.6,1.10,8
2025-09-18T15:27:23Z,48.740466,2.041914,167.1,33.11,94.3,1.10,8
2025-09-18T15:27:24Z,48.740459,2.042027,167.0,28.61,95.5,1.10,8
2025-09-18T15:27:25Z,48.740450,2.042125,167.0,25.08,97.9,1.10,8
2025-09-18T15:27:26Z,48.740442,2.042211,167.0,22.32,97.4,1.10,8
2025-09-18T15:27:27Z,48.740438,2.042290,167.2,20.46,94.2,1.10,8
2025-09-18T15:27:28Z,48.740433,2.042365,167.2,19.78,95.4,1.10,8
2025-09-18T15:27:29Z,48.740428,2.042438,167.3,19.33,95.5,1.10,8
2025-09-18T15:27:30Z,48.740423,2.042518,167.4,21.95,94.7,1.10,8
2025-09-18T15:27:31Z,48.740426,2.042617,168.0,28.54,86.1,1.10,8
2025-09-18T15:27:32Z,48.740439,2.042757,168.1,41.43,80.1,1.36,8
2025-09-18T15:27:33Z,48.740459,2.042938,168.1,51.56,79.5,1.36,7
2025-09-18T15:27:34Z,48.740482,2.043153,168.0,60.26,79.9,1.36,7
2025-09-18T15:27:35Z,48.740511,2.043395,168.1,67.54,79.2,1.36,7
2025-09-18T15:27:36Z,48.740544,2.043651,168.1,69.43,78.3,1.10,8
2025-09-18T15:27:37Z,48.740581,2.043925,168.1,76.38,78.1,1.10,8
2025-09-18T15:27:38Z,48.740621,2.044225,168.0,82.86,78.5,1.10,8
2025-09-18T15:27:39Z,48.740662,2.044547,168.0,88.56,79.1,1.10,8
2025-09-18T15:27:40Z,48.740703,2.044879,167.8,90.06,79.5,1.10,8
2025-09-18T15:27:41Z,48.740743,2.045217,167.7,91.08,79.7,1.10,8
2025-09-18T15:27:42Z,48.740782,2.045560,167.4,92.67,80.2,1.10,8
2025-09-18T15:27:43Z,48.740821,2.045908,167.2,93.79,80.3,1.10,8
2025-09-18T15:27:44Z,48.740862,2.046258,167.0,94.21,79.8,1.36,7
2025-09-18T15:27:45Z,48.740906,2.046606,166.8,93.97,78.7,1.36,7
2025-09-18T15:27:46Z,48.740954,2.046950,166.6,92.71,78.0,1.36,7
2025-09-18T15:27:47Z,48.741005,2.047274,166.4,86.54,76.1,1.10,8
2025-09-18T15:27:48Z,48.741059,2.047574,166.0,80.78,73.7,1.10,8
2025-09-18T15:27:49Z,48.741120,2.047852,165.7,76.28,70.8,1.10,8
2025-09-18T15:27:50Z,48.741190,2.048115,165.5,74.34,66.8,1.10,8
2025-09-18T15:27:51Z,48.741269,2.048367,165.3,73.51,63.9,1.10,8
2025-09-18T15:27:52Z,48.741352,2.048614,165.2,73.30,62.7,1.10,8
2025-09-18T15:27:53Z,48.741435,2.048860,164.8,73.25,62.7,1.10,8
2025-09-18T15:27:54Z,48.741518,2.049105,164.5,72.75,62.9,1.10,8
2025-09-18T15:27:55Z,48.741602,2.049348,164.3,72.52,62.2,1.10,8
2025-09-18T15:27:56Z,48.741688,2.049593,164.0,73.82,62.1,1.10,8
2025-09-18T15:27:57Z,48.741774,2.049844,163.8,75.45,62.4,1.10,8
2025-09-18T15:27:58Z,48.741862,2.050095,163.4,75.01,62.1,1.10,8
2025-09-18T15:27:59Z,48.741950,2.050344,163.0,74.23,61.8,1.10,8
2025-09-18T15:28:00Z,48.742037,2.050590,162.8,73.73,61.9,1.10,8
2025-09-18T15:28:01Z,48.742123,2.050835,162.4,73.36,62.1,1.05,9
2025-09-18T15:28:02Z,48.742208,2.051079,162.1,73.10,62.0,1.05,9
2025-09-18T15:28:03Z,48.742292,2.051324,161.9,72.97,62.9,1.05,9
2025-09-18T15:28:04Z,48.742370,2.051573,161.5,73.02,65.1,1.05,9
2025-09-18T15:28:05Z,48.742440,2.051827,161.1,72.69,68.1,1.05,9
2025-09-18T15:28:06Z,48.742499,2.052086,160.7,72.60,72.2,1.05,9
2025-09-18T15:28:07Z,48.742547,2.052352,160.3,73.19,75.5,1.05,9
2025-09-18T15:28:08Z,48.742587,2.052637,159.9,78.80,78.9,1.05,9
2025-09-18T15:28:09Z,48.742616,2.052954,159.5,87.12,83.5,1.05,9
2025-09-18T15:28:10Z,48.742628,2.053287,159.1,88.99,88.0,1.05,9
2025-09-18T15:28:11Z,48.742626,2.053608,158.6,83.34,92.1,1.05,9
2025-09-18T15:28:12Z,48.742608,2.053908,158.3,78.15,96.4,1.05,9
2025-09-18T15:28:13Z,48.742577,2.054194,158.2,76.08,100.2,1.05,9
2025-09-18T15:28:14Z,48.742534,2.054473,158.3,75.91,104.3,1.05,9
2025-09-18T15:28:15Z,48.742478,2.054746,158.8,75.62,108.4,1.05,9
2025-09-18T15:28:16Z,48.742411,2.055013,159.2,75.45,111.7,1.05,9
2025-09-18T15:28:17Z,48.742335,2.055273,159.6,75.47,114.7,1.05,9
2025-09-18T15:28:18Z,48.742249,2.055528,160.0,75.84,117.5,1.05,9
2025-09-18T15:28:19Z,48.742157,2.055780,160.2,76.28,119.8,1.05,9
2025-09-18T15:28:20Z,48.742060,2.056029,160.6,76.45,120.5,1.05,9
2025-09-18T15:28:21Z,48.741968,2.056269,160.9,72.12,120.0,1.05,9
2025-09-18T15:28:22Z,48.741883,2.056493,161.2,66.75,120.2,1.05,9
2025-09-18T15:28:23Z,48.741803,2.056700,161.3,62.02,120.3,1.05,9
2025-09-18T15:28:24Z,48.741728,2.056891,161.5,57.58,121.4,1.05,9
2025-09-18T15:28:25Z,48.741656,2.057066,161.6,53.56,122.2,1.05,9
2025-09-18T15:28:26Z,48.741587,2.057230,161.7,50.52,122.4,1.05,9
2025-09-18T15:28:27Z,48.741520,2.057389,161.7,49.45,122.8,1.05,9
2025-09-18T15:28:28Z,48.741453,2.057545,161.6,48.86,123.0,1.05,9
2025-09-18T15:28:29Z,48.741386,2.057700,161.6,49.19,123.2,1.05,9
2025-09-18T15:28:30Z,48.741318,2.057857,161.5,50.30,123.4,1.05,9
2025-09-18T15:28:31Z,48.741249,2.058020,161.6,51.50,122.7,1.05,9
2025-09-18T15:28:32Z,48.741181,2.058185,161.4,51.74,121.8,1.05,9
2025-09-18T15:28:33Z,48.741110,2.058348,161.2,51.60,124.2,1.05,9
2025-09-18T15:28:34Z,48.741040,2.058509,161.1,51.06,123.1,1.05,9
2025-09-18T15:28:35Z,48.740974,2.058674,160.9,51.23,120.5,1.05,9
2025-09-18T15:28:36Z,48.740903,2.058841,160.6,52.86,123.9,1.05,9
2025-09-18T15:28:37Z,48.740825,2.059011,160.3,55.62,124.9,1.05,9
2025-09-18T15:28:38Z,48.740746,2.059194,159.9,58.86,122.4,1.05,9
2025-09-18T15:28:39Z,48.740658,2.059383,159.5,61.78,125.8,1.05,9
2025-09-18T15:28:40Z,48.740565,2.059574,159.0,63.19,127.2,1.05,9
2025-09-18T15:28:41Z,48.740473,2.059776,158.5,65.56,123.6,1.05,9
2025-09-18T15:28:42Z,48.740373,2.059978,158.3,67.26,127.8,1.05,9
2025-09-18T15:28:43Z,48.740269,2.060183,158.3,68.80,127.1,1.05,9
2025-09-18T15:28:44Z,48.740164,2.060395,158.4,70.54,127.0,1.05,9
2025-09-18T15:28:45Z,48.740051,2.060612,158.3,73.77,128.4,1.05,9
2025-09-18T15:28:46Z,48.739941,2.060825,158.5,70.80,127.9,1.05,9
2025-09-18T15:28:47Z,48.739840,2.061027,158.6,65.26,126.6,1.05,9
2025-09-18T15:28:48Z,48.739746,2.061217,158.9,61.65,127.0,1.05,9
2025-09-18T15:28:49Z,48.739650,2.061406,159.2,63.86,128.0,1.05,9
2025-09-18T15:28:50Z,48.739550,2.061611,159.5,68.93,126.0,1.05,9
2025-09-18T15:28:51Z,48.739450,2.061844,159.7,75.49,121.7,1.05,9
2025-09-18T15:28:52Z,48.739356,2.062112,159.7,82.53,116.7,1.05,9
2025-09-18T15:28:53Z,48.739271,2.062414,159.5,89.25,112.0,1.05,9
2025-09-18T15:28:54Z,48.739199,2.062750,159.3,95.21,106.3,1.05,9
2025-09-18T15:28:55Z,48.739135,2.063112,159.1,100.99,104.6,1.05,9
2025-09-18T15:28:56Z,48.739058,2.063489,159.0,105.73,108.1,1.05,9
2025-09-18T15:28:57Z,48.738957,2.063869,158.8,109.75,113.2,1.05,9
2025-09-18T15:28:58Z,48.738838,2.064255,158.6,113.90,115.7,1.05,9
2025-09-18T15:28:59Z,48.738713,2.064646,158.8,115.60,116.0,1.05,9
2025-09-18T15:29:00Z,48.738591,2.065022,159.2,109.10,116.2,1.05,9
2025-09-18T15:29:01Z,48.738468,2.065366,160.0,101.55,119.2,1.05,9
2025-09-18T15:29:02Z,48.738334,2.065680,160.7,98.19,124.6,1.05,9
2025-09-18T15:29:03Z,48.738180,2.065968,161.3,98.06,130.2,1.05,9
2025-09-18T15:29:04Z,48.738012,2.066238,161.8,98.62,134.8,1.05,9
2025-09-18T15:29:05Z,48.737829,2.066483,162.1,97.17,139.9,1.05,9
2025-09-18T15:29:06Z,48.737633,2.066699,162.4,97.17,145.5,1.05,9
2025-09-18T15:29:07Z,48.737417,2.066897,162.4,102.75,150.2,1.05,9
2025-09-18T15:29:08Z,48.737186,2.067080,162.3,104.84,153.1,1.05,9
2025-09-18T15:29:09Z,48.736961,2.067260,162.2,100.64,151.9,1.05,9
2025-09-18T15:29:10Z,48.736749,2.067451,162.2,97.69,148.1,1.05,9
2025-09-18T15:29:11Z,48.736552,2.067666,162.1,97.40,142.6,1.05,9
2025-09-18T15:29:12Z,48.736369,2.067909,161.9,97.60,136.9,1.05,9
2025-09-18T15:29:13Z,48.736205,2.068182,161.7,97.67,130.4,1.05,9
2025-09-18T15:29:14Z,48.736063,2.068484,161.5,99.06,123.6,1.05,9
2025-09-18T15:29:15Z,48.735939,2.068814,161.4,100.97,118.3,1.05,9
2025-09-18T15:29:16Z,48.735830,2.069162,161.2,102.62,114.0,1.05,9
2025-09-18T15:29:17Z,48.735739,2.069522,161.0,101.73,109.8,1.05,9
2025-09-18T15:29:18Z,48.735666,2.069872,160.9,95.14,106.5,1.05,9
2025-09-18T15:29:19Z,48.735591,2.070200,160.8,90.53,109.8,1.05,9
2025-09-18T15:29:20Z,48.735495,2.070510,160.6,90.40,117.0,1.05,9
2025-09-18T15:29:21Z,48.735372,2.070794,160.6,90.10,125.5,1.05,9
2025-09-18T15:29:22Z,48.735225,2.071044,160.5,87.56,133.9,1.05,9
2025-09-18T15:29:23Z,48.735064,2.071244,160.5,81.77,143.8,1.05,9
2025-09-18T15:29:24Z,48.734888,2.071389,160.7,79.99,154.7,1.05,9
2025-09-18T15:29:25Z,48.734701,2.071500,160.6,80.54,160.3,1.05,9
2025-09-18T15:29:26Z,48.734510,2.071590,160.7,80.28,163.7,1.05,9
2025-09-18T15:29:27Z,48.734317,2.071664,160.8,78.90,166.6,1.05,9
2025-09-18T15:29:28Z,48.734127,2.071728,160.9,77.40,167.8,1.05,9
2025-09-18T15:29:29Z,48.733941,2.071789,161.3,75.93,167.6,1.05,9
2025-09-18T15:29:30Z,48.733758,2.071851,161.5,74.84,167.6,1.05,9
2025-09-18T15:29:31Z,48.733578,2.071915,161.8,73.58,166.3,1.05,9
2025-09-18T15:29:32Z,48.733403,2.071989,162.0,72.64,163.5,1.05,9
2025-09-18T15:29:33Z,48.733235,2.072073,162.2,70.26,161.3,1.05,9
2025-09-18T15:29:34Z,48.733075,2.072157,162.4,67.34,160.7,1.05,9
2025-09-18T15:29:35Z,48.732918,2.072240,162.5,66.28,160.8,1.05,9
2025-09-18T15:29:36Z,48.732764,2.072321,162.5,64.41,160.9,1.05,9
2025-09-18T15:29:37Z,48.732618,2.072396,162.3,60.71,161.1,1.05,9
2025-09-18T15:29:38Z,48.732478,2.072469,162.2,58.93,161.1,1.05,9
2025-09-18T15:29:39Z,48.732341,2.072541,161.9,57.52,160.5,1.05,9
2025-09-18T15:29:40Z,48.732210,2.072610,161.8,54.67,160.8,1.05,9
2025-09-18T15:29:41Z,48.732085,2.072677,161.7,52.00,160.5,1.05,9
2025-09-18T15:29:42Z,48.731967,2.072744,161.9,50.95,159.7,1.05,9
2025-09-18T15:29:43Z,48.731855,2.072807,162.0,46.89,159.8,1.05,9
2025-09-18T15:29:44Z,48.731753,2.072865,162.0,43.00,159.6,1.05,9
2025-09-18T15:29:45Z,48.731657,2.072919,162.1,40.10,158.9,1.05,9
2025-09-18T15:29:46Z,48.731567,2.072982,162.2,40.06,154.2,1.05,9
2025-09-18T15:29:47Z,48.731476,2.073060,162.0,42.67,148.2,1.05,9
2025-09-18T15:29:48Z,48.731383,2.073157,162.0,46.17,143.9,1.05,9
2025-09-18T15:29:49Z,48.731284,2.073272,162.0,51.06,141.9,1.05,9
2025-09-18T15:29:50Z,48.731183,2.073406,161.7,55.06,137.4,1.05,9
2025-09-18T15:29:51Z,48.731087,2.073571,161.5,59.73,128.9,1.05,9
2025-09-18T15:29:52Z,48.731006,2.073776,161.7,65.82,119.3,1.05,9
2025-09-18T15:29:53Z,48.730939,2.074003,161.8,65.76,112.8,1.63,9
2025-09-18T15:29:54Z,48.730885,2.074242,161.7,67.75,106.7,1.63,8
2025-09-18T15:29:55Z,48.730848,2.074500,161.4,71.08,100.2,1.63,8
2025-09-18T15:29:56Z,48.730829,2.074770,161.2,72.17,94.3,1.05,9
2025-09-18T15:29:57Z,48.730818,2.075039,160.7,71.19,92.2,1.05,9
2025-09-18T15:29:58Z,48.730810,2.075301,160.3,68.86,92.1,1.05,9
2025-09-18T15:29:59Z,48.730804,2.075556,160.0,67.12,91.9,1.05,9
2025-09-18T15:30:00Z,48.730798,2.075807,159.7,66.58,91.8,1.05,9
2025-09-18T15:30:01Z,48.730794,2.076061,159.5,67.65,91.4,1.05,9
2025-09-18T15:30:02Z,48.730790,2.076323,159.4,70.49,91.3,1.15,8
2025-09-18T15:30:03Z,48.730785,2.076591,159.2,70.99,91.5,1.15,8
2025-09-18T15:30:04Z,48.730786,2.076851,158.8,68.06,89.1,1.15,8
2025-09-18T15:30:05Z,48.730783,2.077101,158.7,65.56,91.3,1.15,8
2025-09-18T15:30:06Z,48.730776,2.077346,158.6,64.69,92.4,1.05,9
2025-09-18T15:30:07Z,48.730767,2.077591,158.5,65.32,93.1,1.05,9
2025-09-18T15:30:08Z,48.730753,2.077840,158.4,66.75,94.9,1.05,9
2025-09-18T15:30:09Z,48.730728,2.078089,158.3,66.56,99.4,1.05,9
2025-09-18T15:30:10Z,48.730695,2.078331,158.3,65.12,102.4,1.05,9
2025-09-18T15:30:11Z,48.730654,2.078563,158.4,63.10,105.7,1.05,9
2025-09-18T15:30:12Z,48.730607,2.078785,158.7,61.67,109.0,1.05,9
2025-09-18T15:30:13Z,48.730550,2.079000,159.0,61.25,112.7,1.05,9
2025-09-18T15:30:14Z,48.730486,2.079210,159.2,61.06,115.5,1.05,9
2025-09-18T15:30:15Z,48.730415,2.079418,159.6,62.67,118.5,1.05,9
2025-09-18T15:30:16Z,48.730330,2.079623,159.9,64.49,123.2,1.05,9
2025-09-18T15:30:17Z,48.730235,2.079823,160.4,65.41,126.2,1.05,9
2025-09-18T15:30:18Z,48.730136,2.080016,160.7,64.63,128.2,1.05,9
2025-09-18T15:30:19Z,48.730033,2.080195,161.0,61.62,131.7,1.05,9
2025-09-18T15:30:20Z,48.729927,2.080357,161.3,59.75,135.8,1.05,9
2025-09-18T15:30:21Z,48.729821,2.080503,161.6,56.45,138.7,1.05,9
2025-09-18T15:30:22Z,48.729717,2.080629,161.8,51.91,142.0,1.05,9
2025-09-18T15:30:23Z,48.729613,2.080744,162.1,51.56,144.6,1.05,9
2025-09-18T15:30:24Z,48.729503,2.080853,162.6,53.21,147.3,1.05,9
2025-09-18T15:30:25Z,48.729390,2.080954,162.9,51.97,149.9,1.10,9
2025-09-18T15:30:26Z,48.729284,2.081040,163.3,46.74,153.0,1.10,8
2025-09-18T15:30:27Z,48.729189,2.081112,163.8,41.08,154.1,1.10,8
2025-09-18T15:30:28Z,48.729101,2.081170,164.0,37.24,157.4,1.10,8
2025-09-18T15:30:29Z,48.729019,2.081214,164.6,34.48,162.5,1.05,9
2025-09-18T15:30:30Z,48.728945,2.081243,165.3,29.89,168.3,1.05,9
2025-09-18T15:30:31Z,48.728869,2.081247,165.4,29.82,181.4,1.05,9
2025-09-18T15:30:32Z,48.728801,2.081233,165.6,26.97,190.3,1.05,9
2025-09-18T15:30:33Z,48.728735,2.081225,165.1,25.61,183.8,1.05,9
2025-09-18T15:30:34Z,48.728670,2.081244,165.2,26.85,163.8,1.05,9
2025-09-18T15:30:35Z,48.728607,2.081301,165.4,30.91,144.5,1.05,9
2025-09-18T15:30:36Z,48.728544,2.081373,165.3,32.13,142.7,1.05,9
2025-09-18T15:30:37Z,48.728474,2.081432,165.4,32.47,153.8,1.05,9
2025-09-18T15:30:38Z,48.728417,2.081480,166.8,25.93,153.2,1.05,9
2025-09-18T15:30:39Z,48.728377,2.081542,168.1,24.37,144.8,1.05,9
2025-09-18T15:30:40Z,48.728296,2.081587,169.0,32.65,159.5,1.64,9
2025-09-18T15:30:41Z,48.728216,2.081628,170.3,33.89,160.5,2.22,7
2025-09-18T15:30:42Z,48.728109,2.081670,171.2,40.73,164.1,1.64,8
2025-09-18T15:30:43Z,48.728051,2.081720,174.7,30.09,154.2,1.05,9
2025-09-18T15:30:44Z,48.727967,2.081773,177.9,35.28,158.2,1.05,9
2025-09-18T15:30:45Z,48.727890,2.081815,179.9,32.24,160.2,1.64,9
2025-09-18T15:30:46Z,48.727812,2.081849,182.1,31.89,165.6,2.29,7
2025-09-18T15:30:47Z,48.727739,2.081875,184.1,28.69,165.1,2.16,7
2025-09-18T15:30:48Z,48.727680,2.081904,185.6,24.45,162.9,2.16,8
2025-09-18T15:30:49Z,48.727608,2.081926,186.4,23.48,163.1,2.16,7
2025-09-18T15:30:50Z,48.727554,2.081944,187.7,19.17,164.8,1.05,9
2025-09-18T15:30:51Z,48.727496,2.081953,189.0,16.80,169.9,1.05,9
2025-09-18T15:30:52Z,48.727409,2.081933,186.8,19.48,184.1,1.05,9
2025-09-18T15:30:53Z,48.727352,2.081912,187.9,19.21,193.7,1.05,9
2025-09-18T15:30:54Z,48.727260,2.081892,183.6,24.22,183.3,1.05,9
2025-09-18T15:30:55Z,48.727201,2.081904,182.0,21.85,162.2,1.64,9
2025-09-18T15:30:56Z,48.727151,2.081948,180.9,20.54,139.3,1.11,9
2025-09-18T15:30:57Z,48.727125,2.082009,179.7,20.63,104.2,1.05,9
2025-09-18T15:30:58Z,48.727118,2.082077,177.6,22.26,76.0,1.05,9
2025-09-18T15:30:59Z,48.727126,2.082139,175.6,24.84,52.7,1.05,9
2025-09-18T15:31:00Z,48.727151,2.082212,173.7,28.04,50.7,1.10,8
2025-09-18T15:31:01Z,48.727187,2.082302,173.1,29.52,60.1,1.10,8
2025-09-18T15:31:02Z,48.727212,2.082391,172.8,25.97,65.5,1.05,9
2025-09-18T15:31:03Z,48.727224,2.082476,172.3,23.09,76.3,1.05,9
2025-09-18T15:31:04Z,48.727221,2.082558,172.0,22.06,89.7,1.05,9
2025-09-18T15:31:05Z,48.727200,2.082631,171.8,21.56,111.9,1.05,9
2025-09-18T15:31:06Z,48.727161,2.082692,172.0,22.39,134.4,1.05,9
2025-09-18T15:31:07Z,48.727108,2.082734,172.1,25.04,154.8,1.05,9
2025-09-18T15:31:08Z,48.727041,2.082764,171.9,27.45,164.8,1.65,8
2025-09-18T15:31:09Z,48.726971,2.082788,172.1,28.52,167.1,1.65,8
2025-09-18T15:31:10Z,48.726911,2.082812,172.7,23.80,165.6,1.65,8
2025-09-18T15:31:11Z,48.726863,2.082836,173.4,19.67,162.4,1.05,9
2025-09-18T15:31:12Z,48.726816,2.082859,173.7,19.95,163.3,1.05,9
2025-09-18T15:31:13Z,48.726757,2.082880,173.4,23.34,165.8,1.05,9
2025-09-18T15:31:14Z,48.726690,2.082903,172.9,25.21,166.1,1.05,9
2025-09-18T15:31:15Z,48.726631,2.082921,172.7,22.43,168.9,1.05,9
2025-09-18T15:31:16Z,48.726576,2.082921,172.0,18.52,183.6,1.05,9
2025-09-18T15:31:17Z,48.726535,2.082898,171.7,16.67,201.0,1.05,9
2025-09-18T15:31:18Z,48.726500,2.082850,171.1,18.67,223.9,1.05,9
2025-09-18T15:31:19Z,48.726476,2.082778,170.6,21.85,247.7,1.05,9
2025-09-18T15:31:20Z,48.726462,2.082695,170.0,23.09,261.1,1.05,9
2025-09-18T15:31:21Z,48.726458,2.082609,169.5,22.28,272.2,1.05,9
2025-09-18T15:31:22Z,48.726471,2.082535,169.3,19.80,289.5,1.05,9
2025-09-18T15:31:23Z,48.726498,2.082483,169.0,18.65,316.8,1.43,8
2025-09-18T15:31:24Z,48.726536,2.082459,168.9,16.28,337.2,1.43,8
2025-09-18T15:31:25Z,48.726565,2.082460,168.8,10.96,353.5,1.05,9
2025-09-18T15:31:26Z,48.726576,2.082469,169.0,4.70,13.4,1.05,9
2025-09-18T15:31:33Z,48.726568,2.082466,168.8,3.67,51.8,1.05,9
2025-09-18T15:31:34Z,48.726570,2.082481,168.6,4.32,68.4,1.34,9
2025-09-18T15:31:35Z,48.726573,2.082499,168.3,5.07,82.5,1.34,9
2025-09-18T15:31:36Z,48.726571,2.082517,168.4,5.20,88.2,1.05,9
2025-09-18T15:31:37Z,48.726570,2.082531,168.7,3.70,90.2,1.05,9
2025-09-18T15:35:26Z,48.726554,2.082453,152.1,2.82,60.2,1.06,9
2025-09-18T15:35:27Z,48.726561,2.082479,153.2,6.04,69.4,1.06,9
2025-09-18T15:35:28Z,48.726552,2.082517,155.8,7.89,93.9,1.06,9
2025-09-18T15:35:29Z,48.726535,2.082543,158.2,7.72,122.2,1.06,9
2025-09-18T15:35:30Z,48.726512,2.082563,160.0,8.96,145.0,1.06,9
2025-09-18T15:35:31Z,48.726497,2.082578,161.6,7.78,150.7,1.06,9
2025-09-18T15:35:32Z,48.726492,2.082586,162.8,4.09,152.7,1.71,8
2025-09-18T15:35:36Z,48.726463,2.082622,166.4,8.26,145.7,1.06,9
2025-09-18T15:35:37Z,48.726441,2.082654,166.8,11.74,141.1,1.06,9
2025-09-18T15:35:38Z,48.726424,2.082691,168.1,12.24,132.2,1.16,9
2025-09-18T15:35:39Z,48.726418,2.082729,168.8,9.95,119.7,1.06,9
2025-09-18T15:35:40Z,48.726420,2.082763,169.2,8.06,99.5,1.06,9
2025-09-18T15:35:41Z,48.726424,2.082787,169.4,5.06,90.2,1.06,9
2025-09-18T15:35:45Z,48.726431,2.082816,169.8,5.19,50.3,1.06,9
2025-09-18T15:35:46Z,48.726451,2.082835,169.9,10.85,31.0,1.06,9
2025-09-18T15:35:47Z,48.726486,2.082847,170.2,16.35,11.4,1.10,8
2025-09-18T15:35:48Z,48.726534,2.082841,170.2,20.98,352.6,1.06,9
2025-09-18T15:35:49Z,48.726590,2.082821,170.2,24.43,345.1,1.06,9
2025-09-18T15:35:50Z,48.726651,2.082789,170.4,26.82,339.7,1.10,9
2025-09-18T15:35:51Z,48.726720,2.082761,170.7,29.50,345.4,1.10,9
2025-09-18T15:35:52Z,48.726795,2.082739,170.9,31.22,349.0,1.06,9
2025-09-18T15:35:53Z,48.726872,2.082717,171.1,32.06,349.3,1.06,9
2025-09-18T15:35:54Z,48.726948,2.082691,171.4,31.65,347.4,1.06,9
2025-09-18T15:35:55Z,48.727022,2.082666,171.6,30.97,346.7,1.06,9
2025-09-18T15:35:56Z,48.727089,2.082616,171.4,30.09,332.8,1.06,9
2025-09-18T15:35:57Z,48.727136,2.082544,171.1,27.19,306.9,1.06,9
2025-09-18T15:35:58Z,48.727159,2.082457,171.2,26.35,290.0,1.06,9
2025-09-18T15:35:59Z,48.727159,2.082369,171.0,24.11,270.5,1.06,9
2025-09-18T15:36:00Z,48.727152,2.082297,170.6,19.21,261.2,1.06,9
2025-09-18T15:36:01Z,48.727148,2.082255,170.1,10.65,258.9,1.06,9
2025-09-18T15:36:02Z,48.727143,2.082233,170.1,5.72,257.1,1.06,9
2025-09-18T15:36:05Z,48.727142,2.082210,169.4,5.85,260.4,1.06,9
2025-09-18T15:36:06Z,48.727147,2.082173,169.5,12.46,276.2,1.06,9
2025-09-18T15:36:07Z,48.727158,2.082113,169.5,18.02,283.5,1.06,9
2025-09-18T15:36:08Z,48.727177,2.082045,169.4,20.06,292.5,1.06,9
2025-09-18T15:36:09Z,48.727203,2.081981,169.2,20.50,302.4,1.06,9
2025-09-18T15:36:10Z,48.727239,2.081926,169.3,21.37,316.3,1.06,9
2025-09-18T15:36:11Z,48.727284,2.081880,169.9,23.63,328.9,1.06,9
2025-09-18T15:36:12Z,48.727341,2.081842,170.1,25.74,334.5,1.06,9
2025-09-18T15:36:13Z,48.727402,2.081817,171.0,27.78,344.3,1.06,9
2025-09-18T15:36:14Z,48.727463,2.081785,171.7,26.24,341.9,1.06,9
2025-09-18T15:36:15Z,48.727525,2.081746,172.6,27.85,338.4,1.06,9
2025-09-18T15:36:16Z,48.727595,2.081705,173.4,29.69,338.1,1.44,8
2025-09-18T15:36:17Z,48.727678,2.081664,174.1,34.32,340.3,1.44,9
2025-09-18T15:36:18Z,48.727748,2.081608,175.5,33.30,332.5,1.44,8
2025-09-18T15:36:19Z,48.727823,2.081571,176.1,29.61,340.6,1.44,8
2025-09-18T15:36:20Z,48.727879,2.081536,176.6,24.37,337.3,1.44,8
2025-09-18T15:36:21Z,48.727912,2.081523,181.7,21.35,337.7,1.06,9
2025-09-18T15:36:22Z,48.727948,2.081504,184.5,17.85,337.2,1.06,9
2025-09-18T15:36:23Z,48.727997,2.081486,187.8,19.76,337.7,1.06,9
2025-09-18T15:36:24Z,48.728034,2.081459,190.5,14.87,334.7,1.16,9
2025-09-18T15:36:25Z,48.728058,2.081441,192.7,7.91,331.9,1.16,9
2025-09-18T15:36:26Z,48.728057,2.081426,197.4,5.07,331.9,1.16,9
2025-09-18T15:36:27Z,48.728100,2.081408,196.5,8.83,333.8,1.06,9
2025-09-18T15:36:28Z,48.728119,2.081396,198.7,6.76,333.3,1.66,9
2025-09-18T15:36:29Z,48.728145,2.081377,196.6,5.33,322.5,1.44,9
2025-09-18T15:36:30Z,48.728173,2.081365,195.5,6.57,328.3,1.44,9
2025-09-18T15:36:31Z,48.728193,2.081356,194.7,3.78,330.3,1.44,9
2025-09-18T15:36:32Z,48.728266,2.081349,192.3,10.82,358.1,1.06,9
2025-09-18T15:36:33Z,48.728365,2.081362,188.2,16.46,9.1,1.06,9
2025-09-18T15:36:34Z,48.728456,2.081376,185.5,21.13,7.3,1.10,8
2025-09-18T15:36:35Z,48.728527,2.081374,185.0,23.46,353.7,1.10,8
2025-09-18T15:36:36Z,48.728596,2.081342,184.3,27.85,332.9,1.06,9
2025-09-18T15:36:37Z,48.728676,2.081295,182.4,32.60,319.6,1.16,9
2025-09-18T15:36:38Z,48.728761,2.081228,180.8,36.84,326.9,1.06,9
2025-09-18T15:36:39Z,48.728854,2.081170,180.2,38.61,335.7,1.06,9
2025-09-18T15:36:40Z,48.728955,2.081112,179.8,41.97,337.1,1.06,9
2025-09-18T15:36:41Z,48.729060,2.081046,179.8,46.04,336.0,1.06,9
2025-09-18T15:36:42Z,48.729171,2.080967,179.6,49.30,333.1,1.06,9
2025-09-18T15:36:43Z,48.729282,2.080873,180.1,51.43,329.0,1.10,8
2025-09-18T15:36:44Z,48.729394,2.080771,179.8,51.17,326.4,1.10,8
2025-09-18T15:36:45Z,48.729502,2.080662,179.8,51.82,324.5,1.10,8
2025-09-18T15:36:46Z,48.729612,2.080550,179.5,52.47,322.7,1.10,9
2025-09-18T15:36:47Z,48.729723,2.080430,178.4,53.23,319.7,1.10,9
2025-09-18T15:36:48Z,48.729832,2.080302,176.1,54.00,315.7,1.06,9
2025-09-18T15:36:49Z,48.729934,2.080162,174.4,54.71,313.7,1.06,9
2025-09-18T15:36:50Z,48.730031,2.080013,173.0,55.19,311.4,1.06,9
2025-09-18T15:36:51Z,48.730126,2.079849,172.0,58.10,307.5,1.06,9
2025-09-18T15:36:52Z,48.730222,2.079667,170.4,61.67,304.6,1.06,9
2025-09-18T15:36:53Z,48.730314,2.079474,169.1,62.67,302.6,1.06,9
2025-09-18T15:36:54Z,48.730398,2.079275,167.8,61.21,298.8,1.06,9
2025-09-18T15:36:55Z,48.730472,2.079073,166.5,60.43,295.6,1.06,9
2025-09-18T15:36:56Z,48.730538,2.078868,165.3,59.99,292.2,1.06,9
2025-09-18T15:36:57Z,48.730594,2.078659,164.3,60.10,289.4,1.06,9
2025-09-18T15:36:58Z,48.730644,2.078441,163.5,61.62,285.6,1.06,9
2025-09-18T15:36:59Z,48.730681,2.078200,162.7,67.32,279.7,1.06,9
2025-09-18T15:37:00Z,48.730703,2.077916,162.3,79.78,274.4,1.06,9
2025-09-18T15:37:01Z,48.730717,2.077585,162.0,91.51,272.5,1.06,9
2025-09-18T15:37:02Z,48.730729,2.077236,162.0,93.67,272.4,1.06,9
2025-09-18T15:37:03Z,48.730740,2.076898,162.1,88.10,272.5,1.06,9
2025-09-18T15:37:04Z,48.730749,2.076568,162.1,87.28,271.9,1.06,9
2025-09-18T15:37:05Z,48.730756,2.076255,162.2,81.17,271.5,1.73,9
2025-09-18T15:37:06Z,48.730764,2.075972,162.4,72.86,272.2,1.73,8
2025-09-18T15:37:07Z,48.730772,2.075712,162.5,67.69,272.7,1.06,9
2025-09-18T15:37:08Z,48.730781,2.075470,162.6,62.89,272.6,1.06,9
2025-09-18T15:37:09Z,48.730788,2.075245,162.4,58.23,272.2,1.06,9
2025-09-18T15:37:10Z,48.730795,2.075032,162.4,56.17,272.1,1.06,9
2025-09-18T15:37:11Z,48.730804,2.074824,162.4,54.86,273.9,1.06,9
2025-09-18T15:37:12Z,48.730820,2.074622,162.4,53.82,277.9,1.06,9
2025-09-18T15:37:13Z,48.730845,2.074432,162.4,50.10,281.6,1.12,8
2025-09-18T15:37:14Z,48.730877,2.074251,162.4,49.00,285.8,1.06,9
2025-09-18T15:37:15Z,48.730918,2.074076,162.4,49.13,291.0,1.06,9
2025-09-18T15:37:16Z,48.730970,2.073908,162.4,49.17,296.1,1.06,9
2025-09-18T15:37:17Z,48.731032,2.073747,162.4,49.52,301.8,1.06,9
2025-09-18T15:37:18Z,48.731109,2.073592,162.4,51.69,308.3,1.06,9
2025-09-18T15:37:19Z,48.731201,2.073447,162.6,53.80,315.6,1.06,9
2025-09-18T15:37:20Z,48.731307,2.073313,162.7,55.21,321.4,1.06,9
2025-09-18T15:37:21Z,48.731420,2.073189,162.8,56.36,325.1,1.06,9
2025-09-18T15:37:22Z,48.731541,2.073071,163.0,57.82,327.8,1.06,9
2025-09-18T15:37:23Z,48.731671,2.072958,163.2,60.58,330.6,1.06,9
2025-09-18T15:37:24Z,48.731809,2.072851,163.3,62.43,333.8,1.16,9
2025-09-18T15:37:25Z,48.731953,2.072757,163.5,62.69,337.7,1.06,9
2025-09-18T15:37:26Z,48.732099,2.072674,163.7,62.25,339.9,1.06,9
2025-09-18T15:37:27Z,48.732241,2.072595,163.6,59.84,340.1,1.06,9
2025-09-18T15:37:28Z,48.732372,2.072522,163.7,54.78,340.0,1.06,9
2025-09-18T15:37:29Z,48.732496,2.072456,163.8,51.78,340.6,1.06,9
2025-09-18T15:37:30Z,48.732617,2.072393,163.9,50.60,340.9,1.06,9
2025-09-18T15:37:31Z,48.732735,2.072332,164.0,49.56,341.3,1.02,10
2025-09-18T15:37:32Z,48.732852,2.072275,164.0,48.93,342.3,1.02,10
2025-09-18T15:37:33Z,48.732970,2.072222,163.9,49.17,344.1,1.02,10
2025-09-18T15:37:34Z,48.733092,2.072173,163.8,50.60,345.7,1.02,10
2025-09-18T15:37:35Z,48.733221,2.072124,163.6,53.50,346.1,1.02,10
2025-09-18T15:37:36Z,48.733355,2.072074,163.5,55.91,346.2,1.02,10
2025-09-18T15:37:37Z,48.733494,2.072023,163.3,57.56,346.6,1.02,10
2025-09-18T15:37:38Z,48.733638,2.071973,163.2,59.69,347.1,1.02,10
2025-09-18T15:37:39Z,48.733787,2.071923,162.9,61.13,347.7,1.02,10
2025-09-18T15:37:40Z,48.733939,2.071874,162.7,62.45,347.9,1.02,10
2025-09-18T15:37:41Z,48.734093,2.071824,162.7,63.10,347.6,1.02,10
2025-09-18T15:37:42Z,48.734248,2.071771,162.6,63.88,347.1,1.02,10
2025-09-18T15:37:43Z,48.734404,2.071712,162.6,64.39,345.5,1.02,10
2025-09-18T15:37:44Z,48.734558,2.071643,162.6,64.54,342.6,1.02,10
2025-09-18T15:37:45Z,48.734711,2.071561,162.5,65.23,339.5,1.02,10
2025-09-18T15:37:46Z,48.734856,2.071465,162.6,63.02,335.0,1.02,10
2025-09-18T15:37:47Z,48.734991,2.071353,162.5,61.41,329.8,1.02,10
2025-09-18T15:37:48Z,48.735117,2.071224,162.5,60.63,324.2,1.02,10
2025-09-18T15:37:49Z,48.735233,2.071076,162.2,60.52,317.9,1.02,10
2025-09-18T15:37:50Z,48.735336,2.070909,162.2,60.63,310.9,1.02,10
2025-09-18T15:37:51Z,48.735427,2.070724,162.0,61.21,304.8,1.02,10
2025-09-18T15:37:52Z,48.735507,2.070522,161.9,62.78,298.9,1.02,10
2025-09-18T15:37:53Z,48.735575,2.070299,161.8,65.75,292.9,1.02,10
2025-09-18T15:37:54Z,48.735635,2.070057,161.6,69.43,289.1,1.02,10
2025-09-18T15:37:55Z,48.735688,2.069808,161.4,69.15,286.6,1.02,10
2025-09-18T15:37:56Z,48.735736,2.069561,161.3,67.56,286.0,1.02,10
2025-09-18T15:37:57Z,48.735788,2.069320,161.5,67.23,289.3,1.02,10
2025-09-18T15:37:58Z,48.735849,2.069090,161.5,64.95,292.4,1.02,10
2025-09-18T15:37:59Z,48.735917,2.068879,161.6,60.73,297.3,1.02,10
2025-09-18T15:38:00Z,48.735989,2.068682,161.6,59.10,299.7,1.02,10
2025-09-18T15:38:01Z,48.736068,2.068489,161.6,60.54,302.3,1.02,10
2025-09-18T15:38:02Z,48.736159,2.068295,161.7,63.76,306.4,1.02,10
2025-09-18T15:38:03Z,48.736258,2.068110,161.9,62.73,310.1,1.02,10
2025-09-18T15:38:04Z,48.736366,2.067936,162.0,63.49,314.4,1.02,10
2025-09-18T15:38:05Z,48.736482,2.067776,162.1,62.78,319.1,1.02,10
2025-09-18T15:38:06Z,48.736604,2.067631,162.2,61.62,322.6,1.02,10
2025-09-18T15:38:07Z,48.736728,2.067499,162.2,60.43,325.8,1.02,10
2025-09-18T15:38:08Z,48.736856,2.067378,162.2,60.25,328.9,1.02,10
2025-09-18T15:38:09Z,48.736991,2.067266,162.0,61.71,332.3,1.02,10
2025-09-18T15:38:10Z,48.737131,2.067162,162.0,62.86,334.3,1.02,10
2025-09-18T15:38:11Z,48.737273,2.067054,162.0,63.86,332.8,1.02,10
2025-09-18T15:38:12Z,48.737414,2.066935,162.1,65.36,330.0,1.02,10
2025-09-18T15:38:13Z,48.737557,2.066812,162.0,66.26,330.3,1.02,10
2025-09-18T15:38:14Z,48.737699,2.066674,161.8,67.99,326.1,1.02,10
2025-09-18T15:38:15Z,48.737839,2.066511,161.6,71.97,321.2,1.02,10
2025-09-18T15:38:16Z,48.737970,2.066338,161.3,68.28,317.6,1.02,10
2025-09-18T15:38:17Z,48.738087,2.066164,161.0,64.69,314.5,1.02,10
2025-09-18T15:38:18Z,48.738194,2.065986,160.7,63.63,311.5,1.02,10
2025-09-18T15:38:19Z,48.738294,2.065798,160.4,64.12,307.9,1.02,10
2025-09-18T15:38:20Z,48.738390,2.065597,159.8,65.95,304.7,1.02,10
2025-09-18T15:38:21Z,48.738481,2.065379,159.2,69.51,301.3,1.02,10
2025-09-18T15:38:22Z,48.738569,2.065142,158.6,72.69,298.4,1.02,10
2025-09-18T15:38:23Z,48.738654,2.064892,158.2,75.08,296.9,1.02,10
2025-09-18T15:38:24Z,48.738738,2.064642,157.9,74.08,296.7,1.02,10
2025-09-18T15:38:25Z,48.738819,2.064395,157.8,72.43,296.3,1.02,10
2025-09-18T15:38:26Z,48.738898,2.064151,157.9,71.82,296.0,1.02,10
2025-09-18T15:38:27Z,48.738973,2.063904,157.8,72.01,294.1,1.02,10
2025-09-18T15:38:28Z,48.739037,2.063644,157.8,73.88,288.9,1.02,10
2025-09-18T15:38:29Z,48.739094,2.063368,157.8,77.71,286.3,1.02,10
2025-09-18T15:38:30Z,48.739146,2.063085,158.0,77.77,285.6,1.02,10
2025-09-18T15:38:31Z,48.739196,2.062815,158.2,72.71,285.3,1.02,10
2025-09-18T15:38:32Z,48.739247,2.062565,158.4,68.14,288.2,1.02,10
2025-09-18T15:38:33Z,48.739308,2.062329,158.5,66.41,292.6,1.02,10
2025-09-18T15:38:34Z,48.739378,2.062104,158.6,65.99,296.4,1.02,10
2025-09-18T15:38:35Z,48.739457,2.061883,158.7,66.23,299.0,1.02,10
2025-09-18T15:38:36Z,48.739545,2.061667,158.6,67.93,302.7,1.02,10
2025-09-18T15:38:37Z,48.739649,2.061456,158.3,70.34,308.2,1.02,10
2025-09-18T15:38:38Z,48.739757,2.061240,157.9,72.23,306.7,1.02,10
2025-09-18T15:38:39Z,48.739867,2.061016,157.4,74.23,306.3,1.02,10
2025-09-18T15:38:40Z,48.739985,2.060795,156.9,75.49,310.1,1.02,10
2025-09-18T15:38:41Z,48.740100,2.060569,156.7,75.49,306.5,1.02,10
2025-09-18T15:38:42Z,48.740212,2.060344,156.6,74.19,307.1,1.02,10
2025-09-18T15:38:43Z,48.740320,2.060130,156.5,70.32,307.8,1.02,10
2025-09-18T15:38:44Z,48.740423,2.059921,156.7,69.01,306.2,1.02,10
2025-09-18T15:38:45Z,48.740524,2.059709,157.1,69.36,305.9,1.02,10
2025-09-18T15:38:46Z,48.740625,2.059496,157.5,69.76,305.8,1.02,10
2025-09-18T15:38:47Z,48.740725,2.059279,157.9,70.45,304.4,1.02,10
2025-09-18T15:38:48Z,48.740825,2.059055,158.3,71.89,304.1,1.02,10
2025-09-18T15:38:49Z,48.740928,2.058829,158.6,72.65,304.4,1.02,10
2025-09-18T15:38:50Z,48.741029,2.058604,159.0,71.77,304.2,1.02,10
2025-09-18T15:38:51Z,48.741126,2.058387,159.2,68.21,303.7,1.02,10
2025-09-18T15:38:52Z,48.741217,2.058179,159.5,65.28,303.7,1.02,10
2025-09-18T15:38:53Z,48.741307,2.057975,159.6,64.71,303.7,1.02,10
2025-09-18T15:38:54Z,48.741397,2.057771,159.8,65.30,303.8,1.02,10
2025-09-18T15:38:55Z,48.741490,2.057567,159.8,65.47,304.4,1.02,10
2025-09-18T15:38:56Z,48.741579,2.057371,159.8,61.97,304.3,1.02,10
2025-09-18T15:38:57Z,48.741662,2.057185,159.9,58.63,304.4,1.02,10
2025-09-18T15:38:58Z,48.741739,2.057011,159.9,54.19,303.6,1.02,10
2025-09-18T15:38:59Z,48.741810,2.056846,159.8,51.02,303.1,1.02,10
2025-09-18T15:39:00Z,48.741877,2.056687,159.7,49.58,302.4,1.02,10
2025-09-18T15:39:01Z,48.741939,2.056534,159.6,46.78,300.6,1.02,10
2025-09-18T15:39:02Z,48.741995,2.056388,159.4,43.41,299.9,1.02,10
2025-09-18T15:39:03Z,48.742053,2.056237,159.2,47.45,300.6,1.02,10
2025-09-18T15:39:04Z,48.742124,2.056062,158.8,57.25,301.7,1.02,10
2025-09-18T15:39:05Z,48.742205,2.055858,158.6,65.51,301.0,1.02,10
2025-09-18T15:39:06Z,48.742293,2.055627,158.3,72.49,299.0,1.02,10
2025-09-18T15:39:07Z,48.742379,2.055368,158.0,78.43,295.9,1.02,10
2025-09-18T15:39:08Z,48.742455,2.055090,157.6,80.23,291.1,1.02,10
2025-09-18T15:39:09Z,48.742516,2.054803,157.2,79.78,286.1,1.02,10
2025-09-18T15:39:10Z,48.742564,2.054511,156.7,79.06,282.8,1.02,10
2025-09-18T15:39:11Z,48.742602,2.054222,156.4,77.45,280.6,1.02,10
2025-09-18T15:39:12Z,48.742628,2.053935,156.5,76.84,276.9,1.02,10
2025-09-18T15:39:13Z,48.742644,2.053646,156.7,76.93,273.8,1.02,10
2025-09-18T15:39:14Z,48.742650,2.053358,157.1,75.73,271.0,1.02,10
2025-09-18T15:39:15Z,48.742643,2.053078,157.5,73.65,266.6,1.02,10
2025-09-18T15:39:16Z,48.742623,2.052803,157.9,73.38,262.4,1.02,10
2025-09-18T15:39:17Z,48.742591,2.052531,158.2,72.84,259.0,1.02,10
2025-09-18T15:39:18Z,48.742548,2.052265,158.6,72.60,255.3,1.02,10
2025-09-18T15:39:19Z,48.742494,2.052000,158.9,73.30,251.9,1.35,9
2025-09-18T15:39:20Z,48.742430,2.051738,159.3,74.28,248.4,1.02,10
2025-09-18T15:39:21Z,48.742356,2.051480,159.6,74.69,245.9,1.02,10
2025-09-18T15:39:22Z,48.742275,2.051227,159.8,74.12,243.7,1.35,9
2025-09-18T15:39:23Z,48.742192,2.050979,160.0,73.77,242.7,1.35,9
2025-09-18T15:39:24Z,48.742105,2.050732,160.2,74.04,241.8,1.35,9
2025-09-18T15:39:25Z,48.742016,2.050481,160.4,76.12,241.5,1.35,9
2025-09-18T15:39:26Z,48.741918,2.050207,160.6,85.19,241.8,1.02,10
2025-09-18T15:39:27Z,48.741811,2.049902,160.8,94.01,242.0,1.02,10
2025-09-18T15:39:28Z,48.741695,2.049572,161.2,100.93,242.0,1.02,10
2025-09-18T15:39:29Z,48.741573,2.049222,161.5,106.40,242.2,1.02,10
2025-09-18T15:39:30Z,48.741448,2.048862,161.8,108.30,242.6,1.02,10
2025-09-18T15:39:31Z,48.741331,2.048511,161.9,102.23,243.3,1.02,10
2025-09-18T15:39:32Z,48.741228,2.048180,162.1,94.71,245.4,1.02,10
2025-09-18T15:39:33Z,48.741140,2.047856,162.2,91.97,248.2,1.02,10
2025-09-18T15:39:34Z,48.741065,2.047528,162.5,91.95,252.3,1.02,10
2025-09-18T15:39:35Z,48.741008,2.047206,162.7,86.95,256.1,1.02,10
2025-09-18T15:39:36Z,48.740962,2.046890,162.8,85.14,257.8,1.02,10
2025-09-18T15:39:37Z,48.740914,2.046562,163.0,90.19,257.4,1.02,10
2025-09-18T15:39:38Z,48.740862,2.046206,163.2,99.27,257.7,1.02,10
2025-09-18T15:39:39Z,48.740811,2.045826,163.4,104.10,258.6,1.35,9
2025-09-18T15:39:40Z,48.740763,2.045447,163.6,101.43,259.6,1.02,10
2025-09-18T15:39:41Z,48.740724,2.045081,163.8,96.97,261.3,1.02,10
2025-09-18T15:39:42Z,48.740688,2.044733,163.9,91.45,261.2,1.02,10
2025-09-18T15:39:43Z,48.740652,2.044400,163.9,88.43,260.1,1.02,10
2025-09-18T15:39:44Z,48.740611,2.044079,164.0,85.77,258.9,1.02,10
2025-09-18T15:39:45Z,48.740569,2.043770,164.0,82.56,257.9,1.02,10
2025-09-18T15:39:46Z,48.740530,2.043480,163.9,76.90,258.3,1.02,10
2025-09-18T15:39:47Z,48.740496,2.043207,163.7,72.10,259.9,1.02,10
2025-09-18T15:39:48Z,48.740474,2.042942,163.5,70.04,263.8,1.02,10
2025-09-18T15:39:49Z,48.740464,2.042675,163.2,71.10,268.1,1.02,10
2025-09-18T15:39:50Z,48.740468,2.042410,162.8,69.93,272.2,1.02,10
2025-09-18T15:39:51Z,48.740482,2.042145,162.7,70.88,275.8,1.02,10
2025-09-18T15:39:52Z,48.740499,2.041873,162.6,72.64,275.4,1.02,10
2025-09-18T15:39:53Z,48.740514,2.041595,162.4,74.39,274.2,1.02,10
2025-09-18T15:39:54Z,48.740530,2.041313,162.3,75.30,275.1,1.02,10
2025-09-18T15:39:55Z,48.740547,2.041029,162.2,75.56,275.5,1.02,10
2025-09-18T15:39:56Z,48.740567,2.040745,162.1,75.52,275.9,1.02,10
2025-09-18T15:39:57Z,48.740586,2.040462,162.0,75.32,275.8,1.02,10
2025-09-18T15:39:58Z,48.740602,2.040175,162.0,76.25,274.9,1.06,9
2025-09-18T15:39:59Z,48.740620,2.039883,161.8,78.40,275.5,1.02,10
2025-09-18T15:40:00Z,48.740647,2.039579,161.8,82.38,278.5,1.02,10
2025-09-18T15:40:01Z,48.740692,2.039266,161.9,85.91,283.7,1.02,10
2025-09-18T15:40:02Z,48.740759,2.038949,162.0,89.10,289.2,1.02,10
2025-09-18T15:40:03Z,48.740846,2.038632,162.2,91.93,294.1,1.02,10
2025-09-18T15:40:04Z,48.740954,2.038318,162.0,94.49,298.8,1.02,10
2025-09-18T15:40:05Z,48.741084,2.038012,161.7,97.25,304.4,1.02,10
2025-09-18T15:40:06Z,48.741238,2.037726,161.7,97.93,311.3,1.02,10
2025-09-18T15:40:07Z,48.741418,2.037465,161.8,100.29,318.1,1.02,10
2025-09-18T15:40:08Z,48.741616,2.037217,161.8,104.17,321.3,1.02,10
2025-09-18T15:40:09Z,48.741818,2.036960,161.6,106.42,319.6,1.02,10
2025-09-18T15:40:10Z,48.742006,2.036687,161.7,103.64,314.6,1.02,10
2025-09-18T15:40:11Z,48.742176,2.036385,161.6,105.95,308.8,1.02,10
2025-09-18T15:40:12Z,48.742339,2.036048,161.5,112.19,305.0,1.02,10
2025-09-18T15:40:13Z,48.742498,2.035682,161.3,117.49,302.7,1.02,10
2025-09-18T15:40:14Z,48.742648,2.035319,161.1,111.73,302.0,1.02,10
2025-09-18T15:40:15Z,48.742791,2.034979,160.9,104.42,302.7,1.02,10
2025-09-18T15:40:16Z,48.742929,2.034666,160.6,97.71,304.1,1.02,10
2025-09-18T15:40:17Z,48.743066,2.034376,160.6,92.90,306.3,1.02,10
2025-09-18T15:40:18Z,48.743205,2.034104,160.5,90.16,308.2,1.02,10
2025-09-18T15:40:19Z,48.743343,2.033843,160.4,88.08,309.1,1.02,10
2025-09-18T15:40:20Z,48.743480,2.033584,160.5,87.97,308.6,1.02,10
2025-09-18T15:40:21Z,48.743618,2.033321,160.6,89.28,308.5,1.02,10
2025-09-18T15:40:22Z,48.743760,2.033059,160.7,89.71,309.4,1.02,10
2025-09-18T15:40:23Z,48.743902,2.032799,160.8,89.56,309.9,1.02,10
2025-09-18T15:40:24Z,48.744041,2.032548,161.0,85.54,310.0,1.02,10
2025-09-18T15:40:25Z,48.744171,2.032313,161.3,79.49,309.9,1.02,10
2025-09-18T15:40:26Z,48.744294,2.032092,161.5,75.36,310.2,1.02,10
2025-09-18T15:40:27Z,48.744411,2.031881,161.7,71.73,310.0,1.02,10
2025-09-18T15:40:28Z,48.744521,2.031684,161.8,67.17,310.1,1.02,10
2025-09-18T15:40:29Z,48.744624,2.031500,161.9,62.75,310.3,1.02,10
2025-09-18T15:40:30Z,48.744719,2.031330,162.0,57.52,310.2,1.02,10
2025-09-18T15:40:31Z,48.744807,2.031173,162.0,53.36,310.4,1.02,10
2025-09-18T15:40:32Z,48.744892,2.031023,162.1,51.71,310.4,1.02,10
2025-09-18T15:40:33Z,48.744973,2.030879,162.2,49.80,310.5,1.02,10
2025-09-18T15:40:34Z,48.745050,2.030744,162.2,46.04,311.3,1.02,10
2025-09-18T15:40:35Z,48.745121,2.030625,162.2,41.50,312.4,1.02,10
2025-09-18T15:40:36Z,48.745186,2.030515,162.2,37.60,311.2,1.02,10
2025-09-18T15:40:37Z,48.745238,2.030408,162.2,34.71,304.4,1.02,10
2025-09-18T15:40:38Z,48.745274,2.030292,162.1,33.58,291.8,1.02,10
2025-09-18T15:40:39Z,48.745287,2.030171,162.1,32.54,274.5,1.02,10
2025-09-18T15:40:40Z,48.745271,2.030050,162.2,33.48,251.9,1.02,10
2025-09-18T15:40:41Z,48.745226,2.029939,162.3,35.37,233.4,1.02,10
2025-09-18T15:40:42Z,48.745169,2.029838,162.5,35.06,227.7,1.02,10
2025-09-18T15:40:43Z,48.745111,2.029745,162.6,33.63,226.2,1.35,9
2025-09-18T15:40:44Z,48.745058,2.029657,162.6,30.93,227.9,1.35,9
2025-09-18T15:40:45Z,48.745015,2.029570,162.7,27.93,235.4,1.02,10
2025-09-18T15:40:46Z,48.744988,2.029477,162.7,26.72,248.7,1.02,10
2025-09-18T15:40:47Z,48.744979,2.029376,162.7,27.35,265.5,1.02,10
2025-09-18T15:40:48Z,48.744991,2.029271,162.7,28.98,284.1,1.02,10
2025-09-18T15:40:49Z,48.745026,2.029169,162.9,31.72,301.9,1.02,10
2025-09-18T15:40:50Z,48.745077,2.029068,162.9,34.30,308.7,1.02,10
2025-09-18T15:40:51Z,48.745140,2.028966,162.8,37.37,314.2,1.02,10
2025-09-18T15:40:52Z,48.745207,2.028858,162.7,39.89,312.7,1.02,10
2025-09-18T15:40:53Z,48.745275,2.028743,162.9,41.78,311.7,1.02,10
2025-09-18T15:40:54Z,48.745343,2.028618,162.8,43.65,309.2,1.02,10
2025-09-18T15:40:55Z,48.745418,2.028485,162.8,46.50,310.2,1.02,10
2025-09-18T15:40:56Z,48.745499,2.028344,162.8,50.84,311.5,1.02,10
2025-09-18T15:40:57Z,48.745587,2.028192,162.9,54.86,311.2,1.02,10
2025-09-18T15:40:58Z,48.745682,2.028029,162.8,58.12,311.2,1.02,10
2025-09-18T15:40:59Z,48.745777,2.027866,162.8,57.43,311.4,1.02,10
2025-09-18T15:41:00Z,48.745875,2.027702,162.6,59.15,312.9,1.02,10
2025-09-18T15:41:01Z,48.745981,2.027538,162.5,61.08,314.8,1.02,10
2025-09-18T15:41:02Z,48.746088,2.027379,162.7,60.13,315.9,1.02,10
2025-09-18T15:41:03Z,48.746193,2.027231,162.6,56.36,317.3,1.02,10
2025-09-18T15:41:04Z,48.746297,2.027087,162.7,56.67,317.7,1.02,10
2025-09-18T15:41:05Z,48.746406,2.026941,162.7,59.25,318.4,1.02,10
2025-09-18T15:41:06Z,48.746517,2.026791,162.7,59.43,318.1,1.02,10
2025-09-18T15:41:07Z,48.746624,2.026648,162.9,56.41,318.8,1.02,10
2025-09-18T15:41:08Z,48.746728,2.026509,162.9,55.49,318.2,1.02,10
2025-09-18T15:41:09Z,48.746828,2.026372,162.8,52.99,317.4,1.02,10
2025-09-18T15:41:10Z,48.746921,2.026244,162.9,49.30,317.9,1.02,10
2025-09-18T15:41:11Z,48.747007,2.026128,163.0,45.04,318.4,1.02,10
2025-09-18T15:41:12Z,48.747081,2.026029,163.0,37.78,318.7,1.02,10
2025-09-18T15:41:13Z,48.747144,2.025947,163.1,31.21,319.4,1.02,10
2025-09-18T15:41:14Z,48.747200,2.025877,163.1,28.08,320.4,1.02,10
2025-09-18T15:41:15Z,48.747250,2.025814,163.4,26.26,320.9,1.02,10
2025-09-18T15:41:16Z,48.747298,2.025751,163.5,25.04,319.3,1.02,10
2025-09-18T15:41:17Z,48.747344,2.025689,163.6,24.34,318.0,1.35,10
2025-09-18T15:41:18Z,48.747389,2.025629,163.5,23.48,317.9,1.35,10
2025-09-18T15:41:19Z,48.747436,2.025571,163.4,23.98,321.0,1.35,10
2025-09-18T15:41:20Z,48.747487,2.025523,163.7,25.04,330.8,1.02,10
2025-09-18T15:41:21Z,48.747547,2.025488,163.8,26.24,340.9,1.02,10
2025-09-18T15:41:22Z,48.747613,2.025475,164.0,27.67,355.4,1.02,10
2025-09-18T15:41:23Z,48.747688,2.025494,164.0,30.89,15.4,1.02,10
2025-09-18T15:41:24Z,48.747763,2.025554,163.7,34.87,34.2,1.02,10
2025-09-18T15:41:25Z,48.747836,2.025654,163.6,41.17,45.6,1.02,10
2025-09-18T15:41:26Z,48.747910,2.025782,163.7,47.13,50.3,1.06,10
2025-09-18T15:41:27Z,48.747990,2.025934,163.6,53.02,52.8,1.06,10
2025-09-18T15:41:28Z,48.748075,2.026107,163.4,58.30,54.0,1.06,9
2025-09-18T15:41:29Z,48.748165,2.026284,162.8,58.30,53.1,1.06,10
2025-09-18T15:41:30Z,48.748252,2.026460,162.5,58.04,53.4,1.06,9
2025-09-18T15:41:31Z,48.748338,2.026635,162.4,57.36,53.7,1.06,10
2025-09-18T15:41:32Z,48.748425,2.026809,162.2,57.45,53.1,1.06,9
2025-09-18T15:41:33Z,48.748515,2.026985,162.0,59.49,52.1,1.06,9
2025-09-18T15:41:34Z,48.748610,2.027165,161.9,61.12,51.8,1.06,9
2025-09-18T15:41:35Z,48.748706,2.027354,161.6,63.88,52.3,1.06,10
2025-09-18T15:41:36Z,48.748808,2.027551,161.6,66.99,52.1,1.06,9
2025-09-18T15:41:37Z,48.748916,2.027756,161.5,70.21,51.2,1.06,9
2025-09-18T15:41:38Z,48.749029,2.027971,161.4,73.73,51.8,1.02,10
2025-09-18T15:41:39Z,48.749142,2.028197,161.3,75.39,53.2,1.02,10
2025-09-18T15:41:40Z,48.749256,2.028424,161.0,75.21,52.8,1.02,10
2025-09-18T15:41:41Z,48.749370,2.028650,160.8,75.21,52.7,1.02,10
2025-09-18T15:41:42Z,48.749480,2.028869,160.5,71.71,52.6,1.02,10
2025-09-18T15:41:43Z,48.749586,2.029077,160.3,68.38,52.5,1.02,10
2025-09-18T15:41:44Z,48.749690,2.029283,160.3,68.80,52.6,1.06,10
2025-09-18T15:41:45Z,48.749793,2.029488,160.1,68.02,52.7,1.06,9
2025-09-18T15:41:46Z,48.749897,2.029692,159.8,67.97,52.4,1.06,9
2025-09-18T15:41:47Z,48.749999,2.029895,159.5,67.19,52.8,1.02,10
2025-09-18T15:41:48Z,48.750104,2.030104,159.3,70.39,52.9,1.02,10
2025-09-18T15:41:49Z,48.750212,2.030321,159.3,72.49,53.6,1.02,10
2025-09-18T15:41:50Z,48.750321,2.030546,159.1,74.60,53.5,1.02,10
2025-09-18T15:41:51Z,48.750435,2.030776,158.9,76.49,53.0,1.02,10
2025-09-18T15:41:52Z,48.750552,2.031009,158.6,77.69,52.9,1.02,10
2025-09-18T15:41:53Z,48.750672,2.031247,158.5,79.91,52.2,1.02,10
2025-09-18T15:41:54Z,48.750794,2.031489,158.6,80.58,53.1,1.02,10
2025-09-18T15:41:55Z,48.750916,2.031730,158.5,80.27,52.5,1.02,10
2025-09-18T15:41:56Z,48.751036,2.031970,158.3,79.04,52.8,1.02,10
2025-09-18T15:41:57Z,48.751155,2.032204,157.9,77.54,52.5,1.02,10
2025-09-18T15:41:58Z,48.751274,2.032435,157.6,77.08,52.0,1.02,10
2025-09-18T15:41:59Z,48.751392,2.032663,157.3,76.69,51.9,1.02,10
2025-09-18T15:42:00Z,48.751510,2.032892,157.2,76.67,52.3,1.02,10
2025-09-18T15:42:01Z,48.751625,2.033117,156.9,74.52,52.3,1.02,10
2025-09-18T15:42:02Z,48.751735,2.033332,156.6,71.02,52.2,1.02,10
2025-09-18T15:42:03Z,48.751841,2.033543,156.3,70.10,52.9,1.02,10
2025-09-18T15:42:04Z,48.751946,2.033755,156.2,69.69,53.0,1.02,10
2025-09-18T15:42:05Z,48.752050,2.033965,156.0,69.34,53.1,1.02,10
2025-09-18T15:42:06Z,48.752153,2.034171,155.9,67.75,52.7,1.02,10
2025-09-18T15:42:07Z,48.752255,2.034367,155.8,65.39,51.7,1.02,10
2025-09-18T15:42:08Z,48.752355,2.034557,155.7,63.63,51.4,1.02,10
2025-09-18T15:42:09Z,48.752452,2.034745,155.4,62.62,52.3,1.04,9
2025-09-18T15:42:10Z,48.752549,2.034934,154.7,63.56,52.5,1.10,9
2025-09-18T15:42:11Z,48.752651,2.035130,154.0,66.58,51.8,1.10,8
2025-09-18T15:42:12Z,48.752755,2.035332,153.4,68.23,51.9,1.10,8
2025-09-18T15:42:13Z,48.752858,2.035535,152.6,67.52,52.7,1.04,9
2025-09-18T15:42:14Z,48.752961,2.035739,152.0,67.88,52.7,1.02,10
2025-09-18T15:42:15Z,48.753063,2.035942,151.3,67.28,52.9,1.02,10
2025-09-18T15:42:16Z,48.753161,2.036142,151.2,65.13,53.5,1.02,10
2025-09-18T15:42:17Z,48.753256,2.036332,150.8,62.30,52.6,1.06,9
2025-09-18T15:42:18Z,48.753348,2.036518,150.4,61.06,52.7,1.06,9
2025-09-18T15:42:19Z,48.753440,2.036696,150.0,59.28,52.0,1.06,9
2025-09-18T15:42:20Z,48.753530,2.036874,149.7,59.02,52.5,1.06,10
2025-09-18T15:42:21Z,48.753618,2.037053,149.8,58.99,53.2,1.06,9
2025-09-18T15:42:22Z,48.753705,2.037234,149.6,59.32,54.1,1.06,9
2025-09-18T15:42:23Z,48.753793,2.037409,150.1,58.25,52.9,1.02,10
2025-09-18T15:42:24Z,48.753881,2.037585,150.6,58.62,53.3,1.02,10
2025-09-18T15:42:25Z,48.753966,2.037752,150.8,54.39,52.1,1.02,10
2025-09-18T15:42:26Z,48.754045,2.037904,151.6,49.65,52.0,1.06,10
2025-09-18T15:42:27Z,48.754114,2.038044,152.2,44.32,53.5,1.06,9
2025-09-18T15:42:28Z,48.754173,2.038175,153.2,41.76,57.2,1.06,9
2025-09-18T15:42:29Z,48.754217,2.038324,154.0,44.61,68.5,1.30,9
2025-09-18T15:42:30Z,48.754235,2.038498,155.1,48.30,82.4,1.30,8
2025-09-18T15:42:31Z,48.754227,2.038696,156.1,55.04,95.5,1.30,7
2025-09-18T15:42:32Z,48.754201,2.038898,156.7,54.12,102.2,1.30,7
2025-09-18T15:42:33Z,48.754175,2.039083,158.1,49.39,102.3,1.30,8
2025-09-18T15:42:34Z,48.754147,2.039253,159.3,45.50,105.2,1.30,8
2025-09-18T15:42:35Z,48.754130,2.039420,161.3,46.00,99.0,1.30,8
2025-09-18T15:42:36Z,48.754112,2.039589,163.0,45.56,99.1,1.30,8
2025-09-18T15:42:37Z,48.754094,2.039760,164.3,46.84,98.5,1.30,9
2025-09-18T15:42:38Z,48.754080,2.039939,164.9,47.82,97.0,1.30,8
2025-09-18T15:42:39Z,48.754074,2.040119,166.0,47.86,91.7,1.30,8
2025-09-18T15:42:40Z,48.754078,2.040295,167.5,46.80,86.7,1.30,8
2025-09-18T15:42:41Z,48.754089,2.040463,168.1,43.95,83.1,1.30,8
2025-09-18T15:42:42Z,48.754110,2.040617,169.1,40.58,76.6,1.16,9
2025-09-18T15:42:43Z,48.754140,2.040761,169.7,39.21,70.7,1.16,8
2025-09-18T15:42:44Z,48.754179,2.040894,169.9,38.04,63.8,1.14,9
2025-09-18T15:42:45Z,48.754219,2.041009,169.8,34.41,58.4,1.19,9
2025-09-18T15:42:46Z,48.754257,2.041107,169.9,29.93,54.7,1.19,9
2025-09-18T15:42:47Z,48.754292,2.041192,169.4,26.32,53.6,1.29,9
2025-09-18T15:42:48Z,48.754328,2.041269,169.6,24.61,55.6,1.10,10
2025-09-18T15:42:49Z,48.754360,2.041344,170.0,23.67,56.9,1.10,10
2025-09-18T15:42:50Z,48.754391,2.041421,170.2,24.11,58.2,1.06,10
2025-09-18T15:42:51Z,48.754430,2.041498,170.3,26.06,52.1,1.16,10
2025-09-18T15:42:52Z,48.754471,2.041567,170.3,23.96,46.0,1.29,10
2025-09-18T15:42:53Z,48.754510,2.041621,170.3,21.02,39.2,1.16,8
2025-09-18T15:42:54Z,48.754553,2.041675,170.0,24.09,38.6,1.16,8
2025-09-18T15:42:55Z,48.754600,2.041753,169.5,30.28,47.7,1.16,8
2025-09-18T15:42:56Z,48.754649,2.041838,169.4,29.74,48.4,1.16,9
2025-09-18T15:42:57Z,48.754706,2.041903,169.4,28.82,32.4,1.16,9
2025-09-18T15:42:58Z,48.754770,2.041915,169.3,27.08,6.3,1.14,10
2025-09-18T15:42:59Z,48.754832,2.041886,169.5,26.85,344.3,1.14,10
2025-09-18T15:43:00Z,48.754893,2.041823,170.3,32.50,324.6,1.02,10
2025-09-18T15:43:01Z,48.754962,2.041752,170.9,35.30,326.5,1.02,10
2025-09-18T15:43:02Z,48.755044,2.041685,171.1,39.32,333.3,1.35,10
2025-09-18T15:43:03Z,48.755137,2.041619,170.6,42.11,335.8,1.02,10
2025-09-18T15:43:04Z,48.755230,2.041548,170.8,42.34,332.1,1.02,10
2025-09-18T15:43:05Z,48.755339,2.041479,170.4,46.21,337.1,1.02,10
2025-09-18T15:43:06Z,48.755445,2.041419,171.1,45.84,340.6,1.02,10
2025-09-18T15:43:07Z,48.755551,2.041369,171.7,44.82,343.6,1.02,10
2025-09-18T15:43:08Z,48.755656,2.041329,172.9,44.28,346.9,1.35,10
2025-09-18T15:43:09Z,48.755742,2.041294,175.1,38.19,345.0,1.02,10
2025-09-18T15:43:10Z,48.755831,2.041270,176.8,36.76,351.8,1.07,10
2025-09-18T15:43:11Z,48.755919,2.041259,178.8,36.76,356.9,1.07,9
2025-09-18T15:43:12Z,48.756029,2.041261,179.5,42.21,1.9,1.07,9
2025-09-18T15:43:13Z,48.756145,2.041273,179.3,41.00,6.7,1.02,10
2025-09-18T15:43:14Z,48.756244,2.041287,180.6,38.48,7.2,1.13,9
2025-09-18T15:43:15Z,48.756347,2.041321,180.8,38.78,13.8,1.19,9
2025-09-18T15:43:16Z,48.756450,2.041373,180.9,38.89,21.1,1.02,10
2025-09-18T15:43:17Z,48.756548,2.041427,181.1,38.19,21.1,1.02,10
2025-09-18T15:43:18Z,48.756664,2.041484,179.2,42.89,21.8,1.13,10
2025-09-18T15:43:19Z,48.756763,2.041552,180.4,44.00,24.7,1.13,9
2025-09-18T15:43:20Z,48.756870,2.041632,181.7,48.39,26.9,1.25,9
2025-09-18T15:43:21Z,48.756977,2.041711,182.9,47.39,25.5,1.25,8
2025-09-18T15:43:22Z,48.757077,2.041780,184.2,44.10,26.0,1.07,9
2025-09-18T15:43:23Z,48.757166,2.041854,185.0,40.34,28.7,1.07,9
2025-09-18T15:43:24Z,48.757261,2.041933,185.7,41.73,29.3,1.02,10
2025-09-18T15:43:25Z,48.757334,2.041992,187.0,31.00,27.2,1.13,10
2025-09-18T15:43:26Z,48.757410,2.042033,189.5,32.02,20.2,1.13,9
2025-09-18T15:43:27Z,48.757511,2.042108,187.8,37.67,28.7,1.02,10
2025-09-18T15:43:28Z,48.757613,2.042187,185.0,38.73,27.9,1.02,10
2025-09-18T15:43:29Z,48.757697,2.042260,185.0,37.11,30.7,1.19,10
2025-09-18T15:43:30Z,48.757794,2.042326,184.9,36.65,24.4,1.13,9
2025-09-18T15:43:31Z,48.757882,2.042384,184.6,35.74,22.6,1.04,10
2025-09-18T15:43:32Z,48.757962,2.042450,182.7,29.82,29.0,1.02,10
2025-09-18T15:43:33Z,48.758028,2.042509,180.8,26.47,29.1,1.02,10
2025-09-18T15:43:34Z,48.758100,2.042572,180.1,27.91,28.7,1.02,10
2025-09-18T15:43:35Z,48.758155,2.042607,180.1,21.41,21.0,1.02,10
2025-09-18T15:43:36Z,48.758211,2.042647,178.8,22.34,23.4,1.02,10
2025-09-18T15:43:37Z,48.758266,2.042691,178.8,22.91,25.1,1.04,10
2025-09-18T15:43:38Z,48.758304,2.042724,178.6,15.91,26.2,1.02,10
2025-09-18T15:43:39Z,48.758336,2.042766,178.0,11.32,32.3,1.02,10
2025-09-18T15:43:40Z,48.758364,2.042809,177.0,6.91,36.2,1.02,10
2025-09-18T15:43:41Z,48.758375,2.042831,176.9,3.30,36.9,1.02,10
2025-09-18T15:43:42Z,48.758388,2.042849,176.1,4.44,34.2,1.02,10
2025-09-18T15:43:43Z,48.758406,2.042868,175.5,8.67,35.1,1.02,10
2025-09-18T15:43:44Z,48.758434,2.042894,175.4,12.32,32.7,1.02,10
2025-09-18T15:43:45Z,48.758469,2.042924,175.4,16.06,30.3,1.02,10
2025-09-18T15:43:46Z,48.758509,2.042963,175.5,17.72,31.1,1.02,10
2025-09-18T15:43:47Z,48.758545,2.043003,174.9,17.43,34.6,1.02,10
2025-09-18T15:43:48Z,48.758586,2.043048,174.0,17.87,35.2,1.02,10
2025-09-18T15:43:49Z,48.758624,2.043090,173.3,18.80,33.3,1.07,10
2025-09-18T15:43:50Z,48.758668,2.043133,173.1,21.28,32.1,1.07,10
2025-09-18T15:43:51Z,48.758718,2.043185,172.4,24.89,32.5,1.07,9
2025-09-18T15:43:52Z,48.758774,2.043243,171.8,26.41,33.5,1.07,9
2025-09-18T15:43:53Z,48.758828,2.043296,171.5,24.89,30.9,1.02,10
2025-09-18T15:43:54Z,48.758883,2.043343,171.2,25.74,27.3,1.02,10
2025-09-18T15:43:55Z,48.758937,2.043380,171.2,23.28,23.1,1.02,10
2025-09-18T15:43:56Z,48.758992,2.043417,170.6,24.67,22.6,1.02,10
2025-09-18T15:43:57Z,48.759068,2.043473,170.5,36.61,25.6,1.02,10
2025-09-18T15:43:58Z,48.759163,2.043547,170.4,45.43,27.2,1.02,10
2025-09-18T15:43:59Z,48.759271,2.043630,170.4,49.02,27.1,1.13,9
2025-09-18T15:44:00Z,48.759387,2.043729,170.4,55.08,29.9,1.13,9
2025-09-18T15:44:01Z,48.759510,2.043825,170.8,55.04,25.9,1.02,10
2025-09-18T15:44:02Z,48.759617,2.043915,171.0,48.76,28.7,1.02,10
2025-09-18T15:44:03Z,48.759723,2.044000,171.3,47.97,27.8,1.19,10
2025-09-18T15:44:04Z,48.759822,2.044077,172.8,45.37,26.8,1.13,9
2025-09-18T15:44:05Z,48.759918,2.044144,174.7,42.63,24.7,1.13,9
2025-09-18T15:44:06Z,48.760019,2.044236,174.5,44.52,29.6,1.02,10
2025-09-18T15:44:07Z,48.760113,2.044301,175.1,41.06,22.0,1.02,10
2025-09-18T15:44:08Z,48.760188,2.044347,176.6,31.82,21.3,1.07,9
2025-09-18T15:44:09Z,48.760276,2.044387,178.4,37.60,15.8,1.25,8
2025-09-18T15:44:10Z,48.760392,2.044443,179.1,45.47,13.7,1.25,8
2025-09-18T15:44:11Z,48.760503,2.044471,178.6,45.19,5.6,1.02,10
2025-09-18T15:44:12Z,48.760613,2.044501,179.5,44.74,6.7,1.07,10
2025-09-18T15:44:13Z,48.760711,2.044504,181.5,39.13,357.1,1.07,9
2025-09-18T15:44:14Z,48.760755,2.044472,184.3,24.26,347.3,1.07,9
2025-09-18T15:44:15Z,48.760839,2.044452,185.2,30.35,342.4,1.35,10
2025-09-18T15:44:16Z,48.760929,2.044430,186.5,33.63,345.4,1.35,10
2025-09-18T15:44:17Z,48.761025,2.044416,187.3,34.24,347.4,1.35,10
2025-09-18T15:44:18Z,48.761129,2.044383,187.4,39.02,341.2,1.35,10
2025-09-18T15:44:19Z,48.761231,2.044358,188.1,38.84,345.0,1.35,9
2025-09-18T15:44:20Z,48.761329,2.044327,191.1,42.17,345.1,1.35,9
2025-09-18T15:44:21Z,48.761454,2.044293,192.6,50.87,348.3,1.25,8
2025-09-18T15:44:22Z,48.761614,2.044258,190.2,52.95,349.4,1.30,9
2025-09-18T15:44:23Z,48.761756,2.044232,188.8,48.58,349.1,1.25,9
2025-09-18T15:44:24Z,48.761865,2.044210,189.1,40.32,348.5,1.25,8
2025-09-18T15:44:25Z,48.761973,2.044240,187.9,31.10,356.8,1.16,9
2025-09-18T15:44:26Z,48.762085,2.044319,184.8,26.24,13.8,1.29,10
2025-09-18T15:44:27Z,48.762157,2.044400,183.4,24.76,43.2,1.04,10
2025-09-18T15:44:28Z,48.762209,2.044494,182.0,29.17,64.0,1.13,10
2025-09-18T15:44:29Z,48.762249,2.044617,181.4,35.11,73.0,1.07,9
2025-09-18T15:44:30Z,48.762284,2.044786,180.5,46.86,79.2,1.29,8
2025-09-18T15:44:31Z,48.762321,2.044994,179.6,56.69,79.8,1.29,8
2025-09-18T15:44:32Z,48.762351,2.045212,179.1,56.67,80.2,1.19,8
2025-09-18T15:44:33Z,48.762380,2.045430,178.3,56.67,80.8,1.29,8
2025-09-18T15:44:34Z,48.762411,2.045652,177.8,58.02,80.9,1.10,8
2025-09-18T15:44:35Z,48.762436,2.045888,177.2,63.13,82.9,1.29,8
2025-09-18T15:44:36Z,48.762463,2.046143,177.0,69.15,82.2,1.10,8
2025-09-18T15:44:37Z,48.762495,2.046415,176.7,72.65,80.7,1.10,8
2025-09-18T15:44:38Z,48.762530,2.046680,177.0,70.30,79.8,1.04,9
2025-09-18T15:44:39Z,48.762565,2.046944,176.8,69.45,79.0,2.32,7
2025-09-18T15:44:40Z,48.762600,2.047198,176.9,67.75,78.5,1.29,7
2025-09-18T15:44:41Z,48.762640,2.047455,176.7,69.04,77.3,1.29,7
2025-09-18T15:44:42Z,48.762679,2.047718,176.6,70.52,77.3,1.29,7
2025-09-18T15:44:43Z,48.762716,2.047969,176.6,65.49,78.4,1.29,7
2025-09-18T15:44:44Z,48.762748,2.048203,176.3,60.60,78.6,1.29,8
2025-09-18T15:44:45Z,48.762779,2.048420,176.2,56.04,77.9,1.19,9
2025-09-18T15:44:46Z,48.762813,2.048624,176.4,54.54,75.7,1.19,9
2025-09-18T15:44:47Z,48.762852,2.048821,176.5,52.99,73.5,1.19,8
2025-09-18T15:44:48Z,48.762880,2.049002,177.8,47.78,78.3,1.29,7
2025-09-18T15:44:49Z,48.762898,2.049174,177.6,43.65,80.5,1.29,7
2025-09-18T15:44:50Z,48.762910,2.049332,177.0,39.41,82.6,1.10,9
2025-09-18T15:44:51Z,48.762920,2.049478,176.9,37.15,84.8,1.07,9
2025-09-18T15:44:52Z,48.762926,2.049617,176.4,35.32,86.7,1.10,9
2025-09-18T15:44:53Z,48.762930,2.049747,175.6,32.22,88.2,1.10,9
2025-09-18T15:44:54Z,48.762933,2.049861,175.3,27.78,88.5,1.10,8
2025-09-18T15:44:55Z,48.762931,2.049958,174.8,23.48,90.3,1.07,9
2025-09-18T15:44:56Z,48.762930,2.050041,174.4,19.96,89.8,1.07,9
2025-09-18T15:44:57Z,48.762931,2.050111,174.0,16.83,88.0,1.07,9
2025-09-18T15:44:58Z,48.762931,2.050169,173.6,13.93,89.0,1.07,9
2025-09-18T15:44:59Z,48.762931,2.050212,173.2,9.48,89.0,1.07,9
2025-09-18T15:45:00Z,48.762932,2.050238,173.0,4.67,91.2,1.07,9
2025-09-18T15:45:01Z,48.762931,2.050255,172.9,4.02,96.5,1.82,8
2025-09-18T15:45:02Z,48.762930,2.050269,173.1,3.43,96.8,1.07,9
2025-09-18T15:45:03Z,48.762926,2.050282,173.0,3.11,100.1,1.82,8
2025-09-18T15:46:09Z,48.762896,2.050325,169.6,9.11,97.8,0.88,10
2025-09-18T15:46:10Z,48.762893,2.050392,170.1,20.87,97.5,0.88,10
2025-09-18T15:46:11Z,48.762890,2.050494,170.0,29.39,90.8,0.88,10
2025-09-18T15:46:12Z,48.762907,2.050605,170.5,30.35,72.9,0.93,9
2025-09-18T15:46:13Z,48.762954,2.050702,170.8,32.87,47.1,0.88,10
2025-09-18T15:46:14Z,48.763036,2.050776,172.0,39.71,27.4,0.93,9
2025-09-18T15:46:15Z,48.763133,2.050838,171.7,45.10,19.9,1.28,9
2025-09-18T15:46:16Z,48.763241,2.050901,171.8,48.02,20.8,1.28,8
2025-09-18T15:46:17Z,48.763358,2.050980,171.7,52.87,24.4,1.18,9
2025-09-18T15:46:18Z,48.763482,2.051069,171.7,56.47,25.2,1.13,10
2025-09-18T15:46:19Z,48.763610,2.051159,171.5,56.25,24.3,1.13,9
2025-09-18T15:46:20Z,48.763742,2.051255,171.1,58.52,25.3,1.28,8
2025-09-18T15:46:21Z,48.763874,2.051357,170.9,60.50,27.5,1.16,8
2025-09-18T15:46:22Z,48.764009,2.051471,170.5,61.86,29.4,0.93,9
2025-09-18T15:46:23Z,48.764144,2.051592,170.1,63.19,30.8,1.16,8
2025-09-18T15:46:24Z,48.764282,2.051720,169.9,64.86,31.9,1.16,8
2025-09-18T15:46:25Z,48.764421,2.051850,169.6,65.54,31.2,1.28,7
2025-09-18T15:46:26Z,48.764556,2.051982,169.5,63.75,33.3,1.28,7
2025-09-18T15:46:27Z,48.764707,2.052113,169.2,70.99,29.6,1.28,7
2025-09-18T15:46:28Z,48.764856,2.052249,169.2,69.23,31.3,1.28,8
2025-09-18T15:46:29Z,48.765002,2.052383,168.9,67.67,31.3,1.10,9
2025-09-18T15:46:30Z,48.765145,2.052514,168.7,66.39,31.1,1.10,9
2025-09-18T15:46:31Z,48.765289,2.052641,168.2,66.38,29.9,1.10,8
2025-09-18T15:46:32Z,48.765436,2.052760,168.0,66.95,27.2,1.10,9
2025-09-18T15:46:33Z,48.765588,2.052876,167.4,67.71,26.4,1.10,8
2025-09-18T15:46:34Z,48.765740,2.052988,167.3,67.86,25.8,1.10,8
2025-09-18T15:46:35Z,48.765896,2.053095,167.0,68.64,23.9,1.28,7
2025-09-18T15:46:36Z,48.766056,2.053195,166.8,69.64,21.8,1.06,9
2025-09-18T15:46:37Z,48.766219,2.053290,166.5,69.78,20.5,1.28,8
2025-09-18T15:46:38Z,48.766376,2.053376,166.4,65.82,19.8,1.28,8
2025-09-18T15:46:39Z,48.766524,2.053455,166.1,61.23,19.3,1.28,8
2025-09-18T15:46:40Z,48.766659,2.053521,166.4,56.19,17.2,1.06,9
2025-09-18T15:46:41Z,48.766788,2.053571,166.4,51.80,13.7,1.28,8
2025-09-18T15:46:42Z,48.766907,2.053610,166.0,46.82,11.3,1.18,9
2025-09-18T15:46:43Z,48.767015,2.053644,165.6,42.15,11.7,1.18,9
2025-09-18T15:46:44Z,48.767107,2.053672,166.0,36.02,12.8,1.13,9
2025-09-18T15:46:45Z,48.767181,2.053695,166.9,29.28,11.8,1.04,10
2025-09-18T15:46:46Z,48.767242,2.053714,167.3,23.45,11.5,1.02,10
2025-09-18T15:46:47Z,48.767291,2.053730,167.1,17.17,13.0,1.02,10
2025-09-18T15:46:48Z,48.767331,2.053750,167.3,17.09,17.9,1.02,10
2025-09-18T15:46:49Z,48.767378,2.053795,166.6,20.93,34.9,1.02,10
2025-09-18T15:46:50Z,48.767416,2.053857,166.3,21.34,52.3,1.02,10
2025-09-18T15:46:51Z,48.767446,2.053919,166.1,19.58,53.5,1.07,9
2025-09-18T15:46:52Z,48.767477,2.053969,165.9,17.39,47.8,1.02,10
2025-09-18T15:46:53Z,48.767512,2.054001,166.0,16.37,35.8,1.02,10
2025-09-18T15:46:54Z,48.767553,2.054012,166.2,17.69,11.0,1.02,10
2025-09-18T15:46:55Z,48.767604,2.054005,166.6,22.52,352.5,1.02,11
2025-09-18T15:46:56Z,48.767664,2.053993,166.3,23.95,352.1,1.02,11
2025-09-18T15:46:57Z,48.767721,2.053987,166.5,22.41,357.1,1.02,11
2025-09-18T15:46:58Z,48.767786,2.053998,166.0,25.30,8.9,1.02,11
2025-09-18T15:46:59Z,48.767848,2.054022,166.2,25.26,16.5,1.02,10
2025-09-18T15:47:00Z,48.767914,2.054051,166.0,27.17,16.8,1.02,10
2025-09-18T15:47:01Z,48.767983,2.054077,165.9,28.26,14.7,1.02,10
2025-09-18T15:47:02Z,48.768054,2.054102,166.1,29.48,13.5,1.02,10
2025-09-18T15:47:03Z,48.768124,2.054124,166.7,29.28,12.0,1.02,10
2025-09-18T15:47:04Z,48.768198,2.054148,167.2,30.82,12.6,1.08,9
2025-09-18T15:47:05Z,48.768279,2.054176,167.3,33.21,12.4,1.02,10
2025-09-18T15:47:06Z,48.768367,2.054207,167.5,36.37,13.7,1.02,10
2025-09-18T15:47:07Z,48.768466,2.054244,167.7,41.78,13.8,1.04,10
2025-09-18T15:47:08Z,48.768579,2.054290,167.3,46.97,15.3,1.13,10
2025-09-18T15:47:09Z,48.768702,2.054349,166.5,51.32,18.0,1.18,9
2025-09-18T15:47:10Z,48.768834,2.054422,166.0,56.58,20.1,1.16,8
2025-09-18T15:47:11Z,48.768975,2.054510,165.2,62.10,23.0,1.28,8
2025-09-18T15:47:12Z,48.769122,2.054623,164.3,66.06,28.1,1.28,7
2025-09-18T15:47:13Z,48.769279,2.054773,163.3,76.21,33.1,1.28,7
2025-09-18T15:47:14Z,48.769447,2.054955,162.2,83.38,36.7,1.28,7
2025-09-18T15:47:15Z,48.769607,2.055143,161.7,79.54,37.8,1.28,7
2025-09-18T15:47:16Z,48.769759,2.055316,161.5,74.21,36.5,1.16,8
2025-09-18T15:47:17Z,48.769903,2.055471,161.6,68.67,35.0,1.16,8
2025-09-18T15:47:18Z,48.770041,2.055602,161.8,63.62,31.0,1.16,8
2025-09-18T15:47:19Z,48.770172,2.055697,162.1,56.25,23.1,1.16,8
2025-09-18T15:47:20Z,48.770286,2.055752,162.5,45.26,14.3,1.16,8
2025-09-18T15:47:21Z,48.770373,2.055782,162.4,31.10,11.2,1.13,9
2025-09-18T15:47:22Z,48.770436,2.055813,162.4,23.50,19.2,1.02,10
2025-09-18T15:47:23Z,48.770494,2.055865,161.8,26.54,34.1,1.02,10
2025-09-18T15:47:24Z,48.770549,2.055955,161.6,33.82,51.7,1.02,10
2025-09-18T15:47:25Z,48.770605,2.056078,161.3,40.65,57.9,1.02,10
2025-09-18T15:47:26Z,48.770667,2.056201,161.5,41.00,50.8,0.88,10
2025-09-18T15:47:27Z,48.770744,2.056302,161.6,40.02,37.7,0.88,10
2025-09-18T15:47:28Z,48.770835,2.056369,162.0,39.89,22.1,0.93,9
2025-09-18T15:47:29Z,48.770933,2.056403,162.0,40.28,9.5,1.18,10
2025-09-18T15:47:30Z,48.771031,2.056399,162.4,39.45,354.5,1.13,9
2025-09-18T15:47:31Z,48.771130,2.056348,163.0,42.98,336.8,1.13,9
2025-09-18T15:47:32Z,48.771220,2.056254,163.1,43.93,322.0,1.13,10
2025-09-18T15:47:33Z,48.771279,2.056128,162.0,42.48,301.9,1.13,10
2025-09-18T15:47:34Z,48.771319,2.055981,160.7,43.47,286.0,1.02,10
2025-09-18T15:47:35Z,48.771332,2.055819,159.6,44.69,270.9,1.02,10
2025-09-18T15:47:36Z,48.771314,2.055651,159.0,47.65,254.6,1.02,10
2025-09-18T15:47:37Z,48.771285,2.055472,158.4,50.56,255.2,0.83,11
2025-09-18T15:47:38Z,48.771281,2.055277,157.6,52.82,271.1,1.07,9
2025-09-18T15:47:39Z,48.771313,2.055070,157.0,58.65,286.7,1.02,10
2025-09-18T15:47:40Z,48.771371,2.054852,156.7,64.04,293.7,1.02,10
2025-09-18T15:47:41Z,48.771438,2.054629,156.1,64.95,294.7,1.02,10
2025-09-18T15:47:42Z,48.771504,2.054401,155.7,66.62,293.3,1.02,10
2025-09-18T15:47:43Z,48.771570,2.054169,155.1,66.97,292.9,1.13,9
2025-09-18T15:47:44Z,48.771634,2.053935,154.7,66.95,292.0,1.13,9
2025-09-18T15:47:45Z,48.771698,2.053699,154.2,67.56,292.3,1.13,9
2025-09-18T15:47:46Z,48.771763,2.053465,153.8,67.38,293.0,1.13,9
2025-09-18T15:47:47Z,48.771828,2.053230,153.4,67.49,292.7,1.13,9
2025-09-18T15:47:48Z,48.771893,2.052996,153.0,67.32,292.7,0.83,11
2025-09-18T15:47:49Z,48.771959,2.052762,152.8,67.49,293.2,1.02,10
2025-09-18T15:47:50Z,48.772024,2.052528,152.7,66.95,292.7,1.02,10
2025-09-18T15:47:51Z,48.772090,2.052294,152.7,67.75,293.4,1.02,10
2025-09-18T15:47:52Z,48.772158,2.052056,152.7,68.89,293.1,1.02,10
2025-09-18T15:47:53Z,48.772224,2.051813,152.7,69.71,292.3,1.02,10
2025-09-18T15:47:54Z,48.772291,2.051567,153.0,70.69,292.8,1.02,10
2025-09-18T15:47:55Z,48.772360,2.051315,153.0,72.78,292.1,1.02,10
2025-09-18T15:47:56Z,48.772428,2.051047,153.0,77.69,291.0,1.02,10
2025-09-18T15:47:57Z,48.772500,2.050765,153.1,80.86,291.5,1.02,10
2025-09-18T15:47:58Z,48.772574,2.050489,153.2,77.67,292.0,1.02,10
2025-09-18T15:47:59Z,48.772647,2.050231,153.4,72.77,293.0,1.02,10
2025-09-18T15:48:00Z,48.772721,2.049989,153.9,69.82,294.7,1.02,10
2025-09-18T15:48:01Z,48.772787,2.049751,153.9,67.71,292.5,1.02,10
2025-09-18T15:48:02Z,48.772852,2.049519,153.9,66.43,293.4,1.02,10
2025-09-18T15:48:03Z,48.772916,2.049289,153.9,65.43,292.8,1.02,10
2025-09-18T15:48:04Z,48.772979,2.049064,153.7,64.52,293.2,1.02,10
2025-09-18T15:48:05Z,48.773042,2.048841,153.9,63.95,293.0,1.02,10
2025-09-18T15:48:06Z,48.773102,2.048620,153.9,63.02,292.4,1.02,10
2025-09-18T15:48:07Z,48.773161,2.048401,153.8,62.34,292.3,1.02,10
2025-09-18T15:48:08Z,48.773223,2.048185,153.9,62.21,293.8,1.02,10
2025-09-18T15:48:09Z,48.773283,2.047972,153.8,60.80,293.2,1.02,10
2025-09-18T15:48:10Z,48.773340,2.047770,153.9,57.26,293.3,1.02,10
2025-09-18T15:48:11Z,48.773395,2.047576,154.1,55.15,293.5,1.02,10
2025-09-18T15:48:12Z,48.773449,2.047391,154.3,52.93,293.8,1.02,10
2025-09-18T15:48:13Z,48.773496,2.047220,154.0,47.78,293.8,1.02,10
2025-09-18T15:48:14Z,48.773542,2.047059,154.1,45.63,292.6,1.02,10
2025-09-18T15:48:15Z,48.773584,2.046902,154.0,44.28,292.5,1.02,10
2025-09-18T15:48:16Z,48.773625,2.046755,154.0,41.73,293.4,1.02,10
2025-09-18T15:48:17Z,48.773663,2.046619,154.0,37.98,294.3,1.08,10
2025-09-18T15:48:18Z,48.773698,2.046502,154.1,32.24,294.7,1.08,10
2025-09-18T15:48:19Z,48.773728,2.046395,154.1,29.85,293.4,1.08,10
2025-09-18T15:48:20Z,48.773759,2.046299,154.3,27.84,295.8,1.02,10
2025-09-18T15:48:21Z,48.773789,2.046208,154.4,26.37,295.8,1.02,10
2025-09-18T15:48:22Z,48.773815,2.046124,154.6,24.09,295.9,1.02,10
2025-09-18T15:48:23Z,48.773836,2.046053,154.6,19.45,296.1,1.02,10
2025-09-18T15:48:24Z,48.773857,2.045998,154.7,16.26,300.6,1.02,10
2025-09-18T15:48:25Z,48.773885,2.045946,154.9,18.80,311.4,1.02,10
2025-09-18T15:48:26Z,48.773931,2.045897,154.8,24.76,329.1,1.02,10
2025-09-18T15:48:27Z,48.774000,2.045868,155.2,31.24,349.0,1.02,10
2025-09-18T15:48:28Z,48.774082,2.045871,155.3,34.00,6.7,1.02,10
2025-09-18T15:48:29Z,48.774165,2.045902,155.3,35.11,17.1,1.02,10
2025-09-18T15:48:30Z,48.774252,2.045951,155.4,38.56,21.7,1.28,7
2025-09-18T15:48:31Z,48.774349,2.046011,155.3,42.61,23.3,1.27,8
2025-09-18T15:48:32Z,48.774442,2.046073,156.2,41.43,23.2,1.15,8
2025-09-18T15:48:33Z,48.774535,2.046122,157.0,39.80,18.0,1.13,9
2025-09-18T15:48:34Z,48.774629,2.046141,158.2,40.04,5.0,1.13,9
2025-09-18T15:48:35Z,48.774735,2.046138,158.6,42.26,355.6,1.13,9
2025-09-18T15:48:36Z,48.774838,2.046122,158.4,39.24,351.3,1.13,10
2025-09-18T15:48:37Z,48.774928,2.046101,158.9,35.65,351.2,1.13,10
2025-09-18T15:48:38Z,48.775011,2.046076,159.3,33.71,348.2,1.13,9
2025-09-18T15:48:39Z,48.775101,2.046053,159.5,36.47,349.8,1.13,9
2025-09-18T15:48:40Z,48.775185,2.046019,160.3,36.34,344.7,1.13,9
2025-09-18T15:48:41Z,48.775275,2.045978,160.8,37.85,342.7,1.25,8
2025-09-18T15:48:42Z,48.775371,2.045934,160.6,39.52,342.4,1.15,8
2025-09-18T15:48:43Z,48.775464,2.045904,160.5,36.47,349.3,1.27,7
2025-09-18T15:48:44Z,48.775553,2.045893,160.3,34.04,357.8,1.27,7
2025-09-18T15:48:45Z,48.775630,2.045898,160.6,30.34,5.3,1.68,6
2025-09-18T15:48:46Z,48.775701,2.045920,160.7,27.58,13.4,1.68,6
2025-09-18T15:48:47Z,48.775771,2.045955,159.8,27.13,19.5,1.68,6
2025-09-18T15:48:48Z,48.775832,2.045993,159.7,24.87,23.6,1.68,6
2025-09-18T15:48:49Z,48.775889,2.046035,159.0,23.04,26.8,1.27,7
2025-09-18T15:48:50Z,48.775949,2.046103,157.5,26.22,39.5,1.27,7
2025-09-18T15:48:51Z,48.776000,2.046197,156.7,30.48,57.5,1.15,8
2025-09-18T15:48:52Z,48.776046,2.046301,156.5,32.98,57.1,1.07,10
2025-09-18T15:48:53Z,48.776104,2.046394,156.5,33.87,43.1,1.07,10
2025-09-18T15:48:54Z,48.776179,2.046455,156.2,33.69,21.9,1.18,8
2025-09-18T15:48:55Z,48.776255,2.046469,156.6,29.59,0.6,1.13,10
2025-09-18T15:48:56Z,48.776314,2.046452,157.2,22.24,346.8,0.88,10
2025-09-18T15:48:57Z,48.776361,2.046426,157.6,19.69,338.0,1.02,10
2025-09-18T15:48:58Z,48.776404,2.046402,157.8,17.95,341.1,1.02,10
2025-09-18T15:48:59Z,48.776444,2.046389,158.1,15.98,350.0,1.02,10
2025-09-18T15:49:00Z,48.776483,2.046390,158.4,15.45,2.8,1.02,10
2025-09-18T15:49:01Z,48.776525,2.046407,158.5,16.87,15.5,1.02,10
2025-09-18T15:49:02Z,48.776570,2.046433,158.5,20.30,21.7,1.13,9
2025-09-18T15:49:03Z,48.776623,2.046464,158.6,23.08,21.7,1.13,9
2025-09-18T15:49:04Z,48.776681,2.046498,158.5,24.45,21.3,1.18,9
2025-09-18T15:49:05Z,48.776738,2.046532,158.7,24.84,20.2,1.15,8
2025-09-18T15:49:06Z,48.776796,2.046563,158.8,23.93,20.5,1.13,9
2025-09-18T15:49:07Z,48.776849,2.046592,159.2,22.52,19.5,1.02,10
2025-09-18T15:49:08Z,48.776904,2.046620,159.2,22.26,19.0,1.18,10
2025-09-18T15:49:09Z,48.776957,2.046654,158.8,21.28,21.5,1.27,9
2025-09-18T15:49:10Z,48.777006,2.046688,158.7,21.11,26.1,1.05,9
2025-09-18T15:49:11Z,48.777053,2.046712,158.9,20.15,15.1,1.05,9
2025-09-18T15:49:12Z,48.777098,2.046701,159.6,19.11,351.5,0.92,10
2025-09-18T15:49:13Z,48.777139,2.046655,160.2,22.30,320.6,1.18,9
2025-09-18T15:49:14Z,48.777184,2.046594,160.6,25.24,317.7,1.18,9
2025-09-18T15:49:15Z,48.777238,2.046529,160.8,28.21,321.3,1.13,9
2025-09-18T15:49:16Z,48.777301,2.046460,160.4,31.37,321.8,1.02,10
2025-09-18T15:49:17Z,48.777369,2.046382,160.0,33.56,322.2,1.02,10
2025-09-18T15:49:18Z,48.777437,2.046299,159.9,35.15,320.5,1.02,10
2025-09-18T15:49:19Z,48.777510,2.046213,159.6,37.45,322.1,1.02,10
2025-09-18T15:49:20Z,48.777586,2.046128,159.3,38.04,323.2,1.02,11
2025-09-18T15:49:21Z,48.777662,2.046041,159.5,38.11,322.3,1.02,11
2025-09-18T15:49:22Z,48.777734,2.045960,159.3,34.56,323.3,1.02,11
2025-09-18T15:49:23Z,48.777799,2.045885,159.0,32.02,323.9,1.03,11
2025-09-18T15:49:24Z,48.777862,2.045814,159.2,31.45,323.9,1.03,11
2025-09-18T15:49:25Z,48.777921,2.045749,159.3,28.54,322.8,1.03,11
2025-09-18T15:49:26Z,48.777972,2.045689,159.2,25.06,323.4,1.03,11
2025-09-18T15:49:27Z,48.778017,2.045640,159.6,22.35,325.5,1.03,11
2025-09-18T15:49:28Z,48.778053,2.045599,160.0,18.67,325.7,1.03,11
2025-09-18T15:49:29Z,48.778082,2.045565,159.8,15.13,324.8,1.03,10
2025-09-18T15:49:30Z,48.778111,2.045537,160.1,14.22,326.6,1.03,10
2025-09-18T15:49:31Z,48.778134,2.045514,160.2,11.22,328.0,1.03,10
2025-09-18T15:49:32Z,48.778149,2.045499,160.2,7.72,328.7,1.03,10
2025-09-18T15:49:33Z,48.778160,2.045489,160.5,5.70,330.6,0.83,11
2025-09-18T15:49:34Z,48.778167,2.045483,160.9,4.07,331.6,0.83,11
2025-09-18T15:49:35Z,48.778170,2.045477,161.2,2.89,328.7,0.83,11
2025-09-18T15:49:36Z,48.778179,2.045469,161.0,3.59,327.3,0.83,11
2025-09-18T15:49:37Z,48.778191,2.045455,160.9,5.93,322.7,1.03,10
2025-09-18T15:49:38Z,48.778215,2.045428,160.7,11.48,319.8,1.03,10
2025-09-18T15:49:39Z,48.778251,2.045387,160.6,17.24,320.7,1.03,10
2025-09-18T15:49:40Z,48.778288,2.045349,160.7,17.82,323.6,1.03,10
2025-09-18T15:49:41Z,48.778326,2.045307,161.0,19.04,323.7,1.03,10
2025-09-18T15:49:42Z,48.778368,2.045264,161.1,20.04,324.4,1.03,10
2025-09-18T15:49:43Z,48.778410,2.045217,161.1,20.74,323.1,1.03,10
2025-09-18T15:49:44Z,48.778453,2.045167,161.6,22.09,321.6,1.03,10
2025-09-18T15:49:45Z,48.778505,2.045109,161.3,25.95,322.2,1.03,10
2025-09-18T15:49:46Z,48.778561,2.045039,161.0,28.82,319.9,1.03,10
2025-09-18T15:49:47Z,48.778629,2.044961,160.7,32.52,320.2,1.13,10
2025-09-18T15:49:48Z,48.778702,2.044882,161.3,34.74,322.4,1.03,10
2025-09-18T15:49:49Z,48.778776,2.044800,161.8,36.24,321.5,1.04,10
2025-09-18T15:49:50Z,48.778850,2.044711,161.9,37.98,321.1,1.03,10
2025-09-18T15:49:51Z,48.778930,2.044621,162.3,39.45,322.7,1.03,10
2025-09-18T15:49:52Z,48.779018,2.044526,162.6,41.98,322.6,1.03,10
2025-09-18T15:49:53Z,48.779109,2.044428,162.9,44.06,323.4,1.03,10
2025-09-18T15:49:54Z,48.779203,2.044326,163.1,45.65,324.0,1.03,10
2025-09-18T15:49:55Z,48.779296,2.044221,163.2,46.23,323.3,1.03,10
2025-09-18T15:49:56Z,48.779395,2.044116,163.6,47.69,323.7,1.13,9
2025-09-18T15:49:57Z,48.779488,2.044010,163.5,46.02,323.0,1.13,9
2025-09-18T15:49:58Z,48.779574,2.043912,163.5,42.86,324.0,1.13,9
2025-09-18T15:49:59Z,48.779648,2.043824,163.8,38.04,323.5,1.03,10
2025-09-18T15:50:00Z,48.779714,2.043750,164.3,33.37,323.4,1.13,10
2025-09-18T15:50:01Z,48.779775,2.043682,164.6,29.85,324.2,1.13,10
2025-09-18T15:50:02Z,48.779827,2.043622,164.9,25.80,323.1,1.13,9
2025-09-18T15:50:03Z,48.779875,2.043578,165.5,21.09,327.2,1.13,9
2025-09-18T15:50:04Z,48.779903,2.043548,165.7,13.24,326.3,1.13,9
2025-09-18T15:50:05Z,48.779922,2.043530,166.2,8.67,327.8,1.13,9
2025-09-18T15:50:06Z,48.779932,2.043519,166.3,5.17,326.4,1.26,9
2025-09-18T15:50:07Z,48.779943,2.043510,166.9,3.39,324.3,1.26,9
2025-09-18T15:50:08Z,48.779949,2.043502,167.3,2.43,324.0,1.26,9
2025-09-18T15:50:12Z,48.779966,2.043494,168.0,3.22,322.4,1.26,9
2025-09-18T15:50:13Z,48.779981,2.043477,168.3,7.50,321.6,1.13,9
2025-09-18T15:50:14Z,48.779997,2.043462,168.7,6.37,322.0,1.13,9
2025-09-18T15:50:15Z,48.780009,2.043448,169.0,5.41,321.4,1.13,9
2025-09-18T15:50:16Z,48.780020,2.043437,169.1,4.43,322.5,1.13,9
2025-09-18T15:50:17Z,48.780032,2.043429,168.9,4.72,329.4,1.18,9
2025-09-18T15:50:18Z,48.780042,2.043422,168.9,3.43,328.0,1.13,9
2025-09-18T15:50:19Z,48.780052,2.043410,169.0,4.91,323.9,1.13,9
2025-09-18T15:50:20Z,48.780077,2.043392,169.0,11.80,331.9,1.13,9
2025-09-18T15:50:21Z,48.780108,2.043380,168.3,13.24,353.2,1.13,9
2025-09-18T15:50:22Z,48.780140,2.043381,167.6,12.96,7.7,1.13,9
2025-09-18T15:50:23Z,48.780168,2.043381,167.4,12.56,3.4,1.13,9
2025-09-18T15:50:24Z,48.780194,2.043365,167.3,12.22,343.1,1.03,10
2025-09-18T15:50:25Z,48.780215,2.043332,166.8,13.26,312.4,1.03,10
2025-09-18T15:50:26Z,48.780224,2.043282,166.2,15.00,285.4,1.03,11
2025-09-18T15:50:27Z,48.780228,2.043223,165.6,17.30,273.5,1.03,11
2025-09-18T15:50:28Z,48.780234,2.043153,165.1,19.71,275.1,1.37,11
2025-09-18T15:50:29Z,48.780248,2.043077,165.1,21.71,283.5,1.37,11
2025-09-18T15:50:30Z,48.780268,2.042997,164.7,22.85,289.4,1.03,10
2025-09-18T15:50:31Z,48.780291,2.042916,164.4,23.67,292.2,1.51,9
2025-09-18T15:50:32Z,48.780314,2.042832,163.9,24.50,292.3,1.51,9
2025-09-18T15:50:33Z,48.780339,2.042746,163.6,25.43,293.4,1.13,9
2025-09-18T15:50:34Z,48.780364,2.042659,163.3,25.28,291.7,1.13,9
2025-09-18T15:50:35Z,48.780388,2.042576,163.0,23.65,294.2,1.51,9
2025-09-18T15:50:36Z,48.780414,2.042495,162.6,23.52,295.6,1.51,9
2025-09-18T15:50:37Z,48.780437,2.042421,162.1,20.87,294.8,1.51,9
2025-09-18T15:50:38Z,48.780458,2.042353,161.6,19.45,295.1,1.51,10
2025-09-18T15:50:39Z,48.780479,2.042285,161.4,20.67,295.2,2.00,10
2025-09-18T15:50:40Z,48.780503,2.042209,161.1,22.34,294.2,1.13,10
2025-09-18T15:50:41Z,48.780527,2.042128,160.8,24.26,294.4,1.13,10
2025-09-18T15:50:42Z,48.780556,2.042038,160.6,27.15,294.5,1.03,10
2025-09-18T15:50:43Z,48.780584,2.041942,160.5,28.41,294.9,1.37,9
2025-09-18T15:50:44Z,48.780614,2.041847,160.1,27.47,295.1,1.37,9
2025-09-18T15:50:45Z,48.780642,2.041757,159.9,26.15,296.0,1.37,10
2025-09-18T15:50:46Z,48.780666,2.041673,159.9,24.04,293.2,1.37,10
2025-09-18T15:50:47Z,48.780686,2.041599,160.0,20.45,291.5,1.37,10
2025-09-18T15:50:48Z,48.780698,2.041543,159.9,14.02,289.9,1.37,10
2025-09-18T15:50:49Z,48.780707,2.041508,160.1,9.17,292.0,1.18,10
2025-09-18T15:50:50Z,48.780715,2.041483,160.3,7.82,291.9,1.37,10
2025-09-18T15:50:51Z,48.780724,2.041449,160.5,11.09,290.6,1.37,10
2025-09-18T15:50:52Z,48.780735,2.041388,160.4,18.52,287.5,1.37,9
2025-09-18T15:50:53Z,48.780758,2.041304,160.2,25.35,292.7,1.37,9
2025-09-18T15:50:54Z,48.780786,2.041206,160.4,29.00,292.9,1.37,9
2025-09-18T15:50:55Z,48.780815,2.041097,160.2,31.00,292.8,1.37,9
2025-09-18T15:50:56Z,48.780847,2.040984,159.9,32.17,293.1,1.37,9
2025-09-18T15:50:57Z,48.780876,2.040875,159.4,29.67,292.1,1.03,10
2025-09-18T15:50:58Z,48.780903,2.040779,159.2,25.63,292.4,1.13,9
2025-09-18T15:50:59Z,48.780922,2.040699,159.0,21.09,293.1,1.03,10
2025-09-18T15:51:00Z,48.780938,2.040635,158.5,15.82,293.4,1.03,10
2025-09-18T15:51:01Z,48.780949,2.040595,158.6,9.33,293.0,1.13,9
2025-09-18T15:51:02Z,48.780957,2.040576,158.8,4.52,293.3,1.03,10
2025-09-18T15:51:30Z,48.780962,2.040565,159.8,6.54,289.2,1.03,11
2025-09-18T15:51:31Z,48.780973,2.040516,159.7,16.20,290.4,1.13,10
2025-09-18T15:51:32Z,48.780997,2.040449,159.5,20.98,297.9,1.13,9
2025-09-18T15:51:33Z,48.781035,2.040398,159.2,20.09,324.0,1.13,9
2025-09-18T15:51:34Z,48.781088,2.040380,158.9,22.71,354.3,1.13,9
2025-09-18T15:51:35Z,48.781154,2.040396,158.5,28.32,15.3,1.13,9
2025-09-18T15:51:36Z,48.781225,2.040436,158.1,31.26,24.5,1.18,8
2025-09-18T15:51:37Z,48.781311,2.040490,158.0,37.93,23.1,1.18,8
2025-09-18T15:51:38Z,48.781409,2.040550,157.9,42.60,22.1,1.18,9
2025-09-18T15:51:39Z,48.781506,2.040608,158.2,41.93,22.4,1.13,9
2025-09-18T15:51:40Z,48.781610,2.040669,158.5,45.43,22.0,1.13,9
2025-09-18T15:51:41Z,48.781713,2.040735,159.5,45.15,25.2,1.13,9
2025-09-18T15:51:42Z,48.781829,2.040813,158.7,49.32,24.0,1.18,10
2025-09-18T15:51:43Z,48.781951,2.040885,159.3,53.41,21.6,1.18,10
2025-09-18T15:51:44Z,48.782081,2.040963,159.9,55.54,22.4,1.18,10
2025-09-18T15:51:45Z,48.782207,2.041046,159.9,54.67,23.6,1.18,9
2025-09-18T15:51:46Z,48.782331,2.041125,159.8,53.39,22.5,1.18,9
2025-09-18T15:51:47Z,48.782451,2.041187,160.1,49.65,17.4,1.18,9
2025-09-18T15:51:48Z,48.782565,2.041220,160.9,46.80,9.0,1.03,10
2025-09-18T15:51:49Z,48.782682,2.041222,161.4,47.17,357.8,1.13,10
2025-09-18T15:51:50Z,48.782800,2.041187,161.1,47.60,345.2,1.13,9
2025-09-18T15:51:51Z,48.782898,2.041128,161.2,42.97,334.9,1.13,9
2025-09-18T15:51:52Z,48.782976,2.041053,161.3,36.50,325.3,1.13,9
2025-09-18T15:51:53Z,48.783049,2.040994,162.1,32.17,333.4,1.26,8
2025-09-18T15:51:54Z,48.783112,2.040967,162.2,25.32,348.3,1.13,9
2025-09-18T15:51:55Z,48.783172,2.040979,162.1,22.17,10.1,1.18,9
2025-09-18T15:51:56Z,48.783228,2.041024,161.7,25.48,36.3,1.18,9
2025-09-18T15:51:57Z,48.783284,2.041106,161.7,33.19,48.1,1.15,9
2025-09-18T15:51:58Z,48.783345,2.041208,162.3,38.82,48.2,1.52,9
2025-09-18T15:51:59Z,48.783408,2.041324,162.6,39.91,51.0,1.25,9
2025-09-18T15:52:00Z,48.783474,2.041446,163.0,41.50,53.3,1.25,9
2025-09-18T15:52:01Z,48.783533,2.041572,163.3,39.80,55.5,3.23,8
2025-09-18T15:52:02Z,48.783584,2.041686,163.9,34.76,55.2,1.25,7
2025-09-18T15:52:03Z,48.783635,2.041789,164.5,32.93,54.1,1.25,8
2025-09-18T15:52:04Z,48.783689,2.041890,165.5,33.84,52.0,1.25,9
2025-09-18T15:52:05Z,48.783747,2.041991,166.8,34.21,51.2,1.25,9
2025-09-18T15:52:06Z,48.783793,2.042085,168.1,30.50,50.4,1.50,9
2025-09-18T15:52:07Z,48.783842,2.042164,169.8,26.09,48.2,1.13,9
2025-09-18T15:52:08Z,48.783878,2.042223,172.2,16.95,47.6,1.13,9
2025-09-18T15:52:09Z,48.783903,2.042269,175.6,13.13,53.9,1.13,9
2025-09-18T15:52:10Z,48.783924,2.042330,178.2,19.82,62.4,1.25,10
2025-09-18T15:52:11Z,48.783960,2.042413,185.2,24.17,71.3,1.26,9
2025-09-18T15:52:12Z,48.783983,2.042503,188.5,25.46,72.9,1.23,10
2025-09-18T15:52:13Z,48.784030,2.042579,190.0,27.93,49.5,1.64,11
2025-09-18T15:52:14Z,48.784081,2.042632,192.8,24.59,35.2,0.92,10
2025-09-18T15:52:15Z,48.784119,2.042650,194.8,18.33,21.0,0.92,10
2025-09-18T15:52:16Z,48.784170,2.042636,196.5,21.61,356.6,1.15,10
2025-09-18T15:52:17Z,48.784213,2.042604,198.7,21.28,345.7,1.15,11
2025-09-18T15:52:18Z,48.784249,2.042540,199.5,25.08,326.8,1.13,11
2025-09-18T15:52:19Z,48.784292,2.042479,200.6,24.80,323.2,1.07,11
2025-09-18T15:52:20Z,48.784336,2.042411,203.3,25.50,319.1,1.47,11
2025-09-18T15:52:21Z,48.784373,2.042332,209.9,25.28,311.0,1.33,10
2025-09-18T15:52:22Z,48.784421,2.042254,214.5,27.22,313.4,2.39,9
2025-09-18T15:52:23Z,48.784467,2.042186,217.1,26.72,316.2,1.42,10
2025-09-18T15:52:24Z,48.784509,2.042127,221.3,25.00,317.9,1.07,9
2025-09-18T15:52:25Z,48.784561,2.042074,224.7,24.82,322.2,1.15,8
2025-09-18T15:52:26Z,48.784624,2.042008,228.5,27.28,324.5,1.55,8
2025-09-18T15:52:27Z,48.784666,2.041951,230.1,26.19,322.5,1.18,9
2025-09-18T15:52:28Z,48.784696,2.041895,227.2,22.84,319.8,1.13,9
2025-09-18T15:52:29Z,48.784747,2.041845,228.1,23.08,323.4,1.59,11
2025-09-18T15:52:30Z,48.784787,2.041804,231.0,21.00,326.1,1.19,11
2025-09-18T15:52:31Z,48.784830,2.041755,230.2,20.39,325.9,1.03,11
2025-09-18T15:52:32Z,48.784861,2.041705,231.1,19.95,322.0,0.83,11
2025-09-18T15:52:33Z,48.784895,2.041657,230.7,18.67,322.2,1.33,10
2025-09-18T15:52:34Z,48.784952,2.041613,229.4,20.48,333.3,1.42,8
2025-09-18T15:52:35Z,48.785003,2.041590,230.8,20.24,346.8,0.87,10
2025-09-18T15:52:36Z,48.785077,2.041570,230.4,24.04,354.8,1.07,10
2025-09-18T15:52:37Z,48.785142,2.041540,230.2,24.74,348.8,1.07,10
2025-09-18T15:52:38Z,48.785192,2.041504,231.0,24.54,341.3,1.07,10
2025-09-18T15:52:39Z,48.785218,2.041445,227.6,22.22,326.3,1.03,11
2025-09-18T15:52:40Z,48.785241,2.041368,227.4,24.28,307.5,1.03,10
2025-09-18T15:52:41Z,48.785269,2.041283,225.7,26.59,300.9,1.33,10
2025-09-18T15:52:42Z,48.785310,2.041198,223.0,30.08,309.4,1.03,10
2025-09-18T15:52:43Z,48.785368,2.041106,218.4,36.63,318.9,1.51,9
2025-09-18T15:52:44Z,48.785429,2.041021,216.3,35.89,321.8,1.51,10
2025-09-18T15:52:45Z,48.785503,2.040926,214.0,40.19,321.9,1.03,10
2025-09-18T15:52:46Z,48.785584,2.040822,212.2,44.08,321.6,1.51,11
2025-09-18T15:52:47Z,48.785676,2.040704,209.6,47.02,321.5,1.17,11
2025-09-18T15:52:48Z,48.785773,2.040587,207.2,48.50,321.8,1.13,11
2025-09-18T15:52:49Z,48.785868,2.040475,205.6,48.30,322.9,1.13,11
2025-09-18T15:52:50Z,48.785970,2.040371,204.2,47.39,324.8,1.37,11
2025-09-18T15:52:51Z,48.786063,2.040264,202.6,45.74,323.4,1.03,11
2025-09-18T15:52:52Z,48.786153,2.040163,201.3,44.23,323.1,1.08,10
2025-09-18T15:52:53Z,48.786245,2.040060,199.4,44.21,323.1,1.03,10
2025-09-18T15:52:54Z,48.786352,2.039945,197.7,51.45,323.9,1.03,10
2025-09-18T15:52:55Z,48.786464,2.039831,196.3,52.12,326.0,1.08,10
2025-09-18T15:52:56Z,48.786567,2.039720,195.2,48.47,324.9,1.03,11
2025-09-18T15:52:57Z,48.786659,2.039617,194.6,43.41,323.5,0.87,10
2025-09-18T15:52:58Z,48.786733,2.039530,193.9,35.45,322.7,1.13,9
2025-09-18T15:52:59Z,48.786792,2.039461,193.0,27.45,322.7,1.13,10
2025-09-18T15:53:00Z,48.786836,2.039409,192.3,19.76,321.9,1.13,10
2025-09-18T15:53:01Z,48.786862,2.039374,191.7,13.04,317.9,0.83,11
2025-09-18T15:53:02Z,48.786893,2.039329,191.3,17.85,315.1,0.83,11
2025-09-18T15:53:03Z,48.786950,2.039252,190.8,31.76,318.4,0.83,11
2025-09-18T15:53:04Z,48.787018,2.039163,190.4,36.30,319.4,0.83,11
2025-09-18T15:53:05Z,48.787103,2.039067,189.0,41.36,320.6,1.03,11
2025-09-18T15:53:06Z,48.787195,2.038960,188.3,46.60,321.9,1.03,10
2025-09-18T15:53:07Z,48.787300,2.038845,188.1,52.15,323.3,1.03,10
2025-09-18T15:53:08Z,48.787404,2.038724,187.8,52.78,322.9,1.03,10
2025-09-18T15:53:09Z,48.787510,2.038600,187.7,53.80,322.5,1.03,10
2025-09-18T15:53:10Z,48.787613,2.038469,187.7,54.58,319.1,1.32,11
2025-09-18T15:53:11Z,48.787715,2.038327,187.8,56.04,317.3,0.87,11
2025-09-18T15:53:12Z,48.787829,2.038181,188.0,60.86,320.5,0.83,11
2025-09-18T15:53:13Z,48.787958,2.038027,188.3,66.86,321.8,0.83,11
2025-09-18T15:53:14Z,48.788080,2.037882,188.6,61.88,322.4,0.88,10
2025-09-18T15:53:15Z,48.788194,2.037750,188.5,56.32,323.1,0.88,10
2025-09-18T15:53:16Z,48.788307,2.037622,188.5,56.41,323.2,0.83,11
2025-09-18T15:53:17Z,48.788420,2.037493,188.3,56.65,323.2,1.03,10
2025-09-18T15:53:18Z,48.788535,2.037363,188.2,57.30,323.0,1.03,10
2025-09-18T15:53:19Z,48.788653,2.037230,188.0,58.93,323.1,1.03,10
2025-09-18T15:53:20Z,48.788771,2.037096,187.8,58.47,322.7,1.03,10
2025-09-18T15:53:21Z,48.788882,2.036967,187.7,55.00,322.8,1.03,10
2025-09-18T15:53:22Z,48.788984,2.036847,187.7,50.97,322.7,1.13,9
2025-09-18T15:53:23Z,48.789083,2.036733,187.7,49.45,323.3,1.13,9
2025-09-18T15:53:24Z,48.789175,2.036630,187.8,45.78,324.7,0.83,11
2025-09-18T15:53:25Z,48.789271,2.036544,187.7,43.71,329.2,0.83,11
2025-09-18T15:53:26Z,48.789347,2.036474,187.4,35.21,332.2,1.13,10
2025-09-18T15:53:27Z,48.789415,2.036421,186.9,29.45,334.4,1.13,10
2025-09-18T15:53:28Z,48.789484,2.036384,186.8,29.02,342.0,1.13,11
2025-09-18T15:53:29Z,48.789574,2.036379,186.8,33.97,0.1,1.17,10
2025-09-18T15:53:30Z,48.789670,2.036407,186.6,38.98,14.7,1.17,10
2025-09-18T15:53:31Z,48.789777,2.036437,186.3,43.82,10.6,1.17,10
2025-09-18T15:53:32Z,48.789895,2.036440,186.2,47.71,359.3,1.04,9
2025-09-18T15:53:33Z,48.790005,2.036394,185.9,44.86,344.0,1.03,10
2025-09-18T15:53:34Z,48.790098,2.036311,186.2,43.41,328.4,1.03,10
2025-09-18T15:53:35Z,48.790177,2.036200,185.9,42.36,314.3,1.13,9
2025-09-18T15:53:36Z,48.790238,2.036067,186.2,42.97,303.4,1.13,9
2025-09-18T15:53:37Z,48.790266,2.035902,185.8,45.89,284.3,1.13,9
2025-09-18T15:53:38Z,48.790278,2.035726,185.7,48.30,273.1,1.13,9
2025-09-18T15:53:39Z,48.790287,2.035558,184.9,44.67,272.5,1.32,9
2025-09-18T15:53:40Z,48.790312,2.035403,184.8,42.56,286.2,1.32,9
2025-09-18T15:53:41Z,48.790368,2.035267,184.1,41.11,302.5,1.03,10
2025-09-18T15:53:42Z,48.790425,2.035149,184.0,38.60,306.1,1.03,10
2025-09-18T15:53:43Z,48.790518,2.035077,184.4,39.48,328.8,1.03,10
2025-09-18T15:53:44Z,48.790616,2.035032,184.2,40.87,343.9,1.03,10
2025-09-18T15:53:45Z,48.790728,2.035025,183.7,43.50,359.9,1.03,10
2025-09-18T15:53:46Z,48.790842,2.035052,183.4,45.69,11.4,1.03,10
2025-09-18T15:53:47Z,48.790951,2.035099,183.2,45.11,17.9,1.12,9
2025-09-18T15:53:48Z,48.791058,2.035153,183.1,44.19,19.5,1.15,8
2025-09-18T15:53:49Z,48.791160,2.035211,183.0,43.13,20.6,1.15,8
2025-09-18T15:53:50Z,48.791258,2.035271,183.0,42.19,22.7,1.15,8
2025-09-18T15:53:51Z,48.791356,2.035328,183.1,42.06,20.9,1.12,9
2025-09-18T15:53:52Z,48.791455,2.035385,183.2,42.28,20.8,1.12,10
2025-09-18T15:53:53Z,48.791553,2.035444,183.1,42.34,22.8,1.15,9
2025-09-18T15:53:54Z,48.791653,2.035507,182.9,43.02,22.8,1.12,10
2025-09-18T15:53:55Z,48.791755,2.035573,182.6,43.89,23.7,1.12,9
2025-09-18T15:53:56Z,48.791852,2.035640,182.6,42.23,25.2,1.12,9
2025-09-18T15:53:57Z,48.791943,2.035700,182.8,39.50,22.9,1.12,9
2025-09-18T15:53:58Z,48.792030,2.035756,182.9,38.00,23.4,1.04,9
2025-09-18T15:53:59Z,48.792117,2.035814,182.9,38.00,23.2,1.17,9
2025-09-18T15:54:00Z,48.792204,2.035869,182.8,37.67,22.7,1.17,9
2025-09-18T15:54:01Z,48.792280,2.035922,182.7,33.93,23.6,0.84,10
2025-09-18T15:54:02Z,48.792348,2.035970,183.0,30.13,23.8,0.84,10
2025-09-18T15:54:03Z,48.792408,2.036013,183.0,26.00,24.7,1.14,11
2025-09-18T15:54:04Z,48.792457,2.036046,182.9,20.41,23.8,1.14,10
2025-09-18T15:54:05Z,48.792494,2.036069,183.4,16.09,22.4,0.84,10
2025-09-18T15:54:06Z,48.792521,2.036090,183.3,11.45,25.6,0.92,9
2025-09-18T15:54:07Z,48.792542,2.036105,183.3,9.28,27.4,0.96,10
2025-09-18T15:54:08Z,48.792562,2.036123,183.4,10.02,29.3,0.96,11
2025-09-18T15:54:09Z,48.792585,2.036143,183.6,11.11,28.1,0.82,12
2025-09-18T15:54:10Z,48.792607,2.036157,184.2,10.65,24.4,0.82,11
2025-09-18T15:54:11Z,48.792628,2.036165,184.6,9.11,18.9,0.82,10
2025-09-18T15:54:12Z,48.792640,2.036168,185.2,5.19,14.6,0.82,10
2025-09-18T15:54:13Z,48.792647,2.036170,185.4,2.35,12.9,1.14,11
2025-09-18T15:54:30Z,48.792654,2.036170,184.6,3.76,14.5,1.04,9
2025-09-18T15:54:31Z,48.792674,2.036182,184.8,10.80,20.5,1.04,9
2025-09-18T15:54:32Z,48.792707,2.036203,184.9,15.02,23.0,0.77,12
2025-09-18T15:54:33Z,48.792749,2.036225,185.1,18.87,20.8,1.01,12
2025-09-18T15:54:34Z,48.792798,2.036244,185.7,21.82,16.6,0.74,12
2025-09-18T15:54:35Z,48.792850,2.036261,186.6,22.87,13.9,0.74,12
2025-09-18T15:54:36Z,48.792907,2.036293,186.8,24.21,17.6,0.79,12
2025-09-18T15:54:37Z,48.792964,2.036321,187.4,24.67,17.7,0.74,12
2025-09-18T15:54:38Z,48.793028,2.036360,187.4,26.72,21.6,0.77,12
2025-09-18T15:54:39Z,48.793090,2.036380,187.4,24.34,13.8,0.74,12
2025-09-18T15:54:40Z,48.793142,2.036385,188.4,22.19,2.4,0.74,12
2025-09-18T15:54:41Z,48.793191,2.036358,188.8,22.08,338.6,0.74,12
2025-09-18T15:54:42Z,48.793242,2.036304,187.9,25.59,318.7,1.12,10
2025-09-18T15:54:43Z,48.793284,2.036224,186.9,28.61,303.0,1.12,10
2025-09-18T15:54:44Z,48.793321,2.036131,185.9,29.80,295.3,1.12,10
2025-09-18T15:54:45Z,48.793360,2.036029,185.0,31.89,294.5,1.12,10
2025-09-18T15:54:46Z,48.793400,2.035916,184.5,35.17,295.4,1.03,10
2025-09-18T15:54:47Z,48.793448,2.035788,184.0,39.73,296.9,1.03,10
2025-09-18T15:54:48Z,48.793503,2.035648,183.5,44.04,299.0,1.03,10
2025-09-18T15:54:49Z,48.793568,2.035501,183.0,47.39,301.4,1.12,10
2025-09-18T15:54:50Z,48.793638,2.035346,182.7,50.28,302.9,1.12,10
2025-09-18T15:54:51Z,48.793712,2.035193,182.6,50.39,305.3,1.12,10
2025-09-18T15:54:52Z,48.793791,2.035043,182.3,50.73,307.8,1.12,10
2025-09-18T15:54:53Z,48.793877,2.034897,181.9,51.50,310.4,1.03,10
2025-09-18T15:54:54Z,48.793970,2.034753,181.6,52.82,312.9,1.32,9
2025-09-18T15:54:55Z,48.794065,2.034608,181.4,54.13,314.1,1.32,9
2025-09-18T15:54:56Z,48.794167,2.034467,181.3,54.62,316.5,1.32,9
2025-09-18T15:54:57Z,48.794280,2.034333,181.3,56.06,320.5,1.41,8
2025-09-18T15:54:58Z,48.794398,2.034202,181.4,57.60,322.6,1.32,9
2025-09-18T15:54:59Z,48.794522,2.034080,181.7,58.28,325.9,1.09,10
2025-09-18T15:55:00Z,48.794647,2.033972,181.8,57.12,329.4,1.34,8
2025-09-18T15:55:01Z,48.794770,2.033873,182.0,55.63,331.9,1.32,9
2025-09-18T15:55:02Z,48.794896,2.033790,182.0,54.08,336.2,1.60,9
2025-09-18T15:55:03Z,48.795018,2.033721,182.2,51.63,339.4,0.87,10
2025-09-18T15:55:04Z,48.795135,2.033654,182.5,50.52,340.1,1.41,8
2025-09-18T15:55:05Z,48.795248,2.033598,182.8,47.13,341.1,1.32,10
2025-09-18T15:55:06Z,48.795355,2.033541,183.0,45.63,339.8,1.32,10
2025-09-18T15:55:07Z,48.795462,2.033481,183.3,46.26,338.6,0.83,11
2025-09-18T15:55:08Z,48.795574,2.033417,183.3,47.52,338.8,0.87,10
2025-09-18T15:55:09Z,48.795683,2.033352,183.0,45.93,337.9,0.87,10
2025-09-18T15:55:10Z,48.795796,2.033284,182.9,47.89,337.9,0.83,11
2025-09-18T15:55:11Z,48.795910,2.033211,183.0,49.02,336.4,0.83,11
2025-09-18T15:55:12Z,48.796022,2.033148,182.9,47.15,339.5,0.83,11
2025-09-18T15:55:13Z,48.796129,2.033092,182.7,44.06,339.7,0.83,11
2025-09-18T15:55:14Z,48.796227,2.033037,182.4,40.45,338.9,0.83,11
2025-09-18T15:55:15Z,48.796317,2.032987,182.0,36.89,339.4,0.83,11
2025-09-18T15:55:16Z,48.796401,2.032947,182.1,34.47,343.1,0.83,11
2025-09-18T15:55:17Z,48.796485,2.032933,182.1,32.34,355.6,1.03,10
2025-09-18T15:55:18Z,48.796571,2.032953,181.6,32.97,12.2,1.03,10
2025-09-18T15:55:19Z,48.796655,2.033005,180.8,34.45,26.9,1.03,10
2025-09-18T15:55:20Z,48.796731,2.033090,180.1,36.39,41.4,1.08,10
2025-09-18T15:55:21Z,48.796794,2.033200,179.8,38.78,52.5,0.79,11
2025-09-18T15:55:22Z,48.796852,2.033330,179.7,41.43,58.1,0.79,12
2025-09-18T15:55:23Z,48.796905,2.033471,179.6,42.84,61.5,1.03,11
2025-09-18T15:55:24Z,48.796956,2.033616,179.1,43.26,63.5,0.96,9
2025-09-18T15:55:25Z,48.797005,2.033762,178.7,42.71,63.7,0.96,9
2025-09-18T15:55:26Z,48.797055,2.033902,178.4,40.71,62.8,0.96,9
2025-09-18T15:55:27Z,48.797105,2.034033,177.9,38.32,61.3,0.96,10
2025-09-18T15:55:28Z,48.797153,2.034150,177.5,35.11,58.5,0.96,9
2025-09-18T15:55:29Z,48.797198,2.034253,177.3,31.06,56.8,0.96,9
2025-09-18T15:55:30Z,48.797237,2.034346,177.1,28.74,57.5,0.83,10
2025-09-18T15:55:31Z,48.797270,2.034435,176.9,26.87,61.0,0.92,9
2025-09-18T15:55:32Z,48.797300,2.034524,176.7,26.15,65.0,0.87,10
2025-09-18T15:55:33Z,48.797325,2.034617,176.3,26.47,68.2,0.83,11
2025-09-18T15:55:34Z,48.797349,2.034710,176.2,25.50,69.5,0.83,11
2025-09-18T15:55:35Z,48.797368,2.034803,175.7,25.71,74.0,0.83,11
2025-09-18T15:55:36Z,48.797377,2.034902,175.6,27.00,85.4,0.87,10
2025-09-18T15:55:37Z,48.797370,2.035009,175.8,29.56,99.1,0.83,11
2025-09-18T15:55:38Z,48.797360,2.035130,175.5,32.98,99.6,0.85,11
2025-09-18T15:55:39Z,48.797360,2.035263,175.6,35.35,90.3,0.84,11
2025-09-18T15:55:40Z,48.797387,2.035394,176.7,35.97,72.5,0.84,10
2025-09-18T15:55:41Z,48.797437,2.035505,176.8,35.63,51.5,0.79,11
2025-09-18T15:55:42Z,48.797507,2.035578,177.0,34.43,29.6,0.79,11
2025-09-18T15:55:43Z,48.797585,2.035608,177.0,32.60,10.4,0.74,12
2025-09-18T15:55:44Z,48.797662,2.035595,176.6,32.22,350.3,1.08,11
2025-09-18T15:55:45Z,48.797733,2.035547,176.2,31.76,332.6,0.97,11
2025-09-18T15:55:46Z,48.797797,2.035468,175.8,34.32,317.8,0.74,12
2025-09-18T15:55:47Z,48.797858,2.035368,175.2,37.04,310.1,0.97,12
2025-09-18T15:55:48Z,48.797924,2.035267,174.6,38.35,315.3,0.97,11
2025-09-18T15:55:49Z,48.798003,2.035188,174.0,37.93,328.4,1.03,10
2025-09-18T15:55:50Z,48.798084,2.035141,173.6,34.93,341.0,0.97,11
2025-09-18T15:55:51Z,48.798168,2.035127,173.2,33.60,356.6,1.03,10
2025-09-18T15:55:52Z,48.798250,2.035153,172.6,33.87,16.4,1.01,11
2025-09-18T15:55:53Z,48.798326,2.035218,172.5,35.37,31.9,0.74,12
2025-09-18T15:55:54Z,48.798397,2.035303,172.4,36.04,40.2,0.77,11
2025-09-18T15:55:55Z,48.798451,2.035410,172.7,35.67,56.5,0.74,12
2025-09-18T15:55:56Z,48.798478,2.035538,172.7,36.21,78.2,0.79,11
2025-09-18T15:55:57Z,48.798482,2.035671,172.7,34.97,90.6,0.83,10
2025-09-18T15:55:58Z,48.798473,2.035792,172.5,31.50,98.7,0.83,10
2025-09-18T15:55:59Z,48.798459,2.035900,172.6,28.21,102.0,0.83,10
2025-09-18T15:56:00Z,48.798461,2.035995,172.3,24.78,89.8,0.83,11
2025-09-18T15:56:01Z,48.798485,2.036074,172.9,22.19,63.1,0.83,10
2025-09-18T15:56:02Z,48.798534,2.036121,173.3,23.52,28.3,0.83,10
2025-09-18T15:56:03Z,48.798594,2.036126,173.5,25.41,2.2,1.11,10
2025-09-18T15:56:04Z,48.798657,2.036095,173.5,26.69,341.3,1.11,9
2025-09-18T15:56:05Z,48.798710,2.036049,173.7,23.71,328.7,1.11,9
2025-09-18T15:56:06Z,48.798756,2.036003,174.0,21.52,326.0,0.83,10
2025-09-18T15:56:07Z,48.798794,2.035964,174.4,18.28,326.2,0.89,10
2025-09-18T15:56:08Z,48.798830,2.035934,174.6,16.56,330.4,0.83,10
2025-09-18T15:56:09Z,48.798878,2.035925,175.2,19.15,354.1,0.83,10
2025-09-18T15:56:10Z,48.798925,2.035931,175.6,19.28,6.3,1.12,9
2025-09-18T15:56:11Z,48.798968,2.035944,175.8,17.80,9.9,1.12,9
2025-09-18T15:56:12Z,48.799008,2.035953,175.9,16.32,8.1,1.12,9
2025-09-18T15:56:13Z,48.799050,2.035959,176.2,17.59,6.0,1.12,9
2025-09-18T15:56:14Z,48.799097,2.035969,176.1,19.26,8.1,1.63,9
2025-09-18T15:56:15Z,48.799146,2.035980,176.3,20.46,8.8,1.22,10
2025-09-18T15:56:16Z,48.799192,2.035993,176.4,18.54,10.3,1.22,10
2025-09-18T15:56:17Z,48.799234,2.036005,176.4,16.63,10.8,1.22,10
2025-09-18T15:56:18Z,48.799279,2.036017,176.6,18.98,9.9,1.22,10
2025-09-18T15:56:19Z,48.799321,2.036027,176.6,16.22,8.4,1.22,10
2025-09-18T15:56:20Z,48.799348,2.036029,177.3,10.22,5.4,1.01,11
2025-09-18T15:56:21Z,48.799367,2.036032,177.2,6.80,4.3,1.01,11
2025-09-18T15:56:22Z,48.799382,2.036036,177.1,5.37,5.4,1.11,10
2025-09-18T15:56:23Z,48.799397,2.036037,177.3,6.22,5.6,1.01,11
2025-09-18T15:56:24Z,48.799413,2.036042,177.7,7.52,10.2,1.01,11
2025-09-18T15:56:25Z,48.799435,2.036052,177.9,9.61,14.9,1.01,11
2025-09-18T15:56:26Z,48.799456,2.036060,178.6,9.85,14.6,0.77,11
2025-09-18T15:56:27Z,48.799483,2.036069,178.5,10.57,12.4,0.97,12
2025-09-18T15:56:28Z,48.799508,2.036079,178.4,9.87,12.9,0.97,12
2025-09-18T15:56:29Z,48.799533,2.036094,178.6,10.50,20.1,0.97,12
2025-09-18T15:56:30Z,48.799559,2.036118,178.5,11.48,31.6,0.77,12
2025-09-18T15:56:31Z,48.799582,2.036153,178.0,11.19,47.3,0.74,12
2025-09-18T15:56:32Z,48.799594,2.036189,178.2,10.28,59.9,0.74,12
2025-09-18T15:56:33Z,48.799602,2.036227,178.3,10.07,67.1,0.79,11
2025-09-18T15:56:34Z,48.799606,2.036264,178.6,9.59,78.7,0.79,11
2025-09-18T15:56:35Z,48.799607,2.036300,178.7,8.91,86.0,0.79,11
2025-09-18T15:56:36Z,48.799606,2.036331,178.8,7.95,92.6,0.77,12
2025-09-18T15:56:37Z,48.799607,2.036358,178.7,6.13,92.7,0.77,11
2025-09-18T15:56:38Z,48.799605,2.036388,179.4,8.30,98.0,0.77,11
2025-09-18T15:56:39Z,48.799595,2.036415,179.8,8.24,111.0,0.87,10
2025-09-18T15:56:40Z,48.799583,2.036439,180.1,7.63,124.1,0.87,10
2025-09-18T15:56:41Z,48.799574,2.036460,180.1,6.85,129.2,0.91,11
2025-09-18T15:56:42Z,48.799569,2.036481,180.0,6.00,124.7,1.60,11
2025-09-18T15:56:43Z,48.799567,2.036495,180.3,3.30,119.3,1.66,11
2025-09-18T15:57:39Z,48.799625,2.036563,178.9,2.17,241.5,0.86,10
2025-09-18T15:57:41Z,48.799624,2.036564,180.4,2.30,205.0,0.86,11
2025-09-18T15:57:42Z,48.799621,2.036560,181.0,2.43,210.8,1.67,9
2025-09-18T15:57:49Z,48.799633,2.036566,186.8,2.19,174.9,0.86,10
2025-09-18T15:57:52Z,48.799625,2.036562,188.6,2.19,183.5,1.60,11
2025-09-18T15:57:54Z,48.799617,2.036557,189.8,2.41,192.8,0.86,10
2025-09-18T15:57:55Z,48.799615,2.036555,191.0,2.00,188.3,0.86,10
2025-09-18T15:57:58Z,48.799619,2.036569,193.2,3.41,92.2,1.76,8
2025-09-18T15:58:06Z,48.799631,2.036565,197.7,2.91,67.1,1.00,7
2025-09-18T15:58:07Z,48.799636,2.036566,198.3,2.15,67.1,1.00,7
2025-09-18T15:58:09Z,48.799641,2.036572,199.6,2.22,60.8,0.98,8
2025-09-18T15:58:17Z,48.799670,2.036523,203.7,2.15,60.8,0.78,11
2025-09-18T15:58:23Z,48.799681,2.036504,208.5,2.13,60.8,1.61,8
2025-09-18T15:58:25Z,48.799688,2.036513,209.7,2.59,60.8,1.68,8
2025-09-18T15:58:26Z,48.799695,2.036515,210.3,3.15,60.8,0.94,9
2025-09-18T15:58:27Z,48.799701,2.036525,210.9,3.57,60.8,0.94,10
2025-09-18T15:58:28Z,48.799685,2.036539,211.5,2.70,60.8,1.67,9
2025-09-18T15:58:30Z,48.799700,2.036554,212.3,3.09,60.8,1.82,7
2025-09-18T15:58:31Z,48.799702,2.036574,212.4,3.33,60.8,1.82,7
2025-09-18T15:58:32Z,48.799719,2.036594,212.5,4.00,60.8,2.08,7
2025-09-18T15:58:33Z,48.799735,2.036599,212.8,3.94,60.8,9.81,5
2025-09-18T15:58:34Z,48.799743,2.036608,205.5,4.50,60.8,3.92,4
2025-09-18T15:58:35Z,48.799743,2.036608,205.5,4.50,60.8,99.99,0
2025-09-18T15:58:38Z,48.799690,2.036736,205.2,6.56,60.8,7.65,3
2025-09-18T15:58:39Z,48.799619,2.036826,204.7,9.17,60.8,1.83,5
2025-09-18T15:58:40Z,48.799633,2.036864,204.3,8.74,60.8,2.31,3
2025-09-18T15:58:41Z,48.799642,2.036849,204.1,5.72,60.8,2.00,4
2025-09-18T15:58:42Z,48.799656,2.036867,205.6,4.26,60.8,4.19,5
2025-09-18T15:58:44Z,48.799740,2.036812,204.3,3.20,60.8,3.05,6
2025-09-18T15:58:45Z,48.799761,2.036849,204.0,3.13,60.8,3.05,6
2025-09-18T15:58:46Z,48.799729,2.036901,204.7,2.89,60.8,1.87,6
2025-09-18T15:58:47Z,48.799710,2.036924,205.0,2.15,60.8,1.87,6
2025-09-18T15:58:49Z,48.799663,2.036983,205.3,2.46,60.8,1.87,6
2025-09-18T15:58:50Z,48.799653,2.036983,205.2,2.02,60.8,4.92,4
2025-09-18T15:58:51Z,48.799658,2.036991,204.6,2.09,60.8,3.24,5
2025-09-18T15:58:54Z,48.799700,2.036941,203.2,2.61,60.8,3.24,5
2025-09-18T15:58:55Z,48.799713,2.036923,203.1,3.11,60.8,3.24,5
2025-09-18T15:58:56Z,48.799730,2.036920,203.1,3.02,60.8,2.00,4
2025-09-18T15:58:57Z,48.799750,2.036929,203.6,3.20,60.8,2.30,3
2025-09-18T15:58:58Z,48.799750,2.036929,203.6,3.20,60.8,99.99,0
2025-09-18T15:59:02Z,48.799839,2.036929,203.7,5.44,60.8,2.00,4
2025-09-18T15:59:03Z,48.799881,2.036859,200.8,7.46,60.8,4.11,5
2025-09-18T15:59:04Z,48.799889,2.036822,198.7,8.07,60.8,4.13,4
2025-09-18T15:59:05Z,48.799899,2.036777,198.0,8.91,10.0,4.13,4
2025-09-18T15:59:06Z,48.799882,2.036733,197.7,8.76,10.0,4.12,4
2025-09-18T15:59:07Z,48.799835,2.036720,197.4,6.91,10.0,3.05,3
2025-09-18T15:59:08Z,48.799835,2.036720,197.4,6.91,10.0,99.99,0
2025-09-18T15:59:09Z,48.799850,2.036719,198.3,6.57,10.0,2.06,5
2025-09-18T15:59:10Z,48.799782,2.036720,200.7,4.93,10.0,2.90,5
2025-09-18T15:59:11Z,48.799731,2.036734,202.1,3.26,10.0,2.90,5
2025-09-18T15:59:12Z,48.799699,2.036732,203.1,2.15,10.0,3.34,4
2025-09-18T15:59:13Z,48.799744,2.036626,205.1,2.63,10.0,3.22,5
2025-09-18T15:59:14Z,48.799793,2.036573,206.3,2.72,10.0,6.85,5
2025-09-18T15:59:15Z,48.799784,2.036595,207.1,2.93,10.0,1.88,6
2025-09-18T15:59:16Z,48.799751,2.036601,207.5,2.22,10.0,1.88,5
2025-09-18T15:59:20Z,48.799780,2.036751,209.3,3.96,10.0,1.51,6
2025-09-18T15:59:21Z,48.799849,2.036821,209.5,4.91,10.0,1.51,6
2025-09-18T15:59:22Z,48.799811,2.036855,210.0,5.07,10.0,1.88,5
2025-09-18T15:59:23Z,48.799772,2.036879,210.1,4.94,10.0,1.88,5
2025-09-18T15:59:24Z,48.799761,2.036859,211.2,4.20,10.0,2.34,5
2025-09-18T15:59:25Z,48.799702,2.036867,211.3,4.56,10.0,2.12,5
2025-09-18T15:59:26Z,48.799643,2.036867,211.3,5.13,10.0,1.76,6
2025-09-18T15:59:27Z,48.799571,2.036870,211.3,6.70,10.0,1.76,6
2025-09-18T15:59:28Z,48.799526,2.036860,211.0,6.91,10.0,2.16,5
2025-09-18T15:59:29Z,48.799465,2.036836,210.9,7.96,110.5,2.16,5
2025-09-18T15:59:30Z,48.799413,2.036822,210.8,7.98,146.5,1.86,6
2025-09-18T15:59:31Z,48.799359,2.036818,210.7,8.96,165.5,1.85,6
2025-09-18T15:59:32Z,48.799290,2.036840,211.2,10.63,171.4,1.57,6
2025-09-18T15:59:33Z,48.799221,2.036869,211.4,11.57,171.0,1.53,7
2025-09-18T15:59:34Z,48.799184,2.036873,210.9,10.63,171.4,2.73,6
2025-09-18T15:59:35Z,48.799145,2.036885,210.5,10.54,169.8,2.73,6
2025-09-18T15:59:36Z,48.799129,2.036885,210.2,8.85,168.8,1.76,7
2025-09-18T15:59:37Z,48.799116,2.036865,209.7,7.46,174.7,1.45,8
2025-09-18T15:59:38Z,48.799088,2.036862,209.6,7.80,177.7,1.76,6
2025-09-18T15:59:39Z,48.799057,2.036863,209.5,8.26,178.5,1.76,6
2025-09-18T15:59:40Z,48.799018,2.036844,209.5,9.46,183.7,2.87,5
2025-09-18T15:59:41Z,48.798978,2.036831,209.5,10.45,186.7,2.87,5
2025-09-18T15:59:42Z,48.798940,2.036820,209.5,10.93,188.2,3.86,4
2025-09-18T15:59:43Z,48.798890,2.036813,209.4,11.87,188.6,2.86,5
2025-09-18T15:59:44Z,48.798849,2.036805,209.3,12.35,188.0,2.86,5
2025-09-18T15:59:45Z,48.798803,2.036801,209.2,12.87,186.9,2.86,5
2025-09-18T15:59:46Z,48.798766,2.036795,209.0,12.56,186.4,4.18,4
2025-09-18T15:59:47Z,48.798730,2.036804,208.9,12.24,184.7,4.18,4
2025-09-18T15:59:48Z,48.798689,2.036799,208.9,12.39,183.9,4.18,4
2025-09-18T15:59:49Z,48.798649,2.036803,209.0,12.63,182.8,4.18,4
2025-09-18T15:59:50Z,48.798611,2.036807,209.1,12.80,182.6,4.18,4
2025-09-18T15:59:51Z,48.798584,2.036794,209.0,12.76,184.2,4.18,4
2025-09-18T15:59:52Z,48.798592,2.036743,208.5,11.72,189.1,2.85,5
2025-09-18T15:59:53Z,48.798569,2.036687,207.9,12.56,195.3,2.85,5
2025-09-18T15:59:54Z,48.798678,2.036651,208.1,8.19,195.3,1.90,6
2025-09-18T15:59:55Z,48.798801,2.036569,207.8,7.09,195.3,1.90,6
2025-09-18T15:59:56Z,48.798924,2.036469,207.4,9.67,224.6,1.90,6
2025-09-18T15:59:57Z,48.799026,2.036368,207.1,12.48,270.2,1.90,6
2025-09-18T15:59:58Z,48.799057,2.036363,207.6,11.93,284.8,3.34,5
2025-09-18T15:59:59Z,48.799082,2.036388,208.4,10.32,296.4,3.34,5
2025-09-18T16:00:00Z,48.799094,2.036399,209.2,9.96,304.3,3.34,5
2025-09-18T16:00:01Z,48.799059,2.036411,209.5,8.33,306.6,4.18,4
2025-09-18T16:00:02Z,48.799011,2.036426,209.7,6.91,306.6,4.18,4
2025-09-18T16:00:03Z,48.799011,2.036426,209.7,6.91,306.6,99.99,0
2025-09-18T16:00:04Z,48.799005,2.036418,210.0,6.46,306.6,16.09,4
2025-09-18T16:00:05Z,48.798976,2.036449,210.2,4.57,306.6,16.09,4
2025-09-18T16:00:06Z,48.798988,2.036441,210.0,5.33,306.6,16.08,4
2025-09-18T16:00:07Z,48.799093,2.036333,209.5,11.67,306.8,2.05,5
2025-09-18T16:00:08Z,48.799183,2.036298,209.1,14.52,313.9,2.05,5
2025-09-18T16:00:09Z,48.799288,2.036263,208.6,17.80,321.8,1.90,6
2025-09-18T16:00:10Z,48.799343,2.036246,208.2,18.80,326.3,3.33,5
2025-09-18T16:00:11Z,48.799365,2.036245,207.9,18.69,329.1,3.33,5
2025-09-18T16:00:12Z,48.799403,2.036235,206.3,18.72,328.0,2.80,6
2025-09-18T16:00:13Z,48.799352,2.036247,206.4,16.45,325.4,2.24,7
2025-09-18T16:00:14Z,48.799244,2.036343,208.3,11.35,327.0,1.57,7
2025-09-18T16:00:15Z,48.799187,2.036405,209.3,8.22,332.1,1.99,6
2025-09-18T16:00:16Z,48.799166,2.036440,209.7,7.04,337.4,1.99,6
2025-09-18T16:00:17Z,48.799160,2.036472,209.9,6.37,344.9,1.99,6
2025-09-18T16:00:18Z,48.799149,2.036487,210.1,5.24,344.9,1.99,6
2025-09-18T16:00:19Z,48.799092,2.036531,209.0,3.30,344.9,1.95,6
2025-09-18T16:00:20Z,48.799062,2.036565,208.1,2.91,344.9,1.95,6
2025-09-18T16:00:21Z,48.799042,2.036592,207.4,3.00,344.9,1.95,6
2025-09-18T16:00:25Z,48.798946,2.036660,205.4,2.02,344.9,1.99,6
2025-09-18T16:00:36Z,48.798926,2.036894,196.6,2.04,344.9,1.88,7
2025-09-18T16:00:37Z,48.798931,2.036918,195.6,2.96,344.9,3.01,6
2025-09-18T16:00:38Z,48.798917,2.036926,194.5,3.06,344.9,1.98,7
2025-09-18T16:00:39Z,48.798918,2.036940,193.5,3.32,344.9,1.98,7
2025-09-18T16:00:40Z,48.798912,2.036945,192.4,2.52,344.9,1.98,7
2025-09-18T16:00:41Z,48.798904,2.036953,191.4,2.63,344.9,1.98,7
2025-09-18T16:00:42Z,48.798899,2.036964,190.3,2.59,344.9,1.98,7
2025-09-18T16:00:44Z,48.798885,2.036969,188.6,2.11,344.9,1.98,7
2025-09-18T16:00:45Z,48.798879,2.036978,187.8,2.19,344.9,1.98,7
2025-09-18T16:00:46Z,48.798858,2.036980,187.4,3.13,344.9,1.99,6
2025-09-18T16:00:47Z,48.798860,2.036995,194.4,2.91,344.9,7.57,3
2025-09-18T16:00:48Z,48.798860,2.036995,194.4,2.91,344.9,99.99,0
2025-09-18T16:00:50Z,48.798817,2.037087,194.8,6.87,344.9,7.58,3
2025-09-18T16:00:51Z,48.798859,2.037092,194.9,5.28,344.9,1.95,5
2025-09-18T16:00:52Z,48.798898,2.037107,194.5,5.82,344.9,2.16,6
2025-09-18T16:00:53Z,48.798910,2.037103,194.1,4.57,344.9,2.16,6
2025-09-18T16:00:54Z,48.798906,2.037104,193.8,3.56,344.9,2.36,5
2025-09-18T16:00:55Z,48.798956,2.037084,193.3,4.32,344.9,2.16,6
2025-09-18T16:00:56Z,48.798989,2.037047,192.8,4.30,344.9,7.88,5
2025-09-18T16:00:57Z,48.799020,2.037042,192.4,5.09,344.9,2.75,5
2025-09-18T16:00:58Z,48.799020,2.037042,192.4,5.09,344.9,25.38,4
2025-09-18T16:00:59Z,48.799064,2.037044,191.8,5.33,344.9,2.79,3
2025-09-18T16:01:00Z,48.799086,2.037050,191.5,5.56,344.9,2.79,3
2025-09-18T16:01:01Z,48.799110,2.037043,191.4,5.63,344.9,2.79,3
2025-09-18T16:01:02Z,48.799131,2.037034,191.2,5.65,344.9,2.79,3
2025-09-18T16:01:03Z,48.799162,2.037013,190.9,6.48,353.5,2.59,6
2025-09-18T16:01:05Z,48.798847,2.036917,188.1,4.85,353.5,1.38,6
2025-09-18T16:01:06Z,48.798754,2.036878,187.2,7.57,257.6,1.38,6
2025-09-18T16:01:07Z,48.798737,2.036855,187.2,7.69,225.6,2.24,5
2025-09-18T16:01:08Z,48.798681,2.036850,186.4,8.26,201.2,1.14,8
2025-09-18T16:01:09Z,48.798630,2.036831,185.6,8.54,193.2,1.14,8
2025-09-18T16:01:10Z,48.798632,2.036837,185.6,7.82,186.1,1.81,7
2025-09-18T16:01:11Z,48.798655,2.036835,185.5,5.54,183.7,1.81,7
2025-09-18T16:01:12Z,48.798678,2.036830,185.4,3.30,183.7,1.81,7
2025-09-18T16:01:13Z,48.798679,2.036837,185.5,3.07,183.7,1.68,8
2025-09-18T16:01:15Z,48.798683,2.036835,185.8,2.04,183.7,1.69,7
2025-09-18T16:01:30Z,48.798769,2.036948,180.3,2.19,183.7,2.54,5
2025-09-18T16:01:35Z,48.798730,2.036952,179.2,2.07,183.7,1.84,7
2025-09-18T16:01:36Z,48.798719,2.036948,178.8,2.52,183.7,2.59,6
2025-09-18T16:01:37Z,48.798713,2.036945,178.6,2.63,183.7,2.59,6
2025-09-18T16:01:38Z,48.798707,2.036945,178.3,2.52,183.7,2.59,6
2025-09-18T16:01:39Z,48.798680,2.036953,178.0,3.72,183.7,2.59,6
2025-09-18T16:01:40Z,48.798675,2.036956,177.9,3.50,183.7,2.59,6
2025-09-18T16:01:41Z,48.798640,2.036949,177.6,5.63,183.2,1.84,7
2025-09-18T16:01:42Z,48.798637,2.036950,177.2,5.65,182.0,1.85,6
2025-09-18T16:01:43Z,48.798632,2.036945,177.0,5.59,183.0,1.85,6
2025-09-18T16:01:44Z,48.798683,2.036943,177.4,3.78,183.0,1.22,7
2025-09-18T16:01:45Z,48.798704,2.036954,177.4,4.74,183.0,0.96,9
2025-09-18T16:01:46Z,48.798742,2.036946,176.6,2.93,183.0,1.69,8
2025-09-18T16:01:47Z,48.798739,2.036942,176.3,2.83,183.0,1.84,7
2025-09-18T16:01:48Z,48.798742,2.036942,176.1,2.43,183.0,2.01,7
2025-09-18T16:01:55Z,48.798901,2.036886,183.1,5.85,173.2,1.54,6
2025-09-18T16:01:56Z,48.798898,2.036887,183.0,5.11,173.2,2.89,7
2025-09-18T16:01:57Z,48.798899,2.036883,183.0,4.37,173.2,1.80,8
2025-09-18T16:01:58Z,48.798905,2.036896,183.1,2.63,173.2,1.80,8
2025-09-18T16:01:59Z,48.798896,2.036911,183.2,2.28,173.2,1.80,8
2025-09-18T16:02:00Z,48.798897,2.036930,183.8,2.39,173.2,1.23,9
2025-09-18T16:02:02Z,48.798862,2.036942,184.1,2.65,173.2,1.23,10
2025-09-18T16:02:03Z,48.798857,2.036949,184.2,3.28,173.2,1.23,9
2025-09-18T16:02:04Z,48.798853,2.036954,184.3,2.63,173.2,1.80,7
2025-09-18T16:02:08Z,48.798870,2.036939,185.1,2.11,173.2,1.81,7
2025-09-18T16:02:10Z,48.798852,2.036946,185.5,2.02,173.2,1.69,8
2025-09-18T16:02:12Z,48.798849,2.036949,185.8,2.26,173.2,2.09,6
2025-09-18T16:02:13Z,48.798844,2.036947,186.1,2.48,173.2,2.09,6
2025-09-18T16:02:14Z,48.798845,2.036952,186.2,2.15,173.2,2.09,6
2025-09-18T16:02:15Z,48.798840,2.036959,186.6,2.46,173.2,1.69,8
2025-09-18T16:02:16Z,48.798830,2.036963,186.8,3.13,173.2,1.69,8
2025-09-18T16:02:17Z,48.798826,2.036966,187.1,2.93,173.2,1.69,8
2025-09-18T16:02:18Z,48.798826,2.036971,187.2,2.17,173.2,1.69,8
2025-09-18T16:02:19Z,48.798821,2.036978,187.8,2.26,173.2,1.57,10
2025-09-18T16:02:25Z,48.798833,2.037011,188.1,2.26,173.2,0.89,9
2025-09-18T16:02:26Z,48.798842,2.037009,187.9,2.94,173.2,0.89,9
2025-09-18T16:02:35Z,48.798845,2.037129,189.4,2.15,173.2,1.69,8
2025-09-18T16:02:37Z,48.798829,2.037153,187.1,2.07,173.2,0.90,9
2025-09-18T16:02:38Z,48.798813,2.037162,185.9,2.24,173.2,0.90,9
2025-09-18T16:03:00Z,48.798834,2.037214,170.8,2.13,173.2,1.83,8
2025-09-18T16:03:19Z,48.798953,2.037279,173.4,2.24,173.2,0.86,10
2025-09-18T16:03:26Z,48.798966,2.037263,170.5,2.11,173.2,0.86,10
2025-09-18T16:03:27Z,48.798971,2.037260,170.6,2.09,173.2,0.90,9
2025-09-18T16:03:29Z,48.798982,2.037254,170.4,2.33,173.2,1.43,9
2025-09-18T16:03:51Z,48.798946,2.037391,175.2,2.87,173.2,0.92,9
2025-09-18T16:03:52Z,48.798940,2.037402,176.0,3.02,173.2,1.23,9
2025-09-18T16:03:53Z,48.798923,2.037410,177.0,3.89,173.2,1.23,9
2025-09-18T16:03:54Z,48.798895,2.037417,178.2,5.63,174.3,1.23,9
2025-09-18T16:03:55Z,48.798895,2.037418,179.1,4.30,174.3,1.40,10
2025-09-18T16:03:56Z,48.798880,2.037400,179.2,5.20,188.3,1.13,11
2025-09-18T16:03:57Z,48.798868,2.037390,180.0,6.85,199.9,1.06,11
2025-09-18T16:03:58Z,48.798851,2.037392,180.2,6.19,202.3,0.92,10
2025-09-18T16:03:59Z,48.798843,2.037400,180.5,4.74,202.3,0.92,10
2025-09-18T16:04:00Z,48.798835,2.037408,180.9,3.76,202.3,0.92,10
2025-09-18T16:04:01Z,48.798836,2.037407,181.1,2.85,202.3,1.17,10
2025-09-18T16:04:03Z,48.798842,2.037428,182.2,2.56,202.3,1.23,9
2025-09-18T16:04:08Z,48.798879,2.037481,185.1,2.43,202.3,1.24,8
2025-09-18T16:04:09Z,48.798898,2.037492,184.9,2.28,202.3,1.02,8
2025-09-18T16:04:20Z,48.798966,2.037600,190.1,2.56,202.3,0.78,11
2025-09-18T16:04:31Z,48.799034,2.037751,189.9,2.13,202.3,1.09,9
2025-09-18T16:04:32Z,48.799027,2.037766,190.0,2.17,202.3,1.15,8
2025-09-18T16:04:45Z,48.798975,2.037901,193.9,2.76,202.3,0.94,9
2025-09-18T16:04:46Z,48.798950,2.037910,193.7,4.00,202.3,0.94,8
2025-09-18T16:04:47Z,48.798928,2.037924,193.6,4.87,202.3,0.94,8
2025-09-18T16:04:48Z,48.798912,2.037965,193.1,6.28,172.1,0.94,8
2025-09-18T16:04:49Z,48.798896,2.037980,192.7,6.09,161.2,1.02,7
2025-09-18T16:04:50Z,48.798878,2.037984,192.4,5.96,161.2,1.30,6
2025-09-18T16:04:51Z,48.798856,2.037991,191.9,6.43,166.9,1.30,6
2025-09-18T16:04:52Z,48.798831,2.037998,191.8,6.72,170.9,1.29,6
2025-09-18T16:04:53Z,48.798820,2.038014,191.3,5.87,170.9,1.29,6
2025-09-18T16:04:54Z,48.798827,2.038034,191.2,4.35,170.9,2.55,6
2025-09-18T16:04:55Z,48.798830,2.038066,190.3,2.82,170.9,1.84,7
2025-09-18T16:05:01Z,48.798879,2.038128,187.1,2.54,170.9,1.70,7
2025-09-18T16:05:02Z,48.798887,2.038124,186.6,2.63,170.9,1.72,7
2025-09-18T16:05:03Z,48.798902,2.038133,186.0,2.70,170.9,1.83,8
2025-09-18T16:05:04Z,48.798902,2.038141,184.8,2.52,170.9,0.92,8
2025-09-18T16:05:15Z,48.798856,2.038254,181.7,2.41,170.9,2.50,5
2025-09-18T16:05:16Z,48.798924,2.038255,182.8,2.72,170.9,1.43,6
2025-09-18T16:05:17Z,48.798987,2.038263,183.4,5.85,83.7,1.43,6
2025-09-18T16:05:18Z,48.799053,2.038267,184.2,9.00,26.5,1.43,6
2025-09-18T16:05:19Z,48.799115,2.038269,184.6,11.33,12.4,1.64,5
2025-09-18T16:05:20Z,48.799171,2.038268,184.9,12.54,6.2,1.57,6
2025-09-18T16:05:21Z,48.799234,2.038272,185.4,14.08,4.1,1.57,6
2025-09-18T16:05:22Z,48.799255,2.038273,190.0,14.30,2.6,1.08,8
2025-09-18T16:05:23Z,48.799292,2.038279,195.0,15.39,1.9,1.18,7
2025-09-18T16:05:24Z,48.799345,2.038288,200.2,17.06,1.9,1.18,7
2025-09-18T16:05:25Z,48.799365,2.038292,201.0,15.72,1.8,2.61,5
2025-09-18T16:05:26Z,48.799395,2.038303,201.8,15.48,2.9,2.61,5
2025-09-18T16:05:27Z,48.799432,2.038324,202.8,15.80,5.8,2.61,5
2025-09-18T16:05:28Z,48.799451,2.038337,203.6,14.52,7.5,2.16,5
2025-09-18T16:05:29Z,48.799475,2.038336,201.7,14.09,7.2,3.08,4
2025-09-18T16:05:30Z,48.799416,2.038327,202.5,10.15,7.5,1.45,6
2025-09-18T16:05:31Z,48.799337,2.038337,201.8,5.70,7.5,1.19,7
2025-09-18T16:05:32Z,48.799279,2.038353,201.5,3.41,7.5,1.19,7
2025-09-18T16:05:33Z,48.799268,2.038345,202.6,3.33,7.5,2.38,6
2025-09-18T16:05:34Z,48.799254,2.038331,198.5,2.63,7.5,3.09,3
2025-09-18T16:05:35Z,48.799254,2.038331,198.5,2.63,7.5,19.10,4
2025-09-18T16:05:36Z,48.799165,2.038334,198.7,2.61,7.5,3.65,5
2025-09-18T16:05:37Z,48.799136,2.038315,198.5,2.20,7.5,5.14,4
2025-09-18T16:05:38Z,48.799102,2.038328,198.2,2.70,7.5,1.09,6
2025-09-18T16:05:40Z,48.799109,2.038368,198.7,2.41,7.5,0.88,9
2025-09-18T16:05:41Z,48.799103,2.038398,198.4,2.91,7.5,0.88,9
2025-09-18T16:05:45Z,48.799110,2.038380,199.1,2.22,7.5,0.97,8
2025-09-18T16:05:46Z,48.799104,2.038400,198.8,3.17,7.5,0.90,9
2025-09-18T16:05:47Z,48.799113,2.038405,198.5,2.61,7.5,0.97,8
2025-09-18T16:05:48Z,48.799103,2.038393,197.9,3.07,7.5,0.97,8
2025-09-18T16:05:49Z,48.799093,2.038397,197.0,3.24,7.5,0.90,9
2025-09-18T16:05:50Z,48.799082,2.038405,196.1,3.11,7.5,0.97,9
2025-09-18T16:05:51Z,48.799066,2.038415,195.5,3.65,7.5,0.91,9
2025-09-18T16:05:52Z,48.799052,2.038411,194.9,3.61,7.5,0.91,9
2025-09-18T16:05:53Z,48.799055,2.038411,194.3,2.89,7.5,0.97,8
2025-09-18T16:05:57Z,48.799083,2.038424,192.7,2.07,7.5,1.65,7
2025-09-18T16:06:06Z,48.799140,2.038340,190.9,2.56,7.5,1.78,7
2025-09-18T16:06:29Z,48.799105,2.037965,196.9,2.57,7.5,0.79,12
2025-09-18T16:06:42Z,48.799066,2.037888,195.7,2.98,7.5,1.16,8
2025-09-18T16:06:47Z,48.799047,2.037780,193.9,2.31,7.5,1.16,9
2025-09-18T16:06:59Z,48.799089,2.037557,200.5,2.17,7.5,0.90,10
2025-09-18T16:07:11Z,48.799158,2.037413,200.2,2.06,7.5,0.95,9
2025-09-18T16:07:12Z,48.799166,2.037392,199.6,2.80,7.5,0.90,9
2025-09-18T16:07:13Z,48.799176,2.037382,198.9,2.89,7.5,0.90,9
2025-09-18T16:07:14Z,48.799171,2.037362,197.1,2.69,7.5,0.83,10
2025-09-18T16:07:15Z,48.799171,2.037351,195.5,2.65,7.5,0.83,10
2025-09-18T16:07:16Z,48.799173,2.037328,193.7,3.09,7.5,0.93,9
2025-09-18T16:07:17Z,48.799168,2.037304,192.3,2.89,7.5,0.83,10
2025-09-18T16:07:18Z,48.799158,2.037270,190.4,3.30,7.5,0.83,10
2025-09-18T16:07:19Z,48.799167,2.037252,189.7,2.98,7.5,0.91,10
2025-09-18T16:07:20Z,48.799179,2.037231,188.9,3.04,7.5,0.91,9
2025-09-18T16:07:21Z,48.799183,2.037210,188.1,2.94,7.5,0.86,10
2025-09-18T16:07:22Z,48.799192,2.037200,187.3,2.50,7.5,0.89,10
2025-09-18T16:07:29Z,48.799160,2.037169,181.2,2.33,278.0,0.78,11
2025-09-18T16:07:31Z,48.799152,2.037173,180.7,2.26,278.0,1.51,8
2025-09-18T16:07:32Z,48.799145,2.037177,180.7,2.70,278.0,2.09,7
2025-09-18T16:07:33Z,48.799134,2.037177,180.7,3.43,278.0,2.09,7
2025-09-18T16:07:34Z,48.799137,2.037182,180.6,2.59,278.0,1.69,8
2025-09-18T16:07:35Z,48.799133,2.037182,180.4,2.63,278.0,1.69,8
2025-09-18T16:07:55Z,48.799178,2.037114,184.6,2.02,278.0,2.55,5
2025-09-18T16:07:56Z,48.799166,2.037114,184.6,2.65,278.0,4.13,4
2025-09-18T16:07:57Z,48.799158,2.037118,187.6,2.89,278.0,2.14,3
2025-09-18T16:07:58Z,48.799158,2.037118,187.6,2.89,278.0,99.99,0
2025-09-18T16:08:14Z,48.799211,2.036691,179.8,10.13,278.0,2.63,5
2025-09-18T16:08:15Z,48.799399,2.036568,176.0,10.87,278.0,2.48,6
2025-09-18T16:08:16Z,48.799367,2.036556,175.2,10.30,278.0,2.63,5
2025-09-18T16:08:17Z,48.799338,2.036539,174.2,10.37,278.0,2.63,5
2025-09-18T16:08:18Z,48.799308,2.036522,173.4,10.35,278.0,2.63,5
2025-09-18T16:08:19Z,48.799271,2.036512,171.9,9.80,278.0,2.63,5
2025-09-18T16:08:20Z,48.799239,2.036516,170.5,8.57,278.0,2.63,5
2025-09-18T16:08:21Z,48.799225,2.036508,169.2,7.87,278.0,2.63,5
2025-09-18T16:08:22Z,48.799217,2.036506,167.5,6.76,278.0,12.58,4
2025-09-18T16:08:23Z,48.799205,2.036495,165.8,6.82,278.0,12.56,4
2025-09-18T16:08:24Z,48.799233,2.036489,169.8,5.33,278.0,2.00,4
2025-09-18T16:08:25Z,48.799222,2.036512,167.4,4.50,278.0,1.97,5
2025-09-18T16:08:26Z,48.799216,2.036557,176.1,3.46,278.0,5.09,3
2025-09-18T16:08:27Z,48.799201,2.036567,175.6,3.93,278.0,13.33,4
2025-09-18T16:08:28Z,48.799178,2.036607,175.0,2.46,278.0,13.32,4
2025-09-18T16:08:29Z,48.799180,2.036601,174.3,2.65,278.0,13.27,5
2025-09-18T16:08:30Z,48.799152,2.036615,173.3,3.44,278.0,13.27,5
2025-09-18T16:08:31Z,48.799153,2.036648,170.2,3.48,278.0,11.14,6
2025-09-18T16:08:32Z,48.799165,2.036674,167.8,3.57,278.0,2.00,6
2025-09-18T16:08:36Z,48.799255,2.036668,165.9,2.46,278.0,2.61,5
2025-09-18T16:08:37Z,48.799286,2.036640,165.6,4.30,278.0,2.61,5
2025-09-18T16:08:38Z,48.799270,2.036607,163.6,6.11,278.0,1.48,6
2025-09-18T16:08:39Z,48.799276,2.036572,163.1,6.96,278.0,2.61,5
2025-09-18T16:08:40Z,48.799302,2.036566,162.7,6.39,278.0,2.47,6
2025-09-18T16:08:41Z,48.799320,2.036551,162.2,6.61,278.0,2.47,6
2025-09-18T16:08:42Z,48.799330,2.036548,160.7,7.11,278.0,1.76,7
2025-09-18T16:08:43Z,48.799335,2.036576,158.9,5.65,278.0,1.76,7
2025-09-18T16:08:44Z,48.799335,2.036603,157.4,4.70,278.0,1.76,7
2025-09-18T16:08:45Z,48.799328,2.036630,155.8,4.19,278.0,1.76,7
2025-09-18T16:08:46Z,48.799343,2.036623,156.4,3.54,278.0,1.52,6
2025-09-18T16:08:47Z,48.799357,2.036634,156.9,3.59,278.0,1.52,6
2025-09-18T16:08:48Z,48.799365,2.036651,156.9,3.87,278.0,11.86,5
2025-09-18T16:08:49Z,48.799377,2.036662,157.0,3.87,278.0,2.06,5
2025-09-18T16:08:50Z,48.799337,2.036688,157.7,3.65,278.0,1.35,6
2025-09-18T16:08:51Z,48.799326,2.036707,157.9,4.11,278.0,2.03,5
2025-09-18T16:08:52Z,48.799326,2.036698,157.9,2.11,278.0,2.03,5
2025-09-18T16:08:53Z,48.799302,2.036701,161.7,2.11,278.0,2.59,5
2025-09-18T16:08:54Z,48.799273,2.036726,163.2,3.52,278.0,2.74,4
2025-09-18T16:08:55Z,48.799266,2.036718,162.4,2.76,278.0,6.50,3
2025-09-18T16:08:56Z,48.799270,2.036722,162.2,2.22,278.0,4.96,4
2025-09-18T16:08:58Z,48.799310,2.036742,162.5,2.09,278.0,4.97,4
2025-09-18T16:09:06Z,48.799467,2.036725,153.0,4.02,278.0,2.43,6
2025-09-18T16:09:07Z,48.799552,2.036697,152.8,3.41,278.0,2.43,6
2025-09-18T16:09:08Z,48.799616,2.036690,152.3,3.44,278.0,2.43,6
2025-09-18T16:09:09Z,48.799657,2.036685,152.1,4.04,278.0,2.43,6
2025-09-18T16:09:10Z,48.799679,2.036674,151.3,3.85,278.0,2.39,7
2025-09-18T16:09:11Z,48.799712,2.036667,150.5,3.22,278.0,2.39,7
2025-09-18T16:09:13Z,48.799765,2.036669,150.1,2.57,278.0,2.43,6
2025-09-18T16:09:14Z,48.799757,2.036675,149.7,2.13,278.0,11.23,5
2025-09-18T16:09:15Z,48.799743,2.036689,149.1,2.19,278.0,2.11,6
2025-09-18T16:09:16Z,48.799746,2.036699,148.5,2.22,278.0,4.60,4
2025-09-18T16:09:18Z,48.799752,2.036721,147.6,2.76,278.0,4.61,4
2025-09-18T16:09:19Z,48.799759,2.036746,147.2,3.76,278.0,5.00,3
2025-09-18T16:09:20Z,48.799755,2.036763,146.9,3.63,278.0,5.00,3
2025-09-18T16:09:21Z,48.799754,2.036783,146.6,3.93,278.0,5.00,3
2025-09-18T16:09:22Z,48.799824,2.036761,146.5,3.74,278.0,2.49,4
2025-09-18T16:09:23Z,48.799909,2.036741,145.8,7.02,354.2,1.95,5
2025-09-18T16:09:24Z,48.800027,2.036733,145.0,11.39,0.7,1.95,5
2025-09-18T16:09:25Z,48.800207,2.036724,144.2,18.33,2.4,1.95,5
2025-09-18T16:09:26Z,48.800346,2.036704,143.5,22.21,0.9,1.95,5
2025-09-18T16:09:27Z,48.800461,2.036675,142.8,24.43,358.2,1.95,5
2025-09-18T16:09:28Z,48.800445,2.036659,142.4,21.76,355.8,3.57,4
2025-09-18T16:09:29Z,48.800425,2.036645,142.0,19.48,353.7,3.57,4
2025-09-18T16:09:30Z,48.800425,2.036645,142.0,19.48,353.7,99.99,0
2025-09-18T16:09:33Z,48.800592,2.036633,141.8,18.61,354.1,5.00,3
2025-09-18T16:09:34Z,48.800592,2.036633,141.8,18.61,354.1,99.99,0
2025-09-18T16:09:38Z,48.800894,2.036548,141.6,21.85,350.9,6.70,3
2025-09-18T16:09:39Z,48.800392,2.036692,140.5,9.95,352.8,2.14,5
2025-09-18T16:09:40Z,48.800219,2.036699,139.8,8.37,352.8,1.92,6
2025-09-18T16:09:41Z,48.800038,2.036653,139.3,6.85,352.8,1.45,7
2025-09-18T16:09:42Z,48.799871,2.036595,139.0,7.96,352.8,1.45,7
2025-09-18T16:09:43Z,48.799784,2.036592,139.0,8.22,352.8,1.67,6
2025-09-18T16:09:44Z,48.799691,2.036583,139.3,8.98,352.8,1.67,6
2025-09-18T16:09:45Z,48.799685,2.036587,139.0,8.26,352.8,2.82,5
2025-09-18T16:09:46Z,48.799706,2.036591,138.7,7.41,352.8,2.82,5
2025-09-18T16:09:47Z,48.799742,2.036599,138.1,7.50,352.8,1.84,6
2025-09-18T16:09:48Z,48.799794,2.036611,137.7,8.20,333.6,1.84,6
2025-09-18T16:09:49Z,48.799852,2.036563,137.4,11.35,322.3,9.57,4
2025-09-18T16:09:50Z,48.799918,2.036524,138.9,12.76,313.9,1.80,6
2025-09-18T16:09:51Z,48.799948,2.036459,139.3,14.70,308.8,1.78,7
2025-09-18T16:09:52Z,48.799864,2.036564,139.9,9.11,308.8,2.18,5
2025-09-18T16:09:53Z,48.799807,2.036614,140.1,6.50,308.8,2.18,5
2025-09-18T16:09:54Z,48.799753,2.036624,141.0,5.87,308.8,1.27,7
2025-09-18T16:09:55Z,48.799730,2.036670,142.2,4.04,308.8,2.75,5
2025-09-18T16:09:56Z,48.799703,2.036684,142.7,3.67,308.8,2.66,4
2025-09-18T16:09:57Z,48.799700,2.036690,142.4,3.94,308.8,2.66,4
2025-09-18T16:09:58Z,48.799670,2.036702,144.0,3.33,308.8,2.54,5
2025-09-18T16:10:00Z,48.799597,2.036707,143.6,3.59,308.8,2.39,6
2025-09-18T16:10:01Z,48.799568,2.036711,144.2,2.72,308.8,2.46,5
2025-09-18T16:10:03Z,48.799521,2.036717,145.1,2.44,308.8,2.46,5
2025-09-18T16:10:04Z,48.799521,2.036677,145.7,4.07,308.8,2.17,5
2025-09-18T16:10:05Z,48.799523,2.036614,146.4,6.48,308.8,5.24,4
2025-09-18T16:10:06Z,48.799534,2.036567,147.1,8.07,308.8,2.17,5
2025-09-18T16:10:07Z,48.799526,2.036551,147.4,7.76,308.8,2.14,6
2025-09-18T16:10:08Z,48.799518,2.036548,147.9,6.63,308.8,1.75,7
2025-09-18T16:10:09Z,48.799509,2.036560,148.6,4.44,308.8,1.36,9
2025-09-18T16:10:10Z,48.799496,2.036553,149.0,4.67,308.8,1.38,7
2025-09-18T16:10:11Z,48.799489,2.036572,149.5,2.83,308.8,1.38,7
2025-09-18T16:10:13Z,48.799496,2.036578,150.0,3.15,308.8,2.37,6
2025-09-18T16:10:14Z,48.799515,2.036589,150.3,3.69,308.8,2.37,6
2025-09-18T16:10:15Z,48.799509,2.036584,150.5,3.54,308.8,2.37,6
2025-09-18T16:10:16Z,48.799506,2.036600,150.8,2.65,308.8,2.37,6
2025-09-18T16:10:17Z,48.799510,2.036606,151.2,2.78,308.8,2.37,6
2025-09-18T16:10:22Z,48.799421,2.036741,149.0,2.30,308.8,1.38,7
2025-09-18T16:10:23Z,48.799413,2.036764,148.6,2.15,308.8,1.38,7
2025-09-18T16:10:24Z,48.799388,2.036803,148.9,2.67,308.8,1.25,8
2025-09-18T16:10:25Z,48.799355,2.036832,149.3,3.74,308.8,1.98,6
2025-09-18T16:10:26Z,48.799349,2.036869,149.7,4.07,308.8,2.17,5
2025-09-18T16:10:27Z,48.799356,2.036891,149.3,4.07,308.8,3.66,4
2025-09-18T16:10:28Z,48.799362,2.036908,149.5,4.43,308.8,3.77,5
2025-09-18T16:10:29Z,48.799369,2.036910,149.6,3.56,308.8,3.77,5
2025-09-18T16:10:30Z,48.799370,2.036915,149.7,2.96,308.8,3.77,5
2025-09-18T16:10:31Z,48.799373,2.036930,149.9,3.20,308.8,3.77,5
2025-09-18T16:10:32Z,48.799375,2.036986,152.2,3.59,308.8,1.08,7
2025-09-18T16:10:33Z,48.799386,2.037010,153.8,3.17,308.8,0.88,9
2025-09-18T16:10:34Z,48.799383,2.037043,153.4,4.80,308.8,1.48,9
2025-09-18T16:10:35Z,48.799387,2.037073,152.9,6.11,3.2,1.48,9
2025-09-18T16:10:36Z,48.799395,2.037114,152.2,7.41,29.7,1.48,9
2025-09-18T16:10:37Z,48.799399,2.037141,152.8,8.57,41.3,1.69,8
2025-09-18T16:10:38Z,48.799400,2.037138,153.0,6.63,41.4,1.69,8
2025-09-18T16:10:39Z,48.799419,2.037142,153.1,7.06,33.6,2.31,7
2025-09-18T16:10:40Z,48.799439,2.037138,154.1,7.00,24.5,1.03,7
2025-09-18T16:10:41Z,48.799459,2.037143,155.0,6.76,19.5,1.03,7
2025-09-18T16:10:42Z,48.799473,2.037140,155.9,5.98,19.5,1.11,6
2025-09-18T16:10:43Z,48.799494,2.037150,156.8,6.22,19.5,1.11,6
2025-09-18T16:10:44Z,48.799511,2.037147,157.7,5.78,19.5,1.11,6
2025-09-18T16:10:45Z,48.799550,2.037146,159.0,7.07,11.3,1.01,7
2025-09-18T16:10:46Z,48.799550,2.037152,159.5,6.13,11.9,9.13,6
2025-09-18T16:10:47Z,48.799543,2.037149,160.0,4.63,11.9,2.30,7
2025-09-18T16:10:48Z,48.799539,2.037154,160.4,3.91,11.9,2.32,6
2025-09-18T16:10:49Z,48.799541,2.037156,160.8,3.80,11.9,2.32,6
2025-09-18T16:10:50Z,48.799560,2.037142,161.2,4.28,11.9,2.32,6
2025-09-18T16:10:51Z,48.799582,2.037129,161.5,5.02,11.9,2.32,6
2025-09-18T16:10:52Z,48.799586,2.037127,161.9,4.63,11.9,2.32,6
2025-09-18T16:10:53Z,48.799567,2.037110,163.3,3.91,11.9,2.30,7
2025-09-18T16:10:54Z,48.799540,2.037099,164.8,3.11,11.9,2.30,7
2025-09-18T16:10:55Z,48.799544,2.037097,165.2,2.89,11.9,2.31,6
2025-09-18T16:10:56Z,48.799555,2.037101,165.7,3.11,11.9,2.31,6
2025-09-18T16:10:57Z,48.799568,2.037109,166.2,3.91,11.9,2.31,6
2025-09-18T16:10:58Z,48.799568,2.037109,166.2,3.91,11.9,16.89,5
2025-09-18T16:11:00Z,48.799560,2.037100,167.6,3.02,11.9,1.36,6
2025-09-18T16:11:01Z,48.799563,2.037117,167.7,3.82,11.9,1.36,6
2025-09-18T16:11:02Z,48.799563,2.037107,167.7,3.85,11.9,1.30,7
2025-09-18T16:11:03Z,48.799555,2.037105,167.7,3.43,11.9,1.30,7
2025-09-18T16:11:04Z,48.799519,2.037110,167.8,2.06,11.9,1.28,7
2025-09-18T16:11:07Z,48.799496,2.037096,168.8,2.33,11.9,1.25,8
2025-09-18T16:11:08Z,48.799493,2.037089,169.0,2.76,11.9,1.25,8
2025-09-18T16:11:09Z,48.799504,2.037097,168.8,3.78,11.9,1.25,8
2025-09-18T16:11:10Z,48.799497,2.037087,169.0,3.33,11.9,1.25,8
2025-09-18T16:11:11Z,48.799492,2.037088,169.1,2.93,11.9,1.25,8
2025-09-18T16:11:22Z,48.799387,2.037016,169.1,3.07,11.9,5.33,4
2025-09-18T16:11:23Z,48.799380,2.037028,169.6,2.69,11.9,5.33,4
2025-09-18T16:11:24Z,48.799370,2.037025,169.6,2.89,11.9,7.80,3
2025-09-18T16:11:25Z,48.799364,2.037022,169.7,2.72,11.9,7.80,3
2025-09-18T16:11:26Z,48.799361,2.037022,169.6,2.31,11.9,7.81,3
2025-09-18T16:11:28Z,48.799367,2.037046,167.9,2.33,11.9,7.81,3
2025-09-18T16:11:29Z,48.799383,2.037053,166.8,2.28,11.9,2.15,5
2025-09-18T16:11:30Z,48.799403,2.037072,165.8,3.11,11.9,2.15,5
2025-09-18T16:11:31Z,48.799416,2.037075,166.0,3.09,11.9,3.56,4
2025-09-18T16:11:32Z,48.799431,2.037099,165.3,3.91,11.9,2.83,5
2025-09-18T16:11:33Z,48.799460,2.037105,164.6,4.04,11.9,4.77,4
2025-09-18T16:11:34Z,48.799506,2.037100,164.3,3.87,11.9,2.26,5
2025-09-18T16:11:35Z,48.799534,2.037105,163.8,4.19,11.9,1.77,6
2025-09-18T16:11:36Z,48.799552,2.037111,163.3,4.24,11.9,2.16,5
2025-09-18T16:11:37Z,48.799573,2.037099,163.3,4.00,11.9,2.14,6
2025-09-18T16:11:38Z,48.799588,2.037088,163.2,3.93,11.9,2.14,6
2025-09-18T16:11:39Z,48.799609,2.037074,163.1,4.82,11.9,2.14,6
2025-09-18T16:11:40Z,48.799578,2.037033,163.3,3.56,11.9,2.18,5
2025-09-18T16:11:41Z,48.799564,2.036997,163.4,3.61,11.9,2.18,5
2025-09-18T16:11:42Z,48.799554,2.036960,163.5,3.94,11.9,10.40,4
2025-09-18T16:11:43Z,48.799547,2.036920,163.9,4.74,11.9,10.39,4
2025-09-18T16:11:44Z,48.799560,2.036900,163.9,4.89,11.9,4.10,3
2025-09-18T16:11:45Z,48.799728,2.036919,166.9,8.11,348.2,1.35,5
2025-09-18T16:11:46Z,48.799736,2.036898,166.8,8.48,338.4,2.45,4
2025-09-18T16:11:47Z,48.799747,2.036874,166.8,9.04,331.5,2.45,4
2025-09-18T16:11:48Z,48.799761,2.036846,166.7,9.70,326.7,2.45,4
2025-09-18T16:11:49Z,48.799752,2.036835,166.8,8.56,323.8,2.45,4
2025-09-18T16:11:50Z,48.799737,2.036828,166.9,7.28,323.8,2.45,4
2025-09-18T16:11:51Z,48.799713,2.036822,167.0,6.00,323.8,2.46,4
2025-09-18T16:11:52Z,48.799724,2.036782,167.1,6.13,323.8,3.13,3
2025-09-18T16:11:53Z,48.799724,2.036782,167.1,6.13,323.8,99.99,0
2025-09-18T16:11:55Z,48.799713,2.036677,168.0,6.20,323.8,3.37,3
2025-09-18T16:11:56Z,48.799655,2.036604,168.8,6.54,323.8,2.48,4
2025-09-18T16:11:57Z,48.799656,2.036564,169.0,6.63,323.8,3.13,3
2025-09-18T16:11:58Z,48.799715,2.036530,169.0,6.09,323.8,2.19,4
2025-09-18T16:11:59Z,48.799724,2.036512,169.2,5.22,323.8,3.13,3
2025-09-18T16:12:00Z,48.799732,2.036499,169.3,4.39,323.8,3.13,3
2025-09-18T16:12:01Z,48.799732,2.036499,169.3,4.39,323.8,99.99,0
2025-09-18T16:12:48Z,48.799170,2.035936,170.7,4.89,323.8,7.83,3
2025-09-18T16:12:49Z,48.799173,2.036077,170.2,3.35,323.8,7.83,3
2025-09-18T16:12:50Z,48.799205,2.036224,171.7,2.37,323.8,7.82,3
2025-09-18T16:12:51Z,48.799205,2.036224,171.7,2.37,323.8,18.26,4
2025-09-18T16:12:52Z,48.799216,2.036264,171.9,2.87,323.8,1.28,7
2025-09-18T16:12:56Z,48.799290,2.036397,180.4,2.17,245.9,1.00,8
2025-09-18T16:13:01Z,48.799356,2.036413,186.1,2.30,245.9,2.18,7
2025-09-18T16:13:03Z,48.799394,2.036409,187.9,2.52,296.4,0.85,10
2025-09-18T16:13:04Z,48.799424,2.036411,189.4,3.35,342.6,0.78,11
2025-09-18T16:13:05Z,48.799445,2.036419,190.3,3.00,1.9,0.82,10
2025-09-18T16:13:06Z,48.799455,2.036430,190.4,2.30,1.9,0.89,9
2025-09-18T16:15:21Z,48.799621,2.036544,172.4,3.09,187.0,0.85,11
2025-09-18T16:15:22Z,48.799607,2.036547,172.6,5.44,173.5,0.85,11
2025-09-18T16:15:23Z,48.799593,2.036548,172.8,5.22,177.0,0.85,11
2025-09-18T16:15:24Z,48.799580,2.036549,172.8,4.91,178.5,0.85,10
2025-09-18T16:15:25Z,48.799569,2.036547,172.7,4.41,183.1,1.23,9
2025-09-18T16:15:26Z,48.799559,2.036544,172.8,4.06,185.3,1.23,9
2025-09-18T16:15:27Z,48.799551,2.036537,173.1,3.87,193.8,1.23,10
2025-09-18T16:15:28Z,48.799537,2.036525,173.2,5.94,207.7,0.85,11
2025-09-18T16:15:29Z,48.799510,2.036507,173.4,11.00,210.9,1.23,9
2025-09-18T16:15:30Z,48.799493,2.036463,173.7,14.08,229.2,1.23,9
2025-09-18T16:15:31Z,48.799486,2.036420,174.1,13.67,242.9,1.45,9
2025-09-18T16:15:32Z,48.799480,2.036356,175.2,17.02,254.8,0.85,10
2025-09-18T16:15:33Z,48.799476,2.036300,175.2,14.59,259.1,1.23,10
2025-09-18T16:15:34Z,48.799471,2.036263,174.7,9.95,258.7,0.85,10
2025-09-18T16:15:35Z,48.799473,2.036243,174.2,5.19,262.3,0.85,10
2025-09-18T16:15:47Z,48.799446,2.036228,171.9,4.02,274.8,0.78,11
2025-09-18T16:15:48Z,48.799445,2.036190,171.7,10.91,273.5,0.78,11
2025-09-18T16:15:49Z,48.799457,2.036122,171.6,18.61,283.2,0.78,11
2025-09-18T16:15:50Z,48.799476,2.036030,171.6,25.52,285.5,0.78,11
2025-09-18T16:15:51Z,48.799492,2.035930,171.5,26.98,283.3,0.78,11
2025-09-18T16:15:52Z,48.799506,2.035827,171.7,27.91,281.9,0.78,11
2025-09-18T16:15:53Z,48.799514,2.035720,171.5,28.15,278.2,0.78,11
2025-09-18T16:15:54Z,48.799521,2.035611,171.2,29.21,276.8,0.78,11
2025-09-18T16:15:55Z,48.799534,2.035499,170.8,29.84,280.3,0.78,11
2025-09-18T16:15:56Z,48.799548,2.035398,170.5,26.67,281.7,0.84,10
2025-09-18T16:15:57Z,48.799559,2.035311,170.1,22.63,280.7,0.78,11
2025-09-18T16:15:58Z,48.799555,2.035240,170.2,18.50,265.7,0.78,11
2025-09-18T16:15:59Z,48.799531,2.035183,170.3,17.21,237.6,0.78,11
2025-09-18T16:16:00Z,48.799490,2.035136,170.1,20.21,215.4,0.78,11
2025-09-18T16:16:01Z,48.799437,2.035096,170.1,24.26,205.6,0.78,11
2025-09-18T16:16:02Z,48.799376,2.035056,170.1,26.95,202.9,0.78,11
2025-09-18T16:16:03Z,48.799309,2.035022,169.8,28.59,197.3,0.78,11
2025-09-18T16:16:04Z,48.799235,2.034999,169.6,30.19,189.4,0.78,11
2025-09-18T16:16:05Z,48.799160,2.034990,169.5,30.24,183.0,0.78,11
2025-09-18T16:16:06Z,48.799093,2.035012,169.1,27.63,167.7,0.78,11
2025-09-18T16:16:07Z,48.799042,2.035064,168.9,25.50,146.8,0.78,11
2025-09-18T16:16:08Z,48.799001,2.035131,168.9,24.69,133.2,0.78,11
2025-09-18T16:16:09Z,48.798964,2.035192,168.6,21.69,132.3,0.85,11
2025-09-18T16:16:10Z,48.798929,2.035241,168.4,19.39,138.3,0.85,11
2025-09-18T16:16:11Z,48.798886,2.035280,168.4,20.59,149.7,0.78,11
2025-09-18T16:16:12Z,48.798822,2.035289,168.0,25.30,174.6,0.85,11
2025-09-18T16:16:13Z,48.798763,2.035278,168.4,23.46,186.0,0.85,11
2025-09-18T16:16:14Z,48.798709,2.035260,168.5,22.26,190.2,0.85,11
2025-09-18T16:16:15Z,48.798647,2.035232,168.4,25.41,195.6,0.85,11
2025-09-18T16:16:16Z,48.798570,2.035205,168.5,31.17,193.8,0.85,11
2025-09-18T16:16:17Z,48.798483,2.035173,168.8,36.19,193.7,0.78,11
2025-09-18T16:16:18Z,48.798380,2.035150,169.2,40.69,189.1,0.78,11
2025-09-18T16:16:19Z,48.798277,2.035129,169.3,41.39,186.9,0.78,11
2025-09-18T16:16:20Z,48.798175,2.035111,169.5,41.19,185.9,0.78,11
2025-09-18T16:16:21Z,48.798079,2.035100,169.6,38.37,183.1,0.85,11
2025-09-18T16:16:22Z,48.798001,2.035092,169.8,31.89,182.5,0.85,10
2025-09-18T16:16:23Z,48.797931,2.035079,170.0,27.85,186.3,0.85,10
2025-09-18T16:16:24Z,48.797867,2.035055,170.2,26.59,193.9,0.85,10
2025-09-18T16:16:25Z,48.797804,2.035012,170.2,27.93,204.4,1.23,9
2025-09-18T16:16:26Z,48.797738,2.034960,170.1,29.95,207.4,0.85,10
2025-09-18T16:16:27Z,48.797659,2.034901,170.2,35.50,206.8,0.85,10
2025-09-18T16:16:28Z,48.797581,2.034804,169.6,41.41,219.8,0.85,10
2025-09-18T16:16:29Z,48.797506,2.034664,169.4,47.74,232.8,0.85,10
2025-09-18T16:16:30Z,48.797436,2.034490,169.8,54.54,240.2,0.85,10
2025-09-18T16:16:31Z,48.797372,2.034287,169.5,60.38,245.1,0.88,9
2025-09-18T16:16:32Z,48.797316,2.034079,169.5,59.82,248.2,0.88,9
2025-09-18T16:16:33Z,48.797264,2.033862,169.5,61.02,250.1,0.85,10
2025-09-18T16:16:34Z,48.797210,2.033629,169.5,64.47,250.0,0.85,10
2025-09-18T16:16:35Z,48.797153,2.033387,169.7,67.58,250.2,0.88,9
2025-09-18T16:16:36Z,48.797097,2.033142,169.8,68.78,250.9,0.88,9
2025-09-18T16:16:37Z,48.797049,2.032902,169.6,64.88,253.6,0.85,10
2025-09-18T16:16:38Z,48.797007,2.032683,169.6,59.34,253.8,0.90,9
2025-09-18T16:16:39Z,48.796967,2.032473,169.6,57.26,254.3,0.89,9
2025-09-18T16:16:40Z,48.796934,2.032285,169.8,50.37,255.0,0.85,10
2025-09-18T16:16:41Z,48.796907,2.032110,169.4,45.04,256.5,0.85,10
2025-09-18T16:16:42Z,48.796885,2.031948,169.2,41.73,259.1,0.85,10
2025-09-18T16:16:43Z,48.796868,2.031804,168.9,36.56,261.9,0.85,10
2025-09-18T16:16:44Z,48.796862,2.031681,168.8,31.35,269.2,0.85,10
2025-09-18T16:16:45Z,48.796878,2.031572,168.0,28.84,288.1,0.85,10
2025-09-18T16:16:46Z,48.796918,2.031487,168.0,27.08,315.1,0.85,10
2025-09-18T16:16:47Z,48.796977,2.031453,168.2,24.32,347.8,0.78,11
2025-09-18T16:16:48Z,48.797036,2.031478,168.5,25.59,23.2,0.78,11
2025-09-18T16:16:49Z,48.797085,2.031560,168.7,31.41,54.6,0.78,11
2025-09-18T16:16:50Z,48.797123,2.031681,169.3,37.82,68.0,0.82,10
2025-09-18T16:16:51Z,48.797156,2.031835,169.7,44.26,73.5,0.82,10
2025-09-18T16:16:52Z,48.797188,2.031983,170.0,40.67,71.5,0.82,10
2025-09-18T16:16:53Z,48.797212,2.032109,170.3,33.28,73.4,0.82,10
2025-09-18T16:16:54Z,48.797222,2.032215,169.7,26.67,79.5,0.82,10
2025-09-18T16:16:55Z,48.797220,2.032303,170.1,22.43,90.1,0.82,10
2025-09-18T16:16:56Z,48.797196,2.032386,170.5,23.82,114.2,0.82,10
2025-09-18T16:16:57Z,48.797152,2.032463,171.1,28.21,134.8,0.78,11
2025-09-18T16:16:58Z,48.797074,2.032536,171.1,37.67,150.7,0.78,11
2025-09-18T16:16:59Z,48.796980,2.032606,171.0,43.13,154.6,0.82,10
2025-09-18T16:17:00Z,48.796876,2.032675,171.8,46.87,157.0,0.91,9
2025-09-18T16:17:01Z,48.796756,2.032739,171.9,52.26,160.8,0.91,9
2025-09-18T16:17:02Z,48.796624,2.032809,172.0,56.49,161.2,0.85,10
2025-09-18T16:17:03Z,48.796487,2.032885,171.9,59.28,160.0,0.91,9
2025-09-18T16:17:04Z,48.796345,2.032966,171.7,60.76,159.0,0.85,10
2025-09-18T16:17:05Z,48.796204,2.033047,170.8,60.21,159.7,0.85,10
2025-09-18T16:17:06Z,48.796061,2.033129,169.3,59.75,160.2,0.91,9
2025-09-18T16:17:07Z,48.795921,2.033207,168.8,59.97,159.7,0.91,9
2025-09-18T16:17:08Z,48.795780,2.033289,168.0,60.58,158.9,0.91,9
2025-09-18T16:17:09Z,48.795637,2.033374,167.4,60.97,158.1,0.91,9
2025-09-18T16:17:10Z,48.795492,2.033458,166.8,62.23,159.2,1.23,9
2025-09-18T16:17:11Z,48.795333,2.033548,165.9,67.84,159.4,1.23,9
2025-09-18T16:17:12Z,48.795164,2.033645,165.8,74.71,158.9,0.85,10
2025-09-18T16:17:13Z,48.794978,2.033767,166.3,84.28,156.2,0.85,10
2025-09-18T16:17:14Z,48.794790,2.033904,166.1,82.77,152.6,0.85,10
2025-09-18T16:17:15Z,48.794620,2.034047,166.2,76.30,149.4,0.85,10
2025-09-18T16:17:16Z,48.794467,2.034195,166.0,70.39,146.0,0.85,10
2025-09-18T16:17:17Z,48.794329,2.034348,166.3,67.78,143.0,0.85,10
2025-09-18T16:17:18Z,48.794198,2.034505,166.7,66.76,141.6,1.64,8
2025-09-18T16:17:19Z,48.794078,2.034659,167.6,62.38,139.6,1.64,9
2025-09-18T16:17:20Z,48.793969,2.034810,167.7,58.10,136.7,1.64,8
2025-09-18T16:17:21Z,48.793866,2.034970,167.2,58.34,133.6,1.23,9
2025-09-18T16:17:22Z,48.793771,2.035128,167.0,55.86,131.0,1.23,9
2025-09-18T16:17:23Z,48.793686,2.035279,167.5,51.43,130.1,0.85,10
2025-09-18T16:17:24Z,48.793609,2.035420,167.6,46.76,129.4,0.89,9
2025-09-18T16:17:25Z,48.793542,2.035554,167.6,43.78,125.7,0.89,9
2025-09-18T16:17:26Z,48.793483,2.035690,167.7,42.48,121.6,0.91,9
2025-09-18T16:17:27Z,48.793427,2.035827,167.6,40.87,119.6,0.91,9
2025-09-18T16:17:28Z,48.793376,2.035959,167.5,39.30,119.4,0.91,9
2025-09-18T16:17:29Z,48.793326,2.036080,167.2,36.02,120.7,0.91,9
2025-09-18T16:17:30Z,48.793283,2.036188,167.3,32.65,122.1,0.85,10
2025-09-18T16:17:31Z,48.793234,2.036273,167.2,28.43,132.7,0.85,10
2025-09-18T16:17:32Z,48.793187,2.036320,168.1,21.65,147.6,0.85,10
2025-09-18T16:17:33Z,48.793126,2.036336,168.0,23.98,170.7,0.85,10
2025-09-18T16:17:34Z,48.793059,2.036326,168.0,26.84,186.1,1.23,9
2025-09-18T16:17:35Z,48.792987,2.036296,167.9,29.24,198.2,1.23,9
2025-09-18T16:17:36Z,48.792916,2.036254,167.8,30.02,202.1,1.23,9
2025-09-18T16:17:37Z,48.792845,2.036210,167.3,30.45,201.7,1.23,9
2025-09-18T16:17:38Z,48.792769,2.036166,167.2,33.32,200.1,1.23,9
2025-09-18T16:17:39Z,48.792687,2.036117,167.8,36.26,201.6,1.23,9
2025-09-18T16:17:40Z,48.792597,2.036069,168.2,38.91,199.6,1.23,9
2025-09-18T16:17:41Z,48.792503,2.036022,169.1,41.10,197.9,1.23,9
2025-09-18T16:17:42Z,48.792403,2.035963,168.8,42.82,202.3,1.23,9
2025-09-18T16:17:43Z,48.792302,2.035900,169.3,44.15,202.2,1.23,9
2025-09-18T16:17:44Z,48.792198,2.035832,169.2,44.50,203.8,1.23,9
2025-09-18T16:17:45Z,48.792097,2.035764,169.5,44.45,204.2,1.23,9
2025-09-18T16:17:46Z,48.791991,2.035691,168.9,45.97,203.9,0.85,10
2025-09-18T16:17:47Z,48.791882,2.035620,170.0,48.78,202.9,0.85,10
2025-09-18T16:17:48Z,48.791765,2.035547,170.5,51.69,202.4,0.85,10
2025-09-18T16:17:49Z,48.791644,2.035468,170.1,52.28,202.8,0.85,10
2025-09-18T16:17:50Z,48.791528,2.035391,170.1,49.91,203.3,0.85,10
2025-09-18T16:17:51Z,48.791417,2.035316,169.9,46.99,204.1,0.85,10
2025-09-18T16:17:52Z,48.791311,2.035245,170.0,46.67,203.6,0.85,10
2025-09-18T16:17:53Z,48.791201,2.035178,170.0,46.61,201.8,0.85,10
2025-09-18T16:17:54Z,48.791095,2.035115,170.2,44.37,201.5,0.85,10
2025-09-18T16:17:55Z,48.790994,2.035057,169.9,41.74,200.6,0.85,10
2025-09-18T16:17:56Z,48.790898,2.035011,169.6,39.91,195.7,0.85,10
2025-09-18T16:17:57Z,48.790804,2.034984,169.6,37.23,188.6,0.85,10
2025-09-18T16:17:58Z,48.790714,2.034980,169.3,35.47,178.5,0.85,10
2025-09-18T16:17:59Z,48.790626,2.035000,169.1,35.10,166.0,0.85,10
2025-09-18T16:18:00Z,48.790546,2.035055,169.6,35.82,152.3,0.85,10
2025-09-18T16:18:01Z,48.790467,2.035123,170.0,36.08,149.2,0.85,10
2025-09-18T16:18:02Z,48.790393,2.035182,170.2,32.13,153.2,0.85,10
2025-09-18T16:18:03Z,48.790328,2.035223,170.5,26.93,159.0,0.85,10
2025-09-18T16:18:04Z,48.790265,2.035243,170.9,25.41,170.3,1.23,9
2025-09-18T16:18:05Z,48.790191,2.035239,171.0,31.41,184.7,1.23,9
2025-09-18T16:18:06Z,48.790092,2.035215,171.0,42.97,190.7,1.23,9
2025-09-18T16:18:07Z,48.789978,2.035196,171.0,46.95,183.8,0.85,10
2025-09-18T16:18:08Z,48.789858,2.035204,171.2,49.36,173.6,0.85,10
2025-09-18T16:18:09Z,48.789740,2.035250,171.1,49.43,161.1,0.85,10
2025-09-18T16:18:10Z,48.789636,2.035335,170.8,47.82,147.2,0.85,10
2025-09-18T16:18:11Z,48.789557,2.035450,171.0,42.71,131.0,0.85,10
2025-09-18T16:18:12Z,48.789507,2.035579,171.2,39.15,115.7,0.85,10
2025-09-18T16:18:13Z,48.789480,2.035710,171.4,35.17,103.8,0.85,10
2025-09-18T16:18:14Z,48.789470,2.035833,171.8,31.93,93.8,0.85,10
2025-09-18T16:18:15Z,48.789467,2.035957,171.8,33.08,90.8,0.85,10
2025-09-18T16:18:16Z,48.789456,2.036087,171.6,35.32,99.3,0.85,10
2025-09-18T16:18:17Z,48.789428,2.036219,171.7,37.74,111.7,0.85,10
2025-09-18T16:18:18Z,48.789375,2.036348,171.9,41.30,123.4,0.85,10
2025-09-18T16:18:19Z,48.789302,2.036468,172.3,42.82,133.3,0.85,10
2025-09-18T16:18:20Z,48.789224,2.036581,172.8,43.63,136.4,0.85,10
2025-09-18T16:18:21Z,48.789140,2.036694,173.6,45.78,138.8,0.85,10
2025-09-18T16:18:22Z,48.789049,2.036804,174.6,47.74,141.9,0.85,10
2025-09-18T16:18:23Z,48.788958,2.036910,175.7,45.65,142.1,0.85,10
2025-09-18T16:18:24Z,48.788866,2.037017,176.5,46.60,142.2,0.85,10
2025-09-18T16:18:25Z,48.788772,2.037126,176.9,47.32,142.6,0.85,10
2025-09-18T16:18:26Z,48.788671,2.037234,176.5,48.36,143.3,0.85,10
2025-09-18T16:18:27Z,48.788571,2.037345,176.3,48.50,143.4,0.85,10
2025-09-18T16:18:28Z,48.788476,2.037451,176.3,47.06,143.1,0.85,10
2025-09-18T16:18:29Z,48.788383,2.037558,176.1,46.56,143.2,0.90,9
2025-09-18T16:18:30Z,48.788292,2.037660,175.4,44.04,143.0,0.90,9
2025-09-18T16:18:31Z,48.788208,2.037753,174.8,40.86,143.4,0.85,10
2025-09-18T16:18:32Z,48.788128,2.037838,173.8,37.63,144.3,0.85,10
2025-09-18T16:18:33Z,48.788063,2.037908,173.1,29.91,144.8,0.85,10
2025-09-18T16:18:34Z,48.788006,2.037968,172.4,26.11,144.6,0.85,10
2025-09-18T16:18:35Z,48.787961,2.038018,171.9,20.65,143.9,0.85,10
2025-09-18T16:18:36Z,48.787927,2.038057,171.8,15.98,142.9,0.85,10
2025-09-18T16:18:37Z,48.787897,2.038091,171.6,14.61,142.8,0.85,10
2025-09-18T16:18:38Z,48.787871,2.038120,171.1,13.00,143.8,0.85,10
2025-09-18T16:18:39Z,48.787854,2.038142,171.4,7.61,143.3,0.85,10
2025-09-18T16:18:40Z,48.787842,2.038157,171.2,5.69,142.8,0.85,10
2025-09-18T16:18:41Z,48.787833,2.038168,171.3,4.46,141.5,0.85,10
2025-09-18T16:18:42Z,48.787825,2.038178,171.2,3.89,141.8,0.85,10
2025-09-18T16:18:43Z,48.787818,2.038189,171.1,3.93,139.2,0.85,10
2025-09-18T16:18:44Z,48.787808,2.038199,171.0,4.37,142.2,0.85,10
2025-09-18T16:18:45Z,48.787796,2.038207,170.8,4.30,147.4,0.85,10
2025-09-18T16:18:46Z,48.787785,2.038215,170.7,4.70,151.9,0.85,10
2025-09-18T16:18:47Z,48.787772,2.038220,170.6,5.35,161.1,0.85,10
2025-09-18T16:18:48Z,48.787765,2.038225,170.4,2.74,159.6,0.85,10
2025-09-18T16:19:02Z,48.787743,2.038249,170.3,11.19,145.9,1.23,9
2025-09-18T16:19:03Z,48.787706,2.038291,170.2,20.41,141.0,0.85,10
2025-09-18T16:19:04Z,48.787664,2.038344,170.5,22.39,140.3,0.85,10
2025-09-18T16:19:05Z,48.787612,2.038406,170.2,26.98,140.1,0.85,10
2025-09-18T16:19:06Z,48.787554,2.038481,170.5,32.32,138.9,0.85,10
2025-09-18T16:19:07Z,48.787487,2.038561,170.3,33.52,141.2,0.85,10
2025-09-18T16:19:08Z,48.787421,2.038642,170.2,34.06,141.1,0.85,10
2025-09-18T16:19:09Z,48.787350,2.038725,169.9,35.74,142.0,0.85,10
2025-09-18T16:19:10Z,48.787278,2.038806,170.0,36.15,143.1,0.85,10
2025-09-18T16:19:11Z,48.787203,2.038889,169.9,36.69,143.3,0.85,10
2025-09-18T16:19:12Z,48.787127,2.038972,169.8,37.23,143.2,0.85,10
2025-09-18T16:19:13Z,48.787052,2.039057,169.7,37.69,143.6,0.85,10
2025-09-18T16:19:14Z,48.786975,2.039141,170.1,38.04,143.6,0.90,9
2025-09-18T16:19:15Z,48.786898,2.039229,170.1,38.00,142.8,0.85,10
2025-09-18T16:19:16Z,48.786821,2.039316,170.2,38.21,142.9,0.90,9
2025-09-18T16:19:17Z,48.786746,2.039404,170.5,37.50,142.4,0.85,10
2025-09-18T16:19:18Z,48.786676,2.039485,170.6,34.47,142.9,0.85,10
2025-09-18T16:19:19Z,48.786612,2.039557,170.7,30.43,142.7,0.85,10
2025-09-18T16:19:20Z,48.786557,2.039623,171.0,26.93,142.0,0.85,10
2025-09-18T16:19:21Z,48.786506,2.039683,171.3,25.43,141.9,0.87,9
2025-09-18T16:19:22Z,48.786457,2.039741,171.6,24.48,141.3,0.87,9
2025-09-18T16:19:23Z,48.786411,2.039799,171.8,23.72,139.8,0.87,9
2025-09-18T16:19:24Z,48.786370,2.039852,171.9,20.22,139.7,1.23,9
2025-09-18T16:19:25Z,48.786333,2.039898,171.9,18.56,140.5,1.23,9
2025-09-18T16:19:26Z,48.786299,2.039939,172.1,16.69,140.9,0.85,10
2025-09-18T16:19:27Z,48.786270,2.039975,171.7,13.95,141.9,0.85,10
2025-09-18T16:19:28Z,48.786248,2.039998,171.6,8.98,144.0,0.85,10
2025-09-18T16:19:29Z,48.786238,2.040011,171.9,4.80,143.3,0.85,10
2025-09-18T16:19:30Z,48.786232,2.040021,171.8,2.65,141.7,0.85,10
2025-09-18T16:19:39Z,48.786224,2.040040,172.7,6.17,137.2,0.85,10
2025-09-18T16:19:40Z,48.786205,2.040069,172.9,12.58,134.2,0.85,10
2025-09-18T16:19:41Z,48.786172,2.040112,173.4,19.71,139.3,0.85,10
2025-09-18T16:19:42Z,48.786126,2.040166,173.4,23.98,141.3,0.85,10
2025-09-18T16:19:43Z,48.786072,2.040230,173.4,28.48,140.7,0.85,10
2025-09-18T16:19:44Z,48.786007,2.040302,172.9,32.69,142.4,0.85,10
2025-09-18T16:19:45Z,48.785937,2.040382,172.4,35.23,142.0,0.85,10
2025-09-18T16:19:46Z,48.785864,2.040465,172.1,37.08,142.7,0.85,10
2025-09-18T16:19:47Z,48.785784,2.040552,171.8,39.32,144.0,0.85,10
2025-09-18T16:19:48Z,48.785702,2.040638,171.6,39.37,145.0,0.85,10
2025-09-18T16:19:49Z,48.785623,2.040720,171.1,37.19,144.1,0.85,10
2025-09-18T16:19:50Z,48.785549,2.040802,170.5,36.06,142.9,0.91,9
2025-09-18T16:19:51Z,48.785480,2.040878,170.1,32.89,143.6,0.91,9
2025-09-18T16:19:52Z,48.785421,2.040945,169.7,28.58,143.0,0.91,9
2025-09-18T16:19:53Z,48.785372,2.040999,169.5,22.26,143.0,0.85,10
2025-09-18T16:19:54Z,48.785336,2.041040,169.3,15.87,142.8,0.85,10
2025-09-18T16:19:55Z,48.785310,2.041068,169.0,11.83,143.4,0.85,10
2025-09-18T16:19:56Z,48.785285,2.041090,168.9,11.52,147.8,0.85,10
2025-09-18T16:19:57Z,48.785245,2.041107,169.2,17.71,159.9,0.85,10
2025-09-18T16:19:58Z,48.785195,2.041106,169.1,20.71,183.4,0.85,10
2025-09-18T16:19:59Z,48.785142,2.041103,168.8,20.58,182.9,0.85,10
2025-09-18T16:20:00Z,48.785095,2.041108,168.4,18.45,173.8,0.85,10
2025-09-18T16:20:01Z,48.785055,2.041130,168.6,16.83,160.4,1.23,9
2025-09-18T16:20:02Z,48.785024,2.041166,169.0,15.04,145.3,1.23,9
2025-09-18T16:20:03Z,48.785003,2.041208,169.3,13.45,129.2,1.23,9
2025-09-18T16:20:04Z,48.784993,2.041253,169.9,12.65,117.8,1.23,9
2025-09-18T16:20:05Z,48.784983,2.041304,170.1,14.70,110.5,1.61,10
2025-09-18T16:20:06Z,48.784970,2.041365,170.6,18.21,109.5,1.61,10
2025-09-18T16:20:07Z,48.784949,2.041433,171.0,20.93,116.5,0.85,10
2025-09-18T16:20:08Z,48.784913,2.041502,172.1,24.78,130.6,1.23,10
2025-09-18T16:20:09Z,48.784862,2.041570,172.2,27.85,138.2,1.61,10
2025-09-18T16:20:10Z,48.784806,2.041640,172.4,29.84,140.8,1.61,10
2025-09-18T16:20:11Z,48.784746,2.041710,172.5,29.34,141.5,1.61,10
2025-09-18T16:20:12Z,48.784675,2.041781,170.4,30.37,143.3,1.61,9
2025-09-18T16:20:13Z,48.784613,2.041845,170.4,29.56,143.9,1.61,9
2025-09-18T16:20:14Z,48.784550,2.041901,170.5,27.84,147.0,1.61,8
2025-09-18T16:20:15Z,48.784492,2.041949,171.1,25.58,149.9,1.61,8
2025-09-18T16:20:16Z,48.784448,2.041992,171.6,21.19,149.8,1.60,8
2025-09-18T16:20:17Z,48.784427,2.042039,172.2,14.50,143.0,1.60,8
2025-09-18T16:20:18Z,48.784418,2.042084,173.5,12.82,132.4,1.62,7
2025-09-18T16:20:19Z,48.784412,2.042123,174.2,10.20,121.3,1.62,7
2025-09-18T16:20:20Z,48.784408,2.042152,175.0,8.33,115.2,0.93,8
2025-09-18T16:20:21Z,48.784415,2.042177,177.9,6.33,114.1,0.88,9
2025-09-18T16:20:22Z,48.784415,2.042191,180.1,5.24,126.3,0.88,9
2025-09-18T16:20:23Z,48.784394,2.042193,179.3,6.89,143.9,1.43,6
2025-09-18T16:20:24Z,48.784357,2.042191,179.6,13.54,168.0,1.39,7
2025-09-18T16:20:25Z,48.784354,2.042193,187.4,11.63,168.5,1.63,7
2025-09-18T16:20:26Z,48.784356,2.042243,191.6,12.19,137.9,1.63,7
2025-09-18T16:20:27Z,48.784341,2.042291,195.7,13.41,135.3,0.97,9
2025-09-18T16:20:28Z,48.784323,2.042318,207.0,13.72,150.3,1.63,7
2025-09-18T16:20:29Z,48.784244,2.042327,211.1,19.67,163.1,1.63,7
2025-09-18T16:20:30Z,48.784185,2.042321,211.6,17.59,171.6,3.74,6
2025-09-18T16:20:31Z,48.784157,2.042347,216.5,10.78,170.1,1.69,6
2025-09-18T16:20:32Z,48.784130,2.042321,218.6,12.48,182.2,1.69,6
2025-09-18T16:20:33Z,48.784104,2.042235,221.1,16.71,221.2,1.05,9
2025-09-18T16:20:34Z,48.784067,2.042185,224.6,18.06,234.0,1.08,8
2025-09-18T16:20:35Z,48.784037,2.042139,229.5,15.80,234.8,1.08,9
2025-09-18T16:20:36Z,48.784014,2.042096,233.0,14.15,232.0,1.55,7
2025-09-18T16:20:37Z,48.783983,2.042045,233.5,15.43,231.7,1.47,8
2025-09-18T16:20:38Z,48.783943,2.041993,235.2,16.95,228.5,1.32,9
2025-09-18T16:20:39Z,48.783907,2.041947,238.1,16.59,227.1,1.32,8
2025-09-18T16:20:40Z,48.783873,2.041881,238.6,17.22,230.0,1.32,8
2025-09-18T16:20:41Z,48.783831,2.041819,237.3,14.59,229.3,1.04,9
2025-09-18T16:20:42Z,48.783775,2.041737,231.3,15.04,231.7,1.04,9
2025-09-18T16:20:43Z,48.783745,2.041690,231.8,13.20,232.3,1.69,8
2025-09-18T16:20:44Z,48.783703,2.041629,227.5,9.93,232.2,1.27,8
2025-09-18T16:20:45Z,48.783686,2.041603,229.2,7.24,228.7,1.32,9
2025-09-18T16:20:46Z,48.783651,2.041572,227.4,7.32,222.1,1.32,9
2025-09-18T16:20:47Z,48.783617,2.041512,223.9,7.24,219.4,1.32,9
2025-09-18T16:20:48Z,48.783583,2.041470,217.3,7.22,218.0,1.04,9
2025-09-18T16:20:49Z,48.783566,2.041442,215.7,8.09,225.1,1.04,9
2025-09-18T16:20:50Z,48.783539,2.041389,209.9,9.83,231.2,1.04,9
2025-09-18T16:20:51Z,48.783523,2.041355,209.0,8.67,231.2,1.04,10
2025-09-18T16:20:52Z,48.783514,2.041330,207.7,4.02,231.8,1.04,9
2025-09-18T16:20:53Z,48.783502,2.041303,204.7,3.06,231.7,1.04,9
2025-09-18T16:20:54Z,48.783488,2.041280,201.5,4.24,230.3,1.04,9
2025-09-18T16:20:55Z,48.783480,2.041265,200.3,4.24,226.8,1.08,8
2025-09-18T16:20:56Z,48.783467,2.041241,199.0,5.78,222.8,1.08,8
2025-09-18T16:20:57Z,48.783457,2.041214,199.6,5.82,225.9,0.85,10
2025-09-18T16:20:58Z,48.783449,2.041177,197.4,3.28,229.2,1.04,9
2025-09-18T16:20:59Z,48.783439,2.041149,195.0,3.85,231.8,1.04,9
2025-09-18T16:21:00Z,48.783428,2.041114,190.1,2.50,234.5,1.04,10
2025-09-18T16:21:10Z,48.783387,2.041033,172.9,7.89,234.8,1.04,10
2025-09-18T16:21:11Z,48.783360,2.040973,172.4,22.96,235.2,1.04,10
2025-09-18T16:21:12Z,48.783322,2.040883,172.9,29.47,236.9,0.85,10
2025-09-18T16:21:13Z,48.783280,2.040802,172.9,26.39,230.6,0.85,10
2025-09-18T16:21:14Z,48.783233,2.040758,173.4,21.58,209.4,0.85,10
2025-09-18T16:21:15Z,48.783184,2.040768,173.5,21.21,166.9,1.22,9
2025-09-18T16:21:16Z,48.783130,2.040818,174.3,28.11,146.2,1.22,9
2025-09-18T16:21:17Z,48.783064,2.040892,174.9,34.73,142.9,0.85,10
2025-09-18T16:21:18Z,48.782976,2.040973,174.0,41.80,148.9,0.85,10
2025-09-18T16:21:19Z,48.782872,2.041034,172.9,44.04,160.5,0.85,10
2025-09-18T16:21:20Z,48.782758,2.041062,172.8,46.93,174.2,0.88,9
2025-09-18T16:21:21Z,48.782626,2.041038,171.6,52.89,190.2,0.85,10
2025-09-18T16:21:22Z,48.782489,2.040972,171.3,59.84,200.8,1.32,8
2025-09-18T16:21:23Z,48.782341,2.040883,169.5,64.36,202.8,1.22,9
2025-09-18T16:21:24Z,48.782202,2.040796,168.4,58.06,202.3,1.22,9
2025-09-18T16:21:25Z,48.782075,2.040722,167.7,53.08,200.7,1.22,9
2025-09-18T16:21:26Z,48.781958,2.040657,167.3,48.28,199.7,1.22,9
2025-09-18T16:21:27Z,48.781853,2.040599,166.7,43.61,199.6,1.22,9
2025-09-18T16:21:28Z,48.781758,2.040548,166.5,39.39,199.3,1.22,9
2025-09-18T16:21:29Z,48.781669,2.040503,165.2,36.74,199.7,0.90,9
2025-09-18T16:21:30Z,48.781592,2.040461,164.2,31.43,201.6,0.90,9
2025-09-18T16:21:31Z,48.781529,2.040429,164.7,26.95,199.1,1.22,9
2025-09-18T16:21:32Z,48.781467,2.040395,163.9,25.13,201.0,0.85,10
2025-09-18T16:21:33Z,48.781420,2.040359,164.3,20.41,204.7,0.85,10
2025-09-18T16:21:34Z,48.781377,2.040331,163.7,17.37,205.0,0.85,10
2025-09-18T16:21:35Z,48.781342,2.040305,162.9,13.65,205.6,0.85,10
2025-09-18T16:21:36Z,48.781309,2.040286,161.9,12.15,203.4,0.85,10
2025-09-18T16:21:37Z,48.781288,2.040274,161.3,7.07,203.3,0.85,10
2025-09-18T16:21:38Z,48.781275,2.040267,160.6,4.09,202.2,0.85,10
2025-09-18T16:22:13Z,48.781248,2.040275,157.0,2.85,200.4,0.85,10
2025-09-18T16:22:14Z,48.781224,2.040257,157.1,13.83,207.3,0.85,10
2025-09-18T16:22:15Z,48.781174,2.040227,157.4,24.09,201.8,0.85,10
2025-09-18T16:22:16Z,48.781106,2.040217,157.2,28.87,180.3,0.85,10
2025-09-18T16:22:17Z,48.781034,2.040247,156.3,31.19,156.2,0.85,10
2025-09-18T16:22:18Z,48.780972,2.040322,156.1,33.11,135.4,0.85,10
2025-09-18T16:22:19Z,48.780928,2.040433,156.5,35.19,117.9,0.85,10
2025-09-18T16:22:20Z,48.780891,2.040566,156.4,39.47,109.6,0.85,10
2025-09-18T16:22:21Z,48.780858,2.040706,156.4,39.60,109.5,0.85,10
2025-09-18T16:22:22Z,48.780827,2.040834,156.2,35.15,110.2,0.88,10
2025-09-18T16:22:23Z,48.780797,2.040951,156.8,32.56,111.7,0.88,9
2025-09-18T16:22:24Z,48.780772,2.041060,157.3,30.63,110.6,0.88,9
2025-09-18T16:22:25Z,48.780749,2.041157,157.5,26.52,111.0,1.22,9
2025-09-18T16:22:26Z,48.780724,2.041235,157.4,21.80,112.9,1.22,9
2025-09-18T16:22:27Z,48.780704,2.041307,158.3,20.74,112.9,1.22,9
2025-09-18T16:22:28Z,48.780683,2.041381,159.1,21.74,114.3,1.22,9
2025-09-18T16:22:29Z,48.780663,2.041459,160.2,22.32,113.1,1.24,8
2025-09-18T16:22:30Z,48.780647,2.041535,161.0,20.67,110.8,1.24,8
2025-09-18T16:22:31Z,48.780629,2.041619,161.2,23.17,108.7,1.22,9
2025-09-18T16:22:32Z,48.780616,2.041689,162.3,18.69,107.4,1.22,9
2025-09-18T16:22:33Z,48.780605,2.041752,163.2,16.82,107.6,1.22,9
2025-09-18T16:22:34Z,48.780597,2.041806,164.6,14.35,108.9,1.30,8
2025-09-18T16:22:35Z,48.780589,2.041848,164.7,10.45,107.9,0.88,9
2025-09-18T16:22:36Z,48.780585,2.041893,164.4,11.35,102.1,0.88,9
2025-09-18T16:22:37Z,48.780588,2.041950,167.0,14.61,104.1,0.85,10
2025-09-18T16:22:38Z,48.780584,2.042014,169.8,17.17,102.5,1.22,9
2025-09-18T16:22:39Z,48.780565,2.042094,170.1,21.74,107.3,1.22,9
2025-09-18T16:22:40Z,48.780542,2.042177,170.4,22.76,109.8,1.57,9
2025-09-18T16:22:41Z,48.780526,2.042257,173.1,22.52,111.8,0.85,10
2025-09-18T16:22:42Z,48.780499,2.042341,173.0,24.17,111.3,1.57,8
2025-09-18T16:22:43Z,48.780467,2.042433,172.5,25.93,111.9,1.57,8
2025-09-18T16:22:44Z,48.780440,2.042530,173.4,27.09,111.3,0.85,10
2025-09-18T16:22:45Z,48.780415,2.042620,174.1,24.35,110.7,0.95,8
2025-09-18T16:22:46Z,48.780394,2.042696,175.1,21.32,113.4,0.97,8
2025-09-18T16:22:47Z,48.780377,2.042756,175.8,15.33,112.0,0.92,9
2025-09-18T16:22:48Z,48.780369,2.042804,177.5,12.58,112.7,0.97,8
2025-09-18T16:22:49Z,48.780356,2.042845,177.9,11.32,110.7,1.57,8
2025-09-18T16:22:50Z,48.780346,2.042878,177.9,8.07,109.5,1.57,8
2025-09-18T16:22:51Z,48.780337,2.042905,178.1,6.28,107.0,1.22,9
2025-09-18T16:22:52Z,48.780328,2.042929,177.8,5.87,107.5,1.22,9
2025-09-18T16:22:53Z,48.780319,2.042956,178.2,7.63,107.6,1.24,8
2025-09-18T16:22:54Z,48.780314,2.042997,178.5,11.19,101.5,0.88,9
2025-09-18T16:22:55Z,48.780303,2.043058,177.9,16.89,105.3,0.85,10
2025-09-18T16:22:56Z,48.780287,2.043114,178.3,15.15,112.7,0.85,10
2025-09-18T16:22:57Z,48.780260,2.043182,177.7,18.63,118.5,0.85,10
2025-09-18T16:22:58Z,48.780246,2.043250,177.7,17.71,113.8,1.04,9
2025-09-18T16:22:59Z,48.780248,2.043317,176.6,17.46,91.9,1.04,9
2025-09-18T16:23:00Z,48.780281,2.043369,174.5,20.78,35.5,1.04,9
2025-09-18T16:23:01Z,48.780312,2.043398,170.9,20.17,23.1,1.04,9
2025-09-18T16:23:02Z,48.780339,2.043433,167.8,18.30,29.2,1.04,9
2025-09-18T16:23:03Z,48.780361,2.043480,166.1,19.33,41.0,1.04,9
2025-09-18T16:23:04Z,48.780387,2.043540,164.9,19.71,51.3,1.04,9
2025-09-18T16:23:05Z,48.780412,2.043603,163.2,20.22,53.9,1.04,10
2025-09-18T16:23:06Z,48.780438,2.043701,162.8,28.85,67.2,1.06,8
2025-09-18T16:23:07Z,48.780479,2.043801,162.9,32.04,57.0,1.19,8
2025-09-18T16:23:08Z,48.780525,2.043916,162.5,36.11,52.9,1.02,8
2025-09-18T16:23:09Z,48.780569,2.044028,162.5,34.15,56.8,1.02,7
2025-09-18T16:23:10Z,48.780619,2.044142,161.6,34.39,53.7,0.95,8
2025-09-18T16:23:11Z,48.780661,2.044234,160.8,28.45,53.4,0.95,8
2025-09-18T16:23:12Z,48.780699,2.044315,161.4,24.32,54.0,1.24,8
2025-09-18T16:23:13Z,48.780722,2.044382,160.3,18.56,54.5,1.24,8
2025-09-18T16:23:14Z,48.780732,2.044448,160.5,16.78,61.3,1.22,9
2025-09-18T16:23:15Z,48.780735,2.044490,161.3,8.11,67.7,1.22,9
2025-09-18T16:23:16Z,48.780736,2.044513,161.1,4.26,74.0,1.22,9
2025-09-18T16:23:17Z,48.780739,2.044539,162.5,5.13,100.0,1.22,9
2025-09-18T16:23:18Z,48.780726,2.044566,162.3,9.65,134.4,1.22,9
2025-09-18T16:23:19Z,48.780705,2.044589,162.8,8.85,136.9,1.22,9
2025-09-18T16:23:20Z,48.780691,2.044602,163.7,6.11,138.4,1.22,9
2025-09-18T16:23:21Z,48.780685,2.044608,164.0,2.02,138.4,1.43,9
2025-09-18T16:23:55Z,48.780706,2.044492,179.0,8.52,144.3,1.71,7
2025-09-18T16:23:56Z,48.780669,2.044528,179.3,18.91,145.2,1.55,8
2025-09-18T16:23:57Z,48.780616,2.044579,179.3,26.65,145.6,1.55,8
2025-09-18T16:23:58Z,48.780555,2.044644,179.5,30.63,145.1,1.97,7
2025-09-18T16:23:59Z,48.780555,2.044644,179.5,30.63,145.1,99.99,0
2025-09-18T16:26:29Z,48.779500,2.044221,171.2,2.46,145.1,1.49,5
2025-09-18T16:26:30Z,48.779508,2.044231,168.4,4.48,155.6,1.37,7
2025-09-18T16:26:31Z,48.779520,2.044210,167.4,4.24,154.9,1.42,6
2025-09-18T16:26:32Z,48.779532,2.044191,166.4,3.56,156.0,0.97,8
2025-09-18T16:26:33Z,48.779520,2.044209,165.1,4.15,150.0,0.91,10
2025-09-18T16:26:34Z,48.779514,2.044234,163.6,4.13,144.2,0.91,9
2025-09-18T16:26:35Z,48.779507,2.044241,163.4,4.35,144.0,0.91,9
2025-09-18T16:26:36Z,48.779503,2.044237,163.6,3.82,152.3,0.85,10
2025-09-18T16:26:37Z,48.779496,2.044235,163.8,3.96,158.7,0.85,10
2025-09-18T16:26:38Z,48.779493,2.044223,164.5,3.02,168.7,0.85,10
2025-09-18T16:26:39Z,48.779487,2.044218,164.8,2.74,168.7,0.85,10
2025-09-18T16:26:40Z,48.779481,2.044220,165.3,3.52,158.6,0.92,10
2025-09-18T16:26:41Z,48.779471,2.044227,166.0,4.07,152.4,0.90,10
2025-09-18T16:26:42Z,48.779466,2.044231,166.7,2.63,152.4,1.01,9
2025-09-18T16:26:43Z,48.779455,2.044229,167.1,3.74,154.0,0.90,10
2025-09-18T16:26:44Z,48.779444,2.044229,167.3,3.35,153.4,0.88,10
2025-09-18T16:26:45Z,48.779431,2.044221,167.6,3.28,160.5,0.85,10
2025-09-18T16:26:46Z,48.779420,2.044225,167.9,3.50,158.2,0.90,10
2025-09-18T16:26:47Z,48.779404,2.044223,168.2,3.98,158.3,0.85,10
2025-09-18T16:26:48Z,48.779395,2.044218,169.0,3.76,161.5,0.90,9
2025-09-18T16:26:49Z,48.779382,2.044222,168.8,4.59,159.0,0.90,9
2025-09-18T16:26:50Z,48.779367,2.044230,168.4,4.35,158.5,1.01,9
2025-09-18T16:26:51Z,48.779353,2.044228,168.4,3.83,157.8,0.85,10
2025-09-18T16:26:52Z,48.779337,2.044227,168.3,4.32,159.5,0.88,9
2025-09-18T16:26:53Z,48.779326,2.044232,168.4,4.13,155.5,0.85,10
2025-09-18T16:26:54Z,48.779315,2.044230,168.7,4.00,158.4,0.90,9
2025-09-18T16:26:55Z,48.779306,2.044215,169.1,3.22,184.3,0.90,9
2025-09-18T16:26:56Z,48.779299,2.044212,169.3,3.15,186.7,0.94,9
2025-09-18T16:26:57Z,48.779293,2.044215,169.6,2.78,186.7,0.98,8
2025-09-18T16:26:58Z,48.779284,2.044216,169.6,3.06,186.7,0.98,8
2025-09-18T16:26:59Z,48.779280,2.044221,170.1,2.87,186.7,0.89,9
2025-09-18T16:27:00Z,48.779273,2.044221,170.4,2.94,166.9,0.93,8
2025-09-18T16:27:01Z,48.779267,2.044221,170.9,2.91,164.9,0.93,8
2025-09-18T16:27:02Z,48.779259,2.044224,170.8,2.57,164.9,0.93,9
2025-09-18T16:27:03Z,48.779254,2.044232,170.9,2.37,164.9,1.02,8
2025-09-18T16:27:04Z,48.779248,2.044233,170.6,2.00,164.9,1.02,7
2025-09-18T16:27:20Z,48.779206,2.044237,166.8,2.91,164.9,0.98,8
2025-09-18T16:27:50Z,48.779149,2.044254,164.5,2.13,149.0,0.91,9
2025-09-18T16:28:59Z,48.779147,2.044234,165.2,2.80,127.8,0.97,8
2025-09-18T16:30:19Z,48.779134,2.044293,165.8,2.04,108.9,0.90,9
2025-09-18T16:31:32Z,48.779069,2.044229,172.7,2.31,108.9,0.88,9
2025-09-18T16:32:07Z,48.779046,2.044329,174.0,2.28,108.9,0.91,9
2025-09-18T16:33:15Z,48.779057,2.044345,179.5,2.00,108.9,0.86,10
2025-09-18T16:33:18Z,48.779058,2.044339,178.5,2.07,108.9,0.92,9
2025-09-18T16:33:27Z,48.779052,2.044316,179.9,2.06,108.9,0.96,8
2025-09-18T16:34:19Z,48.779093,2.044364,171.9,2.20,148.5,0.97,8
2025-09-18T16:34:26Z,48.779108,2.044385,169.8,2.15,77.7,1.04,7
2025-09-18T16:34:46Z,48.779091,2.044372,172.2,2.13,158.5,0.91,9
2025-09-18T16:35:00Z,48.779082,2.044350,173.3,2.00,158.5,0.92,9
2025-09-18T16:35:12Z,48.779069,2.044333,176.5,2.63,155.6,0.88,9
2025-09-18T16:35:13Z,48.779064,2.044335,176.5,2.00,155.6,0.98,8
2025-09-18T16:35:18Z,48.779049,2.044334,176.7,2.00,190.6,0.92,9
2025-09-18T16:35:19Z,48.779043,2.044337,177.0,2.46,190.6,0.86,10
2025-09-18T16:35:20Z,48.779032,2.044335,177.1,3.72,177.5,0.86,10
2025-09-18T16:35:21Z,48.779024,2.044335,176.9,3.74,171.7,0.86,10
2025-09-18T16:35:22Z,48.779018,2.044344,176.8,3.85,154.4,0.86,10
2025-09-18T16:35:23Z,48.779010,2.044345,177.1,3.32,152.3,0.86,10
2025-09-18T16:35:24Z,48.779001,2.044348,177.6,3.69,153.5,0.92,9
2025-09-18T16:35:25Z,48.778992,2.044355,177.7,4.26,151.2,0.92,9
2025-09-18T16:35:26Z,48.778982,2.044359,178.0,3.89,152.2,0.92,9
2025-09-18T16:35:27Z,48.778970,2.044358,178.5,4.46,158.2,0.92,9
2025-09-18T16:35:28Z,48.778959,2.044350,178.9,4.19,171.6,0.86,10
2025-09-18T16:35:29Z,48.778946,2.044356,179.5,4.80,166.7,0.86,10
2025-09-18T16:35:30Z,48.778937,2.044357,179.4,4.06,169.8,0.86,10
2025-09-18T16:35:31Z,48.778930,2.044365,179.8,3.59,165.0,0.86,10
2025-09-18T16:35:32Z,48.778920,2.044366,180.1,3.80,161.8,0.93,8
2025-09-18T16:35:33Z,48.778906,2.044372,180.1,4.70,160.5,0.91,9
2025-09-18T16:35:34Z,48.778896,2.044377,180.1,4.61,158.8,0.91,9
2025-09-18T16:35:35Z,48.778889,2.044392,179.6,4.69,147.7,0.91,9
2025-09-18T16:35:36Z,48.778884,2.044405,180.0,3.65,138.4,0.86,10
2025-09-18T16:35:37Z,48.778876,2.044406,180.3,3.61,141.5,0.91,10
2025-09-18T16:35:38Z,48.778871,2.044419,180.1,2.87,139.4,0.86,10
2025-09-18T16:35:40Z,48.778861,2.044434,179.7,2.82,139.4,0.89,10
2025-09-18T16:35:41Z,48.778854,2.044444,179.5,3.50,139.4,0.86,10
2025-09-18T16:35:42Z,48.778843,2.044449,179.5,3.85,146.8,0.86,10
2025-09-18T16:35:43Z,48.778831,2.044456,179.6,4.17,148.3,0.86,10
2025-09-18T16:35:44Z,48.778822,2.044477,178.9,4.69,148.6,0.86,10
2025-09-18T16:35:45Z,48.778829,2.044536,176.9,4.93,142.2,0.86,10
2025-09-18T16:35:46Z,48.778841,2.044592,173.2,4.82,143.8,0.86,10
2025-09-18T16:35:47Z,48.778848,2.044640,169.9,5.13,144.6,0.86,10
2025-09-18T16:35:48Z,48.778839,2.044661,169.4,5.17,144.7,0.86,10
2025-09-18T16:35:49Z,48.778834,2.044688,169.1,5.04,143.3,0.86,10
2025-09-18T16:35:50Z,48.778835,2.044713,169.8,3.20,144.9,0.91,9
2025-09-18T16:35:51Z,48.778833,2.044727,169.8,2.61,143.4,0.91,9
2025-09-18T16:35:52Z,48.778829,2.044750,170.2,4.07,141.4,0.92,9
2025-09-18T16:35:53Z,48.778824,2.044773,170.3,4.57,143.9,0.86,10
2025-09-18T16:35:54Z,48.778821,2.044792,170.2,4.20,144.2,0.86,10
2025-09-18T16:35:55Z,48.778815,2.044813,170.1,4.82,142.5,0.91,9
2025-09-18T16:35:56Z,48.778809,2.044831,170.2,4.70,138.1,0.91,9
2025-09-18T16:35:57Z,48.778806,2.044849,170.2,3.98,135.4,0.86,10
2025-09-18T16:35:58Z,48.778800,2.044853,169.8,3.46,143.4,0.91,9
2025-09-18T16:35:59Z,48.778790,2.044845,169.9,3.94,188.1,0.86,10
2025-09-18T16:36:00Z,48.778779,2.044840,169.8,4.04,191.8,0.96,8
2025-09-18T16:36:01Z,48.778768,2.044843,170.4,3.74,183.5,0.96,8
2025-09-18T16:36:02Z,48.778760,2.044849,170.7,3.54,174.6,1.06,8
2025-09-18T16:36:03Z,48.778747,2.044841,170.9,4.17,182.5,1.06,7
2025-09-18T16:36:04Z,48.778737,2.044826,171.6,4.32,191.1,1.06,7
2025-09-18T16:36:05Z,48.778723,2.044825,172.5,5.61,195.6,1.06,7
2025-09-18T16:36:06Z,48.778703,2.044808,173.3,6.76,197.7,1.06,7
2025-09-18T16:36:07Z,48.778688,2.044808,173.3,6.44,195.3,1.26,6
2025-09-18T16:36:08Z,48.778677,2.044811,173.2,5.09,193.1,1.26,6
2025-09-18T16:36:09Z,48.778663,2.044814,173.4,4.93,188.6,1.09,7
2025-09-18T16:36:10Z,48.778649,2.044818,173.0,5.61,181.2,1.09,7
2025-09-18T16:36:11Z,48.778639,2.044831,173.0,4.61,173.1,0.96,8
2025-09-18T16:36:12Z,48.778627,2.044840,173.2,4.78,163.9,0.91,9
2025-09-18T16:36:13Z,48.778615,2.044847,173.4,5.20,160.5,0.91,9
2025-09-18T16:36:14Z,48.778604,2.044862,173.3,5.07,157.2,0.91,9
2025-09-18T16:36:15Z,48.778596,2.044879,172.9,3.74,153.1,0.86,10
2025-09-18T16:36:16Z,48.778590,2.044894,172.5,3.15,153.1,0.92,9
2025-09-18T16:36:17Z,48.778590,2.044931,171.5,4.00,114.0,0.92,9
2025-09-18T16:36:18Z,48.778588,2.044960,170.7,3.20,107.1,0.92,9
2025-09-18T16:36:19Z,48.778582,2.045003,168.8,3.61,97.3,0.92,9
2025-09-18T16:36:20Z,48.778576,2.045018,167.9,2.65,97.3,0.92,9
2025-09-18T16:36:21Z,48.778579,2.045037,167.7,3.35,97.3,0.92,9
2025-09-18T16:36:22Z,48.778574,2.045053,167.6,3.70,92.1,0.86,10
2025-09-18T16:36:23Z,48.778569,2.045065,167.5,2.94,92.1,0.86,10
2025-09-18T16:36:24Z,48.778565,2.045069,167.3,2.19,92.1,0.86,10
2025-09-18T16:36:26Z,48.778554,2.045090,166.9,3.09,92.1,0.94,9
2025-09-18T16:36:27Z,48.778549,2.045091,167.0,2.13,92.1,0.95,8
2025-09-18T16:36:29Z,48.778531,2.045119,167.0,3.91,92.1,1.07,7
2025-09-18T16:36:30Z,48.778522,2.045136,167.1,4.50,92.1,1.10,6
2025-09-18T16:36:31Z,48.778522,2.045136,167.1,4.50,92.1,99.99,0
2025-09-18T16:36:32Z,48.778530,2.045139,167.4,2.28,92.1,4.32,4
