<?xml version="1.0" encoding="UTF-8"?>
<gpx version="1.1" creator="ESP32 GPS Logger" xmlns="http://www.topografix.com/GPX/1/1">
  <metadata>
    <time>1970-01-01T00:00:00Z</time>
  </metadata>
  <trk>
    <name>1970-01-01T00:00:00Z</name>
    <trkseg>
      <trkpt lat="48.779746" lon="2.044075"><ele>129.9</ele><time>2025-09-18T14:13:05Z</time></trkpt>
      <trkpt lat="48.779710" lon="2.044007"><ele>128.3</ele><time>2025-09-18T14:13:06Z</time></trkpt>
      <trkpt lat="48.779718" lon="2.044021"><ele>125.1</ele><time>2025-09-18T14:13:08Z</time></trkpt>
      <trkpt lat="48.779707" lon="2.043998"><ele>127.9</ele><time>2025-09-18T14:13:09Z</time></trkpt>
      <trkpt lat="48.779722" lon="2.044010"><ele>129.7</ele><time>2025-09-18T14:13:10Z</time></trkpt>
      <trkpt lat="48.779722" lon="2.044010"><ele>129.7</ele><time>2025-09-18T14:13:11Z</time></trkpt>
      <trkpt lat="48.779696" lon="2.044088"><ele>129.3</ele><time>2025-09-18T14:17:33Z</time></trkpt>
      <trkpt lat="48.779691" lon="2.044093"><ele>128.0</ele><time>2025-09-18T14:17:34Z</time></trkpt>
      <trkpt lat="48.779699" lon="2.044100"><ele>128.8</ele><time>2025-09-18T14:17:35Z</time></trkpt>
      <trkpt lat="48.779689" lon="2.044105"><ele>127.4</ele><time>2025-09-18T14:17:47Z</time></trkpt>
      <trkpt lat="48.779689" lon="2.044093"><ele>127.0</ele><time>2025-09-18T14:17:48Z</time></trkpt>
      <trkpt lat="48.779686" lon="2.044087"><ele>126.9</ele><time>2025-09-18T14:17:49Z</time></trkpt>
      <trkpt lat="48.779685" lon="2.044080"><ele>126.5</ele><time>2025-09-18T14:17:50Z</time></trkpt>
      <trkpt lat="48.779685" lon="2.044080"><ele>126.5</ele><time>2025-09-18T14:17:51Z</time></trkpt>
      <trkpt lat="48.779516" lon="2.044211"><ele>179.7</ele><time>2025-09-18T14:18:05Z</time></trkpt>
      <trkpt lat="48.779534" lon="2.044230"><ele>176.4</ele><time>2025-09-18T14:18:07Z</time></trkpt>
      <trkpt lat="48.779562" lon="2.044209"><ele>164.0</ele><time>2025-09-18T14:18:16Z</time></trkpt>
      <trkpt lat="48.779563" lon="2.044213"><ele>164.5</ele><time>2025-09-18T14:18:18Z</time></trkpt>
      <trkpt lat="48.779588" lon="2.044195"><ele>161.9</ele><time>2025-09-18T14:19:20Z</time></trkpt>
      <trkpt lat="48.779588" lon="2.044154"><ele>161.8</ele><time>2025-09-18T14:19:21Z</time></trkpt>
      <trkpt lat="48.779595" lon="2.044105"><ele>162.1</ele><time>2025-09-18T14:19:22Z</time></trkpt>
      <trkpt lat="48.779622" lon="2.044049"><ele>162.2</ele><time>2025-09-18T14:19:23Z</time></trkpt>
      <trkpt lat="48.779668" lon="2.043985"><ele>162.3</ele><time>2025-09-18T14:19:24Z</time></trkpt>
      <trkpt lat="48.779725" lon="2.043921"><ele>162.4</ele><time>2025-09-18T14:19:25Z</time></trkpt>
      <trkpt lat="48.779784" lon="2.043858"><ele>162.3</ele><time>2025-09-18T14:19:26Z</time></trkpt>
      <trkpt lat="48.779841" lon="2.043791"><ele>162.5</ele><time>2025-09-18T14:19:27Z</time></trkpt>
      <trkpt lat="48.779892" lon="2.043724"><ele>162.6</ele><time>2025-09-18T14:19:28Z</time></trkpt>
      <trkpt lat="48.779928" lon="2.043661"><ele>162.5</ele><time>2025-09-18T14:19:29Z</time></trkpt>
      <trkpt lat="48.779946" lon="2.043611"><ele>162.8</ele><time>2025-09-18T14:19:30Z</time></trkpt>
      <trkpt lat="48.779960" lon="2.043563"><ele>162.7</ele><time>2025-09-18T14:19:31Z</time></trkpt>
      <trkpt lat="48.779978" lon="2.043513"><ele>164.2</ele><time>2025-09-18T14:19:32Z</time></trkpt>
      <trkpt lat="48.780005" lon="2.043474"><ele>165.0</ele><time>2025-09-18T14:19:33Z</time></trkpt>
      <trkpt lat="48.780037" lon="2.043450"><ele>164.8</ele><time>2025-09-18T14:19:34Z</time></trkpt>
      <trkpt lat="48.780078" lon="2.043439"><ele>164.0</ele><time>2025-09-18T14:19:35Z</time></trkpt>
      <trkpt lat="48.780126" lon="2.043437"><ele>163.3</ele><time>2025-09-18T14:19:36Z</time></trkpt>
      <trkpt lat="48.780174" lon="2.043428"><ele>163.7</ele><time>2025-09-18T14:19:37Z</time></trkpt>
      <trkpt lat="48.780212" lon="2.043398"><ele>163.8</ele><time>2025-09-18T14:19:38Z</time></trkpt>
      <trkpt lat="48.780231" lon="2.043349"><ele>163.7</ele><time>2025-09-18T14:19:39Z</time></trkpt>
      <trkpt lat="48.780229" lon="2.043298"><ele>162.8</ele><time>2025-09-18T14:19:40Z</time></trkpt>
      <trkpt lat="48.780205" lon="2.043264"><ele>162.7</ele><time>2025-09-18T14:19:41Z</time></trkpt>
      <trkpt lat="48.780171" lon="2.043261"><ele>162.6</ele><time>2025-09-18T14:19:42Z</time></trkpt>
      <trkpt lat="48.780141" lon="2.043276"><ele>162.4</ele><time>2025-09-18T14:19:43Z</time></trkpt>
      <trkpt lat="48.780121" lon="2.043296"><ele>163.4</ele><time>2025-09-18T14:19:44Z</time></trkpt>
      <trkpt lat="48.780107" lon="2.043311"><ele>162.2</ele><time>2025-09-18T14:19:45Z</time></trkpt>
      <trkpt lat="48.780089" lon="2.043333"><ele>162.0</ele><time>2025-09-18T14:19:46Z</time></trkpt>
      <trkpt lat="48.780057" lon="2.043367"><ele>162.1</ele><time>2025-09-18T14:19:47Z</time></trkpt>
      <trkpt lat="48.780017" lon="2.043407"><ele>162.2</ele><time>2025-09-18T14:19:48Z</time></trkpt>
      <trkpt lat="48.779971" lon="2.043453"><ele>162.1</ele><time>2025-09-18T14:19:49Z</time></trkpt>
      <trkpt lat="48.779922" lon="2.043508"><ele>162.0</ele><time>2025-09-18T14:19:50Z</time></trkpt>
      <trkpt lat="48.779870" lon="2.043570"><ele>162.0</ele><time>2025-09-18T14:19:51Z</time></trkpt>
      <trkpt lat="48.779805" lon="2.043645"><ele>162.0</ele><time>2025-09-18T14:19:52Z</time></trkpt>
      <trkpt lat="48.779722" lon="2.043745"><ele>161.9</ele><time>2025-09-18T14:19:53Z</time></trkpt>
      <trkpt lat="48.779618" lon="2.043867"><ele>161.7</ele><time>2025-09-18T14:19:54Z</time></trkpt>
      <trkpt lat="48.779502" lon="2.043995"><ele>161.6</ele><time>2025-09-18T14:19:55Z</time></trkpt>
      <trkpt lat="48.779383" lon="2.044122"><ele>161.4</ele><time>2025-09-18T14:19:56Z</time></trkpt>
      <trkpt lat="48.779266" lon="2.044248"><ele>161.2</ele><time>2025-09-18T14:19:57Z</time></trkpt>
      <trkpt lat="48.779154" lon="2.044371"><ele>161.0</ele><time>2025-09-18T14:19:58Z</time></trkpt>
      <trkpt lat="48.779049" lon="2.044489"><ele>160.9</ele><time>2025-09-18T14:19:59Z</time></trkpt>
      <trkpt lat="48.778948" lon="2.044605"><ele>160.9</ele><time>2025-09-18T14:20:00Z</time></trkpt>
      <trkpt lat="48.778845" lon="2.044718"><ele>161.1</ele><time>2025-09-18T14:20:01Z</time></trkpt>
      <trkpt lat="48.778744" lon="2.044833"><ele>161.0</ele><time>2025-09-18T14:20:02Z</time></trkpt>
      <trkpt lat="48.778644" lon="2.044950"><ele>160.7</ele><time>2025-09-18T14:20:03Z</time></trkpt>
      <trkpt lat="48.778549" lon="2.045058"><ele>160.4</ele><time>2025-09-18T14:20:04Z</time></trkpt>
      <trkpt lat="48.778461" lon="2.045157"><ele>160.1</ele><time>2025-09-18T14:20:05Z</time></trkpt>
      <trkpt lat="48.778376" lon="2.045255"><ele>159.9</ele><time>2025-09-18T14:20:06Z</time></trkpt>
      <trkpt lat="48.778291" lon="2.045350"><ele>159.8</ele><time>2025-09-18T14:20:07Z</time></trkpt>
      <trkpt lat="48.778206" lon="2.045446"><ele>159.9</ele><time>2025-09-18T14:20:08Z</time></trkpt>
      <trkpt lat="48.778122" lon="2.045542"><ele>159.5</ele><time>2025-09-18T14:20:09Z</time></trkpt>
      <trkpt lat="48.778040" lon="2.045637"><ele>159.9</ele><time>2025-09-18T14:20:10Z</time></trkpt>
      <trkpt lat="48.777955" lon="2.045735"><ele>160.1</ele><time>2025-09-18T14:20:11Z</time></trkpt>
      <trkpt lat="48.777863" lon="2.045838"><ele>160.3</ele><time>2025-09-18T14:20:12Z</time></trkpt>
      <trkpt lat="48.777767" lon="2.045945"><ele>160.7</ele><time>2025-09-18T14:20:13Z</time></trkpt>
      <trkpt lat="48.777669" lon="2.046054"><ele>160.8</ele><time>2025-09-18T14:20:14Z</time></trkpt>
      <trkpt lat="48.777572" lon="2.046170"><ele>161.0</ele><time>2025-09-18T14:20:15Z</time></trkpt>
      <trkpt lat="48.777478" lon="2.046284"><ele>161.0</ele><time>2025-09-18T14:20:16Z</time></trkpt>
      <trkpt lat="48.777393" lon="2.046388"><ele>161.0</ele><time>2025-09-18T14:20:17Z</time></trkpt>
      <trkpt lat="48.777316" lon="2.046479"><ele>160.7</ele><time>2025-09-18T14:20:18Z</time></trkpt>
      <trkpt lat="48.777243" lon="2.046555"><ele>160.6</ele><time>2025-09-18T14:20:19Z</time></trkpt>
      <trkpt lat="48.777164" lon="2.046614"><ele>160.4</ele><time>2025-09-18T14:20:20Z</time></trkpt>
      <trkpt lat="48.777078" lon="2.046647"><ele>160.1</ele><time>2025-09-18T14:20:21Z</time></trkpt>
      <trkpt lat="48.776991" lon="2.046644"><ele>160.0</ele><time>2025-09-18T14:20:22Z</time></trkpt>
      <trkpt lat="48.776915" lon="2.046615"><ele>159.7</ele><time>2025-09-18T14:20:23Z</time></trkpt>
      <trkpt lat="48.776848" lon="2.046579"><ele>159.5</ele><time>2025-09-18T14:20:24Z</time></trkpt>
      <trkpt lat="48.776778" lon="2.046541"><ele>159.4</ele><time>2025-09-18T14:20:25Z</time></trkpt>
      <trkpt lat="48.776712" lon="2.046499"><ele>159.3</ele><time>2025-09-18T14:20:26Z</time></trkpt>
      <trkpt lat="48.776645" lon="2.046462"><ele>160.3</ele><time>2025-09-18T14:20:27Z</time></trkpt>
      <trkpt lat="48.776580" lon="2.046422"><ele>161.0</ele><time>2025-09-18T14:20:28Z</time></trkpt>
      <trkpt lat="48.776523" lon="2.046356"><ele>160.8</ele><time>2025-09-18T14:20:29Z</time></trkpt>
      <trkpt lat="48.776475" lon="2.046266"><ele>161.2</ele><time>2025-09-18T14:20:30Z</time></trkpt>
      <trkpt lat="48.776434" lon="2.046160"><ele>161.4</ele><time>2025-09-18T14:20:31Z</time></trkpt>
      <trkpt lat="48.776388" lon="2.046059"><ele>161.1</ele><time>2025-09-18T14:20:32Z</time></trkpt>
      <trkpt lat="48.776323" lon="2.045990"><ele>161.6</ele><time>2025-09-18T14:20:33Z</time></trkpt>
      <trkpt lat="48.776245" lon="2.045965"><ele>161.9</ele><time>2025-09-18T14:20:34Z</time></trkpt>
      <trkpt lat="48.776170" lon="2.045974"><ele>161.7</ele><time>2025-09-18T14:20:35Z</time></trkpt>
      <trkpt lat="48.776096" lon="2.045995"><ele>161.3</ele><time>2025-09-18T14:20:36Z</time></trkpt>
      <trkpt lat="48.776023" lon="2.046003"><ele>161.4</ele><time>2025-09-18T14:20:37Z</time></trkpt>
      <trkpt lat="48.775954" lon="2.045980"><ele>161.5</ele><time>2025-09-18T14:20:38Z</time></trkpt>
      <trkpt lat="48.775882" lon="2.045943"><ele>161.5</ele><time>2025-09-18T14:20:39Z</time></trkpt>
      <trkpt lat="48.775803" lon="2.045906"><ele>161.7</ele><time>2025-09-18T14:20:40Z</time></trkpt>
      <trkpt lat="48.775711" lon="2.045886"><ele>162.1</ele><time>2025-09-18T14:20:41Z</time></trkpt>
      <trkpt lat="48.775610" lon="2.045882"><ele>162.1</ele><time>2025-09-18T14:20:42Z</time></trkpt>
      <trkpt lat="48.775509" lon="2.045899"><ele>162.4</ele><time>2025-09-18T14:20:43Z</time></trkpt>
      <trkpt lat="48.775419" lon="2.045926"><ele>162.1</ele><time>2025-09-18T14:20:44Z</time></trkpt>
      <trkpt lat="48.775339" lon="2.045957"><ele>162.0</ele><time>2025-09-18T14:20:45Z</time></trkpt>
      <trkpt lat="48.775258" lon="2.045987"><ele>162.2</ele><time>2025-09-18T14:20:46Z</time></trkpt>
      <trkpt lat="48.775170" lon="2.046011"><ele>161.8</ele><time>2025-09-18T14:20:47Z</time></trkpt>
      <trkpt lat="48.775074" lon="2.046036"><ele>161.9</ele><time>2025-09-18T14:20:48Z</time></trkpt>
      <trkpt lat="48.774975" lon="2.046079"><ele>162.0</ele><time>2025-09-18T14:20:49Z</time></trkpt>
      <trkpt lat="48.774876" lon="2.046114"><ele>161.6</ele><time>2025-09-18T14:20:50Z</time></trkpt>
      <trkpt lat="48.774780" lon="2.046130"><ele>161.5</ele><time>2025-09-18T14:20:51Z</time></trkpt>
      <trkpt lat="48.774687" lon="2.046122"><ele>161.6</ele><time>2025-09-18T14:20:52Z</time></trkpt>
      <trkpt lat="48.774598" lon="2.046094"><ele>161.3</ele><time>2025-09-18T14:20:53Z</time></trkpt>
      <trkpt lat="48.774515" lon="2.046054"><ele>161.1</ele><time>2025-09-18T14:20:54Z</time></trkpt>
      <trkpt lat="48.774442" lon="2.046025"><ele>162.2</ele><time>2025-09-18T14:20:55Z</time></trkpt>
      <trkpt lat="48.774382" lon="2.045997"><ele>162.3</ele><time>2025-09-18T14:20:56Z</time></trkpt>
      <trkpt lat="48.774326" lon="2.045970"><ele>162.8</ele><time>2025-09-18T14:20:57Z</time></trkpt>
      <trkpt lat="48.774276" lon="2.045940"><ele>163.0</ele><time>2025-09-18T14:20:58Z</time></trkpt>
      <trkpt lat="48.774234" lon="2.045914"><ele>163.0</ele><time>2025-09-18T14:20:59Z</time></trkpt>
      <trkpt lat="48.774200" lon="2.045892"><ele>163.7</ele><time>2025-09-18T14:21:00Z</time></trkpt>
      <trkpt lat="48.774171" lon="2.045876"><ele>164.8</ele><time>2025-09-18T14:21:01Z</time></trkpt>
      <trkpt lat="48.774152" lon="2.045864"><ele>165.3</ele><time>2025-09-18T14:21:02Z</time></trkpt>
      <trkpt lat="48.774138" lon="2.045831"><ele>162.6</ele><time>2025-09-18T14:21:21Z</time></trkpt>
      <trkpt lat="48.774107" lon="2.045812"><ele>162.8</ele><time>2025-09-18T14:21:22Z</time></trkpt>
      <trkpt lat="48.774059" lon="2.045767"><ele>162.7</ele><time>2025-09-18T14:21:23Z</time></trkpt>
      <trkpt lat="48.774011" lon="2.045683"><ele>162.4</ele><time>2025-09-18T14:21:24Z</time></trkpt>
      <trkpt lat="48.773966" lon="2.045580"><ele>162.4</ele><time>2025-09-18T14:21:25Z</time></trkpt>
      <trkpt lat="48.773911" lon="2.045504"><ele>162.3</ele><time>2025-09-18T14:21:26Z</time></trkpt>
      <trkpt lat="48.773844" lon="2.045473"><ele>162.3</ele><time>2025-09-18T14:21:27Z</time></trkpt>
      <trkpt lat="48.773776" lon="2.045491"><ele>162.0</ele><time>2025-09-18T14:21:28Z</time></trkpt>
      <trkpt lat="48.773714" lon="2.045549"><ele>161.5</ele><time>2025-09-18T14:21:29Z</time></trkpt>
      <trkpt lat="48.773680" lon="2.045656"><ele>160.3</ele><time>2025-09-18T14:21:30Z</time></trkpt>
      <trkpt lat="48.773660" lon="2.045793"><ele>160.2</ele><time>2025-09-18T14:21:31Z</time></trkpt>
      <trkpt lat="48.773634" lon="2.045937"><ele>159.8</ele><time>2025-09-18T14:21:32Z</time></trkpt>
      <trkpt lat="48.773598" lon="2.046095"><ele>159.5</ele><time>2025-09-18T14:21:33Z</time></trkpt>
      <trkpt lat="48.773553" lon="2.046266"><ele>159.1</ele><time>2025-09-18T14:21:34Z</time></trkpt>
      <trkpt lat="48.773502" lon="2.046452"><ele>158.6</ele><time>2025-09-18T14:21:35Z</time></trkpt>
      <trkpt lat="48.773447" lon="2.046646"><ele>158.5</ele><time>2025-09-18T14:21:36Z</time></trkpt>
      <trkpt lat="48.773392" lon="2.046842"><ele>158.4</ele><time>2025-09-18T14:21:37Z</time></trkpt>
      <trkpt lat="48.773336" lon="2.047040"><ele>158.0</ele><time>2025-09-18T14:21:38Z</time></trkpt>
      <trkpt lat="48.773280" lon="2.047242"><ele>158.2</ele><time>2025-09-18T14:21:39Z</time></trkpt>
      <trkpt lat="48.773224" lon="2.047446"><ele>158.1</ele><time>2025-09-18T14:21:40Z</time></trkpt>
      <trkpt lat="48.773168" lon="2.047656"><ele>157.8</ele><time>2025-09-18T14:21:41Z</time></trkpt>
      <trkpt lat="48.773114" lon="2.047868"><ele>158.0</ele><time>2025-09-18T14:21:42Z</time></trkpt>
      <trkpt lat="48.773051" lon="2.048076"><ele>158.0</ele><time>2025-09-18T14:21:43Z</time></trkpt>
      <trkpt lat="48.772990" lon="2.048287"><ele>157.9</ele><time>2025-09-18T14:21:44Z</time></trkpt>
      <trkpt lat="48.772930" lon="2.048499"><ele>157.7</ele><time>2025-09-18T14:21:45Z</time></trkpt>
      <trkpt lat="48.772874" lon="2.048714"><ele>157.4</ele><time>2025-09-18T14:21:46Z</time></trkpt>
      <trkpt lat="48.772818" lon="2.048928"><ele>157.5</ele><time>2025-09-18T14:21:47Z</time></trkpt>
      <trkpt lat="48.772759" lon="2.049141"><ele>157.1</ele><time>2025-09-18T14:21:48Z</time></trkpt>
      <trkpt lat="48.772697" lon="2.049354"><ele>156.4</ele><time>2025-09-18T14:21:49Z</time></trkpt>
      <trkpt lat="48.772638" lon="2.049567"><ele>156.4</ele><time>2025-09-18T14:21:50Z</time></trkpt>
      <trkpt lat="48.772575" lon="2.049777"><ele>156.3</ele><time>2025-09-18T14:21:51Z</time></trkpt>
      <trkpt lat="48.772525" lon="2.050001"><ele>156.0</ele><time>2025-09-18T14:21:52Z</time></trkpt>
      <trkpt lat="48.772467" lon="2.050218"><ele>155.9</ele><time>2025-09-18T14:21:53Z</time></trkpt>
      <trkpt lat="48.772408" lon="2.050435"><ele>155.8</ele><time>2025-09-18T14:21:54Z</time></trkpt>
      <trkpt lat="48.772350" lon="2.050648"><ele>155.4</ele><time>2025-09-18T14:21:55Z</time></trkpt>
      <trkpt lat="48.772294" lon="2.050852"><ele>155.4</ele><time>2025-09-18T14:21:56Z</time></trkpt>
      <trkpt lat="48.772244" lon="2.051055"><ele>155.3</ele><time>2025-09-18T14:21:57Z</time></trkpt>
      <trkpt lat="48.772191" lon="2.051260"><ele>155.3</ele><time>2025-09-18T14:21:58Z</time></trkpt>
      <trkpt lat="48.772136" lon="2.051473"><ele>155.2</ele><time>2025-09-18T14:21:59Z</time></trkpt>
      <trkpt lat="48.772073" lon="2.051689"><ele>155.0</ele><time>2025-09-18T14:22:00Z</time></trkpt>
      <trkpt lat="48.772007" lon="2.051911"><ele>154.9</ele><time>2025-09-18T14:22:01Z</time></trkpt>
      <trkpt lat="48.771943" lon="2.052140"><ele>154.6</ele><time>2025-09-18T14:22:02Z</time></trkpt>
      <trkpt lat="48.771876" lon="2.052373"><ele>154.6</ele><time>2025-09-18T14:22:03Z</time></trkpt>
      <trkpt lat="48.771813" lon="2.052609"><ele>155.1</ele><time>2025-09-18T14:22:04Z</time></trkpt>
      <trkpt lat="48.771746" lon="2.052841"><ele>155.1</ele><time>2025-09-18T14:22:05Z</time></trkpt>
      <trkpt lat="48.771689" lon="2.053074"><ele>155.1</ele><time>2025-09-18T14:22:06Z</time></trkpt>
      <trkpt lat="48.771629" lon="2.053295"><ele>155.2</ele><time>2025-09-18T14:22:07Z</time></trkpt>
      <trkpt lat="48.771569" lon="2.053512"><ele>155.5</ele><time>2025-09-18T14:22:08Z</time></trkpt>
      <trkpt lat="48.771510" lon="2.053727"><ele>155.7</ele><time>2025-09-18T14:22:09Z</time></trkpt>
      <trkpt lat="48.771448" lon="2.053941"><ele>156.0</ele><time>2025-09-18T14:22:10Z</time></trkpt>
      <trkpt lat="48.771385" lon="2.054156"><ele>156.3</ele><time>2025-09-18T14:22:11Z</time></trkpt>
      <trkpt lat="48.771320" lon="2.054366"><ele>156.6</ele><time>2025-09-18T14:22:12Z</time></trkpt>
      <trkpt lat="48.771257" lon="2.054559"><ele>157.0</ele><time>2025-09-18T14:22:13Z</time></trkpt>
      <trkpt lat="48.771212" lon="2.054743"><ele>157.4</ele><time>2025-09-18T14:22:14Z</time></trkpt>
      <trkpt lat="48.771166" lon="2.054899"><ele>157.9</ele><time>2025-09-18T14:22:15Z</time></trkpt>
      <trkpt lat="48.771130" lon="2.055020"><ele>158.1</ele><time>2025-09-18T14:22:16Z</time></trkpt>
      <trkpt lat="48.771101" lon="2.055099"><ele>158.0</ele><time>2025-09-18T14:22:17Z</time></trkpt>
      <trkpt lat="48.771083" lon="2.055135"><ele>157.9</ele><time>2025-09-18T14:22:18Z</time></trkpt>
      <trkpt lat="48.771072" lon="2.055160"><ele>158.0</ele><time>2025-09-18T14:22:19Z</time></trkpt>
      <trkpt lat="48.771046" lon="2.055191"><ele>157.9</ele><time>2025-09-18T14:22:20Z</time></trkpt>
      <trkpt lat="48.771001" lon="2.055230"><ele>157.9</ele><time>2025-09-18T14:22:21Z</time></trkpt>
      <trkpt lat="48.770933" lon="2.055265"><ele>157.9</ele><time>2025-09-18T14:22:22Z</time></trkpt>
      <trkpt lat="48.770851" lon="2.055288"><ele>158.0</ele><time>2025-09-18T14:22:23Z</time></trkpt>
      <trkpt lat="48.770762" lon="2.055293"><ele>157.9</ele><time>2025-09-18T14:22:24Z</time></trkpt>
      <trkpt lat="48.770676" lon="2.055264"><ele>157.8</ele><time>2025-09-18T14:22:25Z</time></trkpt>
      <trkpt lat="48.770594" lon="2.055193"><ele>157.9</ele><time>2025-09-18T14:22:26Z</time></trkpt>
      <trkpt lat="48.770506" lon="2.055093"><ele>157.8</ele><time>2025-09-18T14:22:27Z</time></trkpt>
      <trkpt lat="48.770407" lon="2.054994"><ele>157.9</ele><time>2025-09-18T14:22:28Z</time></trkpt>
      <trkpt lat="48.770290" lon="2.054908"><ele>157.7</ele><time>2025-09-18T14:22:29Z</time></trkpt>
      <trkpt lat="48.770159" lon="2.054842"><ele>158.1</ele><time>2025-09-18T14:22:30Z</time></trkpt>
      <trkpt lat="48.770015" lon="2.054781"><ele>157.7</ele><time>2025-09-18T14:22:31Z</time></trkpt>
      <trkpt lat="48.769865" lon="2.054718"><ele>157.6</ele><time>2025-09-18T14:22:32Z</time></trkpt>
      <trkpt lat="48.769708" lon="2.054655"><ele>158.5</ele><time>2025-09-18T14:22:33Z</time></trkpt>
      <trkpt lat="48.769545" lon="2.054591"><ele>159.3</ele><time>2025-09-18T14:22:34Z</time></trkpt>
      <trkpt lat="48.769378" lon="2.054524"><ele>160.4</ele><time>2025-09-18T14:22:35Z</time></trkpt>
      <trkpt lat="48.769213" lon="2.054457"><ele>161.2</ele><time>2025-09-18T14:22:36Z</time></trkpt>
      <trkpt lat="48.769054" lon="2.054395"><ele>161.9</ele><time>2025-09-18T14:22:37Z</time></trkpt>
      <trkpt lat="48.768903" lon="2.054335"><ele>162.9</ele><time>2025-09-18T14:22:38Z</time></trkpt>
      <trkpt lat="48.768760" lon="2.054278"><ele>164.0</ele><time>2025-09-18T14:22:39Z</time></trkpt>
      <trkpt lat="48.768621" lon="2.054223"><ele>165.2</ele><time>2025-09-18T14:22:40Z</time></trkpt>
      <trkpt lat="48.768488" lon="2.054169"><ele>165.9</ele><time>2025-09-18T14:22:41Z</time></trkpt>
      <trkpt lat="48.768365" lon="2.054119"><ele>166.3</ele><time>2025-09-18T14:22:42Z</time></trkpt>
      <trkpt lat="48.768256" lon="2.054074"><ele>166.4</ele><time>2025-09-18T14:22:43Z</time></trkpt>
      <trkpt lat="48.768157" lon="2.054041"><ele>167.1</ele><time>2025-09-18T14:22:44Z</time></trkpt>
      <trkpt lat="48.768067" lon="2.054011"><ele>167.4</ele><time>2025-09-18T14:22:45Z</time></trkpt>
      <trkpt lat="48.767986" lon="2.053982"><ele>167.5</ele><time>2025-09-18T14:22:46Z</time></trkpt>
      <trkpt lat="48.767915" lon="2.053956"><ele>168.0</ele><time>2025-09-18T14:22:47Z</time></trkpt>
      <trkpt lat="48.767855" lon="2.053931"><ele>168.3</ele><time>2025-09-18T14:22:48Z</time></trkpt>
      <trkpt lat="48.767819" lon="2.053910"><ele>168.3</ele><time>2025-09-18T14:22:49Z</time></trkpt>
      <trkpt lat="48.767802" lon="2.053897"><ele>168.2</ele><time>2025-09-18T14:22:50Z</time></trkpt>
      <trkpt lat="48.767792" lon="2.053888"><ele>168.2</ele><time>2025-09-18T14:22:51Z</time></trkpt>
      <trkpt lat="48.767782" lon="2.053872"><ele>168.0</ele><time>2025-09-18T14:22:52Z</time></trkpt>
      <trkpt lat="48.767765" lon="2.053845"><ele>168.0</ele><time>2025-09-18T14:22:53Z</time></trkpt>
      <trkpt lat="48.767739" lon="2.053797"><ele>168.0</ele><time>2025-09-18T14:22:54Z</time></trkpt>
      <trkpt lat="48.767700" lon="2.053734"><ele>167.6</ele><time>2025-09-18T14:22:55Z</time></trkpt>
      <trkpt lat="48.767643" lon="2.053682"><ele>167.6</ele><time>2025-09-18T14:22:56Z</time></trkpt>
      <trkpt lat="48.767569" lon="2.053664"><ele>167.7</ele><time>2025-09-18T14:22:57Z</time></trkpt>
      <trkpt lat="48.767482" lon="2.053679"><ele>167.8</ele><time>2025-09-18T14:22:58Z</time></trkpt>
      <trkpt lat="48.767390" lon="2.053694"><ele>167.4</ele><time>2025-09-18T14:22:59Z</time></trkpt>
      <trkpt lat="48.767289" lon="2.053685"><ele>167.5</ele><time>2025-09-18T14:23:00Z</time></trkpt>
      <trkpt lat="48.767180" lon="2.053647"><ele>167.4</ele><time>2025-09-18T14:23:01Z</time></trkpt>
      <trkpt lat="48.767065" lon="2.053599"><ele>167.4</ele><time>2025-09-18T14:23:02Z</time></trkpt>
      <trkpt lat="48.766942" lon="2.053546"><ele>167.3</ele><time>2025-09-18T14:23:03Z</time></trkpt>
      <trkpt lat="48.766815" lon="2.053494"><ele>167.3</ele><time>2025-09-18T14:23:04Z</time></trkpt>
      <trkpt lat="48.766683" lon="2.053436"><ele>167.4</ele><time>2025-09-18T14:23:05Z</time></trkpt>
      <trkpt lat="48.766547" lon="2.053369"><ele>167.5</ele><time>2025-09-18T14:23:06Z</time></trkpt>
      <trkpt lat="48.766410" lon="2.053301"><ele>167.8</ele><time>2025-09-18T14:23:07Z</time></trkpt>
      <trkpt lat="48.766271" lon="2.053232"><ele>168.7</ele><time>2025-09-18T14:23:08Z</time></trkpt>
      <trkpt lat="48.766135" lon="2.053157"><ele>169.1</ele><time>2025-09-18T14:23:09Z</time></trkpt>
      <trkpt lat="48.766004" lon="2.053079"><ele>169.6</ele><time>2025-09-18T14:23:10Z</time></trkpt>
      <trkpt lat="48.765875" lon="2.053000"><ele>170.1</ele><time>2025-09-18T14:23:11Z</time></trkpt>
      <trkpt lat="48.765754" lon="2.052914"><ele>170.2</ele><time>2025-09-18T14:23:12Z</time></trkpt>
      <trkpt lat="48.765634" lon="2.052833"><ele>170.8</ele><time>2025-09-18T14:23:13Z</time></trkpt>
      <trkpt lat="48.765519" lon="2.052745"><ele>170.8</ele><time>2025-09-18T14:23:14Z</time></trkpt>
      <trkpt lat="48.765405" lon="2.052660"><ele>171.8</ele><time>2025-09-18T14:23:15Z</time></trkpt>
      <trkpt lat="48.765298" lon="2.052573"><ele>171.9</ele><time>2025-09-18T14:23:16Z</time></trkpt>
      <trkpt lat="48.765197" lon="2.052492"><ele>172.3</ele><time>2025-09-18T14:23:17Z</time></trkpt>
      <trkpt lat="48.765098" lon="2.052409"><ele>172.8</ele><time>2025-09-18T14:23:18Z</time></trkpt>
      <trkpt lat="48.765001" lon="2.052323"><ele>172.7</ele><time>2025-09-18T14:23:19Z</time></trkpt>
      <trkpt lat="48.764904" lon="2.052243"><ele>172.9</ele><time>2025-09-18T14:23:20Z</time></trkpt>
      <trkpt lat="48.764807" lon="2.052160"><ele>173.0</ele><time>2025-09-18T14:23:21Z</time></trkpt>
      <trkpt lat="48.764712" lon="2.052074"><ele>173.0</ele><time>2025-09-18T14:23:22Z</time></trkpt>
      <trkpt lat="48.764616" lon="2.051980"><ele>173.1</ele><time>2025-09-18T14:23:23Z</time></trkpt>
      <trkpt lat="48.764509" lon="2.051881"><ele>173.6</ele><time>2025-09-18T14:23:24Z</time></trkpt>
      <trkpt lat="48.764400" lon="2.051762"><ele>174.0</ele><time>2025-09-18T14:23:25Z</time></trkpt>
      <trkpt lat="48.764284" lon="2.051635"><ele>173.9</ele><time>2025-09-18T14:23:26Z</time></trkpt>
      <trkpt lat="48.764159" lon="2.051513"><ele>173.9</ele><time>2025-09-18T14:23:27Z</time></trkpt>
      <trkpt lat="48.764026" lon="2.051398"><ele>174.0</ele><time>2025-09-18T14:23:28Z</time></trkpt>
      <trkpt lat="48.763892" lon="2.051286"><ele>173.6</ele><time>2025-09-18T14:23:29Z</time></trkpt>
      <trkpt lat="48.763764" lon="2.051187"><ele>173.6</ele><time>2025-09-18T14:23:30Z</time></trkpt>
      <trkpt lat="48.763646" lon="2.051102"><ele>173.8</ele><time>2025-09-18T14:23:31Z</time></trkpt>
      <trkpt lat="48.763541" lon="2.051026"><ele>173.6</ele><time>2025-09-18T14:23:32Z</time></trkpt>
      <trkpt lat="48.763447" lon="2.050962"><ele>173.5</ele><time>2025-09-18T14:23:33Z</time></trkpt>
      <trkpt lat="48.763363" lon="2.050906"><ele>173.2</ele><time>2025-09-18T14:23:34Z</time></trkpt>
      <trkpt lat="48.763290" lon="2.050864"><ele>173.3</ele><time>2025-09-18T14:23:35Z</time></trkpt>
      <trkpt lat="48.763228" lon="2.050825"><ele>173.2</ele><time>2025-09-18T14:23:36Z</time></trkpt>
      <trkpt lat="48.763180" lon="2.050791"><ele>173.0</ele><time>2025-09-18T14:23:37Z</time></trkpt>
      <trkpt lat="48.763151" lon="2.050769"><ele>172.5</ele><time>2025-09-18T14:23:38Z</time></trkpt>
      <trkpt lat="48.763137" lon="2.050758"><ele>172.4</ele><time>2025-09-18T14:23:39Z</time></trkpt>
      <trkpt lat="48.763177" lon="2.050712"><ele>167.6</ele><time>2025-09-18T14:25:15Z</time></trkpt>
      <trkpt lat="48.763155" lon="2.050695"><ele>167.6</ele><time>2025-09-18T14:25:16Z</time></trkpt>
      <trkpt lat="48.763112" lon="2.050659"><ele>167.5</ele><time>2025-09-18T14:25:17Z</time></trkpt>
      <trkpt lat="48.763071" lon="2.050596"><ele>167.6</ele><time>2025-09-18T14:25:18Z</time></trkpt>
      <trkpt lat="48.763049" lon="2.050502"><ele>167.8</ele><time>2025-09-18T14:25:19Z</time></trkpt>
      <trkpt lat="48.763042" lon="2.050372"><ele>167.9</ele><time>2025-09-18T14:25:20Z</time></trkpt>
      <trkpt lat="48.763042" lon="2.050223"><ele>168.0</ele><time>2025-09-18T14:25:21Z</time></trkpt>
      <trkpt lat="48.763042" lon="2.050056"><ele>168.1</ele><time>2025-09-18T14:25:22Z</time></trkpt>
      <trkpt lat="48.763040" lon="2.049869"><ele>167.9</ele><time>2025-09-18T14:25:23Z</time></trkpt>
      <trkpt lat="48.763031" lon="2.049672"><ele>167.9</ele><time>2025-09-18T14:25:24Z</time></trkpt>
      <trkpt lat="48.763017" lon="2.049464"><ele>167.9</ele><time>2025-09-18T14:25:25Z</time></trkpt>
      <trkpt lat="48.762996" lon="2.049240"><ele>167.8</ele><time>2025-09-18T14:25:26Z</time></trkpt>
      <trkpt lat="48.762966" lon="2.049006"><ele>167.7</ele><time>2025-09-18T14:25:27Z</time></trkpt>
      <trkpt lat="48.762931" lon="2.048771"><ele>168.0</ele><time>2025-09-18T14:25:28Z</time></trkpt>
      <trkpt lat="48.762899" lon="2.048538"><ele>168.0</ele><time>2025-09-18T14:25:29Z</time></trkpt>
      <trkpt lat="48.762870" lon="2.048308"><ele>168.4</ele><time>2025-09-18T14:25:30Z</time></trkpt>
      <trkpt lat="48.762844" lon="2.048075"><ele>168.4</ele><time>2025-09-18T14:25:31Z</time></trkpt>
      <trkpt lat="48.762817" lon="2.047840"><ele>169.1</ele><time>2025-09-18T14:25:32Z</time></trkpt>
      <trkpt lat="48.762789" lon="2.047599"><ele>168.3</ele><time>2025-09-18T14:25:33Z</time></trkpt>
      <trkpt lat="48.762757" lon="2.047358"><ele>168.7</ele><time>2025-09-18T14:25:34Z</time></trkpt>
      <trkpt lat="48.762725" lon="2.047118"><ele>168.6</ele><time>2025-09-18T14:25:35Z</time></trkpt>
      <trkpt lat="48.762692" lon="2.046879"><ele>169.0</ele><time>2025-09-18T14:25:36Z</time></trkpt>
      <trkpt lat="48.762658" lon="2.046646"><ele>168.8</ele><time>2025-09-18T14:25:37Z</time></trkpt>
      <trkpt lat="48.762623" lon="2.046425"><ele>169.3</ele><time>2025-09-18T14:25:38Z</time></trkpt>
      <trkpt lat="48.762594" lon="2.046215"><ele>169.5</ele><time>2025-09-18T14:25:39Z</time></trkpt>
      <trkpt lat="48.762566" lon="2.046020"><ele>170.3</ele><time>2025-09-18T14:25:40Z</time></trkpt>
      <trkpt lat="48.762544" lon="2.045837"><ele>170.6</ele><time>2025-09-18T14:25:41Z</time></trkpt>
      <trkpt lat="48.762524" lon="2.045665"><ele>170.6</ele><time>2025-09-18T14:25:42Z</time></trkpt>
      <trkpt lat="48.762502" lon="2.045485"><ele>169.3</ele><time>2025-09-18T14:25:43Z</time></trkpt>
      <trkpt lat="48.762479" lon="2.045302"><ele>169.2</ele><time>2025-09-18T14:25:44Z</time></trkpt>
      <trkpt lat="48.762457" lon="2.045127"><ele>168.9</ele><time>2025-09-18T14:25:45Z</time></trkpt>
      <trkpt lat="48.762441" lon="2.044966"><ele>168.2</ele><time>2025-09-18T14:25:46Z</time></trkpt>
      <trkpt lat="48.762425" lon="2.044822"><ele>167.8</ele><time>2025-09-18T14:25:47Z</time></trkpt>
      <trkpt lat="48.762411" lon="2.044698"><ele>167.6</ele><time>2025-09-18T14:25:48Z</time></trkpt>
      <trkpt lat="48.762400" lon="2.044594"><ele>167.7</ele><time>2025-09-18T14:25:49Z</time></trkpt>
      <trkpt lat="48.762391" lon="2.044500"><ele>167.8</ele><time>2025-09-18T14:25:50Z</time></trkpt>
      <trkpt lat="48.762381" lon="2.044412"><ele>167.2</ele><time>2025-09-18T14:25:51Z</time></trkpt>
      <trkpt lat="48.762356" lon="2.044342"><ele>167.4</ele><time>2025-09-18T14:25:52Z</time></trkpt>
      <trkpt lat="48.762310" lon="2.044300"><ele>167.1</ele><time>2025-09-18T14:25:53Z</time></trkpt>
      <trkpt lat="48.762247" lon="2.044292"><ele>167.0</ele><time>2025-09-18T14:25:54Z</time></trkpt>
      <trkpt lat="48.762171" lon="2.044307"><ele>166.3</ele><time>2025-09-18T14:25:55Z</time></trkpt>
      <trkpt lat="48.762081" lon="2.044338"><ele>166.1</ele><time>2025-09-18T14:25:56Z</time></trkpt>
      <trkpt lat="48.761984" lon="2.044376"><ele>166.0</ele><time>2025-09-18T14:25:57Z</time></trkpt>
      <trkpt lat="48.761877" lon="2.044424"><ele>165.8</ele><time>2025-09-18T14:25:58Z</time></trkpt>
      <trkpt lat="48.761761" lon="2.044472"><ele>165.8</ele><time>2025-09-18T14:25:59Z</time></trkpt>
      <trkpt lat="48.761643" lon="2.044517"><ele>165.9</ele><time>2025-09-18T14:26:00Z</time></trkpt>
      <trkpt lat="48.761519" lon="2.044553"><ele>166.0</ele><time>2025-09-18T14:26:01Z</time></trkpt>
      <trkpt lat="48.761386" lon="2.044584"><ele>166.1</ele><time>2025-09-18T14:26:02Z</time></trkpt>
      <trkpt lat="48.761242" lon="2.044606"><ele>166.2</ele><time>2025-09-18T14:26:03Z</time></trkpt>
      <trkpt lat="48.761097" lon="2.044635"><ele>166.7</ele><time>2025-09-18T14:26:04Z</time></trkpt>
      <trkpt lat="48.760952" lon="2.044667"><ele>166.8</ele><time>2025-09-18T14:26:05Z</time></trkpt>
      <trkpt lat="48.760811" lon="2.044678"><ele>167.3</ele><time>2025-09-18T14:26:06Z</time></trkpt>
      <trkpt lat="48.760676" lon="2.044675"><ele>167.2</ele><time>2025-09-18T14:26:07Z</time></trkpt>
      <trkpt lat="48.760547" lon="2.044636"><ele>167.1</ele><time>2025-09-18T14:26:08Z</time></trkpt>
      <trkpt lat="48.760417" lon="2.044593"><ele>166.9</ele><time>2025-09-18T14:26:09Z</time></trkpt>
      <trkpt lat="48.760282" lon="2.044535"><ele>167.3</ele><time>2025-09-18T14:26:10Z</time></trkpt>
      <trkpt lat="48.760155" lon="2.044445"><ele>168.8</ele><time>2025-09-18T14:26:11Z</time></trkpt>
      <trkpt lat="48.760023" lon="2.044349"><ele>170.3</ele><time>2025-09-18T14:26:12Z</time></trkpt>
      <trkpt lat="48.759891" lon="2.044252"><ele>170.8</ele><time>2025-09-18T14:26:13Z</time></trkpt>
      <trkpt lat="48.759771" lon="2.044150"><ele>172.2</ele><time>2025-09-18T14:26:14Z</time></trkpt>
      <trkpt lat="48.759645" lon="2.044040"><ele>173.0</ele><time>2025-09-18T14:26:15Z</time></trkpt>
      <trkpt lat="48.759524" lon="2.043936"><ele>174.7</ele><time>2025-09-18T14:26:16Z</time></trkpt>
      <trkpt lat="48.759411" lon="2.043848"><ele>175.3</ele><time>2025-09-18T14:26:17Z</time></trkpt>
      <trkpt lat="48.759301" lon="2.043762"><ele>177.2</ele><time>2025-09-18T14:26:18Z</time></trkpt>
      <trkpt lat="48.759196" lon="2.043684"><ele>178.4</ele><time>2025-09-18T14:26:19Z</time></trkpt>
      <trkpt lat="48.759099" lon="2.043607"><ele>177.3</ele><time>2025-09-18T14:26:20Z</time></trkpt>
      <trkpt lat="48.759023" lon="2.043541"><ele>178.9</ele><time>2025-09-18T14:26:21Z</time></trkpt>
      <trkpt lat="48.758949" lon="2.043481"><ele>179.7</ele><time>2025-09-18T14:26:22Z</time></trkpt>
      <trkpt lat="48.758869" lon="2.043418"><ele>179.6</ele><time>2025-09-18T14:26:23Z</time></trkpt>
      <trkpt lat="48.758789" lon="2.043351"><ele>179.7</ele><time>2025-09-18T14:26:24Z</time></trkpt>
      <trkpt lat="48.758712" lon="2.043281"><ele>179.2</ele><time>2025-09-18T14:26:25Z</time></trkpt>
      <trkpt lat="48.758638" lon="2.043214"><ele>178.0</ele><time>2025-09-18T14:26:26Z</time></trkpt>
      <trkpt lat="48.758553" lon="2.043143"><ele>178.0</ele><time>2025-09-18T14:26:27Z</time></trkpt>
      <trkpt lat="48.758456" lon="2.043064"><ele>177.5</ele><time>2025-09-18T14:26:28Z</time></trkpt>
      <trkpt lat="48.758353" lon="2.042974"><ele>177.1</ele><time>2025-09-18T14:26:29Z</time></trkpt>
      <trkpt lat="48.758243" lon="2.042873"><ele>176.4</ele><time>2025-09-18T14:26:30Z</time></trkpt>
      <trkpt lat="48.758130" lon="2.042772"><ele>176.7</ele><time>2025-09-18T14:26:31Z</time></trkpt>
      <trkpt lat="48.758015" lon="2.042693"><ele>177.2</ele><time>2025-09-18T14:26:32Z</time></trkpt>
      <trkpt lat="48.757897" lon="2.042597"><ele>178.5</ele><time>2025-09-18T14:26:33Z</time></trkpt>
      <trkpt lat="48.757767" lon="2.042506"><ele>178.5</ele><time>2025-09-18T14:26:34Z</time></trkpt>
      <trkpt lat="48.757638" lon="2.042401"><ele>179.5</ele><time>2025-09-18T14:26:35Z</time></trkpt>
      <trkpt lat="48.757517" lon="2.042297"><ele>181.1</ele><time>2025-09-18T14:26:36Z</time></trkpt>
      <trkpt lat="48.757394" lon="2.042188"><ele>182.6</ele><time>2025-09-18T14:26:37Z</time></trkpt>
      <trkpt lat="48.757271" lon="2.042090"><ele>184.5</ele><time>2025-09-18T14:26:38Z</time></trkpt>
      <trkpt lat="48.757148" lon="2.041990"><ele>184.4</ele><time>2025-09-18T14:26:39Z</time></trkpt>
      <trkpt lat="48.757030" lon="2.041889"><ele>184.7</ele><time>2025-09-18T14:26:40Z</time></trkpt>
      <trkpt lat="48.756910" lon="2.041788"><ele>184.3</ele><time>2025-09-18T14:26:41Z</time></trkpt>
      <trkpt lat="48.756785" lon="2.041702"><ele>183.6</ele><time>2025-09-18T14:26:42Z</time></trkpt>
      <trkpt lat="48.756655" lon="2.041617"><ele>182.3</ele><time>2025-09-18T14:26:43Z</time></trkpt>
      <trkpt lat="48.756522" lon="2.041548"><ele>181.3</ele><time>2025-09-18T14:26:44Z</time></trkpt>
      <trkpt lat="48.756382" lon="2.041490"><ele>180.7</ele><time>2025-09-18T14:26:45Z</time></trkpt>
      <trkpt lat="48.756241" lon="2.041443"><ele>179.5</ele><time>2025-09-18T14:26:46Z</time></trkpt>
      <trkpt lat="48.756096" lon="2.041416"><ele>178.8</ele><time>2025-09-18T14:26:47Z</time></trkpt>
      <trkpt lat="48.755954" lon="2.041409"><ele>178.7</ele><time>2025-09-18T14:26:48Z</time></trkpt>
      <trkpt lat="48.755817" lon="2.041419"><ele>178.0</ele><time>2025-09-18T14:26:49Z</time></trkpt>
      <trkpt lat="48.755690" lon="2.041443"><ele>177.6</ele><time>2025-09-18T14:26:50Z</time></trkpt>
      <trkpt lat="48.755572" lon="2.041475"><ele>176.5</ele><time>2025-09-18T14:26:51Z</time></trkpt>
      <trkpt lat="48.755463" lon="2.041516"><ele>176.1</ele><time>2025-09-18T14:26:52Z</time></trkpt>
      <trkpt lat="48.755359" lon="2.041554"><ele>175.3</ele><time>2025-09-18T14:26:53Z</time></trkpt>
      <trkpt lat="48.755266" lon="2.041589"><ele>174.9</ele><time>2025-09-18T14:26:54Z</time></trkpt>
      <trkpt lat="48.755182" lon="2.041619"><ele>174.6</ele><time>2025-09-18T14:26:55Z</time></trkpt>
      <trkpt lat="48.755105" lon="2.041648"><ele>174.3</ele><time>2025-09-18T14:26:56Z</time></trkpt>
      <trkpt lat="48.755024" lon="2.041674"><ele>173.8</ele><time>2025-09-18T14:26:57Z</time></trkpt>
      <trkpt lat="48.754937" lon="2.041688"><ele>173.3</ele><time>2025-09-18T14:26:58Z</time></trkpt>
      <trkpt lat="48.754854" lon="2.041688"><ele>173.7</ele><time>2025-09-18T14:26:59Z</time></trkpt>
      <trkpt lat="48.754783" lon="2.041677"><ele>173.6</ele><time>2025-09-18T14:27:00Z</time></trkpt>
      <trkpt lat="48.754716" lon="2.041674"><ele>174.0</ele><time>2025-09-18T14:27:01Z</time></trkpt>
      <trkpt lat="48.754651" lon="2.041675"><ele>173.9</ele><time>2025-09-18T14:27:02Z</time></trkpt>
      <trkpt lat="48.754587" lon="2.041666"><ele>174.4</ele><time>2025-09-18T14:27:03Z</time></trkpt>
      <trkpt lat="48.754519" lon="2.041628"><ele>173.5</ele><time>2025-09-18T14:27:04Z</time></trkpt>
      <trkpt lat="48.754447" lon="2.041558"><ele>172.9</ele><time>2025-09-18T14:27:05Z</time></trkpt>
      <trkpt lat="48.754376" lon="2.041457"><ele>173.5</ele><time>2025-09-18T14:27:06Z</time></trkpt>
      <trkpt lat="48.754309" lon="2.041328"><ele>173.2</ele><time>2025-09-18T14:27:07Z</time></trkpt>
      <trkpt lat="48.754252" lon="2.041192"><ele>172.5</ele><time>2025-09-18T14:27:08Z</time></trkpt>
      <trkpt lat="48.754209" lon="2.041055"><ele>171.5</ele><time>2025-09-18T14:27:09Z</time></trkpt>
      <trkpt lat="48.754172" lon="2.040910"><ele>170.3</ele><time>2025-09-18T14:27:10Z</time></trkpt>
      <trkpt lat="48.754138" lon="2.040761"><ele>169.3</ele><time>2025-09-18T14:27:11Z</time></trkpt>
      <trkpt lat="48.754104" lon="2.040600"><ele>168.6</ele><time>2025-09-18T14:27:12Z</time></trkpt>
      <trkpt lat="48.754080" lon="2.040421"><ele>167.9</ele><time>2025-09-18T14:27:13Z</time></trkpt>
      <trkpt lat="48.754066" lon="2.040227"><ele>167.3</ele><time>2025-09-18T14:27:14Z</time></trkpt>
      <trkpt lat="48.754069" lon="2.040023"><ele>166.9</ele><time>2025-09-18T14:27:15Z</time></trkpt>
      <trkpt lat="48.754086" lon="2.039816"><ele>166.6</ele><time>2025-09-18T14:27:16Z</time></trkpt>
      <trkpt lat="48.754115" lon="2.039604"><ele>166.1</ele><time>2025-09-18T14:27:17Z</time></trkpt>
      <trkpt lat="48.754157" lon="2.039395"><ele>165.8</ele><time>2025-09-18T14:27:18Z</time></trkpt>
      <trkpt lat="48.754202" lon="2.039190"><ele>165.1</ele><time>2025-09-18T14:27:19Z</time></trkpt>
      <trkpt lat="48.754237" lon="2.038984"><ele>164.3</ele><time>2025-09-18T14:27:20Z</time></trkpt>
      <trkpt lat="48.754266" lon="2.038782"><ele>163.4</ele><time>2025-09-18T14:27:21Z</time></trkpt>
      <trkpt lat="48.754279" lon="2.038588"><ele>163.2</ele><time>2025-09-18T14:27:22Z</time></trkpt>
      <trkpt lat="48.754265" lon="2.038395"><ele>162.5</ele><time>2025-09-18T14:27:23Z</time></trkpt>
      <trkpt lat="48.754214" lon="2.038208"><ele>160.6</ele><time>2025-09-18T14:27:24Z</time></trkpt>
      <trkpt lat="48.754140" lon="2.038038"><ele>159.4</ele><time>2025-09-18T14:27:25Z</time></trkpt>
      <trkpt lat="48.754053" lon="2.037879"><ele>157.9</ele><time>2025-09-18T14:27:26Z</time></trkpt>
      <trkpt lat="48.753968" lon="2.037710"><ele>157.2</ele><time>2025-09-18T14:27:27Z</time></trkpt>
      <trkpt lat="48.753881" lon="2.037537"><ele>156.1</ele><time>2025-09-18T14:27:28Z</time></trkpt>
      <trkpt lat="48.753795" lon="2.037361"><ele>155.7</ele><time>2025-09-18T14:27:29Z</time></trkpt>
      <trkpt lat="48.753707" lon="2.037189"><ele>156.1</ele><time>2025-09-18T14:27:30Z</time></trkpt>
      <trkpt lat="48.753618" lon="2.037011"><ele>155.8</ele><time>2025-09-18T14:27:31Z</time></trkpt>
      <trkpt lat="48.753529" lon="2.036831"><ele>155.8</ele><time>2025-09-18T14:27:32Z</time></trkpt>
      <trkpt lat="48.753437" lon="2.036648"><ele>155.9</ele><time>2025-09-18T14:27:33Z</time></trkpt>
      <trkpt lat="48.753341" lon="2.036466"><ele>156.2</ele><time>2025-09-18T14:27:34Z</time></trkpt>
      <trkpt lat="48.753246" lon="2.036278"><ele>156.4</ele><time>2025-09-18T14:27:35Z</time></trkpt>
      <trkpt lat="48.753150" lon="2.036088"><ele>156.2</ele><time>2025-09-18T14:27:36Z</time></trkpt>
      <trkpt lat="48.753056" lon="2.035902"><ele>156.7</ele><time>2025-09-18T14:27:37Z</time></trkpt>
      <trkpt lat="48.752963" lon="2.035723"><ele>158.1</ele><time>2025-09-18T14:27:38Z</time></trkpt>
      <trkpt lat="48.752869" lon="2.035541"><ele>159.1</ele><time>2025-09-18T14:27:39Z</time></trkpt>
      <trkpt lat="48.752772" lon="2.035350"><ele>159.7</ele><time>2025-09-18T14:27:40Z</time></trkpt>
      <trkpt lat="48.752671" lon="2.035153"><ele>160.6</ele><time>2025-09-18T14:27:41Z</time></trkpt>
      <trkpt lat="48.752567" lon="2.034942"><ele>161.2</ele><time>2025-09-18T14:27:42Z</time></trkpt>
      <trkpt lat="48.752459" lon="2.034720"><ele>160.9</ele><time>2025-09-18T14:27:43Z</time></trkpt>
      <trkpt lat="48.752346" lon="2.034497"><ele>160.4</ele><time>2025-09-18T14:27:44Z</time></trkpt>
      <trkpt lat="48.752233" lon="2.034276"><ele>160.4</ele><time>2025-09-18T14:27:45Z</time></trkpt>
      <trkpt lat="48.752121" lon="2.034053"><ele>160.0</ele><time>2025-09-18T14:27:46Z</time></trkpt>
      <trkpt lat="48.752007" lon="2.033825"><ele>160.0</ele><time>2025-09-18T14:27:47Z</time></trkpt>
      <trkpt lat="48.751898" lon="2.033608"><ele>159.6</ele><time>2025-09-18T14:27:48Z</time></trkpt>
      <trkpt lat="48.751793" lon="2.033396"><ele>159.6</ele><time>2025-09-18T14:27:49Z</time></trkpt>
      <trkpt lat="48.751688" lon="2.033185"><ele>159.6</ele><time>2025-09-18T14:27:50Z</time></trkpt>
      <trkpt lat="48.751578" lon="2.032971"><ele>159.5</ele><time>2025-09-18T14:27:51Z</time></trkpt>
      <trkpt lat="48.751467" lon="2.032753"><ele>159.6</ele><time>2025-09-18T14:27:52Z</time></trkpt>
      <trkpt lat="48.751355" lon="2.032531"><ele>159.6</ele><time>2025-09-18T14:27:53Z</time></trkpt>
      <trkpt lat="48.751241" lon="2.032308"><ele>159.9</ele><time>2025-09-18T14:27:54Z</time></trkpt>
      <trkpt lat="48.751125" lon="2.032081"><ele>159.9</ele><time>2025-09-18T14:27:55Z</time></trkpt>
      <trkpt lat="48.751009" lon="2.031847"><ele>160.1</ele><time>2025-09-18T14:27:56Z</time></trkpt>
      <trkpt lat="48.750888" lon="2.031607"><ele>160.2</ele><time>2025-09-18T14:27:57Z</time></trkpt>
      <trkpt lat="48.750765" lon="2.031367"><ele>160.1</ele><time>2025-09-18T14:27:58Z</time></trkpt>
      <trkpt lat="48.750643" lon="2.031131"><ele>160.3</ele><time>2025-09-18T14:27:59Z</time></trkpt>
      <trkpt lat="48.750525" lon="2.030899"><ele>160.6</ele><time>2025-09-18T14:28:00Z</time></trkpt>
      <trkpt lat="48.750407" lon="2.030670"><ele>160.7</ele><time>2025-09-18T14:28:01Z</time></trkpt>
      <trkpt lat="48.750284" lon="2.030432"><ele>160.8</ele><time>2025-09-18T14:28:02Z</time></trkpt>
      <trkpt lat="48.750143" lon="2.030171"><ele>161.0</ele><time>2025-09-18T14:28:03Z</time></trkpt>
      <trkpt lat="48.749990" lon="2.029876"><ele>161.3</ele><time>2025-09-18T14:28:04Z</time></trkpt>
      <trkpt lat="48.749837" lon="2.029567"><ele>161.6</ele><time>2025-09-18T14:28:05Z</time></trkpt>
      <trkpt lat="48.749696" lon="2.029270"><ele>162.1</ele><time>2025-09-18T14:28:06Z</time></trkpt>
      <trkpt lat="48.749562" lon="2.028998"><ele>162.1</ele><time>2025-09-18T14:28:07Z</time></trkpt>
      <trkpt lat="48.749435" lon="2.028744"><ele>162.1</ele><time>2025-09-18T14:28:08Z</time></trkpt>
      <trkpt lat="48.749308" lon="2.028495"><ele>162.2</ele><time>2025-09-18T14:28:09Z</time></trkpt>
      <trkpt lat="48.749173" lon="2.028236"><ele>162.4</ele><time>2025-09-18T14:28:10Z</time></trkpt>
      <trkpt lat="48.749027" lon="2.027961"><ele>162.7</ele><time>2025-09-18T14:28:11Z</time></trkpt>
      <trkpt lat="48.748886" lon="2.027687"><ele>163.0</ele><time>2025-09-18T14:28:12Z</time></trkpt>
      <trkpt lat="48.748755" lon="2.027427"><ele>163.1</ele><time>2025-09-18T14:28:13Z</time></trkpt>
      <trkpt lat="48.748637" lon="2.027182"><ele>163.4</ele><time>2025-09-18T14:28:14Z</time></trkpt>
      <trkpt lat="48.748525" lon="2.026954"><ele>163.5</ele><time>2025-09-18T14:28:15Z</time></trkpt>
      <trkpt lat="48.748421" lon="2.026745"><ele>163.4</ele><time>2025-09-18T14:28:16Z</time></trkpt>
      <trkpt lat="48.748323" lon="2.026555"><ele>163.4</ele><time>2025-09-18T14:28:17Z</time></trkpt>
      <trkpt lat="48.748234" lon="2.026380"><ele>163.3</ele><time>2025-09-18T14:28:18Z</time></trkpt>
      <trkpt lat="48.748153" lon="2.026218"><ele>163.5</ele><time>2025-09-18T14:28:19Z</time></trkpt>
      <trkpt lat="48.748080" lon="2.026070"><ele>163.6</ele><time>2025-09-18T14:28:20Z</time></trkpt>
      <trkpt lat="48.748015" lon="2.025939"><ele>163.7</ele><time>2025-09-18T14:28:21Z</time></trkpt>
      <trkpt lat="48.747958" lon="2.025823"><ele>164.0</ele><time>2025-09-18T14:28:22Z</time></trkpt>
      <trkpt lat="48.747914" lon="2.025723"><ele>164.0</ele><time>2025-09-18T14:28:23Z</time></trkpt>
      <trkpt lat="48.747881" lon="2.025642"><ele>164.1</ele><time>2025-09-18T14:28:24Z</time></trkpt>
      <trkpt lat="48.747855" lon="2.025576"><ele>164.3</ele><time>2025-09-18T14:28:25Z</time></trkpt>
      <trkpt lat="48.747830" lon="2.025516"><ele>164.3</ele><time>2025-09-18T14:28:26Z</time></trkpt>
      <trkpt lat="48.747808" lon="2.025451"><ele>164.4</ele><time>2025-09-18T14:28:27Z</time></trkpt>
      <trkpt lat="48.747787" lon="2.025374"><ele>164.3</ele><time>2025-09-18T14:28:28Z</time></trkpt>
      <trkpt lat="48.747760" lon="2.025295"><ele>164.6</ele><time>2025-09-18T14:28:29Z</time></trkpt>
      <trkpt lat="48.747718" lon="2.025218"><ele>164.7</ele><time>2025-09-18T14:28:30Z</time></trkpt>
      <trkpt lat="48.747666" lon="2.025145"><ele>165.0</ele><time>2025-09-18T14:28:31Z</time></trkpt>
      <trkpt lat="48.747604" lon="2.025062"><ele>165.3</ele><time>2025-09-18T14:28:32Z</time></trkpt>
      <trkpt lat="48.747538" lon="2.024953"><ele>165.6</ele><time>2025-09-18T14:28:33Z</time></trkpt>
      <trkpt lat="48.747468" lon="2.024831"><ele>166.1</ele><time>2025-09-18T14:28:34Z</time></trkpt>
      <trkpt lat="48.747395" lon="2.024701"><ele>166.4</ele><time>2025-09-18T14:28:35Z</time></trkpt>
      <trkpt lat="48.747317" lon="2.024562"><ele>166.5</ele><time>2025-09-18T14:28:36Z</time></trkpt>
      <trkpt lat="48.747236" lon="2.024417"><ele>166.6</ele><time>2025-09-18T14:28:37Z</time></trkpt>
      <trkpt lat="48.747153" lon="2.024262"><ele>166.5</ele><time>2025-09-18T14:28:38Z</time></trkpt>
      <trkpt lat="48.747068" lon="2.024095"><ele>166.6</ele><time>2025-09-18T14:28:39Z</time></trkpt>
      <trkpt lat="48.746983" lon="2.023930"><ele>166.7</ele><time>2025-09-18T14:28:40Z</time></trkpt>
      <trkpt lat="48.746902" lon="2.023769"><ele>166.7</ele><time>2025-09-18T14:28:41Z</time></trkpt>
      <trkpt lat="48.746828" lon="2.023618"><ele>166.6</ele><time>2025-09-18T14:28:42Z</time></trkpt>
      <trkpt lat="48.746755" lon="2.023476"><ele>166.3</ele><time>2025-09-18T14:28:43Z</time></trkpt>
      <trkpt lat="48.746688" lon="2.023332"><ele>166.0</ele><time>2025-09-18T14:28:44Z</time></trkpt>
      <trkpt lat="48.746623" lon="2.023187"><ele>165.9</ele><time>2025-09-18T14:28:45Z</time></trkpt>
      <trkpt lat="48.746562" lon="2.023034"><ele>165.9</ele><time>2025-09-18T14:28:46Z</time></trkpt>
      <trkpt lat="48.746510" lon="2.022873"><ele>165.7</ele><time>2025-09-18T14:28:47Z</time></trkpt>
      <trkpt lat="48.746462" lon="2.022709"><ele>165.3</ele><time>2025-09-18T14:28:48Z</time></trkpt>
      <trkpt lat="48.746415" lon="2.022540"><ele>165.1</ele><time>2025-09-18T14:28:49Z</time></trkpt>
      <trkpt lat="48.746371" lon="2.022370"><ele>164.7</ele><time>2025-09-18T14:28:50Z</time></trkpt>
      <trkpt lat="48.746326" lon="2.022200"><ele>164.3</ele><time>2025-09-18T14:28:51Z</time></trkpt>
      <trkpt lat="48.746279" lon="2.022032"><ele>164.0</ele><time>2025-09-18T14:28:52Z</time></trkpt>
      <trkpt lat="48.746230" lon="2.021865"><ele>163.6</ele><time>2025-09-18T14:28:53Z</time></trkpt>
      <trkpt lat="48.746176" lon="2.021704"><ele>163.3</ele><time>2025-09-18T14:28:54Z</time></trkpt>
      <trkpt lat="48.746117" lon="2.021555"><ele>162.5</ele><time>2025-09-18T14:28:55Z</time></trkpt>
      <trkpt lat="48.746055" lon="2.021416"><ele>161.7</ele><time>2025-09-18T14:28:56Z</time></trkpt>
      <trkpt lat="48.745993" lon="2.021284"><ele>160.9</ele><time>2025-09-18T14:28:57Z</time></trkpt>
      <trkpt lat="48.745929" lon="2.021156"><ele>160.3</ele><time>2025-09-18T14:28:58Z</time></trkpt>
      <trkpt lat="48.745862" lon="2.021033"><ele>159.8</ele><time>2025-09-18T14:28:59Z</time></trkpt>
      <trkpt lat="48.745800" lon="2.020903"><ele>159.2</ele><time>2025-09-18T14:29:00Z</time></trkpt>
      <trkpt lat="48.745738" lon="2.020771"><ele>158.2</ele><time>2025-09-18T14:29:01Z</time></trkpt>
      <trkpt lat="48.745677" lon="2.020635"><ele>157.3</ele><time>2025-09-18T14:29:02Z</time></trkpt>
      <trkpt lat="48.745612" lon="2.020493"><ele>156.1</ele><time>2025-09-18T14:29:03Z</time></trkpt>
      <trkpt lat="48.745549" lon="2.020347"><ele>155.5</ele><time>2025-09-18T14:29:04Z</time></trkpt>
      <trkpt lat="48.745487" lon="2.020194"><ele>154.4</ele><time>2025-09-18T14:29:05Z</time></trkpt>
      <trkpt lat="48.745430" lon="2.020033"><ele>153.1</ele><time>2025-09-18T14:29:06Z</time></trkpt>
      <trkpt lat="48.745371" lon="2.019870"><ele>151.1</ele><time>2025-09-18T14:29:07Z</time></trkpt>
      <trkpt lat="48.745293" lon="2.019721"><ele>150.0</ele><time>2025-09-18T14:29:08Z</time></trkpt>
      <trkpt lat="48.745222" lon="2.019552"><ele>148.4</ele><time>2025-09-18T14:29:09Z</time></trkpt>
      <trkpt lat="48.745140" lon="2.019408"><ele>147.1</ele><time>2025-09-18T14:29:10Z</time></trkpt>
      <trkpt lat="48.745041" lon="2.019293"><ele>149.3</ele><time>2025-09-18T14:29:11Z</time></trkpt>
      <trkpt lat="48.744931" lon="2.019182"><ele>152.1</ele><time>2025-09-18T14:29:12Z</time></trkpt>
      <trkpt lat="48.744807" lon="2.019076"><ele>153.0</ele><time>2025-09-18T14:29:13Z</time></trkpt>
      <trkpt lat="48.744664" lon="2.018993"><ele>152.6</ele><time>2025-09-18T14:29:14Z</time></trkpt>
      <trkpt lat="48.744513" lon="2.018940"><ele>152.5</ele><time>2025-09-18T14:29:15Z</time></trkpt>
      <trkpt lat="48.744372" lon="2.018917"><ele>152.8</ele><time>2025-09-18T14:29:16Z</time></trkpt>
      <trkpt lat="48.744233" lon="2.018906"><ele>154.3</ele><time>2025-09-18T14:29:17Z</time></trkpt>
      <trkpt lat="48.744123" lon="2.018931"><ele>154.6</ele><time>2025-09-18T14:29:18Z</time></trkpt>
      <trkpt lat="48.744065" lon="2.019004"><ele>155.7</ele><time>2025-09-18T14:29:19Z</time></trkpt>
      <trkpt lat="48.743983" lon="2.019080"><ele>155.6</ele><time>2025-09-18T14:29:20Z</time></trkpt>
      <trkpt lat="48.743916" lon="2.019157"><ele>158.8</ele><time>2025-09-18T14:29:21Z</time></trkpt>
      <trkpt lat="48.743805" lon="2.019269"><ele>154.8</ele><time>2025-09-18T14:29:22Z</time></trkpt>
      <trkpt lat="48.743699" lon="2.019365"><ele>154.7</ele><time>2025-09-18T14:29:23Z</time></trkpt>
      <trkpt lat="48.743573" lon="2.019493"><ele>152.0</ele><time>2025-09-18T14:29:24Z</time></trkpt>
      <trkpt lat="48.743457" lon="2.019607"><ele>152.5</ele><time>2025-09-18T14:29:25Z</time></trkpt>
      <trkpt lat="48.743319" lon="2.019714"><ele>151.8</ele><time>2025-09-18T14:29:26Z</time></trkpt>
      <trkpt lat="48.743143" lon="2.019807"><ele>148.0</ele><time>2025-09-18T14:29:27Z</time></trkpt>
      <trkpt lat="48.742973" lon="2.019893"><ele>144.4</ele><time>2025-09-18T14:29:28Z</time></trkpt>
      <trkpt lat="48.742815" lon="2.019956"><ele>143.6</ele><time>2025-09-18T14:29:29Z</time></trkpt>
      <trkpt lat="48.742675" lon="2.020018"><ele>143.3</ele><time>2025-09-18T14:29:30Z</time></trkpt>
      <trkpt lat="48.742545" lon="2.020094"><ele>142.5</ele><time>2025-09-18T14:29:31Z</time></trkpt>
      <trkpt lat="48.742410" lon="2.020201"><ele>139.6</ele><time>2025-09-18T14:29:32Z</time></trkpt>
      <trkpt lat="48.742300" lon="2.020348"><ele>137.8</ele><time>2025-09-18T14:29:33Z</time></trkpt>
      <trkpt lat="48.742218" lon="2.020542"><ele>137.3</ele><time>2025-09-18T14:29:34Z</time></trkpt>
      <trkpt lat="48.742128" lon="2.020728"><ele>135.7</ele><time>2025-09-18T14:29:35Z</time></trkpt>
      <trkpt lat="48.742027" lon="2.020889"><ele>134.5</ele><time>2025-09-18T14:29:36Z</time></trkpt>
      <trkpt lat="48.741908" lon="2.021014"><ele>134.4</ele><time>2025-09-18T14:29:37Z</time></trkpt>
      <trkpt lat="48.741781" lon="2.021123"><ele>133.6</ele><time>2025-09-18T14:29:38Z</time></trkpt>
      <trkpt lat="48.741653" lon="2.021226"><ele>132.6</ele><time>2025-09-18T14:29:39Z</time></trkpt>
      <trkpt lat="48.741540" lon="2.021346"><ele>131.1</ele><time>2025-09-18T14:29:40Z</time></trkpt>
      <trkpt lat="48.741448" lon="2.021481"><ele>130.6</ele><time>2025-09-18T14:29:41Z</time></trkpt>
      <trkpt lat="48.741342" lon="2.021653"><ele>128.1</ele><time>2025-09-18T14:29:42Z</time></trkpt>
      <trkpt lat="48.741237" lon="2.021815"><ele>127.2</ele><time>2025-09-18T14:29:43Z</time></trkpt>
      <trkpt lat="48.741138" lon="2.021980"><ele>127.4</ele><time>2025-09-18T14:29:44Z</time></trkpt>
      <trkpt lat="48.741041" lon="2.022145"><ele>126.5</ele><time>2025-09-18T14:29:45Z</time></trkpt>
      <trkpt lat="48.740932" lon="2.022316"><ele>125.6</ele><time>2025-09-18T14:29:46Z</time></trkpt>
      <trkpt lat="48.740835" lon="2.022480"><ele>124.8</ele><time>2025-09-18T14:29:47Z</time></trkpt>
      <trkpt lat="48.740763" lon="2.022660"><ele>123.6</ele><time>2025-09-18T14:29:48Z</time></trkpt>
      <trkpt lat="48.740652" lon="2.022809"><ele>120.4</ele><time>2025-09-18T14:29:49Z</time></trkpt>
      <trkpt lat="48.740515" lon="2.022890"><ele>118.7</ele><time>2025-09-18T14:29:50Z</time></trkpt>
      <trkpt lat="48.740389" lon="2.022942"><ele>116.6</ele><time>2025-09-18T14:29:51Z</time></trkpt>
      <trkpt lat="48.740253" lon="2.022928"><ele>115.9</ele><time>2025-09-18T14:29:52Z</time></trkpt>
      <trkpt lat="48.740122" lon="2.022842"><ele>114.3</ele><time>2025-09-18T14:29:53Z</time></trkpt>
      <trkpt lat="48.740025" lon="2.022709"><ele>113.4</ele><time>2025-09-18T14:29:54Z</time></trkpt>
      <trkpt lat="48.739943" lon="2.022531"><ele>112.6</ele><time>2025-09-18T14:29:55Z</time></trkpt>
      <trkpt lat="48.739861" lon="2.022315"><ele>110.2</ele><time>2025-09-18T14:29:56Z</time></trkpt>
      <trkpt lat="48.739775" lon="2.022073"><ele>108.5</ele><time>2025-09-18T14:29:57Z</time></trkpt>
      <trkpt lat="48.739688" lon="2.021817"><ele>107.5</ele><time>2025-09-18T14:29:58Z</time></trkpt>
      <trkpt lat="48.739604" lon="2.021558"><ele>106.8</ele><time>2025-09-18T14:29:59Z</time></trkpt>
      <trkpt lat="48.739516" lon="2.021298"><ele>106.6</ele><time>2025-09-18T14:30:00Z</time></trkpt>
      <trkpt lat="48.739423" lon="2.021030"><ele>106.7</ele><time>2025-09-18T14:30:01Z</time></trkpt>
      <trkpt lat="48.739316" lon="2.020737"><ele>107.3</ele><time>2025-09-18T14:30:02Z</time></trkpt>
      <trkpt lat="48.739195" lon="2.020414"><ele>107.7</ele><time>2025-09-18T14:30:03Z</time></trkpt>
      <trkpt lat="48.739080" lon="2.020064"><ele>108.1</ele><time>2025-09-18T14:30:04Z</time></trkpt>
      <trkpt lat="48.738968" lon="2.019709"><ele>108.5</ele><time>2025-09-18T14:30:05Z</time></trkpt>
      <trkpt lat="48.738858" lon="2.019364"><ele>109.1</ele><time>2025-09-18T14:30:06Z</time></trkpt>
      <trkpt lat="48.738748" lon="2.019038"><ele>109.6</ele><time>2025-09-18T14:30:07Z</time></trkpt>
      <trkpt lat="48.738643" lon="2.018737"><ele>109.9</ele><time>2025-09-18T14:30:08Z</time></trkpt>
      <trkpt lat="48.738547" lon="2.018460"><ele>110.3</ele><time>2025-09-18T14:30:09Z</time></trkpt>
      <trkpt lat="48.738466" lon="2.018210"><ele>110.9</ele><time>2025-09-18T14:30:10Z</time></trkpt>
      <trkpt lat="48.738396" lon="2.017986"><ele>111.6</ele><time>2025-09-18T14:30:11Z</time></trkpt>
      <trkpt lat="48.738330" lon="2.017786"><ele>112.4</ele><time>2025-09-18T14:30:12Z</time></trkpt>
      <trkpt lat="48.738272" lon="2.017620"><ele>113.2</ele><time>2025-09-18T14:30:13Z</time></trkpt>
      <trkpt lat="48.738220" lon="2.017479"><ele>113.9</ele><time>2025-09-18T14:30:14Z</time></trkpt>
      <trkpt lat="48.738172" lon="2.017360"><ele>114.7</ele><time>2025-09-18T14:30:15Z</time></trkpt>
      <trkpt lat="48.738129" lon="2.017258"><ele>115.3</ele><time>2025-09-18T14:30:16Z</time></trkpt>
      <trkpt lat="48.738090" lon="2.017168"><ele>116.1</ele><time>2025-09-18T14:30:17Z</time></trkpt>
      <trkpt lat="48.738054" lon="2.017073"><ele>116.8</ele><time>2025-09-18T14:30:18Z</time></trkpt>
      <trkpt lat="48.738022" lon="2.016967"><ele>117.4</ele><time>2025-09-18T14:30:19Z</time></trkpt>
      <trkpt lat="48.737986" lon="2.016849"><ele>117.9</ele><time>2025-09-18T14:30:20Z</time></trkpt>
      <trkpt lat="48.737940" lon="2.016721"><ele>118.5</ele><time>2025-09-18T14:30:21Z</time></trkpt>
      <trkpt lat="48.737884" lon="2.016579"><ele>119.0</ele><time>2025-09-18T14:30:22Z</time></trkpt>
      <trkpt lat="48.737833" lon="2.016428"><ele>119.4</ele><time>2025-09-18T14:30:23Z</time></trkpt>
      <trkpt lat="48.737790" lon="2.016273"><ele>119.9</ele><time>2025-09-18T14:30:24Z</time></trkpt>
      <trkpt lat="48.737748" lon="2.016116"><ele>120.8</ele><time>2025-09-18T14:30:25Z</time></trkpt>
      <trkpt lat="48.737702" lon="2.015958"><ele>121.8</ele><time>2025-09-18T14:30:26Z</time></trkpt>
      <trkpt lat="48.737652" lon="2.015798"><ele>122.8</ele><time>2025-09-18T14:30:27Z</time></trkpt>
      <trkpt lat="48.737602" lon="2.015643"><ele>123.6</ele><time>2025-09-18T14:30:28Z</time></trkpt>
      <trkpt lat="48.737553" lon="2.015490"><ele>124.4</ele><time>2025-09-18T14:30:29Z</time></trkpt>
      <trkpt lat="48.737502" lon="2.015334"><ele>125.4</ele><time>2025-09-18T14:30:30Z</time></trkpt>
      <trkpt lat="48.737447" lon="2.015173"><ele>126.3</ele><time>2025-09-18T14:30:31Z</time></trkpt>
      <trkpt lat="48.737394" lon="2.015008"><ele>127.4</ele><time>2025-09-18T14:30:32Z</time></trkpt>
      <trkpt lat="48.737339" lon="2.014831"><ele>128.3</ele><time>2025-09-18T14:30:33Z</time></trkpt>
      <trkpt lat="48.737280" lon="2.014655"><ele>129.2</ele><time>2025-09-18T14:30:34Z</time></trkpt>
      <trkpt lat="48.737219" lon="2.014471"><ele>130.1</ele><time>2025-09-18T14:30:35Z</time></trkpt>
      <trkpt lat="48.737158" lon="2.014291"><ele>131.6</ele><time>2025-09-18T14:30:36Z</time></trkpt>
      <trkpt lat="48.737094" lon="2.014107"><ele>132.6</ele><time>2025-09-18T14:30:37Z</time></trkpt>
      <trkpt lat="48.737029" lon="2.013920"><ele>133.5</ele><time>2025-09-18T14:30:38Z</time></trkpt>
      <trkpt lat="48.736967" lon="2.013722"><ele>134.4</ele><time>2025-09-18T14:30:39Z</time></trkpt>
      <trkpt lat="48.736908" lon="2.013517"><ele>135.3</ele><time>2025-09-18T14:30:40Z</time></trkpt>
      <trkpt lat="48.736841" lon="2.013319"><ele>136.5</ele><time>2025-09-18T14:30:41Z</time></trkpt>
      <trkpt lat="48.736772" lon="2.013125"><ele>137.4</ele><time>2025-09-18T14:30:42Z</time></trkpt>
      <trkpt lat="48.736702" lon="2.012941"><ele>138.7</ele><time>2025-09-18T14:30:43Z</time></trkpt>
      <trkpt lat="48.736625" lon="2.012775"><ele>139.7</ele><time>2025-09-18T14:30:44Z</time></trkpt>
      <trkpt lat="48.736546" lon="2.012611"><ele>140.4</ele><time>2025-09-18T14:30:45Z</time></trkpt>
      <trkpt lat="48.736463" lon="2.012455"><ele>141.3</ele><time>2025-09-18T14:30:46Z</time></trkpt>
      <trkpt lat="48.736373" lon="2.012305"><ele>142.1</ele><time>2025-09-18T14:30:47Z</time></trkpt>
      <trkpt lat="48.736264" lon="2.012176"><ele>143.0</ele><time>2025-09-18T14:30:48Z</time></trkpt>
      <trkpt lat="48.736144" lon="2.012058"><ele>144.0</ele><time>2025-09-18T14:30:49Z</time></trkpt>
      <trkpt lat="48.736019" lon="2.011946"><ele>144.7</ele><time>2025-09-18T14:30:50Z</time></trkpt>
      <trkpt lat="48.735892" lon="2.011841"><ele>147.0</ele><time>2025-09-18T14:30:51Z</time></trkpt>
      <trkpt lat="48.735749" lon="2.011766"><ele>150.3</ele><time>2025-09-18T14:30:52Z</time></trkpt>
      <trkpt lat="48.735622" lon="2.011637"><ele>152.4</ele><time>2025-09-18T14:30:53Z</time></trkpt>
      <trkpt lat="48.735467" lon="2.011547"><ele>155.4</ele><time>2025-09-18T14:30:54Z</time></trkpt>
      <trkpt lat="48.735315" lon="2.011449"><ele>162.6</ele><time>2025-09-18T14:30:55Z</time></trkpt>
      <trkpt lat="48.735174" lon="2.011306"><ele>164.9</ele><time>2025-09-18T14:30:56Z</time></trkpt>
      <trkpt lat="48.735051" lon="2.011138"><ele>167.6</ele><time>2025-09-18T14:30:57Z</time></trkpt>
      <trkpt lat="48.734934" lon="2.010973"><ele>171.6</ele><time>2025-09-18T14:30:58Z</time></trkpt>
      <trkpt lat="48.734827" lon="2.010809"><ele>174.6</ele><time>2025-09-18T14:30:59Z</time></trkpt>
      <trkpt lat="48.734724" lon="2.010647"><ele>177.9</ele><time>2025-09-18T14:31:00Z</time></trkpt>
      <trkpt lat="48.734626" lon="2.010472"><ele>177.7</ele><time>2025-09-18T14:31:01Z</time></trkpt>
      <trkpt lat="48.734528" lon="2.010290"><ele>179.9</ele><time>2025-09-18T14:31:02Z</time></trkpt>
      <trkpt lat="48.734425" lon="2.010112"><ele>182.9</ele><time>2025-09-18T14:31:03Z</time></trkpt>
      <trkpt lat="48.734320" lon="2.009916"><ele>184.1</ele><time>2025-09-18T14:31:04Z</time></trkpt>
      <trkpt lat="48.734212" lon="2.009709"><ele>184.2</ele><time>2025-09-18T14:31:05Z</time></trkpt>
      <trkpt lat="48.734102" lon="2.009496"><ele>183.2</ele><time>2025-09-18T14:31:06Z</time></trkpt>
      <trkpt lat="48.733989" lon="2.009281"><ele>182.7</ele><time>2025-09-18T14:31:07Z</time></trkpt>
      <trkpt lat="48.733879" lon="2.009060"><ele>180.9</ele><time>2025-09-18T14:31:08Z</time></trkpt>
      <trkpt lat="48.733771" lon="2.008851"><ele>180.2</ele><time>2025-09-18T14:31:09Z</time></trkpt>
      <trkpt lat="48.733667" lon="2.008654"><ele>179.6</ele><time>2025-09-18T14:31:10Z</time></trkpt>
      <trkpt lat="48.733563" lon="2.008462"><ele>177.8</ele><time>2025-09-18T14:31:11Z</time></trkpt>
      <trkpt lat="48.733464" lon="2.008278"><ele>177.6</ele><time>2025-09-18T14:31:12Z</time></trkpt>
      <trkpt lat="48.733361" lon="2.008088"><ele>177.1</ele><time>2025-09-18T14:31:13Z</time></trkpt>
      <trkpt lat="48.733257" lon="2.007892"><ele>177.2</ele><time>2025-09-18T14:31:14Z</time></trkpt>
      <trkpt lat="48.733151" lon="2.007693"><ele>177.1</ele><time>2025-09-18T14:31:15Z</time></trkpt>
      <trkpt lat="48.733047" lon="2.007490"><ele>176.8</ele><time>2025-09-18T14:31:16Z</time></trkpt>
      <trkpt lat="48.732942" lon="2.007291"><ele>176.7</ele><time>2025-09-18T14:31:17Z</time></trkpt>
      <trkpt lat="48.732840" lon="2.007105"><ele>176.3</ele><time>2025-09-18T14:31:18Z</time></trkpt>
      <trkpt lat="48.732744" lon="2.006927"><ele>175.4</ele><time>2025-09-18T14:31:19Z</time></trkpt>
      <trkpt lat="48.732657" lon="2.006761"><ele>174.7</ele><time>2025-09-18T14:31:20Z</time></trkpt>
      <trkpt lat="48.732577" lon="2.006608"><ele>174.2</ele><time>2025-09-18T14:31:21Z</time></trkpt>
      <trkpt lat="48.732501" lon="2.006471"><ele>174.5</ele><time>2025-09-18T14:31:22Z</time></trkpt>
      <trkpt lat="48.732426" lon="2.006325"><ele>173.7</ele><time>2025-09-18T14:31:23Z</time></trkpt>
      <trkpt lat="48.732348" lon="2.006179"><ele>173.2</ele><time>2025-09-18T14:31:24Z</time></trkpt>
      <trkpt lat="48.732266" lon="2.006026"><ele>172.6</ele><time>2025-09-18T14:31:25Z</time></trkpt>
      <trkpt lat="48.732180" lon="2.005863"><ele>171.7</ele><time>2025-09-18T14:31:26Z</time></trkpt>
      <trkpt lat="48.732093" lon="2.005694"><ele>171.1</ele><time>2025-09-18T14:31:27Z</time></trkpt>
      <trkpt lat="48.731999" lon="2.005517"><ele>170.2</ele><time>2025-09-18T14:31:28Z</time></trkpt>
      <trkpt lat="48.731896" lon="2.005332"><ele>170.0</ele><time>2025-09-18T14:31:29Z</time></trkpt>
      <trkpt lat="48.731784" lon="2.005124"><ele>169.6</ele><time>2025-09-18T14:31:30Z</time></trkpt>
      <trkpt lat="48.731660" lon="2.004897"><ele>168.9</ele><time>2025-09-18T14:31:31Z</time></trkpt>
      <trkpt lat="48.731537" lon="2.004665"><ele>168.7</ele><time>2025-09-18T14:31:32Z</time></trkpt>
      <trkpt lat="48.731415" lon="2.004430"><ele>168.6</ele><time>2025-09-18T14:31:33Z</time></trkpt>
      <trkpt lat="48.731293" lon="2.004192"><ele>168.5</ele><time>2025-09-18T14:31:34Z</time></trkpt>
      <trkpt lat="48.731168" lon="2.003970"><ele>168.4</ele><time>2025-09-18T14:31:35Z</time></trkpt>
      <trkpt lat="48.731035" lon="2.003783"><ele>168.5</ele><time>2025-09-18T14:31:36Z</time></trkpt>
      <trkpt lat="48.730892" lon="2.003631"><ele>168.3</ele><time>2025-09-18T14:31:37Z</time></trkpt>
      <trkpt lat="48.730743" lon="2.003515"><ele>168.0</ele><time>2025-09-18T14:31:38Z</time></trkpt>
      <trkpt lat="48.730590" lon="2.003429"><ele>167.7</ele><time>2025-09-18T14:31:39Z</time></trkpt>
      <trkpt lat="48.730432" lon="2.003369"><ele>167.8</ele><time>2025-09-18T14:31:40Z</time></trkpt>
      <trkpt lat="48.730271" lon="2.003330"><ele>167.6</ele><time>2025-09-18T14:31:41Z</time></trkpt>
      <trkpt lat="48.730114" lon="2.003305"><ele>167.2</ele><time>2025-09-18T14:31:42Z</time></trkpt>
      <trkpt lat="48.729964" lon="2.003286"><ele>166.7</ele><time>2025-09-18T14:31:43Z</time></trkpt>
      <trkpt lat="48.729819" lon="2.003268"><ele>167.0</ele><time>2025-09-18T14:31:44Z</time></trkpt>
      <trkpt lat="48.729680" lon="2.003255"><ele>166.8</ele><time>2025-09-18T14:31:45Z</time></trkpt>
      <trkpt lat="48.729544" lon="2.003246"><ele>166.9</ele><time>2025-09-18T14:31:46Z</time></trkpt>
      <trkpt lat="48.729411" lon="2.003236"><ele>167.1</ele><time>2025-09-18T14:31:47Z</time></trkpt>
      <trkpt lat="48.729276" lon="2.003229"><ele>167.3</ele><time>2025-09-18T14:31:48Z</time></trkpt>
      <trkpt lat="48.729141" lon="2.003218"><ele>167.6</ele><time>2025-09-18T14:31:49Z</time></trkpt>
      <trkpt lat="48.729009" lon="2.003205"><ele>167.9</ele><time>2025-09-18T14:31:50Z</time></trkpt>
      <trkpt lat="48.728881" lon="2.003192"><ele>168.3</ele><time>2025-09-18T14:31:51Z</time></trkpt>
      <trkpt lat="48.728754" lon="2.003182"><ele>168.2</ele><time>2025-09-18T14:31:52Z</time></trkpt>
      <trkpt lat="48.728628" lon="2.003175"><ele>168.5</ele><time>2025-09-18T14:31:53Z</time></trkpt>
      <trkpt lat="48.728504" lon="2.003163"><ele>168.6</ele><time>2025-09-18T14:31:54Z</time></trkpt>
      <trkpt lat="48.728382" lon="2.003155"><ele>168.8</ele><time>2025-09-18T14:31:55Z</time></trkpt>
      <trkpt lat="48.728260" lon="2.003147"><ele>168.9</ele><time>2025-09-18T14:31:56Z</time></trkpt>
      <trkpt lat="48.728139" lon="2.003138"><ele>169.1</ele><time>2025-09-18T14:31:57Z</time></trkpt>
      <trkpt lat="48.728021" lon="2.003127"><ele>169.3</ele><time>2025-09-18T14:31:58Z</time></trkpt>
      <trkpt lat="48.727902" lon="2.003114"><ele>169.6</ele><time>2025-09-18T14:31:59Z</time></trkpt>
      <trkpt lat="48.727780" lon="2.003095"><ele>169.7</ele><time>2025-09-18T14:32:00Z</time></trkpt>
      <trkpt lat="48.727655" lon="2.003072"><ele>169.8</ele><time>2025-09-18T14:32:01Z</time></trkpt>
      <trkpt lat="48.727526" lon="2.003052"><ele>169.8</ele><time>2025-09-18T14:32:02Z</time></trkpt>
      <trkpt lat="48.727397" lon="2.003038"><ele>170.0</ele><time>2025-09-18T14:32:03Z</time></trkpt>
      <trkpt lat="48.727265" lon="2.003029"><ele>169.9</ele><time>2025-09-18T14:32:04Z</time></trkpt>
      <trkpt lat="48.727136" lon="2.003025"><ele>169.7</ele><time>2025-09-18T14:32:05Z</time></trkpt>
      <trkpt lat="48.727010" lon="2.003022"><ele>169.6</ele><time>2025-09-18T14:32:06Z</time></trkpt>
      <trkpt lat="48.726884" lon="2.003022"><ele>169.6</ele><time>2025-09-18T14:32:07Z</time></trkpt>
      <trkpt lat="48.726758" lon="2.003019"><ele>169.5</ele><time>2025-09-18T14:32:08Z</time></trkpt>
      <trkpt lat="48.726628" lon="2.003011"><ele>169.6</ele><time>2025-09-18T14:32:09Z</time></trkpt>
      <trkpt lat="48.726494" lon="2.002999"><ele>169.5</ele><time>2025-09-18T14:32:10Z</time></trkpt>
      <trkpt lat="48.726354" lon="2.002988"><ele>169.3</ele><time>2025-09-18T14:32:11Z</time></trkpt>
      <trkpt lat="48.726210" lon="2.002977"><ele>169.2</ele><time>2025-09-18T14:32:12Z</time></trkpt>
      <trkpt lat="48.726060" lon="2.002963"><ele>168.5</ele><time>2025-09-18T14:32:13Z</time></trkpt>
      <trkpt lat="48.725906" lon="2.002949"><ele>168.0</ele><time>2025-09-18T14:32:14Z</time></trkpt>
      <trkpt lat="48.725747" lon="2.002935"><ele>167.6</ele><time>2025-09-18T14:32:15Z</time></trkpt>
      <trkpt lat="48.725586" lon="2.002921"><ele>167.2</ele><time>2025-09-18T14:32:16Z</time></trkpt>
      <trkpt lat="48.725425" lon="2.002907"><ele>166.8</ele><time>2025-09-18T14:32:17Z</time></trkpt>
      <trkpt lat="48.725264" lon="2.002892"><ele>166.4</ele><time>2025-09-18T14:32:18Z</time></trkpt>
      <trkpt lat="48.725104" lon="2.002875"><ele>166.0</ele><time>2025-09-18T14:32:19Z</time></trkpt>
      <trkpt lat="48.724944" lon="2.002861"><ele>165.5</ele><time>2025-09-18T14:32:20Z</time></trkpt>
      <trkpt lat="48.724782" lon="2.002848"><ele>165.1</ele><time>2025-09-18T14:32:21Z</time></trkpt>
      <trkpt lat="48.724620" lon="2.002835"><ele>164.7</ele><time>2025-09-18T14:32:22Z</time></trkpt>
      <trkpt lat="48.724458" lon="2.002823"><ele>164.1</ele><time>2025-09-18T14:32:23Z</time></trkpt>
      <trkpt lat="48.724298" lon="2.002812"><ele>163.7</ele><time>2025-09-18T14:32:24Z</time></trkpt>
      <trkpt lat="48.724134" lon="2.002799"><ele>163.2</ele><time>2025-09-18T14:32:25Z</time></trkpt>
      <trkpt lat="48.723969" lon="2.002785"><ele>162.8</ele><time>2025-09-18T14:32:26Z</time></trkpt>
      <trkpt lat="48.723801" lon="2.002770"><ele>162.4</ele><time>2025-09-18T14:32:27Z</time></trkpt>
      <trkpt lat="48.723634" lon="2.002755"><ele>162.2</ele><time>2025-09-18T14:32:28Z</time></trkpt>
      <trkpt lat="48.723465" lon="2.002740"><ele>162.0</ele><time>2025-09-18T14:32:29Z</time></trkpt>
      <trkpt lat="48.723295" lon="2.002727"><ele>161.8</ele><time>2025-09-18T14:32:30Z</time></trkpt>
      <trkpt lat="48.723124" lon="2.002712"><ele>161.8</ele><time>2025-09-18T14:32:31Z</time></trkpt>
      <trkpt lat="48.722954" lon="2.002697"><ele>161.6</ele><time>2025-09-18T14:32:32Z</time></trkpt>
      <trkpt lat="48.722784" lon="2.002683"><ele>161.4</ele><time>2025-09-18T14:32:33Z</time></trkpt>
      <trkpt lat="48.722612" lon="2.002671"><ele>161.1</ele><time>2025-09-18T14:32:34Z</time></trkpt>
      <trkpt lat="48.722440" lon="2.002661"><ele>160.8</ele><time>2025-09-18T14:32:35Z</time></trkpt>
      <trkpt lat="48.722268" lon="2.002649"><ele>160.7</ele><time>2025-09-18T14:32:36Z</time></trkpt>
      <trkpt lat="48.722094" lon="2.002635"><ele>160.5</ele><time>2025-09-18T14:32:37Z</time></trkpt>
      <trkpt lat="48.721921" lon="2.002616"><ele>160.3</ele><time>2025-09-18T14:32:38Z</time></trkpt>
      <trkpt lat="48.721746" lon="2.002596"><ele>160.1</ele><time>2025-09-18T14:32:39Z</time></trkpt>
      <trkpt lat="48.721576" lon="2.002580"><ele>160.3</ele><time>2025-09-18T14:32:40Z</time></trkpt>
      <trkpt lat="48.721416" lon="2.002569"><ele>160.4</ele><time>2025-09-18T14:32:41Z</time></trkpt>
      <trkpt lat="48.721266" lon="2.002558"><ele>160.3</ele><time>2025-09-18T14:32:42Z</time></trkpt>
      <trkpt lat="48.721128" lon="2.002543"><ele>160.4</ele><time>2025-09-18T14:32:43Z</time></trkpt>
      <trkpt lat="48.721004" lon="2.002518"><ele>160.3</ele><time>2025-09-18T14:32:44Z</time></trkpt>
      <trkpt lat="48.720898" lon="2.002486"><ele>160.2</ele><time>2025-09-18T14:32:45Z</time></trkpt>
      <trkpt lat="48.720805" lon="2.002447"><ele>160.1</ele><time>2025-09-18T14:32:46Z</time></trkpt>
      <trkpt lat="48.720722" lon="2.002406"><ele>160.0</ele><time>2025-09-18T14:32:47Z</time></trkpt>
      <trkpt lat="48.720649" lon="2.002367"><ele>159.9</ele><time>2025-09-18T14:32:48Z</time></trkpt>
      <trkpt lat="48.720584" lon="2.002334"><ele>159.9</ele><time>2025-09-18T14:32:49Z</time></trkpt>
      <trkpt lat="48.720525" lon="2.002307"><ele>159.8</ele><time>2025-09-18T14:32:50Z</time></trkpt>
      <trkpt lat="48.720469" lon="2.002280"><ele>159.7</ele><time>2025-09-18T14:32:51Z</time></trkpt>
      <trkpt lat="48.720408" lon="2.002233"><ele>159.6</ele><time>2025-09-18T14:32:52Z</time></trkpt>
      <trkpt lat="48.720350" lon="2.002157"><ele>160.3</ele><time>2025-09-18T14:32:53Z</time></trkpt>
      <trkpt lat="48.720292" lon="2.002061"><ele>160.4</ele><time>2025-09-18T14:32:54Z</time></trkpt>
      <trkpt lat="48.720226" lon="2.001974"><ele>160.2</ele><time>2025-09-18T14:32:55Z</time></trkpt>
      <trkpt lat="48.720145" lon="2.001926"><ele>160.3</ele><time>2025-09-18T14:32:56Z</time></trkpt>
      <trkpt lat="48.720057" lon="2.001933"><ele>160.2</ele><time>2025-09-18T14:32:57Z</time></trkpt>
      <trkpt lat="48.719969" lon="2.002000"><ele>159.9</ele><time>2025-09-18T14:32:58Z</time></trkpt>
      <trkpt lat="48.719879" lon="2.002103"><ele>159.8</ele><time>2025-09-18T14:32:59Z</time></trkpt>
      <trkpt lat="48.719771" lon="2.002195"><ele>159.9</ele><time>2025-09-18T14:33:00Z</time></trkpt>
      <trkpt lat="48.719629" lon="2.002265"><ele>160.1</ele><time>2025-09-18T14:33:01Z</time></trkpt>
      <trkpt lat="48.719452" lon="2.002318"><ele>160.2</ele><time>2025-09-18T14:33:02Z</time></trkpt>
      <trkpt lat="48.719251" lon="2.002353"><ele>160.4</ele><time>2025-09-18T14:33:03Z</time></trkpt>
      <trkpt lat="48.719046" lon="2.002367"><ele>160.5</ele><time>2025-09-18T14:33:04Z</time></trkpt>
      <trkpt lat="48.718843" lon="2.002364"><ele>160.6</ele><time>2025-09-18T14:33:05Z</time></trkpt>
      <trkpt lat="48.718640" lon="2.002353"><ele>160.9</ele><time>2025-09-18T14:33:06Z</time></trkpt>
      <trkpt lat="48.718419" lon="2.002337"><ele>161.0</ele><time>2025-09-18T14:33:07Z</time></trkpt>
      <trkpt lat="48.718176" lon="2.002321"><ele>161.4</ele><time>2025-09-18T14:33:08Z</time></trkpt>
      <trkpt lat="48.717913" lon="2.002309"><ele>161.7</ele><time>2025-09-18T14:33:09Z</time></trkpt>
      <trkpt lat="48.717644" lon="2.002298"><ele>162.0</ele><time>2025-09-18T14:33:10Z</time></trkpt>
      <trkpt lat="48.717375" lon="2.002280"><ele>162.3</ele><time>2025-09-18T14:33:11Z</time></trkpt>
      <trkpt lat="48.717101" lon="2.002259"><ele>162.5</ele><time>2025-09-18T14:33:12Z</time></trkpt>
      <trkpt lat="48.716828" lon="2.002241"><ele>162.7</ele><time>2025-09-18T14:33:13Z</time></trkpt>
      <trkpt lat="48.716557" lon="2.002222"><ele>163.0</ele><time>2025-09-18T14:33:14Z</time></trkpt>
      <trkpt lat="48.716287" lon="2.002202"><ele>163.2</ele><time>2025-09-18T14:33:15Z</time></trkpt>
      <trkpt lat="48.716023" lon="2.002180"><ele>163.4</ele><time>2025-09-18T14:33:16Z</time></trkpt>
      <trkpt lat="48.715765" lon="2.002160"><ele>163.6</ele><time>2025-09-18T14:33:17Z</time></trkpt>
      <trkpt lat="48.715510" lon="2.002139"><ele>163.8</ele><time>2025-09-18T14:33:18Z</time></trkpt>
      <trkpt lat="48.715258" lon="2.002115"><ele>164.0</ele><time>2025-09-18T14:33:19Z</time></trkpt>
      <trkpt lat="48.715011" lon="2.002087"><ele>164.2</ele><time>2025-09-18T14:33:20Z</time></trkpt>
      <trkpt lat="48.714768" lon="2.002061"><ele>164.4</ele><time>2025-09-18T14:33:21Z</time></trkpt>
      <trkpt lat="48.714529" lon="2.002040"><ele>164.6</ele><time>2025-09-18T14:33:22Z</time></trkpt>
      <trkpt lat="48.714294" lon="2.002019"><ele>164.8</ele><time>2025-09-18T14:33:23Z</time></trkpt>
      <trkpt lat="48.714062" lon="2.001989"><ele>165.1</ele><time>2025-09-18T14:33:24Z</time></trkpt>
      <trkpt lat="48.713836" lon="2.001959"><ele>165.2</ele><time>2025-09-18T14:33:25Z</time></trkpt>
      <trkpt lat="48.713621" lon="2.001937"><ele>165.3</ele><time>2025-09-18T14:33:26Z</time></trkpt>
      <trkpt lat="48.713417" lon="2.001918"><ele>165.5</ele><time>2025-09-18T14:33:27Z</time></trkpt>
      <trkpt lat="48.713218" lon="2.001903"><ele>165.7</ele><time>2025-09-18T14:33:28Z</time></trkpt>
      <trkpt lat="48.713020" lon="2.001890"><ele>165.9</ele><time>2025-09-18T14:33:29Z</time></trkpt>
      <trkpt lat="48.712820" lon="2.001875"><ele>166.3</ele><time>2025-09-18T14:33:30Z</time></trkpt>
      <trkpt lat="48.712620" lon="2.001858"><ele>166.5</ele><time>2025-09-18T14:33:31Z</time></trkpt>
      <trkpt lat="48.712420" lon="2.001843"><ele>166.7</ele><time>2025-09-18T14:33:32Z</time></trkpt>
      <trkpt lat="48.712225" lon="2.001828"><ele>167.0</ele><time>2025-09-18T14:33:33Z</time></trkpt>
      <trkpt lat="48.712032" lon="2.001812"><ele>167.3</ele><time>2025-09-18T14:33:34Z</time></trkpt>
      <trkpt lat="48.711841" lon="2.001793"><ele>167.4</ele><time>2025-09-18T14:33:35Z</time></trkpt>
      <trkpt lat="48.711651" lon="2.001776"><ele>167.6</ele><time>2025-09-18T14:33:36Z</time></trkpt>
      <trkpt lat="48.711463" lon="2.001760"><ele>167.7</ele><time>2025-09-18T14:33:37Z</time></trkpt>
      <trkpt lat="48.711273" lon="2.001745"><ele>167.6</ele><time>2025-09-18T14:33:38Z</time></trkpt>
      <trkpt lat="48.711082" lon="2.001729"><ele>167.6</ele><time>2025-09-18T14:33:39Z</time></trkpt>
      <trkpt lat="48.710890" lon="2.001712"><ele>167.8</ele><time>2025-09-18T14:33:40Z</time></trkpt>
      <trkpt lat="48.710697" lon="2.001698"><ele>167.6</ele><time>2025-09-18T14:33:41Z</time></trkpt>
      <trkpt lat="48.710507" lon="2.001678"><ele>167.5</ele><time>2025-09-18T14:33:42Z</time></trkpt>
      <trkpt lat="48.710320" lon="2.001655"><ele>167.6</ele><time>2025-09-18T14:33:43Z</time></trkpt>
      <trkpt lat="48.710145" lon="2.001645"><ele>167.2</ele><time>2025-09-18T14:33:44Z</time></trkpt>
      <trkpt lat="48.709966" lon="2.001618"><ele>167.8</ele><time>2025-09-18T14:33:45Z</time></trkpt>
      <trkpt lat="48.709798" lon="2.001599"><ele>168.1</ele><time>2025-09-18T14:33:46Z</time></trkpt>
      <trkpt lat="48.709618" lon="2.001597"><ele>168.5</ele><time>2025-09-18T14:33:47Z</time></trkpt>
      <trkpt lat="48.709457" lon="2.001584"><ele>170.1</ele><time>2025-09-18T14:33:48Z</time></trkpt>
      <trkpt lat="48.709310" lon="2.001575"><ele>171.0</ele><time>2025-09-18T14:33:49Z</time></trkpt>
      <trkpt lat="48.709179" lon="2.001566"><ele>171.8</ele><time>2025-09-18T14:33:50Z</time></trkpt>
      <trkpt lat="48.709046" lon="2.001559"><ele>172.5</ele><time>2025-09-18T14:33:51Z</time></trkpt>
      <trkpt lat="48.708914" lon="2.001530"><ele>173.3</ele><time>2025-09-18T14:33:52Z</time></trkpt>
      <trkpt lat="48.708774" lon="2.001524"><ele>172.7</ele><time>2025-09-18T14:33:53Z</time></trkpt>
      <trkpt lat="48.708647" lon="2.001532"><ele>173.4</ele><time>2025-09-18T14:33:54Z</time></trkpt>
      <trkpt lat="48.708514" lon="2.001528"><ele>174.3</ele><time>2025-09-18T14:33:55Z</time></trkpt>
      <trkpt lat="48.708381" lon="2.001548"><ele>176.8</ele><time>2025-09-18T14:33:56Z</time></trkpt>
      <trkpt lat="48.708256" lon="2.001529"><ele>177.3</ele><time>2025-09-18T14:33:57Z</time></trkpt>
      <trkpt lat="48.708122" lon="2.001506"><ele>178.7</ele><time>2025-09-18T14:33:58Z</time></trkpt>
      <trkpt lat="48.707987" lon="2.001467"><ele>176.9</ele><time>2025-09-18T14:33:59Z</time></trkpt>
      <trkpt lat="48.707886" lon="2.001403"><ele>180.5</ele><time>2025-09-18T14:34:00Z</time></trkpt>
      <trkpt lat="48.707828" lon="2.001300"><ele>181.8</ele><time>2025-09-18T14:34:01Z</time></trkpt>
      <trkpt lat="48.707842" lon="2.001133"><ele>185.1</ele><time>2025-09-18T14:34:02Z</time></trkpt>
      <trkpt lat="48.707875" lon="2.000944"><ele>195.2</ele><time>2025-09-18T14:34:03Z</time></trkpt>
      <trkpt lat="48.707925" lon="2.000753"><ele>202.4</ele><time>2025-09-18T14:34:04Z</time></trkpt>
      <trkpt lat="48.707983" lon="2.000514"><ele>202.4</ele><time>2025-09-18T14:34:05Z</time></trkpt>
      <trkpt lat="48.708036" lon="2.000284"><ele>202.9</ele><time>2025-09-18T14:34:06Z</time></trkpt>
      <trkpt lat="48.708094" lon="2.000055"><ele>201.6</ele><time>2025-09-18T14:34:07Z</time></trkpt>
      <trkpt lat="48.708141" lon="1.999808"><ele>201.2</ele><time>2025-09-18T14:34:08Z</time></trkpt>
      <trkpt lat="48.708194" lon="1.999583"><ele>201.5</ele><time>2025-09-18T14:34:09Z</time></trkpt>
      <trkpt lat="48.708241" lon="1.999396"><ele>203.5</ele><time>2025-09-18T14:34:10Z</time></trkpt>
      <trkpt lat="48.708281" lon="1.999190"><ele>202.2</ele><time>2025-09-18T14:34:11Z</time></trkpt>
      <trkpt lat="48.708328" lon="1.999011"><ele>202.4</ele><time>2025-09-18T14:34:12Z</time></trkpt>
      <trkpt lat="48.708405" lon="1.998895"><ele>205.8</ele><time>2025-09-18T14:34:13Z</time></trkpt>
      <trkpt lat="48.708485" lon="1.998795"><ele>207.5</ele><time>2025-09-18T14:34:14Z</time></trkpt>
      <trkpt lat="48.708596" lon="1.998676"><ele>200.7</ele><time>2025-09-18T14:34:15Z</time></trkpt>
      <trkpt lat="48.708700" lon="1.998544"><ele>196.0</ele><time>2025-09-18T14:34:16Z</time></trkpt>
      <trkpt lat="48.708779" lon="1.998379"><ele>193.3</ele><time>2025-09-18T14:34:17Z</time></trkpt>
      <trkpt lat="48.708879" lon="1.998175"><ele>186.7</ele><time>2025-09-18T14:34:18Z</time></trkpt>
      <trkpt lat="48.708949" lon="1.997962"><ele>184.6</ele><time>2025-09-18T14:34:19Z</time></trkpt>
      <trkpt lat="48.708986" lon="1.997741"><ele>183.6</ele><time>2025-09-18T14:34:20Z</time></trkpt>
      <trkpt lat="48.709016" lon="1.997529"><ele>181.2</ele><time>2025-09-18T14:34:21Z</time></trkpt>
      <trkpt lat="48.709053" lon="1.997324"><ele>176.9</ele><time>2025-09-18T14:34:22Z</time></trkpt>
      <trkpt lat="48.709083" lon="1.997121"><ele>174.1</ele><time>2025-09-18T14:34:23Z</time></trkpt>
      <trkpt lat="48.709149" lon="1.996959"><ele>173.2</ele><time>2025-09-18T14:34:24Z</time></trkpt>
      <trkpt lat="48.709262" lon="1.996816"><ele>174.5</ele><time>2025-09-18T14:34:25Z</time></trkpt>
      <trkpt lat="48.709401" lon="1.996731"><ele>173.4</ele><time>2025-09-18T14:34:26Z</time></trkpt>
      <trkpt lat="48.709528" lon="1.996654"><ele>172.0</ele><time>2025-09-18T14:34:27Z</time></trkpt>
      <trkpt lat="48.709638" lon="1.996521"><ele>171.6</ele><time>2025-09-18T14:34:28Z</time></trkpt>
      <trkpt lat="48.709731" lon="1.996378"><ele>171.8</ele><time>2025-09-18T14:34:29Z</time></trkpt>
      <trkpt lat="48.709781" lon="1.996244"><ele>172.7</ele><time>2025-09-18T14:34:30Z</time></trkpt>
      <trkpt lat="48.709737" lon="1.996075"><ele>179.3</ele><time>2025-09-18T14:34:31Z</time></trkpt>
      <trkpt lat="48.709680" lon="1.995951"><ele>193.0</ele><time>2025-09-18T14:34:32Z</time></trkpt>
      <trkpt lat="48.709667" lon="1.995815"><ele>203.1</ele><time>2025-09-18T14:34:33Z</time></trkpt>
      <trkpt lat="48.709757" lon="1.995553"><ele>195.0</ele><time>2025-09-18T14:34:34Z</time></trkpt>
      <trkpt lat="48.709834" lon="1.995397"><ele>195.3</ele><time>2025-09-18T14:34:35Z</time></trkpt>
      <trkpt lat="48.709943" lon="1.995249"><ele>193.0</ele><time>2025-09-18T14:34:36Z</time></trkpt>
      <trkpt lat="48.710035" lon="1.995065"><ele>189.8</ele><time>2025-09-18T14:34:37Z</time></trkpt>
      <trkpt lat="48.710107" lon="1.994874"><ele>189.6</ele><time>2025-09-18T14:34:38Z</time></trkpt>
      <trkpt lat="48.710169" lon="1.994659"><ele>188.0</ele><time>2025-09-18T14:34:39Z</time></trkpt>
      <trkpt lat="48.710234" lon="1.994453"><ele>182.7</ele><time>2025-09-18T14:34:40Z</time></trkpt>
      <trkpt lat="48.710286" lon="1.994269"><ele>185.2</ele><time>2025-09-18T14:34:41Z</time></trkpt>
      <trkpt lat="48.710349" lon="1.994093"><ele>185.0</ele><time>2025-09-18T14:34:42Z</time></trkpt>
      <trkpt lat="48.710441" lon="1.993941"><ele>186.4</ele><time>2025-09-18T14:34:43Z</time></trkpt>
      <trkpt lat="48.710538" lon="1.993783"><ele>183.5</ele><time>2025-09-18T14:34:44Z</time></trkpt>
      <trkpt lat="48.710626" lon="1.993594"><ele>176.7</ele><time>2025-09-18T14:34:45Z</time></trkpt>
      <trkpt lat="48.710666" lon="1.993375"><ele>173.1</ele><time>2025-09-18T14:34:46Z</time></trkpt>
      <trkpt lat="48.710693" lon="1.993146"><ele>168.7</ele><time>2025-09-18T14:34:47Z</time></trkpt>
      <trkpt lat="48.710735" lon="1.992937"><ele>166.2</ele><time>2025-09-18T14:34:48Z</time></trkpt>
      <trkpt lat="48.710792" lon="1.992722"><ele>164.4</ele><time>2025-09-18T14:34:49Z</time></trkpt>
      <trkpt lat="48.710879" lon="1.992525"><ele>162.7</ele><time>2025-09-18T14:34:50Z</time></trkpt>
      <trkpt lat="48.710959" lon="1.992336"><ele>162.1</ele><time>2025-09-18T14:34:51Z</time></trkpt>
      <trkpt lat="48.711012" lon="1.992131"><ele>156.4</ele><time>2025-09-18T14:34:52Z</time></trkpt>
      <trkpt lat="48.711067" lon="1.991960"><ele>146.8</ele><time>2025-09-18T14:34:53Z</time></trkpt>
      <trkpt lat="48.711075" lon="1.991783"><ele>136.7</ele><time>2025-09-18T14:34:54Z</time></trkpt>
      <trkpt lat="48.711042" lon="1.991632"><ele>137.4</ele><time>2025-09-18T14:34:55Z</time></trkpt>
      <trkpt lat="48.711070" lon="1.991457"><ele>128.6</ele><time>2025-09-18T14:34:56Z</time></trkpt>
      <trkpt lat="48.711093" lon="1.991314"><ele>141.7</ele><time>2025-09-18T14:34:57Z</time></trkpt>
      <trkpt lat="48.711145" lon="1.991180"><ele>146.5</ele><time>2025-09-18T14:34:58Z</time></trkpt>
      <trkpt lat="48.711191" lon="1.991033"><ele>147.7</ele><time>2025-09-18T14:34:59Z</time></trkpt>
      <trkpt lat="48.711184" lon="1.990878"><ele>150.2</ele><time>2025-09-18T14:35:00Z</time></trkpt>
      <trkpt lat="48.711165" lon="1.990744"><ele>149.0</ele><time>2025-09-18T14:35:01Z</time></trkpt>
      <trkpt lat="48.711122" lon="1.990649"><ele>147.9</ele><time>2025-09-18T14:35:02Z</time></trkpt>
      <trkpt lat="48.711038" lon="1.990531"><ele>143.3</ele><time>2025-09-18T14:35:03Z</time></trkpt>
      <trkpt lat="48.710939" lon="1.990418"><ele>139.6</ele><time>2025-09-18T14:35:04Z</time></trkpt>
      <trkpt lat="48.710846" lon="1.990301"><ele>131.4</ele><time>2025-09-18T14:35:05Z</time></trkpt>
      <trkpt lat="48.710728" lon="1.990210"><ele>126.7</ele><time>2025-09-18T14:35:06Z</time></trkpt>
      <trkpt lat="48.710597" lon="1.990129"><ele>125.8</ele><time>2025-09-18T14:35:07Z</time></trkpt>
      <trkpt lat="48.710455" lon="1.990063"><ele>125.4</ele><time>2025-09-18T14:35:08Z</time></trkpt>
      <trkpt lat="48.710313" lon="1.989987"><ele>123.3</ele><time>2025-09-18T14:35:09Z</time></trkpt>
      <trkpt lat="48.710171" lon="1.989923"><ele>121.1</ele><time>2025-09-18T14:35:10Z</time></trkpt>
      <trkpt lat="48.710036" lon="1.989890"><ele>118.4</ele><time>2025-09-18T14:35:11Z</time></trkpt>
      <trkpt lat="48.709905" lon="1.989868"><ele>117.5</ele><time>2025-09-18T14:35:12Z</time></trkpt>
      <trkpt lat="48.709781" lon="1.989840"><ele>116.9</ele><time>2025-09-18T14:35:13Z</time></trkpt>
      <trkpt lat="48.709672" lon="1.989826"><ele>115.6</ele><time>2025-09-18T14:35:14Z</time></trkpt>
      <trkpt lat="48.709568" lon="1.989806"><ele>118.9</ele><time>2025-09-18T14:35:15Z</time></trkpt>
      <trkpt lat="48.709470" lon="1.989786"><ele>118.6</ele><time>2025-09-18T14:35:16Z</time></trkpt>
      <trkpt lat="48.709386" lon="1.989766"><ele>117.5</ele><time>2025-09-18T14:35:17Z</time></trkpt>
      <trkpt lat="48.709324" lon="1.989750"><ele>117.5</ele><time>2025-09-18T14:35:18Z</time></trkpt>
      <trkpt lat="48.709263" lon="1.989729"><ele>117.3</ele><time>2025-09-18T14:35:19Z</time></trkpt>
      <trkpt lat="48.709207" lon="1.989703"><ele>117.5</ele><time>2025-09-18T14:35:20Z</time></trkpt>
      <trkpt lat="48.709174" lon="1.989677"><ele>117.5</ele><time>2025-09-18T14:35:21Z</time></trkpt>
      <trkpt lat="48.709148" lon="1.989655"><ele>119.0</ele><time>2025-09-18T14:35:22Z</time></trkpt>
      <trkpt lat="48.709122" lon="1.989617"><ele>118.4</ele><time>2025-09-18T14:35:23Z</time></trkpt>
      <trkpt lat="48.709096" lon="1.989577"><ele>116.8</ele><time>2025-09-18T14:35:24Z</time></trkpt>
      <trkpt lat="48.709067" lon="1.989548"><ele>116.3</ele><time>2025-09-18T14:35:25Z</time></trkpt>
      <trkpt lat="48.709044" lon="1.989535"><ele>118.3</ele><time>2025-09-18T14:35:26Z</time></trkpt>
      <trkpt lat="48.709021" lon="1.989543"><ele>117.1</ele><time>2025-09-18T14:35:27Z</time></trkpt>
      <trkpt lat="48.709000" lon="1.989561"><ele>117.5</ele><time>2025-09-18T14:35:28Z</time></trkpt>
      <trkpt lat="48.708984" lon="1.989571"><ele>117.8</ele><time>2025-09-18T14:35:29Z</time></trkpt>
      <trkpt lat="48.708970" lon="1.989583"><ele>117.0</ele><time>2025-09-18T14:35:30Z</time></trkpt>
      <trkpt lat="48.708958" lon="1.989485"><ele>107.4</ele><time>2025-09-18T14:35:57Z</time></trkpt>
      <trkpt lat="48.708953" lon="1.989497"><ele>107.7</ele><time>2025-09-18T14:35:58Z</time></trkpt>
      <trkpt lat="48.708952" lon="1.989512"><ele>108.5</ele><time>2025-09-18T14:35:59Z</time></trkpt>
      <trkpt lat="48.708966" lon="1.989522"><ele>109.7</ele><time>2025-09-18T14:36:00Z</time></trkpt>
      <trkpt lat="48.708988" lon="1.989526"><ele>110.5</ele><time>2025-09-18T14:36:01Z</time></trkpt>
      <trkpt lat="48.709019" lon="1.989526"><ele>111.4</ele><time>2025-09-18T14:36:02Z</time></trkpt>
      <trkpt lat="48.709054" lon="1.989540"><ele>113.8</ele><time>2025-09-18T14:36:03Z</time></trkpt>
      <trkpt lat="48.709092" lon="1.989548"><ele>115.9</ele><time>2025-09-18T14:36:04Z</time></trkpt>
      <trkpt lat="48.709137" lon="1.989562"><ele>116.7</ele><time>2025-09-18T14:36:05Z</time></trkpt>
      <trkpt lat="48.709187" lon="1.989578"><ele>118.5</ele><time>2025-09-18T14:36:06Z</time></trkpt>
      <trkpt lat="48.709235" lon="1.989586"><ele>120.6</ele><time>2025-09-18T14:36:07Z</time></trkpt>
      <trkpt lat="48.709285" lon="1.989599"><ele>124.3</ele><time>2025-09-18T14:36:08Z</time></trkpt>
      <trkpt lat="48.709347" lon="1.989620"><ele>129.9</ele><time>2025-09-18T14:36:09Z</time></trkpt>
      <trkpt lat="48.709413" lon="1.989649"><ele>135.1</ele><time>2025-09-18T14:36:10Z</time></trkpt>
      <trkpt lat="48.709480" lon="1.989686"><ele>139.3</ele><time>2025-09-18T14:36:11Z</time></trkpt>
      <trkpt lat="48.709554" lon="1.989700"><ele>143.2</ele><time>2025-09-18T14:36:12Z</time></trkpt>
      <trkpt lat="48.709620" lon="1.989711"><ele>148.8</ele><time>2025-09-18T14:36:13Z</time></trkpt>
      <trkpt lat="48.709685" lon="1.989712"><ele>152.5</ele><time>2025-09-18T14:36:14Z</time></trkpt>
      <trkpt lat="48.709753" lon="1.989727"><ele>157.3</ele><time>2025-09-18T14:36:15Z</time></trkpt>
      <trkpt lat="48.709821" lon="1.989743"><ele>162.8</ele><time>2025-09-18T14:36:16Z</time></trkpt>
      <trkpt lat="48.709917" lon="1.989765"><ele>162.6</ele><time>2025-09-18T14:36:17Z</time></trkpt>
      <trkpt lat="48.710017" lon="1.989770"><ele>162.5</ele><time>2025-09-18T14:36:18Z</time></trkpt>
      <trkpt lat="48.710114" lon="1.989765"><ele>164.8</ele><time>2025-09-18T14:36:19Z</time></trkpt>
      <trkpt lat="48.710201" lon="1.989761"><ele>169.5</ele><time>2025-09-18T14:36:20Z</time></trkpt>
      <trkpt lat="48.710279" lon="1.989771"><ele>175.0</ele><time>2025-09-18T14:36:21Z</time></trkpt>
      <trkpt lat="48.710347" lon="1.989796"><ele>182.7</ele><time>2025-09-18T14:36:22Z</time></trkpt>
      <trkpt lat="48.710435" lon="1.989828"><ele>184.9</ele><time>2025-09-18T14:36:23Z</time></trkpt>
      <trkpt lat="48.710519" lon="1.989896"><ele>183.2</ele><time>2025-09-18T14:36:24Z</time></trkpt>
      <trkpt lat="48.710603" lon="1.989977"><ele>183.4</ele><time>2025-09-18T14:36:25Z</time></trkpt>
      <trkpt lat="48.710701" lon="1.990046"><ele>179.7</ele><time>2025-09-18T14:36:26Z</time></trkpt>
      <trkpt lat="48.710803" lon="1.990102"><ele>171.4</ele><time>2025-09-18T14:36:27Z</time></trkpt>
      <trkpt lat="48.710876" lon="1.990159"><ele>170.2</ele><time>2025-09-18T14:36:28Z</time></trkpt>
      <trkpt lat="48.710966" lon="1.990206"><ele>164.2</ele><time>2025-09-18T14:36:29Z</time></trkpt>
      <trkpt lat="48.711053" lon="1.990289"><ele>160.0</ele><time>2025-09-18T14:36:30Z</time></trkpt>
      <trkpt lat="48.711120" lon="1.990396"><ele>158.7</ele><time>2025-09-18T14:36:31Z</time></trkpt>
      <trkpt lat="48.711168" lon="1.990547"><ele>158.2</ele><time>2025-09-18T14:36:32Z</time></trkpt>
      <trkpt lat="48.711186" lon="1.990686"><ele>157.5</ele><time>2025-09-18T14:36:33Z</time></trkpt>
      <trkpt lat="48.711178" lon="1.990836"><ele>156.2</ele><time>2025-09-18T14:36:34Z</time></trkpt>
      <trkpt lat="48.711207" lon="1.991020"><ele>156.0</ele><time>2025-09-18T14:36:35Z</time></trkpt>
      <trkpt lat="48.711246" lon="1.991224"><ele>155.8</ele><time>2025-09-18T14:36:36Z</time></trkpt>
      <trkpt lat="48.711288" lon="1.991385"><ele>155.6</ele><time>2025-09-18T14:36:37Z</time></trkpt>
      <trkpt lat="48.711327" lon="1.991525"><ele>157.9</ele><time>2025-09-18T14:36:38Z</time></trkpt>
      <trkpt lat="48.711339" lon="1.991679"><ele>160.0</ele><time>2025-09-18T14:36:39Z</time></trkpt>
      <trkpt lat="48.711362" lon="1.991866"><ele>160.4</ele><time>2025-09-18T14:36:40Z</time></trkpt>
      <trkpt lat="48.711352" lon="1.992051"><ele>160.3</ele><time>2025-09-18T14:36:41Z</time></trkpt>
      <trkpt lat="48.711289" lon="1.992231"><ele>161.7</ele><time>2025-09-18T14:36:42Z</time></trkpt>
      <trkpt lat="48.711208" lon="1.992418"><ele>162.2</ele><time>2025-09-18T14:36:43Z</time></trkpt>
      <trkpt lat="48.711134" lon="1.992592"><ele>163.2</ele><time>2025-09-18T14:36:44Z</time></trkpt>
      <trkpt lat="48.711069" lon="1.992762"><ele>164.3</ele><time>2025-09-18T14:36:45Z</time></trkpt>
      <trkpt lat="48.711019" lon="1.992967"><ele>164.3</ele><time>2025-09-18T14:36:46Z</time></trkpt>
      <trkpt lat="48.711002" lon="1.993208"><ele>162.9</ele><time>2025-09-18T14:36:47Z</time></trkpt>
      <trkpt lat="48.710893" lon="1.993362"><ele>161.4</ele><time>2025-09-18T14:36:48Z</time></trkpt>
      <trkpt lat="48.710831" lon="1.993556"><ele>154.6</ele><time>2025-09-18T14:36:49Z</time></trkpt>
      <trkpt lat="48.710765" lon="1.993724"><ele>150.2</ele><time>2025-09-18T14:36:50Z</time></trkpt>
      <trkpt lat="48.710692" lon="1.993863"><ele>150.6</ele><time>2025-09-18T14:36:51Z</time></trkpt>
      <trkpt lat="48.710637" lon="1.994043"><ele>148.4</ele><time>2025-09-18T14:36:52Z</time></trkpt>
      <trkpt lat="48.710592" lon="1.994263"><ele>150.7</ele><time>2025-09-18T14:36:53Z</time></trkpt>
      <trkpt lat="48.710569" lon="1.994495"><ele>149.6</ele><time>2025-09-18T14:36:54Z</time></trkpt>
      <trkpt lat="48.710504" lon="1.994696"><ele>149.3</ele><time>2025-09-18T14:36:55Z</time></trkpt>
      <trkpt lat="48.710431" lon="1.994884"><ele>148.7</ele><time>2025-09-18T14:36:56Z</time></trkpt>
      <trkpt lat="48.710332" lon="1.995060"><ele>147.0</ele><time>2025-09-18T14:36:57Z</time></trkpt>
      <trkpt lat="48.710256" lon="1.995216"><ele>148.8</ele><time>2025-09-18T14:36:58Z</time></trkpt>
      <trkpt lat="48.710194" lon="1.995371"><ele>149.4</ele><time>2025-09-18T14:36:59Z</time></trkpt>
      <trkpt lat="48.710143" lon="1.995545"><ele>148.8</ele><time>2025-09-18T14:37:00Z</time></trkpt>
      <trkpt lat="48.710086" lon="1.995739"><ele>149.8</ele><time>2025-09-18T14:37:01Z</time></trkpt>
      <trkpt lat="48.710060" lon="1.995941"><ele>151.2</ele><time>2025-09-18T14:37:02Z</time></trkpt>
      <trkpt lat="48.710021" lon="1.996120"><ele>151.8</ele><time>2025-09-18T14:37:03Z</time></trkpt>
      <trkpt lat="48.709978" lon="1.996289"><ele>151.8</ele><time>2025-09-18T14:37:04Z</time></trkpt>
      <trkpt lat="48.709933" lon="1.996436"><ele>151.2</ele><time>2025-09-18T14:37:05Z</time></trkpt>
      <trkpt lat="48.709933" lon="1.996436"><ele>151.2</ele><time>2025-09-18T14:37:06Z</time></trkpt>
      <trkpt lat="48.709851" lon="1.996752"><ele>150.6</ele><time>2025-09-18T14:37:07Z</time></trkpt>
      <trkpt lat="48.709767" lon="1.996919"><ele>150.3</ele><time>2025-09-18T14:37:08Z</time></trkpt>
      <trkpt lat="48.709673" lon="1.997031"><ele>151.9</ele><time>2025-09-18T14:37:09Z</time></trkpt>
      <trkpt lat="48.709601" lon="1.997227"><ele>153.1</ele><time>2025-09-18T14:37:10Z</time></trkpt>
      <trkpt lat="48.709584" lon="1.997437"><ele>155.6</ele><time>2025-09-18T14:37:11Z</time></trkpt>
      <trkpt lat="48.709540" lon="1.997664"><ele>158.1</ele><time>2025-09-18T14:37:12Z</time></trkpt>
      <trkpt lat="48.709485" lon="1.997957"><ele>160.1</ele><time>2025-09-18T14:37:13Z</time></trkpt>
      <trkpt lat="48.709398" lon="1.998196"><ele>160.4</ele><time>2025-09-18T14:37:14Z</time></trkpt>
      <trkpt lat="48.709330" lon="1.998400"><ele>161.1</ele><time>2025-09-18T14:37:15Z</time></trkpt>
      <trkpt lat="48.709195" lon="1.998549"><ele>157.2</ele><time>2025-09-18T14:37:16Z</time></trkpt>
      <trkpt lat="48.709123" lon="1.998677"><ele>156.9</ele><time>2025-09-18T14:37:17Z</time></trkpt>
      <trkpt lat="48.708948" lon="1.998728"><ele>157.5</ele><time>2025-09-18T14:37:18Z</time></trkpt>
      <trkpt lat="48.708842" lon="1.998808"><ele>156.5</ele><time>2025-09-18T14:37:19Z</time></trkpt>
      <trkpt lat="48.708737" lon="1.998905"><ele>155.1</ele><time>2025-09-18T14:37:20Z</time></trkpt>
      <trkpt lat="48.708692" lon="1.999110"><ele>154.8</ele><time>2025-09-18T14:37:21Z</time></trkpt>
      <trkpt lat="48.708644" lon="1.999338"><ele>160.9</ele><time>2025-09-18T14:37:22Z</time></trkpt>
      <trkpt lat="48.708575" lon="1.999577"><ele>163.7</ele><time>2025-09-18T14:37:23Z</time></trkpt>
      <trkpt lat="48.708518" lon="1.999816"><ele>166.0</ele><time>2025-09-18T14:37:24Z</time></trkpt>
      <trkpt lat="48.708451" lon="2.000021"><ele>166.3</ele><time>2025-09-18T14:37:25Z</time></trkpt>
      <trkpt lat="48.708383" lon="2.000183"><ele>167.2</ele><time>2025-09-18T14:37:26Z</time></trkpt>
      <trkpt lat="48.708310" lon="2.000341"><ele>166.1</ele><time>2025-09-18T14:37:27Z</time></trkpt>
      <trkpt lat="48.708232" lon="2.000483"><ele>165.9</ele><time>2025-09-18T14:37:28Z</time></trkpt>
      <trkpt lat="48.708177" lon="2.000628"><ele>165.2</ele><time>2025-09-18T14:37:29Z</time></trkpt>
      <trkpt lat="48.708154" lon="2.000787"><ele>164.9</ele><time>2025-09-18T14:37:30Z</time></trkpt>
      <trkpt lat="48.708135" lon="2.000946"><ele>164.9</ele><time>2025-09-18T14:37:31Z</time></trkpt>
      <trkpt lat="48.708121" lon="2.001098"><ele>164.6</ele><time>2025-09-18T14:37:32Z</time></trkpt>
      <trkpt lat="48.708112" lon="2.001240"><ele>164.3</ele><time>2025-09-18T14:37:33Z</time></trkpt>
      <trkpt lat="48.708103" lon="2.001335"><ele>167.7</ele><time>2025-09-18T14:37:34Z</time></trkpt>
      <trkpt lat="48.708116" lon="2.001432"><ele>168.9</ele><time>2025-09-18T14:37:35Z</time></trkpt>
      <trkpt lat="48.708149" lon="2.001491"><ele>172.7</ele><time>2025-09-18T14:37:36Z</time></trkpt>
      <trkpt lat="48.708184" lon="2.001524"><ele>176.5</ele><time>2025-09-18T14:37:37Z</time></trkpt>
      <trkpt lat="48.708217" lon="2.001547"><ele>180.8</ele><time>2025-09-18T14:37:38Z</time></trkpt>
      <trkpt lat="48.708272" lon="2.001582"><ele>182.9</ele><time>2025-09-18T14:37:39Z</time></trkpt>
      <trkpt lat="48.708308" lon="2.001596"><ele>185.3</ele><time>2025-09-18T14:37:40Z</time></trkpt>
      <trkpt lat="48.708357" lon="2.001616"><ele>187.3</ele><time>2025-09-18T14:37:41Z</time></trkpt>
      <trkpt lat="48.708415" lon="2.001640"><ele>189.4</ele><time>2025-09-18T14:37:42Z</time></trkpt>
      <trkpt lat="48.708466" lon="2.001669"><ele>192.8</ele><time>2025-09-18T14:37:43Z</time></trkpt>
      <trkpt lat="48.708527" lon="2.001686"><ele>196.4</ele><time>2025-09-18T14:37:44Z</time></trkpt>
      <trkpt lat="48.708598" lon="2.001692"><ele>198.5</ele><time>2025-09-18T14:37:45Z</time></trkpt>
      <trkpt lat="48.708681" lon="2.001695"><ele>200.2</ele><time>2025-09-18T14:37:46Z</time></trkpt>
      <trkpt lat="48.708781" lon="2.001689"><ele>201.6</ele><time>2025-09-18T14:37:47Z</time></trkpt>
      <trkpt lat="48.708895" lon="2.001690"><ele>202.7</ele><time>2025-09-18T14:37:48Z</time></trkpt>
      <trkpt lat="48.708995" lon="2.001650"><ele>205.0</ele><time>2025-09-18T14:37:49Z</time></trkpt>
      <trkpt lat="48.709094" lon="2.001653"><ele>206.8</ele><time>2025-09-18T14:37:50Z</time></trkpt>
      <trkpt lat="48.709187" lon="2.001631"><ele>208.1</ele><time>2025-09-18T14:37:51Z</time></trkpt>
      <trkpt lat="48.709268" lon="2.001604"><ele>209.3</ele><time>2025-09-18T14:37:52Z</time></trkpt>
      <trkpt lat="48.709334" lon="2.001582"><ele>212.3</ele><time>2025-09-18T14:37:53Z</time></trkpt>
      <trkpt lat="48.709378" lon="2.001591"><ele>214.9</ele><time>2025-09-18T14:37:54Z</time></trkpt>
      <trkpt lat="48.709412" lon="2.001583"><ele>216.7</ele><time>2025-09-18T14:37:55Z</time></trkpt>
      <trkpt lat="48.709412" lon="2.001579"><ele>215.1</ele><time>2025-09-18T14:37:56Z</time></trkpt>
      <trkpt lat="48.709413" lon="2.001580"><ele>214.9</ele><time>2025-09-18T14:37:57Z</time></trkpt>
      <trkpt lat="48.709409" lon="2.001582"><ele>215.8</ele><time>2025-09-18T14:37:58Z</time></trkpt>
      <trkpt lat="48.709413" lon="2.001596"><ele>215.0</ele><time>2025-09-18T14:37:59Z</time></trkpt>
      <trkpt lat="48.709412" lon="2.001604"><ele>215.1</ele><time>2025-09-18T14:38:00Z</time></trkpt>
      <trkpt lat="48.709413" lon="2.001619"><ele>214.3</ele><time>2025-09-18T14:38:01Z</time></trkpt>
      <trkpt lat="48.709406" lon="2.001614"><ele>213.8</ele><time>2025-09-18T14:38:02Z</time></trkpt>
      <trkpt lat="48.709395" lon="2.001616"><ele>212.5</ele><time>2025-09-18T14:38:03Z</time></trkpt>
      <trkpt lat="48.709388" lon="2.001616"><ele>211.3</ele><time>2025-09-18T14:38:04Z</time></trkpt>
      <trkpt lat="48.709380" lon="2.001627"><ele>211.0</ele><time>2025-09-18T14:38:05Z</time></trkpt>
      <trkpt lat="48.709359" lon="2.001641"><ele>210.1</ele><time>2025-09-18T14:38:06Z</time></trkpt>
      <trkpt lat="48.709340" lon="2.001655"><ele>210.2</ele><time>2025-09-18T14:38:07Z</time></trkpt>
      <trkpt lat="48.709317" lon="2.001655"><ele>210.5</ele><time>2025-09-18T14:38:08Z</time></trkpt>
      <trkpt lat="48.709300" lon="2.001663"><ele>211.1</ele><time>2025-09-18T14:38:09Z</time></trkpt>
      <trkpt lat="48.709275" lon="2.001663"><ele>211.9</ele><time>2025-09-18T14:38:10Z</time></trkpt>
      <trkpt lat="48.709239" lon="2.001663"><ele>212.7</ele><time>2025-09-18T14:38:11Z</time></trkpt>
      <trkpt lat="48.709181" lon="2.001654"><ele>212.8</ele><time>2025-09-18T14:38:12Z</time></trkpt>
      <trkpt lat="48.709126" lon="2.001643"><ele>213.2</ele><time>2025-09-18T14:38:13Z</time></trkpt>
      <trkpt lat="48.709095" lon="2.001631"><ele>214.0</ele><time>2025-09-18T14:38:14Z</time></trkpt>
      <trkpt lat="48.709069" lon="2.001626"><ele>214.6</ele><time>2025-09-18T14:38:15Z</time></trkpt>
      <trkpt lat="48.709025" lon="2.001607"><ele>215.3</ele><time>2025-09-18T14:38:16Z</time></trkpt>
      <trkpt lat="48.708991" lon="2.001612"><ele>216.3</ele><time>2025-09-18T14:38:17Z</time></trkpt>
      <trkpt lat="48.708926" lon="2.001609"><ele>217.1</ele><time>2025-09-18T14:38:18Z</time></trkpt>
      <trkpt lat="48.708869" lon="2.001612"><ele>217.8</ele><time>2025-09-18T14:38:19Z</time></trkpt>
      <trkpt lat="48.708816" lon="2.001612"><ele>218.7</ele><time>2025-09-18T14:38:20Z</time></trkpt>
      <trkpt lat="48.708721" lon="2.001600"><ele>219.0</ele><time>2025-09-18T14:38:21Z</time></trkpt>
      <trkpt lat="48.708630" lon="2.001600"><ele>219.8</ele><time>2025-09-18T14:38:22Z</time></trkpt>
      <trkpt lat="48.708540" lon="2.001600"><ele>220.3</ele><time>2025-09-18T14:38:23Z</time></trkpt>
      <trkpt lat="48.708449" lon="2.001590"><ele>221.2</ele><time>2025-09-18T14:38:24Z</time></trkpt>
      <trkpt lat="48.708337" lon="2.001561"><ele>220.5</ele><time>2025-09-18T14:38:25Z</time></trkpt>
      <trkpt lat="48.708248" lon="2.001515"><ele>220.3</ele><time>2025-09-18T14:38:26Z</time></trkpt>
      <trkpt lat="48.708176" lon="2.001450"><ele>221.2</ele><time>2025-09-18T14:38:27Z</time></trkpt>
      <trkpt lat="48.708163" lon="2.001260"><ele>222.7</ele><time>2025-09-18T14:38:28Z</time></trkpt>
      <trkpt lat="48.708150" lon="2.001086"><ele>224.8</ele><time>2025-09-18T14:38:29Z</time></trkpt>
      <trkpt lat="48.708154" lon="2.000865"><ele>226.3</ele><time>2025-09-18T14:38:30Z</time></trkpt>
      <trkpt lat="48.708213" lon="2.000636"><ele>226.4</ele><time>2025-09-18T14:38:31Z</time></trkpt>
      <trkpt lat="48.708244" lon="2.000383"><ele>225.5</ele><time>2025-09-18T14:38:32Z</time></trkpt>
      <trkpt lat="48.708282" lon="2.000160"><ele>225.2</ele><time>2025-09-18T14:38:33Z</time></trkpt>
      <trkpt lat="48.708308" lon="1.999934"><ele>224.2</ele><time>2025-09-18T14:38:34Z</time></trkpt>
      <trkpt lat="48.708326" lon="1.999707"><ele>223.4</ele><time>2025-09-18T14:38:35Z</time></trkpt>
      <trkpt lat="48.708361" lon="1.999512"><ele>223.7</ele><time>2025-09-18T14:38:36Z</time></trkpt>
      <trkpt lat="48.708376" lon="1.999328"><ele>224.0</ele><time>2025-09-18T14:38:37Z</time></trkpt>
      <trkpt lat="48.708402" lon="1.999142"><ele>224.5</ele><time>2025-09-18T14:38:38Z</time></trkpt>
      <trkpt lat="48.708469" lon="1.998988"><ele>224.6</ele><time>2025-09-18T14:38:39Z</time></trkpt>
      <trkpt lat="48.708545" lon="1.998852"><ele>225.4</ele><time>2025-09-18T14:38:40Z</time></trkpt>
      <trkpt lat="48.708641" lon="1.998760"><ele>223.9</ele><time>2025-09-18T14:38:41Z</time></trkpt>
      <trkpt lat="48.708708" lon="1.998649"><ele>222.4</ele><time>2025-09-18T14:38:42Z</time></trkpt>
      <trkpt lat="48.708785" lon="1.998512"><ele>223.0</ele><time>2025-09-18T14:38:43Z</time></trkpt>
      <trkpt lat="48.708871" lon="1.998298"><ele>222.7</ele><time>2025-09-18T14:38:44Z</time></trkpt>
      <trkpt lat="48.708943" lon="1.998047"><ele>221.7</ele><time>2025-09-18T14:38:45Z</time></trkpt>
      <trkpt lat="48.708984" lon="1.997799"><ele>222.4</ele><time>2025-09-18T14:38:46Z</time></trkpt>
      <trkpt lat="48.709038" lon="1.997570"><ele>222.2</ele><time>2025-09-18T14:38:47Z</time></trkpt>
      <trkpt lat="48.709061" lon="1.997372"><ele>221.9</ele><time>2025-09-18T14:38:48Z</time></trkpt>
      <trkpt lat="48.709105" lon="1.997177"><ele>221.5</ele><time>2025-09-18T14:38:49Z</time></trkpt>
      <trkpt lat="48.709170" lon="1.996981"><ele>218.3</ele><time>2025-09-18T14:38:50Z</time></trkpt>
      <trkpt lat="48.709295" lon="1.996837"><ele>217.3</ele><time>2025-09-18T14:38:51Z</time></trkpt>
      <trkpt lat="48.709394" lon="1.996681"><ele>217.6</ele><time>2025-09-18T14:38:52Z</time></trkpt>
      <trkpt lat="48.709497" lon="1.996555"><ele>217.9</ele><time>2025-09-18T14:38:53Z</time></trkpt>
      <trkpt lat="48.709624" lon="1.996441"><ele>216.1</ele><time>2025-09-18T14:38:54Z</time></trkpt>
      <trkpt lat="48.709719" lon="1.996307"><ele>215.7</ele><time>2025-09-18T14:38:55Z</time></trkpt>
      <trkpt lat="48.709805" lon="1.996183"><ele>216.2</ele><time>2025-09-18T14:38:56Z</time></trkpt>
      <trkpt lat="48.709795" lon="1.995901"><ele>217.3</ele><time>2025-09-18T14:38:57Z</time></trkpt>
      <trkpt lat="48.709797" lon="1.995742"><ele>216.7</ele><time>2025-09-18T14:38:58Z</time></trkpt>
      <trkpt lat="48.709817" lon="1.995568"><ele>216.9</ele><time>2025-09-18T14:38:59Z</time></trkpt>
      <trkpt lat="48.709871" lon="1.995392"><ele>214.8</ele><time>2025-09-18T14:39:00Z</time></trkpt>
      <trkpt lat="48.709955" lon="1.995214"><ele>214.5</ele><time>2025-09-18T14:39:01Z</time></trkpt>
      <trkpt lat="48.710039" lon="1.995053"><ele>213.8</ele><time>2025-09-18T14:39:02Z</time></trkpt>
      <trkpt lat="48.710115" lon="1.994895"><ele>212.5</ele><time>2025-09-18T14:39:03Z</time></trkpt>
      <trkpt lat="48.710185" lon="1.994703"><ele>211.8</ele><time>2025-09-18T14:39:04Z</time></trkpt>
      <trkpt lat="48.710211" lon="1.994462"><ele>211.8</ele><time>2025-09-18T14:39:05Z</time></trkpt>
      <trkpt lat="48.710253" lon="1.994285"><ele>209.5</ele><time>2025-09-18T14:39:06Z</time></trkpt>
      <trkpt lat="48.710302" lon="1.994097"><ele>205.5</ele><time>2025-09-18T14:39:07Z</time></trkpt>
      <trkpt lat="48.710370" lon="1.993934"><ele>203.9</ele><time>2025-09-18T14:39:08Z</time></trkpt>
      <trkpt lat="48.710450" lon="1.993821"><ele>203.7</ele><time>2025-09-18T14:39:09Z</time></trkpt>
      <trkpt lat="48.710534" lon="1.993716"><ele>202.6</ele><time>2025-09-18T14:39:10Z</time></trkpt>
      <trkpt lat="48.710589" lon="1.993611"><ele>202.2</ele><time>2025-09-18T14:39:11Z</time></trkpt>
      <trkpt lat="48.710618" lon="1.993512"><ele>199.0</ele><time>2025-09-18T14:39:12Z</time></trkpt>
      <trkpt lat="48.710645" lon="1.993420"><ele>199.3</ele><time>2025-09-18T14:39:13Z</time></trkpt>
      <trkpt lat="48.710666" lon="1.993340"><ele>198.8</ele><time>2025-09-18T14:39:14Z</time></trkpt>
      <trkpt lat="48.710679" lon="1.993258"><ele>196.4</ele><time>2025-09-18T14:39:15Z</time></trkpt>
      <trkpt lat="48.710693" lon="1.993177"><ele>195.5</ele><time>2025-09-18T14:39:16Z</time></trkpt>
      <trkpt lat="48.710705" lon="1.993101"><ele>194.4</ele><time>2025-09-18T14:39:17Z</time></trkpt>
      <trkpt lat="48.710715" lon="1.993030"><ele>193.4</ele><time>2025-09-18T14:39:18Z</time></trkpt>
      <trkpt lat="48.710732" lon="1.992966"><ele>192.0</ele><time>2025-09-18T14:39:19Z</time></trkpt>
      <trkpt lat="48.710742" lon="1.992911"><ele>190.8</ele><time>2025-09-18T14:39:20Z</time></trkpt>
      <trkpt lat="48.710750" lon="1.992858"><ele>190.1</ele><time>2025-09-18T14:39:21Z</time></trkpt>
      <trkpt lat="48.710759" lon="1.992807"><ele>188.8</ele><time>2025-09-18T14:39:22Z</time></trkpt>
      <trkpt lat="48.710768" lon="1.992751"><ele>188.5</ele><time>2025-09-18T14:39:23Z</time></trkpt>
      <trkpt lat="48.710780" lon="1.992693"><ele>189.3</ele><time>2025-09-18T14:39:24Z</time></trkpt>
      <trkpt lat="48.710796" lon="1.992642"><ele>190.6</ele><time>2025-09-18T14:39:25Z</time></trkpt>
      <trkpt lat="48.710813" lon="1.992601"><ele>190.4</ele><time>2025-09-18T14:39:26Z</time></trkpt>
      <trkpt lat="48.710840" lon="1.992559"><ele>191.8</ele><time>2025-09-18T14:39:27Z</time></trkpt>
      <trkpt lat="48.710865" lon="1.992512"><ele>193.2</ele><time>2025-09-18T14:39:28Z</time></trkpt>
      <trkpt lat="48.710883" lon="1.992478"><ele>193.4</ele><time>2025-09-18T14:39:29Z</time></trkpt>
      <trkpt lat="48.710906" lon="1.992433"><ele>193.4</ele><time>2025-09-18T14:39:30Z</time></trkpt>
      <trkpt lat="48.710950" lon="1.992332"><ele>193.1</ele><time>2025-09-18T14:39:31Z</time></trkpt>
      <trkpt lat="48.710968" lon="1.992228"><ele>194.0</ele><time>2025-09-18T14:39:32Z</time></trkpt>
      <trkpt lat="48.710996" lon="1.992147"><ele>191.0</ele><time>2025-09-18T14:39:33Z</time></trkpt>
      <trkpt lat="48.710998" lon="1.992053"><ele>190.1</ele><time>2025-09-18T14:39:34Z</time></trkpt>
      <trkpt lat="48.710993" lon="1.991975"><ele>190.7</ele><time>2025-09-18T14:39:35Z</time></trkpt>
      <trkpt lat="48.710993" lon="1.991909"><ele>190.3</ele><time>2025-09-18T14:39:36Z</time></trkpt>
      <trkpt lat="48.710975" lon="1.991839"><ele>188.0</ele><time>2025-09-18T14:39:37Z</time></trkpt>
      <trkpt lat="48.710972" lon="1.991780"><ele>186.1</ele><time>2025-09-18T14:39:38Z</time></trkpt>
      <trkpt lat="48.710962" lon="1.991703"><ele>186.0</ele><time>2025-09-18T14:39:39Z</time></trkpt>
      <trkpt lat="48.710976" lon="1.991625"><ele>183.4</ele><time>2025-09-18T14:39:40Z</time></trkpt>
      <trkpt lat="48.710991" lon="1.991541"><ele>182.6</ele><time>2025-09-18T14:39:41Z</time></trkpt>
      <trkpt lat="48.711005" lon="1.991464"><ele>183.5</ele><time>2025-09-18T14:39:42Z</time></trkpt>
      <trkpt lat="48.711024" lon="1.991394"><ele>183.6</ele><time>2025-09-18T14:39:43Z</time></trkpt>
      <trkpt lat="48.711045" lon="1.991330"><ele>184.6</ele><time>2025-09-18T14:39:44Z</time></trkpt>
      <trkpt lat="48.711071" lon="1.991266"><ele>184.8</ele><time>2025-09-18T14:39:45Z</time></trkpt>
      <trkpt lat="48.711095" lon="1.991201"><ele>185.3</ele><time>2025-09-18T14:39:46Z</time></trkpt>
      <trkpt lat="48.711120" lon="1.991129"><ele>185.3</ele><time>2025-09-18T14:39:47Z</time></trkpt>
      <trkpt lat="48.711133" lon="1.991045"><ele>184.3</ele><time>2025-09-18T14:39:48Z</time></trkpt>
      <trkpt lat="48.711147" lon="1.990974"><ele>183.9</ele><time>2025-09-18T14:39:49Z</time></trkpt>
      <trkpt lat="48.711143" lon="1.990941"><ele>184.8</ele><time>2025-09-18T14:39:50Z</time></trkpt>
      <trkpt lat="48.711122" lon="1.990895"><ele>184.0</ele><time>2025-09-18T14:39:51Z</time></trkpt>
      <trkpt lat="48.711109" lon="1.990869"><ele>183.1</ele><time>2025-09-18T14:39:52Z</time></trkpt>
      <trkpt lat="48.711092" lon="1.990817"><ele>182.2</ele><time>2025-09-18T14:39:53Z</time></trkpt>
      <trkpt lat="48.711048" lon="1.990735"><ele>181.6</ele><time>2025-09-18T14:39:54Z</time></trkpt>
      <trkpt lat="48.710982" lon="1.990657"><ele>178.7</ele><time>2025-09-18T14:39:55Z</time></trkpt>
      <trkpt lat="48.710916" lon="1.990580"><ele>176.8</ele><time>2025-09-18T14:39:56Z</time></trkpt>
      <trkpt lat="48.710847" lon="1.990516"><ele>175.8</ele><time>2025-09-18T14:39:57Z</time></trkpt>
      <trkpt lat="48.710777" lon="1.990455"><ele>174.5</ele><time>2025-09-18T14:39:58Z</time></trkpt>
      <trkpt lat="48.710700" lon="1.990402"><ele>174.3</ele><time>2025-09-18T14:39:59Z</time></trkpt>
      <trkpt lat="48.710621" lon="1.990347"><ele>171.2</ele><time>2025-09-18T14:40:00Z</time></trkpt>
      <trkpt lat="48.710539" lon="1.990289"><ele>168.4</ele><time>2025-09-18T14:40:01Z</time></trkpt>
      <trkpt lat="48.710450" lon="1.990242"><ele>166.1</ele><time>2025-09-18T14:40:02Z</time></trkpt>
      <trkpt lat="48.710350" lon="1.990190"><ele>163.6</ele><time>2025-09-18T14:40:03Z</time></trkpt>
      <trkpt lat="48.710247" lon="1.990140"><ele>160.8</ele><time>2025-09-18T14:40:04Z</time></trkpt>
      <trkpt lat="48.710150" lon="1.990094"><ele>159.5</ele><time>2025-09-18T14:40:05Z</time></trkpt>
      <trkpt lat="48.710069" lon="1.990046"><ele>155.0</ele><time>2025-09-18T14:40:06Z</time></trkpt>
      <trkpt lat="48.709977" lon="1.990023"><ele>153.6</ele><time>2025-09-18T14:40:07Z</time></trkpt>
      <trkpt lat="48.709891" lon="1.990003"><ele>151.6</ele><time>2025-09-18T14:40:08Z</time></trkpt>
      <trkpt lat="48.709817" lon="1.989977"><ele>149.2</ele><time>2025-09-18T14:40:09Z</time></trkpt>
      <trkpt lat="48.709747" lon="1.989956"><ele>146.8</ele><time>2025-09-18T14:40:10Z</time></trkpt>
      <trkpt lat="48.709677" lon="1.989943"><ele>145.3</ele><time>2025-09-18T14:40:11Z</time></trkpt>
      <trkpt lat="48.709603" lon="1.989934"><ele>143.8</ele><time>2025-09-18T14:40:12Z</time></trkpt>
      <trkpt lat="48.709520" lon="1.989912"><ele>142.5</ele><time>2025-09-18T14:40:13Z</time></trkpt>
      <trkpt lat="48.709447" lon="1.989889"><ele>142.3</ele><time>2025-09-18T14:40:14Z</time></trkpt>
      <trkpt lat="48.709378" lon="1.989865"><ele>140.9</ele><time>2025-09-18T14:40:15Z</time></trkpt>
      <trkpt lat="48.709320" lon="1.989847"><ele>139.7</ele><time>2025-09-18T14:40:16Z</time></trkpt>
      <trkpt lat="48.709266" lon="1.989817"><ele>138.4</ele><time>2025-09-18T14:40:17Z</time></trkpt>
      <trkpt lat="48.709217" lon="1.989784"><ele>137.5</ele><time>2025-09-18T14:40:18Z</time></trkpt>
      <trkpt lat="48.709180" lon="1.989748"><ele>136.0</ele><time>2025-09-18T14:40:19Z</time></trkpt>
      <trkpt lat="48.709153" lon="1.989719"><ele>135.2</ele><time>2025-09-18T14:40:20Z</time></trkpt>
      <trkpt lat="48.709119" lon="1.989697"><ele>134.0</ele><time>2025-09-18T14:40:21Z</time></trkpt>
      <trkpt lat="48.709084" lon="1.989669"><ele>132.7</ele><time>2025-09-18T14:40:22Z</time></trkpt>
      <trkpt lat="48.709052" lon="1.989645"><ele>132.6</ele><time>2025-09-18T14:40:23Z</time></trkpt>
      <trkpt lat="48.709023" lon="1.989632"><ele>131.9</ele><time>2025-09-18T14:40:24Z</time></trkpt>
      <trkpt lat="48.708987" lon="1.989648"><ele>129.4</ele><time>2025-09-18T14:40:25Z</time></trkpt>
      <trkpt lat="48.708972" lon="1.989658"><ele>128.1</ele><time>2025-09-18T14:40:26Z</time></trkpt>
      <trkpt lat="48.708962" lon="1.989665"><ele>127.4</ele><time>2025-09-18T14:40:27Z</time></trkpt>
      <trkpt lat="48.708957" lon="1.989661"><ele>127.2</ele><time>2025-09-18T14:40:28Z</time></trkpt>
      <trkpt lat="48.708947" lon="1.989491"><ele>110.5</ele><time>2025-09-18T14:40:59Z</time></trkpt>
      <trkpt lat="48.708948" lon="1.989512"><ele>110.6</ele><time>2025-09-18T14:41:00Z</time></trkpt>
      <trkpt lat="48.708954" lon="1.989532"><ele>110.8</ele><time>2025-09-18T14:41:01Z</time></trkpt>
      <trkpt lat="48.708977" lon="1.989544"><ele>111.1</ele><time>2025-09-18T14:41:02Z</time></trkpt>
      <trkpt lat="48.709022" lon="1.989550"><ele>111.5</ele><time>2025-09-18T14:41:03Z</time></trkpt>
      <trkpt lat="48.709088" lon="1.989565"><ele>111.8</ele><time>2025-09-18T14:41:04Z</time></trkpt>
      <trkpt lat="48.709165" lon="1.989584"><ele>112.0</ele><time>2025-09-18T14:41:05Z</time></trkpt>
      <trkpt lat="48.709253" lon="1.989585"><ele>112.4</ele><time>2025-09-18T14:41:06Z</time></trkpt>
      <trkpt lat="48.709348" lon="1.989588"><ele>112.5</ele><time>2025-09-18T14:41:07Z</time></trkpt>
      <trkpt lat="48.709459" lon="1.989604"><ele>112.7</ele><time>2025-09-18T14:41:08Z</time></trkpt>
      <trkpt lat="48.709579" lon="1.989613"><ele>112.9</ele><time>2025-09-18T14:41:09Z</time></trkpt>
      <trkpt lat="48.709693" lon="1.989645"><ele>112.9</ele><time>2025-09-18T14:41:10Z</time></trkpt>
      <trkpt lat="48.709797" lon="1.989666"><ele>112.8</ele><time>2025-09-18T14:41:11Z</time></trkpt>
      <trkpt lat="48.709891" lon="1.989698"><ele>112.7</ele><time>2025-09-18T14:41:12Z</time></trkpt>
      <trkpt lat="48.709980" lon="1.989727"><ele>113.3</ele><time>2025-09-18T14:41:13Z</time></trkpt>
      <trkpt lat="48.710060" lon="1.989775"><ele>114.1</ele><time>2025-09-18T14:41:14Z</time></trkpt>
      <trkpt lat="48.710148" lon="1.989823"><ele>114.4</ele><time>2025-09-18T14:41:15Z</time></trkpt>
      <trkpt lat="48.710249" lon="1.989839"><ele>114.3</ele><time>2025-09-18T14:41:16Z</time></trkpt>
      <trkpt lat="48.710356" lon="1.989890"><ele>114.7</ele><time>2025-09-18T14:41:17Z</time></trkpt>
      <trkpt lat="48.710456" lon="1.989946"><ele>115.3</ele><time>2025-09-18T14:41:18Z</time></trkpt>
      <trkpt lat="48.710544" lon="1.989999"><ele>116.0</ele><time>2025-09-18T14:41:19Z</time></trkpt>
      <trkpt lat="48.710627" lon="1.990043"><ele>116.3</ele><time>2025-09-18T14:41:20Z</time></trkpt>
      <trkpt lat="48.710708" lon="1.990088"><ele>116.9</ele><time>2025-09-18T14:41:21Z</time></trkpt>
      <trkpt lat="48.710796" lon="1.990138"><ele>117.1</ele><time>2025-09-18T14:41:22Z</time></trkpt>
      <trkpt lat="48.710886" lon="1.990197"><ele>117.5</ele><time>2025-09-18T14:41:23Z</time></trkpt>
      <trkpt lat="48.710974" lon="1.990262"><ele>118.3</ele><time>2025-09-18T14:41:24Z</time></trkpt>
      <trkpt lat="48.711060" lon="1.990336"><ele>118.5</ele><time>2025-09-18T14:41:25Z</time></trkpt>
      <trkpt lat="48.711139" lon="1.990413"><ele>118.3</ele><time>2025-09-18T14:41:26Z</time></trkpt>
      <trkpt lat="48.711203" lon="1.990509"><ele>118.3</ele><time>2025-09-18T14:41:27Z</time></trkpt>
      <trkpt lat="48.711250" lon="1.990602"><ele>119.7</ele><time>2025-09-18T14:41:28Z</time></trkpt>
      <trkpt lat="48.711288" lon="1.990703"><ele>120.3</ele><time>2025-09-18T14:41:29Z</time></trkpt>
      <trkpt lat="48.711297" lon="1.990808"><ele>120.8</ele><time>2025-09-18T14:41:30Z</time></trkpt>
      <trkpt lat="48.711283" lon="1.991034"><ele>121.1</ele><time>2025-09-18T14:41:31Z</time></trkpt>
      <trkpt lat="48.711286" lon="1.991215"><ele>121.8</ele><time>2025-09-18T14:41:32Z</time></trkpt>
      <trkpt lat="48.711299" lon="1.991409"><ele>122.0</ele><time>2025-09-18T14:41:33Z</time></trkpt>
      <trkpt lat="48.711347" lon="1.991588"><ele>121.9</ele><time>2025-09-18T14:41:34Z</time></trkpt>
      <trkpt lat="48.711391" lon="1.991784"><ele>123.3</ele><time>2025-09-18T14:41:35Z</time></trkpt>
      <trkpt lat="48.711426" lon="1.991984"><ele>124.2</ele><time>2025-09-18T14:41:36Z</time></trkpt>
      <trkpt lat="48.711431" lon="1.992187"><ele>125.2</ele><time>2025-09-18T14:41:37Z</time></trkpt>
      <trkpt lat="48.711448" lon="1.992408"><ele>125.6</ele><time>2025-09-18T14:41:38Z</time></trkpt>
      <trkpt lat="48.711387" lon="1.992638"><ele>124.5</ele><time>2025-09-18T14:41:39Z</time></trkpt>
      <trkpt lat="48.711393" lon="1.992903"><ele>124.8</ele><time>2025-09-18T14:41:40Z</time></trkpt>
      <trkpt lat="48.711379" lon="1.993110"><ele>125.6</ele><time>2025-09-18T14:41:41Z</time></trkpt>
      <trkpt lat="48.711355" lon="1.993326"><ele>125.7</ele><time>2025-09-18T14:41:42Z</time></trkpt>
      <trkpt lat="48.711326" lon="1.993572"><ele>125.7</ele><time>2025-09-18T14:41:43Z</time></trkpt>
      <trkpt lat="48.711145" lon="1.993686"><ele>126.9</ele><time>2025-09-18T14:41:44Z</time></trkpt>
      <trkpt lat="48.711070" lon="1.993876"><ele>126.6</ele><time>2025-09-18T14:41:45Z</time></trkpt>
      <trkpt lat="48.711010" lon="1.994065"><ele>126.4</ele><time>2025-09-18T14:41:46Z</time></trkpt>
      <trkpt lat="48.710957" lon="1.994244"><ele>126.3</ele><time>2025-09-18T14:41:47Z</time></trkpt>
      <trkpt lat="48.710924" lon="1.994426"><ele>126.4</ele><time>2025-09-18T14:41:48Z</time></trkpt>
      <trkpt lat="48.710882" lon="1.994636"><ele>127.1</ele><time>2025-09-18T14:41:49Z</time></trkpt>
      <trkpt lat="48.710840" lon="1.994893"><ele>127.3</ele><time>2025-09-18T14:41:50Z</time></trkpt>
      <trkpt lat="48.710802" lon="1.995103"><ele>127.9</ele><time>2025-09-18T14:41:51Z</time></trkpt>
      <trkpt lat="48.710731" lon="1.995287"><ele>128.6</ele><time>2025-09-18T14:41:52Z</time></trkpt>
      <trkpt lat="48.710675" lon="1.995478"><ele>129.2</ele><time>2025-09-18T14:41:53Z</time></trkpt>
      <trkpt lat="48.710609" lon="1.995652"><ele>130.7</ele><time>2025-09-18T14:41:54Z</time></trkpt>
      <trkpt lat="48.710594" lon="1.995850"><ele>131.8</ele><time>2025-09-18T14:41:55Z</time></trkpt>
      <trkpt lat="48.710574" lon="1.996065"><ele>133.0</ele><time>2025-09-18T14:41:56Z</time></trkpt>
      <trkpt lat="48.710559" lon="1.996284"><ele>133.4</ele><time>2025-09-18T14:41:57Z</time></trkpt>
      <trkpt lat="48.710498" lon="1.996457"><ele>134.0</ele><time>2025-09-18T14:41:58Z</time></trkpt>
      <trkpt lat="48.710481" lon="1.996655"><ele>134.0</ele><time>2025-09-18T14:41:59Z</time></trkpt>
      <trkpt lat="48.710435" lon="1.996801"><ele>134.0</ele><time>2025-09-18T14:42:00Z</time></trkpt>
      <trkpt lat="48.710260" lon="1.996854"><ele>133.0</ele><time>2025-09-18T14:42:01Z</time></trkpt>
      <trkpt lat="48.710141" lon="1.996927"><ele>134.8</ele><time>2025-09-18T14:42:02Z</time></trkpt>
      <trkpt lat="48.710000" lon="1.997020"><ele>135.5</ele><time>2025-09-18T14:42:03Z</time></trkpt>
      <trkpt lat="48.709887" lon="1.997143"><ele>136.2</ele><time>2025-09-18T14:42:04Z</time></trkpt>
      <trkpt lat="48.709797" lon="1.997279"><ele>138.6</ele><time>2025-09-18T14:42:05Z</time></trkpt>
      <trkpt lat="48.709730" lon="1.997474"><ele>139.0</ele><time>2025-09-18T14:42:06Z</time></trkpt>
      <trkpt lat="48.709689" lon="1.997715"><ele>140.3</ele><time>2025-09-18T14:42:07Z</time></trkpt>
      <trkpt lat="48.709685" lon="1.998003"><ele>142.6</ele><time>2025-09-18T14:42:08Z</time></trkpt>
      <trkpt lat="48.709684" lon="1.998297"><ele>143.7</ele><time>2025-09-18T14:42:09Z</time></trkpt>
      <trkpt lat="48.709688" lon="1.998565"><ele>144.1</ele><time>2025-09-18T14:42:10Z</time></trkpt>
      <trkpt lat="48.709714" lon="1.998819"><ele>143.2</ele><time>2025-09-18T14:42:11Z</time></trkpt>
      <trkpt lat="48.709577" lon="1.998943"><ele>143.0</ele><time>2025-09-18T14:42:12Z</time></trkpt>
      <trkpt lat="48.709518" lon="1.999053"><ele>143.7</ele><time>2025-09-18T14:42:13Z</time></trkpt>
      <trkpt lat="48.709464" lon="1.999124"><ele>148.5</ele><time>2025-09-18T14:42:14Z</time></trkpt>
      <trkpt lat="48.709463" lon="1.999262"><ele>151.2</ele><time>2025-09-18T14:42:15Z</time></trkpt>
      <trkpt lat="48.709325" lon="1.999383"><ele>154.2</ele><time>2025-09-18T14:42:16Z</time></trkpt>
      <trkpt lat="48.709259" lon="1.999569"><ele>158.1</ele><time>2025-09-18T14:42:17Z</time></trkpt>
      <trkpt lat="48.709182" lon="1.999787"><ele>160.6</ele><time>2025-09-18T14:42:18Z</time></trkpt>
      <trkpt lat="48.709104" lon="1.999997"><ele>164.7</ele><time>2025-09-18T14:42:19Z</time></trkpt>
      <trkpt lat="48.708982" lon="2.000208"><ele>165.2</ele><time>2025-09-18T14:42:20Z</time></trkpt>
      <trkpt lat="48.708813" lon="2.000407"><ele>164.1</ele><time>2025-09-18T14:42:21Z</time></trkpt>
      <trkpt lat="48.708675" lon="2.000626"><ele>163.1</ele><time>2025-09-18T14:42:22Z</time></trkpt>
      <trkpt lat="48.708582" lon="2.000852"><ele>162.5</ele><time>2025-09-18T14:42:23Z</time></trkpt>
      <trkpt lat="48.708507" lon="2.001047"><ele>163.6</ele><time>2025-09-18T14:42:24Z</time></trkpt>
      <trkpt lat="48.708445" lon="2.001204"><ele>164.7</ele><time>2025-09-18T14:42:25Z</time></trkpt>
      <trkpt lat="48.708414" lon="2.001369"><ele>164.8</ele><time>2025-09-18T14:42:26Z</time></trkpt>
      <trkpt lat="48.708409" lon="2.001517"><ele>166.1</ele><time>2025-09-18T14:42:27Z</time></trkpt>
      <trkpt lat="48.708386" lon="2.001628"><ele>169.7</ele><time>2025-09-18T14:42:28Z</time></trkpt>
      <trkpt lat="48.708388" lon="2.001712"><ele>173.1</ele><time>2025-09-18T14:42:29Z</time></trkpt>
      <trkpt lat="48.708426" lon="2.001775"><ele>177.3</ele><time>2025-09-18T14:42:30Z</time></trkpt>
      <trkpt lat="48.708469" lon="2.001863"><ele>182.6</ele><time>2025-09-18T14:42:31Z</time></trkpt>
      <trkpt lat="48.708531" lon="2.001937"><ele>186.2</ele><time>2025-09-18T14:42:32Z</time></trkpt>
      <trkpt lat="48.708613" lon="2.002068"><ele>189.9</ele><time>2025-09-18T14:42:33Z</time></trkpt>
      <trkpt lat="48.708714" lon="2.002158"><ele>193.2</ele><time>2025-09-18T14:42:34Z</time></trkpt>
      <trkpt lat="48.708845" lon="2.002223"><ele>196.8</ele><time>2025-09-18T14:42:35Z</time></trkpt>
      <trkpt lat="48.708967" lon="2.002344"><ele>199.9</ele><time>2025-09-18T14:42:36Z</time></trkpt>
      <trkpt lat="48.709090" lon="2.002338"><ele>202.9</ele><time>2025-09-18T14:42:37Z</time></trkpt>
      <trkpt lat="48.709220" lon="2.002416"><ele>204.6</ele><time>2025-09-18T14:42:38Z</time></trkpt>
      <trkpt lat="48.709327" lon="2.002439"><ele>207.0</ele><time>2025-09-18T14:42:39Z</time></trkpt>
      <trkpt lat="48.709462" lon="2.002358"><ele>209.4</ele><time>2025-09-18T14:42:40Z</time></trkpt>
      <trkpt lat="48.709596" lon="2.002357"><ele>211.8</ele><time>2025-09-18T14:42:41Z</time></trkpt>
      <trkpt lat="48.709723" lon="2.002326"><ele>214.5</ele><time>2025-09-18T14:42:42Z</time></trkpt>
      <trkpt lat="48.709857" lon="2.002295"><ele>217.1</ele><time>2025-09-18T14:42:43Z</time></trkpt>
      <trkpt lat="48.709998" lon="2.002257"><ele>219.5</ele><time>2025-09-18T14:42:44Z</time></trkpt>
      <trkpt lat="48.710144" lon="2.002235"><ele>221.4</ele><time>2025-09-18T14:42:45Z</time></trkpt>
      <trkpt lat="48.710310" lon="2.002203"><ele>222.6</ele><time>2025-09-18T14:42:46Z</time></trkpt>
      <trkpt lat="48.710477" lon="2.002165"><ele>223.9</ele><time>2025-09-18T14:42:47Z</time></trkpt>
      <trkpt lat="48.710654" lon="2.002123"><ele>223.5</ele><time>2025-09-18T14:42:48Z</time></trkpt>
      <trkpt lat="48.710829" lon="2.002099"><ele>220.5</ele><time>2025-09-18T14:42:49Z</time></trkpt>
      <trkpt lat="48.711019" lon="2.002060"><ele>212.6</ele><time>2025-09-18T14:42:50Z</time></trkpt>
      <trkpt lat="48.711203" lon="2.002010"><ele>207.3</ele><time>2025-09-18T14:42:51Z</time></trkpt>
      <trkpt lat="48.711375" lon="2.001979"><ele>205.2</ele><time>2025-09-18T14:42:52Z</time></trkpt>
      <trkpt lat="48.711545" lon="2.001958"><ele>201.3</ele><time>2025-09-18T14:42:53Z</time></trkpt>
      <trkpt lat="48.711705" lon="2.001948"><ele>198.7</ele><time>2025-09-18T14:42:54Z</time></trkpt>
      <trkpt lat="48.711858" lon="2.001955"><ele>194.0</ele><time>2025-09-18T14:42:55Z</time></trkpt>
      <trkpt lat="48.711999" lon="2.001959"><ele>191.0</ele><time>2025-09-18T14:42:56Z</time></trkpt>
      <trkpt lat="48.712138" lon="2.001960"><ele>188.3</ele><time>2025-09-18T14:42:57Z</time></trkpt>
      <trkpt lat="48.712272" lon="2.001966"><ele>185.3</ele><time>2025-09-18T14:42:58Z</time></trkpt>
      <trkpt lat="48.712398" lon="2.001971"><ele>183.7</ele><time>2025-09-18T14:42:59Z</time></trkpt>
      <trkpt lat="48.712513" lon="2.001977"><ele>182.5</ele><time>2025-09-18T14:43:00Z</time></trkpt>
      <trkpt lat="48.712618" lon="2.001981"><ele>181.2</ele><time>2025-09-18T14:43:01Z</time></trkpt>
      <trkpt lat="48.712714" lon="2.001977"><ele>180.6</ele><time>2025-09-18T14:43:02Z</time></trkpt>
      <trkpt lat="48.712801" lon="2.001976"><ele>179.5</ele><time>2025-09-18T14:43:03Z</time></trkpt>
      <trkpt lat="48.712878" lon="2.001977"><ele>178.5</ele><time>2025-09-18T14:43:04Z</time></trkpt>
      <trkpt lat="48.712938" lon="2.001963"><ele>179.1</ele><time>2025-09-18T14:43:05Z</time></trkpt>
      <trkpt lat="48.712983" lon="2.001973"><ele>178.6</ele><time>2025-09-18T14:43:06Z</time></trkpt>
      <trkpt lat="48.713017" lon="2.001986"><ele>177.5</ele><time>2025-09-18T14:43:07Z</time></trkpt>
      <trkpt lat="48.713039" lon="2.002005"><ele>176.5</ele><time>2025-09-18T14:43:08Z</time></trkpt>
      <trkpt lat="48.713053" lon="2.002017"><ele>175.6</ele><time>2025-09-18T14:43:09Z</time></trkpt>
      <trkpt lat="48.713065" lon="2.002023"><ele>175.0</ele><time>2025-09-18T14:43:10Z</time></trkpt>
      <trkpt lat="48.713074" lon="2.002018"><ele>175.6</ele><time>2025-09-18T14:43:11Z</time></trkpt>
      <trkpt lat="48.713084" lon="2.002011"><ele>175.9</ele><time>2025-09-18T14:43:12Z</time></trkpt>
      <trkpt lat="48.713088" lon="2.002017"><ele>174.0</ele><time>2025-09-18T14:43:21Z</time></trkpt>
      <trkpt lat="48.713084" lon="2.001991"><ele>174.0</ele><time>2025-09-18T14:43:22Z</time></trkpt>
      <trkpt lat="48.713065" lon="2.001959"><ele>173.7</ele><time>2025-09-18T14:43:23Z</time></trkpt>
      <trkpt lat="48.713021" lon="2.001934"><ele>173.7</ele><time>2025-09-18T14:43:24Z</time></trkpt>
      <trkpt lat="48.712954" lon="2.001920"><ele>173.8</ele><time>2025-09-18T14:43:25Z</time></trkpt>
      <trkpt lat="48.712870" lon="2.001911"><ele>173.6</ele><time>2025-09-18T14:43:26Z</time></trkpt>
      <trkpt lat="48.712775" lon="2.001898"><ele>173.2</ele><time>2025-09-18T14:43:27Z</time></trkpt>
      <trkpt lat="48.712668" lon="2.001886"><ele>173.0</ele><time>2025-09-18T14:43:28Z</time></trkpt>
      <trkpt lat="48.712547" lon="2.001873"><ele>173.0</ele><time>2025-09-18T14:43:29Z</time></trkpt>
      <trkpt lat="48.712416" lon="2.001858"><ele>173.1</ele><time>2025-09-18T14:43:30Z</time></trkpt>
      <trkpt lat="48.712277" lon="2.001846"><ele>173.0</ele><time>2025-09-18T14:43:31Z</time></trkpt>
      <trkpt lat="48.712137" lon="2.001832"><ele>173.1</ele><time>2025-09-18T14:43:32Z</time></trkpt>
      <trkpt lat="48.711993" lon="2.001817"><ele>173.1</ele><time>2025-09-18T14:43:33Z</time></trkpt>
      <trkpt lat="48.711844" lon="2.001804"><ele>173.1</ele><time>2025-09-18T14:43:34Z</time></trkpt>
      <trkpt lat="48.711689" lon="2.001791"><ele>173.0</ele><time>2025-09-18T14:43:35Z</time></trkpt>
      <trkpt lat="48.711533" lon="2.001779"><ele>173.0</ele><time>2025-09-18T14:43:36Z</time></trkpt>
      <trkpt lat="48.711376" lon="2.001761"><ele>173.2</ele><time>2025-09-18T14:43:37Z</time></trkpt>
      <trkpt lat="48.711218" lon="2.001745"><ele>173.2</ele><time>2025-09-18T14:43:38Z</time></trkpt>
      <trkpt lat="48.711061" lon="2.001729"><ele>173.2</ele><time>2025-09-18T14:43:39Z</time></trkpt>
      <trkpt lat="48.710902" lon="2.001715"><ele>173.4</ele><time>2025-09-18T14:43:40Z</time></trkpt>
      <trkpt lat="48.710744" lon="2.001698"><ele>173.7</ele><time>2025-09-18T14:43:41Z</time></trkpt>
      <trkpt lat="48.710585" lon="2.001682"><ele>173.9</ele><time>2025-09-18T14:43:42Z</time></trkpt>
      <trkpt lat="48.710426" lon="2.001670"><ele>174.3</ele><time>2025-09-18T14:43:43Z</time></trkpt>
      <trkpt lat="48.710268" lon="2.001670"><ele>174.5</ele><time>2025-09-18T14:43:44Z</time></trkpt>
      <trkpt lat="48.710102" lon="2.001669"><ele>175.0</ele><time>2025-09-18T14:43:45Z</time></trkpt>
      <trkpt lat="48.709935" lon="2.001658"><ele>175.5</ele><time>2025-09-18T14:43:46Z</time></trkpt>
      <trkpt lat="48.709763" lon="2.001655"><ele>175.9</ele><time>2025-09-18T14:43:47Z</time></trkpt>
      <trkpt lat="48.709592" lon="2.001646"><ele>176.8</ele><time>2025-09-18T14:43:48Z</time></trkpt>
      <trkpt lat="48.709427" lon="2.001630"><ele>177.0</ele><time>2025-09-18T14:43:49Z</time></trkpt>
      <trkpt lat="48.709260" lon="2.001621"><ele>177.5</ele><time>2025-09-18T14:43:50Z</time></trkpt>
      <trkpt lat="48.709111" lon="2.001612"><ele>178.2</ele><time>2025-09-18T14:43:51Z</time></trkpt>
      <trkpt lat="48.708961" lon="2.001611"><ele>178.7</ele><time>2025-09-18T14:43:52Z</time></trkpt>
      <trkpt lat="48.708806" lon="2.001614"><ele>179.2</ele><time>2025-09-18T14:43:53Z</time></trkpt>
      <trkpt lat="48.708652" lon="2.001607"><ele>179.7</ele><time>2025-09-18T14:43:54Z</time></trkpt>
      <trkpt lat="48.708509" lon="2.001599"><ele>180.3</ele><time>2025-09-18T14:43:55Z</time></trkpt>
      <trkpt lat="48.708361" lon="2.001597"><ele>181.2</ele><time>2025-09-18T14:43:56Z</time></trkpt>
      <trkpt lat="48.708235" lon="2.001587"><ele>181.5</ele><time>2025-09-18T14:43:57Z</time></trkpt>
      <trkpt lat="48.708115" lon="2.001580"><ele>182.0</ele><time>2025-09-18T14:43:58Z</time></trkpt>
      <trkpt lat="48.708008" lon="2.001538"><ele>182.5</ele><time>2025-09-18T14:43:59Z</time></trkpt>
      <trkpt lat="48.707900" lon="2.001471"><ele>183.3</ele><time>2025-09-18T14:44:00Z</time></trkpt>
      <trkpt lat="48.707846" lon="2.001371"><ele>184.3</ele><time>2025-09-18T14:44:01Z</time></trkpt>
      <trkpt lat="48.707829" lon="2.001258"><ele>185.4</ele><time>2025-09-18T14:44:02Z</time></trkpt>
      <trkpt lat="48.707857" lon="2.001047"><ele>186.7</ele><time>2025-09-18T14:44:03Z</time></trkpt>
      <trkpt lat="48.707881" lon="2.000856"><ele>187.9</ele><time>2025-09-18T14:44:04Z</time></trkpt>
      <trkpt lat="48.707960" lon="2.000623"><ele>189.3</ele><time>2025-09-18T14:44:05Z</time></trkpt>
      <trkpt lat="48.708060" lon="2.000307"><ele>188.6</ele><time>2025-09-18T14:44:06Z</time></trkpt>
      <trkpt lat="48.708118" lon="2.000039"><ele>188.4</ele><time>2025-09-18T14:44:07Z</time></trkpt>
      <trkpt lat="48.708183" lon="1.999762"><ele>188.4</ele><time>2025-09-18T14:44:08Z</time></trkpt>
      <trkpt lat="48.708239" lon="1.999488"><ele>188.7</ele><time>2025-09-18T14:44:09Z</time></trkpt>
      <trkpt lat="48.708294" lon="1.999252"><ele>189.0</ele><time>2025-09-18T14:44:10Z</time></trkpt>
      <trkpt lat="48.708347" lon="1.999090"><ele>189.9</ele><time>2025-09-18T14:44:11Z</time></trkpt>
      <trkpt lat="48.708456" lon="1.998954"><ele>190.7</ele><time>2025-09-18T14:44:12Z</time></trkpt>
      <trkpt lat="48.708540" lon="1.998833"><ele>192.6</ele><time>2025-09-18T14:44:13Z</time></trkpt>
      <trkpt lat="48.708645" lon="1.998747"><ele>193.7</ele><time>2025-09-18T14:44:14Z</time></trkpt>
      <trkpt lat="48.708730" lon="1.998629"><ele>194.9</ele><time>2025-09-18T14:44:15Z</time></trkpt>
      <trkpt lat="48.708806" lon="1.998498"><ele>195.0</ele><time>2025-09-18T14:44:16Z</time></trkpt>
      <trkpt lat="48.708913" lon="1.998211"><ele>193.7</ele><time>2025-09-18T14:44:17Z</time></trkpt>
      <trkpt lat="48.708959" lon="1.997936"><ele>194.9</ele><time>2025-09-18T14:44:18Z</time></trkpt>
      <trkpt lat="48.709014" lon="1.997679"><ele>195.5</ele><time>2025-09-18T14:44:19Z</time></trkpt>
      <trkpt lat="48.709068" lon="1.997436"><ele>195.4</ele><time>2025-09-18T14:44:20Z</time></trkpt>
      <trkpt lat="48.709109" lon="1.997225"><ele>195.1</ele><time>2025-09-18T14:44:21Z</time></trkpt>
      <trkpt lat="48.709174" lon="1.997028"><ele>194.6</ele><time>2025-09-18T14:44:22Z</time></trkpt>
      <trkpt lat="48.709266" lon="1.996832"><ele>194.8</ele><time>2025-09-18T14:44:23Z</time></trkpt>
      <trkpt lat="48.709375" lon="1.996665"><ele>195.9</ele><time>2025-09-18T14:44:24Z</time></trkpt>
      <trkpt lat="48.709516" lon="1.996537"><ele>196.1</ele><time>2025-09-18T14:44:25Z</time></trkpt>
      <trkpt lat="48.709624" lon="1.996420"><ele>197.4</ele><time>2025-09-18T14:44:26Z</time></trkpt>
      <trkpt lat="48.709713" lon="1.996268"><ele>198.4</ele><time>2025-09-18T14:44:27Z</time></trkpt>
      <trkpt lat="48.709794" lon="1.996130"><ele>198.7</ele><time>2025-09-18T14:44:28Z</time></trkpt>
      <trkpt lat="48.709807" lon="1.995932"><ele>200.0</ele><time>2025-09-18T14:44:29Z</time></trkpt>
      <trkpt lat="48.709799" lon="1.995758"><ele>200.8</ele><time>2025-09-18T14:44:30Z</time></trkpt>
      <trkpt lat="48.709813" lon="1.995551"><ele>201.4</ele><time>2025-09-18T14:44:31Z</time></trkpt>
      <trkpt lat="48.709866" lon="1.995363"><ele>201.3</ele><time>2025-09-18T14:44:32Z</time></trkpt>
      <trkpt lat="48.709990" lon="1.995162"><ele>203.1</ele><time>2025-09-18T14:44:33Z</time></trkpt>
      <trkpt lat="48.710067" lon="1.994994"><ele>203.0</ele><time>2025-09-18T14:44:34Z</time></trkpt>
      <trkpt lat="48.710147" lon="1.994779"><ele>202.3</ele><time>2025-09-18T14:44:35Z</time></trkpt>
      <trkpt lat="48.710181" lon="1.994529"><ele>202.3</ele><time>2025-09-18T14:44:36Z</time></trkpt>
      <trkpt lat="48.710234" lon="1.994294"><ele>201.1</ele><time>2025-09-18T14:44:37Z</time></trkpt>
      <trkpt lat="48.710289" lon="1.994102"><ele>200.1</ele><time>2025-09-18T14:44:38Z</time></trkpt>
      <trkpt lat="48.710372" lon="1.993918"><ele>199.4</ele><time>2025-09-18T14:44:39Z</time></trkpt>
      <trkpt lat="48.710481" lon="1.993750"><ele>200.5</ele><time>2025-09-18T14:44:40Z</time></trkpt>
      <trkpt lat="48.710571" lon="1.993554"><ele>199.9</ele><time>2025-09-18T14:44:41Z</time></trkpt>
      <trkpt lat="48.710625" lon="1.993347"><ele>199.5</ele><time>2025-09-18T14:44:42Z</time></trkpt>
      <trkpt lat="48.710619" lon="1.993071"><ele>194.4</ele><time>2025-09-18T14:44:43Z</time></trkpt>
      <trkpt lat="48.710650" lon="1.992859"><ele>193.6</ele><time>2025-09-18T14:44:44Z</time></trkpt>
      <trkpt lat="48.710705" lon="1.992663"><ele>191.8</ele><time>2025-09-18T14:44:45Z</time></trkpt>
      <trkpt lat="48.710785" lon="1.992433"><ele>190.4</ele><time>2025-09-18T14:44:46Z</time></trkpt>
      <trkpt lat="48.710857" lon="1.992224"><ele>190.0</ele><time>2025-09-18T14:44:47Z</time></trkpt>
      <trkpt lat="48.710926" lon="1.992037"><ele>189.1</ele><time>2025-09-18T14:44:48Z</time></trkpt>
      <trkpt lat="48.710939" lon="1.991832"><ele>186.1</ele><time>2025-09-18T14:44:49Z</time></trkpt>
      <trkpt lat="48.710909" lon="1.991600"><ele>185.0</ele><time>2025-09-18T14:44:50Z</time></trkpt>
      <trkpt lat="48.710917" lon="1.991439"><ele>178.7</ele><time>2025-09-18T14:44:51Z</time></trkpt>
      <trkpt lat="48.710952" lon="1.991253"><ele>175.9</ele><time>2025-09-18T14:44:52Z</time></trkpt>
      <trkpt lat="48.710979" lon="1.991051"><ele>176.7</ele><time>2025-09-18T14:44:53Z</time></trkpt>
      <trkpt lat="48.711024" lon="1.990867"><ele>177.9</ele><time>2025-09-18T14:44:54Z</time></trkpt>
      <trkpt lat="48.711071" lon="1.990692"><ele>176.7</ele><time>2025-09-18T14:44:55Z</time></trkpt>
      <trkpt lat="48.711101" lon="1.990528"><ele>176.3</ele><time>2025-09-18T14:44:56Z</time></trkpt>
      <trkpt lat="48.711087" lon="1.990343"><ele>175.1</ele><time>2025-09-18T14:44:57Z</time></trkpt>
      <trkpt lat="48.711044" lon="1.990197"><ele>171.5</ele><time>2025-09-18T14:44:58Z</time></trkpt>
      <trkpt lat="48.710866" lon="1.990178"><ele>166.9</ele><time>2025-09-18T14:44:59Z</time></trkpt>
      <trkpt lat="48.710740" lon="1.990117"><ele>167.4</ele><time>2025-09-18T14:45:00Z</time></trkpt>
      <trkpt lat="48.710623" lon="1.990055"><ele>165.6</ele><time>2025-09-18T14:45:01Z</time></trkpt>
      <trkpt lat="48.710489" lon="1.989979"><ele>162.8</ele><time>2025-09-18T14:45:02Z</time></trkpt>
      <trkpt lat="48.710354" lon="1.989919"><ele>160.1</ele><time>2025-09-18T14:45:03Z</time></trkpt>
      <trkpt lat="48.710211" lon="1.989849"><ele>157.5</ele><time>2025-09-18T14:45:04Z</time></trkpt>
      <trkpt lat="48.710071" lon="1.989784"><ele>154.5</ele><time>2025-09-18T14:45:05Z</time></trkpt>
      <trkpt lat="48.709923" lon="1.989746"><ele>152.1</ele><time>2025-09-18T14:45:06Z</time></trkpt>
      <trkpt lat="48.709778" lon="1.989729"><ele>149.3</ele><time>2025-09-18T14:45:07Z</time></trkpt>
      <trkpt lat="48.709642" lon="1.989697"><ele>146.4</ele><time>2025-09-18T14:45:08Z</time></trkpt>
      <trkpt lat="48.709527" lon="1.989674"><ele>145.6</ele><time>2025-09-18T14:45:09Z</time></trkpt>
      <trkpt lat="48.709418" lon="1.989667"><ele>144.2</ele><time>2025-09-18T14:45:10Z</time></trkpt>
      <trkpt lat="48.709308" lon="1.989644"><ele>142.1</ele><time>2025-09-18T14:45:11Z</time></trkpt>
      <trkpt lat="48.709214" lon="1.989616"><ele>140.9</ele><time>2025-09-18T14:45:12Z</time></trkpt>
      <trkpt lat="48.709147" lon="1.989593"><ele>140.2</ele><time>2025-09-18T14:45:13Z</time></trkpt>
      <trkpt lat="48.709103" lon="1.989570"><ele>137.9</ele><time>2025-09-18T14:45:14Z</time></trkpt>
      <trkpt lat="48.709086" lon="1.989533"><ele>139.1</ele><time>2025-09-18T14:45:15Z</time></trkpt>
      <trkpt lat="48.709078" lon="1.989520"><ele>139.0</ele><time>2025-09-18T14:45:16Z</time></trkpt>
      <trkpt lat="48.709058" lon="1.989495"><ele>137.4</ele><time>2025-09-18T14:45:17Z</time></trkpt>
      <trkpt lat="48.709040" lon="1.989483"><ele>137.4</ele><time>2025-09-18T14:45:18Z</time></trkpt>
      <trkpt lat="48.709024" lon="1.989479"><ele>136.2</ele><time>2025-09-18T14:45:19Z</time></trkpt>
      <trkpt lat="48.709013" lon="1.989479"><ele>134.6</ele><time>2025-09-18T14:45:20Z</time></trkpt>
      <trkpt lat="48.708998" lon="1.989484"><ele>133.1</ele><time>2025-09-18T14:45:21Z</time></trkpt>
      <trkpt lat="48.708969" lon="1.989493"><ele>132.4</ele><time>2025-09-18T14:45:22Z</time></trkpt>
      <trkpt lat="48.708948" lon="1.989510"><ele>131.5</ele><time>2025-09-18T14:45:23Z</time></trkpt>
      <trkpt lat="48.708928" lon="1.989526"><ele>131.7</ele><time>2025-09-18T14:45:24Z</time></trkpt>
      <trkpt lat="48.708917" lon="1.989531"><ele>130.4</ele><time>2025-09-18T14:45:25Z</time></trkpt>
      <trkpt lat="48.708915" lon="1.989527"><ele>129.3</ele><time>2025-09-18T14:45:26Z</time></trkpt>
      <trkpt lat="48.708918" lon="1.989439"><ele>106.3</ele><time>2025-09-18T14:46:43Z</time></trkpt>
      <trkpt lat="48.708921" lon="1.989463"><ele>107.1</ele><time>2025-09-18T14:46:44Z</time></trkpt>
      <trkpt lat="48.708937" lon="1.989484"><ele>108.1</ele><time>2025-09-18T14:46:45Z</time></trkpt>
      <trkpt lat="48.708972" lon="1.989501"><ele>108.6</ele><time>2025-09-18T14:46:46Z</time></trkpt>
      <trkpt lat="48.709029" lon="1.989507"><ele>109.6</ele><time>2025-09-18T14:46:47Z</time></trkpt>
      <trkpt lat="48.709094" lon="1.989536"><ele>111.4</ele><time>2025-09-18T14:46:48Z</time></trkpt>
      <trkpt lat="48.709172" lon="1.989546"><ele>113.3</ele><time>2025-09-18T14:46:49Z</time></trkpt>
      <trkpt lat="48.709247" lon="1.989539"><ele>115.5</ele><time>2025-09-18T14:46:50Z</time></trkpt>
      <trkpt lat="48.709344" lon="1.989562"><ele>117.1</ele><time>2025-09-18T14:46:51Z</time></trkpt>
      <trkpt lat="48.709437" lon="1.989599"><ele>121.8</ele><time>2025-09-18T14:46:52Z</time></trkpt>
      <trkpt lat="48.709536" lon="1.989653"><ele>126.9</ele><time>2025-09-18T14:46:53Z</time></trkpt>
      <trkpt lat="48.709646" lon="1.989671"><ele>131.9</ele><time>2025-09-18T14:46:54Z</time></trkpt>
      <trkpt lat="48.709749" lon="1.989673"><ele>139.0</ele><time>2025-09-18T14:46:55Z</time></trkpt>
      <trkpt lat="48.709870" lon="1.989658"><ele>142.3</ele><time>2025-09-18T14:46:56Z</time></trkpt>
      <trkpt lat="48.709993" lon="1.989704"><ele>146.5</ele><time>2025-09-18T14:46:57Z</time></trkpt>
      <trkpt lat="48.710094" lon="1.989801"><ele>151.8</ele><time>2025-09-18T14:46:58Z</time></trkpt>
      <trkpt lat="48.710204" lon="1.989858"><ele>156.7</ele><time>2025-09-18T14:46:59Z</time></trkpt>
      <trkpt lat="48.710308" lon="1.989915"><ele>163.8</ele><time>2025-09-18T14:47:00Z</time></trkpt>
      <trkpt lat="48.710425" lon="1.989956"><ele>167.3</ele><time>2025-09-18T14:47:01Z</time></trkpt>
      <trkpt lat="48.710528" lon="1.990018"><ele>172.5</ele><time>2025-09-18T14:47:02Z</time></trkpt>
      <trkpt lat="48.710654" lon="1.990129"><ele>169.0</ele><time>2025-09-18T14:47:03Z</time></trkpt>
      <trkpt lat="48.710794" lon="1.990215"><ele>161.2</ele><time>2025-09-18T14:47:04Z</time></trkpt>
      <trkpt lat="48.710922" lon="1.990296"><ele>152.8</ele><time>2025-09-18T14:47:05Z</time></trkpt>
      <trkpt lat="48.711038" lon="1.990385"><ele>147.2</ele><time>2025-09-18T14:47:06Z</time></trkpt>
      <trkpt lat="48.711119" lon="1.990500"><ele>146.1</ele><time>2025-09-18T14:47:07Z</time></trkpt>
      <trkpt lat="48.711163" lon="1.990661"><ele>145.6</ele><time>2025-09-18T14:47:08Z</time></trkpt>
      <trkpt lat="48.711143" lon="1.990797"><ele>147.3</ele><time>2025-09-18T14:47:09Z</time></trkpt>
      <trkpt lat="48.711104" lon="1.990942"><ele>146.9</ele><time>2025-09-18T14:47:10Z</time></trkpt>
      <trkpt lat="48.711072" lon="1.991099"><ele>146.5</ele><time>2025-09-18T14:47:11Z</time></trkpt>
      <trkpt lat="48.711108" lon="1.991292"><ele>148.7</ele><time>2025-09-18T14:47:12Z</time></trkpt>
      <trkpt lat="48.711158" lon="1.991477"><ele>145.0</ele><time>2025-09-18T14:47:13Z</time></trkpt>
      <trkpt lat="48.711217" lon="1.991680"><ele>144.9</ele><time>2025-09-18T14:47:14Z</time></trkpt>
      <trkpt lat="48.711247" lon="1.991880"><ele>145.3</ele><time>2025-09-18T14:47:15Z</time></trkpt>
      <trkpt lat="48.711253" lon="1.992098"><ele>144.7</ele><time>2025-09-18T14:47:16Z</time></trkpt>
      <trkpt lat="48.711194" lon="1.992295"><ele>145.1</ele><time>2025-09-18T14:47:17Z</time></trkpt>
      <trkpt lat="48.711163" lon="1.992498"><ele>146.9</ele><time>2025-09-18T14:47:18Z</time></trkpt>
      <trkpt lat="48.711170" lon="1.992725"><ele>148.5</ele><time>2025-09-18T14:47:19Z</time></trkpt>
      <trkpt lat="48.711211" lon="1.992967"><ele>149.6</ele><time>2025-09-18T14:47:20Z</time></trkpt>
      <trkpt lat="48.711265" lon="1.993276"><ele>146.8</ele><time>2025-09-18T14:47:21Z</time></trkpt>
      <trkpt lat="48.711134" lon="1.993471"><ele>148.4</ele><time>2025-09-18T14:47:22Z</time></trkpt>
      <trkpt lat="48.711078" lon="1.993706"><ele>147.4</ele><time>2025-09-18T14:47:23Z</time></trkpt>
      <trkpt lat="48.710971" lon="1.993850"><ele>148.0</ele><time>2025-09-18T14:47:24Z</time></trkpt>
      <trkpt lat="48.710913" lon="1.993986"><ele>149.4</ele><time>2025-09-18T14:47:25Z</time></trkpt>
      <trkpt lat="48.710879" lon="1.994162"><ele>152.4</ele><time>2025-09-18T14:47:26Z</time></trkpt>
      <trkpt lat="48.710868" lon="1.994374"><ele>158.9</ele><time>2025-09-18T14:47:27Z</time></trkpt>
      <trkpt lat="48.710828" lon="1.994627"><ele>159.2</ele><time>2025-09-18T14:47:28Z</time></trkpt>
      <trkpt lat="48.710784" lon="1.994859"><ele>157.9</ele><time>2025-09-18T14:47:29Z</time></trkpt>
      <trkpt lat="48.710659" lon="1.995034"><ele>158.1</ele><time>2025-09-18T14:47:30Z</time></trkpt>
      <trkpt lat="48.710595" lon="1.995224"><ele>160.9</ele><time>2025-09-18T14:47:31Z</time></trkpt>
      <trkpt lat="48.710543" lon="1.995408"><ele>161.3</ele><time>2025-09-18T14:47:32Z</time></trkpt>
      <trkpt lat="48.710517" lon="1.995591"><ele>160.6</ele><time>2025-09-18T14:47:33Z</time></trkpt>
      <trkpt lat="48.710484" lon="1.995738"><ele>164.4</ele><time>2025-09-18T14:47:34Z</time></trkpt>
      <trkpt lat="48.710449" lon="1.995924"><ele>165.4</ele><time>2025-09-18T14:47:35Z</time></trkpt>
      <trkpt lat="48.710420" lon="1.996135"><ele>167.0</ele><time>2025-09-18T14:47:36Z</time></trkpt>
      <trkpt lat="48.710324" lon="1.996291"><ele>168.0</ele><time>2025-09-18T14:47:37Z</time></trkpt>
      <trkpt lat="48.710296" lon="1.996466"><ele>169.2</ele><time>2025-09-18T14:47:38Z</time></trkpt>
      <trkpt lat="48.710237" lon="1.996563"><ele>173.4</ele><time>2025-09-18T14:47:39Z</time></trkpt>
      <trkpt lat="48.710156" lon="1.996644"><ele>175.6</ele><time>2025-09-18T14:47:40Z</time></trkpt>
      <trkpt lat="48.710096" lon="1.996746"><ele>181.6</ele><time>2025-09-18T14:47:41Z</time></trkpt>
      <trkpt lat="48.710022" lon="1.996859"><ele>185.4</ele><time>2025-09-18T14:47:42Z</time></trkpt>
      <trkpt lat="48.709968" lon="1.997002"><ele>186.6</ele><time>2025-09-18T14:47:43Z</time></trkpt>
      <trkpt lat="48.709900" lon="1.997209"><ele>186.7</ele><time>2025-09-18T14:47:44Z</time></trkpt>
      <trkpt lat="48.709879" lon="1.997451"><ele>189.1</ele><time>2025-09-18T14:47:45Z</time></trkpt>
      <trkpt lat="48.709838" lon="1.997714"><ele>193.5</ele><time>2025-09-18T14:47:46Z</time></trkpt>
      <trkpt lat="48.709821" lon="1.998015"><ele>196.2</ele><time>2025-09-18T14:47:47Z</time></trkpt>
      <trkpt lat="48.709729" lon="1.998274"><ele>193.2</ele><time>2025-09-18T14:47:48Z</time></trkpt>
      <trkpt lat="48.709597" lon="1.998471"><ele>192.3</ele><time>2025-09-18T14:47:49Z</time></trkpt>
      <trkpt lat="48.709505" lon="1.998645"><ele>188.7</ele><time>2025-09-18T14:47:50Z</time></trkpt>
      <trkpt lat="48.709355" lon="1.998714"><ele>188.6</ele><time>2025-09-18T14:47:51Z</time></trkpt>
      <trkpt lat="48.709240" lon="1.998792"><ele>189.9</ele><time>2025-09-18T14:47:52Z</time></trkpt>
      <trkpt lat="48.709135" lon="1.998861"><ele>190.8</ele><time>2025-09-18T14:47:53Z</time></trkpt>
      <trkpt lat="48.709030" lon="1.998986"><ele>188.4</ele><time>2025-09-18T14:47:54Z</time></trkpt>
      <trkpt lat="48.708986" lon="1.999183"><ele>189.5</ele><time>2025-09-18T14:47:55Z</time></trkpt>
      <trkpt lat="48.708952" lon="1.999421"><ele>190.5</ele><time>2025-09-18T14:47:56Z</time></trkpt>
      <trkpt lat="48.708922" lon="1.999649"><ele>190.3</ele><time>2025-09-18T14:47:57Z</time></trkpt>
      <trkpt lat="48.708836" lon="1.999851"><ele>189.7</ele><time>2025-09-18T14:47:58Z</time></trkpt>
      <trkpt lat="48.708773" lon="2.000048"><ele>190.4</ele><time>2025-09-18T14:47:59Z</time></trkpt>
      <trkpt lat="48.708715" lon="2.000236"><ele>189.8</ele><time>2025-09-18T14:48:00Z</time></trkpt>
      <trkpt lat="48.708623" lon="2.000408"><ele>189.8</ele><time>2025-09-18T14:48:01Z</time></trkpt>
      <trkpt lat="48.708497" lon="2.000591"><ele>187.5</ele><time>2025-09-18T14:48:02Z</time></trkpt>
      <trkpt lat="48.708412" lon="2.000778"><ele>186.8</ele><time>2025-09-18T14:48:03Z</time></trkpt>
      <trkpt lat="48.708342" lon="2.000962"><ele>185.7</ele><time>2025-09-18T14:48:04Z</time></trkpt>
      <trkpt lat="48.708281" lon="2.001142"><ele>183.7</ele><time>2025-09-18T14:48:05Z</time></trkpt>
      <trkpt lat="48.708252" lon="2.001314"><ele>184.5</ele><time>2025-09-18T14:48:06Z</time></trkpt>
      <trkpt lat="48.708230" lon="2.001463"><ele>185.5</ele><time>2025-09-18T14:48:07Z</time></trkpt>
      <trkpt lat="48.708258" lon="2.001557"><ele>186.3</ele><time>2025-09-18T14:48:08Z</time></trkpt>
      <trkpt lat="48.708287" lon="2.001591"><ele>190.2</ele><time>2025-09-18T14:48:09Z</time></trkpt>
      <trkpt lat="48.708332" lon="2.001665"><ele>191.7</ele><time>2025-09-18T14:48:10Z</time></trkpt>
      <trkpt lat="48.708392" lon="2.001716"><ele>194.0</ele><time>2025-09-18T14:48:11Z</time></trkpt>
      <trkpt lat="48.708460" lon="2.001785"><ele>195.5</ele><time>2025-09-18T14:48:12Z</time></trkpt>
      <trkpt lat="48.708535" lon="2.001835"><ele>197.4</ele><time>2025-09-18T14:48:13Z</time></trkpt>
      <trkpt lat="48.708614" lon="2.001891"><ele>200.8</ele><time>2025-09-18T14:48:14Z</time></trkpt>
      <trkpt lat="48.708719" lon="2.001903"><ele>203.5</ele><time>2025-09-18T14:48:15Z</time></trkpt>
      <trkpt lat="48.708826" lon="2.001825"><ele>207.0</ele><time>2025-09-18T14:48:16Z</time></trkpt>
      <trkpt lat="48.708923" lon="2.001817"><ele>210.4</ele><time>2025-09-18T14:48:17Z</time></trkpt>
      <trkpt lat="48.709024" lon="2.001825"><ele>211.4</ele><time>2025-09-18T14:48:18Z</time></trkpt>
      <trkpt lat="48.709143" lon="2.001787"><ele>213.3</ele><time>2025-09-18T14:48:19Z</time></trkpt>
      <trkpt lat="48.709253" lon="2.001822"><ele>215.3</ele><time>2025-09-18T14:48:20Z</time></trkpt>
      <trkpt lat="48.709370" lon="2.001829"><ele>216.4</ele><time>2025-09-18T14:48:21Z</time></trkpt>
      <trkpt lat="48.709493" lon="2.001815"><ele>217.6</ele><time>2025-09-18T14:48:22Z</time></trkpt>
      <trkpt lat="48.709616" lon="2.001812"><ele>218.2</ele><time>2025-09-18T14:48:23Z</time></trkpt>
      <trkpt lat="48.709744" lon="2.001787"><ele>219.9</ele><time>2025-09-18T14:48:24Z</time></trkpt>
      <trkpt lat="48.709863" lon="2.001811"><ele>222.8</ele><time>2025-09-18T14:48:25Z</time></trkpt>
      <trkpt lat="48.709994" lon="2.001819"><ele>224.2</ele><time>2025-09-18T14:48:26Z</time></trkpt>
      <trkpt lat="48.710133" lon="2.001818"><ele>225.2</ele><time>2025-09-18T14:48:27Z</time></trkpt>
      <trkpt lat="48.710285" lon="2.001813"><ele>226.3</ele><time>2025-09-18T14:48:28Z</time></trkpt>
      <trkpt lat="48.710442" lon="2.001794"><ele>226.2</ele><time>2025-09-18T14:48:29Z</time></trkpt>
      <trkpt lat="48.710595" lon="2.001791"><ele>227.5</ele><time>2025-09-18T14:48:30Z</time></trkpt>
      <trkpt lat="48.710752" lon="2.001785"><ele>228.2</ele><time>2025-09-18T14:48:31Z</time></trkpt>
      <trkpt lat="48.710910" lon="2.001798"><ele>227.3</ele><time>2025-09-18T14:48:32Z</time></trkpt>
      <trkpt lat="48.711071" lon="2.001797"><ele>227.5</ele><time>2025-09-18T14:48:33Z</time></trkpt>
      <trkpt lat="48.711226" lon="2.001792"><ele>228.9</ele><time>2025-09-18T14:48:34Z</time></trkpt>
      <trkpt lat="48.711379" lon="2.001791"><ele>229.8</ele><time>2025-09-18T14:48:35Z</time></trkpt>
      <trkpt lat="48.711531" lon="2.001795"><ele>230.2</ele><time>2025-09-18T14:48:36Z</time></trkpt>
      <trkpt lat="48.711689" lon="2.001816"><ele>225.2</ele><time>2025-09-18T14:48:37Z</time></trkpt>
      <trkpt lat="48.711843" lon="2.001828"><ele>220.8</ele><time>2025-09-18T14:48:38Z</time></trkpt>
      <trkpt lat="48.711987" lon="2.001840"><ele>216.4</ele><time>2025-09-18T14:48:39Z</time></trkpt>
      <trkpt lat="48.712133" lon="2.001841"><ele>209.8</ele><time>2025-09-18T14:48:40Z</time></trkpt>
      <trkpt lat="48.712266" lon="2.001847"><ele>203.6</ele><time>2025-09-18T14:48:41Z</time></trkpt>
      <trkpt lat="48.712382" lon="2.001851"><ele>200.0</ele><time>2025-09-18T14:48:42Z</time></trkpt>
      <trkpt lat="48.712480" lon="2.001855"><ele>199.0</ele><time>2025-09-18T14:48:43Z</time></trkpt>
      <trkpt lat="48.712576" lon="2.001859"><ele>196.7</ele><time>2025-09-18T14:48:44Z</time></trkpt>
      <trkpt lat="48.712664" lon="2.001863"><ele>194.7</ele><time>2025-09-18T14:48:45Z</time></trkpt>
      <trkpt lat="48.712744" lon="2.001866"><ele>192.3</ele><time>2025-09-18T14:48:46Z</time></trkpt>
      <trkpt lat="48.712815" lon="2.001870"><ele>190.2</ele><time>2025-09-18T14:48:47Z</time></trkpt>
      <trkpt lat="48.712876" lon="2.001876"><ele>189.2</ele><time>2025-09-18T14:48:48Z</time></trkpt>
      <trkpt lat="48.712926" lon="2.001886"><ele>189.1</ele><time>2025-09-18T14:48:49Z</time></trkpt>
      <trkpt lat="48.712973" lon="2.001901"><ele>187.1</ele><time>2025-09-18T14:48:50Z</time></trkpt>
      <trkpt lat="48.713009" lon="2.001934"><ele>184.1</ele><time>2025-09-18T14:48:51Z</time></trkpt>
      <trkpt lat="48.713031" lon="2.001960"><ele>181.9</ele><time>2025-09-18T14:48:52Z</time></trkpt>
      <trkpt lat="48.713048" lon="2.001976"><ele>180.5</ele><time>2025-09-18T14:48:53Z</time></trkpt>
      <trkpt lat="48.713058" lon="2.001979"><ele>180.3</ele><time>2025-09-18T14:48:54Z</time></trkpt>
      <trkpt lat="48.713068" lon="2.001984"><ele>179.3</ele><time>2025-09-18T14:48:55Z</time></trkpt>
      <trkpt lat="48.713076" lon="2.001990"><ele>178.2</ele><time>2025-09-18T14:48:56Z</time></trkpt>
      <trkpt lat="48.713089" lon="2.002030"><ele>168.5</ele><time>2025-09-18T14:50:32Z</time></trkpt>
      <trkpt lat="48.713089" lon="2.002006"><ele>168.5</ele><time>2025-09-18T14:50:33Z</time></trkpt>
      <trkpt lat="48.713076" lon="2.001969"><ele>168.6</ele><time>2025-09-18T14:50:34Z</time></trkpt>
      <trkpt lat="48.713040" lon="2.001933"><ele>168.6</ele><time>2025-09-18T14:50:35Z</time></trkpt>
      <trkpt lat="48.712984" lon="2.001909"><ele>168.5</ele><time>2025-09-18T14:50:36Z</time></trkpt>
      <trkpt lat="48.712916" lon="2.001898"><ele>168.6</ele><time>2025-09-18T14:50:37Z</time></trkpt>
      <trkpt lat="48.712840" lon="2.001893"><ele>168.7</ele><time>2025-09-18T14:50:38Z</time></trkpt>
      <trkpt lat="48.712754" lon="2.001890"><ele>168.3</ele><time>2025-09-18T14:50:39Z</time></trkpt>
      <trkpt lat="48.712666" lon="2.001886"><ele>168.5</ele><time>2025-09-18T14:50:40Z</time></trkpt>
      <trkpt lat="48.712570" lon="2.001878"><ele>168.4</ele><time>2025-09-18T14:50:41Z</time></trkpt>
      <trkpt lat="48.712464" lon="2.001870"><ele>168.2</ele><time>2025-09-18T14:50:42Z</time></trkpt>
      <trkpt lat="48.712355" lon="2.001861"><ele>168.2</ele><time>2025-09-18T14:50:43Z</time></trkpt>
      <trkpt lat="48.712244" lon="2.001847"><ele>168.6</ele><time>2025-09-18T14:50:44Z</time></trkpt>
      <trkpt lat="48.712130" lon="2.001835"><ele>168.6</ele><time>2025-09-18T14:50:45Z</time></trkpt>
      <trkpt lat="48.712011" lon="2.001822"><ele>168.9</ele><time>2025-09-18T14:50:46Z</time></trkpt>
      <trkpt lat="48.711888" lon="2.001814"><ele>168.7</ele><time>2025-09-18T14:50:47Z</time></trkpt>
      <trkpt lat="48.711762" lon="2.001803"><ele>168.8</ele><time>2025-09-18T14:50:48Z</time></trkpt>
      <trkpt lat="48.711632" lon="2.001793"><ele>168.9</ele><time>2025-09-18T14:50:49Z</time></trkpt>
      <trkpt lat="48.711500" lon="2.001783"><ele>168.9</ele><time>2025-09-18T14:50:50Z</time></trkpt>
      <trkpt lat="48.711364" lon="2.001766"><ele>169.2</ele><time>2025-09-18T14:50:51Z</time></trkpt>
      <trkpt lat="48.711230" lon="2.001752"><ele>169.3</ele><time>2025-09-18T14:50:52Z</time></trkpt>
      <trkpt lat="48.711097" lon="2.001740"><ele>169.4</ele><time>2025-09-18T14:50:53Z</time></trkpt>
      <trkpt lat="48.710965" lon="2.001727"><ele>169.8</ele><time>2025-09-18T14:50:54Z</time></trkpt>
      <trkpt lat="48.710833" lon="2.001718"><ele>170.0</ele><time>2025-09-18T14:50:55Z</time></trkpt>
      <trkpt lat="48.710696" lon="2.001705"><ele>170.3</ele><time>2025-09-18T14:50:56Z</time></trkpt>
      <trkpt lat="48.710551" lon="2.001683"><ele>171.3</ele><time>2025-09-18T14:50:57Z</time></trkpt>
      <trkpt lat="48.710411" lon="2.001668"><ele>172.2</ele><time>2025-09-18T14:50:58Z</time></trkpt>
      <trkpt lat="48.710273" lon="2.001656"><ele>173.0</ele><time>2025-09-18T14:50:59Z</time></trkpt>
      <trkpt lat="48.710125" lon="2.001659"><ele>174.6</ele><time>2025-09-18T14:51:00Z</time></trkpt>
      <trkpt lat="48.709975" lon="2.001659"><ele>176.9</ele><time>2025-09-18T14:51:01Z</time></trkpt>
      <trkpt lat="48.709824" lon="2.001662"><ele>178.3</ele><time>2025-09-18T14:51:02Z</time></trkpt>
      <trkpt lat="48.709677" lon="2.001656"><ele>180.5</ele><time>2025-09-18T14:51:03Z</time></trkpt>
      <trkpt lat="48.709530" lon="2.001660"><ele>181.7</ele><time>2025-09-18T14:51:04Z</time></trkpt>
      <trkpt lat="48.709374" lon="2.001659"><ele>183.1</ele><time>2025-09-18T14:51:05Z</time></trkpt>
      <trkpt lat="48.709232" lon="2.001646"><ele>183.4</ele><time>2025-09-18T14:51:06Z</time></trkpt>
      <trkpt lat="48.709088" lon="2.001655"><ele>181.6</ele><time>2025-09-18T14:51:07Z</time></trkpt>
      <trkpt lat="48.708967" lon="2.001653"><ele>183.2</ele><time>2025-09-18T14:51:08Z</time></trkpt>
      <trkpt lat="48.708829" lon="2.001647"><ele>184.2</ele><time>2025-09-18T14:51:09Z</time></trkpt>
      <trkpt lat="48.708721" lon="2.001643"><ele>185.6</ele><time>2025-09-18T14:51:10Z</time></trkpt>
      <trkpt lat="48.708609" lon="2.001657"><ele>187.2</ele><time>2025-09-18T14:51:11Z</time></trkpt>
      <trkpt lat="48.708482" lon="2.001656"><ele>188.5</ele><time>2025-09-18T14:51:12Z</time></trkpt>
      <trkpt lat="48.708362" lon="2.001611"><ele>188.3</ele><time>2025-09-18T14:51:13Z</time></trkpt>
      <trkpt lat="48.708243" lon="2.001596"><ele>189.9</ele><time>2025-09-18T14:51:14Z</time></trkpt>
      <trkpt lat="48.708118" lon="2.001573"><ele>189.0</ele><time>2025-09-18T14:51:15Z</time></trkpt>
      <trkpt lat="48.708008" lon="2.001537"><ele>188.5</ele><time>2025-09-18T14:51:16Z</time></trkpt>
      <trkpt lat="48.707946" lon="2.001444"><ele>190.0</ele><time>2025-09-18T14:51:17Z</time></trkpt>
      <trkpt lat="48.707916" lon="2.001325"><ele>197.0</ele><time>2025-09-18T14:51:18Z</time></trkpt>
      <trkpt lat="48.707909" lon="2.001155"><ele>198.0</ele><time>2025-09-18T14:51:19Z</time></trkpt>
      <trkpt lat="48.707926" lon="2.000977"><ele>200.8</ele><time>2025-09-18T14:51:20Z</time></trkpt>
      <trkpt lat="48.707963" lon="2.000792"><ele>201.9</ele><time>2025-09-18T14:51:21Z</time></trkpt>
      <trkpt lat="48.708012" lon="2.000548"><ele>205.1</ele><time>2025-09-18T14:51:22Z</time></trkpt>
      <trkpt lat="48.708068" lon="2.000267"><ele>205.3</ele><time>2025-09-18T14:51:23Z</time></trkpt>
      <trkpt lat="48.708123" lon="2.000024"><ele>204.4</ele><time>2025-09-18T14:51:24Z</time></trkpt>
      <trkpt lat="48.708155" lon="1.999770"><ele>204.8</ele><time>2025-09-18T14:51:25Z</time></trkpt>
      <trkpt lat="48.708198" lon="1.999554"><ele>204.2</ele><time>2025-09-18T14:51:26Z</time></trkpt>
      <trkpt lat="48.708244" lon="1.999375"><ele>205.2</ele><time>2025-09-18T14:51:27Z</time></trkpt>
      <trkpt lat="48.708310" lon="1.999159"><ele>202.2</ele><time>2025-09-18T14:51:28Z</time></trkpt>
      <trkpt lat="48.708398" lon="1.998948"><ele>197.6</ele><time>2025-09-18T14:51:29Z</time></trkpt>
      <trkpt lat="48.708489" lon="1.998816"><ele>193.7</ele><time>2025-09-18T14:51:30Z</time></trkpt>
      <trkpt lat="48.708580" lon="1.998719"><ele>194.7</ele><time>2025-09-18T14:51:31Z</time></trkpt>
      <trkpt lat="48.708672" lon="1.998567"><ele>196.4</ele><time>2025-09-18T14:51:32Z</time></trkpt>
      <trkpt lat="48.708756" lon="1.998435"><ele>195.6</ele><time>2025-09-18T14:51:33Z</time></trkpt>
      <trkpt lat="48.708855" lon="1.998225"><ele>192.4</ele><time>2025-09-18T14:51:34Z</time></trkpt>
      <trkpt lat="48.708942" lon="1.997972"><ele>188.9</ele><time>2025-09-18T14:51:35Z</time></trkpt>
      <trkpt lat="48.708993" lon="1.997703"><ele>186.7</ele><time>2025-09-18T14:51:36Z</time></trkpt>
      <trkpt lat="48.709029" lon="1.997450"><ele>185.7</ele><time>2025-09-18T14:51:37Z</time></trkpt>
      <trkpt lat="48.709063" lon="1.997223"><ele>180.9</ele><time>2025-09-18T14:51:38Z</time></trkpt>
      <trkpt lat="48.709123" lon="1.997012"><ele>178.0</ele><time>2025-09-18T14:51:39Z</time></trkpt>
      <trkpt lat="48.709226" lon="1.996824"><ele>172.5</ele><time>2025-09-18T14:51:40Z</time></trkpt>
      <trkpt lat="48.709323" lon="1.996653"><ele>176.2</ele><time>2025-09-18T14:51:41Z</time></trkpt>
      <trkpt lat="48.709451" lon="1.996574"><ele>187.7</ele><time>2025-09-18T14:51:42Z</time></trkpt>
      <trkpt lat="48.709560" lon="1.996444"><ele>191.4</ele><time>2025-09-18T14:51:43Z</time></trkpt>
      <trkpt lat="48.709665" lon="1.996306"><ele>189.5</ele><time>2025-09-18T14:51:44Z</time></trkpt>
      <trkpt lat="48.709751" lon="1.996160"><ele>189.1</ele><time>2025-09-18T14:51:45Z</time></trkpt>
      <trkpt lat="48.709828" lon="1.996013"><ele>188.3</ele><time>2025-09-18T14:51:46Z</time></trkpt>
      <trkpt lat="48.709893" lon="1.995834"><ele>189.6</ele><time>2025-09-18T14:51:47Z</time></trkpt>
      <trkpt lat="48.709954" lon="1.995602"><ele>190.5</ele><time>2025-09-18T14:51:48Z</time></trkpt>
      <trkpt lat="48.710012" lon="1.995407"><ele>190.2</ele><time>2025-09-18T14:51:49Z</time></trkpt>
      <trkpt lat="48.710094" lon="1.995225"><ele>188.4</ele><time>2025-09-18T14:51:50Z</time></trkpt>
      <trkpt lat="48.710172" lon="1.995064"><ele>190.3</ele><time>2025-09-18T14:51:51Z</time></trkpt>
      <trkpt lat="48.710252" lon="1.994869"><ele>189.5</ele><time>2025-09-18T14:51:52Z</time></trkpt>
      <trkpt lat="48.710310" lon="1.994679"><ele>188.2</ele><time>2025-09-18T14:51:53Z</time></trkpt>
      <trkpt lat="48.710341" lon="1.994461"><ele>188.3</ele><time>2025-09-18T14:51:54Z</time></trkpt>
      <trkpt lat="48.710379" lon="1.994255"><ele>188.2</ele><time>2025-09-18T14:51:55Z</time></trkpt>
      <trkpt lat="48.710438" lon="1.994080"><ele>186.4</ele><time>2025-09-18T14:51:56Z</time></trkpt>
      <trkpt lat="48.710530" lon="1.993898"><ele>188.1</ele><time>2025-09-18T14:51:57Z</time></trkpt>
      <trkpt lat="48.710628" lon="1.993708"><ele>182.0</ele><time>2025-09-18T14:51:58Z</time></trkpt>
      <trkpt lat="48.710690" lon="1.993509"><ele>183.8</ele><time>2025-09-18T14:51:59Z</time></trkpt>
      <trkpt lat="48.710691" lon="1.993252"><ele>183.5</ele><time>2025-09-18T14:52:00Z</time></trkpt>
      <trkpt lat="48.710704" lon="1.993043"><ele>185.0</ele><time>2025-09-18T14:52:01Z</time></trkpt>
      <trkpt lat="48.710749" lon="1.992848"><ele>181.8</ele><time>2025-09-18T14:52:02Z</time></trkpt>
      <trkpt lat="48.710796" lon="1.992658"><ele>181.9</ele><time>2025-09-18T14:52:03Z</time></trkpt>
      <trkpt lat="48.710878" lon="1.992466"><ele>182.0</ele><time>2025-09-18T14:52:04Z</time></trkpt>
      <trkpt lat="48.710941" lon="1.992277"><ele>182.7</ele><time>2025-09-18T14:52:05Z</time></trkpt>
      <trkpt lat="48.710983" lon="1.992081"><ele>179.9</ele><time>2025-09-18T14:52:06Z</time></trkpt>
      <trkpt lat="48.711012" lon="1.991898"><ele>177.3</ele><time>2025-09-18T14:52:07Z</time></trkpt>
      <trkpt lat="48.710977" lon="1.991691"><ele>172.8</ele><time>2025-09-18T14:52:08Z</time></trkpt>
      <trkpt lat="48.710953" lon="1.991525"><ele>171.6</ele><time>2025-09-18T14:52:09Z</time></trkpt>
      <trkpt lat="48.710998" lon="1.991348"><ele>167.3</ele><time>2025-09-18T14:52:10Z</time></trkpt>
      <trkpt lat="48.711020" lon="1.991178"><ele>171.3</ele><time>2025-09-18T14:52:11Z</time></trkpt>
      <trkpt lat="48.711067" lon="1.991001"><ele>171.5</ele><time>2025-09-18T14:52:12Z</time></trkpt>
      <trkpt lat="48.711104" lon="1.990835"><ele>170.7</ele><time>2025-09-18T14:52:13Z</time></trkpt>
      <trkpt lat="48.711123" lon="1.990671"><ele>169.6</ele><time>2025-09-18T14:52:14Z</time></trkpt>
      <trkpt lat="48.711120" lon="1.990519"><ele>169.4</ele><time>2025-09-18T14:52:15Z</time></trkpt>
      <trkpt lat="48.711125" lon="1.990376"><ele>165.7</ele><time>2025-09-18T14:52:16Z</time></trkpt>
      <trkpt lat="48.710965" lon="1.990305"><ele>156.0</ele><time>2025-09-18T14:52:17Z</time></trkpt>
      <trkpt lat="48.710831" lon="1.990236"><ele>149.5</ele><time>2025-09-18T14:52:18Z</time></trkpt>
      <trkpt lat="48.710720" lon="1.990166"><ele>144.3</ele><time>2025-09-18T14:52:19Z</time></trkpt>
      <trkpt lat="48.710606" lon="1.990087"><ele>140.8</ele><time>2025-09-18T14:52:20Z</time></trkpt>
      <trkpt lat="48.710487" lon="1.990023"><ele>136.3</ele><time>2025-09-18T14:52:21Z</time></trkpt>
      <trkpt lat="48.710362" lon="1.989962"><ele>134.7</ele><time>2025-09-18T14:52:22Z</time></trkpt>
      <trkpt lat="48.710234" lon="1.989902"><ele>133.9</ele><time>2025-09-18T14:52:23Z</time></trkpt>
      <trkpt lat="48.710117" lon="1.989850"><ele>131.4</ele><time>2025-09-18T14:52:24Z</time></trkpt>
      <trkpt lat="48.710014" lon="1.989842"><ele>131.7</ele><time>2025-09-18T14:52:25Z</time></trkpt>
      <trkpt lat="48.709923" lon="1.989850"><ele>133.6</ele><time>2025-09-18T14:52:26Z</time></trkpt>
      <trkpt lat="48.709856" lon="1.989852"><ele>134.5</ele><time>2025-09-18T14:52:27Z</time></trkpt>
      <trkpt lat="48.709781" lon="1.989853"><ele>135.7</ele><time>2025-09-18T14:52:28Z</time></trkpt>
      <trkpt lat="48.709699" lon="1.989838"><ele>134.5</ele><time>2025-09-18T14:52:29Z</time></trkpt>
      <trkpt lat="48.709595" lon="1.989814"><ele>134.3</ele><time>2025-09-18T14:52:30Z</time></trkpt>
      <trkpt lat="48.709510" lon="1.989808"><ele>133.8</ele><time>2025-09-18T14:52:31Z</time></trkpt>
      <trkpt lat="48.709426" lon="1.989787"><ele>133.5</ele><time>2025-09-18T14:52:32Z</time></trkpt>
      <trkpt lat="48.709359" lon="1.989777"><ele>133.5</ele><time>2025-09-18T14:52:33Z</time></trkpt>
      <trkpt lat="48.709300" lon="1.989754"><ele>133.1</ele><time>2025-09-18T14:52:34Z</time></trkpt>
      <trkpt lat="48.709222" lon="1.989728"><ele>132.3</ele><time>2025-09-18T14:52:35Z</time></trkpt>
      <trkpt lat="48.709113" lon="1.989686"><ele>131.1</ele><time>2025-09-18T14:52:36Z</time></trkpt>
      <trkpt lat="48.709014" lon="1.989669"><ele>132.1</ele><time>2025-09-18T14:52:37Z</time></trkpt>
      <trkpt lat="48.708903" lon="1.989653"><ele>132.4</ele><time>2025-09-18T14:52:38Z</time></trkpt>
      <trkpt lat="48.708785" lon="1.989634"><ele>132.5</ele><time>2025-09-18T14:52:39Z</time></trkpt>
      <trkpt lat="48.708683" lon="1.989607"><ele>131.5</ele><time>2025-09-18T14:52:40Z</time></trkpt>
      <trkpt lat="48.708574" lon="1.989584"><ele>131.3</ele><time>2025-09-18T14:52:41Z</time></trkpt>
      <trkpt lat="48.708465" lon="1.989563"><ele>130.8</ele><time>2025-09-18T14:52:42Z</time></trkpt>
      <trkpt lat="48.708360" lon="1.989540"><ele>129.9</ele><time>2025-09-18T14:52:43Z</time></trkpt>
      <trkpt lat="48.708280" lon="1.989525"><ele>129.1</ele><time>2025-09-18T14:52:44Z</time></trkpt>
      <trkpt lat="48.708196" lon="1.989497"><ele>128.1</ele><time>2025-09-18T14:52:45Z</time></trkpt>
      <trkpt lat="48.708109" lon="1.989473"><ele>126.8</ele><time>2025-09-18T14:52:46Z</time></trkpt>
      <trkpt lat="48.708016" lon="1.989441"><ele>126.9</ele><time>2025-09-18T14:52:47Z</time></trkpt>
      <trkpt lat="48.707920" lon="1.989418"><ele>126.2</ele><time>2025-09-18T14:52:48Z</time></trkpt>
      <trkpt lat="48.707821" lon="1.989397"><ele>126.9</ele><time>2025-09-18T14:52:49Z</time></trkpt>
      <trkpt lat="48.707726" lon="1.989373"><ele>127.1</ele><time>2025-09-18T14:52:50Z</time></trkpt>
      <trkpt lat="48.707631" lon="1.989351"><ele>126.3</ele><time>2025-09-18T14:52:51Z</time></trkpt>
      <trkpt lat="48.707540" lon="1.989326"><ele>126.5</ele><time>2025-09-18T14:52:52Z</time></trkpt>
      <trkpt lat="48.707453" lon="1.989309"><ele>126.3</ele><time>2025-09-18T14:52:53Z</time></trkpt>
      <trkpt lat="48.707377" lon="1.989295"><ele>126.1</ele><time>2025-09-18T14:52:54Z</time></trkpt>
      <trkpt lat="48.707309" lon="1.989277"><ele>125.6</ele><time>2025-09-18T14:52:55Z</time></trkpt>
      <trkpt lat="48.707243" lon="1.989263"><ele>125.7</ele><time>2025-09-18T14:52:56Z</time></trkpt>
      <trkpt lat="48.707177" lon="1.989248"><ele>126.0</ele><time>2025-09-18T14:52:57Z</time></trkpt>
      <trkpt lat="48.707115" lon="1.989231"><ele>125.4</ele><time>2025-09-18T14:52:58Z</time></trkpt>
      <trkpt lat="48.707064" lon="1.989218"><ele>125.2</ele><time>2025-09-18T14:52:59Z</time></trkpt>
      <trkpt lat="48.707018" lon="1.989209"><ele>125.2</ele><time>2025-09-18T14:53:00Z</time></trkpt>
      <trkpt lat="48.706968" lon="1.989191"><ele>124.9</ele><time>2025-09-18T14:53:01Z</time></trkpt>
      <trkpt lat="48.706918" lon="1.989145"><ele>124.3</ele><time>2025-09-18T14:53:02Z</time></trkpt>
      <trkpt lat="48.706866" lon="1.989078"><ele>125.2</ele><time>2025-09-18T14:53:03Z</time></trkpt>
      <trkpt lat="48.706823" lon="1.988980"><ele>124.9</ele><time>2025-09-18T14:53:04Z</time></trkpt>
      <trkpt lat="48.706784" lon="1.988870"><ele>124.5</ele><time>2025-09-18T14:53:05Z</time></trkpt>
      <trkpt lat="48.706747" lon="1.988756"><ele>124.1</ele><time>2025-09-18T14:53:06Z</time></trkpt>
      <trkpt lat="48.706708" lon="1.988643"><ele>124.0</ele><time>2025-09-18T14:53:07Z</time></trkpt>
      <trkpt lat="48.706670" lon="1.988532"><ele>123.2</ele><time>2025-09-18T14:53:08Z</time></trkpt>
      <trkpt lat="48.706632" lon="1.988420"><ele>122.2</ele><time>2025-09-18T14:53:09Z</time></trkpt>
      <trkpt lat="48.706591" lon="1.988308"><ele>121.2</ele><time>2025-09-18T14:53:10Z</time></trkpt>
      <trkpt lat="48.706546" lon="1.988198"><ele>120.4</ele><time>2025-09-18T14:53:11Z</time></trkpt>
      <trkpt lat="48.706499" lon="1.988087"><ele>119.9</ele><time>2025-09-18T14:53:12Z</time></trkpt>
      <trkpt lat="48.706454" lon="1.987978"><ele>119.1</ele><time>2025-09-18T14:53:13Z</time></trkpt>
      <trkpt lat="48.706408" lon="1.987868"><ele>118.5</ele><time>2025-09-18T14:53:14Z</time></trkpt>
      <trkpt lat="48.706363" lon="1.987759"><ele>117.7</ele><time>2025-09-18T14:53:15Z</time></trkpt>
      <trkpt lat="48.706318" lon="1.987655"><ele>116.9</ele><time>2025-09-18T14:53:16Z</time></trkpt>
      <trkpt lat="48.706272" lon="1.987563"><ele>116.1</ele><time>2025-09-18T14:53:17Z</time></trkpt>
      <trkpt lat="48.706222" lon="1.987477"><ele>115.6</ele><time>2025-09-18T14:53:18Z</time></trkpt>
      <trkpt lat="48.706170" lon="1.987393"><ele>114.7</ele><time>2025-09-18T14:53:19Z</time></trkpt>
      <trkpt lat="48.706120" lon="1.987311"><ele>113.8</ele><time>2025-09-18T14:53:20Z</time></trkpt>
      <trkpt lat="48.706074" lon="1.987233"><ele>113.0</ele><time>2025-09-18T14:53:21Z</time></trkpt>
      <trkpt lat="48.706029" lon="1.987163"><ele>112.3</ele><time>2025-09-18T14:53:22Z</time></trkpt>
      <trkpt lat="48.705988" lon="1.987099"><ele>111.8</ele><time>2025-09-18T14:53:23Z</time></trkpt>
      <trkpt lat="48.705950" lon="1.987036"><ele>111.4</ele><time>2025-09-18T14:53:24Z</time></trkpt>
      <trkpt lat="48.705912" lon="1.986973"><ele>110.9</ele><time>2025-09-18T14:53:25Z</time></trkpt>
      <trkpt lat="48.705874" lon="1.986912"><ele>110.6</ele><time>2025-09-18T14:53:26Z</time></trkpt>
      <trkpt lat="48.705835" lon="1.986850"><ele>110.2</ele><time>2025-09-18T14:53:27Z</time></trkpt>
      <trkpt lat="48.705793" lon="1.986786"><ele>110.2</ele><time>2025-09-18T14:53:28Z</time></trkpt>
      <trkpt lat="48.705757" lon="1.986721"><ele>110.2</ele><time>2025-09-18T14:53:29Z</time></trkpt>
      <trkpt lat="48.705725" lon="1.986671"><ele>110.0</ele><time>2025-09-18T14:53:30Z</time></trkpt>
      <trkpt lat="48.705701" lon="1.986637"><ele>109.7</ele><time>2025-09-18T14:53:31Z</time></trkpt>
      <trkpt lat="48.705678" lon="1.986618"><ele>109.9</ele><time>2025-09-18T14:53:32Z</time></trkpt>
      <trkpt lat="48.705652" lon="1.986594"><ele>109.9</ele><time>2025-09-18T14:53:33Z</time></trkpt>
      <trkpt lat="48.705624" lon="1.986548"><ele>109.9</ele><time>2025-09-18T14:53:34Z</time></trkpt>
      <trkpt lat="48.705585" lon="1.986491"><ele>110.1</ele><time>2025-09-18T14:53:35Z</time></trkpt>
      <trkpt lat="48.705539" lon="1.986434"><ele>110.2</ele><time>2025-09-18T14:53:36Z</time></trkpt>
      <trkpt lat="48.705483" lon="1.986384"><ele>110.4</ele><time>2025-09-18T14:53:37Z</time></trkpt>
      <trkpt lat="48.705423" lon="1.986336"><ele>110.5</ele><time>2025-09-18T14:53:38Z</time></trkpt>
      <trkpt lat="48.705362" lon="1.986286"><ele>110.5</ele><time>2025-09-18T14:53:39Z</time></trkpt>
      <trkpt lat="48.705297" lon="1.986245"><ele>110.5</ele><time>2025-09-18T14:53:40Z</time></trkpt>
      <trkpt lat="48.705230" lon="1.986211"><ele>110.4</ele><time>2025-09-18T14:53:41Z</time></trkpt>
      <trkpt lat="48.705164" lon="1.986176"><ele>110.2</ele><time>2025-09-18T14:53:42Z</time></trkpt>
      <trkpt lat="48.705103" lon="1.986138"><ele>110.0</ele><time>2025-09-18T14:53:43Z</time></trkpt>
      <trkpt lat="48.705047" lon="1.986100"><ele>110.2</ele><time>2025-09-18T14:53:44Z</time></trkpt>
      <trkpt lat="48.704993" lon="1.986065"><ele>110.6</ele><time>2025-09-18T14:53:45Z</time></trkpt>
      <trkpt lat="48.704944" lon="1.986023"><ele>110.5</ele><time>2025-09-18T14:53:46Z</time></trkpt>
      <trkpt lat="48.704896" lon="1.985980"><ele>110.6</ele><time>2025-09-18T14:53:47Z</time></trkpt>
      <trkpt lat="48.704848" lon="1.985937"><ele>110.7</ele><time>2025-09-18T14:53:48Z</time></trkpt>
      <trkpt lat="48.704800" lon="1.985895"><ele>111.1</ele><time>2025-09-18T14:53:49Z</time></trkpt>
      <trkpt lat="48.704752" lon="1.985845"><ele>111.1</ele><time>2025-09-18T14:53:50Z</time></trkpt>
      <trkpt lat="48.704699" lon="1.985781"><ele>111.1</ele><time>2025-09-18T14:53:51Z</time></trkpt>
      <trkpt lat="48.704654" lon="1.985706"><ele>111.0</ele><time>2025-09-18T14:53:52Z</time></trkpt>
      <trkpt lat="48.704617" lon="1.985626"><ele>111.2</ele><time>2025-09-18T14:53:53Z</time></trkpt>
      <trkpt lat="48.704580" lon="1.985532"><ele>110.4</ele><time>2025-09-18T14:53:54Z</time></trkpt>
      <trkpt lat="48.704541" lon="1.985436"><ele>110.4</ele><time>2025-09-18T14:53:55Z</time></trkpt>
      <trkpt lat="48.704495" lon="1.985329"><ele>109.9</ele><time>2025-09-18T14:53:56Z</time></trkpt>
      <trkpt lat="48.704447" lon="1.985222"><ele>109.6</ele><time>2025-09-18T14:53:57Z</time></trkpt>
      <trkpt lat="48.704397" lon="1.985118"><ele>109.5</ele><time>2025-09-18T14:53:58Z</time></trkpt>
      <trkpt lat="48.704346" lon="1.985018"><ele>109.5</ele><time>2025-09-18T14:53:59Z</time></trkpt>
      <trkpt lat="48.704295" lon="1.984924"><ele>109.2</ele><time>2025-09-18T14:54:00Z</time></trkpt>
      <trkpt lat="48.704243" lon="1.984839"><ele>108.8</ele><time>2025-09-18T14:54:01Z</time></trkpt>
      <trkpt lat="48.704187" lon="1.984762"><ele>108.5</ele><time>2025-09-18T14:54:02Z</time></trkpt>
      <trkpt lat="48.704128" lon="1.984696"><ele>109.5</ele><time>2025-09-18T14:54:03Z</time></trkpt>
      <trkpt lat="48.704065" lon="1.984642"><ele>111.0</ele><time>2025-09-18T14:54:04Z</time></trkpt>
      <trkpt lat="48.704008" lon="1.984591"><ele>110.8</ele><time>2025-09-18T14:54:05Z</time></trkpt>
      <trkpt lat="48.703954" lon="1.984545"><ele>110.8</ele><time>2025-09-18T14:54:06Z</time></trkpt>
      <trkpt lat="48.703902" lon="1.984500"><ele>110.8</ele><time>2025-09-18T14:54:07Z</time></trkpt>
      <trkpt lat="48.703854" lon="1.984457"><ele>110.7</ele><time>2025-09-18T14:54:08Z</time></trkpt>
      <trkpt lat="48.703807" lon="1.984416"><ele>110.6</ele><time>2025-09-18T14:54:09Z</time></trkpt>
      <trkpt lat="48.703761" lon="1.984379"><ele>110.4</ele><time>2025-09-18T14:54:10Z</time></trkpt>
      <trkpt lat="48.703717" lon="1.984349"><ele>110.7</ele><time>2025-09-18T14:54:11Z</time></trkpt>
      <trkpt lat="48.703672" lon="1.984316"><ele>110.9</ele><time>2025-09-18T14:54:12Z</time></trkpt>
      <trkpt lat="48.703620" lon="1.984285"><ele>111.5</ele><time>2025-09-18T14:54:13Z</time></trkpt>
      <trkpt lat="48.703560" lon="1.984240"><ele>111.9</ele><time>2025-09-18T14:54:14Z</time></trkpt>
      <trkpt lat="48.703495" lon="1.984195"><ele>112.8</ele><time>2025-09-18T14:54:15Z</time></trkpt>
      <trkpt lat="48.703427" lon="1.984137"><ele>113.6</ele><time>2025-09-18T14:54:16Z</time></trkpt>
      <trkpt lat="48.703358" lon="1.984058"><ele>113.8</ele><time>2025-09-18T14:54:17Z</time></trkpt>
      <trkpt lat="48.703283" lon="1.983961"><ele>114.0</ele><time>2025-09-18T14:54:18Z</time></trkpt>
      <trkpt lat="48.703199" lon="1.983854"><ele>115.0</ele><time>2025-09-18T14:54:19Z</time></trkpt>
      <trkpt lat="48.703116" lon="1.983726"><ele>115.0</ele><time>2025-09-18T14:54:20Z</time></trkpt>
      <trkpt lat="48.703030" lon="1.983584"><ele>115.0</ele><time>2025-09-18T14:54:21Z</time></trkpt>
      <trkpt lat="48.702942" lon="1.983440"><ele>115.0</ele><time>2025-09-18T14:54:22Z</time></trkpt>
      <trkpt lat="48.702852" lon="1.983294"><ele>115.1</ele><time>2025-09-18T14:54:23Z</time></trkpt>
      <trkpt lat="48.702762" lon="1.983147"><ele>115.3</ele><time>2025-09-18T14:54:24Z</time></trkpt>
      <trkpt lat="48.702671" lon="1.982997"><ele>115.3</ele><time>2025-09-18T14:54:25Z</time></trkpt>
      <trkpt lat="48.702583" lon="1.982844"><ele>115.3</ele><time>2025-09-18T14:54:26Z</time></trkpt>
      <trkpt lat="48.702492" lon="1.982696"><ele>115.2</ele><time>2025-09-18T14:54:27Z</time></trkpt>
      <trkpt lat="48.702401" lon="1.982548"><ele>115.0</ele><time>2025-09-18T14:54:28Z</time></trkpt>
      <trkpt lat="48.702311" lon="1.982401"><ele>114.9</ele><time>2025-09-18T14:54:29Z</time></trkpt>
      <trkpt lat="48.702222" lon="1.982247"><ele>114.4</ele><time>2025-09-18T14:54:30Z</time></trkpt>
      <trkpt lat="48.702132" lon="1.982093"><ele>114.0</ele><time>2025-09-18T14:54:31Z</time></trkpt>
      <trkpt lat="48.702040" lon="1.981943"><ele>113.9</ele><time>2025-09-18T14:54:32Z</time></trkpt>
      <trkpt lat="48.701940" lon="1.981800"><ele>113.5</ele><time>2025-09-18T14:54:33Z</time></trkpt>
      <trkpt lat="48.701833" lon="1.981668"><ele>113.1</ele><time>2025-09-18T14:54:34Z</time></trkpt>
      <trkpt lat="48.701717" lon="1.981554"><ele>112.6</ele><time>2025-09-18T14:54:35Z</time></trkpt>
      <trkpt lat="48.701599" lon="1.981458"><ele>112.5</ele><time>2025-09-18T14:54:36Z</time></trkpt>
      <trkpt lat="48.701486" lon="1.981371"><ele>112.3</ele><time>2025-09-18T14:54:37Z</time></trkpt>
      <trkpt lat="48.701379" lon="1.981289"><ele>111.7</ele><time>2025-09-18T14:54:38Z</time></trkpt>
      <trkpt lat="48.701273" lon="1.981213"><ele>111.3</ele><time>2025-09-18T14:54:39Z</time></trkpt>
      <trkpt lat="48.701175" lon="1.981140"><ele>110.9</ele><time>2025-09-18T14:54:40Z</time></trkpt>
      <trkpt lat="48.701082" lon="1.981074"><ele>110.7</ele><time>2025-09-18T14:54:41Z</time></trkpt>
      <trkpt lat="48.701000" lon="1.981013"><ele>110.6</ele><time>2025-09-18T14:54:42Z</time></trkpt>
      <trkpt lat="48.700910" lon="1.980962"><ele>111.1</ele><time>2025-09-18T14:54:43Z</time></trkpt>
      <trkpt lat="48.700812" lon="1.980903"><ele>111.4</ele><time>2025-09-18T14:54:44Z</time></trkpt>
      <trkpt lat="48.700707" lon="1.980837"><ele>111.7</ele><time>2025-09-18T14:54:45Z</time></trkpt>
      <trkpt lat="48.700601" lon="1.980766"><ele>112.0</ele><time>2025-09-18T14:54:46Z</time></trkpt>
      <trkpt lat="48.700487" lon="1.980709"><ele>112.9</ele><time>2025-09-18T14:54:47Z</time></trkpt>
      <trkpt lat="48.700378" lon="1.980646"><ele>113.5</ele><time>2025-09-18T14:54:48Z</time></trkpt>
      <trkpt lat="48.700271" lon="1.980572"><ele>113.3</ele><time>2025-09-18T14:54:49Z</time></trkpt>
      <trkpt lat="48.700166" lon="1.980496"><ele>113.4</ele><time>2025-09-18T14:54:50Z</time></trkpt>
      <trkpt lat="48.700060" lon="1.980424"><ele>113.7</ele><time>2025-09-18T14:54:51Z</time></trkpt>
      <trkpt lat="48.699958" lon="1.980353"><ele>113.9</ele><time>2025-09-18T14:54:52Z</time></trkpt>
      <trkpt lat="48.699858" lon="1.980283"><ele>113.9</ele><time>2025-09-18T14:54:53Z</time></trkpt>
      <trkpt lat="48.699755" lon="1.980210"><ele>114.0</ele><time>2025-09-18T14:54:54Z</time></trkpt>
      <trkpt lat="48.699652" lon="1.980133"><ele>114.0</ele><time>2025-09-18T14:54:55Z</time></trkpt>
      <trkpt lat="48.699548" lon="1.980053"><ele>114.1</ele><time>2025-09-18T14:54:56Z</time></trkpt>
      <trkpt lat="48.699450" lon="1.979994"><ele>114.6</ele><time>2025-09-18T14:54:57Z</time></trkpt>
      <trkpt lat="48.699363" lon="1.979941"><ele>115.2</ele><time>2025-09-18T14:54:58Z</time></trkpt>
      <trkpt lat="48.699286" lon="1.979895"><ele>115.7</ele><time>2025-09-18T14:54:59Z</time></trkpt>
      <trkpt lat="48.699205" lon="1.979853"><ele>116.3</ele><time>2025-09-18T14:55:00Z</time></trkpt>
      <trkpt lat="48.699117" lon="1.979800"><ele>116.9</ele><time>2025-09-18T14:55:01Z</time></trkpt>
      <trkpt lat="48.699016" lon="1.979736"><ele>116.9</ele><time>2025-09-18T14:55:02Z</time></trkpt>
      <trkpt lat="48.698912" lon="1.979672"><ele>117.0</ele><time>2025-09-18T14:55:03Z</time></trkpt>
      <trkpt lat="48.698813" lon="1.979605"><ele>116.9</ele><time>2025-09-18T14:55:04Z</time></trkpt>
      <trkpt lat="48.698711" lon="1.979537"><ele>116.8</ele><time>2025-09-18T14:55:05Z</time></trkpt>
      <trkpt lat="48.698606" lon="1.979462"><ele>116.8</ele><time>2025-09-18T14:55:06Z</time></trkpt>
      <trkpt lat="48.698495" lon="1.979384"><ele>116.8</ele><time>2025-09-18T14:55:07Z</time></trkpt>
      <trkpt lat="48.698385" lon="1.979302"><ele>116.9</ele><time>2025-09-18T14:55:08Z</time></trkpt>
      <trkpt lat="48.698276" lon="1.979219"><ele>116.8</ele><time>2025-09-18T14:55:09Z</time></trkpt>
      <trkpt lat="48.698171" lon="1.979134"><ele>116.8</ele><time>2025-09-18T14:55:10Z</time></trkpt>
      <trkpt lat="48.698064" lon="1.979046"><ele>116.7</ele><time>2025-09-18T14:55:11Z</time></trkpt>
      <trkpt lat="48.697950" lon="1.978962"><ele>116.4</ele><time>2025-09-18T14:55:12Z</time></trkpt>
      <trkpt lat="48.697830" lon="1.978876"><ele>116.6</ele><time>2025-09-18T14:55:13Z</time></trkpt>
      <trkpt lat="48.697710" lon="1.978784"><ele>117.0</ele><time>2025-09-18T14:55:14Z</time></trkpt>
      <trkpt lat="48.697579" lon="1.978698"><ele>117.4</ele><time>2025-09-18T14:55:15Z</time></trkpt>
      <trkpt lat="48.697436" lon="1.978611"><ele>117.5</ele><time>2025-09-18T14:55:16Z</time></trkpt>
      <trkpt lat="48.697282" lon="1.978523"><ele>117.9</ele><time>2025-09-18T14:55:17Z</time></trkpt>
      <trkpt lat="48.697124" lon="1.978427"><ele>118.3</ele><time>2025-09-18T14:55:18Z</time></trkpt>
      <trkpt lat="48.696966" lon="1.978326"><ele>118.6</ele><time>2025-09-18T14:55:19Z</time></trkpt>
      <trkpt lat="48.696815" lon="1.978229"><ele>119.0</ele><time>2025-09-18T14:55:20Z</time></trkpt>
      <trkpt lat="48.696671" lon="1.978136"><ele>119.1</ele><time>2025-09-18T14:55:21Z</time></trkpt>
      <trkpt lat="48.696525" lon="1.978043"><ele>119.3</ele><time>2025-09-18T14:55:22Z</time></trkpt>
      <trkpt lat="48.696377" lon="1.977946"><ele>119.4</ele><time>2025-09-18T14:55:23Z</time></trkpt>
      <trkpt lat="48.696224" lon="1.977842"><ele>119.4</ele><time>2025-09-18T14:55:24Z</time></trkpt>
      <trkpt lat="48.696063" lon="1.977735"><ele>119.3</ele><time>2025-09-18T14:55:25Z</time></trkpt>
      <trkpt lat="48.695895" lon="1.977617"><ele>118.7</ele><time>2025-09-18T14:55:26Z</time></trkpt>
      <trkpt lat="48.695722" lon="1.977500"><ele>118.7</ele><time>2025-09-18T14:55:27Z</time></trkpt>
      <trkpt lat="48.695544" lon="1.977380"><ele>118.5</ele><time>2025-09-18T14:55:28Z</time></trkpt>
      <trkpt lat="48.695363" lon="1.977258"><ele>118.4</ele><time>2025-09-18T14:55:29Z</time></trkpt>
      <trkpt lat="48.695178" lon="1.977133"><ele>118.1</ele><time>2025-09-18T14:55:30Z</time></trkpt>
      <trkpt lat="48.694978" lon="1.977007"><ele>117.6</ele><time>2025-09-18T14:55:31Z</time></trkpt>
      <trkpt lat="48.694759" lon="1.976873"><ele>116.9</ele><time>2025-09-18T14:55:32Z</time></trkpt>
      <trkpt lat="48.694541" lon="1.976733"><ele>117.0</ele><time>2025-09-18T14:55:33Z</time></trkpt>
      <trkpt lat="48.694331" lon="1.976591"><ele>117.3</ele><time>2025-09-18T14:55:34Z</time></trkpt>
      <trkpt lat="48.694134" lon="1.976455"><ele>117.6</ele><time>2025-09-18T14:55:35Z</time></trkpt>
      <trkpt lat="48.693946" lon="1.976341"><ele>118.3</ele><time>2025-09-18T14:55:36Z</time></trkpt>
      <trkpt lat="48.693770" lon="1.976237"><ele>118.4</ele><time>2025-09-18T14:55:37Z</time></trkpt>
      <trkpt lat="48.693609" lon="1.976141"><ele>118.5</ele><time>2025-09-18T14:55:38Z</time></trkpt>
      <trkpt lat="48.693455" lon="1.976049"><ele>118.4</ele><time>2025-09-18T14:55:39Z</time></trkpt>
      <trkpt lat="48.693306" lon="1.975961"><ele>118.3</ele><time>2025-09-18T14:55:40Z</time></trkpt>
      <trkpt lat="48.693161" lon="1.975866"><ele>117.9</ele><time>2025-09-18T14:55:41Z</time></trkpt>
      <trkpt lat="48.693018" lon="1.975768"><ele>117.3</ele><time>2025-09-18T14:55:42Z</time></trkpt>
      <trkpt lat="48.692875" lon="1.975676"><ele>117.2</ele><time>2025-09-18T14:55:43Z</time></trkpt>
      <trkpt lat="48.692730" lon="1.975588"><ele>117.1</ele><time>2025-09-18T14:55:44Z</time></trkpt>
      <trkpt lat="48.692586" lon="1.975506"><ele>117.0</ele><time>2025-09-18T14:55:45Z</time></trkpt>
      <trkpt lat="48.692441" lon="1.975425"><ele>117.3</ele><time>2025-09-18T14:55:46Z</time></trkpt>
      <trkpt lat="48.692297" lon="1.975343"><ele>117.4</ele><time>2025-09-18T14:55:47Z</time></trkpt>
      <trkpt lat="48.692156" lon="1.975259"><ele>117.3</ele><time>2025-09-18T14:55:48Z</time></trkpt>
      <trkpt lat="48.692016" lon="1.975175"><ele>117.2</ele><time>2025-09-18T14:55:49Z</time></trkpt>
      <trkpt lat="48.691874" lon="1.975094"><ele>117.4</ele><time>2025-09-18T14:55:50Z</time></trkpt>
      <trkpt lat="48.691731" lon="1.975015"><ele>117.8</ele><time>2025-09-18T14:55:51Z</time></trkpt>
      <trkpt lat="48.691595" lon="1.974934"><ele>117.6</ele><time>2025-09-18T14:55:52Z</time></trkpt>
      <trkpt lat="48.691461" lon="1.974864"><ele>117.8</ele><time>2025-09-18T14:55:53Z</time></trkpt>
      <trkpt lat="48.691335" lon="1.974798"><ele>117.9</ele><time>2025-09-18T14:55:54Z</time></trkpt>
      <trkpt lat="48.691218" lon="1.974737"><ele>117.9</ele><time>2025-09-18T14:55:55Z</time></trkpt>
      <trkpt lat="48.691108" lon="1.974682"><ele>118.3</ele><time>2025-09-18T14:55:56Z</time></trkpt>
      <trkpt lat="48.691004" lon="1.974642"><ele>119.2</ele><time>2025-09-18T14:55:57Z</time></trkpt>
      <trkpt lat="48.690912" lon="1.974611"><ele>119.8</ele><time>2025-09-18T14:55:58Z</time></trkpt>
      <trkpt lat="48.690825" lon="1.974580"><ele>120.9</ele><time>2025-09-18T14:55:59Z</time></trkpt>
      <trkpt lat="48.690732" lon="1.974537"><ele>122.5</ele><time>2025-09-18T14:56:00Z</time></trkpt>
      <trkpt lat="48.690635" lon="1.974484"><ele>123.2</ele><time>2025-09-18T14:56:01Z</time></trkpt>
      <trkpt lat="48.690533" lon="1.974420"><ele>122.7</ele><time>2025-09-18T14:56:02Z</time></trkpt>
      <trkpt lat="48.690427" lon="1.974347"><ele>122.8</ele><time>2025-09-18T14:56:03Z</time></trkpt>
      <trkpt lat="48.690322" lon="1.974273"><ele>122.8</ele><time>2025-09-18T14:56:04Z</time></trkpt>
      <trkpt lat="48.690216" lon="1.974198"><ele>123.0</ele><time>2025-09-18T14:56:05Z</time></trkpt>
      <trkpt lat="48.690111" lon="1.974125"><ele>123.4</ele><time>2025-09-18T14:56:06Z</time></trkpt>
      <trkpt lat="48.690008" lon="1.974049"><ele>123.9</ele><time>2025-09-18T14:56:07Z</time></trkpt>
      <trkpt lat="48.689906" lon="1.973965"><ele>124.4</ele><time>2025-09-18T14:56:08Z</time></trkpt>
      <trkpt lat="48.689807" lon="1.973883"><ele>124.4</ele><time>2025-09-18T14:56:09Z</time></trkpt>
      <trkpt lat="48.689712" lon="1.973802"><ele>124.3</ele><time>2025-09-18T14:56:10Z</time></trkpt>
      <trkpt lat="48.689626" lon="1.973727"><ele>124.2</ele><time>2025-09-18T14:56:11Z</time></trkpt>
      <trkpt lat="48.689548" lon="1.973662"><ele>124.2</ele><time>2025-09-18T14:56:12Z</time></trkpt>
      <trkpt lat="48.689474" lon="1.973601"><ele>124.3</ele><time>2025-09-18T14:56:13Z</time></trkpt>
      <trkpt lat="48.689402" lon="1.973547"><ele>124.6</ele><time>2025-09-18T14:56:14Z</time></trkpt>
      <trkpt lat="48.689330" lon="1.973496"><ele>125.1</ele><time>2025-09-18T14:56:15Z</time></trkpt>
      <trkpt lat="48.689259" lon="1.973443"><ele>125.2</ele><time>2025-09-18T14:56:16Z</time></trkpt>
      <trkpt lat="48.689186" lon="1.973387"><ele>124.7</ele><time>2025-09-18T14:56:17Z</time></trkpt>
      <trkpt lat="48.689104" lon="1.973325"><ele>125.0</ele><time>2025-09-18T14:56:18Z</time></trkpt>
      <trkpt lat="48.689014" lon="1.973254"><ele>125.3</ele><time>2025-09-18T14:56:19Z</time></trkpt>
      <trkpt lat="48.688917" lon="1.973179"><ele>125.6</ele><time>2025-09-18T14:56:20Z</time></trkpt>
      <trkpt lat="48.688815" lon="1.973103"><ele>126.1</ele><time>2025-09-18T14:56:21Z</time></trkpt>
      <trkpt lat="48.688718" lon="1.973029"><ele>126.0</ele><time>2025-09-18T14:56:22Z</time></trkpt>
      <trkpt lat="48.688628" lon="1.972960"><ele>125.8</ele><time>2025-09-18T14:56:23Z</time></trkpt>
      <trkpt lat="48.688545" lon="1.972895"><ele>125.5</ele><time>2025-09-18T14:56:24Z</time></trkpt>
      <trkpt lat="48.688466" lon="1.972835"><ele>125.5</ele><time>2025-09-18T14:56:25Z</time></trkpt>
      <trkpt lat="48.688390" lon="1.972774"><ele>125.4</ele><time>2025-09-18T14:56:26Z</time></trkpt>
      <trkpt lat="48.688316" lon="1.972713"><ele>124.9</ele><time>2025-09-18T14:56:27Z</time></trkpt>
      <trkpt lat="48.688237" lon="1.972661"><ele>124.7</ele><time>2025-09-18T14:56:28Z</time></trkpt>
      <trkpt lat="48.688155" lon="1.972615"><ele>124.9</ele><time>2025-09-18T14:56:29Z</time></trkpt>
      <trkpt lat="48.688077" lon="1.972570"><ele>125.0</ele><time>2025-09-18T14:56:30Z</time></trkpt>
      <trkpt lat="48.688005" lon="1.972528"><ele>124.7</ele><time>2025-09-18T14:56:31Z</time></trkpt>
      <trkpt lat="48.687939" lon="1.972488"><ele>124.3</ele><time>2025-09-18T14:56:32Z</time></trkpt>
      <trkpt lat="48.687880" lon="1.972453"><ele>124.7</ele><time>2025-09-18T14:56:33Z</time></trkpt>
      <trkpt lat="48.687827" lon="1.972415"><ele>124.9</ele><time>2025-09-18T14:56:34Z</time></trkpt>
      <trkpt lat="48.687774" lon="1.972368"><ele>124.6</ele><time>2025-09-18T14:56:35Z</time></trkpt>
      <trkpt lat="48.687719" lon="1.972305"><ele>124.5</ele><time>2025-09-18T14:56:36Z</time></trkpt>
      <trkpt lat="48.687657" lon="1.972238"><ele>124.4</ele><time>2025-09-18T14:56:37Z</time></trkpt>
      <trkpt lat="48.687592" lon="1.972167"><ele>124.4</ele><time>2025-09-18T14:56:38Z</time></trkpt>
      <trkpt lat="48.687521" lon="1.972087"><ele>124.5</ele><time>2025-09-18T14:56:39Z</time></trkpt>
      <trkpt lat="48.687429" lon="1.972007"><ele>124.5</ele><time>2025-09-18T14:56:40Z</time></trkpt>
      <trkpt lat="48.687334" lon="1.971918"><ele>124.9</ele><time>2025-09-18T14:56:41Z</time></trkpt>
      <trkpt lat="48.687236" lon="1.971817"><ele>125.2</ele><time>2025-09-18T14:56:42Z</time></trkpt>
      <trkpt lat="48.687131" lon="1.971713"><ele>125.3</ele><time>2025-09-18T14:56:43Z</time></trkpt>
      <trkpt lat="48.687035" lon="1.971602"><ele>125.4</ele><time>2025-09-18T14:56:44Z</time></trkpt>
      <trkpt lat="48.686934" lon="1.971494"><ele>125.5</ele><time>2025-09-18T14:56:45Z</time></trkpt>
      <trkpt lat="48.686832" lon="1.971394"><ele>125.8</ele><time>2025-09-18T14:56:46Z</time></trkpt>
      <trkpt lat="48.686657" lon="1.971282"><ele>125.5</ele><time>2025-09-18T14:56:47Z</time></trkpt>
      <trkpt lat="48.686467" lon="1.971165"><ele>124.9</ele><time>2025-09-18T14:56:48Z</time></trkpt>
      <trkpt lat="48.686281" lon="1.971129"><ele>124.6</ele><time>2025-09-18T14:56:49Z</time></trkpt>
      <trkpt lat="48.686119" lon="1.971062"><ele>124.2</ele><time>2025-09-18T14:56:50Z</time></trkpt>
      <trkpt lat="48.685965" lon="1.970993"><ele>123.7</ele><time>2025-09-18T14:56:51Z</time></trkpt>
      <trkpt lat="48.685815" lon="1.970931"><ele>123.7</ele><time>2025-09-18T14:56:52Z</time></trkpt>
      <trkpt lat="48.685665" lon="1.970868"><ele>123.2</ele><time>2025-09-18T14:56:53Z</time></trkpt>
      <trkpt lat="48.685518" lon="1.970802"><ele>122.6</ele><time>2025-09-18T14:56:54Z</time></trkpt>
      <trkpt lat="48.685367" lon="1.970736"><ele>121.6</ele><time>2025-09-18T14:56:55Z</time></trkpt>
      <trkpt lat="48.685214" lon="1.970668"><ele>120.6</ele><time>2025-09-18T14:56:56Z</time></trkpt>
      <trkpt lat="48.685054" lon="1.970600"><ele>119.7</ele><time>2025-09-18T14:56:57Z</time></trkpt>
      <trkpt lat="48.684891" lon="1.970530"><ele>118.7</ele><time>2025-09-18T14:56:58Z</time></trkpt>
      <trkpt lat="48.684722" lon="1.970460"><ele>117.8</ele><time>2025-09-18T14:56:59Z</time></trkpt>
      <trkpt lat="48.684553" lon="1.970386"><ele>116.6</ele><time>2025-09-18T14:57:00Z</time></trkpt>
      <trkpt lat="48.684388" lon="1.970313"><ele>115.5</ele><time>2025-09-18T14:57:01Z</time></trkpt>
      <trkpt lat="48.684237" lon="1.970237"><ele>114.4</ele><time>2025-09-18T14:57:02Z</time></trkpt>
      <trkpt lat="48.684093" lon="1.970149"><ele>113.5</ele><time>2025-09-18T14:57:03Z</time></trkpt>
      <trkpt lat="48.683955" lon="1.970036"><ele>113.3</ele><time>2025-09-18T14:57:04Z</time></trkpt>
      <trkpt lat="48.683833" lon="1.969888"><ele>113.1</ele><time>2025-09-18T14:57:05Z</time></trkpt>
      <trkpt lat="48.683726" lon="1.969708"><ele>112.9</ele><time>2025-09-18T14:57:06Z</time></trkpt>
      <trkpt lat="48.683628" lon="1.969494"><ele>113.4</ele><time>2025-09-18T14:57:07Z</time></trkpt>
      <trkpt lat="48.683531" lon="1.969238"><ele>113.8</ele><time>2025-09-18T14:57:08Z</time></trkpt>
      <trkpt lat="48.683425" lon="1.968946"><ele>114.3</ele><time>2025-09-18T14:57:09Z</time></trkpt>
      <trkpt lat="48.683312" lon="1.968621"><ele>114.4</ele><time>2025-09-18T14:57:10Z</time></trkpt>
      <trkpt lat="48.683200" lon="1.968279"><ele>114.3</ele><time>2025-09-18T14:57:11Z</time></trkpt>
      <trkpt lat="48.683087" lon="1.967943"><ele>114.2</ele><time>2025-09-18T14:57:12Z</time></trkpt>
      <trkpt lat="48.683001" lon="1.967625"><ele>114.1</ele><time>2025-09-18T14:57:13Z</time></trkpt>
      <trkpt lat="48.682903" lon="1.967310"><ele>114.0</ele><time>2025-09-18T14:57:14Z</time></trkpt>
      <trkpt lat="48.682851" lon="1.967026"><ele>114.6</ele><time>2025-09-18T14:57:15Z</time></trkpt>
      <trkpt lat="48.682831" lon="1.966759"><ele>115.3</ele><time>2025-09-18T14:57:16Z</time></trkpt>
      <trkpt lat="48.682826" lon="1.966503"><ele>115.7</ele><time>2025-09-18T14:57:17Z</time></trkpt>
      <trkpt lat="48.682803" lon="1.966262"><ele>115.5</ele><time>2025-09-18T14:57:18Z</time></trkpt>
      <trkpt lat="48.682757" lon="1.966044"><ele>115.5</ele><time>2025-09-18T14:57:19Z</time></trkpt>
      <trkpt lat="48.682697" lon="1.965857"><ele>115.7</ele><time>2025-09-18T14:57:20Z</time></trkpt>
      <trkpt lat="48.682613" lon="1.965685"><ele>115.5</ele><time>2025-09-18T14:57:21Z</time></trkpt>
      <trkpt lat="48.682446" lon="1.965661"><ele>115.3</ele><time>2025-09-18T14:57:22Z</time></trkpt>
      <trkpt lat="48.682296" lon="1.965616"><ele>115.1</ele><time>2025-09-18T14:57:23Z</time></trkpt>
      <trkpt lat="48.682174" lon="1.965527"><ele>115.2</ele><time>2025-09-18T14:57:24Z</time></trkpt>
      <trkpt lat="48.682044" lon="1.965415"><ele>115.1</ele><time>2025-09-18T14:57:25Z</time></trkpt>
      <trkpt lat="48.681902" lon="1.965307"><ele>114.9</ele><time>2025-09-18T14:57:26Z</time></trkpt>
      <trkpt lat="48.681728" lon="1.965263"><ele>114.6</ele><time>2025-09-18T14:57:27Z</time></trkpt>
      <trkpt lat="48.681531" lon="1.965259"><ele>114.4</ele><time>2025-09-18T14:57:28Z</time></trkpt>
      <trkpt lat="48.681339" lon="1.965226"><ele>114.2</ele><time>2025-09-18T14:57:29Z</time></trkpt>
      <trkpt lat="48.681164" lon="1.965171"><ele>114.0</ele><time>2025-09-18T14:57:30Z</time></trkpt>
      <trkpt lat="48.681000" lon="1.965126"><ele>114.0</ele><time>2025-09-18T14:57:31Z</time></trkpt>
      <trkpt lat="48.680843" lon="1.965121"><ele>114.0</ele><time>2025-09-18T14:57:32Z</time></trkpt>
      <trkpt lat="48.680710" lon="1.965153"><ele>113.5</ele><time>2025-09-18T14:57:33Z</time></trkpt>
      <trkpt lat="48.680605" lon="1.965229"><ele>113.3</ele><time>2025-09-18T14:57:34Z</time></trkpt>
      <trkpt lat="48.680509" lon="1.965348"><ele>112.4</ele><time>2025-09-18T14:57:35Z</time></trkpt>
      <trkpt lat="48.680451" lon="1.965520"><ele>111.0</ele><time>2025-09-18T14:57:36Z</time></trkpt>
      <trkpt lat="48.680397" lon="1.965720"><ele>110.9</ele><time>2025-09-18T14:57:37Z</time></trkpt>
      <trkpt lat="48.680339" lon="1.965901"><ele>110.7</ele><time>2025-09-18T14:57:38Z</time></trkpt>
      <trkpt lat="48.680265" lon="1.966042"><ele>111.5</ele><time>2025-09-18T14:57:39Z</time></trkpt>
      <trkpt lat="48.680195" lon="1.966164"><ele>111.3</ele><time>2025-09-18T14:57:40Z</time></trkpt>
      <trkpt lat="48.680112" lon="1.966223"><ele>112.2</ele><time>2025-09-18T14:57:41Z</time></trkpt>
      <trkpt lat="48.680031" lon="1.966256"><ele>113.8</ele><time>2025-09-18T14:57:42Z</time></trkpt>
      <trkpt lat="48.679941" lon="1.966273"><ele>114.2</ele><time>2025-09-18T14:57:43Z</time></trkpt>
      <trkpt lat="48.679853" lon="1.966280"><ele>114.8</ele><time>2025-09-18T14:57:44Z</time></trkpt>
      <trkpt lat="48.679739" lon="1.966255"><ele>114.4</ele><time>2025-09-18T14:57:45Z</time></trkpt>
      <trkpt lat="48.679622" lon="1.966228"><ele>114.6</ele><time>2025-09-18T14:57:46Z</time></trkpt>
      <trkpt lat="48.679509" lon="1.966208"><ele>115.3</ele><time>2025-09-18T14:57:47Z</time></trkpt>
      <trkpt lat="48.679399" lon="1.966187"><ele>115.5</ele><time>2025-09-18T14:57:48Z</time></trkpt>
      <trkpt lat="48.679287" lon="1.966171"><ele>115.7</ele><time>2025-09-18T14:57:49Z</time></trkpt>
      <trkpt lat="48.679170" lon="1.966146"><ele>116.1</ele><time>2025-09-18T14:57:50Z</time></trkpt>
      <trkpt lat="48.679056" lon="1.966125"><ele>116.9</ele><time>2025-09-18T14:57:51Z</time></trkpt>
      <trkpt lat="48.678943" lon="1.966093"><ele>117.9</ele><time>2025-09-18T14:57:52Z</time></trkpt>
      <trkpt lat="48.678832" lon="1.966047"><ele>118.6</ele><time>2025-09-18T14:57:53Z</time></trkpt>
      <trkpt lat="48.678720" lon="1.965988"><ele>119.6</ele><time>2025-09-18T14:57:54Z</time></trkpt>
      <trkpt lat="48.678604" lon="1.965920"><ele>120.0</ele><time>2025-09-18T14:57:55Z</time></trkpt>
      <trkpt lat="48.678480" lon="1.965857"><ele>120.4</ele><time>2025-09-18T14:57:56Z</time></trkpt>
      <trkpt lat="48.678362" lon="1.965768"><ele>121.0</ele><time>2025-09-18T14:57:57Z</time></trkpt>
      <trkpt lat="48.678240" lon="1.965659"><ele>121.6</ele><time>2025-09-18T14:57:58Z</time></trkpt>
      <trkpt lat="48.678097" lon="1.965566"><ele>122.2</ele><time>2025-09-18T14:57:59Z</time></trkpt>
      <trkpt lat="48.677903" lon="1.965434"><ele>122.4</ele><time>2025-09-18T14:58:00Z</time></trkpt>
      <trkpt lat="48.677730" lon="1.965335"><ele>122.5</ele><time>2025-09-18T14:58:01Z</time></trkpt>
      <trkpt lat="48.677573" lon="1.965236"><ele>123.1</ele><time>2025-09-18T14:58:02Z</time></trkpt>
      <trkpt lat="48.677413" lon="1.965142"><ele>124.1</ele><time>2025-09-18T14:58:03Z</time></trkpt>
      <trkpt lat="48.677253" lon="1.965034"><ele>124.0</ele><time>2025-09-18T14:58:04Z</time></trkpt>
      <trkpt lat="48.677077" lon="1.964938"><ele>124.6</ele><time>2025-09-18T14:58:05Z</time></trkpt>
      <trkpt lat="48.676908" lon="1.964871"><ele>124.9</ele><time>2025-09-18T14:58:06Z</time></trkpt>
      <trkpt lat="48.676740" lon="1.964824"><ele>124.6</ele><time>2025-09-18T14:58:07Z</time></trkpt>
      <trkpt lat="48.676580" lon="1.964732"><ele>125.8</ele><time>2025-09-18T14:58:08Z</time></trkpt>
      <trkpt lat="48.676425" lon="1.964606"><ele>127.0</ele><time>2025-09-18T14:58:09Z</time></trkpt>
      <trkpt lat="48.676266" lon="1.964449"><ele>129.1</ele><time>2025-09-18T14:58:10Z</time></trkpt>
      <trkpt lat="48.676130" lon="1.964280"><ele>130.2</ele><time>2025-09-18T14:58:11Z</time></trkpt>
      <trkpt lat="48.676002" lon="1.964102"><ele>130.2</ele><time>2025-09-18T14:58:12Z</time></trkpt>
      <trkpt lat="48.675896" lon="1.963865"><ele>129.8</ele><time>2025-09-18T14:58:13Z</time></trkpt>
      <trkpt lat="48.675798" lon="1.963589"><ele>130.9</ele><time>2025-09-18T14:58:14Z</time></trkpt>
      <trkpt lat="48.675704" lon="1.963341"><ele>132.1</ele><time>2025-09-18T14:58:15Z</time></trkpt>
      <trkpt lat="48.675628" lon="1.963112"><ele>133.2</ele><time>2025-09-18T14:58:16Z</time></trkpt>
      <trkpt lat="48.675537" lon="1.962908"><ele>133.6</ele><time>2025-09-18T14:58:17Z</time></trkpt>
      <trkpt lat="48.675435" lon="1.962725"><ele>134.8</ele><time>2025-09-18T14:58:18Z</time></trkpt>
      <trkpt lat="48.675333" lon="1.962541"><ele>134.9</ele><time>2025-09-18T14:58:19Z</time></trkpt>
      <trkpt lat="48.675145" lon="1.962365"><ele>133.3</ele><time>2025-09-18T14:58:20Z</time></trkpt>
      <trkpt lat="48.674982" lon="1.962252"><ele>134.3</ele><time>2025-09-18T14:58:21Z</time></trkpt>
      <trkpt lat="48.674796" lon="1.962188"><ele>136.7</ele><time>2025-09-18T14:58:22Z</time></trkpt>
      <trkpt lat="48.674615" lon="1.962162"><ele>138.6</ele><time>2025-09-18T14:58:23Z</time></trkpt>
      <trkpt lat="48.674462" lon="1.962090"><ele>139.1</ele><time>2025-09-18T14:58:24Z</time></trkpt>
      <trkpt lat="48.674338" lon="1.962012"><ele>139.9</ele><time>2025-09-18T14:58:25Z</time></trkpt>
      <trkpt lat="48.674239" lon="1.961901"><ele>139.3</ele><time>2025-09-18T14:58:26Z</time></trkpt>
      <trkpt lat="48.674160" lon="1.961797"><ele>137.9</ele><time>2025-09-18T14:58:27Z</time></trkpt>
      <trkpt lat="48.674110" lon="1.961667"><ele>137.2</ele><time>2025-09-18T14:58:28Z</time></trkpt>
      <trkpt lat="48.674083" lon="1.961512"><ele>137.1</ele><time>2025-09-18T14:58:29Z</time></trkpt>
      <trkpt lat="48.674071" lon="1.961314"><ele>137.0</ele><time>2025-09-18T14:58:30Z</time></trkpt>
      <trkpt lat="48.674069" lon="1.961091"><ele>137.0</ele><time>2025-09-18T14:58:31Z</time></trkpt>
      <trkpt lat="48.674072" lon="1.960855"><ele>136.9</ele><time>2025-09-18T14:58:32Z</time></trkpt>
      <trkpt lat="48.674076" lon="1.960605"><ele>137.0</ele><time>2025-09-18T14:58:33Z</time></trkpt>
      <trkpt lat="48.674127" lon="1.960315"><ele>137.1</ele><time>2025-09-18T14:58:34Z</time></trkpt>
      <trkpt lat="48.674174" lon="1.960034"><ele>137.3</ele><time>2025-09-18T14:58:35Z</time></trkpt>
      <trkpt lat="48.674227" lon="1.959777"><ele>137.7</ele><time>2025-09-18T14:58:36Z</time></trkpt>
      <trkpt lat="48.674261" lon="1.959522"><ele>137.9</ele><time>2025-09-18T14:58:37Z</time></trkpt>
      <trkpt lat="48.674290" lon="1.959256"><ele>138.4</ele><time>2025-09-18T14:58:38Z</time></trkpt>
      <trkpt lat="48.674305" lon="1.958973"><ele>138.0</ele><time>2025-09-18T14:58:39Z</time></trkpt>
      <trkpt lat="48.674318" lon="1.958682"><ele>138.1</ele><time>2025-09-18T14:58:40Z</time></trkpt>
      <trkpt lat="48.674326" lon="1.958390"><ele>138.5</ele><time>2025-09-18T14:58:41Z</time></trkpt>
      <trkpt lat="48.674325" lon="1.958100"><ele>138.6</ele><time>2025-09-18T14:58:42Z</time></trkpt>
      <trkpt lat="48.674321" lon="1.957810"><ele>138.8</ele><time>2025-09-18T14:58:43Z</time></trkpt>
      <trkpt lat="48.674315" lon="1.957536"><ele>139.1</ele><time>2025-09-18T14:58:44Z</time></trkpt>
      <trkpt lat="48.674310" lon="1.957286"><ele>139.8</ele><time>2025-09-18T14:58:45Z</time></trkpt>
      <trkpt lat="48.674279" lon="1.957033"><ele>140.1</ele><time>2025-09-18T14:58:46Z</time></trkpt>
      <trkpt lat="48.674237" lon="1.956800"><ele>140.6</ele><time>2025-09-18T14:58:47Z</time></trkpt>
      <trkpt lat="48.674243" lon="1.956594"><ele>141.0</ele><time>2025-09-18T14:58:48Z</time></trkpt>
      <trkpt lat="48.674242" lon="1.956383"><ele>141.4</ele><time>2025-09-18T14:58:49Z</time></trkpt>
      <trkpt lat="48.674344" lon="1.956228"><ele>139.9</ele><time>2025-09-18T14:58:50Z</time></trkpt>
      <trkpt lat="48.674458" lon="1.956092"><ele>141.2</ele><time>2025-09-18T14:58:51Z</time></trkpt>
      <trkpt lat="48.674592" lon="1.955990"><ele>142.7</ele><time>2025-09-18T14:58:52Z</time></trkpt>
      <trkpt lat="48.674758" lon="1.955945"><ele>144.5</ele><time>2025-09-18T14:58:53Z</time></trkpt>
      <trkpt lat="48.674922" lon="1.955910"><ele>145.1</ele><time>2025-09-18T14:58:54Z</time></trkpt>
      <trkpt lat="48.675079" lon="1.955885"><ele>145.5</ele><time>2025-09-18T14:58:55Z</time></trkpt>
      <trkpt lat="48.675237" lon="1.955839"><ele>145.1</ele><time>2025-09-18T14:58:56Z</time></trkpt>
      <trkpt lat="48.675381" lon="1.955771"><ele>145.0</ele><time>2025-09-18T14:58:57Z</time></trkpt>
      <trkpt lat="48.675534" lon="1.955646"><ele>145.2</ele><time>2025-09-18T14:58:58Z</time></trkpt>
      <trkpt lat="48.675697" lon="1.955504"><ele>146.4</ele><time>2025-09-18T14:58:59Z</time></trkpt>
      <trkpt lat="48.675857" lon="1.955329"><ele>148.0</ele><time>2025-09-18T14:59:00Z</time></trkpt>
      <trkpt lat="48.675988" lon="1.955179"><ele>149.2</ele><time>2025-09-18T14:59:01Z</time></trkpt>
      <trkpt lat="48.676118" lon="1.955018"><ele>149.5</ele><time>2025-09-18T14:59:02Z</time></trkpt>
      <trkpt lat="48.676205" lon="1.954795"><ele>150.1</ele><time>2025-09-18T14:59:03Z</time></trkpt>
      <trkpt lat="48.676306" lon="1.954579"><ele>150.1</ele><time>2025-09-18T14:59:04Z</time></trkpt>
      <trkpt lat="48.676389" lon="1.954317"><ele>150.8</ele><time>2025-09-18T14:59:05Z</time></trkpt>
      <trkpt lat="48.676437" lon="1.953994"><ele>151.6</ele><time>2025-09-18T14:59:06Z</time></trkpt>
      <trkpt lat="48.676492" lon="1.953685"><ele>152.4</ele><time>2025-09-18T14:59:07Z</time></trkpt>
      <trkpt lat="48.676577" lon="1.953369"><ele>154.4</ele><time>2025-09-18T14:59:08Z</time></trkpt>
      <trkpt lat="48.676685" lon="1.953028"><ele>153.8</ele><time>2025-09-18T14:59:09Z</time></trkpt>
      <trkpt lat="48.676810" lon="1.952743"><ele>154.4</ele><time>2025-09-18T14:59:10Z</time></trkpt>
      <trkpt lat="48.676912" lon="1.952463"><ele>154.6</ele><time>2025-09-18T14:59:11Z</time></trkpt>
      <trkpt lat="48.676999" lon="1.952197"><ele>154.6</ele><time>2025-09-18T14:59:12Z</time></trkpt>
      <trkpt lat="48.677021" lon="1.951867"><ele>155.7</ele><time>2025-09-18T14:59:13Z</time></trkpt>
      <trkpt lat="48.677065" lon="1.951523"><ele>156.3</ele><time>2025-09-18T14:59:14Z</time></trkpt>
      <trkpt lat="48.677134" lon="1.951145"><ele>154.5</ele><time>2025-09-18T14:59:15Z</time></trkpt>
      <trkpt lat="48.677214" lon="1.950770"><ele>153.7</ele><time>2025-09-18T14:59:16Z</time></trkpt>
      <trkpt lat="48.677301" lon="1.950389"><ele>152.7</ele><time>2025-09-18T14:59:17Z</time></trkpt>
      <trkpt lat="48.677386" lon="1.950020"><ele>152.7</ele><time>2025-09-18T14:59:18Z</time></trkpt>
      <trkpt lat="48.677471" lon="1.949677"><ele>152.6</ele><time>2025-09-18T14:59:19Z</time></trkpt>
      <trkpt lat="48.677594" lon="1.949375"><ele>151.6</ele><time>2025-09-18T14:59:20Z</time></trkpt>
      <trkpt lat="48.677742" lon="1.949108"><ele>151.0</ele><time>2025-09-18T14:59:21Z</time></trkpt>
      <trkpt lat="48.677877" lon="1.948853"><ele>151.0</ele><time>2025-09-18T14:59:22Z</time></trkpt>
      <trkpt lat="48.678003" lon="1.948589"><ele>150.3</ele><time>2025-09-18T14:59:23Z</time></trkpt>
      <trkpt lat="48.678095" lon="1.948238"><ele>151.0</ele><time>2025-09-18T14:59:24Z</time></trkpt>
      <trkpt lat="48.678202" lon="1.947882"><ele>150.9</ele><time>2025-09-18T14:59:25Z</time></trkpt>
      <trkpt lat="48.678315" lon="1.947515"><ele>150.5</ele><time>2025-09-18T14:59:26Z</time></trkpt>
      <trkpt lat="48.678431" lon="1.947162"><ele>149.3</ele><time>2025-09-18T14:59:27Z</time></trkpt>
      <trkpt lat="48.678561" lon="1.946831"><ele>148.0</ele><time>2025-09-18T14:59:28Z</time></trkpt>
      <trkpt lat="48.678701" lon="1.946516"><ele>148.3</ele><time>2025-09-18T14:59:29Z</time></trkpt>
      <trkpt lat="48.678878" lon="1.946223"><ele>148.8</ele><time>2025-09-18T14:59:30Z</time></trkpt>
      <trkpt lat="48.679062" lon="1.945917"><ele>148.7</ele><time>2025-09-18T14:59:31Z</time></trkpt>
      <trkpt lat="48.679266" lon="1.945612"><ele>149.0</ele><time>2025-09-18T14:59:32Z</time></trkpt>
      <trkpt lat="48.679490" lon="1.945326"><ele>148.0</ele><time>2025-09-18T14:59:33Z</time></trkpt>
      <trkpt lat="48.679717" lon="1.945042"><ele>146.8</ele><time>2025-09-18T14:59:34Z</time></trkpt>
      <trkpt lat="48.679944" lon="1.944711"><ele>145.8</ele><time>2025-09-18T14:59:35Z</time></trkpt>
      <trkpt lat="48.680163" lon="1.944387"><ele>145.6</ele><time>2025-09-18T14:59:36Z</time></trkpt>
      <trkpt lat="48.680380" lon="1.944067"><ele>145.7</ele><time>2025-09-18T14:59:37Z</time></trkpt>
      <trkpt lat="48.680559" lon="1.943776"><ele>145.4</ele><time>2025-09-18T14:59:38Z</time></trkpt>
      <trkpt lat="48.680735" lon="1.943504"><ele>145.4</ele><time>2025-09-18T14:59:39Z</time></trkpt>
      <trkpt lat="48.680894" lon="1.943251"><ele>145.4</ele><time>2025-09-18T14:59:40Z</time></trkpt>
      <trkpt lat="48.681038" lon="1.942981"><ele>146.4</ele><time>2025-09-18T14:59:41Z</time></trkpt>
      <trkpt lat="48.681171" lon="1.942711"><ele>147.1</ele><time>2025-09-18T14:59:42Z</time></trkpt>
      <trkpt lat="48.681300" lon="1.942442"><ele>147.3</ele><time>2025-09-18T14:59:43Z</time></trkpt>
      <trkpt lat="48.681415" lon="1.942168"><ele>147.6</ele><time>2025-09-18T14:59:44Z</time></trkpt>
      <trkpt lat="48.681522" lon="1.941886"><ele>147.7</ele><time>2025-09-18T14:59:45Z</time></trkpt>
      <trkpt lat="48.681614" lon="1.941594"><ele>148.2</ele><time>2025-09-18T14:59:46Z</time></trkpt>
      <trkpt lat="48.681680" lon="1.941301"><ele>148.9</ele><time>2025-09-18T14:59:47Z</time></trkpt>
      <trkpt lat="48.681730" lon="1.940994"><ele>149.0</ele><time>2025-09-18T14:59:48Z</time></trkpt>
      <trkpt lat="48.681736" lon="1.940630"><ele>150.9</ele><time>2025-09-18T14:59:49Z</time></trkpt>
      <trkpt lat="48.681770" lon="1.940259"><ele>152.3</ele><time>2025-09-18T14:59:50Z</time></trkpt>
      <trkpt lat="48.681763" lon="1.939878"><ele>151.7</ele><time>2025-09-18T14:59:51Z</time></trkpt>
      <trkpt lat="48.681760" lon="1.939522"><ele>151.6</ele><time>2025-09-18T14:59:52Z</time></trkpt>
      <trkpt lat="48.681753" lon="1.939191"><ele>151.7</ele><time>2025-09-18T14:59:53Z</time></trkpt>
      <trkpt lat="48.681737" lon="1.938874"><ele>151.9</ele><time>2025-09-18T14:59:54Z</time></trkpt>
      <trkpt lat="48.681712" lon="1.938559"><ele>152.4</ele><time>2025-09-18T14:59:55Z</time></trkpt>
      <trkpt lat="48.681669" lon="1.938228"><ele>152.7</ele><time>2025-09-18T14:59:56Z</time></trkpt>
      <trkpt lat="48.681583" lon="1.937898"><ele>150.7</ele><time>2025-09-18T14:59:57Z</time></trkpt>
      <trkpt lat="48.681507" lon="1.937586"><ele>151.8</ele><time>2025-09-18T14:59:58Z</time></trkpt>
      <trkpt lat="48.681448" lon="1.937290"><ele>150.6</ele><time>2025-09-18T14:59:59Z</time></trkpt>
      <trkpt lat="48.681396" lon="1.937012"><ele>150.5</ele><time>2025-09-18T15:00:00Z</time></trkpt>
      <trkpt lat="48.681337" lon="1.936742"><ele>149.6</ele><time>2025-09-18T15:00:01Z</time></trkpt>
      <trkpt lat="48.681289" lon="1.936483"><ele>150.0</ele><time>2025-09-18T15:00:02Z</time></trkpt>
      <trkpt lat="48.681238" lon="1.936229"><ele>150.7</ele><time>2025-09-18T15:00:03Z</time></trkpt>
      <trkpt lat="48.681203" lon="1.935984"><ele>151.3</ele><time>2025-09-18T15:00:04Z</time></trkpt>
      <trkpt lat="48.681178" lon="1.935755"><ele>151.3</ele><time>2025-09-18T15:00:05Z</time></trkpt>
      <trkpt lat="48.681191" lon="1.935534"><ele>152.4</ele><time>2025-09-18T15:00:06Z</time></trkpt>
      <trkpt lat="48.681208" lon="1.935314"><ele>152.3</ele><time>2025-09-18T15:00:07Z</time></trkpt>
      <trkpt lat="48.681220" lon="1.935095"><ele>153.6</ele><time>2025-09-18T15:00:08Z</time></trkpt>
      <trkpt lat="48.681228" lon="1.934878"><ele>154.3</ele><time>2025-09-18T15:00:09Z</time></trkpt>
      <trkpt lat="48.681260" lon="1.934686"><ele>155.3</ele><time>2025-09-18T15:00:10Z</time></trkpt>
      <trkpt lat="48.681300" lon="1.934520"><ele>155.1</ele><time>2025-09-18T15:00:11Z</time></trkpt>
      <trkpt lat="48.681328" lon="1.934364"><ele>155.6</ele><time>2025-09-18T15:00:12Z</time></trkpt>
      <trkpt lat="48.681362" lon="1.934211"><ele>155.7</ele><time>2025-09-18T15:00:13Z</time></trkpt>
      <trkpt lat="48.681391" lon="1.934069"><ele>156.8</ele><time>2025-09-18T15:00:14Z</time></trkpt>
      <trkpt lat="48.681439" lon="1.933895"><ele>156.6</ele><time>2025-09-18T15:00:15Z</time></trkpt>
      <trkpt lat="48.681497" lon="1.933734"><ele>156.4</ele><time>2025-09-18T15:00:16Z</time></trkpt>
      <trkpt lat="48.681577" lon="1.933582"><ele>156.0</ele><time>2025-09-18T15:00:17Z</time></trkpt>
      <trkpt lat="48.681666" lon="1.933428"><ele>156.1</ele><time>2025-09-18T15:00:18Z</time></trkpt>
      <trkpt lat="48.681756" lon="1.933246"><ele>157.2</ele><time>2025-09-18T15:00:19Z</time></trkpt>
      <trkpt lat="48.681819" lon="1.933053"><ele>157.0</ele><time>2025-09-18T15:00:20Z</time></trkpt>
      <trkpt lat="48.681852" lon="1.932847"><ele>157.3</ele><time>2025-09-18T15:00:21Z</time></trkpt>
      <trkpt lat="48.681871" lon="1.932639"><ele>157.7</ele><time>2025-09-18T15:00:22Z</time></trkpt>
      <trkpt lat="48.681924" lon="1.932455"><ele>157.9</ele><time>2025-09-18T15:00:23Z</time></trkpt>
      <trkpt lat="48.682004" lon="1.932288"><ele>157.8</ele><time>2025-09-18T15:00:24Z</time></trkpt>
      <trkpt lat="48.682092" lon="1.932123"><ele>158.5</ele><time>2025-09-18T15:00:25Z</time></trkpt>
      <trkpt lat="48.682174" lon="1.931955"><ele>158.9</ele><time>2025-09-18T15:00:26Z</time></trkpt>
      <trkpt lat="48.682246" lon="1.931793"><ele>159.3</ele><time>2025-09-18T15:00:27Z</time></trkpt>
      <trkpt lat="48.682305" lon="1.931628"><ele>159.7</ele><time>2025-09-18T15:00:28Z</time></trkpt>
      <trkpt lat="48.682361" lon="1.931455"><ele>160.3</ele><time>2025-09-18T15:00:29Z</time></trkpt>
      <trkpt lat="48.682386" lon="1.931249"><ele>162.0</ele><time>2025-09-18T15:00:30Z</time></trkpt>
      <trkpt lat="48.682421" lon="1.931071"><ele>163.4</ele><time>2025-09-18T15:00:31Z</time></trkpt>
      <trkpt lat="48.682495" lon="1.930906"><ele>164.5</ele><time>2025-09-18T15:00:32Z</time></trkpt>
      <trkpt lat="48.682516" lon="1.930747"><ele>166.2</ele><time>2025-09-18T15:00:33Z</time></trkpt>
      <trkpt lat="48.682590" lon="1.930586"><ele>165.8</ele><time>2025-09-18T15:00:34Z</time></trkpt>
      <trkpt lat="48.682686" lon="1.930388"><ele>165.8</ele><time>2025-09-18T15:00:35Z</time></trkpt>
      <trkpt lat="48.682767" lon="1.930194"><ele>166.9</ele><time>2025-09-18T15:00:36Z</time></trkpt>
      <trkpt lat="48.682857" lon="1.930001"><ele>167.2</ele><time>2025-09-18T15:00:37Z</time></trkpt>
      <trkpt lat="48.682956" lon="1.929811"><ele>167.5</ele><time>2025-09-18T15:00:38Z</time></trkpt>
      <trkpt lat="48.683056" lon="1.929611"><ele>167.7</ele><time>2025-09-18T15:00:39Z</time></trkpt>
      <trkpt lat="48.683172" lon="1.929400"><ele>167.8</ele><time>2025-09-18T15:00:40Z</time></trkpt>
      <trkpt lat="48.683279" lon="1.929186"><ele>168.1</ele><time>2025-09-18T15:00:41Z</time></trkpt>
      <trkpt lat="48.683421" lon="1.928991"><ele>167.4</ele><time>2025-09-18T15:00:42Z</time></trkpt>
      <trkpt lat="48.683554" lon="1.928785"><ele>166.9</ele><time>2025-09-18T15:00:43Z</time></trkpt>
      <trkpt lat="48.683694" lon="1.928580"><ele>166.2</ele><time>2025-09-18T15:00:44Z</time></trkpt>
      <trkpt lat="48.683798" lon="1.928345"><ele>165.5</ele><time>2025-09-18T15:00:45Z</time></trkpt>
      <trkpt lat="48.683913" lon="1.928126"><ele>165.3</ele><time>2025-09-18T15:00:46Z</time></trkpt>
      <trkpt lat="48.684030" lon="1.927920"><ele>164.5</ele><time>2025-09-18T15:00:47Z</time></trkpt>
      <trkpt lat="48.684139" lon="1.927716"><ele>163.6</ele><time>2025-09-18T15:00:48Z</time></trkpt>
      <trkpt lat="48.684248" lon="1.927518"><ele>163.3</ele><time>2025-09-18T15:00:49Z</time></trkpt>
      <trkpt lat="48.684347" lon="1.927329"><ele>163.7</ele><time>2025-09-18T15:00:50Z</time></trkpt>
      <trkpt lat="48.684444" lon="1.927157"><ele>163.3</ele><time>2025-09-18T15:00:51Z</time></trkpt>
      <trkpt lat="48.684539" lon="1.927000"><ele>163.8</ele><time>2025-09-18T15:00:52Z</time></trkpt>
      <trkpt lat="48.684634" lon="1.926849"><ele>163.2</ele><time>2025-09-18T15:00:53Z</time></trkpt>
      <trkpt lat="48.684730" lon="1.926695"><ele>162.8</ele><time>2025-09-18T15:00:54Z</time></trkpt>
      <trkpt lat="48.684826" lon="1.926522"><ele>163.6</ele><time>2025-09-18T15:00:55Z</time></trkpt>
      <trkpt lat="48.684913" lon="1.926310"><ele>163.6</ele><time>2025-09-18T15:00:56Z</time></trkpt>
      <trkpt lat="48.685004" lon="1.926062"><ele>163.1</ele><time>2025-09-18T15:00:57Z</time></trkpt>
      <trkpt lat="48.685100" lon="1.925789"><ele>163.7</ele><time>2025-09-18T15:00:58Z</time></trkpt>
      <trkpt lat="48.685190" lon="1.925479"><ele>163.5</ele><time>2025-09-18T15:00:59Z</time></trkpt>
      <trkpt lat="48.685299" lon="1.925147"><ele>163.7</ele><time>2025-09-18T15:01:00Z</time></trkpt>
      <trkpt lat="48.685392" lon="1.924825"><ele>165.1</ele><time>2025-09-18T15:01:01Z</time></trkpt>
      <trkpt lat="48.685481" lon="1.924502"><ele>166.0</ele><time>2025-09-18T15:01:02Z</time></trkpt>
      <trkpt lat="48.685574" lon="1.924197"><ele>166.1</ele><time>2025-09-18T15:01:03Z</time></trkpt>
      <trkpt lat="48.685668" lon="1.923886"><ele>166.4</ele><time>2025-09-18T15:01:04Z</time></trkpt>
      <trkpt lat="48.685771" lon="1.923548"><ele>165.9</ele><time>2025-09-18T15:01:05Z</time></trkpt>
      <trkpt lat="48.685860" lon="1.923229"><ele>165.4</ele><time>2025-09-18T15:01:06Z</time></trkpt>
      <trkpt lat="48.685951" lon="1.922936"><ele>166.2</ele><time>2025-09-18T15:01:07Z</time></trkpt>
      <trkpt lat="48.686044" lon="1.922652"><ele>166.2</ele><time>2025-09-18T15:01:08Z</time></trkpt>
      <trkpt lat="48.686174" lon="1.922380"><ele>165.2</ele><time>2025-09-18T15:01:09Z</time></trkpt>
      <trkpt lat="48.686305" lon="1.922116"><ele>165.0</ele><time>2025-09-18T15:01:10Z</time></trkpt>
      <trkpt lat="48.686454" lon="1.921842"><ele>165.0</ele><time>2025-09-18T15:01:11Z</time></trkpt>
      <trkpt lat="48.686620" lon="1.921574"><ele>165.8</ele><time>2025-09-18T15:01:12Z</time></trkpt>
      <trkpt lat="48.686777" lon="1.921329"><ele>166.8</ele><time>2025-09-18T15:01:13Z</time></trkpt>
      <trkpt lat="48.686928" lon="1.921106"><ele>167.5</ele><time>2025-09-18T15:01:14Z</time></trkpt>
      <trkpt lat="48.687063" lon="1.920886"><ele>167.8</ele><time>2025-09-18T15:01:15Z</time></trkpt>
      <trkpt lat="48.687189" lon="1.920654"><ele>167.5</ele><time>2025-09-18T15:01:16Z</time></trkpt>
      <trkpt lat="48.687311" lon="1.920409"><ele>167.9</ele><time>2025-09-18T15:01:17Z</time></trkpt>
      <trkpt lat="48.687433" lon="1.920162"><ele>168.0</ele><time>2025-09-18T15:01:18Z</time></trkpt>
      <trkpt lat="48.687559" lon="1.919899"><ele>168.5</ele><time>2025-09-18T15:01:19Z</time></trkpt>
      <trkpt lat="48.687687" lon="1.919646"><ele>168.7</ele><time>2025-09-18T15:01:20Z</time></trkpt>
      <trkpt lat="48.687818" lon="1.919391"><ele>168.6</ele><time>2025-09-18T15:01:21Z</time></trkpt>
      <trkpt lat="48.687971" lon="1.919151"><ele>167.2</ele><time>2025-09-18T15:01:22Z</time></trkpt>
      <trkpt lat="48.688119" lon="1.918918"><ele>165.0</ele><time>2025-09-18T15:01:23Z</time></trkpt>
      <trkpt lat="48.688262" lon="1.918708"><ele>162.6</ele><time>2025-09-18T15:01:24Z</time></trkpt>
      <trkpt lat="48.688394" lon="1.918508"><ele>161.2</ele><time>2025-09-18T15:01:25Z</time></trkpt>
      <trkpt lat="48.688523" lon="1.918324"><ele>160.4</ele><time>2025-09-18T15:01:26Z</time></trkpt>
      <trkpt lat="48.688659" lon="1.918163"><ele>160.6</ele><time>2025-09-18T15:01:27Z</time></trkpt>
      <trkpt lat="48.688806" lon="1.918047"><ele>158.9</ele><time>2025-09-18T15:01:28Z</time></trkpt>
      <trkpt lat="48.688944" lon="1.917945"><ele>158.8</ele><time>2025-09-18T15:01:29Z</time></trkpt>
      <trkpt lat="48.689071" lon="1.917844"><ele>158.4</ele><time>2025-09-18T15:01:30Z</time></trkpt>
      <trkpt lat="48.689185" lon="1.917730"><ele>158.5</ele><time>2025-09-18T15:01:31Z</time></trkpt>
      <trkpt lat="48.689265" lon="1.917582"><ele>159.3</ele><time>2025-09-18T15:01:32Z</time></trkpt>
      <trkpt lat="48.689310" lon="1.917409"><ele>159.2</ele><time>2025-09-18T15:01:33Z</time></trkpt>
      <trkpt lat="48.689316" lon="1.917195"><ele>157.3</ele><time>2025-09-18T15:01:34Z</time></trkpt>
      <trkpt lat="48.689330" lon="1.916965"><ele>159.5</ele><time>2025-09-18T15:01:35Z</time></trkpt>
      <trkpt lat="48.689361" lon="1.916702"><ele>159.1</ele><time>2025-09-18T15:01:36Z</time></trkpt>
      <trkpt lat="48.689400" lon="1.916391"><ele>158.6</ele><time>2025-09-18T15:01:37Z</time></trkpt>
      <trkpt lat="48.689429" lon="1.916099"><ele>158.9</ele><time>2025-09-18T15:01:38Z</time></trkpt>
      <trkpt lat="48.689470" lon="1.915825"><ele>159.0</ele><time>2025-09-18T15:01:39Z</time></trkpt>
      <trkpt lat="48.689507" lon="1.915552"><ele>158.9</ele><time>2025-09-18T15:01:40Z</time></trkpt>
      <trkpt lat="48.689546" lon="1.915289"><ele>158.8</ele><time>2025-09-18T15:01:41Z</time></trkpt>
      <trkpt lat="48.689586" lon="1.915036"><ele>158.9</ele><time>2025-09-18T15:01:42Z</time></trkpt>
      <trkpt lat="48.689627" lon="1.914794"><ele>158.5</ele><time>2025-09-18T15:01:43Z</time></trkpt>
      <trkpt lat="48.689665" lon="1.914562"><ele>158.2</ele><time>2025-09-18T15:01:44Z</time></trkpt>
      <trkpt lat="48.689698" lon="1.914335"><ele>158.0</ele><time>2025-09-18T15:01:45Z</time></trkpt>
      <trkpt lat="48.689736" lon="1.914121"><ele>156.6</ele><time>2025-09-18T15:01:46Z</time></trkpt>
      <trkpt lat="48.689774" lon="1.913909"><ele>156.2</ele><time>2025-09-18T15:01:47Z</time></trkpt>
      <trkpt lat="48.689815" lon="1.913693"><ele>156.1</ele><time>2025-09-18T15:01:48Z</time></trkpt>
      <trkpt lat="48.689865" lon="1.913480"><ele>155.9</ele><time>2025-09-18T15:01:49Z</time></trkpt>
      <trkpt lat="48.689922" lon="1.913275"><ele>155.7</ele><time>2025-09-18T15:01:50Z</time></trkpt>
      <trkpt lat="48.689995" lon="1.913079"><ele>156.2</ele><time>2025-09-18T15:01:51Z</time></trkpt>
      <trkpt lat="48.690074" lon="1.912886"><ele>156.4</ele><time>2025-09-18T15:01:52Z</time></trkpt>
      <trkpt lat="48.690168" lon="1.912712"><ele>156.6</ele><time>2025-09-18T15:01:53Z</time></trkpt>
      <trkpt lat="48.690266" lon="1.912551"><ele>156.4</ele><time>2025-09-18T15:01:54Z</time></trkpt>
      <trkpt lat="48.690367" lon="1.912391"><ele>156.5</ele><time>2025-09-18T15:01:55Z</time></trkpt>
      <trkpt lat="48.690462" lon="1.912234"><ele>156.4</ele><time>2025-09-18T15:01:56Z</time></trkpt>
      <trkpt lat="48.690559" lon="1.912080"><ele>156.1</ele><time>2025-09-18T15:01:57Z</time></trkpt>
      <trkpt lat="48.690645" lon="1.911929"><ele>156.2</ele><time>2025-09-18T15:01:58Z</time></trkpt>
      <trkpt lat="48.690726" lon="1.911772"><ele>156.7</ele><time>2025-09-18T15:01:59Z</time></trkpt>
      <trkpt lat="48.690796" lon="1.911596"><ele>156.6</ele><time>2025-09-18T15:02:00Z</time></trkpt>
      <trkpt lat="48.690866" lon="1.911419"><ele>157.5</ele><time>2025-09-18T15:02:01Z</time></trkpt>
      <trkpt lat="48.690927" lon="1.911235"><ele>158.1</ele><time>2025-09-18T15:02:02Z</time></trkpt>
      <trkpt lat="48.690993" lon="1.911058"><ele>158.7</ele><time>2025-09-18T15:02:03Z</time></trkpt>
      <trkpt lat="48.691068" lon="1.910890"><ele>158.7</ele><time>2025-09-18T15:02:04Z</time></trkpt>
      <trkpt lat="48.691158" lon="1.910752"><ele>158.8</ele><time>2025-09-18T15:02:05Z</time></trkpt>
      <trkpt lat="48.691244" lon="1.910617"><ele>159.9</ele><time>2025-09-18T15:02:06Z</time></trkpt>
      <trkpt lat="48.691342" lon="1.910491"><ele>160.6</ele><time>2025-09-18T15:02:07Z</time></trkpt>
      <trkpt lat="48.691432" lon="1.910365"><ele>160.8</ele><time>2025-09-18T15:02:08Z</time></trkpt>
      <trkpt lat="48.691522" lon="1.910250"><ele>161.1</ele><time>2025-09-18T15:02:09Z</time></trkpt>
      <trkpt lat="48.691626" lon="1.910115"><ele>161.8</ele><time>2025-09-18T15:02:10Z</time></trkpt>
      <trkpt lat="48.691785" lon="1.909898"><ele>161.8</ele><time>2025-09-18T15:02:11Z</time></trkpt>
      <trkpt lat="48.691946" lon="1.909708"><ele>161.5</ele><time>2025-09-18T15:02:12Z</time></trkpt>
      <trkpt lat="48.692125" lon="1.909523"><ele>162.1</ele><time>2025-09-18T15:02:13Z</time></trkpt>
      <trkpt lat="48.692303" lon="1.909328"><ele>161.7</ele><time>2025-09-18T15:02:14Z</time></trkpt>
      <trkpt lat="48.692474" lon="1.909135"><ele>162.2</ele><time>2025-09-18T15:02:15Z</time></trkpt>
      <trkpt lat="48.692634" lon="1.908935"><ele>161.7</ele><time>2025-09-18T15:02:16Z</time></trkpt>
      <trkpt lat="48.692787" lon="1.908740"><ele>162.6</ele><time>2025-09-18T15:02:17Z</time></trkpt>
      <trkpt lat="48.692942" lon="1.908558"><ele>163.5</ele><time>2025-09-18T15:02:18Z</time></trkpt>
      <trkpt lat="48.693086" lon="1.908396"><ele>164.3</ele><time>2025-09-18T15:02:19Z</time></trkpt>
      <trkpt lat="48.693221" lon="1.908234"><ele>164.7</ele><time>2025-09-18T15:02:20Z</time></trkpt>
      <trkpt lat="48.693354" lon="1.908082"><ele>163.3</ele><time>2025-09-18T15:02:21Z</time></trkpt>
      <trkpt lat="48.693486" lon="1.907946"><ele>163.2</ele><time>2025-09-18T15:02:22Z</time></trkpt>
      <trkpt lat="48.693619" lon="1.907833"><ele>162.5</ele><time>2025-09-18T15:02:23Z</time></trkpt>
      <trkpt lat="48.693755" lon="1.907758"><ele>163.2</ele><time>2025-09-18T15:02:24Z</time></trkpt>
      <trkpt lat="48.693899" lon="1.907709"><ele>163.1</ele><time>2025-09-18T15:02:25Z</time></trkpt>
      <trkpt lat="48.694053" lon="1.907689"><ele>161.7</ele><time>2025-09-18T15:02:26Z</time></trkpt>
      <trkpt lat="48.694204" lon="1.907680"><ele>160.4</ele><time>2025-09-18T15:02:27Z</time></trkpt>
      <trkpt lat="48.694349" lon="1.907671"><ele>159.8</ele><time>2025-09-18T15:02:28Z</time></trkpt>
      <trkpt lat="48.694488" lon="1.907654"><ele>159.8</ele><time>2025-09-18T15:02:29Z</time></trkpt>
      <trkpt lat="48.694626" lon="1.907631"><ele>160.1</ele><time>2025-09-18T15:02:30Z</time></trkpt>
      <trkpt lat="48.694760" lon="1.907586"><ele>161.1</ele><time>2025-09-18T15:02:31Z</time></trkpt>
      <trkpt lat="48.694894" lon="1.907492"><ele>161.2</ele><time>2025-09-18T15:02:32Z</time></trkpt>
      <trkpt lat="48.695026" lon="1.907361"><ele>161.4</ele><time>2025-09-18T15:02:33Z</time></trkpt>
      <trkpt lat="48.695145" lon="1.907228"><ele>162.6</ele><time>2025-09-18T15:02:34Z</time></trkpt>
      <trkpt lat="48.695285" lon="1.907100"><ele>162.8</ele><time>2025-09-18T15:02:35Z</time></trkpt>
      <trkpt lat="48.695422" lon="1.906975"><ele>163.8</ele><time>2025-09-18T15:02:36Z</time></trkpt>
      <trkpt lat="48.695549" lon="1.906831"><ele>164.6</ele><time>2025-09-18T15:02:37Z</time></trkpt>
      <trkpt lat="48.695674" lon="1.906689"><ele>165.6</ele><time>2025-09-18T15:02:38Z</time></trkpt>
      <trkpt lat="48.695794" lon="1.906524"><ele>166.0</ele><time>2025-09-18T15:02:39Z</time></trkpt>
      <trkpt lat="48.695903" lon="1.906347"><ele>166.4</ele><time>2025-09-18T15:02:40Z</time></trkpt>
      <trkpt lat="48.696013" lon="1.906162"><ele>166.1</ele><time>2025-09-18T15:02:41Z</time></trkpt>
      <trkpt lat="48.696106" lon="1.905971"><ele>166.5</ele><time>2025-09-18T15:02:42Z</time></trkpt>
      <trkpt lat="48.696204" lon="1.905793"><ele>166.5</ele><time>2025-09-18T15:02:43Z</time></trkpt>
      <trkpt lat="48.696318" lon="1.905636"><ele>165.0</ele><time>2025-09-18T15:02:44Z</time></trkpt>
      <trkpt lat="48.696428" lon="1.905482"><ele>165.4</ele><time>2025-09-18T15:02:45Z</time></trkpt>
      <trkpt lat="48.696544" lon="1.905340"><ele>165.5</ele><time>2025-09-18T15:02:46Z</time></trkpt>
      <trkpt lat="48.696676" lon="1.905214"><ele>166.8</ele><time>2025-09-18T15:02:47Z</time></trkpt>
      <trkpt lat="48.696804" lon="1.905092"><ele>167.5</ele><time>2025-09-18T15:02:48Z</time></trkpt>
      <trkpt lat="48.696924" lon="1.904975"><ele>168.1</ele><time>2025-09-18T15:02:49Z</time></trkpt>
      <trkpt lat="48.697012" lon="1.904844"><ele>168.3</ele><time>2025-09-18T15:02:50Z</time></trkpt>
      <trkpt lat="48.697110" lon="1.904721"><ele>168.4</ele><time>2025-09-18T15:02:51Z</time></trkpt>
      <trkpt lat="48.697198" lon="1.904587"><ele>168.0</ele><time>2025-09-18T15:02:52Z</time></trkpt>
      <trkpt lat="48.697272" lon="1.904459"><ele>167.9</ele><time>2025-09-18T15:02:53Z</time></trkpt>
      <trkpt lat="48.697338" lon="1.904312"><ele>167.1</ele><time>2025-09-18T15:02:54Z</time></trkpt>
      <trkpt lat="48.697395" lon="1.904167"><ele>168.0</ele><time>2025-09-18T15:02:55Z</time></trkpt>
      <trkpt lat="48.697451" lon="1.904015"><ele>169.2</ele><time>2025-09-18T15:02:56Z</time></trkpt>
      <trkpt lat="48.697508" lon="1.903866"><ele>169.4</ele><time>2025-09-18T15:02:57Z</time></trkpt>
      <trkpt lat="48.697568" lon="1.903717"><ele>169.4</ele><time>2025-09-18T15:02:58Z</time></trkpt>
      <trkpt lat="48.697640" lon="1.903575"><ele>170.5</ele><time>2025-09-18T15:02:59Z</time></trkpt>
      <trkpt lat="48.697712" lon="1.903428"><ele>170.9</ele><time>2025-09-18T15:03:00Z</time></trkpt>
      <trkpt lat="48.697782" lon="1.903292"><ele>171.5</ele><time>2025-09-18T15:03:01Z</time></trkpt>
      <trkpt lat="48.697851" lon="1.903146"><ele>171.6</ele><time>2025-09-18T15:03:02Z</time></trkpt>
      <trkpt lat="48.697924" lon="1.903010"><ele>171.6</ele><time>2025-09-18T15:03:03Z</time></trkpt>
      <trkpt lat="48.697988" lon="1.902880"><ele>172.4</ele><time>2025-09-18T15:03:04Z</time></trkpt>
      <trkpt lat="48.698045" lon="1.902754"><ele>172.6</ele><time>2025-09-18T15:03:05Z</time></trkpt>
      <trkpt lat="48.698098" lon="1.902627"><ele>172.7</ele><time>2025-09-18T15:03:06Z</time></trkpt>
      <trkpt lat="48.698157" lon="1.902502"><ele>172.7</ele><time>2025-09-18T15:03:07Z</time></trkpt>
      <trkpt lat="48.698184" lon="1.902347"><ele>173.4</ele><time>2025-09-18T15:03:08Z</time></trkpt>
      <trkpt lat="48.698213" lon="1.902184"><ele>174.2</ele><time>2025-09-18T15:03:09Z</time></trkpt>
      <trkpt lat="48.698231" lon="1.902004"><ele>173.2</ele><time>2025-09-18T15:03:10Z</time></trkpt>
      <trkpt lat="48.698249" lon="1.901810"><ele>173.3</ele><time>2025-09-18T15:03:11Z</time></trkpt>
      <trkpt lat="48.698270" lon="1.901605"><ele>173.6</ele><time>2025-09-18T15:03:12Z</time></trkpt>
      <trkpt lat="48.698296" lon="1.901383"><ele>174.4</ele><time>2025-09-18T15:03:13Z</time></trkpt>
      <trkpt lat="48.698321" lon="1.901149"><ele>172.7</ele><time>2025-09-18T15:03:14Z</time></trkpt>
      <trkpt lat="48.698346" lon="1.900908"><ele>170.6</ele><time>2025-09-18T15:03:15Z</time></trkpt>
      <trkpt lat="48.698376" lon="1.900664"><ele>168.0</ele><time>2025-09-18T15:03:16Z</time></trkpt>
      <trkpt lat="48.698398" lon="1.900418"><ele>166.8</ele><time>2025-09-18T15:03:17Z</time></trkpt>
      <trkpt lat="48.698417" lon="1.900179"><ele>165.9</ele><time>2025-09-18T15:03:18Z</time></trkpt>
      <trkpt lat="48.698433" lon="1.899945"><ele>163.4</ele><time>2025-09-18T15:03:19Z</time></trkpt>
      <trkpt lat="48.698443" lon="1.899721"><ele>162.8</ele><time>2025-09-18T15:03:20Z</time></trkpt>
      <trkpt lat="48.698446" lon="1.899507"><ele>162.5</ele><time>2025-09-18T15:03:21Z</time></trkpt>
      <trkpt lat="48.698433" lon="1.899298"><ele>161.5</ele><time>2025-09-18T15:03:22Z</time></trkpt>
      <trkpt lat="48.698426" lon="1.899105"><ele>161.9</ele><time>2025-09-18T15:03:23Z</time></trkpt>
      <trkpt lat="48.698405" lon="1.898909"><ele>161.4</ele><time>2025-09-18T15:03:24Z</time></trkpt>
      <trkpt lat="48.698360" lon="1.898709"><ele>161.6</ele><time>2025-09-18T15:03:25Z</time></trkpt>
      <trkpt lat="48.698315" lon="1.898507"><ele>161.6</ele><time>2025-09-18T15:03:26Z</time></trkpt>
      <trkpt lat="48.698270" lon="1.898303"><ele>161.3</ele><time>2025-09-18T15:03:27Z</time></trkpt>
      <trkpt lat="48.698212" lon="1.898099"><ele>160.4</ele><time>2025-09-18T15:03:28Z</time></trkpt>
      <trkpt lat="48.698155" lon="1.897899"><ele>160.1</ele><time>2025-09-18T15:03:29Z</time></trkpt>
      <trkpt lat="48.698097" lon="1.897703"><ele>160.7</ele><time>2025-09-18T15:03:30Z</time></trkpt>
      <trkpt lat="48.698048" lon="1.897509"><ele>160.8</ele><time>2025-09-18T15:03:31Z</time></trkpt>
      <trkpt lat="48.698004" lon="1.897323"><ele>160.4</ele><time>2025-09-18T15:03:32Z</time></trkpt>
      <trkpt lat="48.697989" lon="1.897150"><ele>160.4</ele><time>2025-09-18T15:03:33Z</time></trkpt>
      <trkpt lat="48.697997" lon="1.896984"><ele>161.2</ele><time>2025-09-18T15:03:34Z</time></trkpt>
      <trkpt lat="48.698028" lon="1.896823"><ele>163.8</ele><time>2025-09-18T15:03:35Z</time></trkpt>
      <trkpt lat="48.698059" lon="1.896659"><ele>163.7</ele><time>2025-09-18T15:03:36Z</time></trkpt>
      <trkpt lat="48.698093" lon="1.896512"><ele>163.7</ele><time>2025-09-18T15:03:37Z</time></trkpt>
      <trkpt lat="48.698128" lon="1.896388"><ele>164.0</ele><time>2025-09-18T15:03:38Z</time></trkpt>
      <trkpt lat="48.698159" lon="1.896281"><ele>163.5</ele><time>2025-09-18T15:03:39Z</time></trkpt>
      <trkpt lat="48.698192" lon="1.896197"><ele>162.7</ele><time>2025-09-18T15:03:40Z</time></trkpt>
      <trkpt lat="48.698228" lon="1.896133"><ele>162.5</ele><time>2025-09-18T15:03:41Z</time></trkpt>
      <trkpt lat="48.698258" lon="1.896090"><ele>163.2</ele><time>2025-09-18T15:03:42Z</time></trkpt>
      <trkpt lat="48.698273" lon="1.896049"><ele>163.6</ele><time>2025-09-18T15:03:43Z</time></trkpt>
      <trkpt lat="48.698285" lon="1.896014"><ele>164.3</ele><time>2025-09-18T15:03:44Z</time></trkpt>
      <trkpt lat="48.698283" lon="1.895986"><ele>165.2</ele><time>2025-09-18T15:03:45Z</time></trkpt>
      <trkpt lat="48.698273" lon="1.895973"><ele>165.7</ele><time>2025-09-18T15:03:46Z</time></trkpt>
      <trkpt lat="48.698264" lon="1.895977"><ele>165.3</ele><time>2025-09-18T15:03:47Z</time></trkpt>
      <trkpt lat="48.698256" lon="1.895996"><ele>164.7</ele><time>2025-09-18T15:03:48Z</time></trkpt>
      <trkpt lat="48.698247" lon="1.896017"><ele>163.4</ele><time>2025-09-18T15:03:49Z</time></trkpt>
      <trkpt lat="48.698243" lon="1.896036"><ele>162.9</ele><time>2025-09-18T15:03:50Z</time></trkpt>
      <trkpt lat="48.698244" lon="1.896046"><ele>161.3</ele><time>2025-09-18T15:03:51Z</time></trkpt>
      <trkpt lat="48.698198" lon="1.895970"><ele>154.5</ele><time>2025-09-18T15:06:15Z</time></trkpt>
      <trkpt lat="48.698178" lon="1.896018"><ele>154.4</ele><time>2025-09-18T15:06:16Z</time></trkpt>
      <trkpt lat="48.698151" lon="1.896092"><ele>154.7</ele><time>2025-09-18T15:06:17Z</time></trkpt>
      <trkpt lat="48.698122" lon="1.896198"><ele>155.0</ele><time>2025-09-18T15:06:18Z</time></trkpt>
      <trkpt lat="48.698093" lon="1.896315"><ele>155.2</ele><time>2025-09-18T15:06:19Z</time></trkpt>
      <trkpt lat="48.698065" lon="1.896440"><ele>155.5</ele><time>2025-09-18T15:06:20Z</time></trkpt>
      <trkpt lat="48.698036" lon="1.896571"><ele>155.8</ele><time>2025-09-18T15:06:21Z</time></trkpt>
      <trkpt lat="48.698007" lon="1.896713"><ele>155.1</ele><time>2025-09-18T15:06:22Z</time></trkpt>
      <trkpt lat="48.697982" lon="1.896850"><ele>154.4</ele><time>2025-09-18T15:06:23Z</time></trkpt>
      <trkpt lat="48.697979" lon="1.896989"><ele>153.9</ele><time>2025-09-18T15:06:24Z</time></trkpt>
      <trkpt lat="48.697995" lon="1.897130"><ele>153.8</ele><time>2025-09-18T15:06:25Z</time></trkpt>
      <trkpt lat="48.698017" lon="1.897271"><ele>153.1</ele><time>2025-09-18T15:06:26Z</time></trkpt>
      <trkpt lat="48.698049" lon="1.897418"><ele>152.5</ele><time>2025-09-18T15:06:27Z</time></trkpt>
      <trkpt lat="48.698086" lon="1.897577"><ele>151.9</ele><time>2025-09-18T15:06:28Z</time></trkpt>
      <trkpt lat="48.698126" lon="1.897740"><ele>151.0</ele><time>2025-09-18T15:06:29Z</time></trkpt>
      <trkpt lat="48.698162" lon="1.897908"><ele>150.3</ele><time>2025-09-18T15:06:30Z</time></trkpt>
      <trkpt lat="48.698200" lon="1.898087"><ele>149.8</ele><time>2025-09-18T15:06:31Z</time></trkpt>
      <trkpt lat="48.698239" lon="1.898270"><ele>149.7</ele><time>2025-09-18T15:06:32Z</time></trkpt>
      <trkpt lat="48.698296" lon="1.898452"><ele>150.2</ele><time>2025-09-18T15:06:33Z</time></trkpt>
      <trkpt lat="48.698350" lon="1.898651"><ele>150.5</ele><time>2025-09-18T15:06:34Z</time></trkpt>
      <trkpt lat="48.698391" lon="1.898860"><ele>150.7</ele><time>2025-09-18T15:06:35Z</time></trkpt>
      <trkpt lat="48.698433" lon="1.899069"><ele>151.6</ele><time>2025-09-18T15:06:36Z</time></trkpt>
      <trkpt lat="48.698447" lon="1.899302"><ele>151.6</ele><time>2025-09-18T15:06:37Z</time></trkpt>
      <trkpt lat="48.698468" lon="1.899545"><ele>152.8</ele><time>2025-09-18T15:06:38Z</time></trkpt>
      <trkpt lat="48.698497" lon="1.899791"><ele>154.6</ele><time>2025-09-18T15:06:39Z</time></trkpt>
      <trkpt lat="48.698510" lon="1.900034"><ele>154.9</ele><time>2025-09-18T15:06:40Z</time></trkpt>
      <trkpt lat="48.698494" lon="1.900273"><ele>154.2</ele><time>2025-09-18T15:06:41Z</time></trkpt>
      <trkpt lat="48.698475" lon="1.900508"><ele>153.2</ele><time>2025-09-18T15:06:42Z</time></trkpt>
      <trkpt lat="48.698460" lon="1.900745"><ele>152.9</ele><time>2025-09-18T15:06:43Z</time></trkpt>
      <trkpt lat="48.698454" lon="1.900991"><ele>153.3</ele><time>2025-09-18T15:06:44Z</time></trkpt>
      <trkpt lat="48.698446" lon="1.901239"><ele>153.2</ele><time>2025-09-18T15:06:45Z</time></trkpt>
      <trkpt lat="48.698432" lon="1.901487"><ele>153.3</ele><time>2025-09-18T15:06:46Z</time></trkpt>
      <trkpt lat="48.698409" lon="1.901734"><ele>152.5</ele><time>2025-09-18T15:06:47Z</time></trkpt>
      <trkpt lat="48.698391" lon="1.901965"><ele>152.2</ele><time>2025-09-18T15:06:48Z</time></trkpt>
      <trkpt lat="48.698363" lon="1.902178"><ele>152.2</ele><time>2025-09-18T15:06:49Z</time></trkpt>
      <trkpt lat="48.698323" lon="1.902381"><ele>152.0</ele><time>2025-09-18T15:06:50Z</time></trkpt>
      <trkpt lat="48.698264" lon="1.902573"><ele>151.8</ele><time>2025-09-18T15:06:51Z</time></trkpt>
      <trkpt lat="48.698168" lon="1.902755"><ele>152.5</ele><time>2025-09-18T15:06:52Z</time></trkpt>
      <trkpt lat="48.698050" lon="1.902941"><ele>153.1</ele><time>2025-09-18T15:06:53Z</time></trkpt>
      <trkpt lat="48.697935" lon="1.903139"><ele>153.3</ele><time>2025-09-18T15:06:54Z</time></trkpt>
      <trkpt lat="48.697818" lon="1.903342"><ele>152.8</ele><time>2025-09-18T15:06:55Z</time></trkpt>
      <trkpt lat="48.697702" lon="1.903556"><ele>152.3</ele><time>2025-09-18T15:06:56Z</time></trkpt>
      <trkpt lat="48.697617" lon="1.903798"><ele>152.1</ele><time>2025-09-18T15:06:57Z</time></trkpt>
      <trkpt lat="48.697545" lon="1.904034"><ele>151.7</ele><time>2025-09-18T15:06:58Z</time></trkpt>
      <trkpt lat="48.697477" lon="1.904257"><ele>151.5</ele><time>2025-09-18T15:06:59Z</time></trkpt>
      <trkpt lat="48.697395" lon="1.904463"><ele>151.4</ele><time>2025-09-18T15:07:00Z</time></trkpt>
      <trkpt lat="48.697294" lon="1.904645"><ele>151.7</ele><time>2025-09-18T15:07:01Z</time></trkpt>
      <trkpt lat="48.697182" lon="1.904821"><ele>151.0</ele><time>2025-09-18T15:07:02Z</time></trkpt>
      <trkpt lat="48.697062" lon="1.904980"><ele>151.1</ele><time>2025-09-18T15:07:03Z</time></trkpt>
      <trkpt lat="48.696929" lon="1.905129"><ele>151.6</ele><time>2025-09-18T15:07:04Z</time></trkpt>
      <trkpt lat="48.696788" lon="1.905274"><ele>151.0</ele><time>2025-09-18T15:07:05Z</time></trkpt>
      <trkpt lat="48.696663" lon="1.905426"><ele>150.0</ele><time>2025-09-18T15:07:06Z</time></trkpt>
      <trkpt lat="48.696538" lon="1.905581"><ele>148.6</ele><time>2025-09-18T15:07:07Z</time></trkpt>
      <trkpt lat="48.696428" lon="1.905762"><ele>147.2</ele><time>2025-09-18T15:07:08Z</time></trkpt>
      <trkpt lat="48.696328" lon="1.905966"><ele>146.5</ele><time>2025-09-18T15:07:09Z</time></trkpt>
      <trkpt lat="48.696218" lon="1.906157"><ele>146.3</ele><time>2025-09-18T15:07:10Z</time></trkpt>
      <trkpt lat="48.696121" lon="1.906374"><ele>146.9</ele><time>2025-09-18T15:07:11Z</time></trkpt>
      <trkpt lat="48.696011" lon="1.906581"><ele>146.4</ele><time>2025-09-18T15:07:12Z</time></trkpt>
      <trkpt lat="48.695878" lon="1.906768"><ele>146.1</ele><time>2025-09-18T15:07:13Z</time></trkpt>
      <trkpt lat="48.695746" lon="1.906949"><ele>146.8</ele><time>2025-09-18T15:07:14Z</time></trkpt>
      <trkpt lat="48.695582" lon="1.907088"><ele>146.5</ele><time>2025-09-18T15:07:15Z</time></trkpt>
      <trkpt lat="48.695440" lon="1.907230"><ele>148.1</ele><time>2025-09-18T15:07:16Z</time></trkpt>
      <trkpt lat="48.695281" lon="1.907354"><ele>148.4</ele><time>2025-09-18T15:07:17Z</time></trkpt>
      <trkpt lat="48.695149" lon="1.907480"><ele>151.4</ele><time>2025-09-18T15:07:18Z</time></trkpt>
      <trkpt lat="48.695033" lon="1.907583"><ele>153.4</ele><time>2025-09-18T15:07:19Z</time></trkpt>
      <trkpt lat="48.694898" lon="1.907650"><ele>154.8</ele><time>2025-09-18T15:07:20Z</time></trkpt>
      <trkpt lat="48.694770" lon="1.907697"><ele>157.6</ele><time>2025-09-18T15:07:21Z</time></trkpt>
      <trkpt lat="48.694637" lon="1.907725"><ele>157.9</ele><time>2025-09-18T15:07:22Z</time></trkpt>
      <trkpt lat="48.694521" lon="1.907740"><ele>160.5</ele><time>2025-09-18T15:07:23Z</time></trkpt>
      <trkpt lat="48.694432" lon="1.907770"><ele>163.9</ele><time>2025-09-18T15:07:24Z</time></trkpt>
      <trkpt lat="48.694322" lon="1.907793"><ele>166.3</ele><time>2025-09-18T15:07:25Z</time></trkpt>
      <trkpt lat="48.694192" lon="1.907804"><ele>165.7</ele><time>2025-09-18T15:07:26Z</time></trkpt>
      <trkpt lat="48.694059" lon="1.907840"><ele>165.8</ele><time>2025-09-18T15:07:27Z</time></trkpt>
      <trkpt lat="48.693924" lon="1.907899"><ele>165.8</ele><time>2025-09-18T15:07:28Z</time></trkpt>
      <trkpt lat="48.693793" lon="1.907987"><ele>166.9</ele><time>2025-09-18T15:07:29Z</time></trkpt>
      <trkpt lat="48.693622" lon="1.908103"><ele>166.7</ele><time>2025-09-18T15:07:30Z</time></trkpt>
      <trkpt lat="48.693456" lon="1.908262"><ele>160.4</ele><time>2025-09-18T15:07:31Z</time></trkpt>
      <trkpt lat="48.693301" lon="1.908452"><ele>158.7</ele><time>2025-09-18T15:07:32Z</time></trkpt>
      <trkpt lat="48.693126" lon="1.908652"><ele>157.8</ele><time>2025-09-18T15:07:33Z</time></trkpt>
      <trkpt lat="48.692947" lon="1.908851"><ele>156.2</ele><time>2025-09-18T15:07:34Z</time></trkpt>
      <trkpt lat="48.692766" lon="1.909055"><ele>155.1</ele><time>2025-09-18T15:07:35Z</time></trkpt>
      <trkpt lat="48.692581" lon="1.909277"><ele>154.3</ele><time>2025-09-18T15:07:36Z</time></trkpt>
      <trkpt lat="48.692388" lon="1.909497"><ele>152.6</ele><time>2025-09-18T15:07:37Z</time></trkpt>
      <trkpt lat="48.692207" lon="1.909712"><ele>152.0</ele><time>2025-09-18T15:07:38Z</time></trkpt>
      <trkpt lat="48.692030" lon="1.909911"><ele>151.1</ele><time>2025-09-18T15:07:39Z</time></trkpt>
      <trkpt lat="48.691860" lon="1.910101"><ele>150.2</ele><time>2025-09-18T15:07:40Z</time></trkpt>
      <trkpt lat="48.691708" lon="1.910283"><ele>150.4</ele><time>2025-09-18T15:07:41Z</time></trkpt>
      <trkpt lat="48.691560" lon="1.910461"><ele>150.3</ele><time>2025-09-18T15:07:42Z</time></trkpt>
      <trkpt lat="48.691418" lon="1.910657"><ele>150.0</ele><time>2025-09-18T15:07:43Z</time></trkpt>
      <trkpt lat="48.691281" lon="1.910882"><ele>148.9</ele><time>2025-09-18T15:07:44Z</time></trkpt>
      <trkpt lat="48.691129" lon="1.911115"><ele>145.2</ele><time>2025-09-18T15:07:45Z</time></trkpt>
      <trkpt lat="48.691026" lon="1.911400"><ele>144.3</ele><time>2025-09-18T15:07:46Z</time></trkpt>
      <trkpt lat="48.690913" lon="1.911675"><ele>143.6</ele><time>2025-09-18T15:07:47Z</time></trkpt>
      <trkpt lat="48.690786" lon="1.911933"><ele>143.7</ele><time>2025-09-18T15:07:48Z</time></trkpt>
      <trkpt lat="48.690645" lon="1.912185"><ele>143.2</ele><time>2025-09-18T15:07:49Z</time></trkpt>
      <trkpt lat="48.690494" lon="1.912425"><ele>142.4</ele><time>2025-09-18T15:07:50Z</time></trkpt>
      <trkpt lat="48.690343" lon="1.912643"><ele>141.5</ele><time>2025-09-18T15:07:51Z</time></trkpt>
      <trkpt lat="48.690216" lon="1.912866"><ele>141.8</ele><time>2025-09-18T15:07:52Z</time></trkpt>
      <trkpt lat="48.690099" lon="1.913101"><ele>142.6</ele><time>2025-09-18T15:07:53Z</time></trkpt>
      <trkpt lat="48.690014" lon="1.913374"><ele>142.6</ele><time>2025-09-18T15:07:54Z</time></trkpt>
      <trkpt lat="48.689933" lon="1.913670"><ele>141.9</ele><time>2025-09-18T15:07:55Z</time></trkpt>
      <trkpt lat="48.689870" lon="1.914000"><ele>140.8</ele><time>2025-09-18T15:07:56Z</time></trkpt>
      <trkpt lat="48.689800" lon="1.914341"><ele>140.6</ele><time>2025-09-18T15:07:57Z</time></trkpt>
      <trkpt lat="48.689743" lon="1.914681"><ele>140.0</ele><time>2025-09-18T15:07:58Z</time></trkpt>
      <trkpt lat="48.689700" lon="1.915010"><ele>139.5</ele><time>2025-09-18T15:07:59Z</time></trkpt>
      <trkpt lat="48.689667" lon="1.915320"><ele>138.1</ele><time>2025-09-18T15:08:00Z</time></trkpt>
      <trkpt lat="48.689629" lon="1.915614"><ele>136.1</ele><time>2025-09-18T15:08:01Z</time></trkpt>
      <trkpt lat="48.689596" lon="1.915899"><ele>135.8</ele><time>2025-09-18T15:08:02Z</time></trkpt>
      <trkpt lat="48.689577" lon="1.916179"><ele>135.8</ele><time>2025-09-18T15:08:03Z</time></trkpt>
      <trkpt lat="48.689549" lon="1.916438"><ele>135.8</ele><time>2025-09-18T15:08:04Z</time></trkpt>
      <trkpt lat="48.689553" lon="1.916691"><ele>135.6</ele><time>2025-09-18T15:08:05Z</time></trkpt>
      <trkpt lat="48.689543" lon="1.916939"><ele>135.8</ele><time>2025-09-18T15:08:06Z</time></trkpt>
      <trkpt lat="48.689527" lon="1.917181"><ele>134.9</ele><time>2025-09-18T15:08:07Z</time></trkpt>
      <trkpt lat="48.689495" lon="1.917400"><ele>133.8</ele><time>2025-09-18T15:08:08Z</time></trkpt>
      <trkpt lat="48.689427" lon="1.917578"><ele>135.3</ele><time>2025-09-18T15:08:09Z</time></trkpt>
      <trkpt lat="48.689331" lon="1.917735"><ele>135.8</ele><time>2025-09-18T15:08:10Z</time></trkpt>
      <trkpt lat="48.689201" lon="1.917875"><ele>136.9</ele><time>2025-09-18T15:08:11Z</time></trkpt>
      <trkpt lat="48.689048" lon="1.918006"><ele>136.9</ele><time>2025-09-18T15:08:12Z</time></trkpt>
      <trkpt lat="48.688877" lon="1.918149"><ele>137.0</ele><time>2025-09-18T15:08:13Z</time></trkpt>
      <trkpt lat="48.688704" lon="1.918331"><ele>138.2</ele><time>2025-09-18T15:08:14Z</time></trkpt>
      <trkpt lat="48.688543" lon="1.918545"><ele>140.0</ele><time>2025-09-18T15:08:15Z</time></trkpt>
      <trkpt lat="48.688392" lon="1.918770"><ele>141.7</ele><time>2025-09-18T15:08:16Z</time></trkpt>
      <trkpt lat="48.688249" lon="1.918989"><ele>143.8</ele><time>2025-09-18T15:08:17Z</time></trkpt>
      <trkpt lat="48.688102" lon="1.919214"><ele>144.9</ele><time>2025-09-18T15:08:18Z</time></trkpt>
      <trkpt lat="48.687956" lon="1.919453"><ele>144.4</ele><time>2025-09-18T15:08:19Z</time></trkpt>
      <trkpt lat="48.687817" lon="1.919713"><ele>144.7</ele><time>2025-09-18T15:08:20Z</time></trkpt>
      <trkpt lat="48.687678" lon="1.919992"><ele>144.1</ele><time>2025-09-18T15:08:21Z</time></trkpt>
      <trkpt lat="48.687530" lon="1.920280"><ele>144.2</ele><time>2025-09-18T15:08:22Z</time></trkpt>
      <trkpt lat="48.687382" lon="1.920577"><ele>143.2</ele><time>2025-09-18T15:08:23Z</time></trkpt>
      <trkpt lat="48.687207" lon="1.920848"><ele>143.2</ele><time>2025-09-18T15:08:24Z</time></trkpt>
      <trkpt lat="48.687033" lon="1.921101"><ele>141.7</ele><time>2025-09-18T15:08:25Z</time></trkpt>
      <trkpt lat="48.686870" lon="1.921334"><ele>140.6</ele><time>2025-09-18T15:08:26Z</time></trkpt>
      <trkpt lat="48.686710" lon="1.921559"><ele>139.0</ele><time>2025-09-18T15:08:27Z</time></trkpt>
      <trkpt lat="48.686557" lon="1.921775"><ele>138.0</ele><time>2025-09-18T15:08:28Z</time></trkpt>
      <trkpt lat="48.686427" lon="1.922003"><ele>138.5</ele><time>2025-09-18T15:08:29Z</time></trkpt>
      <trkpt lat="48.686302" lon="1.922231"><ele>138.5</ele><time>2025-09-18T15:08:30Z</time></trkpt>
      <trkpt lat="48.686192" lon="1.922466"><ele>138.5</ele><time>2025-09-18T15:08:31Z</time></trkpt>
      <trkpt lat="48.686098" lon="1.922709"><ele>138.3</ele><time>2025-09-18T15:08:32Z</time></trkpt>
      <trkpt lat="48.686013" lon="1.922950"><ele>138.3</ele><time>2025-09-18T15:08:33Z</time></trkpt>
      <trkpt lat="48.685957" lon="1.923187"><ele>138.9</ele><time>2025-09-18T15:08:34Z</time></trkpt>
      <trkpt lat="48.685901" lon="1.923412"><ele>140.4</ele><time>2025-09-18T15:08:35Z</time></trkpt>
      <trkpt lat="48.685845" lon="1.923629"><ele>143.0</ele><time>2025-09-18T15:08:36Z</time></trkpt>
      <trkpt lat="48.685783" lon="1.923853"><ele>142.3</ele><time>2025-09-18T15:08:37Z</time></trkpt>
      <trkpt lat="48.685717" lon="1.924083"><ele>140.7</ele><time>2025-09-18T15:08:38Z</time></trkpt>
      <trkpt lat="48.685653" lon="1.924328"><ele>140.4</ele><time>2025-09-18T15:08:39Z</time></trkpt>
      <trkpt lat="48.685618" lon="1.924601"><ele>141.6</ele><time>2025-09-18T15:08:40Z</time></trkpt>
      <trkpt lat="48.685601" lon="1.924876"><ele>143.1</ele><time>2025-09-18T15:08:41Z</time></trkpt>
      <trkpt lat="48.685517" lon="1.925206"><ele>140.8</ele><time>2025-09-18T15:08:42Z</time></trkpt>
      <trkpt lat="48.685419" lon="1.925501"><ele>141.3</ele><time>2025-09-18T15:08:43Z</time></trkpt>
      <trkpt lat="48.685349" lon="1.925790"><ele>140.0</ele><time>2025-09-18T15:08:44Z</time></trkpt>
      <trkpt lat="48.685262" lon="1.926067"><ele>138.1</ele><time>2025-09-18T15:08:45Z</time></trkpt>
      <trkpt lat="48.685170" lon="1.926331"><ele>135.8</ele><time>2025-09-18T15:08:46Z</time></trkpt>
      <trkpt lat="48.685060" lon="1.926572"><ele>135.2</ele><time>2025-09-18T15:08:47Z</time></trkpt>
      <trkpt lat="48.684937" lon="1.926791"><ele>136.8</ele><time>2025-09-18T15:08:48Z</time></trkpt>
      <trkpt lat="48.684784" lon="1.927013"><ele>139.1</ele><time>2025-09-18T15:08:49Z</time></trkpt>
      <trkpt lat="48.684643" lon="1.927238"><ele>140.0</ele><time>2025-09-18T15:08:50Z</time></trkpt>
      <trkpt lat="48.684515" lon="1.927459"><ele>141.4</ele><time>2025-09-18T15:08:51Z</time></trkpt>
      <trkpt lat="48.684387" lon="1.927683"><ele>141.9</ele><time>2025-09-18T15:08:52Z</time></trkpt>
      <trkpt lat="48.684256" lon="1.927911"><ele>142.3</ele><time>2025-09-18T15:08:53Z</time></trkpt>
      <trkpt lat="48.684123" lon="1.928157"><ele>143.1</ele><time>2025-09-18T15:08:54Z</time></trkpt>
      <trkpt lat="48.683982" lon="1.928418"><ele>144.5</ele><time>2025-09-18T15:08:55Z</time></trkpt>
      <trkpt lat="48.683830" lon="1.928688"><ele>146.1</ele><time>2025-09-18T15:08:56Z</time></trkpt>
      <trkpt lat="48.683656" lon="1.928948"><ele>147.7</ele><time>2025-09-18T15:08:57Z</time></trkpt>
      <trkpt lat="48.683459" lon="1.929192"><ele>148.6</ele><time>2025-09-18T15:08:58Z</time></trkpt>
      <trkpt lat="48.683282" lon="1.929423"><ele>150.5</ele><time>2025-09-18T15:08:59Z</time></trkpt>
      <trkpt lat="48.683118" lon="1.929635"><ele>151.7</ele><time>2025-09-18T15:09:00Z</time></trkpt>
      <trkpt lat="48.682979" lon="1.929834"><ele>153.3</ele><time>2025-09-18T15:09:01Z</time></trkpt>
      <trkpt lat="48.682865" lon="1.930011"><ele>155.8</ele><time>2025-09-18T15:09:02Z</time></trkpt>
      <trkpt lat="48.682756" lon="1.930178"><ele>157.2</ele><time>2025-09-18T15:09:03Z</time></trkpt>
      <trkpt lat="48.682660" lon="1.930332"><ele>158.5</ele><time>2025-09-18T15:09:04Z</time></trkpt>
      <trkpt lat="48.682581" lon="1.930473"><ele>159.9</ele><time>2025-09-18T15:09:05Z</time></trkpt>
      <trkpt lat="48.682527" lon="1.930614"><ele>162.0</ele><time>2025-09-18T15:09:06Z</time></trkpt>
      <trkpt lat="48.682482" lon="1.930769"><ele>162.6</ele><time>2025-09-18T15:09:07Z</time></trkpt>
      <trkpt lat="48.682450" lon="1.930938"><ele>162.9</ele><time>2025-09-18T15:09:08Z</time></trkpt>
      <trkpt lat="48.682443" lon="1.931130"><ele>163.2</ele><time>2025-09-18T15:09:09Z</time></trkpt>
      <trkpt lat="48.682448" lon="1.931334"><ele>163.2</ele><time>2025-09-18T15:09:10Z</time></trkpt>
      <trkpt lat="48.682441" lon="1.931538"><ele>162.7</ele><time>2025-09-18T15:09:11Z</time></trkpt>
      <trkpt lat="48.682394" lon="1.931719"><ele>161.5</ele><time>2025-09-18T15:09:12Z</time></trkpt>
      <trkpt lat="48.682328" lon="1.931878"><ele>159.7</ele><time>2025-09-18T15:09:13Z</time></trkpt>
      <trkpt lat="48.682252" lon="1.932030"><ele>158.7</ele><time>2025-09-18T15:09:14Z</time></trkpt>
      <trkpt lat="48.682156" lon="1.932171"><ele>158.3</ele><time>2025-09-18T15:09:15Z</time></trkpt>
      <trkpt lat="48.682072" lon="1.932335"><ele>157.6</ele><time>2025-09-18T15:09:16Z</time></trkpt>
      <trkpt lat="48.682004" lon="1.932522"><ele>156.4</ele><time>2025-09-18T15:09:17Z</time></trkpt>
      <trkpt lat="48.681961" lon="1.932748"><ele>154.5</ele><time>2025-09-18T15:09:18Z</time></trkpt>
      <trkpt lat="48.681922" lon="1.932965"><ele>152.8</ele><time>2025-09-18T15:09:19Z</time></trkpt>
      <trkpt lat="48.681869" lon="1.933159"><ele>151.4</ele><time>2025-09-18T15:09:20Z</time></trkpt>
      <trkpt lat="48.681791" lon="1.933330"><ele>150.2</ele><time>2025-09-18T15:09:21Z</time></trkpt>
      <trkpt lat="48.681687" lon="1.933490"><ele>148.9</ele><time>2025-09-18T15:09:22Z</time></trkpt>
      <trkpt lat="48.681592" lon="1.933656"><ele>148.1</ele><time>2025-09-18T15:09:23Z</time></trkpt>
      <trkpt lat="48.681514" lon="1.933839"><ele>147.4</ele><time>2025-09-18T15:09:24Z</time></trkpt>
      <trkpt lat="48.681452" lon="1.934041"><ele>146.1</ele><time>2025-09-18T15:09:25Z</time></trkpt>
      <trkpt lat="48.681403" lon="1.934270"><ele>145.2</ele><time>2025-09-18T15:09:26Z</time></trkpt>
      <trkpt lat="48.681362" lon="1.934528"><ele>145.4</ele><time>2025-09-18T15:09:27Z</time></trkpt>
      <trkpt lat="48.681314" lon="1.934793"><ele>144.6</ele><time>2025-09-18T15:09:28Z</time></trkpt>
      <trkpt lat="48.681285" lon="1.935061"><ele>144.3</ele><time>2025-09-18T15:09:29Z</time></trkpt>
      <trkpt lat="48.681270" lon="1.935341"><ele>143.5</ele><time>2025-09-18T15:09:30Z</time></trkpt>
      <trkpt lat="48.681275" lon="1.935646"><ele>142.5</ele><time>2025-09-18T15:09:31Z</time></trkpt>
      <trkpt lat="48.681289" lon="1.935964"><ele>140.5</ele><time>2025-09-18T15:09:32Z</time></trkpt>
      <trkpt lat="48.681311" lon="1.936292"><ele>137.4</ele><time>2025-09-18T15:09:33Z</time></trkpt>
      <trkpt lat="48.681361" lon="1.936645"><ele>135.5</ele><time>2025-09-18T15:09:34Z</time></trkpt>
      <trkpt lat="48.681438" lon="1.937019"><ele>134.4</ele><time>2025-09-18T15:09:35Z</time></trkpt>
      <trkpt lat="48.681527" lon="1.937412"><ele>134.1</ele><time>2025-09-18T15:09:36Z</time></trkpt>
      <trkpt lat="48.681604" lon="1.937787"><ele>133.2</ele><time>2025-09-18T15:09:37Z</time></trkpt>
      <trkpt lat="48.681672" lon="1.938134"><ele>132.1</ele><time>2025-09-18T15:09:38Z</time></trkpt>
      <trkpt lat="48.681734" lon="1.938472"><ele>131.0</ele><time>2025-09-18T15:09:39Z</time></trkpt>
      <trkpt lat="48.681764" lon="1.938832"><ele>129.5</ele><time>2025-09-18T15:09:40Z</time></trkpt>
      <trkpt lat="48.681782" lon="1.939221"><ele>128.3</ele><time>2025-09-18T15:09:41Z</time></trkpt>
      <trkpt lat="48.681812" lon="1.939618"><ele>127.8</ele><time>2025-09-18T15:09:42Z</time></trkpt>
      <trkpt lat="48.681821" lon="1.939991"><ele>126.9</ele><time>2025-09-18T15:09:43Z</time></trkpt>
      <trkpt lat="48.681829" lon="1.940337"><ele>126.2</ele><time>2025-09-18T15:09:44Z</time></trkpt>
      <trkpt lat="48.681831" lon="1.940660"><ele>127.8</ele><time>2025-09-18T15:09:45Z</time></trkpt>
      <trkpt lat="48.681824" lon="1.940968"><ele>129.4</ele><time>2025-09-18T15:09:46Z</time></trkpt>
      <trkpt lat="48.681778" lon="1.941267"><ele>129.5</ele><time>2025-09-18T15:09:47Z</time></trkpt>
      <trkpt lat="48.681702" lon="1.941566"><ele>128.6</ele><time>2025-09-18T15:09:48Z</time></trkpt>
      <trkpt lat="48.681612" lon="1.941864"><ele>129.3</ele><time>2025-09-18T15:09:49Z</time></trkpt>
      <trkpt lat="48.681508" lon="1.942157"><ele>129.6</ele><time>2025-09-18T15:09:50Z</time></trkpt>
      <trkpt lat="48.681393" lon="1.942460"><ele>129.4</ele><time>2025-09-18T15:09:51Z</time></trkpt>
      <trkpt lat="48.681249" lon="1.942740"><ele>129.2</ele><time>2025-09-18T15:09:52Z</time></trkpt>
      <trkpt lat="48.681109" lon="1.943018"><ele>129.4</ele><time>2025-09-18T15:09:53Z</time></trkpt>
      <trkpt lat="48.680956" lon="1.943280"><ele>128.8</ele><time>2025-09-18T15:09:54Z</time></trkpt>
      <trkpt lat="48.680800" lon="1.943541"><ele>129.0</ele><time>2025-09-18T15:09:55Z</time></trkpt>
      <trkpt lat="48.680622" lon="1.943808"><ele>128.5</ele><time>2025-09-18T15:09:56Z</time></trkpt>
      <trkpt lat="48.680441" lon="1.944098"><ele>128.4</ele><time>2025-09-18T15:09:57Z</time></trkpt>
      <trkpt lat="48.680252" lon="1.944401"><ele>128.5</ele><time>2025-09-18T15:09:58Z</time></trkpt>
      <trkpt lat="48.680070" lon="1.944715"><ele>128.7</ele><time>2025-09-18T15:09:59Z</time></trkpt>
      <trkpt lat="48.679849" lon="1.945001"><ele>130.2</ele><time>2025-09-18T15:10:00Z</time></trkpt>
      <trkpt lat="48.679651" lon="1.945299"><ele>131.3</ele><time>2025-09-18T15:10:01Z</time></trkpt>
      <trkpt lat="48.679450" lon="1.945542"><ele>132.0</ele><time>2025-09-18T15:10:02Z</time></trkpt>
      <trkpt lat="48.679271" lon="1.945770"><ele>131.9</ele><time>2025-09-18T15:10:03Z</time></trkpt>
      <trkpt lat="48.679125" lon="1.946008"><ele>133.5</ele><time>2025-09-18T15:10:04Z</time></trkpt>
      <trkpt lat="48.678971" lon="1.946246"><ele>132.5</ele><time>2025-09-18T15:10:05Z</time></trkpt>
      <trkpt lat="48.678817" lon="1.946498"><ele>130.8</ele><time>2025-09-18T15:10:06Z</time></trkpt>
      <trkpt lat="48.678694" lon="1.946783"><ele>132.4</ele><time>2025-09-18T15:10:07Z</time></trkpt>
      <trkpt lat="48.678575" lon="1.947097"><ele>132.7</ele><time>2025-09-18T15:10:08Z</time></trkpt>
      <trkpt lat="48.678475" lon="1.947431"><ele>133.9</ele><time>2025-09-18T15:10:09Z</time></trkpt>
      <trkpt lat="48.678379" lon="1.947750"><ele>134.4</ele><time>2025-09-18T15:10:10Z</time></trkpt>
      <trkpt lat="48.678290" lon="1.948047"><ele>134.5</ele><time>2025-09-18T15:10:11Z</time></trkpt>
      <trkpt lat="48.678206" lon="1.948324"><ele>134.5</ele><time>2025-09-18T15:10:12Z</time></trkpt>
      <trkpt lat="48.678107" lon="1.948592"><ele>134.2</ele><time>2025-09-18T15:10:13Z</time></trkpt>
      <trkpt lat="48.677980" lon="1.948849"><ele>133.6</ele><time>2025-09-18T15:10:14Z</time></trkpt>
      <trkpt lat="48.677819" lon="1.949102"><ele>132.6</ele><time>2025-09-18T15:10:15Z</time></trkpt>
      <trkpt lat="48.677677" lon="1.949378"><ele>132.5</ele><time>2025-09-18T15:10:16Z</time></trkpt>
      <trkpt lat="48.677562" lon="1.949699"><ele>132.0</ele><time>2025-09-18T15:10:17Z</time></trkpt>
      <trkpt lat="48.677448" lon="1.950044"><ele>130.7</ele><time>2025-09-18T15:10:18Z</time></trkpt>
      <trkpt lat="48.677355" lon="1.950400"><ele>129.6</ele><time>2025-09-18T15:10:19Z</time></trkpt>
      <trkpt lat="48.677271" lon="1.950736"><ele>128.5</ele><time>2025-09-18T15:10:20Z</time></trkpt>
      <trkpt lat="48.677208" lon="1.951052"><ele>128.7</ele><time>2025-09-18T15:10:21Z</time></trkpt>
      <trkpt lat="48.677159" lon="1.951344"><ele>128.2</ele><time>2025-09-18T15:10:22Z</time></trkpt>
      <trkpt lat="48.677137" lon="1.951619"><ele>128.4</ele><time>2025-09-18T15:10:23Z</time></trkpt>
      <trkpt lat="48.677107" lon="1.951880"><ele>127.5</ele><time>2025-09-18T15:10:24Z</time></trkpt>
      <trkpt lat="48.677050" lon="1.952132"><ele>126.7</ele><time>2025-09-18T15:10:25Z</time></trkpt>
      <trkpt lat="48.676971" lon="1.952386"><ele>126.7</ele><time>2025-09-18T15:10:26Z</time></trkpt>
      <trkpt lat="48.676864" lon="1.952647"><ele>126.4</ele><time>2025-09-18T15:10:27Z</time></trkpt>
      <trkpt lat="48.676750" lon="1.952918"><ele>126.1</ele><time>2025-09-18T15:10:28Z</time></trkpt>
      <trkpt lat="48.676639" lon="1.953176"><ele>125.6</ele><time>2025-09-18T15:10:29Z</time></trkpt>
      <trkpt lat="48.676536" lon="1.953441"><ele>125.0</ele><time>2025-09-18T15:10:30Z</time></trkpt>
      <trkpt lat="48.676478" lon="1.953739"><ele>124.3</ele><time>2025-09-18T15:10:31Z</time></trkpt>
      <trkpt lat="48.676448" lon="1.954042"><ele>124.6</ele><time>2025-09-18T15:10:32Z</time></trkpt>
      <trkpt lat="48.676425" lon="1.954331"><ele>126.6</ele><time>2025-09-18T15:10:33Z</time></trkpt>
      <trkpt lat="48.676377" lon="1.954590"><ele>126.3</ele><time>2025-09-18T15:10:34Z</time></trkpt>
      <trkpt lat="48.676295" lon="1.954824"><ele>127.0</ele><time>2025-09-18T15:10:35Z</time></trkpt>
      <trkpt lat="48.676179" lon="1.955030"><ele>127.9</ele><time>2025-09-18T15:10:36Z</time></trkpt>
      <trkpt lat="48.676051" lon="1.955207"><ele>128.8</ele><time>2025-09-18T15:10:37Z</time></trkpt>
      <trkpt lat="48.675914" lon="1.955364"><ele>129.5</ele><time>2025-09-18T15:10:38Z</time></trkpt>
      <trkpt lat="48.675776" lon="1.955508"><ele>130.1</ele><time>2025-09-18T15:10:39Z</time></trkpt>
      <trkpt lat="48.675628" lon="1.955633"><ele>131.0</ele><time>2025-09-18T15:10:40Z</time></trkpt>
      <trkpt lat="48.675477" lon="1.955741"><ele>131.6</ele><time>2025-09-18T15:10:41Z</time></trkpt>
      <trkpt lat="48.675317" lon="1.955815"><ele>132.1</ele><time>2025-09-18T15:10:42Z</time></trkpt>
      <trkpt lat="48.675187" lon="1.955879"><ele>133.9</ele><time>2025-09-18T15:10:43Z</time></trkpt>
      <trkpt lat="48.675021" lon="1.955914"><ele>136.1</ele><time>2025-09-18T15:10:44Z</time></trkpt>
      <trkpt lat="48.674887" lon="1.955934"><ele>138.1</ele><time>2025-09-18T15:10:45Z</time></trkpt>
      <trkpt lat="48.674768" lon="1.955972"><ele>141.3</ele><time>2025-09-18T15:10:46Z</time></trkpt>
      <trkpt lat="48.674627" lon="1.956038"><ele>143.3</ele><time>2025-09-18T15:10:47Z</time></trkpt>
      <trkpt lat="48.674504" lon="1.956143"><ele>146.2</ele><time>2025-09-18T15:10:48Z</time></trkpt>
      <trkpt lat="48.674393" lon="1.956271"><ele>146.3</ele><time>2025-09-18T15:10:49Z</time></trkpt>
      <trkpt lat="48.674325" lon="1.956428"><ele>148.2</ele><time>2025-09-18T15:10:50Z</time></trkpt>
      <trkpt lat="48.674325" lon="1.956593"><ele>149.6</ele><time>2025-09-18T15:10:51Z</time></trkpt>
      <trkpt lat="48.674324" lon="1.956781"><ele>147.8</ele><time>2025-09-18T15:10:52Z</time></trkpt>
      <trkpt lat="48.674299" lon="1.956971"><ele>139.5</ele><time>2025-09-18T15:10:53Z</time></trkpt>
      <trkpt lat="48.674301" lon="1.957187"><ele>136.4</ele><time>2025-09-18T15:10:54Z</time></trkpt>
      <trkpt lat="48.674353" lon="1.957436"><ele>136.7</ele><time>2025-09-18T15:10:55Z</time></trkpt>
      <trkpt lat="48.674388" lon="1.957669"><ele>138.6</ele><time>2025-09-18T15:10:56Z</time></trkpt>
      <trkpt lat="48.674428" lon="1.957916"><ele>139.2</ele><time>2025-09-18T15:10:57Z</time></trkpt>
      <trkpt lat="48.674428" lon="1.958153"><ele>139.1</ele><time>2025-09-18T15:10:58Z</time></trkpt>
      <trkpt lat="48.674442" lon="1.958400"><ele>139.6</ele><time>2025-09-18T15:10:59Z</time></trkpt>
      <trkpt lat="48.674446" lon="1.958657"><ele>138.7</ele><time>2025-09-18T15:11:00Z</time></trkpt>
      <trkpt lat="48.674461" lon="1.958914"><ele>141.3</ele><time>2025-09-18T15:11:01Z</time></trkpt>
      <trkpt lat="48.674453" lon="1.959182"><ele>140.3</ele><time>2025-09-18T15:11:02Z</time></trkpt>
      <trkpt lat="48.674425" lon="1.959452"><ele>138.4</ele><time>2025-09-18T15:11:03Z</time></trkpt>
      <trkpt lat="48.674375" lon="1.959715"><ele>135.7</ele><time>2025-09-18T15:11:04Z</time></trkpt>
      <trkpt lat="48.674331" lon="1.959981"><ele>134.9</ele><time>2025-09-18T15:11:05Z</time></trkpt>
      <trkpt lat="48.674285" lon="1.960230"><ele>134.1</ele><time>2025-09-18T15:11:06Z</time></trkpt>
      <trkpt lat="48.674242" lon="1.960460"><ele>133.0</ele><time>2025-09-18T15:11:07Z</time></trkpt>
      <trkpt lat="48.674228" lon="1.960675"><ele>133.0</ele><time>2025-09-18T15:11:08Z</time></trkpt>
      <trkpt lat="48.674234" lon="1.960871"><ele>132.9</ele><time>2025-09-18T15:11:09Z</time></trkpt>
      <trkpt lat="48.674236" lon="1.961050"><ele>132.7</ele><time>2025-09-18T15:11:10Z</time></trkpt>
      <trkpt lat="48.674229" lon="1.961206"><ele>132.3</ele><time>2025-09-18T15:11:11Z</time></trkpt>
      <trkpt lat="48.674235" lon="1.961338"><ele>132.9</ele><time>2025-09-18T15:11:12Z</time></trkpt>
      <trkpt lat="48.674240" lon="1.961441"><ele>134.2</ele><time>2025-09-18T15:11:13Z</time></trkpt>
      <trkpt lat="48.674234" lon="1.961514"><ele>134.0</ele><time>2025-09-18T15:11:14Z</time></trkpt>
      <trkpt lat="48.674239" lon="1.961553"><ele>135.3</ele><time>2025-09-18T15:11:15Z</time></trkpt>
      <trkpt lat="48.674244" lon="1.961574"><ele>135.8</ele><time>2025-09-18T15:11:16Z</time></trkpt>
      <trkpt lat="48.674231" lon="1.961579"><ele>135.5</ele><time>2025-09-18T15:11:17Z</time></trkpt>
      <trkpt lat="48.674192" lon="1.961573"><ele>134.2</ele><time>2025-09-18T15:11:24Z</time></trkpt>
      <trkpt lat="48.674188" lon="1.961583"><ele>134.0</ele><time>2025-09-18T15:11:25Z</time></trkpt>
      <trkpt lat="48.674175" lon="1.961597"><ele>132.3</ele><time>2025-09-18T15:11:26Z</time></trkpt>
      <trkpt lat="48.674182" lon="1.961623"><ele>131.2</ele><time>2025-09-18T15:11:27Z</time></trkpt>
      <trkpt lat="48.674205" lon="1.961654"><ele>130.4</ele><time>2025-09-18T15:11:28Z</time></trkpt>
      <trkpt lat="48.674244" lon="1.961690"><ele>130.1</ele><time>2025-09-18T15:11:29Z</time></trkpt>
      <trkpt lat="48.674293" lon="1.961730"><ele>130.0</ele><time>2025-09-18T15:11:30Z</time></trkpt>
      <trkpt lat="48.674347" lon="1.961769"><ele>129.9</ele><time>2025-09-18T15:11:31Z</time></trkpt>
      <trkpt lat="48.674405" lon="1.961805"><ele>129.7</ele><time>2025-09-18T15:11:32Z</time></trkpt>
      <trkpt lat="48.674467" lon="1.961846"><ele>129.5</ele><time>2025-09-18T15:11:33Z</time></trkpt>
      <trkpt lat="48.674538" lon="1.961891"><ele>129.7</ele><time>2025-09-18T15:11:34Z</time></trkpt>
      <trkpt lat="48.674616" lon="1.961941"><ele>129.9</ele><time>2025-09-18T15:11:35Z</time></trkpt>
      <trkpt lat="48.674704" lon="1.961995"><ele>129.3</ele><time>2025-09-18T15:11:36Z</time></trkpt>
      <trkpt lat="48.674791" lon="1.962048"><ele>130.3</ele><time>2025-09-18T15:11:37Z</time></trkpt>
      <trkpt lat="48.674876" lon="1.962110"><ele>131.2</ele><time>2025-09-18T15:11:38Z</time></trkpt>
      <trkpt lat="48.674969" lon="1.962167"><ele>132.0</ele><time>2025-09-18T15:11:39Z</time></trkpt>
      <trkpt lat="48.675066" lon="1.962220"><ele>133.9</ele><time>2025-09-18T15:11:40Z</time></trkpt>
      <trkpt lat="48.675168" lon="1.962289"><ele>135.5</ele><time>2025-09-18T15:11:41Z</time></trkpt>
      <trkpt lat="48.675253" lon="1.962372"><ele>139.5</ele><time>2025-09-18T15:11:42Z</time></trkpt>
      <trkpt lat="48.675345" lon="1.962494"><ele>141.1</ele><time>2025-09-18T15:11:43Z</time></trkpt>
      <trkpt lat="48.675448" lon="1.962640"><ele>139.3</ele><time>2025-09-18T15:11:44Z</time></trkpt>
      <trkpt lat="48.675549" lon="1.962816"><ele>136.9</ele><time>2025-09-18T15:11:45Z</time></trkpt>
      <trkpt lat="48.675622" lon="1.963003"><ele>135.4</ele><time>2025-09-18T15:11:46Z</time></trkpt>
      <trkpt lat="48.675703" lon="1.963220"><ele>133.9</ele><time>2025-09-18T15:11:47Z</time></trkpt>
      <trkpt lat="48.675784" lon="1.963439"><ele>134.2</ele><time>2025-09-18T15:11:48Z</time></trkpt>
      <trkpt lat="48.675873" lon="1.963658"><ele>132.7</ele><time>2025-09-18T15:11:49Z</time></trkpt>
      <trkpt lat="48.675969" lon="1.963835"><ele>132.4</ele><time>2025-09-18T15:11:50Z</time></trkpt>
      <trkpt lat="48.676068" lon="1.963998"><ele>131.3</ele><time>2025-09-18T15:11:51Z</time></trkpt>
      <trkpt lat="48.676182" lon="1.964130"><ele>131.7</ele><time>2025-09-18T15:11:52Z</time></trkpt>
      <trkpt lat="48.676312" lon="1.964260"><ele>131.4</ele><time>2025-09-18T15:11:53Z</time></trkpt>
      <trkpt lat="48.676449" lon="1.964366"><ele>129.9</ele><time>2025-09-18T15:11:54Z</time></trkpt>
      <trkpt lat="48.676588" lon="1.964451"><ele>129.1</ele><time>2025-09-18T15:11:55Z</time></trkpt>
      <trkpt lat="48.676730" lon="1.964520"><ele>128.4</ele><time>2025-09-18T15:11:56Z</time></trkpt>
      <trkpt lat="48.676872" lon="1.964562"><ele>128.5</ele><time>2025-09-18T15:11:57Z</time></trkpt>
      <trkpt lat="48.677014" lon="1.964614"><ele>128.0</ele><time>2025-09-18T15:11:58Z</time></trkpt>
      <trkpt lat="48.677154" lon="1.964685"><ele>128.3</ele><time>2025-09-18T15:11:59Z</time></trkpt>
      <trkpt lat="48.677295" lon="1.964780"><ele>128.4</ele><time>2025-09-18T15:12:00Z</time></trkpt>
      <trkpt lat="48.677431" lon="1.964890"><ele>128.5</ele><time>2025-09-18T15:12:01Z</time></trkpt>
      <trkpt lat="48.677556" lon="1.964993"><ele>130.6</ele><time>2025-09-18T15:12:02Z</time></trkpt>
      <trkpt lat="48.677692" lon="1.965099"><ele>131.4</ele><time>2025-09-18T15:12:03Z</time></trkpt>
      <trkpt lat="48.677826" lon="1.965197"><ele>132.5</ele><time>2025-09-18T15:12:04Z</time></trkpt>
      <trkpt lat="48.677950" lon="1.965308"><ele>133.3</ele><time>2025-09-18T15:12:05Z</time></trkpt>
      <trkpt lat="48.678069" lon="1.965405"><ele>134.5</ele><time>2025-09-18T15:12:06Z</time></trkpt>
      <trkpt lat="48.678199" lon="1.965498"><ele>134.8</ele><time>2025-09-18T15:12:07Z</time></trkpt>
      <trkpt lat="48.678308" lon="1.965584"><ele>134.8</ele><time>2025-09-18T15:12:08Z</time></trkpt>
      <trkpt lat="48.678386" lon="1.965653"><ele>136.7</ele><time>2025-09-18T15:12:09Z</time></trkpt>
      <trkpt lat="48.678427" lon="1.965677"><ele>144.7</ele><time>2025-09-18T15:12:10Z</time></trkpt>
      <trkpt lat="48.678483" lon="1.965694"><ele>157.5</ele><time>2025-09-18T15:12:11Z</time></trkpt>
      <trkpt lat="48.678618" lon="1.965765"><ele>153.6</ele><time>2025-09-18T15:12:12Z</time></trkpt>
      <trkpt lat="48.678729" lon="1.965835"><ele>154.4</ele><time>2025-09-18T15:12:13Z</time></trkpt>
      <trkpt lat="48.678850" lon="1.965889"><ele>152.5</ele><time>2025-09-18T15:12:14Z</time></trkpt>
      <trkpt lat="48.678953" lon="1.965923"><ele>154.6</ele><time>2025-09-18T15:12:15Z</time></trkpt>
      <trkpt lat="48.679055" lon="1.965947"><ele>154.0</ele><time>2025-09-18T15:12:16Z</time></trkpt>
      <trkpt lat="48.679156" lon="1.965956"><ele>155.0</ele><time>2025-09-18T15:12:17Z</time></trkpt>
      <trkpt lat="48.679282" lon="1.965986"><ele>154.2</ele><time>2025-09-18T15:12:18Z</time></trkpt>
      <trkpt lat="48.679411" lon="1.966020"><ele>151.6</ele><time>2025-09-18T15:12:19Z</time></trkpt>
      <trkpt lat="48.679538" lon="1.966034"><ele>149.6</ele><time>2025-09-18T15:12:20Z</time></trkpt>
      <trkpt lat="48.679652" lon="1.966048"><ele>150.1</ele><time>2025-09-18T15:12:21Z</time></trkpt>
      <trkpt lat="48.679767" lon="1.966057"><ele>148.6</ele><time>2025-09-18T15:12:22Z</time></trkpt>
      <trkpt lat="48.679854" lon="1.966032"><ele>152.0</ele><time>2025-09-18T15:12:23Z</time></trkpt>
      <trkpt lat="48.679939" lon="1.965979"><ele>153.2</ele><time>2025-09-18T15:12:24Z</time></trkpt>
      <trkpt lat="48.680018" lon="1.965881"><ele>153.1</ele><time>2025-09-18T15:12:25Z</time></trkpt>
      <trkpt lat="48.680127" lon="1.965787"><ele>146.2</ele><time>2025-09-18T15:12:26Z</time></trkpt>
      <trkpt lat="48.680228" lon="1.965654"><ele>137.7</ele><time>2025-09-18T15:12:27Z</time></trkpt>
      <trkpt lat="48.680294" lon="1.965480"><ele>135.0</ele><time>2025-09-18T15:12:28Z</time></trkpt>
      <trkpt lat="48.680360" lon="1.965327"><ele>131.4</ele><time>2025-09-18T15:12:29Z</time></trkpt>
      <trkpt lat="48.680442" lon="1.965198"><ele>128.5</ele><time>2025-09-18T15:12:30Z</time></trkpt>
      <trkpt lat="48.680543" lon="1.965105"><ele>127.3</ele><time>2025-09-18T15:12:31Z</time></trkpt>
      <trkpt lat="48.680670" lon="1.965059"><ele>126.4</ele><time>2025-09-18T15:12:32Z</time></trkpt>
      <trkpt lat="48.680832" lon="1.965057"><ele>126.6</ele><time>2025-09-18T15:12:33Z</time></trkpt>
      <trkpt lat="48.681016" lon="1.965093"><ele>127.4</ele><time>2025-09-18T15:12:34Z</time></trkpt>
      <trkpt lat="48.681204" lon="1.965132"><ele>127.8</ele><time>2025-09-18T15:12:35Z</time></trkpt>
      <trkpt lat="48.681387" lon="1.965167"><ele>128.3</ele><time>2025-09-18T15:12:36Z</time></trkpt>
      <trkpt lat="48.681562" lon="1.965187"><ele>128.7</ele><time>2025-09-18T15:12:37Z</time></trkpt>
      <trkpt lat="48.681731" lon="1.965241"><ele>128.5</ele><time>2025-09-18T15:12:38Z</time></trkpt>
      <trkpt lat="48.681911" lon="1.965321"><ele>127.4</ele><time>2025-09-18T15:12:39Z</time></trkpt>
      <trkpt lat="48.682063" lon="1.965413"><ele>128.5</ele><time>2025-09-18T15:12:40Z</time></trkpt>
      <trkpt lat="48.682220" lon="1.965493"><ele>128.2</ele><time>2025-09-18T15:12:41Z</time></trkpt>
      <trkpt lat="48.682365" lon="1.965552"><ele>127.9</ele><time>2025-09-18T15:12:42Z</time></trkpt>
      <trkpt lat="48.682482" lon="1.965676"><ele>129.1</ele><time>2025-09-18T15:12:43Z</time></trkpt>
      <trkpt lat="48.682617" lon="1.965846"><ele>120.3</ele><time>2025-09-18T15:12:44Z</time></trkpt>
      <trkpt lat="48.682664" lon="1.966064"><ele>127.9</ele><time>2025-09-18T15:12:45Z</time></trkpt>
      <trkpt lat="48.682715" lon="1.966330"><ele>129.6</ele><time>2025-09-18T15:12:46Z</time></trkpt>
      <trkpt lat="48.682753" lon="1.966602"><ele>125.4</ele><time>2025-09-18T15:12:47Z</time></trkpt>
      <trkpt lat="48.682794" lon="1.966865"><ele>124.8</ele><time>2025-09-18T15:12:48Z</time></trkpt>
      <trkpt lat="48.682846" lon="1.967118"><ele>124.0</ele><time>2025-09-18T15:12:49Z</time></trkpt>
      <trkpt lat="48.682916" lon="1.967369"><ele>121.8</ele><time>2025-09-18T15:12:50Z</time></trkpt>
      <trkpt lat="48.683001" lon="1.967623"><ele>120.2</ele><time>2025-09-18T15:12:51Z</time></trkpt>
      <trkpt lat="48.683073" lon="1.967875"><ele>119.8</ele><time>2025-09-18T15:12:52Z</time></trkpt>
      <trkpt lat="48.683162" lon="1.968104"><ele>119.9</ele><time>2025-09-18T15:12:53Z</time></trkpt>
      <trkpt lat="48.683250" lon="1.968331"><ele>119.4</ele><time>2025-09-18T15:12:54Z</time></trkpt>
      <trkpt lat="48.683331" lon="1.968568"><ele>119.1</ele><time>2025-09-18T15:12:55Z</time></trkpt>
      <trkpt lat="48.683415" lon="1.968804"><ele>118.5</ele><time>2025-09-18T15:12:56Z</time></trkpt>
      <trkpt lat="48.683499" lon="1.969043"><ele>117.0</ele><time>2025-09-18T15:12:57Z</time></trkpt>
      <trkpt lat="48.683591" lon="1.969286"><ele>113.7</ele><time>2025-09-18T15:12:58Z</time></trkpt>
      <trkpt lat="48.683679" lon="1.969515"><ele>112.0</ele><time>2025-09-18T15:12:59Z</time></trkpt>
      <trkpt lat="48.683780" lon="1.969720"><ele>111.8</ele><time>2025-09-18T15:13:00Z</time></trkpt>
      <trkpt lat="48.683901" lon="1.969895"><ele>111.4</ele><time>2025-09-18T15:13:01Z</time></trkpt>
      <trkpt lat="48.684043" lon="1.970025"><ele>112.1</ele><time>2025-09-18T15:13:02Z</time></trkpt>
      <trkpt lat="48.684204" lon="1.970124"><ele>112.5</ele><time>2025-09-18T15:13:03Z</time></trkpt>
      <trkpt lat="48.684375" lon="1.970202"><ele>113.3</ele><time>2025-09-18T15:13:04Z</time></trkpt>
      <trkpt lat="48.684549" lon="1.970274"><ele>113.9</ele><time>2025-09-18T15:13:05Z</time></trkpt>
      <trkpt lat="48.684714" lon="1.970343"><ele>114.3</ele><time>2025-09-18T15:13:06Z</time></trkpt>
      <trkpt lat="48.684873" lon="1.970408"><ele>114.4</ele><time>2025-09-18T15:13:07Z</time></trkpt>
      <trkpt lat="48.685029" lon="1.970469"><ele>114.4</ele><time>2025-09-18T15:13:08Z</time></trkpt>
      <trkpt lat="48.685184" lon="1.970530"><ele>114.4</ele><time>2025-09-18T15:13:09Z</time></trkpt>
      <trkpt lat="48.685339" lon="1.970594"><ele>114.5</ele><time>2025-09-18T15:13:10Z</time></trkpt>
      <trkpt lat="48.685496" lon="1.970656"><ele>114.2</ele><time>2025-09-18T15:13:11Z</time></trkpt>
      <trkpt lat="48.685651" lon="1.970717"><ele>113.9</ele><time>2025-09-18T15:13:12Z</time></trkpt>
      <trkpt lat="48.685806" lon="1.970775"><ele>114.2</ele><time>2025-09-18T15:13:13Z</time></trkpt>
      <trkpt lat="48.685961" lon="1.970831"><ele>114.2</ele><time>2025-09-18T15:13:14Z</time></trkpt>
      <trkpt lat="48.686119" lon="1.970889"><ele>114.2</ele><time>2025-09-18T15:13:15Z</time></trkpt>
      <trkpt lat="48.686277" lon="1.970950"><ele>114.2</ele><time>2025-09-18T15:13:16Z</time></trkpt>
      <trkpt lat="48.686428" lon="1.971008"><ele>114.1</ele><time>2025-09-18T15:13:17Z</time></trkpt>
      <trkpt lat="48.686572" lon="1.971068"><ele>114.2</ele><time>2025-09-18T15:13:18Z</time></trkpt>
      <trkpt lat="48.686709" lon="1.971141"><ele>114.2</ele><time>2025-09-18T15:13:19Z</time></trkpt>
      <trkpt lat="48.686846" lon="1.971242"><ele>114.4</ele><time>2025-09-18T15:13:20Z</time></trkpt>
      <trkpt lat="48.686983" lon="1.971361"><ele>114.5</ele><time>2025-09-18T15:13:21Z</time></trkpt>
      <trkpt lat="48.687110" lon="1.971488"><ele>114.7</ele><time>2025-09-18T15:13:22Z</time></trkpt>
      <trkpt lat="48.687223" lon="1.971612"><ele>115.0</ele><time>2025-09-18T15:13:23Z</time></trkpt>
      <trkpt lat="48.687323" lon="1.971718"><ele>114.9</ele><time>2025-09-18T15:13:24Z</time></trkpt>
      <trkpt lat="48.687418" lon="1.971814"><ele>115.2</ele><time>2025-09-18T15:13:25Z</time></trkpt>
      <trkpt lat="48.687492" lon="1.971910"><ele>115.5</ele><time>2025-09-18T15:13:26Z</time></trkpt>
      <trkpt lat="48.687546" lon="1.971993"><ele>115.8</ele><time>2025-09-18T15:13:27Z</time></trkpt>
      <trkpt lat="48.687609" lon="1.972066"><ele>116.5</ele><time>2025-09-18T15:13:28Z</time></trkpt>
      <trkpt lat="48.687659" lon="1.972123"><ele>117.0</ele><time>2025-09-18T15:13:29Z</time></trkpt>
      <trkpt lat="48.687702" lon="1.972176"><ele>117.5</ele><time>2025-09-18T15:13:30Z</time></trkpt>
      <trkpt lat="48.687752" lon="1.972231"><ele>117.8</ele><time>2025-09-18T15:13:31Z</time></trkpt>
      <trkpt lat="48.687805" lon="1.972284"><ele>118.1</ele><time>2025-09-18T15:13:32Z</time></trkpt>
      <trkpt lat="48.687863" lon="1.972327"><ele>118.5</ele><time>2025-09-18T15:13:33Z</time></trkpt>
      <trkpt lat="48.687923" lon="1.972363"><ele>118.7</ele><time>2025-09-18T15:13:34Z</time></trkpt>
      <trkpt lat="48.687993" lon="1.972401"><ele>118.9</ele><time>2025-09-18T15:13:35Z</time></trkpt>
      <trkpt lat="48.688071" lon="1.972446"><ele>119.3</ele><time>2025-09-18T15:13:36Z</time></trkpt>
      <trkpt lat="48.688159" lon="1.972497"><ele>119.7</ele><time>2025-09-18T15:13:37Z</time></trkpt>
      <trkpt lat="48.688255" lon="1.972557"><ele>120.0</ele><time>2025-09-18T15:13:38Z</time></trkpt>
      <trkpt lat="48.688353" lon="1.972627"><ele>120.2</ele><time>2025-09-18T15:13:39Z</time></trkpt>
      <trkpt lat="48.688449" lon="1.972701"><ele>120.3</ele><time>2025-09-18T15:13:40Z</time></trkpt>
      <trkpt lat="48.688544" lon="1.972773"><ele>120.3</ele><time>2025-09-18T15:13:41Z</time></trkpt>
      <trkpt lat="48.688640" lon="1.972849"><ele>120.3</ele><time>2025-09-18T15:13:42Z</time></trkpt>
      <trkpt lat="48.688735" lon="1.972926"><ele>120.4</ele><time>2025-09-18T15:13:43Z</time></trkpt>
      <trkpt lat="48.688832" lon="1.973003"><ele>120.3</ele><time>2025-09-18T15:13:44Z</time></trkpt>
      <trkpt lat="48.688922" lon="1.973078"><ele>120.2</ele><time>2025-09-18T15:13:45Z</time></trkpt>
      <trkpt lat="48.689005" lon="1.973146"><ele>120.3</ele><time>2025-09-18T15:13:46Z</time></trkpt>
      <trkpt lat="48.689082" lon="1.973205"><ele>120.4</ele><time>2025-09-18T15:13:47Z</time></trkpt>
      <trkpt lat="48.689156" lon="1.973264"><ele>120.3</ele><time>2025-09-18T15:13:48Z</time></trkpt>
      <trkpt lat="48.689230" lon="1.973327"><ele>120.3</ele><time>2025-09-18T15:13:49Z</time></trkpt>
      <trkpt lat="48.689306" lon="1.973389"><ele>120.1</ele><time>2025-09-18T15:13:50Z</time></trkpt>
      <trkpt lat="48.689387" lon="1.973450"><ele>120.4</ele><time>2025-09-18T15:13:51Z</time></trkpt>
      <trkpt lat="48.689491" lon="1.973525"><ele>119.6</ele><time>2025-09-18T15:13:52Z</time></trkpt>
      <trkpt lat="48.689609" lon="1.973614"><ele>119.2</ele><time>2025-09-18T15:13:53Z</time></trkpt>
      <trkpt lat="48.689736" lon="1.973711"><ele>118.2</ele><time>2025-09-18T15:13:54Z</time></trkpt>
      <trkpt lat="48.689871" lon="1.973817"><ele>117.3</ele><time>2025-09-18T15:13:55Z</time></trkpt>
      <trkpt lat="48.690012" lon="1.973924"><ele>117.1</ele><time>2025-09-18T15:13:56Z</time></trkpt>
      <trkpt lat="48.690151" lon="1.974031"><ele>116.8</ele><time>2025-09-18T15:13:57Z</time></trkpt>
      <trkpt lat="48.690282" lon="1.974138"><ele>116.5</ele><time>2025-09-18T15:13:58Z</time></trkpt>
      <trkpt lat="48.690408" lon="1.974245"><ele>116.2</ele><time>2025-09-18T15:13:59Z</time></trkpt>
      <trkpt lat="48.690536" lon="1.974346"><ele>116.3</ele><time>2025-09-18T15:14:00Z</time></trkpt>
      <trkpt lat="48.690674" lon="1.974436"><ele>116.7</ele><time>2025-09-18T15:14:01Z</time></trkpt>
      <trkpt lat="48.690827" lon="1.974503"><ele>116.5</ele><time>2025-09-18T15:14:02Z</time></trkpt>
      <trkpt lat="48.690989" lon="1.974568"><ele>116.7</ele><time>2025-09-18T15:14:03Z</time></trkpt>
      <trkpt lat="48.691160" lon="1.974648"><ele>116.9</ele><time>2025-09-18T15:14:04Z</time></trkpt>
      <trkpt lat="48.691331" lon="1.974741"><ele>117.1</ele><time>2025-09-18T15:14:05Z</time></trkpt>
      <trkpt lat="48.691503" lon="1.974836"><ele>117.3</ele><time>2025-09-18T15:14:06Z</time></trkpt>
      <trkpt lat="48.691678" lon="1.974935"><ele>117.3</ele><time>2025-09-18T15:14:07Z</time></trkpt>
      <trkpt lat="48.691854" lon="1.975034"><ele>117.2</ele><time>2025-09-18T15:14:08Z</time></trkpt>
      <trkpt lat="48.692031" lon="1.975134"><ele>117.2</ele><time>2025-09-18T15:14:09Z</time></trkpt>
      <trkpt lat="48.692209" lon="1.975235"><ele>116.9</ele><time>2025-09-18T15:14:10Z</time></trkpt>
      <trkpt lat="48.692387" lon="1.975338"><ele>116.7</ele><time>2025-09-18T15:14:11Z</time></trkpt>
      <trkpt lat="48.692565" lon="1.975442"><ele>116.3</ele><time>2025-09-18T15:14:12Z</time></trkpt>
      <trkpt lat="48.692745" lon="1.975544"><ele>116.0</ele><time>2025-09-18T15:14:13Z</time></trkpt>
      <trkpt lat="48.692926" lon="1.975646"><ele>115.7</ele><time>2025-09-18T15:14:14Z</time></trkpt>
      <trkpt lat="48.693109" lon="1.975751"><ele>115.5</ele><time>2025-09-18T15:14:15Z</time></trkpt>
      <trkpt lat="48.693291" lon="1.975856"><ele>115.4</ele><time>2025-09-18T15:14:16Z</time></trkpt>
      <trkpt lat="48.693474" lon="1.975960"><ele>115.4</ele><time>2025-09-18T15:14:17Z</time></trkpt>
      <trkpt lat="48.693658" lon="1.976066"><ele>115.2</ele><time>2025-09-18T15:14:18Z</time></trkpt>
      <trkpt lat="48.693842" lon="1.976174"><ele>115.1</ele><time>2025-09-18T15:14:19Z</time></trkpt>
      <trkpt lat="48.694025" lon="1.976282"><ele>115.0</ele><time>2025-09-18T15:14:20Z</time></trkpt>
      <trkpt lat="48.694209" lon="1.976394"><ele>115.1</ele><time>2025-09-18T15:14:21Z</time></trkpt>
      <trkpt lat="48.694392" lon="1.976512"><ele>115.3</ele><time>2025-09-18T15:14:22Z</time></trkpt>
      <trkpt lat="48.694572" lon="1.976633"><ele>115.6</ele><time>2025-09-18T15:14:23Z</time></trkpt>
      <trkpt lat="48.694752" lon="1.976756"><ele>115.9</ele><time>2025-09-18T15:14:24Z</time></trkpt>
      <trkpt lat="48.694933" lon="1.976875"><ele>116.1</ele><time>2025-09-18T15:14:25Z</time></trkpt>
      <trkpt lat="48.695112" lon="1.976993"><ele>116.7</ele><time>2025-09-18T15:14:26Z</time></trkpt>
      <trkpt lat="48.695292" lon="1.977112"><ele>116.7</ele><time>2025-09-18T15:14:27Z</time></trkpt>
      <trkpt lat="48.695471" lon="1.977230"><ele>116.9</ele><time>2025-09-18T15:14:28Z</time></trkpt>
      <trkpt lat="48.695650" lon="1.977351"><ele>117.0</ele><time>2025-09-18T15:14:29Z</time></trkpt>
      <trkpt lat="48.695822" lon="1.977469"><ele>116.7</ele><time>2025-09-18T15:14:30Z</time></trkpt>
      <trkpt lat="48.695985" lon="1.977578"><ele>116.5</ele><time>2025-09-18T15:14:31Z</time></trkpt>
      <trkpt lat="48.696138" lon="1.977677"><ele>116.3</ele><time>2025-09-18T15:14:32Z</time></trkpt>
      <trkpt lat="48.696285" lon="1.977775"><ele>115.7</ele><time>2025-09-18T15:14:33Z</time></trkpt>
      <trkpt lat="48.696430" lon="1.977874"><ele>115.2</ele><time>2025-09-18T15:14:34Z</time></trkpt>
      <trkpt lat="48.696573" lon="1.977976"><ele>114.7</ele><time>2025-09-18T15:14:35Z</time></trkpt>
      <trkpt lat="48.696715" lon="1.978073"><ele>114.5</ele><time>2025-09-18T15:14:36Z</time></trkpt>
      <trkpt lat="48.696855" lon="1.978168"><ele>114.0</ele><time>2025-09-18T15:14:37Z</time></trkpt>
      <trkpt lat="48.696991" lon="1.978261"><ele>113.9</ele><time>2025-09-18T15:14:38Z</time></trkpt>
      <trkpt lat="48.697125" lon="1.978359"><ele>113.7</ele><time>2025-09-18T15:14:39Z</time></trkpt>
      <trkpt lat="48.697256" lon="1.978458"><ele>113.8</ele><time>2025-09-18T15:14:40Z</time></trkpt>
      <trkpt lat="48.697387" lon="1.978556"><ele>113.8</ele><time>2025-09-18T15:14:41Z</time></trkpt>
      <trkpt lat="48.697520" lon="1.978646"><ele>113.7</ele><time>2025-09-18T15:14:42Z</time></trkpt>
      <trkpt lat="48.697653" lon="1.978734"><ele>113.6</ele><time>2025-09-18T15:14:43Z</time></trkpt>
      <trkpt lat="48.697786" lon="1.978823"><ele>113.6</ele><time>2025-09-18T15:14:44Z</time></trkpt>
      <trkpt lat="48.697913" lon="1.978907"><ele>113.6</ele><time>2025-09-18T15:14:45Z</time></trkpt>
      <trkpt lat="48.698038" lon="1.978988"><ele>113.6</ele><time>2025-09-18T15:14:46Z</time></trkpt>
      <trkpt lat="48.698163" lon="1.979066"><ele>113.0</ele><time>2025-09-18T15:14:47Z</time></trkpt>
      <trkpt lat="48.698285" lon="1.979140"><ele>112.7</ele><time>2025-09-18T15:14:48Z</time></trkpt>
      <trkpt lat="48.698412" lon="1.979217"><ele>111.9</ele><time>2025-09-18T15:14:49Z</time></trkpt>
      <trkpt lat="48.698530" lon="1.979295"><ele>111.7</ele><time>2025-09-18T15:14:50Z</time></trkpt>
      <trkpt lat="48.698642" lon="1.979373"><ele>111.5</ele><time>2025-09-18T15:14:51Z</time></trkpt>
      <trkpt lat="48.698755" lon="1.979447"><ele>110.5</ele><time>2025-09-18T15:14:52Z</time></trkpt>
      <trkpt lat="48.698862" lon="1.979519"><ele>109.8</ele><time>2025-09-18T15:14:53Z</time></trkpt>
      <trkpt lat="48.698961" lon="1.979589"><ele>109.2</ele><time>2025-09-18T15:14:54Z</time></trkpt>
      <trkpt lat="48.699051" lon="1.979655"><ele>108.9</ele><time>2025-09-18T15:14:55Z</time></trkpt>
      <trkpt lat="48.699136" lon="1.979720"><ele>108.2</ele><time>2025-09-18T15:14:56Z</time></trkpt>
      <trkpt lat="48.699214" lon="1.979779"><ele>107.5</ele><time>2025-09-18T15:14:57Z</time></trkpt>
      <trkpt lat="48.699286" lon="1.979833"><ele>107.4</ele><time>2025-09-18T15:14:58Z</time></trkpt>
      <trkpt lat="48.699356" lon="1.979875"><ele>107.0</ele><time>2025-09-18T15:14:59Z</time></trkpt>
      <trkpt lat="48.699432" lon="1.979924"><ele>107.0</ele><time>2025-09-18T15:15:00Z</time></trkpt>
      <trkpt lat="48.699524" lon="1.979981"><ele>106.4</ele><time>2025-09-18T15:15:01Z</time></trkpt>
      <trkpt lat="48.699624" lon="1.980043"><ele>106.2</ele><time>2025-09-18T15:15:02Z</time></trkpt>
      <trkpt lat="48.699734" lon="1.980111"><ele>105.8</ele><time>2025-09-18T15:15:03Z</time></trkpt>
      <trkpt lat="48.699846" lon="1.980183"><ele>106.1</ele><time>2025-09-18T15:15:04Z</time></trkpt>
      <trkpt lat="48.699969" lon="1.980262"><ele>105.6</ele><time>2025-09-18T15:15:05Z</time></trkpt>
      <trkpt lat="48.700094" lon="1.980339"><ele>105.7</ele><time>2025-09-18T15:15:06Z</time></trkpt>
      <trkpt lat="48.700218" lon="1.980420"><ele>105.2</ele><time>2025-09-18T15:15:07Z</time></trkpt>
      <trkpt lat="48.700335" lon="1.980497"><ele>104.7</ele><time>2025-09-18T15:15:08Z</time></trkpt>
      <trkpt lat="48.700442" lon="1.980571"><ele>105.0</ele><time>2025-09-18T15:15:09Z</time></trkpt>
      <trkpt lat="48.700547" lon="1.980643"><ele>105.2</ele><time>2025-09-18T15:15:10Z</time></trkpt>
      <trkpt lat="48.700648" lon="1.980710"><ele>105.5</ele><time>2025-09-18T15:15:11Z</time></trkpt>
      <trkpt lat="48.700747" lon="1.980780"><ele>105.3</ele><time>2025-09-18T15:15:12Z</time></trkpt>
      <trkpt lat="48.700832" lon="1.980841"><ele>105.1</ele><time>2025-09-18T15:15:13Z</time></trkpt>
      <trkpt lat="48.700910" lon="1.980892"><ele>104.3</ele><time>2025-09-18T15:15:14Z</time></trkpt>
      <trkpt lat="48.700982" lon="1.980936"><ele>103.6</ele><time>2025-09-18T15:15:15Z</time></trkpt>
      <trkpt lat="48.701056" lon="1.980980"><ele>103.4</ele><time>2025-09-18T15:15:16Z</time></trkpt>
      <trkpt lat="48.701141" lon="1.981035"><ele>103.6</ele><time>2025-09-18T15:15:17Z</time></trkpt>
      <trkpt lat="48.701235" lon="1.981109"><ele>104.3</ele><time>2025-09-18T15:15:18Z</time></trkpt>
      <trkpt lat="48.701342" lon="1.981186"><ele>105.0</ele><time>2025-09-18T15:15:19Z</time></trkpt>
      <trkpt lat="48.701457" lon="1.981264"><ele>105.0</ele><time>2025-09-18T15:15:20Z</time></trkpt>
      <trkpt lat="48.701573" lon="1.981344"><ele>105.4</ele><time>2025-09-18T15:15:21Z</time></trkpt>
      <trkpt lat="48.701685" lon="1.981435"><ele>105.1</ele><time>2025-09-18T15:15:22Z</time></trkpt>
      <trkpt lat="48.701784" lon="1.981538"><ele>105.5</ele><time>2025-09-18T15:15:23Z</time></trkpt>
      <trkpt lat="48.701882" lon="1.981662"><ele>105.8</ele><time>2025-09-18T15:15:24Z</time></trkpt>
      <trkpt lat="48.701977" lon="1.981794"><ele>106.2</ele><time>2025-09-18T15:15:25Z</time></trkpt>
      <trkpt lat="48.702067" lon="1.981935"><ele>106.9</ele><time>2025-09-18T15:15:26Z</time></trkpt>
      <trkpt lat="48.702160" lon="1.982089"><ele>107.2</ele><time>2025-09-18T15:15:27Z</time></trkpt>
      <trkpt lat="48.702254" lon="1.982247"><ele>106.3</ele><time>2025-09-18T15:15:28Z</time></trkpt>
      <trkpt lat="48.702340" lon="1.982394"><ele>105.8</ele><time>2025-09-18T15:15:29Z</time></trkpt>
      <trkpt lat="48.702428" lon="1.982531"><ele>104.3</ele><time>2025-09-18T15:15:30Z</time></trkpt>
      <trkpt lat="48.702517" lon="1.982667"><ele>103.2</ele><time>2025-09-18T15:15:31Z</time></trkpt>
      <trkpt lat="48.702602" lon="1.982803"><ele>102.7</ele><time>2025-09-18T15:15:32Z</time></trkpt>
      <trkpt lat="48.702689" lon="1.982948"><ele>101.3</ele><time>2025-09-18T15:15:33Z</time></trkpt>
      <trkpt lat="48.702775" lon="1.983094"><ele>100.5</ele><time>2025-09-18T15:15:34Z</time></trkpt>
      <trkpt lat="48.702861" lon="1.983239"><ele>100.0</ele><time>2025-09-18T15:15:35Z</time></trkpt>
      <trkpt lat="48.702948" lon="1.983382"><ele>99.5</ele><time>2025-09-18T15:15:36Z</time></trkpt>
      <trkpt lat="48.703037" lon="1.983526"><ele>99.3</ele><time>2025-09-18T15:15:37Z</time></trkpt>
      <trkpt lat="48.703127" lon="1.983665"><ele>99.3</ele><time>2025-09-18T15:15:38Z</time></trkpt>
      <trkpt lat="48.703214" lon="1.983790"><ele>99.5</ele><time>2025-09-18T15:15:39Z</time></trkpt>
      <trkpt lat="48.703293" lon="1.983897"><ele>98.9</ele><time>2025-09-18T15:15:40Z</time></trkpt>
      <trkpt lat="48.703368" lon="1.983980"><ele>98.7</ele><time>2025-09-18T15:15:41Z</time></trkpt>
      <trkpt lat="48.703435" lon="1.984045"><ele>98.5</ele><time>2025-09-18T15:15:42Z</time></trkpt>
      <trkpt lat="48.703499" lon="1.984106"><ele>97.8</ele><time>2025-09-18T15:15:43Z</time></trkpt>
      <trkpt lat="48.703559" lon="1.984164"><ele>97.8</ele><time>2025-09-18T15:15:44Z</time></trkpt>
      <trkpt lat="48.703623" lon="1.984214"><ele>98.6</ele><time>2025-09-18T15:15:45Z</time></trkpt>
      <trkpt lat="48.703691" lon="1.984271"><ele>99.4</ele><time>2025-09-18T15:15:46Z</time></trkpt>
      <trkpt lat="48.703774" lon="1.984338"><ele>99.3</ele><time>2025-09-18T15:15:47Z</time></trkpt>
      <trkpt lat="48.703864" lon="1.984408"><ele>99.1</ele><time>2025-09-18T15:15:48Z</time></trkpt>
      <trkpt lat="48.703956" lon="1.984480"><ele>99.3</ele><time>2025-09-18T15:15:49Z</time></trkpt>
      <trkpt lat="48.704048" lon="1.984558"><ele>99.5</ele><time>2025-09-18T15:15:50Z</time></trkpt>
      <trkpt lat="48.704128" lon="1.984645"><ele>99.9</ele><time>2025-09-18T15:15:51Z</time></trkpt>
      <trkpt lat="48.704206" lon="1.984744"><ele>100.3</ele><time>2025-09-18T15:15:52Z</time></trkpt>
      <trkpt lat="48.704272" lon="1.984853"><ele>101.1</ele><time>2025-09-18T15:15:53Z</time></trkpt>
      <trkpt lat="48.704338" lon="1.984975"><ele>101.6</ele><time>2025-09-18T15:15:54Z</time></trkpt>
      <trkpt lat="48.704389" lon="1.985095"><ele>103.1</ele><time>2025-09-18T15:15:55Z</time></trkpt>
      <trkpt lat="48.704433" lon="1.985210"><ele>103.5</ele><time>2025-09-18T15:15:56Z</time></trkpt>
      <trkpt lat="48.704470" lon="1.985310"><ele>104.1</ele><time>2025-09-18T15:15:57Z</time></trkpt>
      <trkpt lat="48.704507" lon="1.985396"><ele>103.5</ele><time>2025-09-18T15:15:58Z</time></trkpt>
      <trkpt lat="48.704533" lon="1.985466"><ele>103.8</ele><time>2025-09-18T15:15:59Z</time></trkpt>
      <trkpt lat="48.704555" lon="1.985523"><ele>103.6</ele><time>2025-09-18T15:16:00Z</time></trkpt>
      <trkpt lat="48.704569" lon="1.985564"><ele>103.7</ele><time>2025-09-18T15:16:01Z</time></trkpt>
      <trkpt lat="48.704579" lon="1.985594"><ele>103.4</ele><time>2025-09-18T15:16:02Z</time></trkpt>
      <trkpt lat="48.704585" lon="1.985613"><ele>103.3</ele><time>2025-09-18T15:16:03Z</time></trkpt>
      <trkpt lat="48.704588" lon="1.985627"><ele>103.5</ele><time>2025-09-18T15:16:04Z</time></trkpt>
      <trkpt lat="48.704600" lon="1.985644"><ele>103.5</ele><time>2025-09-18T15:16:10Z</time></trkpt>
      <trkpt lat="48.704614" lon="1.985676"><ele>103.8</ele><time>2025-09-18T15:16:11Z</time></trkpt>
      <trkpt lat="48.704646" lon="1.985718"><ele>104.1</ele><time>2025-09-18T15:16:12Z</time></trkpt>
      <trkpt lat="48.704683" lon="1.985755"><ele>105.2</ele><time>2025-09-18T15:16:13Z</time></trkpt>
      <trkpt lat="48.704729" lon="1.985787"><ele>105.3</ele><time>2025-09-18T15:16:14Z</time></trkpt>
      <trkpt lat="48.704777" lon="1.985820"><ele>105.6</ele><time>2025-09-18T15:16:15Z</time></trkpt>
      <trkpt lat="48.704821" lon="1.985858"><ele>106.1</ele><time>2025-09-18T15:16:16Z</time></trkpt>
      <trkpt lat="48.704860" lon="1.985897"><ele>106.3</ele><time>2025-09-18T15:16:17Z</time></trkpt>
      <trkpt lat="48.704895" lon="1.985931"><ele>106.6</ele><time>2025-09-18T15:16:18Z</time></trkpt>
      <trkpt lat="48.704930" lon="1.985963"><ele>106.3</ele><time>2025-09-18T15:16:19Z</time></trkpt>
      <trkpt lat="48.704963" lon="1.985992"><ele>106.7</ele><time>2025-09-18T15:16:20Z</time></trkpt>
      <trkpt lat="48.704991" lon="1.986013"><ele>109.1</ele><time>2025-09-18T15:16:21Z</time></trkpt>
      <trkpt lat="48.705029" lon="1.986035"><ele>110.1</ele><time>2025-09-18T15:16:22Z</time></trkpt>
      <trkpt lat="48.705067" lon="1.986055"><ele>111.9</ele><time>2025-09-18T15:16:23Z</time></trkpt>
      <trkpt lat="48.705108" lon="1.986076"><ele>113.0</ele><time>2025-09-18T15:16:24Z</time></trkpt>
      <trkpt lat="48.705144" lon="1.986096"><ele>113.7</ele><time>2025-09-18T15:16:25Z</time></trkpt>
      <trkpt lat="48.705187" lon="1.986126"><ele>111.7</ele><time>2025-09-18T15:16:26Z</time></trkpt>
      <trkpt lat="48.705222" lon="1.986149"><ele>111.9</ele><time>2025-09-18T15:16:27Z</time></trkpt>
      <trkpt lat="48.705257" lon="1.986171"><ele>112.1</ele><time>2025-09-18T15:16:28Z</time></trkpt>
      <trkpt lat="48.705296" lon="1.986196"><ele>112.4</ele><time>2025-09-18T15:16:29Z</time></trkpt>
      <trkpt lat="48.705335" lon="1.986227"><ele>114.0</ele><time>2025-09-18T15:16:30Z</time></trkpt>
      <trkpt lat="48.705378" lon="1.986264"><ele>116.2</ele><time>2025-09-18T15:16:31Z</time></trkpt>
      <trkpt lat="48.705421" lon="1.986310"><ele>118.7</ele><time>2025-09-18T15:16:32Z</time></trkpt>
      <trkpt lat="48.705467" lon="1.986364"><ele>119.9</ele><time>2025-09-18T15:16:33Z</time></trkpt>
      <trkpt lat="48.705511" lon="1.986417"><ele>120.2</ele><time>2025-09-18T15:16:34Z</time></trkpt>
      <trkpt lat="48.705552" lon="1.986468"><ele>120.6</ele><time>2025-09-18T15:16:35Z</time></trkpt>
      <trkpt lat="48.705602" lon="1.986509"><ele>117.0</ele><time>2025-09-18T15:16:36Z</time></trkpt>
      <trkpt lat="48.705646" lon="1.986557"><ele>114.0</ele><time>2025-09-18T15:16:37Z</time></trkpt>
      <trkpt lat="48.705684" lon="1.986600"><ele>111.7</ele><time>2025-09-18T15:16:38Z</time></trkpt>
      <trkpt lat="48.705715" lon="1.986644"><ele>110.9</ele><time>2025-09-18T15:16:39Z</time></trkpt>
      <trkpt lat="48.705747" lon="1.986691"><ele>110.1</ele><time>2025-09-18T15:16:40Z</time></trkpt>
      <trkpt lat="48.705780" lon="1.986741"><ele>109.4</ele><time>2025-09-18T15:16:41Z</time></trkpt>
      <trkpt lat="48.705816" lon="1.986795"><ele>108.5</ele><time>2025-09-18T15:16:42Z</time></trkpt>
      <trkpt lat="48.705859" lon="1.986856"><ele>107.5</ele><time>2025-09-18T15:16:43Z</time></trkpt>
      <trkpt lat="48.705907" lon="1.986926"><ele>107.2</ele><time>2025-09-18T15:16:44Z</time></trkpt>
      <trkpt lat="48.705962" lon="1.987008"><ele>106.4</ele><time>2025-09-18T15:16:45Z</time></trkpt>
      <trkpt lat="48.706015" lon="1.987100"><ele>106.3</ele><time>2025-09-18T15:16:46Z</time></trkpt>
      <trkpt lat="48.706070" lon="1.987195"><ele>106.4</ele><time>2025-09-18T15:16:47Z</time></trkpt>
      <trkpt lat="48.706125" lon="1.987290"><ele>106.5</ele><time>2025-09-18T15:16:48Z</time></trkpt>
      <trkpt lat="48.706175" lon="1.987378"><ele>106.9</ele><time>2025-09-18T15:16:49Z</time></trkpt>
      <trkpt lat="48.706221" lon="1.987458"><ele>107.1</ele><time>2025-09-18T15:16:50Z</time></trkpt>
      <trkpt lat="48.706262" lon="1.987533"><ele>107.1</ele><time>2025-09-18T15:16:51Z</time></trkpt>
      <trkpt lat="48.706304" lon="1.987610"><ele>106.5</ele><time>2025-09-18T15:16:52Z</time></trkpt>
      <trkpt lat="48.706347" lon="1.987693"><ele>106.5</ele><time>2025-09-18T15:16:53Z</time></trkpt>
      <trkpt lat="48.706395" lon="1.987789"><ele>106.0</ele><time>2025-09-18T15:16:54Z</time></trkpt>
      <trkpt lat="48.706445" lon="1.987896"><ele>105.7</ele><time>2025-09-18T15:16:55Z</time></trkpt>
      <trkpt lat="48.706492" lon="1.988008"><ele>105.2</ele><time>2025-09-18T15:16:56Z</time></trkpt>
      <trkpt lat="48.706540" lon="1.988123"><ele>104.6</ele><time>2025-09-18T15:16:57Z</time></trkpt>
      <trkpt lat="48.706586" lon="1.988240"><ele>104.1</ele><time>2025-09-18T15:16:58Z</time></trkpt>
      <trkpt lat="48.706626" lon="1.988359"><ele>103.6</ele><time>2025-09-18T15:16:59Z</time></trkpt>
      <trkpt lat="48.706662" lon="1.988472"><ele>103.1</ele><time>2025-09-18T15:17:00Z</time></trkpt>
      <trkpt lat="48.706696" lon="1.988573"><ele>102.7</ele><time>2025-09-18T15:17:01Z</time></trkpt>
      <trkpt lat="48.706730" lon="1.988670"><ele>102.2</ele><time>2025-09-18T15:17:02Z</time></trkpt>
      <trkpt lat="48.706758" lon="1.988757"><ele>101.9</ele><time>2025-09-18T15:17:03Z</time></trkpt>
      <trkpt lat="48.706784" lon="1.988834"><ele>101.8</ele><time>2025-09-18T15:17:04Z</time></trkpt>
      <trkpt lat="48.706808" lon="1.988898"><ele>101.6</ele><time>2025-09-18T15:17:05Z</time></trkpt>
      <trkpt lat="48.706830" lon="1.988954"><ele>101.3</ele><time>2025-09-18T15:17:06Z</time></trkpt>
      <trkpt lat="48.706852" lon="1.989009"><ele>101.0</ele><time>2025-09-18T15:17:07Z</time></trkpt>
      <trkpt lat="48.706876" lon="1.989066"><ele>100.8</ele><time>2025-09-18T15:17:08Z</time></trkpt>
      <trkpt lat="48.706905" lon="1.989115"><ele>100.4</ele><time>2025-09-18T15:17:09Z</time></trkpt>
      <trkpt lat="48.706942" lon="1.989138"><ele>100.4</ele><time>2025-09-18T15:17:10Z</time></trkpt>
      <trkpt lat="48.706990" lon="1.989140"><ele>100.5</ele><time>2025-09-18T15:17:11Z</time></trkpt>
      <trkpt lat="48.707048" lon="1.989137"><ele>100.8</ele><time>2025-09-18T15:17:12Z</time></trkpt>
      <trkpt lat="48.707110" lon="1.989142"><ele>101.0</ele><time>2025-09-18T15:17:13Z</time></trkpt>
      <trkpt lat="48.707172" lon="1.989154"><ele>100.8</ele><time>2025-09-18T15:17:14Z</time></trkpt>
      <trkpt lat="48.707232" lon="1.989163"><ele>100.7</ele><time>2025-09-18T15:17:15Z</time></trkpt>
      <trkpt lat="48.707291" lon="1.989173"><ele>100.5</ele><time>2025-09-18T15:17:16Z</time></trkpt>
      <trkpt lat="48.707343" lon="1.989181"><ele>100.9</ele><time>2025-09-18T15:17:17Z</time></trkpt>
      <trkpt lat="48.707402" lon="1.989196"><ele>100.2</ele><time>2025-09-18T15:17:18Z</time></trkpt>
      <trkpt lat="48.707460" lon="1.989210"><ele>100.2</ele><time>2025-09-18T15:17:19Z</time></trkpt>
      <trkpt lat="48.707517" lon="1.989222"><ele>100.4</ele><time>2025-09-18T15:17:20Z</time></trkpt>
      <trkpt lat="48.707574" lon="1.989232"><ele>100.8</ele><time>2025-09-18T15:17:21Z</time></trkpt>
      <trkpt lat="48.707632" lon="1.989244"><ele>101.4</ele><time>2025-09-18T15:17:22Z</time></trkpt>
      <trkpt lat="48.707693" lon="1.989258"><ele>101.4</ele><time>2025-09-18T15:17:23Z</time></trkpt>
      <trkpt lat="48.707752" lon="1.989275"><ele>102.0</ele><time>2025-09-18T15:17:24Z</time></trkpt>
      <trkpt lat="48.707816" lon="1.989294"><ele>102.3</ele><time>2025-09-18T15:17:25Z</time></trkpt>
      <trkpt lat="48.707878" lon="1.989314"><ele>102.6</ele><time>2025-09-18T15:17:26Z</time></trkpt>
      <trkpt lat="48.707936" lon="1.989333"><ele>102.9</ele><time>2025-09-18T15:17:27Z</time></trkpt>
      <trkpt lat="48.707990" lon="1.989347"><ele>103.3</ele><time>2025-09-18T15:17:28Z</time></trkpt>
      <trkpt lat="48.708044" lon="1.989360"><ele>103.6</ele><time>2025-09-18T15:17:29Z</time></trkpt>
      <trkpt lat="48.708097" lon="1.989373"><ele>104.0</ele><time>2025-09-18T15:17:30Z</time></trkpt>
      <trkpt lat="48.708146" lon="1.989382"><ele>104.0</ele><time>2025-09-18T15:17:31Z</time></trkpt>
      <trkpt lat="48.708190" lon="1.989387"><ele>104.8</ele><time>2025-09-18T15:17:32Z</time></trkpt>
      <trkpt lat="48.708235" lon="1.989390"><ele>104.8</ele><time>2025-09-18T15:17:33Z</time></trkpt>
      <trkpt lat="48.708273" lon="1.989402"><ele>105.4</ele><time>2025-09-18T15:17:34Z</time></trkpt>
      <trkpt lat="48.708313" lon="1.989410"><ele>105.5</ele><time>2025-09-18T15:17:35Z</time></trkpt>
      <trkpt lat="48.708347" lon="1.989410"><ele>105.7</ele><time>2025-09-18T15:17:36Z</time></trkpt>
      <trkpt lat="48.708374" lon="1.989409"><ele>106.5</ele><time>2025-09-18T15:17:37Z</time></trkpt>
      <trkpt lat="48.708396" lon="1.989413"><ele>107.1</ele><time>2025-09-18T15:17:38Z</time></trkpt>
      <trkpt lat="48.708418" lon="1.989412"><ele>107.6</ele><time>2025-09-18T15:17:39Z</time></trkpt>
      <trkpt lat="48.708439" lon="1.989409"><ele>109.7</ele><time>2025-09-18T15:17:40Z</time></trkpt>
      <trkpt lat="48.708466" lon="1.989402"><ele>111.0</ele><time>2025-09-18T15:17:41Z</time></trkpt>
      <trkpt lat="48.708484" lon="1.989400"><ele>113.2</ele><time>2025-09-18T15:17:42Z</time></trkpt>
      <trkpt lat="48.708515" lon="1.989402"><ele>113.7</ele><time>2025-09-18T15:17:43Z</time></trkpt>
      <trkpt lat="48.708533" lon="1.989402"><ele>116.2</ele><time>2025-09-18T15:17:44Z</time></trkpt>
      <trkpt lat="48.708547" lon="1.989400"><ele>118.8</ele><time>2025-09-18T15:17:45Z</time></trkpt>
      <trkpt lat="48.708573" lon="1.989404"><ele>119.7</ele><time>2025-09-18T15:17:46Z</time></trkpt>
      <trkpt lat="48.708591" lon="1.989398"><ele>122.8</ele><time>2025-09-18T15:17:47Z</time></trkpt>
      <trkpt lat="48.708620" lon="1.989397"><ele>125.7</ele><time>2025-09-18T15:17:48Z</time></trkpt>
      <trkpt lat="48.708652" lon="1.989402"><ele>128.3</ele><time>2025-09-18T15:17:49Z</time></trkpt>
      <trkpt lat="48.708692" lon="1.989406"><ele>130.4</ele><time>2025-09-18T15:17:50Z</time></trkpt>
      <trkpt lat="48.708732" lon="1.989423"><ele>133.5</ele><time>2025-09-18T15:17:51Z</time></trkpt>
      <trkpt lat="48.708779" lon="1.989449"><ele>134.4</ele><time>2025-09-18T15:17:52Z</time></trkpt>
      <trkpt lat="48.708830" lon="1.989457"><ele>136.1</ele><time>2025-09-18T15:17:53Z</time></trkpt>
      <trkpt lat="48.708878" lon="1.989456"><ele>140.3</ele><time>2025-09-18T15:17:54Z</time></trkpt>
      <trkpt lat="48.708931" lon="1.989464"><ele>144.2</ele><time>2025-09-18T15:17:55Z</time></trkpt>
      <trkpt lat="48.708989" lon="1.989464"><ele>147.3</ele><time>2025-09-18T15:17:56Z</time></trkpt>
      <trkpt lat="48.709050" lon="1.989464"><ele>149.5</ele><time>2025-09-18T15:17:57Z</time></trkpt>
      <trkpt lat="48.709097" lon="1.989467"><ele>153.9</ele><time>2025-09-18T15:17:58Z</time></trkpt>
      <trkpt lat="48.709154" lon="1.989461"><ele>158.7</ele><time>2025-09-18T15:17:59Z</time></trkpt>
      <trkpt lat="48.709209" lon="1.989460"><ele>163.6</ele><time>2025-09-18T15:18:00Z</time></trkpt>
      <trkpt lat="48.709258" lon="1.989473"><ele>169.1</ele><time>2025-09-18T15:18:01Z</time></trkpt>
      <trkpt lat="48.709311" lon="1.989473"><ele>175.6</ele><time>2025-09-18T15:18:02Z</time></trkpt>
      <trkpt lat="48.709369" lon="1.989466"><ele>180.7</ele><time>2025-09-18T15:18:03Z</time></trkpt>
      <trkpt lat="48.709432" lon="1.989488"><ele>183.3</ele><time>2025-09-18T15:18:04Z</time></trkpt>
      <trkpt lat="48.709480" lon="1.989473"><ele>188.4</ele><time>2025-09-18T15:18:05Z</time></trkpt>
      <trkpt lat="48.709520" lon="1.989486"><ele>191.9</ele><time>2025-09-18T15:18:06Z</time></trkpt>
      <trkpt lat="48.709587" lon="1.989460"><ele>200.2</ele><time>2025-09-18T15:18:07Z</time></trkpt>
      <trkpt lat="48.709660" lon="1.989456"><ele>207.7</ele><time>2025-09-18T15:18:08Z</time></trkpt>
      <trkpt lat="48.709786" lon="1.989478"><ele>204.0</ele><time>2025-09-18T15:18:09Z</time></trkpt>
      <trkpt lat="48.709896" lon="1.989507"><ele>203.3</ele><time>2025-09-18T15:18:10Z</time></trkpt>
      <trkpt lat="48.709995" lon="1.989543"><ele>205.4</ele><time>2025-09-18T15:18:11Z</time></trkpt>
      <trkpt lat="48.710088" lon="1.989596"><ele>207.9</ele><time>2025-09-18T15:18:12Z</time></trkpt>
      <trkpt lat="48.710180" lon="1.989631"><ele>211.0</ele><time>2025-09-18T15:18:13Z</time></trkpt>
      <trkpt lat="48.710285" lon="1.989674"><ele>212.0</ele><time>2025-09-18T15:18:14Z</time></trkpt>
      <trkpt lat="48.710406" lon="1.989776"><ele>206.6</ele><time>2025-09-18T15:18:15Z</time></trkpt>
      <trkpt lat="48.710551" lon="1.989901"><ele>193.6</ele><time>2025-09-18T15:18:16Z</time></trkpt>
      <trkpt lat="48.710733" lon="1.990024"><ele>172.1</ele><time>2025-09-18T15:18:17Z</time></trkpt>
      <trkpt lat="48.710822" lon="1.990107"><ele>169.6</ele><time>2025-09-18T15:18:18Z</time></trkpt>
      <trkpt lat="48.710909" lon="1.990213"><ele>165.8</ele><time>2025-09-18T15:18:19Z</time></trkpt>
      <trkpt lat="48.711000" lon="1.990342"><ele>161.4</ele><time>2025-09-18T15:18:20Z</time></trkpt>
      <trkpt lat="48.711045" lon="1.990502"><ele>159.7</ele><time>2025-09-18T15:18:21Z</time></trkpt>
      <trkpt lat="48.711072" lon="1.990663"><ele>159.1</ele><time>2025-09-18T15:18:22Z</time></trkpt>
      <trkpt lat="48.711084" lon="1.990849"><ele>158.3</ele><time>2025-09-18T15:18:23Z</time></trkpt>
      <trkpt lat="48.711095" lon="1.991030"><ele>158.7</ele><time>2025-09-18T15:18:24Z</time></trkpt>
      <trkpt lat="48.711094" lon="1.991224"><ele>158.3</ele><time>2025-09-18T15:18:25Z</time></trkpt>
      <trkpt lat="48.711136" lon="1.991429"><ele>156.6</ele><time>2025-09-18T15:18:26Z</time></trkpt>
      <trkpt lat="48.711192" lon="1.991637"><ele>156.9</ele><time>2025-09-18T15:18:27Z</time></trkpt>
      <trkpt lat="48.711216" lon="1.991840"><ele>156.8</ele><time>2025-09-18T15:18:28Z</time></trkpt>
      <trkpt lat="48.711219" lon="1.992047"><ele>156.5</ele><time>2025-09-18T15:18:29Z</time></trkpt>
      <trkpt lat="48.711202" lon="1.992255"><ele>156.4</ele><time>2025-09-18T15:18:30Z</time></trkpt>
      <trkpt lat="48.711164" lon="1.992459"><ele>157.7</ele><time>2025-09-18T15:18:31Z</time></trkpt>
      <trkpt lat="48.711103" lon="1.992633"><ele>160.0</ele><time>2025-09-18T15:18:32Z</time></trkpt>
      <trkpt lat="48.711073" lon="1.992864"><ele>159.9</ele><time>2025-09-18T15:18:33Z</time></trkpt>
      <trkpt lat="48.711065" lon="1.993139"><ele>160.0</ele><time>2025-09-18T15:18:34Z</time></trkpt>
      <trkpt lat="48.711016" lon="1.993358"><ele>159.7</ele><time>2025-09-18T15:18:35Z</time></trkpt>
      <trkpt lat="48.710944" lon="1.993550"><ele>158.3</ele><time>2025-09-18T15:18:36Z</time></trkpt>
      <trkpt lat="48.710871" lon="1.993721"><ele>156.2</ele><time>2025-09-18T15:18:37Z</time></trkpt>
      <trkpt lat="48.710791" lon="1.993878"><ele>155.9</ele><time>2025-09-18T15:18:38Z</time></trkpt>
      <trkpt lat="48.710746" lon="1.994044"><ele>156.3</ele><time>2025-09-18T15:18:39Z</time></trkpt>
      <trkpt lat="48.710678" lon="1.994243"><ele>155.2</ele><time>2025-09-18T15:18:40Z</time></trkpt>
      <trkpt lat="48.710656" lon="1.994509"><ele>153.9</ele><time>2025-09-18T15:18:41Z</time></trkpt>
      <trkpt lat="48.710594" lon="1.994720"><ele>154.8</ele><time>2025-09-18T15:18:42Z</time></trkpt>
      <trkpt lat="48.710509" lon="1.994900"><ele>155.5</ele><time>2025-09-18T15:18:43Z</time></trkpt>
      <trkpt lat="48.710409" lon="1.995058"><ele>155.8</ele><time>2025-09-18T15:18:44Z</time></trkpt>
      <trkpt lat="48.710310" lon="1.995210"><ele>156.0</ele><time>2025-09-18T15:18:45Z</time></trkpt>
      <trkpt lat="48.710242" lon="1.995368"><ele>156.9</ele><time>2025-09-18T15:18:46Z</time></trkpt>
      <trkpt lat="48.710174" lon="1.995538"><ele>157.4</ele><time>2025-09-18T15:18:47Z</time></trkpt>
      <trkpt lat="48.710132" lon="1.995745"><ele>156.5</ele><time>2025-09-18T15:18:48Z</time></trkpt>
      <trkpt lat="48.710077" lon="1.995943"><ele>158.0</ele><time>2025-09-18T15:18:49Z</time></trkpt>
      <trkpt lat="48.710022" lon="1.996128"><ele>158.9</ele><time>2025-09-18T15:18:50Z</time></trkpt>
      <trkpt lat="48.709951" lon="1.996290"><ele>159.6</ele><time>2025-09-18T15:18:51Z</time></trkpt>
      <trkpt lat="48.709860" lon="1.996413"><ele>160.2</ele><time>2025-09-18T15:18:52Z</time></trkpt>
      <trkpt lat="48.709796" lon="1.996518"><ele>162.9</ele><time>2025-09-18T15:18:53Z</time></trkpt>
      <trkpt lat="48.709768" lon="1.996673"><ele>165.7</ele><time>2025-09-18T15:18:54Z</time></trkpt>
      <trkpt lat="48.709765" lon="1.996835"><ele>167.3</ele><time>2025-09-18T15:18:55Z</time></trkpt>
      <trkpt lat="48.709763" lon="1.996989"><ele>169.2</ele><time>2025-09-18T15:18:56Z</time></trkpt>
      <trkpt lat="48.709720" lon="1.997162"><ele>170.3</ele><time>2025-09-18T15:18:57Z</time></trkpt>
      <trkpt lat="48.709692" lon="1.997371"><ele>171.0</ele><time>2025-09-18T15:18:58Z</time></trkpt>
      <trkpt lat="48.709664" lon="1.997569"><ele>172.2</ele><time>2025-09-18T15:18:59Z</time></trkpt>
      <trkpt lat="48.709641" lon="1.997779"><ele>173.2</ele><time>2025-09-18T15:19:00Z</time></trkpt>
      <trkpt lat="48.709584" lon="1.997991"><ele>173.0</ele><time>2025-09-18T15:19:01Z</time></trkpt>
      <trkpt lat="48.709545" lon="1.998162"><ele>172.2</ele><time>2025-09-18T15:19:02Z</time></trkpt>
      <trkpt lat="48.709524" lon="1.998315"><ele>173.1</ele><time>2025-09-18T15:19:03Z</time></trkpt>
      <trkpt lat="48.709473" lon="1.998438"><ele>172.3</ele><time>2025-09-18T15:19:04Z</time></trkpt>
      <trkpt lat="48.709417" lon="1.998537"><ele>173.1</ele><time>2025-09-18T15:19:05Z</time></trkpt>
      <trkpt lat="48.709324" lon="1.998609"><ele>176.5</ele><time>2025-09-18T15:19:06Z</time></trkpt>
      <trkpt lat="48.709240" lon="1.998674"><ele>178.2</ele><time>2025-09-18T15:19:07Z</time></trkpt>
      <trkpt lat="48.709196" lon="1.998748"><ele>180.2</ele><time>2025-09-18T15:19:08Z</time></trkpt>
      <trkpt lat="48.709193" lon="1.998810"><ele>183.6</ele><time>2025-09-18T15:19:09Z</time></trkpt>
      <trkpt lat="48.709161" lon="1.998875"><ele>184.5</ele><time>2025-09-18T15:19:10Z</time></trkpt>
      <trkpt lat="48.709110" lon="1.998949"><ele>184.5</ele><time>2025-09-18T15:19:11Z</time></trkpt>
      <trkpt lat="48.709057" lon="1.999058"><ele>184.3</ele><time>2025-09-18T15:19:12Z</time></trkpt>
      <trkpt lat="48.708992" lon="1.999171"><ele>185.6</ele><time>2025-09-18T15:19:13Z</time></trkpt>
      <trkpt lat="48.708938" lon="1.999303"><ele>184.6</ele><time>2025-09-18T15:19:14Z</time></trkpt>
      <trkpt lat="48.708887" lon="1.999443"><ele>183.4</ele><time>2025-09-18T15:19:15Z</time></trkpt>
      <trkpt lat="48.708838" lon="1.999601"><ele>182.6</ele><time>2025-09-18T15:19:16Z</time></trkpt>
      <trkpt lat="48.708813" lon="1.999766"><ele>182.7</ele><time>2025-09-18T15:19:17Z</time></trkpt>
      <trkpt lat="48.708796" lon="1.999923"><ele>182.5</ele><time>2025-09-18T15:19:18Z</time></trkpt>
      <trkpt lat="48.708720" lon="2.000055"><ele>182.5</ele><time>2025-09-18T15:19:19Z</time></trkpt>
      <trkpt lat="48.708636" lon="2.000194"><ele>182.4</ele><time>2025-09-18T15:19:20Z</time></trkpt>
      <trkpt lat="48.708553" lon="2.000322"><ele>182.8</ele><time>2025-09-18T15:19:21Z</time></trkpt>
      <trkpt lat="48.708490" lon="2.000461"><ele>183.6</ele><time>2025-09-18T15:19:22Z</time></trkpt>
      <trkpt lat="48.708422" lon="2.000596"><ele>184.6</ele><time>2025-09-18T15:19:23Z</time></trkpt>
      <trkpt lat="48.708357" lon="2.000727"><ele>184.9</ele><time>2025-09-18T15:19:24Z</time></trkpt>
      <trkpt lat="48.708295" lon="2.000856"><ele>185.2</ele><time>2025-09-18T15:19:25Z</time></trkpt>
      <trkpt lat="48.708251" lon="2.000990"><ele>185.1</ele><time>2025-09-18T15:19:26Z</time></trkpt>
      <trkpt lat="48.708222" lon="2.001127"><ele>185.3</ele><time>2025-09-18T15:19:27Z</time></trkpt>
      <trkpt lat="48.708186" lon="2.001250"><ele>184.8</ele><time>2025-09-18T15:19:28Z</time></trkpt>
      <trkpt lat="48.708154" lon="2.001362"><ele>184.7</ele><time>2025-09-18T15:19:29Z</time></trkpt>
      <trkpt lat="48.708182" lon="2.001475"><ele>185.8</ele><time>2025-09-18T15:19:30Z</time></trkpt>
      <trkpt lat="48.708185" lon="2.001556"><ele>186.7</ele><time>2025-09-18T15:19:31Z</time></trkpt>
      <trkpt lat="48.708297" lon="2.001609"><ele>186.9</ele><time>2025-09-18T15:19:32Z</time></trkpt>
      <trkpt lat="48.708372" lon="2.001631"><ele>187.0</ele><time>2025-09-18T15:19:33Z</time></trkpt>
      <trkpt lat="48.708401" lon="2.001690"><ele>188.2</ele><time>2025-09-18T15:19:34Z</time></trkpt>
      <trkpt lat="48.708467" lon="2.001749"><ele>189.0</ele><time>2025-09-18T15:19:35Z</time></trkpt>
      <trkpt lat="48.708537" lon="2.001789"><ele>190.2</ele><time>2025-09-18T15:19:36Z</time></trkpt>
      <trkpt lat="48.708609" lon="2.001808"><ele>191.5</ele><time>2025-09-18T15:19:37Z</time></trkpt>
      <trkpt lat="48.708691" lon="2.001829"><ele>192.8</ele><time>2025-09-18T15:19:38Z</time></trkpt>
      <trkpt lat="48.708781" lon="2.001829"><ele>193.6</ele><time>2025-09-18T15:19:39Z</time></trkpt>
      <trkpt lat="48.708871" lon="2.001831"><ele>194.7</ele><time>2025-09-18T15:19:40Z</time></trkpt>
      <trkpt lat="48.708963" lon="2.001805"><ele>197.2</ele><time>2025-09-18T15:19:41Z</time></trkpt>
      <trkpt lat="48.709079" lon="2.001767"><ele>199.0</ele><time>2025-09-18T15:19:42Z</time></trkpt>
      <trkpt lat="48.709174" lon="2.001765"><ele>201.4</ele><time>2025-09-18T15:19:43Z</time></trkpt>
      <trkpt lat="48.709294" lon="2.001797"><ele>203.2</ele><time>2025-09-18T15:19:44Z</time></trkpt>
      <trkpt lat="48.709415" lon="2.001799"><ele>205.7</ele><time>2025-09-18T15:19:45Z</time></trkpt>
      <trkpt lat="48.709531" lon="2.001807"><ele>207.3</ele><time>2025-09-18T15:19:46Z</time></trkpt>
      <trkpt lat="48.709688" lon="2.001848"><ele>209.5</ele><time>2025-09-18T15:19:47Z</time></trkpt>
      <trkpt lat="48.709851" lon="2.001829"><ele>211.2</ele><time>2025-09-18T15:19:48Z</time></trkpt>
      <trkpt lat="48.710000" lon="2.001821"><ele>214.4</ele><time>2025-09-18T15:19:49Z</time></trkpt>
      <trkpt lat="48.710176" lon="2.001803"><ele>217.2</ele><time>2025-09-18T15:19:50Z</time></trkpt>
      <trkpt lat="48.710355" lon="2.001781"><ele>218.9</ele><time>2025-09-18T15:19:51Z</time></trkpt>
      <trkpt lat="48.710518" lon="2.001766"><ele>220.5</ele><time>2025-09-18T15:19:52Z</time></trkpt>
      <trkpt lat="48.710678" lon="2.001746"><ele>221.1</ele><time>2025-09-18T15:19:53Z</time></trkpt>
      <trkpt lat="48.710831" lon="2.001725"><ele>221.7</ele><time>2025-09-18T15:19:54Z</time></trkpt>
      <trkpt lat="48.710985" lon="2.001735"><ele>222.1</ele><time>2025-09-18T15:19:55Z</time></trkpt>
      <trkpt lat="48.711143" lon="2.001736"><ele>222.5</ele><time>2025-09-18T15:19:56Z</time></trkpt>
      <trkpt lat="48.711304" lon="2.001737"><ele>222.7</ele><time>2025-09-18T15:19:57Z</time></trkpt>
      <trkpt lat="48.711459" lon="2.001745"><ele>222.8</ele><time>2025-09-18T15:19:58Z</time></trkpt>
      <trkpt lat="48.711609" lon="2.001752"><ele>222.8</ele><time>2025-09-18T15:19:59Z</time></trkpt>
      <trkpt lat="48.711756" lon="2.001755"><ele>223.1</ele><time>2025-09-18T15:20:00Z</time></trkpt>
      <trkpt lat="48.711911" lon="2.001764"><ele>222.4</ele><time>2025-09-18T15:20:01Z</time></trkpt>
      <trkpt lat="48.712066" lon="2.001770"><ele>222.7</ele><time>2025-09-18T15:20:02Z</time></trkpt>
      <trkpt lat="48.712228" lon="2.001777"><ele>222.2</ele><time>2025-09-18T15:20:03Z</time></trkpt>
      <trkpt lat="48.712394" lon="2.001781"><ele>221.6</ele><time>2025-09-18T15:20:04Z</time></trkpt>
      <trkpt lat="48.712559" lon="2.001787"><ele>221.1</ele><time>2025-09-18T15:20:05Z</time></trkpt>
      <trkpt lat="48.712734" lon="2.001796"><ele>219.1</ele><time>2025-09-18T15:20:06Z</time></trkpt>
      <trkpt lat="48.712942" lon="2.001833"><ele>209.6</ele><time>2025-09-18T15:20:07Z</time></trkpt>
      <trkpt lat="48.713123" lon="2.001861"><ele>205.7</ele><time>2025-09-18T15:20:08Z</time></trkpt>
      <trkpt lat="48.713315" lon="2.001901"><ele>199.2</ele><time>2025-09-18T15:20:09Z</time></trkpt>
      <trkpt lat="48.713500" lon="2.001928"><ele>195.1</ele><time>2025-09-18T15:20:10Z</time></trkpt>
      <trkpt lat="48.713685" lon="2.001959"><ele>191.0</ele><time>2025-09-18T15:20:11Z</time></trkpt>
      <trkpt lat="48.713863" lon="2.001981"><ele>188.0</ele><time>2025-09-18T15:20:12Z</time></trkpt>
      <trkpt lat="48.714034" lon="2.001998"><ele>186.2</ele><time>2025-09-18T15:20:13Z</time></trkpt>
      <trkpt lat="48.714203" lon="2.002015"><ele>184.7</ele><time>2025-09-18T15:20:14Z</time></trkpt>
      <trkpt lat="48.714370" lon="2.002030"><ele>183.1</ele><time>2025-09-18T15:20:15Z</time></trkpt>
      <trkpt lat="48.714533" lon="2.002043"><ele>182.4</ele><time>2025-09-18T15:20:16Z</time></trkpt>
      <trkpt lat="48.714697" lon="2.002058"><ele>181.2</ele><time>2025-09-18T15:20:17Z</time></trkpt>
      <trkpt lat="48.714861" lon="2.002072"><ele>180.2</ele><time>2025-09-18T15:20:18Z</time></trkpt>
      <trkpt lat="48.715023" lon="2.002085"><ele>179.4</ele><time>2025-09-18T15:20:19Z</time></trkpt>
      <trkpt lat="48.715178" lon="2.002101"><ele>178.6</ele><time>2025-09-18T15:20:20Z</time></trkpt>
      <trkpt lat="48.715329" lon="2.002115"><ele>177.7</ele><time>2025-09-18T15:20:21Z</time></trkpt>
      <trkpt lat="48.715482" lon="2.002127"><ele>177.0</ele><time>2025-09-18T15:20:22Z</time></trkpt>
      <trkpt lat="48.715637" lon="2.002140"><ele>176.3</ele><time>2025-09-18T15:20:23Z</time></trkpt>
      <trkpt lat="48.715796" lon="2.002154"><ele>175.2</ele><time>2025-09-18T15:20:24Z</time></trkpt>
      <trkpt lat="48.715957" lon="2.002168"><ele>174.4</ele><time>2025-09-18T15:20:25Z</time></trkpt>
      <trkpt lat="48.716120" lon="2.002183"><ele>173.6</ele><time>2025-09-18T15:20:26Z</time></trkpt>
      <trkpt lat="48.716287" lon="2.002197"><ele>172.8</ele><time>2025-09-18T15:20:27Z</time></trkpt>
      <trkpt lat="48.716455" lon="2.002210"><ele>172.0</ele><time>2025-09-18T15:20:28Z</time></trkpt>
      <trkpt lat="48.716626" lon="2.002222"><ele>171.5</ele><time>2025-09-18T15:20:29Z</time></trkpt>
      <trkpt lat="48.716799" lon="2.002234"><ele>170.9</ele><time>2025-09-18T15:20:30Z</time></trkpt>
      <trkpt lat="48.716975" lon="2.002248"><ele>170.2</ele><time>2025-09-18T15:20:31Z</time></trkpt>
      <trkpt lat="48.717153" lon="2.002263"><ele>169.6</ele><time>2025-09-18T15:20:32Z</time></trkpt>
      <trkpt lat="48.717333" lon="2.002278"><ele>169.2</ele><time>2025-09-18T15:20:33Z</time></trkpt>
      <trkpt lat="48.717516" lon="2.002293"><ele>168.5</ele><time>2025-09-18T15:20:34Z</time></trkpt>
      <trkpt lat="48.717700" lon="2.002308"><ele>167.9</ele><time>2025-09-18T15:20:35Z</time></trkpt>
      <trkpt lat="48.717885" lon="2.002324"><ele>167.3</ele><time>2025-09-18T15:20:36Z</time></trkpt>
      <trkpt lat="48.718071" lon="2.002337"><ele>166.9</ele><time>2025-09-18T15:20:37Z</time></trkpt>
      <trkpt lat="48.718250" lon="2.002350"><ele>166.5</ele><time>2025-09-18T15:20:38Z</time></trkpt>
      <trkpt lat="48.718418" lon="2.002361"><ele>166.4</ele><time>2025-09-18T15:20:39Z</time></trkpt>
      <trkpt lat="48.718579" lon="2.002370"><ele>166.1</ele><time>2025-09-18T15:20:40Z</time></trkpt>
      <trkpt lat="48.718735" lon="2.002379"><ele>165.9</ele><time>2025-09-18T15:20:41Z</time></trkpt>
      <trkpt lat="48.718882" lon="2.002387"><ele>165.7</ele><time>2025-09-18T15:20:42Z</time></trkpt>
      <trkpt lat="48.719018" lon="2.002388"><ele>165.5</ele><time>2025-09-18T15:20:43Z</time></trkpt>
      <trkpt lat="48.719142" lon="2.002379"><ele>165.3</ele><time>2025-09-18T15:20:44Z</time></trkpt>
      <trkpt lat="48.719253" lon="2.002360"><ele>165.1</ele><time>2025-09-18T15:20:45Z</time></trkpt>
      <trkpt lat="48.719351" lon="2.002339"><ele>164.8</ele><time>2025-09-18T15:20:46Z</time></trkpt>
      <trkpt lat="48.719433" lon="2.002319"><ele>164.8</ele><time>2025-09-18T15:20:47Z</time></trkpt>
      <trkpt lat="48.719501" lon="2.002300"><ele>164.6</ele><time>2025-09-18T15:20:48Z</time></trkpt>
      <trkpt lat="48.719558" lon="2.002286"><ele>164.4</ele><time>2025-09-18T15:20:49Z</time></trkpt>
      <trkpt lat="48.719604" lon="2.002277"><ele>164.2</ele><time>2025-09-18T15:20:50Z</time></trkpt>
      <trkpt lat="48.719643" lon="2.002277"><ele>163.8</ele><time>2025-09-18T15:20:51Z</time></trkpt>
      <trkpt lat="48.719674" lon="2.002279"><ele>163.6</ele><time>2025-09-18T15:20:52Z</time></trkpt>
      <trkpt lat="48.719700" lon="2.002279"><ele>163.4</ele><time>2025-09-18T15:20:53Z</time></trkpt>
      <trkpt lat="48.719721" lon="2.002276"><ele>163.1</ele><time>2025-09-18T15:20:54Z</time></trkpt>
      <trkpt lat="48.719737" lon="2.002273"><ele>163.0</ele><time>2025-09-18T15:20:55Z</time></trkpt>
      <trkpt lat="48.719748" lon="2.002271"><ele>163.0</ele><time>2025-09-18T15:20:56Z</time></trkpt>
      <trkpt lat="48.719774" lon="2.002270"><ele>162.5</ele><time>2025-09-18T15:21:00Z</time></trkpt>
      <trkpt lat="48.719788" lon="2.002272"><ele>162.4</ele><time>2025-09-18T15:21:01Z</time></trkpt>
      <trkpt lat="48.719802" lon="2.002276"><ele>162.1</ele><time>2025-09-18T15:21:02Z</time></trkpt>
      <trkpt lat="48.719811" lon="2.002279"><ele>162.0</ele><time>2025-09-18T15:21:03Z</time></trkpt>
      <trkpt lat="48.719830" lon="2.002287"><ele>161.8</ele><time>2025-09-18T15:21:06Z</time></trkpt>
      <trkpt lat="48.719866" lon="2.002317"><ele>161.5</ele><time>2025-09-18T15:21:07Z</time></trkpt>
      <trkpt lat="48.719918" lon="2.002371"><ele>161.4</ele><time>2025-09-18T15:21:08Z</time></trkpt>
      <trkpt lat="48.719975" lon="2.002423"><ele>161.4</ele><time>2025-09-18T15:21:09Z</time></trkpt>
      <trkpt lat="48.720040" lon="2.002460"><ele>161.3</ele><time>2025-09-18T15:21:10Z</time></trkpt>
      <trkpt lat="48.720109" lon="2.002466"><ele>161.2</ele><time>2025-09-18T15:21:11Z</time></trkpt>
      <trkpt lat="48.720179" lon="2.002436"><ele>161.3</ele><time>2025-09-18T15:21:12Z</time></trkpt>
      <trkpt lat="48.720259" lon="2.002385"><ele>161.1</ele><time>2025-09-18T15:21:13Z</time></trkpt>
      <trkpt lat="48.720353" lon="2.002352"><ele>161.1</ele><time>2025-09-18T15:21:14Z</time></trkpt>
      <trkpt lat="48.720463" lon="2.002355"><ele>161.2</ele><time>2025-09-18T15:21:15Z</time></trkpt>
      <trkpt lat="48.720583" lon="2.002387"><ele>161.3</ele><time>2025-09-18T15:21:16Z</time></trkpt>
      <trkpt lat="48.720706" lon="2.002432"><ele>161.3</ele><time>2025-09-18T15:21:17Z</time></trkpt>
      <trkpt lat="48.720835" lon="2.002478"><ele>161.3</ele><time>2025-09-18T15:21:18Z</time></trkpt>
      <trkpt lat="48.720968" lon="2.002516"><ele>161.2</ele><time>2025-09-18T15:21:19Z</time></trkpt>
      <trkpt lat="48.721104" lon="2.002539"><ele>161.3</ele><time>2025-09-18T15:21:20Z</time></trkpt>
      <trkpt lat="48.721241" lon="2.002552"><ele>161.3</ele><time>2025-09-18T15:21:21Z</time></trkpt>
      <trkpt lat="48.721379" lon="2.002563"><ele>161.3</ele><time>2025-09-18T15:21:22Z</time></trkpt>
      <trkpt lat="48.721520" lon="2.002577"><ele>161.2</ele><time>2025-09-18T15:21:23Z</time></trkpt>
      <trkpt lat="48.721665" lon="2.002590"><ele>161.2</ele><time>2025-09-18T15:21:24Z</time></trkpt>
      <trkpt lat="48.721817" lon="2.002603"><ele>161.3</ele><time>2025-09-18T15:21:25Z</time></trkpt>
      <trkpt lat="48.721974" lon="2.002616"><ele>161.3</ele><time>2025-09-18T15:21:26Z</time></trkpt>
      <trkpt lat="48.722136" lon="2.002632"><ele>161.4</ele><time>2025-09-18T15:21:27Z</time></trkpt>
      <trkpt lat="48.722302" lon="2.002646"><ele>161.6</ele><time>2025-09-18T15:21:28Z</time></trkpt>
      <trkpt lat="48.722463" lon="2.002660"><ele>161.7</ele><time>2025-09-18T15:21:29Z</time></trkpt>
      <trkpt lat="48.722616" lon="2.002672"><ele>161.9</ele><time>2025-09-18T15:21:30Z</time></trkpt>
      <trkpt lat="48.722766" lon="2.002685"><ele>162.0</ele><time>2025-09-18T15:21:31Z</time></trkpt>
      <trkpt lat="48.722920" lon="2.002700"><ele>162.1</ele><time>2025-09-18T15:21:32Z</time></trkpt>
      <trkpt lat="48.723077" lon="2.002716"><ele>162.1</ele><time>2025-09-18T15:21:33Z</time></trkpt>
      <trkpt lat="48.723238" lon="2.002730"><ele>162.2</ele><time>2025-09-18T15:21:34Z</time></trkpt>
      <trkpt lat="48.723404" lon="2.002742"><ele>162.2</ele><time>2025-09-18T15:21:35Z</time></trkpt>
      <trkpt lat="48.723572" lon="2.002754"><ele>162.4</ele><time>2025-09-18T15:21:36Z</time></trkpt>
      <trkpt lat="48.723743" lon="2.002769"><ele>162.6</ele><time>2025-09-18T15:21:37Z</time></trkpt>
      <trkpt lat="48.723917" lon="2.002784"><ele>162.8</ele><time>2025-09-18T15:21:38Z</time></trkpt>
      <trkpt lat="48.724091" lon="2.002800"><ele>163.0</ele><time>2025-09-18T15:21:39Z</time></trkpt>
      <trkpt lat="48.724267" lon="2.002815"><ele>163.4</ele><time>2025-09-18T15:21:40Z</time></trkpt>
      <trkpt lat="48.724444" lon="2.002830"><ele>163.8</ele><time>2025-09-18T15:21:41Z</time></trkpt>
      <trkpt lat="48.724621" lon="2.002844"><ele>164.4</ele><time>2025-09-18T15:21:42Z</time></trkpt>
      <trkpt lat="48.724800" lon="2.002858"><ele>165.0</ele><time>2025-09-18T15:21:43Z</time></trkpt>
      <trkpt lat="48.724979" lon="2.002873"><ele>165.5</ele><time>2025-09-18T15:21:44Z</time></trkpt>
      <trkpt lat="48.725159" lon="2.002888"><ele>165.9</ele><time>2025-09-18T15:21:45Z</time></trkpt>
      <trkpt lat="48.725336" lon="2.002904"><ele>166.3</ele><time>2025-09-18T15:21:46Z</time></trkpt>
      <trkpt lat="48.725512" lon="2.002918"><ele>166.6</ele><time>2025-09-18T15:21:47Z</time></trkpt>
      <trkpt lat="48.725685" lon="2.002932"><ele>166.9</ele><time>2025-09-18T15:21:48Z</time></trkpt>
      <trkpt lat="48.725857" lon="2.002945"><ele>167.2</ele><time>2025-09-18T15:21:49Z</time></trkpt>
      <trkpt lat="48.726028" lon="2.002959"><ele>167.5</ele><time>2025-09-18T15:21:50Z</time></trkpt>
      <trkpt lat="48.726196" lon="2.002973"><ele>167.8</ele><time>2025-09-18T15:21:51Z</time></trkpt>
      <trkpt lat="48.726364" lon="2.002990"><ele>168.0</ele><time>2025-09-18T15:21:52Z</time></trkpt>
      <trkpt lat="48.726529" lon="2.003006"><ele>168.2</ele><time>2025-09-18T15:21:53Z</time></trkpt>
      <trkpt lat="48.726690" lon="2.003024"><ele>168.4</ele><time>2025-09-18T15:21:54Z</time></trkpt>
      <trkpt lat="48.726846" lon="2.003043"><ele>168.6</ele><time>2025-09-18T15:21:55Z</time></trkpt>
      <trkpt lat="48.726998" lon="2.003060"><ele>168.7</ele><time>2025-09-18T15:21:56Z</time></trkpt>
      <trkpt lat="48.727147" lon="2.003077"><ele>169.0</ele><time>2025-09-18T15:21:57Z</time></trkpt>
      <trkpt lat="48.727296" lon="2.003090"><ele>169.1</ele><time>2025-09-18T15:21:58Z</time></trkpt>
      <trkpt lat="48.727446" lon="2.003101"><ele>169.0</ele><time>2025-09-18T15:21:59Z</time></trkpt>
      <trkpt lat="48.727598" lon="2.003111"><ele>168.9</ele><time>2025-09-18T15:22:00Z</time></trkpt>
      <trkpt lat="48.727750" lon="2.003118"><ele>168.7</ele><time>2025-09-18T15:22:01Z</time></trkpt>
      <trkpt lat="48.727904" lon="2.003124"><ele>168.5</ele><time>2025-09-18T15:22:02Z</time></trkpt>
      <trkpt lat="48.728059" lon="2.003133"><ele>168.2</ele><time>2025-09-18T15:22:03Z</time></trkpt>
      <trkpt lat="48.728214" lon="2.003146"><ele>167.9</ele><time>2025-09-18T15:22:04Z</time></trkpt>
      <trkpt lat="48.728368" lon="2.003159"><ele>167.6</ele><time>2025-09-18T15:22:05Z</time></trkpt>
      <trkpt lat="48.728521" lon="2.003170"><ele>167.4</ele><time>2025-09-18T15:22:06Z</time></trkpt>
      <trkpt lat="48.728673" lon="2.003180"><ele>167.1</ele><time>2025-09-18T15:22:07Z</time></trkpt>
      <trkpt lat="48.728825" lon="2.003190"><ele>166.6</ele><time>2025-09-18T15:22:08Z</time></trkpt>
      <trkpt lat="48.728976" lon="2.003199"><ele>166.4</ele><time>2025-09-18T15:22:09Z</time></trkpt>
      <trkpt lat="48.729127" lon="2.003210"><ele>166.0</ele><time>2025-09-18T15:22:10Z</time></trkpt>
      <trkpt lat="48.729278" lon="2.003223"><ele>165.6</ele><time>2025-09-18T15:22:11Z</time></trkpt>
      <trkpt lat="48.729435" lon="2.003234"><ele>165.3</ele><time>2025-09-18T15:22:12Z</time></trkpt>
      <trkpt lat="48.729598" lon="2.003244"><ele>164.9</ele><time>2025-09-18T15:22:13Z</time></trkpt>
      <trkpt lat="48.729764" lon="2.003257"><ele>164.5</ele><time>2025-09-18T15:22:14Z</time></trkpt>
      <trkpt lat="48.729933" lon="2.003271"><ele>164.3</ele><time>2025-09-18T15:22:15Z</time></trkpt>
      <trkpt lat="48.730105" lon="2.003285"><ele>164.0</ele><time>2025-09-18T15:22:16Z</time></trkpt>
      <trkpt lat="48.730282" lon="2.003306"><ele>163.7</ele><time>2025-09-18T15:22:17Z</time></trkpt>
      <trkpt lat="48.730463" lon="2.003349"><ele>163.4</ele><time>2025-09-18T15:22:18Z</time></trkpt>
      <trkpt lat="48.730645" lon="2.003427"><ele>163.0</ele><time>2025-09-18T15:22:19Z</time></trkpt>
      <trkpt lat="48.730821" lon="2.003549"><ele>162.5</ele><time>2025-09-18T15:22:20Z</time></trkpt>
      <trkpt lat="48.730987" lon="2.003714"><ele>162.1</ele><time>2025-09-18T15:22:21Z</time></trkpt>
      <trkpt lat="48.731140" lon="2.003919"><ele>161.7</ele><time>2025-09-18T15:22:22Z</time></trkpt>
      <trkpt lat="48.731285" lon="2.004155"><ele>161.2</ele><time>2025-09-18T15:22:23Z</time></trkpt>
      <trkpt lat="48.731426" lon="2.004407"><ele>160.8</ele><time>2025-09-18T15:22:24Z</time></trkpt>
      <trkpt lat="48.731567" lon="2.004664"><ele>160.6</ele><time>2025-09-18T15:22:25Z</time></trkpt>
      <trkpt lat="48.731709" lon="2.004919"><ele>160.5</ele><time>2025-09-18T15:22:26Z</time></trkpt>
      <trkpt lat="48.731849" lon="2.005169"><ele>160.2</ele><time>2025-09-18T15:22:27Z</time></trkpt>
      <trkpt lat="48.731986" lon="2.005418"><ele>160.0</ele><time>2025-09-18T15:22:28Z</time></trkpt>
      <trkpt lat="48.732118" lon="2.005663"><ele>159.8</ele><time>2025-09-18T15:22:29Z</time></trkpt>
      <trkpt lat="48.732244" lon="2.005895"><ele>159.7</ele><time>2025-09-18T15:22:30Z</time></trkpt>
      <trkpt lat="48.732369" lon="2.006122"><ele>159.7</ele><time>2025-09-18T15:22:31Z</time></trkpt>
      <trkpt lat="48.732493" lon="2.006351"><ele>159.6</ele><time>2025-09-18T15:22:32Z</time></trkpt>
      <trkpt lat="48.732616" lon="2.006579"><ele>159.5</ele><time>2025-09-18T15:22:33Z</time></trkpt>
      <trkpt lat="48.732739" lon="2.006808"><ele>159.6</ele><time>2025-09-18T15:22:34Z</time></trkpt>
      <trkpt lat="48.732860" lon="2.007038"><ele>159.7</ele><time>2025-09-18T15:22:35Z</time></trkpt>
      <trkpt lat="48.732982" lon="2.007267"><ele>159.8</ele><time>2025-09-18T15:22:36Z</time></trkpt>
      <trkpt lat="48.733105" lon="2.007496"><ele>160.4</ele><time>2025-09-18T15:22:37Z</time></trkpt>
      <trkpt lat="48.733227" lon="2.007723"><ele>160.6</ele><time>2025-09-18T15:22:38Z</time></trkpt>
      <trkpt lat="48.733348" lon="2.007947"><ele>160.9</ele><time>2025-09-18T15:22:39Z</time></trkpt>
      <trkpt lat="48.733469" lon="2.008167"><ele>160.7</ele><time>2025-09-18T15:22:40Z</time></trkpt>
      <trkpt lat="48.733589" lon="2.008383"><ele>160.5</ele><time>2025-09-18T15:22:41Z</time></trkpt>
      <trkpt lat="48.733710" lon="2.008599"><ele>160.6</ele><time>2025-09-18T15:22:42Z</time></trkpt>
      <trkpt lat="48.733827" lon="2.008812"><ele>160.8</ele><time>2025-09-18T15:22:43Z</time></trkpt>
      <trkpt lat="48.733941" lon="2.009015"><ele>160.7</ele><time>2025-09-18T15:22:44Z</time></trkpt>
      <trkpt lat="48.734048" lon="2.009210"><ele>160.2</ele><time>2025-09-18T15:22:45Z</time></trkpt>
      <trkpt lat="48.734148" lon="2.009408"><ele>160.9</ele><time>2025-09-18T15:22:46Z</time></trkpt>
      <trkpt lat="48.734252" lon="2.009612"><ele>160.6</ele><time>2025-09-18T15:22:47Z</time></trkpt>
      <trkpt lat="48.734358" lon="2.009812"><ele>159.8</ele><time>2025-09-18T15:22:48Z</time></trkpt>
      <trkpt lat="48.734465" lon="2.010012"><ele>159.9</ele><time>2025-09-18T15:22:49Z</time></trkpt>
      <trkpt lat="48.734571" lon="2.010204"><ele>159.0</ele><time>2025-09-18T15:22:50Z</time></trkpt>
      <trkpt lat="48.734689" lon="2.010397"><ele>157.8</ele><time>2025-09-18T15:22:51Z</time></trkpt>
      <trkpt lat="48.734807" lon="2.010590"><ele>156.6</ele><time>2025-09-18T15:22:52Z</time></trkpt>
      <trkpt lat="48.734926" lon="2.010780"><ele>155.5</ele><time>2025-09-18T15:22:53Z</time></trkpt>
      <trkpt lat="48.735049" lon="2.010955"><ele>154.2</ele><time>2025-09-18T15:22:54Z</time></trkpt>
      <trkpt lat="48.735174" lon="2.011116"><ele>152.9</ele><time>2025-09-18T15:22:55Z</time></trkpt>
      <trkpt lat="48.735304" lon="2.011263"><ele>152.3</ele><time>2025-09-18T15:22:56Z</time></trkpt>
      <trkpt lat="48.735430" lon="2.011385"><ele>151.8</ele><time>2025-09-18T15:22:57Z</time></trkpt>
      <trkpt lat="48.735557" lon="2.011503"><ele>150.8</ele><time>2025-09-18T15:22:58Z</time></trkpt>
      <trkpt lat="48.735685" lon="2.011612"><ele>150.1</ele><time>2025-09-18T15:22:59Z</time></trkpt>
      <trkpt lat="48.735813" lon="2.011721"><ele>150.0</ele><time>2025-09-18T15:23:00Z</time></trkpt>
      <trkpt lat="48.735943" lon="2.011824"><ele>148.3</ele><time>2025-09-18T15:23:01Z</time></trkpt>
      <trkpt lat="48.736059" lon="2.011945"><ele>147.6</ele><time>2025-09-18T15:23:02Z</time></trkpt>
      <trkpt lat="48.736169" lon="2.012068"><ele>145.6</ele><time>2025-09-18T15:23:03Z</time></trkpt>
      <trkpt lat="48.736267" lon="2.012208"><ele>144.4</ele><time>2025-09-18T15:23:04Z</time></trkpt>
      <trkpt lat="48.736361" lon="2.012376"><ele>142.9</ele><time>2025-09-18T15:23:05Z</time></trkpt>
      <trkpt lat="48.736438" lon="2.012554"><ele>142.1</ele><time>2025-09-18T15:23:06Z</time></trkpt>
      <trkpt lat="48.736522" lon="2.012738"><ele>142.2</ele><time>2025-09-18T15:23:07Z</time></trkpt>
      <trkpt lat="48.736604" lon="2.012946"><ele>140.3</ele><time>2025-09-18T15:23:08Z</time></trkpt>
      <trkpt lat="48.736682" lon="2.013157"><ele>139.2</ele><time>2025-09-18T15:23:09Z</time></trkpt>
      <trkpt lat="48.736761" lon="2.013379"><ele>138.9</ele><time>2025-09-18T15:23:10Z</time></trkpt>
      <trkpt lat="48.736843" lon="2.013599"><ele>138.6</ele><time>2025-09-18T15:23:11Z</time></trkpt>
      <trkpt lat="48.736930" lon="2.013829"><ele>136.2</ele><time>2025-09-18T15:23:12Z</time></trkpt>
      <trkpt lat="48.737020" lon="2.014058"><ele>134.5</ele><time>2025-09-18T15:23:13Z</time></trkpt>
      <trkpt lat="48.737103" lon="2.014277"><ele>133.4</ele><time>2025-09-18T15:23:14Z</time></trkpt>
      <trkpt lat="48.737175" lon="2.014487"><ele>132.8</ele><time>2025-09-18T15:23:15Z</time></trkpt>
      <trkpt lat="48.737246" lon="2.014691"><ele>132.1</ele><time>2025-09-18T15:23:16Z</time></trkpt>
      <trkpt lat="48.737321" lon="2.014888"><ele>130.9</ele><time>2025-09-18T15:23:17Z</time></trkpt>
      <trkpt lat="48.737403" lon="2.015080"><ele>130.8</ele><time>2025-09-18T15:23:18Z</time></trkpt>
      <trkpt lat="48.737469" lon="2.015266"><ele>131.0</ele><time>2025-09-18T15:23:19Z</time></trkpt>
      <trkpt lat="48.737531" lon="2.015443"><ele>131.0</ele><time>2025-09-18T15:23:20Z</time></trkpt>
      <trkpt lat="48.737588" lon="2.015612"><ele>129.0</ele><time>2025-09-18T15:23:21Z</time></trkpt>
      <trkpt lat="48.737639" lon="2.015768"><ele>126.8</ele><time>2025-09-18T15:23:22Z</time></trkpt>
      <trkpt lat="48.737686" lon="2.015917"><ele>125.3</ele><time>2025-09-18T15:23:23Z</time></trkpt>
      <trkpt lat="48.737724" lon="2.016062"><ele>124.0</ele><time>2025-09-18T15:23:24Z</time></trkpt>
      <trkpt lat="48.737755" lon="2.016206"><ele>122.9</ele><time>2025-09-18T15:23:25Z</time></trkpt>
      <trkpt lat="48.737781" lon="2.016345"><ele>122.1</ele><time>2025-09-18T15:23:26Z</time></trkpt>
      <trkpt lat="48.737797" lon="2.016479"><ele>121.5</ele><time>2025-09-18T15:23:27Z</time></trkpt>
      <trkpt lat="48.737795" lon="2.016608"><ele>121.2</ele><time>2025-09-18T15:23:28Z</time></trkpt>
      <trkpt lat="48.737793" lon="2.016737"><ele>120.9</ele><time>2025-09-18T15:23:29Z</time></trkpt>
      <trkpt lat="48.737810" lon="2.016856"><ele>120.2</ele><time>2025-09-18T15:23:30Z</time></trkpt>
      <trkpt lat="48.737859" lon="2.016955"><ele>119.3</ele><time>2025-09-18T15:23:31Z</time></trkpt>
      <trkpt lat="48.737939" lon="2.017046"><ele>118.9</ele><time>2025-09-18T15:23:32Z</time></trkpt>
      <trkpt lat="48.738023" lon="2.017166"><ele>118.1</ele><time>2025-09-18T15:23:33Z</time></trkpt>
      <trkpt lat="48.738097" lon="2.017311"><ele>117.0</ele><time>2025-09-18T15:23:34Z</time></trkpt>
      <trkpt lat="48.738163" lon="2.017465"><ele>116.1</ele><time>2025-09-18T15:23:35Z</time></trkpt>
      <trkpt lat="48.738228" lon="2.017625"><ele>115.2</ele><time>2025-09-18T15:23:36Z</time></trkpt>
      <trkpt lat="48.738289" lon="2.017785"><ele>114.3</ele><time>2025-09-18T15:23:37Z</time></trkpt>
      <trkpt lat="48.738346" lon="2.017939"><ele>113.5</ele><time>2025-09-18T15:23:38Z</time></trkpt>
      <trkpt lat="48.738395" lon="2.018083"><ele>112.8</ele><time>2025-09-18T15:23:39Z</time></trkpt>
      <trkpt lat="48.738441" lon="2.018218"><ele>112.0</ele><time>2025-09-18T15:23:40Z</time></trkpt>
      <trkpt lat="48.738479" lon="2.018342"><ele>111.9</ele><time>2025-09-18T15:23:41Z</time></trkpt>
      <trkpt lat="48.738517" lon="2.018456"><ele>111.7</ele><time>2025-09-18T15:23:42Z</time></trkpt>
      <trkpt lat="48.738552" lon="2.018559"><ele>111.4</ele><time>2025-09-18T15:23:43Z</time></trkpt>
      <trkpt lat="48.738583" lon="2.018656"><ele>111.2</ele><time>2025-09-18T15:23:44Z</time></trkpt>
      <trkpt lat="48.738613" lon="2.018753"><ele>110.9</ele><time>2025-09-18T15:23:45Z</time></trkpt>
      <trkpt lat="48.738644" lon="2.018853"><ele>110.7</ele><time>2025-09-18T15:23:46Z</time></trkpt>
      <trkpt lat="48.738681" lon="2.018957"><ele>110.3</ele><time>2025-09-18T15:23:47Z</time></trkpt>
      <trkpt lat="48.738719" lon="2.019063"><ele>110.1</ele><time>2025-09-18T15:23:48Z</time></trkpt>
      <trkpt lat="48.738757" lon="2.019172"><ele>110.0</ele><time>2025-09-18T15:23:49Z</time></trkpt>
      <trkpt lat="48.738794" lon="2.019284"><ele>109.7</ele><time>2025-09-18T15:23:50Z</time></trkpt>
      <trkpt lat="48.738830" lon="2.019395"><ele>109.5</ele><time>2025-09-18T15:23:51Z</time></trkpt>
      <trkpt lat="48.738868" lon="2.019505"><ele>109.6</ele><time>2025-09-18T15:23:52Z</time></trkpt>
      <trkpt lat="48.738906" lon="2.019612"><ele>109.4</ele><time>2025-09-18T15:23:53Z</time></trkpt>
      <trkpt lat="48.738942" lon="2.019710"><ele>109.1</ele><time>2025-09-18T15:23:54Z</time></trkpt>
      <trkpt lat="48.738979" lon="2.019813"><ele>108.9</ele><time>2025-09-18T15:23:55Z</time></trkpt>
      <trkpt lat="48.739019" lon="2.019933"><ele>108.7</ele><time>2025-09-18T15:23:56Z</time></trkpt>
      <trkpt lat="48.739063" lon="2.020066"><ele>108.4</ele><time>2025-09-18T15:23:57Z</time></trkpt>
      <trkpt lat="48.739109" lon="2.020205"><ele>108.2</ele><time>2025-09-18T15:23:58Z</time></trkpt>
      <trkpt lat="48.739157" lon="2.020348"><ele>107.9</ele><time>2025-09-18T15:23:59Z</time></trkpt>
      <trkpt lat="48.739207" lon="2.020497"><ele>107.6</ele><time>2025-09-18T15:24:00Z</time></trkpt>
      <trkpt lat="48.739257" lon="2.020649"><ele>107.3</ele><time>2025-09-18T15:24:01Z</time></trkpt>
      <trkpt lat="48.739308" lon="2.020801"><ele>107.1</ele><time>2025-09-18T15:24:02Z</time></trkpt>
      <trkpt lat="48.739360" lon="2.020954"><ele>106.9</ele><time>2025-09-18T15:24:03Z</time></trkpt>
      <trkpt lat="48.739411" lon="2.021107"><ele>107.0</ele><time>2025-09-18T15:24:04Z</time></trkpt>
      <trkpt lat="48.739463" lon="2.021260"><ele>107.1</ele><time>2025-09-18T15:24:05Z</time></trkpt>
      <trkpt lat="48.739514" lon="2.021414"><ele>107.2</ele><time>2025-09-18T15:24:06Z</time></trkpt>
      <trkpt lat="48.739568" lon="2.021568"><ele>107.2</ele><time>2025-09-18T15:24:07Z</time></trkpt>
      <trkpt lat="48.739620" lon="2.021725"><ele>107.7</ele><time>2025-09-18T15:24:08Z</time></trkpt>
      <trkpt lat="48.739669" lon="2.021881"><ele>108.4</ele><time>2025-09-18T15:24:09Z</time></trkpt>
      <trkpt lat="48.739719" lon="2.022036"><ele>109.0</ele><time>2025-09-18T15:24:10Z</time></trkpt>
      <trkpt lat="48.739772" lon="2.022191"><ele>109.5</ele><time>2025-09-18T15:24:11Z</time></trkpt>
      <trkpt lat="48.739823" lon="2.022347"><ele>110.2</ele><time>2025-09-18T15:24:12Z</time></trkpt>
      <trkpt lat="48.739874" lon="2.022498"><ele>110.9</ele><time>2025-09-18T15:24:13Z</time></trkpt>
      <trkpt lat="48.739925" lon="2.022642"><ele>111.8</ele><time>2025-09-18T15:24:14Z</time></trkpt>
      <trkpt lat="48.739984" lon="2.022780"><ele>112.1</ele><time>2025-09-18T15:24:15Z</time></trkpt>
      <trkpt lat="48.740061" lon="2.022898"><ele>112.7</ele><time>2025-09-18T15:24:16Z</time></trkpt>
      <trkpt lat="48.740173" lon="2.022976"><ele>114.0</ele><time>2025-09-18T15:24:17Z</time></trkpt>
      <trkpt lat="48.740294" lon="2.023004"><ele>115.0</ele><time>2025-09-18T15:24:18Z</time></trkpt>
      <trkpt lat="48.740414" lon="2.022969"><ele>116.2</ele><time>2025-09-18T15:24:19Z</time></trkpt>
      <trkpt lat="48.740519" lon="2.022866"><ele>120.6</ele><time>2025-09-18T15:24:20Z</time></trkpt>
      <trkpt lat="48.740634" lon="2.022681"><ele>122.9</ele><time>2025-09-18T15:24:21Z</time></trkpt>
      <trkpt lat="48.740767" lon="2.022460"><ele>125.7</ele><time>2025-09-18T15:24:22Z</time></trkpt>
      <trkpt lat="48.740886" lon="2.022219"><ele>128.6</ele><time>2025-09-18T15:24:23Z</time></trkpt>
      <trkpt lat="48.741005" lon="2.021976"><ele>130.5</ele><time>2025-09-18T15:24:24Z</time></trkpt>
      <trkpt lat="48.741129" lon="2.021763"><ele>135.1</ele><time>2025-09-18T15:24:25Z</time></trkpt>
      <trkpt lat="48.741267" lon="2.021585"><ele>140.4</ele><time>2025-09-18T15:24:26Z</time></trkpt>
      <trkpt lat="48.741441" lon="2.021429"><ele>145.5</ele><time>2025-09-18T15:24:27Z</time></trkpt>
      <trkpt lat="48.741592" lon="2.021290"><ele>149.3</ele><time>2025-09-18T15:24:28Z</time></trkpt>
      <trkpt lat="48.741723" lon="2.021127"><ele>152.6</ele><time>2025-09-18T15:24:29Z</time></trkpt>
      <trkpt lat="48.741824" lon="2.020939"><ele>157.2</ele><time>2025-09-18T15:24:30Z</time></trkpt>
      <trkpt lat="48.741879" lon="2.020774"><ele>166.9</ele><time>2025-09-18T15:24:31Z</time></trkpt>
      <trkpt lat="48.741922" lon="2.020584"><ele>175.1</ele><time>2025-09-18T15:24:32Z</time></trkpt>
      <trkpt lat="48.741996" lon="2.020385"><ele>178.7</ele><time>2025-09-18T15:24:33Z</time></trkpt>
      <trkpt lat="48.742105" lon="2.020227"><ele>181.9</ele><time>2025-09-18T15:24:34Z</time></trkpt>
      <trkpt lat="48.742193" lon="2.020108"><ele>190.8</ele><time>2025-09-18T15:24:35Z</time></trkpt>
      <trkpt lat="48.742255" lon="2.019998"><ele>202.4</ele><time>2025-09-18T15:24:36Z</time></trkpt>
      <trkpt lat="48.742353" lon="2.019873"><ele>211.7</ele><time>2025-09-18T15:24:37Z</time></trkpt>
      <trkpt lat="48.742481" lon="2.019741"><ele>217.5</ele><time>2025-09-18T15:24:38Z</time></trkpt>
      <trkpt lat="48.742597" lon="2.019615"><ele>223.1</ele><time>2025-09-18T15:24:39Z</time></trkpt>
      <trkpt lat="48.742669" lon="2.019503"><ele>231.4</ele><time>2025-09-18T15:24:40Z</time></trkpt>
      <trkpt lat="48.742683" lon="2.019385"><ele>243.5</ele><time>2025-09-18T15:24:41Z</time></trkpt>
      <trkpt lat="48.742694" lon="2.019293"><ele>256.7</ele><time>2025-09-18T15:24:42Z</time></trkpt>
      <trkpt lat="48.742798" lon="2.019217"><ele>254.7</ele><time>2025-09-18T15:24:43Z</time></trkpt>
      <trkpt lat="48.742815" lon="2.019125"><ele>266.3</ele><time>2025-09-18T15:24:44Z</time></trkpt>
      <trkpt lat="48.742860" lon="2.019044"><ele>275.4</ele><time>2025-09-18T15:24:45Z</time></trkpt>
      <trkpt lat="48.742955" lon="2.018992"><ele>276.4</ele><time>2025-09-18T15:24:46Z</time></trkpt>
      <trkpt lat="48.743036" lon="2.018905"><ele>280.6</ele><time>2025-09-18T15:24:47Z</time></trkpt>
      <trkpt lat="48.743130" lon="2.018832"><ele>281.9</ele><time>2025-09-18T15:24:48Z</time></trkpt>
      <trkpt lat="48.743219" lon="2.018761"><ele>286.2</ele><time>2025-09-18T15:24:49Z</time></trkpt>
      <trkpt lat="48.743321" lon="2.018726"><ele>288.9</ele><time>2025-09-18T15:24:50Z</time></trkpt>
      <trkpt lat="48.743407" lon="2.018683"><ele>294.0</ele><time>2025-09-18T15:24:51Z</time></trkpt>
      <trkpt lat="48.743528" lon="2.018693"><ele>297.5</ele><time>2025-09-18T15:24:52Z</time></trkpt>
      <trkpt lat="48.743644" lon="2.018698"><ele>298.3</ele><time>2025-09-18T15:24:53Z</time></trkpt>
      <trkpt lat="48.743757" lon="2.018739"><ele>300.2</ele><time>2025-09-18T15:24:54Z</time></trkpt>
      <trkpt lat="48.743882" lon="2.018796"><ele>295.3</ele><time>2025-09-18T15:24:55Z</time></trkpt>
      <trkpt lat="48.744002" lon="2.018857"><ele>291.7</ele><time>2025-09-18T15:24:56Z</time></trkpt>
      <trkpt lat="48.744108" lon="2.018946"><ele>288.8</ele><time>2025-09-18T15:24:57Z</time></trkpt>
      <trkpt lat="48.744214" lon="2.019018"><ele>283.6</ele><time>2025-09-18T15:24:58Z</time></trkpt>
      <trkpt lat="48.744329" lon="2.019130"><ele>275.7</ele><time>2025-09-18T15:24:59Z</time></trkpt>
      <trkpt lat="48.744408" lon="2.019209"><ele>275.2</ele><time>2025-09-18T15:25:00Z</time></trkpt>
      <trkpt lat="48.744506" lon="2.019318"><ele>271.3</ele><time>2025-09-18T15:25:01Z</time></trkpt>
      <trkpt lat="48.744570" lon="2.019419"><ele>271.6</ele><time>2025-09-18T15:25:02Z</time></trkpt>
      <trkpt lat="48.744634" lon="2.019529"><ele>270.3</ele><time>2025-09-18T15:25:03Z</time></trkpt>
      <trkpt lat="48.744719" lon="2.019658"><ele>267.9</ele><time>2025-09-18T15:25:04Z</time></trkpt>
      <trkpt lat="48.744807" lon="2.019798"><ele>266.4</ele><time>2025-09-18T15:25:05Z</time></trkpt>
      <trkpt lat="48.744894" lon="2.019966"><ele>262.2</ele><time>2025-09-18T15:25:06Z</time></trkpt>
      <trkpt lat="48.744977" lon="2.020099"><ele>257.5</ele><time>2025-09-18T15:25:07Z</time></trkpt>
      <trkpt lat="48.745069" lon="2.020237"><ele>253.4</ele><time>2025-09-18T15:25:08Z</time></trkpt>
      <trkpt lat="48.745173" lon="2.020356"><ele>248.5</ele><time>2025-09-18T15:25:09Z</time></trkpt>
      <trkpt lat="48.745262" lon="2.020487"><ele>245.3</ele><time>2025-09-18T15:25:10Z</time></trkpt>
      <trkpt lat="48.745354" lon="2.020621"><ele>242.1</ele><time>2025-09-18T15:25:11Z</time></trkpt>
      <trkpt lat="48.745455" lon="2.020770"><ele>237.0</ele><time>2025-09-18T15:25:12Z</time></trkpt>
      <trkpt lat="48.745540" lon="2.020905"><ele>234.2</ele><time>2025-09-18T15:25:13Z</time></trkpt>
      <trkpt lat="48.745638" lon="2.021057"><ele>228.7</ele><time>2025-09-18T15:25:14Z</time></trkpt>
      <trkpt lat="48.745735" lon="2.021228"><ele>224.1</ele><time>2025-09-18T15:25:15Z</time></trkpt>
      <trkpt lat="48.745821" lon="2.021406"><ele>220.1</ele><time>2025-09-18T15:25:16Z</time></trkpt>
      <trkpt lat="48.745920" lon="2.021570"><ele>214.1</ele><time>2025-09-18T15:25:17Z</time></trkpt>
      <trkpt lat="48.745989" lon="2.021740"><ele>207.8</ele><time>2025-09-18T15:25:18Z</time></trkpt>
      <trkpt lat="48.746042" lon="2.021897"><ele>203.8</ele><time>2025-09-18T15:25:19Z</time></trkpt>
      <trkpt lat="48.746093" lon="2.022048"><ele>202.6</ele><time>2025-09-18T15:25:20Z</time></trkpt>
      <trkpt lat="48.746149" lon="2.022205"><ele>200.2</ele><time>2025-09-18T15:25:21Z</time></trkpt>
      <trkpt lat="48.746216" lon="2.022361"><ele>197.0</ele><time>2025-09-18T15:25:22Z</time></trkpt>
      <trkpt lat="48.746277" lon="2.022523"><ele>194.7</ele><time>2025-09-18T15:25:23Z</time></trkpt>
      <trkpt lat="48.746336" lon="2.022688"><ele>193.0</ele><time>2025-09-18T15:25:24Z</time></trkpt>
      <trkpt lat="48.746398" lon="2.022853"><ele>191.6</ele><time>2025-09-18T15:25:25Z</time></trkpt>
      <trkpt lat="48.746468" lon="2.023019"><ele>190.4</ele><time>2025-09-18T15:25:26Z</time></trkpt>
      <trkpt lat="48.746542" lon="2.023180"><ele>189.2</ele><time>2025-09-18T15:25:27Z</time></trkpt>
      <trkpt lat="48.746624" lon="2.023337"><ele>187.4</ele><time>2025-09-18T15:25:28Z</time></trkpt>
      <trkpt lat="48.746706" lon="2.023493"><ele>185.4</ele><time>2025-09-18T15:25:29Z</time></trkpt>
      <trkpt lat="48.746792" lon="2.023649"><ele>183.8</ele><time>2025-09-18T15:25:30Z</time></trkpt>
      <trkpt lat="48.746872" lon="2.023801"><ele>181.9</ele><time>2025-09-18T15:25:31Z</time></trkpt>
      <trkpt lat="48.746946" lon="2.023943"><ele>180.7</ele><time>2025-09-18T15:25:32Z</time></trkpt>
      <trkpt lat="48.747017" lon="2.024075"><ele>179.6</ele><time>2025-09-18T15:25:33Z</time></trkpt>
      <trkpt lat="48.747083" lon="2.024199"><ele>179.0</ele><time>2025-09-18T15:25:34Z</time></trkpt>
      <trkpt lat="48.747145" lon="2.024316"><ele>178.3</ele><time>2025-09-18T15:25:35Z</time></trkpt>
      <trkpt lat="48.747204" lon="2.024428"><ele>177.9</ele><time>2025-09-18T15:25:36Z</time></trkpt>
      <trkpt lat="48.747257" lon="2.024537"><ele>177.2</ele><time>2025-09-18T15:25:37Z</time></trkpt>
      <trkpt lat="48.747307" lon="2.024637"><ele>176.6</ele><time>2025-09-18T15:25:38Z</time></trkpt>
      <trkpt lat="48.747349" lon="2.024725"><ele>176.1</ele><time>2025-09-18T15:25:39Z</time></trkpt>
      <trkpt lat="48.747386" lon="2.024799"><ele>176.0</ele><time>2025-09-18T15:25:40Z</time></trkpt>
      <trkpt lat="48.747422" lon="2.024863"><ele>176.0</ele><time>2025-09-18T15:25:41Z</time></trkpt>
      <trkpt lat="48.747454" lon="2.024931"><ele>175.7</ele><time>2025-09-18T15:25:42Z</time></trkpt>
      <trkpt lat="48.747485" lon="2.025001"><ele>175.6</ele><time>2025-09-18T15:25:43Z</time></trkpt>
      <trkpt lat="48.747503" lon="2.025085"><ele>175.6</ele><time>2025-09-18T15:25:44Z</time></trkpt>
      <trkpt lat="48.747503" lon="2.025193"><ele>175.6</ele><time>2025-09-18T15:25:45Z</time></trkpt>
      <trkpt lat="48.747476" lon="2.025309"><ele>175.2</ele><time>2025-09-18T15:25:46Z</time></trkpt>
      <trkpt lat="48.747430" lon="2.025429"><ele>174.7</ele><time>2025-09-18T15:25:47Z</time></trkpt>
      <trkpt lat="48.747370" lon="2.025538"><ele>174.4</ele><time>2025-09-18T15:25:48Z</time></trkpt>
      <trkpt lat="48.747298" lon="2.025647"><ele>173.8</ele><time>2025-09-18T15:25:49Z</time></trkpt>
      <trkpt lat="48.747221" lon="2.025755"><ele>173.6</ele><time>2025-09-18T15:25:50Z</time></trkpt>
      <trkpt lat="48.747141" lon="2.025867"><ele>173.4</ele><time>2025-09-18T15:25:51Z</time></trkpt>
      <trkpt lat="48.747056" lon="2.025981"><ele>173.1</ele><time>2025-09-18T15:25:52Z</time></trkpt>
      <trkpt lat="48.746972" lon="2.026093"><ele>173.0</ele><time>2025-09-18T15:25:53Z</time></trkpt>
      <trkpt lat="48.746885" lon="2.026207"><ele>172.9</ele><time>2025-09-18T15:25:54Z</time></trkpt>
      <trkpt lat="48.746798" lon="2.026322"><ele>172.9</ele><time>2025-09-18T15:25:55Z</time></trkpt>
      <trkpt lat="48.746711" lon="2.026441"><ele>172.7</ele><time>2025-09-18T15:25:56Z</time></trkpt>
      <trkpt lat="48.746622" lon="2.026561"><ele>172.6</ele><time>2025-09-18T15:25:57Z</time></trkpt>
      <trkpt lat="48.746532" lon="2.026682"><ele>172.4</ele><time>2025-09-18T15:25:58Z</time></trkpt>
      <trkpt lat="48.746442" lon="2.026804"><ele>172.3</ele><time>2025-09-18T15:25:59Z</time></trkpt>
      <trkpt lat="48.746351" lon="2.026928"><ele>172.1</ele><time>2025-09-18T15:26:00Z</time></trkpt>
      <trkpt lat="48.746256" lon="2.027057"><ele>172.1</ele><time>2025-09-18T15:26:01Z</time></trkpt>
      <trkpt lat="48.746162" lon="2.027189"><ele>172.0</ele><time>2025-09-18T15:26:02Z</time></trkpt>
      <trkpt lat="48.746070" lon="2.027325"><ele>171.8</ele><time>2025-09-18T15:26:03Z</time></trkpt>
      <trkpt lat="48.745978" lon="2.027462"><ele>171.7</ele><time>2025-09-18T15:26:04Z</time></trkpt>
      <trkpt lat="48.745889" lon="2.027598"><ele>171.6</ele><time>2025-09-18T15:26:05Z</time></trkpt>
      <trkpt lat="48.745804" lon="2.027738"><ele>171.6</ele><time>2025-09-18T15:26:06Z</time></trkpt>
      <trkpt lat="48.745724" lon="2.027876"><ele>171.6</ele><time>2025-09-18T15:26:07Z</time></trkpt>
      <trkpt lat="48.745649" lon="2.028005"><ele>171.5</ele><time>2025-09-18T15:26:08Z</time></trkpt>
      <trkpt lat="48.745578" lon="2.028125"><ele>171.5</ele><time>2025-09-18T15:26:09Z</time></trkpt>
      <trkpt lat="48.745509" lon="2.028239"><ele>171.5</ele><time>2025-09-18T15:26:10Z</time></trkpt>
      <trkpt lat="48.745444" lon="2.028354"><ele>171.7</ele><time>2025-09-18T15:26:11Z</time></trkpt>
      <trkpt lat="48.745383" lon="2.028467"><ele>171.7</ele><time>2025-09-18T15:26:12Z</time></trkpt>
      <trkpt lat="48.745325" lon="2.028576"><ele>171.7</ele><time>2025-09-18T15:26:13Z</time></trkpt>
      <trkpt lat="48.745264" lon="2.028684"><ele>171.6</ele><time>2025-09-18T15:26:14Z</time></trkpt>
      <trkpt lat="48.745207" lon="2.028792"><ele>171.7</ele><time>2025-09-18T15:26:15Z</time></trkpt>
      <trkpt lat="48.745149" lon="2.028891"><ele>171.6</ele><time>2025-09-18T15:26:16Z</time></trkpt>
      <trkpt lat="48.745097" lon="2.028978"><ele>171.6</ele><time>2025-09-18T15:26:17Z</time></trkpt>
      <trkpt lat="48.745045" lon="2.029060"><ele>171.5</ele><time>2025-09-18T15:26:18Z</time></trkpt>
      <trkpt lat="48.745000" lon="2.029147"><ele>171.5</ele><time>2025-09-18T15:26:19Z</time></trkpt>
      <trkpt lat="48.744966" lon="2.029243"><ele>171.4</ele><time>2025-09-18T15:26:20Z</time></trkpt>
      <trkpt lat="48.744963" lon="2.029355"><ele>171.8</ele><time>2025-09-18T15:26:21Z</time></trkpt>
      <trkpt lat="48.744978" lon="2.029471"><ele>171.9</ele><time>2025-09-18T15:26:22Z</time></trkpt>
      <trkpt lat="48.745020" lon="2.029583"><ele>172.0</ele><time>2025-09-18T15:26:23Z</time></trkpt>
      <trkpt lat="48.745069" lon="2.029682"><ele>171.7</ele><time>2025-09-18T15:26:24Z</time></trkpt>
      <trkpt lat="48.745121" lon="2.029769"><ele>171.4</ele><time>2025-09-18T15:26:25Z</time></trkpt>
      <trkpt lat="48.745174" lon="2.029856"><ele>171.0</ele><time>2025-09-18T15:26:26Z</time></trkpt>
      <trkpt lat="48.745220" lon="2.029956"><ele>170.7</ele><time>2025-09-18T15:26:27Z</time></trkpt>
      <trkpt lat="48.745254" lon="2.030078"><ele>170.7</ele><time>2025-09-18T15:26:28Z</time></trkpt>
      <trkpt lat="48.745266" lon="2.030213"><ele>170.7</ele><time>2025-09-18T15:26:29Z</time></trkpt>
      <trkpt lat="48.745223" lon="2.030348"><ele>172.1</ele><time>2025-09-18T15:26:30Z</time></trkpt>
      <trkpt lat="48.745161" lon="2.030495"><ele>172.2</ele><time>2025-09-18T15:26:31Z</time></trkpt>
      <trkpt lat="48.745083" lon="2.030648"><ele>172.1</ele><time>2025-09-18T15:26:32Z</time></trkpt>
      <trkpt lat="48.744993" lon="2.030807"><ele>172.0</ele><time>2025-09-18T15:26:33Z</time></trkpt>
      <trkpt lat="48.744890" lon="2.030980"><ele>171.7</ele><time>2025-09-18T15:26:34Z</time></trkpt>
      <trkpt lat="48.744786" lon="2.031163"><ele>171.5</ele><time>2025-09-18T15:26:35Z</time></trkpt>
      <trkpt lat="48.744681" lon="2.031353"><ele>171.2</ele><time>2025-09-18T15:26:36Z</time></trkpt>
      <trkpt lat="48.744575" lon="2.031543"><ele>171.0</ele><time>2025-09-18T15:26:37Z</time></trkpt>
      <trkpt lat="48.744466" lon="2.031742"><ele>170.8</ele><time>2025-09-18T15:26:38Z</time></trkpt>
      <trkpt lat="48.744347" lon="2.031970"><ele>170.7</ele><time>2025-09-18T15:26:39Z</time></trkpt>
      <trkpt lat="48.744211" lon="2.032235"><ele>170.1</ele><time>2025-09-18T15:26:40Z</time></trkpt>
      <trkpt lat="48.744060" lon="2.032524"><ele>170.0</ele><time>2025-09-18T15:26:41Z</time></trkpt>
      <trkpt lat="48.743901" lon="2.032814"><ele>169.8</ele><time>2025-09-18T15:26:42Z</time></trkpt>
      <trkpt lat="48.743731" lon="2.033104"><ele>169.6</ele><time>2025-09-18T15:26:43Z</time></trkpt>
      <trkpt lat="48.743553" lon="2.033403"><ele>169.5</ele><time>2025-09-18T15:26:44Z</time></trkpt>
      <trkpt lat="48.743377" lon="2.033714"><ele>169.4</ele><time>2025-09-18T15:26:45Z</time></trkpt>
      <trkpt lat="48.743211" lon="2.034022"><ele>169.4</ele><time>2025-09-18T15:26:46Z</time></trkpt>
      <trkpt lat="48.743053" lon="2.034330"><ele>169.3</ele><time>2025-09-18T15:26:47Z</time></trkpt>
      <trkpt lat="48.742904" lon="2.034644"><ele>169.3</ele><time>2025-09-18T15:26:48Z</time></trkpt>
      <trkpt lat="48.742766" lon="2.034963"><ele>169.5</ele><time>2025-09-18T15:26:49Z</time></trkpt>
      <trkpt lat="48.742640" lon="2.035270"><ele>169.4</ele><time>2025-09-18T15:26:50Z</time></trkpt>
      <trkpt lat="48.742523" lon="2.035557"><ele>169.2</ele><time>2025-09-18T15:26:51Z</time></trkpt>
      <trkpt lat="48.742411" lon="2.035821"><ele>169.0</ele><time>2025-09-18T15:26:52Z</time></trkpt>
      <trkpt lat="48.742306" lon="2.036065"><ele>168.8</ele><time>2025-09-18T15:26:53Z</time></trkpt>
      <trkpt lat="48.742202" lon="2.036293"><ele>168.4</ele><time>2025-09-18T15:26:54Z</time></trkpt>
      <trkpt lat="48.742089" lon="2.036508"><ele>168.2</ele><time>2025-09-18T15:26:55Z</time></trkpt>
      <trkpt lat="48.741960" lon="2.036716"><ele>168.0</ele><time>2025-09-18T15:26:56Z</time></trkpt>
      <trkpt lat="48.741814" lon="2.036918"><ele>167.6</ele><time>2025-09-18T15:26:57Z</time></trkpt>
      <trkpt lat="48.741667" lon="2.037106"><ele>167.6</ele><time>2025-09-18T15:26:58Z</time></trkpt>
      <trkpt lat="48.741527" lon="2.037281"><ele>167.4</ele><time>2025-09-18T15:26:59Z</time></trkpt>
      <trkpt lat="48.741397" lon="2.037448"><ele>167.3</ele><time>2025-09-18T15:27:00Z</time></trkpt>
      <trkpt lat="48.741275" lon="2.037618"><ele>167.1</ele><time>2025-09-18T15:27:01Z</time></trkpt>
      <trkpt lat="48.741163" lon="2.037798"><ele>167.0</ele><time>2025-09-18T15:27:02Z</time></trkpt>
      <trkpt lat="48.741062" lon="2.037991"><ele>167.0</ele><time>2025-09-18T15:27:03Z</time></trkpt>
      <trkpt lat="48.740972" lon="2.038194"><ele>167.1</ele><time>2025-09-18T15:27:04Z</time></trkpt>
      <trkpt lat="48.740892" lon="2.038403"><ele>167.1</ele><time>2025-09-18T15:27:05Z</time></trkpt>
      <trkpt lat="48.740823" lon="2.038616"><ele>167.0</ele><time>2025-09-18T15:27:06Z</time></trkpt>
      <trkpt lat="48.740765" lon="2.038829"><ele>166.8</ele><time>2025-09-18T15:27:07Z</time></trkpt>
      <trkpt lat="48.740717" lon="2.039042"><ele>166.6</ele><time>2025-09-18T15:27:08Z</time></trkpt>
      <trkpt lat="48.740678" lon="2.039259"><ele>166.4</ele><time>2025-09-18T15:27:09Z</time></trkpt>
      <trkpt lat="48.740647" lon="2.039485"><ele>166.2</ele><time>2025-09-18T15:27:10Z</time></trkpt>
      <trkpt lat="48.740625" lon="2.039719"><ele>166.2</ele><time>2025-09-18T15:27:11Z</time></trkpt>
      <trkpt lat="48.740606" lon="2.039959"><ele>166.3</ele><time>2025-09-18T15:27:12Z</time></trkpt>
      <trkpt lat="48.740588" lon="2.040189"><ele>166.3</ele><time>2025-09-18T15:27:13Z</time></trkpt>
      <trkpt lat="48.740572" lon="2.040408"><ele>166.2</ele><time>2025-09-18T15:27:14Z</time></trkpt>
      <trkpt lat="48.740556" lon="2.040618"><ele>166.3</ele><time>2025-09-18T15:27:15Z</time></trkpt>
      <trkpt lat="48.740543" lon="2.040815"><ele>166.5</ele><time>2025-09-18T15:27:16Z</time></trkpt>
      <trkpt lat="48.740530" lon="2.040999"><ele>166.7</ele><time>2025-09-18T15:27:17Z</time></trkpt>
      <trkpt lat="48.740519" lon="2.041170"><ele>166.7</ele><time>2025-09-18T15:27:18Z</time></trkpt>
      <trkpt lat="48.740507" lon="2.041333"><ele>166.8</ele><time>2025-09-18T15:27:19Z</time></trkpt>
      <trkpt lat="48.740495" lon="2.041492"><ele>166.9</ele><time>2025-09-18T15:27:20Z</time></trkpt>
      <trkpt lat="48.740483" lon="2.041644"><ele>166.9</ele><time>2025-09-18T15:27:21Z</time></trkpt>
      <trkpt lat="48.740474" lon="2.041785"><ele>167.0</ele><time>2025-09-18T15:27:22Z</time></trkpt>
      <trkpt lat="48.740466" lon="2.041914"><ele>167.1</ele><time>2025-09-18T15:27:23Z</time></trkpt>
      <trkpt lat="48.740459" lon="2.042027"><ele>167.0</ele><time>2025-09-18T15:27:24Z</time></trkpt>
      <trkpt lat="48.740450" lon="2.042125"><ele>167.0</ele><time>2025-09-18T15:27:25Z</time></trkpt>
      <trkpt lat="48.740442" lon="2.042211"><ele>167.0</ele><time>2025-09-18T15:27:26Z</time></trkpt>
      <trkpt lat="48.740438" lon="2.042290"><ele>167.2</ele><time>2025-09-18T15:27:27Z</time></trkpt>
      <trkpt lat="48.740433" lon="2.042365"><ele>167.2</ele><time>2025-09-18T15:27:28Z</time></trkpt>
      <trkpt lat="48.740428" lon="2.042438"><ele>167.3</ele><time>2025-09-18T15:27:29Z</time></trkpt>
      <trkpt lat="48.740423" lon="2.042518"><ele>167.4</ele><time>2025-09-18T15:27:30Z</time></trkpt>
      <trkpt lat="48.740426" lon="2.042617"><ele>168.0</ele><time>2025-09-18T15:27:31Z</time></trkpt>
      <trkpt lat="48.740439" lon="2.042757"><ele>168.1</ele><time>2025-09-18T15:27:32Z</time></trkpt>
      <trkpt lat="48.740459" lon="2.042938"><ele>168.1</ele><time>2025-09-18T15:27:33Z</time></trkpt>
      <trkpt lat="48.740482" lon="2.043153"><ele>168.0</ele><time>2025-09-18T15:27:34Z</time></trkpt>
      <trkpt lat="48.740511" lon="2.043395"><ele>168.1</ele><time>2025-09-18T15:27:35Z</time></trkpt>
      <trkpt lat="48.740544" lon="2.043651"><ele>168.1</ele><time>2025-09-18T15:27:36Z</time></trkpt>
      <trkpt lat="48.740581" lon="2.043925"><ele>168.1</ele><time>2025-09-18T15:27:37Z</time></trkpt>
      <trkpt lat="48.740621" lon="2.044225"><ele>168.0</ele><time>2025-09-18T15:27:38Z</time></trkpt>
      <trkpt lat="48.740662" lon="2.044547"><ele>168.0</ele><time>2025-09-18T15:27:39Z</time></trkpt>
      <trkpt lat="48.740703" lon="2.044879"><ele>167.8</ele><time>2025-09-18T15:27:40Z</time></trkpt>
      <trkpt lat="48.740743" lon="2.045217"><ele>167.7</ele><time>2025-09-18T15:27:41Z</time></trkpt>
      <trkpt lat="48.740782" lon="2.045560"><ele>167.4</ele><time>2025-09-18T15:27:42Z</time></trkpt>
      <trkpt lat="48.740821" lon="2.045908"><ele>167.2</ele><time>2025-09-18T15:27:43Z</time></trkpt>
      <trkpt lat="48.740862" lon="2.046258"><ele>167.0</ele><time>2025-09-18T15:27:44Z</time></trkpt>
      <trkpt lat="48.740906" lon="2.046606"><ele>166.8</ele><time>2025-09-18T15:27:45Z</time></trkpt>
      <trkpt lat="48.740954" lon="2.046950"><ele>166.6</ele><time>2025-09-18T15:27:46Z</time></trkpt>
      <trkpt lat="48.741005" lon="2.047274"><ele>166.4</ele><time>2025-09-18T15:27:47Z</time></trkpt>
      <trkpt lat="48.741059" lon="2.047574"><ele>166.0</ele><time>2025-09-18T15:27:48Z</time></trkpt>
      <trkpt lat="48.741120" lon="2.047852"><ele>165.7</ele><time>2025-09-18T15:27:49Z</time></trkpt>
      <trkpt lat="48.741190" lon="2.048115"><ele>165.5</ele><time>2025-09-18T15:27:50Z</time></trkpt>
      <trkpt lat="48.741269" lon="2.048367"><ele>165.3</ele><time>2025-09-18T15:27:51Z</time></trkpt>
      <trkpt lat="48.741352" lon="2.048614"><ele>165.2</ele><time>2025-09-18T15:27:52Z</time></trkpt>
      <trkpt lat="48.741435" lon="2.048860"><ele>164.8</ele><time>2025-09-18T15:27:53Z</time></trkpt>
      <trkpt lat="48.741518" lon="2.049105"><ele>164.5</ele><time>2025-09-18T15:27:54Z</time></trkpt>
      <trkpt lat="48.741602" lon="2.049348"><ele>164.3</ele><time>2025-09-18T15:27:55Z</time></trkpt>
      <trkpt lat="48.741688" lon="2.049593"><ele>164.0</ele><time>2025-09-18T15:27:56Z</time></trkpt>
      <trkpt lat="48.741774" lon="2.049844"><ele>163.8</ele><time>2025-09-18T15:27:57Z</time></trkpt>
      <trkpt lat="48.741862" lon="2.050095"><ele>163.4</ele><time>2025-09-18T15:27:58Z</time></trkpt>
      <trkpt lat="48.741950" lon="2.050344"><ele>163.0</ele><time>2025-09-18T15:27:59Z</time></trkpt>
      <trkpt lat="48.742037" lon="2.050590"><ele>162.8</ele><time>2025-09-18T15:28:00Z</time></trkpt>
      <trkpt lat="48.742123" lon="2.050835"><ele>162.4</ele><time>2025-09-18T15:28:01Z</time></trkpt>
      <trkpt lat="48.742208" lon="2.051079"><ele>162.1</ele><time>2025-09-18T15:28:02Z</time></trkpt>
      <trkpt lat="48.742292" lon="2.051324"><ele>161.9</ele><time>2025-09-18T15:28:03Z</time></trkpt>
      <trkpt lat="48.742370" lon="2.051573"><ele>161.5</ele><time>2025-09-18T15:28:04Z</time></trkpt>
      <trkpt lat="48.742440" lon="2.051827"><ele>161.1</ele><time>2025-09-18T15:28:05Z</time></trkpt>
      <trkpt lat="48.742499" lon="2.052086"><ele>160.7</ele><time>2025-09-18T15:28:06Z</time></trkpt>
      <trkpt lat="48.742547" lon="2.052352"><ele>160.3</ele><time>2025-09-18T15:28:07Z</time></trkpt>
      <trkpt lat="48.742587" lon="2.052637"><ele>159.9</ele><time>2025-09-18T15:28:08Z</time></trkpt>
      <trkpt lat="48.742616" lon="2.052954"><ele>159.5</ele><time>2025-09-18T15:28:09Z</time></trkpt>
      <trkpt lat="48.742628" lon="2.053287"><ele>159.1</ele><time>2025-09-18T15:28:10Z</time></trkpt>
      <trkpt lat="48.742626" lon="2.053608"><ele>158.6</ele><time>2025-09-18T15:28:11Z</time></trkpt>
      <trkpt lat="48.742608" lon="2.053908"><ele>158.3</ele><time>2025-09-18T15:28:12Z</time></trkpt>
      <trkpt lat="48.742577" lon="2.054194"><ele>158.2</ele><time>2025-09-18T15:28:13Z</time></trkpt>
      <trkpt lat="48.742534" lon="2.054473"><ele>158.3</ele><time>2025-09-18T15:28:14Z</time></trkpt>
      <trkpt lat="48.742478" lon="2.054746"><ele>158.8</ele><time>2025-09-18T15:28:15Z</time></trkpt>
      <trkpt lat="48.742411" lon="2.055013"><ele>159.2</ele><time>2025-09-18T15:28:16Z</time></trkpt>
      <trkpt lat="48.742335" lon="2.055273"><ele>159.6</ele><time>2025-09-18T15:28:17Z</time></trkpt>
      <trkpt lat="48.742249" lon="2.055528"><ele>160.0</ele><time>2025-09-18T15:28:18Z</time></trkpt>
      <trkpt lat="48.742157" lon="2.055780"><ele>160.2</ele><time>2025-09-18T15:28:19Z</time></trkpt>
      <trkpt lat="48.742060" lon="2.056029"><ele>160.6</ele><time>2025-09-18T15:28:20Z</time></trkpt>
      <trkpt lat="48.741968" lon="2.056269"><ele>160.9</ele><time>2025-09-18T15:28:21Z</time></trkpt>
      <trkpt lat="48.741883" lon="2.056493"><ele>161.2</ele><time>2025-09-18T15:28:22Z</time></trkpt>
      <trkpt lat="48.741803" lon="2.056700"><ele>161.3</ele><time>2025-09-18T15:28:23Z</time></trkpt>
      <trkpt lat="48.741728" lon="2.056891"><ele>161.5</ele><time>2025-09-18T15:28:24Z</time></trkpt>
      <trkpt lat="48.741656" lon="2.057066"><ele>161.6</ele><time>2025-09-18T15:28:25Z</time></trkpt>
      <trkpt lat="48.741587" lon="2.057230"><ele>161.7</ele><time>2025-09-18T15:28:26Z</time></trkpt>
      <trkpt lat="48.741520" lon="2.057389"><ele>161.7</ele><time>2025-09-18T15:28:27Z</time></trkpt>
      <trkpt lat="48.741453" lon="2.057545"><ele>161.6</ele><time>2025-09-18T15:28:28Z</time></trkpt>
      <trkpt lat="48.741386" lon="2.057700"><ele>161.6</ele><time>2025-09-18T15:28:29Z</time></trkpt>
      <trkpt lat="48.741318" lon="2.057857"><ele>161.5</ele><time>2025-09-18T15:28:30Z</time></trkpt>
      <trkpt lat="48.741249" lon="2.058020"><ele>161.6</ele><time>2025-09-18T15:28:31Z</time></trkpt>
      <trkpt lat="48.741181" lon="2.058185"><ele>161.4</ele><time>2025-09-18T15:28:32Z</time></trkpt>
      <trkpt lat="48.741110" lon="2.058348"><ele>161.2</ele><time>2025-09-18T15:28:33Z</time></trkpt>
      <trkpt lat="48.741040" lon="2.058509"><ele>161.1</ele><time>2025-09-18T15:28:34Z</time></trkpt>
      <trkpt lat="48.740974" lon="2.058674"><ele>160.9</ele><time>2025-09-18T15:28:35Z</time></trkpt>
      <trkpt lat="48.740903" lon="2.058841"><ele>160.6</ele><time>2025-09-18T15:28:36Z</time></trkpt>
      <trkpt lat="48.740825" lon="2.059011"><ele>160.3</ele><time>2025-09-18T15:28:37Z</time></trkpt>
      <trkpt lat="48.740746" lon="2.059194"><ele>159.9</ele><time>2025-09-18T15:28:38Z</time></trkpt>
      <trkpt lat="48.740658" lon="2.059383"><ele>159.5</ele><time>2025-09-18T15:28:39Z</time></trkpt>
      <trkpt lat="48.740565" lon="2.059574"><ele>159.0</ele><time>2025-09-18T15:28:40Z</time></trkpt>
      <trkpt lat="48.740473" lon="2.059776"><ele>158.5</ele><time>2025-09-18T15:28:41Z</time></trkpt>
      <trkpt lat="48.740373" lon="2.059978"><ele>158.3</ele><time>2025-09-18T15:28:42Z</time></trkpt>
      <trkpt lat="48.740269" lon="2.060183"><ele>158.3</ele><time>2025-09-18T15:28:43Z</time></trkpt>
      <trkpt lat="48.740164" lon="2.060395"><ele>158.4</ele><time>2025-09-18T15:28:44Z</time></trkpt>
      <trkpt lat="48.740051" lon="2.060612"><ele>158.3</ele><time>2025-09-18T15:28:45Z</time></trkpt>
      <trkpt lat="48.739941" lon="2.060825"><ele>158.5</ele><time>2025-09-18T15:28:46Z</time></trkpt>
      <trkpt lat="48.739840" lon="2.061027"><ele>158.6</ele><time>2025-09-18T15:28:47Z</time></trkpt>
      <trkpt lat="48.739746" lon="2.061217"><ele>158.9</ele><time>2025-09-18T15:28:48Z</time></trkpt>
      <trkpt lat="48.739650" lon="2.061406"><ele>159.2</ele><time>2025-09-18T15:28:49Z</time></trkpt>
      <trkpt lat="48.739550" lon="2.061611"><ele>159.5</ele><time>2025-09-18T15:28:50Z</time></trkpt>
      <trkpt lat="48.739450" lon="2.061844"><ele>159.7</ele><time>2025-09-18T15:28:51Z</time></trkpt>
      <trkpt lat="48.739356" lon="2.062112"><ele>159.7</ele><time>2025-09-18T15:28:52Z</time></trkpt>
      <trkpt lat="48.739271" lon="2.062414"><ele>159.5</ele><time>2025-09-18T15:28:53Z</time></trkpt>
      <trkpt lat="48.739199" lon="2.062750"><ele>159.3</ele><time>2025-09-18T15:28:54Z</time></trkpt>
      <trkpt lat="48.739135" lon="2.063112"><ele>159.1</ele><time>2025-09-18T15:28:55Z</time></trkpt>
      <trkpt lat="48.739058" lon="2.063489"><ele>159.0</ele><time>2025-09-18T15:28:56Z</time></trkpt>
      <trkpt lat="48.738957" lon="2.063869"><ele>158.8</ele><time>2025-09-18T15:28:57Z</time></trkpt>
      <trkpt lat="48.738838" lon="2.064255"><ele>158.6</ele><time>2025-09-18T15:28:58Z</time></trkpt>
      <trkpt lat="48.738713" lon="2.064646"><ele>158.8</ele><time>2025-09-18T15:28:59Z</time></trkpt>
      <trkpt lat="48.738591" lon="2.065022"><ele>159.2</ele><time>2025-09-18T15:29:00Z</time></trkpt>
      <trkpt lat="48.738468" lon="2.065366"><ele>160.0</ele><time>2025-09-18T15:29:01Z</time></trkpt>
      <trkpt lat="48.738334" lon="2.065680"><ele>160.7</ele><time>2025-09-18T15:29:02Z</time></trkpt>
      <trkpt lat="48.738180" lon="2.065968"><ele>161.3</ele><time>2025-09-18T15:29:03Z</time></trkpt>
      <trkpt lat="48.738012" lon="2.066238"><ele>161.8</ele><time>2025-09-18T15:29:04Z</time></trkpt>
      <trkpt lat="48.737829" lon="2.066483"><ele>162.1</ele><time>2025-09-18T15:29:05Z</time></trkpt>
      <trkpt lat="48.737633" lon="2.066699"><ele>162.4</ele><time>2025-09-18T15:29:06Z</time></trkpt>
      <trkpt lat="48.737417" lon="2.066897"><ele>162.4</ele><time>2025-09-18T15:29:07Z</time></trkpt>
      <trkpt lat="48.737186" lon="2.067080"><ele>162.3</ele><time>2025-09-18T15:29:08Z</time></trkpt>
      <trkpt lat="48.736961" lon="2.067260"><ele>162.2</ele><time>2025-09-18T15:29:09Z</time></trkpt>
      <trkpt lat="48.736749" lon="2.067451"><ele>162.2</ele><time>2025-09-18T15:29:10Z</time></trkpt>
      <trkpt lat="48.736552" lon="2.067666"><ele>162.1</ele><time>2025-09-18T15:29:11Z</time></trkpt>
      <trkpt lat="48.736369" lon="2.067909"><ele>161.9</ele><time>2025-09-18T15:29:12Z</time></trkpt>
      <trkpt lat="48.736205" lon="2.068182"><ele>161.7</ele><time>2025-09-18T15:29:13Z</time></trkpt>
      <trkpt lat="48.736063" lon="2.068484"><ele>161.5</ele><time>2025-09-18T15:29:14Z</time></trkpt>
      <trkpt lat="48.735939" lon="2.068814"><ele>161.4</ele><time>2025-09-18T15:29:15Z</time></trkpt>
      <trkpt lat="48.735830" lon="2.069162"><ele>161.2</ele><time>2025-09-18T15:29:16Z</time></trkpt>
      <trkpt lat="48.735739" lon="2.069522"><ele>161.0</ele><time>2025-09-18T15:29:17Z</time></trkpt>
      <trkpt lat="48.735666" lon="2.069872"><ele>160.9</ele><time>2025-09-18T15:29:18Z</time></trkpt>
      <trkpt lat="48.735591" lon="2.070200"><ele>160.8</ele><time>2025-09-18T15:29:19Z</time></trkpt>
      <trkpt lat="48.735495" lon="2.070510"><ele>160.6</ele><time>2025-09-18T15:29:20Z</time></trkpt>
      <trkpt lat="48.735372" lon="2.070794"><ele>160.6</ele><time>2025-09-18T15:29:21Z</time></trkpt>
      <trkpt lat="48.735225" lon="2.071044"><ele>160.5</ele><time>2025-09-18T15:29:22Z</time></trkpt>
      <trkpt lat="48.735064" lon="2.071244"><ele>160.5</ele><time>2025-09-18T15:29:23Z</time></trkpt>
      <trkpt lat="48.734888" lon="2.071389"><ele>160.7</ele><time>2025-09-18T15:29:24Z</time></trkpt>
      <trkpt lat="48.734701" lon="2.071500"><ele>160.6</ele><time>2025-09-18T15:29:25Z</time></trkpt>
      <trkpt lat="48.734510" lon="2.071590"><ele>160.7</ele><time>2025-09-18T15:29:26Z</time></trkpt>
      <trkpt lat="48.734317" lon="2.071664"><ele>160.8</ele><time>2025-09-18T15:29:27Z</time></trkpt>
      <trkpt lat="48.734127" lon="2.071728"><ele>160.9</ele><time>2025-09-18T15:29:28Z</time></trkpt>
      <trkpt lat="48.733941" lon="2.071789"><ele>161.3</ele><time>2025-09-18T15:29:29Z</time></trkpt>
      <trkpt lat="48.733758" lon="2.071851"><ele>161.5</ele><time>2025-09-18T15:29:30Z</time></trkpt>
      <trkpt lat="48.733578" lon="2.071915"><ele>161.8</ele><time>2025-09-18T15:29:31Z</time></trkpt>
      <trkpt lat="48.733403" lon="2.071989"><ele>162.0</ele><time>2025-09-18T15:29:32Z</time></trkpt>
      <trkpt lat="48.733235" lon="2.072073"><ele>162.2</ele><time>2025-09-18T15:29:33Z</time></trkpt>
      <trkpt lat="48.733075" lon="2.072157"><ele>162.4</ele><time>2025-09-18T15:29:34Z</time></trkpt>
      <trkpt lat="48.732918" lon="2.072240"><ele>162.5</ele><time>2025-09-18T15:29:35Z</time></trkpt>
      <trkpt lat="48.732764" lon="2.072321"><ele>162.5</ele><time>2025-09-18T15:29:36Z</time></trkpt>
      <trkpt lat="48.732618" lon="2.072396"><ele>162.3</ele><time>2025-09-18T15:29:37Z</time></trkpt>
      <trkpt lat="48.732478" lon="2.072469"><ele>162.2</ele><time>2025-09-18T15:29:38Z</time></trkpt>
      <trkpt lat="48.732341" lon="2.072541"><ele>161.9</ele><time>2025-09-18T15:29:39Z</time></trkpt>
      <trkpt lat="48.732210" lon="2.072610"><ele>161.8</ele><time>2025-09-18T15:29:40Z</time></trkpt>
      <trkpt lat="48.732085" lon="2.072677"><ele>161.7</ele><time>2025-09-18T15:29:41Z</time></trkpt>
      <trkpt lat="48.731967" lon="2.072744"><ele>161.9</ele><time>2025-09-18T15:29:42Z</time></trkpt>
      <trkpt lat="48.731855" lon="2.072807"><ele>162.0</ele><time>2025-09-18T15:29:43Z</time></trkpt>
      <trkpt lat="48.731753" lon="2.072865"><ele>162.0</ele><time>2025-09-18T15:29:44Z</time></trkpt>
      <trkpt lat="48.731657" lon="2.072919"><ele>162.1</ele><time>2025-09-18T15:29:45Z</time></trkpt>
      <trkpt lat="48.731567" lon="2.072982"><ele>162.2</ele><time>2025-09-18T15:29:46Z</time></trkpt>
      <trkpt lat="48.731476" lon="2.073060"><ele>162.0</ele><time>2025-09-18T15:29:47Z</time></trkpt>
      <trkpt lat="48.731383" lon="2.073157"><ele>162.0</ele><time>2025-09-18T15:29:48Z</time></trkpt>
      <trkpt lat="48.731284" lon="2.073272"><ele>162.0</ele><time>2025-09-18T15:29:49Z</time></trkpt>
      <trkpt lat="48.731183" lon="2.073406"><ele>161.7</ele><time>2025-09-18T15:29:50Z</time></trkpt>
      <trkpt lat="48.731087" lon="2.073571"><ele>161.5</ele><time>2025-09-18T15:29:51Z</time></trkpt>
      <trkpt lat="48.731006" lon="2.073776"><ele>161.7</ele><time>2025-09-18T15:29:52Z</time></trkpt>
      <trkpt lat="48.730939" lon="2.074003"><ele>161.8</ele><time>2025-09-18T15:29:53Z</time></trkpt>
      <trkpt lat="48.730885" lon="2.074242"><ele>161.7</ele><time>2025-09-18T15:29:54Z</time></trkpt>
      <trkpt lat="48.730848" lon="2.074500"><ele>161.4</ele><time>2025-09-18T15:29:55Z</time></trkpt>
      <trkpt lat="48.730829" lon="2.074770"><ele>161.2</ele><time>2025-09-18T15:29:56Z</time></trkpt>
      <trkpt lat="48.730818" lon="2.075039"><ele>160.7</ele><time>2025-09-18T15:29:57Z</time></trkpt>
      <trkpt lat="48.730810" lon="2.075301"><ele>160.3</ele><time>2025-09-18T15:29:58Z</time></trkpt>
      <trkpt lat="48.730804" lon="2.075556"><ele>160.0</ele><time>2025-09-18T15:29:59Z</time></trkpt>
      <trkpt lat="48.730798" lon="2.075807"><ele>159.7</ele><time>2025-09-18T15:30:00Z</time></trkpt>
      <trkpt lat="48.730794" lon="2.076061"><ele>159.5</ele><time>2025-09-18T15:30:01Z</time></trkpt>
      <trkpt lat="48.730790" lon="2.076323"><ele>159.4</ele><time>2025-09-18T15:30:02Z</time></trkpt>
      <trkpt lat="48.730785" lon="2.076591"><ele>159.2</ele><time>2025-09-18T15:30:03Z</time></trkpt>
      <trkpt lat="48.730786" lon="2.076851"><ele>158.8</ele><time>2025-09-18T15:30:04Z</time></trkpt>
      <trkpt lat="48.730783" lon="2.077101"><ele>158.7</ele><time>2025-09-18T15:30:05Z</time></trkpt>
      <trkpt lat="48.730776" lon="2.077346"><ele>158.6</ele><time>2025-09-18T15:30:06Z</time></trkpt>
      <trkpt lat="48.730767" lon="2.077591"><ele>158.5</ele><time>2025-09-18T15:30:07Z</time></trkpt>
      <trkpt lat="48.730753" lon="2.077840"><ele>158.4</ele><time>2025-09-18T15:30:08Z</time></trkpt>
      <trkpt lat="48.730728" lon="2.078089"><ele>158.3</ele><time>2025-09-18T15:30:09Z</time></trkpt>
      <trkpt lat="48.730695" lon="2.078331"><ele>158.3</ele><time>2025-09-18T15:30:10Z</time></trkpt>
      <trkpt lat="48.730654" lon="2.078563"><ele>158.4</ele><time>2025-09-18T15:30:11Z</time></trkpt>
      <trkpt lat="48.730607" lon="2.078785"><ele>158.7</ele><time>2025-09-18T15:30:12Z</time></trkpt>
      <trkpt lat="48.730550" lon="2.079000"><ele>159.0</ele><time>2025-09-18T15:30:13Z</time></trkpt>
      <trkpt lat="48.730486" lon="2.079210"><ele>159.2</ele><time>2025-09-18T15:30:14Z</time></trkpt>
      <trkpt lat="48.730415" lon="2.079418"><ele>159.6</ele><time>2025-09-18T15:30:15Z</time></trkpt>
      <trkpt lat="48.730330" lon="2.079623"><ele>159.9</ele><time>2025-09-18T15:30:16Z</time></trkpt>
      <trkpt lat="48.730235" lon="2.079823"><ele>160.4</ele><time>2025-09-18T15:30:17Z</time></trkpt>
      <trkpt lat="48.730136" lon="2.080016"><ele>160.7</ele><time>2025-09-18T15:30:18Z</time></trkpt>
      <trkpt lat="48.730033" lon="2.080195"><ele>161.0</ele><time>2025-09-18T15:30:19Z</time></trkpt>
      <trkpt lat="48.729927" lon="2.080357"><ele>161.3</ele><time>2025-09-18T15:30:20Z</time></trkpt>
      <trkpt lat="48.729821" lon="2.080503"><ele>161.6</ele><time>2025-09-18T15:30:21Z</time></trkpt>
      <trkpt lat="48.729717" lon="2.080629"><ele>161.8</ele><time>2025-09-18T15:30:22Z</time></trkpt>
      <trkpt lat="48.729613" lon="2.080744"><ele>162.1</ele><time>2025-09-18T15:30:23Z</time></trkpt>
      <trkpt lat="48.729503" lon="2.080853"><ele>162.6</ele><time>2025-09-18T15:30:24Z</time></trkpt>
      <trkpt lat="48.729390" lon="2.080954"><ele>162.9</ele><time>2025-09-18T15:30:25Z</time></trkpt>
      <trkpt lat="48.729284" lon="2.081040"><ele>163.3</ele><time>2025-09-18T15:30:26Z</time></trkpt>
      <trkpt lat="48.729189" lon="2.081112"><ele>163.8</ele><time>2025-09-18T15:30:27Z</time></trkpt>
      <trkpt lat="48.729101" lon="2.081170"><ele>164.0</ele><time>2025-09-18T15:30:28Z</time></trkpt>
      <trkpt lat="48.729019" lon="2.081214"><ele>164.6</ele><time>2025-09-18T15:30:29Z</time></trkpt>
      <trkpt lat="48.728945" lon="2.081243"><ele>165.3</ele><time>2025-09-18T15:30:30Z</time></trkpt>
      <trkpt lat="48.728869" lon="2.081247"><ele>165.4</ele><time>2025-09-18T15:30:31Z</time></trkpt>
      <trkpt lat="48.728801" lon="2.081233"><ele>165.6</ele><time>2025-09-18T15:30:32Z</time></trkpt>
      <trkpt lat="48.728735" lon="2.081225"><ele>165.1</ele><time>2025-09-18T15:30:33Z</time></trkpt>
      <trkpt lat="48.728670" lon="2.081244"><ele>165.2</ele><time>2025-09-18T15:30:34Z</time></trkpt>
      <trkpt lat="48.728607" lon="2.081301"><ele>165.4</ele><time>2025-09-18T15:30:35Z</time></trkpt>
      <trkpt lat="48.728544" lon="2.081373"><ele>165.3</ele><time>2025-09-18T15:30:36Z</time></trkpt>
      <trkpt lat="48.728474" lon="2.081432"><ele>165.4</ele><time>2025-09-18T15:30:37Z</time></trkpt>
      <trkpt lat="48.728417" lon="2.081480"><ele>166.8</ele><time>2025-09-18T15:30:38Z</time></trkpt>
      <trkpt lat="48.728377" lon="2.081542"><ele>168.1</ele><time>2025-09-18T15:30:39Z</time></trkpt>
      <trkpt lat="48.728296" lon="2.081587"><ele>169.0</ele><time>2025-09-18T15:30:40Z</time></trkpt>
      <trkpt lat="48.728216" lon="2.081628"><ele>170.3</ele><time>2025-09-18T15:30:41Z</time></trkpt>
      <trkpt lat="48.728109" lon="2.081670"><ele>171.2</ele><time>2025-09-18T15:30:42Z</time></trkpt>
      <trkpt lat="48.728051" lon="2.081720"><ele>174.7</ele><time>2025-09-18T15:30:43Z</time></trkpt>
      <trkpt lat="48.727967" lon="2.081773"><ele>177.9</ele><time>2025-09-18T15:30:44Z</time></trkpt>
      <trkpt lat="48.727890" lon="2.081815"><ele>179.9</ele><time>2025-09-18T15:30:45Z</time></trkpt>
      <trkpt lat="48.727812" lon="2.081849"><ele>182.1</ele><time>2025-09-18T15:30:46Z</time></trkpt>
      <trkpt lat="48.727739" lon="2.081875"><ele>184.1</ele><time>2025-09-18T15:30:47Z</time></trkpt>
      <trkpt lat="48.727680" lon="2.081904"><ele>185.6</ele><time>2025-09-18T15:30:48Z</time></trkpt>
      <trkpt lat="48.727608" lon="2.081926"><ele>186.4</ele><time>2025-09-18T15:30:49Z</time></trkpt>
      <trkpt lat="48.727554" lon="2.081944"><ele>187.7</ele><time>2025-09-18T15:30:50Z</time></trkpt>
      <trkpt lat="48.727496" lon="2.081953"><ele>189.0</ele><time>2025-09-18T15:30:51Z</time></trkpt>
      <trkpt lat="48.727409" lon="2.081933"><ele>186.8</ele><time>2025-09-18T15:30:52Z</time></trkpt>
      <trkpt lat="48.727352" lon="2.081912"><ele>187.9</ele><time>2025-09-18T15:30:53Z</time></trkpt>
      <trkpt lat="48.727260" lon="2.081892"><ele>183.6</ele><time>2025-09-18T15:30:54Z</time></trkpt>
      <trkpt lat="48.727201" lon="2.081904"><ele>182.0</ele><time>2025-09-18T15:30:55Z</time></trkpt>
      <trkpt lat="48.727151" lon="2.081948"><ele>180.9</ele><time>2025-09-18T15:30:56Z</time></trkpt>
      <trkpt lat="48.727125" lon="2.082009"><ele>179.7</ele><time>2025-09-18T15:30:57Z</time></trkpt>
      <trkpt lat="48.727118" lon="2.082077"><ele>177.6</ele><time>2025-09-18T15:30:58Z</time></trkpt>
      <trkpt lat="48.727126" lon="2.082139"><ele>175.6</ele><time>2025-09-18T15:30:59Z</time></trkpt>
      <trkpt lat="48.727151" lon="2.082212"><ele>173.7</ele><time>2025-09-18T15:31:00Z</time></trkpt>
      <trkpt lat="48.727187" lon="2.082302"><ele>173.1</ele><time>2025-09-18T15:31:01Z</time></trkpt>
      <trkpt lat="48.727212" lon="2.082391"><ele>172.8</ele><time>2025-09-18T15:31:02Z</time></trkpt>
      <trkpt lat="48.727224" lon="2.082476"><ele>172.3</ele><time>2025-09-18T15:31:03Z</time></trkpt>
      <trkpt lat="48.727221" lon="2.082558"><ele>172.0</ele><time>2025-09-18T15:31:04Z</time></trkpt>
      <trkpt lat="48.727200" lon="2.082631"><ele>171.8</ele><time>2025-09-18T15:31:05Z</time></trkpt>
      <trkpt lat="48.727161" lon="2.082692"><ele>172.0</ele><time>2025-09-18T15:31:06Z</time></trkpt>
      <trkpt lat="48.727108" lon="2.082734"><ele>172.1</ele><time>2025-09-18T15:31:07Z</time></trkpt>
      <trkpt lat="48.727041" lon="2.082764"><ele>171.9</ele><time>2025-09-18T15:31:08Z</time></trkpt>
      <trkpt lat="48.726971" lon="2.082788"><ele>172.1</ele><time>2025-09-18T15:31:09Z</time></trkpt>
      <trkpt lat="48.726911" lon="2.082812"><ele>172.7</ele><time>2025-09-18T15:31:10Z</time></trkpt>
      <trkpt lat="48.726863" lon="2.082836"><ele>173.4</ele><time>2025-09-18T15:31:11Z</time></trkpt>
      <trkpt lat="48.726816" lon="2.082859"><ele>173.7</ele><time>2025-09-18T15:31:12Z</time></trkpt>
      <trkpt lat="48.726757" lon="2.082880"><ele>173.4</ele><time>2025-09-18T15:31:13Z</time></trkpt>
      <trkpt lat="48.726690" lon="2.082903"><ele>172.9</ele><time>2025-09-18T15:31:14Z</time></trkpt>
      <trkpt lat="48.726631" lon="2.082921"><ele>172.7</ele><time>2025-09-18T15:31:15Z</time></trkpt>
      <trkpt lat="48.726576" lon="2.082921"><ele>172.0</ele><time>2025-09-18T15:31:16Z</time></trkpt>
      <trkpt lat="48.726535" lon="2.082898"><ele>171.7</ele><time>2025-09-18T15:31:17Z</time></trkpt>
      <trkpt lat="48.726500" lon="2.082850"><ele>171.1</ele><time>2025-09-18T15:31:18Z</time></trkpt>
      <trkpt lat="48.726476" lon="2.082778"><ele>170.6</ele><time>2025-09-18T15:31:19Z</time></trkpt>
      <trkpt lat="48.726462" lon="2.082695"><ele>170.0</ele><time>2025-09-18T15:31:20Z</time></trkpt>
      <trkpt lat="48.726458" lon="2.082609"><ele>169.5</ele><time>2025-09-18T15:31:21Z</time></trkpt>
      <trkpt lat="48.726471" lon="2.082535"><ele>169.3</ele><time>2025-09-18T15:31:22Z</time></trkpt>
      <trkpt lat="48.726498" lon="2.082483"><ele>169.0</ele><time>2025-09-18T15:31:23Z</time></trkpt>
      <trkpt lat="48.726536" lon="2.082459"><ele>168.9</ele><time>2025-09-18T15:31:24Z</time></trkpt>
      <trkpt lat="48.726565" lon="2.082460"><ele>168.8</ele><time>2025-09-18T15:31:25Z</time></trkpt>
      <trkpt lat="48.726576" lon="2.082469"><ele>169.0</ele><time>2025-09-18T15:31:26Z</time></trkpt>
      <trkpt lat="48.726568" lon="2.082466"><ele>168.8</ele><time>2025-09-18T15:31:33Z</time></trkpt>
      <trkpt lat="48.726570" lon="2.082481"><ele>168.6</ele><time>2025-09-18T15:31:34Z</time></trkpt>
      <trkpt lat="48.726573" lon="2.082499"><ele>168.3</ele><time>2025-09-18T15:31:35Z</time></trkpt>
      <trkpt lat="48.726571" lon="2.082517"><ele>168.4</ele><time>2025-09-18T15:31:36Z</time></trkpt>
      <trkpt lat="48.726570" lon="2.082531"><ele>168.7</ele><time>2025-09-18T15:31:37Z</time></trkpt>
      <trkpt lat="48.726554" lon="2.082453"><ele>152.1</ele><time>2025-09-18T15:35:26Z</time></trkpt>
      <trkpt lat="48.726561" lon="2.082479"><ele>153.2</ele><time>2025-09-18T15:35:27Z</time></trkpt>
      <trkpt lat="48.726552" lon="2.082517"><ele>155.8</ele><time>2025-09-18T15:35:28Z</time></trkpt>
      <trkpt lat="48.726535" lon="2.082543"><ele>158.2</ele><time>2025-09-18T15:35:29Z</time></trkpt>
      <trkpt lat="48.726512" lon="2.082563"><ele>160.0</ele><time>2025-09-18T15:35:30Z</time></trkpt>
      <trkpt lat="48.726497" lon="2.082578"><ele>161.6</ele><time>2025-09-18T15:35:31Z</time></trkpt>
      <trkpt lat="48.726492" lon="2.082586"><ele>162.8</ele><time>2025-09-18T15:35:32Z</time></trkpt>
      <trkpt lat="48.726463" lon="2.082622"><ele>166.4</ele><time>2025-09-18T15:35:36Z</time></trkpt>
      <trkpt lat="48.726441" lon="2.082654"><ele>166.8</ele><time>2025-09-18T15:35:37Z</time></trkpt>
      <trkpt lat="48.726424" lon="2.082691"><ele>168.1</ele><time>2025-09-18T15:35:38Z</time></trkpt>
      <trkpt lat="48.726418" lon="2.082729"><ele>168.8</ele><time>2025-09-18T15:35:39Z</time></trkpt>
      <trkpt lat="48.726420" lon="2.082763"><ele>169.2</ele><time>2025-09-18T15:35:40Z</time></trkpt>
      <trkpt lat="48.726424" lon="2.082787"><ele>169.4</ele><time>2025-09-18T15:35:41Z</time></trkpt>
      <trkpt lat="48.726431" lon="2.082816"><ele>169.8</ele><time>2025-09-18T15:35:45Z</time></trkpt>
      <trkpt lat="48.726451" lon="2.082835"><ele>169.9</ele><time>2025-09-18T15:35:46Z</time></trkpt>
      <trkpt lat="48.726486" lon="2.082847"><ele>170.2</ele><time>2025-09-18T15:35:47Z</time></trkpt>
      <trkpt lat="48.726534" lon="2.082841"><ele>170.2</ele><time>2025-09-18T15:35:48Z</time></trkpt>
      <trkpt lat="48.726590" lon="2.082821"><ele>170.2</ele><time>2025-09-18T15:35:49Z</time></trkpt>
      <trkpt lat="48.726651" lon="2.082789"><ele>170.4</ele><time>2025-09-18T15:35:50Z</time></trkpt>
      <trkpt lat="48.726720" lon="2.082761"><ele>170.7</ele><time>2025-09-18T15:35:51Z</time></trkpt>
      <trkpt lat="48.726795" lon="2.082739"><ele>170.9</ele><time>2025-09-18T15:35:52Z</time></trkpt>
      <trkpt lat="48.726872" lon="2.082717"><ele>171.1</ele><time>2025-09-18T15:35:53Z</time></trkpt>
      <trkpt lat="48.726948" lon="2.082691"><ele>171.4</ele><time>2025-09-18T15:35:54Z</time></trkpt>
      <trkpt lat="48.727022" lon="2.082666"><ele>171.6</ele><time>2025-09-18T15:35:55Z</time></trkpt>
      <trkpt lat="48.727089" lon="2.082616"><ele>171.4</ele><time>2025-09-18T15:35:56Z</time></trkpt>
      <trkpt lat="48.727136" lon="2.082544"><ele>171.1</ele><time>2025-09-18T15:35:57Z</time></trkpt>
      <trkpt lat="48.727159" lon="2.082457"><ele>171.2</ele><time>2025-09-18T15:35:58Z</time></trkpt>
      <trkpt lat="48.727159" lon="2.082369"><ele>171.0</ele><time>2025-09-18T15:35:59Z</time></trkpt>
      <trkpt lat="48.727152" lon="2.082297"><ele>170.6</ele><time>2025-09-18T15:36:00Z</time></trkpt>
      <trkpt lat="48.727148" lon="2.082255"><ele>170.1</ele><time>2025-09-18T15:36:01Z</time></trkpt>
      <trkpt lat="48.727143" lon="2.082233"><ele>170.1</ele><time>2025-09-18T15:36:02Z</time></trkpt>
      <trkpt lat="48.727142" lon="2.082210"><ele>169.4</ele><time>2025-09-18T15:36:05Z</time></trkpt>
      <trkpt lat="48.727147" lon="2.082173"><ele>169.5</ele><time>2025-09-18T15:36:06Z</time></trkpt>
      <trkpt lat="48.727158" lon="2.082113"><ele>169.5</ele><time>2025-09-18T15:36:07Z</time></trkpt>
      <trkpt lat="48.727177" lon="2.082045"><ele>169.4</ele><time>2025-09-18T15:36:08Z</time></trkpt>
      <trkpt lat="48.727203" lon="2.081981"><ele>169.2</ele><time>2025-09-18T15:36:09Z</time></trkpt>
      <trkpt lat="48.727239" lon="2.081926"><ele>169.3</ele><time>2025-09-18T15:36:10Z</time></trkpt>
      <trkpt lat="48.727284" lon="2.081880"><ele>169.9</ele><time>2025-09-18T15:36:11Z</time></trkpt>
      <trkpt lat="48.727341" lon="2.081842"><ele>170.1</ele><time>2025-09-18T15:36:12Z</time></trkpt>
      <trkpt lat="48.727402" lon="2.081817"><ele>171.0</ele><time>2025-09-18T15:36:13Z</time></trkpt>
      <trkpt lat="48.727463" lon="2.081785"><ele>171.7</ele><time>2025-09-18T15:36:14Z</time></trkpt>
      <trkpt lat="48.727525" lon="2.081746"><ele>172.6</ele><time>2025-09-18T15:36:15Z</time></trkpt>
      <trkpt lat="48.727595" lon="2.081705"><ele>173.4</ele><time>2025-09-18T15:36:16Z</time></trkpt>
      <trkpt lat="48.727678" lon="2.081664"><ele>174.1</ele><time>2025-09-18T15:36:17Z</time></trkpt>
      <trkpt lat="48.727748" lon="2.081608"><ele>175.5</ele><time>2025-09-18T15:36:18Z</time></trkpt>
      <trkpt lat="48.727823" lon="2.081571"><ele>176.1</ele><time>2025-09-18T15:36:19Z</time></trkpt>
      <trkpt lat="48.727879" lon="2.081536"><ele>176.6</ele><time>2025-09-18T15:36:20Z</time></trkpt>
      <trkpt lat="48.727912" lon="2.081523"><ele>181.7</ele><time>2025-09-18T15:36:21Z</time></trkpt>
      <trkpt lat="48.727948" lon="2.081504"><ele>184.5</ele><time>2025-09-18T15:36:22Z</time></trkpt>
      <trkpt lat="48.727997" lon="2.081486"><ele>187.8</ele><time>2025-09-18T15:36:23Z</time></trkpt>
      <trkpt lat="48.728034" lon="2.081459"><ele>190.5</ele><time>2025-09-18T15:36:24Z</time></trkpt>
      <trkpt lat="48.728058" lon="2.081441"><ele>192.7</ele><time>2025-09-18T15:36:25Z</time></trkpt>
      <trkpt lat="48.728057" lon="2.081426"><ele>197.4</ele><time>2025-09-18T15:36:26Z</time></trkpt>
      <trkpt lat="48.728100" lon="2.081408"><ele>196.5</ele><time>2025-09-18T15:36:27Z</time></trkpt>
      <trkpt lat="48.728119" lon="2.081396"><ele>198.7</ele><time>2025-09-18T15:36:28Z</time></trkpt>
      <trkpt lat="48.728145" lon="2.081377"><ele>196.6</ele><time>2025-09-18T15:36:29Z</time></trkpt>
      <trkpt lat="48.728173" lon="2.081365"><ele>195.5</ele><time>2025-09-18T15:36:30Z</time></trkpt>
      <trkpt lat="48.728193" lon="2.081356"><ele>194.7</ele><time>2025-09-18T15:36:31Z</time></trkpt>
      <trkpt lat="48.728266" lon="2.081349"><ele>192.3</ele><time>2025-09-18T15:36:32Z</time></trkpt>
      <trkpt lat="48.728365" lon="2.081362"><ele>188.2</ele><time>2025-09-18T15:36:33Z</time></trkpt>
      <trkpt lat="48.728456" lon="2.081376"><ele>185.5</ele><time>2025-09-18T15:36:34Z</time></trkpt>
      <trkpt lat="48.728527" lon="2.081374"><ele>185.0</ele><time>2025-09-18T15:36:35Z</time></trkpt>
      <trkpt lat="48.728596" lon="2.081342"><ele>184.3</ele><time>2025-09-18T15:36:36Z</time></trkpt>
      <trkpt lat="48.728676" lon="2.081295"><ele>182.4</ele><time>2025-09-18T15:36:37Z</time></trkpt>
      <trkpt lat="48.728761" lon="2.081228"><ele>180.8</ele><time>2025-09-18T15:36:38Z</time></trkpt>
      <trkpt lat="48.728854" lon="2.081170"><ele>180.2</ele><time>2025-09-18T15:36:39Z</time></trkpt>
      <trkpt lat="48.728955" lon="2.081112"><ele>179.8</ele><time>2025-09-18T15:36:40Z</time></trkpt>
      <trkpt lat="48.729060" lon="2.081046"><ele>179.8</ele><time>2025-09-18T15:36:41Z</time></trkpt>
      <trkpt lat="48.729171" lon="2.080967"><ele>179.6</ele><time>2025-09-18T15:36:42Z</time></trkpt>
      <trkpt lat="48.729282" lon="2.080873"><ele>180.1</ele><time>2025-09-18T15:36:43Z</time></trkpt>
      <trkpt lat="48.729394" lon="2.080771"><ele>179.8</ele><time>2025-09-18T15:36:44Z</time></trkpt>
      <trkpt lat="48.729502" lon="2.080662"><ele>179.8</ele><time>2025-09-18T15:36:45Z</time></trkpt>
      <trkpt lat="48.729612" lon="2.080550"><ele>179.5</ele><time>2025-09-18T15:36:46Z</time></trkpt>
      <trkpt lat="48.729723" lon="2.080430"><ele>178.4</ele><time>2025-09-18T15:36:47Z</time></trkpt>
      <trkpt lat="48.729832" lon="2.080302"><ele>176.1</ele><time>2025-09-18T15:36:48Z</time></trkpt>
      <trkpt lat="48.729934" lon="2.080162"><ele>174.4</ele><time>2025-09-18T15:36:49Z</time></trkpt>
      <trkpt lat="48.730031" lon="2.080013"><ele>173.0</ele><time>2025-09-18T15:36:50Z</time></trkpt>
      <trkpt lat="48.730126" lon="2.079849"><ele>172.0</ele><time>2025-09-18T15:36:51Z</time></trkpt>
      <trkpt lat="48.730222" lon="2.079667"><ele>170.4</ele><time>2025-09-18T15:36:52Z</time></trkpt>
      <trkpt lat="48.730314" lon="2.079474"><ele>169.1</ele><time>2025-09-18T15:36:53Z</time></trkpt>
      <trkpt lat="48.730398" lon="2.079275"><ele>167.8</ele><time>2025-09-18T15:36:54Z</time></trkpt>
      <trkpt lat="48.730472" lon="2.079073"><ele>166.5</ele><time>2025-09-18T15:36:55Z</time></trkpt>
      <trkpt lat="48.730538" lon="2.078868"><ele>165.3</ele><time>2025-09-18T15:36:56Z</time></trkpt>
      <trkpt lat="48.730594" lon="2.078659"><ele>164.3</ele><time>2025-09-18T15:36:57Z</time></trkpt>
      <trkpt lat="48.730644" lon="2.078441"><ele>163.5</ele><time>2025-09-18T15:36:58Z</time></trkpt>
      <trkpt lat="48.730681" lon="2.078200"><ele>162.7</ele><time>2025-09-18T15:36:59Z</time></trkpt>
      <trkpt lat="48.730703" lon="2.077916"><ele>162.3</ele><time>2025-09-18T15:37:00Z</time></trkpt>
      <trkpt lat="48.730717" lon="2.077585"><ele>162.0</ele><time>2025-09-18T15:37:01Z</time></trkpt>
      <trkpt lat="48.730729" lon="2.077236"><ele>162.0</ele><time>2025-09-18T15:37:02Z</time></trkpt>
      <trkpt lat="48.730740" lon="2.076898"><ele>162.1</ele><time>2025-09-18T15:37:03Z</time></trkpt>
      <trkpt lat="48.730749" lon="2.076568"><ele>162.1</ele><time>2025-09-18T15:37:04Z</time></trkpt>
      <trkpt lat="48.730756" lon="2.076255"><ele>162.2</ele><time>2025-09-18T15:37:05Z</time></trkpt>
      <trkpt lat="48.730764" lon="2.075972"><ele>162.4</ele><time>2025-09-18T15:37:06Z</time></trkpt>
      <trkpt lat="48.730772" lon="2.075712"><ele>162.5</ele><time>2025-09-18T15:37:07Z</time></trkpt>
      <trkpt lat="48.730781" lon="2.075470"><ele>162.6</ele><time>2025-09-18T15:37:08Z</time></trkpt>
      <trkpt lat="48.730788" lon="2.075245"><ele>162.4</ele><time>2025-09-18T15:37:09Z</time></trkpt>
      <trkpt lat="48.730795" lon="2.075032"><ele>162.4</ele><time>2025-09-18T15:37:10Z</time></trkpt>
      <trkpt lat="48.730804" lon="2.074824"><ele>162.4</ele><time>2025-09-18T15:37:11Z</time></trkpt>
      <trkpt lat="48.730820" lon="2.074622"><ele>162.4</ele><time>2025-09-18T15:37:12Z</time></trkpt>
      <trkpt lat="48.730845" lon="2.074432"><ele>162.4</ele><time>2025-09-18T15:37:13Z</time></trkpt>
      <trkpt lat="48.730877" lon="2.074251"><ele>162.4</ele><time>2025-09-18T15:37:14Z</time></trkpt>
      <trkpt lat="48.730918" lon="2.074076"><ele>162.4</ele><time>2025-09-18T15:37:15Z</time></trkpt>
      <trkpt lat="48.730970" lon="2.073908"><ele>162.4</ele><time>2025-09-18T15:37:16Z</time></trkpt>
      <trkpt lat="48.731032" lon="2.073747"><ele>162.4</ele><time>2025-09-18T15:37:17Z</time></trkpt>
      <trkpt lat="48.731109" lon="2.073592"><ele>162.4</ele><time>2025-09-18T15:37:18Z</time></trkpt>
      <trkpt lat="48.731201" lon="2.073447"><ele>162.6</ele><time>2025-09-18T15:37:19Z</time></trkpt>
      <trkpt lat="48.731307" lon="2.073313"><ele>162.7</ele><time>2025-09-18T15:37:20Z</time></trkpt>
      <trkpt lat="48.731420" lon="2.073189"><ele>162.8</ele><time>2025-09-18T15:37:21Z</time></trkpt>
      <trkpt lat="48.731541" lon="2.073071"><ele>163.0</ele><time>2025-09-18T15:37:22Z</time></trkpt>
      <trkpt lat="48.731671" lon="2.072958"><ele>163.2</ele><time>2025-09-18T15:37:23Z</time></trkpt>
      <trkpt lat="48.731809" lon="2.072851"><ele>163.3</ele><time>2025-09-18T15:37:24Z</time></trkpt>
      <trkpt lat="48.731953" lon="2.072757"><ele>163.5</ele><time>2025-09-18T15:37:25Z</time></trkpt>
      <trkpt lat="48.732099" lon="2.072674"><ele>163.7</ele><time>2025-09-18T15:37:26Z</time></trkpt>
      <trkpt lat="48.732241" lon="2.072595"><ele>163.6</ele><time>2025-09-18T15:37:27Z</time></trkpt>
      <trkpt lat="48.732372" lon="2.072522"><ele>163.7</ele><time>2025-09-18T15:37:28Z</time></trkpt>
      <trkpt lat="48.732496" lon="2.072456"><ele>163.8</ele><time>2025-09-18T15:37:29Z</time></trkpt>
      <trkpt lat="48.732617" lon="2.072393"><ele>163.9</ele><time>2025-09-18T15:37:30Z</time></trkpt>
      <trkpt lat="48.732735" lon="2.072332"><ele>164.0</ele><time>2025-09-18T15:37:31Z</time></trkpt>
      <trkpt lat="48.732852" lon="2.072275"><ele>164.0</ele><time>2025-09-18T15:37:32Z</time></trkpt>
      <trkpt lat="48.732970" lon="2.072222"><ele>163.9</ele><time>2025-09-18T15:37:33Z</time></trkpt>
      <trkpt lat="48.733092" lon="2.072173"><ele>163.8</ele><time>2025-09-18T15:37:34Z</time></trkpt>
      <trkpt lat="48.733221" lon="2.072124"><ele>163.6</ele><time>2025-09-18T15:37:35Z</time></trkpt>
      <trkpt lat="48.733355" lon="2.072074"><ele>163.5</ele><time>2025-09-18T15:37:36Z</time></trkpt>
      <trkpt lat="48.733494" lon="2.072023"><ele>163.3</ele><time>2025-09-18T15:37:37Z</time></trkpt>
      <trkpt lat="48.733638" lon="2.071973"><ele>163.2</ele><time>2025-09-18T15:37:38Z</time></trkpt>
      <trkpt lat="48.733787" lon="2.071923"><ele>162.9</ele><time>2025-09-18T15:37:39Z</time></trkpt>
      <trkpt lat="48.733939" lon="2.071874"><ele>162.7</ele><time>2025-09-18T15:37:40Z</time></trkpt>
      <trkpt lat="48.734093" lon="2.071824"><ele>162.7</ele><time>2025-09-18T15:37:41Z</time></trkpt>
      <trkpt lat="48.734248" lon="2.071771"><ele>162.6</ele><time>2025-09-18T15:37:42Z</time></trkpt>
      <trkpt lat="48.734404" lon="2.071712"><ele>162.6</ele><time>2025-09-18T15:37:43Z</time></trkpt>
      <trkpt lat="48.734558" lon="2.071643"><ele>162.6</ele><time>2025-09-18T15:37:44Z</time></trkpt>
      <trkpt lat="48.734711" lon="2.071561"><ele>162.5</ele><time>2025-09-18T15:37:45Z</time></trkpt>
      <trkpt lat="48.734856" lon="2.071465"><ele>162.6</ele><time>2025-09-18T15:37:46Z</time></trkpt>
      <trkpt lat="48.734991" lon="2.071353"><ele>162.5</ele><time>2025-09-18T15:37:47Z</time></trkpt>
      <trkpt lat="48.735117" lon="2.071224"><ele>162.5</ele><time>2025-09-18T15:37:48Z</time></trkpt>
      <trkpt lat="48.735233" lon="2.071076"><ele>162.2</ele><time>2025-09-18T15:37:49Z</time></trkpt>
      <trkpt lat="48.735336" lon="2.070909"><ele>162.2</ele><time>2025-09-18T15:37:50Z</time></trkpt>
      <trkpt lat="48.735427" lon="2.070724"><ele>162.0</ele><time>2025-09-18T15:37:51Z</time></trkpt>
      <trkpt lat="48.735507" lon="2.070522"><ele>161.9</ele><time>2025-09-18T15:37:52Z</time></trkpt>
      <trkpt lat="48.735575" lon="2.070299"><ele>161.8</ele><time>2025-09-18T15:37:53Z</time></trkpt>
      <trkpt lat="48.735635" lon="2.070057"><ele>161.6</ele><time>2025-09-18T15:37:54Z</time></trkpt>
      <trkpt lat="48.735688" lon="2.069808"><ele>161.4</ele><time>2025-09-18T15:37:55Z</time></trkpt>
      <trkpt lat="48.735736" lon="2.069561"><ele>161.3</ele><time>2025-09-18T15:37:56Z</time></trkpt>
      <trkpt lat="48.735788" lon="2.069320"><ele>161.5</ele><time>2025-09-18T15:37:57Z</time></trkpt>
      <trkpt lat="48.735849" lon="2.069090"><ele>161.5</ele><time>2025-09-18T15:37:58Z</time></trkpt>
      <trkpt lat="48.735917" lon="2.068879"><ele>161.6</ele><time>2025-09-18T15:37:59Z</time></trkpt>
      <trkpt lat="48.735989" lon="2.068682"><ele>161.6</ele><time>2025-09-18T15:38:00Z</time></trkpt>
      <trkpt lat="48.736068" lon="2.068489"><ele>161.6</ele><time>2025-09-18T15:38:01Z</time></trkpt>
      <trkpt lat="48.736159" lon="2.068295"><ele>161.7</ele><time>2025-09-18T15:38:02Z</time></trkpt>
      <trkpt lat="48.736258" lon="2.068110"><ele>161.9</ele><time>2025-09-18T15:38:03Z</time></trkpt>
      <trkpt lat="48.736366" lon="2.067936"><ele>162.0</ele><time>2025-09-18T15:38:04Z</time></trkpt>
      <trkpt lat="48.736482" lon="2.067776"><ele>162.1</ele><time>2025-09-18T15:38:05Z</time></trkpt>
      <trkpt lat="48.736604" lon="2.067631"><ele>162.2</ele><time>2025-09-18T15:38:06Z</time></trkpt>
      <trkpt lat="48.736728" lon="2.067499"><ele>162.2</ele><time>2025-09-18T15:38:07Z</time></trkpt>
      <trkpt lat="48.736856" lon="2.067378"><ele>162.2</ele><time>2025-09-18T15:38:08Z</time></trkpt>
      <trkpt lat="48.736991" lon="2.067266"><ele>162.0</ele><time>2025-09-18T15:38:09Z</time></trkpt>
      <trkpt lat="48.737131" lon="2.067162"><ele>162.0</ele><time>2025-09-18T15:38:10Z</time></trkpt>
      <trkpt lat="48.737273" lon="2.067054"><ele>162.0</ele><time>2025-09-18T15:38:11Z</time></trkpt>
      <trkpt lat="48.737414" lon="2.066935"><ele>162.1</ele><time>2025-09-18T15:38:12Z</time></trkpt>
      <trkpt lat="48.737557" lon="2.066812"><ele>162.0</ele><time>2025-09-18T15:38:13Z</time></trkpt>
      <trkpt lat="48.737699" lon="2.066674"><ele>161.8</ele><time>2025-09-18T15:38:14Z</time></trkpt>
      <trkpt lat="48.737839" lon="2.066511"><ele>161.6</ele><time>2025-09-18T15:38:15Z</time></trkpt>
      <trkpt lat="48.737970" lon="2.066338"><ele>161.3</ele><time>2025-09-18T15:38:16Z</time></trkpt>
      <trkpt lat="48.738087" lon="2.066164"><ele>161.0</ele><time>2025-09-18T15:38:17Z</time></trkpt>
      <trkpt lat="48.738194" lon="2.065986"><ele>160.7</ele><time>2025-09-18T15:38:18Z</time></trkpt>
      <trkpt lat="48.738294" lon="2.065798"><ele>160.4</ele><time>2025-09-18T15:38:19Z</time></trkpt>
      <trkpt lat="48.738390" lon="2.065597"><ele>159.8</ele><time>2025-09-18T15:38:20Z</time></trkpt>
      <trkpt lat="48.738481" lon="2.065379"><ele>159.2</ele><time>2025-09-18T15:38:21Z</time></trkpt>
      <trkpt lat="48.738569" lon="2.065142"><ele>158.6</ele><time>2025-09-18T15:38:22Z</time></trkpt>
      <trkpt lat="48.738654" lon="2.064892"><ele>158.2</ele><time>2025-09-18T15:38:23Z</time></trkpt>
      <trkpt lat="48.738738" lon="2.064642"><ele>157.9</ele><time>2025-09-18T15:38:24Z</time></trkpt>
      <trkpt lat="48.738819" lon="2.064395"><ele>157.8</ele><time>2025-09-18T15:38:25Z</time></trkpt>
      <trkpt lat="48.738898" lon="2.064151"><ele>157.9</ele><time>2025-09-18T15:38:26Z</time></trkpt>
      <trkpt lat="48.738973" lon="2.063904"><ele>157.8</ele><time>2025-09-18T15:38:27Z</time></trkpt>
      <trkpt lat="48.739037" lon="2.063644"><ele>157.8</ele><time>2025-09-18T15:38:28Z</time></trkpt>
      <trkpt lat="48.739094" lon="2.063368"><ele>157.8</ele><time>2025-09-18T15:38:29Z</time></trkpt>
      <trkpt lat="48.739146" lon="2.063085"><ele>158.0</ele><time>2025-09-18T15:38:30Z</time></trkpt>
      <trkpt lat="48.739196" lon="2.062815"><ele>158.2</ele><time>2025-09-18T15:38:31Z</time></trkpt>
      <trkpt lat="48.739247" lon="2.062565"><ele>158.4</ele><time>2025-09-18T15:38:32Z</time></trkpt>
      <trkpt lat="48.739308" lon="2.062329"><ele>158.5</ele><time>2025-09-18T15:38:33Z</time></trkpt>
      <trkpt lat="48.739378" lon="2.062104"><ele>158.6</ele><time>2025-09-18T15:38:34Z</time></trkpt>
      <trkpt lat="48.739457" lon="2.061883"><ele>158.7</ele><time>2025-09-18T15:38:35Z</time></trkpt>
      <trkpt lat="48.739545" lon="2.061667"><ele>158.6</ele><time>2025-09-18T15:38:36Z</time></trkpt>
      <trkpt lat="48.739649" lon="2.061456"><ele>158.3</ele><time>2025-09-18T15:38:37Z</time></trkpt>
      <trkpt lat="48.739757" lon="2.061240"><ele>157.9</ele><time>2025-09-18T15:38:38Z</time></trkpt>
      <trkpt lat="48.739867" lon="2.061016"><ele>157.4</ele><time>2025-09-18T15:38:39Z</time></trkpt>
      <trkpt lat="48.739985" lon="2.060795"><ele>156.9</ele><time>2025-09-18T15:38:40Z</time></trkpt>
      <trkpt lat="48.740100" lon="2.060569"><ele>156.7</ele><time>2025-09-18T15:38:41Z</time></trkpt>
      <trkpt lat="48.740212" lon="2.060344"><ele>156.6</ele><time>2025-09-18T15:38:42Z</time></trkpt>
      <trkpt lat="48.740320" lon="2.060130"><ele>156.5</ele><time>2025-09-18T15:38:43Z</time></trkpt>
      <trkpt lat="48.740423" lon="2.059921"><ele>156.7</ele><time>2025-09-18T15:38:44Z</time></trkpt>
      <trkpt lat="48.740524" lon="2.059709"><ele>157.1</ele><time>2025-09-18T15:38:45Z</time></trkpt>
      <trkpt lat="48.740625" lon="2.059496"><ele>157.5</ele><time>2025-09-18T15:38:46Z</time></trkpt>
      <trkpt lat="48.740725" lon="2.059279"><ele>157.9</ele><time>2025-09-18T15:38:47Z</time></trkpt>
      <trkpt lat="48.740825" lon="2.059055"><ele>158.3</ele><time>2025-09-18T15:38:48Z</time></trkpt>
      <trkpt lat="48.740928" lon="2.058829"><ele>158.6</ele><time>2025-09-18T15:38:49Z</time></trkpt>
      <trkpt lat="48.741029" lon="2.058604"><ele>159.0</ele><time>2025-09-18T15:38:50Z</time></trkpt>
      <trkpt lat="48.741126" lon="2.058387"><ele>159.2</ele><time>2025-09-18T15:38:51Z</time></trkpt>
      <trkpt lat="48.741217" lon="2.058179"><ele>159.5</ele><time>2025-09-18T15:38:52Z</time></trkpt>
      <trkpt lat="48.741307" lon="2.057975"><ele>159.6</ele><time>2025-09-18T15:38:53Z</time></trkpt>
      <trkpt lat="48.741397" lon="2.057771"><ele>159.8</ele><time>2025-09-18T15:38:54Z</time></trkpt>
      <trkpt lat="48.741490" lon="2.057567"><ele>159.8</ele><time>2025-09-18T15:38:55Z</time></trkpt>
      <trkpt lat="48.741579" lon="2.057371"><ele>159.8</ele><time>2025-09-18T15:38:56Z</time></trkpt>
      <trkpt lat="48.741662" lon="2.057185"><ele>159.9</ele><time>2025-09-18T15:38:57Z</time></trkpt>
      <trkpt lat="48.741739" lon="2.057011"><ele>159.9</ele><time>2025-09-18T15:38:58Z</time></trkpt>
      <trkpt lat="48.741810" lon="2.056846"><ele>159.8</ele><time>2025-09-18T15:38:59Z</time></trkpt>
      <trkpt lat="48.741877" lon="2.056687"><ele>159.7</ele><time>2025-09-18T15:39:00Z</time></trkpt>
      <trkpt lat="48.741939" lon="2.056534"><ele>159.6</ele><time>2025-09-18T15:39:01Z</time></trkpt>
      <trkpt lat="48.741995" lon="2.056388"><ele>159.4</ele><time>2025-09-18T15:39:02Z</time></trkpt>
      <trkpt lat="48.742053" lon="2.056237"><ele>159.2</ele><time>2025-09-18T15:39:03Z</time></trkpt>
      <trkpt lat="48.742124" lon="2.056062"><ele>158.8</ele><time>2025-09-18T15:39:04Z</time></trkpt>
      <trkpt lat="48.742205" lon="2.055858"><ele>158.6</ele><time>2025-09-18T15:39:05Z</time></trkpt>
      <trkpt lat="48.742293" lon="2.055627"><ele>158.3</ele><time>2025-09-18T15:39:06Z</time></trkpt>
      <trkpt lat="48.742379" lon="2.055368"><ele>158.0</ele><time>2025-09-18T15:39:07Z</time></trkpt>
      <trkpt lat="48.742455" lon="2.055090"><ele>157.6</ele><time>2025-09-18T15:39:08Z</time></trkpt>
      <trkpt lat="48.742516" lon="2.054803"><ele>157.2</ele><time>2025-09-18T15:39:09Z</time></trkpt>
      <trkpt lat="48.742564" lon="2.054511"><ele>156.7</ele><time>2025-09-18T15:39:10Z</time></trkpt>
      <trkpt lat="48.742602" lon="2.054222"><ele>156.4</ele><time>2025-09-18T15:39:11Z</time></trkpt>
      <trkpt lat="48.742628" lon="2.053935"><ele>156.5</ele><time>2025-09-18T15:39:12Z</time></trkpt>
      <trkpt lat="48.742644" lon="2.053646"><ele>156.7</ele><time>2025-09-18T15:39:13Z</time></trkpt>
      <trkpt lat="48.742650" lon="2.053358"><ele>157.1</ele><time>2025-09-18T15:39:14Z</time></trkpt>
      <trkpt lat="48.742643" lon="2.053078"><ele>157.5</ele><time>2025-09-18T15:39:15Z</time></trkpt>
      <trkpt lat="48.742623" lon="2.052803"><ele>157.9</ele><time>2025-09-18T15:39:16Z</time></trkpt>
      <trkpt lat="48.742591" lon="2.052531"><ele>158.2</ele><time>2025-09-18T15:39:17Z</time></trkpt>
      <trkpt lat="48.742548" lon="2.052265"><ele>158.6</ele><time>2025-09-18T15:39:18Z</time></trkpt>
      <trkpt lat="48.742494" lon="2.052000"><ele>158.9</ele><time>2025-09-18T15:39:19Z</time></trkpt>
      <trkpt lat="48.742430" lon="2.051738"><ele>159.3</ele><time>2025-09-18T15:39:20Z</time></trkpt>
      <trkpt lat="48.742356" lon="2.051480"><ele>159.6</ele><time>2025-09-18T15:39:21Z</time></trkpt>
      <trkpt lat="48.742275" lon="2.051227"><ele>159.8</ele><time>2025-09-18T15:39:22Z</time></trkpt>
      <trkpt lat="48.742192" lon="2.050979"><ele>160.0</ele><time>2025-09-18T15:39:23Z</time></trkpt>
      <trkpt lat="48.742105" lon="2.050732"><ele>160.2</ele><time>2025-09-18T15:39:24Z</time></trkpt>
      <trkpt lat="48.742016" lon="2.050481"><ele>160.4</ele><time>2025-09-18T15:39:25Z</time></trkpt>
      <trkpt lat="48.741918" lon="2.050207"><ele>160.6</ele><time>2025-09-18T15:39:26Z</time></trkpt>
      <trkpt lat="48.741811" lon="2.049902"><ele>160.8</ele><time>2025-09-18T15:39:27Z</time></trkpt>
      <trkpt lat="48.741695" lon="2.049572"><ele>161.2</ele><time>2025-09-18T15:39:28Z</time></trkpt>
      <trkpt lat="48.741573" lon="2.049222"><ele>161.5</ele><time>2025-09-18T15:39:29Z</time></trkpt>
      <trkpt lat="48.741448" lon="2.048862"><ele>161.8</ele><time>2025-09-18T15:39:30Z</time></trkpt>
      <trkpt lat="48.741331" lon="2.048511"><ele>161.9</ele><time>2025-09-18T15:39:31Z</time></trkpt>
      <trkpt lat="48.741228" lon="2.048180"><ele>162.1</ele><time>2025-09-18T15:39:32Z</time></trkpt>
      <trkpt lat="48.741140" lon="2.047856"><ele>162.2</ele><time>2025-09-18T15:39:33Z</time></trkpt>
      <trkpt lat="48.741065" lon="2.047528"><ele>162.5</ele><time>2025-09-18T15:39:34Z</time></trkpt>
      <trkpt lat="48.741008" lon="2.047206"><ele>162.7</ele><time>2025-09-18T15:39:35Z</time></trkpt>
      <trkpt lat="48.740962" lon="2.046890"><ele>162.8</ele><time>2025-09-18T15:39:36Z</time></trkpt>
      <trkpt lat="48.740914" lon="2.046562"><ele>163.0</ele><time>2025-09-18T15:39:37Z</time></trkpt>
      <trkpt lat="48.740862" lon="2.046206"><ele>163.2</ele><time>2025-09-18T15:39:38Z</time></trkpt>
      <trkpt lat="48.740811" lon="2.045826"><ele>163.4</ele><time>2025-09-18T15:39:39Z</time></trkpt>
      <trkpt lat="48.740763" lon="2.045447"><ele>163.6</ele><time>2025-09-18T15:39:40Z</time></trkpt>
      <trkpt lat="48.740724" lon="2.045081"><ele>163.8</ele><time>2025-09-18T15:39:41Z</time></trkpt>
      <trkpt lat="48.740688" lon="2.044733"><ele>163.9</ele><time>2025-09-18T15:39:42Z</time></trkpt>
      <trkpt lat="48.740652" lon="2.044400"><ele>163.9</ele><time>2025-09-18T15:39:43Z</time></trkpt>
      <trkpt lat="48.740611" lon="2.044079"><ele>164.0</ele><time>2025-09-18T15:39:44Z</time></trkpt>
      <trkpt lat="48.740569" lon="2.043770"><ele>164.0</ele><time>2025-09-18T15:39:45Z</time></trkpt>
      <trkpt lat="48.740530" lon="2.043480"><ele>163.9</ele><time>2025-09-18T15:39:46Z</time></trkpt>
      <trkpt lat="48.740496" lon="2.043207"><ele>163.7</ele><time>2025-09-18T15:39:47Z</time></trkpt>
      <trkpt lat="48.740474" lon="2.042942"><ele>163.5</ele><time>2025-09-18T15:39:48Z</time></trkpt>
      <trkpt lat="48.740464" lon="2.042675"><ele>163.2</ele><time>2025-09-18T15:39:49Z</time></trkpt>
      <trkpt lat="48.740468" lon="2.042410"><ele>162.8</ele><time>2025-09-18T15:39:50Z</time></trkpt>
      <trkpt lat="48.740482" lon="2.042145"><ele>162.7</ele><time>2025-09-18T15:39:51Z</time></trkpt>
      <trkpt lat="48.740499" lon="2.041873"><ele>162.6</ele><time>2025-09-18T15:39:52Z</time></trkpt>
      <trkpt lat="48.740514" lon="2.041595"><ele>162.4</ele><time>2025-09-18T15:39:53Z</time></trkpt>
      <trkpt lat="48.740530" lon="2.041313"><ele>162.3</ele><time>2025-09-18T15:39:54Z</time></trkpt>
      <trkpt lat="48.740547" lon="2.041029"><ele>162.2</ele><time>2025-09-18T15:39:55Z</time></trkpt>
      <trkpt lat="48.740567" lon="2.040745"><ele>162.1</ele><time>2025-09-18T15:39:56Z</time></trkpt>
      <trkpt lat="48.740586" lon="2.040462"><ele>162.0</ele><time>2025-09-18T15:39:57Z</time></trkpt>
      <trkpt lat="48.740602" lon="2.040175"><ele>162.0</ele><time>2025-09-18T15:39:58Z</time></trkpt>
      <trkpt lat="48.740620" lon="2.039883"><ele>161.8</ele><time>2025-09-18T15:39:59Z</time></trkpt>
      <trkpt lat="48.740647" lon="2.039579"><ele>161.8</ele><time>2025-09-18T15:40:00Z</time></trkpt>
      <trkpt lat="48.740692" lon="2.039266"><ele>161.9</ele><time>2025-09-18T15:40:01Z</time></trkpt>
      <trkpt lat="48.740759" lon="2.038949"><ele>162.0</ele><time>2025-09-18T15:40:02Z</time></trkpt>
      <trkpt lat="48.740846" lon="2.038632"><ele>162.2</ele><time>2025-09-18T15:40:03Z</time></trkpt>
      <trkpt lat="48.740954" lon="2.038318"><ele>162.0</ele><time>2025-09-18T15:40:04Z</time></trkpt>
      <trkpt lat="48.741084" lon="2.038012"><ele>161.7</ele><time>2025-09-18T15:40:05Z</time></trkpt>
      <trkpt lat="48.741238" lon="2.037726"><ele>161.7</ele><time>2025-09-18T15:40:06Z</time></trkpt>
      <trkpt lat="48.741418" lon="2.037465"><ele>161.8</ele><time>2025-09-18T15:40:07Z</time></trkpt>
      <trkpt lat="48.741616" lon="2.037217"><ele>161.8</ele><time>2025-09-18T15:40:08Z</time></trkpt>
      <trkpt lat="48.741818" lon="2.036960"><ele>161.6</ele><time>2025-09-18T15:40:09Z</time></trkpt>
      <trkpt lat="48.742006" lon="2.036687"><ele>161.7</ele><time>2025-09-18T15:40:10Z</time></trkpt>
      <trkpt lat="48.742176" lon="2.036385"><ele>161.6</ele><time>2025-09-18T15:40:11Z</time></trkpt>
      <trkpt lat="48.742339" lon="2.036048"><ele>161.5</ele><time>2025-09-18T15:40:12Z</time></trkpt>
      <trkpt lat="48.742498" lon="2.035682"><ele>161.3</ele><time>2025-09-18T15:40:13Z</time></trkpt>
      <trkpt lat="48.742648" lon="2.035319"><ele>161.1</ele><time>2025-09-18T15:40:14Z</time></trkpt>
      <trkpt lat="48.742791" lon="2.034979"><ele>160.9</ele><time>2025-09-18T15:40:15Z</time></trkpt>
      <trkpt lat="48.742929" lon="2.034666"><ele>160.6</ele><time>2025-09-18T15:40:16Z</time></trkpt>
      <trkpt lat="48.743066" lon="2.034376"><ele>160.6</ele><time>2025-09-18T15:40:17Z</time></trkpt>
      <trkpt lat="48.743205" lon="2.034104"><ele>160.5</ele><time>2025-09-18T15:40:18Z</time></trkpt>
      <trkpt lat="48.743343" lon="2.033843"><ele>160.4</ele><time>2025-09-18T15:40:19Z</time></trkpt>
      <trkpt lat="48.743480" lon="2.033584"><ele>160.5</ele><time>2025-09-18T15:40:20Z</time></trkpt>
      <trkpt lat="48.743618" lon="2.033321"><ele>160.6</ele><time>2025-09-18T15:40:21Z</time></trkpt>
      <trkpt lat="48.743760" lon="2.033059"><ele>160.7</ele><time>2025-09-18T15:40:22Z</time></trkpt>
      <trkpt lat="48.743902" lon="2.032799"><ele>160.8</ele><time>2025-09-18T15:40:23Z</time></trkpt>
      <trkpt lat="48.744041" lon="2.032548"><ele>161.0</ele><time>2025-09-18T15:40:24Z</time></trkpt>
      <trkpt lat="48.744171" lon="2.032313"><ele>161.3</ele><time>2025-09-18T15:40:25Z</time></trkpt>
      <trkpt lat="48.744294" lon="2.032092"><ele>161.5</ele><time>2025-09-18T15:40:26Z</time></trkpt>
      <trkpt lat="48.744411" lon="2.031881"><ele>161.7</ele><time>2025-09-18T15:40:27Z</time></trkpt>
      <trkpt lat="48.744521" lon="2.031684"><ele>161.8</ele><time>2025-09-18T15:40:28Z</time></trkpt>
      <trkpt lat="48.744624" lon="2.031500"><ele>161.9</ele><time>2025-09-18T15:40:29Z</time></trkpt>
      <trkpt lat="48.744719" lon="2.031330"><ele>162.0</ele><time>2025-09-18T15:40:30Z</time></trkpt>
      <trkpt lat="48.744807" lon="2.031173"><ele>162.0</ele><time>2025-09-18T15:40:31Z</time></trkpt>
      <trkpt lat="48.744892" lon="2.031023"><ele>162.1</ele><time>2025-09-18T15:40:32Z</time></trkpt>
      <trkpt lat="48.744973" lon="2.030879"><ele>162.2</ele><time>2025-09-18T15:40:33Z</time></trkpt>
      <trkpt lat="48.745050" lon="2.030744"><ele>162.2</ele><time>2025-09-18T15:40:34Z</time></trkpt>
      <trkpt lat="48.745121" lon="2.030625"><ele>162.2</ele><time>2025-09-18T15:40:35Z</time></trkpt>
      <trkpt lat="48.745186" lon="2.030515"><ele>162.2</ele><time>2025-09-18T15:40:36Z</time></trkpt>
      <trkpt lat="48.745238" lon="2.030408"><ele>162.2</ele><time>2025-09-18T15:40:37Z</time></trkpt>
      <trkpt lat="48.745274" lon="2.030292"><ele>162.1</ele><time>2025-09-18T15:40:38Z</time></trkpt>
      <trkpt lat="48.745287" lon="2.030171"><ele>162.1</ele><time>2025-09-18T15:40:39Z</time></trkpt>
      <trkpt lat="48.745271" lon="2.030050"><ele>162.2</ele><time>2025-09-18T15:40:40Z</time></trkpt>
      <trkpt lat="48.745226" lon="2.029939"><ele>162.3</ele><time>2025-09-18T15:40:41Z</time></trkpt>
      <trkpt lat="48.745169" lon="2.029838"><ele>162.5</ele><time>2025-09-18T15:40:42Z</time></trkpt>
      <trkpt lat="48.745111" lon="2.029745"><ele>162.6</ele><time>2025-09-18T15:40:43Z</time></trkpt>
      <trkpt lat="48.745058" lon="2.029657"><ele>162.6</ele><time>2025-09-18T15:40:44Z</time></trkpt>
      <trkpt lat="48.745015" lon="2.029570"><ele>162.7</ele><time>2025-09-18T15:40:45Z</time></trkpt>
      <trkpt lat="48.744988" lon="2.029477"><ele>162.7</ele><time>2025-09-18T15:40:46Z</time></trkpt>
      <trkpt lat="48.744979" lon="2.029376"><ele>162.7</ele><time>2025-09-18T15:40:47Z</time></trkpt>
      <trkpt lat="48.744991" lon="2.029271"><ele>162.7</ele><time>2025-09-18T15:40:48Z</time></trkpt>
      <trkpt lat="48.745026" lon="2.029169"><ele>162.9</ele><time>2025-09-18T15:40:49Z</time></trkpt>
      <trkpt lat="48.745077" lon="2.029068"><ele>162.9</ele><time>2025-09-18T15:40:50Z</time></trkpt>
      <trkpt lat="48.745140" lon="2.028966"><ele>162.8</ele><time>2025-09-18T15:40:51Z</time></trkpt>
      <trkpt lat="48.745207" lon="2.028858"><ele>162.7</ele><time>2025-09-18T15:40:52Z</time></trkpt>
      <trkpt lat="48.745275" lon="2.028743"><ele>162.9</ele><time>2025-09-18T15:40:53Z</time></trkpt>
      <trkpt lat="48.745343" lon="2.028618"><ele>162.8</ele><time>2025-09-18T15:40:54Z</time></trkpt>
      <trkpt lat="48.745418" lon="2.028485"><ele>162.8</ele><time>2025-09-18T15:40:55Z</time></trkpt>
      <trkpt lat="48.745499" lon="2.028344"><ele>162.8</ele><time>2025-09-18T15:40:56Z</time></trkpt>
      <trkpt lat="48.745587" lon="2.028192"><ele>162.9</ele><time>2025-09-18T15:40:57Z</time></trkpt>
      <trkpt lat="48.745682" lon="2.028029"><ele>162.8</ele><time>2025-09-18T15:40:58Z</time></trkpt>
      <trkpt lat="48.745777" lon="2.027866"><ele>162.8</ele><time>2025-09-18T15:40:59Z</time></trkpt>
      <trkpt lat="48.745875" lon="2.027702"><ele>162.6</ele><time>2025-09-18T15:41:00Z</time></trkpt>
      <trkpt lat="48.745981" lon="2.027538"><ele>162.5</ele><time>2025-09-18T15:41:01Z</time></trkpt>
      <trkpt lat="48.746088" lon="2.027379"><ele>162.7</ele><time>2025-09-18T15:41:02Z</time></trkpt>
      <trkpt lat="48.746193" lon="2.027231"><ele>162.6</ele><time>2025-09-18T15:41:03Z</time></trkpt>
      <trkpt lat="48.746297" lon="2.027087"><ele>162.7</ele><time>2025-09-18T15:41:04Z</time></trkpt>
      <trkpt lat="48.746406" lon="2.026941"><ele>162.7</ele><time>2025-09-18T15:41:05Z</time></trkpt>
      <trkpt lat="48.746517" lon="2.026791"><ele>162.7</ele><time>2025-09-18T15:41:06Z</time></trkpt>
      <trkpt lat="48.746624" lon="2.026648"><ele>162.9</ele><time>2025-09-18T15:41:07Z</time></trkpt>
      <trkpt lat="48.746728" lon="2.026509"><ele>162.9</ele><time>2025-09-18T15:41:08Z</time></trkpt>
      <trkpt lat="48.746828" lon="2.026372"><ele>162.8</ele><time>2025-09-18T15:41:09Z</time></trkpt>
      <trkpt lat="48.746921" lon="2.026244"><ele>162.9</ele><time>2025-09-18T15:41:10Z</time></trkpt>
      <trkpt lat="48.747007" lon="2.026128"><ele>163.0</ele><time>2025-09-18T15:41:11Z</time></trkpt>
      <trkpt lat="48.747081" lon="2.026029"><ele>163.0</ele><time>2025-09-18T15:41:12Z</time></trkpt>
      <trkpt lat="48.747144" lon="2.025947"><ele>163.1</ele><time>2025-09-18T15:41:13Z</time></trkpt>
      <trkpt lat="48.747200" lon="2.025877"><ele>163.1</ele><time>2025-09-18T15:41:14Z</time></trkpt>
      <trkpt lat="48.747250" lon="2.025814"><ele>163.4</ele><time>2025-09-18T15:41:15Z</time></trkpt>
      <trkpt lat="48.747298" lon="2.025751"><ele>163.5</ele><time>2025-09-18T15:41:16Z</time></trkpt>
      <trkpt lat="48.747344" lon="2.025689"><ele>163.6</ele><time>2025-09-18T15:41:17Z</time></trkpt>
      <trkpt lat="48.747389" lon="2.025629"><ele>163.5</ele><time>2025-09-18T15:41:18Z</time></trkpt>
      <trkpt lat="48.747436" lon="2.025571"><ele>163.4</ele><time>2025-09-18T15:41:19Z</time></trkpt>
      <trkpt lat="48.747487" lon="2.025523"><ele>163.7</ele><time>2025-09-18T15:41:20Z</time></trkpt>
      <trkpt lat="48.747547" lon="2.025488"><ele>163.8</ele><time>2025-09-18T15:41:21Z</time></trkpt>
      <trkpt lat="48.747613" lon="2.025475"><ele>164.0</ele><time>2025-09-18T15:41:22Z</time></trkpt>
      <trkpt lat="48.747688" lon="2.025494"><ele>164.0</ele><time>2025-09-18T15:41:23Z</time></trkpt>
      <trkpt lat="48.747763" lon="2.025554"><ele>163.7</ele><time>2025-09-18T15:41:24Z</time></trkpt>
      <trkpt lat="48.747836" lon="2.025654"><ele>163.6</ele><time>2025-09-18T15:41:25Z</time></trkpt>
      <trkpt lat="48.747910" lon="2.025782"><ele>163.7</ele><time>2025-09-18T15:41:26Z</time></trkpt>
      <trkpt lat="48.747990" lon="2.025934"><ele>163.6</ele><time>2025-09-18T15:41:27Z</time></trkpt>
      <trkpt lat="48.748075" lon="2.026107"><ele>163.4</ele><time>2025-09-18T15:41:28Z</time></trkpt>
      <trkpt lat="48.748165" lon="2.026284"><ele>162.8</ele><time>2025-09-18T15:41:29Z</time></trkpt>
      <trkpt lat="48.748252" lon="2.026460"><ele>162.5</ele><time>2025-09-18T15:41:30Z</time></trkpt>
      <trkpt lat="48.748338" lon="2.026635"><ele>162.4</ele><time>2025-09-18T15:41:31Z</time></trkpt>
      <trkpt lat="48.748425" lon="2.026809"><ele>162.2</ele><time>2025-09-18T15:41:32Z</time></trkpt>
      <trkpt lat="48.748515" lon="2.026985"><ele>162.0</ele><time>2025-09-18T15:41:33Z</time></trkpt>
      <trkpt lat="48.748610" lon="2.027165"><ele>161.9</ele><time>2025-09-18T15:41:34Z</time></trkpt>
      <trkpt lat="48.748706" lon="2.027354"><ele>161.6</ele><time>2025-09-18T15:41:35Z</time></trkpt>
      <trkpt lat="48.748808" lon="2.027551"><ele>161.6</ele><time>2025-09-18T15:41:36Z</time></trkpt>
      <trkpt lat="48.748916" lon="2.027756"><ele>161.5</ele><time>2025-09-18T15:41:37Z</time></trkpt>
      <trkpt lat="48.749029" lon="2.027971"><ele>161.4</ele><time>2025-09-18T15:41:38Z</time></trkpt>
      <trkpt lat="48.749142" lon="2.028197"><ele>161.3</ele><time>2025-09-18T15:41:39Z</time></trkpt>
      <trkpt lat="48.749256" lon="2.028424"><ele>161.0</ele><time>2025-09-18T15:41:40Z</time></trkpt>
      <trkpt lat="48.749370" lon="2.028650"><ele>160.8</ele><time>2025-09-18T15:41:41Z</time></trkpt>
      <trkpt lat="48.749480" lon="2.028869"><ele>160.5</ele><time>2025-09-18T15:41:42Z</time></trkpt>
      <trkpt lat="48.749586" lon="2.029077"><ele>160.3</ele><time>2025-09-18T15:41:43Z</time></trkpt>
      <trkpt lat="48.749690" lon="2.029283"><ele>160.3</ele><time>2025-09-18T15:41:44Z</time></trkpt>
      <trkpt lat="48.749793" lon="2.029488"><ele>160.1</ele><time>2025-09-18T15:41:45Z</time></trkpt>
      <trkpt lat="48.749897" lon="2.029692"><ele>159.8</ele><time>2025-09-18T15:41:46Z</time></trkpt>
      <trkpt lat="48.749999" lon="2.029895"><ele>159.5</ele><time>2025-09-18T15:41:47Z</time></trkpt>
      <trkpt lat="48.750104" lon="2.030104"><ele>159.3</ele><time>2025-09-18T15:41:48Z</time></trkpt>
      <trkpt lat="48.750212" lon="2.030321"><ele>159.3</ele><time>2025-09-18T15:41:49Z</time></trkpt>
      <trkpt lat="48.750321" lon="2.030546"><ele>159.1</ele><time>2025-09-18T15:41:50Z</time></trkpt>
      <trkpt lat="48.750435" lon="2.030776"><ele>158.9</ele><time>2025-09-18T15:41:51Z</time></trkpt>
      <trkpt lat="48.750552" lon="2.031009"><ele>158.6</ele><time>2025-09-18T15:41:52Z</time></trkpt>
      <trkpt lat="48.750672" lon="2.031247"><ele>158.5</ele><time>2025-09-18T15:41:53Z</time></trkpt>
      <trkpt lat="48.750794" lon="2.031489"><ele>158.6</ele><time>2025-09-18T15:41:54Z</time></trkpt>
      <trkpt lat="48.750916" lon="2.031730"><ele>158.5</ele><time>2025-09-18T15:41:55Z</time></trkpt>
      <trkpt lat="48.751036" lon="2.031970"><ele>158.3</ele><time>2025-09-18T15:41:56Z</time></trkpt>
      <trkpt lat="48.751155" lon="2.032204"><ele>157.9</ele><time>2025-09-18T15:41:57Z</time></trkpt>
      <trkpt lat="48.751274" lon="2.032435"><ele>157.6</ele><time>2025-09-18T15:41:58Z</time></trkpt>
      <trkpt lat="48.751392" lon="2.032663"><ele>157.3</ele><time>2025-09-18T15:41:59Z</time></trkpt>
      <trkpt lat="48.751510" lon="2.032892"><ele>157.2</ele><time>2025-09-18T15:42:00Z</time></trkpt>
      <trkpt lat="48.751625" lon="2.033117"><ele>156.9</ele><time>2025-09-18T15:42:01Z</time></trkpt>
      <trkpt lat="48.751735" lon="2.033332"><ele>156.6</ele><time>2025-09-18T15:42:02Z</time></trkpt>
      <trkpt lat="48.751841" lon="2.033543"><ele>156.3</ele><time>2025-09-18T15:42:03Z</time></trkpt>
      <trkpt lat="48.751946" lon="2.033755"><ele>156.2</ele><time>2025-09-18T15:42:04Z</time></trkpt>
      <trkpt lat="48.752050" lon="2.033965"><ele>156.0</ele><time>2025-09-18T15:42:05Z</time></trkpt>
      <trkpt lat="48.752153" lon="2.034171"><ele>155.9</ele><time>2025-09-18T15:42:06Z</time></trkpt>
      <trkpt lat="48.752255" lon="2.034367"><ele>155.8</ele><time>2025-09-18T15:42:07Z</time></trkpt>
      <trkpt lat="48.752355" lon="2.034557"><ele>155.7</ele><time>2025-09-18T15:42:08Z</time></trkpt>
      <trkpt lat="48.752452" lon="2.034745"><ele>155.4</ele><time>2025-09-18T15:42:09Z</time></trkpt>
      <trkpt lat="48.752549" lon="2.034934"><ele>154.7</ele><time>2025-09-18T15:42:10Z</time></trkpt>
      <trkpt lat="48.752651" lon="2.035130"><ele>154.0</ele><time>2025-09-18T15:42:11Z</time></trkpt>
      <trkpt lat="48.752755" lon="2.035332"><ele>153.4</ele><time>2025-09-18T15:42:12Z</time></trkpt>
      <trkpt lat="48.752858" lon="2.035535"><ele>152.6</ele><time>2025-09-18T15:42:13Z</time></trkpt>
      <trkpt lat="48.752961" lon="2.035739"><ele>152.0</ele><time>2025-09-18T15:42:14Z</time></trkpt>
      <trkpt lat="48.753063" lon="2.035942"><ele>151.3</ele><time>2025-09-18T15:42:15Z</time></trkpt>
      <trkpt lat="48.753161" lon="2.036142"><ele>151.2</ele><time>2025-09-18T15:42:16Z</time></trkpt>
      <trkpt lat="48.753256" lon="2.036332"><ele>150.8</ele><time>2025-09-18T15:42:17Z</time></trkpt>
      <trkpt lat="48.753348" lon="2.036518"><ele>150.4</ele><time>2025-09-18T15:42:18Z</time></trkpt>
      <trkpt lat="48.753440" lon="2.036696"><ele>150.0</ele><time>2025-09-18T15:42:19Z</time></trkpt>
      <trkpt lat="48.753530" lon="2.036874"><ele>149.7</ele><time>2025-09-18T15:42:20Z</time></trkpt>
      <trkpt lat="48.753618" lon="2.037053"><ele>149.8</ele><time>2025-09-18T15:42:21Z</time></trkpt>
      <trkpt lat="48.753705" lon="2.037234"><ele>149.6</ele><time>2025-09-18T15:42:22Z</time></trkpt>
      <trkpt lat="48.753793" lon="2.037409"><ele>150.1</ele><time>2025-09-18T15:42:23Z</time></trkpt>
      <trkpt lat="48.753881" lon="2.037585"><ele>150.6</ele><time>2025-09-18T15:42:24Z</time></trkpt>
      <trkpt lat="48.753966" lon="2.037752"><ele>150.8</ele><time>2025-09-18T15:42:25Z</time></trkpt>
      <trkpt lat="48.754045" lon="2.037904"><ele>151.6</ele><time>2025-09-18T15:42:26Z</time></trkpt>
      <trkpt lat="48.754114" lon="2.038044"><ele>152.2</ele><time>2025-09-18T15:42:27Z</time></trkpt>
      <trkpt lat="48.754173" lon="2.038175"><ele>153.2</ele><time>2025-09-18T15:42:28Z</time></trkpt>
      <trkpt lat="48.754217" lon="2.038324"><ele>154.0</ele><time>2025-09-18T15:42:29Z</time></trkpt>
      <trkpt lat="48.754235" lon="2.038498"><ele>155.1</ele><time>2025-09-18T15:42:30Z</time></trkpt>
      <trkpt lat="48.754227" lon="2.038696"><ele>156.1</ele><time>2025-09-18T15:42:31Z</time></trkpt>
      <trkpt lat="48.754201" lon="2.038898"><ele>156.7</ele><time>2025-09-18T15:42:32Z</time></trkpt>
      <trkpt lat="48.754175" lon="2.039083"><ele>158.1</ele><time>2025-09-18T15:42:33Z</time></trkpt>
      <trkpt lat="48.754147" lon="2.039253"><ele>159.3</ele><time>2025-09-18T15:42:34Z</time></trkpt>
      <trkpt lat="48.754130" lon="2.039420"><ele>161.3</ele><time>2025-09-18T15:42:35Z</time></trkpt>
      <trkpt lat="48.754112" lon="2.039589"><ele>163.0</ele><time>2025-09-18T15:42:36Z</time></trkpt>
      <trkpt lat="48.754094" lon="2.039760"><ele>164.3</ele><time>2025-09-18T15:42:37Z</time></trkpt>
      <trkpt lat="48.754080" lon="2.039939"><ele>164.9</ele><time>2025-09-18T15:42:38Z</time></trkpt>
      <trkpt lat="48.754074" lon="2.040119"><ele>166.0</ele><time>2025-09-18T15:42:39Z</time></trkpt>
      <trkpt lat="48.754078" lon="2.040295"><ele>167.5</ele><time>2025-09-18T15:42:40Z</time></trkpt>
      <trkpt lat="48.754089" lon="2.040463"><ele>168.1</ele><time>2025-09-18T15:42:41Z</time></trkpt>
      <trkpt lat="48.754110" lon="2.040617"><ele>169.1</ele><time>2025-09-18T15:42:42Z</time></trkpt>
      <trkpt lat="48.754140" lon="2.040761"><ele>169.7</ele><time>2025-09-18T15:42:43Z</time></trkpt>
      <trkpt lat="48.754179" lon="2.040894"><ele>169.9</ele><time>2025-09-18T15:42:44Z</time></trkpt>
      <trkpt lat="48.754219" lon="2.041009"><ele>169.8</ele><time>2025-09-18T15:42:45Z</time></trkpt>
      <trkpt lat="48.754257" lon="2.041107"><ele>169.9</ele><time>2025-09-18T15:42:46Z</time></trkpt>
      <trkpt lat="48.754292" lon="2.041192"><ele>169.4</ele><time>2025-09-18T15:42:47Z</time></trkpt>
      <trkpt lat="48.754328" lon="2.041269"><ele>169.6</ele><time>2025-09-18T15:42:48Z</time></trkpt>
      <trkpt lat="48.754360" lon="2.041344"><ele>170.0</ele><time>2025-09-18T15:42:49Z</time></trkpt>
      <trkpt lat="48.754391" lon="2.041421"><ele>170.2</ele><time>2025-09-18T15:42:50Z</time></trkpt>
      <trkpt lat="48.754430" lon="2.041498"><ele>170.3</ele><time>2025-09-18T15:42:51Z</time></trkpt>
      <trkpt lat="48.754471" lon="2.041567"><ele>170.3</ele><time>2025-09-18T15:42:52Z</time></trkpt>
      <trkpt lat="48.754510" lon="2.041621"><ele>170.3</ele><time>2025-09-18T15:42:53Z</time></trkpt>
      <trkpt lat="48.754553" lon="2.041675"><ele>170.0</ele><time>2025-09-18T15:42:54Z</time></trkpt>
      <trkpt lat="48.754600" lon="2.041753"><ele>169.5</ele><time>2025-09-18T15:42:55Z</time></trkpt>
      <trkpt lat="48.754649" lon="2.041838"><ele>169.4</ele><time>2025-09-18T15:42:56Z</time></trkpt>
      <trkpt lat="48.754706" lon="2.041903"><ele>169.4</ele><time>2025-09-18T15:42:57Z</time></trkpt>
      <trkpt lat="48.754770" lon="2.041915"><ele>169.3</ele><time>2025-09-18T15:42:58Z</time></trkpt>
      <trkpt lat="48.754832" lon="2.041886"><ele>169.5</ele><time>2025-09-18T15:42:59Z</time></trkpt>
      <trkpt lat="48.754893" lon="2.041823"><ele>170.3</ele><time>2025-09-18T15:43:00Z</time></trkpt>
      <trkpt lat="48.754962" lon="2.041752"><ele>170.9</ele><time>2025-09-18T15:43:01Z</time></trkpt>
      <trkpt lat="48.755044" lon="2.041685"><ele>171.1</ele><time>2025-09-18T15:43:02Z</time></trkpt>
      <trkpt lat="48.755137" lon="2.041619"><ele>170.6</ele><time>2025-09-18T15:43:03Z</time></trkpt>
      <trkpt lat="48.755230" lon="2.041548"><ele>170.8</ele><time>2025-09-18T15:43:04Z</time></trkpt>
      <trkpt lat="48.755339" lon="2.041479"><ele>170.4</ele><time>2025-09-18T15:43:05Z</time></trkpt>
      <trkpt lat="48.755445" lon="2.041419"><ele>171.1</ele><time>2025-09-18T15:43:06Z</time></trkpt>
      <trkpt lat="48.755551" lon="2.041369"><ele>171.7</ele><time>2025-09-18T15:43:07Z</time></trkpt>
      <trkpt lat="48.755656" lon="2.041329"><ele>172.9</ele><time>2025-09-18T15:43:08Z</time></trkpt>
      <trkpt lat="48.755742" lon="2.041294"><ele>175.1</ele><time>2025-09-18T15:43:09Z</time></trkpt>
      <trkpt lat="48.755831" lon="2.041270"><ele>176.8</ele><time>2025-09-18T15:43:10Z</time></trkpt>
      <trkpt lat="48.755919" lon="2.041259"><ele>178.8</ele><time>2025-09-18T15:43:11Z</time></trkpt>
      <trkpt lat="48.756029" lon="2.041261"><ele>179.5</ele><time>2025-09-18T15:43:12Z</time></trkpt>
      <trkpt lat="48.756145" lon="2.041273"><ele>179.3</ele><time>2025-09-18T15:43:13Z</time></trkpt>
      <trkpt lat="48.756244" lon="2.041287"><ele>180.6</ele><time>2025-09-18T15:43:14Z</time></trkpt>
      <trkpt lat="48.756347" lon="2.041321"><ele>180.8</ele><time>2025-09-18T15:43:15Z</time></trkpt>
      <trkpt lat="48.756450" lon="2.041373"><ele>180.9</ele><time>2025-09-18T15:43:16Z</time></trkpt>
      <trkpt lat="48.756548" lon="2.041427"><ele>181.1</ele><time>2025-09-18T15:43:17Z</time></trkpt>
      <trkpt lat="48.756664" lon="2.041484"><ele>179.2</ele><time>2025-09-18T15:43:18Z</time></trkpt>
      <trkpt lat="48.756763" lon="2.041552"><ele>180.4</ele><time>2025-09-18T15:43:19Z</time></trkpt>
      <trkpt lat="48.756870" lon="2.041632"><ele>181.7</ele><time>2025-09-18T15:43:20Z</time></trkpt>
      <trkpt lat="48.756977" lon="2.041711"><ele>182.9</ele><time>2025-09-18T15:43:21Z</time></trkpt>
      <trkpt lat="48.757077" lon="2.041780"><ele>184.2</ele><time>2025-09-18T15:43:22Z</time></trkpt>
      <trkpt lat="48.757166" lon="2.041854"><ele>185.0</ele><time>2025-09-18T15:43:23Z</time></trkpt>
      <trkpt lat="48.757261" lon="2.041933"><ele>185.7</ele><time>2025-09-18T15:43:24Z</time></trkpt>
      <trkpt lat="48.757334" lon="2.041992"><ele>187.0</ele><time>2025-09-18T15:43:25Z</time></trkpt>
      <trkpt lat="48.757410" lon="2.042033"><ele>189.5</ele><time>2025-09-18T15:43:26Z</time></trkpt>
      <trkpt lat="48.757511" lon="2.042108"><ele>187.8</ele><time>2025-09-18T15:43:27Z</time></trkpt>
      <trkpt lat="48.757613" lon="2.042187"><ele>185.0</ele><time>2025-09-18T15:43:28Z</time></trkpt>
      <trkpt lat="48.757697" lon="2.042260"><ele>185.0</ele><time>2025-09-18T15:43:29Z</time></trkpt>
      <trkpt lat="48.757794" lon="2.042326"><ele>184.9</ele><time>2025-09-18T15:43:30Z</time></trkpt>
      <trkpt lat="48.757882" lon="2.042384"><ele>184.6</ele><time>2025-09-18T15:43:31Z</time></trkpt>
      <trkpt lat="48.757962" lon="2.042450"><ele>182.7</ele><time>2025-09-18T15:43:32Z</time></trkpt>
      <trkpt lat="48.758028" lon="2.042509"><ele>180.8</ele><time>2025-09-18T15:43:33Z</time></trkpt>
      <trkpt lat="48.758100" lon="2.042572"><ele>180.1</ele><time>2025-09-18T15:43:34Z</time></trkpt>
      <trkpt lat="48.758155" lon="2.042607"><ele>180.1</ele><time>2025-09-18T15:43:35Z</time></trkpt>
      <trkpt lat="48.758211" lon="2.042647"><ele>178.8</ele><time>2025-09-18T15:43:36Z</time></trkpt>
      <trkpt lat="48.758266" lon="2.042691"><ele>178.8</ele><time>2025-09-18T15:43:37Z</time></trkpt>
      <trkpt lat="48.758304" lon="2.042724"><ele>178.6</ele><time>2025-09-18T15:43:38Z</time></trkpt>
      <trkpt lat="48.758336" lon="2.042766"><ele>178.0</ele><time>2025-09-18T15:43:39Z</time></trkpt>
      <trkpt lat="48.758364" lon="2.042809"><ele>177.0</ele><time>2025-09-18T15:43:40Z</time></trkpt>
      <trkpt lat="48.758375" lon="2.042831"><ele>176.9</ele><time>2025-09-18T15:43:41Z</time></trkpt>
      <trkpt lat="48.758388" lon="2.042849"><ele>176.1</ele><time>2025-09-18T15:43:42Z</time></trkpt>
      <trkpt lat="48.758406" lon="2.042868"><ele>175.5</ele><time>2025-09-18T15:43:43Z</time></trkpt>
      <trkpt lat="48.758434" lon="2.042894"><ele>175.4</ele><time>2025-09-18T15:43:44Z</time></trkpt>
      <trkpt lat="48.758469" lon="2.042924"><ele>175.4</ele><time>2025-09-18T15:43:45Z</time></trkpt>
      <trkpt lat="48.758509" lon="2.042963"><ele>175.5</ele><time>2025-09-18T15:43:46Z</time></trkpt>
      <trkpt lat="48.758545" lon="2.043003"><ele>174.9</ele><time>2025-09-18T15:43:47Z</time></trkpt>
      <trkpt lat="48.758586" lon="2.043048"><ele>174.0</ele><time>2025-09-18T15:43:48Z</time></trkpt>
      <trkpt lat="48.758624" lon="2.043090"><ele>173.3</ele><time>2025-09-18T15:43:49Z</time></trkpt>
      <trkpt lat="48.758668" lon="2.043133"><ele>173.1</ele><time>2025-09-18T15:43:50Z</time></trkpt>
      <trkpt lat="48.758718" lon="2.043185"><ele>172.4</ele><time>2025-09-18T15:43:51Z</time></trkpt>
      <trkpt lat="48.758774" lon="2.043243"><ele>171.8</ele><time>2025-09-18T15:43:52Z</time></trkpt>
      <trkpt lat="48.758828" lon="2.043296"><ele>171.5</ele><time>2025-09-18T15:43:53Z</time></trkpt>
      <trkpt lat="48.758883" lon="2.043343"><ele>171.2</ele><time>2025-09-18T15:43:54Z</time></trkpt>
      <trkpt lat="48.758937" lon="2.043380"><ele>171.2</ele><time>2025-09-18T15:43:55Z</time></trkpt>
      <trkpt lat="48.758992" lon="2.043417"><ele>170.6</ele><time>2025-09-18T15:43:56Z</time></trkpt>
      <trkpt lat="48.759068" lon="2.043473"><ele>170.5</ele><time>2025-09-18T15:43:57Z</time></trkpt>
      <trkpt lat="48.759163" lon="2.043547"><ele>170.4</ele><time>2025-09-18T15:43:58Z</time></trkpt>
      <trkpt lat="48.759271" lon="2.043630"><ele>170.4</ele><time>2025-09-18T15:43:59Z</time></trkpt>
      <trkpt lat="48.759387" lon="2.043729"><ele>170.4</ele><time>2025-09-18T15:44:00Z</time></trkpt>
      <trkpt lat="48.759510" lon="2.043825"><ele>170.8</ele><time>2025-09-18T15:44:01Z</time></trkpt>
      <trkpt lat="48.759617" lon="2.043915"><ele>171.0</ele><time>2025-09-18T15:44:02Z</time></trkpt>
      <trkpt lat="48.759723" lon="2.044000"><ele>171.3</ele><time>2025-09-18T15:44:03Z</time></trkpt>
      <trkpt lat="48.759822" lon="2.044077"><ele>172.8</ele><time>2025-09-18T15:44:04Z</time></trkpt>
      <trkpt lat="48.759918" lon="2.044144"><ele>174.7</ele><time>2025-09-18T15:44:05Z</time></trkpt>
      <trkpt lat="48.760019" lon="2.044236"><ele>174.5</ele><time>2025-09-18T15:44:06Z</time></trkpt>
      <trkpt lat="48.760113" lon="2.044301"><ele>175.1</ele><time>2025-09-18T15:44:07Z</time></trkpt>
      <trkpt lat="48.760188" lon="2.044347"><ele>176.6</ele><time>2025-09-18T15:44:08Z</time></trkpt>
      <trkpt lat="48.760276" lon="2.044387"><ele>178.4</ele><time>2025-09-18T15:44:09Z</time></trkpt>
      <trkpt lat="48.760392" lon="2.044443"><ele>179.1</ele><time>2025-09-18T15:44:10Z</time></trkpt>
      <trkpt lat="48.760503" lon="2.044471"><ele>178.6</ele><time>2025-09-18T15:44:11Z</time></trkpt>
      <trkpt lat="48.760613" lon="2.044501"><ele>179.5</ele><time>2025-09-18T15:44:12Z</time></trkpt>
      <trkpt lat="48.760711" lon="2.044504"><ele>181.5</ele><time>2025-09-18T15:44:13Z</time></trkpt>
      <trkpt lat="48.760755" lon="2.044472"><ele>184.3</ele><time>2025-09-18T15:44:14Z</time></trkpt>
      <trkpt lat="48.760839" lon="2.044452"><ele>185.2</ele><time>2025-09-18T15:44:15Z</time></trkpt>
      <trkpt lat="48.760929" lon="2.044430"><ele>186.5</ele><time>2025-09-18T15:44:16Z</time></trkpt>
      <trkpt lat="48.761025" lon="2.044416"><ele>187.3</ele><time>2025-09-18T15:44:17Z</time></trkpt>
      <trkpt lat="48.761129" lon="2.044383"><ele>187.4</ele><time>2025-09-18T15:44:18Z</time></trkpt>
      <trkpt lat="48.761231" lon="2.044358"><ele>188.1</ele><time>2025-09-18T15:44:19Z</time></trkpt>
      <trkpt lat="48.761329" lon="2.044327"><ele>191.1</ele><time>2025-09-18T15:44:20Z</time></trkpt>
      <trkpt lat="48.761454" lon="2.044293"><ele>192.6</ele><time>2025-09-18T15:44:21Z</time></trkpt>
      <trkpt lat="48.761614" lon="2.044258"><ele>190.2</ele><time>2025-09-18T15:44:22Z</time></trkpt>
      <trkpt lat="48.761756" lon="2.044232"><ele>188.8</ele><time>2025-09-18T15:44:23Z</time></trkpt>
      <trkpt lat="48.761865" lon="2.044210"><ele>189.1</ele><time>2025-09-18T15:44:24Z</time></trkpt>
      <trkpt lat="48.761973" lon="2.044240"><ele>187.9</ele><time>2025-09-18T15:44:25Z</time></trkpt>
      <trkpt lat="48.762085" lon="2.044319"><ele>184.8</ele><time>2025-09-18T15:44:26Z</time></trkpt>
      <trkpt lat="48.762157" lon="2.044400"><ele>183.4</ele><time>2025-09-18T15:44:27Z</time></trkpt>
      <trkpt lat="48.762209" lon="2.044494"><ele>182.0</ele><time>2025-09-18T15:44:28Z</time></trkpt>
      <trkpt lat="48.762249" lon="2.044617"><ele>181.4</ele><time>2025-09-18T15:44:29Z</time></trkpt>
      <trkpt lat="48.762284" lon="2.044786"><ele>180.5</ele><time>2025-09-18T15:44:30Z</time></trkpt>
      <trkpt lat="48.762321" lon="2.044994"><ele>179.6</ele><time>2025-09-18T15:44:31Z</time></trkpt>
      <trkpt lat="48.762351" lon="2.045212"><ele>179.1</ele><time>2025-09-18T15:44:32Z</time></trkpt>
      <trkpt lat="48.762380" lon="2.045430"><ele>178.3</ele><time>2025-09-18T15:44:33Z</time></trkpt>
      <trkpt lat="48.762411" lon="2.045652"><ele>177.8</ele><time>2025-09-18T15:44:34Z</time></trkpt>
      <trkpt lat="48.762436" lon="2.045888"><ele>177.2</ele><time>2025-09-18T15:44:35Z</time></trkpt>
      <trkpt lat="48.762463" lon="2.046143"><ele>177.0</ele><time>2025-09-18T15:44:36Z</time></trkpt>
      <trkpt lat="48.762495" lon="2.046415"><ele>176.7</ele><time>2025-09-18T15:44:37Z</time></trkpt>
      <trkpt lat="48.762530" lon="2.046680"><ele>177.0</ele><time>2025-09-18T15:44:38Z</time></trkpt>
      <trkpt lat="48.762565" lon="2.046944"><ele>176.8</ele><time>2025-09-18T15:44:39Z</time></trkpt>
      <trkpt lat="48.762600" lon="2.047198"><ele>176.9</ele><time>2025-09-18T15:44:40Z</time></trkpt>
      <trkpt lat="48.762640" lon="2.047455"><ele>176.7</ele><time>2025-09-18T15:44:41Z</time></trkpt>
      <trkpt lat="48.762679" lon="2.047718"><ele>176.6</ele><time>2025-09-18T15:44:42Z</time></trkpt>
      <trkpt lat="48.762716" lon="2.047969"><ele>176.6</ele><time>2025-09-18T15:44:43Z</time></trkpt>
      <trkpt lat="48.762748" lon="2.048203"><ele>176.3</ele><time>2025-09-18T15:44:44Z</time></trkpt>
      <trkpt lat="48.762779" lon="2.048420"><ele>176.2</ele><time>2025-09-18T15:44:45Z</time></trkpt>
      <trkpt lat="48.762813" lon="2.048624"><ele>176.4</ele><time>2025-09-18T15:44:46Z</time></trkpt>
      <trkpt lat="48.762852" lon="2.048821"><ele>176.5</ele><time>2025-09-18T15:44:47Z</time></trkpt>
      <trkpt lat="48.762880" lon="2.049002"><ele>177.8</ele><time>2025-09-18T15:44:48Z</time></trkpt>
      <trkpt lat="48.762898" lon="2.049174"><ele>177.6</ele><time>2025-09-18T15:44:49Z</time></trkpt>
      <trkpt lat="48.762910" lon="2.049332"><ele>177.0</ele><time>2025-09-18T15:44:50Z</time></trkpt>
      <trkpt lat="48.762920" lon="2.049478"><ele>176.9</ele><time>2025-09-18T15:44:51Z</time></trkpt>
      <trkpt lat="48.762926" lon="2.049617"><ele>176.4</ele><time>2025-09-18T15:44:52Z</time></trkpt>
      <trkpt lat="48.762930" lon="2.049747"><ele>175.6</ele><time>2025-09-18T15:44:53Z</time></trkpt>
      <trkpt lat="48.762933" lon="2.049861"><ele>175.3</ele><time>2025-09-18T15:44:54Z</time></trkpt>
      <trkpt lat="48.762931" lon="2.049958"><ele>174.8</ele><time>2025-09-18T15:44:55Z</time></trkpt>
      <trkpt lat="48.762930" lon="2.050041"><ele>174.4</ele><time>2025-09-18T15:44:56Z</time></trkpt>
      <trkpt lat="48.762931" lon="2.050111"><ele>174.0</ele><time>2025-09-18T15:44:57Z</time></trkpt>
      <trkpt lat="48.762931" lon="2.050169"><ele>173.6</ele><time>2025-09-18T15:44:58Z</time></trkpt>
      <trkpt lat="48.762931" lon="2.050212"><ele>173.2</ele><time>2025-09-18T15:44:59Z</time></trkpt>
      <trkpt lat="48.762932" lon="2.050238"><ele>173.0</ele><time>2025-09-18T15:45:00Z</time></trkpt>
      <trkpt lat="48.762931" lon="2.050255"><ele>172.9</ele><time>2025-09-18T15:45:01Z</time></trkpt>
      <trkpt lat="48.762930" lon="2.050269"><ele>173.1</ele><time>2025-09-18T15:45:02Z</time></trkpt>
      <trkpt lat="48.762926" lon="2.050282"><ele>173.0</ele><time>2025-09-18T15:45:03Z</time></trkpt>
      <trkpt lat="48.762896" lon="2.050325"><ele>169.6</ele><time>2025-09-18T15:46:09Z</time></trkpt>
      <trkpt lat="48.762893" lon="2.050392"><ele>170.1</ele><time>2025-09-18T15:46:10Z</time></trkpt>
      <trkpt lat="48.762890" lon="2.050494"><ele>170.0</ele><time>2025-09-18T15:46:11Z</time></trkpt>
      <trkpt lat="48.762907" lon="2.050605"><ele>170.5</ele><time>2025-09-18T15:46:12Z</time></trkpt>
      <trkpt lat="48.762954" lon="2.050702"><ele>170.8</ele><time>2025-09-18T15:46:13Z</time></trkpt>
      <trkpt lat="48.763036" lon="2.050776"><ele>172.0</ele><time>2025-09-18T15:46:14Z</time></trkpt>
      <trkpt lat="48.763133" lon="2.050838"><ele>171.7</ele><time>2025-09-18T15:46:15Z</time></trkpt>
      <trkpt lat="48.763241" lon="2.050901"><ele>171.8</ele><time>2025-09-18T15:46:16Z</time></trkpt>
      <trkpt lat="48.763358" lon="2.050980"><ele>171.7</ele><time>2025-09-18T15:46:17Z</time></trkpt>
      <trkpt lat="48.763482" lon="2.051069"><ele>171.7</ele><time>2025-09-18T15:46:18Z</time></trkpt>
      <trkpt lat="48.763610" lon="2.051159"><ele>171.5</ele><time>2025-09-18T15:46:19Z</time></trkpt>
      <trkpt lat="48.763742" lon="2.051255"><ele>171.1</ele><time>2025-09-18T15:46:20Z</time></trkpt>
      <trkpt lat="48.763874" lon="2.051357"><ele>170.9</ele><time>2025-09-18T15:46:21Z</time></trkpt>
      <trkpt lat="48.764009" lon="2.051471"><ele>170.5</ele><time>2025-09-18T15:46:22Z</time></trkpt>
      <trkpt lat="48.764144" lon="2.051592"><ele>170.1</ele><time>2025-09-18T15:46:23Z</time></trkpt>
      <trkpt lat="48.764282" lon="2.051720"><ele>169.9</ele><time>2025-09-18T15:46:24Z</time></trkpt>
      <trkpt lat="48.764421" lon="2.051850"><ele>169.6</ele><time>2025-09-18T15:46:25Z</time></trkpt>
      <trkpt lat="48.764556" lon="2.051982"><ele>169.5</ele><time>2025-09-18T15:46:26Z</time></trkpt>
      <trkpt lat="48.764707" lon="2.052113"><ele>169.2</ele><time>2025-09-18T15:46:27Z</time></trkpt>
      <trkpt lat="48.764856" lon="2.052249"><ele>169.2</ele><time>2025-09-18T15:46:28Z</time></trkpt>
      <trkpt lat="48.765002" lon="2.052383"><ele>168.9</ele><time>2025-09-18T15:46:29Z</time></trkpt>
      <trkpt lat="48.765145" lon="2.052514"><ele>168.7</ele><time>2025-09-18T15:46:30Z</time></trkpt>
      <trkpt lat="48.765289" lon="2.052641"><ele>168.2</ele><time>2025-09-18T15:46:31Z</time></trkpt>
      <trkpt lat="48.765436" lon="2.052760"><ele>168.0</ele><time>2025-09-18T15:46:32Z</time></trkpt>
      <trkpt lat="48.765588" lon="2.052876"><ele>167.4</ele><time>2025-09-18T15:46:33Z</time></trkpt>
      <trkpt lat="48.765740" lon="2.052988"><ele>167.3</ele><time>2025-09-18T15:46:34Z</time></trkpt>
      <trkpt lat="48.765896" lon="2.053095"><ele>167.0</ele><time>2025-09-18T15:46:35Z</time></trkpt>
      <trkpt lat="48.766056" lon="2.053195"><ele>166.8</ele><time>2025-09-18T15:46:36Z</time></trkpt>
      <trkpt lat="48.766219" lon="2.053290"><ele>166.5</ele><time>2025-09-18T15:46:37Z</time></trkpt>
      <trkpt lat="48.766376" lon="2.053376"><ele>166.4</ele><time>2025-09-18T15:46:38Z</time></trkpt>
      <trkpt lat="48.766524" lon="2.053455"><ele>166.1</ele><time>2025-09-18T15:46:39Z</time></trkpt>
      <trkpt lat="48.766659" lon="2.053521"><ele>166.4</ele><time>2025-09-18T15:46:40Z</time></trkpt>
      <trkpt lat="48.766788" lon="2.053571"><ele>166.4</ele><time>2025-09-18T15:46:41Z</time></trkpt>
      <trkpt lat="48.766907" lon="2.053610"><ele>166.0</ele><time>2025-09-18T15:46:42Z</time></trkpt>
      <trkpt lat="48.767015" lon="2.053644"><ele>165.6</ele><time>2025-09-18T15:46:43Z</time></trkpt>
      <trkpt lat="48.767107" lon="2.053672"><ele>166.0</ele><time>2025-09-18T15:46:44Z</time></trkpt>
      <trkpt lat="48.767181" lon="2.053695"><ele>166.9</ele><time>2025-09-18T15:46:45Z</time></trkpt>
      <trkpt lat="48.767242" lon="2.053714"><ele>167.3</ele><time>2025-09-18T15:46:46Z</time></trkpt>
      <trkpt lat="48.767291" lon="2.053730"><ele>167.1</ele><time>2025-09-18T15:46:47Z</time></trkpt>
      <trkpt lat="48.767331" lon="2.053750"><ele>167.3</ele><time>2025-09-18T15:46:48Z</time></trkpt>
      <trkpt lat="48.767378" lon="2.053795"><ele>166.6</ele><time>2025-09-18T15:46:49Z</time></trkpt>
      <trkpt lat="48.767416" lon="2.053857"><ele>166.3</ele><time>2025-09-18T15:46:50Z</time></trkpt>
      <trkpt lat="48.767446" lon="2.053919"><ele>166.1</ele><time>2025-09-18T15:46:51Z</time></trkpt>
      <trkpt lat="48.767477" lon="2.053969"><ele>165.9</ele><time>2025-09-18T15:46:52Z</time></trkpt>
      <trkpt lat="48.767512" lon="2.054001"><ele>166.0</ele><time>2025-09-18T15:46:53Z</time></trkpt>
      <trkpt lat="48.767553" lon="2.054012"><ele>166.2</ele><time>2025-09-18T15:46:54Z</time></trkpt>
      <trkpt lat="48.767604" lon="2.054005"><ele>166.6</ele><time>2025-09-18T15:46:55Z</time></trkpt>
      <trkpt lat="48.767664" lon="2.053993"><ele>166.3</ele><time>2025-09-18T15:46:56Z</time></trkpt>
      <trkpt lat="48.767721" lon="2.053987"><ele>166.5</ele><time>2025-09-18T15:46:57Z</time></trkpt>
      <trkpt lat="48.767786" lon="2.053998"><ele>166.0</ele><time>2025-09-18T15:46:58Z</time></trkpt>
      <trkpt lat="48.767848" lon="2.054022"><ele>166.2</ele><time>2025-09-18T15:46:59Z</time></trkpt>
      <trkpt lat="48.767914" lon="2.054051"><ele>166.0</ele><time>2025-09-18T15:47:00Z</time></trkpt>
      <trkpt lat="48.767983" lon="2.054077"><ele>165.9</ele><time>2025-09-18T15:47:01Z</time></trkpt>
      <trkpt lat="48.768054" lon="2.054102"><ele>166.1</ele><time>2025-09-18T15:47:02Z</time></trkpt>
      <trkpt lat="48.768124" lon="2.054124"><ele>166.7</ele><time>2025-09-18T15:47:03Z</time></trkpt>
      <trkpt lat="48.768198" lon="2.054148"><ele>167.2</ele><time>2025-09-18T15:47:04Z</time></trkpt>
      <trkpt lat="48.768279" lon="2.054176"><ele>167.3</ele><time>2025-09-18T15:47:05Z</time></trkpt>
      <trkpt lat="48.768367" lon="2.054207"><ele>167.5</ele><time>2025-09-18T15:47:06Z</time></trkpt>
      <trkpt lat="48.768466" lon="2.054244"><ele>167.7</ele><time>2025-09-18T15:47:07Z</time></trkpt>
      <trkpt lat="48.768579" lon="2.054290"><ele>167.3</ele><time>2025-09-18T15:47:08Z</time></trkpt>
      <trkpt lat="48.768702" lon="2.054349"><ele>166.5</ele><time>2025-09-18T15:47:09Z</time></trkpt>
      <trkpt lat="48.768834" lon="2.054422"><ele>166.0</ele><time>2025-09-18T15:47:10Z</time></trkpt>
      <trkpt lat="48.768975" lon="2.054510"><ele>165.2</ele><time>2025-09-18T15:47:11Z</time></trkpt>
      <trkpt lat="48.769122" lon="2.054623"><ele>164.3</ele><time>2025-09-18T15:47:12Z</time></trkpt>
      <trkpt lat="48.769279" lon="2.054773"><ele>163.3</ele><time>2025-09-18T15:47:13Z</time></trkpt>
      <trkpt lat="48.769447" lon="2.054955"><ele>162.2</ele><time>2025-09-18T15:47:14Z</time></trkpt>
      <trkpt lat="48.769607" lon="2.055143"><ele>161.7</ele><time>2025-09-18T15:47:15Z</time></trkpt>
      <trkpt lat="48.769759" lon="2.055316"><ele>161.5</ele><time>2025-09-18T15:47:16Z</time></trkpt>
      <trkpt lat="48.769903" lon="2.055471"><ele>161.6</ele><time>2025-09-18T15:47:17Z</time></trkpt>
      <trkpt lat="48.770041" lon="2.055602"><ele>161.8</ele><time>2025-09-18T15:47:18Z</time></trkpt>
      <trkpt lat="48.770172" lon="2.055697"><ele>162.1</ele><time>2025-09-18T15:47:19Z</time></trkpt>
      <trkpt lat="48.770286" lon="2.055752"><ele>162.5</ele><time>2025-09-18T15:47:20Z</time></trkpt>
      <trkpt lat="48.770373" lon="2.055782"><ele>162.4</ele><time>2025-09-18T15:47:21Z</time></trkpt>
      <trkpt lat="48.770436" lon="2.055813"><ele>162.4</ele><time>2025-09-18T15:47:22Z</time></trkpt>
      <trkpt lat="48.770494" lon="2.055865"><ele>161.8</ele><time>2025-09-18T15:47:23Z</time></trkpt>
      <trkpt lat="48.770549" lon="2.055955"><ele>161.6</ele><time>2025-09-18T15:47:24Z</time></trkpt>
      <trkpt lat="48.770605" lon="2.056078"><ele>161.3</ele><time>2025-09-18T15:47:25Z</time></trkpt>
      <trkpt lat="48.770667" lon="2.056201"><ele>161.5</ele><time>2025-09-18T15:47:26Z</time></trkpt>
      <trkpt lat="48.770744" lon="2.056302"><ele>161.6</ele><time>2025-09-18T15:47:27Z</time></trkpt>
      <trkpt lat="48.770835" lon="2.056369"><ele>162.0</ele><time>2025-09-18T15:47:28Z</time></trkpt>
      <trkpt lat="48.770933" lon="2.056403"><ele>162.0</ele><time>2025-09-18T15:47:29Z</time></trkpt>
      <trkpt lat="48.771031" lon="2.056399"><ele>162.4</ele><time>2025-09-18T15:47:30Z</time></trkpt>
      <trkpt lat="48.771130" lon="2.056348"><ele>163.0</ele><time>2025-09-18T15:47:31Z</time></trkpt>
      <trkpt lat="48.771220" lon="2.056254"><ele>163.1</ele><time>2025-09-18T15:47:32Z</time></trkpt>
      <trkpt lat="48.771279" lon="2.056128"><ele>162.0</ele><time>2025-09-18T15:47:33Z</time></trkpt>
      <trkpt lat="48.771319" lon="2.055981"><ele>160.7</ele><time>2025-09-18T15:47:34Z</time></trkpt>
      <trkpt lat="48.771332" lon="2.055819"><ele>159.6</ele><time>2025-09-18T15:47:35Z</time></trkpt>
      <trkpt lat="48.771314" lon="2.055651"><ele>159.0</ele><time>2025-09-18T15:47:36Z</time></trkpt>
      <trkpt lat="48.771285" lon="2.055472"><ele>158.4</ele><time>2025-09-18T15:47:37Z</time></trkpt>
      <trkpt lat="48.771281" lon="2.055277"><ele>157.6</ele><time>2025-09-18T15:47:38Z</time></trkpt>
      <trkpt lat="48.771313" lon="2.055070"><ele>157.0</ele><time>2025-09-18T15:47:39Z</time></trkpt>
      <trkpt lat="48.771371" lon="2.054852"><ele>156.7</ele><time>2025-09-18T15:47:40Z</time></trkpt>
      <trkpt lat="48.771438" lon="2.054629"><ele>156.1</ele><time>2025-09-18T15:47:41Z</time></trkpt>
      <trkpt lat="48.771504" lon="2.054401"><ele>155.7</ele><time>2025-09-18T15:47:42Z</time></trkpt>
      <trkpt lat="48.771570" lon="2.054169"><ele>155.1</ele><time>2025-09-18T15:47:43Z</time></trkpt>
      <trkpt lat="48.771634" lon="2.053935"><ele>154.7</ele><time>2025-09-18T15:47:44Z</time></trkpt>
      <trkpt lat="48.771698" lon="2.053699"><ele>154.2</ele><time>2025-09-18T15:47:45Z</time></trkpt>
      <trkpt lat="48.771763" lon="2.053465"><ele>153.8</ele><time>2025-09-18T15:47:46Z</time></trkpt>
      <trkpt lat="48.771828" lon="2.053230"><ele>153.4</ele><time>2025-09-18T15:47:47Z</time></trkpt>
      <trkpt lat="48.771893" lon="2.052996"><ele>153.0</ele><time>2025-09-18T15:47:48Z</time></trkpt>
      <trkpt lat="48.771959" lon="2.052762"><ele>152.8</ele><time>2025-09-18T15:47:49Z</time></trkpt>
      <trkpt lat="48.772024" lon="2.052528"><ele>152.7</ele><time>2025-09-18T15:47:50Z</time></trkpt>
      <trkpt lat="48.772090" lon="2.052294"><ele>152.7</ele><time>2025-09-18T15:47:51Z</time></trkpt>
      <trkpt lat="48.772158" lon="2.052056"><ele>152.7</ele><time>2025-09-18T15:47:52Z</time></trkpt>
      <trkpt lat="48.772224" lon="2.051813"><ele>152.7</ele><time>2025-09-18T15:47:53Z</time></trkpt>
      <trkpt lat="48.772291" lon="2.051567"><ele>153.0</ele><time>2025-09-18T15:47:54Z</time></trkpt>
      <trkpt lat="48.772360" lon="2.051315"><ele>153.0</ele><time>2025-09-18T15:47:55Z</time></trkpt>
      <trkpt lat="48.772428" lon="2.051047"><ele>153.0</ele><time>2025-09-18T15:47:56Z</time></trkpt>
      <trkpt lat="48.772500" lon="2.050765"><ele>153.1</ele><time>2025-09-18T15:47:57Z</time></trkpt>
      <trkpt lat="48.772574" lon="2.050489"><ele>153.2</ele><time>2025-09-18T15:47:58Z</time></trkpt>
      <trkpt lat="48.772647" lon="2.050231"><ele>153.4</ele><time>2025-09-18T15:47:59Z</time></trkpt>
      <trkpt lat="48.772721" lon="2.049989"><ele>153.9</ele><time>2025-09-18T15:48:00Z</time></trkpt>
      <trkpt lat="48.772787" lon="2.049751"><ele>153.9</ele><time>2025-09-18T15:48:01Z</time></trkpt>
      <trkpt lat="48.772852" lon="2.049519"><ele>153.9</ele><time>2025-09-18T15:48:02Z</time></trkpt>
      <trkpt lat="48.772916" lon="2.049289"><ele>153.9</ele><time>2025-09-18T15:48:03Z</time></trkpt>
      <trkpt lat="48.772979" lon="2.049064"><ele>153.7</ele><time>2025-09-18T15:48:04Z</time></trkpt>
      <trkpt lat="48.773042" lon="2.048841"><ele>153.9</ele><time>2025-09-18T15:48:05Z</time></trkpt>
      <trkpt lat="48.773102" lon="2.048620"><ele>153.9</ele><time>2025-09-18T15:48:06Z</time></trkpt>
      <trkpt lat="48.773161" lon="2.048401"><ele>153.8</ele><time>2025-09-18T15:48:07Z</time></trkpt>
      <trkpt lat="48.773223" lon="2.048185"><ele>153.9</ele><time>2025-09-18T15:48:08Z</time></trkpt>
      <trkpt lat="48.773283" lon="2.047972"><ele>153.8</ele><time>2025-09-18T15:48:09Z</time></trkpt>
      <trkpt lat="48.773340" lon="2.047770"><ele>153.9</ele><time>2025-09-18T15:48:10Z</time></trkpt>
      <trkpt lat="48.773395" lon="2.047576"><ele>154.1</ele><time>2025-09-18T15:48:11Z</time></trkpt>
      <trkpt lat="48.773449" lon="2.047391"><ele>154.3</ele><time>2025-09-18T15:48:12Z</time></trkpt>
      <trkpt lat="48.773496" lon="2.047220"><ele>154.0</ele><time>2025-09-18T15:48:13Z</time></trkpt>
      <trkpt lat="48.773542" lon="2.047059"><ele>154.1</ele><time>2025-09-18T15:48:14Z</time></trkpt>
      <trkpt lat="48.773584" lon="2.046902"><ele>154.0</ele><time>2025-09-18T15:48:15Z</time></trkpt>
      <trkpt lat="48.773625" lon="2.046755"><ele>154.0</ele><time>2025-09-18T15:48:16Z</time></trkpt>
      <trkpt lat="48.773663" lon="2.046619"><ele>154.0</ele><time>2025-09-18T15:48:17Z</time></trkpt>
      <trkpt lat="48.773698" lon="2.046502"><ele>154.1</ele><time>2025-09-18T15:48:18Z</time></trkpt>
      <trkpt lat="48.773728" lon="2.046395"><ele>154.1</ele><time>2025-09-18T15:48:19Z</time></trkpt>
      <trkpt lat="48.773759" lon="2.046299"><ele>154.3</ele><time>2025-09-18T15:48:20Z</time></trkpt>
      <trkpt lat="48.773789" lon="2.046208"><ele>154.4</ele><time>2025-09-18T15:48:21Z</time></trkpt>
      <trkpt lat="48.773815" lon="2.046124"><ele>154.6</ele><time>2025-09-18T15:48:22Z</time></trkpt>
      <trkpt lat="48.773836" lon="2.046053"><ele>154.6</ele><time>2025-09-18T15:48:23Z</time></trkpt>
      <trkpt lat="48.773857" lon="2.045998"><ele>154.7</ele><time>2025-09-18T15:48:24Z</time></trkpt>
      <trkpt lat="48.773885" lon="2.045946"><ele>154.9</ele><time>2025-09-18T15:48:25Z</time></trkpt>
      <trkpt lat="48.773931" lon="2.045897"><ele>154.8</ele><time>2025-09-18T15:48:26Z</time></trkpt>
      <trkpt lat="48.774000" lon="2.045868"><ele>155.2</ele><time>2025-09-18T15:48:27Z</time></trkpt>
      <trkpt lat="48.774082" lon="2.045871"><ele>155.3</ele><time>2025-09-18T15:48:28Z</time></trkpt>
      <trkpt lat="48.774165" lon="2.045902"><ele>155.3</ele><time>2025-09-18T15:48:29Z</time></trkpt>
      <trkpt lat="48.774252" lon="2.045951"><ele>155.4</ele><time>2025-09-18T15:48:30Z</time></trkpt>
      <trkpt lat="48.774349" lon="2.046011"><ele>155.3</ele><time>2025-09-18T15:48:31Z</time></trkpt>
      <trkpt lat="48.774442" lon="2.046073"><ele>156.2</ele><time>2025-09-18T15:48:32Z</time></trkpt>
      <trkpt lat="48.774535" lon="2.046122"><ele>157.0</ele><time>2025-09-18T15:48:33Z</time></trkpt>
      <trkpt lat="48.774629" lon="2.046141"><ele>158.2</ele><time>2025-09-18T15:48:34Z</time></trkpt>
      <trkpt lat="48.774735" lon="2.046138"><ele>158.6</ele><time>2025-09-18T15:48:35Z</time></trkpt>
      <trkpt lat="48.774838" lon="2.046122"><ele>158.4</ele><time>2025-09-18T15:48:36Z</time></trkpt>
      <trkpt lat="48.774928" lon="2.046101"><ele>158.9</ele><time>2025-09-18T15:48:37Z</time></trkpt>
      <trkpt lat="48.775011" lon="2.046076"><ele>159.3</ele><time>2025-09-18T15:48:38Z</time></trkpt>
      <trkpt lat="48.775101" lon="2.046053"><ele>159.5</ele><time>2025-09-18T15:48:39Z</time></trkpt>
      <trkpt lat="48.775185" lon="2.046019"><ele>160.3</ele><time>2025-09-18T15:48:40Z</time></trkpt>
      <trkpt lat="48.775275" lon="2.045978"><ele>160.8</ele><time>2025-09-18T15:48:41Z</time></trkpt>
      <trkpt lat="48.775371" lon="2.045934"><ele>160.6</ele><time>2025-09-18T15:48:42Z</time></trkpt>
      <trkpt lat="48.775464" lon="2.045904"><ele>160.5</ele><time>2025-09-18T15:48:43Z</time></trkpt>
      <trkpt lat="48.775553" lon="2.045893"><ele>160.3</ele><time>2025-09-18T15:48:44Z</time></trkpt>
      <trkpt lat="48.775630" lon="2.045898"><ele>160.6</ele><time>2025-09-18T15:48:45Z</time></trkpt>
      <trkpt lat="48.775701" lon="2.045920"><ele>160.7</ele><time>2025-09-18T15:48:46Z</time></trkpt>
      <trkpt lat="48.775771" lon="2.045955"><ele>159.8</ele><time>2025-09-18T15:48:47Z</time></trkpt>
      <trkpt lat="48.775832" lon="2.045993"><ele>159.7</ele><time>2025-09-18T15:48:48Z</time></trkpt>
      <trkpt lat="48.775889" lon="2.046035"><ele>159.0</ele><time>2025-09-18T15:48:49Z</time></trkpt>
      <trkpt lat="48.775949" lon="2.046103"><ele>157.5</ele><time>2025-09-18T15:48:50Z</time></trkpt>
      <trkpt lat="48.776000" lon="2.046197"><ele>156.7</ele><time>2025-09-18T15:48:51Z</time></trkpt>
      <trkpt lat="48.776046" lon="2.046301"><ele>156.5</ele><time>2025-09-18T15:48:52Z</time></trkpt>
      <trkpt lat="48.776104" lon="2.046394"><ele>156.5</ele><time>2025-09-18T15:48:53Z</time></trkpt>
      <trkpt lat="48.776179" lon="2.046455"><ele>156.2</ele><time>2025-09-18T15:48:54Z</time></trkpt>
      <trkpt lat="48.776255" lon="2.046469"><ele>156.6</ele><time>2025-09-18T15:48:55Z</time></trkpt>
      <trkpt lat="48.776314" lon="2.046452"><ele>157.2</ele><time>2025-09-18T15:48:56Z</time></trkpt>
      <trkpt lat="48.776361" lon="2.046426"><ele>157.6</ele><time>2025-09-18T15:48:57Z</time></trkpt>
      <trkpt lat="48.776404" lon="2.046402"><ele>157.8</ele><time>2025-09-18T15:48:58Z</time></trkpt>
      <trkpt lat="48.776444" lon="2.046389"><ele>158.1</ele><time>2025-09-18T15:48:59Z</time></trkpt>
      <trkpt lat="48.776483" lon="2.046390"><ele>158.4</ele><time>2025-09-18T15:49:00Z</time></trkpt>
      <trkpt lat="48.776525" lon="2.046407"><ele>158.5</ele><time>2025-09-18T15:49:01Z</time></trkpt>
      <trkpt lat="48.776570" lon="2.046433"><ele>158.5</ele><time>2025-09-18T15:49:02Z</time></trkpt>
      <trkpt lat="48.776623" lon="2.046464"><ele>158.6</ele><time>2025-09-18T15:49:03Z</time></trkpt>
      <trkpt lat="48.776681" lon="2.046498"><ele>158.5</ele><time>2025-09-18T15:49:04Z</time></trkpt>
      <trkpt lat="48.776738" lon="2.046532"><ele>158.7</ele><time>2025-09-18T15:49:05Z</time></trkpt>
      <trkpt lat="48.776796" lon="2.046563"><ele>158.8</ele><time>2025-09-18T15:49:06Z</time></trkpt>
      <trkpt lat="48.776849" lon="2.046592"><ele>159.2</ele><time>2025-09-18T15:49:07Z</time></trkpt>
      <trkpt lat="48.776904" lon="2.046620"><ele>159.2</ele><time>2025-09-18T15:49:08Z</time></trkpt>
      <trkpt lat="48.776957" lon="2.046654"><ele>158.8</ele><time>2025-09-18T15:49:09Z</time></trkpt>
      <trkpt lat="48.777006" lon="2.046688"><ele>158.7</ele><time>2025-09-18T15:49:10Z</time></trkpt>
      <trkpt lat="48.777053" lon="2.046712"><ele>158.9</ele><time>2025-09-18T15:49:11Z</time></trkpt>
      <trkpt lat="48.777098" lon="2.046701"><ele>159.6</ele><time>2025-09-18T15:49:12Z</time></trkpt>
      <trkpt lat="48.777139" lon="2.046655"><ele>160.2</ele><time>2025-09-18T15:49:13Z</time></trkpt>
      <trkpt lat="48.777184" lon="2.046594"><ele>160.6</ele><time>2025-09-18T15:49:14Z</time></trkpt>
      <trkpt lat="48.777238" lon="2.046529"><ele>160.8</ele><time>2025-09-18T15:49:15Z</time></trkpt>
      <trkpt lat="48.777301" lon="2.046460"><ele>160.4</ele><time>2025-09-18T15:49:16Z</time></trkpt>
      <trkpt lat="48.777369" lon="2.046382"><ele>160.0</ele><time>2025-09-18T15:49:17Z</time></trkpt>
      <trkpt lat="48.777437" lon="2.046299"><ele>159.9</ele><time>2025-09-18T15:49:18Z</time></trkpt>
      <trkpt lat="48.777510" lon="2.046213"><ele>159.6</ele><time>2025-09-18T15:49:19Z</time></trkpt>
      <trkpt lat="48.777586" lon="2.046128"><ele>159.3</ele><time>2025-09-18T15:49:20Z</time></trkpt>
      <trkpt lat="48.777662" lon="2.046041"><ele>159.5</ele><time>2025-09-18T15:49:21Z</time></trkpt>
      <trkpt lat="48.777734" lon="2.045960"><ele>159.3</ele><time>2025-09-18T15:49:22Z</time></trkpt>
      <trkpt lat="48.777799" lon="2.045885"><ele>159.0</ele><time>2025-09-18T15:49:23Z</time></trkpt>
      <trkpt lat="48.777862" lon="2.045814"><ele>159.2</ele><time>2025-09-18T15:49:24Z</time></trkpt>
      <trkpt lat="48.777921" lon="2.045749"><ele>159.3</ele><time>2025-09-18T15:49:25Z</time></trkpt>
      <trkpt lat="48.777972" lon="2.045689"><ele>159.2</ele><time>2025-09-18T15:49:26Z</time></trkpt>
      <trkpt lat="48.778017" lon="2.045640"><ele>159.6</ele><time>2025-09-18T15:49:27Z</time></trkpt>
      <trkpt lat="48.778053" lon="2.045599"><ele>160.0</ele><time>2025-09-18T15:49:28Z</time></trkpt>
      <trkpt lat="48.778082" lon="2.045565"><ele>159.8</ele><time>2025-09-18T15:49:29Z</time></trkpt>
      <trkpt lat="48.778111" lon="2.045537"><ele>160.1</ele><time>2025-09-18T15:49:30Z</time></trkpt>
      <trkpt lat="48.778134" lon="2.045514"><ele>160.2</ele><time>2025-09-18T15:49:31Z</time></trkpt>
      <trkpt lat="48.778149" lon="2.045499"><ele>160.2</ele><time>2025-09-18T15:49:32Z</time></trkpt>
      <trkpt lat="48.778160" lon="2.045489"><ele>160.5</ele><time>2025-09-18T15:49:33Z</time></trkpt>
      <trkpt lat="48.778167" lon="2.045483"><ele>160.9</ele><time>2025-09-18T15:49:34Z</time></trkpt>
      <trkpt lat="48.778170" lon="2.045477"><ele>161.2</ele><time>2025-09-18T15:49:35Z</time></trkpt>
      <trkpt lat="48.778179" lon="2.045469"><ele>161.0</ele><time>2025-09-18T15:49:36Z</time></trkpt>
      <trkpt lat="48.778191" lon="2.045455"><ele>160.9</ele><time>2025-09-18T15:49:37Z</time></trkpt>
      <trkpt lat="48.778215" lon="2.045428"><ele>160.7</ele><time>2025-09-18T15:49:38Z</time></trkpt>
      <trkpt lat="48.778251" lon="2.045387"><ele>160.6</ele><time>2025-09-18T15:49:39Z</time></trkpt>
      <trkpt lat="48.778288" lon="2.045349"><ele>160.7</ele><time>2025-09-18T15:49:40Z</time></trkpt>
      <trkpt lat="48.778326" lon="2.045307"><ele>161.0</ele><time>2025-09-18T15:49:41Z</time></trkpt>
      <trkpt lat="48.778368" lon="2.045264"><ele>161.1</ele><time>2025-09-18T15:49:42Z</time></trkpt>
      <trkpt lat="48.778410" lon="2.045217"><ele>161.1</ele><time>2025-09-18T15:49:43Z</time></trkpt>
      <trkpt lat="48.778453" lon="2.045167"><ele>161.6</ele><time>2025-09-18T15:49:44Z</time></trkpt>
      <trkpt lat="48.778505" lon="2.045109"><ele>161.3</ele><time>2025-09-18T15:49:45Z</time></trkpt>
      <trkpt lat="48.778561" lon="2.045039"><ele>161.0</ele><time>2025-09-18T15:49:46Z</time></trkpt>
      <trkpt lat="48.778629" lon="2.044961"><ele>160.7</ele><time>2025-09-18T15:49:47Z</time></trkpt>
      <trkpt lat="48.778702" lon="2.044882"><ele>161.3</ele><time>2025-09-18T15:49:48Z</time></trkpt>
      <trkpt lat="48.778776" lon="2.044800"><ele>161.8</ele><time>2025-09-18T15:49:49Z</time></trkpt>
      <trkpt lat="48.778850" lon="2.044711"><ele>161.9</ele><time>2025-09-18T15:49:50Z</time></trkpt>
      <trkpt lat="48.778930" lon="2.044621"><ele>162.3</ele><time>2025-09-18T15:49:51Z</time></trkpt>
      <trkpt lat="48.779018" lon="2.044526"><ele>162.6</ele><time>2025-09-18T15:49:52Z</time></trkpt>
      <trkpt lat="48.779109" lon="2.044428"><ele>162.9</ele><time>2025-09-18T15:49:53Z</time></trkpt>
      <trkpt lat="48.779203" lon="2.044326"><ele>163.1</ele><time>2025-09-18T15:49:54Z</time></trkpt>
      <trkpt lat="48.779296" lon="2.044221"><ele>163.2</ele><time>2025-09-18T15:49:55Z</time></trkpt>
      <trkpt lat="48.779395" lon="2.044116"><ele>163.6</ele><time>2025-09-18T15:49:56Z</time></trkpt>
      <trkpt lat="48.779488" lon="2.044010"><ele>163.5</ele><time>2025-09-18T15:49:57Z</time></trkpt>
      <trkpt lat="48.779574" lon="2.043912"><ele>163.5</ele><time>2025-09-18T15:49:58Z</time></trkpt>
      <trkpt lat="48.779648" lon="2.043824"><ele>163.8</ele><time>2025-09-18T15:49:59Z</time></trkpt>
      <trkpt lat="48.779714" lon="2.043750"><ele>164.3</ele><time>2025-09-18T15:50:00Z</time></trkpt>
      <trkpt lat="48.779775" lon="2.043682"><ele>164.6</ele><time>2025-09-18T15:50:01Z</time></trkpt>
      <trkpt lat="48.779827" lon="2.043622"><ele>164.9</ele><time>2025-09-18T15:50:02Z</time></trkpt>
      <trkpt lat="48.779875" lon="2.043578"><ele>165.5</ele><time>2025-09-18T15:50:03Z</time></trkpt>
      <trkpt lat="48.779903" lon="2.043548"><ele>165.7</ele><time>2025-09-18T15:50:04Z</time></trkpt>
      <trkpt lat="48.779922" lon="2.043530"><ele>166.2</ele><time>2025-09-18T15:50:05Z</time></trkpt>
      <trkpt lat="48.779932" lon="2.043519"><ele>166.3</ele><time>2025-09-18T15:50:06Z</time></trkpt>
      <trkpt lat="48.779943" lon="2.043510"><ele>166.9</ele><time>2025-09-18T15:50:07Z</time></trkpt>
      <trkpt lat="48.779949" lon="2.043502"><ele>167.3</ele><time>2025-09-18T15:50:08Z</time></trkpt>
      <trkpt lat="48.779966" lon="2.043494"><ele>168.0</ele><time>2025-09-18T15:50:12Z</time></trkpt>
      <trkpt lat="48.779981" lon="2.043477"><ele>168.3</ele><time>2025-09-18T15:50:13Z</time></trkpt>
      <trkpt lat="48.779997" lon="2.043462"><ele>168.7</ele><time>2025-09-18T15:50:14Z</time></trkpt>
      <trkpt lat="48.780009" lon="2.043448"><ele>169.0</ele><time>2025-09-18T15:50:15Z</time></trkpt>
      <trkpt lat="48.780020" lon="2.043437"><ele>169.1</ele><time>2025-09-18T15:50:16Z</time></trkpt>
      <trkpt lat="48.780032" lon="2.043429"><ele>168.9</ele><time>2025-09-18T15:50:17Z</time></trkpt>
      <trkpt lat="48.780042" lon="2.043422"><ele>168.9</ele><time>2025-09-18T15:50:18Z</time></trkpt>
      <trkpt lat="48.780052" lon="2.043410"><ele>169.0</ele><time>2025-09-18T15:50:19Z</time></trkpt>
      <trkpt lat="48.780077" lon="2.043392"><ele>169.0</ele><time>2025-09-18T15:50:20Z</time></trkpt>
      <trkpt lat="48.780108" lon="2.043380"><ele>168.3</ele><time>2025-09-18T15:50:21Z</time></trkpt>
      <trkpt lat="48.780140" lon="2.043381"><ele>167.6</ele><time>2025-09-18T15:50:22Z</time></trkpt>
      <trkpt lat="48.780168" lon="2.043381"><ele>167.4</ele><time>2025-09-18T15:50:23Z</time></trkpt>
      <trkpt lat="48.780194" lon="2.043365"><ele>167.3</ele><time>2025-09-18T15:50:24Z</time></trkpt>
      <trkpt lat="48.780215" lon="2.043332"><ele>166.8</ele><time>2025-09-18T15:50:25Z</time></trkpt>
      <trkpt lat="48.780224" lon="2.043282"><ele>166.2</ele><time>2025-09-18T15:50:26Z</time></trkpt>
      <trkpt lat="48.780228" lon="2.043223"><ele>165.6</ele><time>2025-09-18T15:50:27Z</time></trkpt>
      <trkpt lat="48.780234" lon="2.043153"><ele>165.1</ele><time>2025-09-18T15:50:28Z</time></trkpt>
      <trkpt lat="48.780248" lon="2.043077"><ele>165.1</ele><time>2025-09-18T15:50:29Z</time></trkpt>
      <trkpt lat="48.780268" lon="2.042997"><ele>164.7</ele><time>2025-09-18T15:50:30Z</time></trkpt>
      <trkpt lat="48.780291" lon="2.042916"><ele>164.4</ele><time>2025-09-18T15:50:31Z</time></trkpt>
      <trkpt lat="48.780314" lon="2.042832"><ele>163.9</ele><time>2025-09-18T15:50:32Z</time></trkpt>
      <trkpt lat="48.780339" lon="2.042746"><ele>163.6</ele><time>2025-09-18T15:50:33Z</time></trkpt>
      <trkpt lat="48.780364" lon="2.042659"><ele>163.3</ele><time>2025-09-18T15:50:34Z</time></trkpt>
      <trkpt lat="48.780388" lon="2.042576"><ele>163.0</ele><time>2025-09-18T15:50:35Z</time></trkpt>
      <trkpt lat="48.780414" lon="2.042495"><ele>162.6</ele><time>2025-09-18T15:50:36Z</time></trkpt>
      <trkpt lat="48.780437" lon="2.042421"><ele>162.1</ele><time>2025-09-18T15:50:37Z</time></trkpt>
      <trkpt lat="48.780458" lon="2.042353"><ele>161.6</ele><time>2025-09-18T15:50:38Z</time></trkpt>
      <trkpt lat="48.780479" lon="2.042285"><ele>161.4</ele><time>2025-09-18T15:50:39Z</time></trkpt>
      <trkpt lat="48.780503" lon="2.042209"><ele>161.1</ele><time>2025-09-18T15:50:40Z</time></trkpt>
      <trkpt lat="48.780527" lon="2.042128"><ele>160.8</ele><time>2025-09-18T15:50:41Z</time></trkpt>
      <trkpt lat="48.780556" lon="2.042038"><ele>160.6</ele><time>2025-09-18T15:50:42Z</time></trkpt>
      <trkpt lat="48.780584" lon="2.041942"><ele>160.5</ele><time>2025-09-18T15:50:43Z</time></trkpt>
      <trkpt lat="48.780614" lon="2.041847"><ele>160.1</ele><time>2025-09-18T15:50:44Z</time></trkpt>
      <trkpt lat="48.780642" lon="2.041757"><ele>159.9</ele><time>2025-09-18T15:50:45Z</time></trkpt>
      <trkpt lat="48.780666" lon="2.041673"><ele>159.9</ele><time>2025-09-18T15:50:46Z</time></trkpt>
      <trkpt lat="48.780686" lon="2.041599"><ele>160.0</ele><time>2025-09-18T15:50:47Z</time></trkpt>
      <trkpt lat="48.780698" lon="2.041543"><ele>159.9</ele><time>2025-09-18T15:50:48Z</time></trkpt>
      <trkpt lat="48.780707" lon="2.041508"><ele>160.1</ele><time>2025-09-18T15:50:49Z</time></trkpt>
      <trkpt lat="48.780715" lon="2.041483"><ele>160.3</ele><time>2025-09-18T15:50:50Z</time></trkpt>
      <trkpt lat="48.780724" lon="2.041449"><ele>160.5</ele><time>2025-09-18T15:50:51Z</time></trkpt>
      <trkpt lat="48.780735" lon="2.041388"><ele>160.4</ele><time>2025-09-18T15:50:52Z</time></trkpt>
      <trkpt lat="48.780758" lon="2.041304"><ele>160.2</ele><time>2025-09-18T15:50:53Z</time></trkpt>
      <trkpt lat="48.780786" lon="2.041206"><ele>160.4</ele><time>2025-09-18T15:50:54Z</time></trkpt>
      <trkpt lat="48.780815" lon="2.041097"><ele>160.2</ele><time>2025-09-18T15:50:55Z</time></trkpt>
      <trkpt lat="48.780847" lon="2.040984"><ele>159.9</ele><time>2025-09-18T15:50:56Z</time></trkpt>
      <trkpt lat="48.780876" lon="2.040875"><ele>159.4</ele><time>2025-09-18T15:50:57Z</time></trkpt>
      <trkpt lat="48.780903" lon="2.040779"><ele>159.2</ele><time>2025-09-18T15:50:58Z</time></trkpt>
      <trkpt lat="48.780922" lon="2.040699"><ele>159.0</ele><time>2025-09-18T15:50:59Z</time></trkpt>
      <trkpt lat="48.780938" lon="2.040635"><ele>158.5</ele><time>2025-09-18T15:51:00Z</time></trkpt>
      <trkpt lat="48.780949" lon="2.040595"><ele>158.6</ele><time>2025-09-18T15:51:01Z</time></trkpt>
      <trkpt lat="48.780957" lon="2.040576"><ele>158.8</ele><time>2025-09-18T15:51:02Z</time></trkpt>
      <trkpt lat="48.780962" lon="2.040565"><ele>159.8</ele><time>2025-09-18T15:51:30Z</time></trkpt>
      <trkpt lat="48.780973" lon="2.040516"><ele>159.7</ele><time>2025-09-18T15:51:31Z</time></trkpt>
      <trkpt lat="48.780997" lon="2.040449"><ele>159.5</ele><time>2025-09-18T15:51:32Z</time></trkpt>
      <trkpt lat="48.781035" lon="2.040398"><ele>159.2</ele><time>2025-09-18T15:51:33Z</time></trkpt>
      <trkpt lat="48.781088" lon="2.040380"><ele>158.9</ele><time>2025-09-18T15:51:34Z</time></trkpt>
      <trkpt lat="48.781154" lon="2.040396"><ele>158.5</ele><time>2025-09-18T15:51:35Z</time></trkpt>
      <trkpt lat="48.781225" lon="2.040436"><ele>158.1</ele><time>2025-09-18T15:51:36Z</time></trkpt>
      <trkpt lat="48.781311" lon="2.040490"><ele>158.0</ele><time>2025-09-18T15:51:37Z</time></trkpt>
      <trkpt lat="48.781409" lon="2.040550"><ele>157.9</ele><time>2025-09-18T15:51:38Z</time></trkpt>
      <trkpt lat="48.781506" lon="2.040608"><ele>158.2</ele><time>2025-09-18T15:51:39Z</time></trkpt>
      <trkpt lat="48.781610" lon="2.040669"><ele>158.5</ele><time>2025-09-18T15:51:40Z</time></trkpt>
      <trkpt lat="48.781713" lon="2.040735"><ele>159.5</ele><time>2025-09-18T15:51:41Z</time></trkpt>
      <trkpt lat="48.781829" lon="2.040813"><ele>158.7</ele><time>2025-09-18T15:51:42Z</time></trkpt>
      <trkpt lat="48.781951" lon="2.040885"><ele>159.3</ele><time>2025-09-18T15:51:43Z</time></trkpt>
      <trkpt lat="48.782081" lon="2.040963"><ele>159.9</ele><time>2025-09-18T15:51:44Z</time></trkpt>
      <trkpt lat="48.782207" lon="2.041046"><ele>159.9</ele><time>2025-09-18T15:51:45Z</time></trkpt>
      <trkpt lat="48.782331" lon="2.041125"><ele>159.8</ele><time>2025-09-18T15:51:46Z</time></trkpt>
      <trkpt lat="48.782451" lon="2.041187"><ele>160.1</ele><time>2025-09-18T15:51:47Z</time></trkpt>
      <trkpt lat="48.782565" lon="2.041220"><ele>160.9</ele><time>2025-09-18T15:51:48Z</time></trkpt>
      <trkpt lat="48.782682" lon="2.041222"><ele>161.4</ele><time>2025-09-18T15:51:49Z</time></trkpt>
      <trkpt lat="48.782800" lon="2.041187"><ele>161.1</ele><time>2025-09-18T15:51:50Z</time></trkpt>
      <trkpt lat="48.782898" lon="2.041128"><ele>161.2</ele><time>2025-09-18T15:51:51Z</time></trkpt>
      <trkpt lat="48.782976" lon="2.041053"><ele>161.3</ele><time>2025-09-18T15:51:52Z</time></trkpt>
      <trkpt lat="48.783049" lon="2.040994"><ele>162.1</ele><time>2025-09-18T15:51:53Z</time></trkpt>
      <trkpt lat="48.783112" lon="2.040967"><ele>162.2</ele><time>2025-09-18T15:51:54Z</time></trkpt>
      <trkpt lat="48.783172" lon="2.040979"><ele>162.1</ele><time>2025-09-18T15:51:55Z</time></trkpt>
      <trkpt lat="48.783228" lon="2.041024"><ele>161.7</ele><time>2025-09-18T15:51:56Z</time></trkpt>
      <trkpt lat="48.783284" lon="2.041106"><ele>161.7</ele><time>2025-09-18T15:51:57Z</time></trkpt>
      <trkpt lat="48.783345" lon="2.041208"><ele>162.3</ele><time>2025-09-18T15:51:58Z</time></trkpt>
      <trkpt lat="48.783408" lon="2.041324"><ele>162.6</ele><time>2025-09-18T15:51:59Z</time></trkpt>
      <trkpt lat="48.783474" lon="2.041446"><ele>163.0</ele><time>2025-09-18T15:52:00Z</time></trkpt>
      <trkpt lat="48.783533" lon="2.041572"><ele>163.3</ele><time>2025-09-18T15:52:01Z</time></trkpt>
      <trkpt lat="48.783584" lon="2.041686"><ele>163.9</ele><time>2025-09-18T15:52:02Z</time></trkpt>
      <trkpt lat="48.783635" lon="2.041789"><ele>164.5</ele><time>2025-09-18T15:52:03Z</time></trkpt>
      <trkpt lat="48.783689" lon="2.041890"><ele>165.5</ele><time>2025-09-18T15:52:04Z</time></trkpt>
      <trkpt lat="48.783747" lon="2.041991"><ele>166.8</ele><time>2025-09-18T15:52:05Z</time></trkpt>
      <trkpt lat="48.783793" lon="2.042085"><ele>168.1</ele><time>2025-09-18T15:52:06Z</time></trkpt>
      <trkpt lat="48.783842" lon="2.042164"><ele>169.8</ele><time>2025-09-18T15:52:07Z</time></trkpt>
      <trkpt lat="48.783878" lon="2.042223"><ele>172.2</ele><time>2025-09-18T15:52:08Z</time></trkpt>
      <trkpt lat="48.783903" lon="2.042269"><ele>175.6</ele><time>2025-09-18T15:52:09Z</time></trkpt>
      <trkpt lat="48.783924" lon="2.042330"><ele>178.2</ele><time>2025-09-18T15:52:10Z</time></trkpt>
      <trkpt lat="48.783960" lon="2.042413"><ele>185.2</ele><time>2025-09-18T15:52:11Z</time></trkpt>
      <trkpt lat="48.783983" lon="2.042503"><ele>188.5</ele><time>2025-09-18T15:52:12Z</time></trkpt>
      <trkpt lat="48.784030" lon="2.042579"><ele>190.0</ele><time>2025-09-18T15:52:13Z</time></trkpt>
      <trkpt lat="48.784081" lon="2.042632"><ele>192.8</ele><time>2025-09-18T15:52:14Z</time></trkpt>
      <trkpt lat="48.784119" lon="2.042650"><ele>194.8</ele><time>2025-09-18T15:52:15Z</time></trkpt>
      <trkpt lat="48.784170" lon="2.042636"><ele>196.5</ele><time>2025-09-18T15:52:16Z</time></trkpt>
      <trkpt lat="48.784213" lon="2.042604"><ele>198.7</ele><time>2025-09-18T15:52:17Z</time></trkpt>
      <trkpt lat="48.784249" lon="2.042540"><ele>199.5</ele><time>2025-09-18T15:52:18Z</time></trkpt>
      <trkpt lat="48.784292" lon="2.042479"><ele>200.6</ele><time>2025-09-18T15:52:19Z</time></trkpt>
      <trkpt lat="48.784336" lon="2.042411"><ele>203.3</ele><time>2025-09-18T15:52:20Z</time></trkpt>
      <trkpt lat="48.784373" lon="2.042332"><ele>209.9</ele><time>2025-09-18T15:52:21Z</time></trkpt>
      <trkpt lat="48.784421" lon="2.042254"><ele>214.5</ele><time>2025-09-18T15:52:22Z</time></trkpt>
      <trkpt lat="48.784467" lon="2.042186"><ele>217.1</ele><time>2025-09-18T15:52:23Z</time></trkpt>
      <trkpt lat="48.784509" lon="2.042127"><ele>221.3</ele><time>2025-09-18T15:52:24Z</time></trkpt>
      <trkpt lat="48.784561" lon="2.042074"><ele>224.7</ele><time>2025-09-18T15:52:25Z</time></trkpt>
      <trkpt lat="48.784624" lon="2.042008"><ele>228.5</ele><time>2025-09-18T15:52:26Z</time></trkpt>
      <trkpt lat="48.784666" lon="2.041951"><ele>230.1</ele><time>2025-09-18T15:52:27Z</time></trkpt>
      <trkpt lat="48.784696" lon="2.041895"><ele>227.2</ele><time>2025-09-18T15:52:28Z</time></trkpt>
      <trkpt lat="48.784747" lon="2.041845"><ele>228.1</ele><time>2025-09-18T15:52:29Z</time></trkpt>
      <trkpt lat="48.784787" lon="2.041804"><ele>231.0</ele><time>2025-09-18T15:52:30Z</time></trkpt>
      <trkpt lat="48.784830" lon="2.041755"><ele>230.2</ele><time>2025-09-18T15:52:31Z</time></trkpt>
      <trkpt lat="48.784861" lon="2.041705"><ele>231.1</ele><time>2025-09-18T15:52:32Z</time></trkpt>
      <trkpt lat="48.784895" lon="2.041657"><ele>230.7</ele><time>2025-09-18T15:52:33Z</time></trkpt>
      <trkpt lat="48.784952" lon="2.041613"><ele>229.4</ele><time>2025-09-18T15:52:34Z</time></trkpt>
      <trkpt lat="48.785003" lon="2.041590"><ele>230.8</ele><time>2025-09-18T15:52:35Z</time></trkpt>
      <trkpt lat="48.785077" lon="2.041570"><ele>230.4</ele><time>2025-09-18T15:52:36Z</time></trkpt>
      <trkpt lat="48.785142" lon="2.041540"><ele>230.2</ele><time>2025-09-18T15:52:37Z</time></trkpt>
      <trkpt lat="48.785192" lon="2.041504"><ele>231.0</ele><time>2025-09-18T15:52:38Z</time></trkpt>
      <trkpt lat="48.785218" lon="2.041445"><ele>227.6</ele><time>2025-09-18T15:52:39Z</time></trkpt>
      <trkpt lat="48.785241" lon="2.041368"><ele>227.4</ele><time>2025-09-18T15:52:40Z</time></trkpt>
      <trkpt lat="48.785269" lon="2.041283"><ele>225.7</ele><time>2025-09-18T15:52:41Z</time></trkpt>
      <trkpt lat="48.785310" lon="2.041198"><ele>223.0</ele><time>2025-09-18T15:52:42Z</time></trkpt>
      <trkpt lat="48.785368" lon="2.041106"><ele>218.4</ele><time>2025-09-18T15:52:43Z</time></trkpt>
      <trkpt lat="48.785429" lon="2.041021"><ele>216.3</ele><time>2025-09-18T15:52:44Z</time></trkpt>
      <trkpt lat="48.785503" lon="2.040926"><ele>214.0</ele><time>2025-09-18T15:52:45Z</time></trkpt>
      <trkpt lat="48.785584" lon="2.040822"><ele>212.2</ele><time>2025-09-18T15:52:46Z</time></trkpt>
      <trkpt lat="48.785676" lon="2.040704"><ele>209.6</ele><time>2025-09-18T15:52:47Z</time></trkpt>
      <trkpt lat="48.785773" lon="2.040587"><ele>207.2</ele><time>2025-09-18T15:52:48Z</time></trkpt>
      <trkpt lat="48.785868" lon="2.040475"><ele>205.6</ele><time>2025-09-18T15:52:49Z</time></trkpt>
      <trkpt lat="48.785970" lon="2.040371"><ele>204.2</ele><time>2025-09-18T15:52:50Z</time></trkpt>
      <trkpt lat="48.786063" lon="2.040264"><ele>202.6</ele><time>2025-09-18T15:52:51Z</time></trkpt>
      <trkpt lat="48.786153" lon="2.040163"><ele>201.3</ele><time>2025-09-18T15:52:52Z</time></trkpt>
      <trkpt lat="48.786245" lon="2.040060"><ele>199.4</ele><time>2025-09-18T15:52:53Z</time></trkpt>
      <trkpt lat="48.786352" lon="2.039945"><ele>197.7</ele><time>2025-09-18T15:52:54Z</time></trkpt>
      <trkpt lat="48.786464" lon="2.039831"><ele>196.3</ele><time>2025-09-18T15:52:55Z</time></trkpt>
      <trkpt lat="48.786567" lon="2.039720"><ele>195.2</ele><time>2025-09-18T15:52:56Z</time></trkpt>
      <trkpt lat="48.786659" lon="2.039617"><ele>194.6</ele><time>2025-09-18T15:52:57Z</time></trkpt>
      <trkpt lat="48.786733" lon="2.039530"><ele>193.9</ele><time>2025-09-18T15:52:58Z</time></trkpt>
      <trkpt lat="48.786792" lon="2.039461"><ele>193.0</ele><time>2025-09-18T15:52:59Z</time></trkpt>
      <trkpt lat="48.786836" lon="2.039409"><ele>192.3</ele><time>2025-09-18T15:53:00Z</time></trkpt>
      <trkpt lat="48.786862" lon="2.039374"><ele>191.7</ele><time>2025-09-18T15:53:01Z</time></trkpt>
      <trkpt lat="48.786893" lon="2.039329"><ele>191.3</ele><time>2025-09-18T15:53:02Z</time></trkpt>
      <trkpt lat="48.786950" lon="2.039252"><ele>190.8</ele><time>2025-09-18T15:53:03Z</time></trkpt>
      <trkpt lat="48.787018" lon="2.039163"><ele>190.4</ele><time>2025-09-18T15:53:04Z</time></trkpt>
      <trkpt lat="48.787103" lon="2.039067"><ele>189.0</ele><time>2025-09-18T15:53:05Z</time></trkpt>
      <trkpt lat="48.787195" lon="2.038960"><ele>188.3</ele><time>2025-09-18T15:53:06Z</time></trkpt>
      <trkpt lat="48.787300" lon="2.038845"><ele>188.1</ele><time>2025-09-18T15:53:07Z</time></trkpt>
      <trkpt lat="48.787404" lon="2.038724"><ele>187.8</ele><time>2025-09-18T15:53:08Z</time></trkpt>
      <trkpt lat="48.787510" lon="2.038600"><ele>187.7</ele><time>2025-09-18T15:53:09Z</time></trkpt>
      <trkpt lat="48.787613" lon="2.038469"><ele>187.7</ele><time>2025-09-18T15:53:10Z</time></trkpt>
      <trkpt lat="48.787715" lon="2.038327"><ele>187.8</ele><time>2025-09-18T15:53:11Z</time></trkpt>
      <trkpt lat="48.787829" lon="2.038181"><ele>188.0</ele><time>2025-09-18T15:53:12Z</time></trkpt>
      <trkpt lat="48.787958" lon="2.038027"><ele>188.3</ele><time>2025-09-18T15:53:13Z</time></trkpt>
      <trkpt lat="48.788080" lon="2.037882"><ele>188.6</ele><time>2025-09-18T15:53:14Z</time></trkpt>
      <trkpt lat="48.788194" lon="2.037750"><ele>188.5</ele><time>2025-09-18T15:53:15Z</time></trkpt>
      <trkpt lat="48.788307" lon="2.037622"><ele>188.5</ele><time>2025-09-18T15:53:16Z</time></trkpt>
      <trkpt lat="48.788420" lon="2.037493"><ele>188.3</ele><time>2025-09-18T15:53:17Z</time></trkpt>
      <trkpt lat="48.788535" lon="2.037363"><ele>188.2</ele><time>2025-09-18T15:53:18Z</time></trkpt>
      <trkpt lat="48.788653" lon="2.037230"><ele>188.0</ele><time>2025-09-18T15:53:19Z</time></trkpt>
      <trkpt lat="48.788771" lon="2.037096"><ele>187.8</ele><time>2025-09-18T15:53:20Z</time></trkpt>
      <trkpt lat="48.788882" lon="2.036967"><ele>187.7</ele><time>2025-09-18T15:53:21Z</time></trkpt>
      <trkpt lat="48.788984" lon="2.036847"><ele>187.7</ele><time>2025-09-18T15:53:22Z</time></trkpt>
      <trkpt lat="48.789083" lon="2.036733"><ele>187.7</ele><time>2025-09-18T15:53:23Z</time></trkpt>
      <trkpt lat="48.789175" lon="2.036630"><ele>187.8</ele><time>2025-09-18T15:53:24Z</time></trkpt>
      <trkpt lat="48.789271" lon="2.036544"><ele>187.7</ele><time>2025-09-18T15:53:25Z</time></trkpt>
      <trkpt lat="48.789347" lon="2.036474"><ele>187.4</ele><time>2025-09-18T15:53:26Z</time></trkpt>
      <trkpt lat="48.789415" lon="2.036421"><ele>186.9</ele><time>2025-09-18T15:53:27Z</time></trkpt>
      <trkpt lat="48.789484" lon="2.036384"><ele>186.8</ele><time>2025-09-18T15:53:28Z</time></trkpt>
      <trkpt lat="48.789574" lon="2.036379"><ele>186.8</ele><time>2025-09-18T15:53:29Z</time></trkpt>
      <trkpt lat="48.789670" lon="2.036407"><ele>186.6</ele><time>2025-09-18T15:53:30Z</time></trkpt>
      <trkpt lat="48.789777" lon="2.036437"><ele>186.3</ele><time>2025-09-18T15:53:31Z</time></trkpt>
      <trkpt lat="48.789895" lon="2.036440"><ele>186.2</ele><time>2025-09-18T15:53:32Z</time></trkpt>
      <trkpt lat="48.790005" lon="2.036394"><ele>185.9</ele><time>2025-09-18T15:53:33Z</time></trkpt>
      <trkpt lat="48.790098" lon="2.036311"><ele>186.2</ele><time>2025-09-18T15:53:34Z</time></trkpt>
      <trkpt lat="48.790177" lon="2.036200"><ele>185.9</ele><time>2025-09-18T15:53:35Z</time></trkpt>
      <trkpt lat="48.790238" lon="2.036067"><ele>186.2</ele><time>2025-09-18T15:53:36Z</time></trkpt>
      <trkpt lat="48.790266" lon="2.035902"><ele>185.8</ele><time>2025-09-18T15:53:37Z</time></trkpt>
      <trkpt lat="48.790278" lon="2.035726"><ele>185.7</ele><time>2025-09-18T15:53:38Z</time></trkpt>
      <trkpt lat="48.790287" lon="2.035558"><ele>184.9</ele><time>2025-09-18T15:53:39Z</time></trkpt>
      <trkpt lat="48.790312" lon="2.035403"><ele>184.8</ele><time>2025-09-18T15:53:40Z</time></trkpt>
      <trkpt lat="48.790368" lon="2.035267"><ele>184.1</ele><time>2025-09-18T15:53:41Z</time></trkpt>
      <trkpt lat="48.790425" lon="2.035149"><ele>184.0</ele><time>2025-09-18T15:53:42Z</time></trkpt>
      <trkpt lat="48.790518" lon="2.035077"><ele>184.4</ele><time>2025-09-18T15:53:43Z</time></trkpt>
      <trkpt lat="48.790616" lon="2.035032"><ele>184.2</ele><time>2025-09-18T15:53:44Z</time></trkpt>
      <trkpt lat="48.790728" lon="2.035025"><ele>183.7</ele><time>2025-09-18T15:53:45Z</time></trkpt>
      <trkpt lat="48.790842" lon="2.035052"><ele>183.4</ele><time>2025-09-18T15:53:46Z</time></trkpt>
      <trkpt lat="48.790951" lon="2.035099"><ele>183.2</ele><time>2025-09-18T15:53:47Z</time></trkpt>
      <trkpt lat="48.791058" lon="2.035153"><ele>183.1</ele><time>2025-09-18T15:53:48Z</time></trkpt>
      <trkpt lat="48.791160" lon="2.035211"><ele>183.0</ele><time>2025-09-18T15:53:49Z</time></trkpt>
      <trkpt lat="48.791258" lon="2.035271"><ele>183.0</ele><time>2025-09-18T15:53:50Z</time></trkpt>
      <trkpt lat="48.791356" lon="2.035328"><ele>183.1</ele><time>2025-09-18T15:53:51Z</time></trkpt>
      <trkpt lat="48.791455" lon="2.035385"><ele>183.2</ele><time>2025-09-18T15:53:52Z</time></trkpt>
      <trkpt lat="48.791553" lon="2.035444"><ele>183.1</ele><time>2025-09-18T15:53:53Z</time></trkpt>
      <trkpt lat="48.791653" lon="2.035507"><ele>182.9</ele><time>2025-09-18T15:53:54Z</time></trkpt>
      <trkpt lat="48.791755" lon="2.035573"><ele>182.6</ele><time>2025-09-18T15:53:55Z</time></trkpt>
      <trkpt lat="48.791852" lon="2.035640"><ele>182.6</ele><time>2025-09-18T15:53:56Z</time></trkpt>
      <trkpt lat="48.791943" lon="2.035700"><ele>182.8</ele><time>2025-09-18T15:53:57Z</time></trkpt>
      <trkpt lat="48.792030" lon="2.035756"><ele>182.9</ele><time>2025-09-18T15:53:58Z</time></trkpt>
      <trkpt lat="48.792117" lon="2.035814"><ele>182.9</ele><time>2025-09-18T15:53:59Z</time></trkpt>
      <trkpt lat="48.792204" lon="2.035869"><ele>182.8</ele><time>2025-09-18T15:54:00Z</time></trkpt>
      <trkpt lat="48.792280" lon="2.035922"><ele>182.7</ele><time>2025-09-18T15:54:01Z</time></trkpt>
      <trkpt lat="48.792348" lon="2.035970"><ele>183.0</ele><time>2025-09-18T15:54:02Z</time></trkpt>
      <trkpt lat="48.792408" lon="2.036013"><ele>183.0</ele><time>2025-09-18T15:54:03Z</time></trkpt>
      <trkpt lat="48.792457" lon="2.036046"><ele>182.9</ele><time>2025-09-18T15:54:04Z</time></trkpt>
      <trkpt lat="48.792494" lon="2.036069"><ele>183.4</ele><time>2025-09-18T15:54:05Z</time></trkpt>
      <trkpt lat="48.792521" lon="2.036090"><ele>183.3</ele><time>2025-09-18T15:54:06Z</time></trkpt>
      <trkpt lat="48.792542" lon="2.036105"><ele>183.3</ele><time>2025-09-18T15:54:07Z</time></trkpt>
      <trkpt lat="48.792562" lon="2.036123"><ele>183.4</ele><time>2025-09-18T15:54:08Z</time></trkpt>
      <trkpt lat="48.792585" lon="2.036143"><ele>183.6</ele><time>2025-09-18T15:54:09Z</time></trkpt>
      <trkpt lat="48.792607" lon="2.036157"><ele>184.2</ele><time>2025-09-18T15:54:10Z</time></trkpt>
      <trkpt lat="48.792628" lon="2.036165"><ele>184.6</ele><time>2025-09-18T15:54:11Z</time></trkpt>
      <trkpt lat="48.792640" lon="2.036168"><ele>185.2</ele><time>2025-09-18T15:54:12Z</time></trkpt>
      <trkpt lat="48.792647" lon="2.036170"><ele>185.4</ele><time>2025-09-18T15:54:13Z</time></trkpt>
      <trkpt lat="48.792654" lon="2.036170"><ele>184.6</ele><time>2025-09-18T15:54:30Z</time></trkpt>
      <trkpt lat="48.792674" lon="2.036182"><ele>184.8</ele><time>2025-09-18T15:54:31Z</time></trkpt>
      <trkpt lat="48.792707" lon="2.036203"><ele>184.9</ele><time>2025-09-18T15:54:32Z</time></trkpt>
      <trkpt lat="48.792749" lon="2.036225"><ele>185.1</ele><time>2025-09-18T15:54:33Z</time></trkpt>
      <trkpt lat="48.792798" lon="2.036244"><ele>185.7</ele><time>2025-09-18T15:54:34Z</time></trkpt>
      <trkpt lat="48.792850" lon="2.036261"><ele>186.6</ele><time>2025-09-18T15:54:35Z</time></trkpt>
      <trkpt lat="48.792907" lon="2.036293"><ele>186.8</ele><time>2025-09-18T15:54:36Z</time></trkpt>
      <trkpt lat="48.792964" lon="2.036321"><ele>187.4</ele><time>2025-09-18T15:54:37Z</time></trkpt>
      <trkpt lat="48.793028" lon="2.036360"><ele>187.4</ele><time>2025-09-18T15:54:38Z</time></trkpt>
      <trkpt lat="48.793090" lon="2.036380"><ele>187.4</ele><time>2025-09-18T15:54:39Z</time></trkpt>
      <trkpt lat="48.793142" lon="2.036385"><ele>188.4</ele><time>2025-09-18T15:54:40Z</time></trkpt>
      <trkpt lat="48.793191" lon="2.036358"><ele>188.8</ele><time>2025-09-18T15:54:41Z</time></trkpt>
      <trkpt lat="48.793242" lon="2.036304"><ele>187.9</ele><time>2025-09-18T15:54:42Z</time></trkpt>
      <trkpt lat="48.793284" lon="2.036224"><ele>186.9</ele><time>2025-09-18T15:54:43Z</time></trkpt>
      <trkpt lat="48.793321" lon="2.036131"><ele>185.9</ele><time>2025-09-18T15:54:44Z</time></trkpt>
      <trkpt lat="48.793360" lon="2.036029"><ele>185.0</ele><time>2025-09-18T15:54:45Z</time></trkpt>
      <trkpt lat="48.793400" lon="2.035916"><ele>184.5</ele><time>2025-09-18T15:54:46Z</time></trkpt>
      <trkpt lat="48.793448" lon="2.035788"><ele>184.0</ele><time>2025-09-18T15:54:47Z</time></trkpt>
      <trkpt lat="48.793503" lon="2.035648"><ele>183.5</ele><time>2025-09-18T15:54:48Z</time></trkpt>
      <trkpt lat="48.793568" lon="2.035501"><ele>183.0</ele><time>2025-09-18T15:54:49Z</time></trkpt>
      <trkpt lat="48.793638" lon="2.035346"><ele>182.7</ele><time>2025-09-18T15:54:50Z</time></trkpt>
      <trkpt lat="48.793712" lon="2.035193"><ele>182.6</ele><time>2025-09-18T15:54:51Z</time></trkpt>
      <trkpt lat="48.793791" lon="2.035043"><ele>182.3</ele><time>2025-09-18T15:54:52Z</time></trkpt>
      <trkpt lat="48.793877" lon="2.034897"><ele>181.9</ele><time>2025-09-18T15:54:53Z</time></trkpt>
      <trkpt lat="48.793970" lon="2.034753"><ele>181.6</ele><time>2025-09-18T15:54:54Z</time></trkpt>
      <trkpt lat="48.794065" lon="2.034608"><ele>181.4</ele><time>2025-09-18T15:54:55Z</time></trkpt>
      <trkpt lat="48.794167" lon="2.034467"><ele>181.3</ele><time>2025-09-18T15:54:56Z</time></trkpt>
      <trkpt lat="48.794280" lon="2.034333"><ele>181.3</ele><time>2025-09-18T15:54:57Z</time></trkpt>
      <trkpt lat="48.794398" lon="2.034202"><ele>181.4</ele><time>2025-09-18T15:54:58Z</time></trkpt>
      <trkpt lat="48.794522" lon="2.034080"><ele>181.7</ele><time>2025-09-18T15:54:59Z</time></trkpt>
      <trkpt lat="48.794647" lon="2.033972"><ele>181.8</ele><time>2025-09-18T15:55:00Z</time></trkpt>
      <trkpt lat="48.794770" lon="2.033873"><ele>182.0</ele><time>2025-09-18T15:55:01Z</time></trkpt>
      <trkpt lat="48.794896" lon="2.033790"><ele>182.0</ele><time>2025-09-18T15:55:02Z</time></trkpt>
      <trkpt lat="48.795018" lon="2.033721"><ele>182.2</ele><time>2025-09-18T15:55:03Z</time></trkpt>
      <trkpt lat="48.795135" lon="2.033654"><ele>182.5</ele><time>2025-09-18T15:55:04Z</time></trkpt>
      <trkpt lat="48.795248" lon="2.033598"><ele>182.8</ele><time>2025-09-18T15:55:05Z</time></trkpt>
      <trkpt lat="48.795355" lon="2.033541"><ele>183.0</ele><time>2025-09-18T15:55:06Z</time></trkpt>
      <trkpt lat="48.795462" lon="2.033481"><ele>183.3</ele><time>2025-09-18T15:55:07Z</time></trkpt>
      <trkpt lat="48.795574" lon="2.033417"><ele>183.3</ele><time>2025-09-18T15:55:08Z</time></trkpt>
      <trkpt lat="48.795683" lon="2.033352"><ele>183.0</ele><time>2025-09-18T15:55:09Z</time></trkpt>
      <trkpt lat="48.795796" lon="2.033284"><ele>182.9</ele><time>2025-09-18T15:55:10Z</time></trkpt>
      <trkpt lat="48.795910" lon="2.033211"><ele>183.0</ele><time>2025-09-18T15:55:11Z</time></trkpt>
      <trkpt lat="48.796022" lon="2.033148"><ele>182.9</ele><time>2025-09-18T15:55:12Z</time></trkpt>
      <trkpt lat="48.796129" lon="2.033092"><ele>182.7</ele><time>2025-09-18T15:55:13Z</time></trkpt>
      <trkpt lat="48.796227" lon="2.033037"><ele>182.4</ele><time>2025-09-18T15:55:14Z</time></trkpt>
      <trkpt lat="48.796317" lon="2.032987"><ele>182.0</ele><time>2025-09-18T15:55:15Z</time></trkpt>
      <trkpt lat="48.796401" lon="2.032947"><ele>182.1</ele><time>2025-09-18T15:55:16Z</time></trkpt>
      <trkpt lat="48.796485" lon="2.032933"><ele>182.1</ele><time>2025-09-18T15:55:17Z</time></trkpt>
      <trkpt lat="48.796571" lon="2.032953"><ele>181.6</ele><time>2025-09-18T15:55:18Z</time></trkpt>
      <trkpt lat="48.796655" lon="2.033005"><ele>180.8</ele><time>2025-09-18T15:55:19Z</time></trkpt>
      <trkpt lat="48.796731" lon="2.033090"><ele>180.1</ele><time>2025-09-18T15:55:20Z</time></trkpt>
      <trkpt lat="48.796794" lon="2.033200"><ele>179.8</ele><time>2025-09-18T15:55:21Z</time></trkpt>
      <trkpt lat="48.796852" lon="2.033330"><ele>179.7</ele><time>2025-09-18T15:55:22Z</time></trkpt>
      <trkpt lat="48.796905" lon="2.033471"><ele>179.6</ele><time>2025-09-18T15:55:23Z</time></trkpt>
      <trkpt lat="48.796956" lon="2.033616"><ele>179.1</ele><time>2025-09-18T15:55:24Z</time></trkpt>
      <trkpt lat="48.797005" lon="2.033762"><ele>178.7</ele><time>2025-09-18T15:55:25Z</time></trkpt>
      <trkpt lat="48.797055" lon="2.033902"><ele>178.4</ele><time>2025-09-18T15:55:26Z</time></trkpt>
      <trkpt lat="48.797105" lon="2.034033"><ele>177.9</ele><time>2025-09-18T15:55:27Z</time></trkpt>
      <trkpt lat="48.797153" lon="2.034150"><ele>177.5</ele><time>2025-09-18T15:55:28Z</time></trkpt>
      <trkpt lat="48.797198" lon="2.034253"><ele>177.3</ele><time>2025-09-18T15:55:29Z</time></trkpt>
      <trkpt lat="48.797237" lon="2.034346"><ele>177.1</ele><time>2025-09-18T15:55:30Z</time></trkpt>
      <trkpt lat="48.797270" lon="2.034435"><ele>176.9</ele><time>2025-09-18T15:55:31Z</time></trkpt>
      <trkpt lat="48.797300" lon="2.034524"><ele>176.7</ele><time>2025-09-18T15:55:32Z</time></trkpt>
      <trkpt lat="48.797325" lon="2.034617"><ele>176.3</ele><time>2025-09-18T15:55:33Z</time></trkpt>
      <trkpt lat="48.797349" lon="2.034710"><ele>176.2</ele><time>2025-09-18T15:55:34Z</time></trkpt>
      <trkpt lat="48.797368" lon="2.034803"><ele>175.7</ele><time>2025-09-18T15:55:35Z</time></trkpt>
      <trkpt lat="48.797377" lon="2.034902"><ele>175.6</ele><time>2025-09-18T15:55:36Z</time></trkpt>
      <trkpt lat="48.797370" lon="2.035009"><ele>175.8</ele><time>2025-09-18T15:55:37Z</time></trkpt>
      <trkpt lat="48.797360" lon="2.035130"><ele>175.5</ele><time>2025-09-18T15:55:38Z</time></trkpt>
      <trkpt lat="48.797360" lon="2.035263"><ele>175.6</ele><time>2025-09-18T15:55:39Z</time></trkpt>
      <trkpt lat="48.797387" lon="2.035394"><ele>176.7</ele><time>2025-09-18T15:55:40Z</time></trkpt>
      <trkpt lat="48.797437" lon="2.035505"><ele>176.8</ele><time>2025-09-18T15:55:41Z</time></trkpt>
      <trkpt lat="48.797507" lon="2.035578"><ele>177.0</ele><time>2025-09-18T15:55:42Z</time></trkpt>
      <trkpt lat="48.797585" lon="2.035608"><ele>177.0</ele><time>2025-09-18T15:55:43Z</time></trkpt>
      <trkpt lat="48.797662" lon="2.035595"><ele>176.6</ele><time>2025-09-18T15:55:44Z</time></trkpt>
      <trkpt lat="48.797733" lon="2.035547"><ele>176.2</ele><time>2025-09-18T15:55:45Z</time></trkpt>
      <trkpt lat="48.797797" lon="2.035468"><ele>175.8</ele><time>2025-09-18T15:55:46Z</time></trkpt>
      <trkpt lat="48.797858" lon="2.035368"><ele>175.2</ele><time>2025-09-18T15:55:47Z</time></trkpt>
      <trkpt lat="48.797924" lon="2.035267"><ele>174.6</ele><time>2025-09-18T15:55:48Z</time></trkpt>
      <trkpt lat="48.798003" lon="2.035188"><ele>174.0</ele><time>2025-09-18T15:55:49Z</time></trkpt>
      <trkpt lat="48.798084" lon="2.035141"><ele>173.6</ele><time>2025-09-18T15:55:50Z</time></trkpt>
      <trkpt lat="48.798168" lon="2.035127"><ele>173.2</ele><time>2025-09-18T15:55:51Z</time></trkpt>
      <trkpt lat="48.798250" lon="2.035153"><ele>172.6</ele><time>2025-09-18T15:55:52Z</time></trkpt>
      <trkpt lat="48.798326" lon="2.035218"><ele>172.5</ele><time>2025-09-18T15:55:53Z</time></trkpt>
      <trkpt lat="48.798397" lon="2.035303"><ele>172.4</ele><time>2025-09-18T15:55:54Z</time></trkpt>
      <trkpt lat="48.798451" lon="2.035410"><ele>172.7</ele><time>2025-09-18T15:55:55Z</time></trkpt>
      <trkpt lat="48.798478" lon="2.035538"><ele>172.7</ele><time>2025-09-18T15:55:56Z</time></trkpt>
      <trkpt lat="48.798482" lon="2.035671"><ele>172.7</ele><time>2025-09-18T15:55:57Z</time></trkpt>
      <trkpt lat="48.798473" lon="2.035792"><ele>172.5</ele><time>2025-09-18T15:55:58Z</time></trkpt>
      <trkpt lat="48.798459" lon="2.035900"><ele>172.6</ele><time>2025-09-18T15:55:59Z</time></trkpt>
      <trkpt lat="48.798461" lon="2.035995"><ele>172.3</ele><time>2025-09-18T15:56:00Z</time></trkpt>
      <trkpt lat="48.798485" lon="2.036074"><ele>172.9</ele><time>2025-09-18T15:56:01Z</time></trkpt>
      <trkpt lat="48.798534" lon="2.036121"><ele>173.3</ele><time>2025-09-18T15:56:02Z</time></trkpt>
      <trkpt lat="48.798594" lon="2.036126"><ele>173.5</ele><time>2025-09-18T15:56:03Z</time></trkpt>
      <trkpt lat="48.798657" lon="2.036095"><ele>173.5</ele><time>2025-09-18T15:56:04Z</time></trkpt>
      <trkpt lat="48.798710" lon="2.036049"><ele>173.7</ele><time>2025-09-18T15:56:05Z</time></trkpt>
      <trkpt lat="48.798756" lon="2.036003"><ele>174.0</ele><time>2025-09-18T15:56:06Z</time></trkpt>
      <trkpt lat="48.798794" lon="2.035964"><ele>174.4</ele><time>2025-09-18T15:56:07Z</time></trkpt>
      <trkpt lat="48.798830" lon="2.035934"><ele>174.6</ele><time>2025-09-18T15:56:08Z</time></trkpt>
      <trkpt lat="48.798878" lon="2.035925"><ele>175.2</ele><time>2025-09-18T15:56:09Z</time></trkpt>
      <trkpt lat="48.798925" lon="2.035931"><ele>175.6</ele><time>2025-09-18T15:56:10Z</time></trkpt>
      <trkpt lat="48.798968" lon="2.035944"><ele>175.8</ele><time>2025-09-18T15:56:11Z</time></trkpt>
      <trkpt lat="48.799008" lon="2.035953"><ele>175.9</ele><time>2025-09-18T15:56:12Z</time></trkpt>
      <trkpt lat="48.799050" lon="2.035959"><ele>176.2</ele><time>2025-09-18T15:56:13Z</time></trkpt>
      <trkpt lat="48.799097" lon="2.035969"><ele>176.1</ele><time>2025-09-18T15:56:14Z</time></trkpt>
      <trkpt lat="48.799146" lon="2.035980"><ele>176.3</ele><time>2025-09-18T15:56:15Z</time></trkpt>
      <trkpt lat="48.799192" lon="2.035993"><ele>176.4</ele><time>2025-09-18T15:56:16Z</time></trkpt>
      <trkpt lat="48.799234" lon="2.036005"><ele>176.4</ele><time>2025-09-18T15:56:17Z</time></trkpt>
      <trkpt lat="48.799279" lon="2.036017"><ele>176.6</ele><time>2025-09-18T15:56:18Z</time></trkpt>
      <trkpt lat="48.799321" lon="2.036027"><ele>176.6</ele><time>2025-09-18T15:56:19Z</time></trkpt>
      <trkpt lat="48.799348" lon="2.036029"><ele>177.3</ele><time>2025-09-18T15:56:20Z</time></trkpt>
      <trkpt lat="48.799367" lon="2.036032"><ele>177.2</ele><time>2025-09-18T15:56:21Z</time></trkpt>
      <trkpt lat="48.799382" lon="2.036036"><ele>177.1</ele><time>2025-09-18T15:56:22Z</time></trkpt>
      <trkpt lat="48.799397" lon="2.036037"><ele>177.3</ele><time>2025-09-18T15:56:23Z</time></trkpt>
      <trkpt lat="48.799413" lon="2.036042"><ele>177.7</ele><time>2025-09-18T15:56:24Z</time></trkpt>
      <trkpt lat="48.799435" lon="2.036052"><ele>177.9</ele><time>2025-09-18T15:56:25Z</time></trkpt>
      <trkpt lat="48.799456" lon="2.036060"><ele>178.6</ele><time>2025-09-18T15:56:26Z</time></trkpt>
      <trkpt lat="48.799483" lon="2.036069"><ele>178.5</ele><time>2025-09-18T15:56:27Z</time></trkpt>
      <trkpt lat="48.799508" lon="2.036079"><ele>178.4</ele><time>2025-09-18T15:56:28Z</time></trkpt>
      <trkpt lat="48.799533" lon="2.036094"><ele>178.6</ele><time>2025-09-18T15:56:29Z</time></trkpt>
      <trkpt lat="48.799559" lon="2.036118"><ele>178.5</ele><time>2025-09-18T15:56:30Z</time></trkpt>
      <trkpt lat="48.799582" lon="2.036153"><ele>178.0</ele><time>2025-09-18T15:56:31Z</time></trkpt>
      <trkpt lat="48.799594" lon="2.036189"><ele>178.2</ele><time>2025-09-18T15:56:32Z</time></trkpt>
      <trkpt lat="48.799602" lon="2.036227"><ele>178.3</ele><time>2025-09-18T15:56:33Z</time></trkpt>
      <trkpt lat="48.799606" lon="2.036264"><ele>178.6</ele><time>2025-09-18T15:56:34Z</time></trkpt>
      <trkpt lat="48.799607" lon="2.036300"><ele>178.7</ele><time>2025-09-18T15:56:35Z</time></trkpt>
      <trkpt lat="48.799606" lon="2.036331"><ele>178.8</ele><time>2025-09-18T15:56:36Z</time></trkpt>
      <trkpt lat="48.799607" lon="2.036358"><ele>178.7</ele><time>2025-09-18T15:56:37Z</time></trkpt>
      <trkpt lat="48.799605" lon="2.036388"><ele>179.4</ele><time>2025-09-18T15:56:38Z</time></trkpt>
      <trkpt lat="48.799595" lon="2.036415"><ele>179.8</ele><time>2025-09-18T15:56:39Z</time></trkpt>
      <trkpt lat="48.799583" lon="2.036439"><ele>180.1</ele><time>2025-09-18T15:56:40Z</time></trkpt>
      <trkpt lat="48.799574" lon="2.036460"><ele>180.1</ele><time>2025-09-18T15:56:41Z</time></trkpt>
      <trkpt lat="48.799569" lon="2.036481"><ele>180.0</ele><time>2025-09-18T15:56:42Z</time></trkpt>
      <trkpt lat="48.799567" lon="2.036495"><ele>180.3</ele><time>2025-09-18T15:56:43Z</time></trkpt>
      <trkpt lat="48.799625" lon="2.036563"><ele>178.9</ele><time>2025-09-18T15:57:39Z</time></trkpt>
      <trkpt lat="48.799624" lon="2.036564"><ele>180.4</ele><time>2025-09-18T15:57:41Z</time></trkpt>
      <trkpt lat="48.799621" lon="2.036560"><ele>181.0</ele><time>2025-09-18T15:57:42Z</time></trkpt>
      <trkpt lat="48.799633" lon="2.036566"><ele>186.8</ele><time>2025-09-18T15:57:49Z</time></trkpt>
      <trkpt lat="48.799625" lon="2.036562"><ele>188.6</ele><time>2025-09-18T15:57:52Z</time></trkpt>
      <trkpt lat="48.799617" lon="2.036557"><ele>189.8</ele><time>2025-09-18T15:57:54Z</time></trkpt>
      <trkpt lat="48.799615" lon="2.036555"><ele>191.0</ele><time>2025-09-18T15:57:55Z</time></trkpt>
      <trkpt lat="48.799619" lon="2.036569"><ele>193.2</ele><time>2025-09-18T15:57:58Z</time></trkpt>
      <trkpt lat="48.799631" lon="2.036565"><ele>197.7</ele><time>2025-09-18T15:58:06Z</time></trkpt>
      <trkpt lat="48.799636" lon="2.036566"><ele>198.3</ele><time>2025-09-18T15:58:07Z</time></trkpt>
      <trkpt lat="48.799641" lon="2.036572"><ele>199.6</ele><time>2025-09-18T15:58:09Z</time></trkpt>
      <trkpt lat="48.799670" lon="2.036523"><ele>203.7</ele><time>2025-09-18T15:58:17Z</time></trkpt>
      <trkpt lat="48.799681" lon="2.036504"><ele>208.5</ele><time>2025-09-18T15:58:23Z</time></trkpt>
      <trkpt lat="48.799688" lon="2.036513"><ele>209.7</ele><time>2025-09-18T15:58:25Z</time></trkpt>
      <trkpt lat="48.799695" lon="2.036515"><ele>210.3</ele><time>2025-09-18T15:58:26Z</time></trkpt>
      <trkpt lat="48.799701" lon="2.036525"><ele>210.9</ele><time>2025-09-18T15:58:27Z</time></trkpt>
      <trkpt lat="48.799685" lon="2.036539"><ele>211.5</ele><time>2025-09-18T15:58:28Z</time></trkpt>
      <trkpt lat="48.799700" lon="2.036554"><ele>212.3</ele><time>2025-09-18T15:58:30Z</time></trkpt>
      <trkpt lat="48.799702" lon="2.036574"><ele>212.4</ele><time>2025-09-18T15:58:31Z</time></trkpt>
      <trkpt lat="48.799719" lon="2.036594"><ele>212.5</ele><time>2025-09-18T15:58:32Z</time></trkpt>
      <trkpt lat="48.799735" lon="2.036599"><ele>212.8</ele><time>2025-09-18T15:58:33Z</time></trkpt>
      <trkpt lat="48.799743" lon="2.036608"><ele>205.5</ele><time>2025-09-18T15:58:34Z</time></trkpt>
      <trkpt lat="48.799743" lon="2.036608"><ele>205.5</ele><time>2025-09-18T15:58:35Z</time></trkpt>
      <trkpt lat="48.799690" lon="2.036736"><ele>205.2</ele><time>2025-09-18T15:58:38Z</time></trkpt>
      <trkpt lat="48.799619" lon="2.036826"><ele>204.7</ele><time>2025-09-18T15:58:39Z</time></trkpt>
      <trkpt lat="48.799633" lon="2.036864"><ele>204.3</ele><time>2025-09-18T15:58:40Z</time></trkpt>
      <trkpt lat="48.799642" lon="2.036849"><ele>204.1</ele><time>2025-09-18T15:58:41Z</time></trkpt>
      <trkpt lat="48.799656" lon="2.036867"><ele>205.6</ele><time>2025-09-18T15:58:42Z</time></trkpt>
      <trkpt lat="48.799740" lon="2.036812"><ele>204.3</ele><time>2025-09-18T15:58:44Z</time></trkpt>
      <trkpt lat="48.799761" lon="2.036849"><ele>204.0</ele><time>2025-09-18T15:58:45Z</time></trkpt>
      <trkpt lat="48.799729" lon="2.036901"><ele>204.7</ele><time>2025-09-18T15:58:46Z</time></trkpt>
      <trkpt lat="48.799710" lon="2.036924"><ele>205.0</ele><time>2025-09-18T15:58:47Z</time></trkpt>
      <trkpt lat="48.799663" lon="2.036983"><ele>205.3</ele><time>2025-09-18T15:58:49Z</time></trkpt>
      <trkpt lat="48.799653" lon="2.036983"><ele>205.2</ele><time>2025-09-18T15:58:50Z</time></trkpt>
      <trkpt lat="48.799658" lon="2.036991"><ele>204.6</ele><time>2025-09-18T15:58:51Z</time></trkpt>
      <trkpt lat="48.799700" lon="2.036941"><ele>203.2</ele><time>2025-09-18T15:58:54Z</time></trkpt>
      <trkpt lat="48.799713" lon="2.036923"><ele>203.1</ele><time>2025-09-18T15:58:55Z</time></trkpt>
      <trkpt lat="48.799730" lon="2.036920"><ele>203.1</ele><time>2025-09-18T15:58:56Z</time></trkpt>
      <trkpt lat="48.799750" lon="2.036929"><ele>203.6</ele><time>2025-09-18T15:58:57Z</time></trkpt>
      <trkpt lat="48.799750" lon="2.036929"><ele>203.6</ele><time>2025-09-18T15:58:58Z</time></trkpt>
      <trkpt lat="48.799839" lon="2.036929"><ele>203.7</ele><time>2025-09-18T15:59:02Z</time></trkpt>
      <trkpt lat="48.799881" lon="2.036859"><ele>200.8</ele><time>2025-09-18T15:59:03Z</time></trkpt>
      <trkpt lat="48.799889" lon="2.036822"><ele>198.7</ele><time>2025-09-18T15:59:04Z</time></trkpt>
      <trkpt lat="48.799899" lon="2.036777"><ele>198.0</ele><time>2025-09-18T15:59:05Z</time></trkpt>
      <trkpt lat="48.799882" lon="2.036733"><ele>197.7</ele><time>2025-09-18T15:59:06Z</time></trkpt>
      <trkpt lat="48.799835" lon="2.036720"><ele>197.4</ele><time>2025-09-18T15:59:07Z</time></trkpt>
      <trkpt lat="48.799835" lon="2.036720"><ele>197.4</ele><time>2025-09-18T15:59:08Z</time></trkpt>
      <trkpt lat="48.799850" lon="2.036719"><ele>198.3</ele><time>2025-09-18T15:59:09Z</time></trkpt>
      <trkpt lat="48.799782" lon="2.036720"><ele>200.7</ele><time>2025-09-18T15:59:10Z</time></trkpt>
      <trkpt lat="48.799731" lon="2.036734"><ele>202.1</ele><time>2025-09-18T15:59:11Z</time></trkpt>
      <trkpt lat="48.799699" lon="2.036732"><ele>203.1</ele><time>2025-09-18T15:59:12Z</time></trkpt>
      <trkpt lat="48.799744" lon="2.036626"><ele>205.1</ele><time>2025-09-18T15:59:13Z</time></trkpt>
      <trkpt lat="48.799793" lon="2.036573"><ele>206.3</ele><time>2025-09-18T15:59:14Z</time></trkpt>
      <trkpt lat="48.799784" lon="2.036595"><ele>207.1</ele><time>2025-09-18T15:59:15Z</time></trkpt>
      <trkpt lat="48.799751" lon="2.036601"><ele>207.5</ele><time>2025-09-18T15:59:16Z</time></trkpt>
      <trkpt lat="48.799780" lon="2.036751"><ele>209.3</ele><time>2025-09-18T15:59:20Z</time></trkpt>
      <trkpt lat="48.799849" lon="2.036821"><ele>209.5</ele><time>2025-09-18T15:59:21Z</time></trkpt>
      <trkpt lat="48.799811" lon="2.036855"><ele>210.0</ele><time>2025-09-18T15:59:22Z</time></trkpt>
      <trkpt lat="48.799772" lon="2.036879"><ele>210.1</ele><time>2025-09-18T15:59:23Z</time></trkpt>
      <trkpt lat="48.799761" lon="2.036859"><ele>211.2</ele><time>2025-09-18T15:59:24Z</time></trkpt>
      <trkpt lat="48.799702" lon="2.036867"><ele>211.3</ele><time>2025-09-18T15:59:25Z</time></trkpt>
      <trkpt lat="48.799643" lon="2.036867"><ele>211.3</ele><time>2025-09-18T15:59:26Z</time></trkpt>
      <trkpt lat="48.799571" lon="2.036870"><ele>211.3</ele><time>2025-09-18T15:59:27Z</time></trkpt>
      <trkpt lat="48.799526" lon="2.036860"><ele>211.0</ele><time>2025-09-18T15:59:28Z</time></trkpt>
      <trkpt lat="48.799465" lon="2.036836"><ele>210.9</ele><time>2025-09-18T15:59:29Z</time></trkpt>
      <trkpt lat="48.799413" lon="2.036822"><ele>210.8</ele><time>2025-09-18T15:59:30Z</time></trkpt>
      <trkpt lat="48.799359" lon="2.036818"><ele>210.7</ele><time>2025-09-18T15:59:31Z</time></trkpt>
      <trkpt lat="48.799290" lon="2.036840"><ele>211.2</ele><time>2025-09-18T15:59:32Z</time></trkpt>
      <trkpt lat="48.799221" lon="2.036869"><ele>211.4</ele><time>2025-09-18T15:59:33Z</time></trkpt>
      <trkpt lat="48.799184" lon="2.036873"><ele>210.9</ele><time>2025-09-18T15:59:34Z</time></trkpt>
      <trkpt lat="48.799145" lon="2.036885"><ele>210.5</ele><time>2025-09-18T15:59:35Z</time></trkpt>
      <trkpt lat="48.799129" lon="2.036885"><ele>210.2</ele><time>2025-09-18T15:59:36Z</time></trkpt>
      <trkpt lat="48.799116" lon="2.036865"><ele>209.7</ele><time>2025-09-18T15:59:37Z</time></trkpt>
      <trkpt lat="48.799088" lon="2.036862"><ele>209.6</ele><time>2025-09-18T15:59:38Z</time></trkpt>
      <trkpt lat="48.799057" lon="2.036863"><ele>209.5</ele><time>2025-09-18T15:59:39Z</time></trkpt>
      <trkpt lat="48.799018" lon="2.036844"><ele>209.5</ele><time>2025-09-18T15:59:40Z</time></trkpt>
      <trkpt lat="48.798978" lon="2.036831"><ele>209.5</ele><time>2025-09-18T15:59:41Z</time></trkpt>
      <trkpt lat="48.798940" lon="2.036820"><ele>209.5</ele><time>2025-09-18T15:59:42Z</time></trkpt>
      <trkpt lat="48.798890" lon="2.036813"><ele>209.4</ele><time>2025-09-18T15:59:43Z</time></trkpt>
      <trkpt lat="48.798849" lon="2.036805"><ele>209.3</ele><time>2025-09-18T15:59:44Z</time></trkpt>
      <trkpt lat="48.798803" lon="2.036801"><ele>209.2</ele><time>2025-09-18T15:59:45Z</time></trkpt>
      <trkpt lat="48.798766" lon="2.036795"><ele>209.0</ele><time>2025-09-18T15:59:46Z</time></trkpt>
      <trkpt lat="48.798730" lon="2.036804"><ele>208.9</ele><time>2025-09-18T15:59:47Z</time></trkpt>
      <trkpt lat="48.798689" lon="2.036799"><ele>208.9</ele><time>2025-09-18T15:59:48Z</time></trkpt>
      <trkpt lat="48.798649" lon="2.036803"><ele>209.0</ele><time>2025-09-18T15:59:49Z</time></trkpt>
      <trkpt lat="48.798611" lon="2.036807"><ele>209.1</ele><time>2025-09-18T15:59:50Z</time></trkpt>
      <trkpt lat="48.798584" lon="2.036794"><ele>209.0</ele><time>2025-09-18T15:59:51Z</time></trkpt>
      <trkpt lat="48.798592" lon="2.036743"><ele>208.5</ele><time>2025-09-18T15:59:52Z</time></trkpt>
      <trkpt lat="48.798569" lon="2.036687"><ele>207.9</ele><time>2025-09-18T15:59:53Z</time></trkpt>
      <trkpt lat="48.798678" lon="2.036651"><ele>208.1</ele><time>2025-09-18T15:59:54Z</time></trkpt>
      <trkpt lat="48.798801" lon="2.036569"><ele>207.8</ele><time>2025-09-18T15:59:55Z</time></trkpt>
      <trkpt lat="48.798924" lon="2.036469"><ele>207.4</ele><time>2025-09-18T15:59:56Z</time></trkpt>
      <trkpt lat="48.799026" lon="2.036368"><ele>207.1</ele><time>2025-09-18T15:59:57Z</time></trkpt>
      <trkpt lat="48.799057" lon="2.036363"><ele>207.6</ele><time>2025-09-18T15:59:58Z</time></trkpt>
      <trkpt lat="48.799082" lon="2.036388"><ele>208.4</ele><time>2025-09-18T15:59:59Z</time></trkpt>
      <trkpt lat="48.799094" lon="2.036399"><ele>209.2</ele><time>2025-09-18T16:00:00Z</time></trkpt>
      <trkpt lat="48.799059" lon="2.036411"><ele>209.5</ele><time>2025-09-18T16:00:01Z</time></trkpt>
      <trkpt lat="48.799011" lon="2.036426"><ele>209.7</ele><time>2025-09-18T16:00:02Z</time></trkpt>
      <trkpt lat="48.799011" lon="2.036426"><ele>209.7</ele><time>2025-09-18T16:00:03Z</time></trkpt>
      <trkpt lat="48.799005" lon="2.036418"><ele>210.0</ele><time>2025-09-18T16:00:04Z</time></trkpt>
      <trkpt lat="48.798976" lon="2.036449"><ele>210.2</ele><time>2025-09-18T16:00:05Z</time></trkpt>
      <trkpt lat="48.798988" lon="2.036441"><ele>210.0</ele><time>2025-09-18T16:00:06Z</time></trkpt>
      <trkpt lat="48.799093" lon="2.036333"><ele>209.5</ele><time>2025-09-18T16:00:07Z</time></trkpt>
      <trkpt lat="48.799183" lon="2.036298"><ele>209.1</ele><time>2025-09-18T16:00:08Z</time></trkpt>
      <trkpt lat="48.799288" lon="2.036263"><ele>208.6</ele><time>2025-09-18T16:00:09Z</time></trkpt>
      <trkpt lat="48.799343" lon="2.036246"><ele>208.2</ele><time>2025-09-18T16:00:10Z</time></trkpt>
      <trkpt lat="48.799365" lon="2.036245"><ele>207.9</ele><time>2025-09-18T16:00:11Z</time></trkpt>
      <trkpt lat="48.799403" lon="2.036235"><ele>206.3</ele><time>2025-09-18T16:00:12Z</time></trkpt>
      <trkpt lat="48.799352" lon="2.036247"><ele>206.4</ele><time>2025-09-18T16:00:13Z</time></trkpt>
      <trkpt lat="48.799244" lon="2.036343"><ele>208.3</ele><time>2025-09-18T16:00:14Z</time></trkpt>
      <trkpt lat="48.799187" lon="2.036405"><ele>209.3</ele><time>2025-09-18T16:00:15Z</time></trkpt>
      <trkpt lat="48.799166" lon="2.036440"><ele>209.7</ele><time>2025-09-18T16:00:16Z</time></trkpt>
      <trkpt lat="48.799160" lon="2.036472"><ele>209.9</ele><time>2025-09-18T16:00:17Z</time></trkpt>
      <trkpt lat="48.799149" lon="2.036487"><ele>210.1</ele><time>2025-09-18T16:00:18Z</time></trkpt>
      <trkpt lat="48.799092" lon="2.036531"><ele>209.0</ele><time>2025-09-18T16:00:19Z</time></trkpt>
      <trkpt lat="48.799062" lon="2.036565"><ele>208.1</ele><time>2025-09-18T16:00:20Z</time></trkpt>
      <trkpt lat="48.799042" lon="2.036592"><ele>207.4</ele><time>2025-09-18T16:00:21Z</time></trkpt>
      <trkpt lat="48.798946" lon="2.036660"><ele>205.4</ele><time>2025-09-18T16:00:25Z</time></trkpt>
      <trkpt lat="48.798926" lon="2.036894"><ele>196.6</ele><time>2025-09-18T16:00:36Z</time></trkpt>
      <trkpt lat="48.798931" lon="2.036918"><ele>195.6</ele><time>2025-09-18T16:00:37Z</time></trkpt>
      <trkpt lat="48.798917" lon="2.036926"><ele>194.5</ele><time>2025-09-18T16:00:38Z</time></trkpt>
      <trkpt lat="48.798918" lon="2.036940"><ele>193.5</ele><time>2025-09-18T16:00:39Z</time></trkpt>
      <trkpt lat="48.798912" lon="2.036945"><ele>192.4</ele><time>2025-09-18T16:00:40Z</time></trkpt>
      <trkpt lat="48.798904" lon="2.036953"><ele>191.4</ele><time>2025-09-18T16:00:41Z</time></trkpt>
      <trkpt lat="48.798899" lon="2.036964"><ele>190.3</ele><time>2025-09-18T16:00:42Z</time></trkpt>
      <trkpt lat="48.798885" lon="2.036969"><ele>188.6</ele><time>2025-09-18T16:00:44Z</time></trkpt>
      <trkpt lat="48.798879" lon="2.036978"><ele>187.8</ele><time>2025-09-18T16:00:45Z</time></trkpt>
      <trkpt lat="48.798858" lon="2.036980"><ele>187.4</ele><time>2025-09-18T16:00:46Z</time></trkpt>
      <trkpt lat="48.798860" lon="2.036995"><ele>194.4</ele><time>2025-09-18T16:00:47Z</time></trkpt>
      <trkpt lat="48.798860" lon="2.036995"><ele>194.4</ele><time>2025-09-18T16:00:48Z</time></trkpt>
      <trkpt lat="48.798817" lon="2.037087"><ele>194.8</ele><time>2025-09-18T16:00:50Z</time></trkpt>
      <trkpt lat="48.798859" lon="2.037092"><ele>194.9</ele><time>2025-09-18T16:00:51Z</time></trkpt>
      <trkpt lat="48.798898" lon="2.037107"><ele>194.5</ele><time>2025-09-18T16:00:52Z</time></trkpt>
      <trkpt lat="48.798910" lon="2.037103"><ele>194.1</ele><time>2025-09-18T16:00:53Z</time></trkpt>
      <trkpt lat="48.798906" lon="2.037104"><ele>193.8</ele><time>2025-09-18T16:00:54Z</time></trkpt>
      <trkpt lat="48.798956" lon="2.037084"><ele>193.3</ele><time>2025-09-18T16:00:55Z</time></trkpt>
      <trkpt lat="48.798989" lon="2.037047"><ele>192.8</ele><time>2025-09-18T16:00:56Z</time></trkpt>
      <trkpt lat="48.799020" lon="2.037042"><ele>192.4</ele><time>2025-09-18T16:00:57Z</time></trkpt>
      <trkpt lat="48.799020" lon="2.037042"><ele>192.4</ele><time>2025-09-18T16:00:58Z</time></trkpt>
      <trkpt lat="48.799064" lon="2.037044"><ele>191.8</ele><time>2025-09-18T16:00:59Z</time></trkpt>
      <trkpt lat="48.799086" lon="2.037050"><ele>191.5</ele><time>2025-09-18T16:01:00Z</time></trkpt>
      <trkpt lat="48.799110" lon="2.037043"><ele>191.4</ele><time>2025-09-18T16:01:01Z</time></trkpt>
      <trkpt lat="48.799131" lon="2.037034"><ele>191.2</ele><time>2025-09-18T16:01:02Z</time></trkpt>
      <trkpt lat="48.799162" lon="2.037013"><ele>190.9</ele><time>2025-09-18T16:01:03Z</time></trkpt>
      <trkpt lat="48.798847" lon="2.036917"><ele>188.1</ele><time>2025-09-18T16:01:05Z</time></trkpt>
      <trkpt lat="48.798754" lon="2.036878"><ele>187.2</ele><time>2025-09-18T16:01:06Z</time></trkpt>
      <trkpt lat="48.798737" lon="2.036855"><ele>187.2</ele><time>2025-09-18T16:01:07Z</time></trkpt>
      <trkpt lat="48.798681" lon="2.036850"><ele>186.4</ele><time>2025-09-18T16:01:08Z</time></trkpt>
      <trkpt lat="48.798630" lon="2.036831"><ele>185.6</ele><time>2025-09-18T16:01:09Z</time></trkpt>
      <trkpt lat="48.798632" lon="2.036837"><ele>185.6</ele><time>2025-09-18T16:01:10Z</time></trkpt>
      <trkpt lat="48.798655" lon="2.036835"><ele>185.5</ele><time>2025-09-18T16:01:11Z</time></trkpt>
      <trkpt lat="48.798678" lon="2.036830"><ele>185.4</ele><time>2025-09-18T16:01:12Z</time></trkpt>
      <trkpt lat="48.798679" lon="2.036837"><ele>185.5</ele><time>2025-09-18T16:01:13Z</time></trkpt>
      <trkpt lat="48.798683" lon="2.036835"><ele>185.8</ele><time>2025-09-18T16:01:15Z</time></trkpt>
      <trkpt lat="48.798769" lon="2.036948"><ele>180.3</ele><time>2025-09-18T16:01:30Z</time></trkpt>
      <trkpt lat="48.798730" lon="2.036952"><ele>179.2</ele><time>2025-09-18T16:01:35Z</time></trkpt>
      <trkpt lat="48.798719" lon="2.036948"><ele>178.8</ele><time>2025-09-18T16:01:36Z</time></trkpt>
      <trkpt lat="48.798713" lon="2.036945"><ele>178.6</ele><time>2025-09-18T16:01:37Z</time></trkpt>
      <trkpt lat="48.798707" lon="2.036945"><ele>178.3</ele><time>2025-09-18T16:01:38Z</time></trkpt>
      <trkpt lat="48.798680" lon="2.036953"><ele>178.0</ele><time>2025-09-18T16:01:39Z</time></trkpt>
      <trkpt lat="48.798675" lon="2.036956"><ele>177.9</ele><time>2025-09-18T16:01:40Z</time></trkpt>
      <trkpt lat="48.798640" lon="2.036949"><ele>177.6</ele><time>2025-09-18T16:01:41Z</time></trkpt>
      <trkpt lat="48.798637" lon="2.036950"><ele>177.2</ele><time>2025-09-18T16:01:42Z</time></trkpt>
      <trkpt lat="48.798632" lon="2.036945"><ele>177.0</ele><time>2025-09-18T16:01:43Z</time></trkpt>
      <trkpt lat="48.798683" lon="2.036943"><ele>177.4</ele><time>2025-09-18T16:01:44Z</time></trkpt>
      <trkpt lat="48.798704" lon="2.036954"><ele>177.4</ele><time>2025-09-18T16:01:45Z</time></trkpt>
      <trkpt lat="48.798742" lon="2.036946"><ele>176.6</ele><time>2025-09-18T16:01:46Z</time></trkpt>
      <trkpt lat="48.798739" lon="2.036942"><ele>176.3</ele><time>2025-09-18T16:01:47Z</time></trkpt>
      <trkpt lat="48.798742" lon="2.036942"><ele>176.1</ele><time>2025-09-18T16:01:48Z</time></trkpt>
      <trkpt lat="48.798901" lon="2.036886"><ele>183.1</ele><time>2025-09-18T16:01:55Z</time></trkpt>
      <trkpt lat="48.798898" lon="2.036887"><ele>183.0</ele><time>2025-09-18T16:01:56Z</time></trkpt>
      <trkpt lat="48.798899" lon="2.036883"><ele>183.0</ele><time>2025-09-18T16:01:57Z</time></trkpt>
      <trkpt lat="48.798905" lon="2.036896"><ele>183.1</ele><time>2025-09-18T16:01:58Z</time></trkpt>
      <trkpt lat="48.798896" lon="2.036911"><ele>183.2</ele><time>2025-09-18T16:01:59Z</time></trkpt>
      <trkpt lat="48.798897" lon="2.036930"><ele>183.8</ele><time>2025-09-18T16:02:00Z</time></trkpt>
      <trkpt lat="48.798862" lon="2.036942"><ele>184.1</ele><time>2025-09-18T16:02:02Z</time></trkpt>
      <trkpt lat="48.798857" lon="2.036949"><ele>184.2</ele><time>2025-09-18T16:02:03Z</time></trkpt>
      <trkpt lat="48.798853" lon="2.036954"><ele>184.3</ele><time>2025-09-18T16:02:04Z</time></trkpt>
      <trkpt lat="48.798870" lon="2.036939"><ele>185.1</ele><time>2025-09-18T16:02:08Z</time></trkpt>
      <trkpt lat="48.798852" lon="2.036946"><ele>185.5</ele><time>2025-09-18T16:02:10Z</time></trkpt>
      <trkpt lat="48.798849" lon="2.036949"><ele>185.8</ele><time>2025-09-18T16:02:12Z</time></trkpt>
      <trkpt lat="48.798844" lon="2.036947"><ele>186.1</ele><time>2025-09-18T16:02:13Z</time></trkpt>
      <trkpt lat="48.798845" lon="2.036952"><ele>186.2</ele><time>2025-09-18T16:02:14Z</time></trkpt>
      <trkpt lat="48.798840" lon="2.036959"><ele>186.6</ele><time>2025-09-18T16:02:15Z</time></trkpt>
      <trkpt lat="48.798830" lon="2.036963"><ele>186.8</ele><time>2025-09-18T16:02:16Z</time></trkpt>
      <trkpt lat="48.798826" lon="2.036966"><ele>187.1</ele><time>2025-09-18T16:02:17Z</time></trkpt>
      <trkpt lat="48.798826" lon="2.036971"><ele>187.2</ele><time>2025-09-18T16:02:18Z</time></trkpt>
      <trkpt lat="48.798821" lon="2.036978"><ele>187.8</ele><time>2025-09-18T16:02:19Z</time></trkpt>
      <trkpt lat="48.798833" lon="2.037011"><ele>188.1</ele><time>2025-09-18T16:02:25Z</time></trkpt>
      <trkpt lat="48.798842" lon="2.037009"><ele>187.9</ele><time>2025-09-18T16:02:26Z</time></trkpt>
      <trkpt lat="48.798845" lon="2.037129"><ele>189.4</ele><time>2025-09-18T16:02:35Z</time></trkpt>
      <trkpt lat="48.798829" lon="2.037153"><ele>187.1</ele><time>2025-09-18T16:02:37Z</time></trkpt>
      <trkpt lat="48.798813" lon="2.037162"><ele>185.9</ele><time>2025-09-18T16:02:38Z</time></trkpt>
      <trkpt lat="48.798834" lon="2.037214"><ele>170.8</ele><time>2025-09-18T16:03:00Z</time></trkpt>
      <trkpt lat="48.798953" lon="2.037279"><ele>173.4</ele><time>2025-09-18T16:03:19Z</time></trkpt>
      <trkpt lat="48.798966" lon="2.037263"><ele>170.5</ele><time>2025-09-18T16:03:26Z</time></trkpt>
      <trkpt lat="48.798971" lon="2.037260"><ele>170.6</ele><time>2025-09-18T16:03:27Z</time></trkpt>
      <trkpt lat="48.798982" lon="2.037254"><ele>170.4</ele><time>2025-09-18T16:03:29Z</time></trkpt>
      <trkpt lat="48.798946" lon="2.037391"><ele>175.2</ele><time>2025-09-18T16:03:51Z</time></trkpt>
      <trkpt lat="48.798940" lon="2.037402"><ele>176.0</ele><time>2025-09-18T16:03:52Z</time></trkpt>
      <trkpt lat="48.798923" lon="2.037410"><ele>177.0</ele><time>2025-09-18T16:03:53Z</time></trkpt>
      <trkpt lat="48.798895" lon="2.037417"><ele>178.2</ele><time>2025-09-18T16:03:54Z</time></trkpt>
      <trkpt lat="48.798895" lon="2.037418"><ele>179.1</ele><time>2025-09-18T16:03:55Z</time></trkpt>
      <trkpt lat="48.798880" lon="2.037400"><ele>179.2</ele><time>2025-09-18T16:03:56Z</time></trkpt>
      <trkpt lat="48.798868" lon="2.037390"><ele>180.0</ele><time>2025-09-18T16:03:57Z</time></trkpt>
      <trkpt lat="48.798851" lon="2.037392"><ele>180.2</ele><time>2025-09-18T16:03:58Z</time></trkpt>
      <trkpt lat="48.798843" lon="2.037400"><ele>180.5</ele><time>2025-09-18T16:03:59Z</time></trkpt>
      <trkpt lat="48.798835" lon="2.037408"><ele>180.9</ele><time>2025-09-18T16:04:00Z</time></trkpt>
      <trkpt lat="48.798836" lon="2.037407"><ele>181.1</ele><time>2025-09-18T16:04:01Z</time></trkpt>
      <trkpt lat="48.798842" lon="2.037428"><ele>182.2</ele><time>2025-09-18T16:04:03Z</time></trkpt>
      <trkpt lat="48.798879" lon="2.037481"><ele>185.1</ele><time>2025-09-18T16:04:08Z</time></trkpt>
      <trkpt lat="48.798898" lon="2.037492"><ele>184.9</ele><time>2025-09-18T16:04:09Z</time></trkpt>
      <trkpt lat="48.798966" lon="2.037600"><ele>190.1</ele><time>2025-09-18T16:04:20Z</time></trkpt>
      <trkpt lat="48.799034" lon="2.037751"><ele>189.9</ele><time>2025-09-18T16:04:31Z</time></trkpt>
      <trkpt lat="48.799027" lon="2.037766"><ele>190.0</ele><time>2025-09-18T16:04:32Z</time></trkpt>
      <trkpt lat="48.798975" lon="2.037901"><ele>193.9</ele><time>2025-09-18T16:04:45Z</time></trkpt>
      <trkpt lat="48.798950" lon="2.037910"><ele>193.7</ele><time>2025-09-18T16:04:46Z</time></trkpt>
      <trkpt lat="48.798928" lon="2.037924"><ele>193.6</ele><time>2025-09-18T16:04:47Z</time></trkpt>
      <trkpt lat="48.798912" lon="2.037965"><ele>193.1</ele><time>2025-09-18T16:04:48Z</time></trkpt>
      <trkpt lat="48.798896" lon="2.037980"><ele>192.7</ele><time>2025-09-18T16:04:49Z</time></trkpt>
      <trkpt lat="48.798878" lon="2.037984"><ele>192.4</ele><time>2025-09-18T16:04:50Z</time></trkpt>
      <trkpt lat="48.798856" lon="2.037991"><ele>191.9</ele><time>2025-09-18T16:04:51Z</time></trkpt>
      <trkpt lat="48.798831" lon="2.037998"><ele>191.8</ele><time>2025-09-18T16:04:52Z</time></trkpt>
      <trkpt lat="48.798820" lon="2.038014"><ele>191.3</ele><time>2025-09-18T16:04:53Z</time></trkpt>
      <trkpt lat="48.798827" lon="2.038034"><ele>191.2</ele><time>2025-09-18T16:04:54Z</time></trkpt>
      <trkpt lat="48.798830" lon="2.038066"><ele>190.3</ele><time>2025-09-18T16:04:55Z</time></trkpt>
      <trkpt lat="48.798879" lon="2.038128"><ele>187.1</ele><time>2025-09-18T16:05:01Z</time></trkpt>
      <trkpt lat="48.798887" lon="2.038124"><ele>186.6</ele><time>2025-09-18T16:05:02Z</time></trkpt>
      <trkpt lat="48.798902" lon="2.038133"><ele>186.0</ele><time>2025-09-18T16:05:03Z</time></trkpt>
      <trkpt lat="48.798902" lon="2.038141"><ele>184.8</ele><time>2025-09-18T16:05:04Z</time></trkpt>
      <trkpt lat="48.798856" lon="2.038254"><ele>181.7</ele><time>2025-09-18T16:05:15Z</time></trkpt>
      <trkpt lat="48.798924" lon="2.038255"><ele>182.8</ele><time>2025-09-18T16:05:16Z</time></trkpt>
      <trkpt lat="48.798987" lon="2.038263"><ele>183.4</ele><time>2025-09-18T16:05:17Z</time></trkpt>
      <trkpt lat="48.799053" lon="2.038267"><ele>184.2</ele><time>2025-09-18T16:05:18Z</time></trkpt>
      <trkpt lat="48.799115" lon="2.038269"><ele>184.6</ele><time>2025-09-18T16:05:19Z</time></trkpt>
      <trkpt lat="48.799171" lon="2.038268"><ele>184.9</ele><time>2025-09-18T16:05:20Z</time></trkpt>
      <trkpt lat="48.799234" lon="2.038272"><ele>185.4</ele><time>2025-09-18T16:05:21Z</time></trkpt>
      <trkpt lat="48.799255" lon="2.038273"><ele>190.0</ele><time>2025-09-18T16:05:22Z</time></trkpt>
      <trkpt lat="48.799292" lon="2.038279"><ele>195.0</ele><time>2025-09-18T16:05:23Z</time></trkpt>
      <trkpt lat="48.799345" lon="2.038288"><ele>200.2</ele><time>2025-09-18T16:05:24Z</time></trkpt>
      <trkpt lat="48.799365" lon="2.038292"><ele>201.0</ele><time>2025-09-18T16:05:25Z</time></trkpt>
      <trkpt lat="48.799395" lon="2.038303"><ele>201.8</ele><time>2025-09-18T16:05:26Z</time></trkpt>
      <trkpt lat="48.799432" lon="2.038324"><ele>202.8</ele><time>2025-09-18T16:05:27Z</time></trkpt>
      <trkpt lat="48.799451" lon="2.038337"><ele>203.6</ele><time>2025-09-18T16:05:28Z</time></trkpt>
      <trkpt lat="48.799475" lon="2.038336"><ele>201.7</ele><time>2025-09-18T16:05:29Z</time></trkpt>
      <trkpt lat="48.799416" lon="2.038327"><ele>202.5</ele><time>2025-09-18T16:05:30Z</time></trkpt>
      <trkpt lat="48.799337" lon="2.038337"><ele>201.8</ele><time>2025-09-18T16:05:31Z</time></trkpt>
      <trkpt lat="48.799279" lon="2.038353"><ele>201.5</ele><time>2025-09-18T16:05:32Z</time></trkpt>
      <trkpt lat="48.799268" lon="2.038345"><ele>202.6</ele><time>2025-09-18T16:05:33Z</time></trkpt>
      <trkpt lat="48.799254" lon="2.038331"><ele>198.5</ele><time>2025-09-18T16:05:34Z</time></trkpt>
      <trkpt lat="48.799254" lon="2.038331"><ele>198.5</ele><time>2025-09-18T16:05:35Z</time></trkpt>
      <trkpt lat="48.799165" lon="2.038334"><ele>198.7</ele><time>2025-09-18T16:05:36Z</time></trkpt>
      <trkpt lat="48.799136" lon="2.038315"><ele>198.5</ele><time>2025-09-18T16:05:37Z</time></trkpt>
      <trkpt lat="48.799102" lon="2.038328"><ele>198.2</ele><time>2025-09-18T16:05:38Z</time></trkpt>
      <trkpt lat="48.799109" lon="2.038368"><ele>198.7</ele><time>2025-09-18T16:05:40Z</time></trkpt>
      <trkpt lat="48.799103" lon="2.038398"><ele>198.4</ele><time>2025-09-18T16:05:41Z</time></trkpt>
      <trkpt lat="48.799110" lon="2.038380"><ele>199.1</ele><time>2025-09-18T16:05:45Z</time></trkpt>
      <trkpt lat="48.799104" lon="2.038400"><ele>198.8</ele><time>2025-09-18T16:05:46Z</time></trkpt>
      <trkpt lat="48.799113" lon="2.038405"><ele>198.5</ele><time>2025-09-18T16:05:47Z</time></trkpt>
      <trkpt lat="48.799103" lon="2.038393"><ele>197.9</ele><time>2025-09-18T16:05:48Z</time></trkpt>
      <trkpt lat="48.799093" lon="2.038397"><ele>197.0</ele><time>2025-09-18T16:05:49Z</time></trkpt>
      <trkpt lat="48.799082" lon="2.038405"><ele>196.1</ele><time>2025-09-18T16:05:50Z</time></trkpt>
      <trkpt lat="48.799066" lon="2.038415"><ele>195.5</ele><time>2025-09-18T16:05:51Z</time></trkpt>
      <trkpt lat="48.799052" lon="2.038411"><ele>194.9</ele><time>2025-09-18T16:05:52Z</time></trkpt>
      <trkpt lat="48.799055" lon="2.038411"><ele>194.3</ele><time>2025-09-18T16:05:53Z</time></trkpt>
      <trkpt lat="48.799083" lon="2.038424"><ele>192.7</ele><time>2025-09-18T16:05:57Z</time></trkpt>
      <trkpt lat="48.799140" lon="2.038340"><ele>190.9</ele><time>2025-09-18T16:06:06Z</time></trkpt>
      <trkpt lat="48.799105" lon="2.037965"><ele>196.9</ele><time>2025-09-18T16:06:29Z</time></trkpt>
      <trkpt lat="48.799066" lon="2.037888"><ele>195.7</ele><time>2025-09-18T16:06:42Z</time></trkpt>
      <trkpt lat="48.799047" lon="2.037780"><ele>193.9</ele><time>2025-09-18T16:06:47Z</time></trkpt>
      <trkpt lat="48.799089" lon="2.037557"><ele>200.5</ele><time>2025-09-18T16:06:59Z</time></trkpt>
      <trkpt lat="48.799158" lon="2.037413"><ele>200.2</ele><time>2025-09-18T16:07:11Z</time></trkpt>
      <trkpt lat="48.799166" lon="2.037392"><ele>199.6</ele><time>2025-09-18T16:07:12Z</time></trkpt>
      <trkpt lat="48.799176" lon="2.037382"><ele>198.9</ele><time>2025-09-18T16:07:13Z</time></trkpt>
      <trkpt lat="48.799171" lon="2.037362"><ele>197.1</ele><time>2025-09-18T16:07:14Z</time></trkpt>
      <trkpt lat="48.799171" lon="2.037351"><ele>195.5</ele><time>2025-09-18T16:07:15Z</time></trkpt>
      <trkpt lat="48.799173" lon="2.037328"><ele>193.7</ele><time>2025-09-18T16:07:16Z</time></trkpt>
      <trkpt lat="48.799168" lon="2.037304"><ele>192.3</ele><time>2025-09-18T16:07:17Z</time></trkpt>
      <trkpt lat="48.799158" lon="2.037270"><ele>190.4</ele><time>2025-09-18T16:07:18Z</time></trkpt>
      <trkpt lat="48.799167" lon="2.037252"><ele>189.7</ele><time>2025-09-18T16:07:19Z</time></trkpt>
      <trkpt lat="48.799179" lon="2.037231"><ele>188.9</ele><time>2025-09-18T16:07:20Z</time></trkpt>
      <trkpt lat="48.799183" lon="2.037210"><ele>188.1</ele><time>2025-09-18T16:07:21Z</time></trkpt>
      <trkpt lat="48.799192" lon="2.037200"><ele>187.3</ele><time>2025-09-18T16:07:22Z</time></trkpt>
      <trkpt lat="48.799160" lon="2.037169"><ele>181.2</ele><time>2025-09-18T16:07:29Z</time></trkpt>
      <trkpt lat="48.799152" lon="2.037173"><ele>180.7</ele><time>2025-09-18T16:07:31Z</time></trkpt>
      <trkpt lat="48.799145" lon="2.037177"><ele>180.7</ele><time>2025-09-18T16:07:32Z</time></trkpt>
      <trkpt lat="48.799134" lon="2.037177"><ele>180.7</ele><time>2025-09-18T16:07:33Z</time></trkpt>
      <trkpt lat="48.799137" lon="2.037182"><ele>180.6</ele><time>2025-09-18T16:07:34Z</time></trkpt>
      <trkpt lat="48.799133" lon="2.037182"><ele>180.4</ele><time>2025-09-18T16:07:35Z</time></trkpt>
      <trkpt lat="48.799178" lon="2.037114"><ele>184.6</ele><time>2025-09-18T16:07:55Z</time></trkpt>
      <trkpt lat="48.799166" lon="2.037114"><ele>184.6</ele><time>2025-09-18T16:07:56Z</time></trkpt>
      <trkpt lat="48.799158" lon="2.037118"><ele>187.6</ele><time>2025-09-18T16:07:57Z</time></trkpt>
      <trkpt lat="48.799158" lon="2.037118"><ele>187.6</ele><time>2025-09-18T16:07:58Z</time></trkpt>
      <trkpt lat="48.799211" lon="2.036691"><ele>179.8</ele><time>2025-09-18T16:08:14Z</time></trkpt>
      <trkpt lat="48.799399" lon="2.036568"><ele>176.0</ele><time>2025-09-18T16:08:15Z</time></trkpt>
      <trkpt lat="48.799367" lon="2.036556"><ele>175.2</ele><time>2025-09-18T16:08:16Z</time></trkpt>
      <trkpt lat="48.799338" lon="2.036539"><ele>174.2</ele><time>2025-09-18T16:08:17Z</time></trkpt>
      <trkpt lat="48.799308" lon="2.036522"><ele>173.4</ele><time>2025-09-18T16:08:18Z</time></trkpt>
      <trkpt lat="48.799271" lon="2.036512"><ele>171.9</ele><time>2025-09-18T16:08:19Z</time></trkpt>
      <trkpt lat="48.799239" lon="2.036516"><ele>170.5</ele><time>2025-09-18T16:08:20Z</time></trkpt>
      <trkpt lat="48.799225" lon="2.036508"><ele>169.2</ele><time>2025-09-18T16:08:21Z</time></trkpt>
      <trkpt lat="48.799217" lon="2.036506"><ele>167.5</ele><time>2025-09-18T16:08:22Z</time></trkpt>
      <trkpt lat="48.799205" lon="2.036495"><ele>165.8</ele><time>2025-09-18T16:08:23Z</time></trkpt>
      <trkpt lat="48.799233" lon="2.036489"><ele>169.8</ele><time>2025-09-18T16:08:24Z</time></trkpt>
      <trkpt lat="48.799222" lon="2.036512"><ele>167.4</ele><time>2025-09-18T16:08:25Z</time></trkpt>
      <trkpt lat="48.799216" lon="2.036557"><ele>176.1</ele><time>2025-09-18T16:08:26Z</time></trkpt>
      <trkpt lat="48.799201" lon="2.036567"><ele>175.6</ele><time>2025-09-18T16:08:27Z</time></trkpt>
      <trkpt lat="48.799178" lon="2.036607"><ele>175.0</ele><time>2025-09-18T16:08:28Z</time></trkpt>
      <trkpt lat="48.799180" lon="2.036601"><ele>174.3</ele><time>2025-09-18T16:08:29Z</time></trkpt>
      <trkpt lat="48.799152" lon="2.036615"><ele>173.3</ele><time>2025-09-18T16:08:30Z</time></trkpt>
      <trkpt lat="48.799153" lon="2.036648"><ele>170.2</ele><time>2025-09-18T16:08:31Z</time></trkpt>
      <trkpt lat="48.799165" lon="2.036674"><ele>167.8</ele><time>2025-09-18T16:08:32Z</time></trkpt>
      <trkpt lat="48.799255" lon="2.036668"><ele>165.9</ele><time>2025-09-18T16:08:36Z</time></trkpt>
      <trkpt lat="48.799286" lon="2.036640"><ele>165.6</ele><time>2025-09-18T16:08:37Z</time></trkpt>
      <trkpt lat="48.799270" lon="2.036607"><ele>163.6</ele><time>2025-09-18T16:08:38Z</time></trkpt>
      <trkpt lat="48.799276" lon="2.036572"><ele>163.1</ele><time>2025-09-18T16:08:39Z</time></trkpt>
      <trkpt lat="48.799302" lon="2.036566"><ele>162.7</ele><time>2025-09-18T16:08:40Z</time></trkpt>
      <trkpt lat="48.799320" lon="2.036551"><ele>162.2</ele><time>2025-09-18T16:08:41Z</time></trkpt>
      <trkpt lat="48.799330" lon="2.036548"><ele>160.7</ele><time>2025-09-18T16:08:42Z</time></trkpt>
      <trkpt lat="48.799335" lon="2.036576"><ele>158.9</ele><time>2025-09-18T16:08:43Z</time></trkpt>
      <trkpt lat="48.799335" lon="2.036603"><ele>157.4</ele><time>2025-09-18T16:08:44Z</time></trkpt>
      <trkpt lat="48.799328" lon="2.036630"><ele>155.8</ele><time>2025-09-18T16:08:45Z</time></trkpt>
      <trkpt lat="48.799343" lon="2.036623"><ele>156.4</ele><time>2025-09-18T16:08:46Z</time></trkpt>
      <trkpt lat="48.799357" lon="2.036634"><ele>156.9</ele><time>2025-09-18T16:08:47Z</time></trkpt>
      <trkpt lat="48.799365" lon="2.036651"><ele>156.9</ele><time>2025-09-18T16:08:48Z</time></trkpt>
      <trkpt lat="48.799377" lon="2.036662"><ele>157.0</ele><time>2025-09-18T16:08:49Z</time></trkpt>
      <trkpt lat="48.799337" lon="2.036688"><ele>157.7</ele><time>2025-09-18T16:08:50Z</time></trkpt>
      <trkpt lat="48.799326" lon="2.036707"><ele>157.9</ele><time>2025-09-18T16:08:51Z</time></trkpt>
      <trkpt lat="48.799326" lon="2.036698"><ele>157.9</ele><time>2025-09-18T16:08:52Z</time></trkpt>
      <trkpt lat="48.799302" lon="2.036701"><ele>161.7</ele><time>2025-09-18T16:08:53Z</time></trkpt>
      <trkpt lat="48.799273" lon="2.036726"><ele>163.2</ele><time>2025-09-18T16:08:54Z</time></trkpt>
      <trkpt lat="48.799266" lon="2.036718"><ele>162.4</ele><time>2025-09-18T16:08:55Z</time></trkpt>
      <trkpt lat="48.799270" lon="2.036722"><ele>162.2</ele><time>2025-09-18T16:08:56Z</time></trkpt>
      <trkpt lat="48.799310" lon="2.036742"><ele>162.5</ele><time>2025-09-18T16:08:58Z</time></trkpt>
      <trkpt lat="48.799467" lon="2.036725"><ele>153.0</ele><time>2025-09-18T16:09:06Z</time></trkpt>
      <trkpt lat="48.799552" lon="2.036697"><ele>152.8</ele><time>2025-09-18T16:09:07Z</time></trkpt>
      <trkpt lat="48.799616" lon="2.036690"><ele>152.3</ele><time>2025-09-18T16:09:08Z</time></trkpt>
      <trkpt lat="48.799657" lon="2.036685"><ele>152.1</ele><time>2025-09-18T16:09:09Z</time></trkpt>
      <trkpt lat="48.799679" lon="2.036674"><ele>151.3</ele><time>2025-09-18T16:09:10Z</time></trkpt>
      <trkpt lat="48.799712" lon="2.036667"><ele>150.5</ele><time>2025-09-18T16:09:11Z</time></trkpt>
      <trkpt lat="48.799765" lon="2.036669"><ele>150.1</ele><time>2025-09-18T16:09:13Z</time></trkpt>
      <trkpt lat="48.799757" lon="2.036675"><ele>149.7</ele><time>2025-09-18T16:09:14Z</time></trkpt>
      <trkpt lat="48.799743" lon="2.036689"><ele>149.1</ele><time>2025-09-18T16:09:15Z</time></trkpt>
      <trkpt lat="48.799746" lon="2.036699"><ele>148.5</ele><time>2025-09-18T16:09:16Z</time></trkpt>
      <trkpt lat="48.799752" lon="2.036721"><ele>147.6</ele><time>2025-09-18T16:09:18Z</time></trkpt>
      <trkpt lat="48.799759" lon="2.036746"><ele>147.2</ele><time>2025-09-18T16:09:19Z</time></trkpt>
      <trkpt lat="48.799755" lon="2.036763"><ele>146.9</ele><time>2025-09-18T16:09:20Z</time></trkpt>
      <trkpt lat="48.799754" lon="2.036783"><ele>146.6</ele><time>2025-09-18T16:09:21Z</time></trkpt>
      <trkpt lat="48.799824" lon="2.036761"><ele>146.5</ele><time>2025-09-18T16:09:22Z</time></trkpt>
      <trkpt lat="48.799909" lon="2.036741"><ele>145.8</ele><time>2025-09-18T16:09:23Z</time></trkpt>
      <trkpt lat="48.800027" lon="2.036733"><ele>145.0</ele><time>2025-09-18T16:09:24Z</time></trkpt>
      <trkpt lat="48.800207" lon="2.036724"><ele>144.2</ele><time>2025-09-18T16:09:25Z</time></trkpt>
      <trkpt lat="48.800346" lon="2.036704"><ele>143.5</ele><time>2025-09-18T16:09:26Z</time></trkpt>
      <trkpt lat="48.800461" lon="2.036675"><ele>142.8</ele><time>2025-09-18T16:09:27Z</time></trkpt>
      <trkpt lat="48.800445" lon="2.036659"><ele>142.4</ele><time>2025-09-18T16:09:28Z</time></trkpt>
      <trkpt lat="48.800425" lon="2.036645"><ele>142.0</ele><time>2025-09-18T16:09:29Z</time></trkpt>
      <trkpt lat="48.800425" lon="2.036645"><ele>142.0</ele><time>2025-09-18T16:09:30Z</time></trkpt>
      <trkpt lat="48.800592" lon="2.036633"><ele>141.8</ele><time>2025-09-18T16:09:33Z</time></trkpt>
      <trkpt lat="48.800592" lon="2.036633"><ele>141.8</ele><time>2025-09-18T16:09:34Z</time></trkpt>
      <trkpt lat="48.800894" lon="2.036548"><ele>141.6</ele><time>2025-09-18T16:09:38Z</time></trkpt>
      <trkpt lat="48.800392" lon="2.036692"><ele>140.5</ele><time>2025-09-18T16:09:39Z</time></trkpt>
      <trkpt lat="48.800219" lon="2.036699"><ele>139.8</ele><time>2025-09-18T16:09:40Z</time></trkpt>
      <trkpt lat="48.800038" lon="2.036653"><ele>139.3</ele><time>2025-09-18T16:09:41Z</time></trkpt>
      <trkpt lat="48.799871" lon="2.036595"><ele>139.0</ele><time>2025-09-18T16:09:42Z</time></trkpt>
      <trkpt lat="48.799784" lon="2.036592"><ele>139.0</ele><time>2025-09-18T16:09:43Z</time></trkpt>
      <trkpt lat="48.799691" lon="2.036583"><ele>139.3</ele><time>2025-09-18T16:09:44Z</time></trkpt>
      <trkpt lat="48.799685" lon="2.036587"><ele>139.0</ele><time>2025-09-18T16:09:45Z</time></trkpt>
      <trkpt lat="48.799706" lon="2.036591"><ele>138.7</ele><time>2025-09-18T16:09:46Z</time></trkpt>
      <trkpt lat="48.799742" lon="2.036599"><ele>138.1</ele><time>2025-09-18T16:09:47Z</time></trkpt>
      <trkpt lat="48.799794" lon="2.036611"><ele>137.7</ele><time>2025-09-18T16:09:48Z</time></trkpt>
      <trkpt lat="48.799852" lon="2.036563"><ele>137.4</ele><time>2025-09-18T16:09:49Z</time></trkpt>
      <trkpt lat="48.799918" lon="2.036524"><ele>138.9</ele><time>2025-09-18T16:09:50Z</time></trkpt>
      <trkpt lat="48.799948" lon="2.036459"><ele>139.3</ele><time>2025-09-18T16:09:51Z</time></trkpt>
      <trkpt lat="48.799864" lon="2.036564"><ele>139.9</ele><time>2025-09-18T16:09:52Z</time></trkpt>
      <trkpt lat="48.799807" lon="2.036614"><ele>140.1</ele><time>2025-09-18T16:09:53Z</time></trkpt>
      <trkpt lat="48.799753" lon="2.036624"><ele>141.0</ele><time>2025-09-18T16:09:54Z</time></trkpt>
      <trkpt lat="48.799730" lon="2.036670"><ele>142.2</ele><time>2025-09-18T16:09:55Z</time></trkpt>
      <trkpt lat="48.799703" lon="2.036684"><ele>142.7</ele><time>2025-09-18T16:09:56Z</time></trkpt>
      <trkpt lat="48.799700" lon="2.036690"><ele>142.4</ele><time>2025-09-18T16:09:57Z</time></trkpt>
      <trkpt lat="48.799670" lon="2.036702"><ele>144.0</ele><time>2025-09-18T16:09:58Z</time></trkpt>
      <trkpt lat="48.799597" lon="2.036707"><ele>143.6</ele><time>2025-09-18T16:10:00Z</time></trkpt>
      <trkpt lat="48.799568" lon="2.036711"><ele>144.2</ele><time>2025-09-18T16:10:01Z</time></trkpt>
      <trkpt lat="48.799521" lon="2.036717"><ele>145.1</ele><time>2025-09-18T16:10:03Z</time></trkpt>
      <trkpt lat="48.799521" lon="2.036677"><ele>145.7</ele><time>2025-09-18T16:10:04Z</time></trkpt>
      <trkpt lat="48.799523" lon="2.036614"><ele>146.4</ele><time>2025-09-18T16:10:05Z</time></trkpt>
      <trkpt lat="48.799534" lon="2.036567"><ele>147.1</ele><time>2025-09-18T16:10:06Z</time></trkpt>
      <trkpt lat="48.799526" lon="2.036551"><ele>147.4</ele><time>2025-09-18T16:10:07Z</time></trkpt>
      <trkpt lat="48.799518" lon="2.036548"><ele>147.9</ele><time>2025-09-18T16:10:08Z</time></trkpt>
      <trkpt lat="48.799509" lon="2.036560"><ele>148.6</ele><time>2025-09-18T16:10:09Z</time></trkpt>
      <trkpt lat="48.799496" lon="2.036553"><ele>149.0</ele><time>2025-09-18T16:10:10Z</time></trkpt>
      <trkpt lat="48.799489" lon="2.036572"><ele>149.5</ele><time>2025-09-18T16:10:11Z</time></trkpt>
      <trkpt lat="48.799496" lon="2.036578"><ele>150.0</ele><time>2025-09-18T16:10:13Z</time></trkpt>
      <trkpt lat="48.799515" lon="2.036589"><ele>150.3</ele><time>2025-09-18T16:10:14Z</time></trkpt>
      <trkpt lat="48.799509" lon="2.036584"><ele>150.5</ele><time>2025-09-18T16:10:15Z</time></trkpt>
      <trkpt lat="48.799506" lon="2.036600"><ele>150.8</ele><time>2025-09-18T16:10:16Z</time></trkpt>
      <trkpt lat="48.799510" lon="2.036606"><ele>151.2</ele><time>2025-09-18T16:10:17Z</time></trkpt>
      <trkpt lat="48.799421" lon="2.036741"><ele>149.0</ele><time>2025-09-18T16:10:22Z</time></trkpt>
      <trkpt lat="48.799413" lon="2.036764"><ele>148.6</ele><time>2025-09-18T16:10:23Z</time></trkpt>
      <trkpt lat="48.799388" lon="2.036803"><ele>148.9</ele><time>2025-09-18T16:10:24Z</time></trkpt>
      <trkpt lat="48.799355" lon="2.036832"><ele>149.3</ele><time>2025-09-18T16:10:25Z</time></trkpt>
      <trkpt lat="48.799349" lon="2.036869"><ele>149.7</ele><time>2025-09-18T16:10:26Z</time></trkpt>
      <trkpt lat="48.799356" lon="2.036891"><ele>149.3</ele><time>2025-09-18T16:10:27Z</time></trkpt>
      <trkpt lat="48.799362" lon="2.036908"><ele>149.5</ele><time>2025-09-18T16:10:28Z</time></trkpt>
      <trkpt lat="48.799369" lon="2.036910"><ele>149.6</ele><time>2025-09-18T16:10:29Z</time></trkpt>
      <trkpt lat="48.799370" lon="2.036915"><ele>149.7</ele><time>2025-09-18T16:10:30Z</time></trkpt>
      <trkpt lat="48.799373" lon="2.036930"><ele>149.9</ele><time>2025-09-18T16:10:31Z</time></trkpt>
      <trkpt lat="48.799375" lon="2.036986"><ele>152.2</ele><time>2025-09-18T16:10:32Z</time></trkpt>
      <trkpt lat="48.799386" lon="2.037010"><ele>153.8</ele><time>2025-09-18T16:10:33Z</time></trkpt>
      <trkpt lat="48.799383" lon="2.037043"><ele>153.4</ele><time>2025-09-18T16:10:34Z</time></trkpt>
      <trkpt lat="48.799387" lon="2.037073"><ele>152.9</ele><time>2025-09-18T16:10:35Z</time></trkpt>
      <trkpt lat="48.799395" lon="2.037114"><ele>152.2</ele><time>2025-09-18T16:10:36Z</time></trkpt>
      <trkpt lat="48.799399" lon="2.037141"><ele>152.8</ele><time>2025-09-18T16:10:37Z</time></trkpt>
      <trkpt lat="48.799400" lon="2.037138"><ele>153.0</ele><time>2025-09-18T16:10:38Z</time></trkpt>
      <trkpt lat="48.799419" lon="2.037142"><ele>153.1</ele><time>2025-09-18T16:10:39Z</time></trkpt>
      <trkpt lat="48.799439" lon="2.037138"><ele>154.1</ele><time>2025-09-18T16:10:40Z</time></trkpt>
      <trkpt lat="48.799459" lon="2.037143"><ele>155.0</ele><time>2025-09-18T16:10:41Z</time></trkpt>
      <trkpt lat="48.799473" lon="2.037140"><ele>155.9</ele><time>2025-09-18T16:10:42Z</time></trkpt>
      <trkpt lat="48.799494" lon="2.037150"><ele>156.8</ele><time>2025-09-18T16:10:43Z</time></trkpt>
      <trkpt lat="48.799511" lon="2.037147"><ele>157.7</ele><time>2025-09-18T16:10:44Z</time></trkpt>
      <trkpt lat="48.799550" lon="2.037146"><ele>159.0</ele><time>2025-09-18T16:10:45Z</time></trkpt>
      <trkpt lat="48.799550" lon="2.037152"><ele>159.5</ele><time>2025-09-18T16:10:46Z</time></trkpt>
      <trkpt lat="48.799543" lon="2.037149"><ele>160.0</ele><time>2025-09-18T16:10:47Z</time></trkpt>
      <trkpt lat="48.799539" lon="2.037154"><ele>160.4</ele><time>2025-09-18T16:10:48Z</time></trkpt>
      <trkpt lat="48.799541" lon="2.037156"><ele>160.8</ele><time>2025-09-18T16:10:49Z</time></trkpt>
      <trkpt lat="48.799560" lon="2.037142"><ele>161.2</ele><time>2025-09-18T16:10:50Z</time></trkpt>
      <trkpt lat="48.799582" lon="2.037129"><ele>161.5</ele><time>2025-09-18T16:10:51Z</time></trkpt>
      <trkpt lat="48.799586" lon="2.037127"><ele>161.9</ele><time>2025-09-18T16:10:52Z</time></trkpt>
      <trkpt lat="48.799567" lon="2.037110"><ele>163.3</ele><time>2025-09-18T16:10:53Z</time></trkpt>
      <trkpt lat="48.799540" lon="2.037099"><ele>164.8</ele><time>2025-09-18T16:10:54Z</time></trkpt>
      <trkpt lat="48.799544" lon="2.037097"><ele>165.2</ele><time>2025-09-18T16:10:55Z</time></trkpt>
      <trkpt lat="48.799555" lon="2.037101"><ele>165.7</ele><time>2025-09-18T16:10:56Z</time></trkpt>
      <trkpt lat="48.799568" lon="2.037109"><ele>166.2</ele><time>2025-09-18T16:10:57Z</time></trkpt>
      <trkpt lat="48.799568" lon="2.037109"><ele>166.2</ele><time>2025-09-18T16:10:58Z</time></trkpt>
      <trkpt lat="48.799560" lon="2.037100"><ele>167.6</ele><time>2025-09-18T16:11:00Z</time></trkpt>
      <trkpt lat="48.799563" lon="2.037117"><ele>167.7</ele><time>2025-09-18T16:11:01Z</time></trkpt>
      <trkpt lat="48.799563" lon="2.037107"><ele>167.7</ele><time>2025-09-18T16:11:02Z</time></trkpt>
      <trkpt lat="48.799555" lon="2.037105"><ele>167.7</ele><time>2025-09-18T16:11:03Z</time></trkpt>
      <trkpt lat="48.799519" lon="2.037110"><ele>167.8</ele><time>2025-09-18T16:11:04Z</time></trkpt>
      <trkpt lat="48.799496" lon="2.037096"><ele>168.8</ele><time>2025-09-18T16:11:07Z</time></trkpt>
      <trkpt lat="48.799493" lon="2.037089"><ele>169.0</ele><time>2025-09-18T16:11:08Z</time></trkpt>
      <trkpt lat="48.799504" lon="2.037097"><ele>168.8</ele><time>2025-09-18T16:11:09Z</time></trkpt>
      <trkpt lat="48.799497" lon="2.037087"><ele>169.0</ele><time>2025-09-18T16:11:10Z</time></trkpt>
      <trkpt lat="48.799492" lon="2.037088"><ele>169.1</ele><time>2025-09-18T16:11:11Z</time></trkpt>
      <trkpt lat="48.799387" lon="2.037016"><ele>169.1</ele><time>2025-09-18T16:11:22Z</time></trkpt>
      <trkpt lat="48.799380" lon="2.037028"><ele>169.6</ele><time>2025-09-18T16:11:23Z</time></trkpt>
      <trkpt lat="48.799370" lon="2.037025"><ele>169.6</ele><time>2025-09-18T16:11:24Z</time></trkpt>
      <trkpt lat="48.799364" lon="2.037022"><ele>169.7</ele><time>2025-09-18T16:11:25Z</time></trkpt>
      <trkpt lat="48.799361" lon="2.037022"><ele>169.6</ele><time>2025-09-18T16:11:26Z</time></trkpt>
      <trkpt lat="48.799367" lon="2.037046"><ele>167.9</ele><time>2025-09-18T16:11:28Z</time></trkpt>
      <trkpt lat="48.799383" lon="2.037053"><ele>166.8</ele><time>2025-09-18T16:11:29Z</time></trkpt>
      <trkpt lat="48.799403" lon="2.037072"><ele>165.8</ele><time>2025-09-18T16:11:30Z</time></trkpt>
      <trkpt lat="48.799416" lon="2.037075"><ele>166.0</ele><time>2025-09-18T16:11:31Z</time></trkpt>
      <trkpt lat="48.799431" lon="2.037099"><ele>165.3</ele><time>2025-09-18T16:11:32Z</time></trkpt>
      <trkpt lat="48.799460" lon="2.037105"><ele>164.6</ele><time>2025-09-18T16:11:33Z</time></trkpt>
      <trkpt lat="48.799506" lon="2.037100"><ele>164.3</ele><time>2025-09-18T16:11:34Z</time></trkpt>
      <trkpt lat="48.799534" lon="2.037105"><ele>163.8</ele><time>2025-09-18T16:11:35Z</time></trkpt>
      <trkpt lat="48.799552" lon="2.037111"><ele>163.3</ele><time>2025-09-18T16:11:36Z</time></trkpt>
      <trkpt lat="48.799573" lon="2.037099"><ele>163.3</ele><time>2025-09-18T16:11:37Z</time></trkpt>
      <trkpt lat="48.799588" lon="2.037088"><ele>163.2</ele><time>2025-09-18T16:11:38Z</time></trkpt>
      <trkpt lat="48.799609" lon="2.037074"><ele>163.1</ele><time>2025-09-18T16:11:39Z</time></trkpt>
      <trkpt lat="48.799578" lon="2.037033"><ele>163.3</ele><time>2025-09-18T16:11:40Z</time></trkpt>
      <trkpt lat="48.799564" lon="2.036997"><ele>163.4</ele><time>2025-09-18T16:11:41Z</time></trkpt>
      <trkpt lat="48.799554" lon="2.036960"><ele>163.5</ele><time>2025-09-18T16:11:42Z</time></trkpt>
      <trkpt lat="48.799547" lon="2.036920"><ele>163.9</ele><time>2025-09-18T16:11:43Z</time></trkpt>
      <trkpt lat="48.799560" lon="2.036900"><ele>163.9</ele><time>2025-09-18T16:11:44Z</time></trkpt>
      <trkpt lat="48.799728" lon="2.036919"><ele>166.9</ele><time>2025-09-18T16:11:45Z</time></trkpt>
      <trkpt lat="48.799736" lon="2.036898"><ele>166.8</ele><time>2025-09-18T16:11:46Z</time></trkpt>
      <trkpt lat="48.799747" lon="2.036874"><ele>166.8</ele><time>2025-09-18T16:11:47Z</time></trkpt>
      <trkpt lat="48.799761" lon="2.036846"><ele>166.7</ele><time>2025-09-18T16:11:48Z</time></trkpt>
      <trkpt lat="48.799752" lon="2.036835"><ele>166.8</ele><time>2025-09-18T16:11:49Z</time></trkpt>
      <trkpt lat="48.799737" lon="2.036828"><ele>166.9</ele><time>2025-09-18T16:11:50Z</time></trkpt>
      <trkpt lat="48.799713" lon="2.036822"><ele>167.0</ele><time>2025-09-18T16:11:51Z</time></trkpt>
      <trkpt lat="48.799724" lon="2.036782"><ele>167.1</ele><time>2025-09-18T16:11:52Z</time></trkpt>
      <trkpt lat="48.799724" lon="2.036782"><ele>167.1</ele><time>2025-09-18T16:11:53Z</time></trkpt>
      <trkpt lat="48.799713" lon="2.036677"><ele>168.0</ele><time>2025-09-18T16:11:55Z</time></trkpt>
      <trkpt lat="48.799655" lon="2.036604"><ele>168.8</ele><time>2025-09-18T16:11:56Z</time></trkpt>
      <trkpt lat="48.799656" lon="2.036564"><ele>169.0</ele><time>2025-09-18T16:11:57Z</time></trkpt>
      <trkpt lat="48.799715" lon="2.036530"><ele>169.0</ele><time>2025-09-18T16:11:58Z</time></trkpt>
      <trkpt lat="48.799724" lon="2.036512"><ele>169.2</ele><time>2025-09-18T16:11:59Z</time></trkpt>
      <trkpt lat="48.799732" lon="2.036499"><ele>169.3</ele><time>2025-09-18T16:12:00Z</time></trkpt>
      <trkpt lat="48.799732" lon="2.036499"><ele>169.3</ele><time>2025-09-18T16:12:01Z</time></trkpt>
      <trkpt lat="48.799170" lon="2.035936"><ele>170.7</ele><time>2025-09-18T16:12:48Z</time></trkpt>
      <trkpt lat="48.799173" lon="2.036077"><ele>170.2</ele><time>2025-09-18T16:12:49Z</time></trkpt>
      <trkpt lat="48.799205" lon="2.036224"><ele>171.7</ele><time>2025-09-18T16:12:50Z</time></trkpt>
      <trkpt lat="48.799205" lon="2.036224"><ele>171.7</ele><time>2025-09-18T16:12:51Z</time></trkpt>
      <trkpt lat="48.799216" lon="2.036264"><ele>171.9</ele><time>2025-09-18T16:12:52Z</time></trkpt>
      <trkpt lat="48.799290" lon="2.036397"><ele>180.4</ele><time>2025-09-18T16:12:56Z</time></trkpt>
      <trkpt lat="48.799356" lon="2.036413"><ele>186.1</ele><time>2025-09-18T16:13:01Z</time></trkpt>
      <trkpt lat="48.799394" lon="2.036409"><ele>187.9</ele><time>2025-09-18T16:13:03Z</time></trkpt>
      <trkpt lat="48.799424" lon="2.036411"><ele>189.4</ele><time>2025-09-18T16:13:04Z</time></trkpt>
      <trkpt lat="48.799445" lon="2.036419"><ele>190.3</ele><time>2025-09-18T16:13:05Z</time></trkpt>
      <trkpt lat="48.799455" lon="2.036430"><ele>190.4</ele><time>2025-09-18T16:13:06Z</time></trkpt>
      <trkpt lat="48.799621" lon="2.036544"><ele>172.4</ele><time>2025-09-18T16:15:21Z</time></trkpt>
      <trkpt lat="48.799607" lon="2.036547"><ele>172.6</ele><time>2025-09-18T16:15:22Z</time></trkpt>
      <trkpt lat="48.799593" lon="2.036548"><ele>172.8</ele><time>2025-09-18T16:15:23Z</time></trkpt>
      <trkpt lat="48.799580" lon="2.036549"><ele>172.8</ele><time>2025-09-18T16:15:24Z</time></trkpt>
      <trkpt lat="48.799569" lon="2.036547"><ele>172.7</ele><time>2025-09-18T16:15:25Z</time></trkpt>
      <trkpt lat="48.799559" lon="2.036544"><ele>172.8</ele><time>2025-09-18T16:15:26Z</time></trkpt>
      <trkpt lat="48.799551" lon="2.036537"><ele>173.1</ele><time>2025-09-18T16:15:27Z</time></trkpt>
      <trkpt lat="48.799537" lon="2.036525"><ele>173.2</ele><time>2025-09-18T16:15:28Z</time></trkpt>
      <trkpt lat="48.799510" lon="2.036507"><ele>173.4</ele><time>2025-09-18T16:15:29Z</time></trkpt>
      <trkpt lat="48.799493" lon="2.036463"><ele>173.7</ele><time>2025-09-18T16:15:30Z</time></trkpt>
      <trkpt lat="48.799486" lon="2.036420"><ele>174.1</ele><time>2025-09-18T16:15:31Z</time></trkpt>
      <trkpt lat="48.799480" lon="2.036356"><ele>175.2</ele><time>2025-09-18T16:15:32Z</time></trkpt>
      <trkpt lat="48.799476" lon="2.036300"><ele>175.2</ele><time>2025-09-18T16:15:33Z</time></trkpt>
      <trkpt lat="48.799471" lon="2.036263"><ele>174.7</ele><time>2025-09-18T16:15:34Z</time></trkpt>
      <trkpt lat="48.799473" lon="2.036243"><ele>174.2</ele><time>2025-09-18T16:15:35Z</time></trkpt>
      <trkpt lat="48.799446" lon="2.036228"><ele>171.9</ele><time>2025-09-18T16:15:47Z</time></trkpt>
      <trkpt lat="48.799445" lon="2.036190"><ele>171.7</ele><time>2025-09-18T16:15:48Z</time></trkpt>
      <trkpt lat="48.799457" lon="2.036122"><ele>171.6</ele><time>2025-09-18T16:15:49Z</time></trkpt>
      <trkpt lat="48.799476" lon="2.036030"><ele>171.6</ele><time>2025-09-18T16:15:50Z</time></trkpt>
      <trkpt lat="48.799492" lon="2.035930"><ele>171.5</ele><time>2025-09-18T16:15:51Z</time></trkpt>
      <trkpt lat="48.799506" lon="2.035827"><ele>171.7</ele><time>2025-09-18T16:15:52Z</time></trkpt>
      <trkpt lat="48.799514" lon="2.035720"><ele>171.5</ele><time>2025-09-18T16:15:53Z</time></trkpt>
      <trkpt lat="48.799521" lon="2.035611"><ele>171.2</ele><time>2025-09-18T16:15:54Z</time></trkpt>
      <trkpt lat="48.799534" lon="2.035499"><ele>170.8</ele><time>2025-09-18T16:15:55Z</time></trkpt>
      <trkpt lat="48.799548" lon="2.035398"><ele>170.5</ele><time>2025-09-18T16:15:56Z</time></trkpt>
      <trkpt lat="48.799559" lon="2.035311"><ele>170.1</ele><time>2025-09-18T16:15:57Z</time></trkpt>
      <trkpt lat="48.799555" lon="2.035240"><ele>170.2</ele><time>2025-09-18T16:15:58Z</time></trkpt>
      <trkpt lat="48.799531" lon="2.035183"><ele>170.3</ele><time>2025-09-18T16:15:59Z</time></trkpt>
      <trkpt lat="48.799490" lon="2.035136"><ele>170.1</ele><time>2025-09-18T16:16:00Z</time></trkpt>
      <trkpt lat="48.799437" lon="2.035096"><ele>170.1</ele><time>2025-09-18T16:16:01Z</time></trkpt>
      <trkpt lat="48.799376" lon="2.035056"><ele>170.1</ele><time>2025-09-18T16:16:02Z</time></trkpt>
      <trkpt lat="48.799309" lon="2.035022"><ele>169.8</ele><time>2025-09-18T16:16:03Z</time></trkpt>
      <trkpt lat="48.799235" lon="2.034999"><ele>169.6</ele><time>2025-09-18T16:16:04Z</time></trkpt>
      <trkpt lat="48.799160" lon="2.034990"><ele>169.5</ele><time>2025-09-18T16:16:05Z</time></trkpt>
      <trkpt lat="48.799093" lon="2.035012"><ele>169.1</ele><time>2025-09-18T16:16:06Z</time></trkpt>
      <trkpt lat="48.799042" lon="2.035064"><ele>168.9</ele><time>2025-09-18T16:16:07Z</time></trkpt>
      <trkpt lat="48.799001" lon="2.035131"><ele>168.9</ele><time>2025-09-18T16:16:08Z</time></trkpt>
      <trkpt lat="48.798964" lon="2.035192"><ele>168.6</ele><time>2025-09-18T16:16:09Z</time></trkpt>
      <trkpt lat="48.798929" lon="2.035241"><ele>168.4</ele><time>2025-09-18T16:16:10Z</time></trkpt>
      <trkpt lat="48.798886" lon="2.035280"><ele>168.4</ele><time>2025-09-18T16:16:11Z</time></trkpt>
      <trkpt lat="48.798822" lon="2.035289"><ele>168.0</ele><time>2025-09-18T16:16:12Z</time></trkpt>
      <trkpt lat="48.798763" lon="2.035278"><ele>168.4</ele><time>2025-09-18T16:16:13Z</time></trkpt>
      <trkpt lat="48.798709" lon="2.035260"><ele>168.5</ele><time>2025-09-18T16:16:14Z</time></trkpt>
      <trkpt lat="48.798647" lon="2.035232"><ele>168.4</ele><time>2025-09-18T16:16:15Z</time></trkpt>
      <trkpt lat="48.798570" lon="2.035205"><ele>168.5</ele><time>2025-09-18T16:16:16Z</time></trkpt>
      <trkpt lat="48.798483" lon="2.035173"><ele>168.8</ele><time>2025-09-18T16:16:17Z</time></trkpt>
      <trkpt lat="48.798380" lon="2.035150"><ele>169.2</ele><time>2025-09-18T16:16:18Z</time></trkpt>
      <trkpt lat="48.798277" lon="2.035129"><ele>169.3</ele><time>2025-09-18T16:16:19Z</time></trkpt>
      <trkpt lat="48.798175" lon="2.035111"><ele>169.5</ele><time>2025-09-18T16:16:20Z</time></trkpt>
      <trkpt lat="48.798079" lon="2.035100"><ele>169.6</ele><time>2025-09-18T16:16:21Z</time></trkpt>
      <trkpt lat="48.798001" lon="2.035092"><ele>169.8</ele><time>2025-09-18T16:16:22Z</time></trkpt>
      <trkpt lat="48.797931" lon="2.035079"><ele>170.0</ele><time>2025-09-18T16:16:23Z</time></trkpt>
      <trkpt lat="48.797867" lon="2.035055"><ele>170.2</ele><time>2025-09-18T16:16:24Z</time></trkpt>
      <trkpt lat="48.797804" lon="2.035012"><ele>170.2</ele><time>2025-09-18T16:16:25Z</time></trkpt>
      <trkpt lat="48.797738" lon="2.034960"><ele>170.1</ele><time>2025-09-18T16:16:26Z</time></trkpt>
      <trkpt lat="48.797659" lon="2.034901"><ele>170.2</ele><time>2025-09-18T16:16:27Z</time></trkpt>
      <trkpt lat="48.797581" lon="2.034804"><ele>169.6</ele><time>2025-09-18T16:16:28Z</time></trkpt>
      <trkpt lat="48.797506" lon="2.034664"><ele>169.4</ele><time>2025-09-18T16:16:29Z</time></trkpt>
      <trkpt lat="48.797436" lon="2.034490"><ele>169.8</ele><time>2025-09-18T16:16:30Z</time></trkpt>
      <trkpt lat="48.797372" lon="2.034287"><ele>169.5</ele><time>2025-09-18T16:16:31Z</time></trkpt>
      <trkpt lat="48.797316" lon="2.034079"><ele>169.5</ele><time>2025-09-18T16:16:32Z</time></trkpt>
      <trkpt lat="48.797264" lon="2.033862"><ele>169.5</ele><time>2025-09-18T16:16:33Z</time></trkpt>
      <trkpt lat="48.797210" lon="2.033629"><ele>169.5</ele><time>2025-09-18T16:16:34Z</time></trkpt>
      <trkpt lat="48.797153" lon="2.033387"><ele>169.7</ele><time>2025-09-18T16:16:35Z</time></trkpt>
      <trkpt lat="48.797097" lon="2.033142"><ele>169.8</ele><time>2025-09-18T16:16:36Z</time></trkpt>
      <trkpt lat="48.797049" lon="2.032902"><ele>169.6</ele><time>2025-09-18T16:16:37Z</time></trkpt>
      <trkpt lat="48.797007" lon="2.032683"><ele>169.6</ele><time>2025-09-18T16:16:38Z</time></trkpt>
      <trkpt lat="48.796967" lon="2.032473"><ele>169.6</ele><time>2025-09-18T16:16:39Z</time></trkpt>
      <trkpt lat="48.796934" lon="2.032285"><ele>169.8</ele><time>2025-09-18T16:16:40Z</time></trkpt>
      <trkpt lat="48.796907" lon="2.032110"><ele>169.4</ele><time>2025-09-18T16:16:41Z</time></trkpt>
      <trkpt lat="48.796885" lon="2.031948"><ele>169.2</ele><time>2025-09-18T16:16:42Z</time></trkpt>
      <trkpt lat="48.796868" lon="2.031804"><ele>168.9</ele><time>2025-09-18T16:16:43Z</time></trkpt>
      <trkpt lat="48.796862" lon="2.031681"><ele>168.8</ele><time>2025-09-18T16:16:44Z</time></trkpt>
      <trkpt lat="48.796878" lon="2.031572"><ele>168.0</ele><time>2025-09-18T16:16:45Z</time></trkpt>
      <trkpt lat="48.796918" lon="2.031487"><ele>168.0</ele><time>2025-09-18T16:16:46Z</time></trkpt>
      <trkpt lat="48.796977" lon="2.031453"><ele>168.2</ele><time>2025-09-18T16:16:47Z</time></trkpt>
      <trkpt lat="48.797036" lon="2.031478"><ele>168.5</ele><time>2025-09-18T16:16:48Z</time></trkpt>
      <trkpt lat="48.797085" lon="2.031560"><ele>168.7</ele><time>2025-09-18T16:16:49Z</time></trkpt>
      <trkpt lat="48.797123" lon="2.031681"><ele>169.3</ele><time>2025-09-18T16:16:50Z</time></trkpt>
      <trkpt lat="48.797156" lon="2.031835"><ele>169.7</ele><time>2025-09-18T16:16:51Z</time></trkpt>
      <trkpt lat="48.797188" lon="2.031983"><ele>170.0</ele><time>2025-09-18T16:16:52Z</time></trkpt>
      <trkpt lat="48.797212" lon="2.032109"><ele>170.3</ele><time>2025-09-18T16:16:53Z</time></trkpt>
      <trkpt lat="48.797222" lon="2.032215"><ele>169.7</ele><time>2025-09-18T16:16:54Z</time></trkpt>
      <trkpt lat="48.797220" lon="2.032303"><ele>170.1</ele><time>2025-09-18T16:16:55Z</time></trkpt>
      <trkpt lat="48.797196" lon="2.032386"><ele>170.5</ele><time>2025-09-18T16:16:56Z</time></trkpt>
      <trkpt lat="48.797152" lon="2.032463"><ele>171.1</ele><time>2025-09-18T16:16:57Z</time></trkpt>
      <trkpt lat="48.797074" lon="2.032536"><ele>171.1</ele><time>2025-09-18T16:16:58Z</time></trkpt>
      <trkpt lat="48.796980" lon="2.032606"><ele>171.0</ele><time>2025-09-18T16:16:59Z</time></trkpt>
      <trkpt lat="48.796876" lon="2.032675"><ele>171.8</ele><time>2025-09-18T16:17:00Z</time></trkpt>
      <trkpt lat="48.796756" lon="2.032739"><ele>171.9</ele><time>2025-09-18T16:17:01Z</time></trkpt>
      <trkpt lat="48.796624" lon="2.032809"><ele>172.0</ele><time>2025-09-18T16:17:02Z</time></trkpt>
      <trkpt lat="48.796487" lon="2.032885"><ele>171.9</ele><time>2025-09-18T16:17:03Z</time></trkpt>
      <trkpt lat="48.796345" lon="2.032966"><ele>171.7</ele><time>2025-09-18T16:17:04Z</time></trkpt>
      <trkpt lat="48.796204" lon="2.033047"><ele>170.8</ele><time>2025-09-18T16:17:05Z</time></trkpt>
      <trkpt lat="48.796061" lon="2.033129"><ele>169.3</ele><time>2025-09-18T16:17:06Z</time></trkpt>
      <trkpt lat="48.795921" lon="2.033207"><ele>168.8</ele><time>2025-09-18T16:17:07Z</time></trkpt>
      <trkpt lat="48.795780" lon="2.033289"><ele>168.0</ele><time>2025-09-18T16:17:08Z</time></trkpt>
      <trkpt lat="48.795637" lon="2.033374"><ele>167.4</ele><time>2025-09-18T16:17:09Z</time></trkpt>
      <trkpt lat="48.795492" lon="2.033458"><ele>166.8</ele><time>2025-09-18T16:17:10Z</time></trkpt>
      <trkpt lat="48.795333" lon="2.033548"><ele>165.9</ele><time>2025-09-18T16:17:11Z</time></trkpt>
      <trkpt lat="48.795164" lon="2.033645"><ele>165.8</ele><time>2025-09-18T16:17:12Z</time></trkpt>
      <trkpt lat="48.794978" lon="2.033767"><ele>166.3</ele><time>2025-09-18T16:17:13Z</time></trkpt>
      <trkpt lat="48.794790" lon="2.033904"><ele>166.1</ele><time>2025-09-18T16:17:14Z</time></trkpt>
      <trkpt lat="48.794620" lon="2.034047"><ele>166.2</ele><time>2025-09-18T16:17:15Z</time></trkpt>
      <trkpt lat="48.794467" lon="2.034195"><ele>166.0</ele><time>2025-09-18T16:17:16Z</time></trkpt>
      <trkpt lat="48.794329" lon="2.034348"><ele>166.3</ele><time>2025-09-18T16:17:17Z</time></trkpt>
      <trkpt lat="48.794198" lon="2.034505"><ele>166.7</ele><time>2025-09-18T16:17:18Z</time></trkpt>
      <trkpt lat="48.794078" lon="2.034659"><ele>167.6</ele><time>2025-09-18T16:17:19Z</time></trkpt>
      <trkpt lat="48.793969" lon="2.034810"><ele>167.7</ele><time>2025-09-18T16:17:20Z</time></trkpt>
      <trkpt lat="48.793866" lon="2.034970"><ele>167.2</ele><time>2025-09-18T16:17:21Z</time></trkpt>
      <trkpt lat="48.793771" lon="2.035128"><ele>167.0</ele><time>2025-09-18T16:17:22Z</time></trkpt>
      <trkpt lat="48.793686" lon="2.035279"><ele>167.5</ele><time>2025-09-18T16:17:23Z</time></trkpt>
      <trkpt lat="48.793609" lon="2.035420"><ele>167.6</ele><time>2025-09-18T16:17:24Z</time></trkpt>
      <trkpt lat="48.793542" lon="2.035554"><ele>167.6</ele><time>2025-09-18T16:17:25Z</time></trkpt>
      <trkpt lat="48.793483" lon="2.035690"><ele>167.7</ele><time>2025-09-18T16:17:26Z</time></trkpt>
      <trkpt lat="48.793427" lon="2.035827"><ele>167.6</ele><time>2025-09-18T16:17:27Z</time></trkpt>
      <trkpt lat="48.793376" lon="2.035959"><ele>167.5</ele><time>2025-09-18T16:17:28Z</time></trkpt>
      <trkpt lat="48.793326" lon="2.036080"><ele>167.2</ele><time>2025-09-18T16:17:29Z</time></trkpt>
      <trkpt lat="48.793283" lon="2.036188"><ele>167.3</ele><time>2025-09-18T16:17:30Z</time></trkpt>
      <trkpt lat="48.793234" lon="2.036273"><ele>167.2</ele><time>2025-09-18T16:17:31Z</time></trkpt>
      <trkpt lat="48.793187" lon="2.036320"><ele>168.1</ele><time>2025-09-18T16:17:32Z</time></trkpt>
      <trkpt lat="48.793126" lon="2.036336"><ele>168.0</ele><time>2025-09-18T16:17:33Z</time></trkpt>
      <trkpt lat="48.793059" lon="2.036326"><ele>168.0</ele><time>2025-09-18T16:17:34Z</time></trkpt>
      <trkpt lat="48.792987" lon="2.036296"><ele>167.9</ele><time>2025-09-18T16:17:35Z</time></trkpt>
      <trkpt lat="48.792916" lon="2.036254"><ele>167.8</ele><time>2025-09-18T16:17:36Z</time></trkpt>
      <trkpt lat="48.792845" lon="2.036210"><ele>167.3</ele><time>2025-09-18T16:17:37Z</time></trkpt>
      <trkpt lat="48.792769" lon="2.036166"><ele>167.2</ele><time>2025-09-18T16:17:38Z</time></trkpt>
      <trkpt lat="48.792687" lon="2.036117"><ele>167.8</ele><time>2025-09-18T16:17:39Z</time></trkpt>
      <trkpt lat="48.792597" lon="2.036069"><ele>168.2</ele><time>2025-09-18T16:17:40Z</time></trkpt>
      <trkpt lat="48.792503" lon="2.036022"><ele>169.1</ele><time>2025-09-18T16:17:41Z</time></trkpt>
      <trkpt lat="48.792403" lon="2.035963"><ele>168.8</ele><time>2025-09-18T16:17:42Z</time></trkpt>
      <trkpt lat="48.792302" lon="2.035900"><ele>169.3</ele><time>2025-09-18T16:17:43Z</time></trkpt>
      <trkpt lat="48.792198" lon="2.035832"><ele>169.2</ele><time>2025-09-18T16:17:44Z</time></trkpt>
      <trkpt lat="48.792097" lon="2.035764"><ele>169.5</ele><time>2025-09-18T16:17:45Z</time></trkpt>
      <trkpt lat="48.791991" lon="2.035691"><ele>168.9</ele><time>2025-09-18T16:17:46Z</time></trkpt>
      <trkpt lat="48.791882" lon="2.035620"><ele>170.0</ele><time>2025-09-18T16:17:47Z</time></trkpt>
      <trkpt lat="48.791765" lon="2.035547"><ele>170.5</ele><time>2025-09-18T16:17:48Z</time></trkpt>
      <trkpt lat="48.791644" lon="2.035468"><ele>170.1</ele><time>2025-09-18T16:17:49Z</time></trkpt>
      <trkpt lat="48.791528" lon="2.035391"><ele>170.1</ele><time>2025-09-18T16:17:50Z</time></trkpt>
      <trkpt lat="48.791417" lon="2.035316"><ele>169.9</ele><time>2025-09-18T16:17:51Z</time></trkpt>
      <trkpt lat="48.791311" lon="2.035245"><ele>170.0</ele><time>2025-09-18T16:17:52Z</time></trkpt>
      <trkpt lat="48.791201" lon="2.035178"><ele>170.0</ele><time>2025-09-18T16:17:53Z</time></trkpt>
      <trkpt lat="48.791095" lon="2.035115"><ele>170.2</ele><time>2025-09-18T16:17:54Z</time></trkpt>
      <trkpt lat="48.790994" lon="2.035057"><ele>169.9</ele><time>2025-09-18T16:17:55Z</time></trkpt>
      <trkpt lat="48.790898" lon="2.035011"><ele>169.6</ele><time>2025-09-18T16:17:56Z</time></trkpt>
      <trkpt lat="48.790804" lon="2.034984"><ele>169.6</ele><time>2025-09-18T16:17:57Z</time></trkpt>
      <trkpt lat="48.790714" lon="2.034980"><ele>169.3</ele><time>2025-09-18T16:17:58Z</time></trkpt>
      <trkpt lat="48.790626" lon="2.035000"><ele>169.1</ele><time>2025-09-18T16:17:59Z</time></trkpt>
      <trkpt lat="48.790546" lon="2.035055"><ele>169.6</ele><time>2025-09-18T16:18:00Z</time></trkpt>
      <trkpt lat="48.790467" lon="2.035123"><ele>170.0</ele><time>2025-09-18T16:18:01Z</time></trkpt>
      <trkpt lat="48.790393" lon="2.035182"><ele>170.2</ele><time>2025-09-18T16:18:02Z</time></trkpt>
      <trkpt lat="48.790328" lon="2.035223"><ele>170.5</ele><time>2025-09-18T16:18:03Z</time></trkpt>
      <trkpt lat="48.790265" lon="2.035243"><ele>170.9</ele><time>2025-09-18T16:18:04Z</time></trkpt>
      <trkpt lat="48.790191" lon="2.035239"><ele>171.0</ele><time>2025-09-18T16:18:05Z</time></trkpt>
      <trkpt lat="48.790092" lon="2.035215"><ele>171.0</ele><time>2025-09-18T16:18:06Z</time></trkpt>
      <trkpt lat="48.789978" lon="2.035196"><ele>171.0</ele><time>2025-09-18T16:18:07Z</time></trkpt>
      <trkpt lat="48.789858" lon="2.035204"><ele>171.2</ele><time>2025-09-18T16:18:08Z</time></trkpt>
      <trkpt lat="48.789740" lon="2.035250"><ele>171.1</ele><time>2025-09-18T16:18:09Z</time></trkpt>
      <trkpt lat="48.789636" lon="2.035335"><ele>170.8</ele><time>2025-09-18T16:18:10Z</time></trkpt>
      <trkpt lat="48.789557" lon="2.035450"><ele>171.0</ele><time>2025-09-18T16:18:11Z</time></trkpt>
      <trkpt lat="48.789507" lon="2.035579"><ele>171.2</ele><time>2025-09-18T16:18:12Z</time></trkpt>
      <trkpt lat="48.789480" lon="2.035710"><ele>171.4</ele><time>2025-09-18T16:18:13Z</time></trkpt>
      <trkpt lat="48.789470" lon="2.035833"><ele>171.8</ele><time>2025-09-18T16:18:14Z</time></trkpt>
      <trkpt lat="48.789467" lon="2.035957"><ele>171.8</ele><time>2025-09-18T16:18:15Z</time></trkpt>
      <trkpt lat="48.789456" lon="2.036087"><ele>171.6</ele><time>2025-09-18T16:18:16Z</time></trkpt>
      <trkpt lat="48.789428" lon="2.036219"><ele>171.7</ele><time>2025-09-18T16:18:17Z</time></trkpt>
      <trkpt lat="48.789375" lon="2.036348"><ele>171.9</ele><time>2025-09-18T16:18:18Z</time></trkpt>
      <trkpt lat="48.789302" lon="2.036468"><ele>172.3</ele><time>2025-09-18T16:18:19Z</time></trkpt>
      <trkpt lat="48.789224" lon="2.036581"><ele>172.8</ele><time>2025-09-18T16:18:20Z</time></trkpt>
      <trkpt lat="48.789140" lon="2.036694"><ele>173.6</ele><time>2025-09-18T16:18:21Z</time></trkpt>
      <trkpt lat="48.789049" lon="2.036804"><ele>174.6</ele><time>2025-09-18T16:18:22Z</time></trkpt>
      <trkpt lat="48.788958" lon="2.036910"><ele>175.7</ele><time>2025-09-18T16:18:23Z</time></trkpt>
      <trkpt lat="48.788866" lon="2.037017"><ele>176.5</ele><time>2025-09-18T16:18:24Z</time></trkpt>
      <trkpt lat="48.788772" lon="2.037126"><ele>176.9</ele><time>2025-09-18T16:18:25Z</time></trkpt>
      <trkpt lat="48.788671" lon="2.037234"><ele>176.5</ele><time>2025-09-18T16:18:26Z</time></trkpt>
      <trkpt lat="48.788571" lon="2.037345"><ele>176.3</ele><time>2025-09-18T16:18:27Z</time></trkpt>
      <trkpt lat="48.788476" lon="2.037451"><ele>176.3</ele><time>2025-09-18T16:18:28Z</time></trkpt>
      <trkpt lat="48.788383" lon="2.037558"><ele>176.1</ele><time>2025-09-18T16:18:29Z</time></trkpt>
      <trkpt lat="48.788292" lon="2.037660"><ele>175.4</ele><time>2025-09-18T16:18:30Z</time></trkpt>
      <trkpt lat="48.788208" lon="2.037753"><ele>174.8</ele><time>2025-09-18T16:18:31Z</time></trkpt>
      <trkpt lat="48.788128" lon="2.037838"><ele>173.8</ele><time>2025-09-18T16:18:32Z</time></trkpt>
      <trkpt lat="48.788063" lon="2.037908"><ele>173.1</ele><time>2025-09-18T16:18:33Z</time></trkpt>
      <trkpt lat="48.788006" lon="2.037968"><ele>172.4</ele><time>2025-09-18T16:18:34Z</time></trkpt>
      <trkpt lat="48.787961" lon="2.038018"><ele>171.9</ele><time>2025-09-18T16:18:35Z</time></trkpt>
      <trkpt lat="48.787927" lon="2.038057"><ele>171.8</ele><time>2025-09-18T16:18:36Z</time></trkpt>
      <trkpt lat="48.787897" lon="2.038091"><ele>171.6</ele><time>2025-09-18T16:18:37Z</time></trkpt>
      <trkpt lat="48.787871" lon="2.038120"><ele>171.1</ele><time>2025-09-18T16:18:38Z</time></trkpt>
      <trkpt lat="48.787854" lon="2.038142"><ele>171.4</ele><time>2025-09-18T16:18:39Z</time></trkpt>
      <trkpt lat="48.787842" lon="2.038157"><ele>171.2</ele><time>2025-09-18T16:18:40Z</time></trkpt>
      <trkpt lat="48.787833" lon="2.038168"><ele>171.3</ele><time>2025-09-18T16:18:41Z</time></trkpt>
      <trkpt lat="48.787825" lon="2.038178"><ele>171.2</ele><time>2025-09-18T16:18:42Z</time></trkpt>
      <trkpt lat="48.787818" lon="2.038189"><ele>171.1</ele><time>2025-09-18T16:18:43Z</time></trkpt>
      <trkpt lat="48.787808" lon="2.038199"><ele>171.0</ele><time>2025-09-18T16:18:44Z</time></trkpt>
      <trkpt lat="48.787796" lon="2.038207"><ele>170.8</ele><time>2025-09-18T16:18:45Z</time></trkpt>
      <trkpt lat="48.787785" lon="2.038215"><ele>170.7</ele><time>2025-09-18T16:18:46Z</time></trkpt>
      <trkpt lat="48.787772" lon="2.038220"><ele>170.6</ele><time>2025-09-18T16:18:47Z</time></trkpt>
      <trkpt lat="48.787765" lon="2.038225"><ele>170.4</ele><time>2025-09-18T16:18:48Z</time></trkpt>
      <trkpt lat="48.787743" lon="2.038249"><ele>170.3</ele><time>2025-09-18T16:19:02Z</time></trkpt>
      <trkpt lat="48.787706" lon="2.038291"><ele>170.2</ele><time>2025-09-18T16:19:03Z</time></trkpt>
      <trkpt lat="48.787664" lon="2.038344"><ele>170.5</ele><time>2025-09-18T16:19:04Z</time></trkpt>
      <trkpt lat="48.787612" lon="2.038406"><ele>170.2</ele><time>2025-09-18T16:19:05Z</time></trkpt>
      <trkpt lat="48.787554" lon="2.038481"><ele>170.5</ele><time>2025-09-18T16:19:06Z</time></trkpt>
      <trkpt lat="48.787487" lon="2.038561"><ele>170.3</ele><time>2025-09-18T16:19:07Z</time></trkpt>
      <trkpt lat="48.787421" lon="2.038642"><ele>170.2</ele><time>2025-09-18T16:19:08Z</time></trkpt>
      <trkpt lat="48.787350" lon="2.038725"><ele>169.9</ele><time>2025-09-18T16:19:09Z</time></trkpt>
      <trkpt lat="48.787278" lon="2.038806"><ele>170.0</ele><time>2025-09-18T16:19:10Z</time></trkpt>
      <trkpt lat="48.787203" lon="2.038889"><ele>169.9</ele><time>2025-09-18T16:19:11Z</time></trkpt>
      <trkpt lat="48.787127" lon="2.038972"><ele>169.8</ele><time>2025-09-18T16:19:12Z</time></trkpt>
      <trkpt lat="48.787052" lon="2.039057"><ele>169.7</ele><time>2025-09-18T16:19:13Z</time></trkpt>
      <trkpt lat="48.786975" lon="2.039141"><ele>170.1</ele><time>2025-09-18T16:19:14Z</time></trkpt>
      <trkpt lat="48.786898" lon="2.039229"><ele>170.1</ele><time>2025-09-18T16:19:15Z</time></trkpt>
      <trkpt lat="48.786821" lon="2.039316"><ele>170.2</ele><time>2025-09-18T16:19:16Z</time></trkpt>
      <trkpt lat="48.786746" lon="2.039404"><ele>170.5</ele><time>2025-09-18T16:19:17Z</time></trkpt>
      <trkpt lat="48.786676" lon="2.039485"><ele>170.6</ele><time>2025-09-18T16:19:18Z</time></trkpt>
      <trkpt lat="48.786612" lon="2.039557"><ele>170.7</ele><time>2025-09-18T16:19:19Z</time></trkpt>
      <trkpt lat="48.786557" lon="2.039623"><ele>171.0</ele><time>2025-09-18T16:19:20Z</time></trkpt>
      <trkpt lat="48.786506" lon="2.039683"><ele>171.3</ele><time>2025-09-18T16:19:21Z</time></trkpt>
      <trkpt lat="48.786457" lon="2.039741"><ele>171.6</ele><time>2025-09-18T16:19:22Z</time></trkpt>
      <trkpt lat="48.786411" lon="2.039799"><ele>171.8</ele><time>2025-09-18T16:19:23Z</time></trkpt>
      <trkpt lat="48.786370" lon="2.039852"><ele>171.9</ele><time>2025-09-18T16:19:24Z</time></trkpt>
      <trkpt lat="48.786333" lon="2.039898"><ele>171.9</ele><time>2025-09-18T16:19:25Z</time></trkpt>
      <trkpt lat="48.786299" lon="2.039939"><ele>172.1</ele><time>2025-09-18T16:19:26Z</time></trkpt>
      <trkpt lat="48.786270" lon="2.039975"><ele>171.7</ele><time>2025-09-18T16:19:27Z</time></trkpt>
      <trkpt lat="48.786248" lon="2.039998"><ele>171.6</ele><time>2025-09-18T16:19:28Z</time></trkpt>
      <trkpt lat="48.786238" lon="2.040011"><ele>171.9</ele><time>2025-09-18T16:19:29Z</time></trkpt>
      <trkpt lat="48.786232" lon="2.040021"><ele>171.8</ele><time>2025-09-18T16:19:30Z</time></trkpt>
      <trkpt lat="48.786224" lon="2.040040"><ele>172.7</ele><time>2025-09-18T16:19:39Z</time></trkpt>
      <trkpt lat="48.786205" lon="2.040069"><ele>172.9</ele><time>2025-09-18T16:19:40Z</time></trkpt>
      <trkpt lat="48.786172" lon="2.040112"><ele>173.4</ele><time>2025-09-18T16:19:41Z</time></trkpt>
      <trkpt lat="48.786126" lon="2.040166"><ele>173.4</ele><time>2025-09-18T16:19:42Z</time></trkpt>
      <trkpt lat="48.786072" lon="2.040230"><ele>173.4</ele><time>2025-09-18T16:19:43Z</time></trkpt>
      <trkpt lat="48.786007" lon="2.040302"><ele>172.9</ele><time>2025-09-18T16:19:44Z</time></trkpt>
      <trkpt lat="48.785937" lon="2.040382"><ele>172.4</ele><time>2025-09-18T16:19:45Z</time></trkpt>
      <trkpt lat="48.785864" lon="2.040465"><ele>172.1</ele><time>2025-09-18T16:19:46Z</time></trkpt>
      <trkpt lat="48.785784" lon="2.040552"><ele>171.8</ele><time>2025-09-18T16:19:47Z</time></trkpt>
      <trkpt lat="48.785702" lon="2.040638"><ele>171.6</ele><time>2025-09-18T16:19:48Z</time></trkpt>
      <trkpt lat="48.785623" lon="2.040720"><ele>171.1</ele><time>2025-09-18T16:19:49Z</time></trkpt>
      <trkpt lat="48.785549" lon="2.040802"><ele>170.5</ele><time>2025-09-18T16:19:50Z</time></trkpt>
      <trkpt lat="48.785480" lon="2.040878"><ele>170.1</ele><time>2025-09-18T16:19:51Z</time></trkpt>
      <trkpt lat="48.785421" lon="2.040945"><ele>169.7</ele><time>2025-09-18T16:19:52Z</time></trkpt>
      <trkpt lat="48.785372" lon="2.040999"><ele>169.5</ele><time>2025-09-18T16:19:53Z</time></trkpt>
      <trkpt lat="48.785336" lon="2.041040"><ele>169.3</ele><time>2025-09-18T16:19:54Z</time></trkpt>
      <trkpt lat="48.785310" lon="2.041068"><ele>169.0</ele><time>2025-09-18T16:19:55Z</time></trkpt>
      <trkpt lat="48.785285" lon="2.041090"><ele>168.9</ele><time>2025-09-18T16:19:56Z</time></trkpt>
      <trkpt lat="48.785245" lon="2.041107"><ele>169.2</ele><time>2025-09-18T16:19:57Z</time></trkpt>
      <trkpt lat="48.785195" lon="2.041106"><ele>169.1</ele><time>2025-09-18T16:19:58Z</time></trkpt>
      <trkpt lat="48.785142" lon="2.041103"><ele>168.8</ele><time>2025-09-18T16:19:59Z</time></trkpt>
      <trkpt lat="48.785095" lon="2.041108"><ele>168.4</ele><time>2025-09-18T16:20:00Z</time></trkpt>
      <trkpt lat="48.785055" lon="2.041130"><ele>168.6</ele><time>2025-09-18T16:20:01Z</time></trkpt>
      <trkpt lat="48.785024" lon="2.041166"><ele>169.0</ele><time>2025-09-18T16:20:02Z</time></trkpt>
      <trkpt lat="48.785003" lon="2.041208"><ele>169.3</ele><time>2025-09-18T16:20:03Z</time></trkpt>
      <trkpt lat="48.784993" lon="2.041253"><ele>169.9</ele><time>2025-09-18T16:20:04Z</time></trkpt>
      <trkpt lat="48.784983" lon="2.041304"><ele>170.1</ele><time>2025-09-18T16:20:05Z</time></trkpt>
      <trkpt lat="48.784970" lon="2.041365"><ele>170.6</ele><time>2025-09-18T16:20:06Z</time></trkpt>
      <trkpt lat="48.784949" lon="2.041433"><ele>171.0</ele><time>2025-09-18T16:20:07Z</time></trkpt>
      <trkpt lat="48.784913" lon="2.041502"><ele>172.1</ele><time>2025-09-18T16:20:08Z</time></trkpt>
      <trkpt lat="48.784862" lon="2.041570"><ele>172.2</ele><time>2025-09-18T16:20:09Z</time></trkpt>
      <trkpt lat="48.784806" lon="2.041640"><ele>172.4</ele><time>2025-09-18T16:20:10Z</time></trkpt>
      <trkpt lat="48.784746" lon="2.041710"><ele>172.5</ele><time>2025-09-18T16:20:11Z</time></trkpt>
      <trkpt lat="48.784675" lon="2.041781"><ele>170.4</ele><time>2025-09-18T16:20:12Z</time></trkpt>
      <trkpt lat="48.784613" lon="2.041845"><ele>170.4</ele><time>2025-09-18T16:20:13Z</time></trkpt>
      <trkpt lat="48.784550" lon="2.041901"><ele>170.5</ele><time>2025-09-18T16:20:14Z</time></trkpt>
      <trkpt lat="48.784492" lon="2.041949"><ele>171.1</ele><time>2025-09-18T16:20:15Z</time></trkpt>
      <trkpt lat="48.784448" lon="2.041992"><ele>171.6</ele><time>2025-09-18T16:20:16Z</time></trkpt>
      <trkpt lat="48.784427" lon="2.042039"><ele>172.2</ele><time>2025-09-18T16:20:17Z</time></trkpt>
      <trkpt lat="48.784418" lon="2.042084"><ele>173.5</ele><time>2025-09-18T16:20:18Z</time></trkpt>
      <trkpt lat="48.784412" lon="2.042123"><ele>174.2</ele><time>2025-09-18T16:20:19Z</time></trkpt>
      <trkpt lat="48.784408" lon="2.042152"><ele>175.0</ele><time>2025-09-18T16:20:20Z</time></trkpt>
      <trkpt lat="48.784415" lon="2.042177"><ele>177.9</ele><time>2025-09-18T16:20:21Z</time></trkpt>
      <trkpt lat="48.784415" lon="2.042191"><ele>180.1</ele><time>2025-09-18T16:20:22Z</time></trkpt>
      <trkpt lat="48.784394" lon="2.042193"><ele>179.3</ele><time>2025-09-18T16:20:23Z</time></trkpt>
      <trkpt lat="48.784357" lon="2.042191"><ele>179.6</ele><time>2025-09-18T16:20:24Z</time></trkpt>
      <trkpt lat="48.784354" lon="2.042193"><ele>187.4</ele><time>2025-09-18T16:20:25Z</time></trkpt>
      <trkpt lat="48.784356" lon="2.042243"><ele>191.6</ele><time>2025-09-18T16:20:26Z</time></trkpt>
      <trkpt lat="48.784341" lon="2.042291"><ele>195.7</ele><time>2025-09-18T16:20:27Z</time></trkpt>
      <trkpt lat="48.784323" lon="2.042318"><ele>207.0</ele><time>2025-09-18T16:20:28Z</time></trkpt>
      <trkpt lat="48.784244" lon="2.042327"><ele>211.1</ele><time>2025-09-18T16:20:29Z</time></trkpt>
      <trkpt lat="48.784185" lon="2.042321"><ele>211.6</ele><time>2025-09-18T16:20:30Z</time></trkpt>
      <trkpt lat="48.784157" lon="2.042347"><ele>216.5</ele><time>2025-09-18T16:20:31Z</time></trkpt>
      <trkpt lat="48.784130" lon="2.042321"><ele>218.6</ele><time>2025-09-18T16:20:32Z</time></trkpt>
      <trkpt lat="48.784104" lon="2.042235"><ele>221.1</ele><time>2025-09-18T16:20:33Z</time></trkpt>
      <trkpt lat="48.784067" lon="2.042185"><ele>224.6</ele><time>2025-09-18T16:20:34Z</time></trkpt>
      <trkpt lat="48.784037" lon="2.042139"><ele>229.5</ele><time>2025-09-18T16:20:35Z</time></trkpt>
      <trkpt lat="48.784014" lon="2.042096"><ele>233.0</ele><time>2025-09-18T16:20:36Z</time></trkpt>
      <trkpt lat="48.783983" lon="2.042045"><ele>233.5</ele><time>2025-09-18T16:20:37Z</time></trkpt>
      <trkpt lat="48.783943" lon="2.041993"><ele>235.2</ele><time>2025-09-18T16:20:38Z</time></trkpt>
      <trkpt lat="48.783907" lon="2.041947"><ele>238.1</ele><time>2025-09-18T16:20:39Z</time></trkpt>
      <trkpt lat="48.783873" lon="2.041881"><ele>238.6</ele><time>2025-09-18T16:20:40Z</time></trkpt>
      <trkpt lat="48.783831" lon="2.041819"><ele>237.3</ele><time>2025-09-18T16:20:41Z</time></trkpt>
      <trkpt lat="48.783775" lon="2.041737"><ele>231.3</ele><time>2025-09-18T16:20:42Z</time></trkpt>
      <trkpt lat="48.783745" lon="2.041690"><ele>231.8</ele><time>2025-09-18T16:20:43Z</time></trkpt>
      <trkpt lat="48.783703" lon="2.041629"><ele>227.5</ele><time>2025-09-18T16:20:44Z</time></trkpt>
      <trkpt lat="48.783686" lon="2.041603"><ele>229.2</ele><time>2025-09-18T16:20:45Z</time></trkpt>
      <trkpt lat="48.783651" lon="2.041572"><ele>227.4</ele><time>2025-09-18T16:20:46Z</time></trkpt>
      <trkpt lat="48.783617" lon="2.041512"><ele>223.9</ele><time>2025-09-18T16:20:47Z</time></trkpt>
      <trkpt lat="48.783583" lon="2.041470"><ele>217.3</ele><time>2025-09-18T16:20:48Z</time></trkpt>
      <trkpt lat="48.783566" lon="2.041442"><ele>215.7</ele><time>2025-09-18T16:20:49Z</time></trkpt>
      <trkpt lat="48.783539" lon="2.041389"><ele>209.9</ele><time>2025-09-18T16:20:50Z</time></trkpt>
      <trkpt lat="48.783523" lon="2.041355"><ele>209.0</ele><time>2025-09-18T16:20:51Z</time></trkpt>
      <trkpt lat="48.783514" lon="2.041330"><ele>207.7</ele><time>2025-09-18T16:20:52Z</time></trkpt>
      <trkpt lat="48.783502" lon="2.041303"><ele>204.7</ele><time>2025-09-18T16:20:53Z</time></trkpt>
      <trkpt lat="48.783488" lon="2.041280"><ele>201.5</ele><time>2025-09-18T16:20:54Z</time></trkpt>
      <trkpt lat="48.783480" lon="2.041265"><ele>200.3</ele><time>2025-09-18T16:20:55Z</time></trkpt>
      <trkpt lat="48.783467" lon="2.041241"><ele>199.0</ele><time>2025-09-18T16:20:56Z</time></trkpt>
      <trkpt lat="48.783457" lon="2.041214"><ele>199.6</ele><time>2025-09-18T16:20:57Z</time></trkpt>
      <trkpt lat="48.783449" lon="2.041177"><ele>197.4</ele><time>2025-09-18T16:20:58Z</time></trkpt>
      <trkpt lat="48.783439" lon="2.041149"><ele>195.0</ele><time>2025-09-18T16:20:59Z</time></trkpt>
      <trkpt lat="48.783428" lon="2.041114"><ele>190.1</ele><time>2025-09-18T16:21:00Z</time></trkpt>
      <trkpt lat="48.783387" lon="2.041033"><ele>172.9</ele><time>2025-09-18T16:21:10Z</time></trkpt>
      <trkpt lat="48.783360" lon="2.040973"><ele>172.4</ele><time>2025-09-18T16:21:11Z</time></trkpt>
      <trkpt lat="48.783322" lon="2.040883"><ele>172.9</ele><time>2025-09-18T16:21:12Z</time></trkpt>
      <trkpt lat="48.783280" lon="2.040802"><ele>172.9</ele><time>2025-09-18T16:21:13Z</time></trkpt>
      <trkpt lat="48.783233" lon="2.040758"><ele>173.4</ele><time>2025-09-18T16:21:14Z</time></trkpt>
      <trkpt lat="48.783184" lon="2.040768"><ele>173.5</ele><time>2025-09-18T16:21:15Z</time></trkpt>
      <trkpt lat="48.783130" lon="2.040818"><ele>174.3</ele><time>2025-09-18T16:21:16Z</time></trkpt>
      <trkpt lat="48.783064" lon="2.040892"><ele>174.9</ele><time>2025-09-18T16:21:17Z</time></trkpt>
      <trkpt lat="48.782976" lon="2.040973"><ele>174.0</ele><time>2025-09-18T16:21:18Z</time></trkpt>
      <trkpt lat="48.782872" lon="2.041034"><ele>172.9</ele><time>2025-09-18T16:21:19Z</time></trkpt>
      <trkpt lat="48.782758" lon="2.041062"><ele>172.8</ele><time>2025-09-18T16:21:20Z</time></trkpt>
      <trkpt lat="48.782626" lon="2.041038"><ele>171.6</ele><time>2025-09-18T16:21:21Z</time></trkpt>
      <trkpt lat="48.782489" lon="2.040972"><ele>171.3</ele><time>2025-09-18T16:21:22Z</time></trkpt>
      <trkpt lat="48.782341" lon="2.040883"><ele>169.5</ele><time>2025-09-18T16:21:23Z</time></trkpt>
      <trkpt lat="48.782202" lon="2.040796"><ele>168.4</ele><time>2025-09-18T16:21:24Z</time></trkpt>
      <trkpt lat="48.782075" lon="2.040722"><ele>167.7</ele><time>2025-09-18T16:21:25Z</time></trkpt>
      <trkpt lat="48.781958" lon="2.040657"><ele>167.3</ele><time>2025-09-18T16:21:26Z</time></trkpt>
      <trkpt lat="48.781853" lon="2.040599"><ele>166.7</ele><time>2025-09-18T16:21:27Z</time></trkpt>
      <trkpt lat="48.781758" lon="2.040548"><ele>166.5</ele><time>2025-09-18T16:21:28Z</time></trkpt>
      <trkpt lat="48.781669" lon="2.040503"><ele>165.2</ele><time>2025-09-18T16:21:29Z</time></trkpt>
      <trkpt lat="48.781592" lon="2.040461"><ele>164.2</ele><time>2025-09-18T16:21:30Z</time></trkpt>
      <trkpt lat="48.781529" lon="2.040429"><ele>164.7</ele><time>2025-09-18T16:21:31Z</time></trkpt>
      <trkpt lat="48.781467" lon="2.040395"><ele>163.9</ele><time>2025-09-18T16:21:32Z</time></trkpt>
      <trkpt lat="48.781420" lon="2.040359"><ele>164.3</ele><time>2025-09-18T16:21:33Z</time></trkpt>
      <trkpt lat="48.781377" lon="2.040331"><ele>163.7</ele><time>2025-09-18T16:21:34Z</time></trkpt>
      <trkpt lat="48.781342" lon="2.040305"><ele>162.9</ele><time>2025-09-18T16:21:35Z</time></trkpt>
      <trkpt lat="48.781309" lon="2.040286"><ele>161.9</ele><time>2025-09-18T16:21:36Z</time></trkpt>
      <trkpt lat="48.781288" lon="2.040274"><ele>161.3</ele><time>2025-09-18T16:21:37Z</time></trkpt>
      <trkpt lat="48.781275" lon="2.040267"><ele>160.6</ele><time>2025-09-18T16:21:38Z</time></trkpt>
      <trkpt lat="48.781248" lon="2.040275"><ele>157.0</ele><time>2025-09-18T16:22:13Z</time></trkpt>
      <trkpt lat="48.781224" lon="2.040257"><ele>157.1</ele><time>2025-09-18T16:22:14Z</time></trkpt>
      <trkpt lat="48.781174" lon="2.040227"><ele>157.4</ele><time>2025-09-18T16:22:15Z</time></trkpt>
      <trkpt lat="48.781106" lon="2.040217"><ele>157.2</ele><time>2025-09-18T16:22:16Z</time></trkpt>
      <trkpt lat="48.781034" lon="2.040247"><ele>156.3</ele><time>2025-09-18T16:22:17Z</time></trkpt>
      <trkpt lat="48.780972" lon="2.040322"><ele>156.1</ele><time>2025-09-18T16:22:18Z</time></trkpt>
      <trkpt lat="48.780928" lon="2.040433"><ele>156.5</ele><time>2025-09-18T16:22:19Z</time></trkpt>
      <trkpt lat="48.780891" lon="2.040566"><ele>156.4</ele><time>2025-09-18T16:22:20Z</time></trkpt>
      <trkpt lat="48.780858" lon="2.040706"><ele>156.4</ele><time>2025-09-18T16:22:21Z</time></trkpt>
      <trkpt lat="48.780827" lon="2.040834"><ele>156.2</ele><time>2025-09-18T16:22:22Z</time></trkpt>
      <trkpt lat="48.780797" lon="2.040951"><ele>156.8</ele><time>2025-09-18T16:22:23Z</time></trkpt>
      <trkpt lat="48.780772" lon="2.041060"><ele>157.3</ele><time>2025-09-18T16:22:24Z</time></trkpt>
      <trkpt lat="48.780749" lon="2.041157"><ele>157.5</ele><time>2025-09-18T16:22:25Z</time></trkpt>
      <trkpt lat="48.780724" lon="2.041235"><ele>157.4</ele><time>2025-09-18T16:22:26Z</time></trkpt>
      <trkpt lat="48.780704" lon="2.041307"><ele>158.3</ele><time>2025-09-18T16:22:27Z</time></trkpt>
      <trkpt lat="48.780683" lon="2.041381"><ele>159.1</ele><time>2025-09-18T16:22:28Z</time></trkpt>
      <trkpt lat="48.780663" lon="2.041459"><ele>160.2</ele><time>2025-09-18T16:22:29Z</time></trkpt>
      <trkpt lat="48.780647" lon="2.041535"><ele>161.0</ele><time>2025-09-18T16:22:30Z</time></trkpt>
      <trkpt lat="48.780629" lon="2.041619"><ele>161.2</ele><time>2025-09-18T16:22:31Z</time></trkpt>
      <trkpt lat="48.780616" lon="2.041689"><ele>162.3</ele><time>2025-09-18T16:22:32Z</time></trkpt>
      <trkpt lat="48.780605" lon="2.041752"><ele>163.2</ele><time>2025-09-18T16:22:33Z</time></trkpt>
      <trkpt lat="48.780597" lon="2.041806"><ele>164.6</ele><time>2025-09-18T16:22:34Z</time></trkpt>
      <trkpt lat="48.780589" lon="2.041848"><ele>164.7</ele><time>2025-09-18T16:22:35Z</time></trkpt>
      <trkpt lat="48.780585" lon="2.041893"><ele>164.4</ele><time>2025-09-18T16:22:36Z</time></trkpt>
      <trkpt lat="48.780588" lon="2.041950"><ele>167.0</ele><time>2025-09-18T16:22:37Z</time></trkpt>
      <trkpt lat="48.780584" lon="2.042014"><ele>169.8</ele><time>2025-09-18T16:22:38Z</time></trkpt>
      <trkpt lat="48.780565" lon="2.042094"><ele>170.1</ele><time>2025-09-18T16:22:39Z</time></trkpt>
      <trkpt lat="48.780542" lon="2.042177"><ele>170.4</ele><time>2025-09-18T16:22:40Z</time></trkpt>
      <trkpt lat="48.780526" lon="2.042257"><ele>173.1</ele><time>2025-09-18T16:22:41Z</time></trkpt>
      <trkpt lat="48.780499" lon="2.042341"><ele>173.0</ele><time>2025-09-18T16:22:42Z</time></trkpt>
      <trkpt lat="48.780467" lon="2.042433"><ele>172.5</ele><time>2025-09-18T16:22:43Z</time></trkpt>
      <trkpt lat="48.780440" lon="2.042530"><ele>173.4</ele><time>2025-09-18T16:22:44Z</time></trkpt>
      <trkpt lat="48.780415" lon="2.042620"><ele>174.1</ele><time>2025-09-18T16:22:45Z</time></trkpt>
      <trkpt lat="48.780394" lon="2.042696"><ele>175.1</ele><time>2025-09-18T16:22:46Z</time></trkpt>
      <trkpt lat="48.780377" lon="2.042756"><ele>175.8</ele><time>2025-09-18T16:22:47Z</time></trkpt>
      <trkpt lat="48.780369" lon="2.042804"><ele>177.5</ele><time>2025-09-18T16:22:48Z</time></trkpt>
      <trkpt lat="48.780356" lon="2.042845"><ele>177.9</ele><time>2025-09-18T16:22:49Z</time></trkpt>
      <trkpt lat="48.780346" lon="2.042878"><ele>177.9</ele><time>2025-09-18T16:22:50Z</time></trkpt>
      <trkpt lat="48.780337" lon="2.042905"><ele>178.1</ele><time>2025-09-18T16:22:51Z</time></trkpt>
      <trkpt lat="48.780328" lon="2.042929"><ele>177.8</ele><time>2025-09-18T16:22:52Z</time></trkpt>
      <trkpt lat="48.780319" lon="2.042956"><ele>178.2</ele><time>2025-09-18T16:22:53Z</time></trkpt>
      <trkpt lat="48.780314" lon="2.042997"><ele>178.5</ele><time>2025-09-18T16:22:54Z</time></trkpt>
      <trkpt lat="48.780303" lon="2.043058"><ele>177.9</ele><time>2025-09-18T16:22:55Z</time></trkpt>
      <trkpt lat="48.780287" lon="2.043114"><ele>178.3</ele><time>2025-09-18T16:22:56Z</time></trkpt>
      <trkpt lat="48.780260" lon="2.043182"><ele>177.7</ele><time>2025-09-18T16:22:57Z</time></trkpt>
      <trkpt lat="48.780246" lon="2.043250"><ele>177.7</ele><time>2025-09-18T16:22:58Z</time></trkpt>
      <trkpt lat="48.780248" lon="2.043317"><ele>176.6</ele><time>2025-09-18T16:22:59Z</time></trkpt>
      <trkpt lat="48.780281" lon="2.043369"><ele>174.5</ele><time>2025-09-18T16:23:00Z</time></trkpt>
      <trkpt lat="48.780312" lon="2.043398"><ele>170.9</ele><time>2025-09-18T16:23:01Z</time></trkpt>
      <trkpt lat="48.780339" lon="2.043433"><ele>167.8</ele><time>2025-09-18T16:23:02Z</time></trkpt>
      <trkpt lat="48.780361" lon="2.043480"><ele>166.1</ele><time>2025-09-18T16:23:03Z</time></trkpt>
      <trkpt lat="48.780387" lon="2.043540"><ele>164.9</ele><time>2025-09-18T16:23:04Z</time></trkpt>
      <trkpt lat="48.780412" lon="2.043603"><ele>163.2</ele><time>2025-09-18T16:23:05Z</time></trkpt>
      <trkpt lat="48.780438" lon="2.043701"><ele>162.8</ele><time>2025-09-18T16:23:06Z</time></trkpt>
      <trkpt lat="48.780479" lon="2.043801"><ele>162.9</ele><time>2025-09-18T16:23:07Z</time></trkpt>
      <trkpt lat="48.780525" lon="2.043916"><ele>162.5</ele><time>2025-09-18T16:23:08Z</time></trkpt>
      <trkpt lat="48.780569" lon="2.044028"><ele>162.5</ele><time>2025-09-18T16:23:09Z</time></trkpt>
      <trkpt lat="48.780619" lon="2.044142"><ele>161.6</ele><time>2025-09-18T16:23:10Z</time></trkpt>
      <trkpt lat="48.780661" lon="2.044234"><ele>160.8</ele><time>2025-09-18T16:23:11Z</time></trkpt>
      <trkpt lat="48.780699" lon="2.044315"><ele>161.4</ele><time>2025-09-18T16:23:12Z</time></trkpt>
      <trkpt lat="48.780722" lon="2.044382"><ele>160.3</ele><time>2025-09-18T16:23:13Z</time></trkpt>
      <trkpt lat="48.780732" lon="2.044448"><ele>160.5</ele><time>2025-09-18T16:23:14Z</time></trkpt>
      <trkpt lat="48.780735" lon="2.044490"><ele>161.3</ele><time>2025-09-18T16:23:15Z</time></trkpt>
      <trkpt lat="48.780736" lon="2.044513"><ele>161.1</ele><time>2025-09-18T16:23:16Z</time></trkpt>
      <trkpt lat="48.780739" lon="2.044539"><ele>162.5</ele><time>2025-09-18T16:23:17Z</time></trkpt>
      <trkpt lat="48.780726" lon="2.044566"><ele>162.3</ele><time>2025-09-18T16:23:18Z</time></trkpt>
      <trkpt lat="48.780705" lon="2.044589"><ele>162.8</ele><time>2025-09-18T16:23:19Z</time></trkpt>
      <trkpt lat="48.780691" lon="2.044602"><ele>163.7</ele><time>2025-09-18T16:23:20Z</time></trkpt>
      <trkpt lat="48.780685" lon="2.044608"><ele>164.0</ele><time>2025-09-18T16:23:21Z</time></trkpt>
      <trkpt lat="48.780706" lon="2.044492"><ele>179.0</ele><time>2025-09-18T16:23:55Z</time></trkpt>
      <trkpt lat="48.780669" lon="2.044528"><ele>179.3</ele><time>2025-09-18T16:23:56Z</time></trkpt>
      <trkpt lat="48.780616" lon="2.044579"><ele>179.3</ele><time>2025-09-18T16:23:57Z</time></trkpt>
      <trkpt lat="48.780555" lon="2.044644"><ele>179.5</ele><time>2025-09-18T16:23:58Z</time></trkpt>
      <trkpt lat="48.780555" lon="2.044644"><ele>179.5</ele><time>2025-09-18T16:23:59Z</time></trkpt>
      <trkpt lat="48.779500" lon="2.044221"><ele>171.2</ele><time>2025-09-18T16:26:29Z</time></trkpt>
      <trkpt lat="48.779508" lon="2.044231"><ele>168.4</ele><time>2025-09-18T16:26:30Z</time></trkpt>
      <trkpt lat="48.779520" lon="2.044210"><ele>167.4</ele><time>2025-09-18T16:26:31Z</time></trkpt>
      <trkpt lat="48.779532" lon="2.044191"><ele>166.4</ele><time>2025-09-18T16:26:32Z</time></trkpt>
      <trkpt lat="48.779520" lon="2.044209"><ele>165.1</ele><time>2025-09-18T16:26:33Z</time></trkpt>
      <trkpt lat="48.779514" lon="2.044234"><ele>163.6</ele><time>2025-09-18T16:26:34Z</time></trkpt>
      <trkpt lat="48.779507" lon="2.044241"><ele>163.4</ele><time>2025-09-18T16:26:35Z</time></trkpt>
      <trkpt lat="48.779503" lon="2.044237"><ele>163.6</ele><time>2025-09-18T16:26:36Z</time></trkpt>
      <trkpt lat="48.779496" lon="2.044235"><ele>163.8</ele><time>2025-09-18T16:26:37Z</time></trkpt>
      <trkpt lat="48.779493" lon="2.044223"><ele>164.5</ele><time>2025-09-18T16:26:38Z</time></trkpt>
      <trkpt lat="48.779487" lon="2.044218"><ele>164.8</ele><time>2025-09-18T16:26:39Z</time></trkpt>
      <trkpt lat="48.779481" lon="2.044220"><ele>165.3</ele><time>2025-09-18T16:26:40Z</time></trkpt>
      <trkpt lat="48.779471" lon="2.044227"><ele>166.0</ele><time>2025-09-18T16:26:41Z</time></trkpt>
      <trkpt lat="48.779466" lon="2.044231"><ele>166.7</ele><time>2025-09-18T16:26:42Z</time></trkpt>
      <trkpt lat="48.779455" lon="2.044229"><ele>167.1</ele><time>2025-09-18T16:26:43Z</time></trkpt>
      <trkpt lat="48.779444" lon="2.044229"><ele>167.3</ele><time>2025-09-18T16:26:44Z</time></trkpt>
      <trkpt lat="48.779431" lon="2.044221"><ele>167.6</ele><time>2025-09-18T16:26:45Z</time></trkpt>
      <trkpt lat="48.779420" lon="2.044225"><ele>167.9</ele><time>2025-09-18T16:26:46Z</time></trkpt>
      <trkpt lat="48.779404" lon="2.044223"><ele>168.2</ele><time>2025-09-18T16:26:47Z</time></trkpt>
      <trkpt lat="48.779395" lon="2.044218"><ele>169.0</ele><time>2025-09-18T16:26:48Z</time></trkpt>
      <trkpt lat="48.779382" lon="2.044222"><ele>168.8</ele><time>2025-09-18T16:26:49Z</time></trkpt>
      <trkpt lat="48.779367" lon="2.044230"><ele>168.4</ele><time>2025-09-18T16:26:50Z</time></trkpt>
      <trkpt lat="48.779353" lon="2.044228"><ele>168.4</ele><time>2025-09-18T16:26:51Z</time></trkpt>
      <trkpt lat="48.779337" lon="2.044227"><ele>168.3</ele><time>2025-09-18T16:26:52Z</time></trkpt>
      <trkpt lat="48.779326" lon="2.044232"><ele>168.4</ele><time>2025-09-18T16:26:53Z</time></trkpt>
      <trkpt lat="48.779315" lon="2.044230"><ele>168.7</ele><time>2025-09-18T16:26:54Z</time></trkpt>
      <trkpt lat="48.779306" lon="2.044215"><ele>169.1</ele><time>2025-09-18T16:26:55Z</time></trkpt>
      <trkpt lat="48.779299" lon="2.044212"><ele>169.3</ele><time>2025-09-18T16:26:56Z</time></trkpt>
      <trkpt lat="48.779293" lon="2.044215"><ele>169.6</ele><time>2025-09-18T16:26:57Z</time></trkpt>
      <trkpt lat="48.779284" lon="2.044216"><ele>169.6</ele><time>2025-09-18T16:26:58Z</time></trkpt>
      <trkpt lat="48.779280" lon="2.044221"><ele>170.1</ele><time>2025-09-18T16:26:59Z</time></trkpt>
      <trkpt lat="48.779273" lon="2.044221"><ele>170.4</ele><time>2025-09-18T16:27:00Z</time></trkpt>
      <trkpt lat="48.779267" lon="2.044221"><ele>170.9</ele><time>2025-09-18T16:27:01Z</time></trkpt>
      <trkpt lat="48.779259" lon="2.044224"><ele>170.8</ele><time>2025-09-18T16:27:02Z</time></trkpt>
      <trkpt lat="48.779254" lon="2.044232"><ele>170.9</ele><time>2025-09-18T16:27:03Z</time></trkpt>
      <trkpt lat="48.779248" lon="2.044233"><ele>170.6</ele><time>2025-09-18T16:27:04Z</time></trkpt>
      <trkpt lat="48.779206" lon="2.044237"><ele>166.8</ele><time>2025-09-18T16:27:20Z</time></trkpt>
      <trkpt lat="48.779149" lon="2.044254"><ele>164.5</ele><time>2025-09-18T16:27:50Z</time></trkpt>
      <trkpt lat="48.779147" lon="2.044234"><ele>165.2</ele><time>2025-09-18T16:28:59Z</time></trkpt>
      <trkpt lat="48.779134" lon="2.044293"><ele>165.8</ele><time>2025-09-18T16:30:19Z</time></trkpt>
      <trkpt lat="48.779069" lon="2.044229"><ele>172.7</ele><time>2025-09-18T16:31:32Z</time></trkpt>
      <trkpt lat="48.779046" lon="2.044329"><ele>174.0</ele><time>2025-09-18T16:32:07Z</time></trkpt>
      <trkpt lat="48.779057" lon="2.044345"><ele>179.5</ele><time>2025-09-18T16:33:15Z</time></trkpt>
      <trkpt lat="48.779058" lon="2.044339"><ele>178.5</ele><time>2025-09-18T16:33:18Z</time></trkpt>
      <trkpt lat="48.779052" lon="2.044316"><ele>179.9</ele><time>2025-09-18T16:33:27Z</time></trkpt>
      <trkpt lat="48.779093" lon="2.044364"><ele>171.9</ele><time>2025-09-18T16:34:19Z</time></trkpt>
      <trkpt lat="48.779108" lon="2.044385"><ele>169.8</ele><time>2025-09-18T16:34:26Z</time></trkpt>
      <trkpt lat="48.779091" lon="2.044372"><ele>172.2</ele><time>2025-09-18T16:34:46Z</time></trkpt>
      <trkpt lat="48.779082" lon="2.044350"><ele>173.3</ele><time>2025-09-18T16:35:00Z</time></trkpt>
      <trkpt lat="48.779069" lon="2.044333"><ele>176.5</ele><time>2025-09-18T16:35:12Z</time></trkpt>
      <trkpt lat="48.779064" lon="2.044335"><ele>176.5</ele><time>2025-09-18T16:35:13Z</time></trkpt>
      <trkpt lat="48.779049" lon="2.044334"><ele>176.7</ele><time>2025-09-18T16:35:18Z</time></trkpt>
      <trkpt lat="48.779043" lon="2.044337"><ele>177.0</ele><time>2025-09-18T16:35:19Z</time></trkpt>
      <trkpt lat="48.779032" lon="2.044335"><ele>177.1</ele><time>2025-09-18T16:35:20Z</time></trkpt>
      <trkpt lat="48.779024" lon="2.044335"><ele>176.9</ele><time>2025-09-18T16:35:21Z</time></trkpt>
      <trkpt lat="48.779018" lon="2.044344"><ele>176.8</ele><time>2025-09-18T16:35:22Z</time></trkpt>
      <trkpt lat="48.779010" lon="2.044345"><ele>177.1</ele><time>2025-09-18T16:35:23Z</time></trkpt>
      <trkpt lat="48.779001" lon="2.044348"><ele>177.6</ele><time>2025-09-18T16:35:24Z</time></trkpt>
      <trkpt lat="48.778992" lon="2.044355"><ele>177.7</ele><time>2025-09-18T16:35:25Z</time></trkpt>
      <trkpt lat="48.778982" lon="2.044359"><ele>178.0</ele><time>2025-09-18T16:35:26Z</time></trkpt>
      <trkpt lat="48.778970" lon="2.044358"><ele>178.5</ele><time>2025-09-18T16:35:27Z</time></trkpt>
      <trkpt lat="48.778959" lon="2.044350"><ele>178.9</ele><time>2025-09-18T16:35:28Z</time></trkpt>
      <trkpt lat="48.778946" lon="2.044356"><ele>179.5</ele><time>2025-09-18T16:35:29Z</time></trkpt>
      <trkpt lat="48.778937" lon="2.044357"><ele>179.4</ele><time>2025-09-18T16:35:30Z</time></trkpt>
      <trkpt lat="48.778930" lon="2.044365"><ele>179.8</ele><time>2025-09-18T16:35:31Z</time></trkpt>
      <trkpt lat="48.778920" lon="2.044366"><ele>180.1</ele><time>2025-09-18T16:35:32Z</time></trkpt>
      <trkpt lat="48.778906" lon="2.044372"><ele>180.1</ele><time>2025-09-18T16:35:33Z</time></trkpt>
      <trkpt lat="48.778896" lon="2.044377"><ele>180.1</ele><time>2025-09-18T16:35:34Z</time></trkpt>
      <trkpt lat="48.778889" lon="2.044392"><ele>179.6</ele><time>2025-09-18T16:35:35Z</time></trkpt>
      <trkpt lat="48.778884" lon="2.044405"><ele>180.0</ele><time>2025-09-18T16:35:36Z</time></trkpt>
      <trkpt lat="48.778876" lon="2.044406"><ele>180.3</ele><time>2025-09-18T16:35:37Z</time></trkpt>
      <trkpt lat="48.778871" lon="2.044419"><ele>180.1</ele><time>2025-09-18T16:35:38Z</time></trkpt>
      <trkpt lat="48.778861" lon="2.044434"><ele>179.7</ele><time>2025-09-18T16:35:40Z</time></trkpt>
      <trkpt lat="48.778854" lon="2.044444"><ele>179.5</ele><time>2025-09-18T16:35:41Z</time></trkpt>
      <trkpt lat="48.778843" lon="2.044449"><ele>179.5</ele><time>2025-09-18T16:35:42Z</time></trkpt>
      <trkpt lat="48.778831" lon="2.044456"><ele>179.6</ele><time>2025-09-18T16:35:43Z</time></trkpt>
      <trkpt lat="48.778822" lon="2.044477"><ele>178.9</ele><time>2025-09-18T16:35:44Z</time></trkpt>
      <trkpt lat="48.778829" lon="2.044536"><ele>176.9</ele><time>2025-09-18T16:35:45Z</time></trkpt>
      <trkpt lat="48.778841" lon="2.044592"><ele>173.2</ele><time>2025-09-18T16:35:46Z</time></trkpt>
      <trkpt lat="48.778848" lon="2.044640"><ele>169.9</ele><time>2025-09-18T16:35:47Z</time></trkpt>
      <trkpt lat="48.778839" lon="2.044661"><ele>169.4</ele><time>2025-09-18T16:35:48Z</time></trkpt>
      <trkpt lat="48.778834" lon="2.044688"><ele>169.1</ele><time>2025-09-18T16:35:49Z</time></trkpt>
      <trkpt lat="48.778835" lon="2.044713"><ele>169.8</ele><time>2025-09-18T16:35:50Z</time></trkpt>
      <trkpt lat="48.778833" lon="2.044727"><ele>169.8</ele><time>2025-09-18T16:35:51Z</time></trkpt>
      <trkpt lat="48.778829" lon="2.044750"><ele>170.2</ele><time>2025-09-18T16:35:52Z</time></trkpt>
      <trkpt lat="48.778824" lon="2.044773"><ele>170.3</ele><time>2025-09-18T16:35:53Z</time></trkpt>
      <trkpt lat="48.778821" lon="2.044792"><ele>170.2</ele><time>2025-09-18T16:35:54Z</time></trkpt>
      <trkpt lat="48.778815" lon="2.044813"><ele>170.1</ele><time>2025-09-18T16:35:55Z</time></trkpt>
      <trkpt lat="48.778809" lon="2.044831"><ele>170.2</ele><time>2025-09-18T16:35:56Z</time></trkpt>
      <trkpt lat="48.778806" lon="2.044849"><ele>170.2</ele><time>2025-09-18T16:35:57Z</time></trkpt>
      <trkpt lat="48.778800" lon="2.044853"><ele>169.8</ele><time>2025-09-18T16:35:58Z</time></trkpt>
      <trkpt lat="48.778790" lon="2.044845"><ele>169.9</ele><time>2025-09-18T16:35:59Z</time></trkpt>
      <trkpt lat="48.778779" lon="2.044840"><ele>169.8</ele><time>2025-09-18T16:36:00Z</time></trkpt>
      <trkpt lat="48.778768" lon="2.044843"><ele>170.4</ele><time>2025-09-18T16:36:01Z</time></trkpt>
      <trkpt lat="48.778760" lon="2.044849"><ele>170.7</ele><time>2025-09-18T16:36:02Z</time></trkpt>
      <trkpt lat="48.778747" lon="2.044841"><ele>170.9</ele><time>2025-09-18T16:36:03Z</time></trkpt>
      <trkpt lat="48.778737" lon="2.044826"><ele>171.6</ele><time>2025-09-18T16:36:04Z</time></trkpt>
      <trkpt lat="48.778723" lon="2.044825"><ele>172.5</ele><time>2025-09-18T16:36:05Z</time></trkpt>
      <trkpt lat="48.778703" lon="2.044808"><ele>173.3</ele><time>2025-09-18T16:36:06Z</time></trkpt>
      <trkpt lat="48.778688" lon="2.044808"><ele>173.3</ele><time>2025-09-18T16:36:07Z</time></trkpt>
      <trkpt lat="48.778677" lon="2.044811"><ele>173.2</ele><time>2025-09-18T16:36:08Z</time></trkpt>
      <trkpt lat="48.778663" lon="2.044814"><ele>173.4</ele><time>2025-09-18T16:36:09Z</time></trkpt>
      <trkpt lat="48.778649" lon="2.044818"><ele>173.0</ele><time>2025-09-18T16:36:10Z</time></trkpt>
      <trkpt lat="48.778639" lon="2.044831"><ele>173.0</ele><time>2025-09-18T16:36:11Z</time></trkpt>
      <trkpt lat="48.778627" lon="2.044840"><ele>173.2</ele><time>2025-09-18T16:36:12Z</time></trkpt>
      <trkpt lat="48.778615" lon="2.044847"><ele>173.4</ele><time>2025-09-18T16:36:13Z</time></trkpt>
      <trkpt lat="48.778604" lon="2.044862"><ele>173.3</ele><time>2025-09-18T16:36:14Z</time></trkpt>
      <trkpt lat="48.778596" lon="2.044879"><ele>172.9</ele><time>2025-09-18T16:36:15Z</time></trkpt>
      <trkpt lat="48.778590" lon="2.044894"><ele>172.5</ele><time>2025-09-18T16:36:16Z</time></trkpt>
      <trkpt lat="48.778590" lon="2.044931"><ele>171.5</ele><time>2025-09-18T16:36:17Z</time></trkpt>
      <trkpt lat="48.778588" lon="2.044960"><ele>170.7</ele><time>2025-09-18T16:36:18Z</time></trkpt>
      <trkpt lat="48.778582" lon="2.045003"><ele>168.8</ele><time>2025-09-18T16:36:19Z</time></trkpt>
      <trkpt lat="48.778576" lon="2.045018"><ele>167.9</ele><time>2025-09-18T16:36:20Z</time></trkpt>
      <trkpt lat="48.778579" lon="2.045037"><ele>167.7</ele><time>2025-09-18T16:36:21Z</time></trkpt>
      <trkpt lat="48.778574" lon="2.045053"><ele>167.6</ele><time>2025-09-18T16:36:22Z</time></trkpt>
      <trkpt lat="48.778569" lon="2.045065"><ele>167.5</ele><time>2025-09-18T16:36:23Z</time></trkpt>
      <trkpt lat="48.778565" lon="2.045069"><ele>167.3</ele><time>2025-09-18T16:36:24Z</time></trkpt>
      <trkpt lat="48.778554" lon="2.045090"><ele>166.9</ele><time>2025-09-18T16:36:26Z</time></trkpt>
      <trkpt lat="48.778549" lon="2.045091"><ele>167.0</ele><time>2025-09-18T16:36:27Z</time></trkpt>
      <trkpt lat="48.778531" lon="2.045119"><ele>167.0</ele><time>2025-09-18T16:36:29Z</time></trkpt>
      <trkpt lat="48.778522" lon="2.045136"><ele>167.1</ele><time>2025-09-18T16:36:30Z</time></trkpt>
      <trkpt lat="48.778522" lon="2.045136"><ele>167.1</ele><time>2025-09-18T16:36:31Z</time></trkpt>
      <trkpt lat="48.778530" lon="2.045139"><ele>167.4</ele><time>2025-09-18T16:36:32Z</time></trkpt>
    </trkseg>
  </trk>
</gpx>
