timestamp,lat,lon,alt_m,speed_kmh,course_deg,hdop,sats
2025-09-17T14:01:05Z,48.779085,2.044811,126.5,5.98,327.4,7.59,3
2025-09-17T14:01:06Z,48.779108,2.044795,126.5,4.67,327.4,7.59,3
2025-09-17T14:01:07Z,48.779140,2.044784,126.7,4.69,331.1,7.59,3
2025-09-17T14:01:08Z,48.779153,2.044773,127.5,4.67,331.1,7.59,3
2025-09-17T14:01:09Z,48.779155,2.044764,127.1,5.07,331.0,7.60,3
2025-09-17T14:01:10Z,48.779131,2.044745,126.1,5.24,326.1,7.60,3
2025-09-17T14:01:11Z,48.779108,2.044729,127.0,4.56,321.6,7.60,3
2025-09-17T14:01:12Z,48.779105,2.044719,127.6,4.28,315.0,7.60,3
2025-09-17T14:01:13Z,48.779130,2.044708,128.4,4.70,316.7,7.60,3
2025-09-17T14:01:14Z,48.779142,2.044698,127.6,5.28,319.8,7.60,3
2025-09-17T14:01:15Z,48.779150,2.044689,128.1,4.61,324.3,7.60,3
2025-09-17T14:01:16Z,48.779162,2.044683,127.6,3.91,328.5,7.61,3
2025-09-17T14:01:17Z,48.779180,2.044677,127.8,4.50,335.2,7.61,3
2025-09-17T14:01:18Z,48.779193,2.044669,127.7,4.91,329.5,7.61,3
2025-09-17T14:01:19Z,48.779204,2.044660,127.2,5.06,327.0,7.61,3
2025-09-17T14:01:20Z,48.779216,2.044649,128.4,4.93,327.8,7.61,3
2025-09-17T14:01:21Z,48.779226,2.044639,127.4,4.52,325.8,7.61,3
2025-09-17T14:01:22Z,48.779235,2.044624,128.7,4.85,325.8,7.61,3
2025-09-17T14:01:23Z,48.779242,2.044613,127.6,4.93,325.8,7.62,3
2025-09-17T14:01:24Z,48.779249,2.044602,128.0,4.17,325.8,7.62,3
2025-09-17T14:01:25Z,48.779255,2.044592,127.3,4.09,325.8,7.62,3
2025-09-17T14:01:26Z,48.779254,2.044582,126.3,4.04,325.8,7.62,3
2025-09-17T14:01:27Z,48.779259,2.044573,127.1,4.04,325.8,7.62,3
2025-09-17T14:01:28Z,48.779263,2.044565,127.2,3.91,325.8,7.62,3
2025-09-17T14:01:29Z,48.779269,2.044558,127.3,3.87,325.8,7.62,3
2025-09-17T14:01:30Z,48.779268,2.044549,127.0,3.24,325.8,7.63,3
2025-09-17T14:01:31Z,48.779273,2.044538,127.3,3.13,325.8,7.63,3
2025-09-17T14:01:32Z,48.779277,2.044526,127.9,3.41,325.8,7.63,3
2025-09-17T14:01:33Z,48.779277,2.044519,126.7,2.96,325.8,7.63,3
2025-09-17T14:01:34Z,48.779268,2.044512,126.1,1.91,325.8,7.63,3
2025-09-17T14:01:35Z,48.779283,2.044500,127.1,2.13,325.8,7.63,3
2025-09-17T14:01:36Z,48.779300,2.044485,126.2,4.37,325.8,7.63,3
2025-09-17T14:01:37Z,48.779306,2.044472,127.8,4.28,325.8,7.64,3
2025-09-17T14:01:38Z,48.779319,2.044457,127.9,4.02,325.8,7.64,3
2025-09-17T14:01:39Z,48.779329,2.044446,126.4,4.17,325.8,7.64,3
2025-09-17T14:01:40Z,48.779345,2.044439,126.3,4.82,320.6,7.64,3
2025-09-17T14:01:41Z,48.779359,2.044429,127.0,4.85,323.4,7.64,3
2025-09-17T14:01:42Z,48.779373,2.044423,127.6,4.35,328.4,7.64,3
2025-09-17T14:01:43Z,48.779382,2.044417,127.1,3.94,328.4,7.64,3
2025-09-17T14:01:44Z,48.779401,2.044407,127.7,4.76,330.9,7.65,3
2025-09-17T14:01:45Z,48.779405,2.044400,125.8,4.98,327.2,7.65,3
2025-09-17T14:01:46Z,48.779427,2.044395,126.1,4.96,328.0,7.65,3
2025-09-17T14:01:47Z,48.779437,2.044387,126.6,4.22,324.0,7.65,3
2025-09-17T14:01:48Z,48.779446,2.044376,127.3,4.13,317.6,7.65,3
2025-09-17T14:01:49Z,48.779451,2.044364,127.8,4.30,317.2,7.65,3
2025-09-17T14:01:50Z,48.779460,2.044352,127.9,4.87,320.1,7.66,3
2025-09-17T14:01:51Z,48.779470,2.044337,127.9,4.76,319.2,7.66,3
2025-09-17T14:01:52Z,48.779484,2.044322,127.8,4.39,322.2,7.66,3
2025-09-17T14:01:53Z,48.779502,2.044307,127.8,4.30,322.1,7.66,3
2025-09-17T14:01:54Z,48.779517,2.044297,128.2,5.70,330.1,7.66,3
2025-09-17T14:01:55Z,48.779529,2.044291,128.1,5.26,336.8,7.66,3
2025-09-17T14:01:56Z,48.779541,2.044282,126.9,4.44,330.4,7.66,3
2025-09-17T14:01:57Z,48.779547,2.044272,127.8,4.28,330.4,7.67,3
2025-09-17T14:01:58Z,48.779547,2.044272,127.8,4.28,330.4,99.99,0
2025-09-17T14:02:16Z,48.779632,2.044062,124.2,4.43,330.4,7.69,3
2025-09-17T14:02:17Z,48.779632,2.044062,124.2,4.43,330.4,7.70,3
2025-09-17T14:02:19Z,48.779646,2.044040,126.0,3.91,330.4,7.70,3
2025-09-17T14:02:20Z,48.779598,2.044035,126.3,3.19,330.4,7.70,3
2025-09-17T14:02:21Z,48.779598,2.044035,126.3,3.19,330.4,7.27,4
2025-09-17T14:02:25Z,48.779697,2.044166,129.3,1.22,330.4,4.05,3
2025-09-17T14:02:26Z,48.779701,2.044183,129.0,0.87,330.4,4.05,3
2025-09-17T14:02:27Z,48.779699,2.044177,128.7,3.59,358.7,4.05,3
2025-09-17T14:02:28Z,48.779706,2.044179,128.9,3.52,6.4,4.05,3
2025-09-17T14:02:29Z,48.779706,2.044179,128.9,3.52,6.4,99.99,0
2025-09-17T14:02:33Z,48.779749,2.044179,129.5,3.30,6.4,4.05,3
2025-09-17T14:02:34Z,48.779767,2.044182,128.8,5.13,6.4,4.05,3
2025-09-17T14:02:35Z,48.779795,2.044196,125.0,6.82,6.4,7.37,4
2025-09-17T14:02:36Z,48.779818,2.044209,126.3,7.83,6.4,7.37,4
2025-09-17T14:02:37Z,48.779839,2.044235,127.2,8.57,6.4,7.38,4
2025-09-17T14:02:38Z,48.779852,2.044247,127.3,7.78,6.4,7.39,4
2025-09-17T14:02:39Z,48.779872,2.044255,127.4,7.98,6.4,7.73,3
2025-09-17T14:02:40Z,48.779888,2.044285,123.3,8.93,6.4,7.40,4
2025-09-17T14:02:41Z,48.779881,2.044301,122.7,7.69,6.4,7.41,4
2025-09-17T14:02:42Z,48.779881,2.044301,122.7,7.69,6.4,99.99,0
2025-09-17T14:06:33Z,48.779681,2.044087,127.9,4.89,6.4,5.59,3
2025-09-17T14:06:34Z,48.779681,2.044087,127.9,4.89,6.4,5.59,3
2025-09-17T14:06:36Z,48.779651,2.044119,127.1,0.76,6.4,5.59,3
2025-09-17T14:06:37Z,48.779656,2.044123,126.6,0.63,6.4,5.59,3
2025-09-17T14:06:38Z,48.779664,2.044113,128.2,0.59,6.4,5.59,3
2025-09-17T14:06:39Z,48.779692,2.044129,127.6,0.65,6.4,5.59,3
2025-09-17T14:06:40Z,48.779707,2.044132,128.2,0.09,6.4,5.59,3
2025-09-17T14:06:41Z,48.779702,2.044126,130.4,0.52,6.4,9.86,4
2025-09-17T14:06:42Z,48.779670,2.044106,132.0,0.06,6.4,9.87,4
2025-09-17T14:06:43Z,48.779649,2.044093,133.2,0.09,6.4,9.89,4
2025-09-17T14:06:44Z,48.779652,2.044096,133.6,0.46,6.4,9.90,4
2025-09-17T14:06:45Z,48.779653,2.044098,134.3,0.54,6.4,9.92,4
2025-09-17T14:06:46Z,48.779651,2.044100,135.0,0.33,6.4,9.93,4
2025-09-17T14:06:47Z,48.779649,2.044099,135.5,0.24,6.4,9.95,4
2025-09-17T14:06:48Z,48.779649,2.044100,136.1,0.31,6.4,9.96,4
2025-09-17T14:06:49Z,48.779649,2.044100,136.5,0.56,6.4,9.98,4
2025-09-17T14:06:50Z,48.779649,2.044100,137.0,0.28,6.4,9.99,4
2025-09-17T14:06:51Z,48.779648,2.044100,137.1,0.50,6.4,10.01,4
2025-09-17T14:06:52Z,48.779641,2.044100,137.8,0.20,6.4,10.02,4
2025-09-17T14:06:53Z,48.779637,2.044092,136.8,0.46,6.4,10.04,4
2025-09-17T14:06:54Z,48.779636,2.044090,136.5,0.50,6.4,10.05,4
2025-09-17T14:06:55Z,48.779634,2.044088,136.2,0.17,6.4,10.07,4
2025-09-17T14:06:56Z,48.779630,2.044082,135.7,0.26,6.4,10.08,4
2025-09-17T14:06:57Z,48.779628,2.044078,135.4,0.24,6.4,10.10,4
2025-09-17T14:06:58Z,48.779626,2.044075,134.9,0.46,6.4,10.11,4
2025-09-17T14:06:59Z,48.779624,2.044075,135.0,0.44,6.4,10.13,4
2025-09-17T14:07:00Z,48.779621,2.044076,135.0,0.28,6.4,10.15,4
2025-09-17T14:07:01Z,48.779619,2.044072,134.6,0.06,6.4,10.16,4
2025-09-17T14:07:02Z,48.779615,2.044070,134.5,0.30,6.4,10.18,4
2025-09-17T14:07:03Z,48.779570,2.044123,146.8,0.24,6.4,1.76,7
2025-09-17T14:07:04Z,48.779567,2.044141,149.0,0.22,6.4,1.76,7
2025-09-17T14:07:05Z,48.779564,2.044152,150.6,0.07,6.4,1.76,7
2025-09-17T14:07:06Z,48.779561,2.044168,152.2,0.37,6.4,1.76,7
2025-09-17T14:07:07Z,48.779560,2.044176,152.8,0.31,6.4,1.76,7
2025-09-17T14:07:08Z,48.779559,2.044183,153.2,0.13,6.4,1.76,7
2025-09-17T14:07:09Z,48.779558,2.044189,153.3,0.22,6.4,1.76,7
2025-09-17T14:07:10Z,48.779558,2.044191,153.1,0.13,6.4,1.76,7
2025-09-17T14:07:11Z,48.779558,2.044195,153.2,0.24,6.4,1.76,7
2025-09-17T14:07:12Z,48.779557,2.044197,153.2,0.06,6.4,1.76,7
2025-09-17T14:07:13Z,48.779557,2.044199,153.1,0.13,6.4,1.75,7
2025-09-17T14:07:14Z,48.779558,2.044200,153.0,0.24,6.4,1.75,7
2025-09-17T14:07:15Z,48.779559,2.044201,153.2,0.07,6.4,1.75,7
2025-09-17T14:07:16Z,48.779559,2.044204,153.8,0.22,6.4,1.75,7
2025-09-17T14:07:17Z,48.779559,2.044209,154.5,0.15,6.4,1.75,7
2025-09-17T14:07:18Z,48.779560,2.044211,155.1,0.06,6.4,1.75,7
2025-09-17T14:07:19Z,48.779560,2.044214,155.5,0.41,6.4,1.75,7
2025-09-17T14:07:20Z,48.779561,2.044216,155.5,0.44,6.4,1.75,7
2025-09-17T14:07:21Z,48.779561,2.044218,155.5,0.17,6.4,1.75,7
2025-09-17T14:07:22Z,48.779561,2.044220,155.5,0.04,6.4,1.75,7
2025-09-17T14:07:23Z,48.779562,2.044220,155.5,0.20,6.4,1.75,7
2025-09-17T14:07:24Z,48.779562,2.044218,155.5,0.17,6.4,1.75,7
2025-09-17T14:07:25Z,48.779562,2.044219,155.5,0.24,6.4,1.75,7
2025-09-17T14:07:26Z,48.779562,2.044220,155.6,0.41,6.4,1.75,7
2025-09-17T14:07:27Z,48.779558,2.044235,157.7,0.07,6.4,1.10,8
2025-09-17T14:07:28Z,48.779558,2.044235,157.4,0.04,6.4,1.75,8
2025-09-17T14:07:29Z,48.779558,2.044234,157.1,0.06,6.4,1.75,8
2025-09-17T14:07:30Z,48.779559,2.044232,156.6,0.06,6.4,1.75,8
2025-09-17T14:07:31Z,48.779559,2.044230,156.2,0.04,6.4,1.75,8
2025-09-17T14:07:32Z,48.779560,2.044227,155.8,0.43,6.4,1.75,8
2025-09-17T14:07:33Z,48.779560,2.044227,155.6,0.22,6.4,1.10,8
2025-09-17T14:07:34Z,48.779561,2.044227,155.6,0.15,6.4,1.10,8
2025-09-17T14:07:35Z,48.779561,2.044226,155.6,0.19,6.4,1.10,8
2025-09-17T14:07:36Z,48.779561,2.044224,155.7,0.02,6.4,1.10,8
2025-09-17T14:07:37Z,48.779561,2.044224,155.7,0.33,6.4,1.10,8
2025-09-17T14:07:38Z,48.779562,2.044222,155.8,0.35,6.4,1.75,8
2025-09-17T14:07:39Z,48.779563,2.044221,155.9,0.28,6.4,1.75,8
2025-09-17T14:07:40Z,48.779562,2.044227,156.6,0.13,6.4,1.10,8
2025-09-17T14:07:41Z,48.779564,2.044225,156.4,0.11,6.4,1.75,8
2025-09-17T14:07:42Z,48.779563,2.044227,157.1,0.30,6.4,1.10,8
2025-09-17T14:07:43Z,48.779563,2.044226,157.2,0.26,6.4,1.75,8
2025-09-17T14:07:44Z,48.779562,2.044208,157.4,6.41,263.1,1.10,8
2025-09-17T14:07:45Z,48.779562,2.044157,157.5,14.78,269.7,1.10,8
2025-09-17T14:07:46Z,48.779580,2.044092,157.7,20.19,291.6,1.10,8
2025-09-17T14:07:47Z,48.779617,2.044026,157.9,23.98,311.6,1.10,8
2025-09-17T14:07:48Z,48.779669,2.043958,158.3,29.54,321.6,1.10,8
2025-09-17T14:07:49Z,48.779737,2.043890,158.6,33.19,327.9,1.39,8
2025-09-17T14:07:50Z,48.779806,2.043816,159.2,34.30,324.6,1.39,7
2025-09-17T14:07:51Z,48.779864,2.043744,159.5,27.72,320.1,1.39,7
2025-09-17T14:07:52Z,48.779897,2.043692,161.2,17.76,313.5,1.39,7
2025-09-17T14:07:53Z,48.779911,2.043658,161.9,8.11,309.0,1.39,7
2025-09-17T14:07:54Z,48.779917,2.043642,161.4,2.33,306.4,1.39,8
2025-09-17T14:07:55Z,48.779918,2.043635,161.0,0.52,306.4,1.39,8
2025-09-17T14:07:56Z,48.779916,2.043637,161.6,0.41,306.4,1.39,8
2025-09-17T14:07:57Z,48.779915,2.043635,161.7,0.07,306.4,1.10,8
2025-09-17T14:07:58Z,48.779913,2.043634,161.7,0.31,306.4,1.39,8
2025-09-17T14:07:59Z,48.779912,2.043633,161.6,0.09,306.4,1.10,8
2025-09-17T14:08:00Z,48.779911,2.043632,161.7,0.33,306.4,1.39,8
2025-09-17T14:08:01Z,48.779911,2.043632,161.3,0.19,306.4,1.39,8
2025-09-17T14:08:02Z,48.779913,2.043630,160.7,0.11,306.4,1.39,8
2025-09-17T14:08:03Z,48.779913,2.043630,160.3,0.15,306.4,1.39,8
2025-09-17T14:08:04Z,48.779914,2.043629,159.7,0.06,306.4,1.39,8
2025-09-17T14:08:05Z,48.779915,2.043627,158.6,0.35,306.4,1.39,8
2025-09-17T14:08:06Z,48.779913,2.043631,159.9,0.22,306.4,1.39,8
2025-09-17T14:08:07Z,48.779913,2.043630,159.9,0.04,306.4,1.39,8
2025-09-17T14:08:08Z,48.779913,2.043630,160.1,0.13,306.4,1.39,8
2025-09-17T14:08:09Z,48.779914,2.043630,160.4,0.06,306.4,1.39,8
2025-09-17T14:08:10Z,48.779916,2.043629,159.7,0.02,306.4,1.39,8
2025-09-17T14:08:11Z,48.779918,2.043631,159.9,0.17,306.4,1.39,8
2025-09-17T14:08:12Z,48.779920,2.043631,159.6,0.72,306.4,1.39,8
2025-09-17T14:08:13Z,48.779922,2.043621,159.5,3.48,293.6,1.39,8
2025-09-17T14:08:14Z,48.779926,2.043607,159.6,3.65,292.2,1.39,8
2025-09-17T14:08:15Z,48.779929,2.043587,159.7,5.63,288.6,1.39,8
2025-09-17T14:08:16Z,48.779932,2.043563,159.9,6.43,289.9,1.39,8
2025-09-17T14:08:17Z,48.779938,2.043551,159.6,2.82,293.0,1.75,7
2025-09-17T14:08:18Z,48.779937,2.043549,159.9,0.69,293.0,1.75,7
2025-09-17T14:08:19Z,48.779937,2.043550,160.3,0.33,293.0,1.75,7
2025-09-17T14:08:20Z,48.779939,2.043546,160.4,2.02,294.3,1.75,8
2025-09-17T14:08:21Z,48.779944,2.043531,160.5,5.46,296.5,1.39,8
2025-09-17T14:08:22Z,48.779950,2.043513,161.3,5.83,299.3,1.11,8
2025-09-17T14:08:23Z,48.779958,2.043498,161.7,4.94,305.7,1.38,8
2025-09-17T14:08:24Z,48.779963,2.043490,162.4,2.63,309.6,1.11,8
2025-09-17T14:08:25Z,48.779968,2.043484,162.5,2.13,314.9,1.11,8
2025-09-17T14:08:26Z,48.779980,2.043470,161.9,6.74,326.5,1.11,8
2025-09-17T14:08:27Z,48.780009,2.043449,161.1,14.00,336.8,1.38,8
2025-09-17T14:08:28Z,48.780038,2.043438,161.2,11.09,344.7,1.38,8
2025-09-17T14:08:29Z,48.780062,2.043436,161.2,9.26,354.6,1.38,8
2025-09-17T14:08:30Z,48.780096,2.043438,161.3,14.87,1.0,1.38,8
2025-09-17T14:08:31Z,48.780138,2.043434,161.4,17.69,355.9,1.38,8
2025-09-17T14:08:32Z,48.780175,2.043414,162.0,15.98,341.7,1.11,8
2025-09-17T14:08:33Z,48.780203,2.043374,162.0,15.74,314.4,1.11,8
2025-09-17T14:08:34Z,48.780215,2.043320,161.3,14.76,278.5,1.11,8
2025-09-17T14:08:35Z,48.780201,2.043271,161.0,14.61,245.7,1.11,8
2025-09-17T14:08:36Z,48.780170,2.043248,160.5,15.43,206.1,1.11,8
2025-09-17T14:08:37Z,48.780126,2.043259,159.5,20.46,163.6,1.11,8
2025-09-17T14:08:38Z,48.780076,2.043309,159.1,26.32,141.9,1.11,8
2025-09-17T14:08:39Z,48.780017,2.043378,158.6,32.17,143.1,1.11,8
2025-09-17T14:08:40Z,48.779944,2.043451,158.8,35.89,147.2,1.11,8
2025-09-17T14:08:41Z,48.779871,2.043528,158.2,36.48,143.8,1.11,8
2025-09-17T14:08:42Z,48.779801,2.043609,158.6,34.73,141.9,1.11,8
2025-09-17T14:08:43Z,48.779740,2.043683,158.3,29.93,140.9,1.38,7
2025-09-17T14:08:44Z,48.779686,2.043749,158.7,26.91,140.7,1.38,7
2025-09-17T14:08:45Z,48.779640,2.043804,158.6,22.43,141.0,1.38,7
2025-09-17T14:08:46Z,48.779600,2.043854,158.6,20.32,141.3,1.11,8
2025-09-17T14:08:47Z,48.779564,2.043900,158.3,18.45,140.4,1.38,8
2025-09-17T14:08:48Z,48.779528,2.043938,158.1,18.06,143.2,1.11,8
2025-09-17T14:08:49Z,48.779492,2.043976,157.8,17.65,145.6,1.38,8
2025-09-17T14:08:50Z,48.779454,2.044015,157.6,18.93,145.3,1.11,8
2025-09-17T14:08:51Z,48.779414,2.044057,157.0,20.15,144.2,1.02,9
2025-09-17T14:08:52Z,48.779374,2.044108,156.8,21.22,144.1,1.29,9
2025-09-17T14:08:53Z,48.779331,2.044158,156.4,21.96,142.2,1.29,9
2025-09-17T14:08:54Z,48.779284,2.044212,156.1,24.95,142.8,1.29,9
2025-09-17T14:08:55Z,48.779229,2.044272,155.9,27.71,144.0,1.29,9
2025-09-17T14:08:56Z,48.779170,2.044342,155.8,31.11,142.6,1.29,9
2025-09-17T14:08:57Z,48.779103,2.044422,155.8,35.61,142.3,1.29,9
2025-09-17T14:08:58Z,48.779033,2.044498,155.6,33.54,145.3,1.29,9
2025-09-17T14:08:59Z,48.778968,2.044565,155.4,30.72,145.8,1.29,9
2025-09-17T14:09:00Z,48.778907,2.044633,155.4,30.47,142.3,1.29,9
2025-09-17T14:09:01Z,48.778836,2.044712,155.3,36.06,142.2,1.29,9
2025-09-17T14:09:02Z,48.778759,2.044802,155.1,39.98,142.2,1.02,9
2025-09-17T14:09:03Z,48.778675,2.044903,154.7,44.24,140.5,1.02,9
2025-09-17T14:09:04Z,48.778591,2.045002,154.7,41.04,141.9,1.02,9
2025-09-17T14:09:05Z,48.778514,2.045087,154.8,36.76,144.5,1.02,9
2025-09-17T14:09:06Z,48.778443,2.045163,154.6,34.47,145.2,1.02,9
2025-09-17T14:09:07Z,48.778373,2.045237,154.6,34.10,144.5,1.02,9
2025-09-17T14:09:08Z,48.778305,2.045314,154.8,34.11,142.7,1.02,9
2025-09-17T14:09:09Z,48.778236,2.045393,155.0,33.98,142.2,1.02,9
2025-09-17T14:09:10Z,48.778168,2.045472,155.3,35.43,142.4,1.02,9
2025-09-17T14:09:11Z,48.778098,2.045554,155.4,34.91,141.6,1.02,9
2025-09-17T14:09:12Z,48.778029,2.045633,155.7,35.30,143.4,1.02,9
2025-09-17T14:09:13Z,48.777951,2.045717,155.7,39.30,143.9,1.02,9
2025-09-17T14:09:14Z,48.777866,2.045810,155.9,43.48,143.7,1.02,9
2025-09-17T14:09:15Z,48.777776,2.045910,155.9,44.80,143.6,1.29,9
2025-09-17T14:09:16Z,48.777690,2.046005,156.1,41.52,143.8,1.02,9
2025-09-17T14:09:17Z,48.777610,2.046092,156.3,38.78,143.4,1.02,9
2025-09-17T14:09:18Z,48.777533,2.046179,156.3,37.85,143.1,1.02,9
2025-09-17T14:09:19Z,48.777460,2.046263,156.5,36.32,142.9,1.02,9
2025-09-17T14:09:20Z,48.777396,2.046340,156.6,31.71,142.0,1.02,9
2025-09-17T14:09:21Z,48.777339,2.046407,156.7,27.47,141.6,1.29,9
2025-09-17T14:09:22Z,48.777289,2.046468,156.5,24.96,141.3,1.02,9
2025-09-17T14:09:23Z,48.777239,2.046525,156.4,25.52,143.3,1.02,9
2025-09-17T14:09:24Z,48.777177,2.046579,156.4,30.24,152.5,1.02,9
2025-09-17T14:09:25Z,48.777104,2.046618,156.2,30.93,163.7,1.02,9
2025-09-17T14:09:26Z,48.777031,2.046636,156.0,29.04,173.9,1.02,9
2025-09-17T14:09:27Z,48.776958,2.046628,156.3,30.28,187.5,1.11,9
2025-09-17T14:09:28Z,48.776885,2.046598,156.5,31.21,198.3,1.11,9
2025-09-17T14:09:29Z,48.776813,2.046557,156.8,30.78,201.4,1.11,9
2025-09-17T14:09:30Z,48.776748,2.046520,157.2,26.61,201.2,1.11,9
2025-09-17T14:09:31Z,48.776691,2.046490,157.5,22.96,199.4,1.02,9
2025-09-17T14:09:32Z,48.776642,2.046464,157.5,20.26,199.6,1.11,9
2025-09-17T14:09:33Z,48.776600,2.046440,157.8,16.56,200.9,1.11,9
2025-09-17T14:09:34Z,48.776565,2.046419,157.9,15.02,203.3,1.02,9
2025-09-17T14:09:35Z,48.776533,2.046392,157.7,14.43,210.2,1.02,9
2025-09-17T14:09:36Z,48.776511,2.046366,157.8,10.04,217.2,1.02,9
2025-09-17T14:09:37Z,48.776501,2.046351,157.9,4.65,219.9,1.02,9
2025-09-17T14:09:38Z,48.776493,2.046339,157.8,4.24,222.9,1.11,9
2025-09-17T14:09:39Z,48.776483,2.046321,158.0,7.22,228.8,1.02,9
2025-09-17T14:09:40Z,48.776464,2.046283,158.2,14.95,234.0,1.02,9
2025-09-17T14:09:41Z,48.776440,2.046214,158.5,22.91,243.4,1.02,9
2025-09-17T14:09:42Z,48.776407,2.046125,158.9,28.84,240.2,1.02,9
2025-09-17T14:09:43Z,48.776356,2.046041,159.0,31.04,222.6,1.02,9
2025-09-17T14:09:44Z,48.776288,2.045989,158.9,31.08,200.0,1.11,8
2025-09-17T14:09:45Z,48.776202,2.045979,158.7,36.34,179.3,1.02,9
2025-09-17T14:09:46Z,48.776109,2.045991,158.2,38.24,171.7,1.02,9
2025-09-17T14:09:47Z,48.776016,2.045993,157.8,37.04,180.7,1.02,9
2025-09-17T14:09:48Z,48.775928,2.045968,157.9,35.30,196.5,1.02,9
2025-09-17T14:09:49Z,48.775844,2.045924,158.1,35.65,199.9,1.02,9
2025-09-17T14:09:50Z,48.775757,2.045891,158.6,36.15,192.3,1.02,9
2025-09-17T14:09:51Z,48.775666,2.045877,158.7,36.56,183.6,1.02,9
2025-09-17T14:09:52Z,48.775574,2.045880,159.0,37.54,176.5,1.02,9
2025-09-17T14:09:53Z,48.775480,2.045898,159.1,38.32,170.6,1.02,9
2025-09-17T14:09:54Z,48.775394,2.045927,159.3,34.52,167.2,1.02,9
2025-09-17T14:09:55Z,48.775316,2.045952,159.1,30.35,166.8,1.02,9
2025-09-17T14:09:56Z,48.775239,2.045981,159.4,31.69,166.3,1.02,9
2025-09-17T14:09:57Z,48.775155,2.046011,159.3,35.56,166.6,1.02,9
2025-09-17T14:09:58Z,48.775060,2.046044,158.9,40.34,166.8,1.28,9
2025-09-17T14:09:59Z,48.774953,2.046079,158.4,45.13,167.8,1.02,9
2025-09-17T14:10:00Z,48.774846,2.046106,158.0,43.08,171.6,1.02,9
2025-09-17T14:10:01Z,48.774747,2.046117,158.0,38.60,178.0,1.02,9
2025-09-17T14:10:02Z,48.774658,2.046113,158.6,34.74,183.5,1.02,9
2025-09-17T14:10:03Z,48.774577,2.046093,158.6,31.91,191.8,1.02,9
2025-09-17T14:10:04Z,48.774496,2.046058,159.1,34.32,198.4,1.02,9
2025-09-17T14:10:05Z,48.774413,2.046012,159.6,35.95,200.8,1.02,9
2025-09-17T14:10:06Z,48.774335,2.045969,160.9,32.48,201.4,1.02,9
2025-09-17T14:10:07Z,48.774272,2.045927,162.0,25.61,204.9,1.02,9
2025-09-17T14:10:08Z,48.774226,2.045889,161.1,20.11,205.0,1.02,9
2025-09-17T14:10:09Z,48.774194,2.045868,161.7,11.87,203.7,1.02,9
2025-09-17T14:10:10Z,48.774181,2.045859,162.0,3.28,203.1,1.02,9
2025-09-17T14:10:11Z,48.774178,2.045856,161.5,0.67,203.1,1.08,9
2025-09-17T14:10:12Z,48.774180,2.045855,161.8,0.11,203.1,1.02,9
2025-09-17T14:10:13Z,48.774180,2.045856,162.1,0.20,203.1,1.02,9
2025-09-17T14:10:14Z,48.774180,2.045857,161.4,0.19,203.1,1.02,9
2025-09-17T14:10:15Z,48.774179,2.045858,161.6,0.11,203.1,1.02,9
2025-09-17T14:10:16Z,48.774179,2.045860,161.4,0.13,203.1,1.02,9
2025-09-17T14:10:17Z,48.774180,2.045859,161.0,0.06,203.1,1.02,9
2025-09-17T14:10:18Z,48.774181,2.045859,160.8,0.15,203.1,1.02,9
2025-09-17T14:10:19Z,48.774181,2.045859,160.7,0.00,203.1,1.02,9
2025-09-17T14:10:20Z,48.774183,2.045858,160.4,0.17,203.1,1.02,9
2025-09-17T14:10:21Z,48.774183,2.045856,160.3,0.02,203.1,1.02,9
2025-09-17T14:10:22Z,48.774184,2.045855,160.3,0.11,203.1,1.02,9
2025-09-17T14:10:23Z,48.774183,2.045854,160.4,0.24,203.1,1.02,9
2025-09-17T14:10:24Z,48.774182,2.045855,160.5,0.26,203.1,1.02,9
2025-09-17T14:10:25Z,48.774183,2.045857,160.6,0.15,203.1,1.02,9
2025-09-17T14:10:26Z,48.774184,2.045857,160.8,0.06,203.1,1.02,9
2025-09-17T14:10:27Z,48.774184,2.045861,160.6,0.17,203.1,1.02,9
2025-09-17T14:10:28Z,48.774186,2.045863,160.8,0.06,203.1,1.07,9
2025-09-17T14:10:29Z,48.774186,2.045865,160.9,0.09,203.1,1.07,9
2025-09-17T14:10:30Z,48.774178,2.045863,160.9,4.80,200.4,1.07,9
2025-09-17T14:10:31Z,48.774154,2.045851,161.4,12.78,201.2,1.02,9
2025-09-17T14:10:32Z,48.774115,2.045825,161.6,19.09,203.8,1.02,9
2025-09-17T14:10:33Z,48.774074,2.045793,162.0,18.61,207.2,1.02,9
2025-09-17T14:10:34Z,48.774035,2.045752,162.3,18.28,216.0,1.02,9
2025-09-17T14:10:35Z,48.774005,2.045696,162.1,19.48,231.9,1.18,9
2025-09-17T14:10:36Z,48.773978,2.045625,161.6,21.93,240.2,1.02,9
2025-09-17T14:10:37Z,48.773949,2.045555,161.0,21.11,235.9,1.02,9
2025-09-17T14:10:38Z,48.773913,2.045502,161.1,19.35,221.1,1.02,9
2025-09-17T14:10:39Z,48.773870,2.045472,161.0,18.32,201.7,1.02,9
2025-09-17T14:10:40Z,48.773824,2.045463,160.1,19.72,178.6,1.02,9
2025-09-17T14:10:41Z,48.773776,2.045484,159.0,21.58,156.7,1.02,9
2025-09-17T14:10:42Z,48.773733,2.045534,158.1,23.28,137.1,1.02,9
2025-09-17T14:10:43Z,48.773701,2.045615,157.1,27.28,116.5,1.02,9
2025-09-17T14:10:44Z,48.773679,2.045730,156.9,34.58,103.1,1.02,9
2025-09-17T14:10:45Z,48.773657,2.045859,156.9,35.95,104.1,1.02,9
2025-09-17T14:10:46Z,48.773627,2.045994,156.6,39.06,109.6,1.02,9
2025-09-17T14:10:47Z,48.773588,2.046140,156.6,43.06,112.8,1.02,9
2025-09-17T14:10:48Z,48.773540,2.046294,156.4,45.84,115.5,1.02,9
2025-09-17T14:10:49Z,48.773495,2.046457,156.1,47.10,111.2,1.02,9
2025-09-17T14:10:50Z,48.773447,2.046620,155.9,48.19,115.5,1.02,9
2025-09-17T14:10:51Z,48.773398,2.046784,155.5,47.80,114.0,1.02,9
2025-09-17T14:10:52Z,48.773350,2.046952,155.5,48.78,112.9,1.02,9
2025-09-17T14:10:53Z,48.773302,2.047124,155.3,50.13,112.7,1.02,9
2025-09-17T14:10:54Z,48.773254,2.047300,155.3,50.76,112.5,1.02,9
2025-09-17T14:10:55Z,48.773204,2.047478,155.5,51.41,112.1,1.28,9
2025-09-17T14:10:56Z,48.773154,2.047657,155.3,51.63,112.2,1.28,8
2025-09-17T14:10:57Z,48.773105,2.047839,155.1,51.82,111.9,1.28,8
2025-09-17T14:10:58Z,48.773058,2.048021,155.0,51.97,110.7,1.46,8
2025-09-17T14:10:59Z,48.773004,2.048199,155.1,52.67,114.2,1.28,8
2025-09-17T14:11:00Z,48.772953,2.048382,154.8,52.19,112.9,1.28,8
2025-09-17T14:11:01Z,48.772901,2.048571,154.4,54.39,112.5,1.28,8
2025-09-17T14:11:02Z,48.772847,2.048765,154.2,56.23,111.4,1.28,9
2025-09-17T14:11:03Z,48.772798,2.048964,154.2,56.87,109.5,1.28,8
2025-09-17T14:11:04Z,48.772741,2.049167,153.7,58.21,113.6,1.46,7
2025-09-17T14:11:05Z,48.772683,2.049373,153.1,58.39,111.4,1.02,9
2025-09-17T14:11:06Z,48.772621,2.049574,152.7,58.38,114.5,1.02,9
2025-09-17T14:11:07Z,48.772560,2.049773,152.6,58.17,111.4,1.02,9
2025-09-17T14:11:08Z,48.772503,2.049976,152.2,58.04,114.7,1.28,8
2025-09-17T14:11:07Z,48.772450,2.050181,151.9,57.76,111.4,1.28,8
2025-09-17T14:11:08Z,48.772388,2.050406,151.9,67.01,112.5,1.28,8
2025-09-17T14:11:09Z,48.772317,2.050654,151.8,73.04,113.8,1.28,8
2025-09-17T14:11:10Z,48.772248,2.050895,151.6,67.75,113.3,1.18,8
2025-09-17T14:11:11Z,48.772195,2.051082,151.6,47.97,113.7,1.02,9
2025-09-17T14:11:12Z,48.772156,2.051227,151.6,38.78,112.7,1.02,9
2025-09-17T14:11:13Z,48.772118,2.051366,151.8,40.24,112.4,1.02,9
2025-09-17T14:11:14Z,48.772080,2.051521,151.6,45.32,110.3,1.02,9
2025-09-17T14:11:15Z,48.772032,2.051694,151.6,51.45,112.5,1.02,9
2025-09-17T14:11:16Z,48.771977,2.051886,151.5,56.62,113.4,1.02,9
2025-09-17T14:11:17Z,48.771917,2.052090,151.2,58.99,113.3,1.27,8
2025-09-17T14:11:18Z,48.771859,2.052299,151.2,60.25,112.6,1.27,8
2025-09-17T14:11:19Z,48.771799,2.052511,151.2,61.13,112.9,1.27,8
2025-09-17T14:11:20Z,48.771737,2.052726,151.5,62.26,113.3,1.02,9
2025-09-17T14:11:21Z,48.771676,2.052945,151.7,63.06,112.6,1.02,9
2025-09-17T14:11:22Z,48.771615,2.053169,152.1,64.19,112.4,1.02,9
2025-09-17T14:11:23Z,48.771553,2.053396,152.0,65.02,112.4,1.02,9
2025-09-17T14:11:24Z,48.771490,2.053622,152.4,64.76,113.0,1.02,9
2025-09-17T14:11:25Z,48.771428,2.053834,152.5,59.56,113.8,1.02,9
2025-09-17T14:11:26Z,48.771374,2.054030,152.9,54.60,112.9,1.02,9
2025-09-17T14:11:27Z,48.771320,2.054217,153.3,53.62,112.7,1.02,9
2025-09-17T14:11:28Z,48.771268,2.054402,153.5,53.12,113.1,1.02,9
2025-09-17T14:11:29Z,48.771218,2.054578,153.8,49.49,111.9,1.02,9
2025-09-17T14:11:30Z,48.771170,2.054737,154.2,44.67,115.3,1.02,9
2025-09-17T14:11:31Z,48.771128,2.054880,154.5,40.34,113.2,1.02,9
2025-09-17T14:11:32Z,48.771092,2.055013,154.5,35.74,113.5,1.02,9
2025-09-17T14:11:33Z,48.771048,2.055119,154.6,32.24,124.8,1.02,9
2025-09-17T14:11:34Z,48.770989,2.055198,154.8,31.13,144.3,1.02,9
2025-09-17T14:11:35Z,48.770919,2.055251,154.9,31.56,157.7,1.02,9
2025-09-17T14:11:36Z,48.770837,2.055284,155.1,34.63,167.6,1.02,9
2025-09-17T14:11:37Z,48.770747,2.055296,155.0,37.41,178.4,1.02,9
2025-09-17T14:11:38Z,48.770656,2.055268,155.0,38.13,197.4,1.02,9
2025-09-17T14:11:39Z,48.770566,2.055194,154.8,42.93,213.4,1.11,8
2025-09-17T14:11:40Z,48.770472,2.055087,154.6,48.76,218.4,1.11,8
2025-09-17T14:11:41Z,48.770366,2.054977,154.4,52.52,213.3,1.11,8
2025-09-17T14:11:42Z,48.770243,2.054888,154.2,55.87,202.9,1.07,8
2025-09-17T14:11:43Z,48.770110,2.054820,153.9,56.23,197.4,1.11,8
2025-09-17T14:11:44Z,48.769975,2.054762,153.9,56.65,195.7,1.73,7
2025-09-17T14:11:45Z,48.769837,2.054706,153.8,57.34,195.0,1.73,7
2025-09-17T14:11:46Z,48.769698,2.054649,153.8,57.47,195.1,1.07,8
2025-09-17T14:11:47Z,48.769560,2.054592,154.0,57.19,195.7,1.23,7
2025-09-17T14:11:48Z,48.769422,2.054534,154.6,57.47,195.9,1.07,8
2025-09-17T14:11:49Z,48.769284,2.054477,155.2,57.10,195.6,1.11,8
2025-09-17T14:11:50Z,48.769148,2.054421,156.0,56.80,195.0,1.02,9
2025-09-17T14:11:51Z,48.769010,2.054369,157.0,57.10,194.2,1.02,9
2025-09-17T14:11:52Z,48.768873,2.054313,157.5,56.78,195.4,1.18,8
2025-09-17T14:11:53Z,48.768743,2.054258,158.0,52.97,195.5,1.02,9
2025-09-17T14:11:54Z,48.768623,2.054206,158.3,49.02,195.9,1.02,9
2025-09-17T14:11:55Z,48.768507,2.054155,158.7,48.19,196.5,1.02,9
2025-09-17T14:11:56Z,48.768390,2.054106,159.4,48.50,195.4,1.02,9
2025-09-17T14:11:57Z,48.768277,2.054064,159.6,45.86,192.9,1.02,9
2025-09-17T14:11:58Z,48.768170,2.054034,160.0,42.60,189.7,1.02,9
2025-09-17T14:11:59Z,48.768071,2.054006,160.3,39.35,190.9,1.02,9
2025-09-17T14:12:00Z,48.767984,2.053975,160.4,34.34,193.4,1.02,9
2025-09-17T14:12:01Z,48.767911,2.053950,160.7,27.95,193.5,1.02,9
2025-09-17T14:12:02Z,48.767856,2.053929,160.7,20.95,192.9,1.02,9
2025-09-17T14:12:03Z,48.767809,2.053910,160.8,18.74,194.1,1.02,9
2025-09-17T14:12:04Z,48.767762,2.053878,160.9,21.82,205.8,1.02,9
2025-09-17T14:12:05Z,48.767714,2.053813,161.4,27.84,225.9,1.02,9
2025-09-17T14:12:06Z,48.767668,2.053740,161.4,26.17,226.1,1.02,9
2025-09-17T14:12:07Z,48.767622,2.053692,161.4,21.02,211.6,1.02,9
2025-09-17T14:12:08Z,48.767579,2.053674,161.9,17.67,191.4,1.02,9
2025-09-17T14:12:09Z,48.767537,2.053675,161.9,16.30,176.4,1.02,9
2025-09-17T14:12:10Z,48.767494,2.053687,161.9,18.24,170.6,1.02,9
2025-09-17T14:12:11Z,48.767437,2.053702,161.8,25.78,169.4,1.02,9
2025-09-17T14:12:12Z,48.767353,2.053701,161.6,37.10,182.6,1.02,9
2025-09-17T14:12:13Z,48.767253,2.053679,161.3,41.56,190.0,1.02,9
2025-09-17T14:12:14Z,48.767139,2.053644,161.5,48.62,192.7,1.02,9
2025-09-17T14:12:15Z,48.767012,2.053594,161.5,54.65,194.7,1.02,9
2025-09-17T14:12:16Z,48.766880,2.053540,161.5,54.45,195.7,1.02,9
2025-09-17T14:12:17Z,48.766744,2.053478,161.7,58.06,197.3,1.02,9
2025-09-17T14:12:18Z,48.766599,2.053408,162.1,62.25,198.2,1.02,9
2025-09-17T14:12:19Z,48.766446,2.053332,162.3,65.17,198.2,1.02,9
2025-09-17T14:12:20Z,48.766286,2.053248,162.7,68.25,199.6,1.02,9
2025-09-17T14:12:21Z,48.766127,2.053155,162.9,68.34,201.7,1.02,9
2025-09-17T14:12:22Z,48.765972,2.053057,163.2,66.65,203.2,1.19,8
2025-09-17T14:12:23Z,48.765822,2.052961,163.7,64.39,203.4,1.19,8
2025-09-17T14:12:24Z,48.765678,2.052861,163.9,63.54,205.0,1.19,8
2025-09-17T14:12:25Z,48.765535,2.052753,164.3,63.47,207.2,1.19,8
2025-09-17T14:12:26Z,48.765396,2.052640,164.3,63.02,208.6,1.02,9
2025-09-17T14:12:27Z,48.765257,2.052526,165.1,63.23,209.1,1.02,9
2025-09-17T14:12:28Z,48.765121,2.052406,165.4,63.12,210.3,1.02,9
2025-09-17T14:12:29Z,48.764987,2.052281,165.5,62.73,212.5,1.02,9
2025-09-17T14:12:30Z,48.764856,2.052154,165.5,61.95,212.6,1.02,9
2025-09-17T14:12:31Z,48.764733,2.052030,165.5,58.47,213.4,1.02,9
2025-09-17T14:12:32Z,48.764616,2.051915,165.8,54.30,213.2,1.02,9
2025-09-17T14:12:33Z,48.764507,2.051807,165.8,51.62,212.6,1.17,7
2025-09-17T14:12:34Z,48.764405,2.051708,165.6,47.49,212.3,1.11,8
2025-09-17T14:12:35Z,48.764310,2.051613,165.1,43.82,212.8,1.11,8
2025-09-17T14:12:36Z,48.764225,2.051532,165.2,39.08,212.0,1.11,8
2025-09-17T14:12:37Z,48.764149,2.051460,164.8,34.73,211.4,1.11,8
2025-09-17T14:12:38Z,48.764078,2.051400,165.1,31.85,209.5,1.02,9
2025-09-17T14:12:39Z,48.764013,2.051345,165.2,28.82,209.0,1.02,9
2025-09-17T14:12:40Z,48.763957,2.051298,165.3,24.37,208.7,1.02,9
2025-09-17T14:12:41Z,48.763909,2.051254,165.2,20.80,210.3,1.02,9
2025-09-17T14:12:42Z,48.763870,2.051220,165.4,16.85,209.8,1.02,9
2025-09-17T14:12:43Z,48.763836,2.051190,165.6,15.20,209.6,1.02,9
2025-09-17T14:12:44Z,48.763805,2.051167,166.0,13.50,208.0,1.02,9
2025-09-17T14:12:45Z,48.763781,2.051147,166.0,9.70,208.1,1.02,9
2025-09-17T14:12:46Z,48.763757,2.051130,165.9,10.80,204.1,1.02,9
2025-09-17T14:12:47Z,48.763722,2.051104,165.6,17.65,204.2,1.02,9
2025-09-17T14:12:48Z,48.763671,2.051068,165.7,24.96,205.7,1.02,9
2025-09-17T14:12:49Z,48.763615,2.051027,165.8,24.43,205.6,1.02,9
2025-09-17T14:12:50Z,48.763562,2.050989,165.7,23.19,204.7,1.02,9
2025-09-17T14:12:51Z,48.763511,2.050951,165.5,22.39,205.6,1.02,9
2025-09-17T14:12:52Z,48.763462,2.050915,165.4,21.65,204.9,1.02,9
2025-09-17T14:12:53Z,48.763412,2.050883,165.5,22.02,203.6,1.02,9
2025-09-17T14:12:54Z,48.763360,2.050846,165.5,23.32,205.1,1.02,9
2025-09-17T14:12:55Z,48.763311,2.050813,165.5,20.48,203.7,1.02,9
2025-09-17T14:12:56Z,48.763269,2.050793,166.6,17.24,199.4,1.02,9
2025-09-17T14:12:57Z,48.763233,2.050772,166.6,14.70,199.2,1.02,9
2025-09-17T14:12:58Z,48.763203,2.050755,166.4,11.85,199.4,1.02,9
2025-09-17T14:12:59Z,48.763178,2.050743,166.4,9.72,197.6,1.02,9
2025-09-17T14:13:00Z,48.763158,2.050734,166.0,7.89,193.3,1.02,9
2025-09-17T14:13:01Z,48.763143,2.050727,165.6,5.57,192.1,0.98,10
2025-09-17T14:13:02Z,48.763135,2.050724,166.1,2.63,193.6,0.98,10
2025-09-17T14:13:03Z,48.763136,2.050723,166.5,0.22,193.6,0.98,10
2025-09-17T14:13:04Z,48.763136,2.050725,166.6,0.48,193.6,0.98,10
2025-09-17T14:13:05Z,48.763136,2.050726,166.4,0.39,193.6,0.98,10
2025-09-17T14:13:06Z,48.763136,2.050726,166.6,0.24,193.6,0.98,10
2025-09-17T14:13:07Z,48.763138,2.050727,166.8,0.20,193.6,0.98,10
2025-09-17T14:13:08Z,48.763140,2.050727,166.9,0.24,193.6,0.98,10
2025-09-17T14:13:09Z,48.763140,2.050727,167.0,0.02,193.6,0.98,10
2025-09-17T14:13:10Z,48.763140,2.050726,166.9,0.09,193.6,0.98,10
2025-09-17T14:13:11Z,48.763140,2.050724,166.7,0.20,193.6,0.98,10
2025-09-17T14:13:12Z,48.763140,2.050723,166.6,0.04,193.6,0.98,10
2025-09-17T14:13:13Z,48.763140,2.050721,166.3,0.09,193.6,0.98,10
2025-09-17T14:13:14Z,48.763139,2.050721,166.4,0.07,193.6,0.98,10
2025-09-17T14:13:15Z,48.763140,2.050719,166.4,0.15,193.6,0.98,10
2025-09-17T14:13:16Z,48.763140,2.050718,166.5,0.13,193.6,0.98,10
2025-09-17T14:13:17Z,48.763140,2.050718,166.5,0.28,193.6,0.98,10
2025-09-17T14:13:18Z,48.763140,2.050718,166.5,0.06,193.6,0.98,10
2025-09-17T14:13:19Z,48.763140,2.050717,166.4,0.00,193.6,0.98,10
2025-09-17T14:13:20Z,48.763141,2.050717,166.5,0.07,193.6,0.98,10
2025-09-17T14:13:21Z,48.763141,2.050716,166.4,0.04,193.6,0.98,10
2025-09-17T14:13:22Z,48.763141,2.050715,166.3,0.04,193.6,0.98,10
2025-09-17T14:13:23Z,48.763141,2.050715,166.3,0.06,193.6,0.98,10
2025-09-17T14:13:24Z,48.763142,2.050715,166.3,0.04,193.6,0.98,10
2025-09-17T14:13:25Z,48.763142,2.050715,166.3,0.15,193.6,0.98,10
2025-09-17T14:13:26Z,48.763142,2.050715,166.3,0.04,193.6,0.98,10
2025-09-17T14:13:27Z,48.763142,2.050715,166.3,0.06,193.6,0.98,10
2025-09-17T14:13:28Z,48.763143,2.050715,166.3,0.02,193.6,0.98,10
2025-09-17T14:13:29Z,48.763143,2.050716,166.3,0.13,193.6,0.98,10
2025-09-17T14:13:30Z,48.763143,2.050716,166.3,0.06,193.6,0.98,10
2025-09-17T14:13:31Z,48.763143,2.050717,166.5,0.02,193.6,0.98,10
2025-09-17T14:13:32Z,48.763143,2.050718,166.6,0.04,193.6,0.98,10
2025-09-17T14:13:33Z,48.763144,2.050718,166.7,0.06,193.6,0.98,10
2025-09-17T14:13:34Z,48.763144,2.050718,166.8,0.06,193.6,0.98,10
2025-09-17T14:13:35Z,48.763145,2.050718,167.0,0.02,193.6,0.98,10
2025-09-17T14:13:36Z,48.763145,2.050718,167.1,0.09,193.6,0.98,10
2025-09-17T14:13:37Z,48.763146,2.050719,167.3,0.04,193.6,0.98,10
2025-09-17T14:13:38Z,48.763146,2.050719,167.3,0.13,193.6,0.98,10
2025-09-17T14:13:39Z,48.763146,2.050720,167.4,0.07,193.6,0.98,10
2025-09-17T14:13:40Z,48.763145,2.050721,167.5,0.07,193.6,0.98,10
2025-09-17T14:13:41Z,48.763145,2.050721,167.5,0.09,193.6,0.98,10
2025-09-17T14:13:42Z,48.763145,2.050722,167.4,0.02,193.6,0.98,10
2025-09-17T14:13:43Z,48.763145,2.050723,167.4,0.06,193.6,0.98,10
2025-09-17T14:13:44Z,48.763144,2.050723,167.2,0.00,193.6,0.98,10
2025-09-17T14:13:45Z,48.763143,2.050724,167.0,0.11,193.6,0.98,10
2025-09-17T14:13:46Z,48.763143,2.050725,167.0,0.04,193.6,0.98,10
2025-09-17T14:13:47Z,48.763143,2.050725,167.1,0.11,193.6,0.98,10
2025-09-17T14:13:48Z,48.763144,2.050726,167.2,0.06,193.6,0.98,10
2025-09-17T14:13:49Z,48.763144,2.050726,167.3,0.35,193.6,0.98,10
2025-09-17T14:13:50Z,48.763144,2.050727,167.5,0.11,193.6,0.98,10
2025-09-17T14:13:51Z,48.763145,2.050728,167.7,0.09,193.6,0.98,10
2025-09-17T14:13:52Z,48.763145,2.050728,167.8,0.04,193.6,0.98,10
2025-09-17T14:13:53Z,48.763144,2.050729,167.9,0.06,193.6,0.98,10
2025-09-17T14:13:54Z,48.763144,2.050730,167.9,0.13,193.6,0.98,10
2025-09-17T14:13:55Z,48.763136,2.050726,168.0,4.69,195.7,0.98,10
2025-09-17T14:13:56Z,48.763106,2.050710,167.7,15.87,199.2,0.98,10
2025-09-17T14:13:57Z,48.763058,2.050675,167.6,23.13,207.5,0.98,10
2025-09-17T14:13:58Z,48.763017,2.050613,167.2,23.19,228.7,0.98,10
2025-09-17T14:13:59Z,48.762993,2.050522,166.9,27.13,255.2,0.98,10
2025-09-17T14:14:00Z,48.762987,2.050401,167.0,34.24,269.7,1.01,9
2025-09-17T14:14:01Z,48.762991,2.050253,166.9,40.93,273.9,1.01,9
2025-09-17T14:14:02Z,48.762994,2.050089,166.8,43.89,271.5,0.98,10
2025-09-17T14:14:03Z,48.762994,2.049914,166.9,47.26,269.2,0.98,10
2025-09-17T14:14:04Z,48.762990,2.049723,166.7,51.34,268.1,0.98,10
2025-09-17T14:14:05Z,48.762980,2.049525,166.8,53.10,265.4,0.98,10
2025-09-17T14:14:06Z,48.762964,2.049321,166.7,54.71,262.0,0.98,10
2025-09-17T14:14:07Z,48.762943,2.049109,166.8,57.39,261.6,0.98,10
2025-09-17T14:14:08Z,48.762918,2.048892,167.1,58.75,260.1,0.98,10
2025-09-17T14:14:09Z,48.762897,2.048676,167.0,57.36,261.6,0.98,10
2025-09-17T14:14:10Z,48.762874,2.048463,167.2,57.12,260.2,1.09,10
2025-09-17T14:14:11Z,48.762851,2.048250,167.4,56.82,260.9,0.98,10
2025-09-17T14:14:12Z,48.762826,2.048041,167.2,56.58,260.2,0.98,10
2025-09-17T14:14:13Z,48.762798,2.047831,167.3,56.52,258.1,0.98,10
2025-09-17T14:14:14Z,48.762769,2.047618,167.8,57.60,258.6,0.98,10
2025-09-17T14:14:15Z,48.762743,2.047406,168.3,56.65,259.9,0.98,10
2025-09-17T14:14:16Z,48.762719,2.047197,168.1,55.89,260.3,0.98,10
2025-09-17T14:14:17Z,48.762695,2.046991,167.9,54.76,259.6,0.98,10
2025-09-17T14:14:18Z,48.762669,2.046790,168.2,53.80,259.0,0.98,10
2025-09-17T14:14:19Z,48.762644,2.046593,168.4,52.91,259.4,0.98,10
2025-09-17T14:14:20Z,48.762616,2.046397,169.4,52.95,258.4,0.98,10
2025-09-17T14:14:21Z,48.762594,2.046202,169.1,51.78,259.6,0.98,10
2025-09-17T14:14:22Z,48.762571,2.046019,169.4,48.36,259.6,0.98,10
2025-09-17T14:14:23Z,48.762554,2.045848,169.1,43.91,260.8,0.98,10
2025-09-17T14:14:24Z,48.762534,2.045691,169.9,41.74,259.8,0.98,10
2025-09-17T14:14:25Z,48.762521,2.045537,169.2,38.97,261.8,0.98,10
2025-09-17T14:14:26Z,48.762509,2.045390,168.0,37.82,261.3,0.98,10
2025-09-17T14:14:27Z,48.762497,2.045257,167.0,33.98,260.6,0.98,10
2025-09-17T14:14:28Z,48.762482,2.045140,166.5,30.11,258.7,1.04,9
2025-09-17T14:14:29Z,48.762470,2.045041,166.3,25.37,258.1,0.98,10
2025-09-17T14:14:30Z,48.762459,2.044956,166.1,22.08,258.9,0.98,10
2025-09-17T14:14:31Z,48.762450,2.044879,165.5,19.83,259.8,0.98,10
2025-09-17T14:14:32Z,48.762442,2.044814,165.3,16.85,258.2,0.98,10
2025-09-17T14:14:33Z,48.762431,2.044764,165.7,12.76,252.8,0.98,10
2025-09-17T14:14:34Z,48.762422,2.044732,165.8,7.83,248.4,0.98,10
2025-09-17T14:14:35Z,48.762414,2.044715,165.9,4.56,241.1,0.98,10
2025-09-17T14:14:36Z,48.762411,2.044710,166.0,1.11,240.2,0.98,10
2025-09-17T14:14:37Z,48.762412,2.044710,166.1,0.76,240.2,1.09,9
2025-09-17T14:14:38Z,48.762413,2.044709,165.9,0.15,240.2,0.98,10
2025-09-17T14:14:39Z,48.762413,2.044710,165.9,0.30,240.2,1.09,9
2025-09-17T14:14:40Z,48.762413,2.044708,165.4,0.07,240.2,1.09,9
2025-09-17T14:14:41Z,48.762413,2.044708,165.3,0.07,240.2,1.09,9
2025-09-17T14:14:42Z,48.762414,2.044707,165.0,0.04,240.2,0.98,10
2025-09-17T14:14:43Z,48.762414,2.044707,164.8,0.02,240.2,0.98,10
2025-09-17T14:14:44Z,48.762414,2.044707,164.7,0.06,240.2,0.98,10
2025-09-17T14:14:45Z,48.762414,2.044707,164.6,0.06,240.2,0.98,10
2025-09-17T14:14:46Z,48.762413,2.044706,164.5,0.00,240.2,0.98,10
2025-09-17T14:14:47Z,48.762414,2.044706,164.3,0.04,240.2,0.98,10
2025-09-17T14:14:48Z,48.762414,2.044706,164.1,0.06,240.2,0.98,10
2025-09-17T14:14:49Z,48.762414,2.044706,164.0,0.00,240.2,0.98,10
2025-09-17T14:14:50Z,48.762415,2.044705,164.0,0.04,240.2,0.98,10
2025-09-17T14:14:51Z,48.762412,2.044694,163.8,4.76,247.0,0.98,10
2025-09-17T14:14:52Z,48.762405,2.044650,163.7,14.82,254.4,0.98,10
2025-09-17T14:14:53Z,48.762396,2.044568,163.6,24.39,262.8,0.98,10
2025-09-17T14:14:54Z,48.762388,2.044468,163.2,27.21,262.6,0.98,10
2025-09-17T14:14:55Z,48.762369,2.044376,163.0,25.09,248.7,1.09,9
2025-09-17T14:14:56Z,48.762331,2.044313,163.1,22.58,221.2,1.09,10
2025-09-17T14:14:57Z,48.762270,2.044285,162.8,27.45,189.9,0.98,10
2025-09-17T14:14:58Z,48.762188,2.044292,162.4,35.41,172.3,0.98,10
2025-09-17T14:14:59Z,48.762091,2.044318,161.7,41.82,167.2,0.98,10
2025-09-17T14:15:00Z,48.761981,2.044360,161.3,46.56,165.4,0.98,10
2025-09-17T14:15:01Z,48.761862,2.044410,161.4,50.17,164.2,0.98,10
2025-09-17T14:15:02Z,48.761738,2.044462,161.4,51.91,164.4,0.98,10
2025-09-17T14:15:03Z,48.761607,2.044513,161.3,54.80,165.8,1.09,9
2025-09-17T14:15:04Z,48.761468,2.044550,161.3,57.02,171.4,0.98,10
2025-09-17T14:15:05Z,48.761322,2.044577,162.4,59.13,173.6,0.98,10
2025-09-17T14:15:06Z,48.761176,2.044602,162.5,58.93,173.2,0.98,10
2025-09-17T14:15:07Z,48.761037,2.044635,162.5,56.19,171.8,1.00,9
2025-09-17T14:15:08Z,48.760908,2.044668,162.7,51.12,170.8,1.07,10
2025-09-17T14:15:09Z,48.760771,2.044680,162.1,53.75,178.4,1.57,9
2025-09-17T14:15:10Z,48.760625,2.044656,161.6,57.75,188.0,1.57,8
2025-09-17T14:15:11Z,48.760485,2.044612,161.9,57.95,193.6,0.98,10
2025-09-17T14:15:12Z,48.760354,2.044545,162.5,55.54,200.6,1.09,9
2025-09-17T14:15:13Z,48.760223,2.044463,162.4,57.12,203.9,0.97,10
2025-09-17T14:15:14Z,48.760087,2.044357,162.1,61.19,208.2,1.09,9
2025-09-17T14:15:15Z,48.759952,2.044249,161.8,59.39,208.6,0.97,10
2025-09-17T14:15:16Z,48.759830,2.044147,161.8,54.95,210.3,0.97,10
2025-09-17T14:15:17Z,48.759716,2.044049,162.6,51.47,209.5,1.16,10
2025-09-17T14:15:18Z,48.759611,2.043957,163.3,47.23,210.7,1.16,9
2025-09-17T14:15:19Z,48.759519,2.043873,163.3,42.06,209.9,1.28,8
2025-09-17T14:15:20Z,48.759443,2.043796,163.9,35.15,215.2,0.97,10
2025-09-17T14:15:21Z,48.759371,2.043732,164.0,32.13,210.5,0.97,10
2025-09-17T14:15:22Z,48.759309,2.043681,164.8,26.63,210.3,0.97,10
2025-09-17T14:15:23Z,48.759261,2.043647,165.8,18.58,209.1,0.97,10
2025-09-17T14:15:24Z,48.759228,2.043615,165.1,12.98,212.4,0.97,10
2025-09-17T14:15:25Z,48.759209,2.043601,164.4,5.54,211.4,0.97,10
2025-09-17T14:15:26Z,48.759197,2.043595,165.7,3.72,207.5,0.97,10
2025-09-17T14:15:27Z,48.759189,2.043585,165.1,3.24,201.4,0.97,10
2025-09-17T14:15:28Z,48.759183,2.043581,165.3,2.07,202.3,0.97,10
2025-09-17T14:15:29Z,48.759170,2.043574,165.3,4.72,203.5,0.97,10
2025-09-17T14:15:30Z,48.759148,2.043562,165.5,9.32,203.1,0.97,10
2025-09-17T14:15:31Z,48.759116,2.043539,166.4,15.15,207.1,0.97,10
2025-09-17T14:15:32Z,48.759082,2.043511,166.9,15.41,209.8,0.97,10
2025-09-17T14:15:33Z,48.759045,2.043475,167.4,17.48,209.3,0.97,10
2025-09-17T14:15:34Z,48.759001,2.043440,167.6,18.89,209.7,0.97,10
2025-09-17T14:15:35Z,48.758953,2.043397,167.7,23.19,210.1,0.97,10
2025-09-17T14:15:36Z,48.758899,2.043348,167.8,25.34,210.0,0.97,10
2025-09-17T14:15:37Z,48.758840,2.043296,167.8,27.67,210.0,0.97,10
2025-09-17T14:15:38Z,48.758784,2.043248,167.5,24.59,209.4,0.97,10
2025-09-17T14:15:39Z,48.758738,2.043206,167.1,20.09,209.2,0.97,10
2025-09-17T14:15:40Z,48.758696,2.043171,167.0,18.45,208.6,0.97,10
2025-09-17T14:15:41Z,48.758651,2.043133,166.5,21.56,209.8,0.97,10
2025-09-17T14:15:42Z,48.758597,2.043088,166.3,25.06,209.0,0.97,10
2025-09-17T14:15:43Z,48.758535,2.043039,166.3,28.45,207.8,1.09,9
2025-09-17T14:15:44Z,48.758466,2.042985,166.3,32.10,207.6,0.97,10
2025-09-17T14:15:45Z,48.758392,2.042925,166.3,34.02,209.3,0.97,10
2025-09-17T14:15:46Z,48.758315,2.042864,166.5,34.80,208.1,1.09,9
2025-09-17T14:15:47Z,48.758235,2.042799,166.6,36.80,207.7,0.97,10
2025-09-17T14:15:48Z,48.758149,2.042728,166.4,39.78,208.6,0.97,10
2025-09-17T14:15:49Z,48.758059,2.042657,166.7,41.34,207.2,0.97,10
2025-09-17T14:15:50Z,48.757964,2.042579,166.7,44.30,208.1,0.97,10
2025-09-17T14:15:51Z,48.757867,2.042497,166.8,44.30,210.1,0.97,10
2025-09-17T14:15:52Z,48.757768,2.042417,166.8,45.37,207.0,0.97,10
2025-09-17T14:15:53Z,48.757667,2.042335,167.1,46.19,208.3,0.97,10
2025-09-17T14:15:54Z,48.757565,2.042240,166.8,47.32,211.4,0.97,10
2025-09-17T14:15:55Z,48.757460,2.042149,167.8,48.99,209.8,0.97,10
2025-09-17T14:15:56Z,48.757353,2.042056,168.4,49.60,210.0,1.03,9
2025-09-17T14:15:57Z,48.757243,2.041965,168.9,50.65,208.1,0.97,10
2025-09-17T14:15:58Z,48.757136,2.041872,169.7,49.86,209.9,0.97,10
2025-09-17T14:15:59Z,48.757030,2.041769,169.5,48.82,212.6,0.97,10
2025-09-17T14:16:00Z,48.756924,2.041677,170.0,48.50,209.3,0.97,10
2025-09-17T14:16:01Z,48.756814,2.041594,170.1,48.87,206.1,0.97,10
2025-09-17T14:16:02Z,48.756699,2.041519,169.9,50.12,202.2,0.97,10
2025-09-17T14:16:03Z,48.756578,2.041455,170.4,51.71,198.2,1.17,9
2025-09-17T14:16:04Z,48.756453,2.041398,170.0,52.15,194.9,0.97,10
2025-09-17T14:16:05Z,48.756323,2.041358,169.9,53.37,189.7,0.97,10
2025-09-17T14:16:06Z,48.756189,2.041326,169.3,54.02,186.4,0.97,10
2025-09-17T14:16:07Z,48.756055,2.041306,169.0,54.30,182.8,0.97,10
2025-09-17T14:16:08Z,48.755921,2.041305,169.1,52.71,178.2,0.97,10
2025-09-17T14:16:09Z,48.755795,2.041318,169.2,49.49,174.0,0.97,10
2025-09-17T14:16:10Z,48.755677,2.041342,169.3,46.30,170.4,0.97,10
2025-09-17T14:16:11Z,48.755571,2.041379,168.8,42.06,165.5,0.97,10
2025-09-17T14:16:12Z,48.755472,2.041425,168.8,41.11,162.4,0.97,10
2025-09-17T14:16:13Z,48.755372,2.041470,169.1,41.82,162.8,0.97,10
2025-09-17T14:16:14Z,48.755273,2.041511,169.3,41.15,164.4,1.12,8
2025-09-17T14:16:15Z,48.755182,2.041551,169.1,36.98,162.6,1.01,9
2025-09-17T14:16:16Z,48.755102,2.041589,169.0,32.60,161.9,1.06,10
2025-09-17T14:16:17Z,48.755030,2.041625,169.1,29.22,161.1,1.06,9
2025-09-17T14:16:18Z,48.754973,2.041654,168.8,23.11,158.8,1.06,9
2025-09-17T14:16:19Z,48.754934,2.041674,168.2,14.74,158.2,1.09,9
2025-09-17T14:16:20Z,48.754911,2.041687,168.8,7.76,160.2,0.97,10
2025-09-17T14:16:21Z,48.754895,2.041691,168.9,5.67,165.8,0.97,10
2025-09-17T14:16:22Z,48.754876,2.041692,168.9,8.54,173.1,0.97,10
2025-09-17T14:16:23Z,48.754837,2.041697,171.4,17.59,178.9,1.09,9
2025-09-17T14:16:24Z,48.754781,2.041686,171.1,24.45,187.1,1.29,9
2025-09-17T14:16:25Z,48.754719,2.041677,171.6,25.56,184.5,1.09,9
2025-09-17T14:16:26Z,48.754651,2.041670,171.9,27.26,183.1,1.09,9
2025-09-17T14:16:27Z,48.754580,2.041648,171.8,29.74,193.7,1.09,9
2025-09-17T14:16:28Z,48.754507,2.041599,171.1,32.97,206.5,1.09,9
2025-09-17T14:16:29Z,48.754436,2.041523,170.3,35.28,217.1,1.09,9
2025-09-17T14:16:30Z,48.754370,2.041424,169.7,37.89,227.2,1.09,9
2025-09-17T14:16:31Z,48.754309,2.041306,168.8,40.10,233.4,1.09,9
2025-09-17T14:16:32Z,48.754254,2.041175,168.2,41.41,238.4,1.09,9
2025-09-17T14:16:33Z,48.754204,2.041031,167.4,43.24,243.8,1.09,9
2025-09-17T14:16:34Z,48.754160,2.040872,165.7,45.08,247.4,1.09,9
2025-09-17T14:16:35Z,48.754119,2.040707,165.0,47.06,250.4,1.09,9
2025-09-17T14:16:36Z,48.754083,2.040525,163.9,51.17,254.4,1.41,8
2025-09-17T14:16:37Z,48.754056,2.040322,163.4,55.93,260.2,0.97,10
2025-09-17T14:16:38Z,48.754049,2.040109,162.4,57.17,269.7,1.12,9
2025-09-17T14:16:39Z,48.754060,2.039887,161.1,59.13,276.2,1.12,9
2025-09-17T14:16:40Z,48.754088,2.039658,160.3,62.32,282.3,1.09,9
2025-09-17T14:16:41Z,48.754126,2.039430,159.9,62.71,284.9,1.12,9
2025-09-17T14:16:42Z,48.754172,2.039213,159.5,58.73,287.7,1.12,8
2025-09-17T14:16:43Z,48.754208,2.039003,159.3,56.82,285.0,1.12,8
2025-09-17T14:16:44Z,48.754241,2.038804,158.5,53.10,283.4,1.12,8
2025-09-17T14:16:45Z,48.754255,2.038608,158.2,52.34,273.5,1.12,8
2025-09-17T14:16:46Z,48.754243,2.038410,157.8,52.93,261.2,1.12,8
2025-09-17T14:16:47Z,48.754191,2.038203,156.5,59.84,247.0,1.70,7
2025-09-17T14:16:48Z,48.754107,2.038007,154.7,64.13,235.8,1.70,7
2025-09-17T14:16:49Z,48.754010,2.037808,152.8,66.62,232.9,1.70,7
2025-09-17T14:16:50Z,48.753911,2.037610,152.4,66.34,233.4,1.12,8
2025-09-17T14:16:51Z,48.753816,2.037414,151.9,63.86,233.5,1.06,8
2025-09-17T14:16:52Z,48.753724,2.037224,151.4,61.89,233.2,1.01,9
2025-09-17T14:16:53Z,48.753633,2.037046,151.3,59.30,231.6,1.06,8
2025-09-17T14:16:54Z,48.753540,2.036862,151.7,62.71,233.0,1.01,9
2025-09-17T14:16:55Z,48.753439,2.036660,151.8,68.97,232.8,1.01,9
2025-09-17T14:16:56Z,48.753329,2.036447,152.1,72.62,232.2,1.01,9
2025-09-17T14:16:57Z,48.753220,2.036236,152.6,70.39,231.6,1.01,9
2025-09-17T14:16:58Z,48.753113,2.036024,153.0,69.93,232.8,1.01,9
2025-09-17T14:16:59Z,48.753011,2.035816,153.5,68.01,233.6,1.01,9
2025-09-17T14:17:00Z,48.752906,2.035608,154.5,69.51,232.8,1.03,9
2025-09-17T14:17:01Z,48.752801,2.035395,154.8,70.04,233.1,0.97,10
2025-09-17T14:17:02Z,48.752694,2.035184,155.4,70.54,232.2,0.97,10
2025-09-17T14:17:03Z,48.752584,2.034972,156.4,71.73,230.8,0.97,10
2025-09-17T14:17:04Z,48.752466,2.034750,156.3,76.39,230.9,0.97,10
2025-09-17T14:17:05Z,48.752341,2.034512,156.5,82.21,232.0,0.97,10
2025-09-17T14:17:06Z,48.752218,2.034269,156.5,80.67,232.5,0.97,10
2025-09-17T14:17:07Z,48.752097,2.034028,156.3,79.02,233.1,0.97,10
2025-09-17T14:17:08Z,48.751979,2.033796,156.6,77.14,232.7,1.09,9
2025-09-17T14:17:09Z,48.751863,2.033567,156.7,75.93,232.3,1.09,9
2025-09-17T14:17:10Z,48.751750,2.033336,156.6,75.75,233.8,0.97,10
2025-09-17T14:17:11Z,48.751639,2.033109,157.2,74.67,233.1,0.97,10
2025-09-17T14:17:12Z,48.751526,2.032882,157.3,75.14,233.1,0.97,10
2025-09-17T14:17:13Z,48.751413,2.032653,157.6,76.10,232.7,0.97,10
2025-09-17T14:17:14Z,48.751289,2.032415,157.7,81.47,231.3,1.06,10
2025-09-17T14:17:15Z,48.751149,2.032164,157.9,89.10,229.0,0.97,10
2025-09-17T14:17:16Z,48.750998,2.031886,158.3,97.58,230.8,0.97,10
2025-09-17T14:17:17Z,48.750843,2.031580,158.9,104.32,233.0,0.97,10
2025-09-17T14:17:18Z,48.750690,2.031268,159.6,102.90,233.6,0.97,10
2025-09-17T14:17:19Z,48.750543,2.030967,159.6,97.40,233.2,0.97,10
2025-09-17T14:17:20Z,48.750402,2.030684,160.2,92.51,232.9,0.97,10
2025-09-17T14:17:21Z,48.750268,2.030417,160.5,87.41,232.9,0.97,10
2025-09-17T14:17:22Z,48.750140,2.030163,160.9,83.51,232.6,0.97,10
2025-09-17T14:17:23Z,48.750015,2.029918,161.1,81.14,232.5,0.97,10
2025-09-17T14:17:24Z,48.749894,2.029676,161.3,79.32,232.8,0.97,10
2025-09-17T14:17:25Z,48.749776,2.029441,161.5,77.80,233.0,0.97,10
2025-09-17T14:17:26Z,48.749660,2.029209,161.6,76.08,233.1,0.97,10
2025-09-17T14:17:27Z,48.749547,2.028983,162.0,75.14,232.8,0.97,10
2025-09-17T14:17:28Z,48.749436,2.028759,162.4,74.17,233.1,0.97,10
2025-09-17T14:17:29Z,48.749328,2.028543,162.7,69.52,233.1,0.97,10
2025-09-17T14:17:30Z,48.749227,2.028344,162.8,65.32,232.6,0.97,10
2025-09-17T14:17:31Z,48.749127,2.028150,162.8,64.45,232.1,0.97,10
2025-09-17T14:17:32Z,48.749028,2.027959,163.0,64.10,231.6,0.97,10
2025-09-17T14:17:33Z,48.748928,2.027769,163.0,64.08,231.7,0.97,10
2025-09-17T14:17:34Z,48.748829,2.027579,163.1,63.95,231.9,0.97,10
2025-09-17T14:17:35Z,48.748731,2.027390,163.1,62.76,232.1,0.97,10
2025-09-17T14:17:36Z,48.748638,2.027205,163.1,61.04,232.7,0.97,10
2025-09-17T14:17:37Z,48.748547,2.027024,163.1,59.36,232.8,0.97,10
2025-09-17T14:17:38Z,48.748461,2.026857,163.0,54.75,232.6,0.97,10
2025-09-17T14:17:39Z,48.748382,2.026701,163.2,51.04,232.4,0.97,10
2025-09-17T14:17:40Z,48.748306,2.026552,163.5,49.37,232.2,0.97,10
2025-09-17T14:17:41Z,48.748233,2.026405,163.5,48.30,233.3,0.97,10
2025-09-17T14:17:42Z,48.748163,2.026264,163.7,45.80,233.5,0.97,10
2025-09-17T14:17:43Z,48.748100,2.026135,164.0,41.19,233.6,0.97,10
2025-09-17T14:17:44Z,48.748043,2.026019,164.2,37.11,232.9,1.09,9
2025-09-17T14:17:45Z,48.747991,2.025915,164.4,33.22,233.0,1.09,9
2025-09-17T14:17:46Z,48.747943,2.025817,164.5,31.58,233.2,0.97,10
2025-09-17T14:17:47Z,48.747901,2.025729,165.0,28.13,233.7,0.97,10
2025-09-17T14:17:48Z,48.747865,2.025650,165.2,24.11,236.7,0.97,10
2025-09-17T14:17:49Z,48.747838,2.025586,165.4,18.82,238.7,0.97,10
2025-09-17T14:17:50Z,48.747818,2.025531,165.5,15.65,240.8,0.97,10
2025-09-17T14:17:51Z,48.747800,2.025475,165.6,16.46,244.5,0.97,10
2025-09-17T14:17:52Z,48.747782,2.025404,165.7,21.58,249.5,0.97,10
2025-09-17T14:17:53Z,48.747763,2.025321,165.8,23.96,250.4,0.97,10
2025-09-17T14:17:54Z,48.747734,2.025240,165.8,23.91,238.4,0.97,10
2025-09-17T14:17:55Z,48.747688,2.025165,165.8,28.26,223.4,0.97,10
2025-09-17T14:17:56Z,48.747623,2.025082,165.7,36.63,219.5,0.97,10
2025-09-17T14:17:57Z,48.747555,2.024985,165.8,38.15,224.3,0.97,10
2025-09-17T14:17:58Z,48.747484,2.024871,166.0,42.97,227.4,0.97,10
2025-09-17T14:17:59Z,48.747408,2.024743,166.2,46.43,228.2,0.97,10
2025-09-17T14:18:00Z,48.747335,2.024611,166.4,45.21,231.1,0.97,10
2025-09-17T14:18:01Z,48.747264,2.024478,166.5,44.73,231.3,0.97,10
2025-09-17T14:18:02Z,48.747197,2.024347,166.7,43.93,232.4,1.09,9
2025-09-17T14:18:03Z,48.747132,2.024214,167.0,43.17,233.1,1.09,9
2025-09-17T14:18:04Z,48.747065,2.024084,167.0,42.89,231.7,1.09,10
2025-09-17T14:18:05Z,48.747000,2.023959,166.9,41.61,232.2,1.09,9
2025-09-17T14:18:06Z,48.746938,2.023838,166.7,39.56,233.1,1.09,9
2025-09-17T14:18:07Z,48.746880,2.023724,166.8,38.00,232.7,0.97,10
2025-09-17T14:18:08Z,48.746823,2.023608,166.8,37.39,232.9,1.09,9
2025-09-17T14:18:09Z,48.746768,2.023495,166.8,37.19,233.9,0.97,10
2025-09-17T14:18:10Z,48.746713,2.023381,166.4,36.95,234.2,1.03,10
2025-09-17T14:18:11Z,48.746661,2.023264,166.1,37.08,236.7,0.97,10
2025-09-17T14:18:12Z,48.746610,2.023144,165.7,37.10,237.2,0.97,10
2025-09-17T14:18:13Z,48.746560,2.023023,165.5,37.54,238.0,0.97,10
2025-09-17T14:18:14Z,48.746515,2.022898,165.2,37.52,241.9,0.97,10
2025-09-17T14:18:15Z,48.746474,2.022769,164.9,37.82,244.8,0.97,10
2025-09-17T14:18:16Z,48.746435,2.022636,164.5,38.11,246.6,0.97,10
2025-09-17T14:18:17Z,48.746398,2.022502,164.1,38.34,247.1,0.97,10
2025-09-17T14:18:18Z,48.746361,2.022365,163.5,38.61,247.8,0.97,10
2025-09-17T14:18:19Z,48.746326,2.022229,163.2,38.80,249.2,1.09,9
2025-09-17T14:18:20Z,48.746292,2.022095,162.7,37.02,248.8,1.09,9
2025-09-17T14:18:21Z,48.746259,2.021972,162.0,34.45,247.9,1.40,8
2025-09-17T14:18:22Z,48.746226,2.021859,161.6,31.98,245.0,1.40,8
2025-09-17T14:18:23Z,48.746190,2.021749,161.3,32.60,243.7,1.09,9
2025-09-17T14:18:24Z,48.746152,2.021642,160.7,32.87,241.6,1.09,9
2025-09-17T14:18:25Z,48.746108,2.021531,160.3,34.93,238.7,1.09,9
2025-09-17T14:18:26Z,48.746057,2.021418,159.8,37.28,234.7,1.09,9
2025-09-17T14:18:27Z,48.746001,2.021303,159.2,38.41,233.4,1.09,9
2025-09-17T14:18:28Z,48.745944,2.021183,158.8,39.95,234.8,1.31,9
2025-09-17T14:18:29Z,48.745884,2.021057,158.1,41.21,234.2,1.31,8
2025-09-17T14:18:30Z,48.745834,2.020923,158.0,43.17,239.3,1.09,9
2025-09-17T14:18:31Z,48.745766,2.020780,157.2,46.02,236.0,0.97,10
2025-09-17T14:18:32Z,48.745693,2.020636,156.1,47.67,233.0,1.31,9
2025-09-17T14:18:33Z,48.745626,2.020481,155.2,49.36,237.1,1.31,9
2025-09-17T14:18:34Z,48.745553,2.020323,154.2,50.93,235.0,1.31,9
2025-09-17T14:18:35Z,48.745480,2.020163,154.0,52.97,236.8,0.97,10
2025-09-17T14:18:36Z,48.745412,2.019988,153.1,54.71,239.9,1.40,9
2025-09-17T14:18:37Z,48.745318,2.019812,152.5,60.19,232.4,0.97,10
2025-09-17T14:18:38Z,48.745222,2.019622,151.4,62.13,233.1,1.03,10
2025-09-17T14:18:39Z,48.745114,2.019454,151.2,59.23,227.2,1.03,9
2025-09-17T14:18:40Z,48.745013,2.019295,150.5,54.89,227.1,1.09,9
2025-09-17T14:18:41Z,48.744913,2.019161,149.9,51.21,220.6,1.09,9
2025-09-17T14:18:42Z,48.744811,2.019047,149.4,50.34,214.6,1.12,8
2025-09-17T14:18:43Z,48.744695,2.018960,150.8,50.82,205.9,1.00,9
2025-09-17T14:18:44Z,48.744564,2.018905,152.1,53.56,194.8,0.97,10
2025-09-17T14:18:45Z,48.744428,2.018864,150.8,54.47,187.2,0.97,10
2025-09-17T14:18:46Z,48.744295,2.018864,152.4,52.13,177.9,0.97,10
2025-09-17T14:18:47Z,48.744168,2.018876,152.9,50.76,175.0,0.97,10
2025-09-17T14:18:48Z,48.744040,2.018914,152.5,52.91,167.0,1.00,9
2025-09-17T14:18:49Z,48.743900,2.018994,150.8,62.97,158.3,1.00,9
2025-09-17T14:18:50Z,48.743730,2.019100,150.9,77.34,156.1,1.00,9
2025-09-17T14:18:51Z,48.743547,2.019212,150.2,79.97,156.0,1.00,9
2025-09-17T14:18:52Z,48.743359,2.019360,150.3,85.10,154.2,1.00,9
2025-09-17T14:18:53Z,48.743166,2.019492,150.0,84.12,155.5,1.14,9
2025-09-17T14:18:54Z,48.743004,2.019627,147.5,74.54,153.6,1.18,9
2025-09-17T14:18:55Z,48.742834,2.019752,144.9,76.95,159.3,1.02,8
2025-09-17T14:18:56Z,48.742659,2.019833,144.3,72.34,165.8,1.00,9
2025-09-17T14:18:57Z,48.742487,2.019917,143.7,71.45,163.8,1.00,9
2025-09-17T14:18:58Z,48.742327,2.020020,142.2,68.58,161.0,1.00,9
2025-09-17T14:18:59Z,48.742159,2.020124,141.5,71.43,160.8,1.22,9
2025-09-17T14:19:00Z,48.741989,2.020281,139.9,76.78,152.9,1.34,8
2025-09-17T14:19:01Z,48.741879,2.020472,140.2,63.56,140.8,1.04,8
2025-09-17T14:19:02Z,48.741757,2.020627,140.9,62.97,141.6,1.00,9
2025-09-17T14:19:03Z,48.741645,2.020779,142.0,62.95,147.9,1.07,9
2025-09-17T14:19:04Z,48.741521,2.020922,140.3,67.97,154.9,1.07,8
2025-09-17T14:19:05Z,48.741365,2.021034,141.4,68.95,157.4,1.20,7
2025-09-17T14:19:06Z,48.741229,2.021155,140.1,63.56,153.2,1.00,9
2025-09-17T14:19:07Z,48.741135,2.021352,135.9,61.84,143.0,1.00,9
2025-09-17T14:19:08Z,48.741006,2.021529,134.1,69.88,139.5,1.00,9
2025-09-17T14:19:09Z,48.740888,2.021729,131.8,67.95,134.3,1.00,9
2025-09-17T14:19:10Z,48.740772,2.021896,132.0,62.04,137.3,1.00,9
2025-09-17T14:19:11Z,48.740671,2.022077,130.3,60.67,133.6,1.00,9
2025-09-17T14:19:12Z,48.740584,2.022256,129.4,55.80,129.9,1.00,9
2025-09-17T14:19:13Z,48.740505,2.022441,128.0,54.00,130.9,1.00,9
2025-09-17T14:19:14Z,48.740430,2.022604,126.0,50.23,137.9,1.00,9
2025-09-17T14:19:15Z,48.740357,2.022751,122.6,48.71,152.0,1.00,9
2025-09-17T14:19:16Z,48.740266,2.022852,119.7,48.65,171.9,1.00,9
2025-09-17T14:19:17Z,48.740154,2.022867,118.7,49.24,191.0,1.00,9
2025-09-17T14:19:18Z,48.740052,2.022813,117.2,49.69,210.4,1.00,9
2025-09-17T14:19:19Z,48.739973,2.022705,114.2,52.08,226.7,1.22,8
2025-09-17T14:19:20Z,48.739904,2.022550,111.9,55.25,237.2,1.13,8
2025-09-17T14:19:21Z,48.739839,2.022369,109.8,57.06,243.4,1.13,8
2025-09-17T14:19:22Z,48.739778,2.022176,108.6,58.12,244.0,1.00,9
2025-09-17T14:19:23Z,48.739714,2.021980,107.6,59.82,243.4,1.13,8
2025-09-17T14:19:24Z,48.739646,2.021776,106.5,61.93,243.3,1.13,8
2025-09-17T14:19:25Z,48.739567,2.021550,105.8,70.34,242.8,1.13,8
2025-09-17T14:19:26Z,48.739474,2.021284,105.5,84.34,241.5,1.13,8
2025-09-17T14:19:27Z,48.739373,2.020981,105.1,91.82,243.4,1.00,9
2025-09-17T14:19:28Z,48.739278,2.020679,105.5,87.47,245.0,1.00,9
2025-09-17T14:19:29Z,48.739190,2.020399,105.7,80.14,245.0,1.00,9
2025-09-17T14:19:30Z,48.739105,2.020138,106.0,76.10,244.1,1.00,9
2025-09-17T14:19:31Z,48.739018,2.019880,106.4,77.17,243.4,1.00,9
2025-09-17T14:19:32Z,48.738933,2.019624,106.8,75.49,243.4,1.00,9
2025-09-17T14:19:33Z,48.738850,2.019378,107.2,72.34,243.1,1.00,9
2025-09-17T14:19:34Z,48.738769,2.019140,107.7,70.43,243.4,1.00,9
2025-09-17T14:19:35Z,48.738691,2.018907,108.1,68.75,243.0,1.00,9
2025-09-17T14:19:36Z,48.738613,2.018682,108.5,66.17,243.0,1.00,9
2025-09-17T14:19:37Z,48.738541,2.018467,108.9,62.97,243.0,1.13,8
2025-09-17T14:19:38Z,48.738473,2.018268,109.4,58.00,242.6,1.00,9
2025-09-17T14:19:39Z,48.738410,2.018083,109.9,53.73,242.8,1.00,9
2025-09-17T14:19:40Z,48.738353,2.017913,110.5,49.08,243.5,1.00,9
2025-09-17T14:19:41Z,48.738301,2.017754,111.2,46.43,243.7,1.00,9
2025-09-17T14:19:42Z,48.738248,2.017601,111.9,45.47,241.8,1.13,8
2025-09-17T14:19:43Z,48.738194,2.017455,112.6,43.58,241.2,1.13,8
2025-09-17T14:19:44Z,48.738141,2.017316,113.6,42.43,239.4,1.13,8
2025-09-17T14:19:45Z,48.738088,2.017184,114.1,40.32,239.3,1.13,8
2025-09-17T14:19:46Z,48.738044,2.017063,114.6,35.11,242.2,1.13,8
2025-09-17T14:19:47Z,48.738010,2.016946,115.2,33.34,247.9,1.13,8
2025-09-17T14:19:48Z,48.737981,2.016830,115.5,32.37,250.6,1.13,8
2025-09-17T14:19:49Z,48.737946,2.016713,116.1,35.26,243.5,1.13,8
2025-09-17T14:19:50Z,48.737890,2.016568,116.6,48.26,239.3,1.13,8
2025-09-17T14:19:51Z,48.737824,2.016375,117.3,61.91,243.6,1.13,8
2025-09-17T14:19:52Z,48.737759,2.016157,118.2,63.60,246.9,1.13,8
2025-09-17T14:19:53Z,48.737694,2.015935,119.4,64.34,245.9,1.00,9
2025-09-17T14:19:54Z,48.737621,2.015703,121.0,69.75,244.5,1.00,9
2025-09-17T14:19:55Z,48.737539,2.015459,122.4,74.10,242.5,1.09,9
2025-09-17T14:19:56Z,48.737456,2.015213,123.5,72.62,243.0,1.09,9
2025-09-17T14:19:57Z,48.737375,2.014968,124.8,72.49,243.6,1.09,9
2025-09-17T14:19:58Z,48.737293,2.014722,126.1,73.39,243.6,1.09,9
2025-09-17T14:19:59Z,48.737211,2.014472,126.9,74.28,244.1,1.32,8
2025-09-17T14:20:00Z,48.737128,2.014218,128.0,75.04,243.8,1.09,9
2025-09-17T14:20:01Z,48.737049,2.013961,129.2,75.38,245.0,0.97,10
2025-09-17T14:20:02Z,48.736972,2.013701,130.1,75.28,246.1,1.32,9
2025-09-17T14:20:03Z,48.736889,2.013443,131.0,75.62,243.7,1.40,8
2025-09-17T14:20:04Z,48.736798,2.013193,131.7,75.15,241.5,1.09,9
2025-09-17T14:20:05Z,48.736705,2.012950,133.4,74.93,240.3,1.09,9
2025-09-17T14:20:06Z,48.736606,2.012707,134.2,75.08,238.0,1.09,9
2025-09-17T14:20:07Z,48.736488,2.012475,136.1,79.30,232.8,1.09,9
2025-09-17T14:20:08Z,48.736350,2.012253,137.0,80.80,227.1,1.09,9
2025-09-17T14:20:09Z,48.736206,2.012033,138.3,80.91,224.4,1.09,9
2025-09-17T14:20:10Z,48.736035,2.011836,139.4,87.01,216.4,1.61,7
2025-09-17T14:20:11Z,48.735830,2.011657,139.9,95.92,209.4,1.61,7
2025-09-17T14:20:12Z,48.735630,2.011469,141.9,94.66,212.3,1.32,8
2025-09-17T14:20:13Z,48.735438,2.011287,143.6,87.86,213.9,1.61,7
2025-09-17T14:20:14Z,48.735263,2.011100,145.8,85.69,216.6,1.40,8
2025-09-17T14:20:15Z,48.735086,2.010883,147.4,92.54,221.3,1.40,8
2025-09-17T14:20:16Z,48.734910,2.010627,149.3,99.75,226.1,1.40,9
2025-09-17T14:20:17Z,48.734735,2.010333,151.3,106.32,229.2,1.40,8
2025-09-17T14:20:18Z,48.734561,2.010038,153.0,104.60,229.5,1.09,9
2025-09-17T14:20:19Z,48.734400,2.009749,153.4,97.01,230.6,1.09,9
2025-09-17T14:20:20Z,48.734249,2.009487,154.0,90.12,229.5,1.09,9
2025-09-17T14:20:21Z,48.734102,2.009231,154.6,89.56,229.2,1.09,9
2025-09-17T14:20:22Z,48.733959,2.008982,155.3,86.47,229.7,1.09,9
2025-09-17T14:20:23Z,48.733821,2.008734,155.6,85.69,230.5,1.09,9
2025-09-17T14:20:24Z,48.733682,2.008483,155.5,86.40,230.5,1.09,9
2025-09-17T14:20:25Z,48.733544,2.008230,156.0,87.08,231.1,1.09,9
2025-09-17T14:20:26Z,48.733404,2.007973,156.3,88.01,230.5,1.09,9
2025-09-17T14:20:27Z,48.733267,2.007726,156.6,83.99,229.8,1.09,9
2025-09-17T14:20:28Z,48.733132,2.007482,156.6,84.23,230.9,1.09,9
2025-09-17T14:20:29Z,48.732992,2.007225,156.6,89.12,230.2,1.09,9
2025-09-17T14:20:30Z,48.732847,2.006956,156.6,92.90,231.4,1.09,9
2025-09-17T14:20:31Z,48.732702,2.006687,156.9,91.51,230.8,1.13,9
2025-09-17T14:20:32Z,48.732563,2.006433,157.3,85.86,230.2,1.13,8
2025-09-17T14:20:33Z,48.732430,2.006193,157.5,81.38,230.5,1.13,8
2025-09-17T14:20:34Z,48.732304,2.005957,157.6,79.69,231.1,1.13,8
2025-09-17T14:20:35Z,48.732178,2.005724,158.0,79.97,230.8,1.00,10
2025-09-17T14:20:36Z,48.732052,2.005492,158.3,79.32,230.5,1.00,10
2025-09-17T14:20:37Z,48.731926,2.005263,158.6,78.91,230.3,1.00,10
2025-09-17T14:20:38Z,48.731800,2.005036,159.0,78.27,230.0,1.00,10
2025-09-17T14:20:39Z,48.731675,2.004807,159.1,78.36,230.6,1.13,9
2025-09-17T14:20:40Z,48.731550,2.004576,159.4,79.12,231.0,1.13,9
2025-09-17T14:20:41Z,48.731424,2.004342,159.9,80.04,230.7,1.13,9
2025-09-17T14:20:42Z,48.731294,2.004110,160.2,80.64,229.5,1.09,9
2025-09-17T14:20:43Z,48.731156,2.003889,160.5,80.38,225.3,0.96,10
2025-09-17T14:20:44Z,48.731005,2.003696,160.8,78.34,218.0,1.09,9
2025-09-17T14:20:45Z,48.730842,2.003539,161.0,77.27,209.7,0.96,10
2025-09-17T14:20:46Z,48.730663,2.003426,161.7,77.73,200.5,0.96,10
2025-09-17T14:20:47Z,48.730474,2.003351,162.4,78.25,192.5,0.96,10
2025-09-17T14:20:48Z,48.730286,2.003309,162.7,75.17,186.7,0.96,10
2025-09-17T14:20:49Z,48.730107,2.003287,163.2,70.17,184.1,0.96,10
2025-09-17T14:20:50Z,48.729939,2.003269,163.4,65.84,183.4,1.20,9
2025-09-17T14:20:51Z,48.729783,2.003255,163.5,61.38,183.2,1.20,9
2025-09-17T14:20:52Z,48.729638,2.003243,163.7,56.13,182.7,1.20,9
2025-09-17T14:20:53Z,48.729507,2.003232,163.9,51.06,183.3,1.20,9
2025-09-17T14:20:54Z,48.729383,2.003215,163.9,48.74,185.4,1.20,9
2025-09-17T14:20:55Z,48.729265,2.003202,164.1,46.41,183.7,1.20,9
2025-09-17T14:20:56Z,48.729153,2.003191,164.2,44.30,183.5,0.96,10
2025-09-17T14:20:57Z,48.729043,2.003182,164.4,43.82,183.3,0.96,10
2025-09-17T14:20:58Z,48.728934,2.003171,164.7,43.87,183.6,0.96,10
2025-09-17T14:20:59Z,48.728823,2.003165,164.9,44.26,181.9,0.96,10
2025-09-17T14:21:00Z,48.728705,2.003162,165.0,47.80,180.8,0.96,10
2025-09-17T14:21:01Z,48.728579,2.003156,165.2,51.58,181.9,0.96,10
2025-09-17T14:21:02Z,48.728445,2.003147,165.4,54.63,182.8,0.96,10
2025-09-17T14:21:03Z,48.728308,2.003137,165.6,54.50,182.6,0.96,10
2025-09-17T14:21:04Z,48.728172,2.003127,165.8,54.36,183.2,0.96,10
2025-09-17T14:21:05Z,48.728039,2.003115,165.9,53.21,183.2,1.20,9
2025-09-17T14:21:06Z,48.727911,2.003101,166.1,50.39,184.5,1.20,9
2025-09-17T14:21:07Z,48.727791,2.003082,166.2,47.23,186.6,1.00,10
2025-09-17T14:21:08Z,48.727678,2.003062,166.4,44.71,186.8,1.20,9
2025-09-17T14:21:09Z,48.727567,2.003045,166.5,43.97,184.9,1.20,9
2025-09-17T14:21:10Z,48.727458,2.003035,166.7,43.93,183.2,1.20,9
2025-09-17T14:21:11Z,48.727348,2.003025,166.9,43.89,183.5,1.55,9
2025-09-17T14:21:12Z,48.727238,2.003014,166.8,44.23,183.5,1.55,8
2025-09-17T14:21:13Z,48.727126,2.003006,166.8,45.65,182.2,1.33,8
2025-09-17T14:21:14Z,48.727007,2.003002,166.7,48.50,180.9,1.09,9
2025-09-17T14:21:15Z,48.726880,2.003001,166.4,51.45,179.9,0.96,10
2025-09-17T14:21:16Z,48.726746,2.002996,166.3,54.54,182.0,0.96,10
2025-09-17T14:21:17Z,48.726608,2.002983,166.1,55.78,184.3,0.96,10
2025-09-17T14:21:18Z,48.726467,2.002966,165.8,56.82,184.5,0.96,10
2025-09-17T14:21:19Z,48.726323,2.002953,165.4,57.89,182.9,1.09,9
2025-09-17T14:21:20Z,48.726177,2.002945,165.1,58.45,181.8,1.09,9
2025-09-17T14:21:21Z,48.726030,2.002937,164.8,59.08,182.0,0.96,10
2025-09-17T14:21:22Z,48.725883,2.002926,164.2,58.93,183.1,0.96,10
2025-09-17T14:21:23Z,48.725738,2.002916,163.9,57.97,182.7,0.96,10
2025-09-17T14:21:24Z,48.725594,2.002906,163.7,56.91,182.8,0.96,10
2025-09-17T14:21:25Z,48.725449,2.002891,163.3,58.78,184.3,0.96,10
2025-09-17T14:21:26Z,48.725290,2.002878,162.9,65.52,182.6,0.96,10
2025-09-17T14:21:27Z,48.725122,2.002866,162.4,68.26,182.8,0.96,10
2025-09-17T14:21:28Z,48.724951,2.002851,161.8,68.43,183.5,0.96,10
2025-09-17T14:21:29Z,48.724781,2.002837,161.3,68.10,183.1,0.96,10
2025-09-17T14:21:30Z,48.724612,2.002827,160.8,67.23,182.0,0.96,10
2025-09-17T14:21:31Z,48.724445,2.002818,160.3,66.49,182.1,0.96,10
2025-09-17T14:21:32Z,48.724280,2.002805,159.9,65.86,183.2,0.96,10
2025-09-17T14:21:33Z,48.724116,2.002791,159.4,65.69,183.3,0.96,10
2025-09-17T14:21:34Z,48.723951,2.002776,159.0,66.06,183.4,0.96,10
2025-09-17T14:21:35Z,48.723785,2.002761,158.7,66.69,183.4,0.96,10
2025-09-17T14:21:36Z,48.723618,2.002747,158.5,67.34,182.9,0.96,10
2025-09-17T14:21:37Z,48.723449,2.002734,158.3,67.71,183.0,0.96,10
2025-09-17T14:21:38Z,48.723280,2.002718,158.1,67.99,183.7,0.96,10
2025-09-17T14:21:39Z,48.723112,2.002702,158.1,67.36,183.7,0.96,10
2025-09-17T14:21:40Z,48.722945,2.002686,158.0,66.73,183.3,0.96,10
2025-09-17T14:21:41Z,48.722779,2.002673,157.9,66.38,182.8,0.96,10
2025-09-17T14:21:42Z,48.722613,2.002661,157.8,66.43,182.9,0.96,10
2025-09-17T14:21:43Z,48.722448,2.002648,157.7,66.28,182.7,0.96,10
2025-09-17T14:21:44Z,48.722283,2.002636,157.5,65.95,182.8,0.96,10
2025-09-17T14:21:45Z,48.722120,2.002623,157.4,65.19,183.2,0.96,10
2025-09-17T14:21:46Z,48.721959,2.002609,157.3,64.13,183.4,0.96,10
2025-09-17T14:21:47Z,48.721801,2.002596,157.2,63.15,183.1,0.96,10
2025-09-17T14:21:48Z,48.721635,2.002581,157.1,67.67,183.5,0.96,10
2025-09-17T14:21:49Z,48.721471,2.002566,157.1,65.02,183.4,1.20,9
2025-09-17T14:21:50Z,48.721317,2.002553,157.1,60.52,183.3,1.20,9
2025-09-17T14:21:51Z,48.721174,2.002533,157.1,55.87,186.0,1.20,9
2025-09-17T14:21:52Z,48.721045,2.002507,157.1,50.76,188.3,1.20,9
2025-09-17T14:21:53Z,48.720929,2.002477,157.1,45.61,190.5,1.20,9
2025-09-17T14:21:54Z,48.720827,2.002441,157.1,40.74,194.4,1.20,9
2025-09-17T14:21:55Z,48.720737,2.002399,157.0,36.23,197.9,0.94,11
2025-09-17T14:21:56Z,48.720656,2.002359,157.0,33.19,198.6,0.94,11
2025-09-17T14:21:57Z,48.720579,2.002323,157.0,31.85,196.9,0.94,11
2025-09-17T14:21:58Z,48.720510,2.002290,157.0,27.84,197.3,0.94,11
2025-09-17T14:21:59Z,48.720449,2.002255,157.1,25.61,202.7,0.94,11
2025-09-17T14:22:00Z,48.720390,2.002206,157.0,27.91,211.4,0.94,11
2025-09-17T14:22:01Z,48.720330,2.002127,157.1,33.67,224.3,0.94,11
2025-09-17T14:22:02Z,48.720270,2.002033,157.3,34.76,227.0,0.94,11
2025-09-17T14:22:03Z,48.720203,2.001957,157.5,33.61,212.7,0.98,10
2025-09-17T14:22:04Z,48.720125,2.001920,157.7,33.37,191.5,0.94,11
2025-09-17T14:22:05Z,48.720041,2.001929,157.6,34.52,169.5,0.94,11
2025-09-17T14:22:06Z,48.719955,2.001992,157.4,40.17,148.5,0.94,11
2025-09-17T14:22:07Z,48.719863,2.002093,157.3,47.78,142.6,0.94,11
2025-09-17T14:22:08Z,48.719755,2.002187,157.5,51.36,153.1,0.98,10
2025-09-17T14:22:09Z,48.719635,2.002252,157.8,50.84,163.1,0.98,10
2025-09-17T14:22:10Z,48.719509,2.002297,158.2,52.12,168.3,0.98,10
2025-09-17T14:22:11Z,48.719378,2.002333,158.3,53.41,170.4,0.98,10
2025-09-17T14:22:12Z,48.719244,2.002357,158.4,54.15,174.2,0.98,10
2025-09-17T14:22:13Z,48.719109,2.002366,158.4,54.43,178.7,0.98,10
2025-09-17T14:22:14Z,48.718968,2.002364,158.5,56.87,181.4,0.93,11
2025-09-17T14:22:15Z,48.718820,2.002355,158.5,60.19,182.4,0.93,11
2025-09-17T14:22:16Z,48.718660,2.002343,158.7,65.84,183.1,0.93,11
2025-09-17T14:22:17Z,48.718485,2.002330,158.9,71.82,182.7,0.93,11
2025-09-17T14:22:18Z,48.718288,2.002318,159.2,81.71,182.2,0.93,11
2025-09-17T14:22:19Z,48.718064,2.002308,159.5,92.66,181.4,0.93,11
2025-09-17T14:22:20Z,48.717816,2.002298,159.9,102.06,181.6,0.93,11
2025-09-17T14:22:21Z,48.717552,2.002282,160.3,106.88,182.5,0.93,11
2025-09-17T14:22:22Z,48.717287,2.002263,160.8,106.16,182.8,0.93,11
2025-09-17T14:22:23Z,48.717019,2.002239,161.1,107.43,183.6,0.93,11
2025-09-17T14:22:24Z,48.716751,2.002209,161.3,107.97,184.6,1.18,10
2025-09-17T14:22:25Z,48.716486,2.002172,161.5,105.27,185.6,1.18,10
2025-09-17T14:22:26Z,48.716236,2.002141,161.6,98.67,184.3,1.18,10
2025-09-17T14:22:27Z,48.716003,2.002119,161.8,91.12,183.2,1.18,10
2025-09-17T14:22:28Z,48.715788,2.002100,162.0,84.54,183.2,1.18,10
2025-09-17T14:22:29Z,48.715582,2.002085,162.2,81.90,182.7,1.18,10
2025-09-17T14:22:30Z,48.715381,2.002070,162.3,79.95,182.7,0.93,11
2025-09-17T14:22:31Z,48.715185,2.002056,162.6,78.12,182.9,0.93,11
2025-09-17T14:22:32Z,48.714990,2.002040,162.7,77.71,183.2,1.18,10
2025-09-17T14:22:33Z,48.714798,2.002023,162.8,76.78,183.4,1.18,10
2025-09-17T14:22:34Z,48.714608,2.002005,162.9,76.02,183.5,0.93,11
2025-09-17T14:22:35Z,48.714417,2.001988,163.1,76.56,183.2,0.93,11
2025-09-17T14:22:36Z,48.714225,2.001973,163.2,77.14,182.9,0.93,11
2025-09-17T14:22:37Z,48.714033,2.001958,163.4,76.95,182.9,0.93,11
2025-09-17T14:22:38Z,48.713842,2.001943,163.6,76.19,183.1,0.93,11
2025-09-17T14:22:39Z,48.713654,2.001926,163.7,75.43,183.4,0.93,11
2025-09-17T14:22:40Z,48.713467,2.001909,163.8,74.84,183.5,0.93,11
2025-09-17T14:22:41Z,48.713283,2.001893,163.9,73.38,183.2,0.93,11
2025-09-17T14:22:42Z,48.713102,2.001880,164.1,72.28,182.5,0.93,11
2025-09-17T14:22:43Z,48.712922,2.001868,164.3,72.08,182.4,0.93,11
2025-09-17T14:22:44Z,48.712740,2.001857,164.6,73.30,182.3,0.93,11
2025-09-17T14:22:45Z,48.712555,2.001841,164.7,74.77,183.6,0.93,11
2025-09-17T14:22:46Z,48.712367,2.001823,164.8,75.67,183.5,0.93,11
2025-09-17T14:22:47Z,48.712179,2.001806,164.9,75.52,183.5,1.18,10
2025-09-17T14:22:48Z,48.711992,2.001789,164.9,74.77,183.1,0.93,11
2025-09-17T14:22:49Z,48.711807,2.001773,165.0,73.45,183.2,0.93,11
2025-09-17T14:22:50Z,48.711626,2.001758,165.1,72.45,183.2,0.93,11
2025-09-17T14:22:51Z,48.711448,2.001743,165.2,71.02,183.0,0.93,11
2025-09-17T14:22:52Z,48.711272,2.001730,165.0,70.23,182.9,0.93,11
2025-09-17T14:22:53Z,48.711097,2.001716,164.9,69.88,183.0,0.93,11
2025-09-17T14:22:54Z,48.710923,2.001702,164.8,69.25,182.8,0.99,11
2025-09-17T14:22:55Z,48.710751,2.001686,165.0,69.21,183.3,0.99,10
2025-09-17T14:22:56Z,48.710579,2.001673,165.0,68.89,182.8,0.99,10
2025-09-17T14:22:57Z,48.710407,2.001663,165.1,69.08,182.1,0.99,11
2025-09-17T14:22:58Z,48.710243,2.001666,164.4,64.82,178.9,0.99,10
2025-09-17T14:22:59Z,48.710096,2.001657,165.2,58.78,181.1,0.93,11
2025-09-17T14:23:00Z,48.709959,2.001652,165.7,56.04,181.0,1.02,10
2025-09-17T14:23:01Z,48.709790,2.001636,166.8,66.34,183.1,1.52,9
2025-09-17T14:23:02Z,48.709635,2.001629,169.5,62.41,181.7,0.93,11
2025-09-17T14:23:03Z,48.709482,2.001612,171.0,62.00,183.2,1.19,11
2025-09-17T14:23:04Z,48.709307,2.001622,173.1,68.58,176.7,1.52,10
2025-09-17T14:23:05Z,48.709129,2.001613,173.5,69.28,181.8,1.52,9
2025-09-17T14:23:06Z,48.708962,2.001586,173.9,61.89,185.9,1.77,9
2025-09-17T14:23:07Z,48.708807,2.001555,175.1,62.97,187.5,1.77,10
2025-09-17T14:23:08Z,48.708678,2.001511,175.4,55.15,191.7,1.80,7
2025-09-17T14:23:09Z,48.708585,2.001452,176.6,45.37,199.3,1.23,9
2025-09-17T14:23:10Z,48.708441,2.001436,177.5,47.82,186.5,0.98,10
2025-09-17T14:23:11Z,48.708307,2.001437,175.7,40.89,183.7,0.98,10
2025-09-17T14:23:12Z,48.708168,2.001403,175.7,43.87,194.6,0.98,10
2025-09-17T14:23:13Z,48.708039,2.001363,175.3,41.23,195.1,1.23,10
2025-09-17T14:23:14Z,48.707947,2.001281,175.0,39.73,214.3,1.23,9
2025-09-17T14:23:15Z,48.707884,2.001175,178.5,41.24,231.7,1.23,9
2025-09-17T14:23:16Z,48.707850,2.001034,184.2,43.17,251.3,1.01,9
2025-09-17T14:23:17Z,48.707859,2.000838,187.6,57.00,277.1,1.27,9
2025-09-17T14:23:18Z,48.707926,2.000615,188.8,71.15,294.2,1.37,7
2025-09-17T14:23:19Z,48.708011,2.000373,185.1,77.71,303.2,1.31,7
2025-09-17T14:23:20Z,48.708089,2.000118,181.1,74.38,301.4,1.31,7
2025-09-17T14:23:21Z,48.708158,1.999859,179.8,72.99,294.1,1.31,7
2025-09-17T14:23:22Z,48.708215,1.999591,178.6,74.86,288.7,1.31,7
2025-09-17T14:23:23Z,48.708266,1.999332,175.8,68.86,286.0,1.31,7
2025-09-17T14:23:24Z,48.708316,1.999127,170.3,55.99,285.2,1.31,7
2025-09-17T14:23:25Z,48.708356,1.998946,171.5,49.78,288.3,1.13,8
2025-09-17T14:23:26Z,48.708417,1.998808,173.8,45.04,304.7,1.31,7
2025-09-17T14:23:27Z,48.708514,1.998706,171.9,47.21,325.8,1.31,7
2025-09-17T14:23:28Z,48.708631,1.998646,170.1,49.30,343.1,1.31,7
2025-09-17T14:23:29Z,48.708736,1.998550,167.9,48.49,329.1,1.31,7
2025-09-17T14:23:30Z,48.708822,1.998423,166.8,45.91,313.1,1.31,7
2025-09-17T14:23:31Z,48.708914,1.998221,157.1,60.19,300.6,1.31,7
2025-09-17T14:23:32Z,48.708997,1.998004,152.3,67.73,293.9,1.31,8
2025-09-17T14:23:33Z,48.709052,1.997765,151.3,67.89,286.7,1.31,8
2025-09-17T14:23:34Z,48.709080,1.997527,150.2,63.65,279.0,1.31,7
2025-09-17T14:23:35Z,48.709100,1.997294,148.4,61.12,275.6,1.31,7
2025-09-17T14:23:36Z,48.709129,1.997078,146.0,56.34,282.2,1.31,7
2025-09-17T14:23:37Z,48.709193,1.996898,144.3,53.52,296.8,1.31,7
2025-09-17T14:23:38Z,48.709286,1.996762,142.4,50.43,316.0,1.31,7
2025-09-17T14:23:39Z,48.709421,1.996670,141.9,59.88,335.5,1.31,7
2025-09-17T14:23:40Z,48.709554,1.996603,141.9,56.06,342.1,1.31,7
2025-09-17T14:23:41Z,48.709671,1.996516,140.4,51.28,334.3,1.31,7
2025-09-17T14:23:42Z,48.709763,1.996410,138.7,42.76,323.9,1.31,7
2025-09-17T14:23:43Z,48.709828,1.996278,137.9,43.19,306.8,1.31,8
2025-09-17T14:23:44Z,48.709839,1.996082,136.4,50.62,274.9,1.31,8
2025-09-17T14:23:45Z,48.709845,1.995878,134.8,57.49,268.5,1.31,8
2025-09-17T14:23:46Z,48.709853,1.995678,133.2,51.69,272.6,1.31,8
2025-09-17T14:23:47Z,48.709873,1.995514,141.1,47.69,282.8,1.19,8
2025-09-17T14:23:48Z,48.709936,1.995381,149.4,47.41,303.2,1.19,8
2025-09-17T14:23:49Z,48.710021,1.995266,159.1,52.71,318.0,1.19,8
2025-09-17T14:23:50Z,48.710121,1.995115,159.2,54.04,316.4,1.31,7
2025-09-17T14:23:51Z,48.710225,1.994914,150.7,54.21,306.0,1.31,7
2025-09-17T14:23:52Z,48.710297,1.994696,146.6,59.67,296.1,1.31,7
2025-09-17T14:23:53Z,48.710324,1.994481,146.9,55.91,280.8,1.31,7
2025-09-17T14:23:54Z,48.710355,1.994273,146.5,52.47,280.1,1.31,7
2025-09-17T14:23:55Z,48.710395,1.994100,146.4,47.43,287.6,1.19,8
2025-09-17T14:23:56Z,48.710466,1.993958,147.3,46.23,305.0,1.31,7
2025-09-17T14:23:57Z,48.710580,1.993845,144.5,47.41,324.6,1.31,8
2025-09-17T14:23:58Z,48.710688,1.993691,136.2,50.30,314.5,1.31,7
2025-09-17T14:23:59Z,48.710751,1.993531,135.5,47.21,301.0,1.31,7
2025-09-17T14:24:00Z,48.710778,1.993362,137.5,46.82,282.0,1.31,7
2025-09-17T14:24:01Z,48.710799,1.993181,136.6,49.54,276.0,2.45,6
2025-09-17T14:24:02Z,48.710822,1.992994,135.4,50.52,278.7,1.31,7
2025-09-17T14:24:03Z,48.710864,1.992812,134.9,50.08,289.2,1.36,7
2025-09-17T14:24:04Z,48.710940,1.992657,132.0,48.15,303.1,1.36,6
2025-09-17T14:24:05Z,48.711013,1.992500,130.9,48.87,303.1,1.31,7
2025-09-17T14:24:06Z,48.711084,1.992362,127.4,41.21,302.6,1.31,7
2025-09-17T14:24:07Z,48.711137,1.992216,123.1,39.74,288.2,1.31,7
2025-09-17T14:24:08Z,48.711165,1.992077,120.3,38.19,276.9,1.31,7
2025-09-17T14:24:09Z,48.711158,1.991941,120.2,37.69,260.0,1.31,7
2025-09-17T14:24:10Z,48.711138,1.991812,119.1,38.11,250.7,1.31,7
2025-09-17T14:24:11Z,48.711109,1.991677,118.7,38.43,250.8,1.31,7
2025-09-17T14:24:12Z,48.711096,1.991537,117.4,38.13,262.6,1.31,7
2025-09-17T14:24:13Z,48.711108,1.991399,115.5,37.43,280.3,1.31,7
2025-09-17T14:24:14Z,48.711143,1.991276,115.5,35.24,297.3,1.31,7
2025-09-17T14:24:15Z,48.711190,1.991172,115.7,33.10,306.0,1.31,7
2025-09-17T14:24:16Z,48.711232,1.991079,116.1,29.87,305.5,1.31,7
2025-09-17T14:24:17Z,48.711260,1.990978,116.5,28.32,294.0,1.13,8
2025-09-17T14:24:18Z,48.711275,1.990870,117.3,29.69,277.4,1.13,8
2025-09-17T14:24:19Z,48.711274,1.990764,115.9,28.59,264.6,1.13,8
2025-09-17T14:24:20Z,48.711253,1.990665,115.6,27.41,254.2,1.31,7
2025-09-17T14:24:21Z,48.711211,1.990550,116.8,34.85,237.4,1.31,7
2025-09-17T14:24:22Z,48.711155,1.990438,115.4,39.39,227.1,1.31,7
2025-09-17T14:24:23Z,48.711066,1.990346,115.2,44.21,214.2,1.31,7
2025-09-17T14:24:24Z,48.710960,1.990264,120.9,48.02,207.3,1.19,8
2025-09-17T14:24:25Z,48.710850,1.990183,121.1,49.43,203.7,1.19,8
2025-09-17T14:24:26Z,48.710733,1.990116,121.5,51.95,199.2,0.99,9
2025-09-17T14:24:27Z,48.710606,1.990064,122.6,52.50,193.7,1.05,9
2025-09-17T14:24:28Z,48.710481,1.990013,122.5,53.95,193.3,0.99,9
2025-09-17T14:24:29Z,48.710350,1.989964,122.6,54.78,192.2,1.30,8
2025-09-17T14:24:30Z,48.710232,1.989899,120.3,50.23,196.3,1.30,9
2025-09-17T14:24:31Z,48.710108,1.989858,118.6,51.15,190.2,1.28,9
2025-09-17T14:24:32Z,48.709989,1.989824,116.7,48.39,188.0,1.24,9
2025-09-17T14:24:33Z,48.709886,1.989788,115.8,41.86,190.9,1.24,9
2025-09-17T14:24:34Z,48.709788,1.989766,115.8,40.71,187.3,1.24,9
2025-09-17T14:24:35Z,48.709688,1.989759,115.1,39.98,182.0,1.24,10
2025-09-17T14:24:36Z,48.709593,1.989743,115.8,39.13,186.9,1.24,9
2025-09-17T14:24:37Z,48.709500,1.989721,116.6,36.84,188.9,1.24,9
2025-09-17T14:24:38Z,48.709428,1.989691,115.4,30.72,186.7,1.24,9
2025-09-17T14:24:39Z,48.709361,1.989673,114.7,27.91,187.7,1.24,9
2025-09-17T14:24:40Z,48.709295,1.989663,114.0,26.37,185.7,0.97,10
2025-09-17T14:24:41Z,48.709244,1.989651,114.6,18.67,187.3,0.97,10
2025-09-17T14:24:42Z,48.709193,1.989624,114.1,17.06,195.7,0.97,10
2025-09-17T14:24:43Z,48.709156,1.989600,112.9,12.41,207.6,0.97,10
2025-09-17T14:24:44Z,48.709134,1.989577,112.8,10.07,214.0,0.97,10
2025-09-17T14:24:45Z,48.709113,1.989543,111.2,10.32,224.3,0.97,10
2025-09-17T14:24:46Z,48.709096,1.989514,111.5,10.09,228.7,0.97,10
2025-09-17T14:24:47Z,48.709079,1.989485,112.0,10.87,223.7,0.97,10
2025-09-17T14:24:48Z,48.709065,1.989464,112.6,7.32,221.7,0.97,10
2025-09-17T14:24:49Z,48.709050,1.989455,111.8,6.30,205.7,0.97,10
2025-09-17T14:24:50Z,48.709044,1.989451,111.3,2.22,195.4,0.97,10
2025-09-17T14:24:51Z,48.709033,1.989446,111.6,3.80,180.1,1.01,10
2025-09-17T14:24:52Z,48.709030,1.989426,108.0,1.31,180.1,1.24,9
2025-09-17T14:24:53Z,48.709028,1.989412,105.9,0.17,180.1,1.24,9
2025-09-17T14:24:54Z,48.709030,1.989404,105.1,0.11,180.1,0.97,10
2025-09-17T14:24:55Z,48.709033,1.989401,104.8,0.20,180.1,0.97,10
2025-09-17T14:24:56Z,48.709035,1.989391,104.7,0.15,180.1,1.24,10
2025-09-17T14:24:57Z,48.709036,1.989385,105.0,0.02,180.1,0.99,9
2025-09-17T14:24:58Z,48.709036,1.989381,105.7,0.15,180.1,0.99,9
2025-09-17T14:24:59Z,48.709037,1.989377,106.1,0.07,180.1,0.99,9
2025-09-17T14:25:00Z,48.709042,1.989374,106.0,0.17,180.1,0.99,9
2025-09-17T14:25:01Z,48.709044,1.989371,104.9,0.31,180.1,0.99,9
2025-09-17T14:25:02Z,48.709046,1.989366,104.4,0.09,180.1,0.97,10
2025-09-17T14:25:03Z,48.709046,1.989364,103.9,0.69,180.1,0.97,10
2025-09-17T14:25:04Z,48.709048,1.989362,103.7,0.41,180.1,0.97,10
2025-09-17T14:25:05Z,48.709055,1.989360,104.0,0.37,180.1,0.97,10
2025-09-17T14:25:06Z,48.709055,1.989357,103.9,0.17,180.1,0.97,10
2025-09-17T14:25:07Z,48.709051,1.989355,103.6,0.13,180.1,0.97,10
2025-09-17T14:25:08Z,48.709050,1.989353,103.5,0.22,180.1,1.24,9
2025-09-17T14:25:09Z,48.709049,1.989354,103.3,0.20,180.1,0.97,10
2025-09-17T14:25:10Z,48.709048,1.989353,103.3,0.20,180.1,0.97,10
2025-09-17T14:25:11Z,48.709047,1.989352,103.4,0.37,180.1,0.97,10
2025-09-17T14:25:12Z,48.709046,1.989352,103.4,0.13,180.1,0.97,10
2025-09-17T14:25:13Z,48.709043,1.989352,103.3,0.17,180.1,0.97,10
2025-09-17T14:25:14Z,48.709041,1.989353,103.5,0.02,180.1,1.24,10
2025-09-17T14:25:15Z,48.709039,1.989352,103.5,0.11,180.1,1.24,10
2025-09-17T14:25:16Z,48.709038,1.989352,103.2,0.04,180.1,1.24,10
2025-09-17T14:25:17Z,48.709037,1.989351,103.1,0.28,180.1,1.24,10
2025-09-17T14:25:18Z,48.709036,1.989349,103.2,0.02,180.1,1.24,10
2025-09-17T14:25:19Z,48.709034,1.989348,103.3,0.26,180.1,1.24,10
2025-09-17T14:25:20Z,48.709029,1.989345,102.6,0.13,180.1,1.24,10
2025-09-17T14:25:21Z,48.709029,1.989344,102.7,0.22,180.1,1.24,10
2025-09-17T14:25:22Z,48.709024,1.989347,102.2,1.06,180.1,1.24,10
2025-09-17T14:25:23Z,48.709022,1.989352,102.2,1.37,171.3,1.24,10
2025-09-17T14:25:24Z,48.709024,1.989357,101.9,0.37,171.3,0.97,10
2025-09-17T14:25:25Z,48.709027,1.989361,101.7,0.44,171.3,0.97,10
2025-09-17T14:25:26Z,48.709028,1.989362,101.4,0.39,171.3,0.97,10
2025-09-17T14:25:27Z,48.709026,1.989364,101.2,1.06,171.3,0.97,10
2025-09-17T14:25:28Z,48.709028,1.989369,101.2,2.07,102.8,1.14,9
2025-09-17T14:25:29Z,48.709023,1.989358,101.3,4.89,189.2,0.97,10
2025-09-17T14:25:30Z,48.709016,1.989354,101.7,3.07,183.5,0.97,10
2025-09-17T14:25:31Z,48.709019,1.989361,101.0,2.72,120.7,0.97,10
2025-09-17T14:25:32Z,48.709022,1.989362,100.8,0.20,120.7,0.97,10
2025-09-17T14:25:33Z,48.709021,1.989364,101.2,0.57,120.7,0.97,10
2025-09-17T14:25:34Z,48.709021,1.989365,100.8,0.17,120.7,0.97,10
2025-09-17T14:25:35Z,48.709019,1.989362,100.7,0.61,120.7,0.97,10
2025-09-17T14:25:36Z,48.709018,1.989363,101.1,0.39,120.7,0.97,10
2025-09-17T14:25:37Z,48.709016,1.989359,100.6,0.39,120.7,0.97,10
2025-09-17T14:25:38Z,48.709014,1.989360,100.6,0.19,120.7,0.97,10
2025-09-17T14:25:39Z,48.709015,1.989358,101.1,1.54,120.7,0.97,10
2025-09-17T14:25:40Z,48.709012,1.989360,100.1,1.15,120.7,1.24,10
2025-09-17T14:25:41Z,48.709011,1.989367,99.5,0.93,120.7,0.97,10
2025-09-17T14:25:42Z,48.709008,1.989371,99.0,1.72,131.4,0.97,10
2025-09-17T14:25:43Z,48.709005,1.989377,98.3,0.74,131.4,0.97,10
2025-09-17T14:25:44Z,48.709005,1.989380,97.9,0.83,131.4,0.97,10
2025-09-17T14:25:45Z,48.709004,1.989382,97.3,0.26,131.4,1.24,10
2025-09-17T14:25:46Z,48.709001,1.989385,96.6,0.30,131.4,1.24,10
2025-09-17T14:25:47Z,48.708998,1.989390,96.5,0.06,131.4,1.24,10
2025-09-17T14:25:48Z,48.708995,1.989394,96.5,0.07,131.4,1.24,10
2025-09-17T14:25:49Z,48.708991,1.989397,96.9,0.13,131.4,1.24,10
2025-09-17T14:25:50Z,48.708986,1.989399,97.0,0.11,131.4,0.96,10
2025-09-17T14:25:51Z,48.708984,1.989402,97.3,0.19,131.4,0.96,10
2025-09-17T14:25:52Z,48.708982,1.989403,96.4,0.00,131.4,1.13,10
2025-09-17T14:25:53Z,48.708980,1.989407,95.7,0.02,131.4,1.13,10
2025-09-17T14:25:54Z,48.708978,1.989409,94.8,0.13,131.4,1.13,10
2025-09-17T14:25:55Z,48.708977,1.989413,94.4,0.07,131.4,1.13,10
2025-09-17T14:25:56Z,48.708976,1.989415,93.8,0.06,131.4,1.39,10
2025-09-17T14:25:57Z,48.708975,1.989420,94.4,0.09,131.4,0.96,10
2025-09-17T14:25:58Z,48.708974,1.989425,95.4,0.07,131.4,0.96,10
2025-09-17T14:25:59Z,48.708973,1.989430,96.2,0.09,131.4,0.96,10
2025-09-17T14:26:00Z,48.708972,1.989432,96.5,0.02,131.4,0.96,10
2025-09-17T14:26:01Z,48.708971,1.989434,96.8,0.06,131.4,0.96,10
2025-09-17T14:26:02Z,48.708970,1.989434,96.9,0.02,131.4,0.98,10
2025-09-17T14:26:03Z,48.708969,1.989435,97.2,0.09,131.4,0.96,10
2025-09-17T14:26:04Z,48.708967,1.989436,97.1,0.02,131.4,0.96,10
2025-09-17T14:26:05Z,48.708965,1.989437,96.8,0.07,131.4,0.96,10
2025-09-17T14:26:06Z,48.708964,1.989438,96.7,0.04,131.4,0.96,10
2025-09-17T14:26:07Z,48.708962,1.989440,96.8,0.06,131.4,0.96,10
2025-09-17T14:26:08Z,48.708959,1.989442,96.5,0.04,131.4,0.96,10
2025-09-17T14:26:09Z,48.708956,1.989443,96.0,0.00,131.4,0.96,10
2025-09-17T14:26:10Z,48.708955,1.989444,95.5,0.02,131.4,0.96,10
2025-09-17T14:26:11Z,48.708954,1.989445,95.4,0.15,131.4,0.96,10
2025-09-17T14:26:12Z,48.708954,1.989446,95.3,0.13,131.4,0.96,10
2025-09-17T14:26:13Z,48.708954,1.989448,95.2,0.02,131.4,0.96,10
2025-09-17T14:26:14Z,48.708954,1.989449,94.8,0.06,131.4,0.98,9
2025-09-17T14:26:15Z,48.708953,1.989448,94.5,0.15,131.4,0.98,9
2025-09-17T14:26:16Z,48.708953,1.989449,94.3,0.17,131.4,0.98,9
2025-09-17T14:26:17Z,48.708953,1.989450,94.1,0.09,131.4,0.98,9
2025-09-17T14:26:18Z,48.708953,1.989451,93.8,0.06,131.4,0.98,9
2025-09-17T14:26:19Z,48.708954,1.989453,93.7,0.06,131.4,0.98,9
2025-09-17T14:26:20Z,48.708954,1.989454,93.4,0.19,131.4,0.98,9
2025-09-17T14:26:21Z,48.708954,1.989454,93.4,0.06,131.4,1.03,9
2025-09-17T14:26:22Z,48.708954,1.989456,93.5,0.24,131.4,1.03,9
2025-09-17T14:26:23Z,48.708955,1.989456,93.7,0.19,131.4,1.03,8
2025-09-17T14:26:24Z,48.708956,1.989454,93.7,0.28,131.4,1.03,8
2025-09-17T14:26:25Z,48.708956,1.989453,93.7,0.37,131.4,1.03,8
2025-09-17T14:26:26Z,48.708956,1.989453,93.8,0.20,131.4,1.03,8
2025-09-17T14:26:27Z,48.708956,1.989453,93.9,0.02,131.4,1.03,8
2025-09-17T14:26:28Z,48.708956,1.989454,94.0,0.09,131.4,1.03,9
2025-09-17T14:26:29Z,48.708955,1.989455,94.2,0.13,131.4,1.36,7
2025-09-17T14:26:30Z,48.708955,1.989457,94.2,0.02,131.4,1.36,7
2025-09-17T14:26:31Z,48.708954,1.989459,94.3,0.22,131.4,1.36,8
2025-09-17T14:26:32Z,48.708954,1.989459,94.3,0.22,131.4,1.36,8
2025-09-17T14:26:33Z,48.708953,1.989461,94.3,0.13,131.4,1.36,7
2025-09-17T14:26:34Z,48.708953,1.989461,94.4,0.13,131.4,1.36,7
2025-09-17T14:26:35Z,48.708952,1.989462,94.4,0.02,131.4,1.18,8
2025-09-17T14:26:36Z,48.708952,1.989461,94.3,0.09,131.4,1.36,8
2025-09-17T14:26:37Z,48.708951,1.989460,94.1,0.07,131.4,1.18,8
2025-09-17T14:26:38Z,48.708951,1.989461,94.2,0.24,131.4,1.36,8
2025-09-17T14:26:39Z,48.708951,1.989463,94.2,0.09,131.4,1.36,8
2025-09-17T14:26:40Z,48.708951,1.989464,93.9,0.04,131.4,1.36,8
2025-09-17T14:26:41Z,48.708950,1.989464,93.9,0.00,131.4,1.36,7
2025-09-17T14:26:42Z,48.708950,1.989465,94.1,0.11,131.4,1.36,7
2025-09-17T14:26:43Z,48.708950,1.989465,94.0,0.04,131.4,1.36,8
2025-09-17T14:26:44Z,48.708950,1.989466,94.0,0.02,131.4,1.36,9
2025-09-17T14:26:45Z,48.708949,1.989467,93.9,0.07,131.4,1.36,9
2025-09-17T14:26:46Z,48.708949,1.989470,93.8,0.06,131.4,1.36,8
2025-09-17T14:26:47Z,48.708948,1.989473,93.7,0.09,131.4,1.36,7
2025-09-17T14:26:48Z,48.708948,1.989475,93.6,0.04,131.4,1.36,7
2025-09-17T14:26:49Z,48.708947,1.989477,93.5,0.09,131.4,1.36,8
2025-09-17T14:26:50Z,48.708947,1.989478,93.5,0.19,131.4,1.36,8
2025-09-17T14:26:51Z,48.708947,1.989480,93.7,0.06,131.4,1.36,8
2025-09-17T14:26:52Z,48.708947,1.989480,94.0,0.02,131.4,1.36,9
2025-09-17T14:26:53Z,48.708948,1.989480,94.5,0.06,131.4,1.36,9
2025-09-17T14:26:54Z,48.708948,1.989479,95.3,0.02,131.4,1.36,10
2025-09-17T14:26:55Z,48.708949,1.989479,95.8,0.09,131.4,1.36,10
2025-09-17T14:26:56Z,48.708950,1.989478,96.3,0.02,131.4,1.36,10
2025-09-17T14:26:57Z,48.708951,1.989474,96.8,0.04,131.4,1.01,10
2025-09-17T14:26:58Z,48.708951,1.989472,97.2,0.13,131.4,1.26,9
2025-09-17T14:26:59Z,48.708952,1.989474,96.9,0.39,131.4,1.01,10
2025-09-17T14:27:00Z,48.708952,1.989473,97.5,0.15,131.4,1.01,9
2025-09-17T14:27:01Z,48.708951,1.989473,97.6,0.22,131.4,1.01,9
2025-09-17T14:27:02Z,48.708951,1.989473,98.2,0.30,131.4,1.01,9
2025-09-17T14:27:03Z,48.708951,1.989471,98.8,0.11,131.4,1.01,9
2025-09-17T14:27:04Z,48.708951,1.989470,99.0,0.13,131.4,0.96,10
2025-09-17T14:27:05Z,48.708950,1.989469,99.1,0.06,131.4,0.96,10
2025-09-17T14:27:06Z,48.708951,1.989470,99.4,0.35,131.4,0.96,10
2025-09-17T14:27:07Z,48.708952,1.989472,99.4,0.11,131.4,0.96,10
2025-09-17T14:27:08Z,48.708953,1.989474,99.3,0.11,131.4,0.96,10
2025-09-17T14:27:09Z,48.708951,1.989476,99.4,0.13,131.4,0.96,10
2025-09-17T14:27:10Z,48.708952,1.989480,99.3,0.24,131.4,0.96,10
2025-09-17T14:27:11Z,48.708953,1.989484,99.2,0.17,131.4,0.96,10
2025-09-17T14:27:12Z,48.708953,1.989489,99.0,0.33,131.4,0.96,10
2025-09-17T14:27:13Z,48.708953,1.989490,99.2,0.04,131.4,0.96,10
2025-09-17T14:27:14Z,48.708954,1.989491,99.3,0.11,131.4,0.96,10
2025-09-17T14:27:15Z,48.708953,1.989490,99.8,0.19,131.4,1.01,10
2025-09-17T14:27:16Z,48.708954,1.989492,99.6,0.11,131.4,0.96,10
2025-09-17T14:27:17Z,48.708956,1.989497,99.4,0.17,131.4,0.96,10
2025-09-17T14:27:18Z,48.708957,1.989501,99.3,0.13,131.4,0.96,10
2025-09-17T14:27:19Z,48.708959,1.989505,99.2,0.09,131.4,0.96,10
2025-09-17T14:27:20Z,48.708961,1.989510,98.8,0.15,131.4,0.96,10
2025-09-17T14:27:21Z,48.708962,1.989513,98.8,0.04,131.4,0.96,10
2025-09-17T14:27:22Z,48.708964,1.989517,99.0,0.07,131.4,0.96,10
2025-09-17T14:27:23Z,48.708966,1.989522,99.2,0.04,131.4,1.00,11
2025-09-17T14:27:24Z,48.708965,1.989522,100.5,1.89,119.7,0.96,11
2025-09-17T14:27:25Z,48.708968,1.989525,101.0,1.83,119.7,0.96,11
2025-09-17T14:27:26Z,48.708970,1.989524,101.4,0.87,119.7,0.96,11
2025-09-17T14:27:27Z,48.708973,1.989515,101.2,1.24,119.7,0.96,11
2025-09-17T14:27:28Z,48.708975,1.989516,101.0,1.78,91.0,0.96,10
2025-09-17T14:27:29Z,48.708976,1.989513,101.7,1.22,76.3,0.96,10
2025-09-17T14:27:30Z,48.708976,1.989510,101.9,0.93,76.3,1.00,10
2025-09-17T14:27:31Z,48.708976,1.989510,102.1,0.78,76.3,0.96,10
2025-09-17T14:27:32Z,48.708976,1.989499,102.4,0.24,76.3,0.96,10
2025-09-17T14:27:33Z,48.708978,1.989498,103.2,0.65,76.3,0.96,10
2025-09-17T14:27:34Z,48.708977,1.989494,103.5,0.04,76.3,0.96,10
2025-09-17T14:27:35Z,48.708981,1.989489,103.2,2.04,27.0,0.96,10
2025-09-17T14:27:36Z,48.708979,1.989487,103.2,0.87,27.0,0.96,10
2025-09-17T14:27:37Z,48.708979,1.989485,103.2,0.39,27.0,1.13,9
2025-09-17T14:27:38Z,48.708978,1.989486,102.9,0.22,27.0,0.96,10
2025-09-17T14:27:39Z,48.708977,1.989486,102.9,0.26,27.0,0.96,10
2025-09-17T14:27:40Z,48.708976,1.989487,103.1,0.09,27.0,1.26,8
2025-09-17T14:27:41Z,48.708976,1.989487,103.2,0.22,27.0,1.26,8
2025-09-17T14:27:42Z,48.708975,1.989487,103.1,0.54,27.0,1.13,9
2025-09-17T14:27:43Z,48.708974,1.989489,103.1,1.04,27.0,1.26,8
2025-09-17T14:27:44Z,48.708976,1.989484,103.0,0.98,27.0,0.96,10
2025-09-17T14:27:45Z,48.708977,1.989478,103.3,0.19,27.0,0.96,10
2025-09-17T14:27:46Z,48.708980,1.989470,103.8,0.35,27.0,0.96,10
2025-09-17T14:27:47Z,48.708982,1.989470,103.5,1.20,27.0,0.96,10
2025-09-17T14:27:48Z,48.708981,1.989473,103.2,1.20,27.0,0.96,10
2025-09-17T14:27:49Z,48.708984,1.989468,103.1,0.85,27.0,0.96,10
2025-09-17T14:27:50Z,48.708987,1.989469,103.7,0.52,27.0,0.96,10
2025-09-17T14:27:51Z,48.708990,1.989470,104.2,0.24,27.0,0.96,10
2025-09-17T14:27:52Z,48.708991,1.989472,104.6,0.44,27.0,0.96,10
2025-09-17T14:27:53Z,48.708993,1.989471,104.9,0.59,27.0,0.96,10
2025-09-17T14:27:54Z,48.708996,1.989461,105.1,1.41,27.0,0.96,10
2025-09-17T14:27:55Z,48.708997,1.989453,105.3,0.33,27.0,0.96,10
2025-09-17T14:27:56Z,48.708999,1.989451,104.9,0.24,27.0,0.96,10
2025-09-17T14:27:57Z,48.709001,1.989445,104.7,0.13,27.0,0.96,10
2025-09-17T14:27:58Z,48.709002,1.989440,104.7,0.17,27.0,0.96,10
2025-09-17T14:27:59Z,48.709003,1.989438,104.5,0.13,27.0,0.96,10
2025-09-17T14:28:00Z,48.709004,1.989434,104.7,0.02,27.0,0.96,10
2025-09-17T14:28:01Z,48.709004,1.989431,105.0,0.02,27.0,0.96,10
2025-09-17T14:28:02Z,48.709006,1.989430,105.1,0.07,27.0,0.96,10
2025-09-17T14:28:03Z,48.709007,1.989429,105.4,0.07,27.0,0.96,10
2025-09-17T14:28:04Z,48.709009,1.989428,105.8,0.06,27.0,0.96,10
2025-09-17T14:28:05Z,48.709010,1.989427,105.8,0.13,27.0,1.01,10
2025-09-17T14:28:06Z,48.709013,1.989426,105.8,0.17,27.0,0.96,10
2025-09-17T14:28:07Z,48.709015,1.989425,105.8,0.04,27.0,0.96,10
2025-09-17T14:28:08Z,48.709016,1.989425,105.7,0.02,27.0,0.96,10
2025-09-17T14:28:09Z,48.709018,1.989424,105.7,0.09,27.0,0.95,10
2025-09-17T14:28:10Z,48.709019,1.989423,105.7,0.06,27.0,0.95,10
2025-09-17T14:28:11Z,48.709021,1.989423,105.7,0.04,27.0,0.95,10
2025-09-17T14:28:12Z,48.709021,1.989423,105.7,0.07,27.0,0.95,10
2025-09-17T14:28:13Z,48.709021,1.989422,105.6,0.04,27.0,0.95,10
2025-09-17T14:28:14Z,48.709022,1.989420,105.5,0.06,27.0,0.95,10
2025-09-17T14:28:15Z,48.709024,1.989420,105.6,0.04,27.0,0.95,10
2025-09-17T14:28:16Z,48.709025,1.989419,105.7,0.04,27.0,0.95,10
2025-09-17T14:28:17Z,48.709026,1.989418,105.7,0.07,27.0,0.95,10
2025-09-17T14:28:18Z,48.709027,1.989417,105.8,0.09,27.0,0.95,10
2025-09-17T14:28:19Z,48.709028,1.989415,105.7,0.04,27.0,0.95,10
2025-09-17T14:28:20Z,48.709029,1.989413,105.6,0.06,27.0,0.95,10
2025-09-17T14:28:21Z,48.709030,1.989412,105.5,0.07,27.0,0.95,10
2025-09-17T14:28:22Z,48.709031,1.989411,105.4,0.07,27.0,0.95,10
2025-09-17T14:28:23Z,48.709031,1.989409,105.3,0.22,27.0,0.95,10
2025-09-17T14:28:24Z,48.709032,1.989408,105.3,0.00,27.0,0.95,10
2025-09-17T14:28:25Z,48.709033,1.989407,105.3,0.06,27.0,0.95,10
2025-09-17T14:28:26Z,48.709033,1.989404,104.7,0.09,27.0,0.95,10
2025-09-17T14:28:27Z,48.709033,1.989398,104.6,0.09,27.0,0.95,10
2025-09-17T14:28:28Z,48.709035,1.989392,104.8,0.15,27.0,0.95,10
2025-09-17T14:28:29Z,48.709038,1.989383,104.7,0.33,27.0,0.95,10
2025-09-17T14:28:30Z,48.709041,1.989378,104.6,0.06,27.0,0.95,10
2025-09-17T14:28:31Z,48.709042,1.989377,104.3,0.17,27.0,0.95,10
2025-09-17T14:28:32Z,48.709043,1.989376,103.8,0.07,27.0,1.00,10
2025-09-17T14:28:33Z,48.709044,1.989373,103.5,0.04,27.0,0.95,10
2025-09-17T14:28:34Z,48.709045,1.989370,103.2,0.04,27.0,0.95,10
2025-09-17T14:28:35Z,48.709045,1.989366,102.8,0.15,27.0,0.95,10
2025-09-17T14:28:36Z,48.709046,1.989363,102.4,0.28,27.0,0.95,10
2025-09-17T14:28:37Z,48.709047,1.989362,102.2,0.06,27.0,0.95,10
2025-09-17T14:28:38Z,48.709048,1.989361,102.1,0.04,27.0,0.95,10
2025-09-17T14:28:39Z,48.709049,1.989361,101.8,0.11,27.0,0.95,10
2025-09-17T14:28:40Z,48.709050,1.989362,101.9,0.11,27.0,0.95,10
2025-09-17T14:28:41Z,48.709051,1.989363,102.2,0.07,27.0,0.95,10
2025-09-17T14:28:42Z,48.709051,1.989364,102.3,0.04,27.0,0.95,10
2025-09-17T14:28:43Z,48.709052,1.989365,102.6,0.06,27.0,0.95,10
2025-09-17T14:28:44Z,48.709053,1.989367,102.7,0.13,27.0,0.95,10
2025-09-17T14:28:45Z,48.709054,1.989367,102.8,0.06,27.0,0.95,10
2025-09-17T14:28:46Z,48.709054,1.989367,102.6,0.09,27.0,0.95,10
2025-09-17T14:28:47Z,48.709055,1.989369,102.7,0.00,27.0,0.95,10
2025-09-17T14:28:48Z,48.709056,1.989368,102.9,0.09,27.0,0.99,10
2025-09-17T14:28:49Z,48.709058,1.989370,103.2,0.11,27.0,0.95,10
2025-09-17T14:28:50Z,48.709060,1.989370,103.4,0.28,27.0,0.95,10
2025-09-17T14:28:51Z,48.709061,1.989368,103.4,0.13,27.0,0.95,10
2025-09-17T14:28:52Z,48.709061,1.989367,103.4,0.15,27.0,0.95,10
2025-09-17T14:28:53Z,48.709061,1.989366,103.6,0.02,27.0,0.97,10
2025-09-17T14:28:54Z,48.709062,1.989365,103.5,0.09,27.0,0.97,10
2025-09-17T14:28:55Z,48.709063,1.989364,103.4,0.06,27.0,0.98,9
2025-09-17T14:28:56Z,48.709063,1.989364,103.4,0.20,27.0,0.98,9
2025-09-17T14:28:57Z,48.709063,1.989360,103.3,0.11,27.0,0.98,9
2025-09-17T14:28:58Z,48.709063,1.989358,103.2,0.19,27.0,0.98,9
2025-09-17T14:28:59Z,48.709062,1.989356,103.4,0.09,27.0,0.95,10
2025-09-17T14:29:00Z,48.709062,1.989356,103.6,0.24,27.0,0.95,10
2025-09-17T14:29:01Z,48.709064,1.989354,103.8,0.02,27.0,0.95,10
2025-09-17T14:29:02Z,48.709065,1.989353,103.7,0.39,27.0,0.95,10
2025-09-17T14:29:03Z,48.709066,1.989352,103.6,0.00,27.0,1.01,10
2025-09-17T14:29:04Z,48.709066,1.989350,103.7,0.04,27.0,1.01,10
2025-09-17T14:29:05Z,48.709068,1.989350,103.3,0.22,27.0,0.98,9
2025-09-17T14:29:06Z,48.709067,1.989350,103.3,0.31,27.0,0.95,10
2025-09-17T14:29:07Z,48.709067,1.989349,103.3,0.06,27.0,1.12,10
2025-09-17T14:29:08Z,48.709066,1.989349,103.2,0.06,27.0,1.01,10
2025-09-17T14:29:09Z,48.709065,1.989349,103.0,0.02,27.0,1.01,10
2025-09-17T14:29:10Z,48.709063,1.989351,102.9,0.04,27.0,0.95,10
2025-09-17T14:29:11Z,48.709061,1.989353,102.6,0.02,27.0,0.95,10
2025-09-17T14:29:12Z,48.709060,1.989354,102.2,0.06,27.0,0.95,10
2025-09-17T14:29:13Z,48.709060,1.989355,102.3,0.04,27.0,0.97,10
2025-09-17T14:29:14Z,48.709058,1.989357,102.5,0.02,27.0,1.02,10
2025-09-17T14:29:15Z,48.709058,1.989359,102.5,0.04,27.0,0.97,10
2025-09-17T14:29:16Z,48.709057,1.989361,102.4,0.04,27.0,0.97,10
2025-09-17T14:29:17Z,48.709057,1.989363,102.2,0.04,27.0,0.97,10
2025-09-17T14:29:18Z,48.709059,1.989363,102.3,0.33,27.0,0.95,10
2025-09-17T14:29:19Z,48.709060,1.989361,102.3,0.44,27.0,1.01,9
2025-09-17T14:29:20Z,48.709059,1.989361,102.2,0.22,27.0,0.97,10
2025-09-17T14:29:21Z,48.709058,1.989363,102.3,1.22,27.0,0.99,10
2025-09-17T14:29:22Z,48.709056,1.989371,101.9,4.57,67.5,0.95,10
2025-09-17T14:29:23Z,48.709033,1.989397,101.0,10.09,121.4,0.95,10
2025-09-17T14:29:24Z,48.709015,1.989421,100.7,9.52,134.5,0.95,10
2025-09-17T14:29:25Z,48.708992,1.989443,100.8,8.87,134.9,0.95,10
2025-09-17T14:29:26Z,48.708981,1.989459,101.0,5.39,132.6,0.95,10
2025-09-17T14:29:27Z,48.708973,1.989469,101.0,3.00,132.6,1.19,10
2025-09-17T14:29:28Z,48.708973,1.989474,101.4,0.91,132.6,0.95,10
2025-09-17T14:29:29Z,48.708970,1.989477,101.3,1.65,132.6,0.95,10
2025-09-17T14:29:30Z,48.708972,1.989480,100.8,0.11,132.6,0.95,10
2025-09-17T14:29:31Z,48.708969,1.989483,100.6,0.39,132.6,1.24,10
2025-09-17T14:29:32Z,48.708968,1.989487,100.6,1.85,132.6,1.25,10
2025-09-17T14:29:33Z,48.708966,1.989494,100.5,2.72,125.7,1.12,10
2025-09-17T14:29:34Z,48.708958,1.989494,101.0,2.96,113.4,0.95,10
2025-09-17T14:29:35Z,48.708949,1.989495,101.0,2.46,94.4,0.95,10
2025-09-17T14:29:36Z,48.708957,1.989494,101.8,6.67,30.8,1.24,10
2025-09-17T14:29:37Z,48.708980,1.989495,102.6,13.69,10.4,0.95,10
2025-09-17T14:29:38Z,48.709017,1.989509,103.5,18.69,13.3,0.95,10
2025-09-17T14:29:39Z,48.709065,1.989529,104.4,19.93,11.9,0.95,10
2025-09-17T14:29:40Z,48.709120,1.989540,106.3,24.19,7.5,0.95,10
2025-09-17T14:29:41Z,48.709176,1.989532,109.6,26.72,358.7,0.95,10
2025-09-17T14:29:42Z,48.709223,1.989526,112.8,19.30,357.7,0.95,10
2025-09-17T14:29:43Z,48.709283,1.989532,117.2,26.54,358.6,0.99,10
2025-09-17T14:29:44Z,48.709374,1.989530,118.5,35.65,2.2,0.95,10
2025-09-17T14:29:45Z,48.709466,1.989539,124.9,38.28,2.0,0.95,10
2025-09-17T14:29:46Z,48.709565,1.989572,127.6,39.32,5.6,1.12,10
2025-09-17T14:29:47Z,48.709656,1.989579,130.3,36.32,358.0,1.16,9
2025-09-17T14:29:48Z,48.709738,1.989565,133.7,34.73,350.6,1.31,7
2025-09-17T14:29:49Z,48.709833,1.989587,136.7,37.17,5.8,1.31,7
2025-09-17T14:29:50Z,48.709920,1.989628,141.4,37.28,9.6,1.14,9
2025-09-17T14:29:51Z,48.710012,1.989678,147.5,39.17,14.9,1.31,9
2025-09-17T14:29:52Z,48.710140,1.989711,143.4,43.13,12.7,1.16,8
2025-09-17T14:29:53Z,48.710270,1.989756,139.7,45.11,14.0,1.16,8
2025-09-17T14:29:54Z,48.710381,1.989803,139.9,43.23,14.6,1.31,9
2025-09-17T14:29:55Z,48.710508,1.989881,138.2,46.37,20.4,1.31,9
2025-09-17T14:29:56Z,48.710618,1.989960,136.9,44.61,22.4,1.31,8
2025-09-17T14:29:57Z,48.710733,1.990053,134.7,45.93,24.7,1.16,8
2025-09-17T14:29:58Z,48.710845,1.990133,133.6,46.37,25.2,1.31,8
2025-09-17T14:29:59Z,48.710966,1.990201,127.6,42.82,27.8,1.31,8
2025-09-17T14:30:00Z,48.711062,1.990273,123.3,37.17,34.6,1.16,8
2025-09-17T14:30:01Z,48.711142,1.990363,121.3,36.35,42.5,1.16,8
2025-09-17T14:30:02Z,48.711195,1.990466,121.4,33.54,57.8,1.16,8
2025-09-17T14:30:03Z,48.711233,1.990590,121.7,35.28,68.8,1.16,8
2025-09-17T14:30:04Z,48.711245,1.990708,121.7,31.15,84.8,1.16,8
2025-09-17T14:30:05Z,48.711210,1.990815,121.3,34.24,121.2,1.16,8
2025-09-17T14:30:06Z,48.711171,1.990958,121.0,42.19,113.9,1.16,8
2025-09-17T14:30:07Z,48.711138,1.991139,120.3,46.61,108.6,1.16,8
2025-09-17T14:30:08Z,48.711135,1.991319,120.5,45.82,96.2,1.16,8
2025-09-17T14:30:09Z,48.711157,1.991515,120.1,47.50,81.9,1.39,7
2025-09-17T14:30:10Z,48.711192,1.991701,120.0,50.67,72.9,1.20,7
2025-09-17T14:30:11Z,48.711232,1.991889,121.4,52.21,71.2,1.16,8
2025-09-17T14:30:12Z,48.711214,1.992079,123.5,51.36,95.8,1.16,8
2025-09-17T14:30:13Z,48.711182,1.992262,123.3,50.28,107.0,1.16,8
2025-09-17T14:30:14Z,48.711103,1.992411,125.2,51.06,126.8,1.16,8
2025-09-17T14:30:15Z,48.711032,1.992561,125.9,46.95,126.6,1.16,8
2025-09-17T14:30:16Z,48.710980,1.992756,124.7,53.82,116.3,1.16,8
2025-09-17T14:30:17Z,48.710928,1.992970,125.8,59.49,110.5,1.16,8
2025-09-17T14:30:18Z,48.710888,1.993210,125.4,60.80,101.8,1.16,8
2025-09-17T14:30:19Z,48.710818,1.993386,126.4,53.99,114.3,1.16,8
2025-09-17T14:30:20Z,48.710741,1.993542,127.3,50.58,127.5,1.16,8
2025-09-17T14:30:21Z,48.710653,1.993667,128.4,47.28,138.5,1.16,8
2025-09-17T14:30:22Z,48.710580,1.993791,126.8,42.11,137.0,1.16,8
2025-09-17T14:30:23Z,48.710518,1.993946,127.8,48.91,120.3,1.16,8
2025-09-17T14:30:24Z,48.710461,1.994143,128.8,56.28,113.5,1.16,8
2025-09-17T14:30:25Z,48.710422,1.994379,127.8,61.19,104.2,1.16,8
2025-09-17T14:30:26Z,48.710391,1.994592,128.7,56.80,101.3,1.64,8
2025-09-17T14:30:27Z,48.710315,1.994746,129.2,49.89,119.4,1.46,8
2025-09-17T14:30:28Z,48.710220,1.994890,129.2,50.06,132.8,1.46,8
2025-09-17T14:30:29Z,48.710132,1.995023,129.5,48.67,136.6,1.11,9
2025-09-17T14:30:30Z,48.710040,1.995180,129.2,50.74,135.1,1.36,9
2025-09-17T14:30:31Z,48.709988,1.995335,130.7,43.82,121.4,1.59,8
2025-09-17T14:30:32Z,48.709960,1.995522,132.3,50.30,105.5,1.59,7
2025-09-17T14:30:33Z,48.709967,1.995742,134.2,57.23,88.3,1.11,9
2025-09-17T14:30:34Z,48.709955,1.995942,134.8,52.97,92.4,1.11,9
2025-09-17T14:30:35Z,48.709930,1.996099,136.3,42.36,96.7,1.11,9
2025-09-17T14:30:36Z,48.709879,1.996204,138.6,34.10,116.4,0.94,10
2025-09-17T14:30:37Z,48.709804,1.996298,139.6,34.26,139.8,0.94,10
2025-09-17T14:30:38Z,48.709701,1.996389,137.5,41.65,149.7,0.94,10
2025-09-17T14:30:39Z,48.709609,1.996468,136.7,38.93,153.2,1.36,9
2025-09-17T14:30:40Z,48.709492,1.996604,133.8,48.52,146.9,1.36,8
2025-09-17T14:30:41Z,48.709406,1.996747,134.7,47.36,134.3,1.36,8
2025-09-17T14:30:42Z,48.709325,1.996874,136.3,42.37,129.2,1.11,9
2025-09-17T14:30:43Z,48.709284,1.997062,139.4,49.95,107.9,1.11,9
2025-09-17T14:30:44Z,48.709255,1.997268,144.4,55.17,96.8,1.11,9
2025-09-17T14:30:45Z,48.709214,1.997526,147.8,67.93,100.4,1.24,10
2025-09-17T14:30:46Z,48.709160,1.997790,149.3,66.38,106.1,1.11,9
2025-09-17T14:30:47Z,48.709109,1.998028,150.7,58.15,107.0,1.36,8
2025-09-17T14:30:48Z,48.709037,1.998209,151.7,48.08,115.5,1.36,8
2025-09-17T14:30:49Z,48.708920,1.998319,152.6,44.73,139.3,1.16,9
2025-09-17T14:30:50Z,48.708837,1.998409,153.2,35.52,148.5,1.11,9
2025-09-17T14:30:51Z,48.708734,1.998453,152.9,37.80,171.1,1.11,9
2025-09-17T14:30:52Z,48.708615,1.998555,147.7,40.19,157.8,1.11,9
2025-09-17T14:30:53Z,48.708535,1.998689,144.6,40.23,140.0,1.11,9
2025-09-17T14:30:54Z,48.708475,1.998863,145.8,48.21,118.8,1.36,8
2025-09-17T14:30:55Z,48.708422,1.999077,146.5,63.62,108.1,1.11,9
2025-09-17T14:30:56Z,48.708382,1.999346,147.1,73.39,102.3,1.11,9
2025-09-17T14:30:57Z,48.708300,1.999575,148.4,68.56,110.4,1.11,9
2025-09-17T14:30:58Z,48.708238,1.999824,148.8,68.91,109.4,1.11,9
2025-09-17T14:30:59Z,48.708141,2.000089,148.3,77.67,118.9,1.11,9
2025-09-17T14:31:00Z,48.708028,2.000328,152.0,75.62,123.8,1.11,9
2025-09-17T14:31:01Z,48.707948,2.000574,152.2,67.99,117.6,1.36,8
2025-09-17T14:31:02Z,48.707898,2.000804,153.5,58.75,108.3,1.11,9
2025-09-17T14:31:03Z,48.707878,2.000997,156.6,49.91,95.6,1.11,9
2025-09-17T14:31:04Z,48.707887,2.001168,157.8,42.65,80.6,1.11,9
2025-09-17T14:31:05Z,48.707910,2.001279,160.8,31.82,61.7,1.11,9
2025-09-17T14:31:06Z,48.707952,2.001351,166.1,36.74,39.6,1.11,9
2025-09-17T14:31:07Z,48.708032,2.001403,170.2,46.95,20.7,1.11,9
2025-09-17T14:31:08Z,48.708135,2.001422,175.1,52.65,11.5,1.11,9
2025-09-17T14:31:09Z,48.708274,2.001428,182.6,63.91,2.7,1.11,9
2025-09-17T14:31:10Z,48.708403,2.001440,191.8,52.99,4.0,1.11,9
2025-09-17T14:31:11Z,48.708537,2.001469,201.2,58.19,6.3,1.45,9
2025-09-17T14:31:12Z,48.708677,2.001522,208.8,56.67,11.0,1.63,7
2025-09-17T14:31:13Z,48.708795,2.001567,218.5,50.15,13.6,1.16,9
2025-09-17T14:31:14Z,48.708913,2.001611,227.6,47.84,13.7,1.16,9
2025-09-17T14:31:15Z,48.709014,2.001665,238.1,44.37,20.0,1.63,9
2025-09-17T14:31:16Z,48.709096,2.001691,246.4,35.82,14.1,1.63,8
2025-09-17T14:31:17Z,48.709175,2.001721,252.5,26.61,8.9,1.16,8
2025-09-17T14:31:18Z,48.709244,2.001717,252.3,18.91,7.9,1.16,8
2025-09-17T14:31:19Z,48.709276,2.001717,253.5,9.32,7.4,1.16,8
2025-09-17T14:31:20Z,48.709314,2.001712,246.5,3.57,9.8,1.15,9
2025-09-17T14:31:21Z,48.709336,2.001701,241.0,3.89,294.8,1.15,9
2025-09-17T14:31:22Z,48.709355,2.001701,236.7,5.32,278.0,1.15,9
2025-09-17T14:31:23Z,48.709371,2.001703,233.0,5.17,255.3,0.98,9
2025-09-17T14:31:24Z,48.709390,2.001705,229.5,2.63,255.3,0.98,9
2025-09-17T14:31:25Z,48.709393,2.001690,228.1,3.50,255.3,0.98,9
2025-09-17T14:31:26Z,48.709403,2.001695,225.8,3.78,242.4,0.98,9
2025-09-17T14:31:27Z,48.709404,2.001683,221.3,5.96,196.2,0.90,11
2025-09-17T14:31:28Z,48.709386,2.001686,216.3,13.17,172.1,0.90,11
2025-09-17T14:31:29Z,48.709348,2.001685,212.2,18.65,176.8,0.94,11
2025-09-17T14:31:30Z,48.709312,2.001677,208.3,19.24,180.6,0.90,11
2025-09-17T14:31:31Z,48.709274,2.001669,207.2,17.82,183.6,1.20,11
2025-09-17T14:31:32Z,48.709210,2.001653,206.2,23.71,186.6,1.20,10
2025-09-17T14:31:33Z,48.709178,2.001638,206.9,19.45,189.3,1.20,10
2025-09-17T14:31:34Z,48.709162,2.001601,206.5,15.76,197.6,1.22,10
2025-09-17T14:31:35Z,48.709110,2.001593,207.0,17.98,195.1,0.90,11
2025-09-17T14:31:36Z,48.709069,2.001584,206.8,17.58,191.4,0.90,11
2025-09-17T14:31:37Z,48.709035,2.001576,206.8,16.30,190.3,0.90,11
2025-09-17T14:31:38Z,48.708964,2.001566,206.3,21.02,187.9,0.90,11
2025-09-17T14:31:39Z,48.708904,2.001565,206.5,21.21,185.8,0.90,11
2025-09-17T14:31:40Z,48.708860,2.001573,207.5,19.41,183.2,0.90,11
2025-09-17T14:31:41Z,48.708778,2.001560,207.1,24.08,184.0,0.90,11
2025-09-17T14:31:42Z,48.708711,2.001556,208.1,24.04,184.0,0.90,11
2025-09-17T14:31:43Z,48.708625,2.001555,207.9,27.87,183.0,1.24,10
2025-09-17T14:31:44Z,48.708532,2.001557,209.1,29.71,180.4,1.24,9
2025-09-17T14:31:45Z,48.708427,2.001544,208.0,31.61,182.9,1.24,9
2025-09-17T14:31:46Z,48.708280,2.001477,205.8,36.60,192.6,1.24,10
2025-09-17T14:31:47Z,48.708222,2.001398,205.9,31.32,208.2,0.94,10
2025-09-17T14:31:48Z,48.708168,2.001293,207.9,32.04,225.5,0.94,10
2025-09-17T14:31:49Z,48.708140,2.001145,207.4,35.28,250.0,0.97,9
2025-09-17T14:31:50Z,48.708158,2.000960,208.9,44.82,275.3,0.97,9
2025-09-17T14:31:51Z,48.708176,2.000782,206.9,49.24,285.0,1.14,9
2025-09-17T14:31:52Z,48.708229,2.000588,206.7,55.95,293.7,1.14,9
2025-09-17T14:31:53Z,48.708282,2.000429,210.2,54.25,298.0,0.97,9
2025-09-17T14:31:54Z,48.708327,2.000227,211.5,58.10,299.4,0.98,10
2025-09-17T14:31:55Z,48.708363,1.999994,209.2,61.97,298.1,1.14,10
2025-09-17T14:31:56Z,48.708376,1.999725,205.1,64.62,290.4,1.14,9
2025-09-17T14:31:57Z,48.708409,1.999499,205.9,62.21,287.9,0.97,9
2025-09-17T14:31:58Z,48.708426,1.999297,203.8,53.99,285.4,1.14,9
2025-09-17T14:31:59Z,48.708448,1.999116,205.9,48.99,285.5,0.97,9
2025-09-17T14:32:00Z,48.708497,1.998967,208.5,46.84,292.9,0.97,9
2025-09-17T14:32:01Z,48.708580,1.998846,207.8,47.32,306.2,1.15,9
2025-09-17T14:32:02Z,48.708670,1.998765,209.3,46.47,324.3,1.15,8
2025-09-17T14:32:03Z,48.708759,1.998627,204.7,47.71,324.5,1.31,8
2025-09-17T14:32:04Z,48.708835,1.998434,199.1,51.32,314.7,1.31,8
2025-09-17T14:32:05Z,48.708920,1.998216,195.7,60.67,308.1,1.31,8
2025-09-17T14:32:06Z,48.708982,1.997962,193.8,68.26,298.1,1.31,8
2025-09-17T14:32:07Z,48.709027,1.997727,197.2,65.88,291.5,1.15,8
2025-09-17T14:32:08Z,48.709076,1.997511,196.8,61.45,289.3,1.31,8
2025-09-17T14:32:09Z,48.709097,1.997295,194.9,57.75,283.4,2.17,8
2025-09-17T14:32:10Z,48.709139,1.997105,193.2,55.62,284.3,1.31,8
2025-09-17T14:32:11Z,48.709182,1.996935,192.5,52.19,287.1,1.31,8
2025-09-17T14:32:12Z,48.709269,1.996765,193.3,55.93,297.1,1.31,8
2025-09-17T14:32:13Z,48.709423,1.996697,192.0,56.10,318.9,1.31,8
2025-09-17T14:32:14Z,48.709542,1.996584,191.1,58.04,325.5,1.31,7
2025-09-17T14:32:15Z,48.709660,1.996474,189.5,54.87,328.5,1.31,8
2025-09-17T14:32:16Z,48.709752,1.996342,189.1,51.26,324.6,1.31,7
2025-09-17T14:32:17Z,48.709830,1.996220,188.7,47.69,319.7,1.31,7
2025-09-17T14:32:18Z,48.709870,1.996074,188.5,43.58,308.1,1.31,7
2025-09-17T14:32:19Z,48.709851,1.995872,187.2,45.10,285.9,1.31,7
2025-09-17T14:32:20Z,48.709868,1.995713,190.7,45.43,283.3,1.15,8
2025-09-17T14:32:21Z,48.709924,1.995542,190.2,48.73,288.1,1.31,8
2025-09-17T14:32:22Z,48.709992,1.995385,190.6,49.58,295.4,1.31,8
2025-09-17T14:32:23Z,48.710093,1.995251,193.6,52.80,307.2,1.15,8
2025-09-17T14:32:24Z,48.710171,1.995102,196.0,52.45,310.7,1.15,8
2025-09-17T14:32:25Z,48.710252,1.994917,192.2,54.56,308.0,1.31,8
2025-09-17T14:32:26Z,48.710308,1.994673,190.0,61.76,299.7,1.31,8
2025-09-17T14:32:27Z,48.710348,1.994425,185.4,60.38,290.6,1.31,7
2025-09-17T14:32:28Z,48.710388,1.994224,184.2,55.62,288.3,1.31,7
2025-09-17T14:32:29Z,48.710457,1.994067,184.0,50.82,294.5,1.31,7
2025-09-17T14:32:30Z,48.710533,1.993911,182.9,50.49,300.4,1.31,7
2025-09-17T14:32:31Z,48.710628,1.993747,179.6,52.28,306.9,1.31,7
2025-09-17T14:32:32Z,48.710703,1.993568,176.9,54.02,305.7,1.31,8
2025-09-17T14:32:33Z,48.710709,1.993346,175.7,53.17,289.9,1.31,8
2025-09-17T14:32:34Z,48.710727,1.993142,172.9,54.23,279.5,1.15,9
2025-09-17T14:32:35Z,48.710755,1.992945,172.0,54.50,280.7,1.31,8
2025-09-17T14:32:36Z,48.710810,1.992756,170.2,54.34,289.9,1.31,8
2025-09-17T14:32:37Z,48.710882,1.992579,168.2,53.87,297.3,1.31,8
2025-09-17T14:32:38Z,48.710948,1.992397,167.8,54.65,298.1,1.31,8
2025-09-17T14:32:39Z,48.711009,1.992214,165.5,52.34,295.8,1.31,7
2025-09-17T14:32:40Z,48.711046,1.992032,161.3,49.65,285.9,1.31,7
2025-09-17T14:32:41Z,48.711034,1.991835,161.4,50.89,269.8,1.31,7
2025-09-17T14:32:42Z,48.711017,1.991642,157.1,54.02,259.9,1.31,7
2025-09-17T14:32:43Z,48.711001,1.991481,153.7,47.63,258.5,1.31,7
2025-09-17T14:32:44Z,48.711011,1.991300,153.0,49.00,271.5,1.31,7
2025-09-17T14:32:45Z,48.711042,1.991132,152.8,47.49,281.8,1.31,7
2025-09-17T14:32:46Z,48.711089,1.990982,152.6,44.74,290.6,1.31,7
2025-09-17T14:32:47Z,48.711128,1.990832,151.7,43.36,290.2,1.31,7
2025-09-17T14:32:48Z,48.711144,1.990670,150.9,42.76,282.0,1.31,8
2025-09-17T14:32:49Z,48.711109,1.990501,150.6,43.84,261.8,1.15,8
2025-09-17T14:32:50Z,48.711072,1.990366,150.5,39.56,252.1,1.15,8
2025-09-17T14:32:51Z,48.710974,1.990230,148.2,49.30,232.8,0.97,9
2025-09-17T14:32:52Z,48.710826,1.990146,144.4,59.99,211.9,0.97,9
2025-09-17T14:32:53Z,48.710693,1.990048,142.6,61.82,206.2,1.15,9
2025-09-17T14:32:54Z,48.710558,1.989967,140.7,62.86,202.0,0.97,9
2025-09-17T14:32:55Z,48.710420,1.989898,138.5,63.75,199.2,1.27,8
2025-09-17T14:32:56Z,48.710276,1.989829,135.4,65.73,197.8,1.27,8
2025-09-17T14:32:57Z,48.710131,1.989755,135.4,65.62,197.6,1.27,8
2025-09-17T14:32:58Z,48.709980,1.989693,128.5,65.73,195.8,1.45,10
2025-09-17T14:32:59Z,48.709823,1.989672,127.2,65.26,190.2,1.45,8
2025-09-17T14:33:00Z,48.709672,1.989621,126.1,63.93,191.3,1.44,8
2025-09-17T14:33:01Z,48.709528,1.989593,123.5,62.34,189.4,0.93,10
2025-09-17T14:33:02Z,48.709381,1.989571,122.7,61.99,188.2,1.44,10
2025-09-17T14:33:03Z,48.709244,1.989546,120.4,60.49,188.1,1.44,8
2025-09-17T14:33:04Z,48.709104,1.989499,119.0,60.10,190.5,2.43,8
2025-09-17T14:33:05Z,48.708959,1.989459,118.9,60.63,191.5,0.99,9
2025-09-17T14:33:06Z,48.708830,1.989460,116.7,58.00,187.4,1.24,9
2025-09-17T14:33:07Z,48.708688,1.989438,116.0,58.88,186.9,1.30,9
2025-09-17T14:33:08Z,48.708550,1.989416,116.0,58.39,187.5,1.24,9
2025-09-17T14:33:09Z,48.708418,1.989394,115.4,54.78,187.3,1.24,9
2025-09-17T14:33:10Z,48.708299,1.989380,114.1,50.06,185.1,1.24,9
2025-09-17T14:33:11Z,48.708185,1.989355,112.6,47.95,187.2,1.24,9
2025-09-17T14:33:12Z,48.708093,1.989331,111.8,41.71,188.0,1.24,9
2025-09-17T14:33:13Z,48.708005,1.989315,112.1,38.89,189.0,1.24,10
2025-09-17T14:33:14Z,48.707911,1.989293,111.9,39.91,189.2,1.24,9
2025-09-17T14:33:15Z,48.707812,1.989271,112.4,42.23,189.9,1.24,9
2025-09-17T14:33:16Z,48.707706,1.989251,113.1,44.10,189.2,0.93,10
2025-09-17T14:33:17Z,48.707603,1.989235,113.3,42.19,187.0,0.93,10
2025-09-17T14:33:18Z,48.707502,1.989222,114.3,42.23,187.7,1.24,10
2025-09-17T14:33:19Z,48.707400,1.989200,114.3,42.10,188.7,1.27,8
2025-09-17T14:33:20Z,48.707298,1.989182,114.1,42.10,188.1,1.27,8
2025-09-17T14:33:21Z,48.707205,1.989163,113.7,38.71,188.3,1.27,8
2025-09-17T14:33:22Z,48.707120,1.989146,112.8,35.08,188.6,0.97,9
2025-09-17T14:33:23Z,48.707043,1.989126,112.0,32.04,190.2,0.97,9
2025-09-17T14:33:24Z,48.706967,1.989098,111.4,32.50,194.1,0.97,9
2025-09-17T14:33:25Z,48.706891,1.989057,111.1,33.13,200.9,0.97,9
2025-09-17T14:33:26Z,48.706826,1.988989,110.2,33.54,217.3,0.97,9
2025-09-17T14:33:27Z,48.706775,1.988891,110.0,35.91,234.1,1.15,9
2025-09-17T14:33:28Z,48.706731,1.988767,109.6,39.67,242.6,1.15,9
2025-09-17T14:33:29Z,48.706688,1.988632,109.6,41.37,243.2,1.15,9
2025-09-17T14:33:30Z,48.706642,1.988498,109.4,40.97,241.8,1.15,9
2025-09-17T14:33:31Z,48.706598,1.988372,109.5,38.56,241.3,1.15,9
2025-09-17T14:33:32Z,48.706558,1.988256,109.3,34.89,241.1,1.15,9
2025-09-17T14:33:33Z,48.706521,1.988160,108.8,28.47,239.6,1.15,9
2025-09-17T14:33:34Z,48.706494,1.988091,108.3,19.71,238.4,1.15,9
2025-09-17T14:33:35Z,48.706477,1.988045,108.0,13.17,240.4,1.15,9
2025-09-17T14:33:36Z,48.706467,1.988013,107.6,9.02,242.4,1.15,9
2025-09-17T14:33:37Z,48.706458,1.987985,107.3,8.46,241.4,1.15,9
2025-09-17T14:33:38Z,48.706446,1.987953,107.2,11.17,238.0,1.15,9
2025-09-17T14:33:39Z,48.706427,1.987911,107.0,14.80,234.8,1.15,9
2025-09-17T14:33:40Z,48.706404,1.987859,106.9,18.19,235.2,1.15,9
2025-09-17T14:33:41Z,48.706373,1.987791,106.4,23.00,234.7,1.15,8
2025-09-17T14:33:42Z,48.706336,1.987709,105.9,27.35,234.9,1.15,8
2025-09-17T14:33:43Z,48.706296,1.987615,105.6,30.48,237.2,1.15,8
2025-09-17T14:33:44Z,48.706251,1.987520,104.8,30.60,233.6,1.15,9
2025-09-17T14:33:45Z,48.706203,1.987430,104.2,30.39,230.0,0.98,10
2025-09-17T14:33:46Z,48.706153,1.987341,103.6,31.02,228.5,1.15,9
2025-09-17T14:33:47Z,48.706101,1.987252,103.1,31.87,227.3,1.15,9
2025-09-17T14:33:48Z,48.706047,1.987166,102.5,30.98,226.7,1.15,9
2025-09-17T14:33:49Z,48.705998,1.987089,102.2,27.89,225.2,1.15,8
2025-09-17T14:33:50Z,48.705953,1.987019,101.9,25.08,225.2,1.15,8
2025-09-17T14:33:51Z,48.705910,1.986950,101.6,25.34,225.6,1.15,8
2025-09-17T14:33:52Z,48.705865,1.986880,101.2,26.19,226.5,1.15,8
2025-09-17T14:33:53Z,48.705823,1.986811,101.0,24.61,226.5,1.15,8
2025-09-17T14:33:54Z,48.705783,1.986743,100.8,23.80,228.0,0.96,9
2025-09-17T14:33:55Z,48.705742,1.986669,100.8,26.56,229.6,0.96,9
2025-09-17T14:33:56Z,48.705695,1.986590,100.7,29.15,227.9,1.15,9
2025-09-17T14:33:57Z,48.705641,1.986513,100.8,30.06,222.9,1.15,9
2025-09-17T14:33:58Z,48.705585,1.986448,101.0,28.82,216.6,1.15,9
2025-09-17T14:33:59Z,48.705531,1.986392,101.0,25.45,214.9,1.15,9
2025-09-17T14:34:00Z,48.705481,1.986339,101.1,24.63,214.3,1.15,9
2025-09-17T14:34:01Z,48.705429,1.986292,101.2,24.17,212.0,1.15,9
2025-09-17T14:34:02Z,48.705378,1.986254,101.3,22.74,207.8,1.15,9
2025-09-17T14:34:03Z,48.705326,1.986222,102.7,22.96,205.2,1.15,9
2025-09-17T14:34:04Z,48.705275,1.986197,104.5,21.82,203.2,1.15,9
2025-09-17T14:34:05Z,48.705229,1.986173,104.8,19.17,198.8,1.15,9
2025-09-17T14:34:06Z,48.705180,1.986152,105.2,20.46,196.9,1.15,9
2025-09-17T14:34:07Z,48.705130,1.986125,105.3,22.15,199.6,1.15,9
2025-09-17T14:34:08Z,48.705076,1.986090,105.4,24.17,202.8,1.15,9
2025-09-17T14:34:09Z,48.705019,1.986051,105.6,25.50,204.3,1.15,9
2025-09-17T14:34:10Z,48.704960,1.986007,105.9,26.54,206.3,1.15,9
2025-09-17T14:34:11Z,48.704904,1.985962,106.2,25.35,206.9,1.15,9
2025-09-17T14:34:12Z,48.704854,1.985919,106.5,22.80,209.3,1.15,9
2025-09-17T14:34:13Z,48.704807,1.985877,106.8,22.13,211.1,1.15,9
2025-09-17T14:34:14Z,48.704760,1.985835,107.0,21.95,210.3,1.15,9
2025-09-17T14:34:15Z,48.704710,1.985791,107.1,23.06,211.0,1.15,9
2025-09-17T14:34:16Z,48.704667,1.985737,107.5,24.00,219.0,1.15,9
2025-09-17T14:34:17Z,48.704627,1.985674,107.6,23.48,229.2,1.15,9
2025-09-17T14:34:18Z,48.704596,1.985607,107.4,20.96,234.0,1.42,9
2025-09-17T14:34:19Z,48.704567,1.985546,107.6,19.80,234.8,1.27,8
2025-09-17T14:34:20Z,48.704537,1.985483,107.7,21.37,235.7,1.27,8
2025-09-17T14:34:21Z,48.704507,1.985408,106.8,23.71,238.0,1.42,9
2025-09-17T14:34:22Z,48.704473,1.985329,106.1,25.76,235.4,1.27,9
2025-09-17T14:34:23Z,48.704436,1.985250,105.5,26.54,234.5,1.27,8
2025-09-17T14:34:24Z,48.704399,1.985167,105.1,27.30,234.1,1.27,8
2025-09-17T14:34:25Z,48.704360,1.985080,103.9,27.43,233.7,1.42,7
2025-09-17T14:34:26Z,48.704321,1.984994,103.3,27.72,233.4,1.15,8
2025-09-17T14:34:27Z,48.704280,1.984911,103.0,27.59,231.9,1.15,8
2025-09-17T14:34:28Z,48.704233,1.984829,102.8,29.84,226.7,1.15,8
2025-09-17T14:34:29Z,48.704181,1.984748,102.4,29.47,222.8,1.15,8
2025-09-17T14:34:30Z,48.704129,1.984681,102.6,27.09,219.3,1.15,8
2025-09-17T14:34:31Z,48.704071,1.984625,102.8,27.28,212.7,1.15,8
2025-09-17T14:34:32Z,48.704011,1.984576,104.7,29.00,209.3,1.42,8
2025-09-17T14:34:33Z,48.703948,1.984529,106.1,28.06,207.4,1.42,7
2025-09-17T14:34:34Z,48.703888,1.984479,106.6,27.02,208.2,1.27,8
2025-09-17T14:34:35Z,48.703829,1.984428,106.2,26.26,207.6,1.42,7
2025-09-17T14:34:36Z,48.703772,1.984382,105.6,25.46,206.1,0.96,9
2025-09-17T14:34:37Z,48.703719,1.984333,104.2,24.00,207.7,1.42,8
2025-09-17T14:34:38Z,48.703670,1.984294,104.1,21.48,207.6,1.27,8
2025-09-17T14:34:39Z,48.703623,1.984260,103.9,20.80,206.4,1.27,8
2025-09-17T14:34:40Z,48.703575,1.984233,104.6,21.19,201.7,1.27,8
2025-09-17T14:34:41Z,48.703532,1.984196,104.6,19.69,209.4,1.27,8
2025-09-17T14:34:42Z,48.703491,1.984155,104.7,19.78,210.4,1.15,9
2025-09-17T14:34:43Z,48.703446,1.984109,104.7,22.24,212.6,1.15,9
2025-09-17T14:34:44Z,48.703397,1.984060,104.9,25.37,214.0,0.96,9
2025-09-17T14:34:45Z,48.703342,1.983999,105.1,28.08,215.9,0.96,9
2025-09-17T14:34:46Z,48.703283,1.983918,104.3,31.63,221.8,1.15,9
2025-09-17T14:34:47Z,48.703221,1.983827,104.3,35.63,224.1,0.96,9
2025-09-17T14:34:48Z,48.703152,1.983723,104.4,40.00,224.8,1.03,8
2025-09-17T14:34:49Z,48.703079,1.983616,104.4,40.19,223.8,1.71,8
2025-09-17T14:34:50Z,48.703005,1.983511,104.8,40.86,222.3,0.96,9
2025-09-17T14:34:51Z,48.702931,1.983402,105.2,41.15,225.5,0.96,9
2025-09-17T14:34:52Z,48.702860,1.983283,105.0,42.02,227.8,1.15,9
2025-09-17T14:34:53Z,48.702791,1.983164,105.0,41.30,228.3,1.15,9
2025-09-17T14:34:54Z,48.702723,1.983046,104.8,41.11,229.5,1.03,8
2025-09-17T14:34:55Z,48.702657,1.982930,105.1,40.69,229.2,0.96,9
2025-09-17T14:34:56Z,48.702589,1.982812,105.1,41.15,227.5,0.96,9
2025-09-17T14:34:57Z,48.702517,1.982693,105.1,41.65,225.8,0.96,9
2025-09-17T14:34:58Z,48.702445,1.982576,104.6,42.00,226.4,0.96,9
2025-09-17T14:34:59Z,48.702372,1.982453,104.2,44.26,228.1,0.96,9
2025-09-17T14:35:00Z,48.702298,1.982329,104.4,44.45,227.7,1.03,8
2025-09-17T14:35:01Z,48.702225,1.982203,104.4,43.36,227.3,0.96,9
2025-09-17T14:35:02Z,48.702153,1.982082,103.9,42.61,228.2,1.15,8
2025-09-17T14:35:03Z,48.702080,1.981961,103.6,43.11,227.2,1.43,7
2025-09-17T14:35:04Z,48.702002,1.981841,103.5,44.93,224.3,1.15,9
2025-09-17T14:35:05Z,48.701916,1.981720,103.5,46.65,222.5,1.15,9
2025-09-17T14:35:06Z,48.701824,1.981607,102.4,47.21,217.8,1.15,9
2025-09-17T14:35:07Z,48.701723,1.981509,102.4,47.36,210.9,1.15,9
2025-09-17T14:35:08Z,48.701623,1.981429,101.6,44.19,206.0,0.96,9
2025-09-17T14:35:09Z,48.701530,1.981356,100.9,40.86,205.6,1.15,9
2025-09-17T14:35:10Z,48.701442,1.981293,100.8,37.60,205.4,1.15,9
2025-09-17T14:35:11Z,48.701360,1.981239,100.8,35.45,204.3,1.15,9
2025-09-17T14:35:12Z,48.701285,1.981183,101.7,32.17,207.3,0.96,9
2025-09-17T14:35:13Z,48.701217,1.981133,102.0,29.58,204.5,1.15,8
2025-09-17T14:35:14Z,48.701152,1.981093,102.6,27.48,202.6,0.96,9
2025-09-17T14:35:15Z,48.701091,1.981050,103.2,26.72,204.3,0.96,9
2025-09-17T14:35:16Z,48.701032,1.981008,103.2,25.69,204.5,0.96,9
2025-09-17T14:35:17Z,48.700975,1.980970,103.8,24.98,203.8,0.96,9
2025-09-17T14:35:18Z,48.700915,1.980938,104.3,25.84,200.7,0.96,9
2025-09-17T14:35:19Z,48.700854,1.980898,105.7,26.72,202.2,0.96,9
2025-09-17T14:35:20Z,48.700791,1.980854,106.3,28.58,204.5,0.96,9
2025-09-17T14:35:21Z,48.700722,1.980806,106.3,31.06,202.8,0.96,9
2025-09-17T14:35:22Z,48.700646,1.980755,105.3,33.19,202.8,1.27,8
2025-09-17T14:35:23Z,48.700563,1.980711,106.1,35.60,200.3,1.27,8
2025-09-17T14:35:24Z,48.700478,1.980662,106.1,37.08,199.8,1.27,8
2025-09-17T14:35:25Z,48.700388,1.980599,106.5,40.45,205.6,0.96,9
2025-09-17T14:35:26Z,48.700293,1.980533,107.5,42.15,203.3,1.24,9
2025-09-17T14:35:27Z,48.700195,1.980459,107.5,44.17,204.2,1.24,9
2025-09-17T14:35:28Z,48.700094,1.980382,106.7,45.37,206.6,1.24,9
2025-09-17T14:35:29Z,48.699987,1.980315,106.8,46.50,200.3,0.92,10
2025-09-17T14:35:30Z,48.699880,1.980247,107.4,47.28,202.9,0.92,10
2025-09-17T14:35:31Z,48.699773,1.980170,108.7,47.58,204.5,0.92,10
2025-09-17T14:35:32Z,48.699670,1.980093,108.6,45.43,205.3,0.92,10
2025-09-17T14:35:33Z,48.699577,1.980024,108.6,40.13,205.1,0.92,10
2025-09-17T14:35:34Z,48.699487,1.979960,108.7,39.39,203.0,1.24,10
2025-09-17T14:35:35Z,48.699399,1.979902,108.5,37.61,202.0,1.24,9
2025-09-17T14:35:36Z,48.699316,1.979852,108.6,35.04,199.8,1.24,9
2025-09-17T14:35:37Z,48.699238,1.979810,108.9,32.28,199.2,0.92,10
2025-09-17T14:35:38Z,48.699162,1.979766,109.7,32.89,200.0,0.92,10
2025-09-17T14:35:39Z,48.699084,1.979714,109.7,34.69,201.4,0.92,10
2025-09-17T14:35:40Z,48.698997,1.979664,109.3,37.98,200.9,0.92,10
2025-09-17T14:35:41Z,48.698907,1.979608,110.3,39.21,202.0,0.92,10
2025-09-17T14:35:42Z,48.698823,1.979551,110.9,36.06,203.3,1.24,9
2025-09-17T14:35:43Z,48.698737,1.979493,110.9,38.24,202.0,1.24,9
2025-09-17T14:35:44Z,48.698642,1.979431,111.0,42.37,203.1,1.24,9
2025-09-17T14:35:45Z,48.698543,1.979364,111.1,43.69,203.8,0.92,10
2025-09-17T14:35:46Z,48.698444,1.979294,111.5,43.47,204.6,0.92,10
2025-09-17T14:35:47Z,48.698346,1.979221,111.8,43.52,206.2,0.92,10
2025-09-17T14:35:48Z,48.698246,1.979146,111.7,44.86,205.2,0.92,10
2025-09-17T14:35:49Z,48.698139,1.979067,111.8,48.34,205.6,0.92,10
2025-09-17T14:35:50Z,48.698026,1.978984,112.0,50.74,205.1,1.23,9
2025-09-17T14:35:51Z,48.697907,1.978900,112.1,53.06,204.4,1.23,9
2025-09-17T14:35:52Z,48.697783,1.978814,112.3,55.19,204.3,1.23,9
2025-09-17T14:35:53Z,48.697652,1.978727,112.3,58.30,203.1,1.23,9
2025-09-17T14:35:54Z,48.697511,1.978635,112.7,62.62,202.7,1.23,9
2025-09-17T14:35:55Z,48.697358,1.978537,113.1,68.01,202.4,1.23,9
2025-09-17T14:35:56Z,48.697198,1.978443,113.5,69.08,200.2,0.97,10
2025-09-17T14:35:57Z,48.697030,1.978348,114.4,72.51,201.0,0.97,10
2025-09-17T14:35:58Z,48.696861,1.978235,115.2,74.62,204.0,0.97,10
2025-09-17T14:35:59Z,48.696693,1.978121,115.3,73.12,203.6,0.97,10
2025-09-17T14:36:00Z,48.696524,1.978006,115.7,74.54,203.4,1.16,9
2025-09-17T14:36:01Z,48.696352,1.977888,115.7,76.10,204.0,1.16,9
2025-09-17T14:36:02Z,48.696168,1.977761,115.5,83.21,204.2,1.16,9
2025-09-17T14:36:03Z,48.695963,1.977619,115.7,93.47,203.7,0.96,9
2025-09-17T14:36:04Z,48.695735,1.977476,115.4,101.06,201.8,0.92,10
2025-09-17T14:36:05Z,48.695489,1.977324,115.0,108.60,201.6,0.96,9
2025-09-17T14:36:06Z,48.695244,1.977164,114.4,106.12,203.5,1.16,8
2025-09-17T14:36:07Z,48.695006,1.976996,113.9,104.88,205.5,0.92,10
2025-09-17T14:36:08Z,48.694780,1.976833,113.4,98.23,205.5,0.92,10
2025-09-17T14:36:09Z,48.694562,1.976683,113.0,94.82,203.8,0.92,10
2025-09-17T14:36:10Z,48.694348,1.976544,112.6,92.58,203.2,0.96,9
2025-09-17T14:36:11Z,48.694139,1.976410,112.3,90.28,202.9,1.43,8
2025-09-17T14:36:12Z,48.693940,1.976286,112.3,84.84,202.1,1.43,8
2025-09-17T14:36:13Z,48.693756,1.976171,112.3,78.40,201.2,1.23,9
2025-09-17T14:36:14Z,48.693580,1.976066,111.6,74.97,200.8,1.23,9
2025-09-17T14:36:15Z,48.693411,1.975966,111.0,72.45,200.6,0.92,10
2025-09-17T14:36:16Z,48.693245,1.975869,110.3,70.49,200.8,1.08,10
2025-09-17T14:36:17Z,48.693084,1.975776,110.4,69.01,200.5,1.08,10
2025-09-17T14:36:18Z,48.692925,1.975683,110.2,67.89,201.3,1.34,8
2025-09-17T14:36:19Z,48.692771,1.975588,110.2,66.23,202.1,1.34,8
2025-09-17T14:36:20Z,48.692621,1.975491,110.2,64.26,203.6,1.34,8
2025-09-17T14:36:21Z,48.692475,1.975400,110.2,63.06,201.9,1.34,8
2025-09-17T14:36:22Z,48.692330,1.975316,110.2,61.95,200.6,1.34,8
2025-09-17T14:36:23Z,48.692187,1.975235,110.1,60.78,200.8,1.34,9
2025-09-17T14:36:24Z,48.692047,1.975151,110.1,60.00,201.8,1.34,9
2025-09-17T14:36:25Z,48.691908,1.975066,110.1,59.95,201.4,1.23,10
2025-09-17T14:36:26Z,48.691770,1.974988,110.6,58.49,200.7,0.92,10
2025-09-17T14:36:27Z,48.691639,1.974914,110.9,55.13,200.4,0.92,10
2025-09-17T14:36:28Z,48.691515,1.974843,111.0,51.93,200.5,0.92,10
2025-09-17T14:36:29Z,48.691393,1.974781,111.4,51.06,198.1,0.92,10
2025-09-17T14:36:30Z,48.691274,1.974726,111.8,49.56,196.6,0.92,10
2025-09-17T14:36:31Z,48.691159,1.974674,111.8,46.87,196.8,0.92,10
2025-09-17T14:36:32Z,48.691048,1.974617,112.3,46.21,198.5,1.23,10
2025-09-17T14:36:33Z,48.690934,1.974561,112.6,48.65,198.2,1.23,9
2025-09-17T14:36:34Z,48.690810,1.974500,112.5,52.93,197.6,0.92,10
2025-09-17T14:36:35Z,48.690682,1.974429,113.9,55.26,199.2,0.92,10
2025-09-17T14:36:36Z,48.690549,1.974354,114.7,57.88,202.1,0.92,10
2025-09-17T14:36:37Z,48.690413,1.974272,114.7,60.00,203.3,0.97,10
2025-09-17T14:36:38Z,48.690275,1.974180,115.1,59.86,203.9,0.92,10
2025-09-17T14:36:39Z,48.690141,1.974082,116.0,59.67,206.4,0.92,10
2025-09-17T14:36:40Z,48.690005,1.973976,116.3,61.65,207.8,0.92,10
2025-09-17T14:36:41Z,48.689866,1.973873,116.8,61.63,206.4,1.23,9
2025-09-17T14:36:42Z,48.689738,1.973773,118.3,56.37,207.4,1.23,9
2025-09-17T14:36:43Z,48.689623,1.973683,118.1,51.19,206.9,1.29,9
2025-09-17T14:36:44Z,48.689521,1.973602,118.1,44.43,208.3,1.23,9
2025-09-17T14:36:45Z,48.689435,1.973530,118.2,37.47,209.9,0.97,10
2025-09-17T14:36:46Z,48.689360,1.973468,118.8,32.89,208.7,0.92,10
2025-09-17T14:36:47Z,48.689288,1.973415,119.2,31.76,205.5,1.23,10
2025-09-17T14:36:48Z,48.689216,1.973362,120.0,32.54,204.6,0.92,10
2025-09-17T14:36:49Z,48.689137,1.973307,120.2,35.93,204.7,1.08,9
2025-09-17T14:36:50Z,48.689046,1.973240,120.9,42.48,206.1,1.08,9
2025-09-17T14:36:51Z,48.688944,1.973166,121.5,46.15,206.5,1.08,9
2025-09-17T14:36:52Z,48.688840,1.973088,122.7,47.00,206.2,0.92,10
2025-09-17T14:36:53Z,48.688732,1.973006,123.8,48.34,205.8,0.92,10
2025-09-17T14:36:54Z,48.688621,1.972920,122.9,50.28,206.4,1.16,9
2025-09-17T14:36:55Z,48.688510,1.972832,121.9,50.80,207.7,1.16,9
2025-09-17T14:36:56Z,48.688398,1.972746,121.6,49.34,206.1,1.16,9
2025-09-17T14:36:57Z,48.688294,1.972670,121.5,45.32,204.6,0.96,9
2025-09-17T14:36:58Z,48.688195,1.972611,121.6,41.17,200.7,0.96,9
2025-09-17T14:36:59Z,48.688105,1.972561,121.6,36.85,199.0,0.96,9
2025-09-17T14:37:00Z,48.688024,1.972517,121.5,33.52,199.4,0.96,9
2025-09-17T14:37:01Z,48.687951,1.972472,121.1,30.43,202.0,0.96,9
2025-09-17T14:37:02Z,48.687887,1.972424,120.8,28.30,206.1,0.96,9
2025-09-17T14:37:03Z,48.687822,1.972370,120.6,30.15,209.8,0.92,10
2025-09-17T14:37:04Z,48.687754,1.972305,120.2,33.00,213.0,0.96,9
2025-09-17T14:37:05Z,48.687682,1.972230,119.8,35.19,214.4,0.92,10
2025-09-17T14:37:06Z,48.687603,1.972146,118.8,40.06,215.3,0.92,10
2025-09-17T14:37:07Z,48.687512,1.972052,118.3,45.49,214.1,0.92,10
2025-09-17T14:37:08Z,48.687411,1.971954,117.8,49.08,212.9,0.96,9
2025-09-17T14:37:09Z,48.687304,1.971843,117.1,53.49,215.0,1.23,10
2025-09-17T14:37:10Z,48.687189,1.971721,117.1,56.67,215.1,1.23,9
2025-09-17T14:37:11Z,48.687075,1.971590,116.0,57.60,216.6,0.97,10
2025-09-17T14:37:12Z,48.686974,1.971473,115.5,50.24,218.1,0.97,10
2025-09-17T14:37:13Z,48.686842,1.971358,115.7,59.32,210.7,0.96,10
2025-09-17T14:37:14Z,48.686691,1.971239,116.8,68.12,208.4,1.16,8
2025-09-17T14:37:15Z,48.686521,1.971141,118.0,73.51,200.0,0.97,9
2025-09-17T14:37:16Z,48.686334,1.971061,118.5,78.10,194.4,1.23,9
2025-09-17T14:37:17Z,48.686139,1.970978,117.4,81.15,194.3,1.23,9
2025-09-17T14:37:18Z,48.685946,1.970898,116.9,80.01,194.8,0.92,10
2025-09-17T14:37:19Z,48.685760,1.970810,115.6,77.54,195.6,0.92,10
2025-09-17T14:37:20Z,48.685575,1.970728,114.2,76.56,195.1,0.92,10
2025-09-17T14:37:21Z,48.685392,1.970649,113.0,76.64,194.1,0.92,10
2025-09-17T14:37:22Z,48.685206,1.970574,111.4,76.51,194.4,0.92,10
2025-09-17T14:37:23Z,48.685022,1.970498,110.5,76.52,194.8,0.92,10
2025-09-17T14:37:24Z,48.684836,1.970425,109.7,76.91,194.5,0.92,10
2025-09-17T14:37:25Z,48.684647,1.970356,108.8,77.64,193.1,0.92,10
2025-09-17T14:37:26Z,48.684458,1.970289,107.8,77.41,193.2,0.92,10
2025-09-17T14:37:27Z,48.684273,1.970212,106.9,76.12,196.1,0.92,10
2025-09-17T14:37:28Z,48.684097,1.970115,106.0,74.45,201.8,0.92,10
2025-09-17T14:37:29Z,48.683938,1.969981,105.2,72.17,212.0,0.92,10
2025-09-17T14:37:30Z,48.683802,1.969807,104.9,71.71,223.5,0.92,10
2025-09-17T14:37:31Z,48.683689,1.969594,104.9,72.56,234.1,0.92,10
2025-09-17T14:37:32Z,48.683595,1.969353,105.3,74.56,241.5,0.91,10
2025-09-17T14:37:33Z,48.683508,1.969097,105.6,76.91,243.7,1.23,9
2025-09-17T14:37:34Z,48.683420,1.968835,105.9,78.75,243.0,1.23,9
2025-09-17T14:37:35Z,48.683328,1.968569,106.2,79.78,242.2,0.91,10
2025-09-17T14:37:36Z,48.683235,1.968301,106.6,80.80,242.2,0.91,10
2025-09-17T14:37:37Z,48.683142,1.968036,106.7,79.36,241.7,0.91,10
2025-09-17T14:37:38Z,48.683055,1.967766,107.1,79.47,243.9,0.91,10
2025-09-17T14:37:39Z,48.682973,1.967499,107.4,77.01,245.7,0.96,9
2025-09-17T14:37:40Z,48.682904,1.967240,107.7,71.86,249.0,1.16,9
2025-09-17T14:37:41Z,48.682849,1.966989,107.9,69.54,254.3,1.16,8
2025-09-17T14:37:42Z,48.682822,1.966727,108.0,69.95,262.2,1.16,8
2025-09-17T14:37:43Z,48.682807,1.966476,108.4,65.76,265.5,1.16,8
2025-09-17T14:37:44Z,48.682786,1.966244,108.2,60.32,261.5,1.43,7
2025-09-17T14:37:45Z,48.682746,1.966038,108.4,55.82,250.5,1.16,8
2025-09-17T14:37:46Z,48.682679,1.965864,108.7,52.87,236.1,1.16,9
2025-09-17T14:37:47Z,48.682591,1.965729,109.6,49.87,223.4,1.16,9
2025-09-17T14:37:48Z,48.682459,1.965659,109.3,56.13,199.8,1.16,9
2025-09-17T14:37:49Z,48.682313,1.965611,110.7,60.39,192.0,1.16,8
2025-09-17T14:37:50Z,48.682170,1.965530,110.7,60.65,203.8,1.16,8
2025-09-17T14:37:51Z,48.682034,1.965413,110.1,63.21,213.1,1.16,8
2025-09-17T14:37:52Z,48.681909,1.965286,109.4,59.65,212.9,1.16,8
2025-09-17T14:37:53Z,48.681750,1.965224,109.4,65.02,193.1,1.16,8
2025-09-17T14:37:54Z,48.681584,1.965202,110.0,68.15,181.3,1.16,8
2025-09-17T14:37:55Z,48.681407,1.965184,110.4,71.73,184.2,1.16,8
2025-09-17T14:37:56Z,48.681234,1.965145,111.7,69.45,189.8,1.16,8
2025-09-17T14:37:57Z,48.681066,1.965104,111.7,66.34,189.5,1.16,8
2025-09-17T14:37:58Z,48.680910,1.965080,111.7,60.41,184.0,1.16,8
2025-09-17T14:37:59Z,48.680769,1.965089,112.3,53.49,176.2,1.43,7
2025-09-17T14:38:00Z,48.680654,1.965134,112.2,48.50,160.6,1.43,7
2025-09-17T14:38:01Z,48.680558,1.965229,112.2,46.89,139.9,1.43,7
2025-09-17T14:38:02Z,48.680492,1.965366,110.6,48.37,120.2,1.43,7
2025-09-17T14:38:03Z,48.680441,1.965537,110.6,51.95,111.8,1.43,7
2025-09-17T14:38:04Z,48.680391,1.965723,109.7,54.30,111.2,1.16,8
2025-09-17T14:38:05Z,48.680329,1.965896,109.7,51.62,121.2,1.16,8
2025-09-17T14:38:06Z,48.680243,1.966029,109.7,48.95,139.6,1.32,8
2025-09-17T14:38:07Z,48.680144,1.966128,110.3,47.49,148.8,1.32,7
2025-09-17T14:38:08Z,48.680030,1.966166,110.9,45.65,168.2,1.32,7
2025-09-17T14:38:09Z,48.679904,1.966160,111.5,49.63,182.6,1.32,7
2025-09-17T14:38:10Z,48.679774,1.966144,112.0,50.10,185.9,1.23,9
2025-09-17T14:38:11Z,48.679658,1.966123,113.7,46.91,185.7,1.27,8
2025-09-17T14:38:12Z,48.679547,1.966101,113.8,46.02,185.5,1.23,10
2025-09-17T14:38:13Z,48.679429,1.966086,113.0,46.41,184.8,1.23,9
2025-09-17T14:38:14Z,48.679316,1.966072,114.8,44.73,184.6,1.23,9
2025-09-17T14:38:15Z,48.679203,1.966063,115.7,45.37,182.6,0.96,10
2025-09-17T14:38:16Z,48.679089,1.966041,116.5,46.30,186.3,1.29,9
2025-09-17T14:38:17Z,48.678971,1.966017,116.4,48.84,189.2,1.29,9
2025-09-17T14:38:18Z,48.678847,1.965980,120.3,51.50,192.7,1.27,8
2025-09-17T14:38:19Z,48.678717,1.965918,120.3,55.37,199.7,1.27,8
2025-09-17T14:38:20Z,48.678593,1.965833,121.5,54.19,206.4,1.27,8
2025-09-17T14:38:21Z,48.678462,1.965764,122.2,55.08,199.3,1.23,9
2025-09-17T14:38:22Z,48.678323,1.965673,125.0,60.73,203.3,1.27,8
2025-09-17T14:38:23Z,48.678179,1.965582,126.7,62.84,202.4,1.27,8
2025-09-17T14:38:24Z,48.678037,1.965498,128.9,61.15,202.3,1.27,8
2025-09-17T14:38:25Z,48.677907,1.965399,130.3,59.65,206.4,1.23,9
2025-09-17T14:38:26Z,48.677754,1.965319,132.9,60.65,201.0,1.23,9
2025-09-17T14:38:27Z,48.677588,1.965228,136.3,60.63,199.2,0.95,9
2025-09-17T14:38:28Z,48.677442,1.965127,136.8,61.91,201.7,1.27,8
2025-09-17T14:38:29Z,48.677293,1.965027,136.7,64.88,206.0,1.27,8
2025-09-17T14:38:30Z,48.677141,1.964914,139.5,65.76,203.7,1.27,8
2025-09-17T14:38:31Z,48.676980,1.964819,139.1,67.06,201.3,1.27,8
2025-09-17T14:38:32Z,48.676810,1.964748,140.3,70.76,192.4,0.95,9
2025-09-17T14:38:33Z,48.676634,1.964681,141.2,73.43,192.4,1.27,9
2025-09-17T14:38:34Z,48.676466,1.964595,142.7,74.60,199.2,1.27,8
2025-09-17T14:38:35Z,48.676308,1.964468,141.5,74.52,207.1,0.95,9
2025-09-17T14:38:36Z,48.676161,1.964328,140.3,69.99,212.4,1.37,7
2025-09-17T14:38:37Z,48.676044,1.964165,140.3,62.97,220.1,1.37,7
2025-09-17T14:38:38Z,48.675951,1.963974,135.2,61.84,231.7,2.01,6
2025-09-17T14:38:39Z,48.675873,1.963762,135.2,64.99,240.5,2.01,6
2025-09-17T14:38:40Z,48.675807,1.963534,134.0,64.71,245.0,1.46,7
2025-09-17T14:38:41Z,48.675747,1.963327,132.9,58.19,244.4,1.27,8
2025-09-17T14:38:42Z,48.675687,1.963143,131.8,54.28,241.3,1.27,8
2025-09-17T14:38:43Z,48.675623,1.962973,132.3,53.37,237.3,0.91,10
2025-09-17T14:38:44Z,48.675539,1.962811,133.1,54.36,231.5,0.91,10
2025-09-17T14:38:45Z,48.675457,1.962661,133.7,51.87,229.3,0.91,10
2025-09-17T14:38:46Z,48.675361,1.962519,134.7,53.00,225.2,0.91,10
2025-09-17T14:38:47Z,48.675232,1.962395,136.1,59.08,213.6,0.96,10
2025-09-17T14:38:48Z,48.675088,1.962283,136.9,64.39,210.0,1.38,10
2025-09-17T14:38:49Z,48.674926,1.962197,138.4,67.26,201.5,1.27,8
2025-09-17T14:38:50Z,48.674769,1.962102,140.5,66.62,202.1,1.27,8
2025-09-17T14:38:51Z,48.674630,1.962005,141.8,59.52,202.9,1.23,9
2025-09-17T14:38:52Z,48.674486,1.961936,140.5,53.76,196.8,1.29,10
2025-09-17T14:38:53Z,48.674357,1.961869,140.4,48.74,198.4,1.23,9
2025-09-17T14:38:54Z,48.674256,1.961796,142.0,42.95,204.7,1.23,9
2025-09-17T14:38:55Z,48.674182,1.961699,141.7,36.91,222.0,0.96,10
2025-09-17T14:38:56Z,48.674135,1.961581,138.1,35.34,240.3,1.17,9
2025-09-17T14:38:57Z,48.674110,1.961441,136.1,38.45,255.7,1.17,9
2025-09-17T14:38:58Z,48.674093,1.961274,133.5,46.74,264.1,1.17,9
2025-09-17T14:38:59Z,48.674084,1.961073,132.0,54.12,265.5,1.17,9
2025-09-17T14:39:00Z,48.674083,1.960860,130.3,57.78,270.7,0.95,9
2025-09-17T14:39:01Z,48.674094,1.960633,129.5,60.52,275.1,1.17,9
2025-09-17T14:39:02Z,48.674135,1.960395,128.6,66.51,285.4,1.17,9
2025-09-17T14:39:03Z,48.674190,1.960098,128.7,83.60,286.1,1.17,9
2025-09-17T14:39:04Z,48.674239,1.959775,128.3,86.66,284.4,1.17,9
2025-09-17T14:39:05Z,48.674289,1.959471,129.0,78.95,283.9,1.17,9
2025-09-17T14:39:06Z,48.674318,1.959180,129.3,76.75,278.2,1.17,9
2025-09-17T14:39:07Z,48.674335,1.958883,129.0,79.04,273.7,1.17,9
2025-09-17T14:39:08Z,48.674341,1.958592,128.8,75.69,272.5,1.17,10
2025-09-17T14:39:09Z,48.674344,1.958309,128.7,74.27,270.6,1.17,10
2025-09-17T14:39:10Z,48.674328,1.958021,128.0,76.82,265.0,1.17,9
2025-09-17T14:39:11Z,48.674314,1.957753,127.2,69.23,266.4,1.17,9
2025-09-17T14:39:12Z,48.674299,1.957490,126.9,70.65,264.5,1.17,9
2025-09-17T14:39:13Z,48.674277,1.957233,127.5,68.38,263.3,1.17,9
2025-09-17T14:39:14Z,48.674233,1.956997,127.4,64.32,259.0,1.29,10
2025-09-17T14:39:15Z,48.674193,1.956770,127.2,61.54,257.7,1.29,8
2025-09-17T14:39:16Z,48.674203,1.956573,127.4,54.06,265.6,0.96,9
2025-09-17T14:39:17Z,48.674228,1.956396,127.9,47.93,277.6,1.29,9
2025-09-17T14:39:18Z,48.674278,1.956202,130.0,52.34,290.8,1.29,8
2025-09-17T14:39:19Z,48.674403,1.956065,129.4,57.69,318.5,1.44,9
2025-09-17T14:39:20Z,48.674543,1.955955,130.5,64.75,333.8,1.29,8
2025-09-17T14:39:21Z,48.674702,1.955886,129.4,68.41,345.5,1.17,8
2025-09-17T14:39:22Z,48.674865,1.955834,129.3,68.15,348.1,1.17,8
2025-09-17T14:39:23Z,48.675031,1.955804,129.7,67.23,351.6,1.33,8
2025-09-17T14:39:24Z,48.675195,1.955777,130.4,66.91,353.1,1.33,7
2025-09-17T14:39:25Z,48.675352,1.955746,130.2,65.71,352.8,1.33,7
2025-09-17T14:39:26Z,48.675519,1.955634,130.7,69.38,344.9,1.33,8
2025-09-17T14:39:27Z,48.675681,1.955512,130.5,70.78,339.7,1.33,7
2025-09-17T14:39:28Z,48.675829,1.955315,130.9,74.14,329.8,1.42,7
2025-09-17T14:39:29Z,48.675962,1.955180,132.2,69.01,326.9,1.17,8
2025-09-17T14:39:30Z,48.676087,1.955032,136.1,65.84,322.1,0.95,9
2025-09-17T14:39:31Z,48.676200,1.954850,138.7,65.25,315.6,1.17,9
2025-09-17T14:39:32Z,48.676286,1.954646,137.3,63.43,306.2,1.17,9
2025-09-17T14:39:33Z,48.676349,1.954415,136.5,66.49,296.4,1.17,9
2025-09-17T14:39:34Z,48.676391,1.954106,136.9,79.54,286.2,1.17,9
2025-09-17T14:39:35Z,48.676432,1.953783,134.5,87.66,282.6,1.17,9
2025-09-17T14:39:36Z,48.676505,1.953477,133.0,88.30,287.5,1.17,9
2025-09-17T14:39:37Z,48.676611,1.953152,133.6,96.21,293.8,1.17,9
2025-09-17T14:39:38Z,48.676736,1.952847,132.1,93.90,299.6,1.44,7
2025-09-17T14:39:39Z,48.676839,1.952557,132.1,88.25,298.7,1.44,7
2025-09-17T14:39:40Z,48.676935,1.952298,133.6,79.25,299.0,1.44,7
2025-09-17T14:39:41Z,48.676994,1.952028,134.8,73.93,291.8,1.17,8
2025-09-17T14:39:42Z,48.677028,1.951743,136.1,77.02,281.9,0.95,9
2025-09-17T14:39:43Z,48.677064,1.951434,136.0,84.97,279.4,0.95,9
2025-09-17T14:39:44Z,48.677118,1.951090,135.8,94.38,281.9,0.95,9
2025-09-17T14:39:45Z,48.677187,1.950735,135.0,97.08,285.6,1.27,8
2025-09-17T14:39:46Z,48.677260,1.950407,131.4,90.58,288.0,0.95,9
2025-09-17T14:39:47Z,48.677329,1.950103,130.5,83.60,289.1,0.95,9
2025-09-17T14:39:48Z,48.677393,1.949830,129.8,75.71,289.3,0.95,10
2025-09-17T14:39:49Z,48.677458,1.949607,129.7,64.60,292.1,0.95,9
2025-09-17T14:39:50Z,48.677527,1.949407,130.7,59.02,296.0,0.95,9
2025-09-17T14:39:51Z,48.677601,1.949234,130.5,53.97,300.4,0.91,10
2025-09-17T14:39:52Z,48.677686,1.949086,131.5,51.49,309.0,0.96,9
2025-09-17T14:39:53Z,48.677771,1.948946,130.5,50.80,311.9,0.95,9
2025-09-17T14:39:54Z,48.677855,1.948807,131.2,50.49,312.2,0.95,9
2025-09-17T14:39:55Z,48.677937,1.948657,131.3,50.93,310.4,0.96,9
2025-09-17T14:39:56Z,48.678003,1.948481,131.2,52.69,301.8,0.96,9
2025-09-17T14:39:57Z,48.678063,1.948294,131.8,55.63,296.5,0.96,9
2025-09-17T14:39:58Z,48.678119,1.948106,131.8,54.26,294.4,0.96,9
2025-09-17T14:39:59Z,48.678173,1.947914,131.6,55.71,292.9,0.96,9
2025-09-17T14:40:00Z,48.678232,1.947710,132.3,59.99,293.3,0.96,10
2025-09-17T14:40:01Z,48.678301,1.947487,131.9,66.28,295.0,1.17,9
2025-09-17T14:40:02Z,48.678380,1.947244,131.4,72.88,296.6,1.44,8
2025-09-17T14:40:03Z,48.678475,1.946982,130.8,80.34,298.2,1.44,8
2025-09-17T14:40:04Z,48.678577,1.946715,130.7,81.86,300.6,0.96,10
2025-09-17T14:40:05Z,48.678698,1.946460,130.6,82.84,304.7,0.96,10
2025-09-17T14:40:06Z,48.678834,1.946222,131.2,83.38,310.0,1.29,9
2025-09-17T14:40:07Z,48.678970,1.945993,132.5,81.51,312.9,0.96,10
2025-09-17T14:40:08Z,48.679108,1.945782,132.9,78.01,315.0,1.24,8
2025-09-17T14:40:09Z,48.679242,1.945584,133.2,74.28,315.5,1.24,7
2025-09-17T14:40:10Z,48.679378,1.945396,134.1,73.45,317.1,1.24,7
2025-09-17T14:40:11Z,48.679515,1.945212,134.3,73.56,318.1,1.17,8
2025-09-17T14:40:12Z,48.679657,1.945044,134.9,72.62,320.3,1.17,8
2025-09-17T14:40:13Z,48.679805,1.944845,135.2,76.90,319.2,1.33,8
2025-09-17T14:40:14Z,48.679976,1.944572,135.7,90.36,316.2,2.02,7
2025-09-17T14:40:15Z,48.680135,1.944286,135.8,98.60,313.4,2.02,6
2025-09-17T14:40:16Z,48.680301,1.944016,136.1,97.90,312.9,1.33,7
2025-09-17T14:40:17Z,48.680489,1.943772,136.9,98.95,316.0,1.17,9
2025-09-17T14:40:18Z,48.680673,1.943505,137.0,100.93,316.0,1.17,9
2025-09-17T14:40:19Z,48.680847,1.943233,137.5,100.69,314.6,1.17,9
2025-09-17T14:40:20Z,48.681006,1.942937,137.7,100.53,310.4,1.78,8
2025-09-17T14:40:21Z,48.681156,1.942652,137.1,95.34,308.8,1.33,9
2025-09-17T14:40:22Z,48.681292,1.942376,137.5,90.19,307.4,1.33,8
2025-09-17T14:40:23Z,48.681415,1.942092,137.7,90.06,304.7,2.02,7
2025-09-17T14:40:24Z,48.681516,1.941796,138.1,87.82,299.9,1.33,7
2025-09-17T14:40:25Z,48.681597,1.941506,139.0,82.10,294.4,1.17,8
2025-09-17T14:40:26Z,48.681666,1.941226,139.2,78.97,291.1,1.17,8
2025-09-17T14:40:27Z,48.681725,1.940932,139.9,80.28,287.8,0.95,9
2025-09-17T14:40:28Z,48.681721,1.940590,138.4,86.23,275.8,0.95,9
2025-09-17T14:40:29Z,48.681739,1.940269,139.1,85.49,274.7,0.95,9
2025-09-17T14:40:30Z,48.681735,1.939956,139.3,82.10,270.2,0.95,9
2025-09-17T14:40:31Z,48.681732,1.939659,139.5,77.95,268.7,0.95,9
2025-09-17T14:40:32Z,48.681728,1.939370,139.6,76.32,268.6,1.27,8
2025-09-17T14:40:33Z,48.681720,1.939098,139.8,71.62,267.4,1.44,8
2025-09-17T14:40:34Z,48.681707,1.938843,140.3,67.01,265.2,1.44,8
2025-09-17T14:40:35Z,48.681683,1.938593,140.4,67.14,261.2,1.44,8
2025-09-17T14:40:36Z,48.681644,1.938349,140.5,67.32,256.7,1.44,8
2025-09-17T14:40:37Z,48.681607,1.938110,139.8,65.51,255.7,1.17,9
2025-09-17T14:40:38Z,48.681560,1.937889,138.9,62.51,253.1,1.17,8
2025-09-17T14:40:39Z,48.681513,1.937669,138.7,61.67,252.4,1.17,8
2025-09-17T14:40:40Z,48.681468,1.937444,139.1,62.76,252.9,1.17,8
2025-09-17T14:40:41Z,48.681425,1.937215,139.1,62.78,254.0,0.95,9
2025-09-17T14:40:42Z,48.681394,1.936990,139.3,61.30,256.6,0.95,9
2025-09-17T14:40:43Z,48.681360,1.936769,139.4,59.91,257.0,1.17,10
2025-09-17T14:40:44Z,48.681331,1.936546,139.5,60.82,258.3,1.17,9
2025-09-17T14:40:45Z,48.681288,1.936329,140.2,60.13,256.0,1.17,9
2025-09-17T14:40:46Z,48.681254,1.936098,140.5,61.25,257.3,1.44,8
2025-09-17T14:40:47Z,48.681233,1.935866,140.6,60.88,260.7,1.44,8
2025-09-17T14:40:48Z,48.681215,1.935625,140.6,63.19,264.7,1.17,9
2025-09-17T14:40:49Z,48.681208,1.935386,140.4,64.15,268.0,1.17,9
2025-09-17T14:40:50Z,48.681211,1.935160,140.8,58.67,271.5,1.24,9
2025-09-17T14:40:51Z,48.681220,1.934948,141.0,55.54,274.4,1.17,9
2025-09-17T14:40:52Z,48.681240,1.934732,141.1,57.62,277.3,1.17,9
2025-09-17T14:40:53Z,48.681291,1.934534,141.5,55.12,286.3,1.44,8
2025-09-17T14:40:54Z,48.681328,1.934350,141.6,50.52,289.3,1.44,9
2025-09-17T14:40:55Z,48.681360,1.934178,141.9,47.21,289.0,1.17,9
2025-09-17T14:40:56Z,48.681390,1.934016,141.5,44.67,288.5,1.17,9
2025-09-17T14:40:57Z,48.681429,1.933854,141.5,46.17,291.5,1.17,9
2025-09-17T14:40:58Z,48.681487,1.933698,141.5,48.95,302.9,1.17,9
2025-09-17T14:40:59Z,48.681571,1.933549,142.2,52.86,312.9,1.17,8
2025-09-17T14:41:00Z,48.681661,1.933409,142.0,52.26,314.7,1.17,8
2025-09-17T14:41:01Z,48.681743,1.933256,142.5,52.60,309.6,1.17,8
2025-09-17T14:41:02Z,48.681806,1.933083,142.8,52.86,300.6,1.17,8
2025-09-17T14:41:03Z,48.681840,1.932887,143.4,53.12,288.0,1.17,8
2025-09-17T14:41:04Z,48.681866,1.932706,145.3,48.39,283.3,1.17,8
2025-09-17T14:41:05Z,48.681898,1.932544,145.9,44.36,285.8,1.17,8
2025-09-17T14:41:06Z,48.681943,1.932394,146.6,43.98,294.8,1.17,8
2025-09-17T14:41:07Z,48.682006,1.932250,146.8,46.54,305.3,1.17,8
2025-09-17T14:41:08Z,48.682086,1.932114,147.3,48.76,311.9,1.17,8
2025-09-17T14:41:09Z,48.682168,1.931996,148.5,45.84,316.1,1.17,8
2025-09-17T14:41:10Z,48.682243,1.931877,149.7,43.61,314.4,1.17,8
2025-09-17T14:41:11Z,48.682299,1.931738,150.1,43.58,306.6,1.17,8
2025-09-17T14:41:12Z,48.682336,1.931584,151.3,42.87,296.5,0.95,9
2025-09-17T14:41:13Z,48.682358,1.931422,152.9,44.10,287.7,0.90,10
2025-09-17T14:41:14Z,48.682349,1.931245,154.7,44.76,274.5,0.95,10
2025-09-17T14:41:15Z,48.682344,1.931080,156.1,43.56,270.3,0.95,10
2025-09-17T14:41:16Z,48.682351,1.930916,156.5,43.47,273.1,1.18,10
2025-09-17T14:41:17Z,48.682376,1.930770,157.0,40.65,280.1,1.18,9
2025-09-17T14:41:18Z,48.682417,1.930610,157.6,43.73,287.4,1.18,9
2025-09-17T14:41:19Z,48.682496,1.930424,158.5,54.13,298.9,1.18,9
2025-09-17T14:41:20Z,48.682594,1.930257,160.1,59.62,308.0,0.95,9
2025-09-17T14:41:21Z,48.682705,1.930087,160.1,64.10,312.6,1.18,9
2025-09-17T14:41:22Z,48.682817,1.929913,160.2,65.02,314.0,1.18,9
2025-09-17T14:41:23Z,48.682930,1.929739,160.6,64.89,314.3,1.18,9
2025-09-17T14:41:24Z,48.683057,1.929540,161.3,71.86,314.3,1.18,9
2025-09-17T14:41:25Z,48.683190,1.929332,160.8,76.84,314.7,0.96,10
2025-09-17T14:41:26Z,48.683338,1.929141,160.6,77.12,317.7,0.96,10
2025-09-17T14:41:27Z,48.683480,1.928924,160.2,82.06,316.1,0.96,10
2025-09-17T14:41:28Z,48.683626,1.928651,159.6,95.06,311.3,1.09,10
2025-09-17T14:41:29Z,48.683791,1.928348,159.0,105.84,309.4,1.34,8
2025-09-17T14:41:30Z,48.683963,1.928038,158.5,108.06,309.6,1.34,8
2025-09-17T14:41:31Z,48.684131,1.927741,158.9,102.84,310.0,1.34,8
2025-09-17T14:41:32Z,48.684292,1.927466,159.0,96.10,311.2,1.18,9
2025-09-17T14:41:33Z,48.684439,1.927205,158.6,89.80,310.8,1.18,9
2025-09-17T14:41:34Z,48.684580,1.926950,158.9,87.69,310.6,1.18,8
2025-09-17T14:41:35Z,48.684719,1.926705,158.3,84.86,310.4,1.34,8
2025-09-17T14:41:36Z,48.684848,1.926458,158.0,82.15,308.4,1.34,7
2025-09-17T14:41:37Z,48.684960,1.926193,157.4,83.32,304.1,1.34,7
2025-09-17T14:41:38Z,48.685042,1.925885,157.3,88.49,295.7,1.11,8
2025-09-17T14:41:39Z,48.685140,1.925566,158.2,94.21,294.9,0.95,9
2025-09-17T14:41:40Z,48.685228,1.925215,158.4,99.88,291.9,0.95,9
2025-09-17T14:41:41Z,48.685304,1.924854,158.8,99.84,289.2,1.18,9
2025-09-17T14:41:42Z,48.685390,1.924497,159.1,100.21,289.8,1.18,9
2025-09-17T14:41:43Z,48.685485,1.924144,160.2,101.51,291.0,1.18,9
2025-09-17T14:41:44Z,48.685595,1.923798,160.1,104.05,293.6,1.18,9
2025-09-17T14:41:45Z,48.685692,1.923461,160.3,98.77,293.0,1.18,9
2025-09-17T14:41:46Z,48.685809,1.923179,160.0,90.75,296.4,1.18,8
2025-09-17T14:41:47Z,48.685899,1.922898,159.9,83.91,296.7,1.18,8
2025-09-17T14:41:48Z,48.686003,1.922627,159.8,82.64,299.9,1.18,8
2025-09-17T14:41:49Z,48.686118,1.922361,160.0,84.34,303.6,1.18,8
2025-09-17T14:41:50Z,48.686242,1.922094,160.5,86.10,304.9,1.18,8
2025-09-17T14:41:51Z,48.686397,1.921798,161.1,95.23,306.9,1.18,8
2025-09-17T14:41:52Z,48.686565,1.921510,160.7,98.80,309.3,1.34,8
2025-09-17T14:41:53Z,48.686728,1.921239,161.3,97.29,310.7,1.34,7
2025-09-17T14:41:54Z,48.686909,1.921026,161.3,90.80,315.6,2.04,6
2025-09-17T14:41:55Z,48.687065,1.920777,160.9,90.69,313.7,1.34,7
2025-09-17T14:41:56Z,48.687221,1.920504,159.8,94.29,310.2,1.34,7
2025-09-17T14:41:57Z,48.687364,1.920237,158.1,90.32,308.7,1.34,8
2025-09-17T14:41:58Z,48.687494,1.919982,158.9,83.91,307.6,1.18,9
2025-09-17T14:41:59Z,48.687613,1.919744,159.3,79.51,307.9,1.18,9
2025-09-17T14:42:00Z,48.687735,1.919510,160.9,78.77,308.1,0.95,9
2025-09-17T14:42:01Z,48.687860,1.919273,161.4,80.15,307.7,0.95,9
2025-09-17T14:42:02Z,48.688000,1.919045,161.3,82.06,310.4,0.95,9
2025-09-17T14:42:03Z,48.688148,1.918830,161.1,80.27,312.8,1.34,9
2025-09-17T14:42:04Z,48.688298,1.918631,159.4,77.14,315.4,1.18,9
2025-09-17T14:42:05Z,48.688435,1.918442,156.8,73.39,316.1,1.18,9
2025-09-17T14:42:06Z,48.688574,1.918273,156.4,70.17,319.1,1.18,9
2025-09-17T14:42:07Z,48.688713,1.918137,154.8,64.99,325.8,1.18,9
2025-09-17T14:42:08Z,48.688851,1.918031,153.7,61.08,332.7,1.18,9
2025-09-17T14:42:09Z,48.688990,1.917934,153.1,59.30,334.5,1.18,9
2025-09-17T14:42:10Z,48.689116,1.917823,151.5,56.84,328.5,1.18,9
2025-09-17T14:42:11Z,48.689229,1.917701,150.4,54.71,323.4,1.18,9
2025-09-17T14:42:12Z,48.689304,1.917549,149.6,50.21,308.6,1.18,8
2025-09-17T14:42:13Z,48.689334,1.917353,148.9,52.17,287.6,1.18,8
2025-09-17T14:42:14Z,48.689351,1.917134,149.3,59.02,276.5,1.18,8
2025-09-17T14:42:15Z,48.689363,1.916888,149.0,66.91,273.3,1.18,8
2025-09-17T14:42:16Z,48.689380,1.916625,148.2,70.52,275.3,1.18,8
2025-09-17T14:42:17Z,48.689408,1.916337,147.4,75.75,277.1,1.18,8
2025-09-17T14:42:18Z,48.689464,1.915988,146.9,87.19,280.8,1.18,8
2025-09-17T14:42:19Z,48.689510,1.915656,146.2,89.43,281.3,1.18,8
2025-09-17T14:42:20Z,48.689550,1.915318,145.9,91.23,280.7,0.95,9
2025-09-17T14:42:21Z,48.689599,1.914976,146.6,92.51,281.2,0.95,9
2025-09-17T14:42:22Z,48.689649,1.914631,145.8,93.71,281.6,1.18,9
2025-09-17T14:42:23Z,48.689694,1.914288,144.9,91.93,280.9,1.18,9
2025-09-17T14:42:24Z,48.689744,1.913967,144.4,86.56,282.2,1.18,10
2025-09-17T14:42:25Z,48.689802,1.913664,144.0,83.75,285.3,1.18,9
2025-09-17T14:42:26Z,48.689880,1.913383,143.8,80.90,291.1,1.18,9
2025-09-17T14:42:27Z,48.689977,1.913105,143.9,82.71,296.6,1.18,9
2025-09-17T14:42:28Z,48.690085,1.912839,144.0,82.77,300.9,1.18,9
2025-09-17T14:42:29Z,48.690256,1.912605,144.0,89.41,312.8,1.18,9
2025-09-17T14:42:30Z,48.690417,1.912355,144.9,92.19,314.0,1.18,8
2025-09-17T14:42:31Z,48.690579,1.912100,144.9,93.95,313.9,1.18,8
2025-09-17T14:42:32Z,48.690724,1.911808,144.9,95.79,309.6,1.34,8
2025-09-17T14:42:33Z,48.690856,1.911488,144.9,97.53,304.6,1.34,7
2025-09-17T14:42:34Z,48.690969,1.911179,144.0,92.51,300.8,1.34,7
2025-09-17T14:42:35Z,48.691094,1.910909,144.4,86.30,304.7,1.34,7
2025-09-17T14:42:36Z,48.691221,1.910660,145.0,83.75,307.5,1.18,8
2025-09-17T14:42:37Z,48.691368,1.910424,146.7,85.51,311.8,1.18,8
2025-09-17T14:42:38Z,48.691535,1.910210,147.1,87.38,316.7,1.18,8
2025-09-17T14:42:39Z,48.691711,1.909984,148.7,91.45,318.4,0.95,9
2025-09-17T14:42:40Z,48.691927,1.909762,150.0,102.29,321.4,1.18,9
2025-09-17T14:42:41Z,48.692142,1.909520,150.5,108.42,322.2,1.34,9
2025-09-17T14:42:42Z,48.692352,1.909277,151.8,105.93,322.1,1.11,8
2025-09-17T14:42:43Z,48.692556,1.909037,152.7,102.95,321.8,1.34,8
2025-09-17T14:42:44Z,48.692737,1.908823,153.3,93.25,321.6,1.34,7
2025-09-17T14:42:45Z,48.692893,1.908624,153.1,83.75,320.8,1.34,7
2025-09-17T14:42:46Z,48.693044,1.908435,154.5,77.64,320.3,1.18,8
2025-09-17T14:42:47Z,48.693184,1.908259,154.8,71.02,320.0,1.18,8
2025-09-17T14:42:48Z,48.693318,1.908105,155.0,64.69,321.3,1.18,8
2025-09-17T14:42:49Z,48.693444,1.907972,153.6,60.93,326.0,1.18,8
2025-09-17T14:42:50Z,48.693573,1.907864,153.8,58.67,332.4,1.18,8
2025-09-17T14:42:51Z,48.693708,1.907779,154.3,57.99,337.3,1.25,7
2025-09-17T14:42:52Z,48.693849,1.907731,154.3,57.04,346.6,1.25,7
2025-09-17T14:42:53Z,48.693996,1.907701,153.9,58.65,352.8,1.18,8
2025-09-17T14:42:54Z,48.694148,1.907688,153.1,60.12,356.7,1.18,9
2025-09-17T14:42:55Z,48.694302,1.907678,152.5,61.80,357.4,1.18,9
2025-09-17T14:42:56Z,48.694463,1.907661,152.4,64.02,355.5,1.18,9
2025-09-17T14:42:57Z,48.694618,1.907630,152.0,62.49,352.3,1.18,8
2025-09-17T14:42:58Z,48.694770,1.907559,152.4,63.10,343.6,1.34,9
2025-09-17T14:42:59Z,48.694925,1.907461,152.7,66.71,337.8,1.34,7
2025-09-17T14:43:00Z,48.695092,1.907323,153.3,74.71,332.7,1.34,7
2025-09-17T14:43:01Z,48.695256,1.907196,152.4,73.32,332.8,1.34,7
2025-09-17T14:43:02Z,48.695406,1.907067,152.5,69.71,331.4,1.34,7
2025-09-17T14:43:03Z,48.695546,1.906936,152.5,66.97,329.8,1.34,8
2025-09-17T14:43:04Z,48.695659,1.906772,152.5,63.97,322.6,1.34,7
2025-09-17T14:43:05Z,48.695782,1.906621,152.8,63.65,320.7,1.34,7
2025-09-17T14:43:06Z,48.695897,1.906454,153.3,64.10,317.1,1.34,7
2025-09-17T14:43:07Z,48.695997,1.906265,153.3,64.34,311.3,1.34,8
2025-09-17T14:43:08Z,48.696094,1.906069,153.3,65.32,307.7,1.35,9
2025-09-17T14:43:09Z,48.696194,1.905879,153.2,64.32,307.3,1.35,8
2025-09-17T14:43:10Z,48.696305,1.905714,153.0,61.67,310.5,1.35,8
2025-09-17T14:43:11Z,48.696422,1.905559,152.3,62.43,317.3,1.35,8
2025-09-17T14:43:12Z,48.696543,1.905403,152.7,64.43,319.1,1.18,9
2025-09-17T14:43:13Z,48.696672,1.905262,153.3,63.34,323.4,1.18,9
2025-09-17T14:43:14Z,48.696793,1.905135,154.2,58.23,325.2,1.18,9
2025-09-17T14:43:15Z,48.696905,1.905023,154.0,53.08,326.6,1.35,9
2025-09-17T14:43:16Z,48.697002,1.904911,154.7,49.23,323.4,1.18,9
2025-09-17T14:43:17Z,48.697083,1.904787,155.3,47.36,316.9,1.19,9
2025-09-17T14:43:18Z,48.697164,1.904641,156.6,50.93,311.7,1.19,8
2025-09-17T14:43:19Z,48.697240,1.904483,157.1,52.04,307.3,1.19,8
2025-09-17T14:43:20Z,48.697311,1.904311,157.9,53.26,304.0,1.19,8
2025-09-17T14:43:21Z,48.697389,1.904133,158.6,55.56,303.2,1.19,8
2025-09-17T14:43:22Z,48.697459,1.903946,158.7,56.75,300.9,1.19,8
2025-09-17T14:43:23Z,48.697532,1.903765,159.0,56.49,301.2,1.19,8
2025-09-17T14:43:24Z,48.697605,1.903582,159.9,57.00,301.4,1.19,8
2025-09-17T14:43:25Z,48.697677,1.903405,161.2,55.78,301.3,1.19,8
2025-09-17T14:43:26Z,48.697761,1.903239,161.8,54.80,304.6,1.19,9
2025-09-17T14:43:27Z,48.697850,1.903083,161.9,54.08,307.3,1.19,9
2025-09-17T14:43:28Z,48.697928,1.902918,162.0,53.89,306.3,1.19,9
2025-09-17T14:43:29Z,48.698020,1.902763,162.7,54.76,309.1,1.19,9
2025-09-17T14:43:30Z,48.698096,1.902597,163.5,53.02,305.8,1.19,9
2025-09-17T14:43:31Z,48.698159,1.902416,164.0,52.49,299.4,1.19,9
2025-09-17T14:43:32Z,48.698195,1.902210,163.8,55.63,287.2,1.25,8
2025-09-17T14:43:33Z,48.698232,1.901998,164.0,57.97,283.0,1.19,9
2025-09-17T14:43:34Z,48.698253,1.901766,163.1,62.12,276.6,1.19,9
2025-09-17T14:43:35Z,48.698275,1.901528,162.3,64.54,275.9,1.19,9
2025-09-17T14:43:36Z,48.698295,1.901279,161.0,67.32,274.7,1.19,9
2025-09-17T14:43:37Z,48.698315,1.901023,159.4,68.65,275.1,1.19,9
2025-09-17T14:43:38Z,48.698332,1.900762,158.3,69.82,274.1,1.19,9
2025-09-17T14:43:39Z,48.698346,1.900501,156.9,69.01,273.1,1.19,9
2025-09-17T14:43:40Z,48.698359,1.900251,154.7,65.65,273.3,1.19,9
2025-09-17T14:43:41Z,48.698371,1.900017,153.4,61.52,273.2,0.95,10
2025-09-17T14:43:42Z,48.698379,1.899797,152.6,57.52,272.4,0.95,10
2025-09-17T14:43:43Z,48.698389,1.899592,152.4,54.10,273.4,0.95,9
2025-09-17T14:43:44Z,48.698381,1.899386,152.0,53.78,268.3,0.95,9
2025-09-17T14:43:45Z,48.698366,1.899189,151.9,52.26,264.7,0.95,9
2025-09-17T14:43:46Z,48.698344,1.898995,151.7,51.39,261.5,0.95,9
2025-09-17T14:43:47Z,48.698310,1.898788,151.2,55.67,258.2,1.19,9
2025-09-17T14:43:48Z,48.698263,1.898580,152.0,57.47,253.2,1.19,8
2025-09-17T14:43:49Z,48.698217,1.898369,151.7,59.78,251.4,1.19,8
2025-09-17T14:43:50Z,48.698163,1.898153,151.2,62.13,249.3,1.19,8
2025-09-17T14:43:51Z,48.698103,1.897935,149.8,63.63,247.5,1.44,8
2025-09-17T14:43:52Z,48.698043,1.897720,149.5,62.19,247.2,1.27,8
2025-09-17T14:43:53Z,48.697987,1.897512,149.6,58.82,247.7,1.19,8
2025-09-17T14:43:54Z,48.697944,1.897325,149.5,52.47,250.0,1.19,8
2025-09-17T14:43:55Z,48.697913,1.897150,149.7,47.00,254.8,1.19,8
2025-09-17T14:43:56Z,48.697897,1.896985,149.2,43.10,260.4,1.44,7
2025-09-17T14:43:57Z,48.697904,1.896822,148.9,43.89,269.6,1.44,8
2025-09-17T14:43:58Z,48.697939,1.896671,150.1,42.00,282.8,1.44,8
2025-09-17T14:43:59Z,48.697979,1.896526,150.0,41.41,290.4,1.19,9
2025-09-17T14:44:00Z,48.698020,1.896400,150.3,37.85,294.1,1.19,9
2025-09-17T14:44:01Z,48.698058,1.896288,151.7,32.56,296.9,0.95,9
2025-09-17T14:44:02Z,48.698097,1.896199,152.2,27.52,302.4,1.19,10
2025-09-17T14:44:03Z,48.698135,1.896123,152.5,24.69,308.7,1.19,9
2025-09-17T14:44:04Z,48.698173,1.896066,152.7,20.91,315.1,1.19,9
2025-09-17T14:44:05Z,48.698203,1.896019,153.4,16.74,318.6,0.89,10
2025-09-17T14:44:06Z,48.698218,1.895972,153.2,12.91,304.5,0.89,10
2025-09-17T14:44:07Z,48.698221,1.895935,152.9,9.57,290.9,0.89,10
2025-09-17T14:44:08Z,48.698212,1.895911,153.7,7.70,262.6,0.89,10
2025-09-17T14:44:09Z,48.698197,1.895905,155.3,7.17,207.6,0.89,10
2025-09-17T14:44:10Z,48.698184,1.895911,155.7,7.20,186.1,0.89,10
2025-09-17T14:44:11Z,48.698175,1.895925,154.6,7.41,167.3,0.89,10
2025-09-17T14:44:12Z,48.698166,1.895942,153.0,6.72,152.4,0.89,10
2025-09-17T14:44:13Z,48.698155,1.895960,152.7,6.44,139.5,0.89,10
2025-09-17T14:44:14Z,48.698149,1.895971,152.3,3.85,136.6,0.89,10
2025-09-17T14:44:15Z,48.698150,1.895974,151.6,0.17,136.6,0.89,10
2025-09-17T14:44:16Z,48.698152,1.895974,150.7,0.13,136.6,0.89,10
2025-09-17T14:44:17Z,48.698152,1.895973,150.1,0.33,136.6,0.89,10
2025-09-17T14:44:18Z,48.698152,1.895974,149.7,0.13,136.6,0.89,10
2025-09-17T14:44:19Z,48.698150,1.895984,149.4,3.91,121.1,0.89,10
2025-09-17T14:44:20Z,48.698140,1.896014,149.3,11.32,120.0,0.89,10
2025-09-17T14:44:21Z,48.698118,1.896065,149.1,18.09,121.9,0.89,10
2025-09-17T14:44:22Z,48.698091,1.896135,149.0,22.80,121.1,0.89,10
2025-09-17T14:44:23Z,48.698061,1.896222,149.0,27.11,119.0,0.89,10
2025-09-17T14:44:24Z,48.698025,1.896323,148.9,31.08,118.8,1.04,10
2025-09-17T14:44:25Z,48.697998,1.896432,148.6,30.91,112.8,1.04,10
2025-09-17T14:44:26Z,48.697973,1.896547,148.6,32.32,109.4,1.04,10
2025-09-17T14:44:27Z,48.697945,1.896668,148.6,34.22,108.7,1.04,10
2025-09-17T14:44:28Z,48.697919,1.896797,148.3,35.84,106.5,1.04,10
2025-09-17T14:44:29Z,48.697917,1.896945,147.9,38.85,95.6,1.30,10
2025-09-17T14:44:30Z,48.697922,1.897096,147.7,39.52,89.6,1.30,9
2025-09-17T14:44:31Z,48.697938,1.897252,147.9,40.48,83.6,1.30,8
2025-09-17T14:44:32Z,48.697964,1.897408,147.9,40.95,78.5,1.36,7
2025-09-17T14:44:33Z,48.698025,1.897588,148.0,47.50,69.8,1.10,9
2025-09-17T14:44:34Z,48.698071,1.897763,147.9,49.45,69.2,1.10,8
2025-09-17T14:44:35Z,48.698117,1.897939,148.1,50.00,68.5,1.04,9
2025-09-17T14:44:36Z,48.698167,1.898109,148.3,49.34,66.4,0.95,10
2025-09-17T14:44:37Z,48.698213,1.898283,148.4,49.69,67.7,0.89,10
2025-09-17T14:44:38Z,48.698256,1.898457,148.6,49.10,69.1,0.89,10
2025-09-17T14:44:39Z,48.698302,1.898627,148.9,49.12,67.8,0.89,10
2025-09-17T14:44:40Z,48.698341,1.898809,149.1,50.02,70.7,0.89,10
2025-09-17T14:44:41Z,48.698369,1.898984,149.6,48.63,73.7,1.04,10
2025-09-17T14:44:42Z,48.698406,1.899162,149.9,49.17,73.0,1.04,9
2025-09-17T14:44:43Z,48.698419,1.899331,150.4,47.36,77.7,1.04,9
2025-09-17T14:44:44Z,48.698417,1.899488,150.7,44.11,83.1,1.04,9
2025-09-17T14:44:45Z,48.698429,1.899642,150.8,42.26,82.6,1.30,9
2025-09-17T14:44:46Z,48.698439,1.899810,151.0,43.61,84.3,1.58,8
2025-09-17T14:44:47Z,48.698443,1.899964,151.2,42.45,86.0,1.58,7
2025-09-17T14:44:48Z,48.698451,1.900145,151.5,46.02,86.1,1.04,10
2025-09-17T14:44:49Z,48.698440,1.900312,151.4,46.26,91.2,1.37,9
2025-09-17T14:44:50Z,48.698432,1.900499,151.6,50.28,92.6,1.37,8
2025-09-17T14:44:51Z,48.698429,1.900695,151.8,50.65,90.9,1.04,9
2025-09-17T14:44:52Z,48.698421,1.900891,151.7,52.10,91.7,1.04,9
2025-09-17T14:44:53Z,48.698410,1.901094,152.1,54.73,93.6,1.04,9
2025-09-17T14:44:54Z,48.698398,1.901307,152.4,56.86,94.2,1.04,9
2025-09-17T14:44:55Z,48.698385,1.901526,152.6,58.71,94.6,1.10,9
2025-09-17T14:44:56Z,48.698371,1.901751,152.7,60.04,95.4,1.36,8
2025-09-17T14:44:57Z,48.698350,1.901969,152.7,58.13,96.8,1.36,7
2025-09-17T14:44:58Z,48.698329,1.902173,152.7,53.99,98.0,1.30,8
2025-09-17T14:44:59Z,48.698298,1.902366,152.6,52.45,102.0,1.36,8
2025-09-17T14:45:00Z,48.698254,1.902554,152.5,52.95,107.6,1.30,8
2025-09-17T14:45:01Z,48.698196,1.902723,152.4,50.52,113.5,1.36,7
2025-09-17T14:45:02Z,48.698119,1.902868,152.3,46.67,121.9,1.36,7
2025-09-17T14:45:03Z,48.698046,1.902993,151.1,42.61,127.5,1.04,9
2025-09-17T14:45:04Z,48.697988,1.903119,151.4,41.19,126.1,1.20,10
2025-09-17T14:45:05Z,48.697917,1.903246,151.8,44.28,127.4,1.20,9
2025-09-17T14:45:06Z,48.697840,1.903377,152.3,45.52,129.0,1.27,8
2025-09-17T14:45:07Z,48.697742,1.903506,152.6,48.41,133.1,1.10,9
2025-09-17T14:45:08Z,48.697682,1.903687,151.7,52.28,126.7,1.84,9
2025-09-17T14:45:09Z,48.697623,1.903878,151.3,54.93,121.7,1.84,7
2025-09-17T14:45:10Z,48.697550,1.904055,150.5,55.13,121.6,1.84,7
2025-09-17T14:45:11Z,48.697474,1.904237,150.6,56.50,121.3,1.36,7
2025-09-17T14:45:12Z,48.697397,1.904422,150.7,57.67,121.6,1.27,9
2025-09-17T14:45:13Z,48.697324,1.904606,150.7,57.21,121.7,2.00,8
2025-09-17T14:45:14Z,48.697226,1.904782,151.0,58.23,123.8,1.84,7
2025-09-17T14:45:15Z,48.697011,1.904896,150.6,65.65,139.2,1.04,9
2025-09-17T14:45:16Z,48.696861,1.905051,150.4,69.58,143.3,1.04,9
2025-09-17T14:45:17Z,48.696728,1.905205,149.9,66.30,143.9,0.89,10
2025-09-17T14:45:18Z,48.696607,1.905354,148.6,63.08,143.3,1.04,10
2025-09-17T14:45:19Z,48.696491,1.905507,148.2,62.73,141.2,1.08,9
2025-09-17T14:45:20Z,48.696374,1.905679,147.6,65.84,138.2,1.04,9
2025-09-17T14:45:21Z,48.696275,1.905899,145.9,71.58,130.9,1.04,9
2025-09-17T14:45:22Z,48.696166,1.906122,145.1,74.27,128.2,1.04,9
2025-09-17T14:45:23Z,48.696052,1.906331,145.4,71.17,129.0,1.10,9
2025-09-17T14:45:24Z,48.695941,1.906521,145.2,67.34,130.3,1.10,8
2025-09-17T14:45:25Z,48.695826,1.906693,145.1,64.19,132.9,1.06,9
2025-09-17T14:45:26Z,48.695708,1.906851,145.0,62.76,135.9,1.10,8
2025-09-17T14:45:27Z,48.695545,1.906999,145.0,70.28,142.4,1.08,9
2025-09-17T14:45:28Z,48.695388,1.907149,145.6,72.77,145.4,1.08,9
2025-09-17T14:45:29Z,48.695238,1.907289,145.2,69.67,147.4,1.04,9
2025-09-17T14:45:30Z,48.695096,1.907420,144.8,66.67,148.4,1.04,9
2025-09-17T14:45:31Z,48.694968,1.907521,144.5,60.28,151.3,1.46,9
2025-09-17T14:45:32Z,48.694837,1.907612,145.5,56.41,153.3,1.04,10
2025-09-17T14:45:33Z,48.694669,1.907641,145.4,58.45,164.6,1.04,9
2025-09-17T14:45:34Z,48.694516,1.907668,145.5,59.99,170.4,1.30,9
2025-09-17T14:45:35Z,48.694369,1.907680,145.7,58.89,174.5,1.30,8
2025-09-17T14:45:36Z,48.694227,1.907679,146.0,57.19,178.5,1.19,9
2025-09-17T14:45:37Z,48.694088,1.907688,146.4,55.28,177.3,1.19,9
2025-09-17T14:45:38Z,48.693946,1.907722,147.2,55.37,172.2,0.88,10
2025-09-17T14:45:39Z,48.693801,1.907779,147.1,59.84,165.8,0.88,10
2025-09-17T14:45:40Z,48.693652,1.907859,147.0,64.23,159.9,0.88,10
2025-09-17T14:45:41Z,48.693495,1.907987,147.3,71.95,152.8,0.88,10
2025-09-17T14:45:42Z,48.693343,1.908170,146.3,78.93,144.1,0.88,10
2025-09-17T14:45:43Z,48.693177,1.908378,145.4,88.78,140.4,0.88,10
2025-09-17T14:45:44Z,48.692997,1.908597,144.5,92.41,141.0,1.04,9
2025-09-17T14:45:45Z,48.692821,1.908812,144.5,89.93,141.0,1.04,9
2025-09-17T14:45:46Z,48.692648,1.909018,144.3,87.49,141.5,1.04,9
2025-09-17T14:45:47Z,48.692482,1.909220,143.9,85.17,141.3,1.37,9
2025-09-17T14:45:48Z,48.692320,1.909419,143.5,82.71,141.2,1.37,8
2025-09-17T14:45:49Z,48.692159,1.909610,142.7,80.52,141.7,1.04,9
2025-09-17T14:45:50Z,48.691998,1.909798,141.7,80.82,142.4,1.04,9
2025-09-17T14:45:51Z,48.691828,1.909990,140.9,84.54,143.2,1.04,10
2025-09-17T14:45:52Z,48.691666,1.910176,140.1,80.21,143.1,1.04,9
2025-09-17T14:45:53Z,48.691512,1.910350,139.3,76.38,143.7,1.04,9
2025-09-17T14:45:54Z,48.691363,1.910528,138.6,75.71,142.5,1.04,9
2025-09-17T14:45:55Z,48.691214,1.910716,138.2,77.56,141.3,1.04,9
2025-09-17T14:45:56Z,48.691095,1.910996,137.7,84.93,132.1,1.04,9
2025-09-17T14:45:57Z,48.690975,1.911296,136.8,91.45,126.3,1.36,9
2025-09-17T14:45:58Z,48.690851,1.911596,136.4,93.21,124.2,1.04,9
2025-09-17T14:45:59Z,48.690716,1.911883,135.9,93.16,124.8,1.04,9
2025-09-17T14:46:00Z,48.690572,1.912154,135.4,91.45,126.8,1.10,8
2025-09-17T14:46:01Z,48.690416,1.912385,135.1,86.82,131.0,1.10,8
2025-09-17T14:46:02Z,48.690283,1.912619,134.7,81.91,131.0,0.88,10
2025-09-17T14:46:03Z,48.690152,1.912840,134.1,78.54,131.2,0.88,10
2025-09-17T14:46:04Z,48.690037,1.913074,133.7,77.19,129.0,1.19,10
2025-09-17T14:46:05Z,48.689946,1.913335,133.8,78.06,123.3,1.19,9
2025-09-17T14:46:06Z,48.689890,1.913651,134.1,84.12,114.0,1.19,9
2025-09-17T14:46:07Z,48.689827,1.913978,133.4,91.32,108.5,1.03,10
2025-09-17T14:46:08Z,48.689771,1.914325,133.8,94.27,105.1,1.27,8
2025-09-17T14:46:09Z,48.689731,1.914666,133.8,90.21,101.3,1.10,9
2025-09-17T14:46:10Z,48.689684,1.914982,133.6,85.01,101.2,1.03,9
2025-09-17T14:46:11Z,48.689642,1.915286,133.4,81.43,101.5,1.03,9
2025-09-17T14:46:12Z,48.689603,1.915574,132.8,76.69,101.0,1.10,8
2025-09-17T14:46:13Z,48.689565,1.915849,132.2,74.25,100.8,1.10,8
2025-09-17T14:46:14Z,48.689530,1.916120,131.9,73.15,100.6,1.10,8
2025-09-17T14:46:15Z,48.689499,1.916387,131.6,71.45,99.9,1.10,8
2025-09-17T14:46:16Z,48.689480,1.916639,131.1,68.08,97.5,1.45,9
2025-09-17T14:46:17Z,48.689463,1.916847,130.6,60.45,96.5,1.45,7
2025-09-17T14:46:18Z,48.689452,1.917052,130.7,56.60,94.7,1.03,9
2025-09-17T14:46:19Z,48.689438,1.917233,130.6,51.06,93.8,1.03,9
2025-09-17T14:46:20Z,48.689404,1.917403,130.8,47.71,102.1,1.03,9
2025-09-17T14:46:21Z,48.689364,1.917572,130.7,47.32,108.9,1.36,8
2025-09-17T14:46:22Z,48.689284,1.917707,130.2,47.99,126.8,1.10,8
2025-09-17T14:46:23Z,48.689182,1.917849,131.6,54.52,135.2,1.10,8
2025-09-17T14:46:24Z,48.689023,1.917962,130.7,66.08,150.4,1.10,8
2025-09-17T14:46:25Z,48.688856,1.918090,131.3,74.38,152.8,0.88,10
2025-09-17T14:46:26Z,48.688690,1.918253,132.5,80.23,145.9,0.88,10
2025-09-17T14:46:27Z,48.688506,1.918452,134.8,89.73,143.6,0.88,10
2025-09-17T14:46:28Z,48.688337,1.918677,137.1,90.75,140.2,0.88,10
2025-09-17T14:46:29Z,48.688196,1.918910,137.9,84.36,136.2,0.88,10
2025-09-17T14:46:30Z,48.688054,1.919139,139.3,83.19,134.2,0.88,10
2025-09-17T14:46:31Z,48.687910,1.919388,140.0,88.45,131.9,0.88,10
2025-09-17T14:46:32Z,48.687753,1.919655,140.2,95.86,131.2,0.88,10
2025-09-17T14:46:33Z,48.687600,1.919947,140.2,99.27,129.4,1.03,9
2025-09-17T14:46:34Z,48.687452,1.920234,140.2,95.54,128.8,1.10,8
2025-09-17T14:46:35Z,48.687321,1.920500,140.2,87.47,128.3,1.10,8
2025-09-17T14:46:36Z,48.687164,1.920740,140.2,87.84,131.6,1.03,9
2025-09-17T14:46:37Z,48.687002,1.920985,140.5,91.23,133.5,1.10,8
2025-09-17T14:46:38Z,48.686812,1.921229,140.1,99.27,136.8,1.03,9
2025-09-17T14:46:39Z,48.686634,1.921493,140.2,99.90,136.1,1.03,9
2025-09-17T14:46:40Z,48.686463,1.921751,139.6,96.42,136.1,1.03,9
2025-09-17T14:46:41Z,48.686293,1.921988,139.2,92.16,137.2,1.03,9
2025-09-17T14:46:42Z,48.686152,1.922237,139.4,87.90,134.3,1.03,9
2025-09-17T14:46:43Z,48.686025,1.922507,138.7,88.51,130.2,1.03,9
2025-09-17T14:46:44Z,48.685924,1.922819,138.4,92.08,123.3,1.03,9
2025-09-17T14:46:45Z,48.685825,1.923163,138.0,99.97,118.1,1.10,8
2025-09-17T14:46:46Z,48.685715,1.923503,138.7,100.95,117.1,1.03,9
2025-09-17T14:46:47Z,48.685605,1.923820,140.2,93.56,117.3,1.03,9
2025-09-17T14:46:48Z,48.685511,1.924115,140.9,85.27,117.0,1.86,9
2025-09-17T14:46:49Z,48.685424,1.924399,140.7,81.64,116.2,2.03,6
2025-09-17T14:46:50Z,48.685353,1.924687,139.8,79.86,113.7,2.03,6
2025-09-17T14:46:51Z,48.685282,1.924973,138.8,80.19,112.0,1.29,8
2025-09-17T14:46:52Z,48.685223,1.925267,138.6,80.47,109.6,1.03,9
2025-09-17T14:46:53Z,48.685158,1.925554,138.6,80.32,109.5,1.10,8
2025-09-17T14:46:54Z,48.685088,1.925840,138.5,80.52,110.2,1.10,8
2025-09-17T14:46:55Z,48.684999,1.926124,138.2,82.73,113.5,1.10,8
2025-09-17T14:46:56Z,48.684891,1.926395,137.7,84.01,118.1,1.10,8
2025-09-17T14:46:57Z,48.684748,1.926641,137.7,85.82,126.1,1.10,8
2025-09-17T14:46:58Z,48.684605,1.926901,138.6,88.58,130.2,1.10,8
2025-09-17T14:46:59Z,48.684467,1.927171,137.6,90.40,129.8,1.10,8
2025-09-17T14:47:00Z,48.684319,1.927445,136.7,94.40,129.3,1.03,9
2025-09-17T14:47:01Z,48.684168,1.927732,136.7,97.64,129.5,1.03,9
2025-09-17T14:47:02Z,48.684013,1.928029,136.7,100.71,128.5,1.03,9
2025-09-17T14:47:03Z,48.683855,1.928332,137.2,102.43,128.7,1.03,9
2025-09-17T14:47:04Z,48.683687,1.928624,138.1,101.92,131.3,1.17,9
2025-09-17T14:47:05Z,48.683503,1.928892,138.6,101.53,136.6,1.17,8
2025-09-17T14:47:06Z,48.683314,1.929139,140.3,98.88,139.7,1.03,9
2025-09-17T14:47:07Z,48.683138,1.929367,142.1,90.86,139.3,1.03,9
2025-09-17T14:47:08Z,48.682984,1.929585,143.7,82.03,136.5,1.03,9
2025-09-17T14:47:09Z,48.682850,1.929784,145.3,73.75,135.9,1.03,9
2025-09-17T14:47:10Z,48.682766,1.929995,147.4,63.63,123.6,1.03,9
2025-09-17T14:47:11Z,48.682689,1.930197,149.8,60.13,120.1,1.03,9
2025-09-17T14:47:12Z,48.682604,1.930354,151.0,52.10,127.1,1.03,9
2025-09-17T14:47:13Z,48.682557,1.930511,152.9,43.87,114.4,1.03,9
2025-09-17T14:47:14Z,48.682503,1.930658,154.6,44.47,116.3,1.03,9
2025-09-17T14:47:15Z,48.682457,1.930805,155.7,42.89,113.7,1.10,8
2025-09-17T14:47:16Z,48.682422,1.930974,156.7,47.26,105.5,1.29,9
2025-09-17T14:47:17Z,48.682409,1.931165,158.3,55.56,90.2,1.40,8
2025-09-17T14:47:18Z,48.682392,1.931349,159.3,52.37,89.3,1.71,7
2025-09-17T14:47:19Z,48.682370,1.931539,161.1,51.63,97.6,1.57,7
2025-09-17T14:47:20Z,48.682335,1.931732,162.1,49.69,106.2,1.57,7
2025-09-17T14:47:21Z,48.682266,1.931903,158.8,49.63,119.8,1.10,8
2025-09-17T14:47:22Z,48.682156,1.932059,156.9,56.43,133.7,1.03,9
2025-09-17T14:47:23Z,48.682060,1.932215,154.5,55.00,132.6,1.03,9
2025-09-17T14:47:24Z,48.681974,1.932384,153.9,56.25,121.8,0.88,10
2025-09-17T14:47:25Z,48.681920,1.932581,152.8,56.75,106.6,1.19,9
2025-09-17T14:47:26Z,48.681882,1.932793,151.6,58.69,102.2,1.19,10
2025-09-17T14:47:27Z,48.681836,1.932998,149.8,57.02,105.2,1.35,7
2025-09-17T14:47:28Z,48.681786,1.933191,147.9,52.89,111.9,1.35,7
2025-09-17T14:47:29Z,48.681705,1.933349,146.6,50.91,126.2,1.29,9
2025-09-17T14:47:30Z,48.681601,1.933499,144.2,55.21,134.8,1.29,8
2025-09-17T14:47:31Z,48.681502,1.933655,142.3,55.86,129.7,1.29,9
2025-09-17T14:47:32Z,48.681422,1.933837,140.6,57.15,118.6,1.29,9
2025-09-17T14:47:33Z,48.681362,1.934048,138.9,63.58,110.6,1.18,10
2025-09-17T14:47:34Z,48.681302,1.934290,137.3,71.04,108.3,1.03,9
2025-09-17T14:47:35Z,48.681243,1.934548,135.6,72.91,108.5,1.10,8
2025-09-17T14:47:36Z,48.681181,1.934814,134.5,74.88,109.3,1.03,9
2025-09-17T14:47:37Z,48.681143,1.935096,133.4,77.77,99.7,1.29,9
2025-09-17T14:47:38Z,48.681143,1.935406,131.4,82.28,90.3,1.35,7
2025-09-17T14:47:39Z,48.681160,1.935718,130.8,83.21,84.7,1.29,8
2025-09-17T14:47:40Z,48.681190,1.936017,130.2,79.12,79.9,1.35,7
2025-09-17T14:47:41Z,48.681256,1.936299,129.2,77.45,69.5,1.35,7
2025-09-17T14:47:42Z,48.681311,1.936560,128.7,73.17,70.0,1.10,8
2025-09-17T14:47:43Z,48.681348,1.936792,127.7,67.34,71.4,1.10,8
2025-09-17T14:47:44Z,48.681382,1.937033,128.2,68.41,77.8,1.10,8
2025-09-17T14:47:45Z,48.681421,1.937250,130.5,59.69,73.7,1.03,9
2025-09-17T14:47:46Z,48.681467,1.937452,132.6,55.89,70.4,1.03,9
2025-09-17T14:47:47Z,48.681514,1.937635,133.7,52.04,67.9,1.03,9
2025-09-17T14:47:48Z,48.681556,1.937809,133.9,49.06,67.5,1.10,8
2025-09-17T14:47:49Z,48.681597,1.937979,134.2,48.62,68.1,1.10,8
2025-09-17T14:47:50Z,48.681641,1.938160,133.9,52.23,68.5,0.95,9
2025-09-17T14:47:51Z,48.681668,1.938351,134.2,55.80,71.8,0.88,10
2025-09-17T14:47:52Z,48.681710,1.938576,133.7,63.86,73.4,0.95,10
2025-09-17T14:47:53Z,48.681756,1.938849,134.0,77.28,77.3,0.95,9
2025-09-17T14:47:54Z,48.681769,1.939160,133.4,87.34,85.5,1.10,8
2025-09-17T14:47:55Z,48.681771,1.939506,131.4,92.25,88.9,1.10,8
2025-09-17T14:47:56Z,48.681771,1.939866,129.5,96.82,90.0,1.35,8
2025-09-17T14:47:57Z,48.681773,1.940237,128.3,99.62,88.6,1.29,9
2025-09-17T14:47:58Z,48.681776,1.940596,127.8,94.10,89.0,1.29,9
2025-09-17T14:47:59Z,48.681787,1.940938,128.5,89.86,86.9,1.03,9
2025-09-17T14:48:00Z,48.681756,1.941254,128.9,84.65,96.7,1.29,8
2025-09-17T14:48:01Z,48.681667,1.941548,128.2,85.27,110.9,1.35,8
2025-09-17T14:48:02Z,48.681574,1.941852,127.4,90.06,114.0,1.29,8
2025-09-17T14:48:03Z,48.681449,1.942168,126.7,98.51,119.7,1.29,8
2025-09-17T14:48:04Z,48.681300,1.942500,125.4,106.56,123.3,1.29,9
2025-09-17T14:48:05Z,48.681131,1.942840,124.3,114.45,126.3,1.29,9
2025-09-17T14:48:06Z,48.680939,1.943188,123.5,120.62,130.0,1.29,9
2025-09-17T14:48:07Z,48.680728,1.943522,123.3,119.40,132.7,1.29,8
2025-09-17T14:48:08Z,48.680526,1.943846,123.5,116.99,133.1,1.03,9
2025-09-17T14:48:09Z,48.680325,1.944172,123.7,118.18,132.5,1.03,9
2025-09-17T14:48:10Z,48.680130,1.944484,123.8,111.31,133.0,1.17,9
2025-09-17T14:48:11Z,48.679938,1.944754,123.9,102.49,136.9,1.29,9
2025-09-17T14:48:12Z,48.679750,1.945009,124.4,100.14,137.9,1.29,8
2025-09-17T14:48:13Z,48.679545,1.945248,125.3,101.55,141.2,1.29,8
2025-09-17T14:48:14Z,48.679369,1.945485,125.6,95.47,139.3,1.39,8
2025-09-17T14:48:15Z,48.679178,1.945729,127.5,99.23,139.2,1.05,8
2025-09-17T14:48:16Z,48.679004,1.945987,127.4,96.12,135.7,1.29,9
2025-09-17T14:48:17Z,48.678835,1.946251,127.1,93.10,132.0,1.29,8
2025-09-17T14:48:18Z,48.678685,1.946534,125.9,94.36,127.1,1.29,8
2025-09-17T14:48:19Z,48.678552,1.946845,125.0,99.49,121.4,1.29,8
2025-09-17T14:48:20Z,48.678430,1.947184,125.2,102.36,116.8,1.29,8
2025-09-17T14:48:21Z,48.678320,1.947515,125.6,96.17,115.1,1.03,9
2025-09-17T14:48:22Z,48.678222,1.947837,125.7,92.23,113.5,1.03,9
2025-09-17T14:48:23Z,48.678136,1.948138,125.6,85.36,113.0,1.03,9
2025-09-17T14:48:24Z,48.678050,1.948418,125.7,80.02,115.8,1.03,9
2025-09-17T14:48:25Z,48.677945,1.948681,125.5,81.49,122.7,1.03,9
2025-09-17T14:48:26Z,48.677805,1.948929,125.4,85.73,130.4,1.03,9
2025-09-17T14:48:27Z,48.677660,1.949176,125.4,85.23,129.2,0.88,10
2025-09-17T14:48:28Z,48.677528,1.949445,125.1,87.45,123.4,1.18,9
2025-09-17T14:48:29Z,48.677426,1.949761,124.6,95.75,115.0,1.18,9
2025-09-17T14:48:30Z,48.677338,1.950115,125.1,101.84,110.0,1.18,9
2025-09-17T14:48:31Z,48.677259,1.950468,125.2,97.19,109.5,1.18,9
2025-09-17T14:48:32Z,48.677186,1.950798,125.5,90.12,107.4,1.18,10
2025-09-17T14:48:33Z,48.677130,1.951111,125.3,84.34,103.8,1.18,10
2025-09-17T14:48:34Z,48.677099,1.951408,125.2,78.23,98.2,1.18,10
2025-09-17T14:48:35Z,48.677080,1.951694,125.6,75.32,95.0,1.28,9
2025-09-17T14:48:36Z,48.677036,1.951963,125.5,72.73,103.2,1.18,9
2025-09-17T14:48:37Z,48.676975,1.952230,124.6,76.45,111.6,1.18,10
2025-09-17T14:48:38Z,48.676876,1.952508,124.9,86.04,119.6,1.28,9
2025-09-17T14:48:39Z,48.676761,1.952805,125.1,92.36,120.5,1.28,9
2025-09-17T14:48:40Z,48.676644,1.953106,124.7,92.47,119.6,1.18,10
2025-09-17T14:48:41Z,48.676541,1.953403,124.4,88.03,116.9,1.18,10
2025-09-17T14:48:42Z,48.676476,1.953717,124.3,85.73,105.7,1.18,10
2025-09-17T14:48:43Z,48.676437,1.954015,124.7,78.58,99.1,0.88,10
2025-09-17T14:48:44Z,48.676412,1.954290,124.7,71.45,98.2,1.18,9
2025-09-17T14:48:45Z,48.676371,1.954543,125.7,68.02,103.9,0.87,10
2025-09-17T14:48:46Z,48.676291,1.954770,125.9,68.19,115.0,1.28,9
2025-09-17T14:48:47Z,48.676178,1.954969,125.3,69.32,128.7,1.28,9
2025-09-17T14:48:48Z,48.676031,1.955153,126.6,74.25,139.9,0.87,10
2025-09-17T14:48:49Z,48.675865,1.955331,127.4,79.54,145.3,0.87,10
2025-09-17T14:48:50Z,48.675701,1.955489,127.9,74.89,148.0,1.18,10
2025-09-17T14:48:51Z,48.675549,1.955616,127.4,67.73,152.6,1.18,10
2025-09-17T14:48:52Z,48.675402,1.955708,127.4,62.73,158.2,1.28,9
2025-09-17T14:48:53Z,48.675268,1.955773,127.8,55.86,163.4,1.28,8
2025-09-17T14:48:54Z,48.675106,1.955800,128.0,62.56,174.0,1.18,10
2025-09-17T14:48:55Z,48.674954,1.955807,127.9,56.73,176.6,1.18,9
2025-09-17T14:48:56Z,48.674809,1.955793,127.3,55.80,184.0,1.25,8
2025-09-17T14:48:57Z,48.674668,1.955819,127.5,56.49,174.6,1.25,8
2025-09-17T14:48:58Z,48.674543,1.955882,130.5,53.02,163.2,1.25,9
2025-09-17T14:48:59Z,48.674417,1.955965,132.9,52.67,154.0,1.25,8
2025-09-17T14:49:00Z,48.674309,1.956081,133.7,50.58,139.7,1.25,8
2025-09-17T14:49:01Z,48.674230,1.956224,134.9,49.63,123.3,1.18,9
2025-09-17T14:49:02Z,48.674176,1.956380,135.4,48.97,112.5,1.26,9
2025-09-17T14:49:03Z,48.674171,1.956569,134.5,51.69,92.4,1.35,8
2025-09-17T14:49:04Z,48.674202,1.956785,134.0,58.82,77.3,1.28,8
2025-09-17T14:49:05Z,48.674247,1.956991,134.2,57.75,73.2,1.02,9
2025-09-17T14:49:06Z,48.674283,1.957212,134.3,61.54,75.1,1.28,9
2025-09-17T14:49:07Z,48.674326,1.957448,134.5,66.19,73.9,1.56,9
2025-09-17T14:49:08Z,48.674346,1.957682,134.1,65.93,78.9,1.56,7
2025-09-17T14:49:09Z,48.674348,1.957917,134.2,65.67,83.4,1.56,7
2025-09-17T14:49:10Z,48.674359,1.958160,134.3,66.65,83.8,1.28,8
2025-09-17T14:49:11Z,48.674369,1.958418,134.5,69.45,86.8,1.28,8
2025-09-17T14:49:12Z,48.674361,1.958684,134.1,68.95,91.3,1.28,8
2025-09-17T14:49:13Z,48.674352,1.958938,131.9,67.14,91.5,1.28,8
2025-09-17T14:49:14Z,48.674321,1.959183,131.1,65.82,96.5,1.02,9
2025-09-17T14:49:15Z,48.674277,1.959426,127.7,67.10,101.6,1.02,9
2025-09-17T14:49:16Z,48.674235,1.959692,125.7,73.49,104.6,1.28,8
2025-09-17T14:49:17Z,48.674189,1.959955,124.2,71.19,105.2,1.28,8
2025-09-17T14:49:18Z,48.674152,1.960201,123.5,65.43,102.3,1.28,8
2025-09-17T14:49:19Z,48.674125,1.960430,123.4,60.15,98.8,1.28,8
2025-09-17T14:49:20Z,48.674127,1.960643,123.2,54.65,89.8,1.28,8
2025-09-17T14:49:21Z,48.674127,1.960827,123.6,48.26,88.8,1.28,8
2025-09-17T14:49:22Z,48.674130,1.960991,124.3,43.19,87.0,1.28,8
2025-09-17T14:49:23Z,48.674134,1.961140,125.0,38.30,86.0,1.02,9
2025-09-17T14:49:24Z,48.674132,1.961281,125.7,35.11,87.7,1.02,9
2025-09-17T14:49:25Z,48.674121,1.961388,126.0,25.28,89.5,1.02,9
2025-09-17T14:49:26Z,48.674104,1.961458,126.0,15.70,88.9,1.02,9
2025-09-17T14:49:27Z,48.674094,1.961498,125.6,7.82,87.5,1.02,9
2025-09-17T14:49:28Z,48.674092,1.961520,125.3,5.11,85.1,1.02,9
2025-09-17T14:49:29Z,48.674090,1.961533,124.8,3.24,79.8,1.02,9
2025-09-17T14:49:30Z,48.674088,1.961538,124.8,0.74,79.8,1.36,9
2025-09-17T14:49:31Z,48.674087,1.961540,124.6,1.33,76.8,1.02,9
2025-09-17T14:49:32Z,48.674090,1.961558,124.5,7.95,68.8,1.02,9
2025-09-17T14:49:33Z,48.674112,1.961599,125.0,17.17,50.4,1.02,9
2025-09-17T14:49:34Z,48.674156,1.961645,124.9,23.71,32.5,1.02,9
2025-09-17T14:49:35Z,48.674219,1.961689,124.8,29.63,23.1,1.09,8
2025-09-17T14:49:36Z,48.674292,1.961738,124.6,32.98,23.0,1.09,8
2025-09-17T14:49:37Z,48.674372,1.961791,124.4,36.30,22.4,1.09,8
2025-09-17T14:49:38Z,48.674460,1.961848,124.1,39.47,23.6,1.02,9
2025-09-17T14:49:39Z,48.674552,1.961903,124.3,40.69,21.4,1.13,8
2025-09-17T14:49:40Z,48.674642,1.961981,125.0,42.89,30.5,1.35,7
2025-09-17T14:49:41Z,48.674742,1.962035,126.5,43.76,19.8,1.09,9
2025-09-17T14:49:42Z,48.674835,1.962101,127.6,43.23,25.8,1.09,8
2025-09-17T14:49:43Z,48.674935,1.962158,130.4,43.95,21.1,1.09,8
2025-09-17T14:49:44Z,48.675040,1.962217,132.2,46.36,20.5,1.38,6
2025-09-17T14:49:45Z,48.675147,1.962294,134.0,47.89,26.0,1.35,8
2025-09-17T14:49:46Z,48.675254,1.962389,135.5,51.17,29.6,1.35,7
2025-09-17T14:49:47Z,48.675358,1.962526,137.6,54.93,41.1,1.35,7
2025-09-17T14:49:48Z,48.675458,1.962683,138.7,57.65,48.1,1.09,8
2025-09-17T14:49:49Z,48.675559,1.962876,139.9,63.93,55.1,1.09,8
2025-09-17T14:49:50Z,48.675660,1.963091,137.9,69.02,55.5,1.02,9
2025-09-17T14:49:51Z,48.675743,1.963322,136.3,69.73,64.4,1.02,9
2025-09-17T14:49:52Z,48.675827,1.963563,135.3,68.88,62.4,1.02,9
2025-09-17T14:49:53Z,48.675919,1.963772,132.7,65.28,56.3,1.02,9
2025-09-17T14:49:54Z,48.676024,1.963954,132.9,62.56,46.6,1.02,9
2025-09-17T14:49:55Z,48.676152,1.964126,132.1,67.26,39.9,1.02,9
2025-09-17T14:49:56Z,48.676293,1.964281,131.3,68.47,34.1,1.28,8
2025-09-17T14:49:57Z,48.676433,1.964396,130.5,64.36,26.7,1.37,7
2025-09-17T14:49:58Z,48.676565,1.964491,129.0,59.99,22.5,1.35,7
2025-09-17T14:49:59Z,48.676700,1.964556,129.1,56.54,16.2,1.13,7
2025-09-17T14:50:00Z,48.676830,1.964597,127.6,53.23,9.9,2.58,7
2025-09-17T14:50:01Z,48.676959,1.964625,125.4,51.54,9.1,2.00,6
2025-09-17T14:50:02Z,48.677083,1.964672,123.9,51.47,15.6,2.00,6
2025-09-17T14:50:03Z,48.677194,1.964734,123.7,47.26,22.4,2.17,7
2025-09-17T14:50:04Z,48.677295,1.964797,124.4,43.60,23.8,1.09,8
2025-09-17T14:50:05Z,48.677389,1.964861,124.7,41.21,24.9,1.39,7
2025-09-17T14:50:06Z,48.677478,1.964919,125.7,39.00,23.3,1.39,7
2025-09-17T14:50:07Z,48.677580,1.964982,126.3,47.10,22.2,1.39,7
2025-09-17T14:50:08Z,48.677696,1.965058,127.2,53.54,24.7,1.58,5
2025-09-17T14:50:09Z,48.677817,1.965152,128.6,54.60,27.0,1.49,6
2025-09-17T14:50:10Z,48.677942,1.965229,129.3,54.36,20.6,1.49,6
2025-09-17T14:50:11Z,48.678067,1.965326,130.6,56.60,26.9,1.49,6
2025-09-17T14:50:12Z,48.678173,1.965434,131.8,54.84,33.6,1.49,6
2025-09-17T14:50:13Z,48.678292,1.965511,137.6,52.24,25.6,1.32,7
2025-09-17T14:50:14Z,48.678399,1.965568,140.0,46.91,20.4,1.06,8
2025-09-17T14:50:15Z,48.678505,1.965643,143.4,45.10,24.6,1.32,7
2025-09-17T14:50:16Z,48.678604,1.965718,144.9,43.30,24.9,1.58,6
2025-09-17T14:50:17Z,48.678710,1.965824,146.7,41.10,27.0,1.58,5
2025-09-17T14:50:18Z,48.678810,1.965890,142.4,38.98,18.7,1.35,7
2025-09-17T14:50:19Z,48.678899,1.965944,139.9,36.91,10.4,1.35,7
2025-09-17T14:50:20Z,48.678993,1.965973,139.9,35.30,8.1,1.35,7
2025-09-17T14:50:21Z,48.679077,1.966007,138.7,34.06,8.4,1.35,7
2025-09-17T14:50:22Z,48.679159,1.966033,138.6,33.19,9.4,1.06,8
2025-09-17T14:50:23Z,48.679225,1.966039,139.4,23.56,7.3,1.02,9
2025-09-17T14:50:24Z,48.679318,1.966067,140.5,36.06,9.0,1.09,9
2025-09-17T14:50:25Z,48.679418,1.966082,139.6,38.26,5.2,1.09,8
2025-09-17T14:50:26Z,48.679529,1.966093,139.8,40.19,5.6,1.39,7
2025-09-17T14:50:27Z,48.679650,1.966106,138.1,41.34,6.4,1.49,6
2025-09-17T14:50:28Z,48.679757,1.966123,134.2,39.87,5.8,1.39,7
2025-09-17T14:50:29Z,48.679860,1.966130,132.6,37.76,1.7,1.39,7
2025-09-17T14:50:30Z,48.679954,1.966131,131.2,36.65,357.4,1.39,7
2025-09-17T14:50:31Z,48.680046,1.966086,131.1,37.58,338.5,1.39,7
2025-09-17T14:50:32Z,48.680106,1.966013,130.3,33.60,326.9,1.39,7
2025-09-17T14:50:33Z,48.680195,1.965894,135.2,45.11,310.4,1.06,8
2025-09-17T14:50:34Z,48.680287,1.965745,131.9,50.17,296.9,1.39,9
2025-09-17T14:50:35Z,48.680362,1.965581,123.8,53.04,289.8,1.39,8
2025-09-17T14:50:36Z,48.680422,1.965418,117.0,47.99,292.3,1.23,8
2025-09-17T14:50:37Z,48.680484,1.965275,113.3,43.73,303.1,1.23,8
2025-09-17T14:50:38Z,48.680564,1.965163,111.9,42.78,322.0,1.39,7
2025-09-17T14:50:39Z,48.680670,1.965096,111.2,47.37,341.9,1.39,7
2025-09-17T14:50:40Z,48.680805,1.965072,110.9,57.19,357.2,1.39,7
2025-09-17T14:50:41Z,48.680970,1.965089,110.9,69.82,6.4,1.39,7
2025-09-17T14:50:42Z,48.681147,1.965133,111.1,72.14,10.4,1.39,7
2025-09-17T14:50:43Z,48.681331,1.965172,111.5,74.88,6.7,1.39,7
2025-09-17T14:50:44Z,48.681513,1.965180,112.0,71.65,1.2,1.39,7
2025-09-17T14:50:45Z,48.681675,1.965206,112.5,64.76,7.2,1.39,7
2025-09-17T14:50:46Z,48.681825,1.965269,112.8,61.00,19.0,1.39,7
2025-09-17T14:50:47Z,48.681967,1.965376,113.5,62.13,27.9,1.40,7
2025-09-17T14:50:48Z,48.682103,1.965480,112.8,61.36,26.6,1.40,7
2025-09-17T14:50:49Z,48.682251,1.965549,113.7,61.32,15.9,1.40,7
2025-09-17T14:50:50Z,48.682393,1.965608,113.6,57.76,14.3,1.40,7
2025-09-17T14:50:51Z,48.682519,1.965675,113.1,52.36,19.7,1.40,7
2025-09-17T14:50:52Z,48.682615,1.965809,114.0,50.73,44.6,1.40,7
2025-09-17T14:50:53Z,48.682683,1.965998,113.5,57.37,64.1,1.40,7
2025-09-17T14:50:54Z,48.682722,1.966248,114.0,69.89,79.2,1.40,7
2025-09-17T14:50:55Z,48.682747,1.966543,113.6,79.47,85.0,2.18,7
2025-09-17T14:50:56Z,48.682775,1.966841,113.3,80.25,83.5,2.18,6
2025-09-17T14:50:57Z,48.682843,1.967160,111.6,87.41,72.7,1.40,7
2025-09-17T14:50:58Z,48.682942,1.967502,110.7,98.71,66.0,2.19,6
2025-09-17T14:50:59Z,48.683057,1.967846,110.3,101.82,63.1,1.50,6
2025-09-17T14:51:00Z,48.683174,1.968163,110.4,94.90,61.3,1.50,6
2025-09-17T14:51:01Z,48.683287,1.968459,110.3,89.25,61.0,1.40,7
2025-09-17T14:51:02Z,48.683389,1.968739,109.8,83.54,61.3,1.06,8
2025-09-17T14:51:03Z,48.683473,1.968998,108.6,74.97,63.8,1.40,7
2025-09-17T14:51:04Z,48.683556,1.969240,108.3,69.80,63.0,1.09,8
2025-09-17T14:51:05Z,48.683638,1.969470,106.3,68.88,60.9,1.27,8
2025-09-17T14:51:06Z,48.683732,1.969680,106.5,66.75,53.5,1.17,9
2025-09-17T14:51:07Z,48.683842,1.969860,105.4,65.89,43.0,1.17,9
2025-09-17T14:51:08Z,48.683981,1.970007,105.0,68.99,31.6,1.17,9
2025-09-17T14:51:09Z,48.684149,1.970119,104.9,75.45,21.1,0.87,10
2025-09-17T14:51:10Z,48.684329,1.970206,104.8,77.27,15.6,1.02,9
2025-09-17T14:51:11Z,48.684514,1.970279,105.2,76.93,14.1,1.05,8
2025-09-17T14:51:12Z,48.684699,1.970354,105.5,76.78,14.8,1.02,9
2025-09-17T14:51:13Z,48.684882,1.970429,105.7,75.54,15.1,1.02,9
2025-09-17T14:51:14Z,48.685064,1.970502,106.1,74.89,14.5,1.09,8
2025-09-17T14:51:15Z,48.685246,1.970572,106.3,75.21,13.9,1.09,8
2025-09-17T14:51:16Z,48.685427,1.970641,106.5,74.15,14.0,1.09,8
2025-09-17T14:51:17Z,48.685605,1.970710,106.6,73.17,14.2,0.94,9
2025-09-17T14:51:18Z,48.685781,1.970777,106.5,72.21,14.1,0.94,9
2025-09-17T14:51:19Z,48.685953,1.970843,106.5,70.65,14.2,0.94,9
2025-09-17T14:51:20Z,48.686121,1.970908,106.3,69.10,14.3,0.94,9
2025-09-17T14:51:21Z,48.686287,1.970970,106.2,68.23,14.1,1.09,8
2025-09-17T14:51:22Z,48.686450,1.971034,106.3,66.88,14.7,1.02,9
2025-09-17T14:51:23Z,48.686602,1.971103,106.5,62.91,17.8,1.02,9
2025-09-17T14:51:24Z,48.686742,1.971189,106.6,59.19,23.6,1.02,9
2025-09-17T14:51:25Z,48.686873,1.971295,106.7,58.84,29.6,1.02,9
2025-09-17T14:51:26Z,48.686997,1.971415,106.7,58.63,33.7,1.02,9
2025-09-17T14:51:27Z,48.687112,1.971536,107.1,56.30,34.7,1.02,9
2025-09-17T14:51:28Z,48.687215,1.971643,107.8,49.76,34.2,1.02,9
2025-09-17T14:51:29Z,48.687307,1.971742,108.8,44.30,35.8,1.06,9
2025-09-17T14:51:30Z,48.687387,1.971831,110.2,38.87,36.9,1.02,9
2025-09-17T14:51:31Z,48.687459,1.971908,111.9,33.67,35.6,1.02,9
2025-09-17T14:51:32Z,48.687517,1.971986,113.6,30.89,43.4,1.35,7
2025-09-17T14:51:33Z,48.687563,1.972060,115.5,27.34,46.8,1.01,9
2025-09-17T14:51:34Z,48.687610,1.972131,118.7,23.93,43.7,1.01,9
2025-09-17T14:51:35Z,48.687658,1.972193,119.6,21.43,43.6,1.01,9
2025-09-17T14:51:36Z,48.687705,1.972249,118.3,23.37,38.7,1.01,9
2025-09-17T14:51:37Z,48.687756,1.972301,118.0,24.41,33.7,1.01,9
2025-09-17T14:51:38Z,48.687809,1.972344,118.7,23.84,27.9,1.01,9
2025-09-17T14:51:39Z,48.687865,1.972382,119.2,24.09,25.9,1.01,9
2025-09-17T14:51:40Z,48.687925,1.972414,119.1,25.22,19.7,1.01,9
2025-09-17T14:51:41Z,48.687991,1.972445,118.8,28.34,17.3,1.01,9
2025-09-17T14:51:42Z,48.688065,1.972479,118.8,31.22,18.7,1.01,9
2025-09-17T14:51:43Z,48.688144,1.972519,118.6,34.04,18.2,1.01,9
2025-09-17T14:51:44Z,48.688228,1.972565,118.6,36.47,20.4,1.09,8
2025-09-17T14:51:45Z,48.688313,1.972627,118.8,38.15,25.9,1.12,7
2025-09-17T14:51:46Z,48.688401,1.972694,118.9,39.54,27.6,1.35,7
2025-09-17T14:51:47Z,48.688492,1.972764,119.1,40.86,26.6,1.09,8
2025-09-17T14:51:48Z,48.688585,1.972837,118.7,41.39,27.9,1.09,8
2025-09-17T14:51:49Z,48.688676,1.972912,118.5,41.52,27.9,1.40,7
2025-09-17T14:51:50Z,48.688769,1.972986,118.8,42.26,27.4,1.01,9
2025-09-17T14:51:51Z,48.688864,1.973059,119.2,42.26,27.6,1.01,9
2025-09-17T14:51:52Z,48.688952,1.973131,118.3,39.04,28.6,0.87,10
2025-09-17T14:51:53Z,48.689033,1.973195,118.2,35.74,27.4,0.87,10
2025-09-17T14:51:54Z,48.689111,1.973253,118.4,33.52,27.1,1.09,8
2025-09-17T14:51:55Z,48.689187,1.973313,118.1,33.93,28.7,1.01,9
2025-09-17T14:51:56Z,48.689262,1.973372,117.9,33.63,28.3,1.01,9
2025-09-17T14:51:57Z,48.689340,1.973429,117.6,34.93,26.7,1.01,9
2025-09-17T14:51:58Z,48.689427,1.973492,116.7,39.28,25.1,1.01,9
2025-09-17T14:51:59Z,48.689535,1.973570,116.3,51.43,26.1,1.01,9
2025-09-17T14:52:00Z,48.689670,1.973675,116.2,63.58,27.9,1.09,8
2025-09-17T14:52:01Z,48.689805,1.973782,115.6,59.60,27.3,1.27,8
2025-09-17T14:52:02Z,48.689936,1.973883,114.8,58.02,26.8,1.09,8
2025-09-17T14:52:03Z,48.690063,1.973975,113.9,55.30,26.4,1.09,8
2025-09-17T14:52:04Z,48.690181,1.974069,113.4,52.32,28.3,1.01,9
2025-09-17T14:52:05Z,48.690293,1.974163,113.1,51.04,29.2,1.09,8
2025-09-17T14:52:06Z,48.690400,1.974253,113.3,48.00,29.2,1.09,8
2025-09-17T14:52:07Z,48.690498,1.974336,113.0,43.15,29.3,1.01,9
2025-09-17T14:52:08Z,48.690594,1.974409,112.6,42.39,26.3,1.05,8
2025-09-17T14:52:09Z,48.690708,1.974473,112.3,51.17,18.6,1.01,9
2025-09-17T14:52:10Z,48.690857,1.974531,112.3,65.28,12.8,1.09,8
2025-09-17T14:52:11Z,48.691035,1.974603,112.3,77.06,15.7,1.09,8
2025-09-17T14:52:12Z,48.691230,1.974699,112.2,84.69,18.9,1.09,8
2025-09-17T14:52:13Z,48.691430,1.974805,112.7,84.64,19.8,1.09,8
2025-09-17T14:52:14Z,48.691634,1.974916,112.9,88.27,19.8,1.09,8
2025-09-17T14:52:15Z,48.691858,1.975042,113.0,97.08,20.5,1.01,9
2025-09-17T14:52:16Z,48.692099,1.975176,112.3,104.19,19.9,1.01,9
2025-09-17T14:52:17Z,48.692355,1.975317,111.4,109.99,19.7,1.01,9
2025-09-17T14:52:18Z,48.692621,1.975467,111.1,115.18,20.5,1.01,9
2025-09-17T14:52:19Z,48.692882,1.975613,111.1,109.79,20.6,1.01,9
2025-09-17T14:52:20Z,48.693128,1.975755,111.0,103.01,20.6,1.01,9
2025-09-17T14:52:21Z,48.693357,1.975883,110.7,96.04,20.1,1.01,9
2025-09-17T14:52:22Z,48.693575,1.976005,110.8,91.67,20.4,1.01,9
2025-09-17T14:52:23Z,48.693786,1.976128,110.8,89.67,21.3,1.26,8
2025-09-17T14:52:24Z,48.693992,1.976252,110.8,88.34,22.0,1.26,8
2025-09-17T14:52:25Z,48.694196,1.976379,110.8,88.01,22.4,1.26,8
2025-09-17T14:52:26Z,48.694400,1.976510,111.1,88.86,23.7,1.26,8
2025-09-17T14:52:27Z,48.694604,1.976642,111.4,89.53,23.0,1.73,7
2025-09-17T14:52:28Z,48.694811,1.976782,112.2,90.23,23.5,1.09,8
2025-09-17T14:52:29Z,48.695016,1.976925,112.2,88.86,23.9,1.51,6
2025-09-17T14:52:30Z,48.695218,1.977060,111.9,87.58,23.8,1.41,8
2025-09-17T14:52:31Z,48.695418,1.977191,111.9,86.60,23.6,1.41,8
2025-09-17T14:52:32Z,48.695616,1.977324,111.8,86.04,23.6,1.06,9
2025-09-17T14:52:33Z,48.695814,1.977456,111.5,85.80,23.9,1.41,8
2025-09-17T14:52:34Z,48.696011,1.977588,111.3,85.82,23.9,1.25,9
2025-09-17T14:52:35Z,48.696205,1.977716,111.1,84.34,23.6,0.94,10
2025-09-17T14:52:36Z,48.696393,1.977841,110.8,80.41,23.4,0.94,10
2025-09-17T14:52:37Z,48.696571,1.977962,110.2,76.84,24.4,0.94,9
2025-09-17T14:52:38Z,48.696743,1.978082,109.5,74.93,25.0,1.05,8
2025-09-17T14:52:39Z,48.696912,1.978199,109.0,73.58,24.2,1.41,7
2025-09-17T14:52:40Z,48.697079,1.978316,108.3,72.97,24.7,1.41,7
2025-09-17T14:52:41Z,48.697241,1.978433,107.5,71.84,25.7,1.41,7
2025-09-17T14:52:42Z,48.697400,1.978545,106.9,68.52,25.0,1.41,7
2025-09-17T14:52:43Z,48.697552,1.978650,106.0,66.38,24.1,1.08,8
2025-09-17T14:52:44Z,48.697703,1.978750,105.7,66.02,23.8,1.08,8
2025-09-17T14:52:45Z,48.697852,1.978852,105.4,65.88,24.5,1.01,9
2025-09-17T14:52:46Z,48.698007,1.978951,105.2,67.49,22.1,0.94,9
2025-09-17T14:52:47Z,48.698169,1.979052,104.7,70.39,21.5,1.05,9
2025-09-17T14:52:48Z,48.698328,1.979153,103.8,68.28,23.1,0.94,10
2025-09-17T14:52:49Z,48.698479,1.979250,103.7,64.91,23.4,1.41,8
2025-09-17T14:52:50Z,48.698624,1.979344,103.3,61.73,22.6,1.01,9
2025-09-17T14:52:51Z,48.698760,1.979433,102.5,57.99,24.0,1.08,8
2025-09-17T14:52:52Z,48.698886,1.979520,102.0,54.04,24.9,1.08,8
2025-09-17T14:52:53Z,48.698998,1.979601,101.2,47.32,25.7,1.08,8
2025-09-17T14:52:54Z,48.699092,1.979670,100.5,40.17,25.7,0.94,9
2025-09-17T14:52:55Z,48.699172,1.979732,100.4,34.28,27.2,1.01,10
2025-09-17T14:52:56Z,48.699241,1.979788,100.3,30.45,28.4,1.01,10
2025-09-17T14:52:57Z,48.699307,1.979839,100.2,29.72,25.9,1.01,9
2025-09-17T14:52:58Z,48.699376,1.979886,100.4,30.85,24.1,1.01,10
2025-09-17T14:52:59Z,48.699458,1.979939,100.1,37.37,23.0,1.01,9
2025-09-17T14:53:00Z,48.699556,1.980001,100.4,44.78,22.5,1.01,9
2025-09-17T14:53:01Z,48.699673,1.980072,100.0,51.73,22.0,0.86,10
2025-09-17T14:53:02Z,48.699801,1.980149,99.7,56.54,22.1,0.94,9
2025-09-17T14:53:03Z,48.699936,1.980231,99.5,58.58,21.9,0.94,9
2025-09-17T14:53:04Z,48.700069,1.980316,99.3,57.25,23.5,1.08,8
2025-09-17T14:53:05Z,48.700194,1.980396,99.2,52.71,23.4,1.08,8
2025-09-17T14:53:06Z,48.700311,1.980475,98.6,49.73,23.8,1.01,9
2025-09-17T14:53:07Z,48.700424,1.980551,98.1,49.00,24.1,1.08,8
2025-09-17T14:53:08Z,48.700530,1.980637,97.3,48.36,29.5,1.01,9
2025-09-17T14:53:09Z,48.700633,1.980719,97.4,46.97,28.0,1.05,9
2025-09-17T14:53:10Z,48.700729,1.980806,98.1,44.91,30.9,1.01,9
2025-09-17T14:53:11Z,48.700831,1.980869,99.2,41.98,24.2,1.01,9
2025-09-17T14:53:12Z,48.700924,1.980930,98.3,39.06,23.4,1.08,9
2025-09-17T14:53:13Z,48.701015,1.980981,97.8,38.32,23.1,1.08,8
2025-09-17T14:53:14Z,48.701107,1.981039,97.6,39.84,23.7,1.08,8
2025-09-17T14:53:15Z,48.701209,1.981105,97.7,46.17,23.8,1.08,8
2025-09-17T14:53:16Z,48.701319,1.981184,97.7,50.00,25.8,1.08,8
2025-09-17T14:53:17Z,48.701435,1.981259,98.4,50.21,23.9,1.08,8
2025-09-17T14:53:18Z,48.701556,1.981342,98.6,53.39,24.9,1.42,8
2025-09-17T14:53:19Z,48.701677,1.981439,98.8,55.26,29.0,1.08,8
2025-09-17T14:53:20Z,48.701794,1.981555,99.2,56.30,34.5,1.08,8
2025-09-17T14:53:21Z,48.701906,1.981694,99.6,57.71,41.4,1.42,8
2025-09-17T14:53:22Z,48.702010,1.981850,99.8,59.28,45.8,1.42,8
2025-09-17T14:53:23Z,48.702117,1.982016,100.7,61.43,47.1,1.08,8
2025-09-17T14:53:24Z,48.702218,1.982181,100.7,58.69,48.4,1.03,8
2025-09-17T14:53:25Z,48.702314,1.982339,101.0,54.54,48.1,1.01,9
2025-09-17T14:53:26Z,48.702406,1.982491,100.3,52.78,47.6,1.01,9
2025-09-17T14:53:27Z,48.702496,1.982637,99.5,52.84,47.6,1.42,7
2025-09-17T14:53:28Z,48.702587,1.982785,98.9,52.89,48.2,1.05,9
2025-09-17T14:53:29Z,48.702677,1.982934,98.0,53.43,47.7,1.05,9
2025-09-17T14:53:30Z,48.702768,1.983085,97.9,54.23,47.2,1.03,8
2025-09-17T14:53:31Z,48.702859,1.983232,97.9,52.71,47.2,1.01,9
2025-09-17T14:53:32Z,48.702944,1.983373,97.5,49.37,48.1,1.01,9
2025-09-17T14:53:33Z,48.703022,1.983507,97.2,46.65,48.8,1.01,9
2025-09-17T14:53:34Z,48.703097,1.983637,96.9,45.47,48.6,1.01,9
2025-09-17T14:53:35Z,48.703175,1.983754,96.9,43.15,44.5,1.01,9
2025-09-17T14:53:36Z,48.703249,1.983858,96.8,39.58,43.2,1.01,9
2025-09-17T14:53:37Z,48.703320,1.983947,96.4,36.35,39.1,1.01,9
2025-09-17T14:53:38Z,48.703389,1.984021,96.4,33.45,33.9,1.01,9
2025-09-17T14:53:39Z,48.703458,1.984087,96.3,31.84,32.8,1.01,9
2025-09-17T14:53:40Z,48.703526,1.984148,96.3,31.61,32.5,1.05,9
2025-09-17T14:53:41Z,48.703596,1.984209,96.0,32.63,29.7,1.01,9
2025-09-17T14:53:42Z,48.703664,1.984267,96.0,31.21,29.2,1.01,9
2025-09-17T14:53:43Z,48.703744,1.984328,96.8,36.52,26.9,1.04,8
2025-09-17T14:53:44Z,48.703831,1.984395,96.6,39.41,27.7,1.30,8
2025-09-17T14:53:45Z,48.703921,1.984462,96.3,40.61,26.8,1.42,8
2025-09-17T14:53:46Z,48.704013,1.984532,96.1,41.30,27.2,1.42,7
2025-09-17T14:53:47Z,48.704099,1.984611,95.9,40.02,32.5,1.42,7
2025-09-17T14:53:48Z,48.704179,1.984700,96.2,39.34,41.2,1.42,7
2025-09-17T14:53:49Z,48.704249,1.984810,96.0,39.82,47.8,1.42,7
2025-09-17T14:53:50Z,48.704314,1.984927,95.7,40.52,51.6,1.42,7
2025-09-17T14:53:51Z,48.704375,1.985048,95.9,39.50,54.8,1.42,7
2025-09-17T14:53:52Z,48.704428,1.985168,95.9,37.73,56.5,1.52,6
2025-09-17T14:53:53Z,48.704478,1.985286,96.5,36.87,58.9,1.42,7
2025-09-17T14:53:54Z,48.704525,1.985401,96.8,35.17,57.6,1.42,7
2025-09-17T14:53:55Z,48.704571,1.985512,97.3,34.60,58.7,1.05,8
2025-09-17T14:53:56Z,48.704620,1.985617,97.3,33.47,53.7,1.08,8
2025-09-17T14:53:57Z,48.704677,1.985705,97.4,32.06,43.8,1.08,8
2025-09-17T14:53:58Z,48.704738,1.985774,97.7,30.35,34.8,1.08,8
2025-09-17T14:53:59Z,48.704804,1.985830,98.4,30.61,28.8,1.08,8
2025-09-17T14:54:00Z,48.704869,1.985885,98.5,29.11,31.0,1.99,7
2025-09-17T14:54:01Z,48.704929,1.985940,98.1,27.54,31.6,1.55,7
2025-09-17T14:54:02Z,48.704989,1.985990,97.7,27.11,29.5,1.08,9
2025-09-17T14:54:03Z,48.705045,1.986033,97.1,24.56,28.4,1.08,8
2025-09-17T14:54:04Z,48.705094,1.986067,97.3,20.37,25.0,1.01,9
2025-09-17T14:54:05Z,48.705137,1.986092,97.2,17.67,22.2,1.01,9
2025-09-17T14:54:06Z,48.705179,1.986111,97.1,16.85,19.4,1.01,9
2025-09-17T14:54:07Z,48.705222,1.986132,96.8,17.98,19.6,1.08,9
2025-09-17T14:54:08Z,48.705267,1.986154,96.4,20.09,17.3,1.26,9
2025-09-17T14:54:09Z,48.705319,1.986182,96.4,22.76,20.0,1.26,9
2025-09-17T14:54:10Z,48.705375,1.986219,96.0,25.09,25.0,1.43,7
2025-09-17T14:54:11Z,48.705433,1.986263,95.7,26.84,27.6,1.43,7
2025-09-17T14:54:12Z,48.705494,1.986317,95.7,29.06,31.9,1.43,7
2025-09-17T14:54:13Z,48.705557,1.986384,95.5,30.80,37.3,1.43,7
2025-09-17T14:54:14Z,48.705619,1.986463,94.8,32.24,40.9,1.43,7
2025-09-17T14:54:15Z,48.705674,1.986542,94.2,29.58,45.1,1.43,7
2025-09-17T14:54:16Z,48.705722,1.986617,93.8,26.93,46.2,1.43,7
2025-09-17T14:54:17Z,48.705767,1.986689,93.9,25.13,46.7,1.05,8
2025-09-17T14:54:18Z,48.705805,1.986757,93.4,23.28,47.5,1.05,8
2025-09-17T14:54:19Z,48.705842,1.986822,94.4,22.21,49.3,1.05,8
2025-09-17T14:54:20Z,48.705880,1.986887,94.4,23.39,48.6,1.05,8
2025-09-17T14:54:21Z,48.705926,1.986955,94.3,26.47,43.8,1.05,8
2025-09-17T14:54:22Z,48.705980,1.987029,94.5,29.93,41.6,1.05,8
2025-09-17T14:54:23Z,48.706037,1.987115,94.6,32.74,46.6,1.05,8
2025-09-17T14:54:24Z,48.706096,1.987214,94.6,35.84,48.2,1.43,7
2025-09-17T14:54:25Z,48.706154,1.987314,94.8,34.80,49.4,1.43,7
2025-09-17T14:54:26Z,48.706211,1.987415,94.9,34.95,49.8,1.08,8
2025-09-17T14:54:27Z,48.706267,1.987522,95.1,36.69,51.1,1.08,8
2025-09-17T14:54:28Z,48.706326,1.987634,95.8,38.26,51.7,1.08,8
2025-09-17T14:54:29Z,48.706385,1.987751,96.1,39.21,53.1,1.08,8
2025-09-17T14:54:30Z,48.706443,1.987877,96.3,40.76,56.6,1.08,8
2025-09-17T14:54:31Z,48.706499,1.988009,96.3,41.98,57.6,1.43,7
2025-09-17T14:54:32Z,48.706556,1.988145,96.1,42.65,58.9,1.08,8
2025-09-17T14:54:33Z,48.706604,1.988278,95.5,38.98,62.1,1.01,9
2025-09-17T14:54:34Z,48.706645,1.988403,95.2,36.19,64.3,1.05,8
2025-09-17T14:54:35Z,48.706684,1.988520,94.9,34.10,62.6,1.00,9
2025-09-17T14:54:36Z,48.706719,1.988629,94.9,31.28,63.6,1.00,9
2025-09-17T14:54:37Z,48.706751,1.988727,94.6,28.06,62.8,0.94,9
2025-09-17T14:54:38Z,48.706781,1.988816,94.4,26.04,65.1,1.08,8
2025-09-17T14:54:39Z,48.706811,1.988900,94.5,25.08,61.4,1.08,8
2025-09-17T14:54:40Z,48.706841,1.988976,94.8,23.06,57.7,1.00,9
2025-09-17T14:54:41Z,48.706868,1.989045,94.9,20.89,59.4,1.08,8
2025-09-17T14:54:42Z,48.706897,1.989104,94.8,19.39,51.9,1.08,8
2025-09-17T14:54:43Z,48.706937,1.989141,94.7,19.08,29.5,1.00,9
2025-09-17T14:54:44Z,48.706987,1.989151,95.1,22.28,3.2,1.00,9
2025-09-17T14:54:45Z,48.707049,1.989151,96.4,27.56,0.2,1.04,8
2025-09-17T14:54:46Z,48.707129,1.989157,97.4,33.78,3.7,1.00,9
2025-09-17T14:54:47Z,48.707224,1.989169,97.6,39.47,6.2,1.43,8
2025-09-17T14:54:48Z,48.707329,1.989186,97.3,42.84,6.2,1.08,8
2025-09-17T14:54:49Z,48.707437,1.989206,97.1,44.52,7.6,1.43,8
2025-09-17T14:54:50Z,48.707550,1.989230,97.4,46.32,8.2,1.08,8
2025-09-17T14:54:51Z,48.707667,1.989253,97.3,47.43,7.5,1.08,8
2025-09-17T14:54:52Z,48.707788,1.989277,96.9,49.06,8.3,1.08,8
2025-09-17T14:54:53Z,48.707911,1.989308,96.5,50.26,10.4,1.43,8
2025-09-17T14:54:54Z,48.708036,1.989345,96.2,51.32,11.5,1.43,8
2025-09-17T14:54:55Z,48.708164,1.989379,96.0,52.80,9.2,1.08,8
2025-09-17T14:54:56Z,48.708290,1.989406,96.0,50.74,7.6,1.11,7
2025-09-17T14:54:57Z,48.708407,1.989431,96.0,46.56,8.4,1.11,7
2025-09-17T14:54:58Z,48.708520,1.989456,95.8,46.08,8.2,1.08,8
2025-09-17T14:54:59Z,48.708639,1.989477,96.3,47.87,6.9,1.08,8
2025-09-17T14:55:00Z,48.708764,1.989502,96.1,50.13,6.9,1.43,8
2025-09-17T14:55:01Z,48.708893,1.989529,95.6,51.93,7.4,1.08,8
2025-09-17T14:55:02Z,48.709024,1.989556,95.6,53.71,6.8,1.08,8
2025-09-17T14:55:03Z,48.709160,1.989585,95.8,56.15,9.4,1.08,8
2025-09-17T14:55:04Z,48.709300,1.989630,95.5,58.36,12.6,1.00,9
2025-09-17T14:55:05Z,48.709457,1.989673,95.8,62.97,10.8,1.08,9
2025-09-17T14:55:06Z,48.709617,1.989728,95.1,66.25,13.3,1.44,8
2025-09-17T14:55:07Z,48.709778,1.989770,95.0,64.51,10.1,1.44,8
2025-09-17T14:55:08Z,48.709938,1.989794,95.3,63.73,8.2,1.44,8
2025-09-17T14:55:09Z,48.710074,1.989818,95.4,55.69,7.0,1.44,8
2025-09-17T14:55:10Z,48.710193,1.989863,97.4,51.21,12.8,1.08,8
2025-09-17T14:55:11Z,48.710308,1.989926,100.7,49.84,17.9,1.08,8
2025-09-17T14:55:12Z,48.710412,1.989998,102.5,48.43,24.5,1.08,8
2025-09-17T14:55:13Z,48.710513,1.990083,106.3,49.37,28.8,1.08,8
2025-09-17T14:55:14Z,48.710631,1.990144,111.3,49.39,22.0,1.08,8
2025-09-17T14:55:15Z,48.710749,1.990226,112.6,49.78,27.4,1.44,9
2025-09-17T14:55:16Z,48.710850,1.990312,113.0,45.97,31.3,1.08,8
2025-09-17T14:55:17Z,48.710949,1.990387,115.9,40.23,31.4,1.08,8
2025-09-17T14:55:18Z,48.711035,1.990464,116.3,39.04,38.1,1.08,8
2025-09-17T14:55:19Z,48.711114,1.990552,117.1,37.74,42.2,1.17,8
2025-09-17T14:55:20Z,48.711171,1.990663,117.4,36.17,57.6,1.08,8
2025-09-17T14:55:21Z,48.711196,1.990786,118.1,34.26,81.0,1.08,8
2025-09-17T14:55:22Z,48.711196,1.990891,118.7,29.09,92.3,1.54,8
2025-09-17T14:55:23Z,48.711194,1.991016,120.7,35.04,96.8,1.54,7
2025-09-17T14:55:24Z,48.711241,1.991191,120.8,49.78,78.6,1.54,7
2025-09-17T14:55:25Z,48.711262,1.991359,119.7,47.43,79.4,1.54,7
2025-09-17T14:55:26Z,48.711285,1.991527,121.3,48.89,78.9,1.08,8
2025-09-17T14:55:27Z,48.711307,1.991696,122.0,50.80,75.1,1.08,8
2025-09-17T14:55:28Z,48.711306,1.991854,123.1,50.95,70.6,1.08,8
2025-09-17T14:55:29Z,48.711308,1.992044,125.5,51.52,86.4,1.08,8
2025-09-17T14:55:30Z,48.711264,1.992215,127.7,50.37,106.3,1.00,9
2025-09-17T14:55:31Z,48.711220,1.992402,129.0,55.00,109.5,1.54,7
2025-09-17T14:55:32Z,48.711171,1.992590,130.0,53.73,112.1,1.54,7
2025-09-17T14:55:33Z,48.711134,1.992786,130.9,52.45,107.7,1.54,7
2025-09-17T14:55:34Z,48.711121,1.993021,130.9,60.13,102.6,1.54,7
2025-09-17T14:55:35Z,48.711064,1.993251,126.9,64.01,105.2,1.53,8
2025-09-17T14:55:36Z,48.710947,1.993435,127.5,58.76,109.6,1.24,8
2025-09-17T14:55:37Z,48.710875,1.993619,127.0,56.69,123.8,1.36,9
2025-09-17T14:55:38Z,48.710778,1.993769,127.2,53.12,134.1,1.53,7
2025-09-17T14:55:39Z,48.710684,1.993905,127.6,48.89,134.1,1.54,7
2025-09-17T14:55:40Z,48.710616,1.994048,128.9,46.02,123.1,1.00,9
2025-09-17T14:55:41Z,48.710580,1.994240,131.5,51.74,108.4,1.00,9
2025-09-17T14:55:42Z,48.710543,1.994456,129.6,61.58,103.1,1.00,9
2025-09-17T14:55:43Z,48.710474,1.994666,129.9,60.95,110.7,1.00,9
2025-09-17T14:55:44Z,48.710406,1.994854,131.0,55.21,116.0,1.24,9
2025-09-17T14:55:45Z,48.710319,1.995015,132.1,53.82,124.6,1.53,8
2025-09-17T14:55:46Z,48.710192,1.995148,133.6,56.58,138.1,1.53,7
2025-09-17T14:55:47Z,48.710072,1.995294,134.8,57.93,137.9,1.53,7
2025-09-17T14:55:48Z,48.710018,1.995474,135.5,50.28,119.7,1.24,9
2025-09-17T14:55:49Z,48.709985,1.995696,136.2,60.84,103.6,1.24,8
2025-09-17T14:55:50Z,48.709978,1.995932,137.5,62.69,90.3,1.24,8
2025-09-17T14:55:51Z,48.709926,1.996104,139.7,49.00,101.2,1.53,8
2025-09-17T14:55:52Z,48.709906,1.996259,143.2,42.32,98.6,1.36,8
2025-09-17T14:55:53Z,48.709850,1.996393,146.3,38.15,120.0,1.36,8
2025-09-17T14:55:54Z,48.709735,1.996402,147.3,37.26,166.1,1.54,7
2025-09-17T14:55:55Z,48.709646,1.996479,154.2,39.15,153.1,1.08,8
2025-09-17T14:55:56Z,48.709604,1.996637,159.4,40.39,116.2,1.00,9
2025-09-17T14:55:57Z,48.709495,1.996814,162.2,51.87,130.0,1.00,9
2025-09-17T14:55:58Z,48.709439,1.997009,158.1,52.97,115.8,1.00,9
2025-09-17T14:55:59Z,48.709397,1.997226,156.9,61.63,103.9,1.24,9
2025-09-17T14:56:00Z,48.709356,1.997459,157.1,67.01,96.8,1.24,8
2025-09-17T14:56:01Z,48.709301,1.997726,159.8,75.17,103.0,1.24,8
2025-09-17T14:56:02Z,48.709217,1.997992,162.7,73.08,109.6,1.08,8
2025-09-17T14:56:03Z,48.709122,1.998216,162.1,63.38,118.4,1.54,8
2025-09-17T14:56:04Z,48.709024,1.998378,161.0,51.36,126.4,1.36,8
2025-09-17T14:56:05Z,48.708951,1.998490,162.4,36.43,131.3,1.54,7
2025-09-17T14:56:06Z,48.708873,1.998560,164.4,32.63,141.5,1.36,8
2025-09-17T14:56:07Z,48.708842,1.998654,168.2,26.11,124.4,1.00,9
2025-09-17T14:56:08Z,48.708742,1.998797,172.4,41.23,135.3,1.00,9
2025-09-17T14:56:09Z,48.708662,1.998950,165.9,49.67,123.7,1.00,9
2025-09-17T14:56:10Z,48.708611,1.999151,166.4,61.02,103.0,1.00,9
2025-09-17T14:56:11Z,48.708557,1.999378,168.7,68.86,102.5,1.00,9
2025-09-17T14:56:12Z,48.708503,1.999615,172.3,66.04,105.3,1.00,9
2025-09-17T14:56:13Z,48.708451,1.999861,172.0,66.58,104.9,1.36,9
2025-09-17T14:56:14Z,48.708354,2.000102,172.2,72.39,115.4,1.36,8
2025-09-17T14:56:15Z,48.708241,2.000342,171.7,69.01,121.3,1.36,8
2025-09-17T14:56:16Z,48.708146,2.000552,170.2,60.63,120.8,1.54,7
2025-09-17T14:56:17Z,48.708084,2.000748,169.8,53.08,111.8,1.00,9
2025-09-17T14:56:18Z,48.708026,2.000914,169.2,48.45,104.3,1.00,9
2025-09-17T14:56:19Z,48.707989,2.001072,171.7,45.34,96.9,1.00,9
2025-09-17T14:56:20Z,48.707988,2.001222,174.1,40.84,82.8,1.00,9
2025-09-17T14:56:21Z,48.708013,2.001318,176.8,34.37,57.7,1.00,9
2025-09-17T14:56:22Z,48.708037,2.001367,181.6,31.02,42.9,1.00,9
2025-09-17T14:56:23Z,48.708078,2.001415,189.0,48.32,30.5,1.00,9
2025-09-17T14:56:24Z,48.708163,2.001454,194.8,54.87,19.9,1.10,8
2025-09-17T14:56:25Z,48.708280,2.001533,200.6,57.67,23.9,1.10,7
2025-09-17T14:56:26Z,48.708405,2.001607,207.4,57.17,21.9,1.08,8
2025-09-17T14:56:27Z,48.708535,2.001634,214.1,56.49,11.8,1.54,8
2025-09-17T14:56:28Z,48.708660,2.001634,221.4,53.95,4.9,1.54,7
2025-09-17T14:56:29Z,48.708807,2.001639,229.5,59.60,2.5,1.54,7
2025-09-17T14:56:30Z,48.708968,2.001659,236.3,62.51,4.5,1.08,9
2025-09-17T14:56:31Z,48.709155,2.001672,241.5,67.25,3.1,1.08,9
2025-09-17T14:56:32Z,48.709355,2.001696,244.6,69.43,3.3,1.45,7
2025-09-17T14:56:33Z,48.709532,2.001711,243.1,67.86,3.0,1.45,7
2025-09-17T14:56:34Z,48.709724,2.001753,243.5,69.26,5.0,1.45,7
2025-09-17T14:56:35Z,48.709939,2.001759,243.7,71.58,3.8,1.45,7
2025-09-17T14:56:36Z,48.710166,2.001748,239.1,75.51,1.2,1.45,7
2025-09-17T14:56:37Z,48.710409,2.001758,233.6,79.32,1.5,1.08,8
2025-09-17T14:56:38Z,48.710628,2.001766,226.1,80.43,1.5,1.05,9
2025-09-17T14:56:39Z,48.710879,2.001778,223.6,81.25,2.0,1.00,9
2025-09-17T14:56:40Z,48.711106,2.001776,212.2,80.95,1.4,1.05,9
2025-09-17T14:56:41Z,48.711332,2.001777,207.8,81.06,1.9,1.03,8
2025-09-17T14:56:42Z,48.711554,2.001788,202.7,81.88,2.4,1.03,8
2025-09-17T14:56:43Z,48.711775,2.001800,198.4,82.41,2.9,1.00,9
2025-09-17T14:56:44Z,48.711986,2.001815,193.4,81.49,3.0,1.00,9
2025-09-17T14:56:45Z,48.712194,2.001828,191.4,79.90,2.8,1.05,9
2025-09-17T14:56:46Z,48.712395,2.001845,189.4,78.47,3.2,1.00,9
2025-09-17T14:56:47Z,48.712592,2.001864,188.2,76.88,3.6,1.00,9
2025-09-17T14:56:48Z,48.712787,2.001878,186.6,76.91,3.1,1.00,9
2025-09-17T14:56:49Z,48.712985,2.001904,185.8,76.86,3.2,1.00,9
2025-09-17T14:56:50Z,48.713179,2.001928,184.3,76.90,3.3,1.00,9
2025-09-17T14:56:51Z,48.713376,2.001948,183.3,77.45,3.0,1.08,9
2025-09-17T14:56:52Z,48.713575,2.001972,182.0,77.90,3.0,1.00,10
2025-09-17T14:56:53Z,48.713775,2.001996,180.1,77.78,3.4,0.86,10
2025-09-17T14:56:54Z,48.713973,2.002021,178.5,77.69,3.5,0.85,10
2025-09-17T14:56:55Z,48.714170,2.002041,176.9,77.64,3.4,0.85,10
2025-09-17T14:56:56Z,48.714367,2.002060,176.0,78.17,3.2,0.85,10
2025-09-17T14:56:57Z,48.714566,2.002076,175.0,78.99,2.7,0.85,10
2025-09-17T14:56:58Z,48.714768,2.002089,174.3,80.36,2.6,0.85,10
2025-09-17T14:56:59Z,48.714968,2.002105,173.7,79.40,3.0,0.85,10
2025-09-17T14:57:00Z,48.715167,2.002123,173.0,78.93,3.3,0.85,10
2025-09-17T14:57:01Z,48.715365,2.002138,172.4,78.77,3.0,0.85,10
2025-09-17T14:57:02Z,48.715561,2.002153,171.7,78.41,2.9,0.81,11
2025-09-17T14:57:03Z,48.715759,2.002168,171.2,78.40,2.9,0.81,11
2025-09-17T14:57:04Z,48.715957,2.002184,170.6,78.97,3.2,0.81,11
2025-09-17T14:57:05Z,48.716159,2.002201,170.0,80.90,3.3,0.81,11
2025-09-17T14:57:06Z,48.716364,2.002218,169.4,82.60,3.2,0.81,11
2025-09-17T14:57:07Z,48.716574,2.002235,169.0,83.64,3.1,0.81,11
2025-09-17T14:57:08Z,48.716785,2.002250,168.7,84.47,2.8,0.81,11
2025-09-17T14:57:09Z,48.716999,2.002264,168.2,85.82,2.6,0.81,11
2025-09-17T14:57:10Z,48.717216,2.002278,167.6,87.12,2.9,0.81,11
2025-09-17T14:57:11Z,48.717432,2.002295,167.1,85.56,3.3,0.81,11
2025-09-17T14:57:12Z,48.717637,2.002310,166.3,80.58,3.1,0.81,11
2025-09-17T14:57:13Z,48.717829,2.002322,165.7,75.54,2.7,0.81,11
2025-09-17T14:57:14Z,48.718010,2.002332,165.2,70.99,2.2,0.81,11
2025-09-17T14:57:15Z,48.718186,2.002342,164.7,69.60,2.5,0.81,11
2025-09-17T14:57:16Z,48.718357,2.002353,164.3,67.82,3.4,0.81,11
2025-09-17T14:57:17Z,48.718519,2.002367,163.8,64.23,3.4,0.81,11
2025-09-17T14:57:18Z,48.718675,2.002377,163.4,61.47,2.7,0.94,10
2025-09-17T14:57:19Z,48.718821,2.002387,163.2,57.43,3.0,0.94,10
2025-09-17T14:57:20Z,48.718958,2.002396,162.8,53.73,2.9,0.94,10
2025-09-17T14:57:21Z,48.719085,2.002399,162.5,50.10,1.2,0.94,10
2025-09-17T14:57:22Z,48.719204,2.002394,162.2,46.73,357.9,0.94,10
2025-09-17T14:57:23Z,48.719315,2.002377,162.0,44.11,353.6,0.94,10
2025-09-17T14:57:24Z,48.719418,2.002355,161.8,40.43,351.7,0.94,10
2025-09-17T14:57:25Z,48.719512,2.002334,161.5,37.32,351.4,0.94,10
2025-09-17T14:57:26Z,48.719599,2.002312,161.1,34.17,350.4,0.94,10
2025-09-17T14:57:27Z,48.719673,2.002295,160.9,28.84,351.7,0.94,10
2025-09-17T14:57:28Z,48.719731,2.002288,160.7,21.45,357.4,0.94,10
2025-09-17T14:57:29Z,48.719773,2.002292,160.6,16.02,7.1,0.94,10
2025-09-17T14:57:30Z,48.719811,2.002306,160.5,15.43,15.5,0.94,10
2025-09-17T14:57:31Z,48.719856,2.002336,160.4,20.76,26.2,0.94,10
2025-09-17T14:57:32Z,48.719908,2.002383,160.3,25.34,32.2,0.94,10
2025-09-17T14:57:33Z,48.719968,2.002432,160.3,27.72,28.5,0.94,10
2025-09-17T14:57:34Z,48.720035,2.002465,160.1,28.80,15.6,0.94,10
2025-09-17T14:57:35Z,48.720107,2.002467,160.1,29.02,357.5,0.94,10
2025-09-17T14:57:36Z,48.720175,2.002431,160.1,29.50,336.1,0.97,9
2025-09-17T14:57:37Z,48.720228,2.002361,160.0,27.95,314.8,1.03,9
2025-09-17T14:57:38Z,48.720260,2.002269,160.0,28.24,294.2,1.03,9
2025-09-17T14:57:39Z,48.720269,2.002161,159.9,29.71,271.6,0.94,10
2025-09-17T14:57:40Z,48.720247,2.002054,159.7,30.98,245.2,0.94,10
2025-09-17T14:57:41Z,48.720197,2.001968,159.5,32.13,222.3,0.94,10
2025-09-17T14:57:42Z,48.720127,2.001916,158.9,32.78,200.0,0.94,10
2025-09-17T14:57:43Z,48.720047,2.001910,158.8,33.71,176.8,0.94,10
2025-09-17T14:57:44Z,48.719970,2.001955,158.3,34.98,151.6,0.94,10
2025-09-17T14:57:45Z,48.719893,2.002045,158.0,41.34,138.0,0.94,10
2025-09-17T14:57:46Z,48.719806,2.002140,157.8,44.73,146.7,0.94,10
2025-09-17T14:57:47Z,48.719690,2.002217,157.7,53.43,159.3,0.94,10
2025-09-17T14:57:48Z,48.719541,2.002278,157.7,65.73,166.8,0.94,10
2025-09-17T14:57:49Z,48.719372,2.002322,158.0,70.45,171.3,0.94,10
2025-09-17T14:57:50Z,48.719192,2.002348,158.3,73.52,175.9,0.94,10
2025-09-17T14:57:51Z,48.718998,2.002353,158.4,79.51,180.4,0.94,10
2025-09-17T14:57:52Z,48.718809,2.002343,158.6,74.51,182.6,0.94,10
2025-09-17T14:57:53Z,48.718633,2.002328,158.7,68.93,182.9,0.94,10
2025-09-17T14:57:54Z,48.718469,2.002315,158.8,65.17,183.3,0.94,10
2025-09-17T14:57:55Z,48.718310,2.002302,158.8,62.67,182.8,0.94,10
2025-09-17T14:57:56Z,48.718157,2.002291,159.1,61.10,182.8,0.94,10
2025-09-17T14:57:57Z,48.718005,2.002277,159.3,60.69,183.1,0.94,10
2025-09-17T14:57:58Z,48.717854,2.002265,159.6,61.19,183.3,0.94,10
2025-09-17T14:57:59Z,48.717703,2.002254,159.7,60.12,183.0,0.81,11
2025-09-17T14:58:00Z,48.717555,2.002241,159.8,59.50,183.2,0.81,11
2025-09-17T14:58:01Z,48.717408,2.002228,160.0,59.02,183.8,0.81,11
2025-09-17T14:58:02Z,48.717261,2.002212,160.2,58.65,184.2,0.81,11
2025-09-17T14:58:03Z,48.717116,2.002198,160.3,58.39,183.5,0.81,11
2025-09-17T14:58:04Z,48.716970,2.002187,160.5,58.32,182.7,0.81,11
2025-09-17T14:58:05Z,48.716825,2.002177,160.6,58.10,182.7,0.81,11
2025-09-17T14:58:06Z,48.716678,2.002167,160.8,59.10,182.8,0.81,11
2025-09-17T14:58:07Z,48.716525,2.002157,160.9,61.97,182.2,0.81,11
2025-09-17T14:58:08Z,48.716367,2.002146,160.9,63.39,182.7,0.81,11
2025-09-17T14:58:09Z,48.716209,2.002133,161.0,63.49,183.2,0.81,11
2025-09-17T14:58:10Z,48.716052,2.002119,161.1,62.88,183.6,1.01,10
2025-09-17T14:58:11Z,48.715896,2.002105,161.2,62.51,183.3,1.01,10
2025-09-17T14:58:12Z,48.715741,2.002093,161.2,61.97,183.0,1.01,10
2025-09-17T14:58:13Z,48.715587,2.002082,161.3,61.56,182.8,1.01,10
2025-09-17T14:58:14Z,48.715434,2.002070,161.4,61.69,183.0,1.02,10
2025-09-17T14:58:15Z,48.715278,2.002056,161.6,62.99,183.5,1.02,10
2025-09-17T14:58:16Z,48.715116,2.002042,161.7,65.41,183.4,1.02,10
2025-09-17T14:58:17Z,48.714951,2.002029,161.9,67.34,182.6,1.02,10
2025-09-17T14:58:18Z,48.714781,2.002019,161.9,68.41,182.4,1.02,10
2025-09-17T14:58:19Z,48.714609,2.002007,162.0,69.01,182.5,1.02,10
2025-09-17T14:58:20Z,48.714439,2.001996,162.1,67.69,182.7,1.02,10
2025-09-17T14:58:21Z,48.714271,2.001982,162.2,67.39,183.2,0.81,11
2025-09-17T14:58:22Z,48.714102,2.001966,162.4,68.14,183.7,0.81,11
2025-09-17T14:58:23Z,48.713932,2.001952,162.5,67.93,183.0,0.81,11
2025-09-17T14:58:24Z,48.713763,2.001938,162.6,67.60,183.3,1.02,10
2025-09-17T14:58:25Z,48.713595,2.001921,162.7,67.58,183.9,1.02,10
2025-09-17T14:58:26Z,48.713429,2.001906,162.8,65.89,183.5,1.02,10
2025-09-17T14:58:27Z,48.713273,2.001896,163.0,61.21,182.1,1.02,10
2025-09-17T14:58:28Z,48.713122,2.001888,163.1,60.15,181.8,1.02,10
2025-09-17T14:58:29Z,48.712970,2.001880,163.2,61.23,182.1,1.02,10
2025-09-17T14:58:30Z,48.712815,2.001872,163.3,62.84,182.0,1.02,10
2025-09-17T14:58:31Z,48.712654,2.001860,163.5,65.26,183.0,1.02,10
2025-09-17T14:58:32Z,48.712487,2.001842,163.5,67.28,184.1,1.02,10
2025-09-17T14:58:33Z,48.712319,2.001826,163.7,67.80,183.5,1.02,10
2025-09-17T14:58:34Z,48.712148,2.001811,163.7,68.56,183.2,0.81,11
2025-09-17T14:58:35Z,48.711976,2.001797,164.0,68.88,182.8,0.81,11
2025-09-17T14:58:36Z,48.711805,2.001784,164.3,68.67,182.9,0.81,11
2025-09-17T14:58:37Z,48.711634,2.001770,164.4,68.75,183.0,1.02,10
2025-09-17T14:58:38Z,48.711461,2.001756,164.5,69.51,183.0,1.02,10
2025-09-17T14:58:39Z,48.711286,2.001743,164.7,70.26,183.0,1.02,10
2025-09-17T14:58:40Z,48.711109,2.001724,164.6,71.06,183.8,1.02,10
2025-09-17T14:58:41Z,48.710932,2.001704,164.7,71.08,183.8,1.02,10
2025-09-17T14:58:42Z,48.710756,2.001685,164.9,70.49,183.8,1.02,10
2025-09-17T14:58:43Z,48.710580,2.001666,165.1,70.34,183.8,1.13,9
2025-09-17T14:58:44Z,48.710408,2.001649,165.4,68.69,183.6,0.85,10
2025-09-17T14:58:45Z,48.710230,2.001638,165.6,71.43,181.2,1.27,9
2025-09-17T14:58:46Z,48.710052,2.001628,166.1,71.30,182.3,1.23,8
2025-09-17T14:58:47Z,48.709880,2.001631,166.6,69.88,180.3,1.13,9
2025-09-17T14:58:48Z,48.709706,2.001636,167.1,69.78,178.5,1.13,9
2025-09-17T14:58:49Z,48.709545,2.001650,168.3,64.82,176.9,1.13,9
2025-09-17T14:58:50Z,48.709347,2.001640,169.3,76.77,182.2,1.13,10
2025-09-17T14:58:51Z,48.709165,2.001641,171.1,73.23,180.2,1.13,9
2025-09-17T14:58:52Z,48.709018,2.001639,171.0,59.50,180.0,1.13,9
2025-09-17T14:58:53Z,48.708892,2.001645,170.2,51.63,177.2,1.13,9
2025-09-17T14:58:54Z,48.708727,2.001627,171.9,62.08,181.8,1.13,9
2025-09-17T14:58:55Z,48.708576,2.001608,171.1,59.36,185.7,1.23,10
2025-09-17T14:58:56Z,48.708417,2.001589,171.2,58.30,183.8,1.23,8
2025-09-17T14:58:57Z,48.708275,2.001569,170.0,55.63,184.6,1.23,8
2025-09-17T14:58:58Z,48.708137,2.001580,170.5,53.28,176.6,1.26,8
2025-09-17T14:58:59Z,48.708042,2.001552,169.9,40.95,189.2,1.13,9
2025-09-17T14:59:00Z,48.707937,2.001475,168.8,44.47,205.4,1.13,10
2025-09-17T14:59:01Z,48.707856,2.001370,167.8,42.76,221.5,1.13,9
2025-09-17T14:59:02Z,48.707838,2.001218,167.8,38.41,260.1,1.13,9
2025-09-17T14:59:03Z,48.707825,2.001052,173.1,47.10,272.2,1.13,9
2025-09-17T14:59:04Z,48.707874,2.000836,174.1,59.95,290.1,1.03,9
2025-09-17T14:59:05Z,48.707958,2.000625,175.1,68.91,304.0,1.07,9
2025-09-17T14:59:06Z,48.708038,2.000338,178.9,76.01,300.8,1.07,8
2025-09-17T14:59:07Z,48.708123,2.000090,184.9,71.01,300.1,1.07,8
2025-09-17T14:59:08Z,48.708183,1.999842,184.9,67.45,294.5,1.20,9
2025-09-17T14:59:09Z,48.708236,1.999618,186.2,61.97,290.9,1.20,9
2025-09-17T14:59:10Z,48.708262,1.999403,184.8,55.26,285.1,1.20,9
2025-09-17T14:59:11Z,48.708299,1.999178,185.6,54.47,289.7,1.20,9
2025-09-17T14:59:12Z,48.708360,1.998962,185.3,52.21,287.6,1.48,9
2025-09-17T14:59:13Z,48.708439,1.998794,183.5,42.93,304.0,1.48,9
2025-09-17T14:59:14Z,48.708549,1.998711,182.8,42.19,334.6,2.32,8
2025-09-17T14:59:15Z,48.708643,1.998625,182.2,47.04,337.9,2.32,7
2025-09-17T14:59:16Z,48.708742,1.998516,178.4,48.69,328.1,1.44,9
2025-09-17T14:59:17Z,48.708822,1.998340,180.4,53.67,308.3,1.44,8
2025-09-17T14:59:18Z,48.708928,1.998138,181.9,65.62,304.2,1.03,9
2025-09-17T14:59:19Z,48.708989,1.997895,175.9,68.47,292.2,1.03,9
2025-09-17T14:59:20Z,48.709030,1.997658,176.6,65.65,282.2,1.03,9
2025-09-17T14:59:21Z,48.709047,1.997431,176.2,60.47,276.4,1.03,9
2025-09-17T14:59:22Z,48.709056,1.997224,177.8,53.84,277.6,1.03,9
2025-09-17T14:59:23Z,48.709148,1.997051,182.4,54.13,294.4,1.03,9
2025-09-17T14:59:24Z,48.709210,1.996869,175.4,52.32,296.6,1.04,10
2025-09-17T14:59:25Z,48.709319,1.996752,175.5,52.28,321.9,1.04,9
2025-09-17T14:59:26Z,48.709424,1.996637,176.1,52.37,325.3,1.48,8
2025-09-17T14:59:27Z,48.709543,1.996522,176.8,55.00,331.6,1.48,8
2025-09-17T14:59:28Z,48.709647,1.996407,177.0,50.93,327.5,1.20,8
2025-09-17T14:59:29Z,48.709721,1.996287,177.5,44.36,317.1,1.20,8
2025-09-17T14:59:30Z,48.709719,1.996170,180.8,29.13,285.2,1.20,8
2025-09-17T14:59:31Z,48.709727,1.996012,186.8,42.13,275.0,1.20,8
2025-09-17T14:59:32Z,48.709721,1.995850,189.8,45.54,273.5,1.20,8
2025-09-17T14:59:33Z,48.709781,1.995650,200.2,53.39,280.7,1.20,8
2025-09-17T14:59:34Z,48.709859,1.995440,195.9,50.04,292.6,1.20,8
2025-09-17T14:59:35Z,48.709890,1.995299,195.1,42.73,293.2,0.96,9
2025-09-17T14:59:36Z,48.709976,1.995183,204.7,43.15,307.1,0.96,10
2025-09-17T14:59:37Z,48.710040,1.995018,209.3,45.36,304.6,1.03,10
2025-09-17T14:59:38Z,48.710134,1.994780,213.9,58.19,299.8,0.96,10
2025-09-17T14:59:39Z,48.710143,1.994527,210.5,61.89,289.2,1.20,10
2025-09-17T14:59:40Z,48.710201,1.994316,221.5,58.36,286.3,1.03,9
2025-09-17T14:59:41Z,48.710249,1.994125,216.3,54.69,286.8,1.49,9
2025-09-17T14:59:42Z,48.710310,1.993958,218.1,51.10,293.7,1.07,8
2025-09-17T14:59:43Z,48.710379,1.993788,222.7,48.17,298.5,2.33,8
2025-09-17T14:59:44Z,48.710470,1.993623,222.6,51.00,304.9,1.94,9
2025-09-17T14:59:45Z,48.710504,1.993418,225.6,53.43,295.5,1.94,8
2025-09-17T14:59:46Z,48.710513,1.993183,225.8,56.36,280.0,2.33,7
2025-09-17T14:59:47Z,48.710560,1.992997,222.7,54.02,282.1,1.49,7
2025-09-17T14:59:48Z,48.710623,1.992829,220.8,51.37,286.6,1.49,7
2025-09-17T14:59:49Z,48.710671,1.992659,217.7,49.15,290.5,1.49,8
2025-09-17T14:59:50Z,48.710754,1.992503,221.5,48.95,298.3,1.44,9
2025-09-17T14:59:51Z,48.710830,1.992340,221.7,48.91,300.5,1.20,8
2025-09-17T14:59:52Z,48.710870,1.992135,221.9,50.47,291.7,1.20,8
2025-09-17T14:59:53Z,48.710877,1.991934,219.6,49.71,277.5,1.49,8
2025-09-17T14:59:54Z,48.710898,1.991789,213.4,48.26,264.2,1.49,7
2025-09-17T14:59:55Z,48.710883,1.991605,203.3,49.41,260.1,2.60,6
2025-09-17T14:59:56Z,48.710901,1.991408,200.4,49.58,269.3,1.49,7
2025-09-17T14:59:57Z,48.710937,1.991246,198.3,43.87,284.5,1.20,8
2025-09-17T14:59:58Z,48.710991,1.991085,201.9,44.41,292.4,1.20,8
2025-09-17T14:59:59Z,48.711035,1.990934,202.9,43.10,291.9,1.20,8
2025-09-17T15:00:00Z,48.711014,1.990730,202.5,48.39,272.8,1.49,8
2025-09-17T15:00:01Z,48.710977,1.990572,203.3,46.24,256.3,1.49,7
2025-09-17T15:00:02Z,48.710953,1.990430,200.9,49.32,243.9,1.20,8
2025-09-17T15:00:03Z,48.710835,1.990286,190.8,62.41,222.8,1.49,7
2025-09-17T15:00:04Z,48.710730,1.990197,177.6,64.67,210.3,1.35,7
2025-09-17T15:00:05Z,48.710590,1.990111,160.4,67.52,203.9,1.20,8
2025-09-17T15:00:06Z,48.710442,1.990026,155.7,72.17,199.4,1.42,7
2025-09-17T15:00:07Z,48.710277,1.989948,147.8,76.04,195.8,1.42,8
2025-09-17T15:00:08Z,48.710099,1.989873,142.6,75.84,193.9,1.14,8
2025-09-17T15:00:09Z,48.709935,1.989810,140.3,72.39,191.2,1.26,8
2025-09-17T15:00:10Z,48.709764,1.989768,137.2,71.51,189.4,1.14,8
2025-09-17T15:00:11Z,48.709609,1.989718,135.0,66.89,190.1,1.14,10
2025-09-17T15:00:12Z,48.709475,1.989692,134.4,59.65,188.2,1.13,9
2025-09-17T15:00:13Z,48.709336,1.989667,132.9,58.04,186.7,1.27,9
2025-09-17T15:00:14Z,48.709218,1.989652,131.5,51.69,185.0,1.22,9
2025-09-17T15:00:15Z,48.709149,1.989610,130.5,40.13,187.1,1.27,9
2025-09-17T15:00:16Z,48.709093,1.989558,128.3,33.24,192.9,1.13,10
2025-09-17T15:00:17Z,48.709065,1.989538,125.9,22.08,194.2,1.13,9
2025-09-17T15:00:18Z,48.709058,1.989499,124.1,13.32,211.2,0.93,10
2025-09-17T15:00:19Z,48.709043,1.989465,127.3,11.93,225.9,0.93,10
2025-09-17T15:00:20Z,48.709026,1.989434,128.6,13.33,228.9,0.93,10
2025-09-17T15:00:21Z,48.709008,1.989414,128.0,11.24,225.2,0.93,10
2025-09-17T15:00:22Z,48.708993,1.989409,128.0,7.89,214.7,0.93,10
2025-09-17T15:00:23Z,48.708982,1.989421,128.0,6.80,180.9,0.93,10
2025-09-17T15:00:24Z,48.708967,1.989447,127.4,10.91,150.3,0.93,10
2025-09-17T15:00:25Z,48.708958,1.989475,126.5,9.26,140.0,0.93,10
2025-09-17T15:00:26Z,48.708960,1.989488,126.0,4.69,135.1,0.93,10
2025-09-17T15:00:27Z,48.708963,1.989487,124.8,0.15,135.1,0.93,10
2025-09-17T15:00:28Z,48.708968,1.989483,123.2,0.17,135.1,0.93,10
2025-09-17T15:00:29Z,48.708971,1.989481,122.5,0.33,135.1,0.93,10
2025-09-17T15:00:30Z,48.708973,1.989481,121.8,0.19,135.1,0.93,10
2025-09-17T15:00:31Z,48.708979,1.989478,121.3,0.09,135.1,0.93,10
2025-09-17T15:00:32Z,48.708982,1.989477,120.7,0.07,135.1,0.93,10
2025-09-17T15:00:33Z,48.708987,1.989473,120.0,0.15,135.1,0.93,10
2025-09-17T15:00:34Z,48.708990,1.989471,119.7,0.13,135.1,0.93,10
2025-09-17T15:00:35Z,48.708992,1.989468,119.1,0.00,135.1,0.93,10
2025-09-17T15:00:36Z,48.708994,1.989465,118.3,0.09,135.1,0.96,9
2025-09-17T15:00:37Z,48.708996,1.989468,117.8,0.44,135.1,0.96,9
2025-09-17T15:00:38Z,48.708999,1.989467,117.4,0.31,135.1,0.93,10
2025-09-17T15:00:39Z,48.708999,1.989467,116.9,0.26,135.1,0.93,10
2025-09-17T15:00:40Z,48.708999,1.989467,116.7,0.20,135.1,0.93,10
2025-09-17T15:00:41Z,48.708998,1.989466,116.4,0.11,135.1,0.93,10
2025-09-17T15:00:42Z,48.708997,1.989466,116.2,0.11,135.1,0.93,10
2025-09-17T15:00:43Z,48.708995,1.989468,115.8,0.46,135.1,0.93,10
2025-09-17T15:00:44Z,48.708996,1.989470,115.5,0.04,135.1,0.93,10
2025-09-17T15:00:45Z,48.708996,1.989472,115.0,0.09,135.1,0.96,10
2025-09-17T15:00:46Z,48.708995,1.989471,114.2,0.26,135.1,0.93,10
2025-09-17T15:00:47Z,48.708992,1.989470,114.0,0.11,135.1,0.93,10
2025-09-17T15:00:48Z,48.708989,1.989469,113.9,0.28,135.1,0.93,10
2025-09-17T15:00:49Z,48.708989,1.989467,113.6,0.19,135.1,0.93,10
2025-09-17T15:00:50Z,48.708989,1.989465,113.6,0.09,135.1,0.93,10
2025-09-17T15:00:51Z,48.708989,1.989463,113.6,0.26,135.1,0.93,10
2025-09-17T15:00:52Z,48.708990,1.989465,113.5,0.28,135.1,0.93,10
2025-09-17T15:00:53Z,48.708991,1.989466,113.4,0.17,135.1,0.93,10
2025-09-17T15:00:54Z,48.708991,1.989466,113.2,0.15,135.1,0.93,10
2025-09-17T15:00:55Z,48.708990,1.989465,112.9,0.09,135.1,0.93,10
2025-09-17T15:00:56Z,48.708990,1.989464,112.7,0.17,135.1,0.93,10
2025-09-17T15:00:57Z,48.708989,1.989462,112.4,0.06,135.1,0.93,10
2025-09-17T15:00:58Z,48.708987,1.989461,112.0,0.02,135.1,0.93,10
2025-09-17T15:00:59Z,48.708986,1.989459,111.7,0.09,135.1,0.93,10
2025-09-17T15:01:00Z,48.708985,1.989458,111.4,0.04,135.1,0.93,10
2025-09-17T15:01:01Z,48.708985,1.989457,111.0,0.13,135.1,0.93,10
2025-09-17T15:01:02Z,48.708985,1.989456,110.8,0.24,135.1,0.93,10
2025-09-17T15:01:03Z,48.708984,1.989455,110.6,0.19,135.1,0.93,10
2025-09-17T15:01:04Z,48.708984,1.989456,110.3,0.59,135.1,0.93,10
2025-09-17T15:01:05Z,48.708984,1.989460,110.1,1.11,135.1,0.96,9
2025-09-17T15:01:06Z,48.708985,1.989460,110.1,0.57,135.1,0.93,10
2025-09-17T15:01:07Z,48.708985,1.989459,110.2,0.06,135.1,0.93,10
2025-09-17T15:01:08Z,48.708988,1.989467,110.2,2.22,106.8,0.93,10
2025-09-17T15:01:09Z,48.708986,1.989487,110.3,5.91,101.3,0.93,10
2025-09-17T15:01:10Z,48.708983,1.989508,110.2,6.56,96.2,0.93,10
2025-09-17T15:01:11Z,48.709001,1.989536,110.4,10.50,52.1,0.93,10
2025-09-17T15:01:12Z,48.709032,1.989550,110.4,15.22,24.3,0.93,10
2025-09-17T15:01:13Z,48.709073,1.989564,110.6,17.82,15.2,0.93,10
2025-09-17T15:01:14Z,48.709124,1.989580,110.3,22.09,13.1,0.93,10
2025-09-17T15:01:15Z,48.709181,1.989596,110.1,25.41,11.6,0.93,10
2025-09-17T15:01:16Z,48.709239,1.989607,110.1,29.39,11.1,0.93,10
2025-09-17T15:01:17Z,48.709311,1.989612,110.1,33.61,4.6,0.93,10
2025-09-17T15:01:18Z,48.709384,1.989618,109.9,32.89,5.4,1.03,9
2025-09-17T15:01:19Z,48.709471,1.989627,109.5,36.43,5.0,1.03,9
2025-09-17T15:01:20Z,48.709558,1.989636,109.9,37.84,5.7,1.21,10
2025-09-17T15:01:21Z,48.709648,1.989656,111.1,38.69,8.6,1.03,9
2025-09-17T15:01:22Z,48.709744,1.989680,112.6,40.26,8.4,1.43,9
2025-09-17T15:01:23Z,48.709839,1.989700,113.0,40.10,8.9,1.43,8
2025-09-17T15:01:24Z,48.709934,1.989722,114.8,39.58,9.5,1.22,9
2025-09-17T15:01:25Z,48.710036,1.989734,116.5,41.47,8.0,0.93,10
2025-09-17T15:01:26Z,48.710143,1.989766,119.0,42.67,11.7,1.03,10
2025-09-17T15:01:27Z,48.710242,1.989812,119.5,42.17,17.0,2.51,9
2025-09-17T15:01:28Z,48.710352,1.989851,120.2,44.93,13.0,1.75,7
2025-09-17T15:01:29Z,48.710468,1.989901,120.0,48.41,16.8,1.43,8
2025-09-17T15:01:30Z,48.710584,1.989972,120.9,50.71,22.2,1.94,8
2025-09-17T15:01:31Z,48.710695,1.990055,122.9,53.28,25.2,1.03,9
2025-09-17T15:01:32Z,48.710823,1.990142,126.6,48.21,24.3,1.03,9
2025-09-17T15:01:33Z,48.710939,1.990216,125.6,43.39,27.7,1.03,9
2025-09-17T15:01:34Z,48.711042,1.990299,123.5,40.91,32.3,1.13,10
2025-09-17T15:01:35Z,48.711131,1.990379,119.8,39.15,39.6,0.96,10
2025-09-17T15:01:36Z,48.711204,1.990479,118.6,39.54,49.1,1.21,10
2025-09-17T15:01:37Z,48.711261,1.990617,118.7,43.60,64.9,1.21,9
2025-09-17T15:01:38Z,48.711260,1.990758,117.5,39.11,91.7,1.43,9
2025-09-17T15:01:39Z,48.711235,1.990900,120.0,38.89,112.8,1.43,8
2025-09-17T15:01:40Z,48.711180,1.991050,120.3,47.21,122.2,1.43,8
2025-09-17T15:01:41Z,48.711119,1.991202,120.3,46.71,120.0,1.43,8
2025-09-17T15:01:42Z,48.711109,1.991381,121.4,46.15,101.0,0.93,10
2025-09-17T15:01:43Z,48.711146,1.991576,120.1,49.12,78.7,1.13,10
2025-09-17T15:01:44Z,48.711177,1.991764,118.3,54.43,72.5,1.13,9
2025-09-17T15:01:45Z,48.711207,1.991961,119.6,52.58,77.4,0.93,10
2025-09-17T15:01:46Z,48.711208,1.992166,119.1,54.69,90.1,1.40,9
2025-09-17T15:01:47Z,48.711165,1.992362,119.2,56.15,106.8,1.22,9
2025-09-17T15:01:48Z,48.711135,1.992544,120.3,50.54,99.8,1.22,9
2025-09-17T15:01:49Z,48.711140,1.992728,123.6,48.13,88.4,1.22,9
2025-09-17T15:01:50Z,48.711134,1.992950,124.3,56.23,91.6,1.22,9
2025-09-17T15:01:51Z,48.711083,1.993168,124.2,61.43,101.7,1.13,10
2025-09-17T15:01:52Z,48.710983,1.993371,127.1,59.56,109.2,0.93,10
2025-09-17T15:01:53Z,48.710918,1.993563,127.0,55.25,115.7,1.22,10
2025-09-17T15:01:54Z,48.710814,1.993709,127.8,52.89,135.4,1.22,9
2025-09-17T15:01:55Z,48.710726,1.993853,127.3,48.95,131.2,1.22,9
2025-09-17T15:01:56Z,48.710640,1.993990,127.6,48.04,128.3,1.22,9
2025-09-17T15:01:57Z,48.710582,1.994166,129.7,53.43,114.5,1.13,10
2025-09-17T15:01:58Z,48.710531,1.994379,131.4,63.10,103.8,1.13,9
2025-09-17T15:01:59Z,48.710487,1.994598,135.0,58.19,106.0,1.13,9
2025-09-17T15:02:00Z,48.710406,1.994778,134.8,53.73,118.7,1.22,10
2025-09-17T15:02:01Z,48.710311,1.994930,136.0,52.36,128.9,1.22,9
2025-09-17T15:02:02Z,48.710223,1.995083,137.6,52.15,132.3,1.22,9
2025-09-17T15:02:03Z,48.710119,1.995228,138.5,52.62,135.5,1.71,9
2025-09-17T15:02:04Z,48.710076,1.995427,138.9,53.76,113.1,1.13,9
2025-09-17T15:02:05Z,48.710031,1.995650,138.5,59.49,106.3,1.40,9
2025-09-17T15:02:06Z,48.710006,1.995866,136.3,57.30,94.3,1.40,8
2025-09-17T15:02:07Z,48.709977,1.996056,136.6,52.02,95.5,1.40,9
2025-09-17T15:02:08Z,48.709949,1.996220,137.1,43.32,101.6,1.40,8
2025-09-17T15:02:09Z,48.709888,1.996338,137.8,37.67,122.9,1.40,9
2025-09-17T15:02:10Z,48.709811,1.996446,138.9,39.15,135.4,1.40,8
2025-09-17T15:02:11Z,48.709716,1.996556,139.4,42.67,142.6,1.40,9
2025-09-17T15:02:12Z,48.709587,1.996678,138.1,52.86,144.3,1.40,8
2025-09-17T15:02:13Z,48.709477,1.996806,138.1,53.97,139.8,1.13,9
2025-09-17T15:02:14Z,48.709384,1.996949,139.2,51.91,131.4,1.13,9
2025-09-17T15:02:15Z,48.709330,1.997157,141.2,60.39,110.6,1.44,10
2025-09-17T15:02:16Z,48.709290,1.997404,142.6,71.84,101.4,1.44,8
2025-09-17T15:02:17Z,48.709247,1.997682,144.9,78.23,100.3,1.13,9
2025-09-17T15:02:18Z,48.709218,1.997954,146.9,72.80,96.5,1.13,9
2025-09-17T15:02:19Z,48.709153,1.998184,149.9,63.04,108.7,0.93,10
2025-09-17T15:02:20Z,48.709076,1.998372,151.4,54.65,117.8,0.93,10
2025-09-17T15:02:21Z,48.708978,1.998501,152.2,43.34,128.0,1.22,10
2025-09-17T15:02:22Z,48.708877,1.998589,152.4,37.34,141.5,1.22,9
2025-09-17T15:02:23Z,48.708776,1.998656,153.4,41.65,156.2,1.22,9
2025-09-17T15:02:24Z,48.708665,1.998747,154.3,45.54,146.4,1.40,9
2025-09-17T15:02:25Z,48.708595,1.998897,154.7,44.86,121.8,1.13,9
2025-09-17T15:02:26Z,48.708533,1.999023,152.3,39.86,119.8,1.13,9
2025-09-17T15:02:27Z,48.708509,1.999148,153.7,34.50,94.5,1.13,9
2025-09-17T15:02:28Z,48.708478,1.999249,154.7,28.47,107.0,0.93,10
2025-09-17T15:02:29Z,48.708449,1.999323,156.5,21.35,106.3,0.93,10
2025-09-17T15:02:30Z,48.708415,1.999376,158.3,14.72,110.3,0.93,10
2025-09-17T15:02:31Z,48.708396,1.999428,159.3,13.46,106.2,0.93,10
2025-09-17T15:02:32Z,48.708390,1.999456,159.8,8.37,95.7,0.93,10
2025-09-17T15:02:33Z,48.708376,1.999492,162.0,11.11,99.3,0.93,10
2025-09-17T15:02:34Z,48.708356,1.999545,163.3,12.95,106.9,0.93,10
2025-09-17T15:02:35Z,48.708339,1.999599,162.6,15.39,98.9,0.93,10
2025-09-17T15:02:36Z,48.708338,1.999683,164.4,21.43,90.2,0.93,10
2025-09-17T15:02:37Z,48.708325,1.999766,163.9,21.54,93.5,0.93,10
2025-09-17T15:02:38Z,48.708285,1.999850,164.1,25.71,111.1,0.93,10
2025-09-17T15:02:39Z,48.708261,1.999920,164.1,17.82,108.8,0.93,10
2025-09-17T15:02:40Z,48.708234,1.999957,164.5,12.70,113.2,0.93,10
2025-09-17T15:02:41Z,48.708202,2.000001,166.4,14.41,123.6,0.93,10
2025-09-17T15:02:42Z,48.708177,2.000037,167.3,11.35,126.1,0.93,10
2025-09-17T15:02:43Z,48.708148,2.000050,168.0,9.57,137.7,0.93,10
2025-09-17T15:02:44Z,48.708115,2.000077,170.0,13.72,144.0,0.95,9
2025-09-17T15:02:45Z,48.708092,2.000120,171.7,13.17,132.6,0.93,10
2025-09-17T15:02:46Z,48.708069,2.000179,173.1,16.74,122.9,0.93,10
2025-09-17T15:02:47Z,48.708054,2.000235,173.1,13.98,109.3,0.93,10
2025-09-17T15:02:48Z,48.708033,2.000279,173.4,14.52,106.4,0.93,10
2025-09-17T15:02:49Z,48.707999,2.000308,175.6,10.19,118.0,0.93,10
2025-09-17T15:02:50Z,48.707960,2.000378,179.5,17.30,122.8,0.93,10
2025-09-17T15:02:51Z,48.707936,2.000448,180.6,16.02,121.2,0.93,10
2025-09-17T15:02:52Z,48.707914,2.000492,180.6,11.33,124.7,0.93,10
2025-09-17T15:02:53Z,48.707896,2.000551,181.4,16.26,115.8,0.93,10
2025-09-17T15:02:54Z,48.707884,2.000627,181.6,17.98,106.9,0.93,10
2025-09-17T15:02:55Z,48.707875,2.000713,182.1,19.15,104.5,0.93,10
2025-09-17T15:02:56Z,48.707868,2.000794,181.8,18.56,99.6,0.93,10
2025-09-17T15:02:57Z,48.707868,2.000861,182.0,16.02,92.2,0.93,10
2025-09-17T15:02:58Z,48.707845,2.000910,183.3,14.69,91.0,0.93,10
2025-09-17T15:02:59Z,48.707838,2.000971,185.3,16.02,90.2,0.93,10
2025-09-17T15:03:00Z,48.707842,2.001028,186.5,16.04,76.8,0.93,10
2025-09-17T15:03:01Z,48.707839,2.001073,189.1,11.96,69.4,0.93,10
2025-09-17T15:03:02Z,48.707838,2.001104,190.0,8.59,67.1,0.93,10
2025-09-17T15:03:03Z,48.707842,2.001134,192.3,9.91,56.5,0.93,10
2025-09-17T15:03:04Z,48.707863,2.001178,193.1,15.50,42.5,0.93,10
2025-09-17T15:03:05Z,48.707891,2.001208,193.4,19.08,34.6,0.93,10
2025-09-17T15:03:06Z,48.707920,2.001232,196.9,21.24,30.2,0.93,10
2025-09-17T15:03:07Z,48.707960,2.001258,202.0,19.46,18.5,0.93,10
2025-09-17T15:03:08Z,48.707994,2.001273,204.8,18.83,17.0,0.93,10
2025-09-17T15:03:09Z,48.708039,2.001293,209.9,19.87,12.8,0.93,10
2025-09-17T15:03:10Z,48.708090,2.001319,213.3,23.32,10.0,1.02,9
2025-09-17T15:03:11Z,48.708141,2.001314,216.2,21.71,2.6,1.02,9
2025-09-17T15:03:12Z,48.708210,2.001320,221.6,30.09,5.3,1.02,9
2025-09-17T15:03:13Z,48.708282,2.001322,227.1,29.21,1.7,1.02,9
2025-09-17T15:03:14Z,48.708340,2.001345,233.7,21.32,4.7,0.93,10
2025-09-17T15:03:15Z,48.708398,2.001341,237.3,18.63,359.9,0.93,10
2025-09-17T15:03:16Z,48.708438,2.001333,240.7,13.93,354.1,0.93,10
2025-09-17T15:03:17Z,48.708493,2.001335,244.7,11.69,348.2,0.93,10
2025-09-17T15:03:18Z,48.708535,2.001336,243.7,12.82,349.9,0.93,10
2025-09-17T15:03:19Z,48.708583,2.001366,244.6,14.20,355.8,0.93,10
2025-09-17T15:03:20Z,48.708624,2.001380,243.0,12.74,357.5,0.93,10
2025-09-17T15:03:21Z,48.708674,2.001413,245.0,17.56,11.4,0.93,10
2025-09-17T15:03:22Z,48.708722,2.001432,245.8,16.28,8.3,0.93,10
2025-09-17T15:03:23Z,48.708776,2.001424,247.1,18.69,357.0,0.93,10
2025-09-17T15:03:24Z,48.708818,2.001420,250.0,15.00,356.8,0.93,10
2025-09-17T15:03:25Z,48.708874,2.001423,253.1,20.43,1.8,0.93,10
2025-09-17T15:03:26Z,48.708955,2.001467,256.3,30.43,17.8,0.93,10
2025-09-17T15:03:27Z,48.709046,2.001499,258.6,33.21,8.2,0.93,10
2025-09-17T15:03:28Z,48.709147,2.001547,261.3,35.15,13.2,0.93,10
2025-09-17T15:03:29Z,48.709240,2.001578,261.5,35.23,9.5,0.93,10
2025-09-17T15:03:30Z,48.709340,2.001627,265.1,39.67,14.9,1.02,10
2025-09-17T15:03:31Z,48.709475,2.001676,267.7,48.50,10.8,1.02,9
2025-09-17T15:03:32Z,48.709607,2.001672,268.1,51.78,0.9,1.02,9
2025-09-17T15:03:33Z,48.709772,2.001678,272.3,55.26,7.5,1.02,9
2025-09-17T15:03:34Z,48.709978,2.001671,272.8,63.28,5.5,1.02,9
2025-09-17T15:03:35Z,48.710194,2.001627,269.4,67.26,1.8,1.21,9
2025-09-17T15:03:36Z,48.710424,2.001586,268.2,68.73,1.5,1.02,10
2025-09-17T15:03:37Z,48.710665,2.001573,262.6,70.19,1.3,1.21,9
2025-09-17T15:03:38Z,48.710893,2.001587,252.0,73.14,2.5,0.96,10
2025-09-17T15:03:39Z,48.711118,2.001581,243.0,74.54,1.9,1.21,10
2025-09-17T15:03:40Z,48.711321,2.001599,235.4,75.60,2.4,0.96,10
2025-09-17T15:03:41Z,48.711526,2.001625,231.8,77.01,3.0,0.96,9
2025-09-17T15:03:42Z,48.711727,2.001645,228.2,76.91,3.0,0.96,9
2025-09-17T15:03:43Z,48.711925,2.001661,225.7,76.39,3.0,0.96,9
2025-09-17T15:03:44Z,48.712122,2.001681,223.2,75.82,2.8,1.25,9
2025-09-17T15:03:45Z,48.712317,2.001696,220.8,75.54,3.0,0.93,10
2025-09-17T15:03:46Z,48.712515,2.001716,219.1,74.75,3.1,1.25,10
2025-09-17T15:03:47Z,48.712709,2.001734,216.2,74.64,2.6,0.93,10
2025-09-17T15:03:48Z,48.712913,2.001769,213.8,75.99,3.3,0.93,10
2025-09-17T15:03:49Z,48.713120,2.001802,209.4,76.77,3.4,0.96,10
2025-09-17T15:03:50Z,48.713320,2.001828,205.1,77.17,2.9,0.93,10
2025-09-17T15:03:51Z,48.713522,2.001855,202.7,78.80,3.0,1.21,10
2025-09-17T15:03:52Z,48.713729,2.001881,200.4,79.71,2.9,1.21,10
2025-09-17T15:03:53Z,48.713936,2.001902,198.0,79.40,2.6,0.96,10
2025-09-17T15:03:54Z,48.714139,2.001918,195.4,79.23,1.6,0.93,10
2025-09-17T15:03:55Z,48.714342,2.001939,194.0,79.40,3.0,1.02,10
2025-09-17T15:03:56Z,48.714543,2.001962,192.5,79.28,3.6,1.02,10
2025-09-17T15:03:57Z,48.714737,2.001982,191.3,75.99,3.4,1.21,10
2025-09-17T15:03:58Z,48.714923,2.002002,190.2,72.28,3.6,1.02,10
2025-09-17T15:03:59Z,48.715099,2.002022,189.2,67.75,3.6,0.93,10
2025-09-17T15:04:00Z,48.715254,2.002038,188.0,58.58,3.4,0.93,10
2025-09-17T15:04:01Z,48.715386,2.002051,187.0,49.80,3.4,0.93,10
2025-09-17T15:04:02Z,48.715506,2.002063,186.1,45.97,3.1,1.02,10
2025-09-17T15:04:03Z,48.715617,2.002073,185.2,42.97,3.0,0.93,10
2025-09-17T15:04:04Z,48.715720,2.002083,184.6,39.43,3.0,0.96,10
2025-09-17T15:04:05Z,48.715819,2.002093,183.8,38.04,2.8,0.93,10
2025-09-17T15:04:06Z,48.715919,2.002103,183.0,39.74,3.2,0.96,10
2025-09-17T15:04:07Z,48.716026,2.002114,182.3,42.48,3.3,0.96,10
2025-09-17T15:04:08Z,48.716137,2.002125,181.6,43.82,3.2,0.96,10
2025-09-17T15:04:09Z,48.716251,2.002134,180.9,45.02,2.6,0.93,10
2025-09-17T15:04:10Z,48.716366,2.002141,180.2,45.52,2.1,0.93,10
2025-09-17T15:04:11Z,48.716478,2.002149,179.6,43.36,2.1,0.93,10
2025-09-17T15:04:12Z,48.716584,2.002158,179.0,41.19,2.8,0.93,10
2025-09-17T15:04:13Z,48.716688,2.002169,178.3,40.56,3.4,0.93,10
2025-09-17T15:04:14Z,48.716788,2.002180,177.7,38.76,3.1,0.93,10
2025-09-17T15:04:15Z,48.716889,2.002187,177.0,40.08,2.5,0.93,10
2025-09-17T15:04:16Z,48.717004,2.002194,176.5,46.95,2.0,0.93,10
2025-09-17T15:04:17Z,48.717133,2.002203,176.0,52.04,2.9,0.93,10
2025-09-17T15:04:18Z,48.717270,2.002215,175.2,54.65,3.3,0.93,10
2025-09-17T15:04:19Z,48.717421,2.002230,174.7,61.15,3.5,0.93,10
2025-09-17T15:04:20Z,48.717587,2.002247,174.0,67.52,3.8,0.93,10
2025-09-17T15:04:21Z,48.717760,2.002264,173.4,69.23,3.6,0.93,10
2025-09-17T15:04:22Z,48.717933,2.002277,172.8,68.30,2.9,0.93,10
2025-09-17T15:04:23Z,48.718103,2.002291,172.3,67.10,2.7,0.93,10
2025-09-17T15:04:24Z,48.718271,2.002304,171.7,66.89,2.9,0.93,10
2025-09-17T15:04:25Z,48.718440,2.002317,171.2,68.25,3.0,0.93,10
2025-09-17T15:04:26Z,48.718607,2.002331,170.9,65.56,3.0,0.96,10
2025-09-17T15:04:27Z,48.718762,2.002343,170.5,61.23,3.0,0.96,10
2025-09-17T15:04:28Z,48.718908,2.002353,170.2,56.82,2.3,0.96,10
2025-09-17T15:04:29Z,48.719043,2.002360,169.9,52.80,1.4,0.96,10
2025-09-17T15:04:30Z,48.719169,2.002354,169.4,49.71,357.4,0.96,10
2025-09-17T15:04:31Z,48.719286,2.002337,169.2,46.04,353.7,0.93,10
2025-09-17T15:04:32Z,48.719393,2.002317,168.8,41.91,352.2,0.93,10
2025-09-17T15:04:33Z,48.719491,2.002295,168.4,38.26,351.7,0.93,10
2025-09-17T15:04:34Z,48.719575,2.002276,167.9,32.28,351.0,0.93,10
2025-09-17T15:04:35Z,48.719649,2.002262,167.5,28.02,352.6,0.93,10
2025-09-17T15:04:36Z,48.719714,2.002257,166.9,25.06,358.3,0.93,10
2025-09-17T15:04:37Z,48.719781,2.002276,166.5,27.26,12.3,0.92,10
2025-09-17T15:04:38Z,48.719849,2.002325,166.0,30.61,29.8,0.92,10
2025-09-17T15:04:39Z,48.719917,2.002389,165.6,32.24,32.9,0.92,10
2025-09-17T15:04:40Z,48.719991,2.002433,165.4,30.93,19.3,0.92,10
2025-09-17T15:04:41Z,48.720066,2.002442,165.1,30.52,0.3,0.92,10
2025-09-17T15:04:42Z,48.720139,2.002408,164.9,30.82,337.8,0.92,10
2025-09-17T15:04:43Z,48.720199,2.002336,164.8,31.41,317.3,0.92,10
2025-09-17T15:04:44Z,48.720238,2.002240,164.6,30.17,295.0,1.02,9
2025-09-17T15:04:45Z,48.720246,2.002130,164.2,29.72,270.3,1.02,9
2025-09-17T15:04:46Z,48.720223,2.002024,164.0,30.56,247.6,0.92,10
2025-09-17T15:04:47Z,48.720175,2.001936,163.8,31.00,226.8,0.92,10
2025-09-17T15:04:48Z,48.720105,2.001889,163.4,30.76,200.1,0.92,10
2025-09-17T15:04:49Z,48.720028,2.001889,163.5,32.02,175.4,0.92,10
2025-09-17T15:04:50Z,48.719947,2.001940,163.1,36.74,153.1,0.92,10
2025-09-17T15:04:51Z,48.719863,2.002034,162.9,44.78,142.5,0.92,10
2025-09-17T15:04:52Z,48.719762,2.002129,162.2,48.87,149.5,0.92,10
2025-09-17T15:04:53Z,48.719642,2.002206,161.9,53.67,159.2,0.92,10
2025-09-17T15:04:54Z,48.719492,2.002260,161.7,64.04,167.9,0.92,10
2025-09-17T15:04:55Z,48.719331,2.002299,162.1,66.17,171.9,0.92,10
2025-09-17T15:04:56Z,48.719158,2.002323,162.1,70.62,175.6,0.92,10
2025-09-17T15:04:57Z,48.718980,2.002330,162.0,71.49,179.3,0.92,10
2025-09-17T15:04:58Z,48.718800,2.002328,162.1,72.43,180.8,0.92,10
2025-09-17T15:04:59Z,48.718626,2.002324,162.1,69.43,180.9,0.92,10
2025-09-17T15:05:00Z,48.718450,2.002315,162.1,70.86,182.3,1.12,9
2025-09-17T15:05:01Z,48.718279,2.002300,162.3,68.43,183.6,1.12,9
2025-09-17T15:05:02Z,48.718123,2.002286,162.3,61.97,183.9,1.12,9
2025-09-17T15:05:03Z,48.717977,2.002271,162.4,57.93,183.8,0.92,10
2025-09-17T15:05:04Z,48.717837,2.002260,162.4,56.62,183.4,0.92,10
2025-09-17T15:05:05Z,48.717695,2.002247,162.1,58.23,183.8,0.92,10
2025-09-17T15:05:06Z,48.717552,2.002236,161.9,57.86,183.1,0.92,10
2025-09-17T15:05:07Z,48.717410,2.002226,161.8,57.02,182.3,0.92,10
2025-09-17T15:05:08Z,48.717267,2.002218,161.8,57.86,182.7,0.92,10
2025-09-17T15:05:09Z,48.717121,2.002208,161.8,59.25,183.2,0.92,10
2025-09-17T15:05:10Z,48.716971,2.002197,161.8,60.82,183.2,0.92,10
2025-09-17T15:05:11Z,48.716818,2.002185,161.7,61.50,182.9,1.12,9
2025-09-17T15:05:12Z,48.716664,2.002173,161.6,61.93,183.2,1.12,9
2025-09-17T15:05:13Z,48.716510,2.002160,161.6,61.95,183.5,1.12,9
2025-09-17T15:05:14Z,48.716357,2.002147,161.6,61.62,183.2,1.12,9
2025-09-17T15:05:15Z,48.716200,2.002135,161.6,63.89,182.9,1.12,9
2025-09-17T15:05:16Z,48.716035,2.002123,161.6,66.88,182.8,1.12,9
2025-09-17T15:05:17Z,48.715864,2.002112,161.7,69.54,182.6,1.12,9
2025-09-17T15:05:18Z,48.715690,2.002101,161.8,70.14,182.5,1.12,9
2025-09-17T15:05:19Z,48.715516,2.002088,161.8,69.76,183.0,1.12,9
2025-09-17T15:05:20Z,48.715344,2.002074,161.9,68.65,183.2,1.12,9
2025-09-17T15:05:21Z,48.715175,2.002061,162.0,67.62,182.8,1.12,9
2025-09-17T15:05:22Z,48.715007,2.002048,162.1,67.43,182.9,1.12,9
2025-09-17T15:05:23Z,48.714839,2.002033,162.2,67.41,183.7,1.12,9
2025-09-17T15:05:24Z,48.714672,2.002018,162.2,67.14,183.4,1.12,9
2025-09-17T15:05:25Z,48.714506,2.002007,162.3,66.13,182.3,1.12,9
2025-09-17T15:05:26Z,48.714340,2.001995,162.4,66.99,182.8,1.12,9
2025-09-17T15:05:27Z,48.714173,2.001981,162.5,67.02,183.2,1.12,9
2025-09-17T15:05:28Z,48.714006,2.001968,162.7,66.88,183.2,1.12,9
2025-09-17T15:05:29Z,48.713839,2.001954,162.8,67.14,183.2,1.12,9
2025-09-17T15:05:30Z,48.713670,2.001941,163.0,67.62,183.1,1.12,9
2025-09-17T15:05:31Z,48.713500,2.001927,163.0,68.21,183.1,1.12,9
2025-09-17T15:05:32Z,48.713328,2.001914,163.2,69.30,183.1,1.12,9
2025-09-17T15:05:33Z,48.713153,2.001904,163.2,69.82,181.6,1.12,9
2025-09-17T15:05:34Z,48.712978,2.001895,163.4,70.45,182.1,1.12,9
2025-09-17T15:05:35Z,48.712802,2.001879,163.7,71.15,183.8,1.12,9
2025-09-17T15:05:36Z,48.712626,2.001859,164.0,70.60,184.2,1.12,9
2025-09-17T15:05:37Z,48.712449,2.001839,164.2,71.75,184.0,1.12,9
2025-09-17T15:05:38Z,48.712268,2.001823,164.5,72.71,183.4,1.12,9
2025-09-17T15:05:39Z,48.712089,2.001806,164.7,71.91,183.6,1.12,9
2025-09-17T15:05:40Z,48.711913,2.001789,164.9,70.19,183.6,1.12,9
2025-09-17T15:05:41Z,48.711743,2.001775,165.1,67.82,183.2,0.92,10
2025-09-17T15:05:42Z,48.711576,2.001761,165.3,66.58,182.9,0.92,10
2025-09-17T15:05:43Z,48.711411,2.001749,165.5,65.95,183.0,0.92,10
2025-09-17T15:05:44Z,48.711248,2.001737,165.5,65.26,183.0,1.12,9
2025-09-17T15:05:45Z,48.711085,2.001723,165.3,65.60,183.0,1.12,9
2025-09-17T15:05:46Z,48.710920,2.001711,165.4,66.23,182.5,1.12,9
2025-09-17T15:05:47Z,48.710760,2.001695,165.5,63.65,184.2,1.12,9
2025-09-17T15:05:48Z,48.710605,2.001680,165.6,61.56,183.2,1.12,9
2025-09-17T15:05:49Z,48.710453,2.001667,165.7,60.60,183.1,1.19,9
2025-09-17T15:05:50Z,48.710301,2.001662,165.7,60.99,180.3,1.23,8
2025-09-17T15:05:51Z,48.710156,2.001677,166.1,58.38,175.2,0.99,8
2025-09-17T15:05:52Z,48.710014,2.001676,166.6,56.19,179.9,0.98,9
2025-09-17T15:05:53Z,48.709898,2.001691,167.1,48.80,175.8,0.98,9
2025-09-17T15:05:54Z,48.709760,2.001704,168.5,53.69,174.9,0.96,10
2025-09-17T15:05:55Z,48.709621,2.001702,170.2,53.82,179.3,0.92,10
2025-09-17T15:05:56Z,48.709447,2.001690,170.3,64.25,182.3,1.13,9
2025-09-17T15:05:57Z,48.709307,2.001691,170.5,54.28,179.1,1.13,9
2025-09-17T15:05:58Z,48.709164,2.001682,170.6,55.65,181.9,1.12,9
2025-09-17T15:05:59Z,48.709038,2.001679,171.2,50.04,179.9,1.12,10
2025-09-17T15:06:00Z,48.708896,2.001660,169.8,54.73,181.9,1.19,9
2025-09-17T15:06:01Z,48.708774,2.001679,170.0,48.89,171.4,1.19,8
2025-09-17T15:06:02Z,48.708636,2.001668,171.1,51.71,181.9,1.19,8
2025-09-17T15:06:03Z,48.708523,2.001640,171.1,46.00,182.9,1.12,9
2025-09-17T15:06:04Z,48.708338,2.001608,174.7,52.84,185.5,1.02,10
2025-09-17T15:06:05Z,48.708193,2.001584,172.6,52.49,184.4,1.12,10
2025-09-17T15:06:06Z,48.708075,2.001528,172.7,43.98,196.6,1.12,9
2025-09-17T15:06:07Z,48.707968,2.001432,174.3,43.89,211.4,1.12,9
2025-09-17T15:06:08Z,48.707948,2.001325,176.6,25.21,227.0,1.12,9
2025-09-17T15:06:09Z,48.707918,2.001152,179.9,48.19,263.0,0.92,10
2025-09-17T15:06:10Z,48.707940,2.000940,180.7,60.36,283.6,1.04,10
2025-09-17T15:06:11Z,48.707991,2.000721,180.2,60.88,297.5,1.04,9
2025-09-17T15:06:12Z,48.708062,2.000532,180.9,56.86,304.8,1.04,8
2025-09-17T15:06:13Z,48.708120,2.000346,183.4,53.41,308.7,0.96,9
2025-09-17T15:06:14Z,48.708159,2.000171,184.0,49.00,307.4,0.96,9
2025-09-17T15:06:15Z,48.708206,2.000022,181.1,43.23,301.4,1.22,8
2025-09-17T15:06:16Z,48.708238,1.999898,180.8,35.35,296.5,1.22,8
2025-09-17T15:06:17Z,48.708261,1.999760,182.3,36.69,292.1,1.22,8
2025-09-17T15:06:18Z,48.708292,1.999612,184.7,39.06,291.6,1.22,8
2025-09-17T15:06:19Z,48.708326,1.999477,186.6,38.52,292.4,1.04,9
2025-09-17T15:06:20Z,48.708363,1.999347,185.8,37.08,295.8,1.58,8
2025-09-17T15:06:21Z,48.708407,1.999192,185.0,42.36,296.4,1.58,8
2025-09-17T15:06:22Z,48.708457,1.999006,186.2,43.69,287.0,1.58,9
2025-09-17T15:06:23Z,48.708537,1.998884,182.5,40.78,319.4,1.04,9
2025-09-17T15:06:24Z,48.708622,1.998797,183.7,42.89,327.8,0.97,9
2025-09-17T15:06:25Z,48.708695,1.998713,186.9,42.73,330.8,0.97,9
2025-09-17T15:06:26Z,48.708769,1.998597,194.4,44.80,324.9,0.92,10
2025-09-17T15:06:27Z,48.708863,1.998414,198.0,54.54,312.7,1.02,10
2025-09-17T15:06:28Z,48.708941,1.998199,194.9,62.78,304.2,1.22,9
2025-09-17T15:06:29Z,48.708997,1.997953,196.9,67.12,295.3,1.02,9
2025-09-17T15:06:30Z,48.709037,1.997704,198.2,66.95,287.1,1.22,9
2025-09-17T15:06:31Z,48.709069,1.997463,197.9,64.45,283.6,1.22,9
2025-09-17T15:06:32Z,48.709110,1.997243,198.0,60.89,282.3,1.22,9
2025-09-17T15:06:33Z,48.709164,1.997040,195.2,57.32,285.4,1.59,10
2025-09-17T15:06:34Z,48.709250,1.996871,193.1,53.30,295.6,1.59,8
2025-09-17T15:06:35Z,48.709353,1.996731,192.0,52.56,308.3,1.59,8
2025-09-17T15:06:36Z,48.709472,1.996630,194.9,52.13,321.9,1.22,9
2025-09-17T15:06:37Z,48.709569,1.996530,197.5,50.37,326.5,1.22,9
2025-09-17T15:06:38Z,48.709648,1.996405,201.0,47.69,321.5,1.22,8
2025-09-17T15:06:39Z,48.709720,1.996272,201.7,46.36,316.7,1.22,9
2025-09-17T15:06:40Z,48.709783,1.996127,203.9,46.06,310.8,1.22,8
2025-09-17T15:06:41Z,48.709816,1.995954,205.2,46.08,300.2,1.22,8
2025-09-17T15:06:42Z,48.709827,1.995729,207.5,52.13,287.4,1.59,8
2025-09-17T15:06:43Z,48.709885,1.995545,208.8,52.47,289.3,1.59,7
2025-09-17T15:06:44Z,48.709946,1.995351,207.5,54.67,292.0,1.59,8
2025-09-17T15:06:45Z,48.710021,1.995175,207.6,54.19,297.8,1.59,8
2025-09-17T15:06:46Z,48.710107,1.995034,208.7,51.71,306.3,1.59,9
2025-09-17T15:06:47Z,48.710178,1.994874,211.9,51.00,305.8,1.07,9
2025-09-17T15:06:48Z,48.710248,1.994705,211.7,51.74,303.7,1.59,8
2025-09-17T15:06:49Z,48.710253,1.994495,211.4,50.80,290.1,1.59,9
2025-09-17T15:06:50Z,48.710285,1.994307,211.0,49.28,283.2,1.59,8
2025-09-17T15:06:51Z,48.710336,1.994149,206.4,45.49,285.7,1.59,9
2025-09-17T15:06:52Z,48.710382,1.993995,201.8,43.63,289.3,1.04,9
2025-09-17T15:06:53Z,48.710437,1.993854,200.2,42.63,297.1,1.04,10
2025-09-17T15:06:54Z,48.710501,1.993724,199.8,42.10,304.6,1.04,9
2025-09-17T15:06:55Z,48.710555,1.993585,200.5,42.13,305.4,1.22,10
2025-09-17T15:06:56Z,48.710609,1.993442,200.1,42.45,303.1,1.22,9
2025-09-17T15:06:57Z,48.710615,1.993251,198.9,45.21,282.8,1.22,9
2025-09-17T15:06:58Z,48.710641,1.993094,194.2,44.23,280.9,1.22,9
2025-09-17T15:06:59Z,48.710667,1.992940,193.2,43.19,281.7,1.22,10
2025-09-17T15:07:00Z,48.710707,1.992800,192.6,41.23,286.9,1.60,9
2025-09-17T15:07:01Z,48.710758,1.992649,191.1,43.19,291.8,1.60,8
2025-09-17T15:07:02Z,48.710830,1.992491,190.8,46.13,297.7,1.60,8
2025-09-17T15:07:03Z,48.710889,1.992343,190.6,45.71,298.3,1.04,9
2025-09-17T15:07:04Z,48.710947,1.992195,190.0,45.34,297.8,1.60,10
2025-09-17T15:07:05Z,48.710974,1.992039,189.0,41.84,290.8,1.60,8
2025-09-17T15:07:06Z,48.710970,1.991866,186.9,42.87,280.0,1.60,7
2025-09-17T15:07:07Z,48.710935,1.991688,186.1,44.47,262.8,1.60,7
2025-09-17T15:07:08Z,48.710956,1.991563,180.9,43.21,257.2,1.60,7
2025-09-17T15:07:09Z,48.710971,1.991411,170.3,41.73,265.9,1.44,7
2025-09-17T15:07:10Z,48.710985,1.991269,167.6,38.10,272.8,1.68,7
2025-09-17T15:07:11Z,48.711025,1.991138,167.7,37.65,286.3,1.04,8
2025-09-17T15:07:12Z,48.711073,1.991021,168.2,36.89,298.8,1.04,8
2025-09-17T15:07:13Z,48.711114,1.990914,171.3,33.24,301.0,0.96,10
2025-09-17T15:07:14Z,48.711120,1.990796,172.5,30.87,287.3,1.02,9
2025-09-17T15:07:15Z,48.711117,1.990695,171.3,27.34,279.8,1.02,9
2025-09-17T15:07:16Z,48.711078,1.990559,170.7,33.71,254.7,1.02,9
2025-09-17T15:07:17Z,48.711028,1.990432,169.9,37.02,239.1,1.02,9
2025-09-17T15:07:18Z,48.710918,1.990330,164.7,47.69,215.9,0.92,10
2025-09-17T15:07:19Z,48.710843,1.990257,156.5,49.06,209.9,0.92,10
2025-09-17T15:07:20Z,48.710751,1.990186,149.2,49.95,205.1,1.04,10
2025-09-17T15:07:21Z,48.710657,1.990118,143.8,49.12,203.0,1.04,9
2025-09-17T15:07:22Z,48.710539,1.990059,139.1,50.93,199.4,1.22,7
2025-09-17T15:07:23Z,48.710427,1.990007,139.0,50.73,196.5,1.22,7
2025-09-17T15:07:24Z,48.710312,1.989947,136.3,50.41,196.7,1.13,8
2025-09-17T15:07:25Z,48.710182,1.989896,134.5,52.71,193.6,1.13,9
2025-09-17T15:07:26Z,48.710060,1.989853,132.6,52.45,191.6,1.13,8
2025-09-17T15:07:27Z,48.709941,1.989814,130.4,51.17,190.2,1.22,9
2025-09-17T15:07:28Z,48.709820,1.989790,128.8,50.78,188.2,1.18,8
2025-09-17T15:07:29Z,48.709700,1.989760,127.8,50.30,187.9,1.18,8
2025-09-17T15:07:30Z,48.709573,1.989747,126.6,51.21,185.0,1.12,9
2025-09-17T15:07:31Z,48.709465,1.989729,125.5,47.86,185.0,1.12,10
2025-09-17T15:07:32Z,48.709350,1.989702,124.7,47.89,185.2,1.12,9
2025-09-17T15:07:33Z,48.709243,1.989680,123.7,46.02,185.9,1.53,9
2025-09-17T15:07:34Z,48.709148,1.989655,123.0,42.63,186.5,1.12,9
2025-09-17T15:07:35Z,48.709126,1.989599,122.0,30.98,195.8,1.12,10
2025-09-17T15:07:36Z,48.709119,1.989576,120.3,20.33,200.5,1.12,9
2025-09-17T15:07:37Z,48.709123,1.989555,119.7,12.32,213.1,1.12,9
2025-09-17T15:07:38Z,48.709108,1.989527,120.0,11.28,220.8,0.92,10
2025-09-17T15:07:39Z,48.709094,1.989502,121.6,9.20,224.6,0.92,10
2025-09-17T15:07:40Z,48.709072,1.989483,122.7,11.13,216.5,0.92,10
2025-09-17T15:07:41Z,48.709046,1.989482,122.6,11.19,194.0,0.96,9
2025-09-17T15:07:42Z,48.709032,1.989490,122.0,12.63,173.1,0.96,9
2025-09-17T15:07:43Z,48.709021,1.989514,120.3,10.85,150.8,0.96,9
2025-09-17T15:07:44Z,48.709016,1.989523,119.3,7.89,144.8,0.96,10
2025-09-17T15:07:45Z,48.709007,1.989522,118.3,3.83,141.4,0.92,10
2025-09-17T15:07:46Z,48.709001,1.989514,117.2,0.56,141.4,0.92,10
2025-09-17T15:07:47Z,48.708999,1.989512,116.2,0.54,141.4,0.92,10
2025-09-17T15:07:48Z,48.709003,1.989505,115.5,0.35,141.4,0.96,10
2025-09-17T15:07:49Z,48.709003,1.989501,115.0,0.28,141.4,0.92,10
2025-09-17T15:07:50Z,48.709002,1.989509,114.5,3.74,126.1,0.92,10
2025-09-17T15:07:51Z,48.709004,1.989522,114.2,5.41,98.4,0.92,10
2025-09-17T15:07:52Z,48.708999,1.989545,114.7,7.59,84.4,0.92,10
2025-09-17T15:07:53Z,48.709012,1.989569,114.4,11.26,58.1,0.92,10
2025-09-17T15:07:54Z,48.709045,1.989585,114.5,18.06,25.2,0.92,10
2025-09-17T15:07:55Z,48.709095,1.989597,114.6,22.85,12.7,0.95,9
2025-09-17T15:07:56Z,48.709151,1.989606,114.3,25.78,8.5,0.92,10
2025-09-17T15:07:57Z,48.709210,1.989622,114.5,27.52,11.0,0.92,10
2025-09-17T15:07:58Z,48.709270,1.989645,115.1,27.58,13.3,0.92,10
2025-09-17T15:07:59Z,48.709328,1.989670,115.0,27.58,15.1,0.92,10
2025-09-17T15:08:00Z,48.709397,1.989719,115.0,30.63,21.9,1.22,10
2025-09-17T15:08:01Z,48.709469,1.989776,115.2,32.32,25.5,1.22,9
2025-09-17T15:08:02Z,48.709552,1.989838,115.6,36.06,26.3,0.92,10
2025-09-17T15:08:03Z,48.709649,1.989846,116.7,38.08,14.5,1.02,10
2025-09-17T15:08:04Z,48.709736,1.989895,117.4,38.45,18.6,1.23,9
2025-09-17T15:08:05Z,48.709835,1.989914,117.7,40.47,13.1,0.92,10
2025-09-17T15:08:06Z,48.709937,1.989942,117.8,41.86,13.4,1.02,10
2025-09-17T15:08:07Z,48.710053,1.989950,118.6,45.63,10.0,0.92,10
2025-09-17T15:08:08Z,48.710165,1.989957,119.6,45.08,7.1,1.02,10
2025-09-17T15:08:09Z,48.710279,1.989994,120.7,46.61,11.4,1.02,9
2025-09-17T15:08:10Z,48.710406,1.990041,121.1,50.82,13.4,1.02,9
2025-09-17T15:08:11Z,48.710523,1.990102,121.4,50.58,18.3,1.95,9
2025-09-17T15:08:12Z,48.710646,1.990162,122.4,52.52,18.2,0.92,10
2025-09-17T15:08:13Z,48.710770,1.990240,122.9,53.41,21.6,1.23,9
2025-09-17T15:08:14Z,48.710879,1.990322,123.3,48.00,26.7,1.02,9
2025-09-17T15:08:15Z,48.710978,1.990393,123.7,43.13,30.1,0.92,10
2025-09-17T15:08:16Z,48.711067,1.990477,123.1,42.15,35.3,1.23,10
2025-09-17T15:08:17Z,48.711145,1.990570,123.1,41.54,45.0,1.02,10
2025-09-17T15:08:18Z,48.711212,1.990692,123.1,44.47,53.1,1.02,9
2025-09-17T15:08:19Z,48.711222,1.990821,124.0,38.00,72.6,1.02,9
2025-09-17T15:08:20Z,48.711215,1.990985,126.0,42.19,88.6,1.02,9
2025-09-17T15:08:21Z,48.711189,1.991166,125.9,48.34,99.5,1.41,9
2025-09-17T15:08:22Z,48.711160,1.991331,125.3,46.19,102.5,1.22,9
2025-09-17T15:08:23Z,48.711142,1.991508,125.8,47.97,101.7,1.22,9
2025-09-17T15:08:24Z,48.711188,1.991710,125.5,49.23,88.2,1.41,9
2025-09-17T15:08:25Z,48.711231,1.991909,123.7,54.15,78.6,1.12,9
2025-09-17T15:08:26Z,48.711252,1.992100,124.7,53.00,79.8,0.92,10
2025-09-17T15:08:27Z,48.711253,1.992298,125.1,53.00,85.2,1.41,9
2025-09-17T15:08:28Z,48.711224,1.992480,125.1,51.21,94.5,1.22,9
2025-09-17T15:08:29Z,48.711210,1.992666,125.1,50.91,95.7,1.22,9
2025-09-17T15:08:30Z,48.711192,1.992850,125.4,50.02,96.6,1.22,9
2025-09-17T15:08:31Z,48.711156,1.993032,126.1,50.30,100.2,1.22,9
2025-09-17T15:08:32Z,48.711139,1.993243,126.5,55.73,98.3,1.12,10
2025-09-17T15:08:33Z,48.711097,1.993440,126.8,55.15,99.1,1.41,9
2025-09-17T15:08:34Z,48.711023,1.993603,127.0,52.87,107.5,1.22,9
2025-09-17T15:08:35Z,48.710968,1.993777,126.6,51.21,110.6,1.22,9
2025-09-17T15:08:36Z,48.710907,1.993920,127.0,46.47,116.3,1.40,9
2025-09-17T15:08:37Z,48.710836,1.994064,127.3,46.76,120.5,1.79,8
2025-09-17T15:08:38Z,48.710763,1.994227,128.3,50.26,121.1,1.79,7
2025-09-17T15:08:39Z,48.710700,1.994433,128.7,58.43,115.9,1.79,7
2025-09-17T15:08:40Z,48.710662,1.994670,129.7,63.54,109.2,1.12,10
2025-09-17T15:08:41Z,48.710579,1.994858,129.7,59.97,113.3,1.40,9
2025-09-17T15:08:42Z,48.710502,1.995042,130.8,56.52,116.4,1.40,8
2025-09-17T15:08:43Z,48.710417,1.995209,131.3,54.21,120.5,1.40,8
2025-09-17T15:08:44Z,48.710322,1.995367,131.4,53.95,124.0,1.40,9
2025-09-17T15:08:45Z,48.710239,1.995515,131.8,52.08,124.2,1.40,8
2025-09-17T15:08:46Z,48.710186,1.995706,133.3,54.86,117.8,1.12,9
2025-09-17T15:08:47Z,48.710173,1.995942,133.7,60.76,106.1,1.40,9
2025-09-17T15:08:48Z,48.710145,1.996148,133.3,56.12,103.6,1.40,9
2025-09-17T15:08:49Z,48.710080,1.996319,133.3,51.47,105.1,1.40,8
2025-09-17T15:08:50Z,48.710053,1.996488,133.7,47.58,103.5,1.40,8
2025-09-17T15:08:51Z,48.709986,1.996589,134.1,38.45,113.2,1.40,9
2025-09-17T15:08:52Z,48.709899,1.996676,133.8,37.23,125.2,1.40,9
2025-09-17T15:08:53Z,48.709786,1.996772,134.3,41.19,134.5,1.40,8
2025-09-17T15:08:54Z,48.709645,1.996869,135.2,47.87,140.3,1.40,8
2025-09-17T15:08:55Z,48.709544,1.996974,136.2,47.52,139.8,1.11,9
2025-09-17T15:08:56Z,48.709473,1.997118,137.8,48.30,133.5,1.11,9
2025-09-17T15:08:57Z,48.709418,1.997266,138.8,47.28,127.2,1.55,9
2025-09-17T15:08:58Z,48.709333,1.997450,140.2,56.26,123.5,1.55,8
2025-09-17T15:08:59Z,48.709295,1.997700,141.5,66.97,113.0,1.55,9
2025-09-17T15:09:00Z,48.709242,1.997961,144.1,73.19,109.1,1.11,9
2025-09-17T15:09:01Z,48.709166,1.998193,144.8,68.21,111.2,1.11,9
2025-09-17T15:09:02Z,48.709087,1.998389,146.0,58.08,115.0,1.40,9
2025-09-17T15:09:03Z,48.708998,1.998542,146.0,50.37,121.0,1.40,8
2025-09-17T15:09:04Z,48.708880,1.998636,146.8,44.37,136.4,1.40,9
2025-09-17T15:09:05Z,48.708784,1.998711,147.4,41.06,145.1,1.40,8
2025-09-17T15:09:06Z,48.708695,1.998787,148.3,40.02,146.5,1.11,9
2025-09-17T15:09:07Z,48.708619,1.998899,149.8,42.39,137.8,1.11,9
2025-09-17T15:09:08Z,48.708550,1.999060,150.9,50.86,125.8,1.11,9
2025-09-17T15:09:09Z,48.708496,1.999269,151.6,61.75,115.1,1.11,9
2025-09-17T15:09:10Z,48.708445,1.999512,152.8,69.26,110.9,1.40,9
2025-09-17T15:09:11Z,48.708407,1.999760,154.4,67.80,106.0,1.22,9
2025-09-17T15:09:12Z,48.708325,1.999986,155.9,67.69,109.8,1.22,9
2025-09-17T15:09:13Z,48.708264,2.000234,155.4,69.67,109.9,1.22,9
2025-09-17T15:09:14Z,48.708179,2.000469,155.2,70.08,113.0,1.22,10
2025-09-17T15:09:15Z,48.708108,2.000688,156.5,64.73,113.0,1.40,9
2025-09-17T15:09:16Z,48.708081,2.000896,157.2,56.25,107.1,1.40,8
2025-09-17T15:09:17Z,48.708036,2.001074,157.6,49.34,106.2,1.11,9
2025-09-17T15:09:18Z,48.708006,2.001228,158.0,43.32,103.0,1.11,9
2025-09-17T15:09:19Z,48.708002,2.001376,159.5,39.21,95.0,0.92,10
2025-09-17T15:09:20Z,48.708028,2.001497,160.2,34.28,78.0,1.51,9
2025-09-17T15:09:21Z,48.708072,2.001598,160.1,33.54,62.7,1.40,8
2025-09-17T15:09:22Z,48.708246,2.001667,160.7,52.56,27.0,1.40,8
2025-09-17T15:09:23Z,48.708370,2.001727,162.3,61.45,21.9,1.22,9
2025-09-17T15:09:24Z,48.708515,2.001782,163.6,61.82,18.2,1.02,9
2025-09-17T15:09:25Z,48.708656,2.001827,164.6,60.36,15.7,1.40,9
2025-09-17T15:09:26Z,48.708793,2.001872,165.8,59.75,14.7,1.40,8
2025-09-17T15:09:27Z,48.708936,2.001913,167.0,60.26,13.9,1.40,9
2025-09-17T15:09:28Z,48.709074,2.001931,168.8,58.56,11.0,1.02,9
2025-09-17T15:09:29Z,48.709251,2.001932,170.5,63.39,7.5,1.23,9
2025-09-17T15:09:30Z,48.709388,2.001930,171.8,60.52,5.4,1.95,8
2025-09-17T15:09:31Z,48.709513,2.001927,173.2,56.87,4.7,1.95,8
2025-09-17T15:09:32Z,48.709645,2.001922,174.9,55.04,3.0,1.23,8
2025-09-17T15:09:33Z,48.709782,2.001939,176.1,55.34,4.3,1.23,8
2025-09-17T15:09:34Z,48.709925,2.001932,176.9,56.25,3.5,1.23,8
2025-09-17T15:09:35Z,48.710068,2.001932,178.5,56.30,2.9,1.23,8
2025-09-17T15:09:36Z,48.710231,2.001896,179.6,59.00,0.2,1.95,8
2025-09-17T15:09:37Z,48.710406,2.001886,180.6,64.32,1.4,1.95,8
2025-09-17T15:09:38Z,48.710573,2.001881,181.7,65.84,1.8,1.95,7
2025-09-17T15:09:39Z,48.710747,2.001872,182.6,66.15,2.6,1.40,8
2025-09-17T15:09:40Z,48.710917,2.001870,182.5,66.63,2.5,1.22,9
2025-09-17T15:09:41Z,48.711089,2.001862,183.1,67.04,1.8,1.95,9
2025-09-17T15:09:42Z,48.711261,2.001861,183.4,67.01,1.6,1.23,9
2025-09-17T15:09:43Z,48.711434,2.001870,183.8,66.93,2.4,1.02,9
2025-09-17T15:09:44Z,48.711611,2.001877,183.2,67.06,2.4,0.94,10
2025-09-17T15:09:45Z,48.711785,2.001880,182.3,66.45,2.4,0.92,10
2025-09-17T15:09:46Z,48.711957,2.001885,181.8,65.86,1.8,0.96,10
2025-09-17T15:09:47Z,48.712122,2.001891,181.4,62.10,1.4,0.96,10
2025-09-17T15:09:48Z,48.712280,2.001893,180.5,57.60,1.5,0.96,10
2025-09-17T15:09:49Z,48.712424,2.001898,178.8,53.67,1.4,0.92,10
2025-09-17T15:09:50Z,48.712562,2.001902,177.4,52.99,1.3,0.94,10
2025-09-17T15:09:51Z,48.712701,2.001909,177.0,53.67,1.8,0.94,9
2025-09-17T15:09:52Z,48.712846,2.001917,176.4,54.15,3.3,0.92,10
2025-09-17T15:09:53Z,48.712996,2.001926,174.2,56.15,1.0,0.92,10
2025-09-17T15:09:54Z,48.713148,2.001935,171.7,58.12,0.3,0.92,10
2025-09-17T15:09:55Z,48.713304,2.001951,169.8,59.13,1.7,0.92,10
2025-09-17T15:09:56Z,48.713460,2.001967,167.7,60.54,3.3,0.92,10
2025-09-17T15:09:57Z,48.713616,2.001988,166.3,61.99,5.2,0.92,10
2025-09-17T15:09:58Z,48.713776,2.002010,165.7,63.63,4.7,0.92,10
2025-09-17T15:09:59Z,48.713942,2.002026,165.1,66.51,3.3,0.92,10
2025-09-17T15:10:00Z,48.714114,2.002041,164.7,68.73,3.2,0.92,10
2025-09-17T15:10:01Z,48.714287,2.002053,164.5,68.84,2.7,0.92,10
2025-09-17T15:10:02Z,48.714457,2.002066,164.1,67.64,2.8,0.92,10
2025-09-17T15:10:03Z,48.714625,2.002080,163.9,66.62,3.1,0.92,10
2025-09-17T15:10:04Z,48.714791,2.002093,163.6,65.82,2.9,0.92,10
2025-09-17T15:10:05Z,48.714954,2.002106,163.3,65.01,2.8,0.92,10
2025-09-17T15:10:06Z,48.715114,2.002119,163.0,63.23,2.9,0.92,10
2025-09-17T15:10:07Z,48.715276,2.002130,162.7,65.06,3.1,0.92,10
2025-09-17T15:10:08Z,48.715445,2.002144,162.5,67.43,3.1,0.92,10
2025-09-17T15:10:09Z,48.715618,2.002157,162.2,69.88,3.1,0.92,10
2025-09-17T15:10:10Z,48.715798,2.002171,162.0,72.36,3.0,0.92,10
2025-09-17T15:10:11Z,48.715984,2.002185,161.9,74.58,3.0,0.92,10
2025-09-17T15:10:12Z,48.716176,2.002198,161.6,77.19,2.6,0.92,10
2025-09-17T15:10:13Z,48.716373,2.002211,161.5,79.21,2.4,0.92,10
2025-09-17T15:10:14Z,48.716574,2.002224,161.3,80.56,2.6,0.92,10
2025-09-17T15:10:15Z,48.716777,2.002238,161.2,81.23,2.8,0.92,10
2025-09-17T15:10:16Z,48.716981,2.002253,160.9,81.40,2.8,0.92,10
2025-09-17T15:10:17Z,48.717185,2.002269,160.7,81.43,3.2,0.92,10
2025-09-17T15:10:18Z,48.717388,2.002289,160.4,81.12,3.9,0.92,10
2025-09-17T15:10:19Z,48.717590,2.002308,160.1,80.54,3.5,0.92,10
2025-09-17T15:10:20Z,48.717791,2.002324,159.8,80.17,3.0,0.92,10
2025-09-17T15:10:21Z,48.717985,2.002339,159.5,76.62,2.8,0.92,10
2025-09-17T15:10:22Z,48.718168,2.002351,159.2,72.28,2.6,0.92,10
2025-09-17T15:10:23Z,48.718339,2.002361,159.1,67.34,2.5,0.92,10
2025-09-17T15:10:24Z,48.718501,2.002370,159.0,63.99,2.2,0.92,10
2025-09-17T15:10:25Z,48.718653,2.002379,158.7,59.54,2.4,0.92,10
2025-09-17T15:10:26Z,48.718793,2.002389,158.6,55.15,3.0,0.92,10
2025-09-17T15:10:27Z,48.718924,2.002397,158.3,51.39,2.2,0.92,10
2025-09-17T15:10:28Z,48.719051,2.002400,158.2,50.43,0.9,0.92,10
2025-09-17T15:10:29Z,48.719176,2.002397,158.1,50.00,359.0,0.92,10
2025-09-17T15:10:30Z,48.719294,2.002384,158.0,46.86,355.5,0.92,10
2025-09-17T15:10:31Z,48.719402,2.002363,157.9,42.54,351.4,0.92,10
2025-09-17T15:10:32Z,48.719498,2.002337,157.6,37.84,349.3,0.92,10
2025-09-17T15:10:33Z,48.719584,2.002314,157.4,33.89,349.9,0.92,10
2025-09-17T15:10:34Z,48.719658,2.002295,157.2,28.82,351.6,0.92,10
2025-09-17T15:10:35Z,48.719717,2.002285,157.1,22.21,355.0,0.92,10
2025-09-17T15:10:36Z,48.719763,2.002282,157.0,17.08,358.5,0.92,10
2025-09-17T15:10:37Z,48.719808,2.002294,157.0,18.96,11.7,0.92,10
2025-09-17T15:10:38Z,48.719861,2.002337,156.9,25.98,30.4,0.92,10
2025-09-17T15:10:39Z,48.719919,2.002392,156.9,28.15,32.9,0.92,10
2025-09-17T15:10:40Z,48.719984,2.002441,156.9,29.45,25.0,0.92,10
2025-09-17T15:10:41Z,48.720056,2.002469,156.9,29.98,12.4,0.92,10
2025-09-17T15:10:42Z,48.720129,2.002462,156.9,29.63,352.1,0.92,10
2025-09-17T15:10:43Z,48.720196,2.002417,157.0,29.15,330.5,0.92,10
2025-09-17T15:10:44Z,48.720247,2.002339,157.1,29.08,308.4,0.92,10
2025-09-17T15:10:45Z,48.720277,2.002235,157.1,30.76,286.6,0.92,10
2025-09-17T15:10:46Z,48.720277,2.002118,157.0,31.52,263.9,0.92,10
2025-09-17T15:10:47Z,48.720247,2.002011,157.0,31.45,239.3,0.92,10
2025-09-17T15:10:48Z,48.720191,2.001937,156.8,30.47,214.4,0.92,10
2025-09-17T15:10:49Z,48.720121,2.001902,156.9,29.95,192.1,0.92,10
2025-09-17T15:10:50Z,48.720046,2.001914,156.7,31.24,167.6,0.92,10
2025-09-17T15:10:51Z,48.719972,2.001969,156.4,34.32,149.3,1.11,9
2025-09-17T15:10:52Z,48.719901,2.002052,156.0,37.34,140.0,0.92,10
2025-09-17T15:10:53Z,48.719823,2.002137,155.8,38.97,146.1,0.92,10
2025-09-17T15:10:54Z,48.719731,2.002200,155.8,41.74,158.8,0.92,10
2025-09-17T15:10:55Z,48.719620,2.002248,155.9,48.00,166.2,0.92,10
2025-09-17T15:10:56Z,48.719492,2.002288,155.8,54.19,169.3,0.92,10
2025-09-17T15:10:57Z,48.719357,2.002323,156.2,54.95,170.9,0.92,10
2025-09-17T15:10:58Z,48.719227,2.002347,156.4,51.87,174.5,0.92,10
2025-09-17T15:10:59Z,48.719104,2.002357,156.3,48.02,178.4,0.92,10
2025-09-17T15:11:00Z,48.718991,2.002356,156.4,44.28,181.5,0.92,10
2025-09-17T15:11:01Z,48.718885,2.002349,156.5,41.73,182.7,0.92,10
2025-09-17T15:11:02Z,48.718779,2.002339,156.7,42.32,183.9,0.92,10
2025-09-17T15:11:03Z,48.718673,2.002329,156.9,42.63,183.8,0.92,10
2025-09-17T15:11:04Z,48.718566,2.002318,157.0,43.00,184.0,0.92,10
2025-09-17T15:11:05Z,48.718459,2.002309,157.3,43.28,183.1,0.92,10
2025-09-17T15:11:06Z,48.718350,2.002300,157.4,43.82,183.0,0.92,10
2025-09-17T15:11:07Z,48.718240,2.002295,157.7,44.41,182.0,0.92,10
2025-09-17T15:11:08Z,48.718128,2.002289,157.8,45.13,181.9,1.11,10
2025-09-17T15:11:09Z,48.718012,2.002283,158.0,46.50,182.0,1.11,9
2025-09-17T15:11:10Z,48.717894,2.002276,158.3,47.65,182.3,1.11,9
2025-09-17T15:11:11Z,48.717772,2.002268,158.4,48.78,182.6,1.11,9
2025-09-17T15:11:12Z,48.717650,2.002258,158.7,49.26,183.1,0.92,10
2025-09-17T15:11:13Z,48.717531,2.002249,158.9,47.08,183.0,0.92,10
2025-09-17T15:11:14Z,48.717408,2.002239,159.1,50.15,183.0,0.92,10
2025-09-17T15:11:15Z,48.717278,2.002230,159.3,53.08,182.8,0.92,10
2025-09-17T15:11:16Z,48.717144,2.002220,159.5,54.06,182.7,0.92,10
2025-09-17T15:11:17Z,48.717006,2.002210,159.8,55.34,182.6,0.92,10
2025-09-17T15:11:18Z,48.716870,2.002201,160.0,54.75,182.9,0.92,10
2025-09-17T15:11:19Z,48.716733,2.002191,160.1,54.45,182.6,0.92,10
2025-09-17T15:11:20Z,48.716598,2.002182,160.2,54.04,182.5,0.92,10
2025-09-17T15:11:21Z,48.716462,2.002172,160.3,55.15,182.6,0.92,10
2025-09-17T15:11:22Z,48.716323,2.002162,160.5,55.89,183.0,0.92,10
2025-09-17T15:11:23Z,48.716181,2.002149,160.6,56.91,183.4,0.92,10
2025-09-17T15:11:24Z,48.716037,2.002136,160.8,58.06,183.6,0.92,10
2025-09-17T15:11:25Z,48.715893,2.002124,161.0,58.10,183.2,0.92,10
2025-09-17T15:11:26Z,48.715751,2.002111,161.1,56.50,183.6,0.92,10
2025-09-17T15:11:27Z,48.715613,2.002097,161.2,55.08,183.7,0.92,10
2025-09-17T15:11:28Z,48.715475,2.002085,161.4,55.17,183.2,0.92,10
2025-09-17T15:11:29Z,48.715336,2.002074,161.6,55.86,182.7,0.92,10
2025-09-17T15:11:30Z,48.715196,2.002062,161.8,56.26,183.1,0.91,10
2025-09-17T15:11:31Z,48.715055,2.002050,162.0,56.41,183.0,0.91,10
2025-09-17T15:11:32Z,48.714915,2.002039,162.2,56.62,183.3,0.91,10
2025-09-17T15:11:33Z,48.714773,2.002024,162.4,57.25,184.5,0.91,10
2025-09-17T15:11:34Z,48.714630,2.002010,162.4,57.58,183.1,0.91,10
2025-09-17T15:11:35Z,48.714485,2.001999,162.5,58.41,182.8,0.91,10
2025-09-17T15:11:36Z,48.714338,2.001988,162.6,59.17,183.1,0.91,10
2025-09-17T15:11:37Z,48.714190,2.001975,162.8,59.60,183.3,0.91,10
2025-09-17T15:11:38Z,48.714041,2.001963,163.0,59.88,182.9,0.91,10
2025-09-17T15:11:39Z,48.713891,2.001952,163.0,60.10,182.8,0.91,10
2025-09-17T15:11:40Z,48.713741,2.001941,163.1,60.50,182.8,0.91,10
2025-09-17T15:11:41Z,48.713589,2.001928,163.3,60.78,183.4,0.91,10
2025-09-17T15:11:42Z,48.713437,2.001917,163.4,61.08,182.8,0.91,10
2025-09-17T15:11:43Z,48.713284,2.001904,163.6,61.41,183.1,0.91,10
2025-09-17T15:11:44Z,48.713131,2.001892,163.8,61.39,183.2,0.91,10
2025-09-17T15:11:45Z,48.712978,2.001879,163.8,61.12,183.0,0.91,10
2025-09-17T15:11:46Z,48.712827,2.001867,164.0,60.76,183.1,0.91,10
2025-09-17T15:11:47Z,48.712676,2.001857,164.3,60.30,182.5,0.91,10
2025-09-17T15:11:48Z,48.712525,2.001847,164.5,60.23,182.6,1.11,10
2025-09-17T15:11:49Z,48.712373,2.001837,164.6,61.08,182.3,1.11,9
2025-09-17T15:11:50Z,48.712220,2.001831,164.7,61.52,181.5,1.11,9
2025-09-17T15:11:51Z,48.712066,2.001822,164.9,61.91,182.1,1.11,9
2025-09-17T15:11:52Z,48.711911,2.001809,165.1,62.06,183.3,1.11,9
2025-09-17T15:11:53Z,48.711752,2.001793,165.3,64.36,184.0,1.11,9
2025-09-17T15:11:54Z,48.711590,2.001775,165.4,65.23,183.9,1.11,9
2025-09-17T15:11:55Z,48.711428,2.001759,165.6,64.89,183.6,1.11,9
2025-09-17T15:11:56Z,48.711266,2.001745,165.8,65.12,183.1,1.11,9
2025-09-17T15:11:57Z,48.711104,2.001730,165.7,64.78,183.4,1.11,9
2025-09-17T15:11:58Z,48.710941,2.001714,165.8,65.26,183.2,1.11,9
2025-09-17T15:11:59Z,48.710779,2.001699,166.0,64.93,183.6,1.12,9
2025-09-17T15:12:00Z,48.710617,2.001687,165.9,65.04,182.6,1.11,9
2025-09-17T15:12:01Z,48.710453,2.001671,165.9,65.97,183.9,1.16,9
2025-09-17T15:12:02Z,48.710294,2.001659,165.8,63.43,182.5,1.20,8
2025-09-17T15:12:03Z,48.710130,2.001647,165.9,65.15,182.4,1.16,8
2025-09-17T15:12:04Z,48.709970,2.001662,166.2,65.63,176.2,1.16,8
2025-09-17T15:12:05Z,48.709804,2.001629,167.3,67.26,185.1,1.11,9
2025-09-17T15:12:06Z,48.709632,2.001590,169.9,69.71,187.9,1.11,9
2025-09-17T15:12:07Z,48.709474,2.001573,172.4,64.54,183.9,1.11,9
2025-09-17T15:12:08Z,48.709339,2.001571,174.4,56.13,180.2,1.12,9
2025-09-17T15:12:09Z,48.709213,2.001567,177.3,51.10,181.8,1.12,8
2025-09-17T15:12:10Z,48.709083,2.001555,179.0,52.15,183.6,1.63,7
2025-09-17T15:12:11Z,48.708985,2.001555,180.7,42.45,181.8,1.12,8
2025-09-17T15:12:12Z,48.708889,2.001549,181.9,39.84,184.2,1.63,7
2025-09-17T15:12:13Z,48.708809,2.001554,183.0,33.60,176.9,1.12,8
2025-09-17T15:12:14Z,48.708704,2.001568,183.6,39.98,174.7,4.52,8
2025-09-17T15:12:15Z,48.708615,2.001576,184.3,35.85,178.0,4.52,6
2025-09-17T15:12:16Z,48.708529,2.001585,185.1,35.00,176.2,4.53,7
2025-09-17T15:12:17Z,48.708417,2.001578,187.3,38.11,180.3,1.11,9
2025-09-17T15:12:18Z,48.708308,2.001586,188.2,37.48,176.5,1.11,9
2025-09-17T15:12:19Z,48.708209,2.001565,187.5,37.39,185.5,1.11,9
2025-09-17T15:12:20Z,48.708116,2.001503,189.3,34.56,200.8,1.11,9
2025-09-17T15:12:21Z,48.708027,2.001392,189.9,36.67,228.3,1.11,10
2025-09-17T15:12:22Z,48.707988,2.001253,186.1,41.95,244.6,1.11,9
2025-09-17T15:12:23Z,48.708006,2.001060,191.1,53.99,278.4,1.11,9
2025-09-17T15:12:24Z,48.708031,2.000856,191.9,61.02,293.6,0.91,10
2025-09-17T15:12:25Z,48.708093,2.000631,192.8,71.10,303.9,0.91,10
2025-09-17T15:12:26Z,48.708203,2.000384,193.0,78.38,309.2,0.96,9
2025-09-17T15:12:27Z,48.708265,2.000107,196.0,77.41,302.3,1.12,8
2025-09-17T15:12:28Z,48.708296,1.999833,194.8,73.67,292.1,1.12,8
2025-09-17T15:12:29Z,48.708305,1.999586,192.5,60.75,284.7,0.96,9
2025-09-17T15:12:30Z,48.708339,1.999366,192.3,59.97,289.1,1.04,9
2025-09-17T15:12:31Z,48.708362,1.999163,191.7,51.54,289.0,1.70,7
2025-09-17T15:12:32Z,48.708412,1.998989,190.5,48.23,295.2,1.70,8
2025-09-17T15:12:33Z,48.708490,1.998839,190.2,42.58,306.8,1.70,8
2025-09-17T15:12:34Z,48.708568,1.998733,187.4,41.30,328.2,1.70,7
2025-09-17T15:12:35Z,48.708645,1.998630,190.1,45.00,333.3,1.04,8
2025-09-17T15:12:36Z,48.708731,1.998523,189.8,44.61,324.6,0.96,9
2025-09-17T15:12:37Z,48.708786,1.998377,188.7,45.36,314.6,0.91,10
2025-09-17T15:12:38Z,48.708880,1.998149,194.0,61.17,304.6,0.96,10
2025-09-17T15:12:39Z,48.708936,1.997909,191.9,67.45,298.9,1.70,9
2025-09-17T15:12:40Z,48.709010,1.997678,196.5,67.78,295.7,1.24,9
2025-09-17T15:12:41Z,48.709056,1.997451,194.4,63.10,290.5,1.70,9
2025-09-17T15:12:42Z,48.709095,1.997227,193.8,61.47,286.5,1.70,8
2025-09-17T15:12:43Z,48.709144,1.997017,191.9,58.97,286.3,1.70,7
2025-09-17T15:12:44Z,48.709221,1.996825,189.2,58.06,292.8,1.70,7
2025-09-17T15:12:45Z,48.709309,1.996657,188.7,56.62,301.1,1.04,8
2025-09-17T15:12:46Z,48.709397,1.996546,191.1,49.08,310.6,1.04,8
2025-09-17T15:12:47Z,48.709510,1.996439,193.8,51.08,319.8,1.24,9
2025-09-17T15:12:48Z,48.709600,1.996317,196.0,49.87,320.4,1.24,8
2025-09-17T15:12:49Z,48.709681,1.996182,196.2,50.23,317.9,1.24,8
2025-09-17T15:12:50Z,48.709763,1.996046,198.0,49.47,315.2,1.24,8
2025-09-17T15:12:51Z,48.709831,1.995919,198.8,46.63,311.3,1.79,9
2025-09-17T15:12:52Z,48.709826,1.995687,199.3,52.62,292.6,1.79,6
2025-09-17T15:12:53Z,48.709889,1.995506,203.6,53.65,293.2,1.71,7
2025-09-17T15:12:54Z,48.709964,1.995347,203.1,50.86,297.7,1.71,8
2025-09-17T15:12:55Z,48.710042,1.995182,203.1,51.78,300.7,0.96,9
2025-09-17T15:12:56Z,48.710129,1.995033,203.9,51.87,308.4,1.04,9
2025-09-17T15:12:57Z,48.710193,1.994876,207.7,50.24,308.8,1.04,8
2025-09-17T15:12:58Z,48.710269,1.994682,207.0,55.56,304.7,1.24,9
2025-09-17T15:12:59Z,48.710320,1.994463,205.7,60.50,297.4,1.71,7
2025-09-17T15:13:00Z,48.710370,1.994255,203.9,58.41,292.5,1.71,8
2025-09-17T15:13:01Z,48.710426,1.994063,199.6,55.36,291.1,1.71,8
2025-09-17T15:13:02Z,48.710487,1.993888,196.7,52.32,293.0,1.04,9
2025-09-17T15:13:03Z,48.710542,1.993740,195.5,47.34,300.9,1.04,9
2025-09-17T15:13:04Z,48.710595,1.993605,198.6,45.86,307.4,1.04,10
2025-09-17T15:13:05Z,48.710653,1.993438,200.9,50.41,305.6,1.04,9
2025-09-17T15:13:06Z,48.710632,1.993171,204.5,59.41,282.6,1.06,9
2025-09-17T15:13:07Z,48.710641,1.992974,198.6,55.78,281.4,1.71,8
2025-09-17T15:13:08Z,48.710683,1.992783,204.8,54.69,283.0,1.39,8
2025-09-17T15:13:09Z,48.710735,1.992591,203.1,53.78,285.7,2.58,8
2025-09-17T15:13:10Z,48.710809,1.992422,200.7,52.82,294.1,1.39,8
2025-09-17T15:13:11Z,48.710870,1.992247,199.2,52.32,294.8,1.71,9
2025-09-17T15:13:12Z,48.710926,1.992063,198.0,52.65,292.6,1.25,8
2025-09-17T15:13:13Z,48.710920,1.991860,196.0,52.62,278.7,1.25,8
2025-09-17T15:13:14Z,48.710899,1.991680,191.5,49.67,267.5,1.71,8
2025-09-17T15:13:15Z,48.710909,1.991545,189.5,47.26,258.1,1.71,7
2025-09-17T15:13:16Z,48.710924,1.991383,180.0,45.87,265.9,1.04,8
2025-09-17T15:13:17Z,48.710972,1.991219,176.8,45.97,282.2,1.04,8
2025-09-17T15:13:18Z,48.711011,1.991058,174.4,45.06,289.2,1.72,8
2025-09-17T15:13:19Z,48.711055,1.990907,176.4,43.76,292.5,1.25,8
2025-09-17T15:13:20Z,48.711065,1.990741,176.0,44.43,280.8,1.25,8
2025-09-17T15:13:21Z,48.711054,1.990600,173.9,41.47,269.3,1.72,8
2025-09-17T15:13:22Z,48.711031,1.990434,174.7,45.97,258.1,1.72,7
2025-09-17T15:13:23Z,48.710998,1.990290,171.7,42.54,251.9,1.01,9
2025-09-17T15:13:24Z,48.710890,1.990219,169.8,45.52,220.8,0.91,10
2025-09-17T15:13:25Z,48.710782,1.990125,161.3,53.12,213.3,1.06,10
2025-09-17T15:13:26Z,48.710659,1.990053,155.9,57.93,203.8,1.18,7
2025-09-17T15:13:27Z,48.710526,1.989989,149.1,60.50,198.9,1.18,7
2025-09-17T15:13:28Z,48.710388,1.989909,145.0,61.58,198.9,1.18,8
2025-09-17T15:13:29Z,48.710258,1.989850,142.5,58.63,195.2,1.06,8
2025-09-17T15:13:30Z,48.710118,1.989795,139.9,58.89,194.0,0.96,9
2025-09-17T15:13:31Z,48.709962,1.989765,138.9,60.99,189.8,4.75,8
2025-09-17T15:13:32Z,48.709837,1.989729,138.3,58.02,189.2,4.75,7
2025-09-17T15:13:33Z,48.709723,1.989705,136.4,54.30,188.5,2.19,7
2025-09-17T15:13:34Z,48.709597,1.989685,136.5,53.39,187.2,1.16,8
2025-09-17T15:13:35Z,48.709483,1.989688,135.6,51.15,183.1,1.11,9
2025-09-17T15:13:36Z,48.709372,1.989646,135.5,49.56,187.7,1.29,9
2025-09-17T15:13:37Z,48.709295,1.989637,134.8,43.41,186.5,1.64,9
2025-09-17T15:13:38Z,48.709247,1.989623,134.4,35.93,187.6,1.16,9
2025-09-17T15:13:39Z,48.709226,1.989595,132.7,26.74,193.2,1.11,10
2025-09-17T15:13:40Z,48.709192,1.989574,131.7,21.76,196.9,1.11,9
2025-09-17T15:13:41Z,48.709181,1.989562,129.8,14.85,203.3,1.11,9
2025-09-17T15:13:42Z,48.709164,1.989532,129.2,13.41,214.5,1.11,9
2025-09-17T15:13:43Z,48.709146,1.989498,129.9,12.26,222.8,0.91,10
2025-09-17T15:13:44Z,48.709126,1.989476,130.5,11.54,221.0,0.91,10
2025-09-17T15:13:45Z,48.709100,1.989461,130.5,11.33,212.8,0.91,10
2025-09-17T15:13:46Z,48.709076,1.989472,130.1,10.24,185.5,0.91,10
2025-09-17T15:13:47Z,48.709056,1.989495,129.2,11.13,164.0,1.11,9
2025-09-17T15:13:48Z,48.709035,1.989504,128.8,10.57,155.6,1.11,9
2025-09-17T15:13:49Z,48.709033,1.989512,127.8,6.83,144.9,1.12,8
2025-09-17T15:13:50Z,48.709032,1.989516,126.6,3.35,140.7,1.12,8
2025-09-17T15:13:51Z,48.709039,1.989507,126.4,0.11,140.7,0.96,9
2025-09-17T15:13:52Z,48.709043,1.989499,125.2,0.24,140.7,0.96,9
2025-09-17T15:13:53Z,48.709049,1.989491,124.2,0.13,140.7,0.96,9
2025-09-17T15:13:54Z,48.709050,1.989484,123.2,0.35,140.7,0.91,10
2025-09-17T15:13:55Z,48.709048,1.989483,122.2,1.07,140.7,0.91,10
2025-09-17T15:13:56Z,48.709052,1.989483,121.4,0.43,140.7,0.91,10
2025-09-17T15:13:57Z,48.709052,1.989481,120.7,0.31,140.7,1.16,10
2025-09-17T15:13:58Z,48.709048,1.989475,119.8,0.52,140.7,1.16,10
2025-09-17T15:13:59Z,48.709048,1.989472,118.9,0.39,140.7,1.11,10
2025-09-17T15:14:00Z,48.709041,1.989467,118.4,0.24,140.7,0.91,10
2025-09-17T15:14:01Z,48.709031,1.989463,117.6,0.17,140.7,1.10,10
2025-09-17T15:14:02Z,48.709027,1.989459,116.5,0.19,140.7,1.10,10
2025-09-17T15:14:03Z,48.709020,1.989454,116.1,0.28,140.7,0.91,10
2025-09-17T15:14:04Z,48.709016,1.989449,115.3,0.69,140.7,1.10,10
2025-09-17T15:14:05Z,48.709014,1.989448,114.7,0.22,140.7,1.10,10
2025-09-17T15:14:06Z,48.709015,1.989446,114.4,0.22,140.7,0.91,10
2025-09-17T15:14:07Z,48.709017,1.989444,114.3,0.31,140.7,0.91,10
2025-09-17T15:14:08Z,48.709018,1.989448,114.1,0.89,140.7,0.91,10
2025-09-17T15:14:09Z,48.709019,1.989447,114.0,0.76,140.7,0.91,10
2025-09-17T15:14:10Z,48.709018,1.989443,114.0,0.35,140.7,0.96,9
2025-09-17T15:14:11Z,48.709019,1.989442,113.8,0.50,140.7,1.12,9
2025-09-17T15:14:12Z,48.709021,1.989443,113.5,0.28,140.7,1.12,9
2025-09-17T15:14:13Z,48.709021,1.989441,113.4,0.24,140.7,0.91,10
2025-09-17T15:14:14Z,48.709020,1.989440,113.2,0.19,140.7,0.91,10
2025-09-17T15:14:15Z,48.709021,1.989439,113.0,0.35,140.7,0.91,10
2025-09-17T15:14:16Z,48.709021,1.989444,113.0,2.39,127.0,0.91,10
2025-09-17T15:14:17Z,48.709015,1.989451,113.0,3.61,125.1,0.91,10
2025-09-17T15:14:18Z,48.709010,1.989464,113.4,4.54,112.8,0.91,10
2025-09-17T15:14:19Z,48.709005,1.989478,113.2,4.15,88.7,0.91,10
2025-09-17T15:14:20Z,48.709010,1.989495,113.0,6.72,59.0,0.91,10
2025-09-17T15:14:21Z,48.709022,1.989510,112.7,10.26,37.9,0.91,10
2025-09-17T15:14:22Z,48.709049,1.989523,112.4,14.46,23.7,0.91,10
2025-09-17T15:14:23Z,48.709085,1.989535,112.3,17.48,14.5,0.91,10
2025-09-17T15:14:24Z,48.709127,1.989548,111.9,19.11,11.6,0.91,10
2025-09-17T15:14:25Z,48.709174,1.989557,111.5,20.61,9.0,0.91,10
2025-09-17T15:14:26Z,48.709220,1.989572,111.4,20.76,10.5,0.91,10
2025-09-17T15:14:27Z,48.709269,1.989580,111.4,21.11,8.8,1.10,9
2025-09-17T15:14:28Z,48.709319,1.989584,111.0,21.84,6.3,0.96,10
2025-09-17T15:14:29Z,48.709365,1.989587,110.6,21.26,5.6,0.91,10
2025-09-17T15:14:30Z,48.709414,1.989590,110.3,21.41,5.3,0.91,10
2025-09-17T15:14:31Z,48.709479,1.989606,110.4,23.58,6.5,0.91,10
2025-09-17T15:14:32Z,48.709541,1.989627,110.6,25.06,10.1,1.01,10
2025-09-17T15:14:33Z,48.709602,1.989653,110.7,26.02,12.6,1.01,9
2025-09-17T15:14:34Z,48.709671,1.989677,110.8,28.43,12.6,1.38,9
2025-09-17T15:14:35Z,48.709741,1.989697,111.0,29.17,11.3,1.21,9
2025-09-17T15:14:36Z,48.709811,1.989717,111.0,28.71,11.4,1.21,9
2025-09-17T15:14:37Z,48.709875,1.989738,111.3,27.58,12.1,0.96,9
2025-09-17T15:14:38Z,48.709949,1.989756,111.4,29.41,11.0,0.96,9
2025-09-17T15:14:39Z,48.710024,1.989769,111.8,30.22,9.0,0.96,9
2025-09-17T15:14:40Z,48.710094,1.989796,112.6,30.08,12.5,0.96,9
2025-09-17T15:14:41Z,48.710170,1.989834,113.2,32.87,16.9,0.91,10
2025-09-17T15:14:42Z,48.710256,1.989841,114.7,34.35,9.8,0.91,10
2025-09-17T15:14:43Z,48.710341,1.989882,115.8,36.67,15.9,0.91,10
2025-09-17T15:14:44Z,48.710430,1.989925,116.4,39.50,18.1,0.91,10
2025-09-17T15:14:45Z,48.710511,1.989992,117.9,37.65,24.9,0.91,10
2025-09-17T15:14:46Z,48.710589,1.990038,118.8,33.50,22.1,0.91,10
2025-09-17T15:14:47Z,48.710661,1.990094,119.5,33.02,25.8,0.91,10
2025-09-17T15:14:48Z,48.710732,1.990159,120.3,34.54,29.0,0.91,10
2025-09-17T15:14:49Z,48.710815,1.990210,121.6,35.54,24.6,0.91,10
2025-09-17T15:14:50Z,48.710897,1.990274,122.4,37.19,28.7,0.91,10
2025-09-17T15:14:51Z,48.710974,1.990338,123.4,32.63,31.9,0.96,10
2025-09-17T15:14:52Z,48.711037,1.990390,123.4,27.89,34.2,0.96,10
2025-09-17T15:14:53Z,48.711094,1.990438,123.0,25.87,35.0,0.96,10
2025-09-17T15:14:54Z,48.711148,1.990495,123.0,27.74,40.7,0.91,10
2025-09-17T15:14:55Z,48.711187,1.990577,123.5,30.32,55.4,0.91,10
2025-09-17T15:14:56Z,48.711230,1.990685,124.6,34.50,63.5,0.91,10
2025-09-17T15:14:57Z,48.711256,1.990803,124.4,34.84,70.7,0.91,10
2025-09-17T15:14:58Z,48.711263,1.990970,124.9,44.00,83.1,1.21,10
2025-09-17T15:14:59Z,48.711259,1.991141,125.4,45.39,89.7,1.21,9
2025-09-17T15:15:00Z,48.711233,1.991305,124.7,44.97,96.8,1.39,8
2025-09-17T15:15:01Z,48.711219,1.991467,124.7,43.71,97.3,1.39,8
2025-09-17T15:15:02Z,48.711255,1.991646,124.3,44.99,86.5,1.39,9
2025-09-17T15:15:03Z,48.711288,1.991821,124.6,47.82,78.2,1.21,9
2025-09-17T15:15:04Z,48.711323,1.991990,125.8,47.58,75.2,1.21,9
2025-09-17T15:15:05Z,48.711306,1.992166,126.0,46.89,86.3,1.41,9
2025-09-17T15:15:06Z,48.711297,1.992349,126.2,49.73,90.7,1.21,9
2025-09-17T15:15:07Z,48.711276,1.992539,126.7,51.56,95.4,1.21,9
2025-09-17T15:15:08Z,48.711256,1.992723,127.0,50.15,97.0,1.21,9
2025-09-17T15:15:09Z,48.711238,1.992908,127.0,49.39,97.2,1.21,9
2025-09-17T15:15:10Z,48.711211,1.993130,127.0,57.89,98.3,1.21,9
2025-09-17T15:15:11Z,48.711183,1.993369,126.7,63.71,98.8,1.39,10
2025-09-17T15:15:12Z,48.711074,1.993551,126.5,60.13,107.6,1.39,8
2025-09-17T15:15:13Z,48.711022,1.993741,126.4,54.37,107.5,1.39,8
2025-09-17T15:15:14Z,48.710941,1.993882,127.6,47.61,116.9,1.21,9
2025-09-17T15:15:15Z,48.710844,1.994026,127.9,49.62,123.6,1.39,9
2025-09-17T15:15:16Z,48.710769,1.994180,129.7,49.89,122.7,1.39,8
2025-09-17T15:15:17Z,48.710719,1.994399,130.5,59.39,115.8,1.39,8
2025-09-17T15:15:18Z,48.710668,1.994618,129.6,65.82,111.1,1.88,8
2025-09-17T15:15:19Z,48.710599,1.994825,133.9,61.62,112.2,1.67,8
2025-09-17T15:15:20Z,48.710503,1.995007,134.8,58.56,118.8,1.21,10
2025-09-17T15:15:21Z,48.710427,1.995179,135.4,54.75,120.6,1.39,9
2025-09-17T15:15:22Z,48.710313,1.995319,136.0,53.39,129.0,1.39,8
2025-09-17T15:15:23Z,48.710231,1.995477,136.2,53.04,128.0,1.39,8
2025-09-17T15:15:24Z,48.710215,1.995676,136.7,51.47,115.1,1.88,8
2025-09-17T15:15:25Z,48.710201,1.995900,135.9,57.45,104.2,1.88,7
2025-09-17T15:15:26Z,48.710175,1.996106,136.3,56.06,100.1,1.39,9
2025-09-17T15:15:27Z,48.710127,1.996279,137.7,50.23,100.6,1.39,8
2025-09-17T15:15:28Z,48.710083,1.996437,138.3,45.47,104.4,1.39,8
2025-09-17T15:15:29Z,48.710010,1.996555,138.5,40.37,115.0,1.39,8
2025-09-17T15:15:30Z,48.709951,1.996644,138.9,35.10,122.2,1.39,8
2025-09-17T15:15:31Z,48.709874,1.996745,140.2,38.02,127.6,1.21,9
2025-09-17T15:15:32Z,48.709798,1.996854,142.6,39.23,128.9,1.21,9
2025-09-17T15:15:33Z,48.709698,1.996950,143.8,41.21,133.5,1.21,9
2025-09-17T15:15:34Z,48.709607,1.997075,145.7,44.49,131.5,1.10,10
2025-09-17T15:15:35Z,48.709532,1.997227,146.8,48.93,125.6,1.10,9
2025-09-17T15:15:36Z,48.709498,1.997441,147.9,56.80,113.0,1.10,9
2025-09-17T15:15:37Z,48.709459,1.997671,149.2,64.30,106.2,1.10,9
2025-09-17T15:15:38Z,48.709388,1.997912,151.2,69.02,107.1,1.10,9
2025-09-17T15:15:39Z,48.709311,1.998130,151.7,64.04,110.0,1.10,10
2025-09-17T15:15:40Z,48.709242,1.998330,152.7,57.36,112.0,1.39,9
2025-09-17T15:15:41Z,48.709148,1.998488,153.0,51.10,117.6,1.39,8
2025-09-17T15:15:42Z,48.709035,1.998602,153.7,46.11,131.0,1.39,8
2025-09-17T15:15:43Z,48.708939,1.998698,154.2,42.47,138.6,1.39,8
2025-09-17T15:15:44Z,48.708845,1.998755,154.6,38.93,148.2,1.21,9
2025-09-17T15:15:45Z,48.708748,1.998849,156.9,43.00,143.9,1.39,9
2025-09-17T15:15:46Z,48.708648,1.998978,157.9,50.71,135.9,1.68,9
2025-09-17T15:15:47Z,48.708548,1.999144,158.4,60.84,130.4,1.10,9
2025-09-17T15:15:48Z,48.708494,1.999385,159.8,70.84,118.7,1.68,8
2025-09-17T15:15:49Z,48.708436,1.999642,161.4,72.82,113.9,1.39,9
2025-09-17T15:15:50Z,48.708326,1.999913,162.2,79.64,115.1,1.21,10
2025-09-17T15:15:51Z,48.708204,2.000167,161.9,79.75,118.8,1.21,9
2025-09-17T15:15:52Z,48.708104,2.000412,162.1,75.54,119.4,1.21,9
2025-09-17T15:15:53Z,48.708033,2.000627,162.5,66.43,117.7,1.21,9
2025-09-17T15:15:54Z,48.707993,2.000824,164.3,56.28,113.3,0.91,10
2025-09-17T15:15:55Z,48.707952,2.001000,164.6,48.67,110.4,1.21,10
2025-09-17T15:15:56Z,48.707935,2.001160,165.1,41.24,101.7,1.21,9
2025-09-17T15:15:57Z,48.707941,2.001302,165.2,36.50,91.1,1.21,9
2025-09-17T15:15:58Z,48.707996,2.001420,166.2,33.41,67.0,1.21,9
2025-09-17T15:15:59Z,48.708058,2.001478,165.9,30.11,43.0,1.21,10
2025-09-17T15:16:00Z,48.708156,2.001501,169.6,37.98,19.9,0.91,10
2025-09-17T15:16:01Z,48.708323,2.001569,172.2,60.71,16.1,0.91,10
2025-09-17T15:16:02Z,48.708453,2.001616,174.0,63.45,15.7,0.96,9
2025-09-17T15:16:03Z,48.708616,2.001660,177.3,66.08,13.1,0.91,10
2025-09-17T15:16:04Z,48.708762,2.001683,178.5,62.23,9.8,0.91,10
2025-09-17T15:16:05Z,48.708892,2.001718,180.4,58.60,9.9,0.91,10
2025-09-17T15:16:06Z,48.709012,2.001726,182.0,54.41,6.7,1.01,9
2025-09-17T15:16:07Z,48.709133,2.001735,183.6,52.50,5.7,1.37,10
2025-09-17T15:16:08Z,48.709221,2.001740,186.1,46.41,4.8,1.37,8
2025-09-17T15:16:09Z,48.709261,2.001735,188.3,33.89,0.5,1.37,8
2025-09-17T15:16:10Z,48.709309,2.001746,190.1,25.50,1.5,1.26,9
2025-09-17T15:16:11Z,48.709316,2.001744,192.3,10.65,353.5,0.91,10
2025-09-17T15:16:12Z,48.709336,2.001745,193.6,5.85,333.2,0.91,10
2025-09-17T15:16:13Z,48.709353,2.001746,193.6,4.54,330.1,0.96,9
2025-09-17T15:16:14Z,48.709370,2.001740,193.6,5.02,303.4,0.96,9
2025-09-17T15:16:15Z,48.709387,2.001728,192.4,4.70,291.8,0.96,9
2025-09-17T15:16:16Z,48.709381,2.001718,192.1,4.76,237.3,0.96,9
2025-09-17T15:16:17Z,48.709344,2.001720,192.6,14.35,188.5,0.96,9
2025-09-17T15:16:18Z,48.709306,2.001733,190.1,16.61,174.9,0.94,10
2025-09-17T15:16:19Z,48.709250,2.001758,191.5,21.84,166.9,1.10,10
2025-09-17T15:16:20Z,48.709192,2.001779,192.6,24.46,163.9,1.10,9
2025-09-17T15:16:21Z,48.709135,2.001802,194.2,24.71,163.1,1.10,9
2025-09-17T15:16:22Z,48.709062,2.001796,195.8,26.50,171.3,1.69,9
2025-09-17T15:16:23Z,48.708945,2.001785,197.6,34.17,178.5,1.69,8
2025-09-17T15:16:24Z,48.708803,2.001757,198.1,42.45,182.9,1.10,10
2025-09-17T15:16:25Z,48.708698,2.001758,198.3,42.21,180.1,1.10,9
2025-09-17T15:16:26Z,48.708592,2.001743,199.7,42.60,181.6,1.10,9
2025-09-17T15:16:27Z,48.708494,2.001724,201.0,41.47,183.3,1.15,9
2025-09-17T15:16:28Z,48.708338,2.001689,202.3,47.56,185.9,1.15,8
2025-09-17T15:16:29Z,48.708169,2.001646,202.8,49.49,186.9,1.15,9
2025-09-17T15:16:30Z,48.708050,2.001622,202.1,48.23,186.9,1.10,9
2025-09-17T15:16:31Z,48.707966,2.001559,202.7,42.80,195.1,1.10,9
2025-09-17T15:16:32Z,48.707902,2.001433,203.4,41.23,214.2,1.10,9
2025-09-17T15:16:33Z,48.707871,2.001275,203.4,43.26,233.9,1.10,9
2025-09-17T15:16:34Z,48.707944,2.001068,204.5,49.67,267.1,1.15,9
2025-09-17T15:16:35Z,48.708027,2.000860,206.0,58.13,284.9,0.96,9
2025-09-17T15:16:36Z,48.708087,2.000640,209.8,63.19,291.5,0.91,10
2025-09-17T15:16:37Z,48.708152,2.000411,209.8,65.02,294.0,0.96,9
2025-09-17T15:16:38Z,48.708196,2.000171,209.9,67.36,296.7,1.04,9
2025-09-17T15:16:39Z,48.708260,1.999920,209.6,70.21,295.5,1.79,8
2025-09-17T15:16:40Z,48.708302,1.999674,209.8,69.06,292.4,1.79,8
2025-09-17T15:16:41Z,48.708355,1.999461,209.9,63.75,292.3,1.79,9
2025-09-17T15:16:42Z,48.708384,1.999267,210.7,55.50,289.5,1.04,9
2025-09-17T15:16:43Z,48.708427,1.999082,211.2,51.17,289.7,1.04,9
2025-09-17T15:16:44Z,48.708472,1.998922,209.9,44.86,291.7,1.04,9
2025-09-17T15:16:45Z,48.708578,1.998833,209.3,40.48,313.7,1.79,8
2025-09-17T15:16:46Z,48.708668,1.998765,209.3,40.58,333.4,1.79,7
2025-09-17T15:16:47Z,48.708740,1.998668,207.7,43.30,330.9,0.96,9
2025-09-17T15:16:48Z,48.708817,1.998552,206.0,44.86,323.7,0.96,9
2025-09-17T15:16:49Z,48.708875,1.998334,206.4,56.52,306.7,0.91,10
2025-09-17T15:16:50Z,48.708953,1.998121,206.3,64.23,302.7,1.26,10
2025-09-17T15:16:51Z,48.709001,1.997893,206.2,63.28,296.8,1.93,7
2025-09-17T15:16:52Z,48.709013,1.997646,206.5,61.88,287.2,1.93,7
2025-09-17T15:16:53Z,48.709026,1.997418,205.7,58.67,281.7,1.39,7
2025-09-17T15:16:54Z,48.709058,1.997213,206.5,55.45,280.7,1.39,7
2025-09-17T15:16:55Z,48.709110,1.997024,205.1,52.82,283.3,1.04,8
2025-09-17T15:16:56Z,48.709147,1.996837,202.6,51.34,283.9,1.18,9
2025-09-17T15:16:57Z,48.709195,1.996679,202.5,46.86,286.9,1.18,9
2025-09-17T15:16:58Z,48.709223,1.996506,201.9,45.93,285.0,5.37,7
2025-09-17T15:16:59Z,48.709253,1.996365,202.2,41.61,284.9,5.38,7
2025-09-17T15:17:00Z,48.709286,1.996225,202.9,39.95,285.5,5.63,9
2025-09-17T15:17:01Z,48.709334,1.996100,203.2,39.06,289.0,5.63,5
2025-09-17T15:17:02Z,48.709424,1.995971,203.4,41.48,294.7,5.63,5
2025-09-17T15:17:03Z,48.709486,1.995797,203.8,46.93,293.9,1.80,9
2025-09-17T15:17:04Z,48.709528,1.995641,203.8,47.04,291.4,1.80,7
2025-09-17T15:17:05Z,48.709576,1.995442,203.9,52.84,288.8,2.66,7
2025-09-17T15:17:06Z,48.709666,1.995281,203.3,51.13,295.5,1.39,8
2025-09-17T15:17:07Z,48.709759,1.995125,204.9,50.73,299.1,1.39,9
2025-09-17T15:17:08Z,48.709842,1.994981,204.1,48.86,303.7,1.11,9
2025-09-17T15:17:09Z,48.709930,1.994831,205.4,49.89,307.0,1.29,9
2025-09-17T15:17:10Z,48.710018,1.994634,204.6,57.97,304.2,1.26,9
2025-09-17T15:17:11Z,48.710061,1.994417,205.1,61.50,295.9,1.01,9
2025-09-17T15:17:12Z,48.710086,1.994201,206.1,59.12,288.1,1.47,8
2025-09-17T15:17:13Z,48.710144,1.994019,206.9,53.95,289.5,2.87,6
2025-09-17T15:17:14Z,48.710202,1.993844,207.0,51.21,291.1,1.50,7
2025-09-17T15:17:15Z,48.710296,1.993701,206.6,49.76,302.8,1.04,10
2025-09-17T15:17:16Z,48.710374,1.993552,206.9,49.76,306.3,1.81,9
2025-09-17T15:17:17Z,48.710433,1.993391,206.6,49.84,301.4,1.26,9
2025-09-17T15:17:18Z,48.710446,1.993146,206.5,57.52,283.2,1.81,7
2025-09-17T15:17:19Z,48.710476,1.992964,203.8,54.36,282.0,1.81,7
2025-09-17T15:17:20Z,48.710525,1.992790,205.1,52.67,285.0,1.39,8
2025-09-17T15:17:21Z,48.710584,1.992621,203.5,50.82,290.5,1.81,8
2025-09-17T15:17:22Z,48.710671,1.992439,202.4,54.99,297.7,1.81,7
2025-09-17T15:17:23Z,48.710753,1.992257,201.7,56.93,299.7,1.81,8
2025-09-17T15:17:24Z,48.710805,1.992071,201.2,54.65,295.1,1.81,7
2025-09-17T15:17:25Z,48.710822,1.991878,199.7,52.62,286.3,1.81,8
2025-09-17T15:17:26Z,48.710794,1.991666,198.2,55.12,272.1,1.81,7
2025-09-17T15:17:27Z,48.710744,1.991493,196.7,50.65,258.6,1.81,8
2025-09-17T15:17:28Z,48.710771,1.991325,196.8,49.80,266.2,1.93,8
2025-09-17T15:17:29Z,48.710809,1.991159,192.2,46.54,274.1,1.81,7
2025-09-17T15:17:30Z,48.710855,1.990988,189.3,46.28,283.3,1.89,7
2025-09-17T15:17:31Z,48.710915,1.990831,189.2,46.13,290.9,1.48,7
2025-09-17T15:17:32Z,48.710929,1.990690,188.8,40.95,282.4,1.27,9
2025-09-17T15:17:33Z,48.710906,1.990542,188.2,40.73,267.6,1.37,9
2025-09-17T15:17:34Z,48.710861,1.990403,189.6,41.30,254.0,0.91,10
2025-09-17T15:17:35Z,48.710822,1.990274,189.6,37.95,249.3,1.01,10
2025-09-17T15:17:36Z,48.710766,1.990149,189.7,44.37,237.9,1.56,9
2025-09-17T15:17:37Z,48.710596,1.990083,183.4,57.73,212.0,2.91,8
2025-09-17T15:17:38Z,48.710442,1.990023,174.7,62.73,201.4,5.49,7
2025-09-17T15:17:39Z,48.710289,1.989953,170.4,64.54,197.9,1.10,9
2025-09-17T15:17:40Z,48.710156,1.989880,169.7,64.65,196.4,1.14,8
2025-09-17T15:17:41Z,48.710002,1.989828,165.2,64.30,193.0,1.11,9
2025-09-17T15:17:42Z,48.709845,1.989790,165.1,64.86,190.6,1.10,9
2025-09-17T15:17:43Z,48.709716,1.989750,164.2,62.78,189.4,1.14,9
2025-09-17T15:17:44Z,48.709587,1.989725,161.9,59.99,188.4,1.14,8
2025-09-17T15:17:45Z,48.709475,1.989719,161.6,55.30,186.3,1.14,8
2025-09-17T15:17:46Z,48.709359,1.989698,161.1,53.17,185.7,1.14,8
2025-09-17T15:17:47Z,48.709295,1.989677,159.1,42.06,186.1,1.18,9
2025-09-17T15:17:48Z,48.709233,1.989651,157.6,35.93,188.3,1.11,9
2025-09-17T15:17:49Z,48.709173,1.989618,153.3,31.41,188.5,1.10,9
2025-09-17T15:17:50Z,48.709183,1.989585,150.4,16.33,198.2,1.10,9
2025-09-17T15:17:51Z,48.709181,1.989563,146.8,11.56,205.8,1.10,9
2025-09-17T15:17:52Z,48.709162,1.989536,145.4,11.02,213.5,0.91,10
2025-09-17T15:17:53Z,48.709137,1.989503,145.0,14.11,220.3,0.96,9
2025-09-17T15:17:54Z,48.709111,1.989475,144.7,14.30,217.2,0.96,9
2025-09-17T15:17:55Z,48.709102,1.989469,146.1,10.17,212.3,0.96,9
2025-09-17T15:17:56Z,48.709086,1.989490,144.8,10.11,173.7,0.96,9
2025-09-17T15:17:57Z,48.709063,1.989508,142.9,11.87,157.6,1.10,9
2025-09-17T15:17:58Z,48.709049,1.989514,142.4,9.87,155.8,1.10,9
2025-09-17T15:17:59Z,48.709058,1.989510,140.9,3.80,153.9,1.10,9
2025-09-17T15:18:00Z,48.709066,1.989511,139.1,2.30,132.9,1.10,9
2025-09-17T15:18:01Z,48.709057,1.989521,138.6,4.00,102.4,0.96,9
2025-09-17T15:18:02Z,48.709036,1.989540,137.7,8.30,82.0,0.96,10
2025-09-17T15:18:03Z,48.709035,1.989562,135.3,11.87,53.8,0.96,10
2025-09-17T15:18:04Z,48.709053,1.989572,133.9,16.22,30.9,0.91,10
2025-09-17T15:18:05Z,48.709106,1.989589,133.4,28.17,10.8,0.91,10
2025-09-17T15:18:06Z,48.709179,1.989594,130.9,32.67,8.1,0.91,10
2025-09-17T15:18:07Z,48.709258,1.989599,128.8,36.54,3.6,0.94,9
2025-09-17T15:18:08Z,48.709348,1.989613,128.5,40.43,6.9,0.94,9
2025-09-17T15:18:09Z,48.709454,1.989629,127.8,44.69,5.8,0.91,10
2025-09-17T15:18:10Z,48.709565,1.989644,127.4,45.23,4.8,1.01,10
2025-09-17T15:18:11Z,48.709678,1.989667,126.9,47.80,6.8,1.27,9
2025-09-17T15:18:12Z,48.709802,1.989712,126.1,52.06,10.9,1.93,9
2025-09-17T15:18:13Z,48.709919,1.989764,125.5,50.08,14.0,1.26,9
2025-09-17T15:18:14Z,48.710044,1.989775,125.5,50.06,8.6,1.21,9
2025-09-17T15:18:15Z,48.710176,1.989805,125.7,53.00,8.8,0.91,10
2025-09-17T15:18:16Z,48.710330,1.989854,126.4,59.75,11.1,0.91,10
2025-09-17T15:18:17Z,48.710470,1.989913,126.1,60.25,14.4,0.91,10
2025-09-17T15:18:18Z,48.710619,1.990006,126.7,63.54,19.8,0.91,10
2025-09-17T15:18:19Z,48.710757,1.990090,126.1,60.78,20.3,0.96,10
2025-09-17T15:18:20Z,48.710878,1.990176,126.3,54.95,22.2,0.96,10
2025-09-17T15:18:21Z,48.710979,1.990269,127.2,49.04,28.0,0.91,10
2025-09-17T15:18:22Z,48.711073,1.990350,127.6,42.58,33.2,1.01,10
2025-09-17T15:18:23Z,48.711156,1.990440,127.0,42.04,37.5,0.96,10
2025-09-17T15:18:24Z,48.711219,1.990552,127.0,41.71,49.5,0.91,10
2025-09-17T15:18:25Z,48.711273,1.990691,126.4,44.80,59.1,1.21,10
2025-09-17T15:18:26Z,48.711279,1.990833,125.6,41.02,75.9,1.21,9
2025-09-17T15:18:27Z,48.711288,1.991008,125.1,48.24,82.8,1.21,9
2025-09-17T15:18:28Z,48.711304,1.991197,124.6,50.91,83.4,1.21,9
2025-09-17T15:18:29Z,48.711274,1.991366,124.8,47.49,92.2,1.21,9
2025-09-17T15:18:30Z,48.711289,1.991554,125.7,49.86,88.3,1.38,9
2025-09-17T15:18:31Z,48.711329,1.991758,125.2,55.43,80.7,1.38,8
2025-09-17T15:18:32Z,48.711363,1.991961,126.0,56.39,76.5,1.38,9
2025-09-17T15:18:33Z,48.711375,1.992172,126.4,57.21,80.0,1.21,9
2025-09-17T15:18:34Z,48.711394,1.992384,126.1,57.21,81.7,1.21,9
2025-09-17T15:18:35Z,48.711392,1.992584,125.7,55.08,85.8,1.93,9
2025-09-17T15:18:36Z,48.711393,1.992775,126.5,52.36,86.7,1.93,7
2025-09-17T15:18:37Z,48.711378,1.992996,126.8,55.45,89.9,1.93,7
2025-09-17T15:18:38Z,48.711339,1.993220,126.7,59.76,94.5,1.38,8
2025-09-17T15:18:39Z,48.711284,1.993414,127.0,54.73,96.7,1.38,9
2025-09-17T15:18:40Z,48.711249,1.993604,126.7,52.89,98.5,1.38,9
2025-09-17T15:18:41Z,48.711165,1.993759,126.5,49.10,107.5,1.38,8
2025-09-17T15:18:42Z,48.711054,1.993880,126.4,45.58,121.3,1.38,8
2025-09-17T15:18:43Z,48.710932,1.994002,126.4,47.54,129.8,1.38,9
2025-09-17T15:18:44Z,48.710851,1.994146,127.7,47.87,127.9,1.38,8
2025-09-17T15:18:45Z,48.710782,1.994325,127.8,54.78,122.6,1.93,8
2025-09-17T15:18:46Z,48.710727,1.994553,127.8,64.80,114.1,1.93,7
2025-09-17T15:18:47Z,48.710661,1.994773,128.7,64.67,111.8,1.38,9
2025-09-17T15:18:48Z,48.710579,1.994966,129.4,57.95,115.0,1.38,8
2025-09-17T15:18:49Z,48.710473,1.995124,129.8,53.76,123.5,1.38,8
2025-09-17T15:18:50Z,48.710348,1.995256,129.4,53.56,131.8,1.38,8
2025-09-17T15:18:51Z,48.710258,1.995423,129.6,55.04,128.2,1.38,8
2025-09-17T15:18:52Z,48.710205,1.995632,130.4,58.10,119.6,1.38,9
2025-09-17T15:18:53Z,48.710219,1.995887,129.7,63.26,102.9,1.38,8
2025-09-17T15:18:54Z,48.710199,1.996111,130.1,60.12,98.1,1.38,8
2025-09-17T15:18:55Z,48.710133,1.996294,130.8,53.76,99.5,1.38,8
2025-09-17T15:18:56Z,48.710081,1.996452,130.1,46.49,105.8,1.38,9
2025-09-17T15:18:57Z,48.710034,1.996576,130.1,38.78,111.1,1.38,8
2025-09-17T15:18:58Z,48.709970,1.996683,130.2,36.35,118.8,1.38,8
2025-09-17T15:18:59Z,48.709897,1.996796,130.6,38.10,123.5,1.38,8
2025-09-17T15:19:00Z,48.709810,1.996915,130.7,42.06,127.3,1.38,9
2025-09-17T15:19:01Z,48.709722,1.997048,131.4,46.02,127.4,1.94,8
2025-09-17T15:19:02Z,48.709655,1.997224,132.6,51.82,123.1,1.94,7
2025-09-17T15:19:03Z,48.709677,1.997457,132.8,56.93,106.8,1.94,7
2025-09-17T15:19:04Z,48.709643,1.997685,133.4,63.23,102.9,1.38,10
2025-09-17T15:19:05Z,48.709592,1.997934,134.5,69.54,101.3,1.50,8
2025-09-17T15:19:06Z,48.709537,1.998212,135.1,75.08,101.3,1.67,7
2025-09-17T15:19:07Z,48.709397,1.998407,134.9,67.60,110.9,1.50,8
2025-09-17T15:19:08Z,48.709269,1.998586,137.4,59.04,116.6,1.38,8
2025-09-17T15:19:09Z,48.709156,1.998708,140.3,47.87,126.0,1.21,9
2025-09-17T15:19:10Z,48.709033,1.998805,145.8,46.61,138.7,1.21,9
2025-09-17T15:19:11Z,48.708940,1.998858,145.1,38.60,146.8,1.21,9
2025-09-17T15:19:12Z,48.708851,1.998963,147.5,43.26,139.4,1.38,9
2025-09-17T15:19:13Z,48.708763,1.999116,148.0,53.06,129.4,1.38,9
2025-09-17T15:19:14Z,48.708711,1.999333,148.0,64.02,117.8,1.38,9
2025-09-17T15:19:15Z,48.708690,1.999603,149.0,74.58,107.4,1.38,8
2025-09-17T15:19:16Z,48.708603,1.999870,152.9,78.58,109.2,1.38,8
2025-09-17T15:19:17Z,48.708477,2.000137,153.3,82.53,113.0,1.38,8
2025-09-17T15:19:18Z,48.708367,2.000399,153.9,80.54,115.5,1.67,8
2025-09-17T15:19:19Z,48.708247,2.000641,154.7,76.93,118.3,1.67,9
2025-09-17T15:19:20Z,48.708179,2.000869,155.0,67.36,115.5,1.38,8
2025-09-17T15:19:21Z,48.708104,2.001058,155.5,58.99,115.1,1.38,8
2025-09-17T15:19:22Z,48.708058,2.001240,157.8,51.26,110.6,1.38,8
2025-09-17T15:19:23Z,48.708047,2.001393,158.5,40.78,100.7,1.38,8
2025-09-17T15:19:24Z,48.708043,2.001523,160.5,36.54,90.0,1.09,9
2025-09-17T15:19:25Z,48.708098,2.001621,161.4,32.63,62.8,1.38,9
2025-09-17T15:19:26Z,48.708150,2.001676,161.2,28.28,53.4,1.38,8
2025-09-17T15:19:27Z,48.708389,2.001675,163.1,63.01,8.8,1.38,8
2025-09-17T15:19:28Z,48.708506,2.001671,165.9,62.88,5.9,2.00,6
2025-09-17T15:19:29Z,48.708638,2.001689,168.0,62.36,6.0,1.11,9
2025-09-17T15:19:30Z,48.708783,2.001709,168.5,61.60,5.8,1.21,10
2025-09-17T15:19:31Z,48.708929,2.001713,169.6,61.32,3.9,1.21,10
2025-09-17T15:19:32Z,48.709074,2.001740,170.8,61.30,5.8,1.56,8
2025-09-17T15:19:33Z,48.709212,2.001778,172.1,59.62,8.0,1.56,7
2025-09-17T15:19:34Z,48.709357,2.001800,173.4,59.49,7.6,1.56,7
2025-09-17T15:19:35Z,48.709492,2.001802,174.4,58.80,5.5,1.28,8
2025-09-17T15:19:36Z,48.709652,2.001794,176.2,61.19,3.0,0.91,10
2025-09-17T15:19:37Z,48.709795,2.001795,178.3,59.45,2.2,0.96,10
2025-09-17T15:19:38Z,48.709949,2.001808,179.8,60.43,3.3,0.96,9
2025-09-17T15:19:39Z,48.710100,2.001823,180.8,60.23,4.1,0.96,10
2025-09-17T15:19:40Z,48.710257,2.001816,181.8,60.62,1.8,1.28,9
2025-09-17T15:19:41Z,48.710441,2.001820,183.1,66.41,2.4,1.28,8
2025-09-17T15:19:42Z,48.710608,2.001803,184.3,66.06,1.5,1.28,8
2025-09-17T15:19:43Z,48.710779,2.001800,185.0,66.67,1.6,1.28,9
2025-09-17T15:19:44Z,48.710952,2.001796,185.2,66.97,1.4,1.28,9
2025-09-17T15:19:45Z,48.711130,2.001797,185.5,67.43,1.9,1.28,8
2025-09-17T15:19:46Z,48.711323,2.001810,184.8,68.95,2.6,0.96,9
2025-09-17T15:19:47Z,48.711515,2.001807,183.0,69.15,0.6,0.96,9
2025-09-17T15:19:48Z,48.711706,2.001812,181.8,69.82,1.3,0.96,9
2025-09-17T15:19:49Z,48.711894,2.001817,180.5,70.21,1.3,0.96,9
2025-09-17T15:19:50Z,48.712080,2.001824,179.1,70.54,1.4,0.96,9
2025-09-17T15:19:51Z,48.712263,2.001832,178.0,70.95,1.6,0.96,9
2025-09-17T15:19:52Z,48.712446,2.001841,177.6,70.82,1.4,0.96,9
2025-09-17T15:19:53Z,48.712627,2.001850,176.8,70.69,1.6,0.96,9
2025-09-17T15:19:54Z,48.712808,2.001859,176.7,70.64,1.6,0.96,9
2025-09-17T15:19:55Z,48.712989,2.001873,176.3,70.56,1.8,0.96,10
2025-09-17T15:19:56Z,48.713176,2.001900,175.6,71.64,2.9,0.91,10
2025-09-17T15:19:57Z,48.713364,2.001922,173.2,73.17,2.9,0.91,10
2025-09-17T15:19:58Z,48.713552,2.001946,171.7,73.91,3.0,0.91,10
2025-09-17T15:19:59Z,48.713741,2.001966,170.3,74.43,3.1,0.91,10
2025-09-17T15:20:00Z,48.713931,2.001987,169.4,74.88,3.1,0.91,10
2025-09-17T15:20:01Z,48.714122,2.002003,168.4,75.49,2.5,0.91,10
2025-09-17T15:20:02Z,48.714313,2.002017,167.9,76.08,2.1,0.91,10
2025-09-17T15:20:03Z,48.714507,2.002033,167.4,76.95,2.6,0.91,10
2025-09-17T15:20:04Z,48.714701,2.002051,166.8,77.23,3.4,0.91,10
2025-09-17T15:20:05Z,48.714897,2.002071,166.6,77.69,3.7,0.91,10
2025-09-17T15:20:06Z,48.715093,2.002091,166.2,78.04,3.5,0.91,10
2025-09-17T15:20:07Z,48.715290,2.002108,165.8,78.27,2.9,0.91,10
2025-09-17T15:20:08Z,48.715488,2.002124,165.5,78.78,2.9,0.91,10
2025-09-17T15:20:09Z,48.715686,2.002141,165.2,79.23,3.0,0.91,10
2025-09-17T15:20:10Z,48.715888,2.002158,164.9,80.40,3.0,0.91,10
2025-09-17T15:20:11Z,48.716094,2.002177,164.5,82.99,3.1,0.91,10
2025-09-17T15:20:12Z,48.716307,2.002194,164.1,85.34,2.9,0.91,10
2025-09-17T15:20:13Z,48.716522,2.002212,163.9,85.69,3.0,0.91,10
2025-09-17T15:20:14Z,48.716737,2.002232,163.5,85.62,3.6,0.91,10
2025-09-17T15:20:15Z,48.716943,2.002251,163.2,81.40,3.3,0.91,10
2025-09-17T15:20:16Z,48.717140,2.002268,162.9,77.71,3.0,0.91,10
2025-09-17T15:20:17Z,48.717331,2.002283,162.7,75.43,2.9,0.91,10
2025-09-17T15:20:18Z,48.717517,2.002297,162.4,74.02,2.7,0.91,10
2025-09-17T15:20:19Z,48.717700,2.002310,162.2,73.04,2.7,0.91,10
2025-09-17T15:20:20Z,48.717881,2.002322,162.0,71.97,2.3,0.91,10
2025-09-17T15:20:21Z,48.718061,2.002333,161.7,71.75,2.4,0.91,10
2025-09-17T15:20:22Z,48.718243,2.002345,161.4,72.93,2.7,0.91,10
2025-09-17T15:20:23Z,48.718428,2.002358,161.1,74.47,2.6,0.91,10
2025-09-17T15:20:24Z,48.718618,2.002372,160.9,76.15,2.9,0.91,10
2025-09-17T15:20:25Z,48.718804,2.002384,160.8,74.27,2.4,0.91,10
2025-09-17T15:20:26Z,48.718983,2.002390,160.7,70.56,1.2,0.91,10
2025-09-17T15:20:27Z,48.719150,2.002384,160.6,65.91,358.1,0.91,10
2025-09-17T15:20:28Z,48.719304,2.002364,160.6,60.39,354.3,0.91,10
2025-09-17T15:20:29Z,48.719442,2.002337,160.4,54.49,352.0,0.91,10
2025-09-17T15:20:30Z,48.719561,2.002310,160.2,46.86,351.1,0.91,10
2025-09-17T15:20:31Z,48.719658,2.002285,160.0,37.56,350.9,0.91,10
2025-09-17T15:20:32Z,48.719734,2.002280,160.2,28.47,359.8,0.91,10
2025-09-17T15:20:33Z,48.719804,2.002300,160.1,28.50,13.6,0.91,10
2025-09-17T15:20:34Z,48.719877,2.002352,160.0,34.06,28.0,0.91,10
2025-09-17T15:20:35Z,48.719954,2.002414,160.2,35.10,28.5,0.91,10
2025-09-17T15:20:36Z,48.720034,2.002452,160.1,33.11,14.3,0.91,10
2025-09-17T15:20:37Z,48.720113,2.002450,160.1,31.97,354.5,0.91,10
2025-09-17T15:20:38Z,48.720185,2.002404,160.2,31.48,332.2,0.91,10
2025-09-17T15:20:39Z,48.720239,2.002321,160.2,31.06,309.2,0.91,10
2025-09-17T15:20:40Z,48.720266,2.002214,160.1,31.04,284.7,0.91,10
2025-09-17T15:20:41Z,48.720263,2.002096,160.1,32.39,263.1,0.91,10
2025-09-17T15:20:42Z,48.720225,2.001991,160.0,31.93,240.3,0.91,10
2025-09-17T15:20:43Z,48.720159,2.001921,160.1,31.87,213.1,0.91,10
2025-09-17T15:20:44Z,48.720078,2.001897,160.4,33.04,186.9,0.91,10
2025-09-17T15:20:45Z,48.719993,2.001926,160.2,36.06,162.7,0.91,10
2025-09-17T15:20:46Z,48.719915,2.002006,160.0,39.98,142.4,0.95,9
2025-09-17T15:20:47Z,48.719830,2.002106,159.9,44.15,142.1,0.91,10
2025-09-17T15:20:48Z,48.719726,2.002186,159.8,47.00,155.7,1.09,9
2025-09-17T15:20:49Z,48.719610,2.002245,159.9,49.63,163.5,1.09,9
2025-09-17T15:20:50Z,48.719488,2.002292,160.0,50.49,166.4,1.09,9
2025-09-17T15:20:51Z,48.719364,2.002330,160.1,50.80,169.1,1.09,9
2025-09-17T15:20:52Z,48.719235,2.002357,160.1,53.63,173.9,1.09,9
2025-09-17T15:20:53Z,48.719095,2.002368,160.0,57.60,178.2,1.09,9
2025-09-17T15:20:54Z,48.718944,2.002365,159.9,62.65,181.7,1.09,9
2025-09-17T15:20:55Z,48.718772,2.002354,159.9,71.52,182.9,1.09,9
2025-09-17T15:20:56Z,48.718578,2.002343,159.9,80.73,181.7,1.09,9
2025-09-17T15:20:57Z,48.718362,2.002333,159.8,88.54,181.9,0.91,10
2025-09-17T15:20:58Z,48.718141,2.002320,160.0,88.75,182.3,0.91,10
2025-09-17T15:20:59Z,48.717914,2.002305,160.3,91.79,182.6,0.91,10
2025-09-17T15:21:00Z,48.717680,2.002288,160.6,94.58,182.9,0.91,10
2025-09-17T15:21:01Z,48.717446,2.002270,160.8,93.88,182.9,0.91,10
2025-09-17T15:21:02Z,48.717216,2.002253,161.0,92.25,182.9,0.91,10
2025-09-17T15:21:03Z,48.716983,2.002234,161.1,93.49,183.2,0.91,10
2025-09-17T15:21:04Z,48.716749,2.002214,161.2,94.93,183.2,0.91,10
2025-09-17T15:21:05Z,48.716511,2.002195,161.4,95.88,182.8,0.91,10
2025-09-17T15:21:06Z,48.716270,2.002177,161.6,97.19,182.8,0.91,10
2025-09-17T15:21:07Z,48.716025,2.002159,161.7,98.49,183.1,0.91,10
2025-09-17T15:21:08Z,48.715778,2.002138,161.8,99.36,183.2,0.91,10
2025-09-17T15:21:09Z,48.715531,2.002116,162.0,98.95,183.3,0.91,10
2025-09-17T15:21:10Z,48.715292,2.002095,162.2,94.25,183.4,0.91,10
2025-09-17T15:21:11Z,48.715069,2.002072,162.3,87.60,183.9,0.91,10
2025-09-17T15:21:12Z,48.714861,2.002049,162.7,81.73,184.3,0.91,10
2025-09-17T15:21:13Z,48.714667,2.002029,162.9,76.32,183.8,0.91,10
2025-09-17T15:21:14Z,48.714486,2.002012,163.0,70.86,183.4,0.91,10
2025-09-17T15:21:15Z,48.714319,2.001998,163.1,65.60,183.2,0.91,10
2025-09-17T15:21:16Z,48.714164,2.001985,163.3,60.38,183.3,0.91,10
2025-09-17T15:21:17Z,48.714014,2.001972,163.3,59.82,183.2,0.91,10
2025-09-17T15:21:18Z,48.713862,2.001959,163.3,61.63,183.6,0.91,10
2025-09-17T15:21:19Z,48.713705,2.001945,163.4,63.63,183.5,1.09,9
2025-09-17T15:21:20Z,48.713542,2.001932,163.5,65.86,182.9,1.09,9
2025-09-17T15:21:21Z,48.713377,2.001920,163.7,66.54,182.9,1.09,9
2025-09-17T15:21:22Z,48.713209,2.001909,163.8,67.82,182.3,1.09,9
2025-09-17T15:21:23Z,48.713029,2.001900,163.9,73.52,181.9,1.09,9
2025-09-17T15:21:24Z,48.712832,2.001889,164.2,80.90,182.1,1.09,9
2025-09-17T15:21:25Z,48.712620,2.001875,164.4,86.73,182.6,1.09,9
2025-09-17T15:21:26Z,48.712407,2.001858,164.7,85.04,183.2,1.09,9
2025-09-17T15:21:27Z,48.712206,2.001842,164.7,78.51,183.4,1.11,9
2025-09-17T15:21:28Z,48.712018,2.001829,164.7,73.99,182.1,1.09,9
2025-09-17T15:21:29Z,48.711823,2.001817,164.9,79.88,182.1,1.09,9
2025-09-17T15:21:30Z,48.711608,2.001801,165.2,88.21,182.9,1.09,9
2025-09-17T15:21:31Z,48.711394,2.001780,165.2,84.77,183.8,1.09,9
2025-09-17T15:21:32Z,48.711196,2.001759,165.4,77.62,183.9,1.09,9
2025-09-17T15:21:33Z,48.710993,2.001746,165.5,82.75,181.9,1.09,9
2025-09-17T15:21:34Z,48.710764,2.001729,165.5,95.03,182.6,1.09,9
2025-09-17T15:21:35Z,48.710510,2.001706,165.6,104.16,183.4,1.09,9
2025-09-17T15:21:36Z,48.710246,2.001682,165.9,105.53,183.0,1.09,9
2025-09-17T15:21:37Z,48.709987,2.001666,166.6,103.93,182.0,1.09,9
2025-09-17T15:21:38Z,48.709743,2.001647,167.1,98.93,182.7,1.11,8
2025-09-17T15:21:39Z,48.709517,2.001638,167.4,92.10,181.4,1.11,8
2025-09-17T15:21:40Z,48.709309,2.001645,167.6,84.56,179.4,1.11,8
2025-09-17T15:21:41Z,48.709115,2.001634,168.4,79.08,182.1,1.11,8
2025-09-17T15:21:42Z,48.708947,2.001635,168.7,69.93,179.9,1.11,8
2025-09-17T15:21:43Z,48.708771,2.001627,169.4,70.56,181.4,1.11,8
2025-09-17T15:21:44Z,48.708612,2.001628,169.6,65.41,179.6,1.11,8
2025-09-17T15:21:45Z,48.708469,2.001653,169.7,59.84,175.4,1.11,8
2025-09-17T15:21:46Z,48.708339,2.001637,168.4,53.52,179.4,1.09,9
2025-09-17T15:21:47Z,48.708233,2.001641,171.2,43.13,176.6,1.09,9
2025-09-17T15:21:48Z,48.708110,2.001607,172.1,46.89,183.2,1.09,9
2025-09-17T15:21:49Z,48.707992,2.001562,174.7,45.93,194.7,1.09,9
2025-09-17T15:21:50Z,48.707907,2.001456,177.0,41.84,216.0,1.09,9
2025-09-17T15:21:51Z,48.707861,2.001334,178.9,38.50,234.9,1.09,9
2025-09-17T15:21:52Z,48.707845,2.001184,183.5,41.39,256.9,1.09,9
2025-09-17T15:21:53Z,48.707895,2.000997,186.3,50.47,286.6,1.09,9
2025-09-17T15:21:54Z,48.708011,2.000765,193.1,73.14,307.4,1.09,9
2025-09-17T15:21:55Z,48.708122,2.000519,197.2,72.49,306.8,1.11,9
2025-09-17T15:21:56Z,48.708156,2.000252,197.8,71.06,301.3,1.18,8
2025-09-17T15:21:57Z,48.708187,1.999974,194.3,73.77,294.1,1.11,9
2025-09-17T15:21:58Z,48.708208,1.999708,191.6,69.84,287.2,0.96,9
2025-09-17T15:21:59Z,48.708242,1.999449,189.3,67.95,283.2,0.96,9
2025-09-17T15:22:00Z,48.708290,1.999210,190.2,59.30,288.0,0.96,9
2025-09-17T15:22:01Z,48.708374,1.999011,191.3,55.58,299.6,0.96,9
2025-09-17T15:22:02Z,48.708447,1.998846,189.3,45.34,304.3,1.18,7
2025-09-17T15:22:03Z,48.708531,1.998722,192.0,39.82,320.7,1.18,8
2025-09-17T15:22:04Z,48.708610,1.998632,193.9,43.26,333.4,1.04,8
2025-09-17T15:22:05Z,48.708709,1.998508,193.7,49.58,321.8,1.26,8
2025-09-17T15:22:06Z,48.708804,1.998356,186.6,54.15,313.1,1.26,9
2025-09-17T15:22:07Z,48.708891,1.998163,183.2,63.71,304.9,1.26,9
2025-09-17T15:22:08Z,48.708972,1.997949,182.4,66.99,296.2,1.20,9
2025-09-17T15:22:09Z,48.709029,1.997718,179.5,64.86,291.5,1.39,9
2025-09-17T15:22:10Z,48.709070,1.997489,179.3,61.23,285.0,1.49,8
2025-09-17T15:22:11Z,48.709110,1.997274,178.4,57.52,283.5,1.39,8
2025-09-17T15:22:12Z,48.709156,1.997071,176.5,56.13,285.7,1.04,10
2025-09-17T15:22:13Z,48.709213,1.996884,173.6,52.26,295.7,1.04,9
2025-09-17T15:22:14Z,48.709304,1.996737,174.5,51.95,311.9,1.04,10
2025-09-17T15:22:15Z,48.709419,1.996630,174.8,53.19,328.2,2.76,7
2025-09-17T15:22:16Z,48.709530,1.996539,175.2,54.19,334.1,2.91,5
2025-09-17T15:22:17Z,48.709627,1.996401,175.0,53.36,322.7,1.91,7
2025-09-17T15:22:18Z,48.709721,1.996277,176.2,49.76,319.7,1.91,8
2025-09-17T15:22:19Z,48.709756,1.996137,177.0,40.60,298.8,1.91,8
2025-09-17T15:22:20Z,48.709756,1.995965,181.5,48.93,282.1,1.06,9
2025-09-17T15:22:21Z,48.709745,1.995761,190.2,56.67,263.9,1.45,7
2025-09-17T15:22:22Z,48.709752,1.995585,191.1,48.56,268.9,1.49,7
2025-09-17T15:22:23Z,48.709845,1.995414,195.7,51.99,294.2,1.48,7
2025-09-17T15:22:24Z,48.709915,1.995247,194.0,49.91,299.5,1.39,7
2025-09-17T15:22:25Z,48.709995,1.995102,197.3,50.80,310.7,1.18,8
2025-09-17T15:22:26Z,48.710070,1.994940,204.6,52.56,308.9,1.18,7
2025-09-17T15:22:27Z,48.710159,1.994749,209.2,57.93,305.9,1.49,7
2025-09-17T15:22:28Z,48.710220,1.994532,207.4,62.34,299.4,1.91,8
2025-09-17T15:22:29Z,48.710209,1.994298,206.3,59.08,286.7,1.91,7
2025-09-17T15:22:30Z,48.710282,1.994116,203.4,54.17,291.4,1.98,7
2025-09-17T15:22:31Z,48.710338,1.993939,204.9,50.26,292.6,1.37,9
2025-09-17T15:22:32Z,48.710447,1.993804,206.0,48.34,304.0,1.39,9
2025-09-17T15:22:33Z,48.710504,1.993656,204.3,46.04,305.6,0.96,10
2025-09-17T15:22:34Z,48.710560,1.993491,204.4,47.56,300.4,0.96,10
2025-09-17T15:22:35Z,48.710606,1.993327,201.2,47.76,297.3,1.29,10
2025-09-17T15:22:36Z,48.710568,1.993150,201.6,45.36,276.0,1.49,9
2025-09-17T15:22:37Z,48.710583,1.993000,201.0,41.74,277.6,1.98,8
2025-09-17T15:22:38Z,48.710620,1.992863,203.2,39.71,278.0,1.54,8
2025-09-17T15:22:39Z,48.710671,1.992727,198.2,38.76,281.7,1.39,8
2025-09-17T15:22:40Z,48.710711,1.992595,193.3,37.06,287.4,1.39,8
2025-09-17T15:22:41Z,48.710765,1.992479,193.8,36.19,296.7,1.26,9
2025-09-17T15:22:42Z,48.710816,1.992361,195.4,36.21,300.1,1.26,9
2025-09-17T15:22:43Z,48.710856,1.992238,196.0,36.71,297.3,1.91,10
2025-09-17T15:22:44Z,48.710897,1.992118,196.1,36.15,295.0,1.91,8
2025-09-17T15:22:45Z,48.710918,1.991995,195.7,35.06,286.7,1.91,8
2025-09-17T15:22:46Z,48.710907,1.991878,194.5,31.85,275.3,1.91,9
2025-09-17T15:22:47Z,48.710900,1.991776,196.7,28.89,265.8,1.91,8
2025-09-17T15:22:48Z,48.710901,1.991670,196.5,29.56,264.6,2.77,6
2025-09-17T15:22:49Z,48.710893,1.991570,195.5,29.58,260.7,1.91,7
2025-09-17T15:22:50Z,48.710899,1.991468,194.7,28.56,266.1,2.77,6
2025-09-17T15:22:51Z,48.710924,1.991356,195.3,30.60,278.8,1.39,8
2025-09-17T15:22:52Z,48.710933,1.991238,196.7,31.19,279.2,1.39,7
2025-09-17T15:22:53Z,48.710957,1.991121,198.6,31.47,284.1,1.49,6
2025-09-17T15:22:54Z,48.711005,1.991006,199.0,33.21,295.2,1.49,8
2025-09-17T15:22:55Z,48.711029,1.990892,197.9,32.11,291.1,1.96,8
2025-09-17T15:22:56Z,48.711035,1.990775,195.5,32.08,280.3,1.96,7
2025-09-17T15:22:57Z,48.711042,1.990670,195.5,30.02,275.7,2.77,6
2025-09-17T15:22:58Z,48.711005,1.990571,195.6,30.26,257.9,2.77,8
2025-09-17T15:22:59Z,48.710963,1.990480,201.3,29.04,246.5,1.48,8
2025-09-17T15:23:00Z,48.710918,1.990375,204.6,34.08,229.9,1.20,9
2025-09-17T15:23:01Z,48.710903,1.990276,195.5,34.30,219.0,2.00,9
2025-09-17T15:23:02Z,48.710843,1.990193,184.4,36.13,214.9,1.03,9
2025-09-17T15:23:03Z,48.710778,1.990138,180.6,39.48,207.1,1.90,8
2025-09-17T15:23:04Z,48.710712,1.990090,171.9,40.97,204.0,1.11,9
2025-09-17T15:23:05Z,48.710619,1.990041,165.9,45.56,199.6,1.09,9
2025-09-17T15:23:06Z,48.710502,1.989992,159.3,50.36,195.7,1.09,9
2025-09-17T15:23:07Z,48.710378,1.989937,151.6,52.69,194.5,1.09,9
2025-09-17T15:23:08Z,48.710234,1.989899,148.6,54.80,190.0,1.09,9
2025-09-17T15:23:09Z,48.710103,1.989867,147.6,54.87,188.5,1.09,9
2025-09-17T15:23:10Z,48.709973,1.989848,147.0,54.76,185.9,1.13,9
2025-09-17T15:23:11Z,48.709846,1.989823,146.2,53.49,186.0,1.17,7
2025-09-17T15:23:12Z,48.709730,1.989790,144.4,50.91,188.2,1.11,8
2025-09-17T15:23:13Z,48.709603,1.989770,143.4,50.76,186.4,1.11,8
2025-09-17T15:23:14Z,48.709477,1.989752,143.2,51.00,184.7,1.11,8
2025-09-17T15:23:15Z,48.709366,1.989714,142.9,49.10,187.9,1.11,8
2025-09-17T15:23:16Z,48.709255,1.989689,142.0,47.06,187.4,1.91,8
2025-09-17T15:23:17Z,48.709202,1.989678,139.4,37.15,186.0,1.03,9
2025-09-17T15:23:18Z,48.709138,1.989636,136.3,34.37,190.4,0.91,10
2025-09-17T15:23:19Z,48.709079,1.989595,132.7,30.76,196.8,0.91,10
2025-09-17T15:23:20Z,48.709056,1.989565,130.2,23.35,202.3,0.91,10
2025-09-17T15:23:21Z,48.709061,1.989537,130.7,15.17,210.7,1.09,9
2025-09-17T15:23:22Z,48.709051,1.989497,130.3,13.91,219.7,1.09,9
2025-09-17T15:23:23Z,48.709034,1.989474,129.9,12.98,217.1,1.09,9
2025-09-17T15:23:24Z,48.709013,1.989460,130.9,11.61,209.4,1.09,9
2025-09-17T15:23:25Z,48.709000,1.989457,130.1,10.48,192.4,1.09,9
2025-09-17T15:23:26Z,48.709004,1.989464,128.8,8.98,168.2,1.09,9
2025-09-17T15:23:27Z,48.709013,1.989473,126.4,6.02,157.3,1.09,9
2025-09-17T15:23:28Z,48.709020,1.989470,125.0,1.76,157.3,1.09,9
2025-09-17T15:23:29Z,48.709029,1.989463,124.1,0.17,157.3,1.09,9
2025-09-17T15:23:30Z,48.709032,1.989459,123.0,0.17,157.3,1.13,8
2025-09-17T15:23:31Z,48.709035,1.989453,122.2,0.00,157.3,1.13,8
2025-09-17T15:23:32Z,48.709039,1.989449,121.2,0.04,157.3,1.13,8
2025-09-17T15:23:33Z,48.709041,1.989445,120.3,0.22,157.3,1.13,8
2025-09-17T15:23:34Z,48.709041,1.989443,119.7,0.31,157.3,1.09,9
2025-09-17T15:23:35Z,48.709035,1.989447,119.1,2.19,157.3,1.09,9
2025-09-17T15:23:36Z,48.709025,1.989446,118.3,3.46,157.8,1.09,9
2025-09-17T15:23:37Z,48.709028,1.989451,117.8,1.44,157.8,1.09,9
2025-09-17T15:23:38Z,48.709025,1.989450,118.3,0.91,157.8,1.13,8
2025-09-17T15:23:39Z,48.709019,1.989447,117.6,0.67,157.8,1.09,9
2025-09-17T15:23:40Z,48.709014,1.989444,116.9,0.17,157.8,1.09,9
2025-09-17T15:23:41Z,48.709007,1.989440,116.0,0.04,157.8,1.09,9
2025-09-17T15:23:42Z,48.709007,1.989437,115.2,0.09,157.8,1.09,9
2025-09-17T15:23:43Z,48.709005,1.989434,114.9,0.24,157.8,1.09,9
2025-09-17T15:23:44Z,48.709002,1.989431,114.4,0.04,157.8,1.09,9
2025-09-17T15:23:45Z,48.709001,1.989427,113.9,0.02,157.8,1.09,9
2025-09-17T15:23:46Z,48.709002,1.989421,113.5,0.07,157.8,1.09,9
2025-09-17T15:23:47Z,48.708999,1.989419,112.9,0.07,157.8,1.09,9
2025-09-17T15:23:48Z,48.708997,1.989415,112.6,0.11,157.8,1.09,9
2025-09-17T15:23:49Z,48.708996,1.989411,112.3,0.17,157.8,1.09,9
2025-09-17T15:23:50Z,48.708997,1.989407,112.2,0.15,157.8,1.09,9
2025-09-17T15:23:51Z,48.708996,1.989406,112.2,0.11,157.8,1.09,9
2025-09-17T15:23:52Z,48.708995,1.989403,112.3,0.06,157.8,1.09,9
2025-09-17T15:23:53Z,48.708997,1.989403,112.2,0.15,157.8,1.09,9
2025-09-17T15:23:54Z,48.708998,1.989401,112.3,0.04,157.8,1.09,9
2025-09-17T15:23:55Z,48.708998,1.989399,112.1,0.15,157.8,1.09,9
2025-09-17T15:23:56Z,48.708996,1.989395,112.3,0.09,157.8,1.10,9
2025-09-17T15:23:57Z,48.708995,1.989392,112.3,0.09,157.8,1.09,9
2025-09-17T15:23:58Z,48.708997,1.989390,112.1,0.15,157.8,1.09,9
2025-09-17T15:23:59Z,48.708999,1.989388,112.4,0.02,157.8,1.09,9
2025-09-17T15:24:00Z,48.708998,1.989387,112.4,0.06,157.8,1.09,9
2025-09-17T15:24:01Z,48.708996,1.989386,112.5,0.07,157.8,1.09,9
2025-09-17T15:24:02Z,48.708995,1.989385,112.3,0.04,157.8,1.13,8
2025-09-17T15:24:03Z,48.708994,1.989384,112.2,0.04,157.8,1.13,8
2025-09-17T15:24:04Z,48.708994,1.989383,112.1,0.15,157.8,1.13,8
2025-09-17T15:24:05Z,48.708993,1.989383,111.9,0.07,157.8,1.13,8
2025-09-17T15:24:06Z,48.708992,1.989382,111.7,0.02,157.8,1.09,9
2025-09-17T15:24:07Z,48.708992,1.989382,111.7,0.04,157.8,1.09,9
2025-09-17T15:24:08Z,48.708991,1.989382,111.8,0.11,157.8,1.09,9
2025-09-17T15:24:09Z,48.708991,1.989382,111.8,0.13,157.8,1.09,9
2025-09-17T15:24:10Z,48.708989,1.989381,111.6,0.04,157.8,1.11,9
2025-09-17T15:24:11Z,48.708987,1.989380,111.2,0.07,157.8,1.09,9
2025-09-17T15:24:12Z,48.708986,1.989379,111.0,0.13,157.8,1.09,9
2025-09-17T15:24:13Z,48.708985,1.989378,110.7,0.07,157.8,1.09,9
2025-09-17T15:24:14Z,48.708985,1.989375,110.5,0.02,157.8,1.09,9
2025-09-17T15:24:15Z,48.708985,1.989375,110.2,0.02,157.8,1.09,9
2025-09-17T15:24:16Z,48.708985,1.989374,110.0,0.09,157.8,1.09,9
2025-09-17T15:24:17Z,48.708984,1.989373,109.8,0.04,157.8,1.11,8
2025-09-17T15:24:18Z,48.708983,1.989372,109.5,0.07,157.8,1.11,8
2025-09-17T15:24:19Z,48.708982,1.989371,109.3,0.07,157.8,1.11,8
2025-09-17T15:24:20Z,48.708982,1.989370,109.0,0.04,157.8,1.11,8
2025-09-17T15:24:21Z,48.708981,1.989369,108.8,0.15,157.8,1.09,9
2025-09-17T15:24:22Z,48.708981,1.989367,108.6,0.17,157.8,1.09,9
2025-09-17T15:24:23Z,48.708982,1.989367,108.4,0.07,157.8,1.09,9
2025-09-17T15:24:24Z,48.708981,1.989366,108.3,0.07,157.8,1.09,9
2025-09-17T15:24:25Z,48.708981,1.989365,108.2,0.13,157.8,1.09,9
2025-09-17T15:24:26Z,48.708980,1.989366,108.0,0.07,157.8,1.09,9
2025-09-17T15:24:27Z,48.708978,1.989367,107.9,0.50,157.8,1.09,9
2025-09-17T15:24:28Z,48.708977,1.989368,108.1,0.37,157.8,1.12,8
2025-09-17T15:24:29Z,48.708978,1.989369,108.2,0.04,157.8,1.12,8
2025-09-17T15:24:30Z,48.708979,1.989368,108.2,0.06,157.8,1.12,8
2025-09-17T15:24:31Z,48.708981,1.989367,108.6,0.11,157.8,1.12,8
2025-09-17T15:24:32Z,48.708980,1.989366,108.7,0.07,157.8,1.12,8
2025-09-17T15:24:33Z,48.708979,1.989365,108.6,0.35,157.8,1.08,9
2025-09-17T15:24:34Z,48.708979,1.989368,108.3,0.87,157.8,1.17,8
2025-09-17T15:24:35Z,48.708975,1.989376,108.0,2.98,148.8,1.08,9
2025-09-17T15:24:36Z,48.708973,1.989388,108.1,2.78,148.8,1.08,9
2025-09-17T15:24:37Z,48.708974,1.989399,108.1,2.48,148.8,1.08,9
2025-09-17T15:24:38Z,48.708977,1.989416,107.8,3.09,122.1,1.08,9
2025-09-17T15:24:39Z,48.708979,1.989440,107.9,7.15,87.8,1.08,9
2025-09-17T15:24:40Z,48.708971,1.989467,108.1,8.89,72.5,1.08,9
2025-09-17T15:24:41Z,48.708988,1.989494,107.6,14.96,43.3,1.08,9
2025-09-17T15:24:42Z,48.709033,1.989512,107.1,25.41,13.1,0.91,10
2025-09-17T15:24:43Z,48.709115,1.989527,106.6,37.80,4.6,0.91,10
2025-09-17T15:24:44Z,48.709211,1.989538,105.3,43.65,5.2,1.11,8
2025-09-17T15:24:45Z,48.709322,1.989553,104.9,47.39,6.2,1.39,7
2025-09-17T15:24:46Z,48.709429,1.989600,104.7,46.54,15.4,1.39,7
2025-09-17T15:24:47Z,48.709536,1.989673,104.7,51.32,22.6,1.10,8
2025-09-17T15:24:48Z,48.709650,1.989742,105.1,51.91,20.5,1.31,9
2025-09-17T15:24:49Z,48.709775,1.989787,106.5,50.45,16.1,1.87,6
2025-09-17T15:24:50Z,48.709910,1.989825,108.0,53.28,13.9,1.08,9
2025-09-17T15:24:51Z,48.710060,1.989839,109.3,57.12,8.8,1.49,8
2025-09-17T15:24:52Z,48.710214,1.989875,112.0,59.10,12.1,1.38,8
2025-09-17T15:24:53Z,48.710358,1.989930,112.1,57.91,17.1,1.38,7
2025-09-17T15:24:54Z,48.710486,1.990000,112.7,53.17,22.9,1.26,8
2025-09-17T15:24:55Z,48.710613,1.990067,114.3,49.99,22.9,0.97,9
2025-09-17T15:24:56Z,48.710740,1.990146,113.5,50.24,25.1,1.10,8
2025-09-17T15:24:57Z,48.710862,1.990209,112.8,47.30,26.5,1.10,8
2025-09-17T15:24:58Z,48.710988,1.990266,113.7,42.32,29.9,1.08,9
2025-09-17T15:24:59Z,48.711083,1.990328,110.9,38.08,32.1,1.36,8
2025-09-17T15:25:00Z,48.711156,1.990413,110.7,36.84,41.5,1.38,8
2025-09-17T15:25:01Z,48.711216,1.990525,111.5,39.32,54.1,1.38,8
2025-09-17T15:25:02Z,48.711256,1.990664,112.0,41.93,68.4,1.36,8
2025-09-17T15:25:03Z,48.711254,1.990816,113.0,40.23,93.8,1.20,9
2025-09-17T15:25:04Z,48.711229,1.990960,113.4,40.95,104.6,1.20,9
2025-09-17T15:25:05Z,48.711182,1.991107,115.6,44.34,116.0,1.20,9
2025-09-17T15:25:06Z,48.711143,1.991272,116.1,47.23,111.3,1.36,8
2025-09-17T15:25:07Z,48.711139,1.991446,116.7,44.73,96.9,1.36,8
2025-09-17T15:25:08Z,48.711181,1.991635,117.0,51.39,74.1,1.36,8
2025-09-17T15:25:09Z,48.711207,1.991824,117.3,54.78,72.5,1.36,8
2025-09-17T15:25:10Z,48.711230,1.992022,117.0,53.95,80.2,1.36,8
2025-09-17T15:25:11Z,48.711239,1.992227,118.6,55.10,87.2,1.20,9
2025-09-17T15:25:12Z,48.711196,1.992412,119.8,51.37,106.4,1.20,9
2025-09-17T15:25:13Z,48.711155,1.992611,118.6,55.52,106.0,1.66,8
2025-09-17T15:25:14Z,48.711117,1.992796,121.4,50.12,106.4,1.36,8
2025-09-17T15:25:15Z,48.711075,1.993022,122.3,63.01,105.6,1.36,8
2025-09-17T15:25:16Z,48.711045,1.993270,122.8,67.04,98.9,1.36,9
2025-09-17T15:25:17Z,48.710980,1.993481,123.3,59.39,107.3,1.36,8
2025-09-17T15:25:18Z,48.710911,1.993648,123.7,47.56,119.1,1.36,8
2025-09-17T15:25:19Z,48.710817,1.993785,123.5,47.89,133.1,1.35,8
2025-09-17T15:25:20Z,48.710724,1.993914,124.7,47.93,132.3,1.20,9
2025-09-17T15:25:21Z,48.710651,1.994081,126.7,52.56,119.6,1.20,9
2025-09-17T15:25:22Z,48.710620,1.994306,127.9,63.36,100.8,1.35,9
2025-09-17T15:25:23Z,48.710578,1.994548,128.6,64.93,100.1,1.35,8
2025-09-17T15:25:24Z,48.710532,1.994764,128.0,58.28,105.2,1.35,8
2025-09-17T15:25:25Z,48.710427,1.994928,128.8,54.56,127.0,1.35,8
2025-09-17T15:25:26Z,48.710327,1.995083,128.7,55.47,131.8,1.35,8
2025-09-17T15:25:27Z,48.710222,1.995222,131.0,53.52,136.3,1.35,8
2025-09-17T15:25:28Z,48.710145,1.995380,132.2,52.02,126.4,1.35,8
2025-09-17T15:25:29Z,48.710102,1.995561,133.2,52.19,112.3,2.03,8
2025-09-17T15:25:30Z,48.710085,1.995783,133.8,58.12,97.0,2.03,7
2025-09-17T15:25:31Z,48.710059,1.995986,133.7,52.52,95.8,1.35,8
2025-09-17T15:25:32Z,48.710018,1.996165,133.5,48.73,97.1,1.35,8
2025-09-17T15:25:33Z,48.710033,1.996347,132.5,46.11,82.4,1.66,8
2025-09-17T15:25:34Z,48.710015,1.996475,131.2,34.69,93.2,1.66,7
2025-09-17T15:25:35Z,48.709953,1.996585,131.2,34.69,112.8,1.35,8
2025-09-17T15:25:36Z,48.709950,1.996704,137.2,31.78,91.0,1.35,8
2025-09-17T15:25:37Z,48.709924,1.996821,141.4,33.22,97.9,1.35,8
2025-09-17T15:25:38Z,48.709827,1.996923,144.6,38.39,120.5,1.35,8
2025-09-17T15:25:39Z,48.709735,1.997065,147.9,47.56,121.5,1.35,8
2025-09-17T15:25:40Z,48.709638,1.997242,148.1,54.21,110.5,1.35,8
2025-09-17T15:25:41Z,48.709572,1.997451,149.9,64.04,105.2,1.35,8
2025-09-17T15:25:42Z,48.709526,1.997695,151.3,68.88,100.4,1.35,8
2025-09-17T15:25:43Z,48.709465,1.997937,152.1,67.08,100.5,1.35,8
2025-09-17T15:25:44Z,48.709373,1.998137,153.0,59.13,109.2,1.35,8
2025-09-17T15:25:45Z,48.709298,1.998314,155.3,50.23,115.0,1.35,9
2025-09-17T15:25:46Z,48.709178,1.998441,155.4,42.11,122.5,1.35,8
2025-09-17T15:25:47Z,48.709082,1.998537,155.1,36.54,134.4,1.35,8
2025-09-17T15:25:48Z,48.708971,1.998593,156.3,34.54,152.2,1.35,8
2025-09-17T15:25:49Z,48.708909,1.998648,155.5,25.61,147.5,1.38,8
2025-09-17T15:25:50Z,48.708883,1.998725,156.4,23.76,131.1,1.38,7
2025-09-17T15:25:51Z,48.708845,1.998842,156.7,36.78,104.6,1.38,7
2025-09-17T15:25:52Z,48.708770,1.999002,160.7,50.63,111.8,1.35,8
2025-09-17T15:25:53Z,48.708695,1.999213,163.4,64.76,108.8,1.35,8
2025-09-17T15:25:54Z,48.708640,1.999472,163.5,75.06,102.4,1.35,8
2025-09-17T15:25:55Z,48.708584,1.999729,163.8,70.82,101.9,1.35,8
2025-09-17T15:25:56Z,48.708507,1.999960,163.6,66.19,110.4,1.35,8
2025-09-17T15:25:57Z,48.708385,2.000162,163.4,66.26,122.3,1.35,8
2025-09-17T15:25:58Z,48.708268,2.000345,163.0,62.56,126.4,1.35,8
2025-09-17T15:25:59Z,48.708176,2.000520,165.2,54.28,121.4,1.35,8
2025-09-17T15:26:00Z,48.708112,2.000680,167.0,47.58,115.5,1.35,8
2025-09-17T15:26:01Z,48.708058,2.000834,169.2,44.32,109.3,1.08,10
2025-09-17T15:26:02Z,48.708016,2.000983,169.9,40.43,107.2,1.08,9
2025-09-17T15:26:03Z,48.707999,2.001126,170.1,38.45,91.3,1.08,9
2025-09-17T15:26:04Z,48.708005,2.001254,170.9,36.30,73.7,1.08,9
2025-09-17T15:26:05Z,48.708013,2.001355,172.8,34.30,59.8,0.91,10
2025-09-17T15:26:06Z,48.708054,2.001427,171.8,29.43,39.0,1.19,10
2025-09-17T15:26:07Z,48.708130,2.001451,172.7,39.04,10.2,1.26,9
2025-09-17T15:26:08Z,48.708208,2.001482,174.0,49.54,13.3,1.26,8
2025-09-17T15:26:09Z,48.708295,2.001534,174.9,54.49,18.6,1.38,7
2025-09-17T15:26:10Z,48.708385,2.001616,179.4,45.65,28.1,1.38,7
2025-09-17T15:26:11Z,48.708470,2.001629,184.8,37.17,14.7,1.35,8
2025-09-17T15:26:12Z,48.708611,2.001598,191.7,54.26,3.1,1.52,7
2025-09-17T15:26:13Z,48.708757,2.001608,204.7,56.58,3.6,1.35,9
2025-09-17T15:26:14Z,48.708905,2.001625,209.7,56.97,4.9,1.35,8
2025-09-17T15:26:15Z,48.709024,2.001632,213.9,49.28,4.5,1.38,7
2025-09-17T15:26:16Z,48.709152,2.001607,220.1,47.69,356.2,1.66,8
2025-09-17T15:26:17Z,48.709266,2.001615,225.5,44.36,2.7,1.72,6
2025-09-17T15:26:18Z,48.709404,2.001638,230.9,48.62,5.7,1.38,7
2025-09-17T15:26:19Z,48.709572,2.001686,231.6,55.25,7.8,1.95,7
2025-09-17T15:26:20Z,48.709727,2.001741,230.5,57.67,9.8,1.89,7
2025-09-17T15:26:21Z,48.709882,2.001763,230.1,58.62,8.7,1.88,7
2025-09-17T15:26:22Z,48.710110,2.001752,233.6,65.39,2.5,1.88,8
2025-09-17T15:26:23Z,48.710318,2.001733,228.7,69.01,1.2,0.97,9
2025-09-17T15:26:24Z,48.710541,2.001737,227.8,70.89,1.2,1.38,7
2025-09-17T15:26:25Z,48.710761,2.001751,220.5,70.82,1.3,1.38,7
2025-09-17T15:26:26Z,48.710971,2.001762,213.5,70.15,1.7,1.38,7
2025-09-17T15:26:27Z,48.711166,2.001768,208.2,69.10,1.9,1.38,8
2025-09-17T15:26:28Z,48.711363,2.001781,205.6,69.51,2.2,1.38,8
2025-09-17T15:26:29Z,48.711552,2.001793,202.0,70.23,2.6,1.38,8
2025-09-17T15:26:30Z,48.711746,2.001807,200.3,71.36,2.5,1.35,9
2025-09-17T15:26:31Z,48.711934,2.001815,197.9,71.43,2.4,1.38,8
2025-09-17T15:26:32Z,48.712123,2.001828,196.9,69.99,2.4,1.38,8
2025-09-17T15:26:33Z,48.712313,2.001835,194.9,65.26,1.9,1.38,8
2025-09-17T15:26:34Z,48.712480,2.001845,191.6,57.04,2.5,1.38,7
2025-09-17T15:26:35Z,48.712621,2.001858,188.9,46.87,3.9,1.38,8
2025-09-17T15:26:36Z,48.712729,2.001871,186.1,39.15,4.9,1.10,8
2025-09-17T15:26:37Z,48.712811,2.001880,184.8,30.04,6.2,1.38,8
2025-09-17T15:26:38Z,48.712880,2.001901,184.8,21.22,13.0,1.10,8
2025-09-17T15:26:39Z,48.712925,2.001928,182.9,11.76,23.9,1.10,8
2025-09-17T15:26:40Z,48.712956,2.001950,180.8,8.35,29.1,1.10,8
2025-09-17T15:26:41Z,48.712979,2.001964,179.1,6.44,26.9,1.10,8
2025-09-17T15:26:42Z,48.712998,2.001973,177.9,5.26,12.2,1.35,9
2025-09-17T15:26:43Z,48.713011,2.001965,176.6,5.67,346.1,1.08,9
2025-09-17T15:26:44Z,48.713024,2.001950,176.5,5.94,320.3,1.08,9
2025-09-17T15:26:45Z,48.713029,2.001928,176.2,6.74,304.3,1.08,9
2025-09-17T15:26:46Z,48.713023,2.001902,176.2,8.93,264.7,1.08,9
2025-09-17T15:26:47Z,48.713000,2.001886,175.9,12.67,208.7,1.08,9
2025-09-17T15:26:48Z,48.712961,2.001883,174.9,18.24,182.8,1.08,9
2025-09-17T15:26:49Z,48.712912,2.001885,173.6,21.26,177.8,1.08,9
2025-09-17T15:26:50Z,48.712857,2.001889,173.3,23.46,177.4,1.08,9
2025-09-17T15:26:51Z,48.712796,2.001890,172.9,25.80,178.9,1.08,9
2025-09-17T15:26:52Z,48.712727,2.001885,172.6,28.28,181.6,1.08,9
2025-09-17T15:26:53Z,48.712655,2.001876,172.5,30.22,183.8,1.08,9
2025-09-17T15:26:54Z,48.712578,2.001867,172.3,32.22,184.7,1.08,9
2025-09-17T15:26:55Z,48.712496,2.001857,172.0,33.67,183.3,1.10,9
2025-09-17T15:26:56Z,48.712412,2.001851,171.9,34.76,182.1,1.08,9
2025-09-17T15:26:57Z,48.712326,2.001845,171.6,35.43,181.8,1.10,9
2025-09-17T15:26:58Z,48.712242,2.001837,171.6,34.08,183.9,1.10,9
2025-09-17T15:26:59Z,48.712159,2.001827,171.6,33.98,184.5,1.10,9
2025-09-17T15:27:00Z,48.712074,2.001818,171.5,34.76,183.5,1.10,9
2025-09-17T15:27:01Z,48.711987,2.001809,171.4,35.87,183.5,1.10,9
2025-09-17T15:27:02Z,48.711899,2.001800,171.6,36.30,183.5,1.10,8
2025-09-17T15:27:03Z,48.711806,2.001791,171.5,38.21,183.5,1.10,8
2025-09-17T15:27:04Z,48.711709,2.001783,171.4,39.50,183.0,1.10,8
2025-09-17T15:27:05Z,48.711612,2.001777,171.2,39.61,182.4,1.10,8
2025-09-17T15:27:06Z,48.711517,2.001769,171.1,38.15,182.8,1.10,8
2025-09-17T15:27:07Z,48.711425,2.001761,171.1,37.71,183.2,1.10,8
2025-09-17T15:27:08Z,48.711330,2.001752,171.1,38.15,183.3,1.10,8
2025-09-17T15:27:09Z,48.711234,2.001744,171.0,39.04,183.0,1.10,8
2025-09-17T15:27:10Z,48.711135,2.001736,170.9,40.11,183.1,1.10,8
2025-09-17T15:27:11Z,48.711034,2.001726,170.8,41.10,184.1,1.10,8
2025-09-17T15:27:12Z,48.710931,2.001715,170.6,41.98,184.0,1.10,8
2025-09-17T15:27:13Z,48.710826,2.001703,170.4,42.73,184.0,1.10,8
2025-09-17T15:27:14Z,48.710718,2.001689,170.4,43.24,184.8,1.17,8
2025-09-17T15:27:15Z,48.710609,2.001678,170.7,43.95,183.2,1.17,7
2025-09-17T15:27:16Z,48.710501,2.001670,170.8,43.54,182.9,1.17,7
2025-09-17T15:27:17Z,48.710392,2.001660,170.8,43.71,183.2,6.05,8
2025-09-17T15:27:18Z,48.710287,2.001646,170.9,42.65,185.2,6.05,6
2025-09-17T15:27:19Z,48.710182,2.001635,170.9,42.80,183.2,6.05,6
2025-09-17T15:27:20Z,48.710079,2.001628,171.2,42.10,183.2,2.02,7
2025-09-17T15:27:21Z,48.709972,2.001619,171.3,42.76,183.8,2.02,8
2025-09-17T15:27:22Z,48.709857,2.001602,171.6,44.49,184.5,2.02,7
2025-09-17T15:27:23Z,48.709750,2.001580,172.0,44.21,186.9,2.02,7
2025-09-17T15:27:24Z,48.709618,2.001574,172.6,47.28,184.1,2.03,7
2025-09-17T15:27:25Z,48.709499,2.001548,172.9,47.93,185.8,2.03,8
2025-09-17T15:27:26Z,48.709393,2.001544,173.6,46.17,182.8,2.03,7
2025-09-17T15:27:27Z,48.709292,2.001547,174.1,44.76,181.4,2.03,7
2025-09-17T15:27:28Z,48.709176,2.001539,174.5,46.13,182.5,1.10,8
2025-09-17T15:27:29Z,48.709053,2.001533,175.2,47.52,182.2,1.10,8
2025-09-17T15:27:30Z,48.708946,2.001530,175.5,46.15,181.6,1.10,8
2025-09-17T15:27:31Z,48.708830,2.001541,176.1,46.71,179.1,1.10,8
2025-09-17T15:27:32Z,48.708706,2.001539,176.5,47.93,180.1,2.03,7
2025-09-17T15:27:33Z,48.708574,2.001536,177.0,49.78,180.1,2.03,7
2025-09-17T15:27:34Z,48.708470,2.001529,177.6,47.58,182.2,2.03,7
2025-09-17T15:27:35Z,48.708363,2.001542,177.8,46.91,178.9,2.03,9
2025-09-17T15:27:36Z,48.708242,2.001548,178.5,47.67,178.7,2.03,7
2025-09-17T15:27:37Z,48.708148,2.001541,179.1,44.67,180.3,2.03,7
2025-09-17T15:27:38Z,48.708048,2.001517,179.7,43.34,184.5,1.10,8
2025-09-17T15:27:39Z,48.707934,2.001469,180.0,44.15,190.8,1.10,8
2025-09-17T15:27:40Z,48.707867,2.001362,180.1,42.41,209.6,2.03,8
2025-09-17T15:27:41Z,48.707907,2.001223,179.8,40.41,239.4,2.03,7
2025-09-17T15:27:42Z,48.707958,2.001057,181.9,46.41,262.5,1.10,8
2025-09-17T15:27:43Z,48.707985,2.000840,183.7,59.60,272.6,0.97,9
2025-09-17T15:27:44Z,48.708044,2.000586,183.4,70.84,280.7,1.05,9
2025-09-17T15:27:45Z,48.708099,2.000328,184.2,71.45,284.3,1.05,8
2025-09-17T15:27:46Z,48.708159,2.000086,184.6,69.71,291.5,2.95,5
2025-09-17T15:27:47Z,48.708222,1.999834,183.9,71.47,292.1,2.95,6
2025-09-17T15:27:48Z,48.708265,1.999586,183.9,68.89,290.7,2.95,5
2025-09-17T15:27:49Z,48.708282,1.999352,183.9,64.41,287.2,1.17,7
2025-09-17T15:27:50Z,48.708333,1.999163,183.7,57.15,289.9,1.26,8
2025-09-17T15:27:51Z,48.708399,1.998985,183.6,52.63,294.2,1.26,8
2025-09-17T15:27:52Z,48.708476,1.998840,183.1,45.80,302.9,1.26,8
2025-09-17T15:27:53Z,48.708542,1.998712,183.5,42.15,307.1,1.26,8
2025-09-17T15:27:54Z,48.708639,1.998626,183.9,40.97,321.3,1.39,8
2025-09-17T15:27:55Z,48.708714,1.998522,185.1,43.28,322.4,1.39,7
2025-09-17T15:27:56Z,48.708793,1.998394,184.9,46.39,317.4,1.26,8
2025-09-17T15:27:57Z,48.708887,1.998186,183.3,58.30,309.7,1.26,8
2025-09-17T15:27:58Z,48.708958,1.997951,181.1,67.80,301.2,1.26,8
2025-09-17T15:27:59Z,48.709038,1.997704,181.0,73.91,298.4,1.26,8
2025-09-17T15:28:00Z,48.709094,1.997458,181.3,70.10,295.4,1.87,8
2025-09-17T15:28:01Z,48.709140,1.997229,180.9,64.19,292.4,1.37,7
2025-09-17T15:28:02Z,48.709204,1.997025,181.1,59.63,294.0,1.48,6
2025-09-17T15:28:03Z,48.709286,1.996834,180.9,58.78,298.0,1.38,7
2025-09-17T15:28:04Z,48.709415,1.996697,180.7,56.97,309.8,1.38,7
2025-09-17T15:28:05Z,48.709539,1.996592,180.6,53.56,321.0,2.11,9
2025-09-17T15:28:06Z,48.709646,1.996520,180.2,50.78,331.1,2.86,6
2025-09-17T15:28:07Z,48.709755,1.996422,180.4,52.36,331.7,1.87,7
2025-09-17T15:28:08Z,48.709846,1.996311,180.0,51.97,328.0,1.87,8
2025-09-17T15:28:09Z,48.709930,1.996191,179.8,51.00,324.1,1.87,7
2025-09-17T15:28:10Z,48.709983,1.996022,180.5,51.91,313.8,1.32,9
2025-09-17T15:28:11Z,48.710028,1.995787,180.8,59.06,301.7,1.87,8
2025-09-17T15:28:12Z,48.710059,1.995589,182.6,56.50,296.3,1.38,8
2025-09-17T15:28:13Z,48.710131,1.995411,183.3,55.45,298.1,1.38,7
2025-09-17T15:28:14Z,48.710214,1.995246,183.0,54.17,302.1,1.38,7
2025-09-17T15:28:15Z,48.710319,1.995120,182.3,51.97,315.6,1.87,8
2025-09-17T15:28:16Z,48.710353,1.994960,181.6,50.23,311.3,1.87,7
2025-09-17T15:28:17Z,48.710424,1.994760,182.3,59.62,305.3,1.32,8
2025-09-17T15:28:18Z,48.710490,1.994523,182.0,69.12,299.6,2.12,8
2025-09-17T15:28:19Z,48.710533,1.994293,181.9,65.45,295.8,1.05,9
2025-09-17T15:28:20Z,48.710584,1.994085,181.1,59.19,294.6,1.05,8
2025-09-17T15:28:21Z,48.710657,1.993907,179.7,54.41,299.0,0.97,9
2025-09-17T15:28:22Z,48.710733,1.993750,178.4,52.78,309.4,0.97,9
2025-09-17T15:28:23Z,48.710782,1.993568,177.0,54.02,308.5,0.97,9
2025-09-17T15:28:24Z,48.710850,1.993373,174.8,59.49,304.4,0.97,9
2025-09-17T15:28:25Z,48.710834,1.993117,174.2,62.93,286.9,1.87,8
2025-09-17T15:28:26Z,48.710872,1.992907,173.0,59.36,286.0,1.87,7
2025-09-17T15:28:27Z,48.710913,1.992706,172.7,56.91,287.3,2.86,7
2025-09-17T15:28:28Z,48.710983,1.992516,172.4,56.32,292.3,2.86,8
2025-09-17T15:28:29Z,48.711066,1.992323,171.8,59.06,298.5,1.38,8
2025-09-17T15:28:30Z,48.711129,1.992126,171.7,59.13,297.9,1.26,9
2025-09-17T15:28:31Z,48.711119,1.991895,171.3,59.13,284.4,2.87,8
2025-09-17T15:28:32Z,48.711074,1.991690,172.6,57.39,268.8,2.43,8
2025-09-17T15:28:33Z,48.711061,1.991500,172.9,54.65,265.8,2.43,7
2025-09-17T15:28:34Z,48.711086,1.991328,172.3,50.30,270.1,1.32,8
2025-09-17T15:28:35Z,48.711095,1.991152,169.5,47.43,271.2,2.06,9
2025-09-17T15:28:36Z,48.711124,1.990981,169.1,46.19,277.1,2.06,7
2025-09-17T15:28:37Z,48.711179,1.990820,169.0,46.02,286.6,1.50,8
2025-09-17T15:28:38Z,48.711174,1.990656,169.1,44.02,279.0,1.50,7
2025-09-17T15:28:39Z,48.711190,1.990500,166.3,44.30,277.2,1.32,8
2025-09-17T15:28:40Z,48.711099,1.990325,166.2,50.49,252.3,1.32,8
2025-09-17T15:28:41Z,48.711066,1.990169,167.5,46.00,250.7,1.50,9
2025-09-17T15:28:42Z,48.710917,1.990063,166.7,50.49,222.3,1.63,6
2025-09-17T15:28:43Z,48.710801,1.989972,162.7,52.23,211.4,2.22,7
2025-09-17T15:28:44Z,48.710664,1.989890,159.9,59.99,205.3,2.06,7
2025-09-17T15:28:45Z,48.710526,1.989820,155.4,61.50,200.9,2.06,7
2025-09-17T15:28:46Z,48.710384,1.989756,152.8,62.30,197.7,2.06,7
2025-09-17T15:28:47Z,48.710243,1.989696,150.8,62.34,196.1,2.06,8
2025-09-17T15:28:48Z,48.710104,1.989648,149.2,61.12,194.2,5.87,7
2025-09-17T15:28:49Z,48.709972,1.989610,148.3,58.88,192.1,5.86,6
2025-09-17T15:28:50Z,48.709820,1.989585,147.2,60.75,189.7,5.86,6
2025-09-17T15:28:51Z,48.709688,1.989557,145.7,59.21,189.6,5.86,8
2025-09-17T15:28:52Z,48.709589,1.989558,144.6,54.52,187.1,5.86,6
2025-09-17T15:28:53Z,48.709483,1.989538,143.0,51.86,188.1,5.86,6
2025-09-17T15:28:54Z,48.709412,1.989520,141.7,43.23,188.8,2.07,7
2025-09-17T15:28:55Z,48.709324,1.989512,141.2,39.02,185.6,1.10,8
2025-09-17T15:28:56Z,48.709272,1.989499,139.4,32.89,188.2,1.10,8
2025-09-17T15:28:57Z,48.709266,1.989499,137.5,21.34,186.4,1.10,8
2025-09-17T15:28:58Z,48.709267,1.989490,138.3,12.78,189.4,1.10,8
2025-09-17T15:28:59Z,48.709267,1.989458,137.8,10.59,204.4,1.10,8
2025-09-17T15:29:00Z,48.709255,1.989420,137.5,12.02,222.1,1.10,8
2025-09-17T15:29:01Z,48.709236,1.989390,137.1,11.54,224.7,1.10,8
2025-09-17T15:29:02Z,48.709217,1.989372,137.6,10.54,220.5,1.10,8
2025-09-17T15:29:03Z,48.709207,1.989357,137.0,7.89,212.3,1.10,8
2025-09-17T15:29:04Z,48.709182,1.989355,135.3,6.98,195.8,1.10,8
2025-09-17T15:29:05Z,48.709171,1.989360,134.2,6.70,179.9,1.10,8
2025-09-17T15:29:06Z,48.709171,1.989374,130.5,5.61,167.6,1.10,8
2025-09-17T15:29:07Z,48.709157,1.989387,130.9,5.83,160.5,1.10,8
2025-09-17T15:29:08Z,48.709151,1.989395,128.8,3.85,156.3,1.10,8
2025-09-17T15:29:09Z,48.709139,1.989400,128.8,2.50,153.1,1.10,8
2025-09-17T15:29:10Z,48.709136,1.989403,126.9,0.89,153.1,1.10,8
2025-09-17T15:29:11Z,48.709106,1.989399,125.6,0.37,153.1,2.08,8
2025-09-17T15:29:12Z,48.709097,1.989395,122.1,0.80,153.1,1.10,8
2025-09-17T15:29:13Z,48.709095,1.989390,121.2,0.07,153.1,1.10,8
2025-09-17T15:29:14Z,48.709094,1.989384,120.6,0.17,153.1,1.10,9
2025-09-17T15:29:15Z,48.709090,1.989381,120.3,0.94,153.1,1.10,8
2025-09-17T15:29:16Z,48.709092,1.989390,119.4,2.52,135.9,1.10,8
2025-09-17T15:29:17Z,48.709091,1.989395,118.8,0.22,135.9,1.10,8
2025-09-17T15:29:18Z,48.709094,1.989394,118.4,1.56,135.9,1.10,8
2025-09-17T15:29:19Z,48.709092,1.989389,118.1,0.52,135.9,1.10,8
2025-09-17T15:29:20Z,48.709089,1.989387,117.7,0.07,135.9,1.10,8
2025-09-17T15:29:21Z,48.709089,1.989389,117.3,0.74,135.9,1.10,8
2025-09-17T15:29:22Z,48.709089,1.989389,116.6,0.65,135.9,1.10,8
2025-09-17T15:29:23Z,48.709091,1.989390,116.2,0.13,135.9,1.10,8
2025-09-17T15:29:24Z,48.709092,1.989394,116.1,0.28,135.9,0.98,10
2025-09-17T15:29:25Z,48.709092,1.989398,115.5,1.19,135.9,1.10,9
2025-09-17T15:29:26Z,48.709092,1.989402,115.1,0.33,135.9,0.98,9
2025-09-17T15:29:27Z,48.709091,1.989396,114.6,1.30,135.9,0.98,9
2025-09-17T15:29:28Z,48.709091,1.989394,114.0,0.26,135.9,1.10,9
2025-09-17T15:29:29Z,48.709089,1.989394,113.6,0.67,135.9,1.10,9
2025-09-17T15:29:30Z,48.709086,1.989394,113.2,0.65,135.9,1.10,8
2025-09-17T15:29:31Z,48.709087,1.989395,112.7,0.61,135.9,1.10,8
2025-09-17T15:29:32Z,48.709090,1.989395,112.1,0.70,135.9,1.10,8
2025-09-17T15:29:33Z,48.709095,1.989397,111.9,0.07,135.9,1.10,8
2025-09-17T15:29:34Z,48.709101,1.989400,111.7,0.02,135.9,1.10,9
2025-09-17T15:29:35Z,48.709104,1.989397,112.4,1.65,135.9,0.98,9
2025-09-17T15:29:36Z,48.709105,1.989398,112.3,0.19,135.9,0.98,9
2025-09-17T15:29:37Z,48.709106,1.989402,112.0,0.61,135.9,1.17,8
2025-09-17T15:29:38Z,48.709108,1.989405,112.1,0.33,135.9,1.06,8
2025-09-17T15:29:39Z,48.709110,1.989404,111.9,0.83,135.9,1.06,9
2025-09-17T15:29:40Z,48.709112,1.989405,112.0,0.20,135.9,1.06,9
2025-09-17T15:29:41Z,48.709113,1.989406,112.1,0.17,135.9,0.99,8
2025-09-17T15:29:42Z,48.709109,1.989406,112.0,1.06,135.9,0.99,8
2025-09-17T15:29:43Z,48.709104,1.989405,112.0,1.24,150.1,0.98,9
2025-09-17T15:29:44Z,48.709096,1.989402,111.9,0.46,150.1,0.98,9
2025-09-17T15:29:45Z,48.709084,1.989398,111.1,0.04,150.1,1.10,9
2025-09-17T15:29:46Z,48.709074,1.989395,110.0,0.09,150.1,0.98,9
2025-09-17T15:29:47Z,48.709072,1.989393,108.9,0.24,150.1,1.10,9
2025-09-17T15:29:48Z,48.709070,1.989392,108.4,0.06,150.1,0.98,9
2025-09-17T15:29:49Z,48.709068,1.989387,108.1,0.06,150.1,0.98,9
2025-09-17T15:29:50Z,48.709067,1.989388,107.9,0.61,150.1,0.98,9
2025-09-17T15:29:51Z,48.709069,1.989392,107.8,1.48,108.1,0.91,10
2025-09-17T15:29:52Z,48.709071,1.989395,107.7,0.46,108.1,1.08,10
2025-09-17T15:29:53Z,48.709070,1.989397,107.7,0.04,108.1,1.08,10
2025-09-17T15:29:54Z,48.709071,1.989398,107.5,0.22,108.1,1.08,10
2025-09-17T15:29:55Z,48.709069,1.989397,107.1,0.19,108.1,1.10,10
2025-09-17T15:29:56Z,48.709068,1.989396,106.9,0.09,108.1,1.10,9
2025-09-17T15:29:57Z,48.709066,1.989394,106.9,0.56,108.1,1.10,9
2025-09-17T15:29:58Z,48.709058,1.989390,106.7,1.80,164.9,1.10,9
2025-09-17T15:29:59Z,48.709055,1.989388,106.5,0.30,164.9,1.10,9
2025-09-17T15:30:00Z,48.709052,1.989386,106.2,0.07,164.9,1.10,9
2025-09-17T15:30:01Z,48.709049,1.989383,105.8,0.15,164.9,1.08,10
2025-09-17T15:30:02Z,48.709048,1.989380,105.4,0.09,164.9,1.08,10
2025-09-17T15:30:03Z,48.709047,1.989378,105.3,0.00,164.9,1.10,9
2025-09-17T15:30:04Z,48.709049,1.989378,105.2,0.07,164.9,1.10,9
2025-09-17T15:30:05Z,48.709050,1.989377,105.2,0.43,164.9,1.10,9
2025-09-17T15:30:06Z,48.709049,1.989379,105.2,1.37,164.9,0.98,9
2025-09-17T15:30:07Z,48.709046,1.989381,105.4,0.69,164.9,0.98,9
2025-09-17T15:30:08Z,48.709043,1.989381,105.3,1.52,164.9,1.10,8
2025-09-17T15:30:09Z,48.709042,1.989386,105.4,1.56,164.9,1.10,8
2025-09-17T15:30:10Z,48.709046,1.989389,105.3,1.20,164.9,1.10,8
2025-09-17T15:30:11Z,48.709045,1.989384,105.0,1.74,164.9,1.10,8
2025-09-17T15:30:12Z,48.709043,1.989380,104.8,1.22,164.9,1.10,8
2025-09-17T15:30:13Z,48.709042,1.989386,104.4,1.30,164.9,1.10,8
2025-09-17T15:30:14Z,48.709043,1.989389,104.1,0.50,164.9,1.10,8
2025-09-17T15:30:15Z,48.709043,1.989386,104.1,0.61,164.9,1.10,9
2025-09-17T15:30:16Z,48.709042,1.989385,104.1,0.26,164.9,0.98,10
2025-09-17T15:30:17Z,48.709041,1.989386,104.1,0.35,164.9,0.98,9
2025-09-17T15:30:18Z,48.709040,1.989386,104.0,0.13,164.9,0.98,9
2025-09-17T15:30:19Z,48.709038,1.989387,103.8,0.57,164.9,0.98,9
2025-09-17T15:30:20Z,48.709036,1.989390,103.9,0.87,164.9,0.98,9
2025-09-17T15:30:21Z,48.709038,1.989389,104.0,0.30,164.9,0.98,9
2025-09-17T15:30:22Z,48.709038,1.989388,104.1,0.02,164.9,0.98,9
2025-09-17T15:30:23Z,48.709038,1.989386,104.0,0.15,164.9,0.98,9
2025-09-17T15:30:24Z,48.709037,1.989383,104.0,0.07,164.9,0.98,9
2025-09-17T15:30:25Z,48.709036,1.989381,103.9,0.19,164.9,0.98,9
2025-09-17T15:30:26Z,48.709035,1.989380,103.9,0.07,164.9,0.98,9
2025-09-17T15:30:27Z,48.709034,1.989378,103.8,0.15,164.9,0.98,9
2025-09-17T15:30:28Z,48.709033,1.989377,104.0,0.28,164.9,0.98,9
2025-09-17T15:30:29Z,48.709033,1.989375,104.1,0.02,164.9,0.98,9
2025-09-17T15:30:30Z,48.709032,1.989374,104.2,0.09,164.9,0.98,9
2025-09-17T15:30:31Z,48.709032,1.989373,104.1,0.13,164.9,0.98,9
2025-09-17T15:30:32Z,48.709032,1.989370,104.3,0.15,164.9,0.98,9
2025-09-17T15:30:33Z,48.709032,1.989367,104.3,0.04,164.9,0.98,9
2025-09-17T15:30:34Z,48.709033,1.989364,104.3,0.11,164.9,0.98,9
2025-09-17T15:30:35Z,48.709032,1.989362,104.5,0.07,164.9,0.98,9
2025-09-17T15:30:36Z,48.709032,1.989360,104.6,0.11,164.9,0.98,9
2025-09-17T15:30:37Z,48.709032,1.989357,104.5,0.11,164.9,0.98,9
2025-09-17T15:30:38Z,48.709032,1.989355,104.4,0.11,164.9,0.98,9
2025-09-17T15:30:39Z,48.709032,1.989356,104.4,0.19,164.9,0.98,9
2025-09-17T15:30:40Z,48.709031,1.989356,104.4,0.20,164.9,1.10,8
2025-09-17T15:30:41Z,48.709030,1.989357,104.3,0.50,164.9,1.10,8
2025-09-17T15:30:42Z,48.709030,1.989357,104.0,0.15,164.9,1.10,8
2025-09-17T15:30:43Z,48.709030,1.989355,104.0,0.17,164.9,1.10,8
2025-09-17T15:30:44Z,48.709030,1.989354,103.9,0.31,164.9,1.10,8
2025-09-17T15:30:45Z,48.709029,1.989354,103.8,0.09,164.9,1.10,8
2025-09-17T15:30:46Z,48.709027,1.989353,103.8,0.04,164.9,1.10,8
2025-09-17T15:30:47Z,48.709026,1.989354,103.6,0.11,164.9,1.10,8
2025-09-17T15:30:48Z,48.709026,1.989354,103.4,0.13,164.9,1.10,8
2025-09-17T15:30:49Z,48.709026,1.989354,103.3,0.02,164.9,1.10,8
2025-09-17T15:30:50Z,48.709026,1.989355,103.1,0.04,164.9,1.10,8
2025-09-17T15:30:51Z,48.709026,1.989355,103.1,0.35,164.9,1.10,8
2025-09-17T15:30:52Z,48.709024,1.989354,103.0,0.06,164.9,1.10,8
2025-09-17T15:30:53Z,48.709021,1.989356,102.8,1.02,164.9,1.10,8
2025-09-17T15:30:54Z,48.709019,1.989356,102.5,0.22,164.9,1.10,8
2025-09-17T15:30:55Z,48.709017,1.989356,102.4,0.07,164.9,1.10,8
2025-09-17T15:30:56Z,48.709014,1.989360,102.2,1.30,164.9,1.10,8
2025-09-17T15:30:57Z,48.709015,1.989359,101.7,0.63,164.9,1.10,8
2025-09-17T15:30:58Z,48.709016,1.989359,101.5,0.48,164.9,1.10,8
2025-09-17T15:30:59Z,48.709017,1.989362,101.3,1.39,164.9,1.10,8
2025-09-17T15:31:00Z,48.709018,1.989363,101.3,0.81,164.9,1.10,8
2025-09-17T15:31:01Z,48.709022,1.989360,101.1,1.52,164.9,1.10,8
2025-09-17T15:31:02Z,48.709022,1.989362,101.3,0.37,164.9,1.17,7
2025-09-17T15:31:03Z,48.709023,1.989363,101.3,0.11,164.9,1.06,8
2025-09-17T15:31:04Z,48.709025,1.989363,101.2,1.11,164.9,1.06,8
2025-09-17T15:31:05Z,48.709027,1.989364,101.1,0.30,164.9,0.98,9
2025-09-17T15:31:06Z,48.709027,1.989366,101.0,0.33,164.9,0.98,9
2025-09-17T15:31:07Z,48.709027,1.989367,101.0,0.15,164.9,0.98,9
2025-09-17T15:31:08Z,48.709028,1.989368,100.9,0.04,164.9,0.98,9
2025-09-17T15:31:09Z,48.709028,1.989370,100.8,0.07,164.9,0.98,9
2025-09-17T15:31:10Z,48.709034,1.989378,100.5,0.26,164.9,0.98,9
2025-09-17T15:31:11Z,48.709036,1.989378,99.4,0.70,164.9,0.98,9
2025-09-17T15:31:12Z,48.709034,1.989380,98.8,0.80,164.9,0.98,9
2025-09-17T15:31:13Z,48.709036,1.989379,98.4,0.76,164.9,0.98,9
2025-09-17T15:31:14Z,48.709029,1.989383,98.4,0.07,164.9,0.98,9
2025-09-17T15:31:15Z,48.709029,1.989383,98.2,1.11,164.9,0.98,9
2025-09-17T15:31:16Z,48.709025,1.989379,98.7,0.72,164.9,1.10,9
2025-09-17T15:31:17Z,48.709024,1.989374,98.3,0.02,164.9,0.98,9
2025-09-17T15:31:18Z,48.709023,1.989375,98.6,0.19,164.9,0.98,9
2025-09-17T15:31:19Z,48.709020,1.989371,98.0,0.09,164.9,0.98,9
2025-09-17T15:31:20Z,48.709018,1.989368,98.1,0.07,164.9,0.98,9
2025-09-17T15:31:21Z,48.709013,1.989366,98.1,0.11,164.9,1.10,8
2025-09-17T15:31:22Z,48.709013,1.989365,97.9,0.50,164.9,1.10,8
2025-09-17T15:31:23Z,48.709015,1.989366,98.1,1.56,98.3,1.10,8
2025-09-17T15:31:24Z,48.709017,1.989365,97.9,0.06,98.3,1.10,8
2025-09-17T15:31:25Z,48.709018,1.989365,97.8,0.11,98.3,1.13,8
2025-09-17T15:31:26Z,48.709017,1.989364,97.2,0.07,98.3,1.10,8
2025-09-17T15:31:27Z,48.709015,1.989366,96.6,0.13,98.3,1.10,8
2025-09-17T15:31:28Z,48.709013,1.989366,96.4,0.80,98.3,1.13,8
2025-09-17T15:31:29Z,48.709013,1.989366,96.4,0.35,98.3,1.10,8
2025-09-17T15:31:30Z,48.709012,1.989365,96.3,0.72,98.3,1.10,8
2025-09-17T15:31:31Z,48.709011,1.989363,96.4,0.11,98.3,1.10,8
2025-09-17T15:31:32Z,48.709013,1.989362,96.2,0.09,98.3,1.10,8
2025-09-17T15:31:33Z,48.709014,1.989360,96.5,0.04,98.3,1.10,8
2025-09-17T15:31:34Z,48.709015,1.989358,96.4,0.20,98.3,1.10,8
2025-09-17T15:31:35Z,48.709012,1.989357,96.4,0.19,98.3,1.10,8
2025-09-17T15:31:36Z,48.709013,1.989357,96.2,0.30,98.3,1.10,8
2025-09-17T15:31:37Z,48.709011,1.989357,96.0,0.07,98.3,1.10,8
2025-09-17T15:31:38Z,48.709010,1.989358,96.1,0.04,98.3,1.10,8
2025-09-17T15:31:39Z,48.709008,1.989357,96.2,0.37,98.3,1.10,8
2025-09-17T15:31:40Z,48.709007,1.989356,96.5,0.20,98.3,1.10,8
2025-09-17T15:31:41Z,48.709007,1.989355,96.6,0.93,98.3,1.10,8
2025-09-17T15:31:42Z,48.709004,1.989354,96.9,0.65,98.3,1.10,8
2025-09-17T15:31:43Z,48.709001,1.989356,96.8,0.28,98.3,1.10,8
2025-09-17T15:31:44Z,48.709001,1.989359,96.9,0.07,98.3,1.10,8
2025-09-17T15:31:45Z,48.709000,1.989361,96.6,0.39,98.3,2.15,8
2025-09-17T15:31:46Z,48.709000,1.989361,96.3,0.06,98.3,1.10,8
2025-09-17T15:31:47Z,48.709000,1.989361,96.1,0.28,98.3,1.10,8
2025-09-17T15:31:48Z,48.709002,1.989362,95.7,0.39,98.3,1.10,8
2025-09-17T15:31:49Z,48.708999,1.989360,95.5,0.76,98.3,1.13,8
2025-09-17T15:31:50Z,48.708998,1.989366,95.3,0.81,98.3,1.10,8
2025-09-17T15:31:51Z,48.709000,1.989368,95.5,1.04,98.3,1.10,8
2025-09-17T15:31:52Z,48.708999,1.989371,95.6,0.94,98.3,1.10,8
2025-09-17T15:31:53Z,48.709001,1.989368,95.3,2.48,98.3,1.10,8
2025-09-17T15:31:54Z,48.709001,1.989365,95.6,0.15,98.3,1.10,8
2025-09-17T15:31:55Z,48.709001,1.989366,95.5,0.04,98.3,1.10,8
2025-09-17T15:31:56Z,48.709002,1.989366,95.5,0.26,98.3,1.10,8
2025-09-17T15:31:57Z,48.709003,1.989365,95.6,0.07,98.3,1.10,8
2025-09-17T15:31:58Z,48.709009,1.989364,95.8,0.04,98.3,1.10,8
2025-09-17T15:31:59Z,48.709011,1.989361,96.7,0.15,98.3,1.10,8
2025-09-17T15:32:00Z,48.709012,1.989359,97.5,0.06,98.3,1.10,8
2025-09-17T15:32:01Z,48.709010,1.989358,98.0,0.06,98.3,1.10,8
2025-09-17T15:32:02Z,48.709009,1.989356,98.1,0.06,98.3,1.10,8
2025-09-17T15:32:03Z,48.709010,1.989356,98.4,0.06,98.3,1.10,8
2025-09-17T15:32:04Z,48.709011,1.989355,98.7,0.15,98.3,1.10,8
2025-09-17T15:32:05Z,48.709012,1.989356,98.9,0.13,98.3,1.10,8
2025-09-17T15:32:06Z,48.709011,1.989356,98.4,0.41,98.3,1.10,8
2025-09-17T15:32:07Z,48.709008,1.989353,98.2,0.11,98.3,1.10,8
2025-09-17T15:32:08Z,48.709010,1.989354,98.9,0.06,98.3,1.10,8
2025-09-17T15:32:09Z,48.709006,1.989353,99.0,0.06,98.3,1.10,8
2025-09-17T15:32:10Z,48.709006,1.989354,98.7,0.06,98.3,1.10,8
2025-09-17T15:32:11Z,48.709006,1.989354,98.3,0.04,98.3,1.10,8
2025-09-17T15:32:12Z,48.709006,1.989353,98.3,0.17,98.3,1.10,8
2025-09-17T15:32:13Z,48.709005,1.989353,98.3,0.11,98.3,1.10,8
2025-09-17T15:32:14Z,48.709003,1.989353,98.2,0.43,98.3,1.10,8
2025-09-17T15:32:15Z,48.709002,1.989353,98.0,0.26,98.3,1.10,8
2025-09-17T15:32:16Z,48.709002,1.989351,97.2,0.17,98.3,1.10,8
2025-09-17T15:32:17Z,48.709001,1.989350,97.0,0.09,98.3,1.10,8
2025-09-17T15:32:18Z,48.708999,1.989348,96.9,0.07,98.3,1.10,8
2025-09-17T15:32:19Z,48.708997,1.989348,96.6,0.04,98.3,1.10,8
2025-09-17T15:32:20Z,48.708996,1.989347,96.3,0.07,98.3,1.10,8
2025-09-17T15:32:21Z,48.708995,1.989346,96.1,0.07,98.3,1.10,8
2025-09-17T15:32:22Z,48.708998,1.989347,95.8,0.31,98.3,1.10,8
2025-09-17T15:32:23Z,48.708997,1.989349,95.9,0.33,98.3,1.10,8
2025-09-17T15:32:24Z,48.709000,1.989351,96.2,0.28,98.3,1.10,8
2025-09-17T15:32:25Z,48.709003,1.989354,96.5,0.22,98.3,1.10,8
2025-09-17T15:32:26Z,48.709010,1.989355,97.3,0.17,98.3,1.10,8
2025-09-17T15:32:27Z,48.709012,1.989359,98.1,0.50,98.3,1.10,8
2025-09-17T15:32:28Z,48.709012,1.989363,97.5,0.20,98.3,1.10,8
2025-09-17T15:32:29Z,48.709014,1.989367,97.5,0.06,98.3,1.10,8
2025-09-17T15:32:30Z,48.709013,1.989367,97.5,0.85,98.3,1.10,8
2025-09-17T15:32:31Z,48.709012,1.989363,97.5,0.39,98.3,1.10,8
2025-09-17T15:32:32Z,48.709011,1.989362,97.5,0.06,98.3,1.10,8
2025-09-17T15:32:33Z,48.709009,1.989366,97.6,2.15,98.3,1.10,8
2025-09-17T15:32:34Z,48.709004,1.989384,97.6,6.96,113.1,1.10,8
2025-09-17T15:32:35Z,48.708999,1.989412,97.9,8.74,111.7,1.10,8
2025-09-17T15:32:36Z,48.708994,1.989432,98.6,4.19,109.4,1.10,8
2025-09-17T15:32:37Z,48.708992,1.989439,99.3,1.20,109.4,1.10,8
2025-09-17T15:32:38Z,48.708994,1.989444,99.3,1.59,109.4,1.10,8
2025-09-17T15:32:39Z,48.708992,1.989458,99.5,5.07,110.1,1.10,8
2025-09-17T15:32:40Z,48.708987,1.989484,99.8,7.93,95.4,1.10,8
2025-09-17T15:32:41Z,48.708989,1.989508,99.9,7.70,63.9,1.10,8
2025-09-17T15:32:42Z,48.709007,1.989524,100.3,12.52,28.9,1.10,8
2025-09-17T15:32:43Z,48.709037,1.989537,100.6,16.00,18.7,1.10,8
2025-09-17T15:32:44Z,48.709077,1.989548,100.1,19.21,8.9,1.10,8
2025-09-17T15:32:45Z,48.709124,1.989559,99.9,20.72,8.7,1.10,8
2025-09-17T15:32:46Z,48.709161,1.989567,99.9,14.76,8.4,1.10,8
2025-09-17T15:32:47Z,48.709206,1.989572,101.3,20.39,6.2,1.10,8
2025-09-17T15:32:48Z,48.709254,1.989568,103.6,22.04,0.6,1.10,8
2025-09-17T15:32:49Z,48.709303,1.989568,105.0,23.85,2.4,1.10,8
2025-09-17T15:32:50Z,48.709366,1.989574,107.3,27.17,3.3,1.10,8
2025-09-17T15:32:51Z,48.709441,1.989590,109.1,31.22,6.2,1.10,8
2025-09-17T15:32:52Z,48.709524,1.989610,109.8,34.08,8.8,1.50,7
2025-09-17T15:32:53Z,48.709595,1.989623,110.8,31.84,5.8,1.50,8
2025-09-17T15:32:54Z,48.709660,1.989623,114.5,29.63,0.5,1.10,8
2025-09-17T15:32:55Z,48.709725,1.989626,118.9,26.09,360.0,1.10,8
2025-09-17T15:32:56Z,48.709798,1.989631,121.4,28.87,1.7,1.10,8
2025-09-17T15:32:57Z,48.709838,1.989636,124.0,21.02,3.0,1.50,7
2025-09-17T15:32:58Z,48.709910,1.989613,130.0,30.48,350.1,1.10,8
2025-09-17T15:32:59Z,48.709978,1.989637,136.6,32.02,8.0,1.50,7
2025-09-17T15:33:00Z,48.710086,1.989651,143.5,35.97,3.9,1.50,7
2025-09-17T15:33:01Z,48.710189,1.989674,142.8,37.93,9.7,1.10,8
2025-09-17T15:33:02Z,48.710283,1.989735,144.2,39.26,20.1,1.50,8
2025-09-17T15:33:03Z,48.710457,1.989877,147.2,45.21,21.9,1.50,7
2025-09-17T15:33:04Z,48.710575,1.989950,135.5,46.43,21.2,1.10,8
2025-09-17T15:33:05Z,48.710730,1.990045,135.6,49.82,22.9,1.10,8
2025-09-17T15:33:06Z,48.710887,1.990150,129.2,49.78,27.5,1.10,8
2025-09-17T15:33:07Z,48.711012,1.990229,122.9,42.95,32.6,1.35,8
2025-09-17T15:33:08Z,48.711106,1.990307,118.4,37.15,36.2,1.35,7
2025-09-17T15:33:09Z,48.711176,1.990407,117.0,37.65,46.0,1.35,7
2025-09-17T15:33:10Z,48.711227,1.990520,117.3,36.69,58.1,1.35,7
2025-09-17T15:33:11Z,48.711266,1.990643,117.8,35.30,65.0,1.35,7
2025-09-17T15:33:12Z,48.711276,1.990788,118.0,40.34,84.2,1.35,7
2025-09-17T15:33:13Z,48.711218,1.990924,118.5,42.41,116.7,1.35,7
2025-09-17T15:33:14Z,48.711143,1.991051,120.9,44.36,129.0,1.10,8
2025-09-17T15:33:15Z,48.711097,1.991207,124.3,45.00,121.5,1.10,8
2025-09-17T15:33:16Z,48.711102,1.991376,123.2,41.58,96.5,1.10,8
2025-09-17T15:33:17Z,48.711138,1.991560,123.2,43.52,78.9,1.35,8
2025-09-17T15:33:18Z,48.711171,1.991723,121.4,46.82,70.7,1.35,7
2025-09-17T15:33:19Z,48.711201,1.991896,122.1,46.56,76.9,1.35,7
2025-09-17T15:33:20Z,48.711205,1.992068,123.5,46.26,87.3,1.35,7
2025-09-17T15:33:21Z,48.711187,1.992236,122.5,44.78,97.2,1.35,7
2025-09-17T15:33:22Z,48.711165,1.992409,123.8,47.10,99.7,1.35,7
2025-09-17T15:33:23Z,48.711115,1.992575,124.4,46.41,109.9,1.35,7
2025-09-17T15:33:24Z,48.711067,1.992755,127.1,52.45,109.5,1.35,7
2025-09-17T15:33:25Z,48.711041,1.992986,133.5,60.02,100.5,1.35,7
2025-09-17T15:33:26Z,48.711008,1.993221,134.2,62.39,100.0,1.35,7
2025-09-17T15:33:27Z,48.710954,1.993428,134.8,55.13,107.8,1.35,7
2025-09-17T15:33:28Z,48.710879,1.993594,135.0,48.80,121.7,1.35,7
2025-09-17T15:33:29Z,48.710800,1.993710,132.5,41.00,133.4,1.35,7
2025-09-17T15:33:30Z,48.710696,1.993825,132.8,47.71,140.1,1.35,7
2025-09-17T15:33:31Z,48.710614,1.993969,133.7,49.06,128.6,1.35,7
2025-09-17T15:33:32Z,48.710589,1.994166,135.4,55.63,104.6,1.35,7
2025-09-17T15:33:33Z,48.710554,1.994401,137.1,64.93,99.9,1.35,7
2025-09-17T15:33:34Z,48.710521,1.994634,137.5,61.43,101.1,1.35,7
2025-09-17T15:33:35Z,48.710443,1.994824,136.9,54.65,114.8,1.35,7
2025-09-17T15:33:36Z,48.710338,1.994974,136.9,52.74,134.1,1.35,8
2025-09-17T15:33:37Z,48.710240,1.995111,136.1,52.43,135.3,1.35,7
2025-09-17T15:33:38Z,48.710152,1.995254,137.5,50.45,134.1,1.35,7
2025-09-17T15:33:39Z,48.710101,1.995415,138.0,49.82,118.8,1.35,7
2025-09-17T15:33:40Z,48.710108,1.995604,140.2,49.89,91.2,1.35,7
2025-09-17T15:33:41Z,48.710138,1.995816,145.2,57.39,77.5,1.35,7
2025-09-17T15:33:42Z,48.710122,1.995998,147.0,48.93,90.1,1.35,7
2025-09-17T15:33:43Z,48.710093,1.996157,150.9,44.11,98.7,1.10,8
2025-09-17T15:33:44Z,48.710060,1.996287,154.7,33.26,106.7,1.10,8
2025-09-17T15:33:45Z,48.709987,1.996384,156.7,34.28,131.7,1.35,8
2025-09-17T15:33:46Z,48.709909,1.996478,156.8,35.80,137.0,1.35,7
2025-09-17T15:33:47Z,48.709806,1.996581,160.6,43.89,142.5,1.35,7
2025-09-17T15:33:48Z,48.709683,1.996695,164.7,50.60,147.0,1.35,7
2025-09-17T15:33:49Z,48.709581,1.996804,167.4,47.93,142.8,2.41,7
2025-09-17T15:33:50Z,48.709491,1.996941,169.4,48.74,132.9,2.41,6
2025-09-17T15:33:51Z,48.709465,1.997144,170.5,53.86,103.7,2.41,6
2025-09-17T15:33:52Z,48.709415,1.997357,171.2,61.15,102.1,1.35,7
2025-09-17T15:33:53Z,48.709380,1.997595,172.1,64.80,98.2,1.10,8
2025-09-17T15:33:54Z,48.709292,1.997846,175.1,71.56,108.4,1.10,8
2025-09-17T15:33:55Z,48.709218,1.998082,175.1,64.63,113.0,1.10,8
2025-09-17T15:33:56Z,48.709117,1.998268,175.2,54.17,121.9,1.35,8
2025-09-17T15:33:57Z,48.709024,1.998415,171.5,46.17,127.5,1.35,7
2025-09-17T15:33:58Z,48.708921,1.998504,170.1,36.23,143.5,1.35,7
2025-09-17T15:33:59Z,48.708853,1.998576,167.0,29.58,140.0,1.35,7
2025-09-17T15:34:00Z,48.708788,1.998651,169.3,30.89,138.6,1.35,7
2025-09-17T15:34:01Z,48.708759,1.998771,170.8,34.80,112.6,1.35,7
2025-09-17T15:34:02Z,48.708712,1.998914,172.9,41.74,110.9,1.35,7
2025-09-17T15:34:03Z,48.708664,1.999096,174.9,52.30,106.8,1.35,7
2025-09-17T15:34:04Z,48.708604,1.999315,175.2,65.89,106.8,1.35,7
2025-09-17T15:34:05Z,48.708532,1.999539,175.4,64.82,113.2,1.35,7
2025-09-17T15:34:06Z,48.708475,1.999771,178.3,64.91,107.6,1.10,8
2025-09-17T15:34:07Z,48.708387,1.999998,179.5,67.88,114.0,1.35,8
2025-09-17T15:34:08Z,48.708261,2.000227,180.0,74.84,123.0,1.35,7
2025-09-17T15:34:09Z,48.708168,2.000465,179.2,71.82,117.1,1.35,7
2025-09-17T15:34:10Z,48.708078,2.000689,181.0,65.45,118.4,1.35,7
2025-09-17T15:34:11Z,48.708014,2.000894,182.9,56.08,113.0,1.35,7
2025-09-17T15:34:12Z,48.708010,2.001079,183.9,47.43,91.1,1.35,7
2025-09-17T15:34:13Z,48.708011,2.001234,187.1,41.02,79.2,1.10,8
2025-09-17T15:34:14Z,48.708003,2.001341,186.4,34.58,65.2,1.35,7
2025-09-17T15:34:15Z,48.708047,2.001421,182.7,33.19,39.2,1.35,7
2025-09-17T15:34:16Z,48.708105,2.001477,181.9,32.91,25.8,1.35,7
2025-09-17T15:34:17Z,48.708168,2.001490,184.3,34.13,8.7,1.35,7
2025-09-17T15:34:18Z,48.708237,2.001476,185.0,38.10,3.6,1.35,7
2025-09-17T15:34:19Z,48.708339,2.001493,190.9,44.21,7.6,1.10,8
2025-09-17T15:34:20Z,48.708456,2.001483,194.3,49.87,357.9,1.10,8
2025-09-17T15:34:21Z,48.708596,2.001479,198.9,53.99,359.3,1.51,8
2025-09-17T15:34:22Z,48.708727,2.001481,200.2,51.95,1.2,1.51,7
2025-09-17T15:34:23Z,48.708875,2.001495,202.3,59.04,5.3,1.51,7
2025-09-17T15:34:24Z,48.709013,2.001480,206.9,55.67,355.8,1.10,8
2025-09-17T15:34:25Z,48.709150,2.001474,211.4,52.80,357.7,1.10,8
2025-09-17T15:34:26Z,48.709307,2.001472,212.9,56.63,357.4,1.10,8
2025-09-17T15:34:27Z,48.709460,2.001435,214.6,58.32,349.1,1.10,8
2025-09-17T15:34:28Z,48.709599,2.001414,218.6,57.19,353.3,1.10,8
2025-09-17T15:34:29Z,48.709727,2.001400,225.4,53.02,355.2,1.51,8
2025-09-17T15:34:30Z,48.709888,2.001414,234.8,60.21,1.3,1.51,7
2025-09-17T15:34:31Z,48.710045,2.001415,237.0,55.52,0.4,1.87,7
2025-09-17T15:34:32Z,48.710232,2.001420,238.2,59.86,359.1,1.35,7
2025-09-17T15:34:33Z,48.710414,2.001416,234.6,61.49,359.0,1.35,7
2025-09-17T15:34:34Z,48.710597,2.001423,231.5,62.06,358.9,1.35,7
2025-09-17T15:34:35Z,48.710788,2.001444,230.0,62.54,359.5,1.87,7
2025-09-17T15:34:36Z,48.711005,2.001468,225.1,62.99,0.0,1.10,8
2025-09-17T15:34:37Z,48.711247,2.001516,217.4,66.82,3.2,1.10,8
2025-09-17T15:34:38Z,48.711469,2.001564,205.2,68.91,3.3,1.35,8
2025-09-17T15:34:39Z,48.711673,2.001615,196.8,71.08,3.1,1.10,8
2025-09-17T15:34:40Z,48.711870,2.001648,191.9,72.12,2.7,1.10,8
2025-09-17T15:34:41Z,48.712064,2.001670,188.6,73.30,2.1,1.10,8
2025-09-17T15:34:42Z,48.712258,2.001696,186.4,74.43,2.5,1.10,8
2025-09-17T15:34:43Z,48.712454,2.001716,184.6,75.56,2.2,1.10,8
2025-09-17T15:34:44Z,48.712651,2.001741,183.0,76.47,2.7,1.10,8
2025-09-17T15:34:45Z,48.712850,2.001766,181.4,77.71,2.9,1.10,8
2025-09-17T15:34:46Z,48.713056,2.001806,180.1,79.08,3.1,1.10,8
2025-09-17T15:34:47Z,48.713261,2.001835,177.5,79.86,3.0,1.10,8
2025-09-17T15:34:48Z,48.713466,2.001860,175.9,80.41,2.5,1.14,8
2025-09-17T15:34:49Z,48.713670,2.001883,174.4,79.91,3.0,1.10,8
2025-09-17T15:34:50Z,48.713869,2.001905,173.3,79.08,3.4,1.14,8
2025-09-17T15:34:51Z,48.714069,2.001930,172.7,79.15,3.8,1.10,8
2025-09-17T15:34:52Z,48.714268,2.001953,172.1,79.19,3.5,1.35,8
2025-09-17T15:34:53Z,48.714466,2.001974,171.5,78.56,3.0,1.10,8
2025-09-17T15:34:54Z,48.714660,2.001991,170.9,76.45,2.8,1.10,8
2025-09-17T15:34:55Z,48.714852,2.002010,170.3,76.64,3.3,1.10,8
2025-09-17T15:34:56Z,48.715045,2.002032,169.8,76.64,3.4,1.10,8
2025-09-17T15:34:57Z,48.715238,2.002051,169.0,76.97,3.0,1.10,8
2025-09-17T15:34:58Z,48.715432,2.002070,168.5,76.28,2.8,1.10,8
2025-09-17T15:34:59Z,48.715622,2.002089,167.7,75.52,3.0,1.10,8
2025-09-17T15:35:00Z,48.715812,2.002108,167.0,75.47,3.5,1.10,8
2025-09-17T15:35:01Z,48.716002,2.002126,166.5,75.91,3.1,1.10,8
2025-09-17T15:35:02Z,48.716195,2.002144,166.1,77.71,3.0,1.10,8
2025-09-17T15:35:03Z,48.716393,2.002164,165.6,77.56,3.2,1.10,8
2025-09-17T15:35:04Z,48.716587,2.002180,164.8,77.77,3.0,1.10,8
2025-09-17T15:35:05Z,48.716784,2.002195,164.4,79.21,2.5,1.10,8
2025-09-17T15:35:06Z,48.716985,2.002210,164.2,80.49,2.8,1.10,8
2025-09-17T15:35:07Z,48.717188,2.002227,163.8,81.12,3.2,1.10,8
2025-09-17T15:35:08Z,48.717390,2.002245,163.3,80.06,3.2,1.10,8
2025-09-17T15:35:09Z,48.717587,2.002262,162.8,78.36,3.3,1.10,8
2025-09-17T15:35:10Z,48.717777,2.002279,162.5,75.12,3.1,1.10,8
2025-09-17T15:35:11Z,48.717957,2.002293,162.2,70.60,2.8,1.10,8
2025-09-17T15:35:12Z,48.718127,2.002305,161.9,67.25,2.6,1.10,8
2025-09-17T15:35:13Z,48.718294,2.002318,161.6,66.15,2.7,1.10,8
2025-09-17T15:35:14Z,48.718457,2.002331,161.4,65.58,3.4,1.10,8
2025-09-17T15:35:15Z,48.718617,2.002346,161.1,63.43,3.6,1.10,8
2025-09-17T15:35:16Z,48.718769,2.002357,160.9,59.84,2.4,1.34,7
2025-09-17T15:35:17Z,48.718914,2.002364,160.8,57.76,1.4,1.34,7
2025-09-17T15:35:18Z,48.719051,2.002366,160.8,53.93,0.4,1.34,7
2025-09-17T15:35:19Z,48.719180,2.002362,160.7,50.34,358.3,1.10,8
2025-09-17T15:35:20Z,48.719297,2.002350,160.6,45.69,355.0,1.10,8
2025-09-17T15:35:21Z,48.719402,2.002329,160.4,41.39,351.4,1.10,8
2025-09-17T15:35:22Z,48.719496,2.002303,160.2,37.28,349.4,1.10,8
2025-09-17T15:35:23Z,48.719583,2.002279,160.3,34.60,349.3,1.10,8
2025-09-17T15:35:24Z,48.719665,2.002259,160.1,32.65,351.6,1.10,8
2025-09-17T15:35:25Z,48.719735,2.002253,159.9,25.63,357.6,1.10,8
2025-09-17T15:35:26Z,48.719782,2.002255,159.5,16.17,3.5,1.10,8
2025-09-17T15:35:27Z,48.719808,2.002261,159.5,8.69,7.5,1.10,8
2025-09-17T15:35:28Z,48.719824,2.002269,159.6,5.91,11.9,1.34,8
2025-09-17T15:35:29Z,48.719845,2.002283,159.5,10.46,22.3,1.10,8
2025-09-17T15:35:30Z,48.719880,2.002314,159.5,17.69,30.6,1.10,8
2025-09-17T15:35:31Z,48.719926,2.002360,159.3,23.08,34.6,1.10,8
2025-09-17T15:35:32Z,48.719978,2.002406,159.2,24.43,28.7,1.10,8
2025-09-17T15:35:33Z,48.720038,2.002441,159.1,26.45,18.3,1.10,8
2025-09-17T15:35:34Z,48.720107,2.002450,159.2,28.72,0.8,1.10,8
2025-09-17T15:35:35Z,48.720183,2.002422,159.2,32.76,340.5,1.10,8
2025-09-17T15:35:36Z,48.720269,2.002370,159.1,38.63,336.9,1.10,8
2025-09-17T15:35:37Z,48.720373,2.002335,158.9,43.67,350.1,1.10,8
2025-09-17T15:35:38Z,48.720489,2.002341,158.3,47.97,5.8,1.10,8
2025-09-17T15:35:39Z,48.720610,2.002379,158.2,50.12,13.8,1.34,8
2025-09-17T15:35:40Z,48.720734,2.002430,158.2,52.13,16.0,1.34,7
2025-09-17T15:35:41Z,48.720867,2.002481,158.1,55.91,13.6,1.34,7
2025-09-17T15:35:42Z,48.721010,2.002521,158.3,59.26,9.4,1.34,7
2025-09-17T15:35:43Z,48.721162,2.002548,158.3,61.97,5.6,1.10,8
2025-09-17T15:35:44Z,48.721321,2.002565,158.4,64.23,3.5,1.10,8
2025-09-17T15:35:45Z,48.721485,2.002579,158.4,66.41,3.1,1.10,8
2025-09-17T15:35:46Z,48.721654,2.002594,158.5,68.30,3.4,1.10,8
2025-09-17T15:35:47Z,48.721826,2.002611,158.6,69.56,3.8,1.10,8
2025-09-17T15:35:48Z,48.722002,2.002627,158.6,70.36,3.1,1.10,8
2025-09-17T15:35:49Z,48.722178,2.002640,158.7,71.14,2.5,1.10,8
2025-09-17T15:35:50Z,48.722352,2.002652,159.0,69.10,2.5,1.10,8
2025-09-17T15:35:51Z,48.722525,2.002665,159.2,69.38,3.0,1.10,8
2025-09-17T15:35:52Z,48.722699,2.002681,159.3,70.08,3.5,1.10,8
2025-09-17T15:35:53Z,48.722875,2.002697,159.5,70.36,3.3,1.10,8
2025-09-17T15:35:54Z,48.723051,2.002709,159.6,70.84,2.5,1.10,8
2025-09-17T15:35:55Z,48.723230,2.002721,159.7,71.64,2.4,1.10,8
2025-09-17T15:35:55Z,48.723230,2.002721,159.8,71.64,2.4,1.10,8
2025-09-17T15:35:57Z,48.723591,2.002753,159.8,72.67,3.9,1.05,9
2025-09-17T15:35:58Z,48.723772,2.002770,160.0,72.69,3.4,1.05,9
2025-09-17T15:35:59Z,48.723954,2.002787,160.3,73.02,3.4,1.05,9
2025-09-17T15:36:00Z,48.724136,2.002804,160.7,72.80,3.8,1.05,9
2025-09-17T15:36:01Z,48.724317,2.002821,161.2,72.43,3.2,1.05,9
2025-09-17T15:36:02Z,48.724497,2.002835,161.7,72.06,3.0,1.05,9
2025-09-17T15:36:03Z,48.724675,2.002850,162.2,71.15,3.2,1.05,9
2025-09-17T15:36:04Z,48.724851,2.002865,162.7,70.39,3.3,1.05,9
2025-09-17T15:36:05Z,48.725026,2.002879,163.3,70.10,2.8,1.05,9
2025-09-17T15:36:06Z,48.725201,2.002893,163.9,69.99,3.5,1.05,9
2025-09-17T15:36:07Z,48.725374,2.002911,164.4,69.30,4.1,1.05,9
2025-09-17T15:36:08Z,48.725546,2.002928,164.8,68.56,3.3,1.05,9
2025-09-17T15:36:09Z,48.725717,2.002941,165.1,68.62,2.8,1.05,9
2025-09-17T15:36:10Z,48.725884,2.002953,165.4,66.19,2.7,1.05,9
2025-09-17T15:36:11Z,48.726041,2.002963,165.8,61.56,2.3,1.05,9
2025-09-17T15:36:12Z,48.726189,2.002971,166.1,57.91,2.0,1.05,9
2025-09-17T15:36:13Z,48.726330,2.002982,166.4,56.10,2.7,1.05,9
2025-09-17T15:36:14Z,48.726467,2.002996,166.5,54.37,4.3,1.05,9
2025-09-17T15:36:15Z,48.726599,2.003014,166.6,52.52,5.5,1.05,9
2025-09-17T15:36:16Z,48.726728,2.003030,166.7,51.28,4.5,1.05,9
2025-09-17T15:36:17Z,48.726855,2.003045,166.8,50.76,4.5,1.05,9
2025-09-17T15:36:18Z,48.726983,2.003061,166.8,51.39,4.8,1.05,9
2025-09-17T15:36:19Z,48.727116,2.003074,167.0,54.41,3.4,1.05,9
2025-09-17T15:36:20Z,48.727257,2.003083,167.1,57.32,1.7,1.05,9
2025-09-17T15:36:21Z,48.727405,2.003090,167.3,60.41,1.9,1.05,9
2025-09-17T15:36:22Z,48.727560,2.003099,167.3,62.99,2.5,1.05,9
2025-09-17T15:36:23Z,48.727720,2.003111,167.1,64.43,2.8,1.05,9
2025-09-17T15:36:24Z,48.727884,2.003122,167.0,66.04,2.5,1.05,9
2025-09-17T15:36:25Z,48.728051,2.003133,166.6,67.17,2.4,1.05,9
2025-09-17T15:36:26Z,48.728220,2.003144,166.3,68.01,2.5,1.05,9
2025-09-17T15:36:27Z,48.728388,2.003158,166.1,67.12,3.4,1.05,9
2025-09-17T15:36:28Z,48.728557,2.003173,165.8,67.82,3.4,1.05,9
2025-09-17T15:36:29Z,48.728728,2.003184,165.4,68.97,2.3,1.05,9
2025-09-17T15:36:30Z,48.728903,2.003194,165.2,70.32,2.2,1.05,9
2025-09-17T15:36:31Z,48.729078,2.003208,164.8,69.93,3.2,1.05,9
2025-09-17T15:36:32Z,48.729256,2.003222,164.2,72.17,2.8,1.05,9
2025-09-17T15:36:33Z,48.729438,2.003235,163.9,74.19,2.4,1.05,9
2025-09-17T15:36:34Z,48.729627,2.003244,163.6,76.10,1.4,1.05,9
2025-09-17T15:36:35Z,48.729819,2.003255,163.2,77.23,2.7,1.05,9
2025-09-17T15:36:36Z,48.730012,2.003270,162.9,77.86,3.0,1.05,9
2025-09-17T15:36:37Z,48.730199,2.003288,162.6,73.64,4.0,1.05,9
2025-09-17T15:36:38Z,48.730378,2.003318,162.3,71.39,7.6,1.05,9
2025-09-17T15:36:39Z,48.730556,2.003379,161.9,73.95,14.5,1.05,9
2025-09-17T15:36:40Z,48.730739,2.003482,161.5,79.62,23.0,1.05,9
2025-09-17T15:36:41Z,48.730916,2.003634,161.1,82.58,32.3,1.05,9
2025-09-17T15:36:42Z,48.731080,2.003834,160.6,85.47,41.3,1.05,9
2025-09-17T15:36:43Z,48.731229,2.004066,160.1,85.86,48.1,1.05,9
2025-09-17T15:36:44Z,48.731363,2.004309,159.6,82.86,50.7,1.05,9
2025-09-17T15:36:45Z,48.731491,2.004543,159.5,79.77,50.2,1.05,9
2025-09-17T15:36:46Z,48.731617,2.004769,159.2,77.45,49.9,1.05,9
2025-09-17T15:36:47Z,48.731739,2.004990,159.0,75.64,50.2,1.05,9
2025-09-17T15:36:48Z,48.731858,2.005207,158.7,74.39,50.4,1.05,9
2025-09-17T15:36:49Z,48.731977,2.005424,158.6,74.30,50.6,1.05,9
2025-09-17T15:36:50Z,48.732095,2.005641,158.4,74.51,50.5,1.05,9
2025-09-17T15:36:51Z,48.732214,2.005858,158.2,75.17,50.4,1.05,9
2025-09-17T15:36:52Z,48.732334,2.006078,158.0,75.23,50.4,1.05,9
2025-09-17T15:36:53Z,48.732452,2.006297,157.9,75.17,50.4,1.05,9
2025-09-17T15:36:54Z,48.732573,2.006516,158.1,75.71,50.4,1.05,9
2025-09-17T15:36:55Z,48.732695,2.006738,158.0,76.52,50.2,1.05,9
2025-09-17T15:36:56Z,48.732819,2.006963,157.9,77.90,50.2,1.05,9
2025-09-17T15:36:57Z,48.732946,2.007191,158.0,79.10,50.4,1.05,9
2025-09-17T15:36:58Z,48.733074,2.007424,158.0,80.27,50.4,1.10,9
2025-09-17T15:36:59Z,48.733200,2.007662,158.1,80.78,51.9,1.10,9
2025-09-17T15:37:00Z,48.733328,2.007902,158.3,81.27,51.4,1.10,8
2025-09-17T15:37:01Z,48.733460,2.008136,158.3,80.93,49.8,1.10,8
2025-09-17T15:37:02Z,48.733586,2.008373,158.4,80.06,51.7,1.10,8
2025-09-17T15:37:03Z,48.733717,2.008602,158.4,79.47,49.1,1.10,8
2025-09-17T15:37:04Z,48.733842,2.008833,158.4,78.71,51.3,1.10,8
2025-09-17T15:37:05Z,48.733976,2.009062,158.4,80.78,48.2,1.10,8
2025-09-17T15:37:06Z,48.734103,2.009306,158.6,83.64,52.9,1.10,8
2025-09-17T15:37:07Z,48.734240,2.009564,157.8,87.62,51.9,1.10,9
2025-09-17T15:37:08Z,48.734380,2.009809,157.9,84.21,49.8,1.10,8
2025-09-17T15:37:09Z,48.734506,2.010043,157.4,78.62,50.5,1.10,8
2025-09-17T15:37:10Z,48.734629,2.010268,156.7,77.21,49.9,1.10,8
2025-09-17T15:37:11Z,48.734756,2.010485,156.0,76.64,48.8,1.10,8
2025-09-17T15:37:12Z,48.734898,2.010703,154.7,79.60,45.9,1.34,8
2025-09-17T15:37:13Z,48.735047,2.010912,153.9,81.28,42.8,1.34,8
2025-09-17T15:37:14Z,48.735206,2.011112,153.1,83.04,39.1,1.34,8
2025-09-17T15:37:15Z,48.735365,2.011293,152.0,77.69,36.2,1.34,8
2025-09-17T15:37:16Z,48.735535,2.011452,151.2,79.62,31.0,1.34,8
2025-09-17T15:37:17Z,48.735703,2.011593,150.2,76.23,28.5,1.10,9
2025-09-17T15:37:18Z,48.735858,2.011726,149.0,72.02,28.6,1.10,9
2025-09-17T15:37:19Z,48.736000,2.011845,148.0,67.28,29.2,1.10,9
2025-09-17T15:37:20Z,48.736131,2.011987,146.4,64.95,33.9,1.34,8
2025-09-17T15:37:21Z,48.736248,2.012132,144.1,60.21,40.8,1.34,7
2025-09-17T15:37:22Z,48.736359,2.012299,143.6,62.45,45.4,1.34,7
2025-09-17T15:37:23Z,48.736466,2.012491,142.5,64.19,50.5,1.34,7
2025-09-17T15:37:24Z,48.736556,2.012691,142.0,62.71,57.4,1.34,8
2025-09-17T15:37:25Z,48.736629,2.012905,139.9,64.58,63.9,1.34,7
2025-09-17T15:37:26Z,48.736717,2.013127,139.9,67.78,60.8,1.10,8
2025-09-17T15:37:27Z,48.736804,2.013356,138.7,69.56,60.6,1.34,8
2025-09-17T15:37:28Z,48.736888,2.013582,139.1,68.34,60.8,1.15,8
2025-09-17T15:37:29Z,48.736967,2.013797,137.5,65.34,60.6,1.10,9
2025-09-17T15:37:30Z,48.737037,2.014005,135.8,61.10,62.3,1.10,9
2025-09-17T15:37:31Z,48.737113,2.014203,135.2,58.93,60.1,1.34,9
2025-09-17T15:37:32Z,48.737179,2.014393,134.6,56.75,61.8,1.33,8
2025-09-17T15:37:33Z,48.737244,2.014582,133.9,56.69,62.2,1.33,8
2025-09-17T15:37:34Z,48.737310,2.014772,132.9,56.54,62.3,1.33,8
2025-09-17T15:37:35Z,48.737370,2.014963,131.9,56.82,63.4,1.33,8
2025-09-17T15:37:36Z,48.737434,2.015156,131.0,57.04,63.4,1.33,9
2025-09-17T15:37:37Z,48.737499,2.015348,129.3,56.71,63.5,1.33,7
2025-09-17T15:37:38Z,48.737559,2.015535,128.8,55.19,63.6,1.33,7
2025-09-17T15:37:39Z,48.737615,2.015715,127.7,52.67,63.7,1.10,8
2025-09-17T15:37:40Z,48.737668,2.015887,126.1,49.73,64.5,1.10,8
2025-09-17T15:37:41Z,48.737712,2.016051,125.4,46.56,67.2,1.10,9
2025-09-17T15:37:42Z,48.737747,2.016204,123.9,42.15,70.2,1.10,9
2025-09-17T15:37:43Z,48.737771,2.016343,123.2,37.52,74.4,1.10,9
2025-09-17T15:37:44Z,48.737788,2.016477,122.8,36.00,80.0,1.10,9
2025-09-17T15:37:45Z,48.737792,2.016608,122.6,34.97,88.3,1.10,9
2025-09-17T15:37:46Z,48.737795,2.016734,123.1,33.24,88.2,1.10,9
2025-09-17T15:37:47Z,48.737814,2.016847,123.2,30.02,73.5,1.10,9
2025-09-17T15:37:48Z,48.737862,2.016935,122.2,30.02,46.2,1.05,9
2025-09-17T15:37:49Z,48.737928,2.017012,122.6,35.06,35.2,1.05,9
2025-09-17T15:37:50Z,48.738003,2.017110,121.8,40.95,42.3,1.05,9
2025-09-17T15:37:51Z,48.738076,2.017235,120.7,45.86,49.1,1.05,9
2025-09-17T15:37:52Z,48.738146,2.017381,120.0,48.99,54.1,1.05,9
2025-09-17T15:37:53Z,48.738211,2.017541,119.2,50.36,57.8,1.05,9
2025-09-17T15:37:54Z,48.738270,2.017707,118.1,50.87,60.3,1.05,9
2025-09-17T15:37:55Z,48.738332,2.017879,117.0,52.08,61.4,1.05,9
2025-09-17T15:37:56Z,48.738391,2.018056,116.1,53.28,63.0,1.05,9
2025-09-17T15:37:57Z,48.738448,2.018240,115.4,54.21,64.8,1.05,9
2025-09-17T15:37:58Z,48.738505,2.018424,114.8,53.84,64.6,1.05,9
2025-09-17T15:37:58Z,48.738505,2.018424,114.3,53.84,64.6,1.05,9
2025-09-17T15:38:00Z,48.738626,2.018783,113.8,53.73,62.3,1.05,9
2025-09-17T15:38:01Z,48.738687,2.018964,113.3,54.17,62.5,1.05,9
2025-09-17T15:38:02Z,48.738748,2.019148,112.8,54.76,63.0,1.05,9
2025-09-17T15:38:03Z,48.738812,2.019332,112.2,54.97,62.5,1.05,9
2025-09-17T15:38:04Z,48.738875,2.019518,111.7,55.39,62.9,1.05,9
2025-09-17T15:38:05Z,48.738937,2.019702,111.2,54.78,62.7,1.05,9
2025-09-17T15:38:06Z,48.738996,2.019877,110.9,51.50,62.9,1.05,9
2025-09-17T15:38:07Z,48.739052,2.020043,110.6,48.99,62.6,1.05,9
2025-09-17T15:38:08Z,48.739105,2.020206,110.3,47.86,63.5,1.05,9
2025-09-17T15:38:09Z,48.739159,2.020368,109.9,48.11,63.5,1.05,9
2025-09-17T15:38:10Z,48.739212,2.020531,109.6,48.32,63.2,1.05,9
2025-09-17T15:38:11Z,48.739267,2.020695,109.2,48.74,63.5,1.05,9
2025-09-17T15:38:12Z,48.739323,2.020860,108.8,49.49,62.7,1.05,9
2025-09-17T15:38:13Z,48.739380,2.021027,108.5,49.71,62.7,1.06,9
2025-09-17T15:38:14Z,48.739436,2.021197,108.3,50.63,63.3,1.06,9
2025-09-17T15:38:15Z,48.739491,2.021369,108.0,50.86,64.4,1.10,8
2025-09-17T15:38:16Z,48.739549,2.021545,107.9,52.28,63.9,1.10,8
2025-09-17T15:38:17Z,48.739617,2.021758,107.9,63.65,65.0,1.10,8
2025-09-17T15:38:18Z,48.739688,2.021983,107.8,66.69,64.8,1.33,8
2025-09-17T15:38:19Z,48.739752,2.022194,107.9,60.89,64.3,1.33,8
2025-09-17T15:38:20Z,48.739812,2.022382,108.1,54.37,63.4,1.33,8
2025-09-17T15:38:21Z,48.739869,2.022547,108.3,48.34,61.6,1.33,7
2025-09-17T15:38:22Z,48.739928,2.022698,108.6,46.41,59.4,1.33,7
2025-09-17T15:38:23Z,48.739994,2.022839,109.1,44.87,55.2,1.10,8
2025-09-17T15:38:24Z,48.740071,2.022950,109.4,40.89,46.1,1.10,8
2025-09-17T15:38:25Z,48.740202,2.022996,109.6,43.06,20.0,1.33,8
2025-09-17T15:38:26Z,48.740322,2.022999,109.2,45.04,0.5,1.33,8
2025-09-17T15:38:27Z,48.740445,2.022936,110.0,50.69,339.9,1.33,8
2025-09-17T15:38:28Z,48.740563,2.022806,110.6,59.63,323.7,1.15,8
2025-09-17T15:38:29Z,48.740685,2.022611,110.8,72.28,312.8,1.15,8
2025-09-17T15:38:30Z,48.740806,2.022370,110.3,81.78,307.8,1.15,9
2025-09-17T15:38:30Z,48.740806,2.022370,110.6,81.78,307.8,1.15,9
2025-09-17T15:38:32Z,48.741065,2.021866,111.3,82.17,309.4,1.06,9
2025-09-17T15:38:33Z,48.741222,2.021653,111.8,80.82,314.7,1.15,9
2025-09-17T15:38:34Z,48.741372,2.021474,112.4,76.27,319.4,1.44,9
2025-09-17T15:38:35Z,48.741519,2.021321,112.8,72.41,323.2,1.44,8
2025-09-17T15:38:36Z,48.741627,2.021217,113.5,62.58,327.2,1.44,8
2025-09-17T15:38:37Z,48.741768,2.021102,114.2,62.26,329.3,1.06,9
2025-09-17T15:38:38Z,48.741897,2.020970,115.7,63.36,326.6,1.15,8
2025-09-17T15:38:39Z,48.742009,2.020790,116.3,66.95,318.8,1.15,8
2025-09-17T15:38:40Z,48.742103,2.020550,117.4,72.19,309.3,1.15,8
2025-09-17T15:38:41Z,48.742214,2.020368,118.1,67.15,311.1,1.15,8
2025-09-17T15:38:42Z,48.742332,2.020207,118.3,62.93,315.1,1.16,8
2025-09-17T15:38:43Z,48.742464,2.020066,118.5,61.43,320.0,1.44,9
2025-09-17T15:38:44Z,48.742614,2.019970,119.1,60.41,328.7,1.44,8
2025-09-17T15:38:45Z,48.742826,2.019884,120.9,69.51,336.3,1.44,8
2025-09-17T15:38:46Z,48.743035,2.019763,123.0,78.71,335.4,1.16,8
2025-09-17T15:38:47Z,48.743236,2.019601,124.0,86.12,332.2,1.33,7
2025-09-17T15:38:48Z,48.743440,2.019400,124.7,93.01,328.5,1.33,7
2025-09-17T15:38:49Z,48.743620,2.019233,126.0,88.53,329.5,1.33,7
2025-09-17T15:38:50Z,48.743793,2.019076,127.3,84.30,330.1,1.33,7
2025-09-17T15:38:51Z,48.743940,2.018966,128.5,73.84,334.3,1.16,8
2025-09-17T15:38:51Z,48.743940,2.018966,129.6,73.84,334.3,1.16,8
2025-09-17T15:38:53Z,48.744196,2.018781,130.8,59.25,339.8,1.06,9
2025-09-17T15:38:54Z,48.744329,2.018760,132.8,55.13,349.3,1.06,9
2025-09-17T15:38:54Z,48.744329,2.018760,135.0,55.13,349.3,1.06,9
2025-09-17T15:38:56Z,48.744560,2.018782,134.5,49.32,4.2,1.51,8
2025-09-17T15:38:57Z,48.744672,2.018839,135.3,50.69,14.4,1.51,7
2025-09-17T15:38:57Z,48.744672,2.018839,138.4,50.69,14.4,1.10,8
2025-09-17T15:38:58Z,48.744770,2.018933,140.7,49.41,25.9,1.10,8
2025-09-17T15:39:00Z,48.744968,2.019182,141.8,51.02,39.3,1.33,8
2025-09-17T15:39:01Z,48.745056,2.019324,142.8,51.04,44.4,1.33,7
2025-09-17T15:39:02Z,48.745140,2.019468,143.8,50.86,46.2,1.33,7
2025-09-17T15:39:03Z,48.745218,2.019615,144.8,50.87,48.3,1.33,7
2025-09-17T15:39:04Z,48.745283,2.019748,146.4,47.39,49.8,1.33,8
2025-09-17T15:39:05Z,48.745347,2.019880,148.1,44.80,51.2,1.16,8
2025-09-17T15:39:06Z,48.745417,2.020011,148.7,44.60,51.1,1.16,8
2025-09-17T15:39:07Z,48.745487,2.020157,150.0,45.82,52.7,1.16,9
2025-09-17T15:39:08Z,48.745554,2.020306,150.7,46.74,54.4,1.33,8
2025-09-17T15:39:09Z,48.745619,2.020456,151.5,47.06,55.6,1.33,8
2025-09-17T15:39:09Z,48.745619,2.020456,152.4,47.06,55.6,1.33,8
2025-09-17T15:39:10Z,48.745686,2.020599,154.0,46.19,54.6,1.16,8
2025-09-17T15:39:12Z,48.745815,2.020883,154.9,45.41,55.3,1.33,8
2025-09-17T15:39:13Z,48.745880,2.021030,156.0,46.56,56.0,1.33,8
2025-09-17T15:39:14Z,48.745956,2.021183,157.2,48.32,55.1,1.33,8
2025-09-17T15:39:15Z,48.746028,2.021340,157.6,49.34,55.2,1.33,8
2025-09-17T15:39:16Z,48.746092,2.021506,158.4,49.73,57.5,1.33,7
2025-09-17T15:39:17Z,48.746143,2.021678,158.9,50.71,61.8,1.33,8
2025-09-17T15:39:18Z,48.746207,2.021867,159.7,56.13,63.9,1.33,7
2025-09-17T15:39:19Z,48.746264,2.022076,161.2,60.52,66.9,1.33,7
2025-09-17T15:39:20Z,48.746322,2.022304,161.5,65.26,68.6,1.33,7
2025-09-17T15:39:20Z,48.746322,2.022304,162.3,65.26,68.6,1.33,7
2025-09-17T15:39:22Z,48.746463,2.022779,162.0,69.04,64.3,1.10,8
2025-09-17T15:39:22Z,48.746463,2.022779,162.5,69.04,64.3,1.10,8
2025-09-17T15:39:24Z,48.746662,2.023281,162.2,76.82,56.2,1.10,8
2025-09-17T15:39:24Z,48.746662,2.023281,161.5,76.82,56.2,1.10,8
2025-09-17T15:39:25Z,48.746769,2.023509,161.3,72.38,53.4,1.10,8
2025-09-17T15:39:26Z,48.746874,2.023716,160.8,66.75,52.7,1.06,9
2025-09-17T15:39:27Z,48.746972,2.023911,159.3,61.45,52.4,1.06,9
2025-09-17T15:39:28Z,48.747063,2.024090,158.6,57.84,52.3,1.06,9
2025-09-17T15:39:29Z,48.747149,2.024261,158.4,56.17,52.5,1.06,9
2025-09-17T15:39:30Z,48.747231,2.024423,158.8,52.54,53.0,1.06,9
2025-09-17T15:39:31Z,48.747307,2.024575,158.5,49.13,53.0,1.06,9
2025-09-17T15:39:33Z,48.747439,2.024840,158.5,40.19,53.1,1.16,9
2025-09-17T15:39:33Z,48.747439,2.024840,158.7,40.19,53.1,1.16,8
2025-09-17T15:39:34Z,48.747493,2.024958,158.9,37.17,55.7,1.06,9
2025-09-17T15:39:35Z,48.747531,2.025075,159.1,33.72,65.3,1.06,9
2025-09-17T15:39:36Z,48.747557,2.025191,159.4,31.93,71.1,1.16,9
2025-09-17T15:39:37Z,48.747600,2.025294,159.2,31.41,58.4,1.16,9
2025-09-17T15:39:38Z,48.747659,2.025385,159.2,33.95,42.8,1.16,8
2025-09-17T15:39:40Z,48.747815,2.025591,159.5,42.34,45.2,1.16,8
2025-09-17T15:39:40Z,48.747815,2.025591,159.5,42.34,45.2,1.16,8
2025-09-17T15:39:41Z,48.747884,2.025716,159.8,43.54,50.1,1.16,9
2025-09-17T15:39:42Z,48.747954,2.025850,159.8,44.61,52.7,1.16,8
2025-09-17T15:39:44Z,48.748093,2.026129,160.0,47.10,52.2,1.06,9
2025-09-17T15:39:44Z,48.748093,2.026129,160.0,47.10,52.2,1.06,9
2025-09-17T15:39:45Z,48.748172,2.026275,160.1,49.76,51.1,1.06,9
2025-09-17T15:39:46Z,48.748257,2.026440,160.1,55.95,52.8,1.06,9
2025-09-17T15:39:47Z,48.748346,2.026616,160.1,58.19,52.7,1.06,9
2025-09-17T15:39:48Z,48.748438,2.026797,160.0,60.80,52.5,1.06,9
2025-09-17T15:39:49Z,48.748533,2.026983,159.8,62.30,52.5,1.06,9
2025-09-17T15:39:50Z,48.748628,2.027171,159.7,62.88,52.4,1.06,9
2025-09-17T15:39:51Z,48.748725,2.027360,159.5,62.89,52.1,1.06,9
2025-09-17T15:39:52Z,48.748822,2.027548,159.4,63.08,52.1,1.06,9
2025-09-17T15:39:53Z,48.748918,2.027739,159.3,63.58,52.4,1.06,9
2025-09-17T15:39:54Z,48.749016,2.027931,159.1,64.10,52.4,1.06,9
2025-09-17T15:39:55Z,48.749114,2.028124,159.0,64.38,52.6,1.06,9
2025-09-17T15:39:56Z,48.749212,2.028319,158.8,64.93,52.6,1.06,9
2025-09-17T15:39:57Z,48.749312,2.028514,158.7,65.01,52.4,1.06,9
2025-09-17T15:39:58Z,48.749412,2.028709,158.4,65.13,52.2,1.06,9
2025-09-17T15:39:59Z,48.749513,2.028909,158.2,66.84,52.8,1.06,9
2025-09-17T15:40:00Z,48.749623,2.029125,158.1,73.80,52.4,1.06,9
2025-09-17T15:40:02Z,48.749895,2.029644,157.7,93.67,51.9,1.06,9
2025-09-17T15:40:02Z,48.749895,2.029644,157.8,93.67,51.9,1.06,9
2025-09-17T15:40:03Z,48.750037,2.029927,157.8,94.23,52.7,1.06,9
2025-09-17T15:40:04Z,48.750168,2.030202,157.4,89.16,54.2,1.06,9
2025-09-17T15:40:06Z,48.750410,2.030702,157.1,77.90,53.1,1.06,9
2025-09-17T15:40:06Z,48.750410,2.030702,156.9,77.90,53.1,1.06,9
2025-09-17T15:40:07Z,48.750523,2.030925,156.6,73.45,52.3,1.06,9
2025-09-17T15:40:08Z,48.750634,2.031142,156.5,72.04,52.2,1.06,9
2025-09-17T15:40:09Z,48.750743,2.031356,156.3,71.39,52.4,1.06,9
2025-09-17T15:40:10Z,48.750850,2.031573,156.4,71.93,52.5,1.06,9
2025-09-17T15:40:11Z,48.750960,2.031794,156.4,72.67,52.7,1.06,9
2025-09-17T15:40:12Z,48.751067,2.032008,156.4,70.52,53.0,1.06,9
2025-09-17T15:40:13Z,48.751170,2.032217,156.5,68.49,53.0,1.06,9
2025-09-17T15:40:14Z,48.751271,2.032421,156.4,66.97,53.1,1.06,9
2025-09-17T15:40:15Z,48.751372,2.032626,156.5,67.93,53.4,1.06,9
2025-09-17T15:40:16Z,48.751475,2.032834,156.4,69.08,52.8,1.06,9
2025-09-17T15:40:17Z,48.751582,2.033042,156.2,69.86,52.2,1.06,9
2025-09-17T15:40:18Z,48.751689,2.033252,156.1,70.58,52.5,1.06,9
2025-09-17T15:40:19Z,48.751796,2.033465,155.9,71.15,53.0,1.06,9
2025-09-17T15:40:20Z,48.751905,2.033680,155.6,71.60,52.4,1.06,9
2025-09-17T15:40:21Z,48.752015,2.033893,155.5,71.12,51.8,1.06,9
2025-09-17T15:40:22Z,48.752123,2.034103,155.5,70.43,52.4,1.06,9
2025-09-17T15:40:24Z,48.752331,2.034513,155.3,66.62,52.7,1.06,9
2025-09-17T15:40:24Z,48.752331,2.034513,155.1,66.62,52.7,1.06,9
2025-09-17T15:40:25Z,48.752429,2.034709,155.0,64.56,52.9,1.06,9
2025-09-17T15:40:26Z,48.752525,2.034901,154.5,63.28,52.6,1.06,9
2025-09-17T15:40:27Z,48.752622,2.035092,153.8,63.86,53.0,1.06,9
2025-09-17T15:40:28Z,48.752718,2.035287,153.0,64.15,53.3,1.06,9
2025-09-17T15:40:29Z,48.752814,2.035480,152.5,64.06,52.5,1.06,9
2025-09-17T15:40:30Z,48.752916,2.035672,151.8,65.21,51.0,1.06,9
2025-09-17T15:40:31Z,48.753015,2.035862,151.0,64.04,51.7,1.06,9
2025-09-17T15:40:32Z,48.753113,2.036053,150.5,63.73,52.4,1.06,9
2025-09-17T15:40:33Z,48.753208,2.036245,150.0,62.97,53.7,1.06,9
2025-09-17T15:40:35Z,48.753399,2.036623,149.6,63.51,51.9,1.06,9
2025-09-17T15:40:35Z,48.753399,2.036623,149.4,63.51,51.9,1.06,9
2025-09-17T15:40:36Z,48.753498,2.036812,148.9,64.21,51.6,1.06,9
2025-09-17T15:40:37Z,48.753595,2.037005,148.5,63.73,53.1,1.06,9
2025-09-17T15:40:38Z,48.753694,2.037200,148.3,65.04,52.0,1.06,9
2025-09-17T15:40:39Z,48.753800,2.037404,148.6,70.51,51.6,1.06,9
2025-09-17T15:40:40Z,48.753907,2.037608,149.0,68.26,51.8,1.06,9
2025-09-17T15:40:42Z,48.754094,2.037976,149.8,57.08,53.0,1.06,9
2025-09-17T15:40:42Z,48.754094,2.037976,150.4,57.08,53.0,1.06,9
2025-09-17T15:40:43Z,48.754173,2.038136,151.5,51.36,53.5,1.06,9
2025-09-17T15:40:44Z,48.754237,2.038298,152.4,49.60,60.6,1.32,9
2025-09-17T15:40:46Z,48.754249,2.038680,153.2,54.75,93.2,1.32,8
2025-09-17T15:40:46Z,48.754249,2.038680,154.0,54.75,93.2,1.32,7
2025-09-17T15:40:47Z,48.754210,2.038899,155.6,61.32,104.8,1.32,7
2025-09-17T15:40:48Z,48.754173,2.039112,156.5,57.78,105.3,1.32,7
2025-09-17T15:40:49Z,48.754137,2.039304,157.1,51.13,105.7,1.32,7
2025-09-17T15:40:50Z,48.754100,2.039482,158.3,48.58,106.5,1.10,9
2025-09-17T15:40:51Z,48.754080,2.039666,159.6,49.97,99.9,1.32,9
2025-09-17T15:40:52Z,48.754066,2.039855,161.1,51.30,96.1,1.16,8
2025-09-17T15:40:53Z,48.754058,2.040044,162.4,49.74,93.5,1.16,8
2025-09-17T15:40:54Z,48.754058,2.040226,163.4,47.06,87.6,1.32,8
2025-09-17T15:40:55Z,48.754067,2.040398,163.4,45.61,82.8,1.10,9
2025-09-17T15:40:56Z,48.754087,2.040562,164.5,42.95,79.5,1.10,9
2025-09-17T15:40:57Z,48.754115,2.040713,164.8,41.36,72.4,1.16,9
2025-09-17T15:40:58Z,48.754146,2.040857,165.0,39.56,70.8,1.16,8
2025-09-17T15:41:00Z,48.754239,2.041104,165.0,37.54,56.4,1.32,8
2025-09-17T15:41:00Z,48.754239,2.041104,165.0,37.54,56.4,1.32,7
2025-09-17T15:41:02Z,48.754329,2.041307,165.1,29.56,54.5,1.32,7
2025-09-17T15:41:02Z,48.754329,2.041307,165.5,29.56,54.5,1.10,8
2025-09-17T15:41:04Z,48.754399,2.041459,165.9,20.59,54.0,1.06,9
2025-09-17T15:41:04Z,48.754399,2.041459,165.9,20.59,54.0,1.16,9
2025-09-17T15:41:05Z,48.754426,2.041511,166.1,16.58,50.1,1.06,9
2025-09-17T15:41:06Z,48.754451,2.041553,166.4,14.32,48.7,1.06,9
2025-09-17T15:41:07Z,48.754480,2.041590,166.7,15.08,40.7,1.06,9
2025-09-17T15:41:08Z,48.754506,2.041625,166.9,14.89,37.2,1.06,9
2025-09-17T15:41:09Z,48.754534,2.041658,166.9,14.82,35.2,1.06,9
2025-09-17T15:41:11Z,48.754594,2.041741,166.9,20.30,46.9,1.16,9
2025-09-17T15:41:11Z,48.754594,2.041741,166.9,20.30,46.9,1.16,9
2025-09-17T15:41:12Z,48.754628,2.041812,166.7,24.80,52.7,1.16,9
2025-09-17T15:41:13Z,48.754668,2.041871,167.2,22.06,42.6,1.06,9
2025-09-17T15:41:14Z,48.754714,2.041905,167.7,20.45,23.4,1.06,9
2025-09-17T15:41:15Z,48.754765,2.041910,167.9,20.78,1.4,1.06,9
2025-09-17T15:41:16Z,48.754816,2.041880,168.0,23.58,340.3,1.06,9
2025-09-17T15:41:17Z,48.754873,2.041815,168.0,30.87,320.1,1.06,9
2025-09-17T15:41:18Z,48.754942,2.041736,167.9,35.78,324.0,1.06,9
2025-09-17T15:41:19Z,48.755022,2.041664,167.9,38.24,331.1,1.06,9
2025-09-17T15:41:20Z,48.755111,2.041597,168.0,41.58,335.6,1.06,9
2025-09-17T15:41:21Z,48.755210,2.041531,167.8,43.60,336.0,1.06,9
2025-09-17T15:41:22Z,48.755321,2.041466,167.9,48.17,339.0,1.06,9
2025-09-17T15:41:23Z,48.755430,2.041404,167.9,46.50,339.5,1.06,9
2025-09-17T15:41:24Z,48.755542,2.041349,168.6,47.11,342.3,1.06,9
2025-09-17T15:41:25Z,48.755645,2.041305,169.2,42.39,344.8,1.06,9
2025-09-17T15:41:26Z,48.755755,2.041273,169.2,44.11,350.2,1.44,9
2025-09-17T15:41:27Z,48.755871,2.041259,169.0,46.04,357.0,1.44,8
2025-09-17T15:41:28Z,48.755983,2.041255,169.2,44.58,359.5,1.06,9
2025-09-17T15:41:30Z,48.756226,2.041279,169.1,48.86,7.2,1.06,9
2025-09-17T15:41:30Z,48.756226,2.041279,168.7,48.86,7.2,1.10,8
2025-09-17T15:41:31Z,48.756354,2.041313,168.9,51.06,11.6,1.10,8
2025-09-17T15:41:33Z,48.756611,2.041424,168.7,55.39,18.8,1.32,8
2025-09-17T15:41:33Z,48.756611,2.041424,169.0,55.39,18.8,1.10,8
2025-09-17T15:41:34Z,48.756745,2.041506,168.9,58.19,23.1,1.06,9
2025-09-17T15:41:35Z,48.756880,2.041609,168.4,60.63,28.2,1.10,9
2025-09-17T15:41:36Z,48.757014,2.041716,168.8,61.04,27.9,1.06,9
2025-09-17T15:41:37Z,48.757152,2.041829,168.7,62.89,28.7,1.06,9
2025-09-17T15:41:38Z,48.757284,2.041935,168.8,58.10,28.1,1.06,9
2025-09-17T15:41:39Z,48.757404,2.042035,169.0,53.76,29.4,1.06,9
2025-09-17T15:41:40Z,48.757513,2.042132,169.0,50.04,30.1,1.16,8
2025-09-17T15:41:41Z,48.757624,2.042229,168.7,50.32,29.5,1.06,9
2025-09-17T15:41:42Z,48.757732,2.042330,168.0,48.39,30.7,1.06,9
2025-09-17T15:41:44Z,48.757923,2.042507,168.1,43.13,30.6,1.16,8
2025-09-17T15:41:44Z,48.757923,2.042507,167.8,43.13,30.6,1.16,8
2025-09-17T15:41:45Z,48.758013,2.042586,167.8,40.87,29.9,1.06,9
2025-09-17T15:41:46Z,48.758100,2.042661,167.3,37.91,30.1,1.06,9
2025-09-17T15:41:47Z,48.758182,2.042734,167.2,37.26,30.4,1.16,9
2025-09-17T15:41:48Z,48.758262,2.042804,167.0,35.50,31.6,1.32,8
2025-09-17T15:41:49Z,48.758336,2.042879,166.7,34.52,34.5,1.16,8
2025-09-17T15:41:51Z,48.758472,2.043035,166.4,32.74,33.9,1.16,9
2025-09-17T15:41:51Z,48.758472,2.043035,167.1,32.74,33.9,1.16,8
2025-09-17T15:41:52Z,48.758538,2.043089,169.3,27.28,29.1,1.16,8
2025-09-17T15:41:53Z,48.758596,2.043143,168.7,25.89,30.2,1.06,9
2025-09-17T15:41:54Z,48.758650,2.043191,168.5,23.72,30.5,1.06,9
2025-09-17T15:41:55Z,48.758705,2.043243,168.0,24.15,30.8,1.06,9
2025-09-17T15:41:56Z,48.758761,2.043296,167.7,25.35,30.5,1.06,9
2025-09-17T15:41:57Z,48.758820,2.043349,167.5,26.67,30.0,1.16,8
2025-09-17T15:41:58Z,48.758880,2.043401,167.5,27.17,29.4,1.06,9
2025-09-17T15:41:59Z,48.758936,2.043447,167.4,25.37,27.7,1.06,9
2025-09-17T15:42:00Z,48.758992,2.043491,167.3,24.87,26.7,1.06,9
2025-09-17T15:42:01Z,48.759048,2.043529,167.3,25.43,23.7,1.06,9
2025-09-17T15:42:02Z,48.759113,2.043573,167.1,29.67,23.6,1.16,8
2025-09-17T15:42:03Z,48.759185,2.043619,167.2,31.80,23.2,1.16,8
2025-09-17T15:42:04Z,48.759271,2.043682,167.4,38.76,26.0,1.16,8
2025-09-17T15:42:05Z,48.759367,2.043760,167.3,44.06,28.3,1.16,8
2025-09-17T15:42:06Z,48.759467,2.043845,167.2,46.26,29.8,1.06,9
2025-09-17T15:42:08Z,48.759691,2.044027,167.4,53.32,26.3,1.16,9
2025-09-17T15:42:08Z,48.759691,2.044027,167.5,53.32,26.3,1.16,8
2025-09-17T15:42:09Z,48.759810,2.044122,168.1,53.86,28.6,1.16,8
2025-09-17T15:42:10Z,48.759926,2.044223,167.0,52.93,29.7,1.06,9
2025-09-17T15:42:11Z,48.760033,2.044317,167.8,48.10,31.1,1.06,9
2025-09-17T15:42:12Z,48.760137,2.044404,168.2,47.15,27.8,1.06,9
2025-09-17T15:42:13Z,48.760252,2.044481,168.8,48.74,22.5,1.06,9
2025-09-17T15:42:14Z,48.760365,2.044544,169.2,48.02,19.3,1.06,9
2025-09-17T15:42:15Z,48.760489,2.044588,169.6,50.15,11.8,1.06,9
2025-09-17T15:42:16Z,48.760620,2.044616,168.8,50.76,7.3,1.06,9
2025-09-17T15:42:17Z,48.760742,2.044621,169.3,48.93,359.5,1.06,9
2025-09-17T15:42:18Z,48.760856,2.044610,170.2,46.24,354.8,1.44,9
2025-09-17T15:42:19Z,48.760964,2.044590,171.1,44.34,352.6,1.44,8
2025-09-17T15:42:20Z,48.761078,2.044561,172.4,46.32,349.9,1.06,9
2025-09-17T15:42:21Z,48.761185,2.044542,173.3,43.19,352.1,1.06,9
2025-09-17T15:42:22Z,48.761291,2.044514,174.4,41.84,350.1,1.16,8
2025-09-17T15:42:23Z,48.761390,2.044487,175.3,38.93,351.0,1.06,9
2025-09-17T15:42:24Z,48.761484,2.044478,175.0,34.58,358.2,1.06,9
2025-09-17T15:42:25Z,48.761581,2.044461,174.8,33.82,352.6,1.06,9
2025-09-17T15:42:26Z,48.761654,2.044444,177.0,28.47,351.6,1.06,9
2025-09-17T15:42:27Z,48.761722,2.044427,177.5,24.65,348.9,1.06,9
2025-09-17T15:42:28Z,48.761789,2.044419,176.5,21.08,350.6,1.06,9
2025-09-17T15:42:29Z,48.761850,2.044420,174.6,17.91,351.9,1.06,9
2025-09-17T15:42:30Z,48.761890,2.044418,174.0,13.02,349.2,1.06,9
2025-09-17T15:42:31Z,48.761919,2.044417,173.0,9.30,349.5,1.06,9
2025-09-17T15:42:32Z,48.761938,2.044421,172.8,5.33,350.4,1.06,9
2025-09-17T15:42:33Z,48.761953,2.044431,171.1,1.02,349.5,1.06,9
2025-09-17T15:42:34Z,48.761956,2.044443,170.3,0.31,349.5,1.06,9
2025-09-17T15:42:35Z,48.761956,2.044446,169.9,0.81,349.5,1.07,8
2025-09-17T15:42:36Z,48.761959,2.044456,169.4,0.02,349.5,1.10,8
2025-09-17T15:42:37Z,48.761959,2.044460,169.4,0.06,349.5,1.10,8
2025-09-17T15:42:38Z,48.761960,2.044464,169.0,0.02,349.5,1.10,8
2025-09-17T15:42:40Z,48.761965,2.044468,168.8,0.02,349.5,1.10,8
2025-09-17T15:42:40Z,48.761965,2.044468,168.4,0.02,349.5,1.10,8
2025-09-17T15:42:42Z,48.761965,2.044475,168.1,0.06,349.5,1.10,8
2025-09-17T15:42:42Z,48.761965,2.044475,167.8,0.06,349.5,1.10,8
2025-09-17T15:42:43Z,48.761966,2.044478,167.3,0.04,349.5,1.10,8
2025-09-17T15:42:44Z,48.761966,2.044480,167.0,0.09,349.5,1.06,9
2025-09-17T15:42:45Z,48.761966,2.044482,166.7,0.06,349.5,1.10,8
2025-09-17T15:42:46Z,48.761972,2.044479,166.5,3.32,344.1,1.06,9
2025-09-17T15:42:47Z,48.761995,2.044475,166.6,11.72,352.8,1.06,9
2025-09-17T15:42:48Z,48.762036,2.044466,166.7,17.89,352.4,1.06,9
2025-09-17T15:42:49Z,48.762078,2.044457,167.0,15.98,350.5,1.06,9
2025-09-17T15:42:50Z,48.762121,2.044450,166.9,15.78,353.2,1.06,9
2025-09-17T15:42:51Z,48.762166,2.044457,166.7,17.02,5.8,1.06,9
2025-09-17T15:42:52Z,48.762208,2.044488,166.4,16.78,27.7,1.06,9
2025-09-17T15:42:53Z,48.762243,2.044538,166.8,19.06,47.2,1.06,9
2025-09-17T15:42:54Z,48.762268,2.044611,167.3,22.84,64.1,1.06,9
2025-09-17T15:42:55Z,48.762289,2.044713,167.5,29.59,76.5,1.06,9
2025-09-17T15:42:56Z,48.762314,2.044846,167.6,38.47,74.8,1.06,9
2025-09-17T15:42:57Z,48.762346,2.045006,167.5,45.54,73.9,1.10,9
2025-09-17T15:42:58Z,48.762375,2.045189,167.3,50.93,77.5,1.10,9
2025-09-17T15:42:59Z,48.762405,2.045400,167.4,59.25,78.9,1.06,9
2025-09-17T15:43:00Z,48.762435,2.045635,167.4,64.28,79.8,1.16,9
2025-09-17T15:43:01Z,48.762464,2.045866,167.5,61.34,79.6,1.16,8
2025-09-17T15:43:02Z,48.762488,2.046083,167.6,56.71,80.5,1.16,8
2025-09-17T15:43:03Z,48.762513,2.046292,167.8,55.75,80.0,1.16,8
2025-09-17T15:43:04Z,48.762539,2.046500,167.9,55.60,80.4,1.16,8
2025-09-17T15:43:05Z,48.762565,2.046711,168.0,56.80,79.5,1.06,9
2025-09-17T15:43:06Z,48.762593,2.046925,168.3,58.19,79.7,1.06,9
2025-09-17T15:43:07Z,48.762623,2.047148,168.2,59.84,78.9,1.31,9
2025-09-17T15:43:08Z,48.762651,2.047372,168.2,60.08,79.3,1.31,8
2025-09-17T15:43:09Z,48.762678,2.047595,168.5,59.47,79.9,1.31,8
2025-09-17T15:43:10Z,48.762704,2.047821,168.3,60.71,80.7,1.31,8
2025-09-17T15:43:11Z,48.762731,2.048065,168.2,67.17,80.3,1.10,8
2025-09-17T15:43:12Z,48.762762,2.048313,168.0,65.95,78.8,1.10,8
2025-09-17T15:43:13Z,48.762790,2.048545,168.2,60.75,80.4,1.10,8
2025-09-17T15:43:14Z,48.762816,2.048762,168.3,57.26,79.6,1.10,9
2025-09-17T15:43:15Z,48.762846,2.048964,168.4,53.75,77.1,1.10,8
2025-09-17T15:43:16Z,48.762867,2.049163,168.3,52.80,80.9,1.10,8
2025-09-17T15:43:17Z,48.762884,2.049353,168.2,49.63,82.7,1.10,8
2025-09-17T15:43:18Z,48.762894,2.049530,167.8,45.78,86.2,1.10,8
2025-09-17T15:43:19Z,48.762903,2.049693,167.8,41.52,86.9,1.10,8
2025-09-17T15:43:20Z,48.762909,2.049839,167.5,37.43,89.3,1.10,8
2025-09-17T15:43:21Z,48.762909,2.049962,167.4,30.11,90.1,1.10,9
2025-09-17T15:43:22Z,48.762910,2.050055,167.2,22.06,90.8,1.10,9
2025-09-17T15:43:23Z,48.762908,2.050121,166.8,14.95,92.4,1.10,9
2025-09-17T15:43:24Z,48.762906,2.050166,166.4,9.83,94.4,1.10,9
2025-09-17T15:43:25Z,48.762906,2.050193,166.3,5.91,93.5,1.10,9
2025-09-17T15:43:26Z,48.762906,2.050212,166.3,4.41,93.2,1.06,9
2025-09-17T15:43:27Z,48.762907,2.050224,166.4,2.59,91.0,1.06,9
2025-09-17T15:43:28Z,48.762908,2.050227,166.5,0.26,91.0,1.06,9
2025-09-17T15:43:29Z,48.762905,2.050225,166.6,0.22,91.0,1.06,9
2025-09-17T15:43:30Z,48.762906,2.050225,166.4,0.31,91.0,1.06,9
2025-09-17T15:43:31Z,48.762906,2.050225,166.3,0.09,91.0,1.06,9
2025-09-17T15:43:32Z,48.762906,2.050225,166.4,0.02,91.0,1.08,9
2025-09-17T15:43:33Z,48.762906,2.050224,166.7,0.17,91.0,1.06,9
2025-09-17T15:43:34Z,48.762904,2.050224,166.7,0.20,91.0,1.06,9
2025-09-17T15:43:35Z,48.762904,2.050223,166.9,0.07,91.0,1.06,9
2025-09-17T15:43:36Z,48.762904,2.050224,167.2,0.41,91.0,1.06,9
2025-09-17T15:43:37Z,48.762903,2.050225,167.2,0.19,91.0,1.06,9
2025-09-17T15:43:38Z,48.762903,2.050225,167.3,0.06,91.0,1.06,9
2025-09-17T15:43:39Z,48.762903,2.050224,167.4,0.07,91.0,1.06,9
2025-09-17T15:43:40Z,48.762902,2.050223,167.5,0.00,91.0,1.06,9
2025-09-17T15:43:41Z,48.762902,2.050222,167.5,0.06,91.0,1.06,9
2025-09-17T15:43:42Z,48.762902,2.050222,167.4,0.24,91.0,1.06,9
2025-09-17T15:43:43Z,48.762901,2.050223,167.1,0.22,91.0,1.10,8
2025-09-17T15:43:44Z,48.762901,2.050224,167.1,0.09,91.0,1.10,8
2025-09-17T15:43:45Z,48.762902,2.050222,167.3,0.09,91.0,1.08,9
2025-09-17T15:43:46Z,48.762902,2.050221,167.6,0.11,91.0,1.06,9
2025-09-17T15:43:47Z,48.762903,2.050221,167.9,0.07,91.0,1.08,8
2025-09-17T15:43:48Z,48.762903,2.050221,168.1,0.04,91.0,1.08,8
2025-09-17T15:43:49Z,48.762903,2.050220,168.3,0.04,91.0,1.12,8
2025-09-17T15:43:50Z,48.762902,2.050220,168.4,0.07,91.0,1.08,8
2025-09-17T15:43:51Z,48.762902,2.050220,168.6,0.09,91.0,1.06,9
2025-09-17T15:43:52Z,48.762901,2.050220,168.6,0.02,91.0,1.06,9
2025-09-17T15:43:53Z,48.762901,2.050220,168.7,0.15,91.0,1.06,9
2025-09-17T15:43:54Z,48.762901,2.050221,168.7,0.13,91.0,1.10,9
2025-09-17T15:43:55Z,48.762901,2.050222,169.0,0.50,91.0,1.06,9
2025-09-17T15:43:56Z,48.762902,2.050223,169.0,0.41,91.0,1.06,9
2025-09-17T15:43:57Z,48.762902,2.050221,169.0,0.22,91.0,1.10,8
2025-09-17T15:43:58Z,48.762901,2.050220,168.9,0.17,91.0,1.06,9
2025-09-17T15:43:59Z,48.762900,2.050220,168.8,0.04,91.0,1.06,9
2025-09-17T15:44:00Z,48.762901,2.050219,168.9,0.02,91.0,1.06,9
2025-09-17T15:44:01Z,48.762900,2.050221,168.8,0.48,91.0,1.14,8
2025-09-17T15:44:02Z,48.762898,2.050221,168.7,0.19,91.0,1.06,9
2025-09-17T15:44:03Z,48.762897,2.050222,168.6,0.04,91.0,1.06,9
2025-09-17T15:44:04Z,48.762896,2.050222,168.5,0.02,91.0,1.06,9
2025-09-17T15:44:05Z,48.762895,2.050222,168.3,0.02,91.0,1.06,9
2025-09-17T15:44:06Z,48.762895,2.050223,168.2,0.22,91.0,1.06,9
2025-09-17T15:44:07Z,48.762894,2.050224,168.2,0.11,91.0,1.10,9
2025-09-17T15:44:08Z,48.762894,2.050225,168.4,0.04,91.0,1.10,9
2025-09-17T15:44:09Z,48.762894,2.050226,168.5,0.11,91.0,1.10,9
2025-09-17T15:44:10Z,48.762893,2.050226,168.5,0.13,91.0,1.06,9
2025-09-17T15:44:11Z,48.762894,2.050228,168.6,0.02,91.0,1.06,9
2025-09-17T15:44:12Z,48.762894,2.050228,168.5,0.15,91.0,1.06,9
2025-09-17T15:44:13Z,48.762893,2.050229,168.4,0.07,91.0,1.06,9
2025-09-17T15:44:14Z,48.762893,2.050230,168.2,0.11,91.0,1.06,9
2025-09-17T15:44:15Z,48.762892,2.050231,168.0,0.00,91.0,1.06,9
2025-09-17T15:44:16Z,48.762892,2.050231,167.8,0.04,91.0,1.06,9
2025-09-17T15:44:17Z,48.762892,2.050231,167.7,0.02,91.0,1.10,8
2025-09-17T15:44:18Z,48.762893,2.050232,167.4,0.19,91.0,1.10,8
2025-09-17T15:44:20Z,48.762893,2.050232,167.3,0.07,91.0,1.06,9
2025-09-17T15:44:20Z,48.762893,2.050232,167.1,0.07,91.0,1.06,9
2025-09-17T15:44:21Z,48.762894,2.050233,167.0,0.13,91.0,1.06,9
2025-09-17T15:44:22Z,48.762895,2.050233,167.0,0.46,91.0,1.10,9
2025-09-17T15:44:23Z,48.762896,2.050233,166.9,0.02,91.0,1.06,9
2025-09-17T15:44:24Z,48.762896,2.050233,166.7,0.04,91.0,1.06,9
2025-09-17T15:44:25Z,48.762896,2.050234,166.6,0.06,91.0,1.10,8
2025-09-17T15:44:26Z,48.762897,2.050233,166.8,0.04,91.0,1.11,8
2025-09-17T15:44:27Z,48.762897,2.050233,166.8,0.02,91.0,1.11,9
2025-09-17T15:44:28Z,48.762896,2.050232,166.8,0.09,91.0,1.06,9
2025-09-17T15:44:29Z,48.762896,2.050232,166.7,0.06,91.0,1.10,9
2025-09-17T15:44:30Z,48.762896,2.050231,166.7,0.17,91.0,1.06,9
2025-09-17T15:44:31Z,48.762896,2.050232,166.7,0.19,91.0,1.06,9
2025-09-17T15:44:32Z,48.762895,2.050233,166.8,0.48,91.0,1.06,9
2025-09-17T15:44:33Z,48.762896,2.050233,166.8,0.30,91.0,1.06,9
2025-09-17T15:44:34Z,48.762897,2.050233,166.9,0.11,91.0,1.06,9
2025-09-17T15:44:35Z,48.762898,2.050236,166.9,1.04,91.0,1.06,9
2025-09-17T15:44:36Z,48.762900,2.050249,167.1,4.41,90.8,1.06,9
2025-09-17T15:44:37Z,48.762901,2.050279,167.3,9.24,91.4,1.06,9
2025-09-17T15:44:38Z,48.762902,2.050330,167.3,15.43,89.8,1.06,9
2025-09-17T15:44:39Z,48.762903,2.050402,167.1,20.56,89.2,1.06,9
2025-09-17T15:44:40Z,48.762904,2.050487,166.9,23.24,89.6,1.06,9
2025-09-17T15:44:41Z,48.762916,2.050576,167.0,24.56,77.3,1.06,9
2025-09-17T15:44:42Z,48.762950,2.050660,167.2,26.91,55.4,1.06,9
2025-09-17T15:44:43Z,48.763008,2.050735,167.2,31.87,36.1,1.06,9
2025-09-17T15:44:44Z,48.763087,2.050795,167.2,38.04,22.5,1.06,9
2025-09-17T15:44:45Z,48.763184,2.050847,167.3,42.93,17.8,1.06,9
2025-09-17T15:44:46Z,48.763284,2.050901,167.3,42.93,19.9,1.10,8
2025-09-17T15:44:47Z,48.763390,2.050965,167.1,46.69,22.0,1.10,8
2025-09-17T15:44:48Z,48.763506,2.051039,167.0,51.62,22.8,1.06,9
2025-09-17T15:44:49Z,48.763625,2.051122,166.8,52.37,25.1,1.06,9
2025-09-17T15:44:50Z,48.763741,2.051208,166.5,51.28,26.1,1.06,9
2025-09-17T15:44:51Z,48.763850,2.051293,166.3,47.97,27.4,1.10,8
2025-09-17T15:44:52Z,48.763950,2.051375,166.2,44.78,28.5,1.06,9
2025-09-17T15:44:53Z,48.764041,2.051454,165.8,40.58,30.0,1.06,9
2025-09-17T15:44:54Z,48.764122,2.051530,165.6,37.15,32.6,1.06,9
2025-09-17T15:44:55Z,48.764194,2.051605,165.5,33.97,35.3,1.16,8
2025-09-17T15:44:56Z,48.764255,2.051674,165.4,29.21,36.7,1.16,8
2025-09-17T15:44:57Z,48.764306,2.051734,165.2,24.45,38.7,1.30,8
2025-09-17T15:44:58Z,48.764342,2.051777,165.1,15.85,37.1,1.30,8
2025-09-17T15:44:59Z,48.764361,2.051797,165.1,7.02,35.5,1.30,9
2025-09-17T15:45:00Z,48.764369,2.051806,164.9,2.50,35.7,1.30,9
2025-09-17T15:45:01Z,48.764371,2.051808,164.9,1.11,36.5,1.30,9
2025-09-17T15:45:02Z,48.764373,2.051811,164.8,0.80,36.5,1.30,9
2025-09-17T15:45:03Z,48.764373,2.051812,164.6,0.13,36.5,1.30,9
2025-09-17T15:45:04Z,48.764373,2.051811,164.6,0.28,36.5,1.10,9
2025-09-17T15:45:05Z,48.764372,2.051811,164.8,0.04,36.5,1.30,9
2025-09-17T15:45:06Z,48.764372,2.051811,164.9,0.06,36.5,1.30,9
2025-09-17T15:45:07Z,48.764372,2.051811,164.9,0.19,36.5,1.10,9
2025-09-17T15:45:08Z,48.764373,2.051812,165.1,0.24,36.5,1.16,9
2025-09-17T15:45:09Z,48.764373,2.051814,165.1,0.33,36.5,1.30,9
2025-09-17T15:45:10Z,48.764382,2.051821,165.2,5.94,30.4,1.30,9
2025-09-17T15:45:11Z,48.764410,2.051848,165.1,15.83,32.6,1.30,9
2025-09-17T15:45:12Z,48.764461,2.051899,164.9,27.11,34.1,1.30,9
2025-09-17T15:45:13Z,48.764529,2.051966,164.9,34.69,33.3,1.10,8
2025-09-17T15:45:14Z,48.764613,2.052048,164.7,41.08,32.7,1.30,8
2025-09-17T15:45:15Z,48.764705,2.052135,164.7,44.50,32.1,1.16,8
2025-09-17T15:45:16Z,48.764806,2.052232,164.6,48.99,31.9,1.16,8
2025-09-17T15:45:17Z,48.764919,2.052336,164.4,54.00,31.1,1.16,8
2025-09-17T15:45:18Z,48.765039,2.052448,164.0,57.82,31.7,1.16,9
2025-09-17T15:45:19Z,48.765167,2.052564,163.8,60.28,30.6,1.16,8
2025-09-17T15:45:20Z,48.765305,2.052680,163.6,64.25,28.6,1.16,8
2025-09-17T15:45:21Z,48.765459,2.052803,163.3,71.23,27.5,1.06,9
2025-09-17T15:45:22Z,48.765641,2.052938,163.2,85.06,25.9,1.06,9
2025-09-17T15:45:23Z,48.765845,2.053082,163.5,92.17,24.7,1.06,9
2025-09-17T15:45:24Z,48.766049,2.053222,163.2,88.78,24.0,1.06,9
2025-09-17T15:45:25Z,48.766244,2.053348,163.3,82.99,22.7,1.06,9
2025-09-17T15:45:26Z,48.766424,2.053454,163.2,75.34,20.4,1.10,8
2025-09-17T15:45:27Z,48.766591,2.053535,163.4,67.89,16.9,1.16,9
2025-09-17T15:45:28Z,48.766739,2.053594,163.3,58.84,13.5,1.16,8
2025-09-17T15:45:29Z,48.766863,2.053632,163.2,47.71,10.9,1.16,8
2025-09-17T15:45:30Z,48.766965,2.053661,163.2,39.50,10.5,1.16,8
2025-09-17T15:45:31Z,48.767053,2.053689,163.2,34.52,12.6,1.06,9
2025-09-17T15:45:32Z,48.767126,2.053716,163.0,28.28,14.1,1.06,9
2025-09-17T15:45:33Z,48.767186,2.053739,162.9,23.58,14.5,1.06,9
2025-09-17T15:45:34Z,48.767237,2.053760,162.8,19.82,15.9,1.06,9
2025-09-17T15:45:35Z,48.767279,2.053781,162.6,17.00,17.1,1.06,9
2025-09-17T15:45:36Z,48.767311,2.053797,162.7,12.24,19.5,1.06,9
2025-09-17T15:45:37Z,48.767334,2.053812,162.8,9.02,22.7,1.06,9
2025-09-17T15:45:38Z,48.767359,2.053837,162.8,13.11,34.2,1.06,9
2025-09-17T15:45:39Z,48.767387,2.053886,162.7,18.52,51.1,1.06,9
2025-09-17T15:45:40Z,48.767419,2.053955,162.5,23.19,55.4,1.06,9
2025-09-17T15:45:41Z,48.767461,2.054022,162.4,24.93,44.8,1.06,9
2025-09-17T15:45:42Z,48.767521,2.054066,162.4,28.19,23.1,1.06,9
2025-09-17T15:45:43Z,48.767600,2.054070,162.5,32.85,356.3,1.06,9
2025-09-17T15:45:44Z,48.767687,2.054048,162.5,36.00,348.4,1.06,9
2025-09-17T15:45:45Z,48.767781,2.054038,162.4,38.28,358.3,1.06,9
2025-09-17T15:45:46Z,48.767887,2.054058,162.6,45.15,9.9,1.06,9
2025-09-17T15:45:47Z,48.767996,2.054095,162.6,44.65,13.9,1.06,9
2025-09-17T15:45:48Z,48.768111,2.054139,162.4,48.80,13.8,1.06,9
2025-09-17T15:45:49Z,48.768239,2.054187,162.3,54.41,13.7,1.06,9
2025-09-17T15:45:50Z,48.768376,2.054238,162.0,56.60,13.9,1.06,9
2025-09-17T15:45:51Z,48.768521,2.054295,161.6,61.28,14.9,1.06,9
2025-09-17T15:45:52Z,48.768677,2.054370,161.1,66.25,17.9,1.06,9
2025-09-17T15:45:53Z,48.768839,2.054462,160.4,70.67,22.1,1.10,9
2025-09-17T15:45:54Z,48.769007,2.054584,159.5,75.15,26.8,1.10,8
2025-09-17T15:45:55Z,48.769178,2.054732,158.7,80.27,31.1,1.10,8
2025-09-17T15:45:56Z,48.769345,2.054900,157.9,79.90,34.5,1.06,9
2025-09-17T15:45:57Z,48.769500,2.055068,157.6,74.97,36.0,1.06,9
2025-09-17T15:45:58Z,48.769644,2.055228,157.4,70.01,36.4,1.06,9
2025-09-17T15:45:59Z,48.769778,2.055376,157.6,65.04,35.8,1.06,9
2025-09-17T15:46:00Z,48.769901,2.055512,157.4,59.73,36.0,1.06,9
2025-09-17T15:46:01Z,48.770019,2.055628,158.0,54.50,31.9,1.06,9
2025-09-17T15:46:02Z,48.770128,2.055714,158.2,47.87,25.4,1.30,9
2025-09-17T15:46:03Z,48.770232,2.055767,158.2,43.11,15.2,1.30,8
2025-09-17T15:46:04Z,48.770325,2.055794,158.2,36.10,8.4,1.16,9
2025-09-17T15:46:05Z,48.770400,2.055817,158.3,28.09,11.6,1.16,9
2025-09-17T15:46:06Z,48.770458,2.055847,158.3,23.37,22.4,1.06,9
2025-09-17T15:46:07Z,48.770510,2.055901,158.4,26.32,38.8,1.06,9
2025-09-17T15:46:08Z,48.770561,2.055999,158.2,35.13,55.9,1.06,9
2025-09-17T15:46:09Z,48.770608,2.056137,158.0,43.13,65.0,1.06,9
2025-09-17T15:46:10Z,48.770641,2.056294,157.8,44.30,75.3,1.06,9
2025-09-17T15:46:11Z,48.770649,2.056462,157.5,45.28,89.8,1.06,9
2025-09-17T15:46:12Z,48.770629,2.056640,157.7,49.34,102.9,1.06,9
2025-09-17T15:46:13Z,48.770587,2.056833,157.5,55.86,109.9,1.16,9
2025-09-17T15:46:14Z,48.770536,2.057037,157.3,58.58,111.1,1.30,7
2025-09-17T15:46:15Z,48.770484,2.057256,157.4,62.88,109.7,1.30,7
2025-09-17T15:46:16Z,48.770427,2.057492,157.3,67.80,110.2,1.30,7
2025-09-17T15:46:17Z,48.770368,2.057730,157.4,67.43,111.3,1.10,8
2025-09-17T15:46:18Z,48.770305,2.057967,157.4,67.67,112.1,1.10,8
2025-09-17T15:46:19Z,48.770240,2.058203,157.3,67.47,112.3,1.10,8
2025-09-17T15:46:20Z,48.770175,2.058443,157.3,68.86,112.5,1.10,8
2025-09-17T15:46:21Z,48.770109,2.058686,157.1,69.52,112.3,1.06,9
2025-09-17T15:46:22Z,48.770043,2.058930,157.1,70.10,112.6,1.10,8
2025-09-17T15:46:23Z,48.769976,2.059176,157.2,70.39,112.5,1.10,8
2025-09-17T15:46:24Z,48.769912,2.059412,157.9,66.86,112.9,1.10,8
2025-09-17T15:46:25Z,48.769850,2.059636,158.2,63.28,113.8,1.10,8
2025-09-17T15:46:26Z,48.769785,2.059859,159.0,65.23,114.0,1.10,8
2025-09-17T15:46:27Z,48.769717,2.060087,159.4,66.58,114.9,1.10,8
2025-09-17T15:46:28Z,48.769647,2.060304,159.8,62.82,116.5,1.10,8
2025-09-17T15:46:29Z,48.769580,2.060502,160.2,57.19,117.6,1.06,9
2025-09-17T15:46:30Z,48.769518,2.060679,160.7,51.78,118.0,1.10,8
2025-09-17T15:46:31Z,48.769462,2.060835,161.0,45.61,118.8,1.10,9
2025-09-17T15:46:32Z,48.769407,2.060972,161.0,40.11,121.7,1.10,9
2025-09-17T15:46:33Z,48.769361,2.061091,161.0,35.28,121.7,1.10,9
2025-09-17T15:46:34Z,48.769316,2.061193,160.9,30.37,126.3,1.06,9
2025-09-17T15:46:35Z,48.769270,2.061268,161.2,26.45,136.9,1.30,8
2025-09-17T15:46:36Z,48.769224,2.061327,161.9,24.09,143.8,1.06,9
2025-09-17T15:46:37Z,48.769183,2.061386,162.1,22.28,136.3,1.06,9
2025-09-17T15:46:38Z,48.769158,2.061453,163.0,20.59,119.4,1.06,9
2025-09-17T15:46:39Z,48.769149,2.061528,163.5,20.52,101.4,1.06,9
2025-09-17T15:46:40Z,48.769142,2.061610,164.0,22.63,98.3,1.06,9
2025-09-17T15:46:41Z,48.769122,2.061712,164.4,30.35,109.0,1.16,9
2025-09-17T15:46:42Z,48.769082,2.061840,164.8,40.06,116.8,1.16,8
2025-09-17T15:46:43Z,48.769024,2.061992,165.0,48.37,120.0,1.16,8
2025-09-17T15:46:44Z,48.768958,2.062164,165.6,54.25,119.8,1.16,8
2025-09-17T15:46:45Z,48.768886,2.062340,165.7,54.32,121.6,1.80,8
2025-09-17T15:46:46Z,48.768808,2.062518,166.2,57.71,124.4,1.06,9
2025-09-17T15:46:47Z,48.768722,2.062701,167.0,60.65,126.9,1.80,8
2025-09-17T15:46:48Z,48.768627,2.062889,167.4,63.54,128.0,2.34,7
2025-09-17T15:46:49Z,48.768529,2.063076,167.6,62.73,128.2,1.10,8
2025-09-17T15:46:50Z,48.768431,2.063262,167.8,62.41,128.2,1.30,7
2025-09-17T15:46:51Z,48.768326,2.063451,167.9,65.65,130.5,1.30,7
2025-09-17T15:46:52Z,48.768211,2.063643,167.5,67.93,132.3,1.10,8
2025-09-17T15:46:53Z,48.768091,2.063833,167.8,69.23,133.7,1.10,8
2025-09-17T15:46:54Z,48.767969,2.064023,167.9,69.64,134.4,1.30,7
2025-09-17T15:46:55Z,48.767841,2.064211,167.5,70.60,136.2,1.30,7
2025-09-17T15:46:56Z,48.767710,2.064393,167.3,70.97,137.7,1.30,7
2025-09-17T15:46:57Z,48.767577,2.064574,166.9,71.12,137.6,1.30,7
2025-09-17T15:46:58Z,48.767444,2.064759,166.5,72.02,137.1,1.30,8
2025-09-17T15:46:59Z,48.767311,2.064945,166.1,71.91,137.4,1.29,7
2025-09-17T15:47:00Z,48.767177,2.065130,165.7,72.32,137.6,1.29,7
2025-09-17T15:47:01Z,48.767043,2.065316,165.7,72.78,137.2,1.10,8
2025-09-17T15:47:02Z,48.766911,2.065506,165.8,72.82,136.2,1.10,8
2025-09-17T15:47:03Z,48.766776,2.065695,165.7,73.62,137.5,1.10,8
2025-09-17T15:47:04Z,48.766642,2.065883,165.9,72.58,137.0,1.10,8
2025-09-17T15:47:05Z,48.766513,2.066063,166.1,69.73,137.8,1.10,8
2025-09-17T15:47:06Z,48.766391,2.066232,166.4,64.82,137.4,1.10,8
2025-09-17T15:47:07Z,48.766281,2.066388,167.1,59.73,137.2,1.10,8
2025-09-17T15:47:08Z,48.766173,2.066534,167.3,56.65,138.6,2.33,8
2025-09-17T15:47:09Z,48.766071,2.066677,167.5,55.37,137.2,2.33,7
2025-09-17T15:47:10Z,48.765970,2.066823,167.8,55.95,136.3,2.33,7
2025-09-17T15:47:11Z,48.765867,2.066969,168.3,57.19,137.1,1.10,8
2025-09-17T15:47:12Z,48.765759,2.067118,168.4,58.12,137.2,1.10,8
2025-09-17T15:47:13Z,48.765655,2.067260,168.5,55.21,137.9,1.07,9
2025-09-17T15:47:14Z,48.765560,2.067395,169.3,51.67,137.3,1.07,9
2025-09-17T15:47:15Z,48.765472,2.067519,170.1,48.17,138.1,1.07,9
2025-09-17T15:47:16Z,48.765393,2.067636,171.6,43.97,136.2,1.07,9
2025-09-17T15:47:17Z,48.765313,2.067739,171.7,39.87,140.1,2.33,8
2025-09-17T15:47:18Z,48.765246,2.067834,172.2,35.30,136.0,1.80,8
2025-09-17T15:47:19Z,48.765189,2.067917,173.3,31.34,138.2,1.88,7
2025-09-17T15:47:20Z,48.765147,2.067991,175.0,25.69,135.3,1.16,8
2025-09-17T15:47:21Z,48.765112,2.068047,177.2,20.67,136.5,1.07,9
2025-09-17T15:47:22Z,48.765075,2.068089,176.4,13.54,138.3,1.07,9
2025-09-17T15:47:23Z,48.765060,2.068109,176.0,3.06,137.1,1.07,9
2025-09-17T15:47:24Z,48.765055,2.068117,175.2,1.30,75.1,1.80,8
2025-09-17T15:47:25Z,48.765054,2.068117,175.0,0.78,75.1,1.80,9
2025-09-17T15:47:26Z,48.765045,2.068117,174.1,0.15,75.1,1.07,9
2025-09-17T15:47:27Z,48.765034,2.068116,172.9,0.22,75.1,1.07,9
2025-09-17T15:47:28Z,48.765030,2.068115,172.7,0.09,75.1,1.07,9
2025-09-17T15:47:29Z,48.765026,2.068115,172.4,0.06,75.1,1.07,9
2025-09-17T15:47:30Z,48.765023,2.068115,172.2,0.07,75.1,1.16,9
2025-09-17T15:47:31Z,48.765023,2.068115,172.4,0.06,75.1,1.07,9
2025-09-17T15:47:32Z,48.765021,2.068115,172.5,0.09,75.1,1.07,9
2025-09-17T15:47:33Z,48.765021,2.068114,172.6,0.26,75.1,1.07,9
2025-09-17T15:47:34Z,48.765021,2.068113,172.6,0.13,75.1,1.07,9
2025-09-17T15:47:35Z,48.765020,2.068114,172.2,0.50,75.1,1.07,9
2025-09-17T15:47:36Z,48.765017,2.068113,171.9,0.07,75.1,1.07,9
2025-09-17T15:47:37Z,48.765014,2.068115,171.7,0.46,75.1,1.07,9
2025-09-17T15:47:38Z,48.765011,2.068115,171.6,0.65,75.1,1.07,9
2025-09-17T15:47:39Z,48.765014,2.068122,172.0,1.31,75.1,1.07,9
2025-09-17T15:47:40Z,48.765009,2.068131,171.6,3.06,120.7,1.07,9
2025-09-17T15:47:41Z,48.765004,2.068138,171.8,2.20,126.7,1.07,9
2025-09-17T15:47:42Z,48.765002,2.068141,172.3,1.94,140.2,1.07,9
2025-09-17T15:47:43Z,48.765000,2.068147,172.4,2.24,133.4,1.16,9
2025-09-17T15:47:44Z,48.764997,2.068152,172.9,1.50,135.3,1.07,9
2025-09-17T15:47:45Z,48.764993,2.068158,172.7,1.83,137.4,1.07,9
2025-09-17T15:47:46Z,48.764989,2.068167,173.1,3.15,132.7,1.07,9
2025-09-17T15:47:47Z,48.764986,2.068174,173.7,2.67,137.2,1.07,9
2025-09-17T15:47:48Z,48.764985,2.068179,174.4,1.33,137.2,1.81,8
2025-09-17T15:47:49Z,48.764987,2.068182,174.7,0.98,95.4,1.81,8
2025-09-17T15:47:50Z,48.764990,2.068183,174.9,1.22,39.9,1.81,8
2025-09-17T15:47:51Z,48.764988,2.068182,174.3,0.70,39.9,1.81,8
2025-09-17T15:47:52Z,48.764988,2.068180,174.1,0.15,39.9,1.87,9
2025-09-17T15:47:53Z,48.764989,2.068181,174.0,0.15,39.9,1.07,9
2025-09-17T15:47:54Z,48.764986,2.068180,173.5,0.11,39.9,1.07,9
2025-09-17T15:47:55Z,48.764987,2.068180,173.4,0.26,39.9,1.07,9
2025-09-17T15:47:56Z,48.764987,2.068181,173.0,0.19,39.9,1.07,9
2025-09-17T15:47:57Z,48.764986,2.068182,172.6,0.48,39.9,1.07,9
2025-09-17T15:47:58Z,48.764986,2.068184,172.6,0.06,39.9,1.81,8
2025-09-17T15:47:59Z,48.764986,2.068186,172.3,0.02,39.9,1.81,8
2025-09-17T15:48:00Z,48.764986,2.068186,172.1,0.41,39.9,1.81,8
2025-09-17T15:48:01Z,48.764989,2.068187,172.3,0.07,39.9,1.16,9
2025-09-17T15:48:02Z,48.764991,2.068188,172.3,0.06,39.9,1.07,9
2025-09-17T15:48:03Z,48.764992,2.068189,172.4,0.07,39.9,1.07,9
2025-09-17T15:48:04Z,48.764994,2.068189,172.5,0.09,39.9,1.07,9
2025-09-17T15:48:05Z,48.764995,2.068190,172.4,0.19,39.9,1.07,9
2025-09-17T15:48:06Z,48.764995,2.068190,172.3,0.02,39.9,1.07,9
2025-09-17T15:48:07Z,48.764995,2.068190,172.2,0.19,39.9,1.07,9
2025-09-17T15:48:08Z,48.764996,2.068189,172.2,0.06,39.9,1.07,9
2025-09-17T15:48:09Z,48.764994,2.068193,172.2,1.81,69.5,1.10,9
2025-09-17T15:48:10Z,48.764983,2.068213,172.6,9.35,131.1,1.07,9
2025-09-17T15:48:11Z,48.764953,2.068251,172.8,17.41,137.8,1.07,9
2025-09-17T15:48:12Z,48.764906,2.068291,172.8,22.04,148.9,1.07,9
2025-09-17T15:48:13Z,48.764856,2.068328,173.2,22.37,157.1,1.81,9
2025-09-17T15:48:14Z,48.764803,2.068361,173.5,22.26,156.6,1.07,9
2025-09-17T15:48:15Z,48.764757,2.068409,173.4,21.63,141.7,1.07,9
2025-09-17T15:48:16Z,48.764726,2.068473,173.3,20.48,123.8,1.07,9
2025-09-17T15:48:17Z,48.764713,2.068541,173.4,18.06,107.0,1.16,9
2025-09-17T15:48:18Z,48.764712,2.068590,172.9,11.67,91.1,1.16,9
2025-09-17T15:48:19Z,48.764711,2.068612,172.4,3.50,89.5,1.16,9
2025-09-17T15:48:20Z,48.764706,2.068614,171.8,0.20,89.5,1.07,9
2025-09-17T15:48:21Z,48.764700,2.068613,170.9,0.00,89.5,1.16,9
2025-09-17T15:48:22Z,48.764696,2.068612,170.4,0.15,89.5,1.07,9
2025-09-17T15:48:23Z,48.764693,2.068613,170.1,0.17,89.5,1.07,9
2025-09-17T15:48:24Z,48.764691,2.068612,170.0,0.13,89.5,1.10,9
2025-09-17T15:48:25Z,48.764689,2.068611,170.0,0.13,89.5,1.11,8
2025-09-17T15:48:26Z,48.764688,2.068611,170.1,0.28,89.5,1.07,9
2025-09-17T15:48:27Z,48.764687,2.068611,170.1,0.39,89.5,1.07,9
2025-09-17T15:48:28Z,48.764685,2.068610,170.0,0.37,89.5,1.07,9
2025-09-17T15:48:29Z,48.764683,2.068609,169.6,0.15,89.5,1.16,9
2025-09-17T15:48:30Z,48.764682,2.068608,169.2,0.02,89.5,1.07,9
2025-09-17T15:48:31Z,48.764681,2.068608,168.8,0.20,89.5,1.16,9
2025-09-17T15:48:32Z,48.764680,2.068607,168.5,0.09,89.5,1.16,9
2025-09-17T15:48:33Z,48.764680,2.068607,168.0,0.09,89.5,1.10,9
2025-09-17T15:48:34Z,48.764679,2.068606,167.8,0.02,89.5,1.07,9
2025-09-17T15:48:35Z,48.764678,2.068605,167.6,0.06,89.5,1.10,9
2025-09-17T15:48:36Z,48.764677,2.068606,167.3,0.30,89.5,1.07,9
2025-09-17T15:48:37Z,48.764676,2.068607,167.0,0.07,89.5,1.07,9
2025-09-17T15:48:38Z,48.764676,2.068606,166.7,0.17,89.5,1.07,9
2025-09-17T15:48:39Z,48.764676,2.068605,166.5,0.15,89.5,1.07,9
2025-09-17T15:48:40Z,48.764674,2.068604,166.3,0.09,89.5,1.07,9
2025-09-17T15:48:41Z,48.764674,2.068604,166.3,0.04,89.5,1.10,9
2025-09-17T15:48:42Z,48.764673,2.068603,166.3,0.04,89.5,1.07,9
2025-09-17T15:48:43Z,48.764673,2.068603,166.3,0.63,89.5,1.07,9
2025-09-17T15:48:44Z,48.764674,2.068604,166.1,0.04,89.5,1.07,9
2025-09-17T15:48:45Z,48.764673,2.068604,165.9,0.06,89.5,1.07,9
2025-09-17T15:48:46Z,48.764673,2.068603,165.7,0.43,89.5,1.07,9
2025-09-17T15:48:47Z,48.764671,2.068602,165.7,0.19,89.5,1.07,9
2025-09-17T15:48:48Z,48.764671,2.068601,165.6,0.17,89.5,1.07,9
2025-09-17T15:48:49Z,48.764670,2.068601,165.5,0.02,89.5,1.07,9
2025-09-17T15:48:50Z,48.764669,2.068601,165.5,0.19,89.5,1.11,9
2025-09-17T15:48:51Z,48.764669,2.068600,165.5,0.13,89.5,1.07,9
2025-09-17T15:48:52Z,48.764669,2.068599,165.5,0.04,89.5,1.07,9
2025-09-17T15:48:53Z,48.764668,2.068599,165.5,0.19,89.5,1.16,9
2025-09-17T15:48:54Z,48.764668,2.068599,165.5,0.19,89.5,1.29,9
2025-09-17T15:48:55Z,48.764667,2.068600,165.5,0.22,89.5,1.16,9
2025-09-17T15:48:56Z,48.764667,2.068600,165.6,0.06,89.5,1.07,9
2025-09-17T15:48:57Z,48.764666,2.068601,165.6,0.06,89.5,1.07,9
2025-09-17T15:48:58Z,48.764665,2.068601,165.6,0.19,89.5,1.07,9
2025-09-17T15:48:59Z,48.764664,2.068601,165.7,0.22,89.5,1.07,9
2025-09-17T15:49:00Z,48.764664,2.068602,165.8,0.06,89.5,1.07,9
2025-09-17T15:49:01Z,48.764664,2.068603,165.7,0.20,89.5,1.16,9
2025-09-17T15:49:02Z,48.764664,2.068603,165.7,0.02,89.5,1.07,9
2025-09-17T15:49:03Z,48.764664,2.068604,165.7,0.06,89.5,1.07,9
2025-09-17T15:49:04Z,48.764664,2.068605,165.7,0.02,89.5,1.07,9
2025-09-17T15:49:05Z,48.764665,2.068605,165.6,0.00,89.5,1.07,9
2025-09-17T15:49:06Z,48.764665,2.068606,165.6,0.06,89.5,1.07,9
2025-09-17T15:49:07Z,48.764665,2.068607,165.6,0.07,89.5,1.16,9
2025-09-17T15:49:08Z,48.764665,2.068609,165.6,1.15,75.7,1.07,9
2025-09-17T15:49:09Z,48.764671,2.068629,165.9,7.83,66.6,1.07,9
2025-09-17T15:49:10Z,48.764688,2.068671,166.1,15.26,57.4,1.07,9
2025-09-17T15:49:11Z,48.764719,2.068716,166.0,17.91,40.6,1.16,8
2025-09-17T15:49:12Z,48.764758,2.068745,165.8,17.78,22.1,1.16,8
2025-09-17T15:49:13Z,48.764800,2.068751,165.8,16.78,3.4,1.16,9
2025-09-17T15:49:14Z,48.764841,2.068738,165.8,17.41,346.3,1.16,9
2025-09-17T15:49:15Z,48.764881,2.068702,165.9,19.46,328.1,1.07,9
2025-09-17T15:49:16Z,48.764917,2.068643,165.5,22.37,312.2,1.07,9
2025-09-17T15:49:17Z,48.764949,2.068576,164.9,21.72,303.4,1.07,9
2025-09-17T15:49:18Z,48.764974,2.068522,164.8,15.96,306.1,1.07,9
2025-09-17T15:49:19Z,48.764991,2.068492,164.5,8.63,308.6,1.43,9
2025-09-17T15:49:20Z,48.765001,2.068478,164.3,4.41,313.4,1.07,9
2025-09-17T15:49:21Z,48.765008,2.068469,164.3,3.96,315.7,1.07,9
2025-09-17T15:49:22Z,48.765020,2.068452,164.1,7.67,316.9,1.43,9
2025-09-17T15:49:23Z,48.765044,2.068415,163.9,16.39,313.5,1.07,9
2025-09-17T15:49:24Z,48.765081,2.068361,163.8,22.46,315.8,1.07,9
2025-09-17T15:49:25Z,48.765135,2.068279,163.8,33.00,314.6,1.43,9
2025-09-17T15:49:26Z,48.765199,2.068179,163.7,37.80,314.1,1.43,8
2025-09-17T15:49:27Z,48.765266,2.068071,163.9,39.78,312.7,1.43,8
2025-09-17T15:49:28Z,48.765335,2.067956,163.8,41.21,311.6,1.43,8
2025-09-17T15:49:29Z,48.765409,2.067841,164.2,42.89,314.2,1.43,8
2025-09-17T15:49:30Z,48.765489,2.067725,164.6,44.34,315.6,1.07,9
2025-09-17T15:49:31Z,48.765572,2.067610,165.0,44.74,317.5,1.07,9
2025-09-17T15:49:32Z,48.765650,2.067493,164.9,43.65,315.4,1.07,9
2025-09-17T15:49:33Z,48.765729,2.067378,165.9,44.00,315.4,2.39,9
2025-09-17T15:49:34Z,48.765810,2.067261,165.3,44.87,316.9,2.39,7
2025-09-17T15:49:35Z,48.765900,2.067148,165.0,45.74,320.3,1.60,7
2025-09-17T15:49:36Z,48.765985,2.067049,165.5,41.60,322.1,1.07,9
2025-09-17T15:49:37Z,48.766059,2.066959,166.0,36.95,320.4,1.07,9
2025-09-17T15:49:38Z,48.766123,2.066876,166.0,31.74,318.6,1.16,8
2025-09-17T15:49:39Z,48.766178,2.066806,166.3,28.13,320.8,1.07,9
2025-09-17T15:49:40Z,48.766236,2.066749,165.9,26.37,329.2,1.07,9
2025-09-17T15:49:41Z,48.766299,2.066718,166.2,26.39,346.3,1.16,9
2025-09-17T15:49:42Z,48.766369,2.066716,165.7,26.74,5.4,1.07,9
2025-09-17T15:49:43Z,48.766437,2.066749,165.6,29.17,23.2,1.07,9
2025-09-17T15:49:44Z,48.766500,2.066799,165.1,27.61,31.2,1.16,9
2025-09-17T15:49:45Z,48.766551,2.066850,164.7,22.06,38.8,1.07,9
2025-09-17T15:49:46Z,48.766586,2.066892,164.4,15.26,43.3,1.07,9
2025-09-17T15:49:47Z,48.766612,2.066932,164.4,14.45,46.4,1.07,9
2025-09-17T15:49:48Z,48.766638,2.066971,164.3,14.20,44.7,1.07,9
2025-09-17T15:49:49Z,48.766664,2.067005,164.3,13.76,41.1,1.07,9
2025-09-17T15:49:50Z,48.766691,2.067040,164.2,14.17,40.9,1.07,9
2025-09-17T15:49:51Z,48.766725,2.067084,164.3,18.93,41.9,1.16,9
2025-09-17T15:49:52Z,48.766764,2.067140,164.4,22.69,43.6,1.16,9
2025-09-17T15:49:53Z,48.766807,2.067202,164.5,23.65,43.7,1.16,9
2025-09-17T15:49:54Z,48.766852,2.067262,164.6,23.59,41.6,1.16,8
2025-09-17T15:49:55Z,48.766894,2.067317,164.7,21.22,41.4,1.16,9
2025-09-17T15:49:56Z,48.766931,2.067365,165.1,18.24,41.2,1.16,8
2025-09-17T15:49:57Z,48.766965,2.067399,164.9,16.46,31.6,1.28,8
2025-09-17T15:49:58Z,48.767004,2.067411,164.8,16.35,9.3,1.07,9
2025-09-17T15:49:59Z,48.767043,2.067403,164.6,16.00,350.2,1.07,9
2025-09-17T15:50:00Z,48.767080,2.067377,164.2,17.37,332.6,1.07,9
2025-09-17T15:50:01Z,48.767116,2.067337,163.9,18.72,323.4,1.07,9
2025-09-17T15:50:02Z,48.767149,2.067292,163.5,18.04,317.9,1.07,9
2025-09-17T15:50:03Z,48.767181,2.067247,163.0,17.43,316.8,1.07,9
2025-09-17T15:50:04Z,48.767212,2.067204,162.7,17.11,316.8,1.07,9
2025-09-17T15:50:05Z,48.767242,2.067161,162.4,16.69,317.5,1.07,9
2025-09-17T15:50:06Z,48.767271,2.067119,162.3,16.17,316.0,1.07,9
2025-09-17T15:50:07Z,48.767297,2.067082,162.3,13.59,316.5,1.43,9
2025-09-17T15:50:08Z,48.767320,2.067060,162.4,10.19,325.8,1.07,9
2025-09-17T15:50:09Z,48.767339,2.067048,162.7,8.06,334.7,1.07,9
2025-09-17T15:50:10Z,48.767352,2.067038,162.7,4.59,332.1,1.07,9
2025-09-17T15:50:11Z,48.767353,2.067033,162.6,0.94,332.1,1.07,9
2025-09-17T15:50:12Z,48.767352,2.067036,162.6,1.50,352.9,1.43,9
2025-09-17T15:50:13Z,48.767349,2.067043,162.5,2.37,92.7,1.07,9
2025-09-17T15:50:14Z,48.767347,2.067053,162.3,3.02,106.1,1.07,9
2025-09-17T15:50:15Z,48.767346,2.067066,162.1,3.46,100.5,1.07,9
2025-09-17T15:50:16Z,48.767347,2.067075,162.0,1.80,98.6,1.07,9
2025-09-17T15:50:17Z,48.767348,2.067077,161.9,0.43,98.6,1.07,9
2025-09-17T15:50:18Z,48.767348,2.067074,161.8,1.74,98.6,1.83,9
2025-09-17T15:50:19Z,48.767347,2.067067,161.8,2.26,156.4,1.07,9
2025-09-17T15:50:20Z,48.767344,2.067065,161.7,1.74,170.0,1.07,9
2025-09-17T15:50:21Z,48.767346,2.067068,161.6,1.63,92.7,1.07,9
2025-09-17T15:50:22Z,48.767350,2.067074,161.5,1.94,66.9,1.07,9
2025-09-17T15:50:23Z,48.767355,2.067080,161.4,2.13,55.8,1.07,9
2025-09-17T15:50:24Z,48.767358,2.067089,161.4,2.24,57.2,1.83,9
2025-09-17T15:50:25Z,48.767361,2.067094,161.6,1.11,43.5,1.07,9
2025-09-17T15:50:26Z,48.767363,2.067094,161.7,0.09,43.5,1.07,9
2025-09-17T15:50:27Z,48.767366,2.067094,161.8,0.39,43.5,1.07,9
2025-09-17T15:50:28Z,48.767366,2.067094,161.8,0.07,43.5,1.07,9
2025-09-17T15:50:29Z,48.767367,2.067093,161.7,0.11,43.5,1.07,9
2025-09-17T15:50:30Z,48.767365,2.067095,161.7,1.52,93.7,1.07,9
2025-09-17T15:50:31Z,48.767364,2.067092,161.8,1.52,180.7,1.07,9
2025-09-17T15:50:32Z,48.767366,2.067096,161.6,2.48,107.7,1.07,9
2025-09-17T15:50:33Z,48.767367,2.067096,161.8,0.78,107.7,1.07,9
2025-09-17T15:50:34Z,48.767364,2.067099,162.1,0.19,107.7,1.07,9
2025-09-17T15:50:35Z,48.767363,2.067100,162.1,0.31,107.7,1.07,9
2025-09-17T15:50:36Z,48.767362,2.067099,162.3,0.37,107.7,1.07,9
2025-09-17T15:50:37Z,48.767364,2.067099,162.2,1.02,107.7,1.07,9
2025-09-17T15:50:38Z,48.767365,2.067102,162.4,0.26,107.7,1.07,9
2025-09-17T15:50:39Z,48.767364,2.067103,162.8,0.48,107.7,1.07,9
2025-09-17T15:50:40Z,48.767363,2.067104,162.8,1.13,129.5,1.83,8
2025-09-17T15:50:41Z,48.767363,2.067105,162.6,0.78,129.5,1.07,9
2025-09-17T15:50:42Z,48.767363,2.067106,162.6,0.20,129.5,1.83,9
2025-09-17T15:50:43Z,48.767364,2.067107,162.7,0.20,129.5,1.07,9
2025-09-17T15:50:44Z,48.767364,2.067108,162.7,0.04,129.5,1.07,9
2025-09-17T15:50:45Z,48.767366,2.067108,162.6,0.07,129.5,1.07,9
2025-09-17T15:50:46Z,48.767367,2.067108,162.5,0.28,129.5,1.07,9
2025-09-17T15:50:47Z,48.767367,2.067109,162.5,0.11,129.5,1.07,9
2025-09-17T15:50:48Z,48.767368,2.067109,162.5,0.19,129.5,1.07,9
2025-09-17T15:50:49Z,48.767370,2.067109,162.5,0.41,129.5,1.07,9
2025-09-17T15:50:50Z,48.767372,2.067108,162.7,0.26,129.5,1.07,9
2025-09-17T15:50:51Z,48.767373,2.067108,162.8,0.72,129.5,1.07,9
2025-09-17T15:50:52Z,48.767373,2.067108,162.7,0.28,129.5,1.07,9
2025-09-17T15:50:53Z,48.767373,2.067108,162.9,0.39,129.5,1.07,9
2025-09-17T15:50:54Z,48.767370,2.067105,162.5,0.67,129.5,1.07,9
2025-09-17T15:50:55Z,48.767371,2.067107,162.5,1.31,129.5,1.07,9
2025-09-17T15:50:56Z,48.767371,2.067108,162.6,0.52,129.5,1.07,9
2025-09-17T15:50:57Z,48.767370,2.067108,162.6,0.35,129.5,1.07,9
2025-09-17T15:50:58Z,48.767369,2.067107,162.6,0.24,129.5,1.07,9
2025-09-17T15:50:59Z,48.767370,2.067107,162.5,0.39,129.5,1.07,9
2025-09-17T15:51:00Z,48.767370,2.067108,162.7,0.24,129.5,1.07,9
2025-09-17T15:51:01Z,48.767369,2.067108,162.8,0.13,129.5,1.07,9
2025-09-17T15:51:02Z,48.767368,2.067108,163.0,0.04,129.5,1.07,9
2025-09-17T15:51:03Z,48.767365,2.067107,163.0,0.96,129.5,1.07,9
2025-09-17T15:51:04Z,48.767364,2.067106,162.9,0.43,129.5,1.43,8
2025-09-17T15:51:05Z,48.767365,2.067107,162.9,0.54,129.5,1.07,9
2025-09-17T15:51:06Z,48.767365,2.067108,162.8,0.02,129.5,1.43,8
2025-09-17T15:51:07Z,48.767365,2.067108,162.7,0.17,129.5,1.07,9
2025-09-17T15:51:08Z,48.767364,2.067109,162.9,0.63,129.5,1.07,9
2025-09-17T15:51:09Z,48.767362,2.067108,162.9,0.26,129.5,1.07,9
2025-09-17T15:51:10Z,48.767361,2.067107,163.0,0.02,129.5,1.07,9
2025-09-17T15:51:11Z,48.767361,2.067107,163.0,0.07,129.5,1.07,9
2025-09-17T15:51:12Z,48.767361,2.067106,162.9,0.13,129.5,1.07,9
2025-09-17T15:51:13Z,48.767359,2.067106,162.8,0.13,129.5,1.07,9
2025-09-17T15:51:14Z,48.767359,2.067105,162.7,0.56,129.5,1.07,9
2025-09-17T15:51:15Z,48.767360,2.067105,162.6,0.11,129.5,1.07,9
2025-09-17T15:51:16Z,48.767360,2.067105,162.5,0.06,129.5,1.07,9
2025-09-17T15:51:17Z,48.767361,2.067104,162.4,0.06,129.5,1.07,9
2025-09-17T15:51:18Z,48.767362,2.067103,162.3,0.04,129.5,1.07,9
2025-09-17T15:51:19Z,48.767361,2.067105,162.4,0.15,129.5,1.07,9
2025-09-17T15:51:20Z,48.767361,2.067106,162.3,0.13,129.5,1.07,9
2025-09-17T15:51:21Z,48.767362,2.067107,162.2,0.37,129.5,1.07,9
2025-09-17T15:51:22Z,48.767363,2.067108,162.0,0.22,129.5,1.07,9
2025-09-17T15:51:23Z,48.767363,2.067109,162.0,0.02,129.5,1.07,9
2025-09-17T15:51:24Z,48.767363,2.067110,161.9,0.17,129.5,1.07,9
2025-09-17T15:51:25Z,48.767362,2.067110,161.8,0.07,129.5,1.07,9
2025-09-17T15:51:26Z,48.767364,2.067111,161.7,0.57,129.5,1.07,9
2025-09-17T15:51:27Z,48.767362,2.067110,161.6,1.30,177.6,1.07,9
2025-09-17T15:51:28Z,48.767361,2.067108,161.6,0.17,177.6,1.07,9
2025-09-17T15:51:29Z,48.767362,2.067110,161.6,0.83,177.6,1.07,9
2025-09-17T15:51:30Z,48.767363,2.067109,161.5,0.22,177.6,1.07,9
2025-09-17T15:51:31Z,48.767362,2.067109,161.6,0.15,177.6,1.07,9
2025-09-17T15:51:32Z,48.767362,2.067108,161.6,0.15,177.6,1.07,9
2025-09-17T15:51:33Z,48.767361,2.067108,161.7,0.04,177.6,1.07,9
2025-09-17T15:51:34Z,48.767360,2.067109,161.9,0.11,177.6,1.07,9
2025-09-17T15:51:35Z,48.767359,2.067108,162.0,0.06,177.6,1.07,9
2025-09-17T15:51:36Z,48.767359,2.067107,162.3,0.06,177.6,1.07,9
2025-09-17T15:51:37Z,48.767359,2.067106,162.5,0.06,177.6,1.16,9
2025-09-17T15:51:38Z,48.767358,2.067106,162.7,0.15,177.6,1.16,9
2025-09-17T15:51:39Z,48.767359,2.067106,162.7,0.13,177.6,1.16,9
2025-09-17T15:51:40Z,48.767361,2.067110,162.5,1.52,177.6,1.07,9
2025-09-17T15:51:41Z,48.767361,2.067108,162.1,1.28,177.6,1.07,9
2025-09-17T15:51:42Z,48.767361,2.067107,162.1,0.33,177.6,1.07,9
2025-09-17T15:51:43Z,48.767362,2.067106,162.2,0.30,177.6,1.07,9
2025-09-17T15:51:44Z,48.767362,2.067106,162.3,0.19,177.6,1.43,8
2025-09-17T15:51:45Z,48.767362,2.067106,162.2,0.35,177.6,1.07,9
2025-09-17T15:51:46Z,48.767364,2.067106,162.0,0.04,177.6,1.07,9
2025-09-17T15:51:47Z,48.767365,2.067105,161.7,0.00,177.6,1.07,9
2025-09-17T15:51:48Z,48.767365,2.067106,161.8,0.20,177.6,1.07,9
2025-09-17T15:51:49Z,48.767364,2.067105,161.8,0.30,177.6,1.07,9
2025-09-17T15:51:50Z,48.767364,2.067105,161.7,0.20,177.6,1.07,9
2025-09-17T15:51:51Z,48.767362,2.067105,161.7,0.46,177.6,1.07,9
2025-09-17T15:51:52Z,48.767362,2.067105,161.5,0.07,177.6,1.07,9
2025-09-17T15:51:53Z,48.767364,2.067106,161.5,0.56,177.6,1.07,9
2025-09-17T15:51:54Z,48.767364,2.067108,161.4,0.13,177.6,1.07,9
2025-09-17T15:51:55Z,48.767364,2.067111,161.5,0.81,177.6,1.07,9
2025-09-17T15:51:56Z,48.767364,2.067109,160.9,0.76,177.6,1.83,9
2025-09-17T15:51:57Z,48.767360,2.067106,161.0,3.00,201.1,1.07,9
2025-09-17T15:51:58Z,48.767356,2.067096,161.2,3.54,216.9,1.07,9
2025-09-17T15:51:59Z,48.767358,2.067087,161.8,3.09,252.3,1.07,9
2025-09-17T15:52:00Z,48.767360,2.067073,162.0,3.80,276.7,1.07,9
2025-09-17T15:52:01Z,48.767363,2.067064,162.4,2.80,284.6,1.07,9
2025-09-17T15:52:02Z,48.767366,2.067054,162.7,3.15,290.8,1.07,9
2025-09-17T15:52:03Z,48.767365,2.067047,163.5,2.28,288.0,1.07,9
2025-09-17T15:52:04Z,48.767364,2.067045,164.6,1.24,288.0,1.16,8
2025-09-17T15:52:05Z,48.767367,2.067040,165.4,1.52,298.4,1.43,8
2025-09-17T15:52:06Z,48.767369,2.067030,165.7,2.20,286.8,1.07,9
2025-09-17T15:52:07Z,48.767365,2.067029,166.9,1.81,249.6,1.07,9
2025-09-17T15:52:08Z,48.767367,2.067019,167.4,2.57,271.1,1.58,8
2025-09-17T15:52:09Z,48.767369,2.067006,167.7,2.91,270.9,1.43,8
2025-09-17T15:52:10Z,48.767372,2.066990,167.7,3.37,274.7,1.43,8
2025-09-17T15:52:11Z,48.767373,2.066975,167.7,3.48,275.7,1.43,8
2025-09-17T15:52:12Z,48.767375,2.066968,168.0,2.56,281.4,1.43,8
2025-09-17T15:52:13Z,48.767375,2.066962,168.8,2.11,281.4,1.43,8
2025-09-17T15:52:14Z,48.767371,2.066961,169.6,1.76,281.4,1.08,9
2025-09-17T15:52:15Z,48.767369,2.066962,170.2,0.52,281.4,1.08,8
2025-09-17T15:52:16Z,48.767365,2.066965,170.9,1.69,281.4,1.08,8
2025-09-17T15:52:17Z,48.767362,2.066969,171.6,1.00,281.4,1.08,8
2025-09-17T15:52:18Z,48.767358,2.066974,172.0,2.30,281.4,1.08,8
2025-09-17T15:52:19Z,48.767353,2.066978,172.4,2.35,281.4,1.07,9
2025-09-17T15:52:20Z,48.767347,2.066987,173.0,1.94,281.4,1.07,9
2025-09-17T15:52:21Z,48.767347,2.066988,173.4,0.41,281.4,1.07,9
2025-09-17T15:52:22Z,48.767343,2.066994,174.2,1.04,281.4,1.07,9
2025-09-17T15:52:23Z,48.767339,2.066988,174.8,1.94,281.4,1.07,9
2025-09-17T15:52:24Z,48.767336,2.066988,175.5,0.89,281.4,1.07,9
2025-09-17T15:52:25Z,48.767330,2.066997,175.8,2.07,281.4,1.07,9
2025-09-17T15:52:26Z,48.767339,2.066993,175.9,2.04,281.4,1.07,9
2025-09-17T15:52:27Z,48.767334,2.067012,175.5,4.13,281.4,1.07,9
2025-09-17T15:52:28Z,48.767326,2.067020,175.5,3.46,281.4,1.07,9
2025-09-17T15:52:29Z,48.767315,2.067028,175.7,4.32,281.4,1.43,9
2025-09-17T15:52:30Z,48.767307,2.067029,176.5,2.19,281.4,1.15,8
2025-09-17T15:52:31Z,48.767302,2.067020,176.5,2.56,281.4,1.15,8
2025-09-17T15:52:32Z,48.767294,2.067019,176.8,2.61,281.4,1.15,8
2025-09-17T15:52:33Z,48.767300,2.067008,177.9,0.93,281.4,1.15,8
2025-09-17T15:52:34Z,48.767294,2.066996,179.1,2.41,281.4,1.15,8
2025-09-17T15:52:35Z,48.767297,2.066986,180.2,2.00,281.4,1.15,8
2025-09-17T15:52:36Z,48.767292,2.066990,179.7,1.02,281.4,1.21,7
2025-09-17T15:52:37Z,48.767296,2.066977,180.7,1.69,281.4,1.21,7
2025-09-17T15:52:38Z,48.767308,2.066952,182.2,5.56,281.4,1.13,8
2025-09-17T15:52:39Z,48.767314,2.066939,182.6,2.24,281.4,1.13,8
2025-09-17T15:52:40Z,48.767316,2.066941,185.5,1.94,281.4,1.21,7
2025-09-17T15:52:41Z,48.767311,2.066939,187.8,2.63,281.4,1.21,7
2025-09-17T15:52:42Z,48.767316,2.066950,188.8,2.83,281.4,1.37,6
2025-09-17T15:52:43Z,48.767313,2.066922,190.3,2.65,281.4,1.27,7
2025-09-17T15:52:44Z,48.767320,2.066896,191.2,3.15,281.4,1.27,7
2025-09-17T15:52:45Z,48.767327,2.066885,192.5,1.43,281.4,1.27,7
2025-09-17T15:52:46Z,48.767337,2.066874,192.6,0.80,281.4,1.15,8
2025-09-17T15:52:47Z,48.767316,2.066837,198.2,2.30,281.4,1.07,9
2025-09-17T15:52:48Z,48.767297,2.066791,203.3,4.15,281.4,1.07,9
2025-09-17T15:52:49Z,48.767291,2.066760,206.0,4.02,281.4,1.07,9
2025-09-17T15:52:50Z,48.767288,2.066733,208.3,3.78,281.4,1.07,9
2025-09-17T15:52:51Z,48.767287,2.066714,211.8,2.96,281.4,1.07,9
2025-09-17T15:52:52Z,48.767303,2.066708,211.4,2.26,281.4,1.15,8
2025-09-17T15:52:53Z,48.767299,2.066704,211.1,1.74,281.4,1.15,8
2025-09-17T15:52:54Z,48.767296,2.066724,213.2,1.26,281.4,1.21,7
2025-09-17T15:52:55Z,48.767292,2.066741,212.8,2.57,281.4,1.21,7
2025-09-17T15:52:56Z,48.767289,2.066740,212.2,2.37,281.4,1.21,7
2025-09-17T15:52:57Z,48.767296,2.066730,212.0,1.22,281.4,1.21,7
2025-09-17T15:52:58Z,48.767290,2.066740,211.7,1.74,281.4,2.71,6
2025-09-17T15:52:59Z,48.767289,2.066757,211.7,2.13,281.4,2.71,6
2025-09-17T15:53:00Z,48.767293,2.066781,211.3,2.80,281.4,2.72,5
2025-09-17T15:53:01Z,48.767284,2.066792,212.4,2.98,281.4,2.72,5
2025-09-17T15:53:02Z,48.767339,2.066733,209.3,1.52,281.4,1.17,7
2025-09-17T15:53:03Z,48.767393,2.066683,205.5,4.28,281.4,1.17,7
2025-09-17T15:53:04Z,48.767420,2.066671,203.5,5.98,281.4,1.59,6
2025-09-17T15:53:05Z,48.767433,2.066670,202.9,5.96,281.4,1.59,6
2025-09-17T15:53:06Z,48.767446,2.066675,203.1,5.59,281.4,1.59,6
2025-09-17T15:53:07Z,48.767458,2.066682,202.2,5.57,281.4,3.57,4
2025-09-17T15:53:08Z,48.767471,2.066694,201.1,5.65,281.4,3.58,4
2025-09-17T15:53:09Z,48.767482,2.066711,200.1,5.57,281.4,3.58,4
2025-09-17T15:53:10Z,48.767488,2.066726,199.1,5.32,281.4,3.58,4
2025-09-17T15:53:11Z,48.767490,2.066730,198.3,4.35,281.4,2.36,5
2025-09-17T15:53:12Z,48.767501,2.066716,196.5,4.22,281.4,2.36,5
2025-09-17T15:53:13Z,48.767518,2.066691,194.5,4.83,281.4,2.36,5
2025-09-17T15:53:14Z,48.767536,2.066663,192.3,4.52,281.4,1.96,6
2025-09-17T15:53:15Z,48.767552,2.066635,190.0,4.61,281.4,1.96,6
2025-09-17T15:53:16Z,48.767564,2.066627,188.9,3.54,281.4,1.17,7
2025-09-17T15:53:17Z,48.767577,2.066612,187.7,3.13,281.4,1.17,7
2025-09-17T15:53:18Z,48.767589,2.066597,186.6,3.13,281.4,1.23,6
2025-09-17T15:53:19Z,48.767590,2.066589,186.7,2.50,281.4,1.23,6
2025-09-17T15:53:20Z,48.767596,2.066594,186.1,1.50,281.4,1.23,6
2025-09-17T15:53:21Z,48.767603,2.066585,186.6,2.00,281.4,1.17,7
2025-09-17T15:53:22Z,48.767612,2.066603,185.4,0.96,281.4,1.17,7
2025-09-17T15:53:23Z,48.767617,2.066618,185.5,1.17,281.4,1.17,7
2025-09-17T15:53:24Z,48.767628,2.066629,185.4,1.59,281.4,1.17,7
2025-09-17T15:53:25Z,48.767634,2.066638,185.3,1.72,281.4,1.17,7
2025-09-17T15:53:26Z,48.767637,2.066637,185.5,1.46,281.4,1.96,6
2025-09-17T15:53:27Z,48.767637,2.066638,184.4,1.30,281.4,1.86,7
2025-09-17T15:53:28Z,48.767642,2.066627,183.4,2.06,281.4,1.86,7
2025-09-17T15:53:29Z,48.767635,2.066624,182.6,1.09,281.4,2.11,6
2025-09-17T15:53:30Z,48.767647,2.066628,181.5,2.00,281.4,2.11,6
2025-09-17T15:53:31Z,48.767642,2.066628,180.7,1.56,281.4,2.11,6
2025-09-17T15:53:32Z,48.767623,2.066623,179.7,0.07,281.4,1.15,8
2025-09-17T15:53:33Z,48.767627,2.066635,178.9,0.89,281.4,1.15,8
2025-09-17T15:53:34Z,48.767636,2.066645,178.1,1.63,281.4,1.15,8
2025-09-17T15:53:35Z,48.767632,2.066643,177.0,1.33,281.4,1.21,7
2025-09-17T15:53:36Z,48.767632,2.066637,176.3,0.93,281.4,1.21,7
2025-09-17T15:53:37Z,48.767628,2.066634,175.5,0.67,281.4,1.21,7
2025-09-17T15:53:38Z,48.767632,2.066629,174.2,0.65,281.4,1.21,7
2025-09-17T15:53:39Z,48.767628,2.066624,173.2,0.07,281.4,1.15,8
2025-09-17T15:53:40Z,48.767624,2.066615,172.2,0.44,281.4,1.21,7
2025-09-17T15:53:41Z,48.767617,2.066606,171.6,0.85,281.4,1.33,6
2025-09-17T15:53:42Z,48.767617,2.066597,170.5,0.94,281.4,1.33,6
2025-09-17T15:53:43Z,48.767615,2.066598,169.6,0.26,281.4,1.21,7
2025-09-17T15:53:44Z,48.767626,2.066606,168.5,1.07,281.4,1.21,7
2025-09-17T15:53:45Z,48.767629,2.066604,168.0,1.19,281.4,1.21,7
2025-09-17T15:53:46Z,48.767621,2.066581,167.2,0.74,281.4,1.15,8
2025-09-17T15:53:47Z,48.767621,2.066592,166.3,1.43,281.4,1.15,8
2025-09-17T15:53:48Z,48.767617,2.066585,166.6,0.83,281.4,1.15,8
2025-09-17T15:53:49Z,48.767616,2.066586,166.7,1.00,281.4,1.15,8
2025-09-17T15:53:50Z,48.767621,2.066587,167.5,1.43,281.4,1.15,8
2025-09-17T15:53:51Z,48.767620,2.066593,168.1,1.76,281.4,1.15,8
2025-09-17T15:53:52Z,48.767608,2.066609,168.2,2.85,281.4,1.15,8
2025-09-17T15:53:53Z,48.767604,2.066606,167.8,1.93,281.4,1.15,8
2025-09-17T15:53:54Z,48.767602,2.066624,168.1,3.11,281.4,1.15,8
2025-09-17T15:53:55Z,48.767596,2.066638,167.9,3.76,281.4,1.15,8
2025-09-17T15:53:56Z,48.767603,2.066629,167.7,2.09,281.4,1.15,8
2025-09-17T15:53:57Z,48.767603,2.066626,167.8,1.54,281.4,1.15,8
2025-09-17T15:53:58Z,48.767609,2.066622,168.0,1.48,281.4,1.28,7
2025-09-17T15:53:59Z,48.767611,2.066613,167.8,1.50,281.4,2.57,6
2025-09-17T15:54:00Z,48.767604,2.066596,167.9,1.24,281.4,1.15,8
2025-09-17T15:54:01Z,48.767613,2.066595,167.8,1.39,281.4,1.15,8
2025-09-17T15:54:02Z,48.767621,2.066590,167.4,1.56,281.4,1.15,8
2025-09-17T15:54:03Z,48.767632,2.066584,167.2,1.93,281.4,1.15,8
2025-09-17T15:54:04Z,48.767630,2.066577,166.6,1.43,281.4,2.68,6
2025-09-17T15:54:05Z,48.767637,2.066577,166.5,1.39,281.4,2.68,6
2025-09-17T15:54:06Z,48.767632,2.066577,166.4,0.80,281.4,2.68,6
2025-09-17T15:54:07Z,48.767622,2.066573,166.1,1.69,281.4,2.68,6
2025-09-17T15:54:08Z,48.767623,2.066589,166.3,1.06,281.4,1.23,6
2025-09-17T15:54:09Z,48.767628,2.066585,166.3,1.04,281.4,1.23,6
2025-09-17T15:54:10Z,48.767615,2.066615,166.6,1.28,281.4,1.17,7
2025-09-17T15:54:11Z,48.767602,2.066628,166.5,1.81,281.4,1.17,7
2025-09-17T15:54:12Z,48.767601,2.066625,166.3,1.33,281.4,1.15,8
2025-09-17T15:54:13Z,48.767604,2.066640,166.6,0.30,281.4,1.15,8
2025-09-17T15:54:14Z,48.767599,2.066649,166.8,0.50,281.4,1.15,8
2025-09-17T15:54:15Z,48.767606,2.066658,166.6,1.00,281.4,1.15,8
2025-09-17T15:54:16Z,48.767597,2.066656,166.6,0.22,281.4,1.15,8
2025-09-17T15:54:17Z,48.767587,2.066669,166.8,1.06,281.4,1.15,8
2025-09-17T15:54:18Z,48.767581,2.066677,167.2,1.30,281.4,1.15,8
2025-09-17T15:54:19Z,48.767590,2.066683,167.7,1.15,281.4,1.15,8
2025-09-17T15:54:20Z,48.767610,2.066684,168.6,2.78,281.4,1.15,8
2025-09-17T15:54:21Z,48.767622,2.066695,169.8,3.69,281.4,1.15,8
2025-09-17T15:54:22Z,48.767620,2.066712,170.9,3.52,281.4,1.15,8
2025-09-17T15:54:23Z,48.767639,2.066705,171.7,4.43,281.4,1.15,8
2025-09-17T15:54:24Z,48.767636,2.066706,172.3,3.41,281.4,1.21,7
2025-09-17T15:54:25Z,48.767643,2.066708,173.5,3.72,281.4,1.15,8
2025-09-17T15:54:26Z,48.767654,2.066703,174.5,4.46,281.4,1.15,8
2025-09-17T15:54:27Z,48.767653,2.066699,175.3,3.91,281.4,1.26,7
2025-09-17T15:54:28Z,48.767657,2.066703,176.1,3.74,281.4,1.67,6
2025-09-17T15:54:29Z,48.767652,2.066708,176.4,2.70,281.4,1.67,6
2025-09-17T15:54:30Z,48.767632,2.066711,176.9,0.78,281.4,1.67,6
2025-09-17T15:54:31Z,48.767623,2.066722,177.6,0.72,281.4,1.67,6
2025-09-17T15:54:32Z,48.767623,2.066726,178.4,1.20,281.4,1.67,6
2025-09-17T15:54:33Z,48.767622,2.066706,179.0,1.87,281.4,1.67,6
2025-09-17T15:54:34Z,48.767635,2.066714,179.5,2.56,281.4,1.67,6
2025-09-17T15:54:35Z,48.767626,2.066728,179.9,1.57,281.4,3.44,5
2025-09-17T15:54:36Z,48.767626,2.066719,180.2,1.44,281.4,3.44,5
2025-09-17T15:54:37Z,48.767636,2.066727,180.0,1.67,281.4,4.09,5
2025-09-17T15:54:38Z,48.767625,2.066721,180.2,0.74,281.4,4.09,5
2025-09-17T15:54:39Z,48.767633,2.066713,180.0,1.41,281.4,4.08,5
2025-09-17T15:54:40Z,48.767644,2.066676,181.7,3.48,281.4,2.53,6
2025-09-17T15:54:41Z,48.767639,2.066656,183.1,3.24,281.4,2.52,6
2025-09-17T15:54:42Z,48.767609,2.066635,185.0,2.74,281.4,2.52,6
2025-09-17T15:54:43Z,48.767614,2.066620,186.6,2.48,281.4,2.52,6
2025-09-17T15:54:44Z,48.767614,2.066626,186.8,1.56,281.4,4.07,5
2025-09-17T15:54:45Z,48.767622,2.066615,187.0,2.07,281.4,4.07,5
2025-09-17T15:54:46Z,48.767641,2.066611,187.1,2.63,281.4,4.07,5
2025-09-17T15:54:47Z,48.767635,2.066637,187.1,0.76,281.4,3.22,6
2025-09-17T15:54:48Z,48.767624,2.066621,186.9,1.22,281.4,3.64,5
2025-09-17T15:54:49Z,48.767618,2.066630,186.7,0.83,281.4,3.73,4
2025-09-17T15:54:50Z,48.767594,2.066634,186.1,2.54,281.4,1.68,5
2025-09-17T15:54:51Z,48.767610,2.066636,186.0,1.89,281.4,1.68,5
2025-09-17T15:54:52Z,48.767615,2.066631,185.6,1.94,281.4,1.68,5
2025-09-17T15:54:53Z,48.767632,2.066633,185.4,0.93,281.4,1.68,5
2025-09-17T15:54:54Z,48.767634,2.066628,185.2,0.70,281.4,1.64,6
2025-09-17T15:54:55Z,48.767623,2.066624,184.5,0.81,281.4,1.64,6
2025-09-17T15:54:56Z,48.767625,2.066631,184.1,0.46,281.4,3.63,5
2025-09-17T15:54:57Z,48.767611,2.066628,183.3,0.81,281.4,1.64,6
2025-09-17T15:54:58Z,48.767600,2.066628,182.5,1.26,281.4,1.64,6
2025-09-17T15:54:59Z,48.767589,2.066614,181.4,1.41,281.4,1.64,6
2025-09-17T15:55:00Z,48.767582,2.066611,180.4,1.24,281.4,1.64,6
2025-09-17T15:55:01Z,48.767579,2.066583,179.8,1.91,281.4,1.64,6
2025-09-17T15:55:03Z,48.767579,2.066564,178.5,2.17,281.4,3.00,3
2025-09-17T15:55:04Z,48.767579,2.066564,178.5,2.17,281.4,99.99,0
2025-09-17T15:55:07Z,48.767570,2.066526,178.2,1.91,281.4,3.00,3
2025-09-17T15:55:08Z,48.767567,2.066529,178.1,1.09,281.4,1.67,6
2025-09-17T15:55:09Z,48.767575,2.066498,178.1,2.28,281.4,1.67,6
2025-09-17T15:55:10Z,48.767565,2.066533,177.8,1.22,281.4,1.33,6
2025-09-17T15:55:11Z,48.767555,2.066535,177.7,0.94,281.4,1.33,6
2025-09-17T15:55:12Z,48.767562,2.066539,177.3,1.87,281.4,1.33,6
2025-09-17T15:55:13Z,48.767574,2.066521,176.9,2.94,281.4,1.55,5
2025-09-17T15:55:14Z,48.767616,2.066479,176.3,7.02,307.1,1.55,5
2025-09-17T15:55:15Z,48.767644,2.066444,175.4,8.87,313.4,1.35,6
2025-09-17T15:55:16Z,48.767642,2.066446,174.7,6.85,315.4,2.14,5
2025-09-17T15:55:17Z,48.767650,2.066429,174.4,6.48,319.4,2.62,4
2025-09-17T15:55:18Z,48.767644,2.066441,173.7,4.54,319.4,2.14,5
2025-09-17T15:55:19Z,48.767667,2.066420,172.9,6.76,317.9,2.14,5
2025-09-17T15:55:20Z,48.767679,2.066424,172.3,5.98,317.9,1.82,6
2025-09-17T15:55:21Z,48.767678,2.066413,171.8,5.43,317.9,1.82,6
2025-09-17T15:55:22Z,48.767644,2.066413,171.4,4.11,317.9,1.82,6
2025-09-17T15:55:23Z,48.767633,2.066403,170.9,4.50,317.9,3.63,5
2025-09-17T15:55:24Z,48.767625,2.066384,170.4,5.72,317.9,3.63,5
2025-09-17T15:55:25Z,48.767596,2.066418,170.2,3.19,317.9,3.63,5
2025-09-17T15:55:26Z,48.767474,2.066460,170.0,9.32,196.7,1.56,8
2025-09-17T15:55:27Z,48.767346,2.066457,169.7,15.46,184.9,1.56,7
2025-09-17T15:55:28Z,48.767238,2.066456,169.2,19.28,182.6,1.56,7
2025-09-17T15:55:29Z,48.767097,2.066461,168.9,24.54,180.9,1.82,6
2025-09-17T15:55:30Z,48.766952,2.066472,168.6,29.00,178.1,2.34,5
2025-09-17T15:55:31Z,48.766883,2.066478,168.4,28.74,177.7,4.32,3
2025-09-17T15:55:32Z,48.766812,2.066480,168.2,28.59,177.6,4.32,3
2025-09-17T15:55:33Z,48.766744,2.066509,168.1,28.26,175.7,4.22,4
2025-09-17T15:55:34Z,48.766685,2.066515,168.0,27.52,175.1,4.31,3
2025-09-17T15:55:35Z,48.766634,2.066518,167.7,26.50,175.2,4.31,3
2025-09-17T15:55:36Z,48.766599,2.066530,167.5,24.89,174.7,4.31,3
2025-09-17T15:55:37Z,48.766780,2.066555,167.9,15.30,172.2,4.11,4
2025-09-17T15:55:38Z,48.766867,2.066581,168.3,11.28,167.8,2.34,5
2025-09-17T15:55:39Z,48.766945,2.066589,168.8,7.52,164.0,2.34,5
2025-09-17T15:55:40Z,48.766999,2.066594,169.2,5.59,164.0,2.34,5
2025-09-17T15:55:41Z,48.767025,2.066595,169.5,4.48,164.0,2.34,5
2025-09-17T15:55:42Z,48.767054,2.066592,169.9,2.94,164.0,2.33,5
2025-09-17T15:55:43Z,48.767065,2.066618,170.2,3.20,164.0,2.33,5
2025-09-17T15:55:44Z,48.767077,2.066624,170.5,3.00,164.0,2.33,5
2025-09-17T15:55:45Z,48.767089,2.066623,170.9,2.72,164.0,2.33,5
2025-09-17T15:55:46Z,48.767108,2.066613,171.3,2.07,164.0,4.10,4
2025-09-17T15:55:47Z,48.767134,2.066614,171.5,0.96,164.0,4.10,4
2025-09-17T15:55:48Z,48.767137,2.066606,171.9,1.93,164.0,4.10,5
2025-09-17T15:55:49Z,48.767148,2.066621,172.1,2.28,164.0,4.10,4
2025-09-17T15:55:50Z,48.767196,2.066562,172.2,1.39,164.0,1.82,5
2025-09-17T15:55:52Z,48.767221,2.066513,172.3,3.56,164.0,4.42,4
2025-09-17T15:55:53Z,48.767221,2.066513,172.3,3.56,164.0,99.99,0
2025-09-17T15:55:57Z,48.767309,2.066611,172.3,5.37,164.0,1.65,3
2025-09-17T15:55:58Z,48.767316,2.066739,172.3,5.04,164.0,1.42,5
2025-09-17T15:55:59Z,48.767326,2.066818,172.4,5.07,164.0,1.31,6
2025-09-17T15:56:00Z,48.767330,2.066901,172.6,5.54,164.0,1.31,6
2025-09-17T15:56:01Z,48.767301,2.066929,172.6,3.93,164.0,3.23,6
2025-09-17T15:56:02Z,48.767278,2.066955,172.5,2.78,164.0,1.85,7
2025-09-17T15:56:03Z,48.767256,2.066989,172.5,3.00,164.0,1.85,7
2025-09-17T15:56:04Z,48.767295,2.066930,172.2,1.00,164.0,2.06,6
2025-09-17T15:56:05Z,48.767324,2.066845,171.9,4.61,164.0,2.31,5
2025-09-17T15:56:07Z,48.767374,2.066777,171.8,6.89,164.0,2.31,5
2025-09-17T15:56:07Z,48.767374,2.066777,171.8,6.89,164.0,99.99,0
2025-09-17T15:56:08Z,48.767409,2.066753,171.8,6.11,164.0,8.55,3
2025-09-17T15:56:09Z,48.767457,2.066754,171.7,6.74,164.0,8.56,3
2025-09-17T15:56:10Z,48.767481,2.066771,171.6,6.07,164.0,5.89,4
2025-09-17T15:56:11Z,48.767493,2.066790,171.5,5.32,164.0,2.75,4
2025-09-17T15:56:12Z,48.767499,2.066768,171.4,4.69,164.0,2.75,4
2025-09-17T15:56:13Z,48.767533,2.066721,171.0,4.94,164.0,1.73,5
2025-09-17T15:56:14Z,48.767563,2.066659,170.6,5.78,164.0,1.34,6
2025-09-17T15:56:15Z,48.767582,2.066646,170.0,4.11,164.0,1.34,6
2025-09-17T15:56:16Z,48.767598,2.066615,169.5,3.33,164.0,1.34,6
2025-09-17T15:56:17Z,48.767616,2.066570,169.1,4.00,164.0,1.34,6
2025-09-17T15:56:18Z,48.767639,2.066536,168.7,4.54,164.0,1.34,6
2025-09-17T15:56:19Z,48.767666,2.066510,168.3,4.80,164.0,5.65,5
2025-09-17T15:56:20Z,48.767686,2.066484,168.0,5.22,164.0,5.65,5
2025-09-17T15:56:21Z,48.767723,2.066455,167.8,6.44,164.0,5.66,5
2025-09-17T15:56:22Z,48.767749,2.066444,167.5,6.07,164.0,5.67,5
2025-09-17T15:56:23Z,48.767747,2.066445,167.5,4.82,164.0,3.86,5
2025-09-17T15:56:24Z,48.767753,2.066437,167.4,3.85,164.0,2.74,4
2025-09-17T15:56:25Z,48.767725,2.066470,168.0,3.09,164.0,2.89,3
2025-09-17T15:56:26Z,48.767696,2.066480,168.3,2.83,164.0,2.89,3
2025-09-17T15:56:27Z,48.767663,2.066484,168.6,3.33,164.0,2.89,4
2025-09-17T15:56:28Z,48.767698,2.066517,165.2,2.74,164.0,12.89,4
2025-09-17T15:56:30Z,48.767702,2.066517,163.5,3.20,164.0,3.63,3
2025-09-17T15:56:30Z,48.767702,2.066517,163.5,3.20,164.0,99.99,0
2025-09-17T15:56:31Z,48.767665,2.066508,161.3,3.13,164.0,7.18,3
2025-09-17T15:56:32Z,48.767653,2.066536,159.6,2.02,164.0,4.34,4
2025-09-17T15:56:33Z,48.767645,2.066561,158.3,1.28,164.0,4.34,4
2025-09-17T15:56:34Z,48.767647,2.066596,157.3,0.33,164.0,4.35,4
2025-09-17T15:56:35Z,48.767648,2.066620,156.5,0.69,164.0,4.35,4
2025-09-17T15:56:36Z,48.767685,2.066649,154.9,2.02,164.0,3.07,5
2025-09-17T15:56:37Z,48.767725,2.066651,153.7,2.74,164.0,3.97,5
2025-09-17T15:56:38Z,48.767814,2.066692,153.0,5.59,164.0,1.98,6
2025-09-17T15:56:39Z,48.767901,2.066731,152.4,8.04,49.0,1.98,6
2025-09-17T15:56:40Z,48.767974,2.066765,150.4,9.07,23.2,3.74,6
2025-09-17T15:56:41Z,48.768041,2.066810,148.8,9.69,14.8,6.95,5
2025-09-17T15:56:42Z,48.768076,2.066832,147.9,9.43,11.5,7.10,4
2025-09-17T15:56:43Z,48.768114,2.066848,147.0,9.39,9.8,4.00,5
2025-09-17T15:56:44Z,48.768158,2.066864,146.0,9.83,9.3,2.47,6
2025-09-17T15:56:45Z,48.768170,2.066875,144.9,9.15,10.9,2.47,6
2025-09-17T15:56:46Z,48.768147,2.066859,143.9,7.65,9.8,2.51,5
2025-09-17T15:56:47Z,48.768123,2.066845,143.1,6.37,8.0,2.51,5
2025-09-17T15:56:48Z,48.768079,2.066832,143.1,5.00,8.0,1.85,7
2025-09-17T15:56:49Z,48.768058,2.066806,143.4,4.15,8.0,3.36,5
2025-09-17T15:56:50Z,48.768009,2.066778,143.4,2.11,8.0,3.36,5
2025-09-17T15:56:51Z,48.767969,2.066746,143.3,1.70,8.0,3.36,5
2025-09-17T15:56:52Z,48.767943,2.066720,143.1,2.07,8.0,3.22,6
2025-09-17T15:56:53Z,48.767907,2.066692,142.6,2.63,8.0,3.80,5
2025-09-17T15:56:54Z,48.767860,2.066664,142.0,3.57,8.0,3.80,5
2025-09-17T15:56:55Z,48.767858,2.066651,141.6,2.43,8.0,3.80,5
2025-09-17T15:56:56Z,48.767857,2.066646,141.3,1.52,8.0,3.80,5
2025-09-17T15:56:57Z,48.767875,2.066622,141.1,1.83,8.0,3.79,5
2025-09-17T15:56:58Z,48.767870,2.066611,141.1,1.63,8.0,2.72,4
2025-09-17T15:56:59Z,48.767862,2.066614,140.9,0.67,8.0,2.72,4
2025-09-17T15:57:00Z,48.767867,2.066603,139.2,1.20,8.0,6.11,3
2025-09-17T15:57:01Z,48.767881,2.066592,138.0,2.07,8.0,6.11,3
2025-09-17T15:57:02Z,48.767922,2.066639,136.8,3.85,8.0,8.16,4
2025-09-17T15:57:03Z,48.767912,2.066655,136.4,4.17,8.0,8.17,4
2025-09-17T15:57:04Z,48.767898,2.066660,136.1,3.35,8.0,5.72,5
2025-09-17T15:57:05Z,48.767917,2.066650,134.8,3.56,8.0,1.90,6
2025-09-17T15:57:06Z,48.767942,2.066619,134.5,2.41,8.0,2.00,5
2025-09-17T15:57:07Z,48.767980,2.066597,134.5,2.65,8.0,2.00,5
2025-09-17T15:57:08Z,48.768008,2.066580,135.3,3.22,8.0,1.98,6
2025-09-17T15:57:09Z,48.768017,2.066568,135.8,3.13,8.0,1.98,6
2025-09-17T15:57:10Z,48.768023,2.066552,136.2,3.09,8.0,1.98,6
2025-09-17T15:57:11Z,48.768029,2.066538,136.5,3.28,8.0,1.99,6
2025-09-17T15:57:12Z,48.768038,2.066508,137.1,3.59,8.0,2.00,5
2025-09-17T15:57:13Z,48.768072,2.066484,137.1,5.09,8.0,1.90,6
2025-09-17T15:57:14Z,48.768097,2.066464,137.2,5.98,8.0,1.90,6
2025-09-17T15:57:15Z,48.768085,2.066467,136.9,4.78,8.0,5.68,5
2025-09-17T15:57:16Z,48.768060,2.066460,136.4,4.13,8.0,1.38,6
2025-09-17T15:57:17Z,48.768043,2.066446,136.3,2.70,8.0,1.59,6
2025-09-17T15:57:18Z,48.768050,2.066412,136.7,3.44,8.0,1.59,6
2025-09-17T15:57:19Z,48.768077,2.066371,137.5,5.82,8.0,1.54,7
2025-09-17T15:57:20Z,48.768073,2.066340,138.3,5.20,8.0,1.54,7
2025-09-17T15:57:21Z,48.768089,2.066309,138.6,6.00,8.0,1.59,6
2025-09-17T15:57:22Z,48.768118,2.066276,138.9,6.87,341.4,3.93,4
2025-09-17T15:57:23Z,48.768140,2.066241,139.4,7.09,341.4,3.93,4
2025-09-17T15:57:24Z,48.768164,2.066220,139.8,6.61,341.4,3.93,4
2025-09-17T15:57:25Z,48.768193,2.066195,140.2,7.13,341.4,3.93,4
2025-09-17T15:57:26Z,48.768271,2.066131,140.1,9.70,332.8,2.52,5
2025-09-17T15:57:27Z,48.768346,2.066088,140.1,10.89,335.4,2.52,5
2025-09-17T15:57:28Z,48.768424,2.066029,140.1,12.46,336.5,2.52,5
2025-09-17T15:57:29Z,48.768516,2.065965,140.0,14.80,336.4,2.52,5
2025-09-17T15:57:31Z,48.768562,2.065925,139.9,13.85,337.1,2.52,5
2025-09-17T15:57:31Z,48.768562,2.065925,139.9,13.85,337.1,99.99,0
2025-09-17T15:57:32Z,48.768557,2.065879,139.5,12.22,334.9,6.08,4
2025-09-17T15:57:33Z,48.768526,2.065849,139.1,11.09,330.7,6.08,4
2025-09-17T15:57:34Z,48.768492,2.065819,138.7,10.15,324.4,6.08,4
2025-09-17T15:57:35Z,48.768455,2.065768,138.2,10.43,312.7,6.08,4
2025-09-17T15:57:36Z,48.768416,2.065851,137.8,6.67,312.7,1.94,5
2025-09-17T15:57:37Z,48.768390,2.065872,137.4,5.85,312.7,1.94,5
2025-09-17T15:57:38Z,48.768372,2.065904,137.2,5.22,312.7,1.62,6
2025-09-17T15:57:39Z,48.768352,2.065922,137.1,5.09,312.7,5.13,4
2025-09-17T15:57:40Z,48.768328,2.066008,135.9,3.56,312.7,1.55,6
2025-09-17T15:57:41Z,48.768304,2.066100,134.9,3.43,312.7,1.55,6
2025-09-17T15:57:42Z,48.768300,2.066158,133.5,3.69,312.7,1.81,5
2025-09-17T15:57:43Z,48.768290,2.066232,131.9,4.24,312.7,1.98,4
2025-09-17T15:57:44Z,48.768242,2.066328,131.5,4.56,312.7,1.21,6
2025-09-17T15:57:45Z,48.768206,2.066417,130.9,5.80,312.7,1.21,6
2025-09-17T15:57:46Z,48.768177,2.066455,130.8,5.06,312.7,2.57,5
2025-09-17T15:57:47Z,48.768149,2.066494,130.6,4.83,312.7,2.57,5
2025-09-17T15:57:48Z,48.768125,2.066519,130.4,3.94,312.7,2.57,5
2025-09-17T15:57:49Z,48.768098,2.066540,130.2,3.26,312.7,2.57,5
2025-09-17T15:57:50Z,48.768062,2.066536,129.8,2.15,312.7,1.66,6
2025-09-17T15:57:51Z,48.768036,2.066535,129.5,2.11,312.7,1.66,6
2025-09-17T15:57:52Z,48.768016,2.066537,129.2,2.04,312.7,1.66,6
2025-09-17T15:57:53Z,48.768001,2.066548,128.9,1.98,312.7,1.66,6
2025-09-17T15:57:54Z,48.767982,2.066551,128.8,2.02,312.7,1.66,6
2025-09-17T15:57:55Z,48.767979,2.066574,128.5,1.78,312.7,1.66,6
2025-09-17T15:57:56Z,48.767969,2.066584,128.4,1.72,312.7,1.66,6
2025-09-17T15:57:57Z,48.767965,2.066604,128.2,2.19,312.7,1.66,6
2025-09-17T15:57:58Z,48.767963,2.066622,128.0,2.48,312.7,1.86,4
2025-09-17T15:57:59Z,48.767962,2.066638,127.9,2.61,312.7,1.86,4
2025-09-17T15:58:00Z,48.767965,2.066665,127.7,3.33,312.7,1.86,4
2025-09-17T15:58:01Z,48.767966,2.066724,127.5,5.22,312.7,1.86,4
2025-09-17T15:58:02Z,48.767950,2.066805,127.3,7.00,312.7,4.99,4
2025-09-17T15:58:03Z,48.767937,2.066859,127.1,7.39,312.7,4.99,4
2025-09-17T15:58:04Z,48.767924,2.066914,126.8,8.06,312.7,2.57,5
2025-09-17T15:58:05Z,48.767913,2.066936,126.6,7.15,312.7,2.57,5
2025-09-17T15:58:07Z,48.767901,2.066976,126.4,7.48,312.7,3.22,4
2025-09-17T15:58:08Z,48.767901,2.066976,126.4,7.48,312.7,99.99,0
2025-09-17T15:58:10Z,48.767943,2.067270,127.0,12.09,33.7,9.81,3
2025-09-17T15:58:11Z,48.767997,2.067472,126.4,16.00,66.0,9.80,3
2025-09-17T15:58:12Z,48.768053,2.067667,125.6,19.30,74.5,9.79,3
2025-09-17T15:58:13Z,48.768144,2.067810,125.0,19.95,70.5,2.08,5
2025-09-17T15:58:14Z,48.768222,2.067992,124.2,22.89,66.3,2.08,5
2025-09-17T15:58:15Z,48.768288,2.068186,124.0,26.32,64.2,1.79,5
2025-09-17T15:58:16Z,48.768302,2.068251,124.9,25.41,62.8,5.03,4
2025-09-17T15:58:17Z,48.768349,2.068264,125.6,23.61,57.4,5.03,4
2025-09-17T15:58:19Z,48.768392,2.068292,126.2,22.72,51.7,5.03,4
2025-09-17T15:58:20Z,48.768392,2.068292,126.2,22.72,51.7,99.99,0
2025-09-17T15:58:24Z,48.768373,2.067939,127.8,8.00,51.7,3.17,3
2025-09-17T15:58:26Z,48.768173,2.067353,130.3,13.39,14.7,6.20,4
2025-09-17T15:58:27Z,48.768173,2.067353,130.3,13.39,14.7,29.10,3
2025-09-17T15:58:39Z,48.768175,2.066126,134.0,15.67,287.9,6.23,4
2025-09-17T15:58:40Z,48.768175,2.066126,134.0,15.67,287.9,99.99,0
2025-09-17T15:58:44Z,48.767867,2.066975,136.0,3.57,287.9,2.70,4
2025-09-17T15:58:45Z,48.767694,2.067332,138.4,9.45,287.9,2.70,4
2025-09-17T15:58:46Z,48.767566,2.067754,139.5,17.43,31.3,2.86,3
2025-09-17T15:58:47Z,48.767522,2.068056,140.4,22.82,75.6,2.86,3
2025-09-17T15:58:48Z,48.767536,2.068302,141.2,27.15,87.7,2.86,3
2025-09-17T15:58:49Z,48.767691,2.068483,143.5,28.08,86.8,7.29,3
2025-09-17T15:58:51Z,48.767864,2.068588,145.8,27.97,82.0,7.29,3
2025-09-17T15:58:52Z,48.767864,2.068588,145.8,27.97,82.0,99.99,0
2025-09-17T15:58:58Z,48.767668,2.068613,151.4,11.96,82.0,3.30,5
2025-09-17T15:58:59Z,48.767524,2.068311,153.7,7.20,82.0,3.30,5
2025-09-17T15:59:00Z,48.767480,2.068112,155.2,4.83,82.0,3.30,5
2025-09-17T15:59:01Z,48.767503,2.068052,156.0,2.80,82.0,11.87,4
2025-09-17T15:59:02Z,48.767408,2.068173,157.1,5.82,82.0,2.96,5
2025-09-17T15:59:03Z,48.767322,2.068279,158.3,8.26,82.0,2.96,5
2025-09-17T15:59:04Z,48.767340,2.068244,157.2,6.06,82.0,4.36,3
2025-09-17T15:59:05Z,48.767389,2.068204,156.6,3.72,82.0,4.36,3
2025-09-17T15:59:06Z,48.767456,2.068156,156.4,3.98,82.0,4.36,3
2025-09-17T15:59:07Z,48.767511,2.068018,157.5,6.70,82.0,4.31,4
2025-09-17T15:59:08Z,48.767617,2.067896,158.2,9.96,82.0,4.31,4
2025-09-17T15:59:09Z,48.767759,2.067793,159.0,14.33,37.4,4.31,4
2025-09-17T15:59:10Z,48.767880,2.067535,158.0,13.50,11.2,2.20,6
2025-09-17T15:59:11Z,48.767948,2.067351,157.5,12.83,356.1,2.20,6
2025-09-17T15:59:12Z,48.767961,2.067212,157.1,10.87,346.2,2.20,6
2025-09-17T15:59:13Z,48.767991,2.067101,157.0,10.63,336.4,2.20,6
2025-09-17T15:59:14Z,48.768017,2.066970,156.4,10.91,327.8,2.00,7
2025-09-17T15:59:15Z,48.768007,2.066865,155.9,10.09,319.7,2.00,7
2025-09-17T15:59:16Z,48.767995,2.066792,155.3,8.89,319.7,3.40,5
2025-09-17T15:59:17Z,48.767985,2.066714,154.9,9.61,307.3,3.40,5
2025-09-17T15:59:18Z,48.767990,2.066661,154.7,9.02,307.3,5.41,4
2025-09-17T15:59:19Z,48.767966,2.066610,153.7,7.61,307.3,7.09,5
2025-09-17T15:59:20Z,48.767870,2.066581,152.5,4.39,307.3,1.24,8
2025-09-17T15:59:21Z,48.767822,2.066537,151.7,4.80,307.3,1.24,8
2025-09-17T15:59:22Z,48.767812,2.066518,151.8,3.61,307.3,1.20,7
2025-09-17T15:59:23Z,48.767796,2.066508,151.7,3.46,307.3,1.26,6
2025-09-17T15:59:24Z,48.767779,2.066504,151.5,3.09,307.3,1.26,6
2025-09-17T15:59:25Z,48.767763,2.066488,151.4,3.87,307.3,5.19,4
2025-09-17T15:59:26Z,48.767728,2.066494,151.5,4.82,307.3,2.60,5
2025-09-17T15:59:27Z,48.767693,2.066511,151.8,5.96,307.3,2.60,5
2025-09-17T15:59:28Z,48.767674,2.066532,151.9,5.93,307.3,2.60,6
2025-09-17T15:59:29Z,48.767659,2.066545,152.1,5.57,307.3,2.60,6
2025-09-17T15:59:30Z,48.767646,2.066576,152.3,5.61,307.3,2.61,6
2025-09-17T15:59:31Z,48.767608,2.066571,152.6,5.85,307.3,1.29,7
2025-09-17T15:59:32Z,48.767573,2.066574,152.9,6.19,307.3,1.29,7
2025-09-17T15:59:33Z,48.767548,2.066563,153.3,5.46,307.3,1.29,7
2025-09-17T15:59:34Z,48.767525,2.066562,153.7,4.83,307.3,1.64,6
2025-09-17T15:59:35Z,48.767507,2.066582,154.2,4.85,307.3,1.64,6
2025-09-17T15:59:36Z,48.767493,2.066543,155.3,3.87,307.3,1.54,8
2025-09-17T15:59:37Z,48.767482,2.066495,156.3,3.04,307.3,1.59,7
2025-09-17T15:59:38Z,48.767484,2.066426,156.8,2.33,307.3,1.53,8
2025-09-17T15:59:39Z,48.767491,2.066376,158.5,1.54,307.3,1.43,7
2025-09-17T15:59:40Z,48.767477,2.066388,158.8,0.04,307.3,1.37,6
2025-09-17T15:59:41Z,48.767469,2.066411,159.3,0.83,307.3,1.29,7
2025-09-17T15:59:42Z,48.767456,2.066434,159.5,2.54,307.3,1.37,6
2025-09-17T15:59:43Z,48.767444,2.066458,159.9,3.09,307.3,1.29,6
2025-09-17T15:59:44Z,48.767440,2.066479,160.3,3.32,307.3,1.29,6
2025-09-17T15:59:45Z,48.767437,2.066516,160.7,4.41,307.3,1.29,6
2025-09-17T15:59:46Z,48.767438,2.066541,160.2,4.61,307.3,7.47,3
2025-09-17T15:59:47Z,48.767441,2.066571,160.3,5.02,307.3,7.46,3
2025-09-17T15:59:48Z,48.767458,2.066622,160.4,6.72,307.3,7.46,3
2025-09-17T15:59:49Z,48.767466,2.066662,160.5,7.26,307.3,7.46,3
2025-09-17T15:59:50Z,48.767455,2.066686,160.6,6.30,307.3,2.95,4
2025-09-17T15:59:51Z,48.767445,2.066719,160.6,6.13,307.3,2.95,4
2025-09-17T15:59:52Z,48.767451,2.066680,161.1,4.33,307.3,2.95,4
2025-09-17T15:59:53Z,48.767457,2.066643,161.6,2.91,307.3,2.95,4
2025-09-17T15:59:54Z,48.767471,2.066609,161.9,1.94,307.3,2.95,4
2025-09-17T15:59:55Z,48.767445,2.066642,162.3,3.78,307.3,1.59,5
2025-09-17T15:59:56Z,48.767443,2.066657,162.6,4.80,307.3,1.59,5
2025-09-17T15:59:57Z,48.767434,2.066667,162.9,5.32,307.3,1.59,5
2025-09-17T15:59:58Z,48.767441,2.066652,163.2,4.78,307.3,1.22,7
2025-09-17T15:59:59Z,48.767487,2.066586,163.4,0.89,307.3,1.22,7
2025-09-17T16:00:00Z,48.767484,2.066598,163.5,1.81,307.3,1.22,7
2025-09-17T16:00:01Z,48.767479,2.066615,163.4,2.46,307.3,1.15,8
2025-09-17T16:00:02Z,48.767485,2.066612,163.3,1.19,307.3,1.15,8
2025-09-17T16:00:03Z,48.767503,2.066609,163.1,1.48,307.3,1.15,8
2025-09-17T16:00:04Z,48.767515,2.066594,162.9,2.74,307.3,1.15,8
2025-09-17T16:00:05Z,48.767538,2.066559,162.7,5.63,307.3,1.15,8
2025-09-17T16:00:06Z,48.767552,2.066540,162.5,6.26,310.8,1.15,8
2025-09-17T16:00:07Z,48.767562,2.066537,162.3,5.96,314.4,1.52,7
2025-09-17T16:00:08Z,48.767586,2.066536,162.2,6.43,324.4,1.52,7
2025-09-17T16:00:09Z,48.767595,2.066529,162.1,6.04,324.4,2.53,6
2025-09-17T16:00:10Z,48.767608,2.066527,161.9,5.83,324.4,2.53,6
2025-09-17T16:00:11Z,48.767622,2.066519,161.7,5.89,324.4,2.53,6
2025-09-17T16:00:12Z,48.767636,2.066514,161.5,5.96,324.4,2.53,6
2025-09-17T16:00:13Z,48.767646,2.066496,161.4,5.91,324.4,2.53,6
2025-09-17T16:00:14Z,48.767653,2.066491,161.2,5.54,324.4,2.53,6
2025-09-17T16:00:15Z,48.767660,2.066495,161.0,5.11,324.4,2.52,6
2025-09-17T16:00:16Z,48.767673,2.066485,161.0,5.20,324.4,4.34,4
2025-09-17T16:00:17Z,48.767683,2.066479,160.7,5.19,324.4,4.16,5
2025-09-17T16:00:18Z,48.767688,2.066471,160.5,5.07,324.4,4.16,5
2025-09-17T16:00:19Z,48.767699,2.066480,160.3,5.13,324.4,4.16,5
2025-09-17T16:00:20Z,48.767703,2.066496,160.5,5.43,324.4,2.52,6
2025-09-17T16:00:21Z,48.767705,2.066512,160.8,4.83,324.4,2.52,6
2025-09-17T16:00:22Z,48.767714,2.066527,160.9,5.07,324.4,2.52,6
2025-09-17T16:00:23Z,48.767729,2.066527,160.9,5.32,324.4,4.15,5
2025-09-17T16:00:24Z,48.767738,2.066543,160.8,5.32,324.4,4.15,5
2025-09-17T16:00:25Z,48.767767,2.066537,160.7,6.50,324.4,4.15,5
2025-09-17T16:00:26Z,48.767791,2.066543,160.7,7.28,324.4,4.15,5
2025-09-17T16:00:27Z,48.767812,2.066545,160.6,7.72,324.4,4.15,5
2025-09-17T16:00:28Z,48.767820,2.066557,160.6,7.26,324.4,4.15,5
2025-09-17T16:00:29Z,48.767837,2.066565,160.5,7.33,324.4,4.15,5
2025-09-17T16:00:30Z,48.767849,2.066556,160.5,6.89,324.4,4.15,5
2025-09-17T16:00:31Z,48.767838,2.066550,160.5,5.20,324.4,4.15,5
2025-09-17T16:00:32Z,48.767769,2.066584,161.7,1.72,324.4,2.52,6
2025-09-17T16:00:33Z,48.767707,2.066643,163.1,1.31,324.4,2.52,6
2025-09-17T16:00:34Z,48.767658,2.066678,164.6,2.80,324.4,2.52,6
2025-09-17T16:00:35Z,48.767606,2.066717,166.3,4.11,324.4,2.52,6
2025-09-17T16:00:36Z,48.767559,2.066754,168.0,5.07,324.4,2.53,5
2025-09-17T16:00:37Z,48.767509,2.066825,170.0,6.30,324.4,2.53,5
2025-09-17T16:00:38Z,48.767500,2.066852,170.2,6.22,324.4,4.45,4
2025-09-17T16:00:39Z,48.767493,2.066877,170.4,6.17,324.4,4.45,4
2025-09-17T16:00:40Z,48.767494,2.066890,170.5,5.63,324.4,4.45,4
2025-09-17T16:00:41Z,48.767475,2.066953,170.7,6.50,324.4,4.44,4
2025-09-17T16:00:42Z,48.767477,2.066970,170.8,6.24,324.4,4.44,4
2025-09-17T16:00:43Z,48.767460,2.066993,170.9,6.43,324.4,4.44,4
2025-09-17T16:00:44Z,48.767544,2.066810,168.7,4.13,324.4,1.93,5
2025-09-17T16:00:45Z,48.767612,2.066641,167.5,2.98,324.4,1.53,6
2025-09-17T16:00:46Z,48.767704,2.066454,165.6,2.22,324.4,1.17,7
2025-09-17T16:00:47Z,48.767747,2.066347,165.2,2.91,324.4,1.17,8
2025-09-17T16:00:48Z,48.767764,2.066314,165.6,2.35,324.4,1.14,8
2025-09-17T16:00:49Z,48.767792,2.066280,166.3,2.52,324.4,1.14,8
2025-09-17T16:00:50Z,48.767813,2.066271,167.2,0.46,324.4,1.14,8
2025-09-17T16:00:51Z,48.767825,2.066252,167.7,1.09,324.4,1.14,8
2025-09-17T16:00:52Z,48.767826,2.066246,168.2,0.91,324.4,1.83,7
2025-09-17T16:00:53Z,48.767824,2.066237,168.6,0.81,324.4,1.83,7
2025-09-17T16:00:54Z,48.767825,2.066229,168.8,0.61,324.4,1.83,7
2025-09-17T16:00:55Z,48.767823,2.066221,169.0,0.80,324.4,1.88,6
2025-09-17T16:00:56Z,48.767806,2.066211,168.6,2.07,324.4,1.09,8
2025-09-17T16:00:57Z,48.767789,2.066216,168.6,2.52,324.4,1.15,7
2025-09-17T16:00:58Z,48.767786,2.066208,168.7,1.89,324.4,1.14,8
2025-09-17T16:00:59Z,48.767786,2.066212,169.1,0.76,324.4,1.16,7
2025-09-17T16:01:00Z,48.767772,2.066213,168.9,1.24,324.4,1.16,7
2025-09-17T16:01:01Z,48.767761,2.066222,168.9,1.80,324.4,1.16,7
2025-09-17T16:01:02Z,48.767741,2.066225,168.4,2.43,324.4,1.14,8
2025-09-17T16:01:03Z,48.767736,2.066229,168.3,1.56,324.4,1.14,8
2025-09-17T16:01:04Z,48.767742,2.066239,168.0,0.69,324.4,1.14,8
2025-09-17T16:01:05Z,48.767741,2.066243,167.9,0.28,324.4,1.14,8
2025-09-17T16:01:06Z,48.767747,2.066252,168.0,0.57,324.4,1.83,7
2025-09-17T16:01:07Z,48.767755,2.066261,168.0,1.19,324.4,1.88,6
2025-09-17T16:01:08Z,48.767750,2.066270,168.2,0.83,324.4,1.88,6
2025-09-17T16:01:09Z,48.767745,2.066269,168.3,0.44,324.4,1.88,6
2025-09-17T16:01:10Z,48.767736,2.066276,168.3,1.35,324.4,1.88,6
2025-09-17T16:01:11Z,48.767730,2.066279,168.3,1.76,324.4,1.88,6
2025-09-17T16:01:12Z,48.767723,2.066283,168.3,1.91,324.4,1.88,6
2025-09-17T16:01:13Z,48.767708,2.066300,168.3,2.87,324.4,1.88,6
2025-09-17T16:01:14Z,48.767722,2.066313,168.3,1.78,324.4,1.22,7
2025-09-17T16:01:15Z,48.767740,2.066314,168.4,1.69,324.4,1.14,8
2025-09-17T16:01:16Z,48.767725,2.066315,168.3,1.00,324.4,1.14,8
2025-09-17T16:01:17Z,48.767735,2.066325,168.2,1.70,324.4,1.22,7
2025-09-17T16:01:18Z,48.767738,2.066342,168.0,2.35,324.4,1.22,7
2025-09-17T16:01:19Z,48.767745,2.066339,167.8,1.89,324.4,1.22,7
2025-09-17T16:01:20Z,48.767755,2.066337,167.7,2.02,324.4,1.88,6
2025-09-17T16:01:21Z,48.767764,2.066336,167.8,2.31,324.4,1.88,6
2025-09-17T16:01:22Z,48.767769,2.066348,167.9,2.52,324.4,1.88,6
2025-09-17T16:01:23Z,48.767782,2.066352,167.9,2.87,324.4,1.88,6
2025-09-17T16:01:24Z,48.767788,2.066359,168.2,2.98,324.4,2.60,5
2025-09-17T16:01:25Z,48.767792,2.066380,168.5,3.46,324.4,10.44,4
2025-09-17T16:01:26Z,48.767792,2.066401,168.8,3.69,324.4,10.45,4
2025-09-17T16:01:27Z,48.767788,2.066421,169.1,3.72,324.4,10.46,4
2025-09-17T16:01:28Z,48.767790,2.066438,169.5,3.82,324.4,10.47,4
2025-09-17T16:01:29Z,48.767791,2.066439,167.1,2.96,324.4,4.31,3
2025-09-17T16:01:30Z,48.767790,2.066435,167.0,2.19,324.4,4.31,3
2025-09-17T16:01:31Z,48.767784,2.066429,166.9,1.43,324.4,4.31,3
2025-09-17T16:01:32Z,48.767787,2.066433,167.0,1.43,324.4,4.51,5
2025-09-17T16:01:33Z,48.767792,2.066434,167.1,1.57,324.4,4.50,5
2025-09-17T16:01:34Z,48.767806,2.066442,167.2,1.87,324.4,4.50,5
2025-09-17T16:01:35Z,48.767825,2.066445,167.3,2.30,324.4,4.49,5
2025-09-17T16:01:36Z,48.767845,2.066447,167.3,2.76,324.4,4.49,5
2025-09-17T16:01:37Z,48.767871,2.066454,167.4,3.17,324.4,4.48,5
2025-09-17T16:01:38Z,48.767902,2.066462,167.6,3.70,324.4,4.48,5
2025-09-17T16:01:39Z,48.767936,2.066467,167.7,4.28,324.4,4.48,5
2025-09-17T16:01:40Z,48.767956,2.066474,167.8,4.26,324.4,4.47,5
2025-09-17T16:01:41Z,48.767976,2.066478,167.9,4.26,324.4,4.47,5
2025-09-17T16:01:42Z,48.767897,2.066544,166.2,2.09,324.4,1.83,7
2025-09-17T16:01:43Z,48.767924,2.066534,166.3,2.89,324.4,3.10,6
2025-09-17T16:01:44Z,48.767944,2.066518,166.5,3.67,324.4,3.10,6
2025-09-17T16:01:45Z,48.767860,2.066490,165.5,3.74,324.4,1.23,7
2025-09-17T16:01:46Z,48.767787,2.066478,165.1,3.41,324.4,1.34,6
2025-09-17T16:01:47Z,48.767778,2.066468,164.9,3.94,324.4,1.34,6
2025-09-17T16:01:48Z,48.767742,2.066454,164.7,4.06,324.4,1.34,6
2025-09-17T16:01:49Z,48.767704,2.066446,164.6,4.15,324.4,1.34,6
2025-09-17T16:01:50Z,48.767695,2.066425,164.7,4.07,324.4,1.26,7
2025-09-17T16:01:51Z,48.767673,2.066434,165.1,3.15,324.4,1.14,8
2025-09-17T16:01:52Z,48.767655,2.066435,165.4,2.87,324.4,1.14,8
2025-09-17T16:01:53Z,48.767633,2.066438,165.6,2.54,324.4,1.14,8
2025-09-17T16:01:54Z,48.767621,2.066444,165.6,1.52,324.4,1.26,8
2025-09-17T16:01:55Z,48.767613,2.066455,165.7,0.43,324.4,1.26,8
2025-09-17T16:01:56Z,48.767599,2.066458,166.0,0.96,324.4,1.14,8
2025-09-17T16:01:57Z,48.767587,2.066445,166.4,2.39,324.4,1.14,8
2025-09-17T16:01:58Z,48.767582,2.066453,166.8,1.46,324.4,1.14,8
2025-09-17T16:01:59Z,48.767570,2.066460,167.4,1.07,324.4,1.14,8
2025-09-17T16:02:00Z,48.767559,2.066461,168.0,1.35,324.4,1.23,7
2025-09-17T16:02:01Z,48.767545,2.066452,168.5,1.91,324.4,1.28,6
2025-09-17T16:02:02Z,48.767535,2.066453,169.1,1.63,324.4,1.23,7
2025-09-17T16:02:03Z,48.767533,2.066458,170.0,1.50,324.4,1.23,7
2025-09-17T16:02:04Z,48.767524,2.066488,170.7,0.74,324.4,1.14,8
2025-09-17T16:02:05Z,48.767509,2.066494,171.2,0.63,324.4,1.14,8
2025-09-17T16:02:06Z,48.767497,2.066497,172.1,0.59,324.4,1.23,8
2025-09-17T16:02:07Z,48.767496,2.066498,172.6,1.41,324.4,1.28,7
2025-09-17T16:02:08Z,48.767495,2.066516,173.0,0.31,324.4,1.28,7
2025-09-17T16:02:09Z,48.767494,2.066530,173.4,0.56,324.4,1.28,7
2025-09-17T16:02:10Z,48.767497,2.066528,173.7,0.41,324.4,1.28,7
2025-09-17T16:02:11Z,48.767499,2.066533,174.0,0.41,324.4,1.28,7
2025-09-17T16:02:12Z,48.767505,2.066537,173.9,1.06,324.4,1.14,8
2025-09-17T16:02:13Z,48.767508,2.066563,173.8,1.02,324.4,1.14,8
2025-09-17T16:02:14Z,48.767516,2.066583,173.8,1.61,324.4,1.14,8
2025-09-17T16:02:15Z,48.767522,2.066601,173.8,1.96,324.4,1.14,8
2025-09-17T16:02:16Z,48.767537,2.066627,173.8,2.98,324.4,1.14,8
2025-09-17T16:02:17Z,48.767539,2.066644,173.7,2.98,324.4,1.14,8
2025-09-17T16:02:18Z,48.767547,2.066663,173.6,3.06,324.4,1.14,8
2025-09-17T16:02:19Z,48.767550,2.066659,173.6,0.98,324.4,1.14,8
2025-09-17T16:02:20Z,48.767553,2.066660,173.3,0.81,324.4,1.26,8
2025-09-17T16:02:21Z,48.767551,2.066659,173.2,1.26,324.4,1.29,6
2025-09-17T16:02:22Z,48.767558,2.066673,173.1,1.52,324.4,1.29,6
2025-09-17T16:02:23Z,48.767574,2.066673,173.0,1.17,324.4,1.29,6
2025-09-17T16:02:24Z,48.767585,2.066671,172.7,1.19,324.4,1.16,7
2025-09-17T16:02:25Z,48.767579,2.066676,172.5,0.26,324.4,1.20,7
2025-09-17T16:02:26Z,48.767578,2.066679,172.5,0.37,324.4,1.20,7
2025-09-17T16:02:27Z,48.767579,2.066681,172.6,0.44,324.4,1.14,8
2025-09-17T16:02:28Z,48.767578,2.066683,172.9,0.37,324.4,1.14,8
2025-09-17T16:02:29Z,48.767576,2.066682,173.0,0.91,324.4,1.14,8
2025-09-17T16:02:30Z,48.767573,2.066680,173.2,1.41,324.4,1.14,8
2025-09-17T16:02:31Z,48.767573,2.066683,173.4,0.63,324.4,1.23,7
2025-09-17T16:02:32Z,48.767582,2.066674,173.5,1.43,324.4,1.28,6
2025-09-17T16:02:33Z,48.767576,2.066678,173.6,0.80,324.4,1.28,6
2025-09-17T16:02:34Z,48.767573,2.066684,173.7,0.80,324.4,1.28,6
2025-09-17T16:02:35Z,48.767580,2.066689,173.8,0.37,324.4,1.28,6
2025-09-17T16:02:36Z,48.767579,2.066690,173.8,0.31,324.4,1.23,7
2025-09-17T16:02:37Z,48.767588,2.066671,173.7,1.72,324.4,1.23,7
2025-09-17T16:02:38Z,48.767598,2.066644,174.2,3.00,324.4,1.14,8
2025-09-17T16:02:39Z,48.767601,2.066618,175.0,3.43,324.4,1.14,8
2025-09-17T16:02:40Z,48.767602,2.066618,175.0,2.48,324.4,1.23,7
2025-09-17T16:02:41Z,48.767597,2.066623,175.0,1.22,324.4,1.23,7
2025-09-17T16:02:42Z,48.767588,2.066625,175.1,1.11,324.4,1.23,7
2025-09-17T16:02:43Z,48.767574,2.066647,175.6,1.48,324.4,1.32,6
2025-09-17T16:02:44Z,48.767567,2.066669,175.7,2.56,324.4,1.32,6
2025-09-17T16:02:45Z,48.767569,2.066663,175.6,1.13,324.4,1.32,6
2025-09-17T16:02:46Z,48.767571,2.066664,175.5,0.72,324.4,1.32,6
2025-09-17T16:02:47Z,48.767574,2.066658,175.6,0.19,324.4,1.32,6
2025-09-17T16:02:48Z,48.767568,2.066662,175.5,0.89,324.4,1.32,6
2025-09-17T16:02:49Z,48.767569,2.066684,175.4,1.41,324.4,1.32,6
2025-09-17T16:02:50Z,48.767552,2.066719,175.6,3.59,324.4,1.23,7
2025-09-17T16:02:51Z,48.767553,2.066712,176.0,2.44,324.4,1.50,7
2025-09-17T16:02:52Z,48.767545,2.066716,176.2,2.56,324.4,1.76,6
2025-09-17T16:02:53Z,48.767553,2.066714,176.3,1.33,324.4,1.76,6
2025-09-17T16:02:54Z,48.767559,2.066695,176.5,0.46,324.4,1.76,6
2025-09-17T16:02:55Z,48.767556,2.066696,176.6,0.44,324.4,1.76,6
2025-09-17T16:02:56Z,48.767552,2.066687,176.6,0.78,324.4,1.76,6
2025-09-17T16:02:57Z,48.767552,2.066677,176.9,0.83,324.4,1.76,6
2025-09-17T16:02:58Z,48.767542,2.066673,177.0,1.61,324.4,1.76,6
2025-09-17T16:02:59Z,48.767544,2.066677,177.1,0.80,324.4,1.93,4
2025-09-17T16:03:00Z,48.767552,2.066668,177.2,0.28,324.4,1.58,5
2025-09-17T16:03:01Z,48.767534,2.066649,177.7,2.04,324.4,1.58,5
2025-09-17T16:03:02Z,48.767538,2.066630,177.8,2.22,324.4,1.50,7
2025-09-17T16:03:03Z,48.767539,2.066616,178.1,2.56,324.4,1.50,7
2025-09-17T16:03:04Z,48.767535,2.066609,178.2,2.56,324.4,1.50,7
2025-09-17T16:03:05Z,48.767531,2.066599,178.7,2.78,324.4,1.50,7
2025-09-17T16:03:06Z,48.767539,2.066605,179.0,1.17,324.4,1.50,7
2025-09-17T16:03:07Z,48.767544,2.066601,179.4,1.61,324.4,1.52,6
2025-09-17T16:03:08Z,48.767541,2.066606,179.7,0.89,324.4,1.52,6
2025-09-17T16:03:09Z,48.767544,2.066614,180.2,1.30,324.4,1.52,6
2025-09-17T16:03:10Z,48.767550,2.066614,180.6,2.02,324.4,1.91,5
2025-09-17T16:03:11Z,48.767548,2.066609,180.8,2.06,324.4,1.86,6
2025-09-17T16:03:12Z,48.767532,2.066601,181.0,0.78,324.4,1.86,6
2025-09-17T16:03:13Z,48.767524,2.066592,181.3,0.87,324.4,2.16,5
2025-09-17T16:03:14Z,48.767507,2.066583,181.6,1.39,324.4,1.86,6
2025-09-17T16:03:15Z,48.767487,2.066571,182.1,2.44,324.4,1.86,6
2025-09-17T16:03:16Z,48.767495,2.066563,178.4,1.76,324.4,3.86,4
2025-09-17T16:03:17Z,48.767489,2.066550,176.1,2.39,324.4,3.45,4
2025-09-17T16:03:18Z,48.767474,2.066544,175.4,3.07,324.4,3.45,4
2025-09-17T16:03:19Z,48.767479,2.066527,174.5,2.78,324.4,3.45,4
2025-09-17T16:03:20Z,48.767448,2.066526,173.6,4.22,324.4,3.45,4
2025-09-17T16:03:21Z,48.767422,2.066516,173.4,5.35,324.4,3.45,4
2025-09-17T16:03:22Z,48.767443,2.066492,173.4,3.72,324.4,1.51,6
2025-09-17T16:03:23Z,48.767451,2.066486,173.0,2.48,324.4,1.51,6
2025-09-17T16:03:24Z,48.767452,2.066470,173.0,2.50,324.4,1.50,7
2025-09-17T16:03:25Z,48.767444,2.066455,172.9,2.78,324.4,2.01,6
2025-09-17T16:03:26Z,48.767435,2.066448,172.7,2.67,324.4,1.86,6
2025-09-17T16:03:27Z,48.767437,2.066442,172.7,2.04,324.4,1.86,6
2025-09-17T16:03:28Z,48.767478,2.066428,172.7,1.43,324.4,1.31,6
2025-09-17T16:03:29Z,48.767484,2.066412,172.6,1.19,324.4,1.31,6
2025-09-17T16:03:30Z,48.767465,2.066396,172.5,1.44,324.4,1.31,6
2025-09-17T16:03:31Z,48.767458,2.066412,172.3,1.61,324.4,2.56,3
2025-09-17T16:03:32Z,48.767449,2.066432,172.2,2.46,324.4,2.56,3
2025-09-17T16:03:33Z,48.767440,2.066459,172.2,3.41,324.4,2.57,3
2025-09-17T16:03:34Z,48.767432,2.066475,172.1,3.80,324.4,2.21,4
2025-09-17T16:03:35Z,48.767432,2.066494,172.0,3.82,324.4,2.21,4
2025-09-17T16:03:36Z,48.767428,2.066506,172.0,3.39,324.4,1.91,5
2025-09-17T16:03:37Z,48.767422,2.066529,171.9,4.04,324.4,1.91,5
2025-09-17T16:03:38Z,48.767422,2.066559,171.5,4.89,324.4,2.16,5
2025-09-17T16:03:39Z,48.767420,2.066577,171.3,4.74,324.4,2.16,5
2025-09-17T16:03:40Z,48.767416,2.066590,171.1,4.93,324.4,2.44,4
2025-09-17T16:03:41Z,48.767406,2.066581,171.2,3.78,324.4,2.44,4
2025-09-17T16:03:42Z,48.767410,2.066568,170.8,2.89,324.4,2.12,5
2025-09-17T16:03:43Z,48.767340,2.066648,171.4,7.37,89.9,1.62,6
2025-09-17T16:03:44Z,48.767298,2.066709,171.6,9.56,114.8,1.62,6
2025-09-17T16:03:45Z,48.767296,2.066715,171.3,9.22,122.0,2.12,5
2025-09-17T16:03:46Z,48.767292,2.066707,171.1,8.41,127.5,2.12,5
2025-09-17T16:03:47Z,48.767293,2.066694,170.9,6.95,132.4,1.76,6
2025-09-17T16:03:48Z,48.767288,2.066702,170.4,7.24,137.0,1.76,6
2025-09-17T16:03:49Z,48.767298,2.066724,169.9,7.13,134.1,1.76,6
2025-09-17T16:03:50Z,48.767298,2.066706,169.7,6.57,134.1,2.11,5
2025-09-17T16:03:51Z,48.767288,2.066686,169.7,6.35,134.1,3.29,4
2025-09-17T16:03:52Z,48.767265,2.066682,169.3,7.41,151.0,1.76,6
2025-09-17T16:03:53Z,48.767257,2.066721,168.7,8.45,152.9,1.76,6
2025-09-17T16:03:54Z,48.767269,2.066784,167.9,9.43,142.5,1.76,6
2025-09-17T16:03:55Z,48.767291,2.066783,167.8,7.70,135.2,2.11,6
2025-09-17T16:03:56Z,48.767301,2.066785,167.8,6.61,135.2,2.44,4
2025-09-17T16:03:57Z,48.767301,2.066781,167.8,5.93,135.2,2.44,4
2025-09-17T16:03:58Z,48.767310,2.066772,167.9,4.78,135.2,2.44,4
2025-09-17T16:03:59Z,48.767309,2.066762,167.9,4.15,135.2,2.44,4
2025-09-17T16:04:00Z,48.767308,2.066765,167.9,4.22,135.2,3.55,3
2025-09-17T16:04:01Z,48.767344,2.066801,167.3,3.83,135.2,1.42,5
2025-09-17T16:04:02Z,48.767387,2.066826,166.7,3.85,135.2,1.60,5
2025-09-17T16:04:03Z,48.767399,2.066944,165.2,6.15,135.2,1.51,6
2025-09-17T16:04:04Z,48.767417,2.067046,163.9,7.93,115.1,1.51,6
2025-09-17T16:04:05Z,48.767438,2.067147,162.6,9.56,101.6,1.51,6
2025-09-17T16:04:06Z,48.767451,2.067238,161.3,10.17,96.8,1.51,6
2025-09-17T16:04:07Z,48.767447,2.067219,160.8,7.69,100.2,1.60,5
2025-09-17T16:04:08Z,48.767433,2.067121,161.3,4.43,100.2,1.45,7
2025-09-17T16:04:09Z,48.767435,2.067040,162.0,2.43,100.2,1.54,6
2025-09-17T16:04:10Z,48.767453,2.067003,161.7,0.61,100.2,2.11,5
2025-09-17T16:04:11Z,48.767451,2.066962,161.5,1.83,100.2,2.11,5
2025-09-17T16:04:12Z,48.767461,2.066920,161.4,2.30,100.2,2.11,5
2025-09-17T16:04:13Z,48.767456,2.066936,160.8,1.67,100.2,1.75,6
2025-09-17T16:04:14Z,48.767467,2.066931,160.2,1.81,100.2,1.75,7
2025-09-17T16:04:15Z,48.767463,2.066930,159.6,1.80,100.2,1.87,6
2025-09-17T16:04:16Z,48.767474,2.066930,159.0,2.04,100.2,1.75,6
2025-09-17T16:04:17Z,48.767478,2.066936,158.6,1.50,100.2,1.75,6
2025-09-17T16:04:18Z,48.767482,2.066955,158.1,0.13,100.2,1.75,6
2025-09-17T16:04:19Z,48.767491,2.066956,157.8,0.76,100.2,1.75,6
2025-09-17T16:04:20Z,48.767506,2.066943,157.5,1.33,100.2,1.75,6
2025-09-17T16:04:21Z,48.767518,2.066940,157.1,1.96,100.2,1.75,6
2025-09-17T16:04:22Z,48.767523,2.066920,156.8,1.33,100.2,2.10,5
2025-09-17T16:04:23Z,48.767521,2.066915,156.7,1.19,100.2,1.62,6
2025-09-17T16:04:24Z,48.767523,2.066901,156.6,0.78,100.2,1.62,6
2025-09-17T16:04:25Z,48.767500,2.066902,156.4,1.96,100.2,1.70,5
2025-09-17T16:04:26Z,48.767501,2.066900,156.2,1.30,100.2,2.43,4
2025-09-17T16:04:27Z,48.767491,2.066905,156.0,2.06,100.2,2.43,4
2025-09-17T16:04:28Z,48.767444,2.066947,156.3,5.48,100.2,1.70,5
2025-09-17T16:04:29Z,48.767419,2.066955,156.3,4.98,100.2,1.73,5
2025-09-17T16:04:30Z,48.767387,2.066989,156.0,5.94,100.2,1.34,6
2025-09-17T16:04:31Z,48.767378,2.066994,155.9,4.13,100.2,1.34,6
2025-09-17T16:04:32Z,48.767374,2.067010,155.5,3.04,100.2,1.34,6
2025-09-17T16:04:33Z,48.767357,2.067039,155.4,3.93,100.2,1.34,6
2025-09-17T16:04:34Z,48.767329,2.067075,155.3,4.83,100.2,1.46,5
2025-09-17T16:04:35Z,48.767299,2.067111,155.2,5.57,120.2,1.46,5
2025-09-17T16:04:36Z,48.767305,2.067117,154.9,3.26,120.2,1.30,6
2025-09-17T16:04:37Z,48.767306,2.067124,154.5,2.83,120.2,1.30,6
2025-09-17T16:04:38Z,48.767319,2.067124,154.5,2.26,120.2,1.20,7
2025-09-17T16:04:39Z,48.767342,2.067092,154.4,0.30,120.2,1.14,8
2025-09-17T16:04:40Z,48.767361,2.067067,154.2,1.65,120.2,1.14,8
2025-09-17T16:04:41Z,48.767377,2.067049,154.0,2.24,120.2,1.14,8
2025-09-17T16:04:42Z,48.767390,2.067026,154.0,2.72,120.2,1.22,7
2025-09-17T16:04:43Z,48.767395,2.067018,154.1,2.37,120.2,1.73,5
2025-09-17T16:04:44Z,48.767400,2.067008,154.4,2.30,120.2,1.73,5
2025-09-17T16:04:45Z,48.767400,2.066992,154.5,2.31,120.2,1.73,5
2025-09-17T16:04:46Z,48.767395,2.066980,154.8,1.83,120.2,1.73,5
2025-09-17T16:04:47Z,48.767392,2.066965,155.0,2.04,120.2,1.73,5
2025-09-17T16:04:48Z,48.767387,2.066952,155.3,2.09,120.2,1.73,5
2025-09-17T16:04:49Z,48.767390,2.066945,155.6,1.54,120.2,1.31,6
2025-09-17T16:04:50Z,48.767383,2.066934,156.0,1.72,120.2,1.31,6
2025-09-17T16:04:51Z,48.767384,2.066918,156.3,1.76,120.2,1.31,6
2025-09-17T16:04:52Z,48.767388,2.066905,156.8,1.19,120.2,1.22,8
2025-09-17T16:04:53Z,48.767393,2.066860,157.7,2.17,120.2,1.14,8
2025-09-17T16:04:54Z,48.767397,2.066830,158.4,2.37,120.2,1.26,7
2025-09-17T16:04:55Z,48.767405,2.066797,158.9,2.74,120.2,1.26,7
2025-09-17T16:04:56Z,48.767410,2.066773,159.5,2.63,120.2,1.14,8
2025-09-17T16:04:57Z,48.767414,2.066744,160.3,3.35,120.2,1.07,9
2025-09-17T16:04:58Z,48.767410,2.066746,160.5,1.69,120.2,1.07,9
2025-09-17T16:04:59Z,48.767412,2.066759,160.7,0.31,120.2,1.07,9
2025-09-17T16:05:00Z,48.767416,2.066753,161.0,0.78,120.2,1.20,7
2025-09-17T16:05:01Z,48.767406,2.066749,161.2,1.43,120.2,1.20,7
2025-09-17T16:05:02Z,48.767400,2.066752,161.5,1.50,120.2,1.07,9
2025-09-17T16:05:03Z,48.767395,2.066756,161.9,1.63,120.2,1.07,9
2025-09-17T16:05:04Z,48.767393,2.066759,162.2,1.44,120.2,1.14,8
2025-09-17T16:05:05Z,48.767393,2.066762,162.3,1.63,120.2,1.14,8
2025-09-17T16:05:06Z,48.767399,2.066769,162.5,1.19,120.2,1.14,8
2025-09-17T16:05:07Z,48.767407,2.066776,162.4,1.57,120.2,1.14,8
2025-09-17T16:05:08Z,48.767410,2.066787,161.9,1.85,120.2,1.22,7
2025-09-17T16:05:09Z,48.767418,2.066783,161.8,2.33,120.2,1.22,7
2025-09-17T16:05:10Z,48.767427,2.066780,161.7,3.30,120.2,1.22,7
2025-09-17T16:05:11Z,48.767434,2.066771,161.7,3.30,120.2,1.34,6
2025-09-17T16:05:12Z,48.767442,2.066761,161.8,3.59,120.2,1.34,6
2025-09-17T16:05:13Z,48.767441,2.066737,163.3,3.83,120.2,1.13,7
2025-09-17T16:05:14Z,48.767450,2.066697,165.1,6.48,16.0,1.07,9
2025-09-17T16:05:15Z,48.767452,2.066664,167.2,6.83,337.2,1.10,8
2025-09-17T16:05:16Z,48.767443,2.066658,168.4,4.69,337.2,1.07,9
2025-09-17T16:05:17Z,48.767488,2.066688,169.1,4.33,322.2,1.40,8
2025-09-17T16:05:18Z,48.767482,2.066712,169.3,3.94,313.6,1.40,8
2025-09-17T16:05:19Z,48.767504,2.066744,167.0,5.91,310.5,1.48,7
2025-09-17T16:05:20Z,48.767500,2.066774,171.3,3.89,307.2,1.48,7
2025-09-17T16:05:21Z,48.767505,2.066784,170.8,2.69,303.0,1.48,7
2025-09-17T16:05:22Z,48.767506,2.066800,171.4,3.59,307.2,1.40,9
2025-09-17T16:05:23Z,48.767509,2.066796,171.0,3.67,297.4,1.40,9
2025-09-17T16:05:24Z,48.767508,2.066809,171.5,2.17,302.4,1.40,9
2025-09-17T16:05:25Z,48.767486,2.066848,173.9,2.63,302.4,1.40,9
2025-09-17T16:05:26Z,48.767474,2.066872,175.9,2.30,17.6,1.07,9
2025-09-17T16:05:27Z,48.767460,2.066888,179.4,1.06,17.6,1.07,9
2025-09-17T16:05:28Z,48.767454,2.066899,181.8,2.59,62.0,1.07,9
2025-09-17T16:05:29Z,48.767449,2.066913,183.6,2.52,89.5,1.07,9
2025-09-17T16:05:30Z,48.767444,2.066927,184.7,2.85,103.4,1.07,9
2025-09-17T16:05:31Z,48.767441,2.066941,185.0,3.32,104.7,1.13,8
2025-09-17T16:05:32Z,48.767438,2.066953,185.4,2.89,100.1,1.13,8
2025-09-17T16:05:33Z,48.767437,2.066954,185.5,0.74,100.1,1.13,8
2025-09-17T16:05:34Z,48.767432,2.066947,185.1,2.54,100.1,1.13,8
2025-09-17T16:05:35Z,48.767427,2.066947,184.6,1.91,193.5,1.07,9
2025-09-17T16:05:36Z,48.767431,2.066957,183.6,0.37,193.5,1.07,9
2025-09-17T16:05:37Z,48.767432,2.066968,183.9,2.82,120.9,1.07,9
2025-09-17T16:05:38Z,48.767429,2.066978,183.8,2.70,87.2,1.13,8
2025-09-17T16:05:39Z,48.767425,2.066982,183.1,1.72,75.8,1.13,8
2025-09-17T16:05:40Z,48.767418,2.066992,182.0,0.67,75.8,1.13,8
2025-09-17T16:05:41Z,48.767412,2.067001,180.7,0.46,75.8,1.07,9
2025-09-17T16:05:42Z,48.767410,2.067011,179.7,0.39,75.8,1.07,9
2025-09-17T16:05:43Z,48.767410,2.067021,178.8,0.39,75.8,1.07,9
2025-09-17T16:05:44Z,48.767416,2.067028,177.9,0.83,75.8,1.07,9
2025-09-17T16:05:45Z,48.767420,2.067037,177.0,0.70,75.8,1.07,9
2025-09-17T16:05:46Z,48.767420,2.067045,176.5,0.78,75.8,1.07,9
2025-09-17T16:05:47Z,48.767417,2.067047,176.6,0.72,75.8,1.14,9
2025-09-17T16:05:48Z,48.767411,2.067044,176.5,1.98,133.0,1.14,8
2025-09-17T16:05:49Z,48.767407,2.067043,176.3,0.44,133.0,1.14,8
2025-09-17T16:05:50Z,48.767404,2.067042,176.1,0.61,133.0,1.14,8
2025-09-17T16:05:51Z,48.767401,2.067044,175.9,0.41,133.0,1.14,8
2025-09-17T16:05:52Z,48.767400,2.067045,176.0,0.52,133.0,1.13,8
2025-09-17T16:05:53Z,48.767398,2.067047,175.8,0.17,133.0,1.13,8
2025-09-17T16:05:54Z,48.767396,2.067048,175.2,0.15,133.0,1.13,8
2025-09-17T16:05:55Z,48.767395,2.067049,175.3,0.26,133.0,1.13,8
2025-09-17T16:05:56Z,48.767395,2.067051,175.2,0.17,133.0,1.21,8
2025-09-17T16:05:57Z,48.767395,2.067055,174.7,0.06,133.0,1.13,8
2025-09-17T16:05:58Z,48.767393,2.067057,174.8,0.54,133.0,1.13,8
2025-09-17T16:05:59Z,48.767392,2.067060,174.5,1.02,133.0,1.13,8
2025-09-17T16:06:00Z,48.767392,2.067060,174.3,0.57,133.0,1.13,8
2025-09-17T16:06:01Z,48.767391,2.067061,174.0,0.46,133.0,1.13,9
2025-09-17T16:06:02Z,48.767391,2.067064,173.6,0.76,133.0,1.13,8
2025-09-17T16:06:03Z,48.767391,2.067065,173.5,0.15,133.0,1.13,8
2025-09-17T16:06:04Z,48.767394,2.067070,173.2,1.17,133.0,1.13,8
2025-09-17T16:06:05Z,48.767395,2.067075,172.9,0.13,133.0,1.13,8
2025-09-17T16:06:06Z,48.767395,2.067079,172.6,0.17,133.0,1.13,8
2025-09-17T16:06:07Z,48.767396,2.067081,172.5,0.06,133.0,1.13,8
2025-09-17T16:06:08Z,48.767397,2.067084,172.3,0.11,133.0,1.13,8
2025-09-17T16:06:09Z,48.767398,2.067084,172.3,0.43,133.0,1.07,9
2025-09-17T16:06:10Z,48.767400,2.067084,172.1,0.22,133.0,1.13,8
2025-09-17T16:06:11Z,48.767398,2.067086,171.8,1.15,162.6,1.13,8
2025-09-17T16:06:12Z,48.767398,2.067085,171.4,0.57,162.6,1.13,8
2025-09-17T16:06:13Z,48.767398,2.067085,171.4,0.44,162.6,1.13,8
2025-09-17T16:06:14Z,48.767398,2.067086,171.1,0.22,162.6,1.13,8
2025-09-17T16:06:15Z,48.767398,2.067085,170.9,0.07,162.6,1.13,8
2025-09-17T16:06:16Z,48.767397,2.067087,171.0,0.04,162.6,1.13,8
2025-09-17T16:06:17Z,48.767396,2.067089,170.8,0.46,162.6,1.13,8
2025-09-17T16:06:18Z,48.767396,2.067091,170.5,0.46,162.6,1.13,8
2025-09-17T16:06:19Z,48.767394,2.067091,170.3,0.17,162.6,1.13,8
2025-09-17T16:06:20Z,48.767393,2.067090,170.1,0.26,162.6,1.13,8
2025-09-17T16:06:21Z,48.767395,2.067093,169.7,1.41,162.6,1.13,8
2025-09-17T16:06:22Z,48.767394,2.067094,169.6,0.33,162.6,1.13,9
2025-09-17T16:06:23Z,48.767394,2.067095,169.4,0.26,162.6,1.07,9
2025-09-17T16:06:24Z,48.767394,2.067095,169.4,0.26,162.6,1.13,8
2025-09-17T16:06:25Z,48.767393,2.067097,169.3,0.11,162.6,1.13,8
2025-09-17T16:06:26Z,48.767393,2.067099,168.9,0.11,162.6,1.13,8
2025-09-17T16:06:27Z,48.767392,2.067102,168.7,0.04,162.6,1.13,8
2025-09-17T16:06:28Z,48.767392,2.067103,168.6,0.02,162.6,1.20,7
2025-09-17T16:06:29Z,48.767391,2.067104,168.5,0.22,162.6,1.20,7
2025-09-17T16:06:30Z,48.767392,2.067105,168.4,0.33,162.6,1.13,8
2025-09-17T16:06:31Z,48.767392,2.067106,168.5,0.09,162.6,1.13,8
2025-09-17T16:06:32Z,48.767392,2.067107,168.4,0.26,162.6,1.13,8
2025-09-17T16:06:33Z,48.767392,2.067107,168.4,0.15,162.6,1.13,8
2025-09-17T16:06:34Z,48.767392,2.067108,168.3,0.04,162.6,1.13,8
2025-09-17T16:06:35Z,48.767391,2.067108,168.2,0.06,162.6,1.13,8
2025-09-17T16:06:36Z,48.767392,2.067109,168.2,0.19,162.6,1.22,7
2025-09-17T16:06:37Z,48.767390,2.067112,167.8,0.39,162.6,1.13,8
2025-09-17T16:06:38Z,48.767389,2.067110,167.7,0.11,162.6,1.13,8
2025-09-17T16:06:39Z,48.767386,2.067112,167.4,0.09,162.6,1.13,8
2025-09-17T16:06:40Z,48.767385,2.067110,167.0,0.15,162.6,1.22,7
2025-09-17T16:06:41Z,48.767386,2.067111,166.8,0.07,162.6,1.13,8
2025-09-17T16:06:42Z,48.767386,2.067110,166.9,0.63,162.6,1.13,8
2025-09-17T16:06:43Z,48.767385,2.067109,166.7,0.31,162.6,1.13,8
2025-09-17T16:06:44Z,48.767384,2.067112,166.8,0.28,162.6,1.13,8
2025-09-17T16:06:45Z,48.767384,2.067113,166.5,0.04,162.6,1.13,8
2025-09-17T16:06:46Z,48.767384,2.067114,166.3,0.15,162.6,1.13,8
2025-09-17T16:06:47Z,48.767384,2.067115,166.0,0.07,162.6,1.13,8
2025-09-17T16:06:48Z,48.767385,2.067115,165.7,0.15,162.6,1.13,8
2025-09-17T16:06:49Z,48.767385,2.067117,165.6,0.11,162.6,1.13,8
2025-09-17T16:06:50Z,48.767385,2.067120,165.7,0.28,162.6,1.13,8
2025-09-17T16:06:51Z,48.767386,2.067121,165.6,0.11,162.6,1.13,8
2025-09-17T16:06:52Z,48.767385,2.067122,165.4,0.50,162.6,1.80,8
2025-09-17T16:06:53Z,48.767384,2.067123,165.5,0.11,162.6,1.13,8
2025-09-17T16:06:54Z,48.767384,2.067123,165.4,0.19,162.6,1.13,8
2025-09-17T16:06:55Z,48.767382,2.067122,165.3,1.13,162.6,1.13,8
2025-09-17T16:06:56Z,48.767381,2.067123,165.2,0.50,162.6,1.13,8
2025-09-17T16:06:57Z,48.767381,2.067122,165.2,0.37,162.6,1.13,8
2025-09-17T16:06:58Z,48.767379,2.067123,165.1,0.69,162.6,1.13,8
2025-09-17T16:06:59Z,48.767381,2.067122,165.5,0.15,162.6,1.13,8
2025-09-17T16:07:00Z,48.767381,2.067124,165.7,0.50,162.6,1.13,8
2025-09-17T16:07:01Z,48.767380,2.067125,165.6,0.04,162.6,1.13,8
2025-09-17T16:07:02Z,48.767379,2.067125,165.5,0.07,162.6,1.13,8
2025-09-17T16:07:03Z,48.767378,2.067124,165.3,0.09,162.6,1.13,8
2025-09-17T16:07:04Z,48.767379,2.067124,165.2,0.04,162.6,1.07,9
2025-09-17T16:07:05Z,48.767379,2.067124,165.5,0.24,162.6,1.07,9
2025-09-17T16:07:06Z,48.767376,2.067120,165.2,1.43,162.6,1.13,8
2025-09-17T16:07:07Z,48.767373,2.067119,164.8,0.37,162.6,1.13,8
2025-09-17T16:07:08Z,48.767370,2.067119,164.5,0.30,162.6,1.13,8
2025-09-17T16:07:09Z,48.767368,2.067118,164.3,0.07,162.6,1.07,9
2025-09-17T16:07:10Z,48.767368,2.067118,164.1,0.02,162.6,1.07,9
2025-09-17T16:07:11Z,48.767367,2.067118,164.0,0.22,162.6,1.07,9
2025-09-17T16:07:12Z,48.767364,2.067114,164.1,1.50,196.3,1.07,9
2025-09-17T16:07:13Z,48.767364,2.067111,164.2,0.20,196.3,1.13,9
2025-09-17T16:07:14Z,48.767369,2.067110,164.1,2.20,297.7,1.13,9
2025-09-17T16:07:15Z,48.767371,2.067109,164.2,0.56,297.7,1.07,9
2025-09-17T16:07:16Z,48.767371,2.067110,164.1,0.28,297.7,1.13,8
2025-09-17T16:07:17Z,48.767372,2.067110,163.8,0.19,297.7,1.13,8
2025-09-17T16:07:18Z,48.767372,2.067112,163.8,0.11,297.7,1.13,8
2025-09-17T16:07:19Z,48.767373,2.067112,163.8,0.06,297.7,1.13,8
2025-09-17T16:07:20Z,48.767374,2.067112,163.6,0.04,297.7,1.13,8
2025-09-17T16:07:21Z,48.767375,2.067112,163.6,0.04,297.7,1.07,9
2025-09-17T16:07:22Z,48.767375,2.067112,163.6,0.04,297.7,1.07,9
2025-09-17T16:07:23Z,48.767375,2.067112,163.5,0.07,297.7,1.07,9
2025-09-17T16:07:24Z,48.767375,2.067112,163.5,0.13,297.7,1.07,9
2025-09-17T16:07:25Z,48.767375,2.067112,163.5,0.09,297.7,1.07,9
2025-09-17T16:07:26Z,48.767376,2.067112,163.4,0.02,297.7,1.76,9
2025-09-17T16:07:27Z,48.767376,2.067112,163.3,0.11,297.7,1.07,9
2025-09-17T16:07:28Z,48.767376,2.067111,163.3,0.13,297.7,1.76,9
2025-09-17T16:07:29Z,48.767376,2.067110,163.3,0.09,297.7,1.07,9
2025-09-17T16:07:30Z,48.767376,2.067109,163.2,0.06,297.7,1.76,9
2025-09-17T16:07:31Z,48.767377,2.067108,163.1,0.24,297.7,1.07,9
2025-09-17T16:07:32Z,48.767377,2.067108,163.1,0.26,297.7,1.13,8
2025-09-17T16:07:33Z,48.767377,2.067109,163.1,0.06,297.7,1.13,8
2025-09-17T16:07:34Z,48.767376,2.067109,163.1,0.04,297.7,1.13,8
2025-09-17T16:07:35Z,48.767376,2.067108,163.0,0.11,297.7,1.13,8
2025-09-17T16:07:36Z,48.767376,2.067107,163.0,0.06,297.7,1.13,8
2025-09-17T16:07:37Z,48.767376,2.067106,163.0,0.19,297.7,1.13,8
2025-09-17T16:07:38Z,48.767377,2.067106,162.9,0.37,297.7,1.13,8
2025-09-17T16:07:39Z,48.767378,2.067106,163.0,0.07,297.7,1.13,8
2025-09-17T16:07:40Z,48.767378,2.067106,163.0,0.02,297.7,1.13,8
2025-09-17T16:07:41Z,48.767378,2.067105,163.0,0.09,297.7,1.13,8
2025-09-17T16:07:42Z,48.767378,2.067105,162.9,0.06,297.7,1.13,8
2025-09-17T16:07:43Z,48.767379,2.067105,162.8,0.06,297.7,1.13,8
2025-09-17T16:07:44Z,48.767380,2.067105,162.7,0.02,297.7,1.13,8
2025-09-17T16:07:45Z,48.767380,2.067104,162.6,0.06,297.7,1.13,8
2025-09-17T16:07:46Z,48.767380,2.067105,162.6,0.06,297.7,1.13,8
2025-09-17T16:07:47Z,48.767380,2.067105,162.5,0.09,297.7,1.13,8
2025-09-17T16:07:48Z,48.767380,2.067106,162.5,0.06,297.7,1.13,8
2025-09-17T16:07:49Z,48.767379,2.067105,162.3,0.54,297.7,1.10,9
2025-09-17T16:07:50Z,48.767378,2.067107,162.4,0.09,297.7,1.10,9
2025-09-17T16:07:51Z,48.767378,2.067105,162.5,0.30,297.7,1.10,9
2025-09-17T16:07:52Z,48.767377,2.067106,162.9,0.31,297.7,1.10,9
2025-09-17T16:07:53Z,48.767376,2.067106,162.9,0.09,297.7,1.10,9
2025-09-17T16:07:54Z,48.767374,2.067102,162.9,2.04,259.9,1.10,9
2025-09-17T16:07:55Z,48.767367,2.067084,163.0,6.74,243.4,1.10,9
2025-09-17T16:07:56Z,48.767361,2.067047,162.9,11.52,255.2,1.10,9
2025-09-17T16:07:57Z,48.767363,2.067002,162.8,12.02,265.9,1.10,9
2025-09-17T16:07:58Z,48.767365,2.066959,162.8,11.11,272.6,1.10,9
2025-09-17T16:07:59Z,48.767361,2.066917,162.8,11.59,261.8,1.10,9
2025-09-17T16:08:00Z,48.767345,2.066875,162.8,13.22,244.4,1.10,9
2025-09-17T16:08:01Z,48.767322,2.066834,162.9,14.93,232.4,1.02,10
2025-09-17T16:08:02Z,48.767295,2.066789,162.9,16.80,228.6,1.29,10
2025-09-17T16:08:03Z,48.767268,2.066743,163.3,16.52,227.5,1.29,10
2025-09-17T16:08:04Z,48.767245,2.066700,163.5,14.19,230.5,1.02,10
2025-09-17T16:08:05Z,48.767224,2.066655,163.6,14.37,230.6,1.02,10
2025-09-17T16:08:06Z,48.767201,2.066614,163.6,14.04,230.7,1.02,10
2025-09-17T16:08:07Z,48.767177,2.066574,163.9,14.82,228.3,1.02,10
2025-09-17T16:08:08Z,48.767151,2.066533,164.1,14.91,225.4,1.37,10
2025-09-17T16:08:09Z,48.767126,2.066495,163.9,13.85,224.1,1.37,10
2025-09-17T16:08:10Z,48.767098,2.066467,163.8,12.28,209.3,1.37,10
2025-09-17T16:08:11Z,48.767067,2.066468,164.0,13.22,183.0,1.37,10
2025-09-17T16:08:12Z,48.767036,2.066499,164.8,15.83,150.0,1.02,10
2025-09-17T16:08:13Z,48.767001,2.066541,165.3,18.93,141.2,1.02,10
2025-09-17T16:08:14Z,48.766964,2.066589,166.4,19.91,140.3,1.02,10
2025-09-17T16:08:15Z,48.766925,2.066639,167.1,21.22,140.4,1.02,10
2025-09-17T16:08:16Z,48.766883,2.066692,167.2,22.28,138.6,1.02,10
2025-09-17T16:08:17Z,48.766843,2.066751,167.5,22.32,134.3,1.02,10
2025-09-17T16:08:18Z,48.766810,2.066802,167.8,18.19,134.7,1.02,10
2025-09-17T16:08:19Z,48.766781,2.066842,167.8,14.43,136.3,1.02,10
2025-09-17T16:08:20Z,48.766760,2.066868,167.9,9.24,139.5,1.02,10
2025-09-17T16:08:21Z,48.766745,2.066885,168.0,6.37,141.1,1.02,10
2025-09-17T16:08:22Z,48.766723,2.066900,167.9,10.72,154.6,1.02,10
2025-09-17T16:08:23Z,48.766685,2.066908,167.6,16.13,172.6,1.02,10
2025-09-17T16:08:24Z,48.766641,2.066891,167.6,19.17,198.4,1.02,10
2025-09-17T16:08:25Z,48.766601,2.066840,167.3,21.61,223.4,1.37,9
2025-09-17T16:08:26Z,48.766568,2.066775,167.2,21.22,233.8,1.37,9
2025-09-17T16:08:27Z,48.766539,2.066712,167.0,19.74,236.0,1.40,8
2025-09-17T16:08:28Z,48.766515,2.066654,166.8,17.13,239.1,1.37,9
2025-09-17T16:08:29Z,48.766495,2.066606,166.8,14.06,239.0,1.37,9
2025-09-17T16:08:30Z,48.766477,2.066567,166.7,11.63,234.6,1.37,9
2025-09-17T16:08:31Z,48.766464,2.066538,166.6,7.89,237.2,1.40,8
2025-09-17T16:08:32Z,48.766460,2.066516,166.5,5.41,243.1,1.40,8
2025-09-17T16:08:33Z,48.766458,2.066505,166.4,2.06,246.4,1.40,8
2025-09-17T16:08:34Z,48.766458,2.066503,166.3,0.30,246.4,1.40,8
2025-09-17T16:08:35Z,48.766458,2.066504,166.1,0.30,246.4,1.40,8
2025-09-17T16:08:36Z,48.766457,2.066504,166.0,0.46,246.4,1.40,8
2025-09-17T16:08:37Z,48.766456,2.066504,165.7,0.11,246.4,1.40,8
2025-09-17T16:08:38Z,48.766456,2.066504,165.4,0.13,246.4,1.40,9
2025-09-17T16:08:39Z,48.766456,2.066500,165.3,1.28,246.4,1.40,8
2025-09-17T16:08:40Z,48.766458,2.066474,165.1,9.04,277.0,1.40,8
2025-09-17T16:08:41Z,48.766477,2.066418,164.7,20.06,296.5,1.40,8
2025-09-17T16:08:42Z,48.766527,2.066327,164.3,35.34,311.8,1.10,9
2025-09-17T16:08:43Z,48.766592,2.066216,163.4,40.76,312.3,1.02,10
2025-09-17T16:08:44Z,48.766675,2.066096,162.8,47.02,316.1,1.02,10
2025-09-17T16:08:45Z,48.766769,2.065962,162.9,52.89,315.6,1.02,10
2025-09-17T16:08:46Z,48.766880,2.065818,162.8,58.99,319.1,1.02,10
2025-09-17T16:08:47Z,48.766991,2.065674,162.1,57.95,319.6,1.02,10
2025-09-17T16:08:48Z,48.767096,2.065525,161.9,58.47,316.9,1.02,10
2025-09-17T16:08:49Z,48.767209,2.065371,161.7,60.80,318.0,1.02,10
2025-09-17T16:08:50Z,48.767330,2.065217,161.6,63.02,320.2,1.02,10
2025-09-17T16:08:51Z,48.767451,2.065060,161.1,63.65,319.3,1.02,10
2025-09-17T16:08:52Z,48.767570,2.064894,160.9,65.21,317.8,1.02,10
2025-09-17T16:08:53Z,48.767694,2.064731,160.3,65.93,319.7,1.02,10
2025-09-17T16:08:54Z,48.767816,2.064559,159.7,66.89,317.1,1.02,10
2025-09-17T16:08:55Z,48.767945,2.064391,159.0,67.71,319.4,1.02,10
2025-09-17T16:08:56Z,48.768067,2.064221,158.2,66.17,317.4,1.04,9
2025-09-17T16:08:57Z,48.768185,2.064043,157.3,67.51,315.7,1.02,10
2025-09-17T16:08:58Z,48.768316,2.063851,157.1,75.88,316.5,1.02,10
2025-09-17T16:08:59Z,48.768435,2.063649,155.4,71.56,313.0,1.26,8
2025-09-17T16:09:00Z,48.768547,2.063466,154.7,64.89,315.5,1.09,9
2025-09-17T16:09:01Z,48.768644,2.063292,154.2,60.28,312.1,1.02,10
2025-09-17T16:09:02Z,48.768733,2.063127,154.4,56.45,310.8,1.02,10
2025-09-17T16:09:03Z,48.768817,2.062976,152.6,51.86,312.4,1.09,9
2025-09-17T16:09:04Z,48.768901,2.062839,150.9,47.45,313.7,1.09,9
2025-09-17T16:09:05Z,48.768963,2.062709,150.2,41.74,306.3,1.02,10
2025-09-17T16:09:06Z,48.769011,2.062592,150.1,36.28,306.5,1.02,10
2025-09-17T16:09:07Z,48.769060,2.062486,148.8,33.08,307.9,1.39,8
2025-09-17T16:09:08Z,48.769105,2.062392,147.0,28.85,307.8,1.39,8
2025-09-17T16:09:09Z,48.769141,2.062323,147.2,23.26,311.1,1.09,9
2025-09-17T16:09:10Z,48.769173,2.062254,146.7,22.85,311.9,1.02,10
2025-09-17T16:09:11Z,48.769205,2.062193,145.1,19.41,311.9,1.09,10
2025-09-17T16:09:12Z,48.769221,2.062134,145.4,16.85,307.4,1.02,10
2025-09-17T16:09:13Z,48.769233,2.062082,146.6,13.83,305.4,1.02,10
2025-09-17T16:09:14Z,48.769244,2.062040,147.5,9.57,305.2,1.70,8
2025-09-17T16:09:15Z,48.769250,2.062013,147.9,5.13,305.1,1.09,9
2025-09-17T16:09:16Z,48.769249,2.062001,148.9,0.56,305.1,1.09,9
2025-09-17T16:09:17Z,48.769248,2.061997,149.9,0.09,305.1,1.09,9
2025-09-17T16:09:18Z,48.769248,2.061996,150.5,0.35,305.1,1.02,10
2025-09-17T16:09:19Z,48.769243,2.061994,151.5,0.24,305.1,1.02,10
2025-09-17T16:09:20Z,48.769239,2.061991,152.2,0.50,305.1,1.02,10
2025-09-17T16:09:21Z,48.769234,2.061990,153.2,0.35,305.1,1.02,10
2025-09-17T16:09:22Z,48.769225,2.061985,154.0,0.15,305.1,1.02,10
2025-09-17T16:09:23Z,48.769219,2.061983,154.7,0.07,305.1,1.02,10
2025-09-17T16:09:24Z,48.769217,2.061981,155.8,0.96,305.1,1.02,10
2025-09-17T16:09:25Z,48.769215,2.061981,156.5,0.33,305.1,1.02,10
2025-09-17T16:09:26Z,48.769215,2.061980,157.1,0.83,305.1,1.09,10
2025-09-17T16:09:27Z,48.769209,2.061975,157.7,0.20,305.1,1.02,10
2025-09-17T16:09:28Z,48.769207,2.061973,158.4,0.22,305.1,1.02,10
2025-09-17T16:09:29Z,48.769204,2.061974,159.3,0.13,305.1,1.02,10
2025-09-17T16:09:30Z,48.769205,2.061974,160.0,0.74,305.1,1.02,10
2025-09-17T16:09:31Z,48.769205,2.061974,160.4,0.37,305.1,1.02,10
2025-09-17T16:09:32Z,48.769206,2.061971,160.6,0.44,305.1,1.02,10
2025-09-17T16:09:33Z,48.769206,2.061972,161.0,0.44,305.1,1.02,10
2025-09-17T16:09:34Z,48.769208,2.061972,160.9,0.56,305.1,1.51,8
2025-09-17T16:09:35Z,48.769209,2.061969,161.0,0.22,305.1,1.51,8
2025-09-17T16:09:36Z,48.769209,2.061966,160.8,0.37,305.1,1.51,8
2025-09-17T16:09:37Z,48.769207,2.061964,161.0,0.20,305.1,1.51,8
2025-09-17T16:09:38Z,48.769207,2.061962,161.4,0.57,305.1,1.51,8
2025-09-17T16:09:39Z,48.769205,2.061960,161.7,0.54,305.1,1.51,8
2025-09-17T16:09:40Z,48.769206,2.061960,162.0,0.22,305.1,1.37,9
2025-09-17T16:09:41Z,48.769205,2.061959,162.1,0.52,305.1,1.37,9
2025-09-17T16:09:42Z,48.769196,2.061954,161.7,1.22,275.9,1.02,10
2025-09-17T16:09:43Z,48.769191,2.061952,161.4,0.02,275.9,1.04,9
2025-09-17T16:09:44Z,48.769190,2.061951,161.3,0.15,275.9,1.04,9
2025-09-17T16:09:45Z,48.769191,2.061952,161.4,0.09,275.9,1.14,9
2025-09-17T16:09:46Z,48.769190,2.061951,161.5,0.04,275.9,1.04,9
2025-09-17T16:09:47Z,48.769189,2.061949,161.7,0.11,275.9,1.04,9
2025-09-17T16:09:48Z,48.769194,2.061937,161.6,5.46,299.1,1.04,9
2025-09-17T16:09:49Z,48.769212,2.061898,161.5,15.11,303.9,1.04,9
2025-09-17T16:09:50Z,48.769253,2.061841,160.8,23.45,313.0,1.04,9
2025-09-17T16:09:51Z,48.769307,2.061778,160.9,27.63,322.6,1.04,9
2025-09-17T16:09:52Z,48.769362,2.061709,160.6,28.48,318.8,1.04,9
2025-09-17T16:09:53Z,48.769401,2.061615,160.3,30.17,296.7,1.12,9
2025-09-17T16:09:54Z,48.769436,2.061498,160.5,35.56,290.0,1.10,9
2025-09-17T16:09:55Z,48.769473,2.061362,160.4,39.48,294.9,1.10,9
2025-09-17T16:09:56Z,48.769520,2.061226,160.2,41.24,299.3,1.10,9
2025-09-17T16:09:57Z,48.769573,2.061079,159.8,45.61,298.7,1.10,9
2025-09-17T16:09:58Z,48.769630,2.060918,159.2,50.02,297.9,1.10,9
2025-09-17T16:09:59Z,48.769680,2.060741,158.5,51.10,293.6,1.10,9
2025-09-17T16:10:00Z,48.769734,2.060556,157.8,54.37,293.7,1.10,9
2025-09-17T16:10:01Z,48.769794,2.060364,157.3,56.30,295.9,1.10,9
2025-09-17T16:10:02Z,48.769853,2.060166,157.1,57.52,293.5,1.10,9
2025-09-17T16:10:03Z,48.769914,2.059961,157.4,60.36,294.8,1.39,8
2025-09-17T16:10:04Z,48.769975,2.059748,156.8,62.00,292.9,1.39,8
2025-09-17T16:10:05Z,48.770040,2.059534,156.7,62.25,293.3,1.10,9
2025-09-17T16:10:06Z,48.770100,2.059315,155.9,62.49,292.5,1.10,9
2025-09-17T16:10:07Z,48.770160,2.059098,155.5,62.17,292.6,1.09,9
2025-09-17T16:10:08Z,48.770222,2.058882,155.6,62.23,293.2,1.09,9
2025-09-17T16:10:09Z,48.770279,2.058666,156.0,61.60,292.5,1.09,9
2025-09-17T16:10:10Z,48.770338,2.058455,156.1,59.93,293.2,1.09,9
2025-09-17T16:10:11Z,48.770399,2.058248,156.0,59.41,294.1,1.02,10
2025-09-17T16:10:12Z,48.770454,2.058042,156.4,58.78,292.4,1.02,10
2025-09-17T16:10:13Z,48.770511,2.057837,156.3,58.52,292.9,1.09,9
2025-09-17T16:10:14Z,48.770580,2.057640,156.8,58.45,297.6,1.02,10
2025-09-17T16:10:15Z,48.770638,2.057443,156.7,56.02,294.3,1.02,10
2025-09-17T16:10:16Z,48.770694,2.057262,156.9,51.52,295.6,1.09,9
2025-09-17T16:10:17Z,48.770748,2.057099,156.2,46.39,296.3,1.09,9
2025-09-17T16:10:18Z,48.770804,2.056952,155.4,42.52,300.0,1.39,8
2025-09-17T16:10:19Z,48.770859,2.056814,155.9,42.87,302.9,1.02,10
2025-09-17T16:10:20Z,48.770915,2.056681,156.0,42.10,308.8,1.02,10
2025-09-17T16:10:21Z,48.770992,2.056577,156.0,40.78,321.6,1.02,10
2025-09-17T16:10:22Z,48.771081,2.056489,155.8,43.98,332.0,1.02,10
2025-09-17T16:10:23Z,48.771174,2.056412,155.2,41.71,332.5,1.02,10
2025-09-17T16:10:24Z,48.771257,2.056326,155.1,39.69,324.1,1.02,10
2025-09-17T16:10:25Z,48.771325,2.056227,155.7,37.11,313.9,1.02,10
2025-09-17T16:10:26Z,48.771361,2.056113,154.8,33.28,296.9,1.02,10
2025-09-17T16:10:27Z,48.771383,2.055994,154.7,32.65,284.1,1.02,10
2025-09-17T16:10:28Z,48.771384,2.055869,154.9,31.98,271.6,1.02,10
2025-09-17T16:10:29Z,48.771372,2.055747,155.0,32.45,259.4,1.02,10
2025-09-17T16:10:30Z,48.771346,2.055622,155.1,35.28,250.2,1.02,10
2025-09-17T16:10:31Z,48.771310,2.055495,155.3,36.21,246.2,1.37,9
2025-09-17T16:10:32Z,48.771287,2.055393,155.2,25.11,253.3,1.02,10
2025-09-17T16:10:33Z,48.771281,2.055335,155.0,11.76,259.9,1.02,10
2025-09-17T16:10:34Z,48.771282,2.055304,154.6,6.70,267.5,1.02,10
2025-09-17T16:10:35Z,48.771285,2.055272,154.4,9.11,278.6,1.02,10
2025-09-17T16:10:36Z,48.771296,2.055207,154.3,20.54,284.5,1.02,10
2025-09-17T16:10:37Z,48.771318,2.055102,154.3,32.61,288.9,1.02,10
2025-09-17T16:10:38Z,48.771352,2.054973,154.2,38.35,292.9,1.02,10
2025-09-17T16:10:39Z,48.771393,2.054832,154.0,41.06,293.4,1.02,10
2025-09-17T16:10:40Z,48.771436,2.054678,153.7,45.24,293.3,1.02,10
2025-09-17T16:10:41Z,48.771484,2.054512,153.5,49.12,293.6,1.02,10
2025-09-17T16:10:42Z,48.771535,2.054339,153.3,50.47,294.1,1.02,10
2025-09-17T16:10:43Z,48.771592,2.054156,153.1,54.60,295.4,1.03,10
2025-09-17T16:10:44Z,48.771650,2.053959,152.6,57.62,293.8,1.03,9
2025-09-17T16:10:45Z,48.771706,2.053752,152.3,59.65,292.5,1.13,8
2025-09-17T16:10:46Z,48.771763,2.053543,152.0,59.73,292.6,1.13,8
2025-09-17T16:10:47Z,48.771817,2.053333,151.8,59.95,290.7,1.09,9
2025-09-17T16:10:48Z,48.771876,2.053123,151.4,60.10,293.5,1.09,9
2025-09-17T16:10:49Z,48.771936,2.052911,151.2,61.30,292.6,1.09,9
2025-09-17T16:10:50Z,48.771998,2.052694,151.2,63.04,293.8,1.09,9
2025-09-17T16:10:51Z,48.772064,2.052474,151.3,64.01,294.8,1.09,10
2025-09-17T16:10:52Z,48.772131,2.052252,151.4,64.63,294.6,1.09,9
2025-09-17T16:10:53Z,48.772195,2.052027,151.1,64.95,293.2,1.09,9
2025-09-17T16:10:54Z,48.772262,2.051801,151.1,65.30,294.4,1.09,9
2025-09-17T16:10:55Z,48.772337,2.051579,151.7,65.88,296.6,1.09,9
2025-09-17T16:10:56Z,48.772401,2.051352,151.8,65.34,293.9,1.09,9
2025-09-17T16:10:57Z,48.772479,2.051134,153.3,65.38,297.7,1.09,9
2025-09-17T16:10:58Z,48.772548,2.050912,153.7,64.58,296.7,1.38,8
2025-09-17T16:10:59Z,48.772604,2.050687,153.7,63.65,294.4,1.38,8
2025-09-17T16:11:00Z,48.772661,2.050467,153.4,61.71,293.5,1.09,9
2025-09-17T16:11:01Z,48.772718,2.050253,153.5,60.91,293.0,1.09,9
2025-09-17T16:11:02Z,48.772778,2.050039,153.8,61.30,293.7,1.09,9
2025-09-17T16:11:03Z,48.772836,2.049824,153.4,61.56,294.6,1.09,9
2025-09-17T16:11:04Z,48.772901,2.049612,153.6,61.95,295.7,1.09,9
2025-09-17T16:11:05Z,48.772964,2.049397,153.5,61.78,294.2,1.38,8
2025-09-17T16:11:06Z,48.773023,2.049183,153.7,61.13,293.5,1.38,8
2025-09-17T16:11:07Z,48.773077,2.048971,153.5,60.02,292.7,1.02,10
2025-09-17T16:11:08Z,48.773134,2.048765,153.4,58.47,293.5,1.02,10
2025-09-17T16:11:09Z,48.773186,2.048564,153.5,56.58,292.3,1.02,10
2025-09-17T16:11:10Z,48.773242,2.048374,154.1,54.39,294.9,1.09,10
2025-09-17T16:11:11Z,48.773295,2.048189,153.9,52.95,294.6,1.02,10
2025-09-17T16:11:12Z,48.773351,2.048011,154.2,51.78,295.8,1.02,10
2025-09-17T16:11:13Z,48.773401,2.047839,154.0,48.63,295.8,1.02,10
2025-09-17T16:11:14Z,48.773457,2.047684,154.5,45.95,299.3,1.09,9
2025-09-17T16:11:15Z,48.773499,2.047525,154.4,45.00,294.0,1.02,10
2025-09-17T16:11:16Z,48.773544,2.047369,154.4,45.04,294.0,1.02,10
2025-09-17T16:11:17Z,48.773584,2.047207,154.4,46.10,293.2,1.02,10
2025-09-17T16:11:18Z,48.773629,2.047044,154.2,46.74,294.7,1.02,10
2025-09-17T16:11:19Z,48.773666,2.046886,154.2,43.17,291.9,1.02,10
2025-09-17T16:11:20Z,48.773707,2.046745,153.9,39.63,295.6,1.09,9
2025-09-17T16:11:21Z,48.773743,2.046617,154.0,36.19,295.5,1.09,9
2025-09-17T16:11:22Z,48.773765,2.046502,154.3,30.45,290.3,1.13,9
2025-09-17T16:11:23Z,48.773786,2.046405,155.0,25.52,290.1,1.13,8
2025-09-17T16:11:24Z,48.773803,2.046326,155.3,21.09,292.3,1.13,8
2025-09-17T16:11:25Z,48.773812,2.046258,155.3,16.87,288.9,1.09,9
2025-09-17T16:11:26Z,48.773823,2.046212,155.5,11.22,290.4,1.09,9
2025-09-17T16:11:27Z,48.773824,2.046171,155.9,10.33,290.4,1.09,9
2025-09-17T16:11:28Z,48.773830,2.046143,156.6,7.24,292.9,1.09,9
2025-09-17T16:11:29Z,48.773833,2.046130,156.4,2.78,292.9,1.09,9
2025-09-17T16:11:30Z,48.773831,2.046128,156.7,0.30,292.9,1.09,9
2025-09-17T16:11:31Z,48.773829,2.046126,156.6,0.56,292.9,1.09,9
2025-09-17T16:11:32Z,48.773828,2.046124,156.6,0.13,292.9,1.09,9
2025-09-17T16:11:33Z,48.773827,2.046122,156.8,0.04,292.9,1.09,9
2025-09-17T16:11:34Z,48.773826,2.046121,156.9,0.00,292.9,1.09,9
2025-09-17T16:11:35Z,48.773825,2.046121,157.4,0.07,292.9,1.09,9
2025-09-17T16:11:36Z,48.773823,2.046120,157.6,0.28,292.9,1.09,9
2025-09-17T16:11:37Z,48.773820,2.046120,158.2,0.02,292.9,1.09,9
2025-09-17T16:11:38Z,48.773819,2.046120,158.6,0.20,292.9,1.09,9
2025-09-17T16:11:39Z,48.773818,2.046119,158.8,0.15,292.9,1.09,10
2025-09-17T16:11:40Z,48.773818,2.046118,158.9,0.26,292.9,1.09,9
2025-09-17T16:11:41Z,48.773818,2.046117,159.0,0.07,292.9,1.25,8
2025-09-17T16:11:42Z,48.773817,2.046115,159.1,0.07,292.9,1.25,8
2025-09-17T16:11:43Z,48.773816,2.046115,159.2,0.28,292.9,1.25,8
2025-09-17T16:11:44Z,48.773817,2.046114,159.3,0.07,292.9,1.25,8
2025-09-17T16:11:45Z,48.773819,2.046115,159.3,0.13,292.9,1.09,9
2025-09-17T16:11:46Z,48.773821,2.046115,159.3,0.04,292.9,1.09,9
2025-09-17T16:11:47Z,48.773822,2.046115,159.3,0.07,292.9,1.09,9
2025-09-17T16:11:48Z,48.773822,2.046114,159.3,0.04,292.9,1.09,9
2025-09-17T16:11:49Z,48.773823,2.046114,159.2,0.06,292.9,1.09,9
2025-09-17T16:11:50Z,48.773823,2.046113,159.2,0.06,292.9,1.09,9
2025-09-17T16:11:51Z,48.773823,2.046112,159.0,0.09,292.9,1.09,9
2025-09-17T16:11:52Z,48.773823,2.046111,159.0,0.06,292.9,1.09,9
2025-09-17T16:11:53Z,48.773823,2.046110,159.1,0.26,292.9,1.09,9
2025-09-17T16:11:54Z,48.773823,2.046110,159.2,0.17,292.9,1.09,9
2025-09-17T16:11:55Z,48.773822,2.046110,159.4,0.09,292.9,1.25,8
2025-09-17T16:11:56Z,48.773822,2.046111,159.6,0.30,292.9,1.25,8
2025-09-17T16:11:57Z,48.773823,2.046111,159.8,0.17,292.9,1.25,8
2025-09-17T16:11:58Z,48.773823,2.046112,159.9,0.07,292.9,1.09,9
2025-09-17T16:11:59Z,48.773824,2.046113,160.2,0.09,292.9,1.09,9
2025-09-17T16:12:00Z,48.773824,2.046113,160.4,0.11,292.9,1.09,9
2025-09-17T16:12:01Z,48.773824,2.046114,160.5,0.00,292.9,1.09,9
2025-09-17T16:12:02Z,48.773823,2.046114,160.8,0.06,292.9,1.09,9
2025-09-17T16:12:03Z,48.773822,2.046114,161.1,0.04,292.9,1.09,9
2025-09-17T16:12:04Z,48.773822,2.046113,161.3,0.30,292.9,1.09,9
2025-09-17T16:12:05Z,48.773830,2.046096,161.3,7.43,298.6,1.25,8
2025-09-17T16:12:06Z,48.773850,2.046050,161.1,17.17,303.3,1.09,9
2025-09-17T16:12:07Z,48.773886,2.045983,160.9,24.84,310.3,1.09,9
2025-09-17T16:12:08Z,48.773942,2.045924,160.4,28.08,327.2,1.02,10
2025-09-17T16:12:09Z,48.774011,2.045890,160.1,28.82,346.1,1.02,10
2025-09-17T16:12:10Z,48.774092,2.045891,159.5,32.80,5.8,1.02,10
2025-09-17T16:12:11Z,48.774175,2.045923,158.8,35.23,17.5,1.36,9
2025-09-17T16:12:12Z,48.774265,2.045974,158.6,38.21,22.6,1.02,10
2025-09-17T16:12:13Z,48.774375,2.046037,158.7,45.58,21.4,1.02,10
2025-09-17T16:12:14Z,48.774480,2.046096,157.2,45.45,19.6,1.09,10
2025-09-17T16:12:15Z,48.774594,2.046137,156.3,48.24,10.2,1.09,9
2025-09-17T16:12:16Z,48.774723,2.046148,156.0,49.65,358.3,1.38,8
2025-09-17T16:12:17Z,48.774857,2.046123,156.8,51.91,350.0,1.09,9
2025-09-17T16:12:18Z,48.774988,2.046087,156.6,52.62,349.1,1.38,8
2025-09-17T16:12:19Z,48.775115,2.046046,156.3,50.78,347.4,1.38,8
2025-09-17T16:12:20Z,48.775253,2.046000,156.7,55.47,346.2,1.09,9
2025-09-17T16:12:21Z,48.775385,2.045950,156.6,53.97,346.4,1.13,8
2025-09-17T16:12:22Z,48.775506,2.045918,156.1,47.93,352.0,1.13,8
2025-09-17T16:12:23Z,48.775617,2.045914,155.7,43.00,2.0,1.39,7
2025-09-17T16:12:24Z,48.775710,2.045934,155.1,37.15,12.0,1.39,7
2025-09-17T16:12:25Z,48.775799,2.045979,155.3,36.67,20.6,1.39,7
2025-09-17T16:12:26Z,48.775880,2.046041,154.9,35.91,29.3,1.39,7
2025-09-17T16:12:27Z,48.775955,2.046136,154.9,38.45,44.6,1.38,8
2025-09-17T16:12:28Z,48.776009,2.046247,154.7,35.24,58.6,1.76,7
2025-09-17T16:12:29Z,48.776064,2.046354,154.8,32.65,52.3,1.76,7
2025-09-17T16:12:30Z,48.776128,2.046432,154.7,31.52,33.5,1.37,8
2025-09-17T16:12:31Z,48.776209,2.046473,155.2,30.30,11.1,1.39,7
2025-09-17T16:12:32Z,48.776281,2.046470,154.7,27.93,352.4,1.39,7
2025-09-17T16:12:33Z,48.776354,2.046444,154.6,29.58,341.3,1.39,7
2025-09-17T16:12:34Z,48.776420,2.046421,153.8,27.71,347.4,1.37,8
2025-09-17T16:12:35Z,48.776493,2.046423,154.1,28.35,6.0,1.37,8
2025-09-17T16:12:36Z,48.776567,2.046455,154.3,31.15,19.4,1.37,8
2025-09-17T16:12:37Z,48.776646,2.046502,154.5,33.78,23.3,1.76,8
2025-09-17T16:12:38Z,48.776726,2.046549,154.8,33.06,21.2,1.09,9
2025-09-17T16:12:39Z,48.776802,2.046592,155.4,30.22,21.3,1.09,9
2025-09-17T16:12:40Z,48.776869,2.046630,155.8,27.11,21.4,1.13,8
2025-09-17T16:12:41Z,48.776929,2.046661,156.0,24.15,19.1,1.13,8
2025-09-17T16:12:42Z,48.776978,2.046690,155.8,20.39,21.7,1.13,8
2025-09-17T16:12:43Z,48.777022,2.046720,155.9,18.85,24.9,1.13,8
2025-09-17T16:12:44Z,48.777067,2.046737,155.5,19.33,9.9,1.13,8
2025-09-17T16:12:45Z,48.777113,2.046720,155.8,19.37,342.3,1.18,8
2025-09-17T16:12:46Z,48.777160,2.046668,156.2,24.45,330.6,1.13,8
2025-09-17T16:12:47Z,48.777211,2.046599,156.4,28.43,318.9,1.09,9
2025-09-17T16:12:48Z,48.777268,2.046527,156.0,31.60,321.8,1.12,9
2025-09-17T16:12:49Z,48.777336,2.046451,156.0,34.45,323.5,1.09,9
2025-09-17T16:12:50Z,48.777412,2.046368,155.9,38.17,324.7,1.37,8
2025-09-17T16:12:51Z,48.777487,2.046281,156.0,37.48,322.1,1.37,8
2025-09-17T16:12:52Z,48.777562,2.046189,155.8,38.39,320.3,1.37,8
2025-09-17T16:12:53Z,48.777639,2.046096,155.6,39.69,321.5,1.37,8
2025-09-17T16:12:54Z,48.777724,2.045998,155.2,43.50,322.9,1.37,8
2025-09-17T16:12:55Z,48.777804,2.045905,154.6,39.93,323.3,1.37,8
2025-09-17T16:12:56Z,48.777881,2.045820,154.4,37.13,324.6,1.37,8
2025-09-17T16:12:57Z,48.777954,2.045741,154.0,35.56,324.7,1.39,9
2025-09-17T16:12:58Z,48.778030,2.045660,153.8,36.80,324.2,1.39,9
2025-09-17T16:12:59Z,48.778106,2.045578,153.9,37.23,323.7,1.36,9
2025-09-17T16:13:00Z,48.778183,2.045491,153.8,38.32,322.9,1.36,9
2025-09-17T16:13:01Z,48.778255,2.045406,153.7,36.00,322.4,1.36,9
2025-09-17T16:13:02Z,48.778320,2.045328,153.4,32.60,322.1,1.36,9
2025-09-17T16:13:03Z,48.778382,2.045258,153.5,29.19,321.5,1.36,9
2025-09-17T16:13:04Z,48.778435,2.045196,153.7,25.67,321.6,1.36,9
2025-09-17T16:13:05Z,48.778481,2.045139,153.2,23.43,322.5,1.36,9
2025-09-17T16:13:06Z,48.778526,2.045087,153.0,22.96,323.1,1.36,9
2025-09-17T16:13:07Z,48.778572,2.045033,152.8,23.78,322.9,1.36,9
2025-09-17T16:13:08Z,48.778621,2.044974,152.6,25.65,322.2,1.37,9
2025-09-17T16:13:09Z,48.778674,2.044913,152.6,27.26,322.8,1.36,9
2025-09-17T16:13:10Z,48.778731,2.044851,152.8,27.89,323.6,1.36,9
2025-09-17T16:13:11Z,48.778792,2.044786,153.5,29.65,323.5,1.37,8
2025-09-17T16:13:12Z,48.778853,2.044716,153.4,30.85,322.2,1.37,8
2025-09-17T16:13:13Z,48.778917,2.044645,154.3,30.95,323.8,1.37,9
2025-09-17T16:13:14Z,48.778983,2.044578,155.0,30.61,324.0,1.28,7
2025-09-17T16:13:15Z,48.779048,2.044508,155.1,32.00,324.0,2.26,6
2025-09-17T16:13:16Z,48.779114,2.044432,155.6,33.47,322.3,2.23,7
2025-09-17T16:13:17Z,48.779185,2.044351,155.8,35.67,322.4,1.36,9
2025-09-17T16:13:18Z,48.779261,2.044266,156.2,38.30,323.3,1.36,10
2025-09-17T16:13:19Z,48.779339,2.044177,156.4,39.37,323.1,1.36,9
2025-09-17T16:13:20Z,48.779417,2.044087,156.6,39.35,322.6,1.36,10
2025-09-17T16:13:21Z,48.779491,2.044001,156.6,36.28,322.5,1.36,9
2025-09-17T16:13:22Z,48.779557,2.043924,157.0,31.87,322.4,1.36,9
2025-09-17T16:13:23Z,48.779613,2.043856,157.5,27.50,321.1,1.37,8
2025-09-17T16:13:24Z,48.779667,2.043796,157.9,25.72,322.1,1.09,9
2025-09-17T16:13:25Z,48.779716,2.043742,157.8,23.89,324.4,1.37,9
2025-09-17T16:13:26Z,48.779759,2.043693,157.8,21.04,324.0,1.37,9
2025-09-17T16:13:27Z,48.779795,2.043652,157.8,16.74,323.8,1.08,9
2025-09-17T16:13:28Z,48.779827,2.043620,158.1,14.06,323.7,1.08,9
2025-09-17T16:13:29Z,48.779853,2.043591,158.4,12.15,324.1,1.37,9
2025-09-17T16:13:30Z,48.779887,2.043567,160.0,12.58,322.8,1.25,8
2025-09-17T16:13:31Z,48.779917,2.043539,160.5,13.54,323.6,1.25,8
2025-09-17T16:13:32Z,48.779949,2.043509,160.9,14.09,324.9,1.08,9
2025-09-17T16:13:33Z,48.779986,2.043483,161.8,14.56,328.8,1.08,9
2025-09-17T16:13:34Z,48.780026,2.043459,162.6,16.52,336.3,1.08,9
2025-09-17T16:13:35Z,48.780072,2.043439,162.6,19.91,344.3,1.08,9
2025-09-17T16:13:36Z,48.780128,2.043429,162.7,23.21,355.4,1.37,8
2025-09-17T16:13:37Z,48.780184,2.043433,162.1,22.74,4.8,1.37,8
2025-09-17T16:13:38Z,48.780235,2.043451,161.5,21.82,15.9,1.37,8
2025-09-17T16:13:39Z,48.780284,2.043487,161.1,22.02,27.4,1.38,7
2025-09-17T16:13:40Z,48.780329,2.043542,161.3,23.15,40.8,1.38,7
2025-09-17T16:13:41Z,48.780357,2.043618,161.7,23.61,56.9,1.38,7
2025-09-17T16:13:42Z,48.780375,2.043711,161.8,26.34,69.6,1.38,7
2025-09-17T16:13:43Z,48.780417,2.043806,162.8,30.87,54.4,1.38,8
2025-09-17T16:13:44Z,48.780469,2.043896,164.2,30.00,52.1,1.12,8
2025-09-17T16:13:45Z,48.780512,2.043975,164.8,25.59,51.1,1.12,8
2025-09-17T16:13:46Z,48.780544,2.044045,164.5,21.71,53.6,1.18,7
2025-09-17T16:13:47Z,48.780570,2.044110,164.5,19.48,55.7,1.34,6
2025-09-17T16:13:48Z,48.780597,2.044165,165.4,17.09,56.1,1.25,7
2025-09-17T16:13:49Z,48.780628,2.044218,166.8,18.30,53.1,1.25,7
2025-09-17T16:13:50Z,48.780661,2.044271,167.5,19.13,47.0,1.51,6
2025-09-17T16:13:51Z,48.780704,2.044330,168.1,23.46,43.0,1.75,7
2025-09-17T16:13:52Z,48.780738,2.044393,168.2,21.85,47.8,1.37,8
2025-09-17T16:13:53Z,48.780751,2.044449,166.8,14.59,52.6,1.37,8
2025-09-17T16:13:54Z,48.780759,2.044492,165.8,11.70,54.1,1.37,8
2025-09-17T16:13:55Z,48.780773,2.044523,165.7,9.95,52.0,1.37,8
2025-09-17T16:13:56Z,48.780780,2.044555,166.0,8.89,58.5,1.37,8
2025-09-17T16:13:57Z,48.780782,2.044584,167.4,7.30,75.0,1.37,8
2025-09-17T16:13:58Z,48.780773,2.044602,168.4,6.33,129.3,1.37,8
2025-09-17T16:13:59Z,48.780755,2.044609,169.0,8.48,148.2,1.37,8
2025-09-17T16:14:00Z,48.780738,2.044613,169.0,7.26,164.2,1.42,7
2025-09-17T16:14:01Z,48.780722,2.044620,169.9,6.24,163.7,1.36,9
2025-09-17T16:14:02Z,48.780713,2.044625,170.9,3.26,163.7,1.36,9
2025-09-17T16:14:03Z,48.780709,2.044630,171.6,2.72,163.7,1.36,9
2025-09-17T16:14:04Z,48.780705,2.044635,172.7,1.63,163.7,1.36,9
2025-09-17T16:14:05Z,48.780704,2.044634,174.1,0.81,163.7,1.37,9
2025-09-17T16:14:06Z,48.780702,2.044631,174.7,0.54,163.7,1.37,9
2025-09-17T16:14:07Z,48.780704,2.044629,175.6,1.43,163.7,1.70,7
2025-09-17T16:14:08Z,48.780706,2.044624,176.4,1.31,163.7,1.37,8
2025-09-17T16:14:09Z,48.780702,2.044621,176.2,0.50,163.7,1.37,9
2025-09-17T16:14:10Z,48.780703,2.044619,177.1,0.78,163.7,1.65,8
2025-09-17T16:14:11Z,48.780698,2.044619,175.9,0.43,163.7,1.38,9
2025-09-17T16:14:12Z,48.780694,2.044620,175.1,0.11,163.7,1.38,8
2025-09-17T16:14:13Z,48.780693,2.044618,174.3,0.28,163.7,1.38,7
2025-09-17T16:14:14Z,48.780693,2.044619,174.1,0.04,163.7,1.38,7
2025-09-17T16:14:15Z,48.780692,2.044619,174.3,0.02,163.7,1.37,8
2025-09-17T16:14:16Z,48.780695,2.044619,174.8,0.46,163.7,1.37,8
2025-09-17T16:14:17Z,48.780698,2.044618,175.3,0.43,163.7,1.70,7
2025-09-17T16:14:18Z,48.780701,2.044617,175.7,0.63,163.7,1.70,7
2025-09-17T16:14:19Z,48.780700,2.044616,175.6,0.37,163.7,1.70,7
2025-09-17T16:14:20Z,48.780706,2.044614,176.9,0.46,163.7,1.37,8
2025-09-17T16:14:21Z,48.780710,2.044613,177.6,0.81,163.7,1.38,8
2025-09-17T16:14:22Z,48.780712,2.044610,178.7,0.28,163.7,1.65,8
2025-09-17T16:14:23Z,48.780714,2.044610,179.1,1.46,163.7,1.69,8
2025-09-17T16:14:24Z,48.780718,2.044608,180.2,1.30,163.7,1.65,8
2025-09-17T16:14:25Z,48.780722,2.044606,181.4,1.04,163.7,1.36,9
2025-09-17T16:14:26Z,48.780718,2.044599,182.2,1.94,163.7,1.36,9
2025-09-17T16:14:27Z,48.780716,2.044596,182.6,0.19,163.7,1.37,9
2025-09-17T16:14:28Z,48.780718,2.044593,183.5,0.31,163.7,1.37,10
2025-09-17T16:14:29Z,48.780721,2.044592,184.5,0.37,163.7,1.37,8
2025-09-17T16:14:30Z,48.780722,2.044590,184.9,0.67,163.7,1.37,8
2025-09-17T16:14:31Z,48.780716,2.044589,184.3,0.63,163.7,1.69,8
2025-09-17T16:14:32Z,48.780712,2.044589,183.3,1.13,163.7,1.69,7
2025-09-17T16:14:33Z,48.780707,2.044588,182.6,0.24,163.7,1.69,7
2025-09-17T16:14:34Z,48.780707,2.044591,182.2,0.07,163.7,1.69,7
2025-09-17T16:14:35Z,48.780709,2.044591,182.3,0.24,163.7,1.69,7
2025-09-17T16:14:36Z,48.780710,2.044591,182.4,0.09,163.7,1.69,7
2025-09-17T16:14:37Z,48.780708,2.044590,182.3,0.24,163.7,1.37,8
2025-09-17T16:14:38Z,48.780701,2.044600,182.8,5.50,163.7,1.37,8
2025-09-17T16:14:39Z,48.780687,2.044621,183.3,9.46,150.6,1.69,8
2025-09-17T16:14:40Z,48.780644,2.044642,183.6,16.54,155.5,1.73,7
2025-09-17T16:14:41Z,48.780602,2.044653,184.2,17.48,162.8,2.81,6
2025-09-17T16:14:42Z,48.780559,2.044662,185.1,18.39,167.4,5.56,4
2025-09-17T16:14:43Z,48.780559,2.044662,185.1,18.39,167.4,99.99,0
2025-09-17T16:16:48Z,48.779674,2.044128,185.1,3.61,167.4,1.87,3
2025-09-17T16:16:49Z,48.779667,2.044170,183.9,3.50,167.4,2.33,5
2025-09-17T16:16:50Z,48.779677,2.044157,182.8,4.06,167.4,1.42,6
2025-09-17T16:16:51Z,48.779660,2.044179,179.9,4.63,171.8,2.33,5
2025-09-17T16:16:52Z,48.779643,2.044178,177.9,4.28,174.1,1.42,6
2025-09-17T16:16:53Z,48.779622,2.044200,176.9,4.17,176.9,1.40,7
2025-09-17T16:16:54Z,48.779609,2.044206,176.3,3.78,173.5,1.35,8
2025-09-17T16:16:55Z,48.779604,2.044205,176.2,2.19,164.4,1.35,8
2025-09-17T16:16:56Z,48.779605,2.044211,176.7,3.06,151.1,1.48,7
2025-09-17T16:16:57Z,48.779610,2.044212,178.1,2.00,151.1,1.35,8
2025-09-17T16:16:58Z,48.779615,2.044202,178.2,1.72,151.1,1.35,8
2025-09-17T16:16:59Z,48.779623,2.044205,180.2,1.26,151.1,1.35,8
2025-09-17T16:17:00Z,48.779636,2.044210,181.2,2.30,94.1,1.35,8
2025-09-17T16:17:01Z,48.779641,2.044215,182.4,1.98,94.1,1.35,8
2025-09-17T16:17:02Z,48.779649,2.044216,183.9,2.00,94.1,1.35,8
2025-09-17T16:17:03Z,48.779654,2.044222,186.1,1.46,94.1,1.35,8
2025-09-17T16:17:04Z,48.779657,2.044228,188.5,0.59,94.1,1.07,9
2025-09-17T16:17:05Z,48.779658,2.044230,191.0,1.31,94.1,1.10,8
2025-09-17T16:17:06Z,48.779653,2.044237,193.3,2.43,94.1,1.10,8
2025-09-17T16:17:07Z,48.779648,2.044243,194.8,2.46,94.1,1.10,9
2025-09-17T16:17:08Z,48.779643,2.044253,195.8,2.07,94.1,1.54,7
2025-09-17T16:17:09Z,48.779651,2.044263,199.1,3.00,65.3,1.57,6
2025-09-17T16:17:10Z,48.779654,2.044273,201.2,3.61,65.3,1.57,6
2025-09-17T16:17:11Z,48.779639,2.044276,202.5,2.48,65.3,1.36,7
2025-09-17T16:17:12Z,48.779622,2.044270,204.0,2.78,65.3,1.36,8
2025-09-17T16:17:13Z,48.779609,2.044269,204.4,1.09,65.3,1.10,9
2025-09-17T16:17:14Z,48.779590,2.044275,205.0,2.78,65.3,1.10,8
2025-09-17T16:17:15Z,48.779582,2.044281,205.2,2.43,65.3,1.16,7
2025-09-17T16:17:16Z,48.779564,2.044282,207.3,5.09,65.3,1.16,7
2025-09-17T16:17:17Z,48.779542,2.044279,207.6,4.17,65.3,1.16,7
2025-09-17T16:17:18Z,48.779527,2.044277,208.4,2.67,65.3,1.23,6
2025-09-17T16:17:19Z,48.779517,2.044288,208.4,2.39,65.3,1.23,6
2025-09-17T16:17:20Z,48.779514,2.044296,209.5,2.24,65.3,1.23,6
2025-09-17T16:17:21Z,48.779503,2.044310,209.6,3.43,65.3,1.23,6
2025-09-17T16:17:22Z,48.779495,2.044328,208.9,2.87,65.3,1.23,6
2025-09-17T16:17:23Z,48.779491,2.044356,208.4,2.54,65.3,1.16,7
2025-09-17T16:17:24Z,48.779489,2.044362,209.8,2.19,65.3,1.16,7
2025-09-17T16:17:25Z,48.779471,2.044361,210.3,3.82,65.3,1.16,8
2025-09-17T16:17:26Z,48.779467,2.044373,208.9,3.24,65.3,1.16,7
2025-09-17T16:17:27Z,48.779459,2.044393,209.2,3.48,65.3,1.57,6
2025-09-17T16:17:28Z,48.779461,2.044413,209.3,4.50,65.3,1.57,7
2025-09-17T16:17:29Z,48.779453,2.044419,209.1,2.98,65.3,1.57,6
2025-09-17T16:17:30Z,48.779451,2.044432,209.4,3.09,65.3,1.57,6
2025-09-17T16:17:31Z,48.779444,2.044445,209.6,2.33,65.3,1.57,6
2025-09-17T16:17:32Z,48.779430,2.044456,209.0,3.17,65.3,1.16,7
2025-09-17T16:17:33Z,48.779418,2.044470,206.5,3.02,65.3,1.16,7
2025-09-17T16:17:34Z,48.779412,2.044477,206.9,3.33,65.3,1.23,6
2025-09-17T16:17:35Z,48.779398,2.044477,207.3,2.56,65.3,1.23,6
2025-09-17T16:17:36Z,48.779385,2.044483,207.2,3.43,65.3,2.70,5
2025-09-17T16:17:37Z,48.779350,2.044468,205.9,2.50,65.3,1.17,7
2025-09-17T16:17:38Z,48.779322,2.044447,206.0,2.24,65.3,1.17,7
2025-09-17T16:17:39Z,48.779309,2.044459,206.7,3.94,65.3,1.27,6
2025-09-17T16:17:40Z,48.779285,2.044454,206.9,4.04,65.3,1.23,7
2025-09-17T16:17:41Z,48.779269,2.044458,207.3,4.13,65.3,1.27,6
2025-09-17T16:17:42Z,48.779250,2.044450,208.0,3.72,65.3,1.27,6
2025-09-17T16:17:43Z,48.779235,2.044447,208.9,3.87,65.3,1.27,6
2025-09-17T16:17:44Z,48.779219,2.044442,210.0,3.82,65.3,1.27,6
2025-09-17T16:17:45Z,48.779209,2.044442,210.4,2.96,65.3,1.27,6
2025-09-17T16:17:46Z,48.779206,2.044445,211.0,1.81,65.3,1.16,7
2025-09-17T16:17:47Z,48.779190,2.044449,211.7,3.54,65.3,1.27,6
2025-09-17T16:17:48Z,48.779182,2.044458,212.3,3.78,65.3,9.55,4
2025-09-17T16:17:49Z,48.779170,2.044465,212.8,4.07,65.3,2.69,5
2025-09-17T16:17:50Z,48.779157,2.044466,214.1,3.67,65.3,1.23,6
2025-09-17T16:17:51Z,48.779146,2.044462,215.8,2.82,65.3,1.14,7
2025-09-17T16:17:52Z,48.779133,2.044462,216.4,3.07,65.3,1.30,6
2025-09-17T16:17:53Z,48.779113,2.044458,217.0,4.07,65.3,1.42,5
2025-09-17T16:17:54Z,48.779105,2.044464,218.2,3.70,65.3,1.23,6
2025-09-17T16:17:55Z,48.779103,2.044478,218.4,3.13,65.3,1.23,6
2025-09-17T16:17:56Z,48.779091,2.044480,219.1,3.44,65.3,1.16,7
2025-09-17T16:17:57Z,48.779084,2.044482,219.7,2.20,65.3,1.16,7
2025-09-17T16:17:58Z,48.779074,2.044496,219.7,3.20,65.3,1.16,7
2025-09-17T16:17:59Z,48.779079,2.044528,218.8,3.61,65.3,1.16,7
2025-09-17T16:18:00Z,48.779069,2.044536,218.7,2.61,65.3,1.74,6
2025-09-17T16:18:01Z,48.779058,2.044541,218.9,2.89,65.3,1.74,6
2025-09-17T16:18:02Z,48.779055,2.044562,218.4,3.02,65.3,1.74,6
2025-09-17T16:18:03Z,48.779053,2.044577,218.7,3.09,65.3,1.74,6
2025-09-17T16:18:04Z,48.779041,2.044585,218.9,3.22,65.3,1.74,6
2025-09-17T16:18:05Z,48.779054,2.044624,217.9,3.65,65.3,1.35,7
2025-09-17T16:18:06Z,48.779076,2.044673,217.0,3.46,99.4,1.07,9
2025-09-17T16:18:07Z,48.779121,2.044743,216.5,3.67,130.5,1.07,9
2025-09-17T16:18:08Z,48.779144,2.044791,215.8,3.09,128.8,1.07,9
2025-09-17T16:18:09Z,48.779172,2.044833,217.2,1.28,128.8,1.35,9
2025-09-17T16:18:10Z,48.779184,2.044857,217.8,0.74,128.8,1.07,9
2025-09-17T16:18:11Z,48.779189,2.044870,219.9,1.19,128.8,1.35,8
2025-09-17T16:18:12Z,48.779185,2.044878,220.6,2.20,125.0,1.07,9
2025-09-17T16:18:13Z,48.779190,2.044897,221.3,1.00,125.0,1.07,9
2025-09-17T16:18:14Z,48.779194,2.044897,222.5,1.35,125.0,1.12,8
2025-09-17T16:18:15Z,48.779194,2.044900,223.3,0.70,125.0,1.35,9
2025-09-17T16:18:16Z,48.779196,2.044907,225.0,1.11,125.0,1.35,9
2025-09-17T16:18:17Z,48.779201,2.044914,227.1,1.59,125.0,1.35,9
2025-09-17T16:18:18Z,48.779201,2.044931,228.3,3.57,96.5,1.35,8
2025-09-17T16:18:19Z,48.779201,2.044947,229.3,3.52,92.3,1.36,7
2025-09-17T16:18:20Z,48.779200,2.044961,230.3,3.26,95.1,1.36,7
2025-09-17T16:18:21Z,48.779196,2.044971,230.7,2.30,95.1,1.07,9
2025-09-17T16:18:22Z,48.779196,2.044970,232.2,0.24,95.1,1.07,9
2025-09-17T16:18:23Z,48.779179,2.044965,232.4,3.04,162.6,1.16,7
2025-09-17T16:18:24Z,48.779165,2.044960,232.1,3.13,185.0,1.16,7
2025-09-17T16:18:25Z,48.779151,2.044958,233.4,3.69,190.3,1.57,6
2025-09-17T16:18:26Z,48.779135,2.044956,234.7,4.74,190.0,1.57,6
2025-09-17T16:18:27Z,48.779124,2.044959,235.6,4.74,186.8,1.54,7
2025-09-17T16:18:28Z,48.779116,2.044964,236.4,4.30,185.9,1.54,7
2025-09-17T16:18:29Z,48.779107,2.044971,237.4,4.41,180.3,1.54,7
2025-09-17T16:18:30Z,48.779098,2.044979,238.2,3.98,180.3,1.54,7
2025-09-17T16:18:31Z,48.779100,2.044995,239.2,2.85,180.3,1.54,7
2025-09-17T16:18:32Z,48.779099,2.045009,239.9,2.63,180.3,1.66,5
2025-09-17T16:18:33Z,48.779092,2.045022,240.5,3.32,180.3,1.66,5
2025-09-17T16:18:34Z,48.779059,2.045024,238.6,3.93,180.3,1.16,7
2025-09-17T16:18:35Z,48.779022,2.045019,236.6,3.46,180.3,1.16,7
2025-09-17T16:18:36Z,48.779012,2.045034,237.2,4.00,180.3,1.58,6
2025-09-17T16:18:37Z,48.779004,2.045043,237.7,2.65,180.3,1.58,6
2025-09-17T16:18:38Z,48.778995,2.045054,238.0,3.20,180.3,1.58,6
2025-09-17T16:18:39Z,48.778984,2.045071,238.1,3.91,180.3,1.58,6
2025-09-17T16:18:40Z,48.778988,2.045113,237.0,3.83,180.3,1.54,7
2025-09-17T16:18:41Z,48.778985,2.045143,236.9,3.39,180.3,1.54,7
2025-09-17T16:18:42Z,48.778980,2.045178,235.2,3.93,180.3,1.54,7
2025-09-17T16:18:43Z,48.778966,2.045211,232.4,4.67,180.3,1.54,7
2025-09-17T16:18:44Z,48.778946,2.045231,229.7,4.20,180.3,1.54,7
2025-09-17T16:18:45Z,48.778925,2.045240,228.5,4.09,180.3,1.54,7
2025-09-17T16:18:46Z,48.778902,2.045242,227.7,3.24,180.3,1.54,7
2025-09-17T16:18:47Z,48.778845,2.045224,224.0,3.35,180.3,1.20,7
2025-09-17T16:18:48Z,48.778806,2.045214,221.1,2.80,180.3,1.94,6
2025-09-17T16:18:49Z,48.778768,2.045209,218.8,3.32,180.3,4.46,5
2025-09-17T16:18:50Z,48.778733,2.045197,216.6,3.20,180.3,1.25,7
2025-09-17T16:18:51Z,48.778717,2.045203,214.8,3.43,180.3,1.25,6
2025-09-17T16:18:52Z,48.778717,2.045203,214.8,3.43,180.3,99.99,0
2025-09-17T16:18:53Z,48.778707,2.045245,214.3,4.83,180.3,8.13,4
2025-09-17T16:18:54Z,48.778694,2.045289,213.6,6.93,180.3,8.12,4
2025-09-17T16:18:55Z,48.778694,2.045289,213.6,6.93,180.3,99.99,0
