<?xml version="1.0" encoding="UTF-8"?>
<gpx version="1.1" creator="ESP32 GPS Logger" xmlns="http://www.topografix.com/GPX/1/1">
  <metadata>
    <time>1970-01-01T00:00:00Z</time>
  </metadata>
  <trk>
    <name>1970-01-01T00:00:00Z</name>
    <trkseg>
      <trkpt lat="48.779085" lon="2.044811"><ele>126.5</ele><time>2025-09-17T14:01:05Z</time></trkpt>
      <trkpt lat="48.779108" lon="2.044795"><ele>126.5</ele><time>2025-09-17T14:01:06Z</time></trkpt>
      <trkpt lat="48.779140" lon="2.044784"><ele>126.7</ele><time>2025-09-17T14:01:07Z</time></trkpt>
      <trkpt lat="48.779153" lon="2.044773"><ele>127.5</ele><time>2025-09-17T14:01:08Z</time></trkpt>
      <trkpt lat="48.779155" lon="2.044764"><ele>127.1</ele><time>2025-09-17T14:01:09Z</time></trkpt>
      <trkpt lat="48.779131" lon="2.044745"><ele>126.1</ele><time>2025-09-17T14:01:10Z</time></trkpt>
      <trkpt lat="48.779108" lon="2.044729"><ele>127.0</ele><time>2025-09-17T14:01:11Z</time></trkpt>
      <trkpt lat="48.779105" lon="2.044719"><ele>127.6</ele><time>2025-09-17T14:01:12Z</time></trkpt>
      <trkpt lat="48.779130" lon="2.044708"><ele>128.4</ele><time>2025-09-17T14:01:13Z</time></trkpt>
      <trkpt lat="48.779142" lon="2.044698"><ele>127.6</ele><time>2025-09-17T14:01:14Z</time></trkpt>
      <trkpt lat="48.779150" lon="2.044689"><ele>128.1</ele><time>2025-09-17T14:01:15Z</time></trkpt>
      <trkpt lat="48.779162" lon="2.044683"><ele>127.6</ele><time>2025-09-17T14:01:16Z</time></trkpt>
      <trkpt lat="48.779180" lon="2.044677"><ele>127.8</ele><time>2025-09-17T14:01:17Z</time></trkpt>
      <trkpt lat="48.779193" lon="2.044669"><ele>127.7</ele><time>2025-09-17T14:01:18Z</time></trkpt>
      <trkpt lat="48.779204" lon="2.044660"><ele>127.2</ele><time>2025-09-17T14:01:19Z</time></trkpt>
      <trkpt lat="48.779216" lon="2.044649"><ele>128.4</ele><time>2025-09-17T14:01:20Z</time></trkpt>
      <trkpt lat="48.779226" lon="2.044639"><ele>127.4</ele><time>2025-09-17T14:01:21Z</time></trkpt>
      <trkpt lat="48.779235" lon="2.044624"><ele>128.7</ele><time>2025-09-17T14:01:22Z</time></trkpt>
      <trkpt lat="48.779242" lon="2.044613"><ele>127.6</ele><time>2025-09-17T14:01:23Z</time></trkpt>
      <trkpt lat="48.779249" lon="2.044602"><ele>128.0</ele><time>2025-09-17T14:01:24Z</time></trkpt>
      <trkpt lat="48.779255" lon="2.044592"><ele>127.3</ele><time>2025-09-17T14:01:25Z</time></trkpt>
      <trkpt lat="48.779254" lon="2.044582"><ele>126.3</ele><time>2025-09-17T14:01:26Z</time></trkpt>
      <trkpt lat="48.779259" lon="2.044573"><ele>127.1</ele><time>2025-09-17T14:01:27Z</time></trkpt>
      <trkpt lat="48.779263" lon="2.044565"><ele>127.2</ele><time>2025-09-17T14:01:28Z</time></trkpt>
      <trkpt lat="48.779269" lon="2.044558"><ele>127.3</ele><time>2025-09-17T14:01:29Z</time></trkpt>
      <trkpt lat="48.779268" lon="2.044549"><ele>127.0</ele><time>2025-09-17T14:01:30Z</time></trkpt>
      <trkpt lat="48.779273" lon="2.044538"><ele>127.3</ele><time>2025-09-17T14:01:31Z</time></trkpt>
      <trkpt lat="48.779277" lon="2.044526"><ele>127.9</ele><time>2025-09-17T14:01:32Z</time></trkpt>
      <trkpt lat="48.779277" lon="2.044519"><ele>126.7</ele><time>2025-09-17T14:01:33Z</time></trkpt>
      <trkpt lat="48.779268" lon="2.044512"><ele>126.1</ele><time>2025-09-17T14:01:34Z</time></trkpt>
      <trkpt lat="48.779283" lon="2.044500"><ele>127.1</ele><time>2025-09-17T14:01:35Z</time></trkpt>
      <trkpt lat="48.779300" lon="2.044485"><ele>126.2</ele><time>2025-09-17T14:01:36Z</time></trkpt>
      <trkpt lat="48.779306" lon="2.044472"><ele>127.8</ele><time>2025-09-17T14:01:37Z</time></trkpt>
      <trkpt lat="48.779319" lon="2.044457"><ele>127.9</ele><time>2025-09-17T14:01:38Z</time></trkpt>
      <trkpt lat="48.779329" lon="2.044446"><ele>126.4</ele><time>2025-09-17T14:01:39Z</time></trkpt>
      <trkpt lat="48.779345" lon="2.044439"><ele>126.3</ele><time>2025-09-17T14:01:40Z</time></trkpt>
      <trkpt lat="48.779359" lon="2.044429"><ele>127.0</ele><time>2025-09-17T14:01:41Z</time></trkpt>
      <trkpt lat="48.779373" lon="2.044423"><ele>127.6</ele><time>2025-09-17T14:01:42Z</time></trkpt>
      <trkpt lat="48.779382" lon="2.044417"><ele>127.1</ele><time>2025-09-17T14:01:43Z</time></trkpt>
      <trkpt lat="48.779401" lon="2.044407"><ele>127.7</ele><time>2025-09-17T14:01:44Z</time></trkpt>
      <trkpt lat="48.779405" lon="2.044400"><ele>125.8</ele><time>2025-09-17T14:01:45Z</time></trkpt>
      <trkpt lat="48.779427" lon="2.044395"><ele>126.1</ele><time>2025-09-17T14:01:46Z</time></trkpt>
      <trkpt lat="48.779437" lon="2.044387"><ele>126.6</ele><time>2025-09-17T14:01:47Z</time></trkpt>
      <trkpt lat="48.779446" lon="2.044376"><ele>127.3</ele><time>2025-09-17T14:01:48Z</time></trkpt>
      <trkpt lat="48.779451" lon="2.044364"><ele>127.8</ele><time>2025-09-17T14:01:49Z</time></trkpt>
      <trkpt lat="48.779460" lon="2.044352"><ele>127.9</ele><time>2025-09-17T14:01:50Z</time></trkpt>
      <trkpt lat="48.779470" lon="2.044337"><ele>127.9</ele><time>2025-09-17T14:01:51Z</time></trkpt>
      <trkpt lat="48.779484" lon="2.044322"><ele>127.8</ele><time>2025-09-17T14:01:52Z</time></trkpt>
      <trkpt lat="48.779502" lon="2.044307"><ele>127.8</ele><time>2025-09-17T14:01:53Z</time></trkpt>
      <trkpt lat="48.779517" lon="2.044297"><ele>128.2</ele><time>2025-09-17T14:01:54Z</time></trkpt>
      <trkpt lat="48.779529" lon="2.044291"><ele>128.1</ele><time>2025-09-17T14:01:55Z</time></trkpt>
      <trkpt lat="48.779541" lon="2.044282"><ele>126.9</ele><time>2025-09-17T14:01:56Z</time></trkpt>
      <trkpt lat="48.779547" lon="2.044272"><ele>127.8</ele><time>2025-09-17T14:01:57Z</time></trkpt>
      <trkpt lat="48.779547" lon="2.044272"><ele>127.8</ele><time>2025-09-17T14:01:58Z</time></trkpt>
      <trkpt lat="48.779632" lon="2.044062"><ele>124.2</ele><time>2025-09-17T14:02:16Z</time></trkpt>
      <trkpt lat="48.779632" lon="2.044062"><ele>124.2</ele><time>2025-09-17T14:02:17Z</time></trkpt>
      <trkpt lat="48.779646" lon="2.044040"><ele>126.0</ele><time>2025-09-17T14:02:19Z</time></trkpt>
      <trkpt lat="48.779598" lon="2.044035"><ele>126.3</ele><time>2025-09-17T14:02:20Z</time></trkpt>
      <trkpt lat="48.779598" lon="2.044035"><ele>126.3</ele><time>2025-09-17T14:02:21Z</time></trkpt>
      <trkpt lat="48.779697" lon="2.044166"><ele>129.3</ele><time>2025-09-17T14:02:25Z</time></trkpt>
      <trkpt lat="48.779701" lon="2.044183"><ele>129.0</ele><time>2025-09-17T14:02:26Z</time></trkpt>
      <trkpt lat="48.779699" lon="2.044177"><ele>128.7</ele><time>2025-09-17T14:02:27Z</time></trkpt>
      <trkpt lat="48.779706" lon="2.044179"><ele>128.9</ele><time>2025-09-17T14:02:28Z</time></trkpt>
      <trkpt lat="48.779706" lon="2.044179"><ele>128.9</ele><time>2025-09-17T14:02:29Z</time></trkpt>
      <trkpt lat="48.779749" lon="2.044179"><ele>129.5</ele><time>2025-09-17T14:02:33Z</time></trkpt>
      <trkpt lat="48.779767" lon="2.044182"><ele>128.8</ele><time>2025-09-17T14:02:34Z</time></trkpt>
      <trkpt lat="48.779795" lon="2.044196"><ele>125.0</ele><time>2025-09-17T14:02:35Z</time></trkpt>
      <trkpt lat="48.779818" lon="2.044209"><ele>126.3</ele><time>2025-09-17T14:02:36Z</time></trkpt>
      <trkpt lat="48.779839" lon="2.044235"><ele>127.2</ele><time>2025-09-17T14:02:37Z</time></trkpt>
      <trkpt lat="48.779852" lon="2.044247"><ele>127.3</ele><time>2025-09-17T14:02:38Z</time></trkpt>
      <trkpt lat="48.779872" lon="2.044255"><ele>127.4</ele><time>2025-09-17T14:02:39Z</time></trkpt>
      <trkpt lat="48.779888" lon="2.044285"><ele>123.3</ele><time>2025-09-17T14:02:40Z</time></trkpt>
      <trkpt lat="48.779881" lon="2.044301"><ele>122.7</ele><time>2025-09-17T14:02:41Z</time></trkpt>
      <trkpt lat="48.779881" lon="2.044301"><ele>122.7</ele><time>2025-09-17T14:02:42Z</time></trkpt>
      <trkpt lat="48.779681" lon="2.044087"><ele>127.9</ele><time>2025-09-17T14:06:33Z</time></trkpt>
      <trkpt lat="48.779681" lon="2.044087"><ele>127.9</ele><time>2025-09-17T14:06:34Z</time></trkpt>
      <trkpt lat="48.779651" lon="2.044119"><ele>127.1</ele><time>2025-09-17T14:06:36Z</time></trkpt>
      <trkpt lat="48.779656" lon="2.044123"><ele>126.6</ele><time>2025-09-17T14:06:37Z</time></trkpt>
      <trkpt lat="48.779664" lon="2.044113"><ele>128.2</ele><time>2025-09-17T14:06:38Z</time></trkpt>
      <trkpt lat="48.779692" lon="2.044129"><ele>127.6</ele><time>2025-09-17T14:06:39Z</time></trkpt>
      <trkpt lat="48.779707" lon="2.044132"><ele>128.2</ele><time>2025-09-17T14:06:40Z</time></trkpt>
      <trkpt lat="48.779702" lon="2.044126"><ele>130.4</ele><time>2025-09-17T14:06:41Z</time></trkpt>
      <trkpt lat="48.779670" lon="2.044106"><ele>132.0</ele><time>2025-09-17T14:06:42Z</time></trkpt>
      <trkpt lat="48.779649" lon="2.044093"><ele>133.2</ele><time>2025-09-17T14:06:43Z</time></trkpt>
      <trkpt lat="48.779652" lon="2.044096"><ele>133.6</ele><time>2025-09-17T14:06:44Z</time></trkpt>
      <trkpt lat="48.779653" lon="2.044098"><ele>134.3</ele><time>2025-09-17T14:06:45Z</time></trkpt>
      <trkpt lat="48.779651" lon="2.044100"><ele>135.0</ele><time>2025-09-17T14:06:46Z</time></trkpt>
      <trkpt lat="48.779649" lon="2.044099"><ele>135.5</ele><time>2025-09-17T14:06:47Z</time></trkpt>
      <trkpt lat="48.779649" lon="2.044100"><ele>136.1</ele><time>2025-09-17T14:06:48Z</time></trkpt>
      <trkpt lat="48.779649" lon="2.044100"><ele>136.5</ele><time>2025-09-17T14:06:49Z</time></trkpt>
      <trkpt lat="48.779649" lon="2.044100"><ele>137.0</ele><time>2025-09-17T14:06:50Z</time></trkpt>
      <trkpt lat="48.779648" lon="2.044100"><ele>137.1</ele><time>2025-09-17T14:06:51Z</time></trkpt>
      <trkpt lat="48.779641" lon="2.044100"><ele>137.8</ele><time>2025-09-17T14:06:52Z</time></trkpt>
      <trkpt lat="48.779637" lon="2.044092"><ele>136.8</ele><time>2025-09-17T14:06:53Z</time></trkpt>
      <trkpt lat="48.779636" lon="2.044090"><ele>136.5</ele><time>2025-09-17T14:06:54Z</time></trkpt>
      <trkpt lat="48.779634" lon="2.044088"><ele>136.2</ele><time>2025-09-17T14:06:55Z</time></trkpt>
      <trkpt lat="48.779630" lon="2.044082"><ele>135.7</ele><time>2025-09-17T14:06:56Z</time></trkpt>
      <trkpt lat="48.779628" lon="2.044078"><ele>135.4</ele><time>2025-09-17T14:06:57Z</time></trkpt>
      <trkpt lat="48.779626" lon="2.044075"><ele>134.9</ele><time>2025-09-17T14:06:58Z</time></trkpt>
      <trkpt lat="48.779624" lon="2.044075"><ele>135.0</ele><time>2025-09-17T14:06:59Z</time></trkpt>
      <trkpt lat="48.779621" lon="2.044076"><ele>135.0</ele><time>2025-09-17T14:07:00Z</time></trkpt>
      <trkpt lat="48.779619" lon="2.044072"><ele>134.6</ele><time>2025-09-17T14:07:01Z</time></trkpt>
      <trkpt lat="48.779615" lon="2.044070"><ele>134.5</ele><time>2025-09-17T14:07:02Z</time></trkpt>
      <trkpt lat="48.779570" lon="2.044123"><ele>146.8</ele><time>2025-09-17T14:07:03Z</time></trkpt>
      <trkpt lat="48.779567" lon="2.044141"><ele>149.0</ele><time>2025-09-17T14:07:04Z</time></trkpt>
      <trkpt lat="48.779564" lon="2.044152"><ele>150.6</ele><time>2025-09-17T14:07:05Z</time></trkpt>
      <trkpt lat="48.779561" lon="2.044168"><ele>152.2</ele><time>2025-09-17T14:07:06Z</time></trkpt>
      <trkpt lat="48.779560" lon="2.044176"><ele>152.8</ele><time>2025-09-17T14:07:07Z</time></trkpt>
      <trkpt lat="48.779559" lon="2.044183"><ele>153.2</ele><time>2025-09-17T14:07:08Z</time></trkpt>
      <trkpt lat="48.779558" lon="2.044189"><ele>153.3</ele><time>2025-09-17T14:07:09Z</time></trkpt>
      <trkpt lat="48.779558" lon="2.044191"><ele>153.1</ele><time>2025-09-17T14:07:10Z</time></trkpt>
      <trkpt lat="48.779558" lon="2.044195"><ele>153.2</ele><time>2025-09-17T14:07:11Z</time></trkpt>
      <trkpt lat="48.779557" lon="2.044197"><ele>153.2</ele><time>2025-09-17T14:07:12Z</time></trkpt>
      <trkpt lat="48.779557" lon="2.044199"><ele>153.1</ele><time>2025-09-17T14:07:13Z</time></trkpt>
      <trkpt lat="48.779558" lon="2.044200"><ele>153.0</ele><time>2025-09-17T14:07:14Z</time></trkpt>
      <trkpt lat="48.779559" lon="2.044201"><ele>153.2</ele><time>2025-09-17T14:07:15Z</time></trkpt>
      <trkpt lat="48.779559" lon="2.044204"><ele>153.8</ele><time>2025-09-17T14:07:16Z</time></trkpt>
      <trkpt lat="48.779559" lon="2.044209"><ele>154.5</ele><time>2025-09-17T14:07:17Z</time></trkpt>
      <trkpt lat="48.779560" lon="2.044211"><ele>155.1</ele><time>2025-09-17T14:07:18Z</time></trkpt>
      <trkpt lat="48.779560" lon="2.044214"><ele>155.5</ele><time>2025-09-17T14:07:19Z</time></trkpt>
      <trkpt lat="48.779561" lon="2.044216"><ele>155.5</ele><time>2025-09-17T14:07:20Z</time></trkpt>
      <trkpt lat="48.779561" lon="2.044218"><ele>155.5</ele><time>2025-09-17T14:07:21Z</time></trkpt>
      <trkpt lat="48.779561" lon="2.044220"><ele>155.5</ele><time>2025-09-17T14:07:22Z</time></trkpt>
      <trkpt lat="48.779562" lon="2.044220"><ele>155.5</ele><time>2025-09-17T14:07:23Z</time></trkpt>
      <trkpt lat="48.779562" lon="2.044218"><ele>155.5</ele><time>2025-09-17T14:07:24Z</time></trkpt>
      <trkpt lat="48.779562" lon="2.044219"><ele>155.5</ele><time>2025-09-17T14:07:25Z</time></trkpt>
      <trkpt lat="48.779562" lon="2.044220"><ele>155.6</ele><time>2025-09-17T14:07:26Z</time></trkpt>
      <trkpt lat="48.779558" lon="2.044235"><ele>157.7</ele><time>2025-09-17T14:07:27Z</time></trkpt>
      <trkpt lat="48.779558" lon="2.044235"><ele>157.4</ele><time>2025-09-17T14:07:28Z</time></trkpt>
      <trkpt lat="48.779558" lon="2.044234"><ele>157.1</ele><time>2025-09-17T14:07:29Z</time></trkpt>
      <trkpt lat="48.779559" lon="2.044232"><ele>156.6</ele><time>2025-09-17T14:07:30Z</time></trkpt>
      <trkpt lat="48.779559" lon="2.044230"><ele>156.2</ele><time>2025-09-17T14:07:31Z</time></trkpt>
      <trkpt lat="48.779560" lon="2.044227"><ele>155.8</ele><time>2025-09-17T14:07:32Z</time></trkpt>
      <trkpt lat="48.779560" lon="2.044227"><ele>155.6</ele><time>2025-09-17T14:07:33Z</time></trkpt>
      <trkpt lat="48.779561" lon="2.044227"><ele>155.6</ele><time>2025-09-17T14:07:34Z</time></trkpt>
      <trkpt lat="48.779561" lon="2.044226"><ele>155.6</ele><time>2025-09-17T14:07:35Z</time></trkpt>
      <trkpt lat="48.779561" lon="2.044224"><ele>155.7</ele><time>2025-09-17T14:07:36Z</time></trkpt>
      <trkpt lat="48.779561" lon="2.044224"><ele>155.7</ele><time>2025-09-17T14:07:37Z</time></trkpt>
      <trkpt lat="48.779562" lon="2.044222"><ele>155.8</ele><time>2025-09-17T14:07:38Z</time></trkpt>
      <trkpt lat="48.779563" lon="2.044221"><ele>155.9</ele><time>2025-09-17T14:07:39Z</time></trkpt>
      <trkpt lat="48.779562" lon="2.044227"><ele>156.6</ele><time>2025-09-17T14:07:40Z</time></trkpt>
      <trkpt lat="48.779564" lon="2.044225"><ele>156.4</ele><time>2025-09-17T14:07:41Z</time></trkpt>
      <trkpt lat="48.779563" lon="2.044227"><ele>157.1</ele><time>2025-09-17T14:07:42Z</time></trkpt>
      <trkpt lat="48.779563" lon="2.044226"><ele>157.2</ele><time>2025-09-17T14:07:43Z</time></trkpt>
      <trkpt lat="48.779562" lon="2.044208"><ele>157.4</ele><time>2025-09-17T14:07:44Z</time></trkpt>
      <trkpt lat="48.779562" lon="2.044157"><ele>157.5</ele><time>2025-09-17T14:07:45Z</time></trkpt>
      <trkpt lat="48.779580" lon="2.044092"><ele>157.7</ele><time>2025-09-17T14:07:46Z</time></trkpt>
      <trkpt lat="48.779617" lon="2.044026"><ele>157.9</ele><time>2025-09-17T14:07:47Z</time></trkpt>
      <trkpt lat="48.779669" lon="2.043958"><ele>158.3</ele><time>2025-09-17T14:07:48Z</time></trkpt>
      <trkpt lat="48.779737" lon="2.043890"><ele>158.6</ele><time>2025-09-17T14:07:49Z</time></trkpt>
      <trkpt lat="48.779806" lon="2.043816"><ele>159.2</ele><time>2025-09-17T14:07:50Z</time></trkpt>
      <trkpt lat="48.779864" lon="2.043744"><ele>159.5</ele><time>2025-09-17T14:07:51Z</time></trkpt>
      <trkpt lat="48.779897" lon="2.043692"><ele>161.2</ele><time>2025-09-17T14:07:52Z</time></trkpt>
      <trkpt lat="48.779911" lon="2.043658"><ele>161.9</ele><time>2025-09-17T14:07:53Z</time></trkpt>
      <trkpt lat="48.779917" lon="2.043642"><ele>161.4</ele><time>2025-09-17T14:07:54Z</time></trkpt>
      <trkpt lat="48.779918" lon="2.043635"><ele>161.0</ele><time>2025-09-17T14:07:55Z</time></trkpt>
      <trkpt lat="48.779916" lon="2.043637"><ele>161.6</ele><time>2025-09-17T14:07:56Z</time></trkpt>
      <trkpt lat="48.779915" lon="2.043635"><ele>161.7</ele><time>2025-09-17T14:07:57Z</time></trkpt>
      <trkpt lat="48.779913" lon="2.043634"><ele>161.7</ele><time>2025-09-17T14:07:58Z</time></trkpt>
      <trkpt lat="48.779912" lon="2.043633"><ele>161.6</ele><time>2025-09-17T14:07:59Z</time></trkpt>
      <trkpt lat="48.779911" lon="2.043632"><ele>161.7</ele><time>2025-09-17T14:08:00Z</time></trkpt>
      <trkpt lat="48.779911" lon="2.043632"><ele>161.3</ele><time>2025-09-17T14:08:01Z</time></trkpt>
      <trkpt lat="48.779913" lon="2.043630"><ele>160.7</ele><time>2025-09-17T14:08:02Z</time></trkpt>
      <trkpt lat="48.779913" lon="2.043630"><ele>160.3</ele><time>2025-09-17T14:08:03Z</time></trkpt>
      <trkpt lat="48.779914" lon="2.043629"><ele>159.7</ele><time>2025-09-17T14:08:04Z</time></trkpt>
      <trkpt lat="48.779915" lon="2.043627"><ele>158.6</ele><time>2025-09-17T14:08:05Z</time></trkpt>
      <trkpt lat="48.779913" lon="2.043631"><ele>159.9</ele><time>2025-09-17T14:08:06Z</time></trkpt>
      <trkpt lat="48.779913" lon="2.043630"><ele>159.9</ele><time>2025-09-17T14:08:07Z</time></trkpt>
      <trkpt lat="48.779913" lon="2.043630"><ele>160.1</ele><time>2025-09-17T14:08:08Z</time></trkpt>
      <trkpt lat="48.779914" lon="2.043630"><ele>160.4</ele><time>2025-09-17T14:08:09Z</time></trkpt>
      <trkpt lat="48.779916" lon="2.043629"><ele>159.7</ele><time>2025-09-17T14:08:10Z</time></trkpt>
      <trkpt lat="48.779918" lon="2.043631"><ele>159.9</ele><time>2025-09-17T14:08:11Z</time></trkpt>
      <trkpt lat="48.779920" lon="2.043631"><ele>159.6</ele><time>2025-09-17T14:08:12Z</time></trkpt>
      <trkpt lat="48.779922" lon="2.043621"><ele>159.5</ele><time>2025-09-17T14:08:13Z</time></trkpt>
      <trkpt lat="48.779926" lon="2.043607"><ele>159.6</ele><time>2025-09-17T14:08:14Z</time></trkpt>
      <trkpt lat="48.779929" lon="2.043587"><ele>159.7</ele><time>2025-09-17T14:08:15Z</time></trkpt>
      <trkpt lat="48.779932" lon="2.043563"><ele>159.9</ele><time>2025-09-17T14:08:16Z</time></trkpt>
      <trkpt lat="48.779938" lon="2.043551"><ele>159.6</ele><time>2025-09-17T14:08:17Z</time></trkpt>
      <trkpt lat="48.779937" lon="2.043549"><ele>159.9</ele><time>2025-09-17T14:08:18Z</time></trkpt>
      <trkpt lat="48.779937" lon="2.043550"><ele>160.3</ele><time>2025-09-17T14:08:19Z</time></trkpt>
      <trkpt lat="48.779939" lon="2.043546"><ele>160.4</ele><time>2025-09-17T14:08:20Z</time></trkpt>
      <trkpt lat="48.779944" lon="2.043531"><ele>160.5</ele><time>2025-09-17T14:08:21Z</time></trkpt>
      <trkpt lat="48.779950" lon="2.043513"><ele>161.3</ele><time>2025-09-17T14:08:22Z</time></trkpt>
      <trkpt lat="48.779958" lon="2.043498"><ele>161.7</ele><time>2025-09-17T14:08:23Z</time></trkpt>
      <trkpt lat="48.779963" lon="2.043490"><ele>162.4</ele><time>2025-09-17T14:08:24Z</time></trkpt>
      <trkpt lat="48.779968" lon="2.043484"><ele>162.5</ele><time>2025-09-17T14:08:25Z</time></trkpt>
      <trkpt lat="48.779980" lon="2.043470"><ele>161.9</ele><time>2025-09-17T14:08:26Z</time></trkpt>
      <trkpt lat="48.780009" lon="2.043449"><ele>161.1</ele><time>2025-09-17T14:08:27Z</time></trkpt>
      <trkpt lat="48.780038" lon="2.043438"><ele>161.2</ele><time>2025-09-17T14:08:28Z</time></trkpt>
      <trkpt lat="48.780062" lon="2.043436"><ele>161.2</ele><time>2025-09-17T14:08:29Z</time></trkpt>
      <trkpt lat="48.780096" lon="2.043438"><ele>161.3</ele><time>2025-09-17T14:08:30Z</time></trkpt>
      <trkpt lat="48.780138" lon="2.043434"><ele>161.4</ele><time>2025-09-17T14:08:31Z</time></trkpt>
      <trkpt lat="48.780175" lon="2.043414"><ele>162.0</ele><time>2025-09-17T14:08:32Z</time></trkpt>
      <trkpt lat="48.780203" lon="2.043374"><ele>162.0</ele><time>2025-09-17T14:08:33Z</time></trkpt>
      <trkpt lat="48.780215" lon="2.043320"><ele>161.3</ele><time>2025-09-17T14:08:34Z</time></trkpt>
      <trkpt lat="48.780201" lon="2.043271"><ele>161.0</ele><time>2025-09-17T14:08:35Z</time></trkpt>
      <trkpt lat="48.780170" lon="2.043248"><ele>160.5</ele><time>2025-09-17T14:08:36Z</time></trkpt>
      <trkpt lat="48.780126" lon="2.043259"><ele>159.5</ele><time>2025-09-17T14:08:37Z</time></trkpt>
      <trkpt lat="48.780076" lon="2.043309"><ele>159.1</ele><time>2025-09-17T14:08:38Z</time></trkpt>
      <trkpt lat="48.780017" lon="2.043378"><ele>158.6</ele><time>2025-09-17T14:08:39Z</time></trkpt>
      <trkpt lat="48.779944" lon="2.043451"><ele>158.8</ele><time>2025-09-17T14:08:40Z</time></trkpt>
      <trkpt lat="48.779871" lon="2.043528"><ele>158.2</ele><time>2025-09-17T14:08:41Z</time></trkpt>
      <trkpt lat="48.779801" lon="2.043609"><ele>158.6</ele><time>2025-09-17T14:08:42Z</time></trkpt>
      <trkpt lat="48.779740" lon="2.043683"><ele>158.3</ele><time>2025-09-17T14:08:43Z</time></trkpt>
      <trkpt lat="48.779686" lon="2.043749"><ele>158.7</ele><time>2025-09-17T14:08:44Z</time></trkpt>
      <trkpt lat="48.779640" lon="2.043804"><ele>158.6</ele><time>2025-09-17T14:08:45Z</time></trkpt>
      <trkpt lat="48.779600" lon="2.043854"><ele>158.6</ele><time>2025-09-17T14:08:46Z</time></trkpt>
      <trkpt lat="48.779564" lon="2.043900"><ele>158.3</ele><time>2025-09-17T14:08:47Z</time></trkpt>
      <trkpt lat="48.779528" lon="2.043938"><ele>158.1</ele><time>2025-09-17T14:08:48Z</time></trkpt>
      <trkpt lat="48.779492" lon="2.043976"><ele>157.8</ele><time>2025-09-17T14:08:49Z</time></trkpt>
      <trkpt lat="48.779454" lon="2.044015"><ele>157.6</ele><time>2025-09-17T14:08:50Z</time></trkpt>
      <trkpt lat="48.779414" lon="2.044057"><ele>157.0</ele><time>2025-09-17T14:08:51Z</time></trkpt>
      <trkpt lat="48.779374" lon="2.044108"><ele>156.8</ele><time>2025-09-17T14:08:52Z</time></trkpt>
      <trkpt lat="48.779331" lon="2.044158"><ele>156.4</ele><time>2025-09-17T14:08:53Z</time></trkpt>
      <trkpt lat="48.779284" lon="2.044212"><ele>156.1</ele><time>2025-09-17T14:08:54Z</time></trkpt>
      <trkpt lat="48.779229" lon="2.044272"><ele>155.9</ele><time>2025-09-17T14:08:55Z</time></trkpt>
      <trkpt lat="48.779170" lon="2.044342"><ele>155.8</ele><time>2025-09-17T14:08:56Z</time></trkpt>
      <trkpt lat="48.779103" lon="2.044422"><ele>155.8</ele><time>2025-09-17T14:08:57Z</time></trkpt>
      <trkpt lat="48.779033" lon="2.044498"><ele>155.6</ele><time>2025-09-17T14:08:58Z</time></trkpt>
      <trkpt lat="48.778968" lon="2.044565"><ele>155.4</ele><time>2025-09-17T14:08:59Z</time></trkpt>
      <trkpt lat="48.778907" lon="2.044633"><ele>155.4</ele><time>2025-09-17T14:09:00Z</time></trkpt>
      <trkpt lat="48.778836" lon="2.044712"><ele>155.3</ele><time>2025-09-17T14:09:01Z</time></trkpt>
      <trkpt lat="48.778759" lon="2.044802"><ele>155.1</ele><time>2025-09-17T14:09:02Z</time></trkpt>
      <trkpt lat="48.778675" lon="2.044903"><ele>154.7</ele><time>2025-09-17T14:09:03Z</time></trkpt>
      <trkpt lat="48.778591" lon="2.045002"><ele>154.7</ele><time>2025-09-17T14:09:04Z</time></trkpt>
      <trkpt lat="48.778514" lon="2.045087"><ele>154.8</ele><time>2025-09-17T14:09:05Z</time></trkpt>
      <trkpt lat="48.778443" lon="2.045163"><ele>154.6</ele><time>2025-09-17T14:09:06Z</time></trkpt>
      <trkpt lat="48.778373" lon="2.045237"><ele>154.6</ele><time>2025-09-17T14:09:07Z</time></trkpt>
      <trkpt lat="48.778305" lon="2.045314"><ele>154.8</ele><time>2025-09-17T14:09:08Z</time></trkpt>
      <trkpt lat="48.778236" lon="2.045393"><ele>155.0</ele><time>2025-09-17T14:09:09Z</time></trkpt>
      <trkpt lat="48.778168" lon="2.045472"><ele>155.3</ele><time>2025-09-17T14:09:10Z</time></trkpt>
      <trkpt lat="48.778098" lon="2.045554"><ele>155.4</ele><time>2025-09-17T14:09:11Z</time></trkpt>
      <trkpt lat="48.778029" lon="2.045633"><ele>155.7</ele><time>2025-09-17T14:09:12Z</time></trkpt>
      <trkpt lat="48.777951" lon="2.045717"><ele>155.7</ele><time>2025-09-17T14:09:13Z</time></trkpt>
      <trkpt lat="48.777866" lon="2.045810"><ele>155.9</ele><time>2025-09-17T14:09:14Z</time></trkpt>
      <trkpt lat="48.777776" lon="2.045910"><ele>155.9</ele><time>2025-09-17T14:09:15Z</time></trkpt>
      <trkpt lat="48.777690" lon="2.046005"><ele>156.1</ele><time>2025-09-17T14:09:16Z</time></trkpt>
      <trkpt lat="48.777610" lon="2.046092"><ele>156.3</ele><time>2025-09-17T14:09:17Z</time></trkpt>
      <trkpt lat="48.777533" lon="2.046179"><ele>156.3</ele><time>2025-09-17T14:09:18Z</time></trkpt>
      <trkpt lat="48.777460" lon="2.046263"><ele>156.5</ele><time>2025-09-17T14:09:19Z</time></trkpt>
      <trkpt lat="48.777396" lon="2.046340"><ele>156.6</ele><time>2025-09-17T14:09:20Z</time></trkpt>
      <trkpt lat="48.777339" lon="2.046407"><ele>156.7</ele><time>2025-09-17T14:09:21Z</time></trkpt>
      <trkpt lat="48.777289" lon="2.046468"><ele>156.5</ele><time>2025-09-17T14:09:22Z</time></trkpt>
      <trkpt lat="48.777239" lon="2.046525"><ele>156.4</ele><time>2025-09-17T14:09:23Z</time></trkpt>
      <trkpt lat="48.777177" lon="2.046579"><ele>156.4</ele><time>2025-09-17T14:09:24Z</time></trkpt>
      <trkpt lat="48.777104" lon="2.046618"><ele>156.2</ele><time>2025-09-17T14:09:25Z</time></trkpt>
      <trkpt lat="48.777031" lon="2.046636"><ele>156.0</ele><time>2025-09-17T14:09:26Z</time></trkpt>
      <trkpt lat="48.776958" lon="2.046628"><ele>156.3</ele><time>2025-09-17T14:09:27Z</time></trkpt>
      <trkpt lat="48.776885" lon="2.046598"><ele>156.5</ele><time>2025-09-17T14:09:28Z</time></trkpt>
      <trkpt lat="48.776813" lon="2.046557"><ele>156.8</ele><time>2025-09-17T14:09:29Z</time></trkpt>
      <trkpt lat="48.776748" lon="2.046520"><ele>157.2</ele><time>2025-09-17T14:09:30Z</time></trkpt>
      <trkpt lat="48.776691" lon="2.046490"><ele>157.5</ele><time>2025-09-17T14:09:31Z</time></trkpt>
      <trkpt lat="48.776642" lon="2.046464"><ele>157.5</ele><time>2025-09-17T14:09:32Z</time></trkpt>
      <trkpt lat="48.776600" lon="2.046440"><ele>157.8</ele><time>2025-09-17T14:09:33Z</time></trkpt>
      <trkpt lat="48.776565" lon="2.046419"><ele>157.9</ele><time>2025-09-17T14:09:34Z</time></trkpt>
      <trkpt lat="48.776533" lon="2.046392"><ele>157.7</ele><time>2025-09-17T14:09:35Z</time></trkpt>
      <trkpt lat="48.776511" lon="2.046366"><ele>157.8</ele><time>2025-09-17T14:09:36Z</time></trkpt>
      <trkpt lat="48.776501" lon="2.046351"><ele>157.9</ele><time>2025-09-17T14:09:37Z</time></trkpt>
      <trkpt lat="48.776493" lon="2.046339"><ele>157.8</ele><time>2025-09-17T14:09:38Z</time></trkpt>
      <trkpt lat="48.776483" lon="2.046321"><ele>158.0</ele><time>2025-09-17T14:09:39Z</time></trkpt>
      <trkpt lat="48.776464" lon="2.046283"><ele>158.2</ele><time>2025-09-17T14:09:40Z</time></trkpt>
      <trkpt lat="48.776440" lon="2.046214"><ele>158.5</ele><time>2025-09-17T14:09:41Z</time></trkpt>
      <trkpt lat="48.776407" lon="2.046125"><ele>158.9</ele><time>2025-09-17T14:09:42Z</time></trkpt>
      <trkpt lat="48.776356" lon="2.046041"><ele>159.0</ele><time>2025-09-17T14:09:43Z</time></trkpt>
      <trkpt lat="48.776288" lon="2.045989"><ele>158.9</ele><time>2025-09-17T14:09:44Z</time></trkpt>
      <trkpt lat="48.776202" lon="2.045979"><ele>158.7</ele><time>2025-09-17T14:09:45Z</time></trkpt>
      <trkpt lat="48.776109" lon="2.045991"><ele>158.2</ele><time>2025-09-17T14:09:46Z</time></trkpt>
      <trkpt lat="48.776016" lon="2.045993"><ele>157.8</ele><time>2025-09-17T14:09:47Z</time></trkpt>
      <trkpt lat="48.775928" lon="2.045968"><ele>157.9</ele><time>2025-09-17T14:09:48Z</time></trkpt>
      <trkpt lat="48.775844" lon="2.045924"><ele>158.1</ele><time>2025-09-17T14:09:49Z</time></trkpt>
      <trkpt lat="48.775757" lon="2.045891"><ele>158.6</ele><time>2025-09-17T14:09:50Z</time></trkpt>
      <trkpt lat="48.775666" lon="2.045877"><ele>158.7</ele><time>2025-09-17T14:09:51Z</time></trkpt>
      <trkpt lat="48.775574" lon="2.045880"><ele>159.0</ele><time>2025-09-17T14:09:52Z</time></trkpt>
      <trkpt lat="48.775480" lon="2.045898"><ele>159.1</ele><time>2025-09-17T14:09:53Z</time></trkpt>
      <trkpt lat="48.775394" lon="2.045927"><ele>159.3</ele><time>2025-09-17T14:09:54Z</time></trkpt>
      <trkpt lat="48.775316" lon="2.045952"><ele>159.1</ele><time>2025-09-17T14:09:55Z</time></trkpt>
      <trkpt lat="48.775239" lon="2.045981"><ele>159.4</ele><time>2025-09-17T14:09:56Z</time></trkpt>
      <trkpt lat="48.775155" lon="2.046011"><ele>159.3</ele><time>2025-09-17T14:09:57Z</time></trkpt>
      <trkpt lat="48.775060" lon="2.046044"><ele>158.9</ele><time>2025-09-17T14:09:58Z</time></trkpt>
      <trkpt lat="48.774953" lon="2.046079"><ele>158.4</ele><time>2025-09-17T14:09:59Z</time></trkpt>
      <trkpt lat="48.774846" lon="2.046106"><ele>158.0</ele><time>2025-09-17T14:10:00Z</time></trkpt>
      <trkpt lat="48.774747" lon="2.046117"><ele>158.0</ele><time>2025-09-17T14:10:01Z</time></trkpt>
      <trkpt lat="48.774658" lon="2.046113"><ele>158.6</ele><time>2025-09-17T14:10:02Z</time></trkpt>
      <trkpt lat="48.774577" lon="2.046093"><ele>158.6</ele><time>2025-09-17T14:10:03Z</time></trkpt>
      <trkpt lat="48.774496" lon="2.046058"><ele>159.1</ele><time>2025-09-17T14:10:04Z</time></trkpt>
      <trkpt lat="48.774413" lon="2.046012"><ele>159.6</ele><time>2025-09-17T14:10:05Z</time></trkpt>
      <trkpt lat="48.774335" lon="2.045969"><ele>160.9</ele><time>2025-09-17T14:10:06Z</time></trkpt>
      <trkpt lat="48.774272" lon="2.045927"><ele>162.0</ele><time>2025-09-17T14:10:07Z</time></trkpt>
      <trkpt lat="48.774226" lon="2.045889"><ele>161.1</ele><time>2025-09-17T14:10:08Z</time></trkpt>
      <trkpt lat="48.774194" lon="2.045868"><ele>161.7</ele><time>2025-09-17T14:10:09Z</time></trkpt>
      <trkpt lat="48.774181" lon="2.045859"><ele>162.0</ele><time>2025-09-17T14:10:10Z</time></trkpt>
      <trkpt lat="48.774178" lon="2.045856"><ele>161.5</ele><time>2025-09-17T14:10:11Z</time></trkpt>
      <trkpt lat="48.774180" lon="2.045855"><ele>161.8</ele><time>2025-09-17T14:10:12Z</time></trkpt>
      <trkpt lat="48.774180" lon="2.045856"><ele>162.1</ele><time>2025-09-17T14:10:13Z</time></trkpt>
      <trkpt lat="48.774180" lon="2.045857"><ele>161.4</ele><time>2025-09-17T14:10:14Z</time></trkpt>
      <trkpt lat="48.774179" lon="2.045858"><ele>161.6</ele><time>2025-09-17T14:10:15Z</time></trkpt>
      <trkpt lat="48.774179" lon="2.045860"><ele>161.4</ele><time>2025-09-17T14:10:16Z</time></trkpt>
      <trkpt lat="48.774180" lon="2.045859"><ele>161.0</ele><time>2025-09-17T14:10:17Z</time></trkpt>
      <trkpt lat="48.774181" lon="2.045859"><ele>160.8</ele><time>2025-09-17T14:10:18Z</time></trkpt>
      <trkpt lat="48.774181" lon="2.045859"><ele>160.7</ele><time>2025-09-17T14:10:19Z</time></trkpt>
      <trkpt lat="48.774183" lon="2.045858"><ele>160.4</ele><time>2025-09-17T14:10:20Z</time></trkpt>
      <trkpt lat="48.774183" lon="2.045856"><ele>160.3</ele><time>2025-09-17T14:10:21Z</time></trkpt>
      <trkpt lat="48.774184" lon="2.045855"><ele>160.3</ele><time>2025-09-17T14:10:22Z</time></trkpt>
      <trkpt lat="48.774183" lon="2.045854"><ele>160.4</ele><time>2025-09-17T14:10:23Z</time></trkpt>
      <trkpt lat="48.774182" lon="2.045855"><ele>160.5</ele><time>2025-09-17T14:10:24Z</time></trkpt>
      <trkpt lat="48.774183" lon="2.045857"><ele>160.6</ele><time>2025-09-17T14:10:25Z</time></trkpt>
      <trkpt lat="48.774184" lon="2.045857"><ele>160.8</ele><time>2025-09-17T14:10:26Z</time></trkpt>
      <trkpt lat="48.774184" lon="2.045861"><ele>160.6</ele><time>2025-09-17T14:10:27Z</time></trkpt>
      <trkpt lat="48.774186" lon="2.045863"><ele>160.8</ele><time>2025-09-17T14:10:28Z</time></trkpt>
      <trkpt lat="48.774186" lon="2.045865"><ele>160.9</ele><time>2025-09-17T14:10:29Z</time></trkpt>
      <trkpt lat="48.774178" lon="2.045863"><ele>160.9</ele><time>2025-09-17T14:10:30Z</time></trkpt>
      <trkpt lat="48.774154" lon="2.045851"><ele>161.4</ele><time>2025-09-17T14:10:31Z</time></trkpt>
      <trkpt lat="48.774115" lon="2.045825"><ele>161.6</ele><time>2025-09-17T14:10:32Z</time></trkpt>
      <trkpt lat="48.774074" lon="2.045793"><ele>162.0</ele><time>2025-09-17T14:10:33Z</time></trkpt>
      <trkpt lat="48.774035" lon="2.045752"><ele>162.3</ele><time>2025-09-17T14:10:34Z</time></trkpt>
      <trkpt lat="48.774005" lon="2.045696"><ele>162.1</ele><time>2025-09-17T14:10:35Z</time></trkpt>
      <trkpt lat="48.773978" lon="2.045625"><ele>161.6</ele><time>2025-09-17T14:10:36Z</time></trkpt>
      <trkpt lat="48.773949" lon="2.045555"><ele>161.0</ele><time>2025-09-17T14:10:37Z</time></trkpt>
      <trkpt lat="48.773913" lon="2.045502"><ele>161.1</ele><time>2025-09-17T14:10:38Z</time></trkpt>
      <trkpt lat="48.773870" lon="2.045472"><ele>161.0</ele><time>2025-09-17T14:10:39Z</time></trkpt>
      <trkpt lat="48.773824" lon="2.045463"><ele>160.1</ele><time>2025-09-17T14:10:40Z</time></trkpt>
      <trkpt lat="48.773776" lon="2.045484"><ele>159.0</ele><time>2025-09-17T14:10:41Z</time></trkpt>
      <trkpt lat="48.773733" lon="2.045534"><ele>158.1</ele><time>2025-09-17T14:10:42Z</time></trkpt>
      <trkpt lat="48.773701" lon="2.045615"><ele>157.1</ele><time>2025-09-17T14:10:43Z</time></trkpt>
      <trkpt lat="48.773679" lon="2.045730"><ele>156.9</ele><time>2025-09-17T14:10:44Z</time></trkpt>
      <trkpt lat="48.773657" lon="2.045859"><ele>156.9</ele><time>2025-09-17T14:10:45Z</time></trkpt>
      <trkpt lat="48.773627" lon="2.045994"><ele>156.6</ele><time>2025-09-17T14:10:46Z</time></trkpt>
      <trkpt lat="48.773588" lon="2.046140"><ele>156.6</ele><time>2025-09-17T14:10:47Z</time></trkpt>
      <trkpt lat="48.773540" lon="2.046294"><ele>156.4</ele><time>2025-09-17T14:10:48Z</time></trkpt>
      <trkpt lat="48.773495" lon="2.046457"><ele>156.1</ele><time>2025-09-17T14:10:49Z</time></trkpt>
      <trkpt lat="48.773447" lon="2.046620"><ele>155.9</ele><time>2025-09-17T14:10:50Z</time></trkpt>
      <trkpt lat="48.773398" lon="2.046784"><ele>155.5</ele><time>2025-09-17T14:10:51Z</time></trkpt>
      <trkpt lat="48.773350" lon="2.046952"><ele>155.5</ele><time>2025-09-17T14:10:52Z</time></trkpt>
      <trkpt lat="48.773302" lon="2.047124"><ele>155.3</ele><time>2025-09-17T14:10:53Z</time></trkpt>
      <trkpt lat="48.773254" lon="2.047300"><ele>155.3</ele><time>2025-09-17T14:10:54Z</time></trkpt>
      <trkpt lat="48.773204" lon="2.047478"><ele>155.5</ele><time>2025-09-17T14:10:55Z</time></trkpt>
      <trkpt lat="48.773154" lon="2.047657"><ele>155.3</ele><time>2025-09-17T14:10:56Z</time></trkpt>
      <trkpt lat="48.773105" lon="2.047839"><ele>155.1</ele><time>2025-09-17T14:10:57Z</time></trkpt>
      <trkpt lat="48.773058" lon="2.048021"><ele>155.0</ele><time>2025-09-17T14:10:58Z</time></trkpt>
      <trkpt lat="48.773004" lon="2.048199"><ele>155.1</ele><time>2025-09-17T14:10:59Z</time></trkpt>
      <trkpt lat="48.772953" lon="2.048382"><ele>154.8</ele><time>2025-09-17T14:11:00Z</time></trkpt>
      <trkpt lat="48.772901" lon="2.048571"><ele>154.4</ele><time>2025-09-17T14:11:01Z</time></trkpt>
      <trkpt lat="48.772847" lon="2.048765"><ele>154.2</ele><time>2025-09-17T14:11:02Z</time></trkpt>
      <trkpt lat="48.772798" lon="2.048964"><ele>154.2</ele><time>2025-09-17T14:11:03Z</time></trkpt>
      <trkpt lat="48.772741" lon="2.049167"><ele>153.7</ele><time>2025-09-17T14:11:04Z</time></trkpt>
      <trkpt lat="48.772683" lon="2.049373"><ele>153.1</ele><time>2025-09-17T14:11:05Z</time></trkpt>
      <trkpt lat="48.772621" lon="2.049574"><ele>152.7</ele><time>2025-09-17T14:11:06Z</time></trkpt>
      <trkpt lat="48.772560" lon="2.049773"><ele>152.6</ele><time>2025-09-17T14:11:07Z</time></trkpt>
      <trkpt lat="48.772503" lon="2.049976"><ele>152.2</ele><time>2025-09-17T14:11:08Z</time></trkpt>
      <trkpt lat="48.772450" lon="2.050181"><ele>151.9</ele><time>2025-09-17T14:11:07Z</time></trkpt>
      <trkpt lat="48.772388" lon="2.050406"><ele>151.9</ele><time>2025-09-17T14:11:08Z</time></trkpt>
      <trkpt lat="48.772317" lon="2.050654"><ele>151.8</ele><time>2025-09-17T14:11:09Z</time></trkpt>
      <trkpt lat="48.772248" lon="2.050895"><ele>151.6</ele><time>2025-09-17T14:11:10Z</time></trkpt>
      <trkpt lat="48.772195" lon="2.051082"><ele>151.6</ele><time>2025-09-17T14:11:11Z</time></trkpt>
      <trkpt lat="48.772156" lon="2.051227"><ele>151.6</ele><time>2025-09-17T14:11:12Z</time></trkpt>
      <trkpt lat="48.772118" lon="2.051366"><ele>151.8</ele><time>2025-09-17T14:11:13Z</time></trkpt>
      <trkpt lat="48.772080" lon="2.051521"><ele>151.6</ele><time>2025-09-17T14:11:14Z</time></trkpt>
      <trkpt lat="48.772032" lon="2.051694"><ele>151.6</ele><time>2025-09-17T14:11:15Z</time></trkpt>
      <trkpt lat="48.771977" lon="2.051886"><ele>151.5</ele><time>2025-09-17T14:11:16Z</time></trkpt>
      <trkpt lat="48.771917" lon="2.052090"><ele>151.2</ele><time>2025-09-17T14:11:17Z</time></trkpt>
      <trkpt lat="48.771859" lon="2.052299"><ele>151.2</ele><time>2025-09-17T14:11:18Z</time></trkpt>
      <trkpt lat="48.771799" lon="2.052511"><ele>151.2</ele><time>2025-09-17T14:11:19Z</time></trkpt>
      <trkpt lat="48.771737" lon="2.052726"><ele>151.5</ele><time>2025-09-17T14:11:20Z</time></trkpt>
      <trkpt lat="48.771676" lon="2.052945"><ele>151.7</ele><time>2025-09-17T14:11:21Z</time></trkpt>
      <trkpt lat="48.771615" lon="2.053169"><ele>152.1</ele><time>2025-09-17T14:11:22Z</time></trkpt>
      <trkpt lat="48.771553" lon="2.053396"><ele>152.0</ele><time>2025-09-17T14:11:23Z</time></trkpt>
      <trkpt lat="48.771490" lon="2.053622"><ele>152.4</ele><time>2025-09-17T14:11:24Z</time></trkpt>
      <trkpt lat="48.771428" lon="2.053834"><ele>152.5</ele><time>2025-09-17T14:11:25Z</time></trkpt>
      <trkpt lat="48.771374" lon="2.054030"><ele>152.9</ele><time>2025-09-17T14:11:26Z</time></trkpt>
      <trkpt lat="48.771320" lon="2.054217"><ele>153.3</ele><time>2025-09-17T14:11:27Z</time></trkpt>
      <trkpt lat="48.771268" lon="2.054402"><ele>153.5</ele><time>2025-09-17T14:11:28Z</time></trkpt>
      <trkpt lat="48.771218" lon="2.054578"><ele>153.8</ele><time>2025-09-17T14:11:29Z</time></trkpt>
      <trkpt lat="48.771170" lon="2.054737"><ele>154.2</ele><time>2025-09-17T14:11:30Z</time></trkpt>
      <trkpt lat="48.771128" lon="2.054880"><ele>154.5</ele><time>2025-09-17T14:11:31Z</time></trkpt>
      <trkpt lat="48.771092" lon="2.055013"><ele>154.5</ele><time>2025-09-17T14:11:32Z</time></trkpt>
      <trkpt lat="48.771048" lon="2.055119"><ele>154.6</ele><time>2025-09-17T14:11:33Z</time></trkpt>
      <trkpt lat="48.770989" lon="2.055198"><ele>154.8</ele><time>2025-09-17T14:11:34Z</time></trkpt>
      <trkpt lat="48.770919" lon="2.055251"><ele>154.9</ele><time>2025-09-17T14:11:35Z</time></trkpt>
      <trkpt lat="48.770837" lon="2.055284"><ele>155.1</ele><time>2025-09-17T14:11:36Z</time></trkpt>
      <trkpt lat="48.770747" lon="2.055296"><ele>155.0</ele><time>2025-09-17T14:11:37Z</time></trkpt>
      <trkpt lat="48.770656" lon="2.055268"><ele>155.0</ele><time>2025-09-17T14:11:38Z</time></trkpt>
      <trkpt lat="48.770566" lon="2.055194"><ele>154.8</ele><time>2025-09-17T14:11:39Z</time></trkpt>
      <trkpt lat="48.770472" lon="2.055087"><ele>154.6</ele><time>2025-09-17T14:11:40Z</time></trkpt>
      <trkpt lat="48.770366" lon="2.054977"><ele>154.4</ele><time>2025-09-17T14:11:41Z</time></trkpt>
      <trkpt lat="48.770243" lon="2.054888"><ele>154.2</ele><time>2025-09-17T14:11:42Z</time></trkpt>
      <trkpt lat="48.770110" lon="2.054820"><ele>153.9</ele><time>2025-09-17T14:11:43Z</time></trkpt>
      <trkpt lat="48.769975" lon="2.054762"><ele>153.9</ele><time>2025-09-17T14:11:44Z</time></trkpt>
      <trkpt lat="48.769837" lon="2.054706"><ele>153.8</ele><time>2025-09-17T14:11:45Z</time></trkpt>
      <trkpt lat="48.769698" lon="2.054649"><ele>153.8</ele><time>2025-09-17T14:11:46Z</time></trkpt>
      <trkpt lat="48.769560" lon="2.054592"><ele>154.0</ele><time>2025-09-17T14:11:47Z</time></trkpt>
      <trkpt lat="48.769422" lon="2.054534"><ele>154.6</ele><time>2025-09-17T14:11:48Z</time></trkpt>
      <trkpt lat="48.769284" lon="2.054477"><ele>155.2</ele><time>2025-09-17T14:11:49Z</time></trkpt>
      <trkpt lat="48.769148" lon="2.054421"><ele>156.0</ele><time>2025-09-17T14:11:50Z</time></trkpt>
      <trkpt lat="48.769010" lon="2.054369"><ele>157.0</ele><time>2025-09-17T14:11:51Z</time></trkpt>
      <trkpt lat="48.768873" lon="2.054313"><ele>157.5</ele><time>2025-09-17T14:11:52Z</time></trkpt>
      <trkpt lat="48.768743" lon="2.054258"><ele>158.0</ele><time>2025-09-17T14:11:53Z</time></trkpt>
      <trkpt lat="48.768623" lon="2.054206"><ele>158.3</ele><time>2025-09-17T14:11:54Z</time></trkpt>
      <trkpt lat="48.768507" lon="2.054155"><ele>158.7</ele><time>2025-09-17T14:11:55Z</time></trkpt>
      <trkpt lat="48.768390" lon="2.054106"><ele>159.4</ele><time>2025-09-17T14:11:56Z</time></trkpt>
      <trkpt lat="48.768277" lon="2.054064"><ele>159.6</ele><time>2025-09-17T14:11:57Z</time></trkpt>
      <trkpt lat="48.768170" lon="2.054034"><ele>160.0</ele><time>2025-09-17T14:11:58Z</time></trkpt>
      <trkpt lat="48.768071" lon="2.054006"><ele>160.3</ele><time>2025-09-17T14:11:59Z</time></trkpt>
      <trkpt lat="48.767984" lon="2.053975"><ele>160.4</ele><time>2025-09-17T14:12:00Z</time></trkpt>
      <trkpt lat="48.767911" lon="2.053950"><ele>160.7</ele><time>2025-09-17T14:12:01Z</time></trkpt>
      <trkpt lat="48.767856" lon="2.053929"><ele>160.7</ele><time>2025-09-17T14:12:02Z</time></trkpt>
      <trkpt lat="48.767809" lon="2.053910"><ele>160.8</ele><time>2025-09-17T14:12:03Z</time></trkpt>
      <trkpt lat="48.767762" lon="2.053878"><ele>160.9</ele><time>2025-09-17T14:12:04Z</time></trkpt>
      <trkpt lat="48.767714" lon="2.053813"><ele>161.4</ele><time>2025-09-17T14:12:05Z</time></trkpt>
      <trkpt lat="48.767668" lon="2.053740"><ele>161.4</ele><time>2025-09-17T14:12:06Z</time></trkpt>
      <trkpt lat="48.767622" lon="2.053692"><ele>161.4</ele><time>2025-09-17T14:12:07Z</time></trkpt>
      <trkpt lat="48.767579" lon="2.053674"><ele>161.9</ele><time>2025-09-17T14:12:08Z</time></trkpt>
      <trkpt lat="48.767537" lon="2.053675"><ele>161.9</ele><time>2025-09-17T14:12:09Z</time></trkpt>
      <trkpt lat="48.767494" lon="2.053687"><ele>161.9</ele><time>2025-09-17T14:12:10Z</time></trkpt>
      <trkpt lat="48.767437" lon="2.053702"><ele>161.8</ele><time>2025-09-17T14:12:11Z</time></trkpt>
      <trkpt lat="48.767353" lon="2.053701"><ele>161.6</ele><time>2025-09-17T14:12:12Z</time></trkpt>
      <trkpt lat="48.767253" lon="2.053679"><ele>161.3</ele><time>2025-09-17T14:12:13Z</time></trkpt>
      <trkpt lat="48.767139" lon="2.053644"><ele>161.5</ele><time>2025-09-17T14:12:14Z</time></trkpt>
      <trkpt lat="48.767012" lon="2.053594"><ele>161.5</ele><time>2025-09-17T14:12:15Z</time></trkpt>
      <trkpt lat="48.766880" lon="2.053540"><ele>161.5</ele><time>2025-09-17T14:12:16Z</time></trkpt>
      <trkpt lat="48.766744" lon="2.053478"><ele>161.7</ele><time>2025-09-17T14:12:17Z</time></trkpt>
      <trkpt lat="48.766599" lon="2.053408"><ele>162.1</ele><time>2025-09-17T14:12:18Z</time></trkpt>
      <trkpt lat="48.766446" lon="2.053332"><ele>162.3</ele><time>2025-09-17T14:12:19Z</time></trkpt>
      <trkpt lat="48.766286" lon="2.053248"><ele>162.7</ele><time>2025-09-17T14:12:20Z</time></trkpt>
      <trkpt lat="48.766127" lon="2.053155"><ele>162.9</ele><time>2025-09-17T14:12:21Z</time></trkpt>
      <trkpt lat="48.765972" lon="2.053057"><ele>163.2</ele><time>2025-09-17T14:12:22Z</time></trkpt>
      <trkpt lat="48.765822" lon="2.052961"><ele>163.7</ele><time>2025-09-17T14:12:23Z</time></trkpt>
      <trkpt lat="48.765678" lon="2.052861"><ele>163.9</ele><time>2025-09-17T14:12:24Z</time></trkpt>
      <trkpt lat="48.765535" lon="2.052753"><ele>164.3</ele><time>2025-09-17T14:12:25Z</time></trkpt>
      <trkpt lat="48.765396" lon="2.052640"><ele>164.3</ele><time>2025-09-17T14:12:26Z</time></trkpt>
      <trkpt lat="48.765257" lon="2.052526"><ele>165.1</ele><time>2025-09-17T14:12:27Z</time></trkpt>
      <trkpt lat="48.765121" lon="2.052406"><ele>165.4</ele><time>2025-09-17T14:12:28Z</time></trkpt>
      <trkpt lat="48.764987" lon="2.052281"><ele>165.5</ele><time>2025-09-17T14:12:29Z</time></trkpt>
      <trkpt lat="48.764856" lon="2.052154"><ele>165.5</ele><time>2025-09-17T14:12:30Z</time></trkpt>
      <trkpt lat="48.764733" lon="2.052030"><ele>165.5</ele><time>2025-09-17T14:12:31Z</time></trkpt>
      <trkpt lat="48.764616" lon="2.051915"><ele>165.8</ele><time>2025-09-17T14:12:32Z</time></trkpt>
      <trkpt lat="48.764507" lon="2.051807"><ele>165.8</ele><time>2025-09-17T14:12:33Z</time></trkpt>
      <trkpt lat="48.764405" lon="2.051708"><ele>165.6</ele><time>2025-09-17T14:12:34Z</time></trkpt>
      <trkpt lat="48.764310" lon="2.051613"><ele>165.1</ele><time>2025-09-17T14:12:35Z</time></trkpt>
      <trkpt lat="48.764225" lon="2.051532"><ele>165.2</ele><time>2025-09-17T14:12:36Z</time></trkpt>
      <trkpt lat="48.764149" lon="2.051460"><ele>164.8</ele><time>2025-09-17T14:12:37Z</time></trkpt>
      <trkpt lat="48.764078" lon="2.051400"><ele>165.1</ele><time>2025-09-17T14:12:38Z</time></trkpt>
      <trkpt lat="48.764013" lon="2.051345"><ele>165.2</ele><time>2025-09-17T14:12:39Z</time></trkpt>
      <trkpt lat="48.763957" lon="2.051298"><ele>165.3</ele><time>2025-09-17T14:12:40Z</time></trkpt>
      <trkpt lat="48.763909" lon="2.051254"><ele>165.2</ele><time>2025-09-17T14:12:41Z</time></trkpt>
      <trkpt lat="48.763870" lon="2.051220"><ele>165.4</ele><time>2025-09-17T14:12:42Z</time></trkpt>
      <trkpt lat="48.763836" lon="2.051190"><ele>165.6</ele><time>2025-09-17T14:12:43Z</time></trkpt>
      <trkpt lat="48.763805" lon="2.051167"><ele>166.0</ele><time>2025-09-17T14:12:44Z</time></trkpt>
      <trkpt lat="48.763781" lon="2.051147"><ele>166.0</ele><time>2025-09-17T14:12:45Z</time></trkpt>
      <trkpt lat="48.763757" lon="2.051130"><ele>165.9</ele><time>2025-09-17T14:12:46Z</time></trkpt>
      <trkpt lat="48.763722" lon="2.051104"><ele>165.6</ele><time>2025-09-17T14:12:47Z</time></trkpt>
      <trkpt lat="48.763671" lon="2.051068"><ele>165.7</ele><time>2025-09-17T14:12:48Z</time></trkpt>
      <trkpt lat="48.763615" lon="2.051027"><ele>165.8</ele><time>2025-09-17T14:12:49Z</time></trkpt>
      <trkpt lat="48.763562" lon="2.050989"><ele>165.7</ele><time>2025-09-17T14:12:50Z</time></trkpt>
      <trkpt lat="48.763511" lon="2.050951"><ele>165.5</ele><time>2025-09-17T14:12:51Z</time></trkpt>
      <trkpt lat="48.763462" lon="2.050915"><ele>165.4</ele><time>2025-09-17T14:12:52Z</time></trkpt>
      <trkpt lat="48.763412" lon="2.050883"><ele>165.5</ele><time>2025-09-17T14:12:53Z</time></trkpt>
      <trkpt lat="48.763360" lon="2.050846"><ele>165.5</ele><time>2025-09-17T14:12:54Z</time></trkpt>
      <trkpt lat="48.763311" lon="2.050813"><ele>165.5</ele><time>2025-09-17T14:12:55Z</time></trkpt>
      <trkpt lat="48.763269" lon="2.050793"><ele>166.6</ele><time>2025-09-17T14:12:56Z</time></trkpt>
      <trkpt lat="48.763233" lon="2.050772"><ele>166.6</ele><time>2025-09-17T14:12:57Z</time></trkpt>
      <trkpt lat="48.763203" lon="2.050755"><ele>166.4</ele><time>2025-09-17T14:12:58Z</time></trkpt>
      <trkpt lat="48.763178" lon="2.050743"><ele>166.4</ele><time>2025-09-17T14:12:59Z</time></trkpt>
      <trkpt lat="48.763158" lon="2.050734"><ele>166.0</ele><time>2025-09-17T14:13:00Z</time></trkpt>
      <trkpt lat="48.763143" lon="2.050727"><ele>165.6</ele><time>2025-09-17T14:13:01Z</time></trkpt>
      <trkpt lat="48.763135" lon="2.050724"><ele>166.1</ele><time>2025-09-17T14:13:02Z</time></trkpt>
      <trkpt lat="48.763136" lon="2.050723"><ele>166.5</ele><time>2025-09-17T14:13:03Z</time></trkpt>
      <trkpt lat="48.763136" lon="2.050725"><ele>166.6</ele><time>2025-09-17T14:13:04Z</time></trkpt>
      <trkpt lat="48.763136" lon="2.050726"><ele>166.4</ele><time>2025-09-17T14:13:05Z</time></trkpt>
      <trkpt lat="48.763136" lon="2.050726"><ele>166.6</ele><time>2025-09-17T14:13:06Z</time></trkpt>
      <trkpt lat="48.763138" lon="2.050727"><ele>166.8</ele><time>2025-09-17T14:13:07Z</time></trkpt>
      <trkpt lat="48.763140" lon="2.050727"><ele>166.9</ele><time>2025-09-17T14:13:08Z</time></trkpt>
      <trkpt lat="48.763140" lon="2.050727"><ele>167.0</ele><time>2025-09-17T14:13:09Z</time></trkpt>
      <trkpt lat="48.763140" lon="2.050726"><ele>166.9</ele><time>2025-09-17T14:13:10Z</time></trkpt>
      <trkpt lat="48.763140" lon="2.050724"><ele>166.7</ele><time>2025-09-17T14:13:11Z</time></trkpt>
      <trkpt lat="48.763140" lon="2.050723"><ele>166.6</ele><time>2025-09-17T14:13:12Z</time></trkpt>
      <trkpt lat="48.763140" lon="2.050721"><ele>166.3</ele><time>2025-09-17T14:13:13Z</time></trkpt>
      <trkpt lat="48.763139" lon="2.050721"><ele>166.4</ele><time>2025-09-17T14:13:14Z</time></trkpt>
      <trkpt lat="48.763140" lon="2.050719"><ele>166.4</ele><time>2025-09-17T14:13:15Z</time></trkpt>
      <trkpt lat="48.763140" lon="2.050718"><ele>166.5</ele><time>2025-09-17T14:13:16Z</time></trkpt>
      <trkpt lat="48.763140" lon="2.050718"><ele>166.5</ele><time>2025-09-17T14:13:17Z</time></trkpt>
      <trkpt lat="48.763140" lon="2.050718"><ele>166.5</ele><time>2025-09-17T14:13:18Z</time></trkpt>
      <trkpt lat="48.763140" lon="2.050717"><ele>166.4</ele><time>2025-09-17T14:13:19Z</time></trkpt>
      <trkpt lat="48.763141" lon="2.050717"><ele>166.5</ele><time>2025-09-17T14:13:20Z</time></trkpt>
      <trkpt lat="48.763141" lon="2.050716"><ele>166.4</ele><time>2025-09-17T14:13:21Z</time></trkpt>
      <trkpt lat="48.763141" lon="2.050715"><ele>166.3</ele><time>2025-09-17T14:13:22Z</time></trkpt>
      <trkpt lat="48.763141" lon="2.050715"><ele>166.3</ele><time>2025-09-17T14:13:23Z</time></trkpt>
      <trkpt lat="48.763142" lon="2.050715"><ele>166.3</ele><time>2025-09-17T14:13:24Z</time></trkpt>
      <trkpt lat="48.763142" lon="2.050715"><ele>166.3</ele><time>2025-09-17T14:13:25Z</time></trkpt>
      <trkpt lat="48.763142" lon="2.050715"><ele>166.3</ele><time>2025-09-17T14:13:26Z</time></trkpt>
      <trkpt lat="48.763142" lon="2.050715"><ele>166.3</ele><time>2025-09-17T14:13:27Z</time></trkpt>
      <trkpt lat="48.763143" lon="2.050715"><ele>166.3</ele><time>2025-09-17T14:13:28Z</time></trkpt>
      <trkpt lat="48.763143" lon="2.050716"><ele>166.3</ele><time>2025-09-17T14:13:29Z</time></trkpt>
      <trkpt lat="48.763143" lon="2.050716"><ele>166.3</ele><time>2025-09-17T14:13:30Z</time></trkpt>
      <trkpt lat="48.763143" lon="2.050717"><ele>166.5</ele><time>2025-09-17T14:13:31Z</time></trkpt>
      <trkpt lat="48.763143" lon="2.050718"><ele>166.6</ele><time>2025-09-17T14:13:32Z</time></trkpt>
      <trkpt lat="48.763144" lon="2.050718"><ele>166.7</ele><time>2025-09-17T14:13:33Z</time></trkpt>
      <trkpt lat="48.763144" lon="2.050718"><ele>166.8</ele><time>2025-09-17T14:13:34Z</time></trkpt>
      <trkpt lat="48.763145" lon="2.050718"><ele>167.0</ele><time>2025-09-17T14:13:35Z</time></trkpt>
      <trkpt lat="48.763145" lon="2.050718"><ele>167.1</ele><time>2025-09-17T14:13:36Z</time></trkpt>
      <trkpt lat="48.763146" lon="2.050719"><ele>167.3</ele><time>2025-09-17T14:13:37Z</time></trkpt>
      <trkpt lat="48.763146" lon="2.050719"><ele>167.3</ele><time>2025-09-17T14:13:38Z</time></trkpt>
      <trkpt lat="48.763146" lon="2.050720"><ele>167.4</ele><time>2025-09-17T14:13:39Z</time></trkpt>
      <trkpt lat="48.763145" lon="2.050721"><ele>167.5</ele><time>2025-09-17T14:13:40Z</time></trkpt>
      <trkpt lat="48.763145" lon="2.050721"><ele>167.5</ele><time>2025-09-17T14:13:41Z</time></trkpt>
      <trkpt lat="48.763145" lon="2.050722"><ele>167.4</ele><time>2025-09-17T14:13:42Z</time></trkpt>
      <trkpt lat="48.763145" lon="2.050723"><ele>167.4</ele><time>2025-09-17T14:13:43Z</time></trkpt>
      <trkpt lat="48.763144" lon="2.050723"><ele>167.2</ele><time>2025-09-17T14:13:44Z</time></trkpt>
      <trkpt lat="48.763143" lon="2.050724"><ele>167.0</ele><time>2025-09-17T14:13:45Z</time></trkpt>
      <trkpt lat="48.763143" lon="2.050725"><ele>167.0</ele><time>2025-09-17T14:13:46Z</time></trkpt>
      <trkpt lat="48.763143" lon="2.050725"><ele>167.1</ele><time>2025-09-17T14:13:47Z</time></trkpt>
      <trkpt lat="48.763144" lon="2.050726"><ele>167.2</ele><time>2025-09-17T14:13:48Z</time></trkpt>
      <trkpt lat="48.763144" lon="2.050726"><ele>167.3</ele><time>2025-09-17T14:13:49Z</time></trkpt>
      <trkpt lat="48.763144" lon="2.050727"><ele>167.5</ele><time>2025-09-17T14:13:50Z</time></trkpt>
      <trkpt lat="48.763145" lon="2.050728"><ele>167.7</ele><time>2025-09-17T14:13:51Z</time></trkpt>
      <trkpt lat="48.763145" lon="2.050728"><ele>167.8</ele><time>2025-09-17T14:13:52Z</time></trkpt>
      <trkpt lat="48.763144" lon="2.050729"><ele>167.9</ele><time>2025-09-17T14:13:53Z</time></trkpt>
      <trkpt lat="48.763144" lon="2.050730"><ele>167.9</ele><time>2025-09-17T14:13:54Z</time></trkpt>
      <trkpt lat="48.763136" lon="2.050726"><ele>168.0</ele><time>2025-09-17T14:13:55Z</time></trkpt>
      <trkpt lat="48.763106" lon="2.050710"><ele>167.7</ele><time>2025-09-17T14:13:56Z</time></trkpt>
      <trkpt lat="48.763058" lon="2.050675"><ele>167.6</ele><time>2025-09-17T14:13:57Z</time></trkpt>
      <trkpt lat="48.763017" lon="2.050613"><ele>167.2</ele><time>2025-09-17T14:13:58Z</time></trkpt>
      <trkpt lat="48.762993" lon="2.050522"><ele>166.9</ele><time>2025-09-17T14:13:59Z</time></trkpt>
      <trkpt lat="48.762987" lon="2.050401"><ele>167.0</ele><time>2025-09-17T14:14:00Z</time></trkpt>
      <trkpt lat="48.762991" lon="2.050253"><ele>166.9</ele><time>2025-09-17T14:14:01Z</time></trkpt>
      <trkpt lat="48.762994" lon="2.050089"><ele>166.8</ele><time>2025-09-17T14:14:02Z</time></trkpt>
      <trkpt lat="48.762994" lon="2.049914"><ele>166.9</ele><time>2025-09-17T14:14:03Z</time></trkpt>
      <trkpt lat="48.762990" lon="2.049723"><ele>166.7</ele><time>2025-09-17T14:14:04Z</time></trkpt>
      <trkpt lat="48.762980" lon="2.049525"><ele>166.8</ele><time>2025-09-17T14:14:05Z</time></trkpt>
      <trkpt lat="48.762964" lon="2.049321"><ele>166.7</ele><time>2025-09-17T14:14:06Z</time></trkpt>
      <trkpt lat="48.762943" lon="2.049109"><ele>166.8</ele><time>2025-09-17T14:14:07Z</time></trkpt>
      <trkpt lat="48.762918" lon="2.048892"><ele>167.1</ele><time>2025-09-17T14:14:08Z</time></trkpt>
      <trkpt lat="48.762897" lon="2.048676"><ele>167.0</ele><time>2025-09-17T14:14:09Z</time></trkpt>
      <trkpt lat="48.762874" lon="2.048463"><ele>167.2</ele><time>2025-09-17T14:14:10Z</time></trkpt>
      <trkpt lat="48.762851" lon="2.048250"><ele>167.4</ele><time>2025-09-17T14:14:11Z</time></trkpt>
      <trkpt lat="48.762826" lon="2.048041"><ele>167.2</ele><time>2025-09-17T14:14:12Z</time></trkpt>
      <trkpt lat="48.762798" lon="2.047831"><ele>167.3</ele><time>2025-09-17T14:14:13Z</time></trkpt>
      <trkpt lat="48.762769" lon="2.047618"><ele>167.8</ele><time>2025-09-17T14:14:14Z</time></trkpt>
      <trkpt lat="48.762743" lon="2.047406"><ele>168.3</ele><time>2025-09-17T14:14:15Z</time></trkpt>
      <trkpt lat="48.762719" lon="2.047197"><ele>168.1</ele><time>2025-09-17T14:14:16Z</time></trkpt>
      <trkpt lat="48.762695" lon="2.046991"><ele>167.9</ele><time>2025-09-17T14:14:17Z</time></trkpt>
      <trkpt lat="48.762669" lon="2.046790"><ele>168.2</ele><time>2025-09-17T14:14:18Z</time></trkpt>
      <trkpt lat="48.762644" lon="2.046593"><ele>168.4</ele><time>2025-09-17T14:14:19Z</time></trkpt>
      <trkpt lat="48.762616" lon="2.046397"><ele>169.4</ele><time>2025-09-17T14:14:20Z</time></trkpt>
      <trkpt lat="48.762594" lon="2.046202"><ele>169.1</ele><time>2025-09-17T14:14:21Z</time></trkpt>
      <trkpt lat="48.762571" lon="2.046019"><ele>169.4</ele><time>2025-09-17T14:14:22Z</time></trkpt>
      <trkpt lat="48.762554" lon="2.045848"><ele>169.1</ele><time>2025-09-17T14:14:23Z</time></trkpt>
      <trkpt lat="48.762534" lon="2.045691"><ele>169.9</ele><time>2025-09-17T14:14:24Z</time></trkpt>
      <trkpt lat="48.762521" lon="2.045537"><ele>169.2</ele><time>2025-09-17T14:14:25Z</time></trkpt>
      <trkpt lat="48.762509" lon="2.045390"><ele>168.0</ele><time>2025-09-17T14:14:26Z</time></trkpt>
      <trkpt lat="48.762497" lon="2.045257"><ele>167.0</ele><time>2025-09-17T14:14:27Z</time></trkpt>
      <trkpt lat="48.762482" lon="2.045140"><ele>166.5</ele><time>2025-09-17T14:14:28Z</time></trkpt>
      <trkpt lat="48.762470" lon="2.045041"><ele>166.3</ele><time>2025-09-17T14:14:29Z</time></trkpt>
      <trkpt lat="48.762459" lon="2.044956"><ele>166.1</ele><time>2025-09-17T14:14:30Z</time></trkpt>
      <trkpt lat="48.762450" lon="2.044879"><ele>165.5</ele><time>2025-09-17T14:14:31Z</time></trkpt>
      <trkpt lat="48.762442" lon="2.044814"><ele>165.3</ele><time>2025-09-17T14:14:32Z</time></trkpt>
      <trkpt lat="48.762431" lon="2.044764"><ele>165.7</ele><time>2025-09-17T14:14:33Z</time></trkpt>
      <trkpt lat="48.762422" lon="2.044732"><ele>165.8</ele><time>2025-09-17T14:14:34Z</time></trkpt>
      <trkpt lat="48.762414" lon="2.044715"><ele>165.9</ele><time>2025-09-17T14:14:35Z</time></trkpt>
      <trkpt lat="48.762411" lon="2.044710"><ele>166.0</ele><time>2025-09-17T14:14:36Z</time></trkpt>
      <trkpt lat="48.762412" lon="2.044710"><ele>166.1</ele><time>2025-09-17T14:14:37Z</time></trkpt>
      <trkpt lat="48.762413" lon="2.044709"><ele>165.9</ele><time>2025-09-17T14:14:38Z</time></trkpt>
      <trkpt lat="48.762413" lon="2.044710"><ele>165.9</ele><time>2025-09-17T14:14:39Z</time></trkpt>
      <trkpt lat="48.762413" lon="2.044708"><ele>165.4</ele><time>2025-09-17T14:14:40Z</time></trkpt>
      <trkpt lat="48.762413" lon="2.044708"><ele>165.3</ele><time>2025-09-17T14:14:41Z</time></trkpt>
      <trkpt lat="48.762414" lon="2.044707"><ele>165.0</ele><time>2025-09-17T14:14:42Z</time></trkpt>
      <trkpt lat="48.762414" lon="2.044707"><ele>164.8</ele><time>2025-09-17T14:14:43Z</time></trkpt>
      <trkpt lat="48.762414" lon="2.044707"><ele>164.7</ele><time>2025-09-17T14:14:44Z</time></trkpt>
      <trkpt lat="48.762414" lon="2.044707"><ele>164.6</ele><time>2025-09-17T14:14:45Z</time></trkpt>
      <trkpt lat="48.762413" lon="2.044706"><ele>164.5</ele><time>2025-09-17T14:14:46Z</time></trkpt>
      <trkpt lat="48.762414" lon="2.044706"><ele>164.3</ele><time>2025-09-17T14:14:47Z</time></trkpt>
      <trkpt lat="48.762414" lon="2.044706"><ele>164.1</ele><time>2025-09-17T14:14:48Z</time></trkpt>
      <trkpt lat="48.762414" lon="2.044706"><ele>164.0</ele><time>2025-09-17T14:14:49Z</time></trkpt>
      <trkpt lat="48.762415" lon="2.044705"><ele>164.0</ele><time>2025-09-17T14:14:50Z</time></trkpt>
      <trkpt lat="48.762412" lon="2.044694"><ele>163.8</ele><time>2025-09-17T14:14:51Z</time></trkpt>
      <trkpt lat="48.762405" lon="2.044650"><ele>163.7</ele><time>2025-09-17T14:14:52Z</time></trkpt>
      <trkpt lat="48.762396" lon="2.044568"><ele>163.6</ele><time>2025-09-17T14:14:53Z</time></trkpt>
      <trkpt lat="48.762388" lon="2.044468"><ele>163.2</ele><time>2025-09-17T14:14:54Z</time></trkpt>
      <trkpt lat="48.762369" lon="2.044376"><ele>163.0</ele><time>2025-09-17T14:14:55Z</time></trkpt>
      <trkpt lat="48.762331" lon="2.044313"><ele>163.1</ele><time>2025-09-17T14:14:56Z</time></trkpt>
      <trkpt lat="48.762270" lon="2.044285"><ele>162.8</ele><time>2025-09-17T14:14:57Z</time></trkpt>
      <trkpt lat="48.762188" lon="2.044292"><ele>162.4</ele><time>2025-09-17T14:14:58Z</time></trkpt>
      <trkpt lat="48.762091" lon="2.044318"><ele>161.7</ele><time>2025-09-17T14:14:59Z</time></trkpt>
      <trkpt lat="48.761981" lon="2.044360"><ele>161.3</ele><time>2025-09-17T14:15:00Z</time></trkpt>
      <trkpt lat="48.761862" lon="2.044410"><ele>161.4</ele><time>2025-09-17T14:15:01Z</time></trkpt>
      <trkpt lat="48.761738" lon="2.044462"><ele>161.4</ele><time>2025-09-17T14:15:02Z</time></trkpt>
      <trkpt lat="48.761607" lon="2.044513"><ele>161.3</ele><time>2025-09-17T14:15:03Z</time></trkpt>
      <trkpt lat="48.761468" lon="2.044550"><ele>161.3</ele><time>2025-09-17T14:15:04Z</time></trkpt>
      <trkpt lat="48.761322" lon="2.044577"><ele>162.4</ele><time>2025-09-17T14:15:05Z</time></trkpt>
      <trkpt lat="48.761176" lon="2.044602"><ele>162.5</ele><time>2025-09-17T14:15:06Z</time></trkpt>
      <trkpt lat="48.761037" lon="2.044635"><ele>162.5</ele><time>2025-09-17T14:15:07Z</time></trkpt>
      <trkpt lat="48.760908" lon="2.044668"><ele>162.7</ele><time>2025-09-17T14:15:08Z</time></trkpt>
      <trkpt lat="48.760771" lon="2.044680"><ele>162.1</ele><time>2025-09-17T14:15:09Z</time></trkpt>
      <trkpt lat="48.760625" lon="2.044656"><ele>161.6</ele><time>2025-09-17T14:15:10Z</time></trkpt>
      <trkpt lat="48.760485" lon="2.044612"><ele>161.9</ele><time>2025-09-17T14:15:11Z</time></trkpt>
      <trkpt lat="48.760354" lon="2.044545"><ele>162.5</ele><time>2025-09-17T14:15:12Z</time></trkpt>
      <trkpt lat="48.760223" lon="2.044463"><ele>162.4</ele><time>2025-09-17T14:15:13Z</time></trkpt>
      <trkpt lat="48.760087" lon="2.044357"><ele>162.1</ele><time>2025-09-17T14:15:14Z</time></trkpt>
      <trkpt lat="48.759952" lon="2.044249"><ele>161.8</ele><time>2025-09-17T14:15:15Z</time></trkpt>
      <trkpt lat="48.759830" lon="2.044147"><ele>161.8</ele><time>2025-09-17T14:15:16Z</time></trkpt>
      <trkpt lat="48.759716" lon="2.044049"><ele>162.6</ele><time>2025-09-17T14:15:17Z</time></trkpt>
      <trkpt lat="48.759611" lon="2.043957"><ele>163.3</ele><time>2025-09-17T14:15:18Z</time></trkpt>
      <trkpt lat="48.759519" lon="2.043873"><ele>163.3</ele><time>2025-09-17T14:15:19Z</time></trkpt>
      <trkpt lat="48.759443" lon="2.043796"><ele>163.9</ele><time>2025-09-17T14:15:20Z</time></trkpt>
      <trkpt lat="48.759371" lon="2.043732"><ele>164.0</ele><time>2025-09-17T14:15:21Z</time></trkpt>
      <trkpt lat="48.759309" lon="2.043681"><ele>164.8</ele><time>2025-09-17T14:15:22Z</time></trkpt>
      <trkpt lat="48.759261" lon="2.043647"><ele>165.8</ele><time>2025-09-17T14:15:23Z</time></trkpt>
      <trkpt lat="48.759228" lon="2.043615"><ele>165.1</ele><time>2025-09-17T14:15:24Z</time></trkpt>
      <trkpt lat="48.759209" lon="2.043601"><ele>164.4</ele><time>2025-09-17T14:15:25Z</time></trkpt>
      <trkpt lat="48.759197" lon="2.043595"><ele>165.7</ele><time>2025-09-17T14:15:26Z</time></trkpt>
      <trkpt lat="48.759189" lon="2.043585"><ele>165.1</ele><time>2025-09-17T14:15:27Z</time></trkpt>
      <trkpt lat="48.759183" lon="2.043581"><ele>165.3</ele><time>2025-09-17T14:15:28Z</time></trkpt>
      <trkpt lat="48.759170" lon="2.043574"><ele>165.3</ele><time>2025-09-17T14:15:29Z</time></trkpt>
      <trkpt lat="48.759148" lon="2.043562"><ele>165.5</ele><time>2025-09-17T14:15:30Z</time></trkpt>
      <trkpt lat="48.759116" lon="2.043539"><ele>166.4</ele><time>2025-09-17T14:15:31Z</time></trkpt>
      <trkpt lat="48.759082" lon="2.043511"><ele>166.9</ele><time>2025-09-17T14:15:32Z</time></trkpt>
      <trkpt lat="48.759045" lon="2.043475"><ele>167.4</ele><time>2025-09-17T14:15:33Z</time></trkpt>
      <trkpt lat="48.759001" lon="2.043440"><ele>167.6</ele><time>2025-09-17T14:15:34Z</time></trkpt>
      <trkpt lat="48.758953" lon="2.043397"><ele>167.7</ele><time>2025-09-17T14:15:35Z</time></trkpt>
      <trkpt lat="48.758899" lon="2.043348"><ele>167.8</ele><time>2025-09-17T14:15:36Z</time></trkpt>
      <trkpt lat="48.758840" lon="2.043296"><ele>167.8</ele><time>2025-09-17T14:15:37Z</time></trkpt>
      <trkpt lat="48.758784" lon="2.043248"><ele>167.5</ele><time>2025-09-17T14:15:38Z</time></trkpt>
      <trkpt lat="48.758738" lon="2.043206"><ele>167.1</ele><time>2025-09-17T14:15:39Z</time></trkpt>
      <trkpt lat="48.758696" lon="2.043171"><ele>167.0</ele><time>2025-09-17T14:15:40Z</time></trkpt>
      <trkpt lat="48.758651" lon="2.043133"><ele>166.5</ele><time>2025-09-17T14:15:41Z</time></trkpt>
      <trkpt lat="48.758597" lon="2.043088"><ele>166.3</ele><time>2025-09-17T14:15:42Z</time></trkpt>
      <trkpt lat="48.758535" lon="2.043039"><ele>166.3</ele><time>2025-09-17T14:15:43Z</time></trkpt>
      <trkpt lat="48.758466" lon="2.042985"><ele>166.3</ele><time>2025-09-17T14:15:44Z</time></trkpt>
      <trkpt lat="48.758392" lon="2.042925"><ele>166.3</ele><time>2025-09-17T14:15:45Z</time></trkpt>
      <trkpt lat="48.758315" lon="2.042864"><ele>166.5</ele><time>2025-09-17T14:15:46Z</time></trkpt>
      <trkpt lat="48.758235" lon="2.042799"><ele>166.6</ele><time>2025-09-17T14:15:47Z</time></trkpt>
      <trkpt lat="48.758149" lon="2.042728"><ele>166.4</ele><time>2025-09-17T14:15:48Z</time></trkpt>
      <trkpt lat="48.758059" lon="2.042657"><ele>166.7</ele><time>2025-09-17T14:15:49Z</time></trkpt>
      <trkpt lat="48.757964" lon="2.042579"><ele>166.7</ele><time>2025-09-17T14:15:50Z</time></trkpt>
      <trkpt lat="48.757867" lon="2.042497"><ele>166.8</ele><time>2025-09-17T14:15:51Z</time></trkpt>
      <trkpt lat="48.757768" lon="2.042417"><ele>166.8</ele><time>2025-09-17T14:15:52Z</time></trkpt>
      <trkpt lat="48.757667" lon="2.042335"><ele>167.1</ele><time>2025-09-17T14:15:53Z</time></trkpt>
      <trkpt lat="48.757565" lon="2.042240"><ele>166.8</ele><time>2025-09-17T14:15:54Z</time></trkpt>
      <trkpt lat="48.757460" lon="2.042149"><ele>167.8</ele><time>2025-09-17T14:15:55Z</time></trkpt>
      <trkpt lat="48.757353" lon="2.042056"><ele>168.4</ele><time>2025-09-17T14:15:56Z</time></trkpt>
      <trkpt lat="48.757243" lon="2.041965"><ele>168.9</ele><time>2025-09-17T14:15:57Z</time></trkpt>
      <trkpt lat="48.757136" lon="2.041872"><ele>169.7</ele><time>2025-09-17T14:15:58Z</time></trkpt>
      <trkpt lat="48.757030" lon="2.041769"><ele>169.5</ele><time>2025-09-17T14:15:59Z</time></trkpt>
      <trkpt lat="48.756924" lon="2.041677"><ele>170.0</ele><time>2025-09-17T14:16:00Z</time></trkpt>
      <trkpt lat="48.756814" lon="2.041594"><ele>170.1</ele><time>2025-09-17T14:16:01Z</time></trkpt>
      <trkpt lat="48.756699" lon="2.041519"><ele>169.9</ele><time>2025-09-17T14:16:02Z</time></trkpt>
      <trkpt lat="48.756578" lon="2.041455"><ele>170.4</ele><time>2025-09-17T14:16:03Z</time></trkpt>
      <trkpt lat="48.756453" lon="2.041398"><ele>170.0</ele><time>2025-09-17T14:16:04Z</time></trkpt>
      <trkpt lat="48.756323" lon="2.041358"><ele>169.9</ele><time>2025-09-17T14:16:05Z</time></trkpt>
      <trkpt lat="48.756189" lon="2.041326"><ele>169.3</ele><time>2025-09-17T14:16:06Z</time></trkpt>
      <trkpt lat="48.756055" lon="2.041306"><ele>169.0</ele><time>2025-09-17T14:16:07Z</time></trkpt>
      <trkpt lat="48.755921" lon="2.041305"><ele>169.1</ele><time>2025-09-17T14:16:08Z</time></trkpt>
      <trkpt lat="48.755795" lon="2.041318"><ele>169.2</ele><time>2025-09-17T14:16:09Z</time></trkpt>
      <trkpt lat="48.755677" lon="2.041342"><ele>169.3</ele><time>2025-09-17T14:16:10Z</time></trkpt>
      <trkpt lat="48.755571" lon="2.041379"><ele>168.8</ele><time>2025-09-17T14:16:11Z</time></trkpt>
      <trkpt lat="48.755472" lon="2.041425"><ele>168.8</ele><time>2025-09-17T14:16:12Z</time></trkpt>
      <trkpt lat="48.755372" lon="2.041470"><ele>169.1</ele><time>2025-09-17T14:16:13Z</time></trkpt>
      <trkpt lat="48.755273" lon="2.041511"><ele>169.3</ele><time>2025-09-17T14:16:14Z</time></trkpt>
      <trkpt lat="48.755182" lon="2.041551"><ele>169.1</ele><time>2025-09-17T14:16:15Z</time></trkpt>
      <trkpt lat="48.755102" lon="2.041589"><ele>169.0</ele><time>2025-09-17T14:16:16Z</time></trkpt>
      <trkpt lat="48.755030" lon="2.041625"><ele>169.1</ele><time>2025-09-17T14:16:17Z</time></trkpt>
      <trkpt lat="48.754973" lon="2.041654"><ele>168.8</ele><time>2025-09-17T14:16:18Z</time></trkpt>
      <trkpt lat="48.754934" lon="2.041674"><ele>168.2</ele><time>2025-09-17T14:16:19Z</time></trkpt>
      <trkpt lat="48.754911" lon="2.041687"><ele>168.8</ele><time>2025-09-17T14:16:20Z</time></trkpt>
      <trkpt lat="48.754895" lon="2.041691"><ele>168.9</ele><time>2025-09-17T14:16:21Z</time></trkpt>
      <trkpt lat="48.754876" lon="2.041692"><ele>168.9</ele><time>2025-09-17T14:16:22Z</time></trkpt>
      <trkpt lat="48.754837" lon="2.041697"><ele>171.4</ele><time>2025-09-17T14:16:23Z</time></trkpt>
      <trkpt lat="48.754781" lon="2.041686"><ele>171.1</ele><time>2025-09-17T14:16:24Z</time></trkpt>
      <trkpt lat="48.754719" lon="2.041677"><ele>171.6</ele><time>2025-09-17T14:16:25Z</time></trkpt>
      <trkpt lat="48.754651" lon="2.041670"><ele>171.9</ele><time>2025-09-17T14:16:26Z</time></trkpt>
      <trkpt lat="48.754580" lon="2.041648"><ele>171.8</ele><time>2025-09-17T14:16:27Z</time></trkpt>
      <trkpt lat="48.754507" lon="2.041599"><ele>171.1</ele><time>2025-09-17T14:16:28Z</time></trkpt>
      <trkpt lat="48.754436" lon="2.041523"><ele>170.3</ele><time>2025-09-17T14:16:29Z</time></trkpt>
      <trkpt lat="48.754370" lon="2.041424"><ele>169.7</ele><time>2025-09-17T14:16:30Z</time></trkpt>
      <trkpt lat="48.754309" lon="2.041306"><ele>168.8</ele><time>2025-09-17T14:16:31Z</time></trkpt>
      <trkpt lat="48.754254" lon="2.041175"><ele>168.2</ele><time>2025-09-17T14:16:32Z</time></trkpt>
      <trkpt lat="48.754204" lon="2.041031"><ele>167.4</ele><time>2025-09-17T14:16:33Z</time></trkpt>
      <trkpt lat="48.754160" lon="2.040872"><ele>165.7</ele><time>2025-09-17T14:16:34Z</time></trkpt>
      <trkpt lat="48.754119" lon="2.040707"><ele>165.0</ele><time>2025-09-17T14:16:35Z</time></trkpt>
      <trkpt lat="48.754083" lon="2.040525"><ele>163.9</ele><time>2025-09-17T14:16:36Z</time></trkpt>
      <trkpt lat="48.754056" lon="2.040322"><ele>163.4</ele><time>2025-09-17T14:16:37Z</time></trkpt>
      <trkpt lat="48.754049" lon="2.040109"><ele>162.4</ele><time>2025-09-17T14:16:38Z</time></trkpt>
      <trkpt lat="48.754060" lon="2.039887"><ele>161.1</ele><time>2025-09-17T14:16:39Z</time></trkpt>
      <trkpt lat="48.754088" lon="2.039658"><ele>160.3</ele><time>2025-09-17T14:16:40Z</time></trkpt>
      <trkpt lat="48.754126" lon="2.039430"><ele>159.9</ele><time>2025-09-17T14:16:41Z</time></trkpt>
      <trkpt lat="48.754172" lon="2.039213"><ele>159.5</ele><time>2025-09-17T14:16:42Z</time></trkpt>
      <trkpt lat="48.754208" lon="2.039003"><ele>159.3</ele><time>2025-09-17T14:16:43Z</time></trkpt>
      <trkpt lat="48.754241" lon="2.038804"><ele>158.5</ele><time>2025-09-17T14:16:44Z</time></trkpt>
      <trkpt lat="48.754255" lon="2.038608"><ele>158.2</ele><time>2025-09-17T14:16:45Z</time></trkpt>
      <trkpt lat="48.754243" lon="2.038410"><ele>157.8</ele><time>2025-09-17T14:16:46Z</time></trkpt>
      <trkpt lat="48.754191" lon="2.038203"><ele>156.5</ele><time>2025-09-17T14:16:47Z</time></trkpt>
      <trkpt lat="48.754107" lon="2.038007"><ele>154.7</ele><time>2025-09-17T14:16:48Z</time></trkpt>
      <trkpt lat="48.754010" lon="2.037808"><ele>152.8</ele><time>2025-09-17T14:16:49Z</time></trkpt>
      <trkpt lat="48.753911" lon="2.037610"><ele>152.4</ele><time>2025-09-17T14:16:50Z</time></trkpt>
      <trkpt lat="48.753816" lon="2.037414"><ele>151.9</ele><time>2025-09-17T14:16:51Z</time></trkpt>
      <trkpt lat="48.753724" lon="2.037224"><ele>151.4</ele><time>2025-09-17T14:16:52Z</time></trkpt>
      <trkpt lat="48.753633" lon="2.037046"><ele>151.3</ele><time>2025-09-17T14:16:53Z</time></trkpt>
      <trkpt lat="48.753540" lon="2.036862"><ele>151.7</ele><time>2025-09-17T14:16:54Z</time></trkpt>
      <trkpt lat="48.753439" lon="2.036660"><ele>151.8</ele><time>2025-09-17T14:16:55Z</time></trkpt>
      <trkpt lat="48.753329" lon="2.036447"><ele>152.1</ele><time>2025-09-17T14:16:56Z</time></trkpt>
      <trkpt lat="48.753220" lon="2.036236"><ele>152.6</ele><time>2025-09-17T14:16:57Z</time></trkpt>
      <trkpt lat="48.753113" lon="2.036024"><ele>153.0</ele><time>2025-09-17T14:16:58Z</time></trkpt>
      <trkpt lat="48.753011" lon="2.035816"><ele>153.5</ele><time>2025-09-17T14:16:59Z</time></trkpt>
      <trkpt lat="48.752906" lon="2.035608"><ele>154.5</ele><time>2025-09-17T14:17:00Z</time></trkpt>
      <trkpt lat="48.752801" lon="2.035395"><ele>154.8</ele><time>2025-09-17T14:17:01Z</time></trkpt>
      <trkpt lat="48.752694" lon="2.035184"><ele>155.4</ele><time>2025-09-17T14:17:02Z</time></trkpt>
      <trkpt lat="48.752584" lon="2.034972"><ele>156.4</ele><time>2025-09-17T14:17:03Z</time></trkpt>
      <trkpt lat="48.752466" lon="2.034750"><ele>156.3</ele><time>2025-09-17T14:17:04Z</time></trkpt>
      <trkpt lat="48.752341" lon="2.034512"><ele>156.5</ele><time>2025-09-17T14:17:05Z</time></trkpt>
      <trkpt lat="48.752218" lon="2.034269"><ele>156.5</ele><time>2025-09-17T14:17:06Z</time></trkpt>
      <trkpt lat="48.752097" lon="2.034028"><ele>156.3</ele><time>2025-09-17T14:17:07Z</time></trkpt>
      <trkpt lat="48.751979" lon="2.033796"><ele>156.6</ele><time>2025-09-17T14:17:08Z</time></trkpt>
      <trkpt lat="48.751863" lon="2.033567"><ele>156.7</ele><time>2025-09-17T14:17:09Z</time></trkpt>
      <trkpt lat="48.751750" lon="2.033336"><ele>156.6</ele><time>2025-09-17T14:17:10Z</time></trkpt>
      <trkpt lat="48.751639" lon="2.033109"><ele>157.2</ele><time>2025-09-17T14:17:11Z</time></trkpt>
      <trkpt lat="48.751526" lon="2.032882"><ele>157.3</ele><time>2025-09-17T14:17:12Z</time></trkpt>
      <trkpt lat="48.751413" lon="2.032653"><ele>157.6</ele><time>2025-09-17T14:17:13Z</time></trkpt>
      <trkpt lat="48.751289" lon="2.032415"><ele>157.7</ele><time>2025-09-17T14:17:14Z</time></trkpt>
      <trkpt lat="48.751149" lon="2.032164"><ele>157.9</ele><time>2025-09-17T14:17:15Z</time></trkpt>
      <trkpt lat="48.750998" lon="2.031886"><ele>158.3</ele><time>2025-09-17T14:17:16Z</time></trkpt>
      <trkpt lat="48.750843" lon="2.031580"><ele>158.9</ele><time>2025-09-17T14:17:17Z</time></trkpt>
      <trkpt lat="48.750690" lon="2.031268"><ele>159.6</ele><time>2025-09-17T14:17:18Z</time></trkpt>
      <trkpt lat="48.750543" lon="2.030967"><ele>159.6</ele><time>2025-09-17T14:17:19Z</time></trkpt>
      <trkpt lat="48.750402" lon="2.030684"><ele>160.2</ele><time>2025-09-17T14:17:20Z</time></trkpt>
      <trkpt lat="48.750268" lon="2.030417"><ele>160.5</ele><time>2025-09-17T14:17:21Z</time></trkpt>
      <trkpt lat="48.750140" lon="2.030163"><ele>160.9</ele><time>2025-09-17T14:17:22Z</time></trkpt>
      <trkpt lat="48.750015" lon="2.029918"><ele>161.1</ele><time>2025-09-17T14:17:23Z</time></trkpt>
      <trkpt lat="48.749894" lon="2.029676"><ele>161.3</ele><time>2025-09-17T14:17:24Z</time></trkpt>
      <trkpt lat="48.749776" lon="2.029441"><ele>161.5</ele><time>2025-09-17T14:17:25Z</time></trkpt>
      <trkpt lat="48.749660" lon="2.029209"><ele>161.6</ele><time>2025-09-17T14:17:26Z</time></trkpt>
      <trkpt lat="48.749547" lon="2.028983"><ele>162.0</ele><time>2025-09-17T14:17:27Z</time></trkpt>
      <trkpt lat="48.749436" lon="2.028759"><ele>162.4</ele><time>2025-09-17T14:17:28Z</time></trkpt>
      <trkpt lat="48.749328" lon="2.028543"><ele>162.7</ele><time>2025-09-17T14:17:29Z</time></trkpt>
      <trkpt lat="48.749227" lon="2.028344"><ele>162.8</ele><time>2025-09-17T14:17:30Z</time></trkpt>
      <trkpt lat="48.749127" lon="2.028150"><ele>162.8</ele><time>2025-09-17T14:17:31Z</time></trkpt>
      <trkpt lat="48.749028" lon="2.027959"><ele>163.0</ele><time>2025-09-17T14:17:32Z</time></trkpt>
      <trkpt lat="48.748928" lon="2.027769"><ele>163.0</ele><time>2025-09-17T14:17:33Z</time></trkpt>
      <trkpt lat="48.748829" lon="2.027579"><ele>163.1</ele><time>2025-09-17T14:17:34Z</time></trkpt>
      <trkpt lat="48.748731" lon="2.027390"><ele>163.1</ele><time>2025-09-17T14:17:35Z</time></trkpt>
      <trkpt lat="48.748638" lon="2.027205"><ele>163.1</ele><time>2025-09-17T14:17:36Z</time></trkpt>
      <trkpt lat="48.748547" lon="2.027024"><ele>163.1</ele><time>2025-09-17T14:17:37Z</time></trkpt>
      <trkpt lat="48.748461" lon="2.026857"><ele>163.0</ele><time>2025-09-17T14:17:38Z</time></trkpt>
      <trkpt lat="48.748382" lon="2.026701"><ele>163.2</ele><time>2025-09-17T14:17:39Z</time></trkpt>
      <trkpt lat="48.748306" lon="2.026552"><ele>163.5</ele><time>2025-09-17T14:17:40Z</time></trkpt>
      <trkpt lat="48.748233" lon="2.026405"><ele>163.5</ele><time>2025-09-17T14:17:41Z</time></trkpt>
      <trkpt lat="48.748163" lon="2.026264"><ele>163.7</ele><time>2025-09-17T14:17:42Z</time></trkpt>
      <trkpt lat="48.748100" lon="2.026135"><ele>164.0</ele><time>2025-09-17T14:17:43Z</time></trkpt>
      <trkpt lat="48.748043" lon="2.026019"><ele>164.2</ele><time>2025-09-17T14:17:44Z</time></trkpt>
      <trkpt lat="48.747991" lon="2.025915"><ele>164.4</ele><time>2025-09-17T14:17:45Z</time></trkpt>
      <trkpt lat="48.747943" lon="2.025817"><ele>164.5</ele><time>2025-09-17T14:17:46Z</time></trkpt>
      <trkpt lat="48.747901" lon="2.025729"><ele>165.0</ele><time>2025-09-17T14:17:47Z</time></trkpt>
      <trkpt lat="48.747865" lon="2.025650"><ele>165.2</ele><time>2025-09-17T14:17:48Z</time></trkpt>
      <trkpt lat="48.747838" lon="2.025586"><ele>165.4</ele><time>2025-09-17T14:17:49Z</time></trkpt>
      <trkpt lat="48.747818" lon="2.025531"><ele>165.5</ele><time>2025-09-17T14:17:50Z</time></trkpt>
      <trkpt lat="48.747800" lon="2.025475"><ele>165.6</ele><time>2025-09-17T14:17:51Z</time></trkpt>
      <trkpt lat="48.747782" lon="2.025404"><ele>165.7</ele><time>2025-09-17T14:17:52Z</time></trkpt>
      <trkpt lat="48.747763" lon="2.025321"><ele>165.8</ele><time>2025-09-17T14:17:53Z</time></trkpt>
      <trkpt lat="48.747734" lon="2.025240"><ele>165.8</ele><time>2025-09-17T14:17:54Z</time></trkpt>
      <trkpt lat="48.747688" lon="2.025165"><ele>165.8</ele><time>2025-09-17T14:17:55Z</time></trkpt>
      <trkpt lat="48.747623" lon="2.025082"><ele>165.7</ele><time>2025-09-17T14:17:56Z</time></trkpt>
      <trkpt lat="48.747555" lon="2.024985"><ele>165.8</ele><time>2025-09-17T14:17:57Z</time></trkpt>
      <trkpt lat="48.747484" lon="2.024871"><ele>166.0</ele><time>2025-09-17T14:17:58Z</time></trkpt>
      <trkpt lat="48.747408" lon="2.024743"><ele>166.2</ele><time>2025-09-17T14:17:59Z</time></trkpt>
      <trkpt lat="48.747335" lon="2.024611"><ele>166.4</ele><time>2025-09-17T14:18:00Z</time></trkpt>
      <trkpt lat="48.747264" lon="2.024478"><ele>166.5</ele><time>2025-09-17T14:18:01Z</time></trkpt>
      <trkpt lat="48.747197" lon="2.024347"><ele>166.7</ele><time>2025-09-17T14:18:02Z</time></trkpt>
      <trkpt lat="48.747132" lon="2.024214"><ele>167.0</ele><time>2025-09-17T14:18:03Z</time></trkpt>
      <trkpt lat="48.747065" lon="2.024084"><ele>167.0</ele><time>2025-09-17T14:18:04Z</time></trkpt>
      <trkpt lat="48.747000" lon="2.023959"><ele>166.9</ele><time>2025-09-17T14:18:05Z</time></trkpt>
      <trkpt lat="48.746938" lon="2.023838"><ele>166.7</ele><time>2025-09-17T14:18:06Z</time></trkpt>
      <trkpt lat="48.746880" lon="2.023724"><ele>166.8</ele><time>2025-09-17T14:18:07Z</time></trkpt>
      <trkpt lat="48.746823" lon="2.023608"><ele>166.8</ele><time>2025-09-17T14:18:08Z</time></trkpt>
      <trkpt lat="48.746768" lon="2.023495"><ele>166.8</ele><time>2025-09-17T14:18:09Z</time></trkpt>
      <trkpt lat="48.746713" lon="2.023381"><ele>166.4</ele><time>2025-09-17T14:18:10Z</time></trkpt>
      <trkpt lat="48.746661" lon="2.023264"><ele>166.1</ele><time>2025-09-17T14:18:11Z</time></trkpt>
      <trkpt lat="48.746610" lon="2.023144"><ele>165.7</ele><time>2025-09-17T14:18:12Z</time></trkpt>
      <trkpt lat="48.746560" lon="2.023023"><ele>165.5</ele><time>2025-09-17T14:18:13Z</time></trkpt>
      <trkpt lat="48.746515" lon="2.022898"><ele>165.2</ele><time>2025-09-17T14:18:14Z</time></trkpt>
      <trkpt lat="48.746474" lon="2.022769"><ele>164.9</ele><time>2025-09-17T14:18:15Z</time></trkpt>
      <trkpt lat="48.746435" lon="2.022636"><ele>164.5</ele><time>2025-09-17T14:18:16Z</time></trkpt>
      <trkpt lat="48.746398" lon="2.022502"><ele>164.1</ele><time>2025-09-17T14:18:17Z</time></trkpt>
      <trkpt lat="48.746361" lon="2.022365"><ele>163.5</ele><time>2025-09-17T14:18:18Z</time></trkpt>
      <trkpt lat="48.746326" lon="2.022229"><ele>163.2</ele><time>2025-09-17T14:18:19Z</time></trkpt>
      <trkpt lat="48.746292" lon="2.022095"><ele>162.7</ele><time>2025-09-17T14:18:20Z</time></trkpt>
      <trkpt lat="48.746259" lon="2.021972"><ele>162.0</ele><time>2025-09-17T14:18:21Z</time></trkpt>
      <trkpt lat="48.746226" lon="2.021859"><ele>161.6</ele><time>2025-09-17T14:18:22Z</time></trkpt>
      <trkpt lat="48.746190" lon="2.021749"><ele>161.3</ele><time>2025-09-17T14:18:23Z</time></trkpt>
      <trkpt lat="48.746152" lon="2.021642"><ele>160.7</ele><time>2025-09-17T14:18:24Z</time></trkpt>
      <trkpt lat="48.746108" lon="2.021531"><ele>160.3</ele><time>2025-09-17T14:18:25Z</time></trkpt>
      <trkpt lat="48.746057" lon="2.021418"><ele>159.8</ele><time>2025-09-17T14:18:26Z</time></trkpt>
      <trkpt lat="48.746001" lon="2.021303"><ele>159.2</ele><time>2025-09-17T14:18:27Z</time></trkpt>
      <trkpt lat="48.745944" lon="2.021183"><ele>158.8</ele><time>2025-09-17T14:18:28Z</time></trkpt>
      <trkpt lat="48.745884" lon="2.021057"><ele>158.1</ele><time>2025-09-17T14:18:29Z</time></trkpt>
      <trkpt lat="48.745834" lon="2.020923"><ele>158.0</ele><time>2025-09-17T14:18:30Z</time></trkpt>
      <trkpt lat="48.745766" lon="2.020780"><ele>157.2</ele><time>2025-09-17T14:18:31Z</time></trkpt>
      <trkpt lat="48.745693" lon="2.020636"><ele>156.1</ele><time>2025-09-17T14:18:32Z</time></trkpt>
      <trkpt lat="48.745626" lon="2.020481"><ele>155.2</ele><time>2025-09-17T14:18:33Z</time></trkpt>
      <trkpt lat="48.745553" lon="2.020323"><ele>154.2</ele><time>2025-09-17T14:18:34Z</time></trkpt>
      <trkpt lat="48.745480" lon="2.020163"><ele>154.0</ele><time>2025-09-17T14:18:35Z</time></trkpt>
      <trkpt lat="48.745412" lon="2.019988"><ele>153.1</ele><time>2025-09-17T14:18:36Z</time></trkpt>
      <trkpt lat="48.745318" lon="2.019812"><ele>152.5</ele><time>2025-09-17T14:18:37Z</time></trkpt>
      <trkpt lat="48.745222" lon="2.019622"><ele>151.4</ele><time>2025-09-17T14:18:38Z</time></trkpt>
      <trkpt lat="48.745114" lon="2.019454"><ele>151.2</ele><time>2025-09-17T14:18:39Z</time></trkpt>
      <trkpt lat="48.745013" lon="2.019295"><ele>150.5</ele><time>2025-09-17T14:18:40Z</time></trkpt>
      <trkpt lat="48.744913" lon="2.019161"><ele>149.9</ele><time>2025-09-17T14:18:41Z</time></trkpt>
      <trkpt lat="48.744811" lon="2.019047"><ele>149.4</ele><time>2025-09-17T14:18:42Z</time></trkpt>
      <trkpt lat="48.744695" lon="2.018960"><ele>150.8</ele><time>2025-09-17T14:18:43Z</time></trkpt>
      <trkpt lat="48.744564" lon="2.018905"><ele>152.1</ele><time>2025-09-17T14:18:44Z</time></trkpt>
      <trkpt lat="48.744428" lon="2.018864"><ele>150.8</ele><time>2025-09-17T14:18:45Z</time></trkpt>
      <trkpt lat="48.744295" lon="2.018864"><ele>152.4</ele><time>2025-09-17T14:18:46Z</time></trkpt>
      <trkpt lat="48.744168" lon="2.018876"><ele>152.9</ele><time>2025-09-17T14:18:47Z</time></trkpt>
      <trkpt lat="48.744040" lon="2.018914"><ele>152.5</ele><time>2025-09-17T14:18:48Z</time></trkpt>
      <trkpt lat="48.743900" lon="2.018994"><ele>150.8</ele><time>2025-09-17T14:18:49Z</time></trkpt>
      <trkpt lat="48.743730" lon="2.019100"><ele>150.9</ele><time>2025-09-17T14:18:50Z</time></trkpt>
      <trkpt lat="48.743547" lon="2.019212"><ele>150.2</ele><time>2025-09-17T14:18:51Z</time></trkpt>
      <trkpt lat="48.743359" lon="2.019360"><ele>150.3</ele><time>2025-09-17T14:18:52Z</time></trkpt>
      <trkpt lat="48.743166" lon="2.019492"><ele>150.0</ele><time>2025-09-17T14:18:53Z</time></trkpt>
      <trkpt lat="48.743004" lon="2.019627"><ele>147.5</ele><time>2025-09-17T14:18:54Z</time></trkpt>
      <trkpt lat="48.742834" lon="2.019752"><ele>144.9</ele><time>2025-09-17T14:18:55Z</time></trkpt>
      <trkpt lat="48.742659" lon="2.019833"><ele>144.3</ele><time>2025-09-17T14:18:56Z</time></trkpt>
      <trkpt lat="48.742487" lon="2.019917"><ele>143.7</ele><time>2025-09-17T14:18:57Z</time></trkpt>
      <trkpt lat="48.742327" lon="2.020020"><ele>142.2</ele><time>2025-09-17T14:18:58Z</time></trkpt>
      <trkpt lat="48.742159" lon="2.020124"><ele>141.5</ele><time>2025-09-17T14:18:59Z</time></trkpt>
      <trkpt lat="48.741989" lon="2.020281"><ele>139.9</ele><time>2025-09-17T14:19:00Z</time></trkpt>
      <trkpt lat="48.741879" lon="2.020472"><ele>140.2</ele><time>2025-09-17T14:19:01Z</time></trkpt>
      <trkpt lat="48.741757" lon="2.020627"><ele>140.9</ele><time>2025-09-17T14:19:02Z</time></trkpt>
      <trkpt lat="48.741645" lon="2.020779"><ele>142.0</ele><time>2025-09-17T14:19:03Z</time></trkpt>
      <trkpt lat="48.741521" lon="2.020922"><ele>140.3</ele><time>2025-09-17T14:19:04Z</time></trkpt>
      <trkpt lat="48.741365" lon="2.021034"><ele>141.4</ele><time>2025-09-17T14:19:05Z</time></trkpt>
      <trkpt lat="48.741229" lon="2.021155"><ele>140.1</ele><time>2025-09-17T14:19:06Z</time></trkpt>
      <trkpt lat="48.741135" lon="2.021352"><ele>135.9</ele><time>2025-09-17T14:19:07Z</time></trkpt>
      <trkpt lat="48.741006" lon="2.021529"><ele>134.1</ele><time>2025-09-17T14:19:08Z</time></trkpt>
      <trkpt lat="48.740888" lon="2.021729"><ele>131.8</ele><time>2025-09-17T14:19:09Z</time></trkpt>
      <trkpt lat="48.740772" lon="2.021896"><ele>132.0</ele><time>2025-09-17T14:19:10Z</time></trkpt>
      <trkpt lat="48.740671" lon="2.022077"><ele>130.3</ele><time>2025-09-17T14:19:11Z</time></trkpt>
      <trkpt lat="48.740584" lon="2.022256"><ele>129.4</ele><time>2025-09-17T14:19:12Z</time></trkpt>
      <trkpt lat="48.740505" lon="2.022441"><ele>128.0</ele><time>2025-09-17T14:19:13Z</time></trkpt>
      <trkpt lat="48.740430" lon="2.022604"><ele>126.0</ele><time>2025-09-17T14:19:14Z</time></trkpt>
      <trkpt lat="48.740357" lon="2.022751"><ele>122.6</ele><time>2025-09-17T14:19:15Z</time></trkpt>
      <trkpt lat="48.740266" lon="2.022852"><ele>119.7</ele><time>2025-09-17T14:19:16Z</time></trkpt>
      <trkpt lat="48.740154" lon="2.022867"><ele>118.7</ele><time>2025-09-17T14:19:17Z</time></trkpt>
      <trkpt lat="48.740052" lon="2.022813"><ele>117.2</ele><time>2025-09-17T14:19:18Z</time></trkpt>
      <trkpt lat="48.739973" lon="2.022705"><ele>114.2</ele><time>2025-09-17T14:19:19Z</time></trkpt>
      <trkpt lat="48.739904" lon="2.022550"><ele>111.9</ele><time>2025-09-17T14:19:20Z</time></trkpt>
      <trkpt lat="48.739839" lon="2.022369"><ele>109.8</ele><time>2025-09-17T14:19:21Z</time></trkpt>
      <trkpt lat="48.739778" lon="2.022176"><ele>108.6</ele><time>2025-09-17T14:19:22Z</time></trkpt>
      <trkpt lat="48.739714" lon="2.021980"><ele>107.6</ele><time>2025-09-17T14:19:23Z</time></trkpt>
      <trkpt lat="48.739646" lon="2.021776"><ele>106.5</ele><time>2025-09-17T14:19:24Z</time></trkpt>
      <trkpt lat="48.739567" lon="2.021550"><ele>105.8</ele><time>2025-09-17T14:19:25Z</time></trkpt>
      <trkpt lat="48.739474" lon="2.021284"><ele>105.5</ele><time>2025-09-17T14:19:26Z</time></trkpt>
      <trkpt lat="48.739373" lon="2.020981"><ele>105.1</ele><time>2025-09-17T14:19:27Z</time></trkpt>
      <trkpt lat="48.739278" lon="2.020679"><ele>105.5</ele><time>2025-09-17T14:19:28Z</time></trkpt>
      <trkpt lat="48.739190" lon="2.020399"><ele>105.7</ele><time>2025-09-17T14:19:29Z</time></trkpt>
      <trkpt lat="48.739105" lon="2.020138"><ele>106.0</ele><time>2025-09-17T14:19:30Z</time></trkpt>
      <trkpt lat="48.739018" lon="2.019880"><ele>106.4</ele><time>2025-09-17T14:19:31Z</time></trkpt>
      <trkpt lat="48.738933" lon="2.019624"><ele>106.8</ele><time>2025-09-17T14:19:32Z</time></trkpt>
      <trkpt lat="48.738850" lon="2.019378"><ele>107.2</ele><time>2025-09-17T14:19:33Z</time></trkpt>
      <trkpt lat="48.738769" lon="2.019140"><ele>107.7</ele><time>2025-09-17T14:19:34Z</time></trkpt>
      <trkpt lat="48.738691" lon="2.018907"><ele>108.1</ele><time>2025-09-17T14:19:35Z</time></trkpt>
      <trkpt lat="48.738613" lon="2.018682"><ele>108.5</ele><time>2025-09-17T14:19:36Z</time></trkpt>
      <trkpt lat="48.738541" lon="2.018467"><ele>108.9</ele><time>2025-09-17T14:19:37Z</time></trkpt>
      <trkpt lat="48.738473" lon="2.018268"><ele>109.4</ele><time>2025-09-17T14:19:38Z</time></trkpt>
      <trkpt lat="48.738410" lon="2.018083"><ele>109.9</ele><time>2025-09-17T14:19:39Z</time></trkpt>
      <trkpt lat="48.738353" lon="2.017913"><ele>110.5</ele><time>2025-09-17T14:19:40Z</time></trkpt>
      <trkpt lat="48.738301" lon="2.017754"><ele>111.2</ele><time>2025-09-17T14:19:41Z</time></trkpt>
      <trkpt lat="48.738248" lon="2.017601"><ele>111.9</ele><time>2025-09-17T14:19:42Z</time></trkpt>
      <trkpt lat="48.738194" lon="2.017455"><ele>112.6</ele><time>2025-09-17T14:19:43Z</time></trkpt>
      <trkpt lat="48.738141" lon="2.017316"><ele>113.6</ele><time>2025-09-17T14:19:44Z</time></trkpt>
      <trkpt lat="48.738088" lon="2.017184"><ele>114.1</ele><time>2025-09-17T14:19:45Z</time></trkpt>
      <trkpt lat="48.738044" lon="2.017063"><ele>114.6</ele><time>2025-09-17T14:19:46Z</time></trkpt>
      <trkpt lat="48.738010" lon="2.016946"><ele>115.2</ele><time>2025-09-17T14:19:47Z</time></trkpt>
      <trkpt lat="48.737981" lon="2.016830"><ele>115.5</ele><time>2025-09-17T14:19:48Z</time></trkpt>
      <trkpt lat="48.737946" lon="2.016713"><ele>116.1</ele><time>2025-09-17T14:19:49Z</time></trkpt>
      <trkpt lat="48.737890" lon="2.016568"><ele>116.6</ele><time>2025-09-17T14:19:50Z</time></trkpt>
      <trkpt lat="48.737824" lon="2.016375"><ele>117.3</ele><time>2025-09-17T14:19:51Z</time></trkpt>
      <trkpt lat="48.737759" lon="2.016157"><ele>118.2</ele><time>2025-09-17T14:19:52Z</time></trkpt>
      <trkpt lat="48.737694" lon="2.015935"><ele>119.4</ele><time>2025-09-17T14:19:53Z</time></trkpt>
      <trkpt lat="48.737621" lon="2.015703"><ele>121.0</ele><time>2025-09-17T14:19:54Z</time></trkpt>
      <trkpt lat="48.737539" lon="2.015459"><ele>122.4</ele><time>2025-09-17T14:19:55Z</time></trkpt>
      <trkpt lat="48.737456" lon="2.015213"><ele>123.5</ele><time>2025-09-17T14:19:56Z</time></trkpt>
      <trkpt lat="48.737375" lon="2.014968"><ele>124.8</ele><time>2025-09-17T14:19:57Z</time></trkpt>
      <trkpt lat="48.737293" lon="2.014722"><ele>126.1</ele><time>2025-09-17T14:19:58Z</time></trkpt>
      <trkpt lat="48.737211" lon="2.014472"><ele>126.9</ele><time>2025-09-17T14:19:59Z</time></trkpt>
      <trkpt lat="48.737128" lon="2.014218"><ele>128.0</ele><time>2025-09-17T14:20:00Z</time></trkpt>
      <trkpt lat="48.737049" lon="2.013961"><ele>129.2</ele><time>2025-09-17T14:20:01Z</time></trkpt>
      <trkpt lat="48.736972" lon="2.013701"><ele>130.1</ele><time>2025-09-17T14:20:02Z</time></trkpt>
      <trkpt lat="48.736889" lon="2.013443"><ele>131.0</ele><time>2025-09-17T14:20:03Z</time></trkpt>
      <trkpt lat="48.736798" lon="2.013193"><ele>131.7</ele><time>2025-09-17T14:20:04Z</time></trkpt>
      <trkpt lat="48.736705" lon="2.012950"><ele>133.4</ele><time>2025-09-17T14:20:05Z</time></trkpt>
      <trkpt lat="48.736606" lon="2.012707"><ele>134.2</ele><time>2025-09-17T14:20:06Z</time></trkpt>
      <trkpt lat="48.736488" lon="2.012475"><ele>136.1</ele><time>2025-09-17T14:20:07Z</time></trkpt>
      <trkpt lat="48.736350" lon="2.012253"><ele>137.0</ele><time>2025-09-17T14:20:08Z</time></trkpt>
      <trkpt lat="48.736206" lon="2.012033"><ele>138.3</ele><time>2025-09-17T14:20:09Z</time></trkpt>
      <trkpt lat="48.736035" lon="2.011836"><ele>139.4</ele><time>2025-09-17T14:20:10Z</time></trkpt>
      <trkpt lat="48.735830" lon="2.011657"><ele>139.9</ele><time>2025-09-17T14:20:11Z</time></trkpt>
      <trkpt lat="48.735630" lon="2.011469"><ele>141.9</ele><time>2025-09-17T14:20:12Z</time></trkpt>
      <trkpt lat="48.735438" lon="2.011287"><ele>143.6</ele><time>2025-09-17T14:20:13Z</time></trkpt>
      <trkpt lat="48.735263" lon="2.011100"><ele>145.8</ele><time>2025-09-17T14:20:14Z</time></trkpt>
      <trkpt lat="48.735086" lon="2.010883"><ele>147.4</ele><time>2025-09-17T14:20:15Z</time></trkpt>
      <trkpt lat="48.734910" lon="2.010627"><ele>149.3</ele><time>2025-09-17T14:20:16Z</time></trkpt>
      <trkpt lat="48.734735" lon="2.010333"><ele>151.3</ele><time>2025-09-17T14:20:17Z</time></trkpt>
      <trkpt lat="48.734561" lon="2.010038"><ele>153.0</ele><time>2025-09-17T14:20:18Z</time></trkpt>
      <trkpt lat="48.734400" lon="2.009749"><ele>153.4</ele><time>2025-09-17T14:20:19Z</time></trkpt>
      <trkpt lat="48.734249" lon="2.009487"><ele>154.0</ele><time>2025-09-17T14:20:20Z</time></trkpt>
      <trkpt lat="48.734102" lon="2.009231"><ele>154.6</ele><time>2025-09-17T14:20:21Z</time></trkpt>
      <trkpt lat="48.733959" lon="2.008982"><ele>155.3</ele><time>2025-09-17T14:20:22Z</time></trkpt>
      <trkpt lat="48.733821" lon="2.008734"><ele>155.6</ele><time>2025-09-17T14:20:23Z</time></trkpt>
      <trkpt lat="48.733682" lon="2.008483"><ele>155.5</ele><time>2025-09-17T14:20:24Z</time></trkpt>
      <trkpt lat="48.733544" lon="2.008230"><ele>156.0</ele><time>2025-09-17T14:20:25Z</time></trkpt>
      <trkpt lat="48.733404" lon="2.007973"><ele>156.3</ele><time>2025-09-17T14:20:26Z</time></trkpt>
      <trkpt lat="48.733267" lon="2.007726"><ele>156.6</ele><time>2025-09-17T14:20:27Z</time></trkpt>
      <trkpt lat="48.733132" lon="2.007482"><ele>156.6</ele><time>2025-09-17T14:20:28Z</time></trkpt>
      <trkpt lat="48.732992" lon="2.007225"><ele>156.6</ele><time>2025-09-17T14:20:29Z</time></trkpt>
      <trkpt lat="48.732847" lon="2.006956"><ele>156.6</ele><time>2025-09-17T14:20:30Z</time></trkpt>
      <trkpt lat="48.732702" lon="2.006687"><ele>156.9</ele><time>2025-09-17T14:20:31Z</time></trkpt>
      <trkpt lat="48.732563" lon="2.006433"><ele>157.3</ele><time>2025-09-17T14:20:32Z</time></trkpt>
      <trkpt lat="48.732430" lon="2.006193"><ele>157.5</ele><time>2025-09-17T14:20:33Z</time></trkpt>
      <trkpt lat="48.732304" lon="2.005957"><ele>157.6</ele><time>2025-09-17T14:20:34Z</time></trkpt>
      <trkpt lat="48.732178" lon="2.005724"><ele>158.0</ele><time>2025-09-17T14:20:35Z</time></trkpt>
      <trkpt lat="48.732052" lon="2.005492"><ele>158.3</ele><time>2025-09-17T14:20:36Z</time></trkpt>
      <trkpt lat="48.731926" lon="2.005263"><ele>158.6</ele><time>2025-09-17T14:20:37Z</time></trkpt>
      <trkpt lat="48.731800" lon="2.005036"><ele>159.0</ele><time>2025-09-17T14:20:38Z</time></trkpt>
      <trkpt lat="48.731675" lon="2.004807"><ele>159.1</ele><time>2025-09-17T14:20:39Z</time></trkpt>
      <trkpt lat="48.731550" lon="2.004576"><ele>159.4</ele><time>2025-09-17T14:20:40Z</time></trkpt>
      <trkpt lat="48.731424" lon="2.004342"><ele>159.9</ele><time>2025-09-17T14:20:41Z</time></trkpt>
      <trkpt lat="48.731294" lon="2.004110"><ele>160.2</ele><time>2025-09-17T14:20:42Z</time></trkpt>
      <trkpt lat="48.731156" lon="2.003889"><ele>160.5</ele><time>2025-09-17T14:20:43Z</time></trkpt>
      <trkpt lat="48.731005" lon="2.003696"><ele>160.8</ele><time>2025-09-17T14:20:44Z</time></trkpt>
      <trkpt lat="48.730842" lon="2.003539"><ele>161.0</ele><time>2025-09-17T14:20:45Z</time></trkpt>
      <trkpt lat="48.730663" lon="2.003426"><ele>161.7</ele><time>2025-09-17T14:20:46Z</time></trkpt>
      <trkpt lat="48.730474" lon="2.003351"><ele>162.4</ele><time>2025-09-17T14:20:47Z</time></trkpt>
      <trkpt lat="48.730286" lon="2.003309"><ele>162.7</ele><time>2025-09-17T14:20:48Z</time></trkpt>
      <trkpt lat="48.730107" lon="2.003287"><ele>163.2</ele><time>2025-09-17T14:20:49Z</time></trkpt>
      <trkpt lat="48.729939" lon="2.003269"><ele>163.4</ele><time>2025-09-17T14:20:50Z</time></trkpt>
      <trkpt lat="48.729783" lon="2.003255"><ele>163.5</ele><time>2025-09-17T14:20:51Z</time></trkpt>
      <trkpt lat="48.729638" lon="2.003243"><ele>163.7</ele><time>2025-09-17T14:20:52Z</time></trkpt>
      <trkpt lat="48.729507" lon="2.003232"><ele>163.9</ele><time>2025-09-17T14:20:53Z</time></trkpt>
      <trkpt lat="48.729383" lon="2.003215"><ele>163.9</ele><time>2025-09-17T14:20:54Z</time></trkpt>
      <trkpt lat="48.729265" lon="2.003202"><ele>164.1</ele><time>2025-09-17T14:20:55Z</time></trkpt>
      <trkpt lat="48.729153" lon="2.003191"><ele>164.2</ele><time>2025-09-17T14:20:56Z</time></trkpt>
      <trkpt lat="48.729043" lon="2.003182"><ele>164.4</ele><time>2025-09-17T14:20:57Z</time></trkpt>
      <trkpt lat="48.728934" lon="2.003171"><ele>164.7</ele><time>2025-09-17T14:20:58Z</time></trkpt>
      <trkpt lat="48.728823" lon="2.003165"><ele>164.9</ele><time>2025-09-17T14:20:59Z</time></trkpt>
      <trkpt lat="48.728705" lon="2.003162"><ele>165.0</ele><time>2025-09-17T14:21:00Z</time></trkpt>
      <trkpt lat="48.728579" lon="2.003156"><ele>165.2</ele><time>2025-09-17T14:21:01Z</time></trkpt>
      <trkpt lat="48.728445" lon="2.003147"><ele>165.4</ele><time>2025-09-17T14:21:02Z</time></trkpt>
      <trkpt lat="48.728308" lon="2.003137"><ele>165.6</ele><time>2025-09-17T14:21:03Z</time></trkpt>
      <trkpt lat="48.728172" lon="2.003127"><ele>165.8</ele><time>2025-09-17T14:21:04Z</time></trkpt>
      <trkpt lat="48.728039" lon="2.003115"><ele>165.9</ele><time>2025-09-17T14:21:05Z</time></trkpt>
      <trkpt lat="48.727911" lon="2.003101"><ele>166.1</ele><time>2025-09-17T14:21:06Z</time></trkpt>
      <trkpt lat="48.727791" lon="2.003082"><ele>166.2</ele><time>2025-09-17T14:21:07Z</time></trkpt>
      <trkpt lat="48.727678" lon="2.003062"><ele>166.4</ele><time>2025-09-17T14:21:08Z</time></trkpt>
      <trkpt lat="48.727567" lon="2.003045"><ele>166.5</ele><time>2025-09-17T14:21:09Z</time></trkpt>
      <trkpt lat="48.727458" lon="2.003035"><ele>166.7</ele><time>2025-09-17T14:21:10Z</time></trkpt>
      <trkpt lat="48.727348" lon="2.003025"><ele>166.9</ele><time>2025-09-17T14:21:11Z</time></trkpt>
      <trkpt lat="48.727238" lon="2.003014"><ele>166.8</ele><time>2025-09-17T14:21:12Z</time></trkpt>
      <trkpt lat="48.727126" lon="2.003006"><ele>166.8</ele><time>2025-09-17T14:21:13Z</time></trkpt>
      <trkpt lat="48.727007" lon="2.003002"><ele>166.7</ele><time>2025-09-17T14:21:14Z</time></trkpt>
      <trkpt lat="48.726880" lon="2.003001"><ele>166.4</ele><time>2025-09-17T14:21:15Z</time></trkpt>
      <trkpt lat="48.726746" lon="2.002996"><ele>166.3</ele><time>2025-09-17T14:21:16Z</time></trkpt>
      <trkpt lat="48.726608" lon="2.002983"><ele>166.1</ele><time>2025-09-17T14:21:17Z</time></trkpt>
      <trkpt lat="48.726467" lon="2.002966"><ele>165.8</ele><time>2025-09-17T14:21:18Z</time></trkpt>
      <trkpt lat="48.726323" lon="2.002953"><ele>165.4</ele><time>2025-09-17T14:21:19Z</time></trkpt>
      <trkpt lat="48.726177" lon="2.002945"><ele>165.1</ele><time>2025-09-17T14:21:20Z</time></trkpt>
      <trkpt lat="48.726030" lon="2.002937"><ele>164.8</ele><time>2025-09-17T14:21:21Z</time></trkpt>
      <trkpt lat="48.725883" lon="2.002926"><ele>164.2</ele><time>2025-09-17T14:21:22Z</time></trkpt>
      <trkpt lat="48.725738" lon="2.002916"><ele>163.9</ele><time>2025-09-17T14:21:23Z</time></trkpt>
      <trkpt lat="48.725594" lon="2.002906"><ele>163.7</ele><time>2025-09-17T14:21:24Z</time></trkpt>
      <trkpt lat="48.725449" lon="2.002891"><ele>163.3</ele><time>2025-09-17T14:21:25Z</time></trkpt>
      <trkpt lat="48.725290" lon="2.002878"><ele>162.9</ele><time>2025-09-17T14:21:26Z</time></trkpt>
      <trkpt lat="48.725122" lon="2.002866"><ele>162.4</ele><time>2025-09-17T14:21:27Z</time></trkpt>
      <trkpt lat="48.724951" lon="2.002851"><ele>161.8</ele><time>2025-09-17T14:21:28Z</time></trkpt>
      <trkpt lat="48.724781" lon="2.002837"><ele>161.3</ele><time>2025-09-17T14:21:29Z</time></trkpt>
      <trkpt lat="48.724612" lon="2.002827"><ele>160.8</ele><time>2025-09-17T14:21:30Z</time></trkpt>
      <trkpt lat="48.724445" lon="2.002818"><ele>160.3</ele><time>2025-09-17T14:21:31Z</time></trkpt>
      <trkpt lat="48.724280" lon="2.002805"><ele>159.9</ele><time>2025-09-17T14:21:32Z</time></trkpt>
      <trkpt lat="48.724116" lon="2.002791"><ele>159.4</ele><time>2025-09-17T14:21:33Z</time></trkpt>
      <trkpt lat="48.723951" lon="2.002776"><ele>159.0</ele><time>2025-09-17T14:21:34Z</time></trkpt>
      <trkpt lat="48.723785" lon="2.002761"><ele>158.7</ele><time>2025-09-17T14:21:35Z</time></trkpt>
      <trkpt lat="48.723618" lon="2.002747"><ele>158.5</ele><time>2025-09-17T14:21:36Z</time></trkpt>
      <trkpt lat="48.723449" lon="2.002734"><ele>158.3</ele><time>2025-09-17T14:21:37Z</time></trkpt>
      <trkpt lat="48.723280" lon="2.002718"><ele>158.1</ele><time>2025-09-17T14:21:38Z</time></trkpt>
      <trkpt lat="48.723112" lon="2.002702"><ele>158.1</ele><time>2025-09-17T14:21:39Z</time></trkpt>
      <trkpt lat="48.722945" lon="2.002686"><ele>158.0</ele><time>2025-09-17T14:21:40Z</time></trkpt>
      <trkpt lat="48.722779" lon="2.002673"><ele>157.9</ele><time>2025-09-17T14:21:41Z</time></trkpt>
      <trkpt lat="48.722613" lon="2.002661"><ele>157.8</ele><time>2025-09-17T14:21:42Z</time></trkpt>
      <trkpt lat="48.722448" lon="2.002648"><ele>157.7</ele><time>2025-09-17T14:21:43Z</time></trkpt>
      <trkpt lat="48.722283" lon="2.002636"><ele>157.5</ele><time>2025-09-17T14:21:44Z</time></trkpt>
      <trkpt lat="48.722120" lon="2.002623"><ele>157.4</ele><time>2025-09-17T14:21:45Z</time></trkpt>
      <trkpt lat="48.721959" lon="2.002609"><ele>157.3</ele><time>2025-09-17T14:21:46Z</time></trkpt>
      <trkpt lat="48.721801" lon="2.002596"><ele>157.2</ele><time>2025-09-17T14:21:47Z</time></trkpt>
      <trkpt lat="48.721635" lon="2.002581"><ele>157.1</ele><time>2025-09-17T14:21:48Z</time></trkpt>
      <trkpt lat="48.721471" lon="2.002566"><ele>157.1</ele><time>2025-09-17T14:21:49Z</time></trkpt>
      <trkpt lat="48.721317" lon="2.002553"><ele>157.1</ele><time>2025-09-17T14:21:50Z</time></trkpt>
      <trkpt lat="48.721174" lon="2.002533"><ele>157.1</ele><time>2025-09-17T14:21:51Z</time></trkpt>
      <trkpt lat="48.721045" lon="2.002507"><ele>157.1</ele><time>2025-09-17T14:21:52Z</time></trkpt>
      <trkpt lat="48.720929" lon="2.002477"><ele>157.1</ele><time>2025-09-17T14:21:53Z</time></trkpt>
      <trkpt lat="48.720827" lon="2.002441"><ele>157.1</ele><time>2025-09-17T14:21:54Z</time></trkpt>
      <trkpt lat="48.720737" lon="2.002399"><ele>157.0</ele><time>2025-09-17T14:21:55Z</time></trkpt>
      <trkpt lat="48.720656" lon="2.002359"><ele>157.0</ele><time>2025-09-17T14:21:56Z</time></trkpt>
      <trkpt lat="48.720579" lon="2.002323"><ele>157.0</ele><time>2025-09-17T14:21:57Z</time></trkpt>
      <trkpt lat="48.720510" lon="2.002290"><ele>157.0</ele><time>2025-09-17T14:21:58Z</time></trkpt>
      <trkpt lat="48.720449" lon="2.002255"><ele>157.1</ele><time>2025-09-17T14:21:59Z</time></trkpt>
      <trkpt lat="48.720390" lon="2.002206"><ele>157.0</ele><time>2025-09-17T14:22:00Z</time></trkpt>
      <trkpt lat="48.720330" lon="2.002127"><ele>157.1</ele><time>2025-09-17T14:22:01Z</time></trkpt>
      <trkpt lat="48.720270" lon="2.002033"><ele>157.3</ele><time>2025-09-17T14:22:02Z</time></trkpt>
      <trkpt lat="48.720203" lon="2.001957"><ele>157.5</ele><time>2025-09-17T14:22:03Z</time></trkpt>
      <trkpt lat="48.720125" lon="2.001920"><ele>157.7</ele><time>2025-09-17T14:22:04Z</time></trkpt>
      <trkpt lat="48.720041" lon="2.001929"><ele>157.6</ele><time>2025-09-17T14:22:05Z</time></trkpt>
      <trkpt lat="48.719955" lon="2.001992"><ele>157.4</ele><time>2025-09-17T14:22:06Z</time></trkpt>
      <trkpt lat="48.719863" lon="2.002093"><ele>157.3</ele><time>2025-09-17T14:22:07Z</time></trkpt>
      <trkpt lat="48.719755" lon="2.002187"><ele>157.5</ele><time>2025-09-17T14:22:08Z</time></trkpt>
      <trkpt lat="48.719635" lon="2.002252"><ele>157.8</ele><time>2025-09-17T14:22:09Z</time></trkpt>
      <trkpt lat="48.719509" lon="2.002297"><ele>158.2</ele><time>2025-09-17T14:22:10Z</time></trkpt>
      <trkpt lat="48.719378" lon="2.002333"><ele>158.3</ele><time>2025-09-17T14:22:11Z</time></trkpt>
      <trkpt lat="48.719244" lon="2.002357"><ele>158.4</ele><time>2025-09-17T14:22:12Z</time></trkpt>
      <trkpt lat="48.719109" lon="2.002366"><ele>158.4</ele><time>2025-09-17T14:22:13Z</time></trkpt>
      <trkpt lat="48.718968" lon="2.002364"><ele>158.5</ele><time>2025-09-17T14:22:14Z</time></trkpt>
      <trkpt lat="48.718820" lon="2.002355"><ele>158.5</ele><time>2025-09-17T14:22:15Z</time></trkpt>
      <trkpt lat="48.718660" lon="2.002343"><ele>158.7</ele><time>2025-09-17T14:22:16Z</time></trkpt>
      <trkpt lat="48.718485" lon="2.002330"><ele>158.9</ele><time>2025-09-17T14:22:17Z</time></trkpt>
      <trkpt lat="48.718288" lon="2.002318"><ele>159.2</ele><time>2025-09-17T14:22:18Z</time></trkpt>
      <trkpt lat="48.718064" lon="2.002308"><ele>159.5</ele><time>2025-09-17T14:22:19Z</time></trkpt>
      <trkpt lat="48.717816" lon="2.002298"><ele>159.9</ele><time>2025-09-17T14:22:20Z</time></trkpt>
      <trkpt lat="48.717552" lon="2.002282"><ele>160.3</ele><time>2025-09-17T14:22:21Z</time></trkpt>
      <trkpt lat="48.717287" lon="2.002263"><ele>160.8</ele><time>2025-09-17T14:22:22Z</time></trkpt>
      <trkpt lat="48.717019" lon="2.002239"><ele>161.1</ele><time>2025-09-17T14:22:23Z</time></trkpt>
      <trkpt lat="48.716751" lon="2.002209"><ele>161.3</ele><time>2025-09-17T14:22:24Z</time></trkpt>
      <trkpt lat="48.716486" lon="2.002172"><ele>161.5</ele><time>2025-09-17T14:22:25Z</time></trkpt>
      <trkpt lat="48.716236" lon="2.002141"><ele>161.6</ele><time>2025-09-17T14:22:26Z</time></trkpt>
      <trkpt lat="48.716003" lon="2.002119"><ele>161.8</ele><time>2025-09-17T14:22:27Z</time></trkpt>
      <trkpt lat="48.715788" lon="2.002100"><ele>162.0</ele><time>2025-09-17T14:22:28Z</time></trkpt>
      <trkpt lat="48.715582" lon="2.002085"><ele>162.2</ele><time>2025-09-17T14:22:29Z</time></trkpt>
      <trkpt lat="48.715381" lon="2.002070"><ele>162.3</ele><time>2025-09-17T14:22:30Z</time></trkpt>
      <trkpt lat="48.715185" lon="2.002056"><ele>162.6</ele><time>2025-09-17T14:22:31Z</time></trkpt>
      <trkpt lat="48.714990" lon="2.002040"><ele>162.7</ele><time>2025-09-17T14:22:32Z</time></trkpt>
      <trkpt lat="48.714798" lon="2.002023"><ele>162.8</ele><time>2025-09-17T14:22:33Z</time></trkpt>
      <trkpt lat="48.714608" lon="2.002005"><ele>162.9</ele><time>2025-09-17T14:22:34Z</time></trkpt>
      <trkpt lat="48.714417" lon="2.001988"><ele>163.1</ele><time>2025-09-17T14:22:35Z</time></trkpt>
      <trkpt lat="48.714225" lon="2.001973"><ele>163.2</ele><time>2025-09-17T14:22:36Z</time></trkpt>
      <trkpt lat="48.714033" lon="2.001958"><ele>163.4</ele><time>2025-09-17T14:22:37Z</time></trkpt>
      <trkpt lat="48.713842" lon="2.001943"><ele>163.6</ele><time>2025-09-17T14:22:38Z</time></trkpt>
      <trkpt lat="48.713654" lon="2.001926"><ele>163.7</ele><time>2025-09-17T14:22:39Z</time></trkpt>
      <trkpt lat="48.713467" lon="2.001909"><ele>163.8</ele><time>2025-09-17T14:22:40Z</time></trkpt>
      <trkpt lat="48.713283" lon="2.001893"><ele>163.9</ele><time>2025-09-17T14:22:41Z</time></trkpt>
      <trkpt lat="48.713102" lon="2.001880"><ele>164.1</ele><time>2025-09-17T14:22:42Z</time></trkpt>
      <trkpt lat="48.712922" lon="2.001868"><ele>164.3</ele><time>2025-09-17T14:22:43Z</time></trkpt>
      <trkpt lat="48.712740" lon="2.001857"><ele>164.6</ele><time>2025-09-17T14:22:44Z</time></trkpt>
      <trkpt lat="48.712555" lon="2.001841"><ele>164.7</ele><time>2025-09-17T14:22:45Z</time></trkpt>
      <trkpt lat="48.712367" lon="2.001823"><ele>164.8</ele><time>2025-09-17T14:22:46Z</time></trkpt>
      <trkpt lat="48.712179" lon="2.001806"><ele>164.9</ele><time>2025-09-17T14:22:47Z</time></trkpt>
      <trkpt lat="48.711992" lon="2.001789"><ele>164.9</ele><time>2025-09-17T14:22:48Z</time></trkpt>
      <trkpt lat="48.711807" lon="2.001773"><ele>165.0</ele><time>2025-09-17T14:22:49Z</time></trkpt>
      <trkpt lat="48.711626" lon="2.001758"><ele>165.1</ele><time>2025-09-17T14:22:50Z</time></trkpt>
      <trkpt lat="48.711448" lon="2.001743"><ele>165.2</ele><time>2025-09-17T14:22:51Z</time></trkpt>
      <trkpt lat="48.711272" lon="2.001730"><ele>165.0</ele><time>2025-09-17T14:22:52Z</time></trkpt>
      <trkpt lat="48.711097" lon="2.001716"><ele>164.9</ele><time>2025-09-17T14:22:53Z</time></trkpt>
      <trkpt lat="48.710923" lon="2.001702"><ele>164.8</ele><time>2025-09-17T14:22:54Z</time></trkpt>
      <trkpt lat="48.710751" lon="2.001686"><ele>165.0</ele><time>2025-09-17T14:22:55Z</time></trkpt>
      <trkpt lat="48.710579" lon="2.001673"><ele>165.0</ele><time>2025-09-17T14:22:56Z</time></trkpt>
      <trkpt lat="48.710407" lon="2.001663"><ele>165.1</ele><time>2025-09-17T14:22:57Z</time></trkpt>
      <trkpt lat="48.710243" lon="2.001666"><ele>164.4</ele><time>2025-09-17T14:22:58Z</time></trkpt>
      <trkpt lat="48.710096" lon="2.001657"><ele>165.2</ele><time>2025-09-17T14:22:59Z</time></trkpt>
      <trkpt lat="48.709959" lon="2.001652"><ele>165.7</ele><time>2025-09-17T14:23:00Z</time></trkpt>
      <trkpt lat="48.709790" lon="2.001636"><ele>166.8</ele><time>2025-09-17T14:23:01Z</time></trkpt>
      <trkpt lat="48.709635" lon="2.001629"><ele>169.5</ele><time>2025-09-17T14:23:02Z</time></trkpt>
      <trkpt lat="48.709482" lon="2.001612"><ele>171.0</ele><time>2025-09-17T14:23:03Z</time></trkpt>
      <trkpt lat="48.709307" lon="2.001622"><ele>173.1</ele><time>2025-09-17T14:23:04Z</time></trkpt>
      <trkpt lat="48.709129" lon="2.001613"><ele>173.5</ele><time>2025-09-17T14:23:05Z</time></trkpt>
      <trkpt lat="48.708962" lon="2.001586"><ele>173.9</ele><time>2025-09-17T14:23:06Z</time></trkpt>
      <trkpt lat="48.708807" lon="2.001555"><ele>175.1</ele><time>2025-09-17T14:23:07Z</time></trkpt>
      <trkpt lat="48.708678" lon="2.001511"><ele>175.4</ele><time>2025-09-17T14:23:08Z</time></trkpt>
      <trkpt lat="48.708585" lon="2.001452"><ele>176.6</ele><time>2025-09-17T14:23:09Z</time></trkpt>
      <trkpt lat="48.708441" lon="2.001436"><ele>177.5</ele><time>2025-09-17T14:23:10Z</time></trkpt>
      <trkpt lat="48.708307" lon="2.001437"><ele>175.7</ele><time>2025-09-17T14:23:11Z</time></trkpt>
      <trkpt lat="48.708168" lon="2.001403"><ele>175.7</ele><time>2025-09-17T14:23:12Z</time></trkpt>
      <trkpt lat="48.708039" lon="2.001363"><ele>175.3</ele><time>2025-09-17T14:23:13Z</time></trkpt>
      <trkpt lat="48.707947" lon="2.001281"><ele>175.0</ele><time>2025-09-17T14:23:14Z</time></trkpt>
      <trkpt lat="48.707884" lon="2.001175"><ele>178.5</ele><time>2025-09-17T14:23:15Z</time></trkpt>
      <trkpt lat="48.707850" lon="2.001034"><ele>184.2</ele><time>2025-09-17T14:23:16Z</time></trkpt>
      <trkpt lat="48.707859" lon="2.000838"><ele>187.6</ele><time>2025-09-17T14:23:17Z</time></trkpt>
      <trkpt lat="48.707926" lon="2.000615"><ele>188.8</ele><time>2025-09-17T14:23:18Z</time></trkpt>
      <trkpt lat="48.708011" lon="2.000373"><ele>185.1</ele><time>2025-09-17T14:23:19Z</time></trkpt>
      <trkpt lat="48.708089" lon="2.000118"><ele>181.1</ele><time>2025-09-17T14:23:20Z</time></trkpt>
      <trkpt lat="48.708158" lon="1.999859"><ele>179.8</ele><time>2025-09-17T14:23:21Z</time></trkpt>
      <trkpt lat="48.708215" lon="1.999591"><ele>178.6</ele><time>2025-09-17T14:23:22Z</time></trkpt>
      <trkpt lat="48.708266" lon="1.999332"><ele>175.8</ele><time>2025-09-17T14:23:23Z</time></trkpt>
      <trkpt lat="48.708316" lon="1.999127"><ele>170.3</ele><time>2025-09-17T14:23:24Z</time></trkpt>
      <trkpt lat="48.708356" lon="1.998946"><ele>171.5</ele><time>2025-09-17T14:23:25Z</time></trkpt>
      <trkpt lat="48.708417" lon="1.998808"><ele>173.8</ele><time>2025-09-17T14:23:26Z</time></trkpt>
      <trkpt lat="48.708514" lon="1.998706"><ele>171.9</ele><time>2025-09-17T14:23:27Z</time></trkpt>
      <trkpt lat="48.708631" lon="1.998646"><ele>170.1</ele><time>2025-09-17T14:23:28Z</time></trkpt>
      <trkpt lat="48.708736" lon="1.998550"><ele>167.9</ele><time>2025-09-17T14:23:29Z</time></trkpt>
      <trkpt lat="48.708822" lon="1.998423"><ele>166.8</ele><time>2025-09-17T14:23:30Z</time></trkpt>
      <trkpt lat="48.708914" lon="1.998221"><ele>157.1</ele><time>2025-09-17T14:23:31Z</time></trkpt>
      <trkpt lat="48.708997" lon="1.998004"><ele>152.3</ele><time>2025-09-17T14:23:32Z</time></trkpt>
      <trkpt lat="48.709052" lon="1.997765"><ele>151.3</ele><time>2025-09-17T14:23:33Z</time></trkpt>
      <trkpt lat="48.709080" lon="1.997527"><ele>150.2</ele><time>2025-09-17T14:23:34Z</time></trkpt>
      <trkpt lat="48.709100" lon="1.997294"><ele>148.4</ele><time>2025-09-17T14:23:35Z</time></trkpt>
      <trkpt lat="48.709129" lon="1.997078"><ele>146.0</ele><time>2025-09-17T14:23:36Z</time></trkpt>
      <trkpt lat="48.709193" lon="1.996898"><ele>144.3</ele><time>2025-09-17T14:23:37Z</time></trkpt>
      <trkpt lat="48.709286" lon="1.996762"><ele>142.4</ele><time>2025-09-17T14:23:38Z</time></trkpt>
      <trkpt lat="48.709421" lon="1.996670"><ele>141.9</ele><time>2025-09-17T14:23:39Z</time></trkpt>
      <trkpt lat="48.709554" lon="1.996603"><ele>141.9</ele><time>2025-09-17T14:23:40Z</time></trkpt>
      <trkpt lat="48.709671" lon="1.996516"><ele>140.4</ele><time>2025-09-17T14:23:41Z</time></trkpt>
      <trkpt lat="48.709763" lon="1.996410"><ele>138.7</ele><time>2025-09-17T14:23:42Z</time></trkpt>
      <trkpt lat="48.709828" lon="1.996278"><ele>137.9</ele><time>2025-09-17T14:23:43Z</time></trkpt>
      <trkpt lat="48.709839" lon="1.996082"><ele>136.4</ele><time>2025-09-17T14:23:44Z</time></trkpt>
      <trkpt lat="48.709845" lon="1.995878"><ele>134.8</ele><time>2025-09-17T14:23:45Z</time></trkpt>
      <trkpt lat="48.709853" lon="1.995678"><ele>133.2</ele><time>2025-09-17T14:23:46Z</time></trkpt>
      <trkpt lat="48.709873" lon="1.995514"><ele>141.1</ele><time>2025-09-17T14:23:47Z</time></trkpt>
      <trkpt lat="48.709936" lon="1.995381"><ele>149.4</ele><time>2025-09-17T14:23:48Z</time></trkpt>
      <trkpt lat="48.710021" lon="1.995266"><ele>159.1</ele><time>2025-09-17T14:23:49Z</time></trkpt>
      <trkpt lat="48.710121" lon="1.995115"><ele>159.2</ele><time>2025-09-17T14:23:50Z</time></trkpt>
      <trkpt lat="48.710225" lon="1.994914"><ele>150.7</ele><time>2025-09-17T14:23:51Z</time></trkpt>
      <trkpt lat="48.710297" lon="1.994696"><ele>146.6</ele><time>2025-09-17T14:23:52Z</time></trkpt>
      <trkpt lat="48.710324" lon="1.994481"><ele>146.9</ele><time>2025-09-17T14:23:53Z</time></trkpt>
      <trkpt lat="48.710355" lon="1.994273"><ele>146.5</ele><time>2025-09-17T14:23:54Z</time></trkpt>
      <trkpt lat="48.710395" lon="1.994100"><ele>146.4</ele><time>2025-09-17T14:23:55Z</time></trkpt>
      <trkpt lat="48.710466" lon="1.993958"><ele>147.3</ele><time>2025-09-17T14:23:56Z</time></trkpt>
      <trkpt lat="48.710580" lon="1.993845"><ele>144.5</ele><time>2025-09-17T14:23:57Z</time></trkpt>
      <trkpt lat="48.710688" lon="1.993691"><ele>136.2</ele><time>2025-09-17T14:23:58Z</time></trkpt>
      <trkpt lat="48.710751" lon="1.993531"><ele>135.5</ele><time>2025-09-17T14:23:59Z</time></trkpt>
      <trkpt lat="48.710778" lon="1.993362"><ele>137.5</ele><time>2025-09-17T14:24:00Z</time></trkpt>
      <trkpt lat="48.710799" lon="1.993181"><ele>136.6</ele><time>2025-09-17T14:24:01Z</time></trkpt>
      <trkpt lat="48.710822" lon="1.992994"><ele>135.4</ele><time>2025-09-17T14:24:02Z</time></trkpt>
      <trkpt lat="48.710864" lon="1.992812"><ele>134.9</ele><time>2025-09-17T14:24:03Z</time></trkpt>
      <trkpt lat="48.710940" lon="1.992657"><ele>132.0</ele><time>2025-09-17T14:24:04Z</time></trkpt>
      <trkpt lat="48.711013" lon="1.992500"><ele>130.9</ele><time>2025-09-17T14:24:05Z</time></trkpt>
      <trkpt lat="48.711084" lon="1.992362"><ele>127.4</ele><time>2025-09-17T14:24:06Z</time></trkpt>
      <trkpt lat="48.711137" lon="1.992216"><ele>123.1</ele><time>2025-09-17T14:24:07Z</time></trkpt>
      <trkpt lat="48.711165" lon="1.992077"><ele>120.3</ele><time>2025-09-17T14:24:08Z</time></trkpt>
      <trkpt lat="48.711158" lon="1.991941"><ele>120.2</ele><time>2025-09-17T14:24:09Z</time></trkpt>
      <trkpt lat="48.711138" lon="1.991812"><ele>119.1</ele><time>2025-09-17T14:24:10Z</time></trkpt>
      <trkpt lat="48.711109" lon="1.991677"><ele>118.7</ele><time>2025-09-17T14:24:11Z</time></trkpt>
      <trkpt lat="48.711096" lon="1.991537"><ele>117.4</ele><time>2025-09-17T14:24:12Z</time></trkpt>
      <trkpt lat="48.711108" lon="1.991399"><ele>115.5</ele><time>2025-09-17T14:24:13Z</time></trkpt>
      <trkpt lat="48.711143" lon="1.991276"><ele>115.5</ele><time>2025-09-17T14:24:14Z</time></trkpt>
      <trkpt lat="48.711190" lon="1.991172"><ele>115.7</ele><time>2025-09-17T14:24:15Z</time></trkpt>
      <trkpt lat="48.711232" lon="1.991079"><ele>116.1</ele><time>2025-09-17T14:24:16Z</time></trkpt>
      <trkpt lat="48.711260" lon="1.990978"><ele>116.5</ele><time>2025-09-17T14:24:17Z</time></trkpt>
      <trkpt lat="48.711275" lon="1.990870"><ele>117.3</ele><time>2025-09-17T14:24:18Z</time></trkpt>
      <trkpt lat="48.711274" lon="1.990764"><ele>115.9</ele><time>2025-09-17T14:24:19Z</time></trkpt>
      <trkpt lat="48.711253" lon="1.990665"><ele>115.6</ele><time>2025-09-17T14:24:20Z</time></trkpt>
      <trkpt lat="48.711211" lon="1.990550"><ele>116.8</ele><time>2025-09-17T14:24:21Z</time></trkpt>
      <trkpt lat="48.711155" lon="1.990438"><ele>115.4</ele><time>2025-09-17T14:24:22Z</time></trkpt>
      <trkpt lat="48.711066" lon="1.990346"><ele>115.2</ele><time>2025-09-17T14:24:23Z</time></trkpt>
      <trkpt lat="48.710960" lon="1.990264"><ele>120.9</ele><time>2025-09-17T14:24:24Z</time></trkpt>
      <trkpt lat="48.710850" lon="1.990183"><ele>121.1</ele><time>2025-09-17T14:24:25Z</time></trkpt>
      <trkpt lat="48.710733" lon="1.990116"><ele>121.5</ele><time>2025-09-17T14:24:26Z</time></trkpt>
      <trkpt lat="48.710606" lon="1.990064"><ele>122.6</ele><time>2025-09-17T14:24:27Z</time></trkpt>
      <trkpt lat="48.710481" lon="1.990013"><ele>122.5</ele><time>2025-09-17T14:24:28Z</time></trkpt>
      <trkpt lat="48.710350" lon="1.989964"><ele>122.6</ele><time>2025-09-17T14:24:29Z</time></trkpt>
      <trkpt lat="48.710232" lon="1.989899"><ele>120.3</ele><time>2025-09-17T14:24:30Z</time></trkpt>
      <trkpt lat="48.710108" lon="1.989858"><ele>118.6</ele><time>2025-09-17T14:24:31Z</time></trkpt>
      <trkpt lat="48.709989" lon="1.989824"><ele>116.7</ele><time>2025-09-17T14:24:32Z</time></trkpt>
      <trkpt lat="48.709886" lon="1.989788"><ele>115.8</ele><time>2025-09-17T14:24:33Z</time></trkpt>
      <trkpt lat="48.709788" lon="1.989766"><ele>115.8</ele><time>2025-09-17T14:24:34Z</time></trkpt>
      <trkpt lat="48.709688" lon="1.989759"><ele>115.1</ele><time>2025-09-17T14:24:35Z</time></trkpt>
      <trkpt lat="48.709593" lon="1.989743"><ele>115.8</ele><time>2025-09-17T14:24:36Z</time></trkpt>
      <trkpt lat="48.709500" lon="1.989721"><ele>116.6</ele><time>2025-09-17T14:24:37Z</time></trkpt>
      <trkpt lat="48.709428" lon="1.989691"><ele>115.4</ele><time>2025-09-17T14:24:38Z</time></trkpt>
      <trkpt lat="48.709361" lon="1.989673"><ele>114.7</ele><time>2025-09-17T14:24:39Z</time></trkpt>
      <trkpt lat="48.709295" lon="1.989663"><ele>114.0</ele><time>2025-09-17T14:24:40Z</time></trkpt>
      <trkpt lat="48.709244" lon="1.989651"><ele>114.6</ele><time>2025-09-17T14:24:41Z</time></trkpt>
      <trkpt lat="48.709193" lon="1.989624"><ele>114.1</ele><time>2025-09-17T14:24:42Z</time></trkpt>
      <trkpt lat="48.709156" lon="1.989600"><ele>112.9</ele><time>2025-09-17T14:24:43Z</time></trkpt>
      <trkpt lat="48.709134" lon="1.989577"><ele>112.8</ele><time>2025-09-17T14:24:44Z</time></trkpt>
      <trkpt lat="48.709113" lon="1.989543"><ele>111.2</ele><time>2025-09-17T14:24:45Z</time></trkpt>
      <trkpt lat="48.709096" lon="1.989514"><ele>111.5</ele><time>2025-09-17T14:24:46Z</time></trkpt>
      <trkpt lat="48.709079" lon="1.989485"><ele>112.0</ele><time>2025-09-17T14:24:47Z</time></trkpt>
      <trkpt lat="48.709065" lon="1.989464"><ele>112.6</ele><time>2025-09-17T14:24:48Z</time></trkpt>
      <trkpt lat="48.709050" lon="1.989455"><ele>111.8</ele><time>2025-09-17T14:24:49Z</time></trkpt>
      <trkpt lat="48.709044" lon="1.989451"><ele>111.3</ele><time>2025-09-17T14:24:50Z</time></trkpt>
      <trkpt lat="48.709033" lon="1.989446"><ele>111.6</ele><time>2025-09-17T14:24:51Z</time></trkpt>
      <trkpt lat="48.709030" lon="1.989426"><ele>108.0</ele><time>2025-09-17T14:24:52Z</time></trkpt>
      <trkpt lat="48.709028" lon="1.989412"><ele>105.9</ele><time>2025-09-17T14:24:53Z</time></trkpt>
      <trkpt lat="48.709030" lon="1.989404"><ele>105.1</ele><time>2025-09-17T14:24:54Z</time></trkpt>
      <trkpt lat="48.709033" lon="1.989401"><ele>104.8</ele><time>2025-09-17T14:24:55Z</time></trkpt>
      <trkpt lat="48.709035" lon="1.989391"><ele>104.7</ele><time>2025-09-17T14:24:56Z</time></trkpt>
      <trkpt lat="48.709036" lon="1.989385"><ele>105.0</ele><time>2025-09-17T14:24:57Z</time></trkpt>
      <trkpt lat="48.709036" lon="1.989381"><ele>105.7</ele><time>2025-09-17T14:24:58Z</time></trkpt>
      <trkpt lat="48.709037" lon="1.989377"><ele>106.1</ele><time>2025-09-17T14:24:59Z</time></trkpt>
      <trkpt lat="48.709042" lon="1.989374"><ele>106.0</ele><time>2025-09-17T14:25:00Z</time></trkpt>
      <trkpt lat="48.709044" lon="1.989371"><ele>104.9</ele><time>2025-09-17T14:25:01Z</time></trkpt>
      <trkpt lat="48.709046" lon="1.989366"><ele>104.4</ele><time>2025-09-17T14:25:02Z</time></trkpt>
      <trkpt lat="48.709046" lon="1.989364"><ele>103.9</ele><time>2025-09-17T14:25:03Z</time></trkpt>
      <trkpt lat="48.709048" lon="1.989362"><ele>103.7</ele><time>2025-09-17T14:25:04Z</time></trkpt>
      <trkpt lat="48.709055" lon="1.989360"><ele>104.0</ele><time>2025-09-17T14:25:05Z</time></trkpt>
      <trkpt lat="48.709055" lon="1.989357"><ele>103.9</ele><time>2025-09-17T14:25:06Z</time></trkpt>
      <trkpt lat="48.709051" lon="1.989355"><ele>103.6</ele><time>2025-09-17T14:25:07Z</time></trkpt>
      <trkpt lat="48.709050" lon="1.989353"><ele>103.5</ele><time>2025-09-17T14:25:08Z</time></trkpt>
      <trkpt lat="48.709049" lon="1.989354"><ele>103.3</ele><time>2025-09-17T14:25:09Z</time></trkpt>
      <trkpt lat="48.709048" lon="1.989353"><ele>103.3</ele><time>2025-09-17T14:25:10Z</time></trkpt>
      <trkpt lat="48.709047" lon="1.989352"><ele>103.4</ele><time>2025-09-17T14:25:11Z</time></trkpt>
      <trkpt lat="48.709046" lon="1.989352"><ele>103.4</ele><time>2025-09-17T14:25:12Z</time></trkpt>
      <trkpt lat="48.709043" lon="1.989352"><ele>103.3</ele><time>2025-09-17T14:25:13Z</time></trkpt>
      <trkpt lat="48.709041" lon="1.989353"><ele>103.5</ele><time>2025-09-17T14:25:14Z</time></trkpt>
      <trkpt lat="48.709039" lon="1.989352"><ele>103.5</ele><time>2025-09-17T14:25:15Z</time></trkpt>
      <trkpt lat="48.709038" lon="1.989352"><ele>103.2</ele><time>2025-09-17T14:25:16Z</time></trkpt>
      <trkpt lat="48.709037" lon="1.989351"><ele>103.1</ele><time>2025-09-17T14:25:17Z</time></trkpt>
      <trkpt lat="48.709036" lon="1.989349"><ele>103.2</ele><time>2025-09-17T14:25:18Z</time></trkpt>
      <trkpt lat="48.709034" lon="1.989348"><ele>103.3</ele><time>2025-09-17T14:25:19Z</time></trkpt>
      <trkpt lat="48.709029" lon="1.989345"><ele>102.6</ele><time>2025-09-17T14:25:20Z</time></trkpt>
      <trkpt lat="48.709029" lon="1.989344"><ele>102.7</ele><time>2025-09-17T14:25:21Z</time></trkpt>
      <trkpt lat="48.709024" lon="1.989347"><ele>102.2</ele><time>2025-09-17T14:25:22Z</time></trkpt>
      <trkpt lat="48.709022" lon="1.989352"><ele>102.2</ele><time>2025-09-17T14:25:23Z</time></trkpt>
      <trkpt lat="48.709024" lon="1.989357"><ele>101.9</ele><time>2025-09-17T14:25:24Z</time></trkpt>
      <trkpt lat="48.709027" lon="1.989361"><ele>101.7</ele><time>2025-09-17T14:25:25Z</time></trkpt>
      <trkpt lat="48.709028" lon="1.989362"><ele>101.4</ele><time>2025-09-17T14:25:26Z</time></trkpt>
      <trkpt lat="48.709026" lon="1.989364"><ele>101.2</ele><time>2025-09-17T14:25:27Z</time></trkpt>
      <trkpt lat="48.709028" lon="1.989369"><ele>101.2</ele><time>2025-09-17T14:25:28Z</time></trkpt>
      <trkpt lat="48.709023" lon="1.989358"><ele>101.3</ele><time>2025-09-17T14:25:29Z</time></trkpt>
      <trkpt lat="48.709016" lon="1.989354"><ele>101.7</ele><time>2025-09-17T14:25:30Z</time></trkpt>
      <trkpt lat="48.709019" lon="1.989361"><ele>101.0</ele><time>2025-09-17T14:25:31Z</time></trkpt>
      <trkpt lat="48.709022" lon="1.989362"><ele>100.8</ele><time>2025-09-17T14:25:32Z</time></trkpt>
      <trkpt lat="48.709021" lon="1.989364"><ele>101.2</ele><time>2025-09-17T14:25:33Z</time></trkpt>
      <trkpt lat="48.709021" lon="1.989365"><ele>100.8</ele><time>2025-09-17T14:25:34Z</time></trkpt>
      <trkpt lat="48.709019" lon="1.989362"><ele>100.7</ele><time>2025-09-17T14:25:35Z</time></trkpt>
      <trkpt lat="48.709018" lon="1.989363"><ele>101.1</ele><time>2025-09-17T14:25:36Z</time></trkpt>
      <trkpt lat="48.709016" lon="1.989359"><ele>100.6</ele><time>2025-09-17T14:25:37Z</time></trkpt>
      <trkpt lat="48.709014" lon="1.989360"><ele>100.6</ele><time>2025-09-17T14:25:38Z</time></trkpt>
      <trkpt lat="48.709015" lon="1.989358"><ele>101.1</ele><time>2025-09-17T14:25:39Z</time></trkpt>
      <trkpt lat="48.709012" lon="1.989360"><ele>100.1</ele><time>2025-09-17T14:25:40Z</time></trkpt>
      <trkpt lat="48.709011" lon="1.989367"><ele>99.5</ele><time>2025-09-17T14:25:41Z</time></trkpt>
      <trkpt lat="48.709008" lon="1.989371"><ele>99.0</ele><time>2025-09-17T14:25:42Z</time></trkpt>
      <trkpt lat="48.709005" lon="1.989377"><ele>98.3</ele><time>2025-09-17T14:25:43Z</time></trkpt>
      <trkpt lat="48.709005" lon="1.989380"><ele>97.9</ele><time>2025-09-17T14:25:44Z</time></trkpt>
      <trkpt lat="48.709004" lon="1.989382"><ele>97.3</ele><time>2025-09-17T14:25:45Z</time></trkpt>
      <trkpt lat="48.709001" lon="1.989385"><ele>96.6</ele><time>2025-09-17T14:25:46Z</time></trkpt>
      <trkpt lat="48.708998" lon="1.989390"><ele>96.5</ele><time>2025-09-17T14:25:47Z</time></trkpt>
      <trkpt lat="48.708995" lon="1.989394"><ele>96.5</ele><time>2025-09-17T14:25:48Z</time></trkpt>
      <trkpt lat="48.708991" lon="1.989397"><ele>96.9</ele><time>2025-09-17T14:25:49Z</time></trkpt>
      <trkpt lat="48.708986" lon="1.989399"><ele>97.0</ele><time>2025-09-17T14:25:50Z</time></trkpt>
      <trkpt lat="48.708984" lon="1.989402"><ele>97.3</ele><time>2025-09-17T14:25:51Z</time></trkpt>
      <trkpt lat="48.708982" lon="1.989403"><ele>96.4</ele><time>2025-09-17T14:25:52Z</time></trkpt>
      <trkpt lat="48.708980" lon="1.989407"><ele>95.7</ele><time>2025-09-17T14:25:53Z</time></trkpt>
      <trkpt lat="48.708978" lon="1.989409"><ele>94.8</ele><time>2025-09-17T14:25:54Z</time></trkpt>
      <trkpt lat="48.708977" lon="1.989413"><ele>94.4</ele><time>2025-09-17T14:25:55Z</time></trkpt>
      <trkpt lat="48.708976" lon="1.989415"><ele>93.8</ele><time>2025-09-17T14:25:56Z</time></trkpt>
      <trkpt lat="48.708975" lon="1.989420"><ele>94.4</ele><time>2025-09-17T14:25:57Z</time></trkpt>
      <trkpt lat="48.708974" lon="1.989425"><ele>95.4</ele><time>2025-09-17T14:25:58Z</time></trkpt>
      <trkpt lat="48.708973" lon="1.989430"><ele>96.2</ele><time>2025-09-17T14:25:59Z</time></trkpt>
      <trkpt lat="48.708972" lon="1.989432"><ele>96.5</ele><time>2025-09-17T14:26:00Z</time></trkpt>
      <trkpt lat="48.708971" lon="1.989434"><ele>96.8</ele><time>2025-09-17T14:26:01Z</time></trkpt>
      <trkpt lat="48.708970" lon="1.989434"><ele>96.9</ele><time>2025-09-17T14:26:02Z</time></trkpt>
      <trkpt lat="48.708969" lon="1.989435"><ele>97.2</ele><time>2025-09-17T14:26:03Z</time></trkpt>
      <trkpt lat="48.708967" lon="1.989436"><ele>97.1</ele><time>2025-09-17T14:26:04Z</time></trkpt>
      <trkpt lat="48.708965" lon="1.989437"><ele>96.8</ele><time>2025-09-17T14:26:05Z</time></trkpt>
      <trkpt lat="48.708964" lon="1.989438"><ele>96.7</ele><time>2025-09-17T14:26:06Z</time></trkpt>
      <trkpt lat="48.708962" lon="1.989440"><ele>96.8</ele><time>2025-09-17T14:26:07Z</time></trkpt>
      <trkpt lat="48.708959" lon="1.989442"><ele>96.5</ele><time>2025-09-17T14:26:08Z</time></trkpt>
      <trkpt lat="48.708956" lon="1.989443"><ele>96.0</ele><time>2025-09-17T14:26:09Z</time></trkpt>
      <trkpt lat="48.708955" lon="1.989444"><ele>95.5</ele><time>2025-09-17T14:26:10Z</time></trkpt>
      <trkpt lat="48.708954" lon="1.989445"><ele>95.4</ele><time>2025-09-17T14:26:11Z</time></trkpt>
      <trkpt lat="48.708954" lon="1.989446"><ele>95.3</ele><time>2025-09-17T14:26:12Z</time></trkpt>
      <trkpt lat="48.708954" lon="1.989448"><ele>95.2</ele><time>2025-09-17T14:26:13Z</time></trkpt>
      <trkpt lat="48.708954" lon="1.989449"><ele>94.8</ele><time>2025-09-17T14:26:14Z</time></trkpt>
      <trkpt lat="48.708953" lon="1.989448"><ele>94.5</ele><time>2025-09-17T14:26:15Z</time></trkpt>
      <trkpt lat="48.708953" lon="1.989449"><ele>94.3</ele><time>2025-09-17T14:26:16Z</time></trkpt>
      <trkpt lat="48.708953" lon="1.989450"><ele>94.1</ele><time>2025-09-17T14:26:17Z</time></trkpt>
      <trkpt lat="48.708953" lon="1.989451"><ele>93.8</ele><time>2025-09-17T14:26:18Z</time></trkpt>
      <trkpt lat="48.708954" lon="1.989453"><ele>93.7</ele><time>2025-09-17T14:26:19Z</time></trkpt>
      <trkpt lat="48.708954" lon="1.989454"><ele>93.4</ele><time>2025-09-17T14:26:20Z</time></trkpt>
      <trkpt lat="48.708954" lon="1.989454"><ele>93.4</ele><time>2025-09-17T14:26:21Z</time></trkpt>
      <trkpt lat="48.708954" lon="1.989456"><ele>93.5</ele><time>2025-09-17T14:26:22Z</time></trkpt>
      <trkpt lat="48.708955" lon="1.989456"><ele>93.7</ele><time>2025-09-17T14:26:23Z</time></trkpt>
      <trkpt lat="48.708956" lon="1.989454"><ele>93.7</ele><time>2025-09-17T14:26:24Z</time></trkpt>
      <trkpt lat="48.708956" lon="1.989453"><ele>93.7</ele><time>2025-09-17T14:26:25Z</time></trkpt>
      <trkpt lat="48.708956" lon="1.989453"><ele>93.8</ele><time>2025-09-17T14:26:26Z</time></trkpt>
      <trkpt lat="48.708956" lon="1.989453"><ele>93.9</ele><time>2025-09-17T14:26:27Z</time></trkpt>
      <trkpt lat="48.708956" lon="1.989454"><ele>94.0</ele><time>2025-09-17T14:26:28Z</time></trkpt>
      <trkpt lat="48.708955" lon="1.989455"><ele>94.2</ele><time>2025-09-17T14:26:29Z</time></trkpt>
      <trkpt lat="48.708955" lon="1.989457"><ele>94.2</ele><time>2025-09-17T14:26:30Z</time></trkpt>
      <trkpt lat="48.708954" lon="1.989459"><ele>94.3</ele><time>2025-09-17T14:26:31Z</time></trkpt>
      <trkpt lat="48.708954" lon="1.989459"><ele>94.3</ele><time>2025-09-17T14:26:32Z</time></trkpt>
      <trkpt lat="48.708953" lon="1.989461"><ele>94.3</ele><time>2025-09-17T14:26:33Z</time></trkpt>
      <trkpt lat="48.708953" lon="1.989461"><ele>94.4</ele><time>2025-09-17T14:26:34Z</time></trkpt>
      <trkpt lat="48.708952" lon="1.989462"><ele>94.4</ele><time>2025-09-17T14:26:35Z</time></trkpt>
      <trkpt lat="48.708952" lon="1.989461"><ele>94.3</ele><time>2025-09-17T14:26:36Z</time></trkpt>
      <trkpt lat="48.708951" lon="1.989460"><ele>94.1</ele><time>2025-09-17T14:26:37Z</time></trkpt>
      <trkpt lat="48.708951" lon="1.989461"><ele>94.2</ele><time>2025-09-17T14:26:38Z</time></trkpt>
      <trkpt lat="48.708951" lon="1.989463"><ele>94.2</ele><time>2025-09-17T14:26:39Z</time></trkpt>
      <trkpt lat="48.708951" lon="1.989464"><ele>93.9</ele><time>2025-09-17T14:26:40Z</time></trkpt>
      <trkpt lat="48.708950" lon="1.989464"><ele>93.9</ele><time>2025-09-17T14:26:41Z</time></trkpt>
      <trkpt lat="48.708950" lon="1.989465"><ele>94.1</ele><time>2025-09-17T14:26:42Z</time></trkpt>
      <trkpt lat="48.708950" lon="1.989465"><ele>94.0</ele><time>2025-09-17T14:26:43Z</time></trkpt>
      <trkpt lat="48.708950" lon="1.989466"><ele>94.0</ele><time>2025-09-17T14:26:44Z</time></trkpt>
      <trkpt lat="48.708949" lon="1.989467"><ele>93.9</ele><time>2025-09-17T14:26:45Z</time></trkpt>
      <trkpt lat="48.708949" lon="1.989470"><ele>93.8</ele><time>2025-09-17T14:26:46Z</time></trkpt>
      <trkpt lat="48.708948" lon="1.989473"><ele>93.7</ele><time>2025-09-17T14:26:47Z</time></trkpt>
      <trkpt lat="48.708948" lon="1.989475"><ele>93.6</ele><time>2025-09-17T14:26:48Z</time></trkpt>
      <trkpt lat="48.708947" lon="1.989477"><ele>93.5</ele><time>2025-09-17T14:26:49Z</time></trkpt>
      <trkpt lat="48.708947" lon="1.989478"><ele>93.5</ele><time>2025-09-17T14:26:50Z</time></trkpt>
      <trkpt lat="48.708947" lon="1.989480"><ele>93.7</ele><time>2025-09-17T14:26:51Z</time></trkpt>
      <trkpt lat="48.708947" lon="1.989480"><ele>94.0</ele><time>2025-09-17T14:26:52Z</time></trkpt>
      <trkpt lat="48.708948" lon="1.989480"><ele>94.5</ele><time>2025-09-17T14:26:53Z</time></trkpt>
      <trkpt lat="48.708948" lon="1.989479"><ele>95.3</ele><time>2025-09-17T14:26:54Z</time></trkpt>
      <trkpt lat="48.708949" lon="1.989479"><ele>95.8</ele><time>2025-09-17T14:26:55Z</time></trkpt>
      <trkpt lat="48.708950" lon="1.989478"><ele>96.3</ele><time>2025-09-17T14:26:56Z</time></trkpt>
      <trkpt lat="48.708951" lon="1.989474"><ele>96.8</ele><time>2025-09-17T14:26:57Z</time></trkpt>
      <trkpt lat="48.708951" lon="1.989472"><ele>97.2</ele><time>2025-09-17T14:26:58Z</time></trkpt>
      <trkpt lat="48.708952" lon="1.989474"><ele>96.9</ele><time>2025-09-17T14:26:59Z</time></trkpt>
      <trkpt lat="48.708952" lon="1.989473"><ele>97.5</ele><time>2025-09-17T14:27:00Z</time></trkpt>
      <trkpt lat="48.708951" lon="1.989473"><ele>97.6</ele><time>2025-09-17T14:27:01Z</time></trkpt>
      <trkpt lat="48.708951" lon="1.989473"><ele>98.2</ele><time>2025-09-17T14:27:02Z</time></trkpt>
      <trkpt lat="48.708951" lon="1.989471"><ele>98.8</ele><time>2025-09-17T14:27:03Z</time></trkpt>
      <trkpt lat="48.708951" lon="1.989470"><ele>99.0</ele><time>2025-09-17T14:27:04Z</time></trkpt>
      <trkpt lat="48.708950" lon="1.989469"><ele>99.1</ele><time>2025-09-17T14:27:05Z</time></trkpt>
      <trkpt lat="48.708951" lon="1.989470"><ele>99.4</ele><time>2025-09-17T14:27:06Z</time></trkpt>
      <trkpt lat="48.708952" lon="1.989472"><ele>99.4</ele><time>2025-09-17T14:27:07Z</time></trkpt>
      <trkpt lat="48.708953" lon="1.989474"><ele>99.3</ele><time>2025-09-17T14:27:08Z</time></trkpt>
      <trkpt lat="48.708951" lon="1.989476"><ele>99.4</ele><time>2025-09-17T14:27:09Z</time></trkpt>
      <trkpt lat="48.708952" lon="1.989480"><ele>99.3</ele><time>2025-09-17T14:27:10Z</time></trkpt>
      <trkpt lat="48.708953" lon="1.989484"><ele>99.2</ele><time>2025-09-17T14:27:11Z</time></trkpt>
      <trkpt lat="48.708953" lon="1.989489"><ele>99.0</ele><time>2025-09-17T14:27:12Z</time></trkpt>
      <trkpt lat="48.708953" lon="1.989490"><ele>99.2</ele><time>2025-09-17T14:27:13Z</time></trkpt>
      <trkpt lat="48.708954" lon="1.989491"><ele>99.3</ele><time>2025-09-17T14:27:14Z</time></trkpt>
      <trkpt lat="48.708953" lon="1.989490"><ele>99.8</ele><time>2025-09-17T14:27:15Z</time></trkpt>
      <trkpt lat="48.708954" lon="1.989492"><ele>99.6</ele><time>2025-09-17T14:27:16Z</time></trkpt>
      <trkpt lat="48.708956" lon="1.989497"><ele>99.4</ele><time>2025-09-17T14:27:17Z</time></trkpt>
      <trkpt lat="48.708957" lon="1.989501"><ele>99.3</ele><time>2025-09-17T14:27:18Z</time></trkpt>
      <trkpt lat="48.708959" lon="1.989505"><ele>99.2</ele><time>2025-09-17T14:27:19Z</time></trkpt>
      <trkpt lat="48.708961" lon="1.989510"><ele>98.8</ele><time>2025-09-17T14:27:20Z</time></trkpt>
      <trkpt lat="48.708962" lon="1.989513"><ele>98.8</ele><time>2025-09-17T14:27:21Z</time></trkpt>
      <trkpt lat="48.708964" lon="1.989517"><ele>99.0</ele><time>2025-09-17T14:27:22Z</time></trkpt>
      <trkpt lat="48.708966" lon="1.989522"><ele>99.2</ele><time>2025-09-17T14:27:23Z</time></trkpt>
      <trkpt lat="48.708965" lon="1.989522"><ele>100.5</ele><time>2025-09-17T14:27:24Z</time></trkpt>
      <trkpt lat="48.708968" lon="1.989525"><ele>101.0</ele><time>2025-09-17T14:27:25Z</time></trkpt>
      <trkpt lat="48.708970" lon="1.989524"><ele>101.4</ele><time>2025-09-17T14:27:26Z</time></trkpt>
      <trkpt lat="48.708973" lon="1.989515"><ele>101.2</ele><time>2025-09-17T14:27:27Z</time></trkpt>
      <trkpt lat="48.708975" lon="1.989516"><ele>101.0</ele><time>2025-09-17T14:27:28Z</time></trkpt>
      <trkpt lat="48.708976" lon="1.989513"><ele>101.7</ele><time>2025-09-17T14:27:29Z</time></trkpt>
      <trkpt lat="48.708976" lon="1.989510"><ele>101.9</ele><time>2025-09-17T14:27:30Z</time></trkpt>
      <trkpt lat="48.708976" lon="1.989510"><ele>102.1</ele><time>2025-09-17T14:27:31Z</time></trkpt>
      <trkpt lat="48.708976" lon="1.989499"><ele>102.4</ele><time>2025-09-17T14:27:32Z</time></trkpt>
      <trkpt lat="48.708978" lon="1.989498"><ele>103.2</ele><time>2025-09-17T14:27:33Z</time></trkpt>
      <trkpt lat="48.708977" lon="1.989494"><ele>103.5</ele><time>2025-09-17T14:27:34Z</time></trkpt>
      <trkpt lat="48.708981" lon="1.989489"><ele>103.2</ele><time>2025-09-17T14:27:35Z</time></trkpt>
      <trkpt lat="48.708979" lon="1.989487"><ele>103.2</ele><time>2025-09-17T14:27:36Z</time></trkpt>
      <trkpt lat="48.708979" lon="1.989485"><ele>103.2</ele><time>2025-09-17T14:27:37Z</time></trkpt>
      <trkpt lat="48.708978" lon="1.989486"><ele>102.9</ele><time>2025-09-17T14:27:38Z</time></trkpt>
      <trkpt lat="48.708977" lon="1.989486"><ele>102.9</ele><time>2025-09-17T14:27:39Z</time></trkpt>
      <trkpt lat="48.708976" lon="1.989487"><ele>103.1</ele><time>2025-09-17T14:27:40Z</time></trkpt>
      <trkpt lat="48.708976" lon="1.989487"><ele>103.2</ele><time>2025-09-17T14:27:41Z</time></trkpt>
      <trkpt lat="48.708975" lon="1.989487"><ele>103.1</ele><time>2025-09-17T14:27:42Z</time></trkpt>
      <trkpt lat="48.708974" lon="1.989489"><ele>103.1</ele><time>2025-09-17T14:27:43Z</time></trkpt>
      <trkpt lat="48.708976" lon="1.989484"><ele>103.0</ele><time>2025-09-17T14:27:44Z</time></trkpt>
      <trkpt lat="48.708977" lon="1.989478"><ele>103.3</ele><time>2025-09-17T14:27:45Z</time></trkpt>
      <trkpt lat="48.708980" lon="1.989470"><ele>103.8</ele><time>2025-09-17T14:27:46Z</time></trkpt>
      <trkpt lat="48.708982" lon="1.989470"><ele>103.5</ele><time>2025-09-17T14:27:47Z</time></trkpt>
      <trkpt lat="48.708981" lon="1.989473"><ele>103.2</ele><time>2025-09-17T14:27:48Z</time></trkpt>
      <trkpt lat="48.708984" lon="1.989468"><ele>103.1</ele><time>2025-09-17T14:27:49Z</time></trkpt>
      <trkpt lat="48.708987" lon="1.989469"><ele>103.7</ele><time>2025-09-17T14:27:50Z</time></trkpt>
      <trkpt lat="48.708990" lon="1.989470"><ele>104.2</ele><time>2025-09-17T14:27:51Z</time></trkpt>
      <trkpt lat="48.708991" lon="1.989472"><ele>104.6</ele><time>2025-09-17T14:27:52Z</time></trkpt>
      <trkpt lat="48.708993" lon="1.989471"><ele>104.9</ele><time>2025-09-17T14:27:53Z</time></trkpt>
      <trkpt lat="48.708996" lon="1.989461"><ele>105.1</ele><time>2025-09-17T14:27:54Z</time></trkpt>
      <trkpt lat="48.708997" lon="1.989453"><ele>105.3</ele><time>2025-09-17T14:27:55Z</time></trkpt>
      <trkpt lat="48.708999" lon="1.989451"><ele>104.9</ele><time>2025-09-17T14:27:56Z</time></trkpt>
      <trkpt lat="48.709001" lon="1.989445"><ele>104.7</ele><time>2025-09-17T14:27:57Z</time></trkpt>
      <trkpt lat="48.709002" lon="1.989440"><ele>104.7</ele><time>2025-09-17T14:27:58Z</time></trkpt>
      <trkpt lat="48.709003" lon="1.989438"><ele>104.5</ele><time>2025-09-17T14:27:59Z</time></trkpt>
      <trkpt lat="48.709004" lon="1.989434"><ele>104.7</ele><time>2025-09-17T14:28:00Z</time></trkpt>
      <trkpt lat="48.709004" lon="1.989431"><ele>105.0</ele><time>2025-09-17T14:28:01Z</time></trkpt>
      <trkpt lat="48.709006" lon="1.989430"><ele>105.1</ele><time>2025-09-17T14:28:02Z</time></trkpt>
      <trkpt lat="48.709007" lon="1.989429"><ele>105.4</ele><time>2025-09-17T14:28:03Z</time></trkpt>
      <trkpt lat="48.709009" lon="1.989428"><ele>105.8</ele><time>2025-09-17T14:28:04Z</time></trkpt>
      <trkpt lat="48.709010" lon="1.989427"><ele>105.8</ele><time>2025-09-17T14:28:05Z</time></trkpt>
      <trkpt lat="48.709013" lon="1.989426"><ele>105.8</ele><time>2025-09-17T14:28:06Z</time></trkpt>
      <trkpt lat="48.709015" lon="1.989425"><ele>105.8</ele><time>2025-09-17T14:28:07Z</time></trkpt>
      <trkpt lat="48.709016" lon="1.989425"><ele>105.7</ele><time>2025-09-17T14:28:08Z</time></trkpt>
      <trkpt lat="48.709018" lon="1.989424"><ele>105.7</ele><time>2025-09-17T14:28:09Z</time></trkpt>
      <trkpt lat="48.709019" lon="1.989423"><ele>105.7</ele><time>2025-09-17T14:28:10Z</time></trkpt>
      <trkpt lat="48.709021" lon="1.989423"><ele>105.7</ele><time>2025-09-17T14:28:11Z</time></trkpt>
      <trkpt lat="48.709021" lon="1.989423"><ele>105.7</ele><time>2025-09-17T14:28:12Z</time></trkpt>
      <trkpt lat="48.709021" lon="1.989422"><ele>105.6</ele><time>2025-09-17T14:28:13Z</time></trkpt>
      <trkpt lat="48.709022" lon="1.989420"><ele>105.5</ele><time>2025-09-17T14:28:14Z</time></trkpt>
      <trkpt lat="48.709024" lon="1.989420"><ele>105.6</ele><time>2025-09-17T14:28:15Z</time></trkpt>
      <trkpt lat="48.709025" lon="1.989419"><ele>105.7</ele><time>2025-09-17T14:28:16Z</time></trkpt>
      <trkpt lat="48.709026" lon="1.989418"><ele>105.7</ele><time>2025-09-17T14:28:17Z</time></trkpt>
      <trkpt lat="48.709027" lon="1.989417"><ele>105.8</ele><time>2025-09-17T14:28:18Z</time></trkpt>
      <trkpt lat="48.709028" lon="1.989415"><ele>105.7</ele><time>2025-09-17T14:28:19Z</time></trkpt>
      <trkpt lat="48.709029" lon="1.989413"><ele>105.6</ele><time>2025-09-17T14:28:20Z</time></trkpt>
      <trkpt lat="48.709030" lon="1.989412"><ele>105.5</ele><time>2025-09-17T14:28:21Z</time></trkpt>
      <trkpt lat="48.709031" lon="1.989411"><ele>105.4</ele><time>2025-09-17T14:28:22Z</time></trkpt>
      <trkpt lat="48.709031" lon="1.989409"><ele>105.3</ele><time>2025-09-17T14:28:23Z</time></trkpt>
      <trkpt lat="48.709032" lon="1.989408"><ele>105.3</ele><time>2025-09-17T14:28:24Z</time></trkpt>
      <trkpt lat="48.709033" lon="1.989407"><ele>105.3</ele><time>2025-09-17T14:28:25Z</time></trkpt>
      <trkpt lat="48.709033" lon="1.989404"><ele>104.7</ele><time>2025-09-17T14:28:26Z</time></trkpt>
      <trkpt lat="48.709033" lon="1.989398"><ele>104.6</ele><time>2025-09-17T14:28:27Z</time></trkpt>
      <trkpt lat="48.709035" lon="1.989392"><ele>104.8</ele><time>2025-09-17T14:28:28Z</time></trkpt>
      <trkpt lat="48.709038" lon="1.989383"><ele>104.7</ele><time>2025-09-17T14:28:29Z</time></trkpt>
      <trkpt lat="48.709041" lon="1.989378"><ele>104.6</ele><time>2025-09-17T14:28:30Z</time></trkpt>
      <trkpt lat="48.709042" lon="1.989377"><ele>104.3</ele><time>2025-09-17T14:28:31Z</time></trkpt>
      <trkpt lat="48.709043" lon="1.989376"><ele>103.8</ele><time>2025-09-17T14:28:32Z</time></trkpt>
      <trkpt lat="48.709044" lon="1.989373"><ele>103.5</ele><time>2025-09-17T14:28:33Z</time></trkpt>
      <trkpt lat="48.709045" lon="1.989370"><ele>103.2</ele><time>2025-09-17T14:28:34Z</time></trkpt>
      <trkpt lat="48.709045" lon="1.989366"><ele>102.8</ele><time>2025-09-17T14:28:35Z</time></trkpt>
      <trkpt lat="48.709046" lon="1.989363"><ele>102.4</ele><time>2025-09-17T14:28:36Z</time></trkpt>
      <trkpt lat="48.709047" lon="1.989362"><ele>102.2</ele><time>2025-09-17T14:28:37Z</time></trkpt>
      <trkpt lat="48.709048" lon="1.989361"><ele>102.1</ele><time>2025-09-17T14:28:38Z</time></trkpt>
      <trkpt lat="48.709049" lon="1.989361"><ele>101.8</ele><time>2025-09-17T14:28:39Z</time></trkpt>
      <trkpt lat="48.709050" lon="1.989362"><ele>101.9</ele><time>2025-09-17T14:28:40Z</time></trkpt>
      <trkpt lat="48.709051" lon="1.989363"><ele>102.2</ele><time>2025-09-17T14:28:41Z</time></trkpt>
      <trkpt lat="48.709051" lon="1.989364"><ele>102.3</ele><time>2025-09-17T14:28:42Z</time></trkpt>
      <trkpt lat="48.709052" lon="1.989365"><ele>102.6</ele><time>2025-09-17T14:28:43Z</time></trkpt>
      <trkpt lat="48.709053" lon="1.989367"><ele>102.7</ele><time>2025-09-17T14:28:44Z</time></trkpt>
      <trkpt lat="48.709054" lon="1.989367"><ele>102.8</ele><time>2025-09-17T14:28:45Z</time></trkpt>
      <trkpt lat="48.709054" lon="1.989367"><ele>102.6</ele><time>2025-09-17T14:28:46Z</time></trkpt>
      <trkpt lat="48.709055" lon="1.989369"><ele>102.7</ele><time>2025-09-17T14:28:47Z</time></trkpt>
      <trkpt lat="48.709056" lon="1.989368"><ele>102.9</ele><time>2025-09-17T14:28:48Z</time></trkpt>
      <trkpt lat="48.709058" lon="1.989370"><ele>103.2</ele><time>2025-09-17T14:28:49Z</time></trkpt>
      <trkpt lat="48.709060" lon="1.989370"><ele>103.4</ele><time>2025-09-17T14:28:50Z</time></trkpt>
      <trkpt lat="48.709061" lon="1.989368"><ele>103.4</ele><time>2025-09-17T14:28:51Z</time></trkpt>
      <trkpt lat="48.709061" lon="1.989367"><ele>103.4</ele><time>2025-09-17T14:28:52Z</time></trkpt>
      <trkpt lat="48.709061" lon="1.989366"><ele>103.6</ele><time>2025-09-17T14:28:53Z</time></trkpt>
      <trkpt lat="48.709062" lon="1.989365"><ele>103.5</ele><time>2025-09-17T14:28:54Z</time></trkpt>
      <trkpt lat="48.709063" lon="1.989364"><ele>103.4</ele><time>2025-09-17T14:28:55Z</time></trkpt>
      <trkpt lat="48.709063" lon="1.989364"><ele>103.4</ele><time>2025-09-17T14:28:56Z</time></trkpt>
      <trkpt lat="48.709063" lon="1.989360"><ele>103.3</ele><time>2025-09-17T14:28:57Z</time></trkpt>
      <trkpt lat="48.709063" lon="1.989358"><ele>103.2</ele><time>2025-09-17T14:28:58Z</time></trkpt>
      <trkpt lat="48.709062" lon="1.989356"><ele>103.4</ele><time>2025-09-17T14:28:59Z</time></trkpt>
      <trkpt lat="48.709062" lon="1.989356"><ele>103.6</ele><time>2025-09-17T14:29:00Z</time></trkpt>
      <trkpt lat="48.709064" lon="1.989354"><ele>103.8</ele><time>2025-09-17T14:29:01Z</time></trkpt>
      <trkpt lat="48.709065" lon="1.989353"><ele>103.7</ele><time>2025-09-17T14:29:02Z</time></trkpt>
      <trkpt lat="48.709066" lon="1.989352"><ele>103.6</ele><time>2025-09-17T14:29:03Z</time></trkpt>
      <trkpt lat="48.709066" lon="1.989350"><ele>103.7</ele><time>2025-09-17T14:29:04Z</time></trkpt>
      <trkpt lat="48.709068" lon="1.989350"><ele>103.3</ele><time>2025-09-17T14:29:05Z</time></trkpt>
      <trkpt lat="48.709067" lon="1.989350"><ele>103.3</ele><time>2025-09-17T14:29:06Z</time></trkpt>
      <trkpt lat="48.709067" lon="1.989349"><ele>103.3</ele><time>2025-09-17T14:29:07Z</time></trkpt>
      <trkpt lat="48.709066" lon="1.989349"><ele>103.2</ele><time>2025-09-17T14:29:08Z</time></trkpt>
      <trkpt lat="48.709065" lon="1.989349"><ele>103.0</ele><time>2025-09-17T14:29:09Z</time></trkpt>
      <trkpt lat="48.709063" lon="1.989351"><ele>102.9</ele><time>2025-09-17T14:29:10Z</time></trkpt>
      <trkpt lat="48.709061" lon="1.989353"><ele>102.6</ele><time>2025-09-17T14:29:11Z</time></trkpt>
      <trkpt lat="48.709060" lon="1.989354"><ele>102.2</ele><time>2025-09-17T14:29:12Z</time></trkpt>
      <trkpt lat="48.709060" lon="1.989355"><ele>102.3</ele><time>2025-09-17T14:29:13Z</time></trkpt>
      <trkpt lat="48.709058" lon="1.989357"><ele>102.5</ele><time>2025-09-17T14:29:14Z</time></trkpt>
      <trkpt lat="48.709058" lon="1.989359"><ele>102.5</ele><time>2025-09-17T14:29:15Z</time></trkpt>
      <trkpt lat="48.709057" lon="1.989361"><ele>102.4</ele><time>2025-09-17T14:29:16Z</time></trkpt>
      <trkpt lat="48.709057" lon="1.989363"><ele>102.2</ele><time>2025-09-17T14:29:17Z</time></trkpt>
      <trkpt lat="48.709059" lon="1.989363"><ele>102.3</ele><time>2025-09-17T14:29:18Z</time></trkpt>
      <trkpt lat="48.709060" lon="1.989361"><ele>102.3</ele><time>2025-09-17T14:29:19Z</time></trkpt>
      <trkpt lat="48.709059" lon="1.989361"><ele>102.2</ele><time>2025-09-17T14:29:20Z</time></trkpt>
      <trkpt lat="48.709058" lon="1.989363"><ele>102.3</ele><time>2025-09-17T14:29:21Z</time></trkpt>
      <trkpt lat="48.709056" lon="1.989371"><ele>101.9</ele><time>2025-09-17T14:29:22Z</time></trkpt>
      <trkpt lat="48.709033" lon="1.989397"><ele>101.0</ele><time>2025-09-17T14:29:23Z</time></trkpt>
      <trkpt lat="48.709015" lon="1.989421"><ele>100.7</ele><time>2025-09-17T14:29:24Z</time></trkpt>
      <trkpt lat="48.708992" lon="1.989443"><ele>100.8</ele><time>2025-09-17T14:29:25Z</time></trkpt>
      <trkpt lat="48.708981" lon="1.989459"><ele>101.0</ele><time>2025-09-17T14:29:26Z</time></trkpt>
      <trkpt lat="48.708973" lon="1.989469"><ele>101.0</ele><time>2025-09-17T14:29:27Z</time></trkpt>
      <trkpt lat="48.708973" lon="1.989474"><ele>101.4</ele><time>2025-09-17T14:29:28Z</time></trkpt>
      <trkpt lat="48.708970" lon="1.989477"><ele>101.3</ele><time>2025-09-17T14:29:29Z</time></trkpt>
      <trkpt lat="48.708972" lon="1.989480"><ele>100.8</ele><time>2025-09-17T14:29:30Z</time></trkpt>
      <trkpt lat="48.708969" lon="1.989483"><ele>100.6</ele><time>2025-09-17T14:29:31Z</time></trkpt>
      <trkpt lat="48.708968" lon="1.989487"><ele>100.6</ele><time>2025-09-17T14:29:32Z</time></trkpt>
      <trkpt lat="48.708966" lon="1.989494"><ele>100.5</ele><time>2025-09-17T14:29:33Z</time></trkpt>
      <trkpt lat="48.708958" lon="1.989494"><ele>101.0</ele><time>2025-09-17T14:29:34Z</time></trkpt>
      <trkpt lat="48.708949" lon="1.989495"><ele>101.0</ele><time>2025-09-17T14:29:35Z</time></trkpt>
      <trkpt lat="48.708957" lon="1.989494"><ele>101.8</ele><time>2025-09-17T14:29:36Z</time></trkpt>
      <trkpt lat="48.708980" lon="1.989495"><ele>102.6</ele><time>2025-09-17T14:29:37Z</time></trkpt>
      <trkpt lat="48.709017" lon="1.989509"><ele>103.5</ele><time>2025-09-17T14:29:38Z</time></trkpt>
      <trkpt lat="48.709065" lon="1.989529"><ele>104.4</ele><time>2025-09-17T14:29:39Z</time></trkpt>
      <trkpt lat="48.709120" lon="1.989540"><ele>106.3</ele><time>2025-09-17T14:29:40Z</time></trkpt>
      <trkpt lat="48.709176" lon="1.989532"><ele>109.6</ele><time>2025-09-17T14:29:41Z</time></trkpt>
      <trkpt lat="48.709223" lon="1.989526"><ele>112.8</ele><time>2025-09-17T14:29:42Z</time></trkpt>
      <trkpt lat="48.709283" lon="1.989532"><ele>117.2</ele><time>2025-09-17T14:29:43Z</time></trkpt>
      <trkpt lat="48.709374" lon="1.989530"><ele>118.5</ele><time>2025-09-17T14:29:44Z</time></trkpt>
      <trkpt lat="48.709466" lon="1.989539"><ele>124.9</ele><time>2025-09-17T14:29:45Z</time></trkpt>
      <trkpt lat="48.709565" lon="1.989572"><ele>127.6</ele><time>2025-09-17T14:29:46Z</time></trkpt>
      <trkpt lat="48.709656" lon="1.989579"><ele>130.3</ele><time>2025-09-17T14:29:47Z</time></trkpt>
      <trkpt lat="48.709738" lon="1.989565"><ele>133.7</ele><time>2025-09-17T14:29:48Z</time></trkpt>
      <trkpt lat="48.709833" lon="1.989587"><ele>136.7</ele><time>2025-09-17T14:29:49Z</time></trkpt>
      <trkpt lat="48.709920" lon="1.989628"><ele>141.4</ele><time>2025-09-17T14:29:50Z</time></trkpt>
      <trkpt lat="48.710012" lon="1.989678"><ele>147.5</ele><time>2025-09-17T14:29:51Z</time></trkpt>
      <trkpt lat="48.710140" lon="1.989711"><ele>143.4</ele><time>2025-09-17T14:29:52Z</time></trkpt>
      <trkpt lat="48.710270" lon="1.989756"><ele>139.7</ele><time>2025-09-17T14:29:53Z</time></trkpt>
      <trkpt lat="48.710381" lon="1.989803"><ele>139.9</ele><time>2025-09-17T14:29:54Z</time></trkpt>
      <trkpt lat="48.710508" lon="1.989881"><ele>138.2</ele><time>2025-09-17T14:29:55Z</time></trkpt>
      <trkpt lat="48.710618" lon="1.989960"><ele>136.9</ele><time>2025-09-17T14:29:56Z</time></trkpt>
      <trkpt lat="48.710733" lon="1.990053"><ele>134.7</ele><time>2025-09-17T14:29:57Z</time></trkpt>
      <trkpt lat="48.710845" lon="1.990133"><ele>133.6</ele><time>2025-09-17T14:29:58Z</time></trkpt>
      <trkpt lat="48.710966" lon="1.990201"><ele>127.6</ele><time>2025-09-17T14:29:59Z</time></trkpt>
      <trkpt lat="48.711062" lon="1.990273"><ele>123.3</ele><time>2025-09-17T14:30:00Z</time></trkpt>
      <trkpt lat="48.711142" lon="1.990363"><ele>121.3</ele><time>2025-09-17T14:30:01Z</time></trkpt>
      <trkpt lat="48.711195" lon="1.990466"><ele>121.4</ele><time>2025-09-17T14:30:02Z</time></trkpt>
      <trkpt lat="48.711233" lon="1.990590"><ele>121.7</ele><time>2025-09-17T14:30:03Z</time></trkpt>
      <trkpt lat="48.711245" lon="1.990708"><ele>121.7</ele><time>2025-09-17T14:30:04Z</time></trkpt>
      <trkpt lat="48.711210" lon="1.990815"><ele>121.3</ele><time>2025-09-17T14:30:05Z</time></trkpt>
      <trkpt lat="48.711171" lon="1.990958"><ele>121.0</ele><time>2025-09-17T14:30:06Z</time></trkpt>
      <trkpt lat="48.711138" lon="1.991139"><ele>120.3</ele><time>2025-09-17T14:30:07Z</time></trkpt>
      <trkpt lat="48.711135" lon="1.991319"><ele>120.5</ele><time>2025-09-17T14:30:08Z</time></trkpt>
      <trkpt lat="48.711157" lon="1.991515"><ele>120.1</ele><time>2025-09-17T14:30:09Z</time></trkpt>
      <trkpt lat="48.711192" lon="1.991701"><ele>120.0</ele><time>2025-09-17T14:30:10Z</time></trkpt>
      <trkpt lat="48.711232" lon="1.991889"><ele>121.4</ele><time>2025-09-17T14:30:11Z</time></trkpt>
      <trkpt lat="48.711214" lon="1.992079"><ele>123.5</ele><time>2025-09-17T14:30:12Z</time></trkpt>
      <trkpt lat="48.711182" lon="1.992262"><ele>123.3</ele><time>2025-09-17T14:30:13Z</time></trkpt>
      <trkpt lat="48.711103" lon="1.992411"><ele>125.2</ele><time>2025-09-17T14:30:14Z</time></trkpt>
      <trkpt lat="48.711032" lon="1.992561"><ele>125.9</ele><time>2025-09-17T14:30:15Z</time></trkpt>
      <trkpt lat="48.710980" lon="1.992756"><ele>124.7</ele><time>2025-09-17T14:30:16Z</time></trkpt>
      <trkpt lat="48.710928" lon="1.992970"><ele>125.8</ele><time>2025-09-17T14:30:17Z</time></trkpt>
      <trkpt lat="48.710888" lon="1.993210"><ele>125.4</ele><time>2025-09-17T14:30:18Z</time></trkpt>
      <trkpt lat="48.710818" lon="1.993386"><ele>126.4</ele><time>2025-09-17T14:30:19Z</time></trkpt>
      <trkpt lat="48.710741" lon="1.993542"><ele>127.3</ele><time>2025-09-17T14:30:20Z</time></trkpt>
      <trkpt lat="48.710653" lon="1.993667"><ele>128.4</ele><time>2025-09-17T14:30:21Z</time></trkpt>
      <trkpt lat="48.710580" lon="1.993791"><ele>126.8</ele><time>2025-09-17T14:30:22Z</time></trkpt>
      <trkpt lat="48.710518" lon="1.993946"><ele>127.8</ele><time>2025-09-17T14:30:23Z</time></trkpt>
      <trkpt lat="48.710461" lon="1.994143"><ele>128.8</ele><time>2025-09-17T14:30:24Z</time></trkpt>
      <trkpt lat="48.710422" lon="1.994379"><ele>127.8</ele><time>2025-09-17T14:30:25Z</time></trkpt>
      <trkpt lat="48.710391" lon="1.994592"><ele>128.7</ele><time>2025-09-17T14:30:26Z</time></trkpt>
      <trkpt lat="48.710315" lon="1.994746"><ele>129.2</ele><time>2025-09-17T14:30:27Z</time></trkpt>
      <trkpt lat="48.710220" lon="1.994890"><ele>129.2</ele><time>2025-09-17T14:30:28Z</time></trkpt>
      <trkpt lat="48.710132" lon="1.995023"><ele>129.5</ele><time>2025-09-17T14:30:29Z</time></trkpt>
      <trkpt lat="48.710040" lon="1.995180"><ele>129.2</ele><time>2025-09-17T14:30:30Z</time></trkpt>
      <trkpt lat="48.709988" lon="1.995335"><ele>130.7</ele><time>2025-09-17T14:30:31Z</time></trkpt>
      <trkpt lat="48.709960" lon="1.995522"><ele>132.3</ele><time>2025-09-17T14:30:32Z</time></trkpt>
      <trkpt lat="48.709967" lon="1.995742"><ele>134.2</ele><time>2025-09-17T14:30:33Z</time></trkpt>
      <trkpt lat="48.709955" lon="1.995942"><ele>134.8</ele><time>2025-09-17T14:30:34Z</time></trkpt>
      <trkpt lat="48.709930" lon="1.996099"><ele>136.3</ele><time>2025-09-17T14:30:35Z</time></trkpt>
      <trkpt lat="48.709879" lon="1.996204"><ele>138.6</ele><time>2025-09-17T14:30:36Z</time></trkpt>
      <trkpt lat="48.709804" lon="1.996298"><ele>139.6</ele><time>2025-09-17T14:30:37Z</time></trkpt>
      <trkpt lat="48.709701" lon="1.996389"><ele>137.5</ele><time>2025-09-17T14:30:38Z</time></trkpt>
      <trkpt lat="48.709609" lon="1.996468"><ele>136.7</ele><time>2025-09-17T14:30:39Z</time></trkpt>
      <trkpt lat="48.709492" lon="1.996604"><ele>133.8</ele><time>2025-09-17T14:30:40Z</time></trkpt>
      <trkpt lat="48.709406" lon="1.996747"><ele>134.7</ele><time>2025-09-17T14:30:41Z</time></trkpt>
      <trkpt lat="48.709325" lon="1.996874"><ele>136.3</ele><time>2025-09-17T14:30:42Z</time></trkpt>
      <trkpt lat="48.709284" lon="1.997062"><ele>139.4</ele><time>2025-09-17T14:30:43Z</time></trkpt>
      <trkpt lat="48.709255" lon="1.997268"><ele>144.4</ele><time>2025-09-17T14:30:44Z</time></trkpt>
      <trkpt lat="48.709214" lon="1.997526"><ele>147.8</ele><time>2025-09-17T14:30:45Z</time></trkpt>
      <trkpt lat="48.709160" lon="1.997790"><ele>149.3</ele><time>2025-09-17T14:30:46Z</time></trkpt>
      <trkpt lat="48.709109" lon="1.998028"><ele>150.7</ele><time>2025-09-17T14:30:47Z</time></trkpt>
      <trkpt lat="48.709037" lon="1.998209"><ele>151.7</ele><time>2025-09-17T14:30:48Z</time></trkpt>
      <trkpt lat="48.708920" lon="1.998319"><ele>152.6</ele><time>2025-09-17T14:30:49Z</time></trkpt>
      <trkpt lat="48.708837" lon="1.998409"><ele>153.2</ele><time>2025-09-17T14:30:50Z</time></trkpt>
      <trkpt lat="48.708734" lon="1.998453"><ele>152.9</ele><time>2025-09-17T14:30:51Z</time></trkpt>
      <trkpt lat="48.708615" lon="1.998555"><ele>147.7</ele><time>2025-09-17T14:30:52Z</time></trkpt>
      <trkpt lat="48.708535" lon="1.998689"><ele>144.6</ele><time>2025-09-17T14:30:53Z</time></trkpt>
      <trkpt lat="48.708475" lon="1.998863"><ele>145.8</ele><time>2025-09-17T14:30:54Z</time></trkpt>
      <trkpt lat="48.708422" lon="1.999077"><ele>146.5</ele><time>2025-09-17T14:30:55Z</time></trkpt>
      <trkpt lat="48.708382" lon="1.999346"><ele>147.1</ele><time>2025-09-17T14:30:56Z</time></trkpt>
      <trkpt lat="48.708300" lon="1.999575"><ele>148.4</ele><time>2025-09-17T14:30:57Z</time></trkpt>
      <trkpt lat="48.708238" lon="1.999824"><ele>148.8</ele><time>2025-09-17T14:30:58Z</time></trkpt>
      <trkpt lat="48.708141" lon="2.000089"><ele>148.3</ele><time>2025-09-17T14:30:59Z</time></trkpt>
      <trkpt lat="48.708028" lon="2.000328"><ele>152.0</ele><time>2025-09-17T14:31:00Z</time></trkpt>
      <trkpt lat="48.707948" lon="2.000574"><ele>152.2</ele><time>2025-09-17T14:31:01Z</time></trkpt>
      <trkpt lat="48.707898" lon="2.000804"><ele>153.5</ele><time>2025-09-17T14:31:02Z</time></trkpt>
      <trkpt lat="48.707878" lon="2.000997"><ele>156.6</ele><time>2025-09-17T14:31:03Z</time></trkpt>
      <trkpt lat="48.707887" lon="2.001168"><ele>157.8</ele><time>2025-09-17T14:31:04Z</time></trkpt>
      <trkpt lat="48.707910" lon="2.001279"><ele>160.8</ele><time>2025-09-17T14:31:05Z</time></trkpt>
      <trkpt lat="48.707952" lon="2.001351"><ele>166.1</ele><time>2025-09-17T14:31:06Z</time></trkpt>
      <trkpt lat="48.708032" lon="2.001403"><ele>170.2</ele><time>2025-09-17T14:31:07Z</time></trkpt>
      <trkpt lat="48.708135" lon="2.001422"><ele>175.1</ele><time>2025-09-17T14:31:08Z</time></trkpt>
      <trkpt lat="48.708274" lon="2.001428"><ele>182.6</ele><time>2025-09-17T14:31:09Z</time></trkpt>
      <trkpt lat="48.708403" lon="2.001440"><ele>191.8</ele><time>2025-09-17T14:31:10Z</time></trkpt>
      <trkpt lat="48.708537" lon="2.001469"><ele>201.2</ele><time>2025-09-17T14:31:11Z</time></trkpt>
      <trkpt lat="48.708677" lon="2.001522"><ele>208.8</ele><time>2025-09-17T14:31:12Z</time></trkpt>
      <trkpt lat="48.708795" lon="2.001567"><ele>218.5</ele><time>2025-09-17T14:31:13Z</time></trkpt>
      <trkpt lat="48.708913" lon="2.001611"><ele>227.6</ele><time>2025-09-17T14:31:14Z</time></trkpt>
      <trkpt lat="48.709014" lon="2.001665"><ele>238.1</ele><time>2025-09-17T14:31:15Z</time></trkpt>
      <trkpt lat="48.709096" lon="2.001691"><ele>246.4</ele><time>2025-09-17T14:31:16Z</time></trkpt>
      <trkpt lat="48.709175" lon="2.001721"><ele>252.5</ele><time>2025-09-17T14:31:17Z</time></trkpt>
      <trkpt lat="48.709244" lon="2.001717"><ele>252.3</ele><time>2025-09-17T14:31:18Z</time></trkpt>
      <trkpt lat="48.709276" lon="2.001717"><ele>253.5</ele><time>2025-09-17T14:31:19Z</time></trkpt>
      <trkpt lat="48.709314" lon="2.001712"><ele>246.5</ele><time>2025-09-17T14:31:20Z</time></trkpt>
      <trkpt lat="48.709336" lon="2.001701"><ele>241.0</ele><time>2025-09-17T14:31:21Z</time></trkpt>
      <trkpt lat="48.709355" lon="2.001701"><ele>236.7</ele><time>2025-09-17T14:31:22Z</time></trkpt>
      <trkpt lat="48.709371" lon="2.001703"><ele>233.0</ele><time>2025-09-17T14:31:23Z</time></trkpt>
      <trkpt lat="48.709390" lon="2.001705"><ele>229.5</ele><time>2025-09-17T14:31:24Z</time></trkpt>
      <trkpt lat="48.709393" lon="2.001690"><ele>228.1</ele><time>2025-09-17T14:31:25Z</time></trkpt>
      <trkpt lat="48.709403" lon="2.001695"><ele>225.8</ele><time>2025-09-17T14:31:26Z</time></trkpt>
      <trkpt lat="48.709404" lon="2.001683"><ele>221.3</ele><time>2025-09-17T14:31:27Z</time></trkpt>
      <trkpt lat="48.709386" lon="2.001686"><ele>216.3</ele><time>2025-09-17T14:31:28Z</time></trkpt>
      <trkpt lat="48.709348" lon="2.001685"><ele>212.2</ele><time>2025-09-17T14:31:29Z</time></trkpt>
      <trkpt lat="48.709312" lon="2.001677"><ele>208.3</ele><time>2025-09-17T14:31:30Z</time></trkpt>
      <trkpt lat="48.709274" lon="2.001669"><ele>207.2</ele><time>2025-09-17T14:31:31Z</time></trkpt>
      <trkpt lat="48.709210" lon="2.001653"><ele>206.2</ele><time>2025-09-17T14:31:32Z</time></trkpt>
      <trkpt lat="48.709178" lon="2.001638"><ele>206.9</ele><time>2025-09-17T14:31:33Z</time></trkpt>
      <trkpt lat="48.709162" lon="2.001601"><ele>206.5</ele><time>2025-09-17T14:31:34Z</time></trkpt>
      <trkpt lat="48.709110" lon="2.001593"><ele>207.0</ele><time>2025-09-17T14:31:35Z</time></trkpt>
      <trkpt lat="48.709069" lon="2.001584"><ele>206.8</ele><time>2025-09-17T14:31:36Z</time></trkpt>
      <trkpt lat="48.709035" lon="2.001576"><ele>206.8</ele><time>2025-09-17T14:31:37Z</time></trkpt>
      <trkpt lat="48.708964" lon="2.001566"><ele>206.3</ele><time>2025-09-17T14:31:38Z</time></trkpt>
      <trkpt lat="48.708904" lon="2.001565"><ele>206.5</ele><time>2025-09-17T14:31:39Z</time></trkpt>
      <trkpt lat="48.708860" lon="2.001573"><ele>207.5</ele><time>2025-09-17T14:31:40Z</time></trkpt>
      <trkpt lat="48.708778" lon="2.001560"><ele>207.1</ele><time>2025-09-17T14:31:41Z</time></trkpt>
      <trkpt lat="48.708711" lon="2.001556"><ele>208.1</ele><time>2025-09-17T14:31:42Z</time></trkpt>
      <trkpt lat="48.708625" lon="2.001555"><ele>207.9</ele><time>2025-09-17T14:31:43Z</time></trkpt>
      <trkpt lat="48.708532" lon="2.001557"><ele>209.1</ele><time>2025-09-17T14:31:44Z</time></trkpt>
      <trkpt lat="48.708427" lon="2.001544"><ele>208.0</ele><time>2025-09-17T14:31:45Z</time></trkpt>
      <trkpt lat="48.708280" lon="2.001477"><ele>205.8</ele><time>2025-09-17T14:31:46Z</time></trkpt>
      <trkpt lat="48.708222" lon="2.001398"><ele>205.9</ele><time>2025-09-17T14:31:47Z</time></trkpt>
      <trkpt lat="48.708168" lon="2.001293"><ele>207.9</ele><time>2025-09-17T14:31:48Z</time></trkpt>
      <trkpt lat="48.708140" lon="2.001145"><ele>207.4</ele><time>2025-09-17T14:31:49Z</time></trkpt>
      <trkpt lat="48.708158" lon="2.000960"><ele>208.9</ele><time>2025-09-17T14:31:50Z</time></trkpt>
      <trkpt lat="48.708176" lon="2.000782"><ele>206.9</ele><time>2025-09-17T14:31:51Z</time></trkpt>
      <trkpt lat="48.708229" lon="2.000588"><ele>206.7</ele><time>2025-09-17T14:31:52Z</time></trkpt>
      <trkpt lat="48.708282" lon="2.000429"><ele>210.2</ele><time>2025-09-17T14:31:53Z</time></trkpt>
      <trkpt lat="48.708327" lon="2.000227"><ele>211.5</ele><time>2025-09-17T14:31:54Z</time></trkpt>
      <trkpt lat="48.708363" lon="1.999994"><ele>209.2</ele><time>2025-09-17T14:31:55Z</time></trkpt>
      <trkpt lat="48.708376" lon="1.999725"><ele>205.1</ele><time>2025-09-17T14:31:56Z</time></trkpt>
      <trkpt lat="48.708409" lon="1.999499"><ele>205.9</ele><time>2025-09-17T14:31:57Z</time></trkpt>
      <trkpt lat="48.708426" lon="1.999297"><ele>203.8</ele><time>2025-09-17T14:31:58Z</time></trkpt>
      <trkpt lat="48.708448" lon="1.999116"><ele>205.9</ele><time>2025-09-17T14:31:59Z</time></trkpt>
      <trkpt lat="48.708497" lon="1.998967"><ele>208.5</ele><time>2025-09-17T14:32:00Z</time></trkpt>
      <trkpt lat="48.708580" lon="1.998846"><ele>207.8</ele><time>2025-09-17T14:32:01Z</time></trkpt>
      <trkpt lat="48.708670" lon="1.998765"><ele>209.3</ele><time>2025-09-17T14:32:02Z</time></trkpt>
      <trkpt lat="48.708759" lon="1.998627"><ele>204.7</ele><time>2025-09-17T14:32:03Z</time></trkpt>
      <trkpt lat="48.708835" lon="1.998434"><ele>199.1</ele><time>2025-09-17T14:32:04Z</time></trkpt>
      <trkpt lat="48.708920" lon="1.998216"><ele>195.7</ele><time>2025-09-17T14:32:05Z</time></trkpt>
      <trkpt lat="48.708982" lon="1.997962"><ele>193.8</ele><time>2025-09-17T14:32:06Z</time></trkpt>
      <trkpt lat="48.709027" lon="1.997727"><ele>197.2</ele><time>2025-09-17T14:32:07Z</time></trkpt>
      <trkpt lat="48.709076" lon="1.997511"><ele>196.8</ele><time>2025-09-17T14:32:08Z</time></trkpt>
      <trkpt lat="48.709097" lon="1.997295"><ele>194.9</ele><time>2025-09-17T14:32:09Z</time></trkpt>
      <trkpt lat="48.709139" lon="1.997105"><ele>193.2</ele><time>2025-09-17T14:32:10Z</time></trkpt>
      <trkpt lat="48.709182" lon="1.996935"><ele>192.5</ele><time>2025-09-17T14:32:11Z</time></trkpt>
      <trkpt lat="48.709269" lon="1.996765"><ele>193.3</ele><time>2025-09-17T14:32:12Z</time></trkpt>
      <trkpt lat="48.709423" lon="1.996697"><ele>192.0</ele><time>2025-09-17T14:32:13Z</time></trkpt>
      <trkpt lat="48.709542" lon="1.996584"><ele>191.1</ele><time>2025-09-17T14:32:14Z</time></trkpt>
      <trkpt lat="48.709660" lon="1.996474"><ele>189.5</ele><time>2025-09-17T14:32:15Z</time></trkpt>
      <trkpt lat="48.709752" lon="1.996342"><ele>189.1</ele><time>2025-09-17T14:32:16Z</time></trkpt>
      <trkpt lat="48.709830" lon="1.996220"><ele>188.7</ele><time>2025-09-17T14:32:17Z</time></trkpt>
      <trkpt lat="48.709870" lon="1.996074"><ele>188.5</ele><time>2025-09-17T14:32:18Z</time></trkpt>
      <trkpt lat="48.709851" lon="1.995872"><ele>187.2</ele><time>2025-09-17T14:32:19Z</time></trkpt>
      <trkpt lat="48.709868" lon="1.995713"><ele>190.7</ele><time>2025-09-17T14:32:20Z</time></trkpt>
      <trkpt lat="48.709924" lon="1.995542"><ele>190.2</ele><time>2025-09-17T14:32:21Z</time></trkpt>
      <trkpt lat="48.709992" lon="1.995385"><ele>190.6</ele><time>2025-09-17T14:32:22Z</time></trkpt>
      <trkpt lat="48.710093" lon="1.995251"><ele>193.6</ele><time>2025-09-17T14:32:23Z</time></trkpt>
      <trkpt lat="48.710171" lon="1.995102"><ele>196.0</ele><time>2025-09-17T14:32:24Z</time></trkpt>
      <trkpt lat="48.710252" lon="1.994917"><ele>192.2</ele><time>2025-09-17T14:32:25Z</time></trkpt>
      <trkpt lat="48.710308" lon="1.994673"><ele>190.0</ele><time>2025-09-17T14:32:26Z</time></trkpt>
      <trkpt lat="48.710348" lon="1.994425"><ele>185.4</ele><time>2025-09-17T14:32:27Z</time></trkpt>
      <trkpt lat="48.710388" lon="1.994224"><ele>184.2</ele><time>2025-09-17T14:32:28Z</time></trkpt>
      <trkpt lat="48.710457" lon="1.994067"><ele>184.0</ele><time>2025-09-17T14:32:29Z</time></trkpt>
      <trkpt lat="48.710533" lon="1.993911"><ele>182.9</ele><time>2025-09-17T14:32:30Z</time></trkpt>
      <trkpt lat="48.710628" lon="1.993747"><ele>179.6</ele><time>2025-09-17T14:32:31Z</time></trkpt>
      <trkpt lat="48.710703" lon="1.993568"><ele>176.9</ele><time>2025-09-17T14:32:32Z</time></trkpt>
      <trkpt lat="48.710709" lon="1.993346"><ele>175.7</ele><time>2025-09-17T14:32:33Z</time></trkpt>
      <trkpt lat="48.710727" lon="1.993142"><ele>172.9</ele><time>2025-09-17T14:32:34Z</time></trkpt>
      <trkpt lat="48.710755" lon="1.992945"><ele>172.0</ele><time>2025-09-17T14:32:35Z</time></trkpt>
      <trkpt lat="48.710810" lon="1.992756"><ele>170.2</ele><time>2025-09-17T14:32:36Z</time></trkpt>
      <trkpt lat="48.710882" lon="1.992579"><ele>168.2</ele><time>2025-09-17T14:32:37Z</time></trkpt>
      <trkpt lat="48.710948" lon="1.992397"><ele>167.8</ele><time>2025-09-17T14:32:38Z</time></trkpt>
      <trkpt lat="48.711009" lon="1.992214"><ele>165.5</ele><time>2025-09-17T14:32:39Z</time></trkpt>
      <trkpt lat="48.711046" lon="1.992032"><ele>161.3</ele><time>2025-09-17T14:32:40Z</time></trkpt>
      <trkpt lat="48.711034" lon="1.991835"><ele>161.4</ele><time>2025-09-17T14:32:41Z</time></trkpt>
      <trkpt lat="48.711017" lon="1.991642"><ele>157.1</ele><time>2025-09-17T14:32:42Z</time></trkpt>
      <trkpt lat="48.711001" lon="1.991481"><ele>153.7</ele><time>2025-09-17T14:32:43Z</time></trkpt>
      <trkpt lat="48.711011" lon="1.991300"><ele>153.0</ele><time>2025-09-17T14:32:44Z</time></trkpt>
      <trkpt lat="48.711042" lon="1.991132"><ele>152.8</ele><time>2025-09-17T14:32:45Z</time></trkpt>
      <trkpt lat="48.711089" lon="1.990982"><ele>152.6</ele><time>2025-09-17T14:32:46Z</time></trkpt>
      <trkpt lat="48.711128" lon="1.990832"><ele>151.7</ele><time>2025-09-17T14:32:47Z</time></trkpt>
      <trkpt lat="48.711144" lon="1.990670"><ele>150.9</ele><time>2025-09-17T14:32:48Z</time></trkpt>
      <trkpt lat="48.711109" lon="1.990501"><ele>150.6</ele><time>2025-09-17T14:32:49Z</time></trkpt>
      <trkpt lat="48.711072" lon="1.990366"><ele>150.5</ele><time>2025-09-17T14:32:50Z</time></trkpt>
      <trkpt lat="48.710974" lon="1.990230"><ele>148.2</ele><time>2025-09-17T14:32:51Z</time></trkpt>
      <trkpt lat="48.710826" lon="1.990146"><ele>144.4</ele><time>2025-09-17T14:32:52Z</time></trkpt>
      <trkpt lat="48.710693" lon="1.990048"><ele>142.6</ele><time>2025-09-17T14:32:53Z</time></trkpt>
      <trkpt lat="48.710558" lon="1.989967"><ele>140.7</ele><time>2025-09-17T14:32:54Z</time></trkpt>
      <trkpt lat="48.710420" lon="1.989898"><ele>138.5</ele><time>2025-09-17T14:32:55Z</time></trkpt>
      <trkpt lat="48.710276" lon="1.989829"><ele>135.4</ele><time>2025-09-17T14:32:56Z</time></trkpt>
      <trkpt lat="48.710131" lon="1.989755"><ele>135.4</ele><time>2025-09-17T14:32:57Z</time></trkpt>
      <trkpt lat="48.709980" lon="1.989693"><ele>128.5</ele><time>2025-09-17T14:32:58Z</time></trkpt>
      <trkpt lat="48.709823" lon="1.989672"><ele>127.2</ele><time>2025-09-17T14:32:59Z</time></trkpt>
      <trkpt lat="48.709672" lon="1.989621"><ele>126.1</ele><time>2025-09-17T14:33:00Z</time></trkpt>
      <trkpt lat="48.709528" lon="1.989593"><ele>123.5</ele><time>2025-09-17T14:33:01Z</time></trkpt>
      <trkpt lat="48.709381" lon="1.989571"><ele>122.7</ele><time>2025-09-17T14:33:02Z</time></trkpt>
      <trkpt lat="48.709244" lon="1.989546"><ele>120.4</ele><time>2025-09-17T14:33:03Z</time></trkpt>
      <trkpt lat="48.709104" lon="1.989499"><ele>119.0</ele><time>2025-09-17T14:33:04Z</time></trkpt>
      <trkpt lat="48.708959" lon="1.989459"><ele>118.9</ele><time>2025-09-17T14:33:05Z</time></trkpt>
      <trkpt lat="48.708830" lon="1.989460"><ele>116.7</ele><time>2025-09-17T14:33:06Z</time></trkpt>
      <trkpt lat="48.708688" lon="1.989438"><ele>116.0</ele><time>2025-09-17T14:33:07Z</time></trkpt>
      <trkpt lat="48.708550" lon="1.989416"><ele>116.0</ele><time>2025-09-17T14:33:08Z</time></trkpt>
      <trkpt lat="48.708418" lon="1.989394"><ele>115.4</ele><time>2025-09-17T14:33:09Z</time></trkpt>
      <trkpt lat="48.708299" lon="1.989380"><ele>114.1</ele><time>2025-09-17T14:33:10Z</time></trkpt>
      <trkpt lat="48.708185" lon="1.989355"><ele>112.6</ele><time>2025-09-17T14:33:11Z</time></trkpt>
      <trkpt lat="48.708093" lon="1.989331"><ele>111.8</ele><time>2025-09-17T14:33:12Z</time></trkpt>
      <trkpt lat="48.708005" lon="1.989315"><ele>112.1</ele><time>2025-09-17T14:33:13Z</time></trkpt>
      <trkpt lat="48.707911" lon="1.989293"><ele>111.9</ele><time>2025-09-17T14:33:14Z</time></trkpt>
      <trkpt lat="48.707812" lon="1.989271"><ele>112.4</ele><time>2025-09-17T14:33:15Z</time></trkpt>
      <trkpt lat="48.707706" lon="1.989251"><ele>113.1</ele><time>2025-09-17T14:33:16Z</time></trkpt>
      <trkpt lat="48.707603" lon="1.989235"><ele>113.3</ele><time>2025-09-17T14:33:17Z</time></trkpt>
      <trkpt lat="48.707502" lon="1.989222"><ele>114.3</ele><time>2025-09-17T14:33:18Z</time></trkpt>
      <trkpt lat="48.707400" lon="1.989200"><ele>114.3</ele><time>2025-09-17T14:33:19Z</time></trkpt>
      <trkpt lat="48.707298" lon="1.989182"><ele>114.1</ele><time>2025-09-17T14:33:20Z</time></trkpt>
      <trkpt lat="48.707205" lon="1.989163"><ele>113.7</ele><time>2025-09-17T14:33:21Z</time></trkpt>
      <trkpt lat="48.707120" lon="1.989146"><ele>112.8</ele><time>2025-09-17T14:33:22Z</time></trkpt>
      <trkpt lat="48.707043" lon="1.989126"><ele>112.0</ele><time>2025-09-17T14:33:23Z</time></trkpt>
      <trkpt lat="48.706967" lon="1.989098"><ele>111.4</ele><time>2025-09-17T14:33:24Z</time></trkpt>
      <trkpt lat="48.706891" lon="1.989057"><ele>111.1</ele><time>2025-09-17T14:33:25Z</time></trkpt>
      <trkpt lat="48.706826" lon="1.988989"><ele>110.2</ele><time>2025-09-17T14:33:26Z</time></trkpt>
      <trkpt lat="48.706775" lon="1.988891"><ele>110.0</ele><time>2025-09-17T14:33:27Z</time></trkpt>
      <trkpt lat="48.706731" lon="1.988767"><ele>109.6</ele><time>2025-09-17T14:33:28Z</time></trkpt>
      <trkpt lat="48.706688" lon="1.988632"><ele>109.6</ele><time>2025-09-17T14:33:29Z</time></trkpt>
      <trkpt lat="48.706642" lon="1.988498"><ele>109.4</ele><time>2025-09-17T14:33:30Z</time></trkpt>
      <trkpt lat="48.706598" lon="1.988372"><ele>109.5</ele><time>2025-09-17T14:33:31Z</time></trkpt>
      <trkpt lat="48.706558" lon="1.988256"><ele>109.3</ele><time>2025-09-17T14:33:32Z</time></trkpt>
      <trkpt lat="48.706521" lon="1.988160"><ele>108.8</ele><time>2025-09-17T14:33:33Z</time></trkpt>
      <trkpt lat="48.706494" lon="1.988091"><ele>108.3</ele><time>2025-09-17T14:33:34Z</time></trkpt>
      <trkpt lat="48.706477" lon="1.988045"><ele>108.0</ele><time>2025-09-17T14:33:35Z</time></trkpt>
      <trkpt lat="48.706467" lon="1.988013"><ele>107.6</ele><time>2025-09-17T14:33:36Z</time></trkpt>
      <trkpt lat="48.706458" lon="1.987985"><ele>107.3</ele><time>2025-09-17T14:33:37Z</time></trkpt>
      <trkpt lat="48.706446" lon="1.987953"><ele>107.2</ele><time>2025-09-17T14:33:38Z</time></trkpt>
      <trkpt lat="48.706427" lon="1.987911"><ele>107.0</ele><time>2025-09-17T14:33:39Z</time></trkpt>
      <trkpt lat="48.706404" lon="1.987859"><ele>106.9</ele><time>2025-09-17T14:33:40Z</time></trkpt>
      <trkpt lat="48.706373" lon="1.987791"><ele>106.4</ele><time>2025-09-17T14:33:41Z</time></trkpt>
      <trkpt lat="48.706336" lon="1.987709"><ele>105.9</ele><time>2025-09-17T14:33:42Z</time></trkpt>
      <trkpt lat="48.706296" lon="1.987615"><ele>105.6</ele><time>2025-09-17T14:33:43Z</time></trkpt>
      <trkpt lat="48.706251" lon="1.987520"><ele>104.8</ele><time>2025-09-17T14:33:44Z</time></trkpt>
      <trkpt lat="48.706203" lon="1.987430"><ele>104.2</ele><time>2025-09-17T14:33:45Z</time></trkpt>
      <trkpt lat="48.706153" lon="1.987341"><ele>103.6</ele><time>2025-09-17T14:33:46Z</time></trkpt>
      <trkpt lat="48.706101" lon="1.987252"><ele>103.1</ele><time>2025-09-17T14:33:47Z</time></trkpt>
      <trkpt lat="48.706047" lon="1.987166"><ele>102.5</ele><time>2025-09-17T14:33:48Z</time></trkpt>
      <trkpt lat="48.705998" lon="1.987089"><ele>102.2</ele><time>2025-09-17T14:33:49Z</time></trkpt>
      <trkpt lat="48.705953" lon="1.987019"><ele>101.9</ele><time>2025-09-17T14:33:50Z</time></trkpt>
      <trkpt lat="48.705910" lon="1.986950"><ele>101.6</ele><time>2025-09-17T14:33:51Z</time></trkpt>
      <trkpt lat="48.705865" lon="1.986880"><ele>101.2</ele><time>2025-09-17T14:33:52Z</time></trkpt>
      <trkpt lat="48.705823" lon="1.986811"><ele>101.0</ele><time>2025-09-17T14:33:53Z</time></trkpt>
      <trkpt lat="48.705783" lon="1.986743"><ele>100.8</ele><time>2025-09-17T14:33:54Z</time></trkpt>
      <trkpt lat="48.705742" lon="1.986669"><ele>100.8</ele><time>2025-09-17T14:33:55Z</time></trkpt>
      <trkpt lat="48.705695" lon="1.986590"><ele>100.7</ele><time>2025-09-17T14:33:56Z</time></trkpt>
      <trkpt lat="48.705641" lon="1.986513"><ele>100.8</ele><time>2025-09-17T14:33:57Z</time></trkpt>
      <trkpt lat="48.705585" lon="1.986448"><ele>101.0</ele><time>2025-09-17T14:33:58Z</time></trkpt>
      <trkpt lat="48.705531" lon="1.986392"><ele>101.0</ele><time>2025-09-17T14:33:59Z</time></trkpt>
      <trkpt lat="48.705481" lon="1.986339"><ele>101.1</ele><time>2025-09-17T14:34:00Z</time></trkpt>
      <trkpt lat="48.705429" lon="1.986292"><ele>101.2</ele><time>2025-09-17T14:34:01Z</time></trkpt>
      <trkpt lat="48.705378" lon="1.986254"><ele>101.3</ele><time>2025-09-17T14:34:02Z</time></trkpt>
      <trkpt lat="48.705326" lon="1.986222"><ele>102.7</ele><time>2025-09-17T14:34:03Z</time></trkpt>
      <trkpt lat="48.705275" lon="1.986197"><ele>104.5</ele><time>2025-09-17T14:34:04Z</time></trkpt>
      <trkpt lat="48.705229" lon="1.986173"><ele>104.8</ele><time>2025-09-17T14:34:05Z</time></trkpt>
      <trkpt lat="48.705180" lon="1.986152"><ele>105.2</ele><time>2025-09-17T14:34:06Z</time></trkpt>
      <trkpt lat="48.705130" lon="1.986125"><ele>105.3</ele><time>2025-09-17T14:34:07Z</time></trkpt>
      <trkpt lat="48.705076" lon="1.986090"><ele>105.4</ele><time>2025-09-17T14:34:08Z</time></trkpt>
      <trkpt lat="48.705019" lon="1.986051"><ele>105.6</ele><time>2025-09-17T14:34:09Z</time></trkpt>
      <trkpt lat="48.704960" lon="1.986007"><ele>105.9</ele><time>2025-09-17T14:34:10Z</time></trkpt>
      <trkpt lat="48.704904" lon="1.985962"><ele>106.2</ele><time>2025-09-17T14:34:11Z</time></trkpt>
      <trkpt lat="48.704854" lon="1.985919"><ele>106.5</ele><time>2025-09-17T14:34:12Z</time></trkpt>
      <trkpt lat="48.704807" lon="1.985877"><ele>106.8</ele><time>2025-09-17T14:34:13Z</time></trkpt>
      <trkpt lat="48.704760" lon="1.985835"><ele>107.0</ele><time>2025-09-17T14:34:14Z</time></trkpt>
      <trkpt lat="48.704710" lon="1.985791"><ele>107.1</ele><time>2025-09-17T14:34:15Z</time></trkpt>
      <trkpt lat="48.704667" lon="1.985737"><ele>107.5</ele><time>2025-09-17T14:34:16Z</time></trkpt>
      <trkpt lat="48.704627" lon="1.985674"><ele>107.6</ele><time>2025-09-17T14:34:17Z</time></trkpt>
      <trkpt lat="48.704596" lon="1.985607"><ele>107.4</ele><time>2025-09-17T14:34:18Z</time></trkpt>
      <trkpt lat="48.704567" lon="1.985546"><ele>107.6</ele><time>2025-09-17T14:34:19Z</time></trkpt>
      <trkpt lat="48.704537" lon="1.985483"><ele>107.7</ele><time>2025-09-17T14:34:20Z</time></trkpt>
      <trkpt lat="48.704507" lon="1.985408"><ele>106.8</ele><time>2025-09-17T14:34:21Z</time></trkpt>
      <trkpt lat="48.704473" lon="1.985329"><ele>106.1</ele><time>2025-09-17T14:34:22Z</time></trkpt>
      <trkpt lat="48.704436" lon="1.985250"><ele>105.5</ele><time>2025-09-17T14:34:23Z</time></trkpt>
      <trkpt lat="48.704399" lon="1.985167"><ele>105.1</ele><time>2025-09-17T14:34:24Z</time></trkpt>
      <trkpt lat="48.704360" lon="1.985080"><ele>103.9</ele><time>2025-09-17T14:34:25Z</time></trkpt>
      <trkpt lat="48.704321" lon="1.984994"><ele>103.3</ele><time>2025-09-17T14:34:26Z</time></trkpt>
      <trkpt lat="48.704280" lon="1.984911"><ele>103.0</ele><time>2025-09-17T14:34:27Z</time></trkpt>
      <trkpt lat="48.704233" lon="1.984829"><ele>102.8</ele><time>2025-09-17T14:34:28Z</time></trkpt>
      <trkpt lat="48.704181" lon="1.984748"><ele>102.4</ele><time>2025-09-17T14:34:29Z</time></trkpt>
      <trkpt lat="48.704129" lon="1.984681"><ele>102.6</ele><time>2025-09-17T14:34:30Z</time></trkpt>
      <trkpt lat="48.704071" lon="1.984625"><ele>102.8</ele><time>2025-09-17T14:34:31Z</time></trkpt>
      <trkpt lat="48.704011" lon="1.984576"><ele>104.7</ele><time>2025-09-17T14:34:32Z</time></trkpt>
      <trkpt lat="48.703948" lon="1.984529"><ele>106.1</ele><time>2025-09-17T14:34:33Z</time></trkpt>
      <trkpt lat="48.703888" lon="1.984479"><ele>106.6</ele><time>2025-09-17T14:34:34Z</time></trkpt>
      <trkpt lat="48.703829" lon="1.984428"><ele>106.2</ele><time>2025-09-17T14:34:35Z</time></trkpt>
      <trkpt lat="48.703772" lon="1.984382"><ele>105.6</ele><time>2025-09-17T14:34:36Z</time></trkpt>
      <trkpt lat="48.703719" lon="1.984333"><ele>104.2</ele><time>2025-09-17T14:34:37Z</time></trkpt>
      <trkpt lat="48.703670" lon="1.984294"><ele>104.1</ele><time>2025-09-17T14:34:38Z</time></trkpt>
      <trkpt lat="48.703623" lon="1.984260"><ele>103.9</ele><time>2025-09-17T14:34:39Z</time></trkpt>
      <trkpt lat="48.703575" lon="1.984233"><ele>104.6</ele><time>2025-09-17T14:34:40Z</time></trkpt>
      <trkpt lat="48.703532" lon="1.984196"><ele>104.6</ele><time>2025-09-17T14:34:41Z</time></trkpt>
      <trkpt lat="48.703491" lon="1.984155"><ele>104.7</ele><time>2025-09-17T14:34:42Z</time></trkpt>
      <trkpt lat="48.703446" lon="1.984109"><ele>104.7</ele><time>2025-09-17T14:34:43Z</time></trkpt>
      <trkpt lat="48.703397" lon="1.984060"><ele>104.9</ele><time>2025-09-17T14:34:44Z</time></trkpt>
      <trkpt lat="48.703342" lon="1.983999"><ele>105.1</ele><time>2025-09-17T14:34:45Z</time></trkpt>
      <trkpt lat="48.703283" lon="1.983918"><ele>104.3</ele><time>2025-09-17T14:34:46Z</time></trkpt>
      <trkpt lat="48.703221" lon="1.983827"><ele>104.3</ele><time>2025-09-17T14:34:47Z</time></trkpt>
      <trkpt lat="48.703152" lon="1.983723"><ele>104.4</ele><time>2025-09-17T14:34:48Z</time></trkpt>
      <trkpt lat="48.703079" lon="1.983616"><ele>104.4</ele><time>2025-09-17T14:34:49Z</time></trkpt>
      <trkpt lat="48.703005" lon="1.983511"><ele>104.8</ele><time>2025-09-17T14:34:50Z</time></trkpt>
      <trkpt lat="48.702931" lon="1.983402"><ele>105.2</ele><time>2025-09-17T14:34:51Z</time></trkpt>
      <trkpt lat="48.702860" lon="1.983283"><ele>105.0</ele><time>2025-09-17T14:34:52Z</time></trkpt>
      <trkpt lat="48.702791" lon="1.983164"><ele>105.0</ele><time>2025-09-17T14:34:53Z</time></trkpt>
      <trkpt lat="48.702723" lon="1.983046"><ele>104.8</ele><time>2025-09-17T14:34:54Z</time></trkpt>
      <trkpt lat="48.702657" lon="1.982930"><ele>105.1</ele><time>2025-09-17T14:34:55Z</time></trkpt>
      <trkpt lat="48.702589" lon="1.982812"><ele>105.1</ele><time>2025-09-17T14:34:56Z</time></trkpt>
      <trkpt lat="48.702517" lon="1.982693"><ele>105.1</ele><time>2025-09-17T14:34:57Z</time></trkpt>
      <trkpt lat="48.702445" lon="1.982576"><ele>104.6</ele><time>2025-09-17T14:34:58Z</time></trkpt>
      <trkpt lat="48.702372" lon="1.982453"><ele>104.2</ele><time>2025-09-17T14:34:59Z</time></trkpt>
      <trkpt lat="48.702298" lon="1.982329"><ele>104.4</ele><time>2025-09-17T14:35:00Z</time></trkpt>
      <trkpt lat="48.702225" lon="1.982203"><ele>104.4</ele><time>2025-09-17T14:35:01Z</time></trkpt>
      <trkpt lat="48.702153" lon="1.982082"><ele>103.9</ele><time>2025-09-17T14:35:02Z</time></trkpt>
      <trkpt lat="48.702080" lon="1.981961"><ele>103.6</ele><time>2025-09-17T14:35:03Z</time></trkpt>
      <trkpt lat="48.702002" lon="1.981841"><ele>103.5</ele><time>2025-09-17T14:35:04Z</time></trkpt>
      <trkpt lat="48.701916" lon="1.981720"><ele>103.5</ele><time>2025-09-17T14:35:05Z</time></trkpt>
      <trkpt lat="48.701824" lon="1.981607"><ele>102.4</ele><time>2025-09-17T14:35:06Z</time></trkpt>
      <trkpt lat="48.701723" lon="1.981509"><ele>102.4</ele><time>2025-09-17T14:35:07Z</time></trkpt>
      <trkpt lat="48.701623" lon="1.981429"><ele>101.6</ele><time>2025-09-17T14:35:08Z</time></trkpt>
      <trkpt lat="48.701530" lon="1.981356"><ele>100.9</ele><time>2025-09-17T14:35:09Z</time></trkpt>
      <trkpt lat="48.701442" lon="1.981293"><ele>100.8</ele><time>2025-09-17T14:35:10Z</time></trkpt>
      <trkpt lat="48.701360" lon="1.981239"><ele>100.8</ele><time>2025-09-17T14:35:11Z</time></trkpt>
      <trkpt lat="48.701285" lon="1.981183"><ele>101.7</ele><time>2025-09-17T14:35:12Z</time></trkpt>
      <trkpt lat="48.701217" lon="1.981133"><ele>102.0</ele><time>2025-09-17T14:35:13Z</time></trkpt>
      <trkpt lat="48.701152" lon="1.981093"><ele>102.6</ele><time>2025-09-17T14:35:14Z</time></trkpt>
      <trkpt lat="48.701091" lon="1.981050"><ele>103.2</ele><time>2025-09-17T14:35:15Z</time></trkpt>
      <trkpt lat="48.701032" lon="1.981008"><ele>103.2</ele><time>2025-09-17T14:35:16Z</time></trkpt>
      <trkpt lat="48.700975" lon="1.980970"><ele>103.8</ele><time>2025-09-17T14:35:17Z</time></trkpt>
      <trkpt lat="48.700915" lon="1.980938"><ele>104.3</ele><time>2025-09-17T14:35:18Z</time></trkpt>
      <trkpt lat="48.700854" lon="1.980898"><ele>105.7</ele><time>2025-09-17T14:35:19Z</time></trkpt>
      <trkpt lat="48.700791" lon="1.980854"><ele>106.3</ele><time>2025-09-17T14:35:20Z</time></trkpt>
      <trkpt lat="48.700722" lon="1.980806"><ele>106.3</ele><time>2025-09-17T14:35:21Z</time></trkpt>
      <trkpt lat="48.700646" lon="1.980755"><ele>105.3</ele><time>2025-09-17T14:35:22Z</time></trkpt>
      <trkpt lat="48.700563" lon="1.980711"><ele>106.1</ele><time>2025-09-17T14:35:23Z</time></trkpt>
      <trkpt lat="48.700478" lon="1.980662"><ele>106.1</ele><time>2025-09-17T14:35:24Z</time></trkpt>
      <trkpt lat="48.700388" lon="1.980599"><ele>106.5</ele><time>2025-09-17T14:35:25Z</time></trkpt>
      <trkpt lat="48.700293" lon="1.980533"><ele>107.5</ele><time>2025-09-17T14:35:26Z</time></trkpt>
      <trkpt lat="48.700195" lon="1.980459"><ele>107.5</ele><time>2025-09-17T14:35:27Z</time></trkpt>
      <trkpt lat="48.700094" lon="1.980382"><ele>106.7</ele><time>2025-09-17T14:35:28Z</time></trkpt>
      <trkpt lat="48.699987" lon="1.980315"><ele>106.8</ele><time>2025-09-17T14:35:29Z</time></trkpt>
      <trkpt lat="48.699880" lon="1.980247"><ele>107.4</ele><time>2025-09-17T14:35:30Z</time></trkpt>
      <trkpt lat="48.699773" lon="1.980170"><ele>108.7</ele><time>2025-09-17T14:35:31Z</time></trkpt>
      <trkpt lat="48.699670" lon="1.980093"><ele>108.6</ele><time>2025-09-17T14:35:32Z</time></trkpt>
      <trkpt lat="48.699577" lon="1.980024"><ele>108.6</ele><time>2025-09-17T14:35:33Z</time></trkpt>
      <trkpt lat="48.699487" lon="1.979960"><ele>108.7</ele><time>2025-09-17T14:35:34Z</time></trkpt>
      <trkpt lat="48.699399" lon="1.979902"><ele>108.5</ele><time>2025-09-17T14:35:35Z</time></trkpt>
      <trkpt lat="48.699316" lon="1.979852"><ele>108.6</ele><time>2025-09-17T14:35:36Z</time></trkpt>
      <trkpt lat="48.699238" lon="1.979810"><ele>108.9</ele><time>2025-09-17T14:35:37Z</time></trkpt>
      <trkpt lat="48.699162" lon="1.979766"><ele>109.7</ele><time>2025-09-17T14:35:38Z</time></trkpt>
      <trkpt lat="48.699084" lon="1.979714"><ele>109.7</ele><time>2025-09-17T14:35:39Z</time></trkpt>
      <trkpt lat="48.698997" lon="1.979664"><ele>109.3</ele><time>2025-09-17T14:35:40Z</time></trkpt>
      <trkpt lat="48.698907" lon="1.979608"><ele>110.3</ele><time>2025-09-17T14:35:41Z</time></trkpt>
      <trkpt lat="48.698823" lon="1.979551"><ele>110.9</ele><time>2025-09-17T14:35:42Z</time></trkpt>
      <trkpt lat="48.698737" lon="1.979493"><ele>110.9</ele><time>2025-09-17T14:35:43Z</time></trkpt>
      <trkpt lat="48.698642" lon="1.979431"><ele>111.0</ele><time>2025-09-17T14:35:44Z</time></trkpt>
      <trkpt lat="48.698543" lon="1.979364"><ele>111.1</ele><time>2025-09-17T14:35:45Z</time></trkpt>
      <trkpt lat="48.698444" lon="1.979294"><ele>111.5</ele><time>2025-09-17T14:35:46Z</time></trkpt>
      <trkpt lat="48.698346" lon="1.979221"><ele>111.8</ele><time>2025-09-17T14:35:47Z</time></trkpt>
      <trkpt lat="48.698246" lon="1.979146"><ele>111.7</ele><time>2025-09-17T14:35:48Z</time></trkpt>
      <trkpt lat="48.698139" lon="1.979067"><ele>111.8</ele><time>2025-09-17T14:35:49Z</time></trkpt>
      <trkpt lat="48.698026" lon="1.978984"><ele>112.0</ele><time>2025-09-17T14:35:50Z</time></trkpt>
      <trkpt lat="48.697907" lon="1.978900"><ele>112.1</ele><time>2025-09-17T14:35:51Z</time></trkpt>
      <trkpt lat="48.697783" lon="1.978814"><ele>112.3</ele><time>2025-09-17T14:35:52Z</time></trkpt>
      <trkpt lat="48.697652" lon="1.978727"><ele>112.3</ele><time>2025-09-17T14:35:53Z</time></trkpt>
      <trkpt lat="48.697511" lon="1.978635"><ele>112.7</ele><time>2025-09-17T14:35:54Z</time></trkpt>
      <trkpt lat="48.697358" lon="1.978537"><ele>113.1</ele><time>2025-09-17T14:35:55Z</time></trkpt>
      <trkpt lat="48.697198" lon="1.978443"><ele>113.5</ele><time>2025-09-17T14:35:56Z</time></trkpt>
      <trkpt lat="48.697030" lon="1.978348"><ele>114.4</ele><time>2025-09-17T14:35:57Z</time></trkpt>
      <trkpt lat="48.696861" lon="1.978235"><ele>115.2</ele><time>2025-09-17T14:35:58Z</time></trkpt>
      <trkpt lat="48.696693" lon="1.978121"><ele>115.3</ele><time>2025-09-17T14:35:59Z</time></trkpt>
      <trkpt lat="48.696524" lon="1.978006"><ele>115.7</ele><time>2025-09-17T14:36:00Z</time></trkpt>
      <trkpt lat="48.696352" lon="1.977888"><ele>115.7</ele><time>2025-09-17T14:36:01Z</time></trkpt>
      <trkpt lat="48.696168" lon="1.977761"><ele>115.5</ele><time>2025-09-17T14:36:02Z</time></trkpt>
      <trkpt lat="48.695963" lon="1.977619"><ele>115.7</ele><time>2025-09-17T14:36:03Z</time></trkpt>
      <trkpt lat="48.695735" lon="1.977476"><ele>115.4</ele><time>2025-09-17T14:36:04Z</time></trkpt>
      <trkpt lat="48.695489" lon="1.977324"><ele>115.0</ele><time>2025-09-17T14:36:05Z</time></trkpt>
      <trkpt lat="48.695244" lon="1.977164"><ele>114.4</ele><time>2025-09-17T14:36:06Z</time></trkpt>
      <trkpt lat="48.695006" lon="1.976996"><ele>113.9</ele><time>2025-09-17T14:36:07Z</time></trkpt>
      <trkpt lat="48.694780" lon="1.976833"><ele>113.4</ele><time>2025-09-17T14:36:08Z</time></trkpt>
      <trkpt lat="48.694562" lon="1.976683"><ele>113.0</ele><time>2025-09-17T14:36:09Z</time></trkpt>
      <trkpt lat="48.694348" lon="1.976544"><ele>112.6</ele><time>2025-09-17T14:36:10Z</time></trkpt>
      <trkpt lat="48.694139" lon="1.976410"><ele>112.3</ele><time>2025-09-17T14:36:11Z</time></trkpt>
      <trkpt lat="48.693940" lon="1.976286"><ele>112.3</ele><time>2025-09-17T14:36:12Z</time></trkpt>
      <trkpt lat="48.693756" lon="1.976171"><ele>112.3</ele><time>2025-09-17T14:36:13Z</time></trkpt>
      <trkpt lat="48.693580" lon="1.976066"><ele>111.6</ele><time>2025-09-17T14:36:14Z</time></trkpt>
      <trkpt lat="48.693411" lon="1.975966"><ele>111.0</ele><time>2025-09-17T14:36:15Z</time></trkpt>
      <trkpt lat="48.693245" lon="1.975869"><ele>110.3</ele><time>2025-09-17T14:36:16Z</time></trkpt>
      <trkpt lat="48.693084" lon="1.975776"><ele>110.4</ele><time>2025-09-17T14:36:17Z</time></trkpt>
      <trkpt lat="48.692925" lon="1.975683"><ele>110.2</ele><time>2025-09-17T14:36:18Z</time></trkpt>
      <trkpt lat="48.692771" lon="1.975588"><ele>110.2</ele><time>2025-09-17T14:36:19Z</time></trkpt>
      <trkpt lat="48.692621" lon="1.975491"><ele>110.2</ele><time>2025-09-17T14:36:20Z</time></trkpt>
      <trkpt lat="48.692475" lon="1.975400"><ele>110.2</ele><time>2025-09-17T14:36:21Z</time></trkpt>
      <trkpt lat="48.692330" lon="1.975316"><ele>110.2</ele><time>2025-09-17T14:36:22Z</time></trkpt>
      <trkpt lat="48.692187" lon="1.975235"><ele>110.1</ele><time>2025-09-17T14:36:23Z</time></trkpt>
      <trkpt lat="48.692047" lon="1.975151"><ele>110.1</ele><time>2025-09-17T14:36:24Z</time></trkpt>
      <trkpt lat="48.691908" lon="1.975066"><ele>110.1</ele><time>2025-09-17T14:36:25Z</time></trkpt>
      <trkpt lat="48.691770" lon="1.974988"><ele>110.6</ele><time>2025-09-17T14:36:26Z</time></trkpt>
      <trkpt lat="48.691639" lon="1.974914"><ele>110.9</ele><time>2025-09-17T14:36:27Z</time></trkpt>
      <trkpt lat="48.691515" lon="1.974843"><ele>111.0</ele><time>2025-09-17T14:36:28Z</time></trkpt>
      <trkpt lat="48.691393" lon="1.974781"><ele>111.4</ele><time>2025-09-17T14:36:29Z</time></trkpt>
      <trkpt lat="48.691274" lon="1.974726"><ele>111.8</ele><time>2025-09-17T14:36:30Z</time></trkpt>
      <trkpt lat="48.691159" lon="1.974674"><ele>111.8</ele><time>2025-09-17T14:36:31Z</time></trkpt>
      <trkpt lat="48.691048" lon="1.974617"><ele>112.3</ele><time>2025-09-17T14:36:32Z</time></trkpt>
      <trkpt lat="48.690934" lon="1.974561"><ele>112.6</ele><time>2025-09-17T14:36:33Z</time></trkpt>
      <trkpt lat="48.690810" lon="1.974500"><ele>112.5</ele><time>2025-09-17T14:36:34Z</time></trkpt>
      <trkpt lat="48.690682" lon="1.974429"><ele>113.9</ele><time>2025-09-17T14:36:35Z</time></trkpt>
      <trkpt lat="48.690549" lon="1.974354"><ele>114.7</ele><time>2025-09-17T14:36:36Z</time></trkpt>
      <trkpt lat="48.690413" lon="1.974272"><ele>114.7</ele><time>2025-09-17T14:36:37Z</time></trkpt>
      <trkpt lat="48.690275" lon="1.974180"><ele>115.1</ele><time>2025-09-17T14:36:38Z</time></trkpt>
      <trkpt lat="48.690141" lon="1.974082"><ele>116.0</ele><time>2025-09-17T14:36:39Z</time></trkpt>
      <trkpt lat="48.690005" lon="1.973976"><ele>116.3</ele><time>2025-09-17T14:36:40Z</time></trkpt>
      <trkpt lat="48.689866" lon="1.973873"><ele>116.8</ele><time>2025-09-17T14:36:41Z</time></trkpt>
      <trkpt lat="48.689738" lon="1.973773"><ele>118.3</ele><time>2025-09-17T14:36:42Z</time></trkpt>
      <trkpt lat="48.689623" lon="1.973683"><ele>118.1</ele><time>2025-09-17T14:36:43Z</time></trkpt>
      <trkpt lat="48.689521" lon="1.973602"><ele>118.1</ele><time>2025-09-17T14:36:44Z</time></trkpt>
      <trkpt lat="48.689435" lon="1.973530"><ele>118.2</ele><time>2025-09-17T14:36:45Z</time></trkpt>
      <trkpt lat="48.689360" lon="1.973468"><ele>118.8</ele><time>2025-09-17T14:36:46Z</time></trkpt>
      <trkpt lat="48.689288" lon="1.973415"><ele>119.2</ele><time>2025-09-17T14:36:47Z</time></trkpt>
      <trkpt lat="48.689216" lon="1.973362"><ele>120.0</ele><time>2025-09-17T14:36:48Z</time></trkpt>
      <trkpt lat="48.689137" lon="1.973307"><ele>120.2</ele><time>2025-09-17T14:36:49Z</time></trkpt>
      <trkpt lat="48.689046" lon="1.973240"><ele>120.9</ele><time>2025-09-17T14:36:50Z</time></trkpt>
      <trkpt lat="48.688944" lon="1.973166"><ele>121.5</ele><time>2025-09-17T14:36:51Z</time></trkpt>
      <trkpt lat="48.688840" lon="1.973088"><ele>122.7</ele><time>2025-09-17T14:36:52Z</time></trkpt>
      <trkpt lat="48.688732" lon="1.973006"><ele>123.8</ele><time>2025-09-17T14:36:53Z</time></trkpt>
      <trkpt lat="48.688621" lon="1.972920"><ele>122.9</ele><time>2025-09-17T14:36:54Z</time></trkpt>
      <trkpt lat="48.688510" lon="1.972832"><ele>121.9</ele><time>2025-09-17T14:36:55Z</time></trkpt>
      <trkpt lat="48.688398" lon="1.972746"><ele>121.6</ele><time>2025-09-17T14:36:56Z</time></trkpt>
      <trkpt lat="48.688294" lon="1.972670"><ele>121.5</ele><time>2025-09-17T14:36:57Z</time></trkpt>
      <trkpt lat="48.688195" lon="1.972611"><ele>121.6</ele><time>2025-09-17T14:36:58Z</time></trkpt>
      <trkpt lat="48.688105" lon="1.972561"><ele>121.6</ele><time>2025-09-17T14:36:59Z</time></trkpt>
      <trkpt lat="48.688024" lon="1.972517"><ele>121.5</ele><time>2025-09-17T14:37:00Z</time></trkpt>
      <trkpt lat="48.687951" lon="1.972472"><ele>121.1</ele><time>2025-09-17T14:37:01Z</time></trkpt>
      <trkpt lat="48.687887" lon="1.972424"><ele>120.8</ele><time>2025-09-17T14:37:02Z</time></trkpt>
      <trkpt lat="48.687822" lon="1.972370"><ele>120.6</ele><time>2025-09-17T14:37:03Z</time></trkpt>
      <trkpt lat="48.687754" lon="1.972305"><ele>120.2</ele><time>2025-09-17T14:37:04Z</time></trkpt>
      <trkpt lat="48.687682" lon="1.972230"><ele>119.8</ele><time>2025-09-17T14:37:05Z</time></trkpt>
      <trkpt lat="48.687603" lon="1.972146"><ele>118.8</ele><time>2025-09-17T14:37:06Z</time></trkpt>
      <trkpt lat="48.687512" lon="1.972052"><ele>118.3</ele><time>2025-09-17T14:37:07Z</time></trkpt>
      <trkpt lat="48.687411" lon="1.971954"><ele>117.8</ele><time>2025-09-17T14:37:08Z</time></trkpt>
      <trkpt lat="48.687304" lon="1.971843"><ele>117.1</ele><time>2025-09-17T14:37:09Z</time></trkpt>
      <trkpt lat="48.687189" lon="1.971721"><ele>117.1</ele><time>2025-09-17T14:37:10Z</time></trkpt>
      <trkpt lat="48.687075" lon="1.971590"><ele>116.0</ele><time>2025-09-17T14:37:11Z</time></trkpt>
      <trkpt lat="48.686974" lon="1.971473"><ele>115.5</ele><time>2025-09-17T14:37:12Z</time></trkpt>
      <trkpt lat="48.686842" lon="1.971358"><ele>115.7</ele><time>2025-09-17T14:37:13Z</time></trkpt>
      <trkpt lat="48.686691" lon="1.971239"><ele>116.8</ele><time>2025-09-17T14:37:14Z</time></trkpt>
      <trkpt lat="48.686521" lon="1.971141"><ele>118.0</ele><time>2025-09-17T14:37:15Z</time></trkpt>
      <trkpt lat="48.686334" lon="1.971061"><ele>118.5</ele><time>2025-09-17T14:37:16Z</time></trkpt>
      <trkpt lat="48.686139" lon="1.970978"><ele>117.4</ele><time>2025-09-17T14:37:17Z</time></trkpt>
      <trkpt lat="48.685946" lon="1.970898"><ele>116.9</ele><time>2025-09-17T14:37:18Z</time></trkpt>
      <trkpt lat="48.685760" lon="1.970810"><ele>115.6</ele><time>2025-09-17T14:37:19Z</time></trkpt>
      <trkpt lat="48.685575" lon="1.970728"><ele>114.2</ele><time>2025-09-17T14:37:20Z</time></trkpt>
      <trkpt lat="48.685392" lon="1.970649"><ele>113.0</ele><time>2025-09-17T14:37:21Z</time></trkpt>
      <trkpt lat="48.685206" lon="1.970574"><ele>111.4</ele><time>2025-09-17T14:37:22Z</time></trkpt>
      <trkpt lat="48.685022" lon="1.970498"><ele>110.5</ele><time>2025-09-17T14:37:23Z</time></trkpt>
      <trkpt lat="48.684836" lon="1.970425"><ele>109.7</ele><time>2025-09-17T14:37:24Z</time></trkpt>
      <trkpt lat="48.684647" lon="1.970356"><ele>108.8</ele><time>2025-09-17T14:37:25Z</time></trkpt>
      <trkpt lat="48.684458" lon="1.970289"><ele>107.8</ele><time>2025-09-17T14:37:26Z</time></trkpt>
      <trkpt lat="48.684273" lon="1.970212"><ele>106.9</ele><time>2025-09-17T14:37:27Z</time></trkpt>
      <trkpt lat="48.684097" lon="1.970115"><ele>106.0</ele><time>2025-09-17T14:37:28Z</time></trkpt>
      <trkpt lat="48.683938" lon="1.969981"><ele>105.2</ele><time>2025-09-17T14:37:29Z</time></trkpt>
      <trkpt lat="48.683802" lon="1.969807"><ele>104.9</ele><time>2025-09-17T14:37:30Z</time></trkpt>
      <trkpt lat="48.683689" lon="1.969594"><ele>104.9</ele><time>2025-09-17T14:37:31Z</time></trkpt>
      <trkpt lat="48.683595" lon="1.969353"><ele>105.3</ele><time>2025-09-17T14:37:32Z</time></trkpt>
      <trkpt lat="48.683508" lon="1.969097"><ele>105.6</ele><time>2025-09-17T14:37:33Z</time></trkpt>
      <trkpt lat="48.683420" lon="1.968835"><ele>105.9</ele><time>2025-09-17T14:37:34Z</time></trkpt>
      <trkpt lat="48.683328" lon="1.968569"><ele>106.2</ele><time>2025-09-17T14:37:35Z</time></trkpt>
      <trkpt lat="48.683235" lon="1.968301"><ele>106.6</ele><time>2025-09-17T14:37:36Z</time></trkpt>
      <trkpt lat="48.683142" lon="1.968036"><ele>106.7</ele><time>2025-09-17T14:37:37Z</time></trkpt>
      <trkpt lat="48.683055" lon="1.967766"><ele>107.1</ele><time>2025-09-17T14:37:38Z</time></trkpt>
      <trkpt lat="48.682973" lon="1.967499"><ele>107.4</ele><time>2025-09-17T14:37:39Z</time></trkpt>
      <trkpt lat="48.682904" lon="1.967240"><ele>107.7</ele><time>2025-09-17T14:37:40Z</time></trkpt>
      <trkpt lat="48.682849" lon="1.966989"><ele>107.9</ele><time>2025-09-17T14:37:41Z</time></trkpt>
      <trkpt lat="48.682822" lon="1.966727"><ele>108.0</ele><time>2025-09-17T14:37:42Z</time></trkpt>
      <trkpt lat="48.682807" lon="1.966476"><ele>108.4</ele><time>2025-09-17T14:37:43Z</time></trkpt>
      <trkpt lat="48.682786" lon="1.966244"><ele>108.2</ele><time>2025-09-17T14:37:44Z</time></trkpt>
      <trkpt lat="48.682746" lon="1.966038"><ele>108.4</ele><time>2025-09-17T14:37:45Z</time></trkpt>
      <trkpt lat="48.682679" lon="1.965864"><ele>108.7</ele><time>2025-09-17T14:37:46Z</time></trkpt>
      <trkpt lat="48.682591" lon="1.965729"><ele>109.6</ele><time>2025-09-17T14:37:47Z</time></trkpt>
      <trkpt lat="48.682459" lon="1.965659"><ele>109.3</ele><time>2025-09-17T14:37:48Z</time></trkpt>
      <trkpt lat="48.682313" lon="1.965611"><ele>110.7</ele><time>2025-09-17T14:37:49Z</time></trkpt>
      <trkpt lat="48.682170" lon="1.965530"><ele>110.7</ele><time>2025-09-17T14:37:50Z</time></trkpt>
      <trkpt lat="48.682034" lon="1.965413"><ele>110.1</ele><time>2025-09-17T14:37:51Z</time></trkpt>
      <trkpt lat="48.681909" lon="1.965286"><ele>109.4</ele><time>2025-09-17T14:37:52Z</time></trkpt>
      <trkpt lat="48.681750" lon="1.965224"><ele>109.4</ele><time>2025-09-17T14:37:53Z</time></trkpt>
      <trkpt lat="48.681584" lon="1.965202"><ele>110.0</ele><time>2025-09-17T14:37:54Z</time></trkpt>
      <trkpt lat="48.681407" lon="1.965184"><ele>110.4</ele><time>2025-09-17T14:37:55Z</time></trkpt>
      <trkpt lat="48.681234" lon="1.965145"><ele>111.7</ele><time>2025-09-17T14:37:56Z</time></trkpt>
      <trkpt lat="48.681066" lon="1.965104"><ele>111.7</ele><time>2025-09-17T14:37:57Z</time></trkpt>
      <trkpt lat="48.680910" lon="1.965080"><ele>111.7</ele><time>2025-09-17T14:37:58Z</time></trkpt>
      <trkpt lat="48.680769" lon="1.965089"><ele>112.3</ele><time>2025-09-17T14:37:59Z</time></trkpt>
      <trkpt lat="48.680654" lon="1.965134"><ele>112.2</ele><time>2025-09-17T14:38:00Z</time></trkpt>
      <trkpt lat="48.680558" lon="1.965229"><ele>112.2</ele><time>2025-09-17T14:38:01Z</time></trkpt>
      <trkpt lat="48.680492" lon="1.965366"><ele>110.6</ele><time>2025-09-17T14:38:02Z</time></trkpt>
      <trkpt lat="48.680441" lon="1.965537"><ele>110.6</ele><time>2025-09-17T14:38:03Z</time></trkpt>
      <trkpt lat="48.680391" lon="1.965723"><ele>109.7</ele><time>2025-09-17T14:38:04Z</time></trkpt>
      <trkpt lat="48.680329" lon="1.965896"><ele>109.7</ele><time>2025-09-17T14:38:05Z</time></trkpt>
      <trkpt lat="48.680243" lon="1.966029"><ele>109.7</ele><time>2025-09-17T14:38:06Z</time></trkpt>
      <trkpt lat="48.680144" lon="1.966128"><ele>110.3</ele><time>2025-09-17T14:38:07Z</time></trkpt>
      <trkpt lat="48.680030" lon="1.966166"><ele>110.9</ele><time>2025-09-17T14:38:08Z</time></trkpt>
      <trkpt lat="48.679904" lon="1.966160"><ele>111.5</ele><time>2025-09-17T14:38:09Z</time></trkpt>
      <trkpt lat="48.679774" lon="1.966144"><ele>112.0</ele><time>2025-09-17T14:38:10Z</time></trkpt>
      <trkpt lat="48.679658" lon="1.966123"><ele>113.7</ele><time>2025-09-17T14:38:11Z</time></trkpt>
      <trkpt lat="48.679547" lon="1.966101"><ele>113.8</ele><time>2025-09-17T14:38:12Z</time></trkpt>
      <trkpt lat="48.679429" lon="1.966086"><ele>113.0</ele><time>2025-09-17T14:38:13Z</time></trkpt>
      <trkpt lat="48.679316" lon="1.966072"><ele>114.8</ele><time>2025-09-17T14:38:14Z</time></trkpt>
      <trkpt lat="48.679203" lon="1.966063"><ele>115.7</ele><time>2025-09-17T14:38:15Z</time></trkpt>
      <trkpt lat="48.679089" lon="1.966041"><ele>116.5</ele><time>2025-09-17T14:38:16Z</time></trkpt>
      <trkpt lat="48.678971" lon="1.966017"><ele>116.4</ele><time>2025-09-17T14:38:17Z</time></trkpt>
      <trkpt lat="48.678847" lon="1.965980"><ele>120.3</ele><time>2025-09-17T14:38:18Z</time></trkpt>
      <trkpt lat="48.678717" lon="1.965918"><ele>120.3</ele><time>2025-09-17T14:38:19Z</time></trkpt>
      <trkpt lat="48.678593" lon="1.965833"><ele>121.5</ele><time>2025-09-17T14:38:20Z</time></trkpt>
      <trkpt lat="48.678462" lon="1.965764"><ele>122.2</ele><time>2025-09-17T14:38:21Z</time></trkpt>
      <trkpt lat="48.678323" lon="1.965673"><ele>125.0</ele><time>2025-09-17T14:38:22Z</time></trkpt>
      <trkpt lat="48.678179" lon="1.965582"><ele>126.7</ele><time>2025-09-17T14:38:23Z</time></trkpt>
      <trkpt lat="48.678037" lon="1.965498"><ele>128.9</ele><time>2025-09-17T14:38:24Z</time></trkpt>
      <trkpt lat="48.677907" lon="1.965399"><ele>130.3</ele><time>2025-09-17T14:38:25Z</time></trkpt>
      <trkpt lat="48.677754" lon="1.965319"><ele>132.9</ele><time>2025-09-17T14:38:26Z</time></trkpt>
      <trkpt lat="48.677588" lon="1.965228"><ele>136.3</ele><time>2025-09-17T14:38:27Z</time></trkpt>
      <trkpt lat="48.677442" lon="1.965127"><ele>136.8</ele><time>2025-09-17T14:38:28Z</time></trkpt>
      <trkpt lat="48.677293" lon="1.965027"><ele>136.7</ele><time>2025-09-17T14:38:29Z</time></trkpt>
      <trkpt lat="48.677141" lon="1.964914"><ele>139.5</ele><time>2025-09-17T14:38:30Z</time></trkpt>
      <trkpt lat="48.676980" lon="1.964819"><ele>139.1</ele><time>2025-09-17T14:38:31Z</time></trkpt>
      <trkpt lat="48.676810" lon="1.964748"><ele>140.3</ele><time>2025-09-17T14:38:32Z</time></trkpt>
      <trkpt lat="48.676634" lon="1.964681"><ele>141.2</ele><time>2025-09-17T14:38:33Z</time></trkpt>
      <trkpt lat="48.676466" lon="1.964595"><ele>142.7</ele><time>2025-09-17T14:38:34Z</time></trkpt>
      <trkpt lat="48.676308" lon="1.964468"><ele>141.5</ele><time>2025-09-17T14:38:35Z</time></trkpt>
      <trkpt lat="48.676161" lon="1.964328"><ele>140.3</ele><time>2025-09-17T14:38:36Z</time></trkpt>
      <trkpt lat="48.676044" lon="1.964165"><ele>140.3</ele><time>2025-09-17T14:38:37Z</time></trkpt>
      <trkpt lat="48.675951" lon="1.963974"><ele>135.2</ele><time>2025-09-17T14:38:38Z</time></trkpt>
      <trkpt lat="48.675873" lon="1.963762"><ele>135.2</ele><time>2025-09-17T14:38:39Z</time></trkpt>
      <trkpt lat="48.675807" lon="1.963534"><ele>134.0</ele><time>2025-09-17T14:38:40Z</time></trkpt>
      <trkpt lat="48.675747" lon="1.963327"><ele>132.9</ele><time>2025-09-17T14:38:41Z</time></trkpt>
      <trkpt lat="48.675687" lon="1.963143"><ele>131.8</ele><time>2025-09-17T14:38:42Z</time></trkpt>
      <trkpt lat="48.675623" lon="1.962973"><ele>132.3</ele><time>2025-09-17T14:38:43Z</time></trkpt>
      <trkpt lat="48.675539" lon="1.962811"><ele>133.1</ele><time>2025-09-17T14:38:44Z</time></trkpt>
      <trkpt lat="48.675457" lon="1.962661"><ele>133.7</ele><time>2025-09-17T14:38:45Z</time></trkpt>
      <trkpt lat="48.675361" lon="1.962519"><ele>134.7</ele><time>2025-09-17T14:38:46Z</time></trkpt>
      <trkpt lat="48.675232" lon="1.962395"><ele>136.1</ele><time>2025-09-17T14:38:47Z</time></trkpt>
      <trkpt lat="48.675088" lon="1.962283"><ele>136.9</ele><time>2025-09-17T14:38:48Z</time></trkpt>
      <trkpt lat="48.674926" lon="1.962197"><ele>138.4</ele><time>2025-09-17T14:38:49Z</time></trkpt>
      <trkpt lat="48.674769" lon="1.962102"><ele>140.5</ele><time>2025-09-17T14:38:50Z</time></trkpt>
      <trkpt lat="48.674630" lon="1.962005"><ele>141.8</ele><time>2025-09-17T14:38:51Z</time></trkpt>
      <trkpt lat="48.674486" lon="1.961936"><ele>140.5</ele><time>2025-09-17T14:38:52Z</time></trkpt>
      <trkpt lat="48.674357" lon="1.961869"><ele>140.4</ele><time>2025-09-17T14:38:53Z</time></trkpt>
      <trkpt lat="48.674256" lon="1.961796"><ele>142.0</ele><time>2025-09-17T14:38:54Z</time></trkpt>
      <trkpt lat="48.674182" lon="1.961699"><ele>141.7</ele><time>2025-09-17T14:38:55Z</time></trkpt>
      <trkpt lat="48.674135" lon="1.961581"><ele>138.1</ele><time>2025-09-17T14:38:56Z</time></trkpt>
      <trkpt lat="48.674110" lon="1.961441"><ele>136.1</ele><time>2025-09-17T14:38:57Z</time></trkpt>
      <trkpt lat="48.674093" lon="1.961274"><ele>133.5</ele><time>2025-09-17T14:38:58Z</time></trkpt>
      <trkpt lat="48.674084" lon="1.961073"><ele>132.0</ele><time>2025-09-17T14:38:59Z</time></trkpt>
      <trkpt lat="48.674083" lon="1.960860"><ele>130.3</ele><time>2025-09-17T14:39:00Z</time></trkpt>
      <trkpt lat="48.674094" lon="1.960633"><ele>129.5</ele><time>2025-09-17T14:39:01Z</time></trkpt>
      <trkpt lat="48.674135" lon="1.960395"><ele>128.6</ele><time>2025-09-17T14:39:02Z</time></trkpt>
      <trkpt lat="48.674190" lon="1.960098"><ele>128.7</ele><time>2025-09-17T14:39:03Z</time></trkpt>
      <trkpt lat="48.674239" lon="1.959775"><ele>128.3</ele><time>2025-09-17T14:39:04Z</time></trkpt>
      <trkpt lat="48.674289" lon="1.959471"><ele>129.0</ele><time>2025-09-17T14:39:05Z</time></trkpt>
      <trkpt lat="48.674318" lon="1.959180"><ele>129.3</ele><time>2025-09-17T14:39:06Z</time></trkpt>
      <trkpt lat="48.674335" lon="1.958883"><ele>129.0</ele><time>2025-09-17T14:39:07Z</time></trkpt>
      <trkpt lat="48.674341" lon="1.958592"><ele>128.8</ele><time>2025-09-17T14:39:08Z</time></trkpt>
      <trkpt lat="48.674344" lon="1.958309"><ele>128.7</ele><time>2025-09-17T14:39:09Z</time></trkpt>
      <trkpt lat="48.674328" lon="1.958021"><ele>128.0</ele><time>2025-09-17T14:39:10Z</time></trkpt>
      <trkpt lat="48.674314" lon="1.957753"><ele>127.2</ele><time>2025-09-17T14:39:11Z</time></trkpt>
      <trkpt lat="48.674299" lon="1.957490"><ele>126.9</ele><time>2025-09-17T14:39:12Z</time></trkpt>
      <trkpt lat="48.674277" lon="1.957233"><ele>127.5</ele><time>2025-09-17T14:39:13Z</time></trkpt>
      <trkpt lat="48.674233" lon="1.956997"><ele>127.4</ele><time>2025-09-17T14:39:14Z</time></trkpt>
      <trkpt lat="48.674193" lon="1.956770"><ele>127.2</ele><time>2025-09-17T14:39:15Z</time></trkpt>
      <trkpt lat="48.674203" lon="1.956573"><ele>127.4</ele><time>2025-09-17T14:39:16Z</time></trkpt>
      <trkpt lat="48.674228" lon="1.956396"><ele>127.9</ele><time>2025-09-17T14:39:17Z</time></trkpt>
      <trkpt lat="48.674278" lon="1.956202"><ele>130.0</ele><time>2025-09-17T14:39:18Z</time></trkpt>
      <trkpt lat="48.674403" lon="1.956065"><ele>129.4</ele><time>2025-09-17T14:39:19Z</time></trkpt>
      <trkpt lat="48.674543" lon="1.955955"><ele>130.5</ele><time>2025-09-17T14:39:20Z</time></trkpt>
      <trkpt lat="48.674702" lon="1.955886"><ele>129.4</ele><time>2025-09-17T14:39:21Z</time></trkpt>
      <trkpt lat="48.674865" lon="1.955834"><ele>129.3</ele><time>2025-09-17T14:39:22Z</time></trkpt>
      <trkpt lat="48.675031" lon="1.955804"><ele>129.7</ele><time>2025-09-17T14:39:23Z</time></trkpt>
      <trkpt lat="48.675195" lon="1.955777"><ele>130.4</ele><time>2025-09-17T14:39:24Z</time></trkpt>
      <trkpt lat="48.675352" lon="1.955746"><ele>130.2</ele><time>2025-09-17T14:39:25Z</time></trkpt>
      <trkpt lat="48.675519" lon="1.955634"><ele>130.7</ele><time>2025-09-17T14:39:26Z</time></trkpt>
      <trkpt lat="48.675681" lon="1.955512"><ele>130.5</ele><time>2025-09-17T14:39:27Z</time></trkpt>
      <trkpt lat="48.675829" lon="1.955315"><ele>130.9</ele><time>2025-09-17T14:39:28Z</time></trkpt>
      <trkpt lat="48.675962" lon="1.955180"><ele>132.2</ele><time>2025-09-17T14:39:29Z</time></trkpt>
      <trkpt lat="48.676087" lon="1.955032"><ele>136.1</ele><time>2025-09-17T14:39:30Z</time></trkpt>
      <trkpt lat="48.676200" lon="1.954850"><ele>138.7</ele><time>2025-09-17T14:39:31Z</time></trkpt>
      <trkpt lat="48.676286" lon="1.954646"><ele>137.3</ele><time>2025-09-17T14:39:32Z</time></trkpt>
      <trkpt lat="48.676349" lon="1.954415"><ele>136.5</ele><time>2025-09-17T14:39:33Z</time></trkpt>
      <trkpt lat="48.676391" lon="1.954106"><ele>136.9</ele><time>2025-09-17T14:39:34Z</time></trkpt>
      <trkpt lat="48.676432" lon="1.953783"><ele>134.5</ele><time>2025-09-17T14:39:35Z</time></trkpt>
      <trkpt lat="48.676505" lon="1.953477"><ele>133.0</ele><time>2025-09-17T14:39:36Z</time></trkpt>
      <trkpt lat="48.676611" lon="1.953152"><ele>133.6</ele><time>2025-09-17T14:39:37Z</time></trkpt>
      <trkpt lat="48.676736" lon="1.952847"><ele>132.1</ele><time>2025-09-17T14:39:38Z</time></trkpt>
      <trkpt lat="48.676839" lon="1.952557"><ele>132.1</ele><time>2025-09-17T14:39:39Z</time></trkpt>
      <trkpt lat="48.676935" lon="1.952298"><ele>133.6</ele><time>2025-09-17T14:39:40Z</time></trkpt>
      <trkpt lat="48.676994" lon="1.952028"><ele>134.8</ele><time>2025-09-17T14:39:41Z</time></trkpt>
      <trkpt lat="48.677028" lon="1.951743"><ele>136.1</ele><time>2025-09-17T14:39:42Z</time></trkpt>
      <trkpt lat="48.677064" lon="1.951434"><ele>136.0</ele><time>2025-09-17T14:39:43Z</time></trkpt>
      <trkpt lat="48.677118" lon="1.951090"><ele>135.8</ele><time>2025-09-17T14:39:44Z</time></trkpt>
      <trkpt lat="48.677187" lon="1.950735"><ele>135.0</ele><time>2025-09-17T14:39:45Z</time></trkpt>
      <trkpt lat="48.677260" lon="1.950407"><ele>131.4</ele><time>2025-09-17T14:39:46Z</time></trkpt>
      <trkpt lat="48.677329" lon="1.950103"><ele>130.5</ele><time>2025-09-17T14:39:47Z</time></trkpt>
      <trkpt lat="48.677393" lon="1.949830"><ele>129.8</ele><time>2025-09-17T14:39:48Z</time></trkpt>
      <trkpt lat="48.677458" lon="1.949607"><ele>129.7</ele><time>2025-09-17T14:39:49Z</time></trkpt>
      <trkpt lat="48.677527" lon="1.949407"><ele>130.7</ele><time>2025-09-17T14:39:50Z</time></trkpt>
      <trkpt lat="48.677601" lon="1.949234"><ele>130.5</ele><time>2025-09-17T14:39:51Z</time></trkpt>
      <trkpt lat="48.677686" lon="1.949086"><ele>131.5</ele><time>2025-09-17T14:39:52Z</time></trkpt>
      <trkpt lat="48.677771" lon="1.948946"><ele>130.5</ele><time>2025-09-17T14:39:53Z</time></trkpt>
      <trkpt lat="48.677855" lon="1.948807"><ele>131.2</ele><time>2025-09-17T14:39:54Z</time></trkpt>
      <trkpt lat="48.677937" lon="1.948657"><ele>131.3</ele><time>2025-09-17T14:39:55Z</time></trkpt>
      <trkpt lat="48.678003" lon="1.948481"><ele>131.2</ele><time>2025-09-17T14:39:56Z</time></trkpt>
      <trkpt lat="48.678063" lon="1.948294"><ele>131.8</ele><time>2025-09-17T14:39:57Z</time></trkpt>
      <trkpt lat="48.678119" lon="1.948106"><ele>131.8</ele><time>2025-09-17T14:39:58Z</time></trkpt>
      <trkpt lat="48.678173" lon="1.947914"><ele>131.6</ele><time>2025-09-17T14:39:59Z</time></trkpt>
      <trkpt lat="48.678232" lon="1.947710"><ele>132.3</ele><time>2025-09-17T14:40:00Z</time></trkpt>
      <trkpt lat="48.678301" lon="1.947487"><ele>131.9</ele><time>2025-09-17T14:40:01Z</time></trkpt>
      <trkpt lat="48.678380" lon="1.947244"><ele>131.4</ele><time>2025-09-17T14:40:02Z</time></trkpt>
      <trkpt lat="48.678475" lon="1.946982"><ele>130.8</ele><time>2025-09-17T14:40:03Z</time></trkpt>
      <trkpt lat="48.678577" lon="1.946715"><ele>130.7</ele><time>2025-09-17T14:40:04Z</time></trkpt>
      <trkpt lat="48.678698" lon="1.946460"><ele>130.6</ele><time>2025-09-17T14:40:05Z</time></trkpt>
      <trkpt lat="48.678834" lon="1.946222"><ele>131.2</ele><time>2025-09-17T14:40:06Z</time></trkpt>
      <trkpt lat="48.678970" lon="1.945993"><ele>132.5</ele><time>2025-09-17T14:40:07Z</time></trkpt>
      <trkpt lat="48.679108" lon="1.945782"><ele>132.9</ele><time>2025-09-17T14:40:08Z</time></trkpt>
      <trkpt lat="48.679242" lon="1.945584"><ele>133.2</ele><time>2025-09-17T14:40:09Z</time></trkpt>
      <trkpt lat="48.679378" lon="1.945396"><ele>134.1</ele><time>2025-09-17T14:40:10Z</time></trkpt>
      <trkpt lat="48.679515" lon="1.945212"><ele>134.3</ele><time>2025-09-17T14:40:11Z</time></trkpt>
      <trkpt lat="48.679657" lon="1.945044"><ele>134.9</ele><time>2025-09-17T14:40:12Z</time></trkpt>
      <trkpt lat="48.679805" lon="1.944845"><ele>135.2</ele><time>2025-09-17T14:40:13Z</time></trkpt>
      <trkpt lat="48.679976" lon="1.944572"><ele>135.7</ele><time>2025-09-17T14:40:14Z</time></trkpt>
      <trkpt lat="48.680135" lon="1.944286"><ele>135.8</ele><time>2025-09-17T14:40:15Z</time></trkpt>
      <trkpt lat="48.680301" lon="1.944016"><ele>136.1</ele><time>2025-09-17T14:40:16Z</time></trkpt>
      <trkpt lat="48.680489" lon="1.943772"><ele>136.9</ele><time>2025-09-17T14:40:17Z</time></trkpt>
      <trkpt lat="48.680673" lon="1.943505"><ele>137.0</ele><time>2025-09-17T14:40:18Z</time></trkpt>
      <trkpt lat="48.680847" lon="1.943233"><ele>137.5</ele><time>2025-09-17T14:40:19Z</time></trkpt>
      <trkpt lat="48.681006" lon="1.942937"><ele>137.7</ele><time>2025-09-17T14:40:20Z</time></trkpt>
      <trkpt lat="48.681156" lon="1.942652"><ele>137.1</ele><time>2025-09-17T14:40:21Z</time></trkpt>
      <trkpt lat="48.681292" lon="1.942376"><ele>137.5</ele><time>2025-09-17T14:40:22Z</time></trkpt>
      <trkpt lat="48.681415" lon="1.942092"><ele>137.7</ele><time>2025-09-17T14:40:23Z</time></trkpt>
      <trkpt lat="48.681516" lon="1.941796"><ele>138.1</ele><time>2025-09-17T14:40:24Z</time></trkpt>
      <trkpt lat="48.681597" lon="1.941506"><ele>139.0</ele><time>2025-09-17T14:40:25Z</time></trkpt>
      <trkpt lat="48.681666" lon="1.941226"><ele>139.2</ele><time>2025-09-17T14:40:26Z</time></trkpt>
      <trkpt lat="48.681725" lon="1.940932"><ele>139.9</ele><time>2025-09-17T14:40:27Z</time></trkpt>
      <trkpt lat="48.681721" lon="1.940590"><ele>138.4</ele><time>2025-09-17T14:40:28Z</time></trkpt>
      <trkpt lat="48.681739" lon="1.940269"><ele>139.1</ele><time>2025-09-17T14:40:29Z</time></trkpt>
      <trkpt lat="48.681735" lon="1.939956"><ele>139.3</ele><time>2025-09-17T14:40:30Z</time></trkpt>
      <trkpt lat="48.681732" lon="1.939659"><ele>139.5</ele><time>2025-09-17T14:40:31Z</time></trkpt>
      <trkpt lat="48.681728" lon="1.939370"><ele>139.6</ele><time>2025-09-17T14:40:32Z</time></trkpt>
      <trkpt lat="48.681720" lon="1.939098"><ele>139.8</ele><time>2025-09-17T14:40:33Z</time></trkpt>
      <trkpt lat="48.681707" lon="1.938843"><ele>140.3</ele><time>2025-09-17T14:40:34Z</time></trkpt>
      <trkpt lat="48.681683" lon="1.938593"><ele>140.4</ele><time>2025-09-17T14:40:35Z</time></trkpt>
      <trkpt lat="48.681644" lon="1.938349"><ele>140.5</ele><time>2025-09-17T14:40:36Z</time></trkpt>
      <trkpt lat="48.681607" lon="1.938110"><ele>139.8</ele><time>2025-09-17T14:40:37Z</time></trkpt>
      <trkpt lat="48.681560" lon="1.937889"><ele>138.9</ele><time>2025-09-17T14:40:38Z</time></trkpt>
      <trkpt lat="48.681513" lon="1.937669"><ele>138.7</ele><time>2025-09-17T14:40:39Z</time></trkpt>
      <trkpt lat="48.681468" lon="1.937444"><ele>139.1</ele><time>2025-09-17T14:40:40Z</time></trkpt>
      <trkpt lat="48.681425" lon="1.937215"><ele>139.1</ele><time>2025-09-17T14:40:41Z</time></trkpt>
      <trkpt lat="48.681394" lon="1.936990"><ele>139.3</ele><time>2025-09-17T14:40:42Z</time></trkpt>
      <trkpt lat="48.681360" lon="1.936769"><ele>139.4</ele><time>2025-09-17T14:40:43Z</time></trkpt>
      <trkpt lat="48.681331" lon="1.936546"><ele>139.5</ele><time>2025-09-17T14:40:44Z</time></trkpt>
      <trkpt lat="48.681288" lon="1.936329"><ele>140.2</ele><time>2025-09-17T14:40:45Z</time></trkpt>
      <trkpt lat="48.681254" lon="1.936098"><ele>140.5</ele><time>2025-09-17T14:40:46Z</time></trkpt>
      <trkpt lat="48.681233" lon="1.935866"><ele>140.6</ele><time>2025-09-17T14:40:47Z</time></trkpt>
      <trkpt lat="48.681215" lon="1.935625"><ele>140.6</ele><time>2025-09-17T14:40:48Z</time></trkpt>
      <trkpt lat="48.681208" lon="1.935386"><ele>140.4</ele><time>2025-09-17T14:40:49Z</time></trkpt>
      <trkpt lat="48.681211" lon="1.935160"><ele>140.8</ele><time>2025-09-17T14:40:50Z</time></trkpt>
      <trkpt lat="48.681220" lon="1.934948"><ele>141.0</ele><time>2025-09-17T14:40:51Z</time></trkpt>
      <trkpt lat="48.681240" lon="1.934732"><ele>141.1</ele><time>2025-09-17T14:40:52Z</time></trkpt>
      <trkpt lat="48.681291" lon="1.934534"><ele>141.5</ele><time>2025-09-17T14:40:53Z</time></trkpt>
      <trkpt lat="48.681328" lon="1.934350"><ele>141.6</ele><time>2025-09-17T14:40:54Z</time></trkpt>
      <trkpt lat="48.681360" lon="1.934178"><ele>141.9</ele><time>2025-09-17T14:40:55Z</time></trkpt>
      <trkpt lat="48.681390" lon="1.934016"><ele>141.5</ele><time>2025-09-17T14:40:56Z</time></trkpt>
      <trkpt lat="48.681429" lon="1.933854"><ele>141.5</ele><time>2025-09-17T14:40:57Z</time></trkpt>
      <trkpt lat="48.681487" lon="1.933698"><ele>141.5</ele><time>2025-09-17T14:40:58Z</time></trkpt>
      <trkpt lat="48.681571" lon="1.933549"><ele>142.2</ele><time>2025-09-17T14:40:59Z</time></trkpt>
      <trkpt lat="48.681661" lon="1.933409"><ele>142.0</ele><time>2025-09-17T14:41:00Z</time></trkpt>
      <trkpt lat="48.681743" lon="1.933256"><ele>142.5</ele><time>2025-09-17T14:41:01Z</time></trkpt>
      <trkpt lat="48.681806" lon="1.933083"><ele>142.8</ele><time>2025-09-17T14:41:02Z</time></trkpt>
      <trkpt lat="48.681840" lon="1.932887"><ele>143.4</ele><time>2025-09-17T14:41:03Z</time></trkpt>
      <trkpt lat="48.681866" lon="1.932706"><ele>145.3</ele><time>2025-09-17T14:41:04Z</time></trkpt>
      <trkpt lat="48.681898" lon="1.932544"><ele>145.9</ele><time>2025-09-17T14:41:05Z</time></trkpt>
      <trkpt lat="48.681943" lon="1.932394"><ele>146.6</ele><time>2025-09-17T14:41:06Z</time></trkpt>
      <trkpt lat="48.682006" lon="1.932250"><ele>146.8</ele><time>2025-09-17T14:41:07Z</time></trkpt>
      <trkpt lat="48.682086" lon="1.932114"><ele>147.3</ele><time>2025-09-17T14:41:08Z</time></trkpt>
      <trkpt lat="48.682168" lon="1.931996"><ele>148.5</ele><time>2025-09-17T14:41:09Z</time></trkpt>
      <trkpt lat="48.682243" lon="1.931877"><ele>149.7</ele><time>2025-09-17T14:41:10Z</time></trkpt>
      <trkpt lat="48.682299" lon="1.931738"><ele>150.1</ele><time>2025-09-17T14:41:11Z</time></trkpt>
      <trkpt lat="48.682336" lon="1.931584"><ele>151.3</ele><time>2025-09-17T14:41:12Z</time></trkpt>
      <trkpt lat="48.682358" lon="1.931422"><ele>152.9</ele><time>2025-09-17T14:41:13Z</time></trkpt>
      <trkpt lat="48.682349" lon="1.931245"><ele>154.7</ele><time>2025-09-17T14:41:14Z</time></trkpt>
      <trkpt lat="48.682344" lon="1.931080"><ele>156.1</ele><time>2025-09-17T14:41:15Z</time></trkpt>
      <trkpt lat="48.682351" lon="1.930916"><ele>156.5</ele><time>2025-09-17T14:41:16Z</time></trkpt>
      <trkpt lat="48.682376" lon="1.930770"><ele>157.0</ele><time>2025-09-17T14:41:17Z</time></trkpt>
      <trkpt lat="48.682417" lon="1.930610"><ele>157.6</ele><time>2025-09-17T14:41:18Z</time></trkpt>
      <trkpt lat="48.682496" lon="1.930424"><ele>158.5</ele><time>2025-09-17T14:41:19Z</time></trkpt>
      <trkpt lat="48.682594" lon="1.930257"><ele>160.1</ele><time>2025-09-17T14:41:20Z</time></trkpt>
      <trkpt lat="48.682705" lon="1.930087"><ele>160.1</ele><time>2025-09-17T14:41:21Z</time></trkpt>
      <trkpt lat="48.682817" lon="1.929913"><ele>160.2</ele><time>2025-09-17T14:41:22Z</time></trkpt>
      <trkpt lat="48.682930" lon="1.929739"><ele>160.6</ele><time>2025-09-17T14:41:23Z</time></trkpt>
      <trkpt lat="48.683057" lon="1.929540"><ele>161.3</ele><time>2025-09-17T14:41:24Z</time></trkpt>
      <trkpt lat="48.683190" lon="1.929332"><ele>160.8</ele><time>2025-09-17T14:41:25Z</time></trkpt>
      <trkpt lat="48.683338" lon="1.929141"><ele>160.6</ele><time>2025-09-17T14:41:26Z</time></trkpt>
      <trkpt lat="48.683480" lon="1.928924"><ele>160.2</ele><time>2025-09-17T14:41:27Z</time></trkpt>
      <trkpt lat="48.683626" lon="1.928651"><ele>159.6</ele><time>2025-09-17T14:41:28Z</time></trkpt>
      <trkpt lat="48.683791" lon="1.928348"><ele>159.0</ele><time>2025-09-17T14:41:29Z</time></trkpt>
      <trkpt lat="48.683963" lon="1.928038"><ele>158.5</ele><time>2025-09-17T14:41:30Z</time></trkpt>
      <trkpt lat="48.684131" lon="1.927741"><ele>158.9</ele><time>2025-09-17T14:41:31Z</time></trkpt>
      <trkpt lat="48.684292" lon="1.927466"><ele>159.0</ele><time>2025-09-17T14:41:32Z</time></trkpt>
      <trkpt lat="48.684439" lon="1.927205"><ele>158.6</ele><time>2025-09-17T14:41:33Z</time></trkpt>
      <trkpt lat="48.684580" lon="1.926950"><ele>158.9</ele><time>2025-09-17T14:41:34Z</time></trkpt>
      <trkpt lat="48.684719" lon="1.926705"><ele>158.3</ele><time>2025-09-17T14:41:35Z</time></trkpt>
      <trkpt lat="48.684848" lon="1.926458"><ele>158.0</ele><time>2025-09-17T14:41:36Z</time></trkpt>
      <trkpt lat="48.684960" lon="1.926193"><ele>157.4</ele><time>2025-09-17T14:41:37Z</time></trkpt>
      <trkpt lat="48.685042" lon="1.925885"><ele>157.3</ele><time>2025-09-17T14:41:38Z</time></trkpt>
      <trkpt lat="48.685140" lon="1.925566"><ele>158.2</ele><time>2025-09-17T14:41:39Z</time></trkpt>
      <trkpt lat="48.685228" lon="1.925215"><ele>158.4</ele><time>2025-09-17T14:41:40Z</time></trkpt>
      <trkpt lat="48.685304" lon="1.924854"><ele>158.8</ele><time>2025-09-17T14:41:41Z</time></trkpt>
      <trkpt lat="48.685390" lon="1.924497"><ele>159.1</ele><time>2025-09-17T14:41:42Z</time></trkpt>
      <trkpt lat="48.685485" lon="1.924144"><ele>160.2</ele><time>2025-09-17T14:41:43Z</time></trkpt>
      <trkpt lat="48.685595" lon="1.923798"><ele>160.1</ele><time>2025-09-17T14:41:44Z</time></trkpt>
      <trkpt lat="48.685692" lon="1.923461"><ele>160.3</ele><time>2025-09-17T14:41:45Z</time></trkpt>
      <trkpt lat="48.685809" lon="1.923179"><ele>160.0</ele><time>2025-09-17T14:41:46Z</time></trkpt>
      <trkpt lat="48.685899" lon="1.922898"><ele>159.9</ele><time>2025-09-17T14:41:47Z</time></trkpt>
      <trkpt lat="48.686003" lon="1.922627"><ele>159.8</ele><time>2025-09-17T14:41:48Z</time></trkpt>
      <trkpt lat="48.686118" lon="1.922361"><ele>160.0</ele><time>2025-09-17T14:41:49Z</time></trkpt>
      <trkpt lat="48.686242" lon="1.922094"><ele>160.5</ele><time>2025-09-17T14:41:50Z</time></trkpt>
      <trkpt lat="48.686397" lon="1.921798"><ele>161.1</ele><time>2025-09-17T14:41:51Z</time></trkpt>
      <trkpt lat="48.686565" lon="1.921510"><ele>160.7</ele><time>2025-09-17T14:41:52Z</time></trkpt>
      <trkpt lat="48.686728" lon="1.921239"><ele>161.3</ele><time>2025-09-17T14:41:53Z</time></trkpt>
      <trkpt lat="48.686909" lon="1.921026"><ele>161.3</ele><time>2025-09-17T14:41:54Z</time></trkpt>
      <trkpt lat="48.687065" lon="1.920777"><ele>160.9</ele><time>2025-09-17T14:41:55Z</time></trkpt>
      <trkpt lat="48.687221" lon="1.920504"><ele>159.8</ele><time>2025-09-17T14:41:56Z</time></trkpt>
      <trkpt lat="48.687364" lon="1.920237"><ele>158.1</ele><time>2025-09-17T14:41:57Z</time></trkpt>
      <trkpt lat="48.687494" lon="1.919982"><ele>158.9</ele><time>2025-09-17T14:41:58Z</time></trkpt>
      <trkpt lat="48.687613" lon="1.919744"><ele>159.3</ele><time>2025-09-17T14:41:59Z</time></trkpt>
      <trkpt lat="48.687735" lon="1.919510"><ele>160.9</ele><time>2025-09-17T14:42:00Z</time></trkpt>
      <trkpt lat="48.687860" lon="1.919273"><ele>161.4</ele><time>2025-09-17T14:42:01Z</time></trkpt>
      <trkpt lat="48.688000" lon="1.919045"><ele>161.3</ele><time>2025-09-17T14:42:02Z</time></trkpt>
      <trkpt lat="48.688148" lon="1.918830"><ele>161.1</ele><time>2025-09-17T14:42:03Z</time></trkpt>
      <trkpt lat="48.688298" lon="1.918631"><ele>159.4</ele><time>2025-09-17T14:42:04Z</time></trkpt>
      <trkpt lat="48.688435" lon="1.918442"><ele>156.8</ele><time>2025-09-17T14:42:05Z</time></trkpt>
      <trkpt lat="48.688574" lon="1.918273"><ele>156.4</ele><time>2025-09-17T14:42:06Z</time></trkpt>
      <trkpt lat="48.688713" lon="1.918137"><ele>154.8</ele><time>2025-09-17T14:42:07Z</time></trkpt>
      <trkpt lat="48.688851" lon="1.918031"><ele>153.7</ele><time>2025-09-17T14:42:08Z</time></trkpt>
      <trkpt lat="48.688990" lon="1.917934"><ele>153.1</ele><time>2025-09-17T14:42:09Z</time></trkpt>
      <trkpt lat="48.689116" lon="1.917823"><ele>151.5</ele><time>2025-09-17T14:42:10Z</time></trkpt>
      <trkpt lat="48.689229" lon="1.917701"><ele>150.4</ele><time>2025-09-17T14:42:11Z</time></trkpt>
      <trkpt lat="48.689304" lon="1.917549"><ele>149.6</ele><time>2025-09-17T14:42:12Z</time></trkpt>
      <trkpt lat="48.689334" lon="1.917353"><ele>148.9</ele><time>2025-09-17T14:42:13Z</time></trkpt>
      <trkpt lat="48.689351" lon="1.917134"><ele>149.3</ele><time>2025-09-17T14:42:14Z</time></trkpt>
      <trkpt lat="48.689363" lon="1.916888"><ele>149.0</ele><time>2025-09-17T14:42:15Z</time></trkpt>
      <trkpt lat="48.689380" lon="1.916625"><ele>148.2</ele><time>2025-09-17T14:42:16Z</time></trkpt>
      <trkpt lat="48.689408" lon="1.916337"><ele>147.4</ele><time>2025-09-17T14:42:17Z</time></trkpt>
      <trkpt lat="48.689464" lon="1.915988"><ele>146.9</ele><time>2025-09-17T14:42:18Z</time></trkpt>
      <trkpt lat="48.689510" lon="1.915656"><ele>146.2</ele><time>2025-09-17T14:42:19Z</time></trkpt>
      <trkpt lat="48.689550" lon="1.915318"><ele>145.9</ele><time>2025-09-17T14:42:20Z</time></trkpt>
      <trkpt lat="48.689599" lon="1.914976"><ele>146.6</ele><time>2025-09-17T14:42:21Z</time></trkpt>
      <trkpt lat="48.689649" lon="1.914631"><ele>145.8</ele><time>2025-09-17T14:42:22Z</time></trkpt>
      <trkpt lat="48.689694" lon="1.914288"><ele>144.9</ele><time>2025-09-17T14:42:23Z</time></trkpt>
      <trkpt lat="48.689744" lon="1.913967"><ele>144.4</ele><time>2025-09-17T14:42:24Z</time></trkpt>
      <trkpt lat="48.689802" lon="1.913664"><ele>144.0</ele><time>2025-09-17T14:42:25Z</time></trkpt>
      <trkpt lat="48.689880" lon="1.913383"><ele>143.8</ele><time>2025-09-17T14:42:26Z</time></trkpt>
      <trkpt lat="48.689977" lon="1.913105"><ele>143.9</ele><time>2025-09-17T14:42:27Z</time></trkpt>
      <trkpt lat="48.690085" lon="1.912839"><ele>144.0</ele><time>2025-09-17T14:42:28Z</time></trkpt>
      <trkpt lat="48.690256" lon="1.912605"><ele>144.0</ele><time>2025-09-17T14:42:29Z</time></trkpt>
      <trkpt lat="48.690417" lon="1.912355"><ele>144.9</ele><time>2025-09-17T14:42:30Z</time></trkpt>
      <trkpt lat="48.690579" lon="1.912100"><ele>144.9</ele><time>2025-09-17T14:42:31Z</time></trkpt>
      <trkpt lat="48.690724" lon="1.911808"><ele>144.9</ele><time>2025-09-17T14:42:32Z</time></trkpt>
      <trkpt lat="48.690856" lon="1.911488"><ele>144.9</ele><time>2025-09-17T14:42:33Z</time></trkpt>
      <trkpt lat="48.690969" lon="1.911179"><ele>144.0</ele><time>2025-09-17T14:42:34Z</time></trkpt>
      <trkpt lat="48.691094" lon="1.910909"><ele>144.4</ele><time>2025-09-17T14:42:35Z</time></trkpt>
      <trkpt lat="48.691221" lon="1.910660"><ele>145.0</ele><time>2025-09-17T14:42:36Z</time></trkpt>
      <trkpt lat="48.691368" lon="1.910424"><ele>146.7</ele><time>2025-09-17T14:42:37Z</time></trkpt>
      <trkpt lat="48.691535" lon="1.910210"><ele>147.1</ele><time>2025-09-17T14:42:38Z</time></trkpt>
      <trkpt lat="48.691711" lon="1.909984"><ele>148.7</ele><time>2025-09-17T14:42:39Z</time></trkpt>
      <trkpt lat="48.691927" lon="1.909762"><ele>150.0</ele><time>2025-09-17T14:42:40Z</time></trkpt>
      <trkpt lat="48.692142" lon="1.909520"><ele>150.5</ele><time>2025-09-17T14:42:41Z</time></trkpt>
      <trkpt lat="48.692352" lon="1.909277"><ele>151.8</ele><time>2025-09-17T14:42:42Z</time></trkpt>
      <trkpt lat="48.692556" lon="1.909037"><ele>152.7</ele><time>2025-09-17T14:42:43Z</time></trkpt>
      <trkpt lat="48.692737" lon="1.908823"><ele>153.3</ele><time>2025-09-17T14:42:44Z</time></trkpt>
      <trkpt lat="48.692893" lon="1.908624"><ele>153.1</ele><time>2025-09-17T14:42:45Z</time></trkpt>
      <trkpt lat="48.693044" lon="1.908435"><ele>154.5</ele><time>2025-09-17T14:42:46Z</time></trkpt>
      <trkpt lat="48.693184" lon="1.908259"><ele>154.8</ele><time>2025-09-17T14:42:47Z</time></trkpt>
      <trkpt lat="48.693318" lon="1.908105"><ele>155.0</ele><time>2025-09-17T14:42:48Z</time></trkpt>
      <trkpt lat="48.693444" lon="1.907972"><ele>153.6</ele><time>2025-09-17T14:42:49Z</time></trkpt>
      <trkpt lat="48.693573" lon="1.907864"><ele>153.8</ele><time>2025-09-17T14:42:50Z</time></trkpt>
      <trkpt lat="48.693708" lon="1.907779"><ele>154.3</ele><time>2025-09-17T14:42:51Z</time></trkpt>
      <trkpt lat="48.693849" lon="1.907731"><ele>154.3</ele><time>2025-09-17T14:42:52Z</time></trkpt>
      <trkpt lat="48.693996" lon="1.907701"><ele>153.9</ele><time>2025-09-17T14:42:53Z</time></trkpt>
      <trkpt lat="48.694148" lon="1.907688"><ele>153.1</ele><time>2025-09-17T14:42:54Z</time></trkpt>
      <trkpt lat="48.694302" lon="1.907678"><ele>152.5</ele><time>2025-09-17T14:42:55Z</time></trkpt>
      <trkpt lat="48.694463" lon="1.907661"><ele>152.4</ele><time>2025-09-17T14:42:56Z</time></trkpt>
      <trkpt lat="48.694618" lon="1.907630"><ele>152.0</ele><time>2025-09-17T14:42:57Z</time></trkpt>
      <trkpt lat="48.694770" lon="1.907559"><ele>152.4</ele><time>2025-09-17T14:42:58Z</time></trkpt>
      <trkpt lat="48.694925" lon="1.907461"><ele>152.7</ele><time>2025-09-17T14:42:59Z</time></trkpt>
      <trkpt lat="48.695092" lon="1.907323"><ele>153.3</ele><time>2025-09-17T14:43:00Z</time></trkpt>
      <trkpt lat="48.695256" lon="1.907196"><ele>152.4</ele><time>2025-09-17T14:43:01Z</time></trkpt>
      <trkpt lat="48.695406" lon="1.907067"><ele>152.5</ele><time>2025-09-17T14:43:02Z</time></trkpt>
      <trkpt lat="48.695546" lon="1.906936"><ele>152.5</ele><time>2025-09-17T14:43:03Z</time></trkpt>
      <trkpt lat="48.695659" lon="1.906772"><ele>152.5</ele><time>2025-09-17T14:43:04Z</time></trkpt>
      <trkpt lat="48.695782" lon="1.906621"><ele>152.8</ele><time>2025-09-17T14:43:05Z</time></trkpt>
      <trkpt lat="48.695897" lon="1.906454"><ele>153.3</ele><time>2025-09-17T14:43:06Z</time></trkpt>
      <trkpt lat="48.695997" lon="1.906265"><ele>153.3</ele><time>2025-09-17T14:43:07Z</time></trkpt>
      <trkpt lat="48.696094" lon="1.906069"><ele>153.3</ele><time>2025-09-17T14:43:08Z</time></trkpt>
      <trkpt lat="48.696194" lon="1.905879"><ele>153.2</ele><time>2025-09-17T14:43:09Z</time></trkpt>
      <trkpt lat="48.696305" lon="1.905714"><ele>153.0</ele><time>2025-09-17T14:43:10Z</time></trkpt>
      <trkpt lat="48.696422" lon="1.905559"><ele>152.3</ele><time>2025-09-17T14:43:11Z</time></trkpt>
      <trkpt lat="48.696543" lon="1.905403"><ele>152.7</ele><time>2025-09-17T14:43:12Z</time></trkpt>
      <trkpt lat="48.696672" lon="1.905262"><ele>153.3</ele><time>2025-09-17T14:43:13Z</time></trkpt>
      <trkpt lat="48.696793" lon="1.905135"><ele>154.2</ele><time>2025-09-17T14:43:14Z</time></trkpt>
      <trkpt lat="48.696905" lon="1.905023"><ele>154.0</ele><time>2025-09-17T14:43:15Z</time></trkpt>
      <trkpt lat="48.697002" lon="1.904911"><ele>154.7</ele><time>2025-09-17T14:43:16Z</time></trkpt>
      <trkpt lat="48.697083" lon="1.904787"><ele>155.3</ele><time>2025-09-17T14:43:17Z</time></trkpt>
      <trkpt lat="48.697164" lon="1.904641"><ele>156.6</ele><time>2025-09-17T14:43:18Z</time></trkpt>
      <trkpt lat="48.697240" lon="1.904483"><ele>157.1</ele><time>2025-09-17T14:43:19Z</time></trkpt>
      <trkpt lat="48.697311" lon="1.904311"><ele>157.9</ele><time>2025-09-17T14:43:20Z</time></trkpt>
      <trkpt lat="48.697389" lon="1.904133"><ele>158.6</ele><time>2025-09-17T14:43:21Z</time></trkpt>
      <trkpt lat="48.697459" lon="1.903946"><ele>158.7</ele><time>2025-09-17T14:43:22Z</time></trkpt>
      <trkpt lat="48.697532" lon="1.903765"><ele>159.0</ele><time>2025-09-17T14:43:23Z</time></trkpt>
      <trkpt lat="48.697605" lon="1.903582"><ele>159.9</ele><time>2025-09-17T14:43:24Z</time></trkpt>
      <trkpt lat="48.697677" lon="1.903405"><ele>161.2</ele><time>2025-09-17T14:43:25Z</time></trkpt>
      <trkpt lat="48.697761" lon="1.903239"><ele>161.8</ele><time>2025-09-17T14:43:26Z</time></trkpt>
      <trkpt lat="48.697850" lon="1.903083"><ele>161.9</ele><time>2025-09-17T14:43:27Z</time></trkpt>
      <trkpt lat="48.697928" lon="1.902918"><ele>162.0</ele><time>2025-09-17T14:43:28Z</time></trkpt>
      <trkpt lat="48.698020" lon="1.902763"><ele>162.7</ele><time>2025-09-17T14:43:29Z</time></trkpt>
      <trkpt lat="48.698096" lon="1.902597"><ele>163.5</ele><time>2025-09-17T14:43:30Z</time></trkpt>
      <trkpt lat="48.698159" lon="1.902416"><ele>164.0</ele><time>2025-09-17T14:43:31Z</time></trkpt>
      <trkpt lat="48.698195" lon="1.902210"><ele>163.8</ele><time>2025-09-17T14:43:32Z</time></trkpt>
      <trkpt lat="48.698232" lon="1.901998"><ele>164.0</ele><time>2025-09-17T14:43:33Z</time></trkpt>
      <trkpt lat="48.698253" lon="1.901766"><ele>163.1</ele><time>2025-09-17T14:43:34Z</time></trkpt>
      <trkpt lat="48.698275" lon="1.901528"><ele>162.3</ele><time>2025-09-17T14:43:35Z</time></trkpt>
      <trkpt lat="48.698295" lon="1.901279"><ele>161.0</ele><time>2025-09-17T14:43:36Z</time></trkpt>
      <trkpt lat="48.698315" lon="1.901023"><ele>159.4</ele><time>2025-09-17T14:43:37Z</time></trkpt>
      <trkpt lat="48.698332" lon="1.900762"><ele>158.3</ele><time>2025-09-17T14:43:38Z</time></trkpt>
      <trkpt lat="48.698346" lon="1.900501"><ele>156.9</ele><time>2025-09-17T14:43:39Z</time></trkpt>
      <trkpt lat="48.698359" lon="1.900251"><ele>154.7</ele><time>2025-09-17T14:43:40Z</time></trkpt>
      <trkpt lat="48.698371" lon="1.900017"><ele>153.4</ele><time>2025-09-17T14:43:41Z</time></trkpt>
      <trkpt lat="48.698379" lon="1.899797"><ele>152.6</ele><time>2025-09-17T14:43:42Z</time></trkpt>
      <trkpt lat="48.698389" lon="1.899592"><ele>152.4</ele><time>2025-09-17T14:43:43Z</time></trkpt>
      <trkpt lat="48.698381" lon="1.899386"><ele>152.0</ele><time>2025-09-17T14:43:44Z</time></trkpt>
      <trkpt lat="48.698366" lon="1.899189"><ele>151.9</ele><time>2025-09-17T14:43:45Z</time></trkpt>
      <trkpt lat="48.698344" lon="1.898995"><ele>151.7</ele><time>2025-09-17T14:43:46Z</time></trkpt>
      <trkpt lat="48.698310" lon="1.898788"><ele>151.2</ele><time>2025-09-17T14:43:47Z</time></trkpt>
      <trkpt lat="48.698263" lon="1.898580"><ele>152.0</ele><time>2025-09-17T14:43:48Z</time></trkpt>
      <trkpt lat="48.698217" lon="1.898369"><ele>151.7</ele><time>2025-09-17T14:43:49Z</time></trkpt>
      <trkpt lat="48.698163" lon="1.898153"><ele>151.2</ele><time>2025-09-17T14:43:50Z</time></trkpt>
      <trkpt lat="48.698103" lon="1.897935"><ele>149.8</ele><time>2025-09-17T14:43:51Z</time></trkpt>
      <trkpt lat="48.698043" lon="1.897720"><ele>149.5</ele><time>2025-09-17T14:43:52Z</time></trkpt>
      <trkpt lat="48.697987" lon="1.897512"><ele>149.6</ele><time>2025-09-17T14:43:53Z</time></trkpt>
      <trkpt lat="48.697944" lon="1.897325"><ele>149.5</ele><time>2025-09-17T14:43:54Z</time></trkpt>
      <trkpt lat="48.697913" lon="1.897150"><ele>149.7</ele><time>2025-09-17T14:43:55Z</time></trkpt>
      <trkpt lat="48.697897" lon="1.896985"><ele>149.2</ele><time>2025-09-17T14:43:56Z</time></trkpt>
      <trkpt lat="48.697904" lon="1.896822"><ele>148.9</ele><time>2025-09-17T14:43:57Z</time></trkpt>
      <trkpt lat="48.697939" lon="1.896671"><ele>150.1</ele><time>2025-09-17T14:43:58Z</time></trkpt>
      <trkpt lat="48.697979" lon="1.896526"><ele>150.0</ele><time>2025-09-17T14:43:59Z</time></trkpt>
      <trkpt lat="48.698020" lon="1.896400"><ele>150.3</ele><time>2025-09-17T14:44:00Z</time></trkpt>
      <trkpt lat="48.698058" lon="1.896288"><ele>151.7</ele><time>2025-09-17T14:44:01Z</time></trkpt>
      <trkpt lat="48.698097" lon="1.896199"><ele>152.2</ele><time>2025-09-17T14:44:02Z</time></trkpt>
      <trkpt lat="48.698135" lon="1.896123"><ele>152.5</ele><time>2025-09-17T14:44:03Z</time></trkpt>
      <trkpt lat="48.698173" lon="1.896066"><ele>152.7</ele><time>2025-09-17T14:44:04Z</time></trkpt>
      <trkpt lat="48.698203" lon="1.896019"><ele>153.4</ele><time>2025-09-17T14:44:05Z</time></trkpt>
      <trkpt lat="48.698218" lon="1.895972"><ele>153.2</ele><time>2025-09-17T14:44:06Z</time></trkpt>
      <trkpt lat="48.698221" lon="1.895935"><ele>152.9</ele><time>2025-09-17T14:44:07Z</time></trkpt>
      <trkpt lat="48.698212" lon="1.895911"><ele>153.7</ele><time>2025-09-17T14:44:08Z</time></trkpt>
      <trkpt lat="48.698197" lon="1.895905"><ele>155.3</ele><time>2025-09-17T14:44:09Z</time></trkpt>
      <trkpt lat="48.698184" lon="1.895911"><ele>155.7</ele><time>2025-09-17T14:44:10Z</time></trkpt>
      <trkpt lat="48.698175" lon="1.895925"><ele>154.6</ele><time>2025-09-17T14:44:11Z</time></trkpt>
      <trkpt lat="48.698166" lon="1.895942"><ele>153.0</ele><time>2025-09-17T14:44:12Z</time></trkpt>
      <trkpt lat="48.698155" lon="1.895960"><ele>152.7</ele><time>2025-09-17T14:44:13Z</time></trkpt>
      <trkpt lat="48.698149" lon="1.895971"><ele>152.3</ele><time>2025-09-17T14:44:14Z</time></trkpt>
      <trkpt lat="48.698150" lon="1.895974"><ele>151.6</ele><time>2025-09-17T14:44:15Z</time></trkpt>
      <trkpt lat="48.698152" lon="1.895974"><ele>150.7</ele><time>2025-09-17T14:44:16Z</time></trkpt>
      <trkpt lat="48.698152" lon="1.895973"><ele>150.1</ele><time>2025-09-17T14:44:17Z</time></trkpt>
      <trkpt lat="48.698152" lon="1.895974"><ele>149.7</ele><time>2025-09-17T14:44:18Z</time></trkpt>
      <trkpt lat="48.698150" lon="1.895984"><ele>149.4</ele><time>2025-09-17T14:44:19Z</time></trkpt>
      <trkpt lat="48.698140" lon="1.896014"><ele>149.3</ele><time>2025-09-17T14:44:20Z</time></trkpt>
      <trkpt lat="48.698118" lon="1.896065"><ele>149.1</ele><time>2025-09-17T14:44:21Z</time></trkpt>
      <trkpt lat="48.698091" lon="1.896135"><ele>149.0</ele><time>2025-09-17T14:44:22Z</time></trkpt>
      <trkpt lat="48.698061" lon="1.896222"><ele>149.0</ele><time>2025-09-17T14:44:23Z</time></trkpt>
      <trkpt lat="48.698025" lon="1.896323"><ele>148.9</ele><time>2025-09-17T14:44:24Z</time></trkpt>
      <trkpt lat="48.697998" lon="1.896432"><ele>148.6</ele><time>2025-09-17T14:44:25Z</time></trkpt>
      <trkpt lat="48.697973" lon="1.896547"><ele>148.6</ele><time>2025-09-17T14:44:26Z</time></trkpt>
      <trkpt lat="48.697945" lon="1.896668"><ele>148.6</ele><time>2025-09-17T14:44:27Z</time></trkpt>
      <trkpt lat="48.697919" lon="1.896797"><ele>148.3</ele><time>2025-09-17T14:44:28Z</time></trkpt>
      <trkpt lat="48.697917" lon="1.896945"><ele>147.9</ele><time>2025-09-17T14:44:29Z</time></trkpt>
      <trkpt lat="48.697922" lon="1.897096"><ele>147.7</ele><time>2025-09-17T14:44:30Z</time></trkpt>
      <trkpt lat="48.697938" lon="1.897252"><ele>147.9</ele><time>2025-09-17T14:44:31Z</time></trkpt>
      <trkpt lat="48.697964" lon="1.897408"><ele>147.9</ele><time>2025-09-17T14:44:32Z</time></trkpt>
      <trkpt lat="48.698025" lon="1.897588"><ele>148.0</ele><time>2025-09-17T14:44:33Z</time></trkpt>
      <trkpt lat="48.698071" lon="1.897763"><ele>147.9</ele><time>2025-09-17T14:44:34Z</time></trkpt>
      <trkpt lat="48.698117" lon="1.897939"><ele>148.1</ele><time>2025-09-17T14:44:35Z</time></trkpt>
      <trkpt lat="48.698167" lon="1.898109"><ele>148.3</ele><time>2025-09-17T14:44:36Z</time></trkpt>
      <trkpt lat="48.698213" lon="1.898283"><ele>148.4</ele><time>2025-09-17T14:44:37Z</time></trkpt>
      <trkpt lat="48.698256" lon="1.898457"><ele>148.6</ele><time>2025-09-17T14:44:38Z</time></trkpt>
      <trkpt lat="48.698302" lon="1.898627"><ele>148.9</ele><time>2025-09-17T14:44:39Z</time></trkpt>
      <trkpt lat="48.698341" lon="1.898809"><ele>149.1</ele><time>2025-09-17T14:44:40Z</time></trkpt>
      <trkpt lat="48.698369" lon="1.898984"><ele>149.6</ele><time>2025-09-17T14:44:41Z</time></trkpt>
      <trkpt lat="48.698406" lon="1.899162"><ele>149.9</ele><time>2025-09-17T14:44:42Z</time></trkpt>
      <trkpt lat="48.698419" lon="1.899331"><ele>150.4</ele><time>2025-09-17T14:44:43Z</time></trkpt>
      <trkpt lat="48.698417" lon="1.899488"><ele>150.7</ele><time>2025-09-17T14:44:44Z</time></trkpt>
      <trkpt lat="48.698429" lon="1.899642"><ele>150.8</ele><time>2025-09-17T14:44:45Z</time></trkpt>
      <trkpt lat="48.698439" lon="1.899810"><ele>151.0</ele><time>2025-09-17T14:44:46Z</time></trkpt>
      <trkpt lat="48.698443" lon="1.899964"><ele>151.2</ele><time>2025-09-17T14:44:47Z</time></trkpt>
      <trkpt lat="48.698451" lon="1.900145"><ele>151.5</ele><time>2025-09-17T14:44:48Z</time></trkpt>
      <trkpt lat="48.698440" lon="1.900312"><ele>151.4</ele><time>2025-09-17T14:44:49Z</time></trkpt>
      <trkpt lat="48.698432" lon="1.900499"><ele>151.6</ele><time>2025-09-17T14:44:50Z</time></trkpt>
      <trkpt lat="48.698429" lon="1.900695"><ele>151.8</ele><time>2025-09-17T14:44:51Z</time></trkpt>
      <trkpt lat="48.698421" lon="1.900891"><ele>151.7</ele><time>2025-09-17T14:44:52Z</time></trkpt>
      <trkpt lat="48.698410" lon="1.901094"><ele>152.1</ele><time>2025-09-17T14:44:53Z</time></trkpt>
      <trkpt lat="48.698398" lon="1.901307"><ele>152.4</ele><time>2025-09-17T14:44:54Z</time></trkpt>
      <trkpt lat="48.698385" lon="1.901526"><ele>152.6</ele><time>2025-09-17T14:44:55Z</time></trkpt>
      <trkpt lat="48.698371" lon="1.901751"><ele>152.7</ele><time>2025-09-17T14:44:56Z</time></trkpt>
      <trkpt lat="48.698350" lon="1.901969"><ele>152.7</ele><time>2025-09-17T14:44:57Z</time></trkpt>
      <trkpt lat="48.698329" lon="1.902173"><ele>152.7</ele><time>2025-09-17T14:44:58Z</time></trkpt>
      <trkpt lat="48.698298" lon="1.902366"><ele>152.6</ele><time>2025-09-17T14:44:59Z</time></trkpt>
      <trkpt lat="48.698254" lon="1.902554"><ele>152.5</ele><time>2025-09-17T14:45:00Z</time></trkpt>
      <trkpt lat="48.698196" lon="1.902723"><ele>152.4</ele><time>2025-09-17T14:45:01Z</time></trkpt>
      <trkpt lat="48.698119" lon="1.902868"><ele>152.3</ele><time>2025-09-17T14:45:02Z</time></trkpt>
      <trkpt lat="48.698046" lon="1.902993"><ele>151.1</ele><time>2025-09-17T14:45:03Z</time></trkpt>
      <trkpt lat="48.697988" lon="1.903119"><ele>151.4</ele><time>2025-09-17T14:45:04Z</time></trkpt>
      <trkpt lat="48.697917" lon="1.903246"><ele>151.8</ele><time>2025-09-17T14:45:05Z</time></trkpt>
      <trkpt lat="48.697840" lon="1.903377"><ele>152.3</ele><time>2025-09-17T14:45:06Z</time></trkpt>
      <trkpt lat="48.697742" lon="1.903506"><ele>152.6</ele><time>2025-09-17T14:45:07Z</time></trkpt>
      <trkpt lat="48.697682" lon="1.903687"><ele>151.7</ele><time>2025-09-17T14:45:08Z</time></trkpt>
      <trkpt lat="48.697623" lon="1.903878"><ele>151.3</ele><time>2025-09-17T14:45:09Z</time></trkpt>
      <trkpt lat="48.697550" lon="1.904055"><ele>150.5</ele><time>2025-09-17T14:45:10Z</time></trkpt>
      <trkpt lat="48.697474" lon="1.904237"><ele>150.6</ele><time>2025-09-17T14:45:11Z</time></trkpt>
      <trkpt lat="48.697397" lon="1.904422"><ele>150.7</ele><time>2025-09-17T14:45:12Z</time></trkpt>
      <trkpt lat="48.697324" lon="1.904606"><ele>150.7</ele><time>2025-09-17T14:45:13Z</time></trkpt>
      <trkpt lat="48.697226" lon="1.904782"><ele>151.0</ele><time>2025-09-17T14:45:14Z</time></trkpt>
      <trkpt lat="48.697011" lon="1.904896"><ele>150.6</ele><time>2025-09-17T14:45:15Z</time></trkpt>
      <trkpt lat="48.696861" lon="1.905051"><ele>150.4</ele><time>2025-09-17T14:45:16Z</time></trkpt>
      <trkpt lat="48.696728" lon="1.905205"><ele>149.9</ele><time>2025-09-17T14:45:17Z</time></trkpt>
      <trkpt lat="48.696607" lon="1.905354"><ele>148.6</ele><time>2025-09-17T14:45:18Z</time></trkpt>
      <trkpt lat="48.696491" lon="1.905507"><ele>148.2</ele><time>2025-09-17T14:45:19Z</time></trkpt>
      <trkpt lat="48.696374" lon="1.905679"><ele>147.6</ele><time>2025-09-17T14:45:20Z</time></trkpt>
      <trkpt lat="48.696275" lon="1.905899"><ele>145.9</ele><time>2025-09-17T14:45:21Z</time></trkpt>
      <trkpt lat="48.696166" lon="1.906122"><ele>145.1</ele><time>2025-09-17T14:45:22Z</time></trkpt>
      <trkpt lat="48.696052" lon="1.906331"><ele>145.4</ele><time>2025-09-17T14:45:23Z</time></trkpt>
      <trkpt lat="48.695941" lon="1.906521"><ele>145.2</ele><time>2025-09-17T14:45:24Z</time></trkpt>
      <trkpt lat="48.695826" lon="1.906693"><ele>145.1</ele><time>2025-09-17T14:45:25Z</time></trkpt>
      <trkpt lat="48.695708" lon="1.906851"><ele>145.0</ele><time>2025-09-17T14:45:26Z</time></trkpt>
      <trkpt lat="48.695545" lon="1.906999"><ele>145.0</ele><time>2025-09-17T14:45:27Z</time></trkpt>
      <trkpt lat="48.695388" lon="1.907149"><ele>145.6</ele><time>2025-09-17T14:45:28Z</time></trkpt>
      <trkpt lat="48.695238" lon="1.907289"><ele>145.2</ele><time>2025-09-17T14:45:29Z</time></trkpt>
      <trkpt lat="48.695096" lon="1.907420"><ele>144.8</ele><time>2025-09-17T14:45:30Z</time></trkpt>
      <trkpt lat="48.694968" lon="1.907521"><ele>144.5</ele><time>2025-09-17T14:45:31Z</time></trkpt>
      <trkpt lat="48.694837" lon="1.907612"><ele>145.5</ele><time>2025-09-17T14:45:32Z</time></trkpt>
      <trkpt lat="48.694669" lon="1.907641"><ele>145.4</ele><time>2025-09-17T14:45:33Z</time></trkpt>
      <trkpt lat="48.694516" lon="1.907668"><ele>145.5</ele><time>2025-09-17T14:45:34Z</time></trkpt>
      <trkpt lat="48.694369" lon="1.907680"><ele>145.7</ele><time>2025-09-17T14:45:35Z</time></trkpt>
      <trkpt lat="48.694227" lon="1.907679"><ele>146.0</ele><time>2025-09-17T14:45:36Z</time></trkpt>
      <trkpt lat="48.694088" lon="1.907688"><ele>146.4</ele><time>2025-09-17T14:45:37Z</time></trkpt>
      <trkpt lat="48.693946" lon="1.907722"><ele>147.2</ele><time>2025-09-17T14:45:38Z</time></trkpt>
      <trkpt lat="48.693801" lon="1.907779"><ele>147.1</ele><time>2025-09-17T14:45:39Z</time></trkpt>
      <trkpt lat="48.693652" lon="1.907859"><ele>147.0</ele><time>2025-09-17T14:45:40Z</time></trkpt>
      <trkpt lat="48.693495" lon="1.907987"><ele>147.3</ele><time>2025-09-17T14:45:41Z</time></trkpt>
      <trkpt lat="48.693343" lon="1.908170"><ele>146.3</ele><time>2025-09-17T14:45:42Z</time></trkpt>
      <trkpt lat="48.693177" lon="1.908378"><ele>145.4</ele><time>2025-09-17T14:45:43Z</time></trkpt>
      <trkpt lat="48.692997" lon="1.908597"><ele>144.5</ele><time>2025-09-17T14:45:44Z</time></trkpt>
      <trkpt lat="48.692821" lon="1.908812"><ele>144.5</ele><time>2025-09-17T14:45:45Z</time></trkpt>
      <trkpt lat="48.692648" lon="1.909018"><ele>144.3</ele><time>2025-09-17T14:45:46Z</time></trkpt>
      <trkpt lat="48.692482" lon="1.909220"><ele>143.9</ele><time>2025-09-17T14:45:47Z</time></trkpt>
      <trkpt lat="48.692320" lon="1.909419"><ele>143.5</ele><time>2025-09-17T14:45:48Z</time></trkpt>
      <trkpt lat="48.692159" lon="1.909610"><ele>142.7</ele><time>2025-09-17T14:45:49Z</time></trkpt>
      <trkpt lat="48.691998" lon="1.909798"><ele>141.7</ele><time>2025-09-17T14:45:50Z</time></trkpt>
      <trkpt lat="48.691828" lon="1.909990"><ele>140.9</ele><time>2025-09-17T14:45:51Z</time></trkpt>
      <trkpt lat="48.691666" lon="1.910176"><ele>140.1</ele><time>2025-09-17T14:45:52Z</time></trkpt>
      <trkpt lat="48.691512" lon="1.910350"><ele>139.3</ele><time>2025-09-17T14:45:53Z</time></trkpt>
      <trkpt lat="48.691363" lon="1.910528"><ele>138.6</ele><time>2025-09-17T14:45:54Z</time></trkpt>
      <trkpt lat="48.691214" lon="1.910716"><ele>138.2</ele><time>2025-09-17T14:45:55Z</time></trkpt>
      <trkpt lat="48.691095" lon="1.910996"><ele>137.7</ele><time>2025-09-17T14:45:56Z</time></trkpt>
      <trkpt lat="48.690975" lon="1.911296"><ele>136.8</ele><time>2025-09-17T14:45:57Z</time></trkpt>
      <trkpt lat="48.690851" lon="1.911596"><ele>136.4</ele><time>2025-09-17T14:45:58Z</time></trkpt>
      <trkpt lat="48.690716" lon="1.911883"><ele>135.9</ele><time>2025-09-17T14:45:59Z</time></trkpt>
      <trkpt lat="48.690572" lon="1.912154"><ele>135.4</ele><time>2025-09-17T14:46:00Z</time></trkpt>
      <trkpt lat="48.690416" lon="1.912385"><ele>135.1</ele><time>2025-09-17T14:46:01Z</time></trkpt>
      <trkpt lat="48.690283" lon="1.912619"><ele>134.7</ele><time>2025-09-17T14:46:02Z</time></trkpt>
      <trkpt lat="48.690152" lon="1.912840"><ele>134.1</ele><time>2025-09-17T14:46:03Z</time></trkpt>
      <trkpt lat="48.690037" lon="1.913074"><ele>133.7</ele><time>2025-09-17T14:46:04Z</time></trkpt>
      <trkpt lat="48.689946" lon="1.913335"><ele>133.8</ele><time>2025-09-17T14:46:05Z</time></trkpt>
      <trkpt lat="48.689890" lon="1.913651"><ele>134.1</ele><time>2025-09-17T14:46:06Z</time></trkpt>
      <trkpt lat="48.689827" lon="1.913978"><ele>133.4</ele><time>2025-09-17T14:46:07Z</time></trkpt>
      <trkpt lat="48.689771" lon="1.914325"><ele>133.8</ele><time>2025-09-17T14:46:08Z</time></trkpt>
      <trkpt lat="48.689731" lon="1.914666"><ele>133.8</ele><time>2025-09-17T14:46:09Z</time></trkpt>
      <trkpt lat="48.689684" lon="1.914982"><ele>133.6</ele><time>2025-09-17T14:46:10Z</time></trkpt>
      <trkpt lat="48.689642" lon="1.915286"><ele>133.4</ele><time>2025-09-17T14:46:11Z</time></trkpt>
      <trkpt lat="48.689603" lon="1.915574"><ele>132.8</ele><time>2025-09-17T14:46:12Z</time></trkpt>
      <trkpt lat="48.689565" lon="1.915849"><ele>132.2</ele><time>2025-09-17T14:46:13Z</time></trkpt>
      <trkpt lat="48.689530" lon="1.916120"><ele>131.9</ele><time>2025-09-17T14:46:14Z</time></trkpt>
      <trkpt lat="48.689499" lon="1.916387"><ele>131.6</ele><time>2025-09-17T14:46:15Z</time></trkpt>
      <trkpt lat="48.689480" lon="1.916639"><ele>131.1</ele><time>2025-09-17T14:46:16Z</time></trkpt>
      <trkpt lat="48.689463" lon="1.916847"><ele>130.6</ele><time>2025-09-17T14:46:17Z</time></trkpt>
      <trkpt lat="48.689452" lon="1.917052"><ele>130.7</ele><time>2025-09-17T14:46:18Z</time></trkpt>
      <trkpt lat="48.689438" lon="1.917233"><ele>130.6</ele><time>2025-09-17T14:46:19Z</time></trkpt>
      <trkpt lat="48.689404" lon="1.917403"><ele>130.8</ele><time>2025-09-17T14:46:20Z</time></trkpt>
      <trkpt lat="48.689364" lon="1.917572"><ele>130.7</ele><time>2025-09-17T14:46:21Z</time></trkpt>
      <trkpt lat="48.689284" lon="1.917707"><ele>130.2</ele><time>2025-09-17T14:46:22Z</time></trkpt>
      <trkpt lat="48.689182" lon="1.917849"><ele>131.6</ele><time>2025-09-17T14:46:23Z</time></trkpt>
      <trkpt lat="48.689023" lon="1.917962"><ele>130.7</ele><time>2025-09-17T14:46:24Z</time></trkpt>
      <trkpt lat="48.688856" lon="1.918090"><ele>131.3</ele><time>2025-09-17T14:46:25Z</time></trkpt>
      <trkpt lat="48.688690" lon="1.918253"><ele>132.5</ele><time>2025-09-17T14:46:26Z</time></trkpt>
      <trkpt lat="48.688506" lon="1.918452"><ele>134.8</ele><time>2025-09-17T14:46:27Z</time></trkpt>
      <trkpt lat="48.688337" lon="1.918677"><ele>137.1</ele><time>2025-09-17T14:46:28Z</time></trkpt>
      <trkpt lat="48.688196" lon="1.918910"><ele>137.9</ele><time>2025-09-17T14:46:29Z</time></trkpt>
      <trkpt lat="48.688054" lon="1.919139"><ele>139.3</ele><time>2025-09-17T14:46:30Z</time></trkpt>
      <trkpt lat="48.687910" lon="1.919388"><ele>140.0</ele><time>2025-09-17T14:46:31Z</time></trkpt>
      <trkpt lat="48.687753" lon="1.919655"><ele>140.2</ele><time>2025-09-17T14:46:32Z</time></trkpt>
      <trkpt lat="48.687600" lon="1.919947"><ele>140.2</ele><time>2025-09-17T14:46:33Z</time></trkpt>
      <trkpt lat="48.687452" lon="1.920234"><ele>140.2</ele><time>2025-09-17T14:46:34Z</time></trkpt>
      <trkpt lat="48.687321" lon="1.920500"><ele>140.2</ele><time>2025-09-17T14:46:35Z</time></trkpt>
      <trkpt lat="48.687164" lon="1.920740"><ele>140.2</ele><time>2025-09-17T14:46:36Z</time></trkpt>
      <trkpt lat="48.687002" lon="1.920985"><ele>140.5</ele><time>2025-09-17T14:46:37Z</time></trkpt>
      <trkpt lat="48.686812" lon="1.921229"><ele>140.1</ele><time>2025-09-17T14:46:38Z</time></trkpt>
      <trkpt lat="48.686634" lon="1.921493"><ele>140.2</ele><time>2025-09-17T14:46:39Z</time></trkpt>
      <trkpt lat="48.686463" lon="1.921751"><ele>139.6</ele><time>2025-09-17T14:46:40Z</time></trkpt>
      <trkpt lat="48.686293" lon="1.921988"><ele>139.2</ele><time>2025-09-17T14:46:41Z</time></trkpt>
      <trkpt lat="48.686152" lon="1.922237"><ele>139.4</ele><time>2025-09-17T14:46:42Z</time></trkpt>
      <trkpt lat="48.686025" lon="1.922507"><ele>138.7</ele><time>2025-09-17T14:46:43Z</time></trkpt>
      <trkpt lat="48.685924" lon="1.922819"><ele>138.4</ele><time>2025-09-17T14:46:44Z</time></trkpt>
      <trkpt lat="48.685825" lon="1.923163"><ele>138.0</ele><time>2025-09-17T14:46:45Z</time></trkpt>
      <trkpt lat="48.685715" lon="1.923503"><ele>138.7</ele><time>2025-09-17T14:46:46Z</time></trkpt>
      <trkpt lat="48.685605" lon="1.923820"><ele>140.2</ele><time>2025-09-17T14:46:47Z</time></trkpt>
      <trkpt lat="48.685511" lon="1.924115"><ele>140.9</ele><time>2025-09-17T14:46:48Z</time></trkpt>
      <trkpt lat="48.685424" lon="1.924399"><ele>140.7</ele><time>2025-09-17T14:46:49Z</time></trkpt>
      <trkpt lat="48.685353" lon="1.924687"><ele>139.8</ele><time>2025-09-17T14:46:50Z</time></trkpt>
      <trkpt lat="48.685282" lon="1.924973"><ele>138.8</ele><time>2025-09-17T14:46:51Z</time></trkpt>
      <trkpt lat="48.685223" lon="1.925267"><ele>138.6</ele><time>2025-09-17T14:46:52Z</time></trkpt>
      <trkpt lat="48.685158" lon="1.925554"><ele>138.6</ele><time>2025-09-17T14:46:53Z</time></trkpt>
      <trkpt lat="48.685088" lon="1.925840"><ele>138.5</ele><time>2025-09-17T14:46:54Z</time></trkpt>
      <trkpt lat="48.684999" lon="1.926124"><ele>138.2</ele><time>2025-09-17T14:46:55Z</time></trkpt>
      <trkpt lat="48.684891" lon="1.926395"><ele>137.7</ele><time>2025-09-17T14:46:56Z</time></trkpt>
      <trkpt lat="48.684748" lon="1.926641"><ele>137.7</ele><time>2025-09-17T14:46:57Z</time></trkpt>
      <trkpt lat="48.684605" lon="1.926901"><ele>138.6</ele><time>2025-09-17T14:46:58Z</time></trkpt>
      <trkpt lat="48.684467" lon="1.927171"><ele>137.6</ele><time>2025-09-17T14:46:59Z</time></trkpt>
      <trkpt lat="48.684319" lon="1.927445"><ele>136.7</ele><time>2025-09-17T14:47:00Z</time></trkpt>
      <trkpt lat="48.684168" lon="1.927732"><ele>136.7</ele><time>2025-09-17T14:47:01Z</time></trkpt>
      <trkpt lat="48.684013" lon="1.928029"><ele>136.7</ele><time>2025-09-17T14:47:02Z</time></trkpt>
      <trkpt lat="48.683855" lon="1.928332"><ele>137.2</ele><time>2025-09-17T14:47:03Z</time></trkpt>
      <trkpt lat="48.683687" lon="1.928624"><ele>138.1</ele><time>2025-09-17T14:47:04Z</time></trkpt>
      <trkpt lat="48.683503" lon="1.928892"><ele>138.6</ele><time>2025-09-17T14:47:05Z</time></trkpt>
      <trkpt lat="48.683314" lon="1.929139"><ele>140.3</ele><time>2025-09-17T14:47:06Z</time></trkpt>
      <trkpt lat="48.683138" lon="1.929367"><ele>142.1</ele><time>2025-09-17T14:47:07Z</time></trkpt>
      <trkpt lat="48.682984" lon="1.929585"><ele>143.7</ele><time>2025-09-17T14:47:08Z</time></trkpt>
      <trkpt lat="48.682850" lon="1.929784"><ele>145.3</ele><time>2025-09-17T14:47:09Z</time></trkpt>
      <trkpt lat="48.682766" lon="1.929995"><ele>147.4</ele><time>2025-09-17T14:47:10Z</time></trkpt>
      <trkpt lat="48.682689" lon="1.930197"><ele>149.8</ele><time>2025-09-17T14:47:11Z</time></trkpt>
      <trkpt lat="48.682604" lon="1.930354"><ele>151.0</ele><time>2025-09-17T14:47:12Z</time></trkpt>
      <trkpt lat="48.682557" lon="1.930511"><ele>152.9</ele><time>2025-09-17T14:47:13Z</time></trkpt>
      <trkpt lat="48.682503" lon="1.930658"><ele>154.6</ele><time>2025-09-17T14:47:14Z</time></trkpt>
      <trkpt lat="48.682457" lon="1.930805"><ele>155.7</ele><time>2025-09-17T14:47:15Z</time></trkpt>
      <trkpt lat="48.682422" lon="1.930974"><ele>156.7</ele><time>2025-09-17T14:47:16Z</time></trkpt>
      <trkpt lat="48.682409" lon="1.931165"><ele>158.3</ele><time>2025-09-17T14:47:17Z</time></trkpt>
      <trkpt lat="48.682392" lon="1.931349"><ele>159.3</ele><time>2025-09-17T14:47:18Z</time></trkpt>
      <trkpt lat="48.682370" lon="1.931539"><ele>161.1</ele><time>2025-09-17T14:47:19Z</time></trkpt>
      <trkpt lat="48.682335" lon="1.931732"><ele>162.1</ele><time>2025-09-17T14:47:20Z</time></trkpt>
      <trkpt lat="48.682266" lon="1.931903"><ele>158.8</ele><time>2025-09-17T14:47:21Z</time></trkpt>
      <trkpt lat="48.682156" lon="1.932059"><ele>156.9</ele><time>2025-09-17T14:47:22Z</time></trkpt>
      <trkpt lat="48.682060" lon="1.932215"><ele>154.5</ele><time>2025-09-17T14:47:23Z</time></trkpt>
      <trkpt lat="48.681974" lon="1.932384"><ele>153.9</ele><time>2025-09-17T14:47:24Z</time></trkpt>
      <trkpt lat="48.681920" lon="1.932581"><ele>152.8</ele><time>2025-09-17T14:47:25Z</time></trkpt>
      <trkpt lat="48.681882" lon="1.932793"><ele>151.6</ele><time>2025-09-17T14:47:26Z</time></trkpt>
      <trkpt lat="48.681836" lon="1.932998"><ele>149.8</ele><time>2025-09-17T14:47:27Z</time></trkpt>
      <trkpt lat="48.681786" lon="1.933191"><ele>147.9</ele><time>2025-09-17T14:47:28Z</time></trkpt>
      <trkpt lat="48.681705" lon="1.933349"><ele>146.6</ele><time>2025-09-17T14:47:29Z</time></trkpt>
      <trkpt lat="48.681601" lon="1.933499"><ele>144.2</ele><time>2025-09-17T14:47:30Z</time></trkpt>
      <trkpt lat="48.681502" lon="1.933655"><ele>142.3</ele><time>2025-09-17T14:47:31Z</time></trkpt>
      <trkpt lat="48.681422" lon="1.933837"><ele>140.6</ele><time>2025-09-17T14:47:32Z</time></trkpt>
      <trkpt lat="48.681362" lon="1.934048"><ele>138.9</ele><time>2025-09-17T14:47:33Z</time></trkpt>
      <trkpt lat="48.681302" lon="1.934290"><ele>137.3</ele><time>2025-09-17T14:47:34Z</time></trkpt>
      <trkpt lat="48.681243" lon="1.934548"><ele>135.6</ele><time>2025-09-17T14:47:35Z</time></trkpt>
      <trkpt lat="48.681181" lon="1.934814"><ele>134.5</ele><time>2025-09-17T14:47:36Z</time></trkpt>
      <trkpt lat="48.681143" lon="1.935096"><ele>133.4</ele><time>2025-09-17T14:47:37Z</time></trkpt>
      <trkpt lat="48.681143" lon="1.935406"><ele>131.4</ele><time>2025-09-17T14:47:38Z</time></trkpt>
      <trkpt lat="48.681160" lon="1.935718"><ele>130.8</ele><time>2025-09-17T14:47:39Z</time></trkpt>
      <trkpt lat="48.681190" lon="1.936017"><ele>130.2</ele><time>2025-09-17T14:47:40Z</time></trkpt>
      <trkpt lat="48.681256" lon="1.936299"><ele>129.2</ele><time>2025-09-17T14:47:41Z</time></trkpt>
      <trkpt lat="48.681311" lon="1.936560"><ele>128.7</ele><time>2025-09-17T14:47:42Z</time></trkpt>
      <trkpt lat="48.681348" lon="1.936792"><ele>127.7</ele><time>2025-09-17T14:47:43Z</time></trkpt>
      <trkpt lat="48.681382" lon="1.937033"><ele>128.2</ele><time>2025-09-17T14:47:44Z</time></trkpt>
      <trkpt lat="48.681421" lon="1.937250"><ele>130.5</ele><time>2025-09-17T14:47:45Z</time></trkpt>
      <trkpt lat="48.681467" lon="1.937452"><ele>132.6</ele><time>2025-09-17T14:47:46Z</time></trkpt>
      <trkpt lat="48.681514" lon="1.937635"><ele>133.7</ele><time>2025-09-17T14:47:47Z</time></trkpt>
      <trkpt lat="48.681556" lon="1.937809"><ele>133.9</ele><time>2025-09-17T14:47:48Z</time></trkpt>
      <trkpt lat="48.681597" lon="1.937979"><ele>134.2</ele><time>2025-09-17T14:47:49Z</time></trkpt>
      <trkpt lat="48.681641" lon="1.938160"><ele>133.9</ele><time>2025-09-17T14:47:50Z</time></trkpt>
      <trkpt lat="48.681668" lon="1.938351"><ele>134.2</ele><time>2025-09-17T14:47:51Z</time></trkpt>
      <trkpt lat="48.681710" lon="1.938576"><ele>133.7</ele><time>2025-09-17T14:47:52Z</time></trkpt>
      <trkpt lat="48.681756" lon="1.938849"><ele>134.0</ele><time>2025-09-17T14:47:53Z</time></trkpt>
      <trkpt lat="48.681769" lon="1.939160"><ele>133.4</ele><time>2025-09-17T14:47:54Z</time></trkpt>
      <trkpt lat="48.681771" lon="1.939506"><ele>131.4</ele><time>2025-09-17T14:47:55Z</time></trkpt>
      <trkpt lat="48.681771" lon="1.939866"><ele>129.5</ele><time>2025-09-17T14:47:56Z</time></trkpt>
      <trkpt lat="48.681773" lon="1.940237"><ele>128.3</ele><time>2025-09-17T14:47:57Z</time></trkpt>
      <trkpt lat="48.681776" lon="1.940596"><ele>127.8</ele><time>2025-09-17T14:47:58Z</time></trkpt>
      <trkpt lat="48.681787" lon="1.940938"><ele>128.5</ele><time>2025-09-17T14:47:59Z</time></trkpt>
      <trkpt lat="48.681756" lon="1.941254"><ele>128.9</ele><time>2025-09-17T14:48:00Z</time></trkpt>
      <trkpt lat="48.681667" lon="1.941548"><ele>128.2</ele><time>2025-09-17T14:48:01Z</time></trkpt>
      <trkpt lat="48.681574" lon="1.941852"><ele>127.4</ele><time>2025-09-17T14:48:02Z</time></trkpt>
      <trkpt lat="48.681449" lon="1.942168"><ele>126.7</ele><time>2025-09-17T14:48:03Z</time></trkpt>
      <trkpt lat="48.681300" lon="1.942500"><ele>125.4</ele><time>2025-09-17T14:48:04Z</time></trkpt>
      <trkpt lat="48.681131" lon="1.942840"><ele>124.3</ele><time>2025-09-17T14:48:05Z</time></trkpt>
      <trkpt lat="48.680939" lon="1.943188"><ele>123.5</ele><time>2025-09-17T14:48:06Z</time></trkpt>
      <trkpt lat="48.680728" lon="1.943522"><ele>123.3</ele><time>2025-09-17T14:48:07Z</time></trkpt>
      <trkpt lat="48.680526" lon="1.943846"><ele>123.5</ele><time>2025-09-17T14:48:08Z</time></trkpt>
      <trkpt lat="48.680325" lon="1.944172"><ele>123.7</ele><time>2025-09-17T14:48:09Z</time></trkpt>
      <trkpt lat="48.680130" lon="1.944484"><ele>123.8</ele><time>2025-09-17T14:48:10Z</time></trkpt>
      <trkpt lat="48.679938" lon="1.944754"><ele>123.9</ele><time>2025-09-17T14:48:11Z</time></trkpt>
      <trkpt lat="48.679750" lon="1.945009"><ele>124.4</ele><time>2025-09-17T14:48:12Z</time></trkpt>
      <trkpt lat="48.679545" lon="1.945248"><ele>125.3</ele><time>2025-09-17T14:48:13Z</time></trkpt>
      <trkpt lat="48.679369" lon="1.945485"><ele>125.6</ele><time>2025-09-17T14:48:14Z</time></trkpt>
      <trkpt lat="48.679178" lon="1.945729"><ele>127.5</ele><time>2025-09-17T14:48:15Z</time></trkpt>
      <trkpt lat="48.679004" lon="1.945987"><ele>127.4</ele><time>2025-09-17T14:48:16Z</time></trkpt>
      <trkpt lat="48.678835" lon="1.946251"><ele>127.1</ele><time>2025-09-17T14:48:17Z</time></trkpt>
      <trkpt lat="48.678685" lon="1.946534"><ele>125.9</ele><time>2025-09-17T14:48:18Z</time></trkpt>
      <trkpt lat="48.678552" lon="1.946845"><ele>125.0</ele><time>2025-09-17T14:48:19Z</time></trkpt>
      <trkpt lat="48.678430" lon="1.947184"><ele>125.2</ele><time>2025-09-17T14:48:20Z</time></trkpt>
      <trkpt lat="48.678320" lon="1.947515"><ele>125.6</ele><time>2025-09-17T14:48:21Z</time></trkpt>
      <trkpt lat="48.678222" lon="1.947837"><ele>125.7</ele><time>2025-09-17T14:48:22Z</time></trkpt>
      <trkpt lat="48.678136" lon="1.948138"><ele>125.6</ele><time>2025-09-17T14:48:23Z</time></trkpt>
      <trkpt lat="48.678050" lon="1.948418"><ele>125.7</ele><time>2025-09-17T14:48:24Z</time></trkpt>
      <trkpt lat="48.677945" lon="1.948681"><ele>125.5</ele><time>2025-09-17T14:48:25Z</time></trkpt>
      <trkpt lat="48.677805" lon="1.948929"><ele>125.4</ele><time>2025-09-17T14:48:26Z</time></trkpt>
      <trkpt lat="48.677660" lon="1.949176"><ele>125.4</ele><time>2025-09-17T14:48:27Z</time></trkpt>
      <trkpt lat="48.677528" lon="1.949445"><ele>125.1</ele><time>2025-09-17T14:48:28Z</time></trkpt>
      <trkpt lat="48.677426" lon="1.949761"><ele>124.6</ele><time>2025-09-17T14:48:29Z</time></trkpt>
      <trkpt lat="48.677338" lon="1.950115"><ele>125.1</ele><time>2025-09-17T14:48:30Z</time></trkpt>
      <trkpt lat="48.677259" lon="1.950468"><ele>125.2</ele><time>2025-09-17T14:48:31Z</time></trkpt>
      <trkpt lat="48.677186" lon="1.950798"><ele>125.5</ele><time>2025-09-17T14:48:32Z</time></trkpt>
      <trkpt lat="48.677130" lon="1.951111"><ele>125.3</ele><time>2025-09-17T14:48:33Z</time></trkpt>
      <trkpt lat="48.677099" lon="1.951408"><ele>125.2</ele><time>2025-09-17T14:48:34Z</time></trkpt>
      <trkpt lat="48.677080" lon="1.951694"><ele>125.6</ele><time>2025-09-17T14:48:35Z</time></trkpt>
      <trkpt lat="48.677036" lon="1.951963"><ele>125.5</ele><time>2025-09-17T14:48:36Z</time></trkpt>
      <trkpt lat="48.676975" lon="1.952230"><ele>124.6</ele><time>2025-09-17T14:48:37Z</time></trkpt>
      <trkpt lat="48.676876" lon="1.952508"><ele>124.9</ele><time>2025-09-17T14:48:38Z</time></trkpt>
      <trkpt lat="48.676761" lon="1.952805"><ele>125.1</ele><time>2025-09-17T14:48:39Z</time></trkpt>
      <trkpt lat="48.676644" lon="1.953106"><ele>124.7</ele><time>2025-09-17T14:48:40Z</time></trkpt>
      <trkpt lat="48.676541" lon="1.953403"><ele>124.4</ele><time>2025-09-17T14:48:41Z</time></trkpt>
      <trkpt lat="48.676476" lon="1.953717"><ele>124.3</ele><time>2025-09-17T14:48:42Z</time></trkpt>
      <trkpt lat="48.676437" lon="1.954015"><ele>124.7</ele><time>2025-09-17T14:48:43Z</time></trkpt>
      <trkpt lat="48.676412" lon="1.954290"><ele>124.7</ele><time>2025-09-17T14:48:44Z</time></trkpt>
      <trkpt lat="48.676371" lon="1.954543"><ele>125.7</ele><time>2025-09-17T14:48:45Z</time></trkpt>
      <trkpt lat="48.676291" lon="1.954770"><ele>125.9</ele><time>2025-09-17T14:48:46Z</time></trkpt>
      <trkpt lat="48.676178" lon="1.954969"><ele>125.3</ele><time>2025-09-17T14:48:47Z</time></trkpt>
      <trkpt lat="48.676031" lon="1.955153"><ele>126.6</ele><time>2025-09-17T14:48:48Z</time></trkpt>
      <trkpt lat="48.675865" lon="1.955331"><ele>127.4</ele><time>2025-09-17T14:48:49Z</time></trkpt>
      <trkpt lat="48.675701" lon="1.955489"><ele>127.9</ele><time>2025-09-17T14:48:50Z</time></trkpt>
      <trkpt lat="48.675549" lon="1.955616"><ele>127.4</ele><time>2025-09-17T14:48:51Z</time></trkpt>
      <trkpt lat="48.675402" lon="1.955708"><ele>127.4</ele><time>2025-09-17T14:48:52Z</time></trkpt>
      <trkpt lat="48.675268" lon="1.955773"><ele>127.8</ele><time>2025-09-17T14:48:53Z</time></trkpt>
      <trkpt lat="48.675106" lon="1.955800"><ele>128.0</ele><time>2025-09-17T14:48:54Z</time></trkpt>
      <trkpt lat="48.674954" lon="1.955807"><ele>127.9</ele><time>2025-09-17T14:48:55Z</time></trkpt>
      <trkpt lat="48.674809" lon="1.955793"><ele>127.3</ele><time>2025-09-17T14:48:56Z</time></trkpt>
      <trkpt lat="48.674668" lon="1.955819"><ele>127.5</ele><time>2025-09-17T14:48:57Z</time></trkpt>
      <trkpt lat="48.674543" lon="1.955882"><ele>130.5</ele><time>2025-09-17T14:48:58Z</time></trkpt>
      <trkpt lat="48.674417" lon="1.955965"><ele>132.9</ele><time>2025-09-17T14:48:59Z</time></trkpt>
      <trkpt lat="48.674309" lon="1.956081"><ele>133.7</ele><time>2025-09-17T14:49:00Z</time></trkpt>
      <trkpt lat="48.674230" lon="1.956224"><ele>134.9</ele><time>2025-09-17T14:49:01Z</time></trkpt>
      <trkpt lat="48.674176" lon="1.956380"><ele>135.4</ele><time>2025-09-17T14:49:02Z</time></trkpt>
      <trkpt lat="48.674171" lon="1.956569"><ele>134.5</ele><time>2025-09-17T14:49:03Z</time></trkpt>
      <trkpt lat="48.674202" lon="1.956785"><ele>134.0</ele><time>2025-09-17T14:49:04Z</time></trkpt>
      <trkpt lat="48.674247" lon="1.956991"><ele>134.2</ele><time>2025-09-17T14:49:05Z</time></trkpt>
      <trkpt lat="48.674283" lon="1.957212"><ele>134.3</ele><time>2025-09-17T14:49:06Z</time></trkpt>
      <trkpt lat="48.674326" lon="1.957448"><ele>134.5</ele><time>2025-09-17T14:49:07Z</time></trkpt>
      <trkpt lat="48.674346" lon="1.957682"><ele>134.1</ele><time>2025-09-17T14:49:08Z</time></trkpt>
      <trkpt lat="48.674348" lon="1.957917"><ele>134.2</ele><time>2025-09-17T14:49:09Z</time></trkpt>
      <trkpt lat="48.674359" lon="1.958160"><ele>134.3</ele><time>2025-09-17T14:49:10Z</time></trkpt>
      <trkpt lat="48.674369" lon="1.958418"><ele>134.5</ele><time>2025-09-17T14:49:11Z</time></trkpt>
      <trkpt lat="48.674361" lon="1.958684"><ele>134.1</ele><time>2025-09-17T14:49:12Z</time></trkpt>
      <trkpt lat="48.674352" lon="1.958938"><ele>131.9</ele><time>2025-09-17T14:49:13Z</time></trkpt>
      <trkpt lat="48.674321" lon="1.959183"><ele>131.1</ele><time>2025-09-17T14:49:14Z</time></trkpt>
      <trkpt lat="48.674277" lon="1.959426"><ele>127.7</ele><time>2025-09-17T14:49:15Z</time></trkpt>
      <trkpt lat="48.674235" lon="1.959692"><ele>125.7</ele><time>2025-09-17T14:49:16Z</time></trkpt>
      <trkpt lat="48.674189" lon="1.959955"><ele>124.2</ele><time>2025-09-17T14:49:17Z</time></trkpt>
      <trkpt lat="48.674152" lon="1.960201"><ele>123.5</ele><time>2025-09-17T14:49:18Z</time></trkpt>
      <trkpt lat="48.674125" lon="1.960430"><ele>123.4</ele><time>2025-09-17T14:49:19Z</time></trkpt>
      <trkpt lat="48.674127" lon="1.960643"><ele>123.2</ele><time>2025-09-17T14:49:20Z</time></trkpt>
      <trkpt lat="48.674127" lon="1.960827"><ele>123.6</ele><time>2025-09-17T14:49:21Z</time></trkpt>
      <trkpt lat="48.674130" lon="1.960991"><ele>124.3</ele><time>2025-09-17T14:49:22Z</time></trkpt>
      <trkpt lat="48.674134" lon="1.961140"><ele>125.0</ele><time>2025-09-17T14:49:23Z</time></trkpt>
      <trkpt lat="48.674132" lon="1.961281"><ele>125.7</ele><time>2025-09-17T14:49:24Z</time></trkpt>
      <trkpt lat="48.674121" lon="1.961388"><ele>126.0</ele><time>2025-09-17T14:49:25Z</time></trkpt>
      <trkpt lat="48.674104" lon="1.961458"><ele>126.0</ele><time>2025-09-17T14:49:26Z</time></trkpt>
      <trkpt lat="48.674094" lon="1.961498"><ele>125.6</ele><time>2025-09-17T14:49:27Z</time></trkpt>
      <trkpt lat="48.674092" lon="1.961520"><ele>125.3</ele><time>2025-09-17T14:49:28Z</time></trkpt>
      <trkpt lat="48.674090" lon="1.961533"><ele>124.8</ele><time>2025-09-17T14:49:29Z</time></trkpt>
      <trkpt lat="48.674088" lon="1.961538"><ele>124.8</ele><time>2025-09-17T14:49:30Z</time></trkpt>
      <trkpt lat="48.674087" lon="1.961540"><ele>124.6</ele><time>2025-09-17T14:49:31Z</time></trkpt>
      <trkpt lat="48.674090" lon="1.961558"><ele>124.5</ele><time>2025-09-17T14:49:32Z</time></trkpt>
      <trkpt lat="48.674112" lon="1.961599"><ele>125.0</ele><time>2025-09-17T14:49:33Z</time></trkpt>
      <trkpt lat="48.674156" lon="1.961645"><ele>124.9</ele><time>2025-09-17T14:49:34Z</time></trkpt>
      <trkpt lat="48.674219" lon="1.961689"><ele>124.8</ele><time>2025-09-17T14:49:35Z</time></trkpt>
      <trkpt lat="48.674292" lon="1.961738"><ele>124.6</ele><time>2025-09-17T14:49:36Z</time></trkpt>
      <trkpt lat="48.674372" lon="1.961791"><ele>124.4</ele><time>2025-09-17T14:49:37Z</time></trkpt>
      <trkpt lat="48.674460" lon="1.961848"><ele>124.1</ele><time>2025-09-17T14:49:38Z</time></trkpt>
      <trkpt lat="48.674552" lon="1.961903"><ele>124.3</ele><time>2025-09-17T14:49:39Z</time></trkpt>
      <trkpt lat="48.674642" lon="1.961981"><ele>125.0</ele><time>2025-09-17T14:49:40Z</time></trkpt>
      <trkpt lat="48.674742" lon="1.962035"><ele>126.5</ele><time>2025-09-17T14:49:41Z</time></trkpt>
      <trkpt lat="48.674835" lon="1.962101"><ele>127.6</ele><time>2025-09-17T14:49:42Z</time></trkpt>
      <trkpt lat="48.674935" lon="1.962158"><ele>130.4</ele><time>2025-09-17T14:49:43Z</time></trkpt>
      <trkpt lat="48.675040" lon="1.962217"><ele>132.2</ele><time>2025-09-17T14:49:44Z</time></trkpt>
      <trkpt lat="48.675147" lon="1.962294"><ele>134.0</ele><time>2025-09-17T14:49:45Z</time></trkpt>
      <trkpt lat="48.675254" lon="1.962389"><ele>135.5</ele><time>2025-09-17T14:49:46Z</time></trkpt>
      <trkpt lat="48.675358" lon="1.962526"><ele>137.6</ele><time>2025-09-17T14:49:47Z</time></trkpt>
      <trkpt lat="48.675458" lon="1.962683"><ele>138.7</ele><time>2025-09-17T14:49:48Z</time></trkpt>
      <trkpt lat="48.675559" lon="1.962876"><ele>139.9</ele><time>2025-09-17T14:49:49Z</time></trkpt>
      <trkpt lat="48.675660" lon="1.963091"><ele>137.9</ele><time>2025-09-17T14:49:50Z</time></trkpt>
      <trkpt lat="48.675743" lon="1.963322"><ele>136.3</ele><time>2025-09-17T14:49:51Z</time></trkpt>
      <trkpt lat="48.675827" lon="1.963563"><ele>135.3</ele><time>2025-09-17T14:49:52Z</time></trkpt>
      <trkpt lat="48.675919" lon="1.963772"><ele>132.7</ele><time>2025-09-17T14:49:53Z</time></trkpt>
      <trkpt lat="48.676024" lon="1.963954"><ele>132.9</ele><time>2025-09-17T14:49:54Z</time></trkpt>
      <trkpt lat="48.676152" lon="1.964126"><ele>132.1</ele><time>2025-09-17T14:49:55Z</time></trkpt>
      <trkpt lat="48.676293" lon="1.964281"><ele>131.3</ele><time>2025-09-17T14:49:56Z</time></trkpt>
      <trkpt lat="48.676433" lon="1.964396"><ele>130.5</ele><time>2025-09-17T14:49:57Z</time></trkpt>
      <trkpt lat="48.676565" lon="1.964491"><ele>129.0</ele><time>2025-09-17T14:49:58Z</time></trkpt>
      <trkpt lat="48.676700" lon="1.964556"><ele>129.1</ele><time>2025-09-17T14:49:59Z</time></trkpt>
      <trkpt lat="48.676830" lon="1.964597"><ele>127.6</ele><time>2025-09-17T14:50:00Z</time></trkpt>
      <trkpt lat="48.676959" lon="1.964625"><ele>125.4</ele><time>2025-09-17T14:50:01Z</time></trkpt>
      <trkpt lat="48.677083" lon="1.964672"><ele>123.9</ele><time>2025-09-17T14:50:02Z</time></trkpt>
      <trkpt lat="48.677194" lon="1.964734"><ele>123.7</ele><time>2025-09-17T14:50:03Z</time></trkpt>
      <trkpt lat="48.677295" lon="1.964797"><ele>124.4</ele><time>2025-09-17T14:50:04Z</time></trkpt>
      <trkpt lat="48.677389" lon="1.964861"><ele>124.7</ele><time>2025-09-17T14:50:05Z</time></trkpt>
      <trkpt lat="48.677478" lon="1.964919"><ele>125.7</ele><time>2025-09-17T14:50:06Z</time></trkpt>
      <trkpt lat="48.677580" lon="1.964982"><ele>126.3</ele><time>2025-09-17T14:50:07Z</time></trkpt>
      <trkpt lat="48.677696" lon="1.965058"><ele>127.2</ele><time>2025-09-17T14:50:08Z</time></trkpt>
      <trkpt lat="48.677817" lon="1.965152"><ele>128.6</ele><time>2025-09-17T14:50:09Z</time></trkpt>
      <trkpt lat="48.677942" lon="1.965229"><ele>129.3</ele><time>2025-09-17T14:50:10Z</time></trkpt>
      <trkpt lat="48.678067" lon="1.965326"><ele>130.6</ele><time>2025-09-17T14:50:11Z</time></trkpt>
      <trkpt lat="48.678173" lon="1.965434"><ele>131.8</ele><time>2025-09-17T14:50:12Z</time></trkpt>
      <trkpt lat="48.678292" lon="1.965511"><ele>137.6</ele><time>2025-09-17T14:50:13Z</time></trkpt>
      <trkpt lat="48.678399" lon="1.965568"><ele>140.0</ele><time>2025-09-17T14:50:14Z</time></trkpt>
      <trkpt lat="48.678505" lon="1.965643"><ele>143.4</ele><time>2025-09-17T14:50:15Z</time></trkpt>
      <trkpt lat="48.678604" lon="1.965718"><ele>144.9</ele><time>2025-09-17T14:50:16Z</time></trkpt>
      <trkpt lat="48.678710" lon="1.965824"><ele>146.7</ele><time>2025-09-17T14:50:17Z</time></trkpt>
      <trkpt lat="48.678810" lon="1.965890"><ele>142.4</ele><time>2025-09-17T14:50:18Z</time></trkpt>
      <trkpt lat="48.678899" lon="1.965944"><ele>139.9</ele><time>2025-09-17T14:50:19Z</time></trkpt>
      <trkpt lat="48.678993" lon="1.965973"><ele>139.9</ele><time>2025-09-17T14:50:20Z</time></trkpt>
      <trkpt lat="48.679077" lon="1.966007"><ele>138.7</ele><time>2025-09-17T14:50:21Z</time></trkpt>
      <trkpt lat="48.679159" lon="1.966033"><ele>138.6</ele><time>2025-09-17T14:50:22Z</time></trkpt>
      <trkpt lat="48.679225" lon="1.966039"><ele>139.4</ele><time>2025-09-17T14:50:23Z</time></trkpt>
      <trkpt lat="48.679318" lon="1.966067"><ele>140.5</ele><time>2025-09-17T14:50:24Z</time></trkpt>
      <trkpt lat="48.679418" lon="1.966082"><ele>139.6</ele><time>2025-09-17T14:50:25Z</time></trkpt>
      <trkpt lat="48.679529" lon="1.966093"><ele>139.8</ele><time>2025-09-17T14:50:26Z</time></trkpt>
      <trkpt lat="48.679650" lon="1.966106"><ele>138.1</ele><time>2025-09-17T14:50:27Z</time></trkpt>
      <trkpt lat="48.679757" lon="1.966123"><ele>134.2</ele><time>2025-09-17T14:50:28Z</time></trkpt>
      <trkpt lat="48.679860" lon="1.966130"><ele>132.6</ele><time>2025-09-17T14:50:29Z</time></trkpt>
      <trkpt lat="48.679954" lon="1.966131"><ele>131.2</ele><time>2025-09-17T14:50:30Z</time></trkpt>
      <trkpt lat="48.680046" lon="1.966086"><ele>131.1</ele><time>2025-09-17T14:50:31Z</time></trkpt>
      <trkpt lat="48.680106" lon="1.966013"><ele>130.3</ele><time>2025-09-17T14:50:32Z</time></trkpt>
      <trkpt lat="48.680195" lon="1.965894"><ele>135.2</ele><time>2025-09-17T14:50:33Z</time></trkpt>
      <trkpt lat="48.680287" lon="1.965745"><ele>131.9</ele><time>2025-09-17T14:50:34Z</time></trkpt>
      <trkpt lat="48.680362" lon="1.965581"><ele>123.8</ele><time>2025-09-17T14:50:35Z</time></trkpt>
      <trkpt lat="48.680422" lon="1.965418"><ele>117.0</ele><time>2025-09-17T14:50:36Z</time></trkpt>
      <trkpt lat="48.680484" lon="1.965275"><ele>113.3</ele><time>2025-09-17T14:50:37Z</time></trkpt>
      <trkpt lat="48.680564" lon="1.965163"><ele>111.9</ele><time>2025-09-17T14:50:38Z</time></trkpt>
      <trkpt lat="48.680670" lon="1.965096"><ele>111.2</ele><time>2025-09-17T14:50:39Z</time></trkpt>
      <trkpt lat="48.680805" lon="1.965072"><ele>110.9</ele><time>2025-09-17T14:50:40Z</time></trkpt>
      <trkpt lat="48.680970" lon="1.965089"><ele>110.9</ele><time>2025-09-17T14:50:41Z</time></trkpt>
      <trkpt lat="48.681147" lon="1.965133"><ele>111.1</ele><time>2025-09-17T14:50:42Z</time></trkpt>
      <trkpt lat="48.681331" lon="1.965172"><ele>111.5</ele><time>2025-09-17T14:50:43Z</time></trkpt>
      <trkpt lat="48.681513" lon="1.965180"><ele>112.0</ele><time>2025-09-17T14:50:44Z</time></trkpt>
      <trkpt lat="48.681675" lon="1.965206"><ele>112.5</ele><time>2025-09-17T14:50:45Z</time></trkpt>
      <trkpt lat="48.681825" lon="1.965269"><ele>112.8</ele><time>2025-09-17T14:50:46Z</time></trkpt>
      <trkpt lat="48.681967" lon="1.965376"><ele>113.5</ele><time>2025-09-17T14:50:47Z</time></trkpt>
      <trkpt lat="48.682103" lon="1.965480"><ele>112.8</ele><time>2025-09-17T14:50:48Z</time></trkpt>
      <trkpt lat="48.682251" lon="1.965549"><ele>113.7</ele><time>2025-09-17T14:50:49Z</time></trkpt>
      <trkpt lat="48.682393" lon="1.965608"><ele>113.6</ele><time>2025-09-17T14:50:50Z</time></trkpt>
      <trkpt lat="48.682519" lon="1.965675"><ele>113.1</ele><time>2025-09-17T14:50:51Z</time></trkpt>
      <trkpt lat="48.682615" lon="1.965809"><ele>114.0</ele><time>2025-09-17T14:50:52Z</time></trkpt>
      <trkpt lat="48.682683" lon="1.965998"><ele>113.5</ele><time>2025-09-17T14:50:53Z</time></trkpt>
      <trkpt lat="48.682722" lon="1.966248"><ele>114.0</ele><time>2025-09-17T14:50:54Z</time></trkpt>
      <trkpt lat="48.682747" lon="1.966543"><ele>113.6</ele><time>2025-09-17T14:50:55Z</time></trkpt>
      <trkpt lat="48.682775" lon="1.966841"><ele>113.3</ele><time>2025-09-17T14:50:56Z</time></trkpt>
      <trkpt lat="48.682843" lon="1.967160"><ele>111.6</ele><time>2025-09-17T14:50:57Z</time></trkpt>
      <trkpt lat="48.682942" lon="1.967502"><ele>110.7</ele><time>2025-09-17T14:50:58Z</time></trkpt>
      <trkpt lat="48.683057" lon="1.967846"><ele>110.3</ele><time>2025-09-17T14:50:59Z</time></trkpt>
      <trkpt lat="48.683174" lon="1.968163"><ele>110.4</ele><time>2025-09-17T14:51:00Z</time></trkpt>
      <trkpt lat="48.683287" lon="1.968459"><ele>110.3</ele><time>2025-09-17T14:51:01Z</time></trkpt>
      <trkpt lat="48.683389" lon="1.968739"><ele>109.8</ele><time>2025-09-17T14:51:02Z</time></trkpt>
      <trkpt lat="48.683473" lon="1.968998"><ele>108.6</ele><time>2025-09-17T14:51:03Z</time></trkpt>
      <trkpt lat="48.683556" lon="1.969240"><ele>108.3</ele><time>2025-09-17T14:51:04Z</time></trkpt>
      <trkpt lat="48.683638" lon="1.969470"><ele>106.3</ele><time>2025-09-17T14:51:05Z</time></trkpt>
      <trkpt lat="48.683732" lon="1.969680"><ele>106.5</ele><time>2025-09-17T14:51:06Z</time></trkpt>
      <trkpt lat="48.683842" lon="1.969860"><ele>105.4</ele><time>2025-09-17T14:51:07Z</time></trkpt>
      <trkpt lat="48.683981" lon="1.970007"><ele>105.0</ele><time>2025-09-17T14:51:08Z</time></trkpt>
      <trkpt lat="48.684149" lon="1.970119"><ele>104.9</ele><time>2025-09-17T14:51:09Z</time></trkpt>
      <trkpt lat="48.684329" lon="1.970206"><ele>104.8</ele><time>2025-09-17T14:51:10Z</time></trkpt>
      <trkpt lat="48.684514" lon="1.970279"><ele>105.2</ele><time>2025-09-17T14:51:11Z</time></trkpt>
      <trkpt lat="48.684699" lon="1.970354"><ele>105.5</ele><time>2025-09-17T14:51:12Z</time></trkpt>
      <trkpt lat="48.684882" lon="1.970429"><ele>105.7</ele><time>2025-09-17T14:51:13Z</time></trkpt>
      <trkpt lat="48.685064" lon="1.970502"><ele>106.1</ele><time>2025-09-17T14:51:14Z</time></trkpt>
      <trkpt lat="48.685246" lon="1.970572"><ele>106.3</ele><time>2025-09-17T14:51:15Z</time></trkpt>
      <trkpt lat="48.685427" lon="1.970641"><ele>106.5</ele><time>2025-09-17T14:51:16Z</time></trkpt>
      <trkpt lat="48.685605" lon="1.970710"><ele>106.6</ele><time>2025-09-17T14:51:17Z</time></trkpt>
      <trkpt lat="48.685781" lon="1.970777"><ele>106.5</ele><time>2025-09-17T14:51:18Z</time></trkpt>
      <trkpt lat="48.685953" lon="1.970843"><ele>106.5</ele><time>2025-09-17T14:51:19Z</time></trkpt>
      <trkpt lat="48.686121" lon="1.970908"><ele>106.3</ele><time>2025-09-17T14:51:20Z</time></trkpt>
      <trkpt lat="48.686287" lon="1.970970"><ele>106.2</ele><time>2025-09-17T14:51:21Z</time></trkpt>
      <trkpt lat="48.686450" lon="1.971034"><ele>106.3</ele><time>2025-09-17T14:51:22Z</time></trkpt>
      <trkpt lat="48.686602" lon="1.971103"><ele>106.5</ele><time>2025-09-17T14:51:23Z</time></trkpt>
      <trkpt lat="48.686742" lon="1.971189"><ele>106.6</ele><time>2025-09-17T14:51:24Z</time></trkpt>
      <trkpt lat="48.686873" lon="1.971295"><ele>106.7</ele><time>2025-09-17T14:51:25Z</time></trkpt>
      <trkpt lat="48.686997" lon="1.971415"><ele>106.7</ele><time>2025-09-17T14:51:26Z</time></trkpt>
      <trkpt lat="48.687112" lon="1.971536"><ele>107.1</ele><time>2025-09-17T14:51:27Z</time></trkpt>
      <trkpt lat="48.687215" lon="1.971643"><ele>107.8</ele><time>2025-09-17T14:51:28Z</time></trkpt>
      <trkpt lat="48.687307" lon="1.971742"><ele>108.8</ele><time>2025-09-17T14:51:29Z</time></trkpt>
      <trkpt lat="48.687387" lon="1.971831"><ele>110.2</ele><time>2025-09-17T14:51:30Z</time></trkpt>
      <trkpt lat="48.687459" lon="1.971908"><ele>111.9</ele><time>2025-09-17T14:51:31Z</time></trkpt>
      <trkpt lat="48.687517" lon="1.971986"><ele>113.6</ele><time>2025-09-17T14:51:32Z</time></trkpt>
      <trkpt lat="48.687563" lon="1.972060"><ele>115.5</ele><time>2025-09-17T14:51:33Z</time></trkpt>
      <trkpt lat="48.687610" lon="1.972131"><ele>118.7</ele><time>2025-09-17T14:51:34Z</time></trkpt>
      <trkpt lat="48.687658" lon="1.972193"><ele>119.6</ele><time>2025-09-17T14:51:35Z</time></trkpt>
      <trkpt lat="48.687705" lon="1.972249"><ele>118.3</ele><time>2025-09-17T14:51:36Z</time></trkpt>
      <trkpt lat="48.687756" lon="1.972301"><ele>118.0</ele><time>2025-09-17T14:51:37Z</time></trkpt>
      <trkpt lat="48.687809" lon="1.972344"><ele>118.7</ele><time>2025-09-17T14:51:38Z</time></trkpt>
      <trkpt lat="48.687865" lon="1.972382"><ele>119.2</ele><time>2025-09-17T14:51:39Z</time></trkpt>
      <trkpt lat="48.687925" lon="1.972414"><ele>119.1</ele><time>2025-09-17T14:51:40Z</time></trkpt>
      <trkpt lat="48.687991" lon="1.972445"><ele>118.8</ele><time>2025-09-17T14:51:41Z</time></trkpt>
      <trkpt lat="48.688065" lon="1.972479"><ele>118.8</ele><time>2025-09-17T14:51:42Z</time></trkpt>
      <trkpt lat="48.688144" lon="1.972519"><ele>118.6</ele><time>2025-09-17T14:51:43Z</time></trkpt>
      <trkpt lat="48.688228" lon="1.972565"><ele>118.6</ele><time>2025-09-17T14:51:44Z</time></trkpt>
      <trkpt lat="48.688313" lon="1.972627"><ele>118.8</ele><time>2025-09-17T14:51:45Z</time></trkpt>
      <trkpt lat="48.688401" lon="1.972694"><ele>118.9</ele><time>2025-09-17T14:51:46Z</time></trkpt>
      <trkpt lat="48.688492" lon="1.972764"><ele>119.1</ele><time>2025-09-17T14:51:47Z</time></trkpt>
      <trkpt lat="48.688585" lon="1.972837"><ele>118.7</ele><time>2025-09-17T14:51:48Z</time></trkpt>
      <trkpt lat="48.688676" lon="1.972912"><ele>118.5</ele><time>2025-09-17T14:51:49Z</time></trkpt>
      <trkpt lat="48.688769" lon="1.972986"><ele>118.8</ele><time>2025-09-17T14:51:50Z</time></trkpt>
      <trkpt lat="48.688864" lon="1.973059"><ele>119.2</ele><time>2025-09-17T14:51:51Z</time></trkpt>
      <trkpt lat="48.688952" lon="1.973131"><ele>118.3</ele><time>2025-09-17T14:51:52Z</time></trkpt>
      <trkpt lat="48.689033" lon="1.973195"><ele>118.2</ele><time>2025-09-17T14:51:53Z</time></trkpt>
      <trkpt lat="48.689111" lon="1.973253"><ele>118.4</ele><time>2025-09-17T14:51:54Z</time></trkpt>
      <trkpt lat="48.689187" lon="1.973313"><ele>118.1</ele><time>2025-09-17T14:51:55Z</time></trkpt>
      <trkpt lat="48.689262" lon="1.973372"><ele>117.9</ele><time>2025-09-17T14:51:56Z</time></trkpt>
      <trkpt lat="48.689340" lon="1.973429"><ele>117.6</ele><time>2025-09-17T14:51:57Z</time></trkpt>
      <trkpt lat="48.689427" lon="1.973492"><ele>116.7</ele><time>2025-09-17T14:51:58Z</time></trkpt>
      <trkpt lat="48.689535" lon="1.973570"><ele>116.3</ele><time>2025-09-17T14:51:59Z</time></trkpt>
      <trkpt lat="48.689670" lon="1.973675"><ele>116.2</ele><time>2025-09-17T14:52:00Z</time></trkpt>
      <trkpt lat="48.689805" lon="1.973782"><ele>115.6</ele><time>2025-09-17T14:52:01Z</time></trkpt>
      <trkpt lat="48.689936" lon="1.973883"><ele>114.8</ele><time>2025-09-17T14:52:02Z</time></trkpt>
      <trkpt lat="48.690063" lon="1.973975"><ele>113.9</ele><time>2025-09-17T14:52:03Z</time></trkpt>
      <trkpt lat="48.690181" lon="1.974069"><ele>113.4</ele><time>2025-09-17T14:52:04Z</time></trkpt>
      <trkpt lat="48.690293" lon="1.974163"><ele>113.1</ele><time>2025-09-17T14:52:05Z</time></trkpt>
      <trkpt lat="48.690400" lon="1.974253"><ele>113.3</ele><time>2025-09-17T14:52:06Z</time></trkpt>
      <trkpt lat="48.690498" lon="1.974336"><ele>113.0</ele><time>2025-09-17T14:52:07Z</time></trkpt>
      <trkpt lat="48.690594" lon="1.974409"><ele>112.6</ele><time>2025-09-17T14:52:08Z</time></trkpt>
      <trkpt lat="48.690708" lon="1.974473"><ele>112.3</ele><time>2025-09-17T14:52:09Z</time></trkpt>
      <trkpt lat="48.690857" lon="1.974531"><ele>112.3</ele><time>2025-09-17T14:52:10Z</time></trkpt>
      <trkpt lat="48.691035" lon="1.974603"><ele>112.3</ele><time>2025-09-17T14:52:11Z</time></trkpt>
      <trkpt lat="48.691230" lon="1.974699"><ele>112.2</ele><time>2025-09-17T14:52:12Z</time></trkpt>
      <trkpt lat="48.691430" lon="1.974805"><ele>112.7</ele><time>2025-09-17T14:52:13Z</time></trkpt>
      <trkpt lat="48.691634" lon="1.974916"><ele>112.9</ele><time>2025-09-17T14:52:14Z</time></trkpt>
      <trkpt lat="48.691858" lon="1.975042"><ele>113.0</ele><time>2025-09-17T14:52:15Z</time></trkpt>
      <trkpt lat="48.692099" lon="1.975176"><ele>112.3</ele><time>2025-09-17T14:52:16Z</time></trkpt>
      <trkpt lat="48.692355" lon="1.975317"><ele>111.4</ele><time>2025-09-17T14:52:17Z</time></trkpt>
      <trkpt lat="48.692621" lon="1.975467"><ele>111.1</ele><time>2025-09-17T14:52:18Z</time></trkpt>
      <trkpt lat="48.692882" lon="1.975613"><ele>111.1</ele><time>2025-09-17T14:52:19Z</time></trkpt>
      <trkpt lat="48.693128" lon="1.975755"><ele>111.0</ele><time>2025-09-17T14:52:20Z</time></trkpt>
      <trkpt lat="48.693357" lon="1.975883"><ele>110.7</ele><time>2025-09-17T14:52:21Z</time></trkpt>
      <trkpt lat="48.693575" lon="1.976005"><ele>110.8</ele><time>2025-09-17T14:52:22Z</time></trkpt>
      <trkpt lat="48.693786" lon="1.976128"><ele>110.8</ele><time>2025-09-17T14:52:23Z</time></trkpt>
      <trkpt lat="48.693992" lon="1.976252"><ele>110.8</ele><time>2025-09-17T14:52:24Z</time></trkpt>
      <trkpt lat="48.694196" lon="1.976379"><ele>110.8</ele><time>2025-09-17T14:52:25Z</time></trkpt>
      <trkpt lat="48.694400" lon="1.976510"><ele>111.1</ele><time>2025-09-17T14:52:26Z</time></trkpt>
      <trkpt lat="48.694604" lon="1.976642"><ele>111.4</ele><time>2025-09-17T14:52:27Z</time></trkpt>
      <trkpt lat="48.694811" lon="1.976782"><ele>112.2</ele><time>2025-09-17T14:52:28Z</time></trkpt>
      <trkpt lat="48.695016" lon="1.976925"><ele>112.2</ele><time>2025-09-17T14:52:29Z</time></trkpt>
      <trkpt lat="48.695218" lon="1.977060"><ele>111.9</ele><time>2025-09-17T14:52:30Z</time></trkpt>
      <trkpt lat="48.695418" lon="1.977191"><ele>111.9</ele><time>2025-09-17T14:52:31Z</time></trkpt>
      <trkpt lat="48.695616" lon="1.977324"><ele>111.8</ele><time>2025-09-17T14:52:32Z</time></trkpt>
      <trkpt lat="48.695814" lon="1.977456"><ele>111.5</ele><time>2025-09-17T14:52:33Z</time></trkpt>
      <trkpt lat="48.696011" lon="1.977588"><ele>111.3</ele><time>2025-09-17T14:52:34Z</time></trkpt>
      <trkpt lat="48.696205" lon="1.977716"><ele>111.1</ele><time>2025-09-17T14:52:35Z</time></trkpt>
      <trkpt lat="48.696393" lon="1.977841"><ele>110.8</ele><time>2025-09-17T14:52:36Z</time></trkpt>
      <trkpt lat="48.696571" lon="1.977962"><ele>110.2</ele><time>2025-09-17T14:52:37Z</time></trkpt>
      <trkpt lat="48.696743" lon="1.978082"><ele>109.5</ele><time>2025-09-17T14:52:38Z</time></trkpt>
      <trkpt lat="48.696912" lon="1.978199"><ele>109.0</ele><time>2025-09-17T14:52:39Z</time></trkpt>
      <trkpt lat="48.697079" lon="1.978316"><ele>108.3</ele><time>2025-09-17T14:52:40Z</time></trkpt>
      <trkpt lat="48.697241" lon="1.978433"><ele>107.5</ele><time>2025-09-17T14:52:41Z</time></trkpt>
      <trkpt lat="48.697400" lon="1.978545"><ele>106.9</ele><time>2025-09-17T14:52:42Z</time></trkpt>
      <trkpt lat="48.697552" lon="1.978650"><ele>106.0</ele><time>2025-09-17T14:52:43Z</time></trkpt>
      <trkpt lat="48.697703" lon="1.978750"><ele>105.7</ele><time>2025-09-17T14:52:44Z</time></trkpt>
      <trkpt lat="48.697852" lon="1.978852"><ele>105.4</ele><time>2025-09-17T14:52:45Z</time></trkpt>
      <trkpt lat="48.698007" lon="1.978951"><ele>105.2</ele><time>2025-09-17T14:52:46Z</time></trkpt>
      <trkpt lat="48.698169" lon="1.979052"><ele>104.7</ele><time>2025-09-17T14:52:47Z</time></trkpt>
      <trkpt lat="48.698328" lon="1.979153"><ele>103.8</ele><time>2025-09-17T14:52:48Z</time></trkpt>
      <trkpt lat="48.698479" lon="1.979250"><ele>103.7</ele><time>2025-09-17T14:52:49Z</time></trkpt>
      <trkpt lat="48.698624" lon="1.979344"><ele>103.3</ele><time>2025-09-17T14:52:50Z</time></trkpt>
      <trkpt lat="48.698760" lon="1.979433"><ele>102.5</ele><time>2025-09-17T14:52:51Z</time></trkpt>
      <trkpt lat="48.698886" lon="1.979520"><ele>102.0</ele><time>2025-09-17T14:52:52Z</time></trkpt>
      <trkpt lat="48.698998" lon="1.979601"><ele>101.2</ele><time>2025-09-17T14:52:53Z</time></trkpt>
      <trkpt lat="48.699092" lon="1.979670"><ele>100.5</ele><time>2025-09-17T14:52:54Z</time></trkpt>
      <trkpt lat="48.699172" lon="1.979732"><ele>100.4</ele><time>2025-09-17T14:52:55Z</time></trkpt>
      <trkpt lat="48.699241" lon="1.979788"><ele>100.3</ele><time>2025-09-17T14:52:56Z</time></trkpt>
      <trkpt lat="48.699307" lon="1.979839"><ele>100.2</ele><time>2025-09-17T14:52:57Z</time></trkpt>
      <trkpt lat="48.699376" lon="1.979886"><ele>100.4</ele><time>2025-09-17T14:52:58Z</time></trkpt>
      <trkpt lat="48.699458" lon="1.979939"><ele>100.1</ele><time>2025-09-17T14:52:59Z</time></trkpt>
      <trkpt lat="48.699556" lon="1.980001"><ele>100.4</ele><time>2025-09-17T14:53:00Z</time></trkpt>
      <trkpt lat="48.699673" lon="1.980072"><ele>100.0</ele><time>2025-09-17T14:53:01Z</time></trkpt>
      <trkpt lat="48.699801" lon="1.980149"><ele>99.7</ele><time>2025-09-17T14:53:02Z</time></trkpt>
      <trkpt lat="48.699936" lon="1.980231"><ele>99.5</ele><time>2025-09-17T14:53:03Z</time></trkpt>
      <trkpt lat="48.700069" lon="1.980316"><ele>99.3</ele><time>2025-09-17T14:53:04Z</time></trkpt>
      <trkpt lat="48.700194" lon="1.980396"><ele>99.2</ele><time>2025-09-17T14:53:05Z</time></trkpt>
      <trkpt lat="48.700311" lon="1.980475"><ele>98.6</ele><time>2025-09-17T14:53:06Z</time></trkpt>
      <trkpt lat="48.700424" lon="1.980551"><ele>98.1</ele><time>2025-09-17T14:53:07Z</time></trkpt>
      <trkpt lat="48.700530" lon="1.980637"><ele>97.3</ele><time>2025-09-17T14:53:08Z</time></trkpt>
      <trkpt lat="48.700633" lon="1.980719"><ele>97.4</ele><time>2025-09-17T14:53:09Z</time></trkpt>
      <trkpt lat="48.700729" lon="1.980806"><ele>98.1</ele><time>2025-09-17T14:53:10Z</time></trkpt>
      <trkpt lat="48.700831" lon="1.980869"><ele>99.2</ele><time>2025-09-17T14:53:11Z</time></trkpt>
      <trkpt lat="48.700924" lon="1.980930"><ele>98.3</ele><time>2025-09-17T14:53:12Z</time></trkpt>
      <trkpt lat="48.701015" lon="1.980981"><ele>97.8</ele><time>2025-09-17T14:53:13Z</time></trkpt>
      <trkpt lat="48.701107" lon="1.981039"><ele>97.6</ele><time>2025-09-17T14:53:14Z</time></trkpt>
      <trkpt lat="48.701209" lon="1.981105"><ele>97.7</ele><time>2025-09-17T14:53:15Z</time></trkpt>
      <trkpt lat="48.701319" lon="1.981184"><ele>97.7</ele><time>2025-09-17T14:53:16Z</time></trkpt>
      <trkpt lat="48.701435" lon="1.981259"><ele>98.4</ele><time>2025-09-17T14:53:17Z</time></trkpt>
      <trkpt lat="48.701556" lon="1.981342"><ele>98.6</ele><time>2025-09-17T14:53:18Z</time></trkpt>
      <trkpt lat="48.701677" lon="1.981439"><ele>98.8</ele><time>2025-09-17T14:53:19Z</time></trkpt>
      <trkpt lat="48.701794" lon="1.981555"><ele>99.2</ele><time>2025-09-17T14:53:20Z</time></trkpt>
      <trkpt lat="48.701906" lon="1.981694"><ele>99.6</ele><time>2025-09-17T14:53:21Z</time></trkpt>
      <trkpt lat="48.702010" lon="1.981850"><ele>99.8</ele><time>2025-09-17T14:53:22Z</time></trkpt>
      <trkpt lat="48.702117" lon="1.982016"><ele>100.7</ele><time>2025-09-17T14:53:23Z</time></trkpt>
      <trkpt lat="48.702218" lon="1.982181"><ele>100.7</ele><time>2025-09-17T14:53:24Z</time></trkpt>
      <trkpt lat="48.702314" lon="1.982339"><ele>101.0</ele><time>2025-09-17T14:53:25Z</time></trkpt>
      <trkpt lat="48.702406" lon="1.982491"><ele>100.3</ele><time>2025-09-17T14:53:26Z</time></trkpt>
      <trkpt lat="48.702496" lon="1.982637"><ele>99.5</ele><time>2025-09-17T14:53:27Z</time></trkpt>
      <trkpt lat="48.702587" lon="1.982785"><ele>98.9</ele><time>2025-09-17T14:53:28Z</time></trkpt>
      <trkpt lat="48.702677" lon="1.982934"><ele>98.0</ele><time>2025-09-17T14:53:29Z</time></trkpt>
      <trkpt lat="48.702768" lon="1.983085"><ele>97.9</ele><time>2025-09-17T14:53:30Z</time></trkpt>
      <trkpt lat="48.702859" lon="1.983232"><ele>97.9</ele><time>2025-09-17T14:53:31Z</time></trkpt>
      <trkpt lat="48.702944" lon="1.983373"><ele>97.5</ele><time>2025-09-17T14:53:32Z</time></trkpt>
      <trkpt lat="48.703022" lon="1.983507"><ele>97.2</ele><time>2025-09-17T14:53:33Z</time></trkpt>
      <trkpt lat="48.703097" lon="1.983637"><ele>96.9</ele><time>2025-09-17T14:53:34Z</time></trkpt>
      <trkpt lat="48.703175" lon="1.983754"><ele>96.9</ele><time>2025-09-17T14:53:35Z</time></trkpt>
      <trkpt lat="48.703249" lon="1.983858"><ele>96.8</ele><time>2025-09-17T14:53:36Z</time></trkpt>
      <trkpt lat="48.703320" lon="1.983947"><ele>96.4</ele><time>2025-09-17T14:53:37Z</time></trkpt>
      <trkpt lat="48.703389" lon="1.984021"><ele>96.4</ele><time>2025-09-17T14:53:38Z</time></trkpt>
      <trkpt lat="48.703458" lon="1.984087"><ele>96.3</ele><time>2025-09-17T14:53:39Z</time></trkpt>
      <trkpt lat="48.703526" lon="1.984148"><ele>96.3</ele><time>2025-09-17T14:53:40Z</time></trkpt>
      <trkpt lat="48.703596" lon="1.984209"><ele>96.0</ele><time>2025-09-17T14:53:41Z</time></trkpt>
      <trkpt lat="48.703664" lon="1.984267"><ele>96.0</ele><time>2025-09-17T14:53:42Z</time></trkpt>
      <trkpt lat="48.703744" lon="1.984328"><ele>96.8</ele><time>2025-09-17T14:53:43Z</time></trkpt>
      <trkpt lat="48.703831" lon="1.984395"><ele>96.6</ele><time>2025-09-17T14:53:44Z</time></trkpt>
      <trkpt lat="48.703921" lon="1.984462"><ele>96.3</ele><time>2025-09-17T14:53:45Z</time></trkpt>
      <trkpt lat="48.704013" lon="1.984532"><ele>96.1</ele><time>2025-09-17T14:53:46Z</time></trkpt>
      <trkpt lat="48.704099" lon="1.984611"><ele>95.9</ele><time>2025-09-17T14:53:47Z</time></trkpt>
      <trkpt lat="48.704179" lon="1.984700"><ele>96.2</ele><time>2025-09-17T14:53:48Z</time></trkpt>
      <trkpt lat="48.704249" lon="1.984810"><ele>96.0</ele><time>2025-09-17T14:53:49Z</time></trkpt>
      <trkpt lat="48.704314" lon="1.984927"><ele>95.7</ele><time>2025-09-17T14:53:50Z</time></trkpt>
      <trkpt lat="48.704375" lon="1.985048"><ele>95.9</ele><time>2025-09-17T14:53:51Z</time></trkpt>
      <trkpt lat="48.704428" lon="1.985168"><ele>95.9</ele><time>2025-09-17T14:53:52Z</time></trkpt>
      <trkpt lat="48.704478" lon="1.985286"><ele>96.5</ele><time>2025-09-17T14:53:53Z</time></trkpt>
      <trkpt lat="48.704525" lon="1.985401"><ele>96.8</ele><time>2025-09-17T14:53:54Z</time></trkpt>
      <trkpt lat="48.704571" lon="1.985512"><ele>97.3</ele><time>2025-09-17T14:53:55Z</time></trkpt>
      <trkpt lat="48.704620" lon="1.985617"><ele>97.3</ele><time>2025-09-17T14:53:56Z</time></trkpt>
      <trkpt lat="48.704677" lon="1.985705"><ele>97.4</ele><time>2025-09-17T14:53:57Z</time></trkpt>
      <trkpt lat="48.704738" lon="1.985774"><ele>97.7</ele><time>2025-09-17T14:53:58Z</time></trkpt>
      <trkpt lat="48.704804" lon="1.985830"><ele>98.4</ele><time>2025-09-17T14:53:59Z</time></trkpt>
      <trkpt lat="48.704869" lon="1.985885"><ele>98.5</ele><time>2025-09-17T14:54:00Z</time></trkpt>
      <trkpt lat="48.704929" lon="1.985940"><ele>98.1</ele><time>2025-09-17T14:54:01Z</time></trkpt>
      <trkpt lat="48.704989" lon="1.985990"><ele>97.7</ele><time>2025-09-17T14:54:02Z</time></trkpt>
      <trkpt lat="48.705045" lon="1.986033"><ele>97.1</ele><time>2025-09-17T14:54:03Z</time></trkpt>
      <trkpt lat="48.705094" lon="1.986067"><ele>97.3</ele><time>2025-09-17T14:54:04Z</time></trkpt>
      <trkpt lat="48.705137" lon="1.986092"><ele>97.2</ele><time>2025-09-17T14:54:05Z</time></trkpt>
      <trkpt lat="48.705179" lon="1.986111"><ele>97.1</ele><time>2025-09-17T14:54:06Z</time></trkpt>
      <trkpt lat="48.705222" lon="1.986132"><ele>96.8</ele><time>2025-09-17T14:54:07Z</time></trkpt>
      <trkpt lat="48.705267" lon="1.986154"><ele>96.4</ele><time>2025-09-17T14:54:08Z</time></trkpt>
      <trkpt lat="48.705319" lon="1.986182"><ele>96.4</ele><time>2025-09-17T14:54:09Z</time></trkpt>
      <trkpt lat="48.705375" lon="1.986219"><ele>96.0</ele><time>2025-09-17T14:54:10Z</time></trkpt>
      <trkpt lat="48.705433" lon="1.986263"><ele>95.7</ele><time>2025-09-17T14:54:11Z</time></trkpt>
      <trkpt lat="48.705494" lon="1.986317"><ele>95.7</ele><time>2025-09-17T14:54:12Z</time></trkpt>
      <trkpt lat="48.705557" lon="1.986384"><ele>95.5</ele><time>2025-09-17T14:54:13Z</time></trkpt>
      <trkpt lat="48.705619" lon="1.986463"><ele>94.8</ele><time>2025-09-17T14:54:14Z</time></trkpt>
      <trkpt lat="48.705674" lon="1.986542"><ele>94.2</ele><time>2025-09-17T14:54:15Z</time></trkpt>
      <trkpt lat="48.705722" lon="1.986617"><ele>93.8</ele><time>2025-09-17T14:54:16Z</time></trkpt>
      <trkpt lat="48.705767" lon="1.986689"><ele>93.9</ele><time>2025-09-17T14:54:17Z</time></trkpt>
      <trkpt lat="48.705805" lon="1.986757"><ele>93.4</ele><time>2025-09-17T14:54:18Z</time></trkpt>
      <trkpt lat="48.705842" lon="1.986822"><ele>94.4</ele><time>2025-09-17T14:54:19Z</time></trkpt>
      <trkpt lat="48.705880" lon="1.986887"><ele>94.4</ele><time>2025-09-17T14:54:20Z</time></trkpt>
      <trkpt lat="48.705926" lon="1.986955"><ele>94.3</ele><time>2025-09-17T14:54:21Z</time></trkpt>
      <trkpt lat="48.705980" lon="1.987029"><ele>94.5</ele><time>2025-09-17T14:54:22Z</time></trkpt>
      <trkpt lat="48.706037" lon="1.987115"><ele>94.6</ele><time>2025-09-17T14:54:23Z</time></trkpt>
      <trkpt lat="48.706096" lon="1.987214"><ele>94.6</ele><time>2025-09-17T14:54:24Z</time></trkpt>
      <trkpt lat="48.706154" lon="1.987314"><ele>94.8</ele><time>2025-09-17T14:54:25Z</time></trkpt>
      <trkpt lat="48.706211" lon="1.987415"><ele>94.9</ele><time>2025-09-17T14:54:26Z</time></trkpt>
      <trkpt lat="48.706267" lon="1.987522"><ele>95.1</ele><time>2025-09-17T14:54:27Z</time></trkpt>
      <trkpt lat="48.706326" lon="1.987634"><ele>95.8</ele><time>2025-09-17T14:54:28Z</time></trkpt>
      <trkpt lat="48.706385" lon="1.987751"><ele>96.1</ele><time>2025-09-17T14:54:29Z</time></trkpt>
      <trkpt lat="48.706443" lon="1.987877"><ele>96.3</ele><time>2025-09-17T14:54:30Z</time></trkpt>
      <trkpt lat="48.706499" lon="1.988009"><ele>96.3</ele><time>2025-09-17T14:54:31Z</time></trkpt>
      <trkpt lat="48.706556" lon="1.988145"><ele>96.1</ele><time>2025-09-17T14:54:32Z</time></trkpt>
      <trkpt lat="48.706604" lon="1.988278"><ele>95.5</ele><time>2025-09-17T14:54:33Z</time></trkpt>
      <trkpt lat="48.706645" lon="1.988403"><ele>95.2</ele><time>2025-09-17T14:54:34Z</time></trkpt>
      <trkpt lat="48.706684" lon="1.988520"><ele>94.9</ele><time>2025-09-17T14:54:35Z</time></trkpt>
      <trkpt lat="48.706719" lon="1.988629"><ele>94.9</ele><time>2025-09-17T14:54:36Z</time></trkpt>
      <trkpt lat="48.706751" lon="1.988727"><ele>94.6</ele><time>2025-09-17T14:54:37Z</time></trkpt>
      <trkpt lat="48.706781" lon="1.988816"><ele>94.4</ele><time>2025-09-17T14:54:38Z</time></trkpt>
      <trkpt lat="48.706811" lon="1.988900"><ele>94.5</ele><time>2025-09-17T14:54:39Z</time></trkpt>
      <trkpt lat="48.706841" lon="1.988976"><ele>94.8</ele><time>2025-09-17T14:54:40Z</time></trkpt>
      <trkpt lat="48.706868" lon="1.989045"><ele>94.9</ele><time>2025-09-17T14:54:41Z</time></trkpt>
      <trkpt lat="48.706897" lon="1.989104"><ele>94.8</ele><time>2025-09-17T14:54:42Z</time></trkpt>
      <trkpt lat="48.706937" lon="1.989141"><ele>94.7</ele><time>2025-09-17T14:54:43Z</time></trkpt>
      <trkpt lat="48.706987" lon="1.989151"><ele>95.1</ele><time>2025-09-17T14:54:44Z</time></trkpt>
      <trkpt lat="48.707049" lon="1.989151"><ele>96.4</ele><time>2025-09-17T14:54:45Z</time></trkpt>
      <trkpt lat="48.707129" lon="1.989157"><ele>97.4</ele><time>2025-09-17T14:54:46Z</time></trkpt>
      <trkpt lat="48.707224" lon="1.989169"><ele>97.6</ele><time>2025-09-17T14:54:47Z</time></trkpt>
      <trkpt lat="48.707329" lon="1.989186"><ele>97.3</ele><time>2025-09-17T14:54:48Z</time></trkpt>
      <trkpt lat="48.707437" lon="1.989206"><ele>97.1</ele><time>2025-09-17T14:54:49Z</time></trkpt>
      <trkpt lat="48.707550" lon="1.989230"><ele>97.4</ele><time>2025-09-17T14:54:50Z</time></trkpt>
      <trkpt lat="48.707667" lon="1.989253"><ele>97.3</ele><time>2025-09-17T14:54:51Z</time></trkpt>
      <trkpt lat="48.707788" lon="1.989277"><ele>96.9</ele><time>2025-09-17T14:54:52Z</time></trkpt>
      <trkpt lat="48.707911" lon="1.989308"><ele>96.5</ele><time>2025-09-17T14:54:53Z</time></trkpt>
      <trkpt lat="48.708036" lon="1.989345"><ele>96.2</ele><time>2025-09-17T14:54:54Z</time></trkpt>
      <trkpt lat="48.708164" lon="1.989379"><ele>96.0</ele><time>2025-09-17T14:54:55Z</time></trkpt>
      <trkpt lat="48.708290" lon="1.989406"><ele>96.0</ele><time>2025-09-17T14:54:56Z</time></trkpt>
      <trkpt lat="48.708407" lon="1.989431"><ele>96.0</ele><time>2025-09-17T14:54:57Z</time></trkpt>
      <trkpt lat="48.708520" lon="1.989456"><ele>95.8</ele><time>2025-09-17T14:54:58Z</time></trkpt>
      <trkpt lat="48.708639" lon="1.989477"><ele>96.3</ele><time>2025-09-17T14:54:59Z</time></trkpt>
      <trkpt lat="48.708764" lon="1.989502"><ele>96.1</ele><time>2025-09-17T14:55:00Z</time></trkpt>
      <trkpt lat="48.708893" lon="1.989529"><ele>95.6</ele><time>2025-09-17T14:55:01Z</time></trkpt>
      <trkpt lat="48.709024" lon="1.989556"><ele>95.6</ele><time>2025-09-17T14:55:02Z</time></trkpt>
      <trkpt lat="48.709160" lon="1.989585"><ele>95.8</ele><time>2025-09-17T14:55:03Z</time></trkpt>
      <trkpt lat="48.709300" lon="1.989630"><ele>95.5</ele><time>2025-09-17T14:55:04Z</time></trkpt>
      <trkpt lat="48.709457" lon="1.989673"><ele>95.8</ele><time>2025-09-17T14:55:05Z</time></trkpt>
      <trkpt lat="48.709617" lon="1.989728"><ele>95.1</ele><time>2025-09-17T14:55:06Z</time></trkpt>
      <trkpt lat="48.709778" lon="1.989770"><ele>95.0</ele><time>2025-09-17T14:55:07Z</time></trkpt>
      <trkpt lat="48.709938" lon="1.989794"><ele>95.3</ele><time>2025-09-17T14:55:08Z</time></trkpt>
      <trkpt lat="48.710074" lon="1.989818"><ele>95.4</ele><time>2025-09-17T14:55:09Z</time></trkpt>
      <trkpt lat="48.710193" lon="1.989863"><ele>97.4</ele><time>2025-09-17T14:55:10Z</time></trkpt>
      <trkpt lat="48.710308" lon="1.989926"><ele>100.7</ele><time>2025-09-17T14:55:11Z</time></trkpt>
      <trkpt lat="48.710412" lon="1.989998"><ele>102.5</ele><time>2025-09-17T14:55:12Z</time></trkpt>
      <trkpt lat="48.710513" lon="1.990083"><ele>106.3</ele><time>2025-09-17T14:55:13Z</time></trkpt>
      <trkpt lat="48.710631" lon="1.990144"><ele>111.3</ele><time>2025-09-17T14:55:14Z</time></trkpt>
      <trkpt lat="48.710749" lon="1.990226"><ele>112.6</ele><time>2025-09-17T14:55:15Z</time></trkpt>
      <trkpt lat="48.710850" lon="1.990312"><ele>113.0</ele><time>2025-09-17T14:55:16Z</time></trkpt>
      <trkpt lat="48.710949" lon="1.990387"><ele>115.9</ele><time>2025-09-17T14:55:17Z</time></trkpt>
      <trkpt lat="48.711035" lon="1.990464"><ele>116.3</ele><time>2025-09-17T14:55:18Z</time></trkpt>
      <trkpt lat="48.711114" lon="1.990552"><ele>117.1</ele><time>2025-09-17T14:55:19Z</time></trkpt>
      <trkpt lat="48.711171" lon="1.990663"><ele>117.4</ele><time>2025-09-17T14:55:20Z</time></trkpt>
      <trkpt lat="48.711196" lon="1.990786"><ele>118.1</ele><time>2025-09-17T14:55:21Z</time></trkpt>
      <trkpt lat="48.711196" lon="1.990891"><ele>118.7</ele><time>2025-09-17T14:55:22Z</time></trkpt>
      <trkpt lat="48.711194" lon="1.991016"><ele>120.7</ele><time>2025-09-17T14:55:23Z</time></trkpt>
      <trkpt lat="48.711241" lon="1.991191"><ele>120.8</ele><time>2025-09-17T14:55:24Z</time></trkpt>
      <trkpt lat="48.711262" lon="1.991359"><ele>119.7</ele><time>2025-09-17T14:55:25Z</time></trkpt>
      <trkpt lat="48.711285" lon="1.991527"><ele>121.3</ele><time>2025-09-17T14:55:26Z</time></trkpt>
      <trkpt lat="48.711307" lon="1.991696"><ele>122.0</ele><time>2025-09-17T14:55:27Z</time></trkpt>
      <trkpt lat="48.711306" lon="1.991854"><ele>123.1</ele><time>2025-09-17T14:55:28Z</time></trkpt>
      <trkpt lat="48.711308" lon="1.992044"><ele>125.5</ele><time>2025-09-17T14:55:29Z</time></trkpt>
      <trkpt lat="48.711264" lon="1.992215"><ele>127.7</ele><time>2025-09-17T14:55:30Z</time></trkpt>
      <trkpt lat="48.711220" lon="1.992402"><ele>129.0</ele><time>2025-09-17T14:55:31Z</time></trkpt>
      <trkpt lat="48.711171" lon="1.992590"><ele>130.0</ele><time>2025-09-17T14:55:32Z</time></trkpt>
      <trkpt lat="48.711134" lon="1.992786"><ele>130.9</ele><time>2025-09-17T14:55:33Z</time></trkpt>
      <trkpt lat="48.711121" lon="1.993021"><ele>130.9</ele><time>2025-09-17T14:55:34Z</time></trkpt>
      <trkpt lat="48.711064" lon="1.993251"><ele>126.9</ele><time>2025-09-17T14:55:35Z</time></trkpt>
      <trkpt lat="48.710947" lon="1.993435"><ele>127.5</ele><time>2025-09-17T14:55:36Z</time></trkpt>
      <trkpt lat="48.710875" lon="1.993619"><ele>127.0</ele><time>2025-09-17T14:55:37Z</time></trkpt>
      <trkpt lat="48.710778" lon="1.993769"><ele>127.2</ele><time>2025-09-17T14:55:38Z</time></trkpt>
      <trkpt lat="48.710684" lon="1.993905"><ele>127.6</ele><time>2025-09-17T14:55:39Z</time></trkpt>
      <trkpt lat="48.710616" lon="1.994048"><ele>128.9</ele><time>2025-09-17T14:55:40Z</time></trkpt>
      <trkpt lat="48.710580" lon="1.994240"><ele>131.5</ele><time>2025-09-17T14:55:41Z</time></trkpt>
      <trkpt lat="48.710543" lon="1.994456"><ele>129.6</ele><time>2025-09-17T14:55:42Z</time></trkpt>
      <trkpt lat="48.710474" lon="1.994666"><ele>129.9</ele><time>2025-09-17T14:55:43Z</time></trkpt>
      <trkpt lat="48.710406" lon="1.994854"><ele>131.0</ele><time>2025-09-17T14:55:44Z</time></trkpt>
      <trkpt lat="48.710319" lon="1.995015"><ele>132.1</ele><time>2025-09-17T14:55:45Z</time></trkpt>
      <trkpt lat="48.710192" lon="1.995148"><ele>133.6</ele><time>2025-09-17T14:55:46Z</time></trkpt>
      <trkpt lat="48.710072" lon="1.995294"><ele>134.8</ele><time>2025-09-17T14:55:47Z</time></trkpt>
      <trkpt lat="48.710018" lon="1.995474"><ele>135.5</ele><time>2025-09-17T14:55:48Z</time></trkpt>
      <trkpt lat="48.709985" lon="1.995696"><ele>136.2</ele><time>2025-09-17T14:55:49Z</time></trkpt>
      <trkpt lat="48.709978" lon="1.995932"><ele>137.5</ele><time>2025-09-17T14:55:50Z</time></trkpt>
      <trkpt lat="48.709926" lon="1.996104"><ele>139.7</ele><time>2025-09-17T14:55:51Z</time></trkpt>
      <trkpt lat="48.709906" lon="1.996259"><ele>143.2</ele><time>2025-09-17T14:55:52Z</time></trkpt>
      <trkpt lat="48.709850" lon="1.996393"><ele>146.3</ele><time>2025-09-17T14:55:53Z</time></trkpt>
      <trkpt lat="48.709735" lon="1.996402"><ele>147.3</ele><time>2025-09-17T14:55:54Z</time></trkpt>
      <trkpt lat="48.709646" lon="1.996479"><ele>154.2</ele><time>2025-09-17T14:55:55Z</time></trkpt>
      <trkpt lat="48.709604" lon="1.996637"><ele>159.4</ele><time>2025-09-17T14:55:56Z</time></trkpt>
      <trkpt lat="48.709495" lon="1.996814"><ele>162.2</ele><time>2025-09-17T14:55:57Z</time></trkpt>
      <trkpt lat="48.709439" lon="1.997009"><ele>158.1</ele><time>2025-09-17T14:55:58Z</time></trkpt>
      <trkpt lat="48.709397" lon="1.997226"><ele>156.9</ele><time>2025-09-17T14:55:59Z</time></trkpt>
      <trkpt lat="48.709356" lon="1.997459"><ele>157.1</ele><time>2025-09-17T14:56:00Z</time></trkpt>
      <trkpt lat="48.709301" lon="1.997726"><ele>159.8</ele><time>2025-09-17T14:56:01Z</time></trkpt>
      <trkpt lat="48.709217" lon="1.997992"><ele>162.7</ele><time>2025-09-17T14:56:02Z</time></trkpt>
      <trkpt lat="48.709122" lon="1.998216"><ele>162.1</ele><time>2025-09-17T14:56:03Z</time></trkpt>
      <trkpt lat="48.709024" lon="1.998378"><ele>161.0</ele><time>2025-09-17T14:56:04Z</time></trkpt>
      <trkpt lat="48.708951" lon="1.998490"><ele>162.4</ele><time>2025-09-17T14:56:05Z</time></trkpt>
      <trkpt lat="48.708873" lon="1.998560"><ele>164.4</ele><time>2025-09-17T14:56:06Z</time></trkpt>
      <trkpt lat="48.708842" lon="1.998654"><ele>168.2</ele><time>2025-09-17T14:56:07Z</time></trkpt>
      <trkpt lat="48.708742" lon="1.998797"><ele>172.4</ele><time>2025-09-17T14:56:08Z</time></trkpt>
      <trkpt lat="48.708662" lon="1.998950"><ele>165.9</ele><time>2025-09-17T14:56:09Z</time></trkpt>
      <trkpt lat="48.708611" lon="1.999151"><ele>166.4</ele><time>2025-09-17T14:56:10Z</time></trkpt>
      <trkpt lat="48.708557" lon="1.999378"><ele>168.7</ele><time>2025-09-17T14:56:11Z</time></trkpt>
      <trkpt lat="48.708503" lon="1.999615"><ele>172.3</ele><time>2025-09-17T14:56:12Z</time></trkpt>
      <trkpt lat="48.708451" lon="1.999861"><ele>172.0</ele><time>2025-09-17T14:56:13Z</time></trkpt>
      <trkpt lat="48.708354" lon="2.000102"><ele>172.2</ele><time>2025-09-17T14:56:14Z</time></trkpt>
      <trkpt lat="48.708241" lon="2.000342"><ele>171.7</ele><time>2025-09-17T14:56:15Z</time></trkpt>
      <trkpt lat="48.708146" lon="2.000552"><ele>170.2</ele><time>2025-09-17T14:56:16Z</time></trkpt>
      <trkpt lat="48.708084" lon="2.000748"><ele>169.8</ele><time>2025-09-17T14:56:17Z</time></trkpt>
      <trkpt lat="48.708026" lon="2.000914"><ele>169.2</ele><time>2025-09-17T14:56:18Z</time></trkpt>
      <trkpt lat="48.707989" lon="2.001072"><ele>171.7</ele><time>2025-09-17T14:56:19Z</time></trkpt>
      <trkpt lat="48.707988" lon="2.001222"><ele>174.1</ele><time>2025-09-17T14:56:20Z</time></trkpt>
      <trkpt lat="48.708013" lon="2.001318"><ele>176.8</ele><time>2025-09-17T14:56:21Z</time></trkpt>
      <trkpt lat="48.708037" lon="2.001367"><ele>181.6</ele><time>2025-09-17T14:56:22Z</time></trkpt>
      <trkpt lat="48.708078" lon="2.001415"><ele>189.0</ele><time>2025-09-17T14:56:23Z</time></trkpt>
      <trkpt lat="48.708163" lon="2.001454"><ele>194.8</ele><time>2025-09-17T14:56:24Z</time></trkpt>
      <trkpt lat="48.708280" lon="2.001533"><ele>200.6</ele><time>2025-09-17T14:56:25Z</time></trkpt>
      <trkpt lat="48.708405" lon="2.001607"><ele>207.4</ele><time>2025-09-17T14:56:26Z</time></trkpt>
      <trkpt lat="48.708535" lon="2.001634"><ele>214.1</ele><time>2025-09-17T14:56:27Z</time></trkpt>
      <trkpt lat="48.708660" lon="2.001634"><ele>221.4</ele><time>2025-09-17T14:56:28Z</time></trkpt>
      <trkpt lat="48.708807" lon="2.001639"><ele>229.5</ele><time>2025-09-17T14:56:29Z</time></trkpt>
      <trkpt lat="48.708968" lon="2.001659"><ele>236.3</ele><time>2025-09-17T14:56:30Z</time></trkpt>
      <trkpt lat="48.709155" lon="2.001672"><ele>241.5</ele><time>2025-09-17T14:56:31Z</time></trkpt>
      <trkpt lat="48.709355" lon="2.001696"><ele>244.6</ele><time>2025-09-17T14:56:32Z</time></trkpt>
      <trkpt lat="48.709532" lon="2.001711"><ele>243.1</ele><time>2025-09-17T14:56:33Z</time></trkpt>
      <trkpt lat="48.709724" lon="2.001753"><ele>243.5</ele><time>2025-09-17T14:56:34Z</time></trkpt>
      <trkpt lat="48.709939" lon="2.001759"><ele>243.7</ele><time>2025-09-17T14:56:35Z</time></trkpt>
      <trkpt lat="48.710166" lon="2.001748"><ele>239.1</ele><time>2025-09-17T14:56:36Z</time></trkpt>
      <trkpt lat="48.710409" lon="2.001758"><ele>233.6</ele><time>2025-09-17T14:56:37Z</time></trkpt>
      <trkpt lat="48.710628" lon="2.001766"><ele>226.1</ele><time>2025-09-17T14:56:38Z</time></trkpt>
      <trkpt lat="48.710879" lon="2.001778"><ele>223.6</ele><time>2025-09-17T14:56:39Z</time></trkpt>
      <trkpt lat="48.711106" lon="2.001776"><ele>212.2</ele><time>2025-09-17T14:56:40Z</time></trkpt>
      <trkpt lat="48.711332" lon="2.001777"><ele>207.8</ele><time>2025-09-17T14:56:41Z</time></trkpt>
      <trkpt lat="48.711554" lon="2.001788"><ele>202.7</ele><time>2025-09-17T14:56:42Z</time></trkpt>
      <trkpt lat="48.711775" lon="2.001800"><ele>198.4</ele><time>2025-09-17T14:56:43Z</time></trkpt>
      <trkpt lat="48.711986" lon="2.001815"><ele>193.4</ele><time>2025-09-17T14:56:44Z</time></trkpt>
      <trkpt lat="48.712194" lon="2.001828"><ele>191.4</ele><time>2025-09-17T14:56:45Z</time></trkpt>
      <trkpt lat="48.712395" lon="2.001845"><ele>189.4</ele><time>2025-09-17T14:56:46Z</time></trkpt>
      <trkpt lat="48.712592" lon="2.001864"><ele>188.2</ele><time>2025-09-17T14:56:47Z</time></trkpt>
      <trkpt lat="48.712787" lon="2.001878"><ele>186.6</ele><time>2025-09-17T14:56:48Z</time></trkpt>
      <trkpt lat="48.712985" lon="2.001904"><ele>185.8</ele><time>2025-09-17T14:56:49Z</time></trkpt>
      <trkpt lat="48.713179" lon="2.001928"><ele>184.3</ele><time>2025-09-17T14:56:50Z</time></trkpt>
      <trkpt lat="48.713376" lon="2.001948"><ele>183.3</ele><time>2025-09-17T14:56:51Z</time></trkpt>
      <trkpt lat="48.713575" lon="2.001972"><ele>182.0</ele><time>2025-09-17T14:56:52Z</time></trkpt>
      <trkpt lat="48.713775" lon="2.001996"><ele>180.1</ele><time>2025-09-17T14:56:53Z</time></trkpt>
      <trkpt lat="48.713973" lon="2.002021"><ele>178.5</ele><time>2025-09-17T14:56:54Z</time></trkpt>
      <trkpt lat="48.714170" lon="2.002041"><ele>176.9</ele><time>2025-09-17T14:56:55Z</time></trkpt>
      <trkpt lat="48.714367" lon="2.002060"><ele>176.0</ele><time>2025-09-17T14:56:56Z</time></trkpt>
      <trkpt lat="48.714566" lon="2.002076"><ele>175.0</ele><time>2025-09-17T14:56:57Z</time></trkpt>
      <trkpt lat="48.714768" lon="2.002089"><ele>174.3</ele><time>2025-09-17T14:56:58Z</time></trkpt>
      <trkpt lat="48.714968" lon="2.002105"><ele>173.7</ele><time>2025-09-17T14:56:59Z</time></trkpt>
      <trkpt lat="48.715167" lon="2.002123"><ele>173.0</ele><time>2025-09-17T14:57:00Z</time></trkpt>
      <trkpt lat="48.715365" lon="2.002138"><ele>172.4</ele><time>2025-09-17T14:57:01Z</time></trkpt>
      <trkpt lat="48.715561" lon="2.002153"><ele>171.7</ele><time>2025-09-17T14:57:02Z</time></trkpt>
      <trkpt lat="48.715759" lon="2.002168"><ele>171.2</ele><time>2025-09-17T14:57:03Z</time></trkpt>
      <trkpt lat="48.715957" lon="2.002184"><ele>170.6</ele><time>2025-09-17T14:57:04Z</time></trkpt>
      <trkpt lat="48.716159" lon="2.002201"><ele>170.0</ele><time>2025-09-17T14:57:05Z</time></trkpt>
      <trkpt lat="48.716364" lon="2.002218"><ele>169.4</ele><time>2025-09-17T14:57:06Z</time></trkpt>
      <trkpt lat="48.716574" lon="2.002235"><ele>169.0</ele><time>2025-09-17T14:57:07Z</time></trkpt>
      <trkpt lat="48.716785" lon="2.002250"><ele>168.7</ele><time>2025-09-17T14:57:08Z</time></trkpt>
      <trkpt lat="48.716999" lon="2.002264"><ele>168.2</ele><time>2025-09-17T14:57:09Z</time></trkpt>
      <trkpt lat="48.717216" lon="2.002278"><ele>167.6</ele><time>2025-09-17T14:57:10Z</time></trkpt>
      <trkpt lat="48.717432" lon="2.002295"><ele>167.1</ele><time>2025-09-17T14:57:11Z</time></trkpt>
      <trkpt lat="48.717637" lon="2.002310"><ele>166.3</ele><time>2025-09-17T14:57:12Z</time></trkpt>
      <trkpt lat="48.717829" lon="2.002322"><ele>165.7</ele><time>2025-09-17T14:57:13Z</time></trkpt>
      <trkpt lat="48.718010" lon="2.002332"><ele>165.2</ele><time>2025-09-17T14:57:14Z</time></trkpt>
      <trkpt lat="48.718186" lon="2.002342"><ele>164.7</ele><time>2025-09-17T14:57:15Z</time></trkpt>
      <trkpt lat="48.718357" lon="2.002353"><ele>164.3</ele><time>2025-09-17T14:57:16Z</time></trkpt>
      <trkpt lat="48.718519" lon="2.002367"><ele>163.8</ele><time>2025-09-17T14:57:17Z</time></trkpt>
      <trkpt lat="48.718675" lon="2.002377"><ele>163.4</ele><time>2025-09-17T14:57:18Z</time></trkpt>
      <trkpt lat="48.718821" lon="2.002387"><ele>163.2</ele><time>2025-09-17T14:57:19Z</time></trkpt>
      <trkpt lat="48.718958" lon="2.002396"><ele>162.8</ele><time>2025-09-17T14:57:20Z</time></trkpt>
      <trkpt lat="48.719085" lon="2.002399"><ele>162.5</ele><time>2025-09-17T14:57:21Z</time></trkpt>
      <trkpt lat="48.719204" lon="2.002394"><ele>162.2</ele><time>2025-09-17T14:57:22Z</time></trkpt>
      <trkpt lat="48.719315" lon="2.002377"><ele>162.0</ele><time>2025-09-17T14:57:23Z</time></trkpt>
      <trkpt lat="48.719418" lon="2.002355"><ele>161.8</ele><time>2025-09-17T14:57:24Z</time></trkpt>
      <trkpt lat="48.719512" lon="2.002334"><ele>161.5</ele><time>2025-09-17T14:57:25Z</time></trkpt>
      <trkpt lat="48.719599" lon="2.002312"><ele>161.1</ele><time>2025-09-17T14:57:26Z</time></trkpt>
      <trkpt lat="48.719673" lon="2.002295"><ele>160.9</ele><time>2025-09-17T14:57:27Z</time></trkpt>
      <trkpt lat="48.719731" lon="2.002288"><ele>160.7</ele><time>2025-09-17T14:57:28Z</time></trkpt>
      <trkpt lat="48.719773" lon="2.002292"><ele>160.6</ele><time>2025-09-17T14:57:29Z</time></trkpt>
      <trkpt lat="48.719811" lon="2.002306"><ele>160.5</ele><time>2025-09-17T14:57:30Z</time></trkpt>
      <trkpt lat="48.719856" lon="2.002336"><ele>160.4</ele><time>2025-09-17T14:57:31Z</time></trkpt>
      <trkpt lat="48.719908" lon="2.002383"><ele>160.3</ele><time>2025-09-17T14:57:32Z</time></trkpt>
      <trkpt lat="48.719968" lon="2.002432"><ele>160.3</ele><time>2025-09-17T14:57:33Z</time></trkpt>
      <trkpt lat="48.720035" lon="2.002465"><ele>160.1</ele><time>2025-09-17T14:57:34Z</time></trkpt>
      <trkpt lat="48.720107" lon="2.002467"><ele>160.1</ele><time>2025-09-17T14:57:35Z</time></trkpt>
      <trkpt lat="48.720175" lon="2.002431"><ele>160.1</ele><time>2025-09-17T14:57:36Z</time></trkpt>
      <trkpt lat="48.720228" lon="2.002361"><ele>160.0</ele><time>2025-09-17T14:57:37Z</time></trkpt>
      <trkpt lat="48.720260" lon="2.002269"><ele>160.0</ele><time>2025-09-17T14:57:38Z</time></trkpt>
      <trkpt lat="48.720269" lon="2.002161"><ele>159.9</ele><time>2025-09-17T14:57:39Z</time></trkpt>
      <trkpt lat="48.720247" lon="2.002054"><ele>159.7</ele><time>2025-09-17T14:57:40Z</time></trkpt>
      <trkpt lat="48.720197" lon="2.001968"><ele>159.5</ele><time>2025-09-17T14:57:41Z</time></trkpt>
      <trkpt lat="48.720127" lon="2.001916"><ele>158.9</ele><time>2025-09-17T14:57:42Z</time></trkpt>
      <trkpt lat="48.720047" lon="2.001910"><ele>158.8</ele><time>2025-09-17T14:57:43Z</time></trkpt>
      <trkpt lat="48.719970" lon="2.001955"><ele>158.3</ele><time>2025-09-17T14:57:44Z</time></trkpt>
      <trkpt lat="48.719893" lon="2.002045"><ele>158.0</ele><time>2025-09-17T14:57:45Z</time></trkpt>
      <trkpt lat="48.719806" lon="2.002140"><ele>157.8</ele><time>2025-09-17T14:57:46Z</time></trkpt>
      <trkpt lat="48.719690" lon="2.002217"><ele>157.7</ele><time>2025-09-17T14:57:47Z</time></trkpt>
      <trkpt lat="48.719541" lon="2.002278"><ele>157.7</ele><time>2025-09-17T14:57:48Z</time></trkpt>
      <trkpt lat="48.719372" lon="2.002322"><ele>158.0</ele><time>2025-09-17T14:57:49Z</time></trkpt>
      <trkpt lat="48.719192" lon="2.002348"><ele>158.3</ele><time>2025-09-17T14:57:50Z</time></trkpt>
      <trkpt lat="48.718998" lon="2.002353"><ele>158.4</ele><time>2025-09-17T14:57:51Z</time></trkpt>
      <trkpt lat="48.718809" lon="2.002343"><ele>158.6</ele><time>2025-09-17T14:57:52Z</time></trkpt>
      <trkpt lat="48.718633" lon="2.002328"><ele>158.7</ele><time>2025-09-17T14:57:53Z</time></trkpt>
      <trkpt lat="48.718469" lon="2.002315"><ele>158.8</ele><time>2025-09-17T14:57:54Z</time></trkpt>
      <trkpt lat="48.718310" lon="2.002302"><ele>158.8</ele><time>2025-09-17T14:57:55Z</time></trkpt>
      <trkpt lat="48.718157" lon="2.002291"><ele>159.1</ele><time>2025-09-17T14:57:56Z</time></trkpt>
      <trkpt lat="48.718005" lon="2.002277"><ele>159.3</ele><time>2025-09-17T14:57:57Z</time></trkpt>
      <trkpt lat="48.717854" lon="2.002265"><ele>159.6</ele><time>2025-09-17T14:57:58Z</time></trkpt>
      <trkpt lat="48.717703" lon="2.002254"><ele>159.7</ele><time>2025-09-17T14:57:59Z</time></trkpt>
      <trkpt lat="48.717555" lon="2.002241"><ele>159.8</ele><time>2025-09-17T14:58:00Z</time></trkpt>
      <trkpt lat="48.717408" lon="2.002228"><ele>160.0</ele><time>2025-09-17T14:58:01Z</time></trkpt>
      <trkpt lat="48.717261" lon="2.002212"><ele>160.2</ele><time>2025-09-17T14:58:02Z</time></trkpt>
      <trkpt lat="48.717116" lon="2.002198"><ele>160.3</ele><time>2025-09-17T14:58:03Z</time></trkpt>
      <trkpt lat="48.716970" lon="2.002187"><ele>160.5</ele><time>2025-09-17T14:58:04Z</time></trkpt>
      <trkpt lat="48.716825" lon="2.002177"><ele>160.6</ele><time>2025-09-17T14:58:05Z</time></trkpt>
      <trkpt lat="48.716678" lon="2.002167"><ele>160.8</ele><time>2025-09-17T14:58:06Z</time></trkpt>
      <trkpt lat="48.716525" lon="2.002157"><ele>160.9</ele><time>2025-09-17T14:58:07Z</time></trkpt>
      <trkpt lat="48.716367" lon="2.002146"><ele>160.9</ele><time>2025-09-17T14:58:08Z</time></trkpt>
      <trkpt lat="48.716209" lon="2.002133"><ele>161.0</ele><time>2025-09-17T14:58:09Z</time></trkpt>
      <trkpt lat="48.716052" lon="2.002119"><ele>161.1</ele><time>2025-09-17T14:58:10Z</time></trkpt>
      <trkpt lat="48.715896" lon="2.002105"><ele>161.2</ele><time>2025-09-17T14:58:11Z</time></trkpt>
      <trkpt lat="48.715741" lon="2.002093"><ele>161.2</ele><time>2025-09-17T14:58:12Z</time></trkpt>
      <trkpt lat="48.715587" lon="2.002082"><ele>161.3</ele><time>2025-09-17T14:58:13Z</time></trkpt>
      <trkpt lat="48.715434" lon="2.002070"><ele>161.4</ele><time>2025-09-17T14:58:14Z</time></trkpt>
      <trkpt lat="48.715278" lon="2.002056"><ele>161.6</ele><time>2025-09-17T14:58:15Z</time></trkpt>
      <trkpt lat="48.715116" lon="2.002042"><ele>161.7</ele><time>2025-09-17T14:58:16Z</time></trkpt>
      <trkpt lat="48.714951" lon="2.002029"><ele>161.9</ele><time>2025-09-17T14:58:17Z</time></trkpt>
      <trkpt lat="48.714781" lon="2.002019"><ele>161.9</ele><time>2025-09-17T14:58:18Z</time></trkpt>
      <trkpt lat="48.714609" lon="2.002007"><ele>162.0</ele><time>2025-09-17T14:58:19Z</time></trkpt>
      <trkpt lat="48.714439" lon="2.001996"><ele>162.1</ele><time>2025-09-17T14:58:20Z</time></trkpt>
      <trkpt lat="48.714271" lon="2.001982"><ele>162.2</ele><time>2025-09-17T14:58:21Z</time></trkpt>
      <trkpt lat="48.714102" lon="2.001966"><ele>162.4</ele><time>2025-09-17T14:58:22Z</time></trkpt>
      <trkpt lat="48.713932" lon="2.001952"><ele>162.5</ele><time>2025-09-17T14:58:23Z</time></trkpt>
      <trkpt lat="48.713763" lon="2.001938"><ele>162.6</ele><time>2025-09-17T14:58:24Z</time></trkpt>
      <trkpt lat="48.713595" lon="2.001921"><ele>162.7</ele><time>2025-09-17T14:58:25Z</time></trkpt>
      <trkpt lat="48.713429" lon="2.001906"><ele>162.8</ele><time>2025-09-17T14:58:26Z</time></trkpt>
      <trkpt lat="48.713273" lon="2.001896"><ele>163.0</ele><time>2025-09-17T14:58:27Z</time></trkpt>
      <trkpt lat="48.713122" lon="2.001888"><ele>163.1</ele><time>2025-09-17T14:58:28Z</time></trkpt>
      <trkpt lat="48.712970" lon="2.001880"><ele>163.2</ele><time>2025-09-17T14:58:29Z</time></trkpt>
      <trkpt lat="48.712815" lon="2.001872"><ele>163.3</ele><time>2025-09-17T14:58:30Z</time></trkpt>
      <trkpt lat="48.712654" lon="2.001860"><ele>163.5</ele><time>2025-09-17T14:58:31Z</time></trkpt>
      <trkpt lat="48.712487" lon="2.001842"><ele>163.5</ele><time>2025-09-17T14:58:32Z</time></trkpt>
      <trkpt lat="48.712319" lon="2.001826"><ele>163.7</ele><time>2025-09-17T14:58:33Z</time></trkpt>
      <trkpt lat="48.712148" lon="2.001811"><ele>163.7</ele><time>2025-09-17T14:58:34Z</time></trkpt>
      <trkpt lat="48.711976" lon="2.001797"><ele>164.0</ele><time>2025-09-17T14:58:35Z</time></trkpt>
      <trkpt lat="48.711805" lon="2.001784"><ele>164.3</ele><time>2025-09-17T14:58:36Z</time></trkpt>
      <trkpt lat="48.711634" lon="2.001770"><ele>164.4</ele><time>2025-09-17T14:58:37Z</time></trkpt>
      <trkpt lat="48.711461" lon="2.001756"><ele>164.5</ele><time>2025-09-17T14:58:38Z</time></trkpt>
      <trkpt lat="48.711286" lon="2.001743"><ele>164.7</ele><time>2025-09-17T14:58:39Z</time></trkpt>
      <trkpt lat="48.711109" lon="2.001724"><ele>164.6</ele><time>2025-09-17T14:58:40Z</time></trkpt>
      <trkpt lat="48.710932" lon="2.001704"><ele>164.7</ele><time>2025-09-17T14:58:41Z</time></trkpt>
      <trkpt lat="48.710756" lon="2.001685"><ele>164.9</ele><time>2025-09-17T14:58:42Z</time></trkpt>
      <trkpt lat="48.710580" lon="2.001666"><ele>165.1</ele><time>2025-09-17T14:58:43Z</time></trkpt>
      <trkpt lat="48.710408" lon="2.001649"><ele>165.4</ele><time>2025-09-17T14:58:44Z</time></trkpt>
      <trkpt lat="48.710230" lon="2.001638"><ele>165.6</ele><time>2025-09-17T14:58:45Z</time></trkpt>
      <trkpt lat="48.710052" lon="2.001628"><ele>166.1</ele><time>2025-09-17T14:58:46Z</time></trkpt>
      <trkpt lat="48.709880" lon="2.001631"><ele>166.6</ele><time>2025-09-17T14:58:47Z</time></trkpt>
      <trkpt lat="48.709706" lon="2.001636"><ele>167.1</ele><time>2025-09-17T14:58:48Z</time></trkpt>
      <trkpt lat="48.709545" lon="2.001650"><ele>168.3</ele><time>2025-09-17T14:58:49Z</time></trkpt>
      <trkpt lat="48.709347" lon="2.001640"><ele>169.3</ele><time>2025-09-17T14:58:50Z</time></trkpt>
      <trkpt lat="48.709165" lon="2.001641"><ele>171.1</ele><time>2025-09-17T14:58:51Z</time></trkpt>
      <trkpt lat="48.709018" lon="2.001639"><ele>171.0</ele><time>2025-09-17T14:58:52Z</time></trkpt>
      <trkpt lat="48.708892" lon="2.001645"><ele>170.2</ele><time>2025-09-17T14:58:53Z</time></trkpt>
      <trkpt lat="48.708727" lon="2.001627"><ele>171.9</ele><time>2025-09-17T14:58:54Z</time></trkpt>
      <trkpt lat="48.708576" lon="2.001608"><ele>171.1</ele><time>2025-09-17T14:58:55Z</time></trkpt>
      <trkpt lat="48.708417" lon="2.001589"><ele>171.2</ele><time>2025-09-17T14:58:56Z</time></trkpt>
      <trkpt lat="48.708275" lon="2.001569"><ele>170.0</ele><time>2025-09-17T14:58:57Z</time></trkpt>
      <trkpt lat="48.708137" lon="2.001580"><ele>170.5</ele><time>2025-09-17T14:58:58Z</time></trkpt>
      <trkpt lat="48.708042" lon="2.001552"><ele>169.9</ele><time>2025-09-17T14:58:59Z</time></trkpt>
      <trkpt lat="48.707937" lon="2.001475"><ele>168.8</ele><time>2025-09-17T14:59:00Z</time></trkpt>
      <trkpt lat="48.707856" lon="2.001370"><ele>167.8</ele><time>2025-09-17T14:59:01Z</time></trkpt>
      <trkpt lat="48.707838" lon="2.001218"><ele>167.8</ele><time>2025-09-17T14:59:02Z</time></trkpt>
      <trkpt lat="48.707825" lon="2.001052"><ele>173.1</ele><time>2025-09-17T14:59:03Z</time></trkpt>
      <trkpt lat="48.707874" lon="2.000836"><ele>174.1</ele><time>2025-09-17T14:59:04Z</time></trkpt>
      <trkpt lat="48.707958" lon="2.000625"><ele>175.1</ele><time>2025-09-17T14:59:05Z</time></trkpt>
      <trkpt lat="48.708038" lon="2.000338"><ele>178.9</ele><time>2025-09-17T14:59:06Z</time></trkpt>
      <trkpt lat="48.708123" lon="2.000090"><ele>184.9</ele><time>2025-09-17T14:59:07Z</time></trkpt>
      <trkpt lat="48.708183" lon="1.999842"><ele>184.9</ele><time>2025-09-17T14:59:08Z</time></trkpt>
      <trkpt lat="48.708236" lon="1.999618"><ele>186.2</ele><time>2025-09-17T14:59:09Z</time></trkpt>
      <trkpt lat="48.708262" lon="1.999403"><ele>184.8</ele><time>2025-09-17T14:59:10Z</time></trkpt>
      <trkpt lat="48.708299" lon="1.999178"><ele>185.6</ele><time>2025-09-17T14:59:11Z</time></trkpt>
      <trkpt lat="48.708360" lon="1.998962"><ele>185.3</ele><time>2025-09-17T14:59:12Z</time></trkpt>
      <trkpt lat="48.708439" lon="1.998794"><ele>183.5</ele><time>2025-09-17T14:59:13Z</time></trkpt>
      <trkpt lat="48.708549" lon="1.998711"><ele>182.8</ele><time>2025-09-17T14:59:14Z</time></trkpt>
      <trkpt lat="48.708643" lon="1.998625"><ele>182.2</ele><time>2025-09-17T14:59:15Z</time></trkpt>
      <trkpt lat="48.708742" lon="1.998516"><ele>178.4</ele><time>2025-09-17T14:59:16Z</time></trkpt>
      <trkpt lat="48.708822" lon="1.998340"><ele>180.4</ele><time>2025-09-17T14:59:17Z</time></trkpt>
      <trkpt lat="48.708928" lon="1.998138"><ele>181.9</ele><time>2025-09-17T14:59:18Z</time></trkpt>
      <trkpt lat="48.708989" lon="1.997895"><ele>175.9</ele><time>2025-09-17T14:59:19Z</time></trkpt>
      <trkpt lat="48.709030" lon="1.997658"><ele>176.6</ele><time>2025-09-17T14:59:20Z</time></trkpt>
      <trkpt lat="48.709047" lon="1.997431"><ele>176.2</ele><time>2025-09-17T14:59:21Z</time></trkpt>
      <trkpt lat="48.709056" lon="1.997224"><ele>177.8</ele><time>2025-09-17T14:59:22Z</time></trkpt>
      <trkpt lat="48.709148" lon="1.997051"><ele>182.4</ele><time>2025-09-17T14:59:23Z</time></trkpt>
      <trkpt lat="48.709210" lon="1.996869"><ele>175.4</ele><time>2025-09-17T14:59:24Z</time></trkpt>
      <trkpt lat="48.709319" lon="1.996752"><ele>175.5</ele><time>2025-09-17T14:59:25Z</time></trkpt>
      <trkpt lat="48.709424" lon="1.996637"><ele>176.1</ele><time>2025-09-17T14:59:26Z</time></trkpt>
      <trkpt lat="48.709543" lon="1.996522"><ele>176.8</ele><time>2025-09-17T14:59:27Z</time></trkpt>
      <trkpt lat="48.709647" lon="1.996407"><ele>177.0</ele><time>2025-09-17T14:59:28Z</time></trkpt>
      <trkpt lat="48.709721" lon="1.996287"><ele>177.5</ele><time>2025-09-17T14:59:29Z</time></trkpt>
      <trkpt lat="48.709719" lon="1.996170"><ele>180.8</ele><time>2025-09-17T14:59:30Z</time></trkpt>
      <trkpt lat="48.709727" lon="1.996012"><ele>186.8</ele><time>2025-09-17T14:59:31Z</time></trkpt>
      <trkpt lat="48.709721" lon="1.995850"><ele>189.8</ele><time>2025-09-17T14:59:32Z</time></trkpt>
      <trkpt lat="48.709781" lon="1.995650"><ele>200.2</ele><time>2025-09-17T14:59:33Z</time></trkpt>
      <trkpt lat="48.709859" lon="1.995440"><ele>195.9</ele><time>2025-09-17T14:59:34Z</time></trkpt>
      <trkpt lat="48.709890" lon="1.995299"><ele>195.1</ele><time>2025-09-17T14:59:35Z</time></trkpt>
      <trkpt lat="48.709976" lon="1.995183"><ele>204.7</ele><time>2025-09-17T14:59:36Z</time></trkpt>
      <trkpt lat="48.710040" lon="1.995018"><ele>209.3</ele><time>2025-09-17T14:59:37Z</time></trkpt>
      <trkpt lat="48.710134" lon="1.994780"><ele>213.9</ele><time>2025-09-17T14:59:38Z</time></trkpt>
      <trkpt lat="48.710143" lon="1.994527"><ele>210.5</ele><time>2025-09-17T14:59:39Z</time></trkpt>
      <trkpt lat="48.710201" lon="1.994316"><ele>221.5</ele><time>2025-09-17T14:59:40Z</time></trkpt>
      <trkpt lat="48.710249" lon="1.994125"><ele>216.3</ele><time>2025-09-17T14:59:41Z</time></trkpt>
      <trkpt lat="48.710310" lon="1.993958"><ele>218.1</ele><time>2025-09-17T14:59:42Z</time></trkpt>
      <trkpt lat="48.710379" lon="1.993788"><ele>222.7</ele><time>2025-09-17T14:59:43Z</time></trkpt>
      <trkpt lat="48.710470" lon="1.993623"><ele>222.6</ele><time>2025-09-17T14:59:44Z</time></trkpt>
      <trkpt lat="48.710504" lon="1.993418"><ele>225.6</ele><time>2025-09-17T14:59:45Z</time></trkpt>
      <trkpt lat="48.710513" lon="1.993183"><ele>225.8</ele><time>2025-09-17T14:59:46Z</time></trkpt>
      <trkpt lat="48.710560" lon="1.992997"><ele>222.7</ele><time>2025-09-17T14:59:47Z</time></trkpt>
      <trkpt lat="48.710623" lon="1.992829"><ele>220.8</ele><time>2025-09-17T14:59:48Z</time></trkpt>
      <trkpt lat="48.710671" lon="1.992659"><ele>217.7</ele><time>2025-09-17T14:59:49Z</time></trkpt>
      <trkpt lat="48.710754" lon="1.992503"><ele>221.5</ele><time>2025-09-17T14:59:50Z</time></trkpt>
      <trkpt lat="48.710830" lon="1.992340"><ele>221.7</ele><time>2025-09-17T14:59:51Z</time></trkpt>
      <trkpt lat="48.710870" lon="1.992135"><ele>221.9</ele><time>2025-09-17T14:59:52Z</time></trkpt>
      <trkpt lat="48.710877" lon="1.991934"><ele>219.6</ele><time>2025-09-17T14:59:53Z</time></trkpt>
      <trkpt lat="48.710898" lon="1.991789"><ele>213.4</ele><time>2025-09-17T14:59:54Z</time></trkpt>
      <trkpt lat="48.710883" lon="1.991605"><ele>203.3</ele><time>2025-09-17T14:59:55Z</time></trkpt>
      <trkpt lat="48.710901" lon="1.991408"><ele>200.4</ele><time>2025-09-17T14:59:56Z</time></trkpt>
      <trkpt lat="48.710937" lon="1.991246"><ele>198.3</ele><time>2025-09-17T14:59:57Z</time></trkpt>
      <trkpt lat="48.710991" lon="1.991085"><ele>201.9</ele><time>2025-09-17T14:59:58Z</time></trkpt>
      <trkpt lat="48.711035" lon="1.990934"><ele>202.9</ele><time>2025-09-17T14:59:59Z</time></trkpt>
      <trkpt lat="48.711014" lon="1.990730"><ele>202.5</ele><time>2025-09-17T15:00:00Z</time></trkpt>
      <trkpt lat="48.710977" lon="1.990572"><ele>203.3</ele><time>2025-09-17T15:00:01Z</time></trkpt>
      <trkpt lat="48.710953" lon="1.990430"><ele>200.9</ele><time>2025-09-17T15:00:02Z</time></trkpt>
      <trkpt lat="48.710835" lon="1.990286"><ele>190.8</ele><time>2025-09-17T15:00:03Z</time></trkpt>
      <trkpt lat="48.710730" lon="1.990197"><ele>177.6</ele><time>2025-09-17T15:00:04Z</time></trkpt>
      <trkpt lat="48.710590" lon="1.990111"><ele>160.4</ele><time>2025-09-17T15:00:05Z</time></trkpt>
      <trkpt lat="48.710442" lon="1.990026"><ele>155.7</ele><time>2025-09-17T15:00:06Z</time></trkpt>
      <trkpt lat="48.710277" lon="1.989948"><ele>147.8</ele><time>2025-09-17T15:00:07Z</time></trkpt>
      <trkpt lat="48.710099" lon="1.989873"><ele>142.6</ele><time>2025-09-17T15:00:08Z</time></trkpt>
      <trkpt lat="48.709935" lon="1.989810"><ele>140.3</ele><time>2025-09-17T15:00:09Z</time></trkpt>
      <trkpt lat="48.709764" lon="1.989768"><ele>137.2</ele><time>2025-09-17T15:00:10Z</time></trkpt>
      <trkpt lat="48.709609" lon="1.989718"><ele>135.0</ele><time>2025-09-17T15:00:11Z</time></trkpt>
      <trkpt lat="48.709475" lon="1.989692"><ele>134.4</ele><time>2025-09-17T15:00:12Z</time></trkpt>
      <trkpt lat="48.709336" lon="1.989667"><ele>132.9</ele><time>2025-09-17T15:00:13Z</time></trkpt>
      <trkpt lat="48.709218" lon="1.989652"><ele>131.5</ele><time>2025-09-17T15:00:14Z</time></trkpt>
      <trkpt lat="48.709149" lon="1.989610"><ele>130.5</ele><time>2025-09-17T15:00:15Z</time></trkpt>
      <trkpt lat="48.709093" lon="1.989558"><ele>128.3</ele><time>2025-09-17T15:00:16Z</time></trkpt>
      <trkpt lat="48.709065" lon="1.989538"><ele>125.9</ele><time>2025-09-17T15:00:17Z</time></trkpt>
      <trkpt lat="48.709058" lon="1.989499"><ele>124.1</ele><time>2025-09-17T15:00:18Z</time></trkpt>
      <trkpt lat="48.709043" lon="1.989465"><ele>127.3</ele><time>2025-09-17T15:00:19Z</time></trkpt>
      <trkpt lat="48.709026" lon="1.989434"><ele>128.6</ele><time>2025-09-17T15:00:20Z</time></trkpt>
      <trkpt lat="48.709008" lon="1.989414"><ele>128.0</ele><time>2025-09-17T15:00:21Z</time></trkpt>
      <trkpt lat="48.708993" lon="1.989409"><ele>128.0</ele><time>2025-09-17T15:00:22Z</time></trkpt>
      <trkpt lat="48.708982" lon="1.989421"><ele>128.0</ele><time>2025-09-17T15:00:23Z</time></trkpt>
      <trkpt lat="48.708967" lon="1.989447"><ele>127.4</ele><time>2025-09-17T15:00:24Z</time></trkpt>
      <trkpt lat="48.708958" lon="1.989475"><ele>126.5</ele><time>2025-09-17T15:00:25Z</time></trkpt>
      <trkpt lat="48.708960" lon="1.989488"><ele>126.0</ele><time>2025-09-17T15:00:26Z</time></trkpt>
      <trkpt lat="48.708963" lon="1.989487"><ele>124.8</ele><time>2025-09-17T15:00:27Z</time></trkpt>
      <trkpt lat="48.708968" lon="1.989483"><ele>123.2</ele><time>2025-09-17T15:00:28Z</time></trkpt>
      <trkpt lat="48.708971" lon="1.989481"><ele>122.5</ele><time>2025-09-17T15:00:29Z</time></trkpt>
      <trkpt lat="48.708973" lon="1.989481"><ele>121.8</ele><time>2025-09-17T15:00:30Z</time></trkpt>
      <trkpt lat="48.708979" lon="1.989478"><ele>121.3</ele><time>2025-09-17T15:00:31Z</time></trkpt>
      <trkpt lat="48.708982" lon="1.989477"><ele>120.7</ele><time>2025-09-17T15:00:32Z</time></trkpt>
      <trkpt lat="48.708987" lon="1.989473"><ele>120.0</ele><time>2025-09-17T15:00:33Z</time></trkpt>
      <trkpt lat="48.708990" lon="1.989471"><ele>119.7</ele><time>2025-09-17T15:00:34Z</time></trkpt>
      <trkpt lat="48.708992" lon="1.989468"><ele>119.1</ele><time>2025-09-17T15:00:35Z</time></trkpt>
      <trkpt lat="48.708994" lon="1.989465"><ele>118.3</ele><time>2025-09-17T15:00:36Z</time></trkpt>
      <trkpt lat="48.708996" lon="1.989468"><ele>117.8</ele><time>2025-09-17T15:00:37Z</time></trkpt>
      <trkpt lat="48.708999" lon="1.989467"><ele>117.4</ele><time>2025-09-17T15:00:38Z</time></trkpt>
      <trkpt lat="48.708999" lon="1.989467"><ele>116.9</ele><time>2025-09-17T15:00:39Z</time></trkpt>
      <trkpt lat="48.708999" lon="1.989467"><ele>116.7</ele><time>2025-09-17T15:00:40Z</time></trkpt>
      <trkpt lat="48.708998" lon="1.989466"><ele>116.4</ele><time>2025-09-17T15:00:41Z</time></trkpt>
      <trkpt lat="48.708997" lon="1.989466"><ele>116.2</ele><time>2025-09-17T15:00:42Z</time></trkpt>
      <trkpt lat="48.708995" lon="1.989468"><ele>115.8</ele><time>2025-09-17T15:00:43Z</time></trkpt>
      <trkpt lat="48.708996" lon="1.989470"><ele>115.5</ele><time>2025-09-17T15:00:44Z</time></trkpt>
      <trkpt lat="48.708996" lon="1.989472"><ele>115.0</ele><time>2025-09-17T15:00:45Z</time></trkpt>
      <trkpt lat="48.708995" lon="1.989471"><ele>114.2</ele><time>2025-09-17T15:00:46Z</time></trkpt>
      <trkpt lat="48.708992" lon="1.989470"><ele>114.0</ele><time>2025-09-17T15:00:47Z</time></trkpt>
      <trkpt lat="48.708989" lon="1.989469"><ele>113.9</ele><time>2025-09-17T15:00:48Z</time></trkpt>
      <trkpt lat="48.708989" lon="1.989467"><ele>113.6</ele><time>2025-09-17T15:00:49Z</time></trkpt>
      <trkpt lat="48.708989" lon="1.989465"><ele>113.6</ele><time>2025-09-17T15:00:50Z</time></trkpt>
      <trkpt lat="48.708989" lon="1.989463"><ele>113.6</ele><time>2025-09-17T15:00:51Z</time></trkpt>
      <trkpt lat="48.708990" lon="1.989465"><ele>113.5</ele><time>2025-09-17T15:00:52Z</time></trkpt>
      <trkpt lat="48.708991" lon="1.989466"><ele>113.4</ele><time>2025-09-17T15:00:53Z</time></trkpt>
      <trkpt lat="48.708991" lon="1.989466"><ele>113.2</ele><time>2025-09-17T15:00:54Z</time></trkpt>
      <trkpt lat="48.708990" lon="1.989465"><ele>112.9</ele><time>2025-09-17T15:00:55Z</time></trkpt>
      <trkpt lat="48.708990" lon="1.989464"><ele>112.7</ele><time>2025-09-17T15:00:56Z</time></trkpt>
      <trkpt lat="48.708989" lon="1.989462"><ele>112.4</ele><time>2025-09-17T15:00:57Z</time></trkpt>
      <trkpt lat="48.708987" lon="1.989461"><ele>112.0</ele><time>2025-09-17T15:00:58Z</time></trkpt>
      <trkpt lat="48.708986" lon="1.989459"><ele>111.7</ele><time>2025-09-17T15:00:59Z</time></trkpt>
      <trkpt lat="48.708985" lon="1.989458"><ele>111.4</ele><time>2025-09-17T15:01:00Z</time></trkpt>
      <trkpt lat="48.708985" lon="1.989457"><ele>111.0</ele><time>2025-09-17T15:01:01Z</time></trkpt>
      <trkpt lat="48.708985" lon="1.989456"><ele>110.8</ele><time>2025-09-17T15:01:02Z</time></trkpt>
      <trkpt lat="48.708984" lon="1.989455"><ele>110.6</ele><time>2025-09-17T15:01:03Z</time></trkpt>
      <trkpt lat="48.708984" lon="1.989456"><ele>110.3</ele><time>2025-09-17T15:01:04Z</time></trkpt>
      <trkpt lat="48.708984" lon="1.989460"><ele>110.1</ele><time>2025-09-17T15:01:05Z</time></trkpt>
      <trkpt lat="48.708985" lon="1.989460"><ele>110.1</ele><time>2025-09-17T15:01:06Z</time></trkpt>
      <trkpt lat="48.708985" lon="1.989459"><ele>110.2</ele><time>2025-09-17T15:01:07Z</time></trkpt>
      <trkpt lat="48.708988" lon="1.989467"><ele>110.2</ele><time>2025-09-17T15:01:08Z</time></trkpt>
      <trkpt lat="48.708986" lon="1.989487"><ele>110.3</ele><time>2025-09-17T15:01:09Z</time></trkpt>
      <trkpt lat="48.708983" lon="1.989508"><ele>110.2</ele><time>2025-09-17T15:01:10Z</time></trkpt>
      <trkpt lat="48.709001" lon="1.989536"><ele>110.4</ele><time>2025-09-17T15:01:11Z</time></trkpt>
      <trkpt lat="48.709032" lon="1.989550"><ele>110.4</ele><time>2025-09-17T15:01:12Z</time></trkpt>
      <trkpt lat="48.709073" lon="1.989564"><ele>110.6</ele><time>2025-09-17T15:01:13Z</time></trkpt>
      <trkpt lat="48.709124" lon="1.989580"><ele>110.3</ele><time>2025-09-17T15:01:14Z</time></trkpt>
      <trkpt lat="48.709181" lon="1.989596"><ele>110.1</ele><time>2025-09-17T15:01:15Z</time></trkpt>
      <trkpt lat="48.709239" lon="1.989607"><ele>110.1</ele><time>2025-09-17T15:01:16Z</time></trkpt>
      <trkpt lat="48.709311" lon="1.989612"><ele>110.1</ele><time>2025-09-17T15:01:17Z</time></trkpt>
      <trkpt lat="48.709384" lon="1.989618"><ele>109.9</ele><time>2025-09-17T15:01:18Z</time></trkpt>
      <trkpt lat="48.709471" lon="1.989627"><ele>109.5</ele><time>2025-09-17T15:01:19Z</time></trkpt>
      <trkpt lat="48.709558" lon="1.989636"><ele>109.9</ele><time>2025-09-17T15:01:20Z</time></trkpt>
      <trkpt lat="48.709648" lon="1.989656"><ele>111.1</ele><time>2025-09-17T15:01:21Z</time></trkpt>
      <trkpt lat="48.709744" lon="1.989680"><ele>112.6</ele><time>2025-09-17T15:01:22Z</time></trkpt>
      <trkpt lat="48.709839" lon="1.989700"><ele>113.0</ele><time>2025-09-17T15:01:23Z</time></trkpt>
      <trkpt lat="48.709934" lon="1.989722"><ele>114.8</ele><time>2025-09-17T15:01:24Z</time></trkpt>
      <trkpt lat="48.710036" lon="1.989734"><ele>116.5</ele><time>2025-09-17T15:01:25Z</time></trkpt>
      <trkpt lat="48.710143" lon="1.989766"><ele>119.0</ele><time>2025-09-17T15:01:26Z</time></trkpt>
      <trkpt lat="48.710242" lon="1.989812"><ele>119.5</ele><time>2025-09-17T15:01:27Z</time></trkpt>
      <trkpt lat="48.710352" lon="1.989851"><ele>120.2</ele><time>2025-09-17T15:01:28Z</time></trkpt>
      <trkpt lat="48.710468" lon="1.989901"><ele>120.0</ele><time>2025-09-17T15:01:29Z</time></trkpt>
      <trkpt lat="48.710584" lon="1.989972"><ele>120.9</ele><time>2025-09-17T15:01:30Z</time></trkpt>
      <trkpt lat="48.710695" lon="1.990055"><ele>122.9</ele><time>2025-09-17T15:01:31Z</time></trkpt>
      <trkpt lat="48.710823" lon="1.990142"><ele>126.6</ele><time>2025-09-17T15:01:32Z</time></trkpt>
      <trkpt lat="48.710939" lon="1.990216"><ele>125.6</ele><time>2025-09-17T15:01:33Z</time></trkpt>
      <trkpt lat="48.711042" lon="1.990299"><ele>123.5</ele><time>2025-09-17T15:01:34Z</time></trkpt>
      <trkpt lat="48.711131" lon="1.990379"><ele>119.8</ele><time>2025-09-17T15:01:35Z</time></trkpt>
      <trkpt lat="48.711204" lon="1.990479"><ele>118.6</ele><time>2025-09-17T15:01:36Z</time></trkpt>
      <trkpt lat="48.711261" lon="1.990617"><ele>118.7</ele><time>2025-09-17T15:01:37Z</time></trkpt>
      <trkpt lat="48.711260" lon="1.990758"><ele>117.5</ele><time>2025-09-17T15:01:38Z</time></trkpt>
      <trkpt lat="48.711235" lon="1.990900"><ele>120.0</ele><time>2025-09-17T15:01:39Z</time></trkpt>
      <trkpt lat="48.711180" lon="1.991050"><ele>120.3</ele><time>2025-09-17T15:01:40Z</time></trkpt>
      <trkpt lat="48.711119" lon="1.991202"><ele>120.3</ele><time>2025-09-17T15:01:41Z</time></trkpt>
      <trkpt lat="48.711109" lon="1.991381"><ele>121.4</ele><time>2025-09-17T15:01:42Z</time></trkpt>
      <trkpt lat="48.711146" lon="1.991576"><ele>120.1</ele><time>2025-09-17T15:01:43Z</time></trkpt>
      <trkpt lat="48.711177" lon="1.991764"><ele>118.3</ele><time>2025-09-17T15:01:44Z</time></trkpt>
      <trkpt lat="48.711207" lon="1.991961"><ele>119.6</ele><time>2025-09-17T15:01:45Z</time></trkpt>
      <trkpt lat="48.711208" lon="1.992166"><ele>119.1</ele><time>2025-09-17T15:01:46Z</time></trkpt>
      <trkpt lat="48.711165" lon="1.992362"><ele>119.2</ele><time>2025-09-17T15:01:47Z</time></trkpt>
      <trkpt lat="48.711135" lon="1.992544"><ele>120.3</ele><time>2025-09-17T15:01:48Z</time></trkpt>
      <trkpt lat="48.711140" lon="1.992728"><ele>123.6</ele><time>2025-09-17T15:01:49Z</time></trkpt>
      <trkpt lat="48.711134" lon="1.992950"><ele>124.3</ele><time>2025-09-17T15:01:50Z</time></trkpt>
      <trkpt lat="48.711083" lon="1.993168"><ele>124.2</ele><time>2025-09-17T15:01:51Z</time></trkpt>
      <trkpt lat="48.710983" lon="1.993371"><ele>127.1</ele><time>2025-09-17T15:01:52Z</time></trkpt>
      <trkpt lat="48.710918" lon="1.993563"><ele>127.0</ele><time>2025-09-17T15:01:53Z</time></trkpt>
      <trkpt lat="48.710814" lon="1.993709"><ele>127.8</ele><time>2025-09-17T15:01:54Z</time></trkpt>
      <trkpt lat="48.710726" lon="1.993853"><ele>127.3</ele><time>2025-09-17T15:01:55Z</time></trkpt>
      <trkpt lat="48.710640" lon="1.993990"><ele>127.6</ele><time>2025-09-17T15:01:56Z</time></trkpt>
      <trkpt lat="48.710582" lon="1.994166"><ele>129.7</ele><time>2025-09-17T15:01:57Z</time></trkpt>
      <trkpt lat="48.710531" lon="1.994379"><ele>131.4</ele><time>2025-09-17T15:01:58Z</time></trkpt>
      <trkpt lat="48.710487" lon="1.994598"><ele>135.0</ele><time>2025-09-17T15:01:59Z</time></trkpt>
      <trkpt lat="48.710406" lon="1.994778"><ele>134.8</ele><time>2025-09-17T15:02:00Z</time></trkpt>
      <trkpt lat="48.710311" lon="1.994930"><ele>136.0</ele><time>2025-09-17T15:02:01Z</time></trkpt>
      <trkpt lat="48.710223" lon="1.995083"><ele>137.6</ele><time>2025-09-17T15:02:02Z</time></trkpt>
      <trkpt lat="48.710119" lon="1.995228"><ele>138.5</ele><time>2025-09-17T15:02:03Z</time></trkpt>
      <trkpt lat="48.710076" lon="1.995427"><ele>138.9</ele><time>2025-09-17T15:02:04Z</time></trkpt>
      <trkpt lat="48.710031" lon="1.995650"><ele>138.5</ele><time>2025-09-17T15:02:05Z</time></trkpt>
      <trkpt lat="48.710006" lon="1.995866"><ele>136.3</ele><time>2025-09-17T15:02:06Z</time></trkpt>
      <trkpt lat="48.709977" lon="1.996056"><ele>136.6</ele><time>2025-09-17T15:02:07Z</time></trkpt>
      <trkpt lat="48.709949" lon="1.996220"><ele>137.1</ele><time>2025-09-17T15:02:08Z</time></trkpt>
      <trkpt lat="48.709888" lon="1.996338"><ele>137.8</ele><time>2025-09-17T15:02:09Z</time></trkpt>
      <trkpt lat="48.709811" lon="1.996446"><ele>138.9</ele><time>2025-09-17T15:02:10Z</time></trkpt>
      <trkpt lat="48.709716" lon="1.996556"><ele>139.4</ele><time>2025-09-17T15:02:11Z</time></trkpt>
      <trkpt lat="48.709587" lon="1.996678"><ele>138.1</ele><time>2025-09-17T15:02:12Z</time></trkpt>
      <trkpt lat="48.709477" lon="1.996806"><ele>138.1</ele><time>2025-09-17T15:02:13Z</time></trkpt>
      <trkpt lat="48.709384" lon="1.996949"><ele>139.2</ele><time>2025-09-17T15:02:14Z</time></trkpt>
      <trkpt lat="48.709330" lon="1.997157"><ele>141.2</ele><time>2025-09-17T15:02:15Z</time></trkpt>
      <trkpt lat="48.709290" lon="1.997404"><ele>142.6</ele><time>2025-09-17T15:02:16Z</time></trkpt>
      <trkpt lat="48.709247" lon="1.997682"><ele>144.9</ele><time>2025-09-17T15:02:17Z</time></trkpt>
      <trkpt lat="48.709218" lon="1.997954"><ele>146.9</ele><time>2025-09-17T15:02:18Z</time></trkpt>
      <trkpt lat="48.709153" lon="1.998184"><ele>149.9</ele><time>2025-09-17T15:02:19Z</time></trkpt>
      <trkpt lat="48.709076" lon="1.998372"><ele>151.4</ele><time>2025-09-17T15:02:20Z</time></trkpt>
      <trkpt lat="48.708978" lon="1.998501"><ele>152.2</ele><time>2025-09-17T15:02:21Z</time></trkpt>
      <trkpt lat="48.708877" lon="1.998589"><ele>152.4</ele><time>2025-09-17T15:02:22Z</time></trkpt>
      <trkpt lat="48.708776" lon="1.998656"><ele>153.4</ele><time>2025-09-17T15:02:23Z</time></trkpt>
      <trkpt lat="48.708665" lon="1.998747"><ele>154.3</ele><time>2025-09-17T15:02:24Z</time></trkpt>
      <trkpt lat="48.708595" lon="1.998897"><ele>154.7</ele><time>2025-09-17T15:02:25Z</time></trkpt>
      <trkpt lat="48.708533" lon="1.999023"><ele>152.3</ele><time>2025-09-17T15:02:26Z</time></trkpt>
      <trkpt lat="48.708509" lon="1.999148"><ele>153.7</ele><time>2025-09-17T15:02:27Z</time></trkpt>
      <trkpt lat="48.708478" lon="1.999249"><ele>154.7</ele><time>2025-09-17T15:02:28Z</time></trkpt>
      <trkpt lat="48.708449" lon="1.999323"><ele>156.5</ele><time>2025-09-17T15:02:29Z</time></trkpt>
      <trkpt lat="48.708415" lon="1.999376"><ele>158.3</ele><time>2025-09-17T15:02:30Z</time></trkpt>
      <trkpt lat="48.708396" lon="1.999428"><ele>159.3</ele><time>2025-09-17T15:02:31Z</time></trkpt>
      <trkpt lat="48.708390" lon="1.999456"><ele>159.8</ele><time>2025-09-17T15:02:32Z</time></trkpt>
      <trkpt lat="48.708376" lon="1.999492"><ele>162.0</ele><time>2025-09-17T15:02:33Z</time></trkpt>
      <trkpt lat="48.708356" lon="1.999545"><ele>163.3</ele><time>2025-09-17T15:02:34Z</time></trkpt>
      <trkpt lat="48.708339" lon="1.999599"><ele>162.6</ele><time>2025-09-17T15:02:35Z</time></trkpt>
      <trkpt lat="48.708338" lon="1.999683"><ele>164.4</ele><time>2025-09-17T15:02:36Z</time></trkpt>
      <trkpt lat="48.708325" lon="1.999766"><ele>163.9</ele><time>2025-09-17T15:02:37Z</time></trkpt>
      <trkpt lat="48.708285" lon="1.999850"><ele>164.1</ele><time>2025-09-17T15:02:38Z</time></trkpt>
      <trkpt lat="48.708261" lon="1.999920"><ele>164.1</ele><time>2025-09-17T15:02:39Z</time></trkpt>
      <trkpt lat="48.708234" lon="1.999957"><ele>164.5</ele><time>2025-09-17T15:02:40Z</time></trkpt>
      <trkpt lat="48.708202" lon="2.000001"><ele>166.4</ele><time>2025-09-17T15:02:41Z</time></trkpt>
      <trkpt lat="48.708177" lon="2.000037"><ele>167.3</ele><time>2025-09-17T15:02:42Z</time></trkpt>
      <trkpt lat="48.708148" lon="2.000050"><ele>168.0</ele><time>2025-09-17T15:02:43Z</time></trkpt>
      <trkpt lat="48.708115" lon="2.000077"><ele>170.0</ele><time>2025-09-17T15:02:44Z</time></trkpt>
      <trkpt lat="48.708092" lon="2.000120"><ele>171.7</ele><time>2025-09-17T15:02:45Z</time></trkpt>
      <trkpt lat="48.708069" lon="2.000179"><ele>173.1</ele><time>2025-09-17T15:02:46Z</time></trkpt>
      <trkpt lat="48.708054" lon="2.000235"><ele>173.1</ele><time>2025-09-17T15:02:47Z</time></trkpt>
      <trkpt lat="48.708033" lon="2.000279"><ele>173.4</ele><time>2025-09-17T15:02:48Z</time></trkpt>
      <trkpt lat="48.707999" lon="2.000308"><ele>175.6</ele><time>2025-09-17T15:02:49Z</time></trkpt>
      <trkpt lat="48.707960" lon="2.000378"><ele>179.5</ele><time>2025-09-17T15:02:50Z</time></trkpt>
      <trkpt lat="48.707936" lon="2.000448"><ele>180.6</ele><time>2025-09-17T15:02:51Z</time></trkpt>
      <trkpt lat="48.707914" lon="2.000492"><ele>180.6</ele><time>2025-09-17T15:02:52Z</time></trkpt>
      <trkpt lat="48.707896" lon="2.000551"><ele>181.4</ele><time>2025-09-17T15:02:53Z</time></trkpt>
      <trkpt lat="48.707884" lon="2.000627"><ele>181.6</ele><time>2025-09-17T15:02:54Z</time></trkpt>
      <trkpt lat="48.707875" lon="2.000713"><ele>182.1</ele><time>2025-09-17T15:02:55Z</time></trkpt>
      <trkpt lat="48.707868" lon="2.000794"><ele>181.8</ele><time>2025-09-17T15:02:56Z</time></trkpt>
      <trkpt lat="48.707868" lon="2.000861"><ele>182.0</ele><time>2025-09-17T15:02:57Z</time></trkpt>
      <trkpt lat="48.707845" lon="2.000910"><ele>183.3</ele><time>2025-09-17T15:02:58Z</time></trkpt>
      <trkpt lat="48.707838" lon="2.000971"><ele>185.3</ele><time>2025-09-17T15:02:59Z</time></trkpt>
      <trkpt lat="48.707842" lon="2.001028"><ele>186.5</ele><time>2025-09-17T15:03:00Z</time></trkpt>
      <trkpt lat="48.707839" lon="2.001073"><ele>189.1</ele><time>2025-09-17T15:03:01Z</time></trkpt>
      <trkpt lat="48.707838" lon="2.001104"><ele>190.0</ele><time>2025-09-17T15:03:02Z</time></trkpt>
      <trkpt lat="48.707842" lon="2.001134"><ele>192.3</ele><time>2025-09-17T15:03:03Z</time></trkpt>
      <trkpt lat="48.707863" lon="2.001178"><ele>193.1</ele><time>2025-09-17T15:03:04Z</time></trkpt>
      <trkpt lat="48.707891" lon="2.001208"><ele>193.4</ele><time>2025-09-17T15:03:05Z</time></trkpt>
      <trkpt lat="48.707920" lon="2.001232"><ele>196.9</ele><time>2025-09-17T15:03:06Z</time></trkpt>
      <trkpt lat="48.707960" lon="2.001258"><ele>202.0</ele><time>2025-09-17T15:03:07Z</time></trkpt>
      <trkpt lat="48.707994" lon="2.001273"><ele>204.8</ele><time>2025-09-17T15:03:08Z</time></trkpt>
      <trkpt lat="48.708039" lon="2.001293"><ele>209.9</ele><time>2025-09-17T15:03:09Z</time></trkpt>
      <trkpt lat="48.708090" lon="2.001319"><ele>213.3</ele><time>2025-09-17T15:03:10Z</time></trkpt>
      <trkpt lat="48.708141" lon="2.001314"><ele>216.2</ele><time>2025-09-17T15:03:11Z</time></trkpt>
      <trkpt lat="48.708210" lon="2.001320"><ele>221.6</ele><time>2025-09-17T15:03:12Z</time></trkpt>
      <trkpt lat="48.708282" lon="2.001322"><ele>227.1</ele><time>2025-09-17T15:03:13Z</time></trkpt>
      <trkpt lat="48.708340" lon="2.001345"><ele>233.7</ele><time>2025-09-17T15:03:14Z</time></trkpt>
      <trkpt lat="48.708398" lon="2.001341"><ele>237.3</ele><time>2025-09-17T15:03:15Z</time></trkpt>
      <trkpt lat="48.708438" lon="2.001333"><ele>240.7</ele><time>2025-09-17T15:03:16Z</time></trkpt>
      <trkpt lat="48.708493" lon="2.001335"><ele>244.7</ele><time>2025-09-17T15:03:17Z</time></trkpt>
      <trkpt lat="48.708535" lon="2.001336"><ele>243.7</ele><time>2025-09-17T15:03:18Z</time></trkpt>
      <trkpt lat="48.708583" lon="2.001366"><ele>244.6</ele><time>2025-09-17T15:03:19Z</time></trkpt>
      <trkpt lat="48.708624" lon="2.001380"><ele>243.0</ele><time>2025-09-17T15:03:20Z</time></trkpt>
      <trkpt lat="48.708674" lon="2.001413"><ele>245.0</ele><time>2025-09-17T15:03:21Z</time></trkpt>
      <trkpt lat="48.708722" lon="2.001432"><ele>245.8</ele><time>2025-09-17T15:03:22Z</time></trkpt>
      <trkpt lat="48.708776" lon="2.001424"><ele>247.1</ele><time>2025-09-17T15:03:23Z</time></trkpt>
      <trkpt lat="48.708818" lon="2.001420"><ele>250.0</ele><time>2025-09-17T15:03:24Z</time></trkpt>
      <trkpt lat="48.708874" lon="2.001423"><ele>253.1</ele><time>2025-09-17T15:03:25Z</time></trkpt>
      <trkpt lat="48.708955" lon="2.001467"><ele>256.3</ele><time>2025-09-17T15:03:26Z</time></trkpt>
      <trkpt lat="48.709046" lon="2.001499"><ele>258.6</ele><time>2025-09-17T15:03:27Z</time></trkpt>
      <trkpt lat="48.709147" lon="2.001547"><ele>261.3</ele><time>2025-09-17T15:03:28Z</time></trkpt>
      <trkpt lat="48.709240" lon="2.001578"><ele>261.5</ele><time>2025-09-17T15:03:29Z</time></trkpt>
      <trkpt lat="48.709340" lon="2.001627"><ele>265.1</ele><time>2025-09-17T15:03:30Z</time></trkpt>
      <trkpt lat="48.709475" lon="2.001676"><ele>267.7</ele><time>2025-09-17T15:03:31Z</time></trkpt>
      <trkpt lat="48.709607" lon="2.001672"><ele>268.1</ele><time>2025-09-17T15:03:32Z</time></trkpt>
      <trkpt lat="48.709772" lon="2.001678"><ele>272.3</ele><time>2025-09-17T15:03:33Z</time></trkpt>
      <trkpt lat="48.709978" lon="2.001671"><ele>272.8</ele><time>2025-09-17T15:03:34Z</time></trkpt>
      <trkpt lat="48.710194" lon="2.001627"><ele>269.4</ele><time>2025-09-17T15:03:35Z</time></trkpt>
      <trkpt lat="48.710424" lon="2.001586"><ele>268.2</ele><time>2025-09-17T15:03:36Z</time></trkpt>
      <trkpt lat="48.710665" lon="2.001573"><ele>262.6</ele><time>2025-09-17T15:03:37Z</time></trkpt>
      <trkpt lat="48.710893" lon="2.001587"><ele>252.0</ele><time>2025-09-17T15:03:38Z</time></trkpt>
      <trkpt lat="48.711118" lon="2.001581"><ele>243.0</ele><time>2025-09-17T15:03:39Z</time></trkpt>
      <trkpt lat="48.711321" lon="2.001599"><ele>235.4</ele><time>2025-09-17T15:03:40Z</time></trkpt>
      <trkpt lat="48.711526" lon="2.001625"><ele>231.8</ele><time>2025-09-17T15:03:41Z</time></trkpt>
      <trkpt lat="48.711727" lon="2.001645"><ele>228.2</ele><time>2025-09-17T15:03:42Z</time></trkpt>
      <trkpt lat="48.711925" lon="2.001661"><ele>225.7</ele><time>2025-09-17T15:03:43Z</time></trkpt>
      <trkpt lat="48.712122" lon="2.001681"><ele>223.2</ele><time>2025-09-17T15:03:44Z</time></trkpt>
      <trkpt lat="48.712317" lon="2.001696"><ele>220.8</ele><time>2025-09-17T15:03:45Z</time></trkpt>
      <trkpt lat="48.712515" lon="2.001716"><ele>219.1</ele><time>2025-09-17T15:03:46Z</time></trkpt>
      <trkpt lat="48.712709" lon="2.001734"><ele>216.2</ele><time>2025-09-17T15:03:47Z</time></trkpt>
      <trkpt lat="48.712913" lon="2.001769"><ele>213.8</ele><time>2025-09-17T15:03:48Z</time></trkpt>
      <trkpt lat="48.713120" lon="2.001802"><ele>209.4</ele><time>2025-09-17T15:03:49Z</time></trkpt>
      <trkpt lat="48.713320" lon="2.001828"><ele>205.1</ele><time>2025-09-17T15:03:50Z</time></trkpt>
      <trkpt lat="48.713522" lon="2.001855"><ele>202.7</ele><time>2025-09-17T15:03:51Z</time></trkpt>
      <trkpt lat="48.713729" lon="2.001881"><ele>200.4</ele><time>2025-09-17T15:03:52Z</time></trkpt>
      <trkpt lat="48.713936" lon="2.001902"><ele>198.0</ele><time>2025-09-17T15:03:53Z</time></trkpt>
      <trkpt lat="48.714139" lon="2.001918"><ele>195.4</ele><time>2025-09-17T15:03:54Z</time></trkpt>
      <trkpt lat="48.714342" lon="2.001939"><ele>194.0</ele><time>2025-09-17T15:03:55Z</time></trkpt>
      <trkpt lat="48.714543" lon="2.001962"><ele>192.5</ele><time>2025-09-17T15:03:56Z</time></trkpt>
      <trkpt lat="48.714737" lon="2.001982"><ele>191.3</ele><time>2025-09-17T15:03:57Z</time></trkpt>
      <trkpt lat="48.714923" lon="2.002002"><ele>190.2</ele><time>2025-09-17T15:03:58Z</time></trkpt>
      <trkpt lat="48.715099" lon="2.002022"><ele>189.2</ele><time>2025-09-17T15:03:59Z</time></trkpt>
      <trkpt lat="48.715254" lon="2.002038"><ele>188.0</ele><time>2025-09-17T15:04:00Z</time></trkpt>
      <trkpt lat="48.715386" lon="2.002051"><ele>187.0</ele><time>2025-09-17T15:04:01Z</time></trkpt>
      <trkpt lat="48.715506" lon="2.002063"><ele>186.1</ele><time>2025-09-17T15:04:02Z</time></trkpt>
      <trkpt lat="48.715617" lon="2.002073"><ele>185.2</ele><time>2025-09-17T15:04:03Z</time></trkpt>
      <trkpt lat="48.715720" lon="2.002083"><ele>184.6</ele><time>2025-09-17T15:04:04Z</time></trkpt>
      <trkpt lat="48.715819" lon="2.002093"><ele>183.8</ele><time>2025-09-17T15:04:05Z</time></trkpt>
      <trkpt lat="48.715919" lon="2.002103"><ele>183.0</ele><time>2025-09-17T15:04:06Z</time></trkpt>
      <trkpt lat="48.716026" lon="2.002114"><ele>182.3</ele><time>2025-09-17T15:04:07Z</time></trkpt>
      <trkpt lat="48.716137" lon="2.002125"><ele>181.6</ele><time>2025-09-17T15:04:08Z</time></trkpt>
      <trkpt lat="48.716251" lon="2.002134"><ele>180.9</ele><time>2025-09-17T15:04:09Z</time></trkpt>
      <trkpt lat="48.716366" lon="2.002141"><ele>180.2</ele><time>2025-09-17T15:04:10Z</time></trkpt>
      <trkpt lat="48.716478" lon="2.002149"><ele>179.6</ele><time>2025-09-17T15:04:11Z</time></trkpt>
      <trkpt lat="48.716584" lon="2.002158"><ele>179.0</ele><time>2025-09-17T15:04:12Z</time></trkpt>
      <trkpt lat="48.716688" lon="2.002169"><ele>178.3</ele><time>2025-09-17T15:04:13Z</time></trkpt>
      <trkpt lat="48.716788" lon="2.002180"><ele>177.7</ele><time>2025-09-17T15:04:14Z</time></trkpt>
      <trkpt lat="48.716889" lon="2.002187"><ele>177.0</ele><time>2025-09-17T15:04:15Z</time></trkpt>
      <trkpt lat="48.717004" lon="2.002194"><ele>176.5</ele><time>2025-09-17T15:04:16Z</time></trkpt>
      <trkpt lat="48.717133" lon="2.002203"><ele>176.0</ele><time>2025-09-17T15:04:17Z</time></trkpt>
      <trkpt lat="48.717270" lon="2.002215"><ele>175.2</ele><time>2025-09-17T15:04:18Z</time></trkpt>
      <trkpt lat="48.717421" lon="2.002230"><ele>174.7</ele><time>2025-09-17T15:04:19Z</time></trkpt>
      <trkpt lat="48.717587" lon="2.002247"><ele>174.0</ele><time>2025-09-17T15:04:20Z</time></trkpt>
      <trkpt lat="48.717760" lon="2.002264"><ele>173.4</ele><time>2025-09-17T15:04:21Z</time></trkpt>
      <trkpt lat="48.717933" lon="2.002277"><ele>172.8</ele><time>2025-09-17T15:04:22Z</time></trkpt>
      <trkpt lat="48.718103" lon="2.002291"><ele>172.3</ele><time>2025-09-17T15:04:23Z</time></trkpt>
      <trkpt lat="48.718271" lon="2.002304"><ele>171.7</ele><time>2025-09-17T15:04:24Z</time></trkpt>
      <trkpt lat="48.718440" lon="2.002317"><ele>171.2</ele><time>2025-09-17T15:04:25Z</time></trkpt>
      <trkpt lat="48.718607" lon="2.002331"><ele>170.9</ele><time>2025-09-17T15:04:26Z</time></trkpt>
      <trkpt lat="48.718762" lon="2.002343"><ele>170.5</ele><time>2025-09-17T15:04:27Z</time></trkpt>
      <trkpt lat="48.718908" lon="2.002353"><ele>170.2</ele><time>2025-09-17T15:04:28Z</time></trkpt>
      <trkpt lat="48.719043" lon="2.002360"><ele>169.9</ele><time>2025-09-17T15:04:29Z</time></trkpt>
      <trkpt lat="48.719169" lon="2.002354"><ele>169.4</ele><time>2025-09-17T15:04:30Z</time></trkpt>
      <trkpt lat="48.719286" lon="2.002337"><ele>169.2</ele><time>2025-09-17T15:04:31Z</time></trkpt>
      <trkpt lat="48.719393" lon="2.002317"><ele>168.8</ele><time>2025-09-17T15:04:32Z</time></trkpt>
      <trkpt lat="48.719491" lon="2.002295"><ele>168.4</ele><time>2025-09-17T15:04:33Z</time></trkpt>
      <trkpt lat="48.719575" lon="2.002276"><ele>167.9</ele><time>2025-09-17T15:04:34Z</time></trkpt>
      <trkpt lat="48.719649" lon="2.002262"><ele>167.5</ele><time>2025-09-17T15:04:35Z</time></trkpt>
      <trkpt lat="48.719714" lon="2.002257"><ele>166.9</ele><time>2025-09-17T15:04:36Z</time></trkpt>
      <trkpt lat="48.719781" lon="2.002276"><ele>166.5</ele><time>2025-09-17T15:04:37Z</time></trkpt>
      <trkpt lat="48.719849" lon="2.002325"><ele>166.0</ele><time>2025-09-17T15:04:38Z</time></trkpt>
      <trkpt lat="48.719917" lon="2.002389"><ele>165.6</ele><time>2025-09-17T15:04:39Z</time></trkpt>
      <trkpt lat="48.719991" lon="2.002433"><ele>165.4</ele><time>2025-09-17T15:04:40Z</time></trkpt>
      <trkpt lat="48.720066" lon="2.002442"><ele>165.1</ele><time>2025-09-17T15:04:41Z</time></trkpt>
      <trkpt lat="48.720139" lon="2.002408"><ele>164.9</ele><time>2025-09-17T15:04:42Z</time></trkpt>
      <trkpt lat="48.720199" lon="2.002336"><ele>164.8</ele><time>2025-09-17T15:04:43Z</time></trkpt>
      <trkpt lat="48.720238" lon="2.002240"><ele>164.6</ele><time>2025-09-17T15:04:44Z</time></trkpt>
      <trkpt lat="48.720246" lon="2.002130"><ele>164.2</ele><time>2025-09-17T15:04:45Z</time></trkpt>
      <trkpt lat="48.720223" lon="2.002024"><ele>164.0</ele><time>2025-09-17T15:04:46Z</time></trkpt>
      <trkpt lat="48.720175" lon="2.001936"><ele>163.8</ele><time>2025-09-17T15:04:47Z</time></trkpt>
      <trkpt lat="48.720105" lon="2.001889"><ele>163.4</ele><time>2025-09-17T15:04:48Z</time></trkpt>
      <trkpt lat="48.720028" lon="2.001889"><ele>163.5</ele><time>2025-09-17T15:04:49Z</time></trkpt>
      <trkpt lat="48.719947" lon="2.001940"><ele>163.1</ele><time>2025-09-17T15:04:50Z</time></trkpt>
      <trkpt lat="48.719863" lon="2.002034"><ele>162.9</ele><time>2025-09-17T15:04:51Z</time></trkpt>
      <trkpt lat="48.719762" lon="2.002129"><ele>162.2</ele><time>2025-09-17T15:04:52Z</time></trkpt>
      <trkpt lat="48.719642" lon="2.002206"><ele>161.9</ele><time>2025-09-17T15:04:53Z</time></trkpt>
      <trkpt lat="48.719492" lon="2.002260"><ele>161.7</ele><time>2025-09-17T15:04:54Z</time></trkpt>
      <trkpt lat="48.719331" lon="2.002299"><ele>162.1</ele><time>2025-09-17T15:04:55Z</time></trkpt>
      <trkpt lat="48.719158" lon="2.002323"><ele>162.1</ele><time>2025-09-17T15:04:56Z</time></trkpt>
      <trkpt lat="48.718980" lon="2.002330"><ele>162.0</ele><time>2025-09-17T15:04:57Z</time></trkpt>
      <trkpt lat="48.718800" lon="2.002328"><ele>162.1</ele><time>2025-09-17T15:04:58Z</time></trkpt>
      <trkpt lat="48.718626" lon="2.002324"><ele>162.1</ele><time>2025-09-17T15:04:59Z</time></trkpt>
      <trkpt lat="48.718450" lon="2.002315"><ele>162.1</ele><time>2025-09-17T15:05:00Z</time></trkpt>
      <trkpt lat="48.718279" lon="2.002300"><ele>162.3</ele><time>2025-09-17T15:05:01Z</time></trkpt>
      <trkpt lat="48.718123" lon="2.002286"><ele>162.3</ele><time>2025-09-17T15:05:02Z</time></trkpt>
      <trkpt lat="48.717977" lon="2.002271"><ele>162.4</ele><time>2025-09-17T15:05:03Z</time></trkpt>
      <trkpt lat="48.717837" lon="2.002260"><ele>162.4</ele><time>2025-09-17T15:05:04Z</time></trkpt>
      <trkpt lat="48.717695" lon="2.002247"><ele>162.1</ele><time>2025-09-17T15:05:05Z</time></trkpt>
      <trkpt lat="48.717552" lon="2.002236"><ele>161.9</ele><time>2025-09-17T15:05:06Z</time></trkpt>
      <trkpt lat="48.717410" lon="2.002226"><ele>161.8</ele><time>2025-09-17T15:05:07Z</time></trkpt>
      <trkpt lat="48.717267" lon="2.002218"><ele>161.8</ele><time>2025-09-17T15:05:08Z</time></trkpt>
      <trkpt lat="48.717121" lon="2.002208"><ele>161.8</ele><time>2025-09-17T15:05:09Z</time></trkpt>
      <trkpt lat="48.716971" lon="2.002197"><ele>161.8</ele><time>2025-09-17T15:05:10Z</time></trkpt>
      <trkpt lat="48.716818" lon="2.002185"><ele>161.7</ele><time>2025-09-17T15:05:11Z</time></trkpt>
      <trkpt lat="48.716664" lon="2.002173"><ele>161.6</ele><time>2025-09-17T15:05:12Z</time></trkpt>
      <trkpt lat="48.716510" lon="2.002160"><ele>161.6</ele><time>2025-09-17T15:05:13Z</time></trkpt>
      <trkpt lat="48.716357" lon="2.002147"><ele>161.6</ele><time>2025-09-17T15:05:14Z</time></trkpt>
      <trkpt lat="48.716200" lon="2.002135"><ele>161.6</ele><time>2025-09-17T15:05:15Z</time></trkpt>
      <trkpt lat="48.716035" lon="2.002123"><ele>161.6</ele><time>2025-09-17T15:05:16Z</time></trkpt>
      <trkpt lat="48.715864" lon="2.002112"><ele>161.7</ele><time>2025-09-17T15:05:17Z</time></trkpt>
      <trkpt lat="48.715690" lon="2.002101"><ele>161.8</ele><time>2025-09-17T15:05:18Z</time></trkpt>
      <trkpt lat="48.715516" lon="2.002088"><ele>161.8</ele><time>2025-09-17T15:05:19Z</time></trkpt>
      <trkpt lat="48.715344" lon="2.002074"><ele>161.9</ele><time>2025-09-17T15:05:20Z</time></trkpt>
      <trkpt lat="48.715175" lon="2.002061"><ele>162.0</ele><time>2025-09-17T15:05:21Z</time></trkpt>
      <trkpt lat="48.715007" lon="2.002048"><ele>162.1</ele><time>2025-09-17T15:05:22Z</time></trkpt>
      <trkpt lat="48.714839" lon="2.002033"><ele>162.2</ele><time>2025-09-17T15:05:23Z</time></trkpt>
      <trkpt lat="48.714672" lon="2.002018"><ele>162.2</ele><time>2025-09-17T15:05:24Z</time></trkpt>
      <trkpt lat="48.714506" lon="2.002007"><ele>162.3</ele><time>2025-09-17T15:05:25Z</time></trkpt>
      <trkpt lat="48.714340" lon="2.001995"><ele>162.4</ele><time>2025-09-17T15:05:26Z</time></trkpt>
      <trkpt lat="48.714173" lon="2.001981"><ele>162.5</ele><time>2025-09-17T15:05:27Z</time></trkpt>
      <trkpt lat="48.714006" lon="2.001968"><ele>162.7</ele><time>2025-09-17T15:05:28Z</time></trkpt>
      <trkpt lat="48.713839" lon="2.001954"><ele>162.8</ele><time>2025-09-17T15:05:29Z</time></trkpt>
      <trkpt lat="48.713670" lon="2.001941"><ele>163.0</ele><time>2025-09-17T15:05:30Z</time></trkpt>
      <trkpt lat="48.713500" lon="2.001927"><ele>163.0</ele><time>2025-09-17T15:05:31Z</time></trkpt>
      <trkpt lat="48.713328" lon="2.001914"><ele>163.2</ele><time>2025-09-17T15:05:32Z</time></trkpt>
      <trkpt lat="48.713153" lon="2.001904"><ele>163.2</ele><time>2025-09-17T15:05:33Z</time></trkpt>
      <trkpt lat="48.712978" lon="2.001895"><ele>163.4</ele><time>2025-09-17T15:05:34Z</time></trkpt>
      <trkpt lat="48.712802" lon="2.001879"><ele>163.7</ele><time>2025-09-17T15:05:35Z</time></trkpt>
      <trkpt lat="48.712626" lon="2.001859"><ele>164.0</ele><time>2025-09-17T15:05:36Z</time></trkpt>
      <trkpt lat="48.712449" lon="2.001839"><ele>164.2</ele><time>2025-09-17T15:05:37Z</time></trkpt>
      <trkpt lat="48.712268" lon="2.001823"><ele>164.5</ele><time>2025-09-17T15:05:38Z</time></trkpt>
      <trkpt lat="48.712089" lon="2.001806"><ele>164.7</ele><time>2025-09-17T15:05:39Z</time></trkpt>
      <trkpt lat="48.711913" lon="2.001789"><ele>164.9</ele><time>2025-09-17T15:05:40Z</time></trkpt>
      <trkpt lat="48.711743" lon="2.001775"><ele>165.1</ele><time>2025-09-17T15:05:41Z</time></trkpt>
      <trkpt lat="48.711576" lon="2.001761"><ele>165.3</ele><time>2025-09-17T15:05:42Z</time></trkpt>
      <trkpt lat="48.711411" lon="2.001749"><ele>165.5</ele><time>2025-09-17T15:05:43Z</time></trkpt>
      <trkpt lat="48.711248" lon="2.001737"><ele>165.5</ele><time>2025-09-17T15:05:44Z</time></trkpt>
      <trkpt lat="48.711085" lon="2.001723"><ele>165.3</ele><time>2025-09-17T15:05:45Z</time></trkpt>
      <trkpt lat="48.710920" lon="2.001711"><ele>165.4</ele><time>2025-09-17T15:05:46Z</time></trkpt>
      <trkpt lat="48.710760" lon="2.001695"><ele>165.5</ele><time>2025-09-17T15:05:47Z</time></trkpt>
      <trkpt lat="48.710605" lon="2.001680"><ele>165.6</ele><time>2025-09-17T15:05:48Z</time></trkpt>
      <trkpt lat="48.710453" lon="2.001667"><ele>165.7</ele><time>2025-09-17T15:05:49Z</time></trkpt>
      <trkpt lat="48.710301" lon="2.001662"><ele>165.7</ele><time>2025-09-17T15:05:50Z</time></trkpt>
      <trkpt lat="48.710156" lon="2.001677"><ele>166.1</ele><time>2025-09-17T15:05:51Z</time></trkpt>
      <trkpt lat="48.710014" lon="2.001676"><ele>166.6</ele><time>2025-09-17T15:05:52Z</time></trkpt>
      <trkpt lat="48.709898" lon="2.001691"><ele>167.1</ele><time>2025-09-17T15:05:53Z</time></trkpt>
      <trkpt lat="48.709760" lon="2.001704"><ele>168.5</ele><time>2025-09-17T15:05:54Z</time></trkpt>
      <trkpt lat="48.709621" lon="2.001702"><ele>170.2</ele><time>2025-09-17T15:05:55Z</time></trkpt>
      <trkpt lat="48.709447" lon="2.001690"><ele>170.3</ele><time>2025-09-17T15:05:56Z</time></trkpt>
      <trkpt lat="48.709307" lon="2.001691"><ele>170.5</ele><time>2025-09-17T15:05:57Z</time></trkpt>
      <trkpt lat="48.709164" lon="2.001682"><ele>170.6</ele><time>2025-09-17T15:05:58Z</time></trkpt>
      <trkpt lat="48.709038" lon="2.001679"><ele>171.2</ele><time>2025-09-17T15:05:59Z</time></trkpt>
      <trkpt lat="48.708896" lon="2.001660"><ele>169.8</ele><time>2025-09-17T15:06:00Z</time></trkpt>
      <trkpt lat="48.708774" lon="2.001679"><ele>170.0</ele><time>2025-09-17T15:06:01Z</time></trkpt>
      <trkpt lat="48.708636" lon="2.001668"><ele>171.1</ele><time>2025-09-17T15:06:02Z</time></trkpt>
      <trkpt lat="48.708523" lon="2.001640"><ele>171.1</ele><time>2025-09-17T15:06:03Z</time></trkpt>
      <trkpt lat="48.708338" lon="2.001608"><ele>174.7</ele><time>2025-09-17T15:06:04Z</time></trkpt>
      <trkpt lat="48.708193" lon="2.001584"><ele>172.6</ele><time>2025-09-17T15:06:05Z</time></trkpt>
      <trkpt lat="48.708075" lon="2.001528"><ele>172.7</ele><time>2025-09-17T15:06:06Z</time></trkpt>
      <trkpt lat="48.707968" lon="2.001432"><ele>174.3</ele><time>2025-09-17T15:06:07Z</time></trkpt>
      <trkpt lat="48.707948" lon="2.001325"><ele>176.6</ele><time>2025-09-17T15:06:08Z</time></trkpt>
      <trkpt lat="48.707918" lon="2.001152"><ele>179.9</ele><time>2025-09-17T15:06:09Z</time></trkpt>
      <trkpt lat="48.707940" lon="2.000940"><ele>180.7</ele><time>2025-09-17T15:06:10Z</time></trkpt>
      <trkpt lat="48.707991" lon="2.000721"><ele>180.2</ele><time>2025-09-17T15:06:11Z</time></trkpt>
      <trkpt lat="48.708062" lon="2.000532"><ele>180.9</ele><time>2025-09-17T15:06:12Z</time></trkpt>
      <trkpt lat="48.708120" lon="2.000346"><ele>183.4</ele><time>2025-09-17T15:06:13Z</time></trkpt>
      <trkpt lat="48.708159" lon="2.000171"><ele>184.0</ele><time>2025-09-17T15:06:14Z</time></trkpt>
      <trkpt lat="48.708206" lon="2.000022"><ele>181.1</ele><time>2025-09-17T15:06:15Z</time></trkpt>
      <trkpt lat="48.708238" lon="1.999898"><ele>180.8</ele><time>2025-09-17T15:06:16Z</time></trkpt>
      <trkpt lat="48.708261" lon="1.999760"><ele>182.3</ele><time>2025-09-17T15:06:17Z</time></trkpt>
      <trkpt lat="48.708292" lon="1.999612"><ele>184.7</ele><time>2025-09-17T15:06:18Z</time></trkpt>
      <trkpt lat="48.708326" lon="1.999477"><ele>186.6</ele><time>2025-09-17T15:06:19Z</time></trkpt>
      <trkpt lat="48.708363" lon="1.999347"><ele>185.8</ele><time>2025-09-17T15:06:20Z</time></trkpt>
      <trkpt lat="48.708407" lon="1.999192"><ele>185.0</ele><time>2025-09-17T15:06:21Z</time></trkpt>
      <trkpt lat="48.708457" lon="1.999006"><ele>186.2</ele><time>2025-09-17T15:06:22Z</time></trkpt>
      <trkpt lat="48.708537" lon="1.998884"><ele>182.5</ele><time>2025-09-17T15:06:23Z</time></trkpt>
      <trkpt lat="48.708622" lon="1.998797"><ele>183.7</ele><time>2025-09-17T15:06:24Z</time></trkpt>
      <trkpt lat="48.708695" lon="1.998713"><ele>186.9</ele><time>2025-09-17T15:06:25Z</time></trkpt>
      <trkpt lat="48.708769" lon="1.998597"><ele>194.4</ele><time>2025-09-17T15:06:26Z</time></trkpt>
      <trkpt lat="48.708863" lon="1.998414"><ele>198.0</ele><time>2025-09-17T15:06:27Z</time></trkpt>
      <trkpt lat="48.708941" lon="1.998199"><ele>194.9</ele><time>2025-09-17T15:06:28Z</time></trkpt>
      <trkpt lat="48.708997" lon="1.997953"><ele>196.9</ele><time>2025-09-17T15:06:29Z</time></trkpt>
      <trkpt lat="48.709037" lon="1.997704"><ele>198.2</ele><time>2025-09-17T15:06:30Z</time></trkpt>
      <trkpt lat="48.709069" lon="1.997463"><ele>197.9</ele><time>2025-09-17T15:06:31Z</time></trkpt>
      <trkpt lat="48.709110" lon="1.997243"><ele>198.0</ele><time>2025-09-17T15:06:32Z</time></trkpt>
      <trkpt lat="48.709164" lon="1.997040"><ele>195.2</ele><time>2025-09-17T15:06:33Z</time></trkpt>
      <trkpt lat="48.709250" lon="1.996871"><ele>193.1</ele><time>2025-09-17T15:06:34Z</time></trkpt>
      <trkpt lat="48.709353" lon="1.996731"><ele>192.0</ele><time>2025-09-17T15:06:35Z</time></trkpt>
      <trkpt lat="48.709472" lon="1.996630"><ele>194.9</ele><time>2025-09-17T15:06:36Z</time></trkpt>
      <trkpt lat="48.709569" lon="1.996530"><ele>197.5</ele><time>2025-09-17T15:06:37Z</time></trkpt>
      <trkpt lat="48.709648" lon="1.996405"><ele>201.0</ele><time>2025-09-17T15:06:38Z</time></trkpt>
      <trkpt lat="48.709720" lon="1.996272"><ele>201.7</ele><time>2025-09-17T15:06:39Z</time></trkpt>
      <trkpt lat="48.709783" lon="1.996127"><ele>203.9</ele><time>2025-09-17T15:06:40Z</time></trkpt>
      <trkpt lat="48.709816" lon="1.995954"><ele>205.2</ele><time>2025-09-17T15:06:41Z</time></trkpt>
      <trkpt lat="48.709827" lon="1.995729"><ele>207.5</ele><time>2025-09-17T15:06:42Z</time></trkpt>
      <trkpt lat="48.709885" lon="1.995545"><ele>208.8</ele><time>2025-09-17T15:06:43Z</time></trkpt>
      <trkpt lat="48.709946" lon="1.995351"><ele>207.5</ele><time>2025-09-17T15:06:44Z</time></trkpt>
      <trkpt lat="48.710021" lon="1.995175"><ele>207.6</ele><time>2025-09-17T15:06:45Z</time></trkpt>
      <trkpt lat="48.710107" lon="1.995034"><ele>208.7</ele><time>2025-09-17T15:06:46Z</time></trkpt>
      <trkpt lat="48.710178" lon="1.994874"><ele>211.9</ele><time>2025-09-17T15:06:47Z</time></trkpt>
      <trkpt lat="48.710248" lon="1.994705"><ele>211.7</ele><time>2025-09-17T15:06:48Z</time></trkpt>
      <trkpt lat="48.710253" lon="1.994495"><ele>211.4</ele><time>2025-09-17T15:06:49Z</time></trkpt>
      <trkpt lat="48.710285" lon="1.994307"><ele>211.0</ele><time>2025-09-17T15:06:50Z</time></trkpt>
      <trkpt lat="48.710336" lon="1.994149"><ele>206.4</ele><time>2025-09-17T15:06:51Z</time></trkpt>
      <trkpt lat="48.710382" lon="1.993995"><ele>201.8</ele><time>2025-09-17T15:06:52Z</time></trkpt>
      <trkpt lat="48.710437" lon="1.993854"><ele>200.2</ele><time>2025-09-17T15:06:53Z</time></trkpt>
      <trkpt lat="48.710501" lon="1.993724"><ele>199.8</ele><time>2025-09-17T15:06:54Z</time></trkpt>
      <trkpt lat="48.710555" lon="1.993585"><ele>200.5</ele><time>2025-09-17T15:06:55Z</time></trkpt>
      <trkpt lat="48.710609" lon="1.993442"><ele>200.1</ele><time>2025-09-17T15:06:56Z</time></trkpt>
      <trkpt lat="48.710615" lon="1.993251"><ele>198.9</ele><time>2025-09-17T15:06:57Z</time></trkpt>
      <trkpt lat="48.710641" lon="1.993094"><ele>194.2</ele><time>2025-09-17T15:06:58Z</time></trkpt>
      <trkpt lat="48.710667" lon="1.992940"><ele>193.2</ele><time>2025-09-17T15:06:59Z</time></trkpt>
      <trkpt lat="48.710707" lon="1.992800"><ele>192.6</ele><time>2025-09-17T15:07:00Z</time></trkpt>
      <trkpt lat="48.710758" lon="1.992649"><ele>191.1</ele><time>2025-09-17T15:07:01Z</time></trkpt>
      <trkpt lat="48.710830" lon="1.992491"><ele>190.8</ele><time>2025-09-17T15:07:02Z</time></trkpt>
      <trkpt lat="48.710889" lon="1.992343"><ele>190.6</ele><time>2025-09-17T15:07:03Z</time></trkpt>
      <trkpt lat="48.710947" lon="1.992195"><ele>190.0</ele><time>2025-09-17T15:07:04Z</time></trkpt>
      <trkpt lat="48.710974" lon="1.992039"><ele>189.0</ele><time>2025-09-17T15:07:05Z</time></trkpt>
      <trkpt lat="48.710970" lon="1.991866"><ele>186.9</ele><time>2025-09-17T15:07:06Z</time></trkpt>
      <trkpt lat="48.710935" lon="1.991688"><ele>186.1</ele><time>2025-09-17T15:07:07Z</time></trkpt>
      <trkpt lat="48.710956" lon="1.991563"><ele>180.9</ele><time>2025-09-17T15:07:08Z</time></trkpt>
      <trkpt lat="48.710971" lon="1.991411"><ele>170.3</ele><time>2025-09-17T15:07:09Z</time></trkpt>
      <trkpt lat="48.710985" lon="1.991269"><ele>167.6</ele><time>2025-09-17T15:07:10Z</time></trkpt>
      <trkpt lat="48.711025" lon="1.991138"><ele>167.7</ele><time>2025-09-17T15:07:11Z</time></trkpt>
      <trkpt lat="48.711073" lon="1.991021"><ele>168.2</ele><time>2025-09-17T15:07:12Z</time></trkpt>
      <trkpt lat="48.711114" lon="1.990914"><ele>171.3</ele><time>2025-09-17T15:07:13Z</time></trkpt>
      <trkpt lat="48.711120" lon="1.990796"><ele>172.5</ele><time>2025-09-17T15:07:14Z</time></trkpt>
      <trkpt lat="48.711117" lon="1.990695"><ele>171.3</ele><time>2025-09-17T15:07:15Z</time></trkpt>
      <trkpt lat="48.711078" lon="1.990559"><ele>170.7</ele><time>2025-09-17T15:07:16Z</time></trkpt>
      <trkpt lat="48.711028" lon="1.990432"><ele>169.9</ele><time>2025-09-17T15:07:17Z</time></trkpt>
      <trkpt lat="48.710918" lon="1.990330"><ele>164.7</ele><time>2025-09-17T15:07:18Z</time></trkpt>
      <trkpt lat="48.710843" lon="1.990257"><ele>156.5</ele><time>2025-09-17T15:07:19Z</time></trkpt>
      <trkpt lat="48.710751" lon="1.990186"><ele>149.2</ele><time>2025-09-17T15:07:20Z</time></trkpt>
      <trkpt lat="48.710657" lon="1.990118"><ele>143.8</ele><time>2025-09-17T15:07:21Z</time></trkpt>
      <trkpt lat="48.710539" lon="1.990059"><ele>139.1</ele><time>2025-09-17T15:07:22Z</time></trkpt>
      <trkpt lat="48.710427" lon="1.990007"><ele>139.0</ele><time>2025-09-17T15:07:23Z</time></trkpt>
      <trkpt lat="48.710312" lon="1.989947"><ele>136.3</ele><time>2025-09-17T15:07:24Z</time></trkpt>
      <trkpt lat="48.710182" lon="1.989896"><ele>134.5</ele><time>2025-09-17T15:07:25Z</time></trkpt>
      <trkpt lat="48.710060" lon="1.989853"><ele>132.6</ele><time>2025-09-17T15:07:26Z</time></trkpt>
      <trkpt lat="48.709941" lon="1.989814"><ele>130.4</ele><time>2025-09-17T15:07:27Z</time></trkpt>
      <trkpt lat="48.709820" lon="1.989790"><ele>128.8</ele><time>2025-09-17T15:07:28Z</time></trkpt>
      <trkpt lat="48.709700" lon="1.989760"><ele>127.8</ele><time>2025-09-17T15:07:29Z</time></trkpt>
      <trkpt lat="48.709573" lon="1.989747"><ele>126.6</ele><time>2025-09-17T15:07:30Z</time></trkpt>
      <trkpt lat="48.709465" lon="1.989729"><ele>125.5</ele><time>2025-09-17T15:07:31Z</time></trkpt>
      <trkpt lat="48.709350" lon="1.989702"><ele>124.7</ele><time>2025-09-17T15:07:32Z</time></trkpt>
      <trkpt lat="48.709243" lon="1.989680"><ele>123.7</ele><time>2025-09-17T15:07:33Z</time></trkpt>
      <trkpt lat="48.709148" lon="1.989655"><ele>123.0</ele><time>2025-09-17T15:07:34Z</time></trkpt>
      <trkpt lat="48.709126" lon="1.989599"><ele>122.0</ele><time>2025-09-17T15:07:35Z</time></trkpt>
      <trkpt lat="48.709119" lon="1.989576"><ele>120.3</ele><time>2025-09-17T15:07:36Z</time></trkpt>
      <trkpt lat="48.709123" lon="1.989555"><ele>119.7</ele><time>2025-09-17T15:07:37Z</time></trkpt>
      <trkpt lat="48.709108" lon="1.989527"><ele>120.0</ele><time>2025-09-17T15:07:38Z</time></trkpt>
      <trkpt lat="48.709094" lon="1.989502"><ele>121.6</ele><time>2025-09-17T15:07:39Z</time></trkpt>
      <trkpt lat="48.709072" lon="1.989483"><ele>122.7</ele><time>2025-09-17T15:07:40Z</time></trkpt>
      <trkpt lat="48.709046" lon="1.989482"><ele>122.6</ele><time>2025-09-17T15:07:41Z</time></trkpt>
      <trkpt lat="48.709032" lon="1.989490"><ele>122.0</ele><time>2025-09-17T15:07:42Z</time></trkpt>
      <trkpt lat="48.709021" lon="1.989514"><ele>120.3</ele><time>2025-09-17T15:07:43Z</time></trkpt>
      <trkpt lat="48.709016" lon="1.989523"><ele>119.3</ele><time>2025-09-17T15:07:44Z</time></trkpt>
      <trkpt lat="48.709007" lon="1.989522"><ele>118.3</ele><time>2025-09-17T15:07:45Z</time></trkpt>
      <trkpt lat="48.709001" lon="1.989514"><ele>117.2</ele><time>2025-09-17T15:07:46Z</time></trkpt>
      <trkpt lat="48.708999" lon="1.989512"><ele>116.2</ele><time>2025-09-17T15:07:47Z</time></trkpt>
      <trkpt lat="48.709003" lon="1.989505"><ele>115.5</ele><time>2025-09-17T15:07:48Z</time></trkpt>
      <trkpt lat="48.709003" lon="1.989501"><ele>115.0</ele><time>2025-09-17T15:07:49Z</time></trkpt>
      <trkpt lat="48.709002" lon="1.989509"><ele>114.5</ele><time>2025-09-17T15:07:50Z</time></trkpt>
      <trkpt lat="48.709004" lon="1.989522"><ele>114.2</ele><time>2025-09-17T15:07:51Z</time></trkpt>
      <trkpt lat="48.708999" lon="1.989545"><ele>114.7</ele><time>2025-09-17T15:07:52Z</time></trkpt>
      <trkpt lat="48.709012" lon="1.989569"><ele>114.4</ele><time>2025-09-17T15:07:53Z</time></trkpt>
      <trkpt lat="48.709045" lon="1.989585"><ele>114.5</ele><time>2025-09-17T15:07:54Z</time></trkpt>
      <trkpt lat="48.709095" lon="1.989597"><ele>114.6</ele><time>2025-09-17T15:07:55Z</time></trkpt>
      <trkpt lat="48.709151" lon="1.989606"><ele>114.3</ele><time>2025-09-17T15:07:56Z</time></trkpt>
      <trkpt lat="48.709210" lon="1.989622"><ele>114.5</ele><time>2025-09-17T15:07:57Z</time></trkpt>
      <trkpt lat="48.709270" lon="1.989645"><ele>115.1</ele><time>2025-09-17T15:07:58Z</time></trkpt>
      <trkpt lat="48.709328" lon="1.989670"><ele>115.0</ele><time>2025-09-17T15:07:59Z</time></trkpt>
      <trkpt lat="48.709397" lon="1.989719"><ele>115.0</ele><time>2025-09-17T15:08:00Z</time></trkpt>
      <trkpt lat="48.709469" lon="1.989776"><ele>115.2</ele><time>2025-09-17T15:08:01Z</time></trkpt>
      <trkpt lat="48.709552" lon="1.989838"><ele>115.6</ele><time>2025-09-17T15:08:02Z</time></trkpt>
      <trkpt lat="48.709649" lon="1.989846"><ele>116.7</ele><time>2025-09-17T15:08:03Z</time></trkpt>
      <trkpt lat="48.709736" lon="1.989895"><ele>117.4</ele><time>2025-09-17T15:08:04Z</time></trkpt>
      <trkpt lat="48.709835" lon="1.989914"><ele>117.7</ele><time>2025-09-17T15:08:05Z</time></trkpt>
      <trkpt lat="48.709937" lon="1.989942"><ele>117.8</ele><time>2025-09-17T15:08:06Z</time></trkpt>
      <trkpt lat="48.710053" lon="1.989950"><ele>118.6</ele><time>2025-09-17T15:08:07Z</time></trkpt>
      <trkpt lat="48.710165" lon="1.989957"><ele>119.6</ele><time>2025-09-17T15:08:08Z</time></trkpt>
      <trkpt lat="48.710279" lon="1.989994"><ele>120.7</ele><time>2025-09-17T15:08:09Z</time></trkpt>
      <trkpt lat="48.710406" lon="1.990041"><ele>121.1</ele><time>2025-09-17T15:08:10Z</time></trkpt>
      <trkpt lat="48.710523" lon="1.990102"><ele>121.4</ele><time>2025-09-17T15:08:11Z</time></trkpt>
      <trkpt lat="48.710646" lon="1.990162"><ele>122.4</ele><time>2025-09-17T15:08:12Z</time></trkpt>
      <trkpt lat="48.710770" lon="1.990240"><ele>122.9</ele><time>2025-09-17T15:08:13Z</time></trkpt>
      <trkpt lat="48.710879" lon="1.990322"><ele>123.3</ele><time>2025-09-17T15:08:14Z</time></trkpt>
      <trkpt lat="48.710978" lon="1.990393"><ele>123.7</ele><time>2025-09-17T15:08:15Z</time></trkpt>
      <trkpt lat="48.711067" lon="1.990477"><ele>123.1</ele><time>2025-09-17T15:08:16Z</time></trkpt>
      <trkpt lat="48.711145" lon="1.990570"><ele>123.1</ele><time>2025-09-17T15:08:17Z</time></trkpt>
      <trkpt lat="48.711212" lon="1.990692"><ele>123.1</ele><time>2025-09-17T15:08:18Z</time></trkpt>
      <trkpt lat="48.711222" lon="1.990821"><ele>124.0</ele><time>2025-09-17T15:08:19Z</time></trkpt>
      <trkpt lat="48.711215" lon="1.990985"><ele>126.0</ele><time>2025-09-17T15:08:20Z</time></trkpt>
      <trkpt lat="48.711189" lon="1.991166"><ele>125.9</ele><time>2025-09-17T15:08:21Z</time></trkpt>
      <trkpt lat="48.711160" lon="1.991331"><ele>125.3</ele><time>2025-09-17T15:08:22Z</time></trkpt>
      <trkpt lat="48.711142" lon="1.991508"><ele>125.8</ele><time>2025-09-17T15:08:23Z</time></trkpt>
      <trkpt lat="48.711188" lon="1.991710"><ele>125.5</ele><time>2025-09-17T15:08:24Z</time></trkpt>
      <trkpt lat="48.711231" lon="1.991909"><ele>123.7</ele><time>2025-09-17T15:08:25Z</time></trkpt>
      <trkpt lat="48.711252" lon="1.992100"><ele>124.7</ele><time>2025-09-17T15:08:26Z</time></trkpt>
      <trkpt lat="48.711253" lon="1.992298"><ele>125.1</ele><time>2025-09-17T15:08:27Z</time></trkpt>
      <trkpt lat="48.711224" lon="1.992480"><ele>125.1</ele><time>2025-09-17T15:08:28Z</time></trkpt>
      <trkpt lat="48.711210" lon="1.992666"><ele>125.1</ele><time>2025-09-17T15:08:29Z</time></trkpt>
      <trkpt lat="48.711192" lon="1.992850"><ele>125.4</ele><time>2025-09-17T15:08:30Z</time></trkpt>
      <trkpt lat="48.711156" lon="1.993032"><ele>126.1</ele><time>2025-09-17T15:08:31Z</time></trkpt>
      <trkpt lat="48.711139" lon="1.993243"><ele>126.5</ele><time>2025-09-17T15:08:32Z</time></trkpt>
      <trkpt lat="48.711097" lon="1.993440"><ele>126.8</ele><time>2025-09-17T15:08:33Z</time></trkpt>
      <trkpt lat="48.711023" lon="1.993603"><ele>127.0</ele><time>2025-09-17T15:08:34Z</time></trkpt>
      <trkpt lat="48.710968" lon="1.993777"><ele>126.6</ele><time>2025-09-17T15:08:35Z</time></trkpt>
      <trkpt lat="48.710907" lon="1.993920"><ele>127.0</ele><time>2025-09-17T15:08:36Z</time></trkpt>
      <trkpt lat="48.710836" lon="1.994064"><ele>127.3</ele><time>2025-09-17T15:08:37Z</time></trkpt>
      <trkpt lat="48.710763" lon="1.994227"><ele>128.3</ele><time>2025-09-17T15:08:38Z</time></trkpt>
      <trkpt lat="48.710700" lon="1.994433"><ele>128.7</ele><time>2025-09-17T15:08:39Z</time></trkpt>
      <trkpt lat="48.710662" lon="1.994670"><ele>129.7</ele><time>2025-09-17T15:08:40Z</time></trkpt>
      <trkpt lat="48.710579" lon="1.994858"><ele>129.7</ele><time>2025-09-17T15:08:41Z</time></trkpt>
      <trkpt lat="48.710502" lon="1.995042"><ele>130.8</ele><time>2025-09-17T15:08:42Z</time></trkpt>
      <trkpt lat="48.710417" lon="1.995209"><ele>131.3</ele><time>2025-09-17T15:08:43Z</time></trkpt>
      <trkpt lat="48.710322" lon="1.995367"><ele>131.4</ele><time>2025-09-17T15:08:44Z</time></trkpt>
      <trkpt lat="48.710239" lon="1.995515"><ele>131.8</ele><time>2025-09-17T15:08:45Z</time></trkpt>
      <trkpt lat="48.710186" lon="1.995706"><ele>133.3</ele><time>2025-09-17T15:08:46Z</time></trkpt>
      <trkpt lat="48.710173" lon="1.995942"><ele>133.7</ele><time>2025-09-17T15:08:47Z</time></trkpt>
      <trkpt lat="48.710145" lon="1.996148"><ele>133.3</ele><time>2025-09-17T15:08:48Z</time></trkpt>
      <trkpt lat="48.710080" lon="1.996319"><ele>133.3</ele><time>2025-09-17T15:08:49Z</time></trkpt>
      <trkpt lat="48.710053" lon="1.996488"><ele>133.7</ele><time>2025-09-17T15:08:50Z</time></trkpt>
      <trkpt lat="48.709986" lon="1.996589"><ele>134.1</ele><time>2025-09-17T15:08:51Z</time></trkpt>
      <trkpt lat="48.709899" lon="1.996676"><ele>133.8</ele><time>2025-09-17T15:08:52Z</time></trkpt>
      <trkpt lat="48.709786" lon="1.996772"><ele>134.3</ele><time>2025-09-17T15:08:53Z</time></trkpt>
      <trkpt lat="48.709645" lon="1.996869"><ele>135.2</ele><time>2025-09-17T15:08:54Z</time></trkpt>
      <trkpt lat="48.709544" lon="1.996974"><ele>136.2</ele><time>2025-09-17T15:08:55Z</time></trkpt>
      <trkpt lat="48.709473" lon="1.997118"><ele>137.8</ele><time>2025-09-17T15:08:56Z</time></trkpt>
      <trkpt lat="48.709418" lon="1.997266"><ele>138.8</ele><time>2025-09-17T15:08:57Z</time></trkpt>
      <trkpt lat="48.709333" lon="1.997450"><ele>140.2</ele><time>2025-09-17T15:08:58Z</time></trkpt>
      <trkpt lat="48.709295" lon="1.997700"><ele>141.5</ele><time>2025-09-17T15:08:59Z</time></trkpt>
      <trkpt lat="48.709242" lon="1.997961"><ele>144.1</ele><time>2025-09-17T15:09:00Z</time></trkpt>
      <trkpt lat="48.709166" lon="1.998193"><ele>144.8</ele><time>2025-09-17T15:09:01Z</time></trkpt>
      <trkpt lat="48.709087" lon="1.998389"><ele>146.0</ele><time>2025-09-17T15:09:02Z</time></trkpt>
      <trkpt lat="48.708998" lon="1.998542"><ele>146.0</ele><time>2025-09-17T15:09:03Z</time></trkpt>
      <trkpt lat="48.708880" lon="1.998636"><ele>146.8</ele><time>2025-09-17T15:09:04Z</time></trkpt>
      <trkpt lat="48.708784" lon="1.998711"><ele>147.4</ele><time>2025-09-17T15:09:05Z</time></trkpt>
      <trkpt lat="48.708695" lon="1.998787"><ele>148.3</ele><time>2025-09-17T15:09:06Z</time></trkpt>
      <trkpt lat="48.708619" lon="1.998899"><ele>149.8</ele><time>2025-09-17T15:09:07Z</time></trkpt>
      <trkpt lat="48.708550" lon="1.999060"><ele>150.9</ele><time>2025-09-17T15:09:08Z</time></trkpt>
      <trkpt lat="48.708496" lon="1.999269"><ele>151.6</ele><time>2025-09-17T15:09:09Z</time></trkpt>
      <trkpt lat="48.708445" lon="1.999512"><ele>152.8</ele><time>2025-09-17T15:09:10Z</time></trkpt>
      <trkpt lat="48.708407" lon="1.999760"><ele>154.4</ele><time>2025-09-17T15:09:11Z</time></trkpt>
      <trkpt lat="48.708325" lon="1.999986"><ele>155.9</ele><time>2025-09-17T15:09:12Z</time></trkpt>
      <trkpt lat="48.708264" lon="2.000234"><ele>155.4</ele><time>2025-09-17T15:09:13Z</time></trkpt>
      <trkpt lat="48.708179" lon="2.000469"><ele>155.2</ele><time>2025-09-17T15:09:14Z</time></trkpt>
      <trkpt lat="48.708108" lon="2.000688"><ele>156.5</ele><time>2025-09-17T15:09:15Z</time></trkpt>
      <trkpt lat="48.708081" lon="2.000896"><ele>157.2</ele><time>2025-09-17T15:09:16Z</time></trkpt>
      <trkpt lat="48.708036" lon="2.001074"><ele>157.6</ele><time>2025-09-17T15:09:17Z</time></trkpt>
      <trkpt lat="48.708006" lon="2.001228"><ele>158.0</ele><time>2025-09-17T15:09:18Z</time></trkpt>
      <trkpt lat="48.708002" lon="2.001376"><ele>159.5</ele><time>2025-09-17T15:09:19Z</time></trkpt>
      <trkpt lat="48.708028" lon="2.001497"><ele>160.2</ele><time>2025-09-17T15:09:20Z</time></trkpt>
      <trkpt lat="48.708072" lon="2.001598"><ele>160.1</ele><time>2025-09-17T15:09:21Z</time></trkpt>
      <trkpt lat="48.708246" lon="2.001667"><ele>160.7</ele><time>2025-09-17T15:09:22Z</time></trkpt>
      <trkpt lat="48.708370" lon="2.001727"><ele>162.3</ele><time>2025-09-17T15:09:23Z</time></trkpt>
      <trkpt lat="48.708515" lon="2.001782"><ele>163.6</ele><time>2025-09-17T15:09:24Z</time></trkpt>
      <trkpt lat="48.708656" lon="2.001827"><ele>164.6</ele><time>2025-09-17T15:09:25Z</time></trkpt>
      <trkpt lat="48.708793" lon="2.001872"><ele>165.8</ele><time>2025-09-17T15:09:26Z</time></trkpt>
      <trkpt lat="48.708936" lon="2.001913"><ele>167.0</ele><time>2025-09-17T15:09:27Z</time></trkpt>
      <trkpt lat="48.709074" lon="2.001931"><ele>168.8</ele><time>2025-09-17T15:09:28Z</time></trkpt>
      <trkpt lat="48.709251" lon="2.001932"><ele>170.5</ele><time>2025-09-17T15:09:29Z</time></trkpt>
      <trkpt lat="48.709388" lon="2.001930"><ele>171.8</ele><time>2025-09-17T15:09:30Z</time></trkpt>
      <trkpt lat="48.709513" lon="2.001927"><ele>173.2</ele><time>2025-09-17T15:09:31Z</time></trkpt>
      <trkpt lat="48.709645" lon="2.001922"><ele>174.9</ele><time>2025-09-17T15:09:32Z</time></trkpt>
      <trkpt lat="48.709782" lon="2.001939"><ele>176.1</ele><time>2025-09-17T15:09:33Z</time></trkpt>
      <trkpt lat="48.709925" lon="2.001932"><ele>176.9</ele><time>2025-09-17T15:09:34Z</time></trkpt>
      <trkpt lat="48.710068" lon="2.001932"><ele>178.5</ele><time>2025-09-17T15:09:35Z</time></trkpt>
      <trkpt lat="48.710231" lon="2.001896"><ele>179.6</ele><time>2025-09-17T15:09:36Z</time></trkpt>
      <trkpt lat="48.710406" lon="2.001886"><ele>180.6</ele><time>2025-09-17T15:09:37Z</time></trkpt>
      <trkpt lat="48.710573" lon="2.001881"><ele>181.7</ele><time>2025-09-17T15:09:38Z</time></trkpt>
      <trkpt lat="48.710747" lon="2.001872"><ele>182.6</ele><time>2025-09-17T15:09:39Z</time></trkpt>
      <trkpt lat="48.710917" lon="2.001870"><ele>182.5</ele><time>2025-09-17T15:09:40Z</time></trkpt>
      <trkpt lat="48.711089" lon="2.001862"><ele>183.1</ele><time>2025-09-17T15:09:41Z</time></trkpt>
      <trkpt lat="48.711261" lon="2.001861"><ele>183.4</ele><time>2025-09-17T15:09:42Z</time></trkpt>
      <trkpt lat="48.711434" lon="2.001870"><ele>183.8</ele><time>2025-09-17T15:09:43Z</time></trkpt>
      <trkpt lat="48.711611" lon="2.001877"><ele>183.2</ele><time>2025-09-17T15:09:44Z</time></trkpt>
      <trkpt lat="48.711785" lon="2.001880"><ele>182.3</ele><time>2025-09-17T15:09:45Z</time></trkpt>
      <trkpt lat="48.711957" lon="2.001885"><ele>181.8</ele><time>2025-09-17T15:09:46Z</time></trkpt>
      <trkpt lat="48.712122" lon="2.001891"><ele>181.4</ele><time>2025-09-17T15:09:47Z</time></trkpt>
      <trkpt lat="48.712280" lon="2.001893"><ele>180.5</ele><time>2025-09-17T15:09:48Z</time></trkpt>
      <trkpt lat="48.712424" lon="2.001898"><ele>178.8</ele><time>2025-09-17T15:09:49Z</time></trkpt>
      <trkpt lat="48.712562" lon="2.001902"><ele>177.4</ele><time>2025-09-17T15:09:50Z</time></trkpt>
      <trkpt lat="48.712701" lon="2.001909"><ele>177.0</ele><time>2025-09-17T15:09:51Z</time></trkpt>
      <trkpt lat="48.712846" lon="2.001917"><ele>176.4</ele><time>2025-09-17T15:09:52Z</time></trkpt>
      <trkpt lat="48.712996" lon="2.001926"><ele>174.2</ele><time>2025-09-17T15:09:53Z</time></trkpt>
      <trkpt lat="48.713148" lon="2.001935"><ele>171.7</ele><time>2025-09-17T15:09:54Z</time></trkpt>
      <trkpt lat="48.713304" lon="2.001951"><ele>169.8</ele><time>2025-09-17T15:09:55Z</time></trkpt>
      <trkpt lat="48.713460" lon="2.001967"><ele>167.7</ele><time>2025-09-17T15:09:56Z</time></trkpt>
      <trkpt lat="48.713616" lon="2.001988"><ele>166.3</ele><time>2025-09-17T15:09:57Z</time></trkpt>
      <trkpt lat="48.713776" lon="2.002010"><ele>165.7</ele><time>2025-09-17T15:09:58Z</time></trkpt>
      <trkpt lat="48.713942" lon="2.002026"><ele>165.1</ele><time>2025-09-17T15:09:59Z</time></trkpt>
      <trkpt lat="48.714114" lon="2.002041"><ele>164.7</ele><time>2025-09-17T15:10:00Z</time></trkpt>
      <trkpt lat="48.714287" lon="2.002053"><ele>164.5</ele><time>2025-09-17T15:10:01Z</time></trkpt>
      <trkpt lat="48.714457" lon="2.002066"><ele>164.1</ele><time>2025-09-17T15:10:02Z</time></trkpt>
      <trkpt lat="48.714625" lon="2.002080"><ele>163.9</ele><time>2025-09-17T15:10:03Z</time></trkpt>
      <trkpt lat="48.714791" lon="2.002093"><ele>163.6</ele><time>2025-09-17T15:10:04Z</time></trkpt>
      <trkpt lat="48.714954" lon="2.002106"><ele>163.3</ele><time>2025-09-17T15:10:05Z</time></trkpt>
      <trkpt lat="48.715114" lon="2.002119"><ele>163.0</ele><time>2025-09-17T15:10:06Z</time></trkpt>
      <trkpt lat="48.715276" lon="2.002130"><ele>162.7</ele><time>2025-09-17T15:10:07Z</time></trkpt>
      <trkpt lat="48.715445" lon="2.002144"><ele>162.5</ele><time>2025-09-17T15:10:08Z</time></trkpt>
      <trkpt lat="48.715618" lon="2.002157"><ele>162.2</ele><time>2025-09-17T15:10:09Z</time></trkpt>
      <trkpt lat="48.715798" lon="2.002171"><ele>162.0</ele><time>2025-09-17T15:10:10Z</time></trkpt>
      <trkpt lat="48.715984" lon="2.002185"><ele>161.9</ele><time>2025-09-17T15:10:11Z</time></trkpt>
      <trkpt lat="48.716176" lon="2.002198"><ele>161.6</ele><time>2025-09-17T15:10:12Z</time></trkpt>
      <trkpt lat="48.716373" lon="2.002211"><ele>161.5</ele><time>2025-09-17T15:10:13Z</time></trkpt>
      <trkpt lat="48.716574" lon="2.002224"><ele>161.3</ele><time>2025-09-17T15:10:14Z</time></trkpt>
      <trkpt lat="48.716777" lon="2.002238"><ele>161.2</ele><time>2025-09-17T15:10:15Z</time></trkpt>
      <trkpt lat="48.716981" lon="2.002253"><ele>160.9</ele><time>2025-09-17T15:10:16Z</time></trkpt>
      <trkpt lat="48.717185" lon="2.002269"><ele>160.7</ele><time>2025-09-17T15:10:17Z</time></trkpt>
      <trkpt lat="48.717388" lon="2.002289"><ele>160.4</ele><time>2025-09-17T15:10:18Z</time></trkpt>
      <trkpt lat="48.717590" lon="2.002308"><ele>160.1</ele><time>2025-09-17T15:10:19Z</time></trkpt>
      <trkpt lat="48.717791" lon="2.002324"><ele>159.8</ele><time>2025-09-17T15:10:20Z</time></trkpt>
      <trkpt lat="48.717985" lon="2.002339"><ele>159.5</ele><time>2025-09-17T15:10:21Z</time></trkpt>
      <trkpt lat="48.718168" lon="2.002351"><ele>159.2</ele><time>2025-09-17T15:10:22Z</time></trkpt>
      <trkpt lat="48.718339" lon="2.002361"><ele>159.1</ele><time>2025-09-17T15:10:23Z</time></trkpt>
      <trkpt lat="48.718501" lon="2.002370"><ele>159.0</ele><time>2025-09-17T15:10:24Z</time></trkpt>
      <trkpt lat="48.718653" lon="2.002379"><ele>158.7</ele><time>2025-09-17T15:10:25Z</time></trkpt>
      <trkpt lat="48.718793" lon="2.002389"><ele>158.6</ele><time>2025-09-17T15:10:26Z</time></trkpt>
      <trkpt lat="48.718924" lon="2.002397"><ele>158.3</ele><time>2025-09-17T15:10:27Z</time></trkpt>
      <trkpt lat="48.719051" lon="2.002400"><ele>158.2</ele><time>2025-09-17T15:10:28Z</time></trkpt>
      <trkpt lat="48.719176" lon="2.002397"><ele>158.1</ele><time>2025-09-17T15:10:29Z</time></trkpt>
      <trkpt lat="48.719294" lon="2.002384"><ele>158.0</ele><time>2025-09-17T15:10:30Z</time></trkpt>
      <trkpt lat="48.719402" lon="2.002363"><ele>157.9</ele><time>2025-09-17T15:10:31Z</time></trkpt>
      <trkpt lat="48.719498" lon="2.002337"><ele>157.6</ele><time>2025-09-17T15:10:32Z</time></trkpt>
      <trkpt lat="48.719584" lon="2.002314"><ele>157.4</ele><time>2025-09-17T15:10:33Z</time></trkpt>
      <trkpt lat="48.719658" lon="2.002295"><ele>157.2</ele><time>2025-09-17T15:10:34Z</time></trkpt>
      <trkpt lat="48.719717" lon="2.002285"><ele>157.1</ele><time>2025-09-17T15:10:35Z</time></trkpt>
      <trkpt lat="48.719763" lon="2.002282"><ele>157.0</ele><time>2025-09-17T15:10:36Z</time></trkpt>
      <trkpt lat="48.719808" lon="2.002294"><ele>157.0</ele><time>2025-09-17T15:10:37Z</time></trkpt>
      <trkpt lat="48.719861" lon="2.002337"><ele>156.9</ele><time>2025-09-17T15:10:38Z</time></trkpt>
      <trkpt lat="48.719919" lon="2.002392"><ele>156.9</ele><time>2025-09-17T15:10:39Z</time></trkpt>
      <trkpt lat="48.719984" lon="2.002441"><ele>156.9</ele><time>2025-09-17T15:10:40Z</time></trkpt>
      <trkpt lat="48.720056" lon="2.002469"><ele>156.9</ele><time>2025-09-17T15:10:41Z</time></trkpt>
      <trkpt lat="48.720129" lon="2.002462"><ele>156.9</ele><time>2025-09-17T15:10:42Z</time></trkpt>
      <trkpt lat="48.720196" lon="2.002417"><ele>157.0</ele><time>2025-09-17T15:10:43Z</time></trkpt>
      <trkpt lat="48.720247" lon="2.002339"><ele>157.1</ele><time>2025-09-17T15:10:44Z</time></trkpt>
      <trkpt lat="48.720277" lon="2.002235"><ele>157.1</ele><time>2025-09-17T15:10:45Z</time></trkpt>
      <trkpt lat="48.720277" lon="2.002118"><ele>157.0</ele><time>2025-09-17T15:10:46Z</time></trkpt>
      <trkpt lat="48.720247" lon="2.002011"><ele>157.0</ele><time>2025-09-17T15:10:47Z</time></trkpt>
      <trkpt lat="48.720191" lon="2.001937"><ele>156.8</ele><time>2025-09-17T15:10:48Z</time></trkpt>
      <trkpt lat="48.720121" lon="2.001902"><ele>156.9</ele><time>2025-09-17T15:10:49Z</time></trkpt>
      <trkpt lat="48.720046" lon="2.001914"><ele>156.7</ele><time>2025-09-17T15:10:50Z</time></trkpt>
      <trkpt lat="48.719972" lon="2.001969"><ele>156.4</ele><time>2025-09-17T15:10:51Z</time></trkpt>
      <trkpt lat="48.719901" lon="2.002052"><ele>156.0</ele><time>2025-09-17T15:10:52Z</time></trkpt>
      <trkpt lat="48.719823" lon="2.002137"><ele>155.8</ele><time>2025-09-17T15:10:53Z</time></trkpt>
      <trkpt lat="48.719731" lon="2.002200"><ele>155.8</ele><time>2025-09-17T15:10:54Z</time></trkpt>
      <trkpt lat="48.719620" lon="2.002248"><ele>155.9</ele><time>2025-09-17T15:10:55Z</time></trkpt>
      <trkpt lat="48.719492" lon="2.002288"><ele>155.8</ele><time>2025-09-17T15:10:56Z</time></trkpt>
      <trkpt lat="48.719357" lon="2.002323"><ele>156.2</ele><time>2025-09-17T15:10:57Z</time></trkpt>
      <trkpt lat="48.719227" lon="2.002347"><ele>156.4</ele><time>2025-09-17T15:10:58Z</time></trkpt>
      <trkpt lat="48.719104" lon="2.002357"><ele>156.3</ele><time>2025-09-17T15:10:59Z</time></trkpt>
      <trkpt lat="48.718991" lon="2.002356"><ele>156.4</ele><time>2025-09-17T15:11:00Z</time></trkpt>
      <trkpt lat="48.718885" lon="2.002349"><ele>156.5</ele><time>2025-09-17T15:11:01Z</time></trkpt>
      <trkpt lat="48.718779" lon="2.002339"><ele>156.7</ele><time>2025-09-17T15:11:02Z</time></trkpt>
      <trkpt lat="48.718673" lon="2.002329"><ele>156.9</ele><time>2025-09-17T15:11:03Z</time></trkpt>
      <trkpt lat="48.718566" lon="2.002318"><ele>157.0</ele><time>2025-09-17T15:11:04Z</time></trkpt>
      <trkpt lat="48.718459" lon="2.002309"><ele>157.3</ele><time>2025-09-17T15:11:05Z</time></trkpt>
      <trkpt lat="48.718350" lon="2.002300"><ele>157.4</ele><time>2025-09-17T15:11:06Z</time></trkpt>
      <trkpt lat="48.718240" lon="2.002295"><ele>157.7</ele><time>2025-09-17T15:11:07Z</time></trkpt>
      <trkpt lat="48.718128" lon="2.002289"><ele>157.8</ele><time>2025-09-17T15:11:08Z</time></trkpt>
      <trkpt lat="48.718012" lon="2.002283"><ele>158.0</ele><time>2025-09-17T15:11:09Z</time></trkpt>
      <trkpt lat="48.717894" lon="2.002276"><ele>158.3</ele><time>2025-09-17T15:11:10Z</time></trkpt>
      <trkpt lat="48.717772" lon="2.002268"><ele>158.4</ele><time>2025-09-17T15:11:11Z</time></trkpt>
      <trkpt lat="48.717650" lon="2.002258"><ele>158.7</ele><time>2025-09-17T15:11:12Z</time></trkpt>
      <trkpt lat="48.717531" lon="2.002249"><ele>158.9</ele><time>2025-09-17T15:11:13Z</time></trkpt>
      <trkpt lat="48.717408" lon="2.002239"><ele>159.1</ele><time>2025-09-17T15:11:14Z</time></trkpt>
      <trkpt lat="48.717278" lon="2.002230"><ele>159.3</ele><time>2025-09-17T15:11:15Z</time></trkpt>
      <trkpt lat="48.717144" lon="2.002220"><ele>159.5</ele><time>2025-09-17T15:11:16Z</time></trkpt>
      <trkpt lat="48.717006" lon="2.002210"><ele>159.8</ele><time>2025-09-17T15:11:17Z</time></trkpt>
      <trkpt lat="48.716870" lon="2.002201"><ele>160.0</ele><time>2025-09-17T15:11:18Z</time></trkpt>
      <trkpt lat="48.716733" lon="2.002191"><ele>160.1</ele><time>2025-09-17T15:11:19Z</time></trkpt>
      <trkpt lat="48.716598" lon="2.002182"><ele>160.2</ele><time>2025-09-17T15:11:20Z</time></trkpt>
      <trkpt lat="48.716462" lon="2.002172"><ele>160.3</ele><time>2025-09-17T15:11:21Z</time></trkpt>
      <trkpt lat="48.716323" lon="2.002162"><ele>160.5</ele><time>2025-09-17T15:11:22Z</time></trkpt>
      <trkpt lat="48.716181" lon="2.002149"><ele>160.6</ele><time>2025-09-17T15:11:23Z</time></trkpt>
      <trkpt lat="48.716037" lon="2.002136"><ele>160.8</ele><time>2025-09-17T15:11:24Z</time></trkpt>
      <trkpt lat="48.715893" lon="2.002124"><ele>161.0</ele><time>2025-09-17T15:11:25Z</time></trkpt>
      <trkpt lat="48.715751" lon="2.002111"><ele>161.1</ele><time>2025-09-17T15:11:26Z</time></trkpt>
      <trkpt lat="48.715613" lon="2.002097"><ele>161.2</ele><time>2025-09-17T15:11:27Z</time></trkpt>
      <trkpt lat="48.715475" lon="2.002085"><ele>161.4</ele><time>2025-09-17T15:11:28Z</time></trkpt>
      <trkpt lat="48.715336" lon="2.002074"><ele>161.6</ele><time>2025-09-17T15:11:29Z</time></trkpt>
      <trkpt lat="48.715196" lon="2.002062"><ele>161.8</ele><time>2025-09-17T15:11:30Z</time></trkpt>
      <trkpt lat="48.715055" lon="2.002050"><ele>162.0</ele><time>2025-09-17T15:11:31Z</time></trkpt>
      <trkpt lat="48.714915" lon="2.002039"><ele>162.2</ele><time>2025-09-17T15:11:32Z</time></trkpt>
      <trkpt lat="48.714773" lon="2.002024"><ele>162.4</ele><time>2025-09-17T15:11:33Z</time></trkpt>
      <trkpt lat="48.714630" lon="2.002010"><ele>162.4</ele><time>2025-09-17T15:11:34Z</time></trkpt>
      <trkpt lat="48.714485" lon="2.001999"><ele>162.5</ele><time>2025-09-17T15:11:35Z</time></trkpt>
      <trkpt lat="48.714338" lon="2.001988"><ele>162.6</ele><time>2025-09-17T15:11:36Z</time></trkpt>
      <trkpt lat="48.714190" lon="2.001975"><ele>162.8</ele><time>2025-09-17T15:11:37Z</time></trkpt>
      <trkpt lat="48.714041" lon="2.001963"><ele>163.0</ele><time>2025-09-17T15:11:38Z</time></trkpt>
      <trkpt lat="48.713891" lon="2.001952"><ele>163.0</ele><time>2025-09-17T15:11:39Z</time></trkpt>
      <trkpt lat="48.713741" lon="2.001941"><ele>163.1</ele><time>2025-09-17T15:11:40Z</time></trkpt>
      <trkpt lat="48.713589" lon="2.001928"><ele>163.3</ele><time>2025-09-17T15:11:41Z</time></trkpt>
      <trkpt lat="48.713437" lon="2.001917"><ele>163.4</ele><time>2025-09-17T15:11:42Z</time></trkpt>
      <trkpt lat="48.713284" lon="2.001904"><ele>163.6</ele><time>2025-09-17T15:11:43Z</time></trkpt>
      <trkpt lat="48.713131" lon="2.001892"><ele>163.8</ele><time>2025-09-17T15:11:44Z</time></trkpt>
      <trkpt lat="48.712978" lon="2.001879"><ele>163.8</ele><time>2025-09-17T15:11:45Z</time></trkpt>
      <trkpt lat="48.712827" lon="2.001867"><ele>164.0</ele><time>2025-09-17T15:11:46Z</time></trkpt>
      <trkpt lat="48.712676" lon="2.001857"><ele>164.3</ele><time>2025-09-17T15:11:47Z</time></trkpt>
      <trkpt lat="48.712525" lon="2.001847"><ele>164.5</ele><time>2025-09-17T15:11:48Z</time></trkpt>
      <trkpt lat="48.712373" lon="2.001837"><ele>164.6</ele><time>2025-09-17T15:11:49Z</time></trkpt>
      <trkpt lat="48.712220" lon="2.001831"><ele>164.7</ele><time>2025-09-17T15:11:50Z</time></trkpt>
      <trkpt lat="48.712066" lon="2.001822"><ele>164.9</ele><time>2025-09-17T15:11:51Z</time></trkpt>
      <trkpt lat="48.711911" lon="2.001809"><ele>165.1</ele><time>2025-09-17T15:11:52Z</time></trkpt>
      <trkpt lat="48.711752" lon="2.001793"><ele>165.3</ele><time>2025-09-17T15:11:53Z</time></trkpt>
      <trkpt lat="48.711590" lon="2.001775"><ele>165.4</ele><time>2025-09-17T15:11:54Z</time></trkpt>
      <trkpt lat="48.711428" lon="2.001759"><ele>165.6</ele><time>2025-09-17T15:11:55Z</time></trkpt>
      <trkpt lat="48.711266" lon="2.001745"><ele>165.8</ele><time>2025-09-17T15:11:56Z</time></trkpt>
      <trkpt lat="48.711104" lon="2.001730"><ele>165.7</ele><time>2025-09-17T15:11:57Z</time></trkpt>
      <trkpt lat="48.710941" lon="2.001714"><ele>165.8</ele><time>2025-09-17T15:11:58Z</time></trkpt>
      <trkpt lat="48.710779" lon="2.001699"><ele>166.0</ele><time>2025-09-17T15:11:59Z</time></trkpt>
      <trkpt lat="48.710617" lon="2.001687"><ele>165.9</ele><time>2025-09-17T15:12:00Z</time></trkpt>
      <trkpt lat="48.710453" lon="2.001671"><ele>165.9</ele><time>2025-09-17T15:12:01Z</time></trkpt>
      <trkpt lat="48.710294" lon="2.001659"><ele>165.8</ele><time>2025-09-17T15:12:02Z</time></trkpt>
      <trkpt lat="48.710130" lon="2.001647"><ele>165.9</ele><time>2025-09-17T15:12:03Z</time></trkpt>
      <trkpt lat="48.709970" lon="2.001662"><ele>166.2</ele><time>2025-09-17T15:12:04Z</time></trkpt>
      <trkpt lat="48.709804" lon="2.001629"><ele>167.3</ele><time>2025-09-17T15:12:05Z</time></trkpt>
      <trkpt lat="48.709632" lon="2.001590"><ele>169.9</ele><time>2025-09-17T15:12:06Z</time></trkpt>
      <trkpt lat="48.709474" lon="2.001573"><ele>172.4</ele><time>2025-09-17T15:12:07Z</time></trkpt>
      <trkpt lat="48.709339" lon="2.001571"><ele>174.4</ele><time>2025-09-17T15:12:08Z</time></trkpt>
      <trkpt lat="48.709213" lon="2.001567"><ele>177.3</ele><time>2025-09-17T15:12:09Z</time></trkpt>
      <trkpt lat="48.709083" lon="2.001555"><ele>179.0</ele><time>2025-09-17T15:12:10Z</time></trkpt>
      <trkpt lat="48.708985" lon="2.001555"><ele>180.7</ele><time>2025-09-17T15:12:11Z</time></trkpt>
      <trkpt lat="48.708889" lon="2.001549"><ele>181.9</ele><time>2025-09-17T15:12:12Z</time></trkpt>
      <trkpt lat="48.708809" lon="2.001554"><ele>183.0</ele><time>2025-09-17T15:12:13Z</time></trkpt>
      <trkpt lat="48.708704" lon="2.001568"><ele>183.6</ele><time>2025-09-17T15:12:14Z</time></trkpt>
      <trkpt lat="48.708615" lon="2.001576"><ele>184.3</ele><time>2025-09-17T15:12:15Z</time></trkpt>
      <trkpt lat="48.708529" lon="2.001585"><ele>185.1</ele><time>2025-09-17T15:12:16Z</time></trkpt>
      <trkpt lat="48.708417" lon="2.001578"><ele>187.3</ele><time>2025-09-17T15:12:17Z</time></trkpt>
      <trkpt lat="48.708308" lon="2.001586"><ele>188.2</ele><time>2025-09-17T15:12:18Z</time></trkpt>
      <trkpt lat="48.708209" lon="2.001565"><ele>187.5</ele><time>2025-09-17T15:12:19Z</time></trkpt>
      <trkpt lat="48.708116" lon="2.001503"><ele>189.3</ele><time>2025-09-17T15:12:20Z</time></trkpt>
      <trkpt lat="48.708027" lon="2.001392"><ele>189.9</ele><time>2025-09-17T15:12:21Z</time></trkpt>
      <trkpt lat="48.707988" lon="2.001253"><ele>186.1</ele><time>2025-09-17T15:12:22Z</time></trkpt>
      <trkpt lat="48.708006" lon="2.001060"><ele>191.1</ele><time>2025-09-17T15:12:23Z</time></trkpt>
      <trkpt lat="48.708031" lon="2.000856"><ele>191.9</ele><time>2025-09-17T15:12:24Z</time></trkpt>
      <trkpt lat="48.708093" lon="2.000631"><ele>192.8</ele><time>2025-09-17T15:12:25Z</time></trkpt>
      <trkpt lat="48.708203" lon="2.000384"><ele>193.0</ele><time>2025-09-17T15:12:26Z</time></trkpt>
      <trkpt lat="48.708265" lon="2.000107"><ele>196.0</ele><time>2025-09-17T15:12:27Z</time></trkpt>
      <trkpt lat="48.708296" lon="1.999833"><ele>194.8</ele><time>2025-09-17T15:12:28Z</time></trkpt>
      <trkpt lat="48.708305" lon="1.999586"><ele>192.5</ele><time>2025-09-17T15:12:29Z</time></trkpt>
      <trkpt lat="48.708339" lon="1.999366"><ele>192.3</ele><time>2025-09-17T15:12:30Z</time></trkpt>
      <trkpt lat="48.708362" lon="1.999163"><ele>191.7</ele><time>2025-09-17T15:12:31Z</time></trkpt>
      <trkpt lat="48.708412" lon="1.998989"><ele>190.5</ele><time>2025-09-17T15:12:32Z</time></trkpt>
      <trkpt lat="48.708490" lon="1.998839"><ele>190.2</ele><time>2025-09-17T15:12:33Z</time></trkpt>
      <trkpt lat="48.708568" lon="1.998733"><ele>187.4</ele><time>2025-09-17T15:12:34Z</time></trkpt>
      <trkpt lat="48.708645" lon="1.998630"><ele>190.1</ele><time>2025-09-17T15:12:35Z</time></trkpt>
      <trkpt lat="48.708731" lon="1.998523"><ele>189.8</ele><time>2025-09-17T15:12:36Z</time></trkpt>
      <trkpt lat="48.708786" lon="1.998377"><ele>188.7</ele><time>2025-09-17T15:12:37Z</time></trkpt>
      <trkpt lat="48.708880" lon="1.998149"><ele>194.0</ele><time>2025-09-17T15:12:38Z</time></trkpt>
      <trkpt lat="48.708936" lon="1.997909"><ele>191.9</ele><time>2025-09-17T15:12:39Z</time></trkpt>
      <trkpt lat="48.709010" lon="1.997678"><ele>196.5</ele><time>2025-09-17T15:12:40Z</time></trkpt>
      <trkpt lat="48.709056" lon="1.997451"><ele>194.4</ele><time>2025-09-17T15:12:41Z</time></trkpt>
      <trkpt lat="48.709095" lon="1.997227"><ele>193.8</ele><time>2025-09-17T15:12:42Z</time></trkpt>
      <trkpt lat="48.709144" lon="1.997017"><ele>191.9</ele><time>2025-09-17T15:12:43Z</time></trkpt>
      <trkpt lat="48.709221" lon="1.996825"><ele>189.2</ele><time>2025-09-17T15:12:44Z</time></trkpt>
      <trkpt lat="48.709309" lon="1.996657"><ele>188.7</ele><time>2025-09-17T15:12:45Z</time></trkpt>
      <trkpt lat="48.709397" lon="1.996546"><ele>191.1</ele><time>2025-09-17T15:12:46Z</time></trkpt>
      <trkpt lat="48.709510" lon="1.996439"><ele>193.8</ele><time>2025-09-17T15:12:47Z</time></trkpt>
      <trkpt lat="48.709600" lon="1.996317"><ele>196.0</ele><time>2025-09-17T15:12:48Z</time></trkpt>
      <trkpt lat="48.709681" lon="1.996182"><ele>196.2</ele><time>2025-09-17T15:12:49Z</time></trkpt>
      <trkpt lat="48.709763" lon="1.996046"><ele>198.0</ele><time>2025-09-17T15:12:50Z</time></trkpt>
      <trkpt lat="48.709831" lon="1.995919"><ele>198.8</ele><time>2025-09-17T15:12:51Z</time></trkpt>
      <trkpt lat="48.709826" lon="1.995687"><ele>199.3</ele><time>2025-09-17T15:12:52Z</time></trkpt>
      <trkpt lat="48.709889" lon="1.995506"><ele>203.6</ele><time>2025-09-17T15:12:53Z</time></trkpt>
      <trkpt lat="48.709964" lon="1.995347"><ele>203.1</ele><time>2025-09-17T15:12:54Z</time></trkpt>
      <trkpt lat="48.710042" lon="1.995182"><ele>203.1</ele><time>2025-09-17T15:12:55Z</time></trkpt>
      <trkpt lat="48.710129" lon="1.995033"><ele>203.9</ele><time>2025-09-17T15:12:56Z</time></trkpt>
      <trkpt lat="48.710193" lon="1.994876"><ele>207.7</ele><time>2025-09-17T15:12:57Z</time></trkpt>
      <trkpt lat="48.710269" lon="1.994682"><ele>207.0</ele><time>2025-09-17T15:12:58Z</time></trkpt>
      <trkpt lat="48.710320" lon="1.994463"><ele>205.7</ele><time>2025-09-17T15:12:59Z</time></trkpt>
      <trkpt lat="48.710370" lon="1.994255"><ele>203.9</ele><time>2025-09-17T15:13:00Z</time></trkpt>
      <trkpt lat="48.710426" lon="1.994063"><ele>199.6</ele><time>2025-09-17T15:13:01Z</time></trkpt>
      <trkpt lat="48.710487" lon="1.993888"><ele>196.7</ele><time>2025-09-17T15:13:02Z</time></trkpt>
      <trkpt lat="48.710542" lon="1.993740"><ele>195.5</ele><time>2025-09-17T15:13:03Z</time></trkpt>
      <trkpt lat="48.710595" lon="1.993605"><ele>198.6</ele><time>2025-09-17T15:13:04Z</time></trkpt>
      <trkpt lat="48.710653" lon="1.993438"><ele>200.9</ele><time>2025-09-17T15:13:05Z</time></trkpt>
      <trkpt lat="48.710632" lon="1.993171"><ele>204.5</ele><time>2025-09-17T15:13:06Z</time></trkpt>
      <trkpt lat="48.710641" lon="1.992974"><ele>198.6</ele><time>2025-09-17T15:13:07Z</time></trkpt>
      <trkpt lat="48.710683" lon="1.992783"><ele>204.8</ele><time>2025-09-17T15:13:08Z</time></trkpt>
      <trkpt lat="48.710735" lon="1.992591"><ele>203.1</ele><time>2025-09-17T15:13:09Z</time></trkpt>
      <trkpt lat="48.710809" lon="1.992422"><ele>200.7</ele><time>2025-09-17T15:13:10Z</time></trkpt>
      <trkpt lat="48.710870" lon="1.992247"><ele>199.2</ele><time>2025-09-17T15:13:11Z</time></trkpt>
      <trkpt lat="48.710926" lon="1.992063"><ele>198.0</ele><time>2025-09-17T15:13:12Z</time></trkpt>
      <trkpt lat="48.710920" lon="1.991860"><ele>196.0</ele><time>2025-09-17T15:13:13Z</time></trkpt>
      <trkpt lat="48.710899" lon="1.991680"><ele>191.5</ele><time>2025-09-17T15:13:14Z</time></trkpt>
      <trkpt lat="48.710909" lon="1.991545"><ele>189.5</ele><time>2025-09-17T15:13:15Z</time></trkpt>
      <trkpt lat="48.710924" lon="1.991383"><ele>180.0</ele><time>2025-09-17T15:13:16Z</time></trkpt>
      <trkpt lat="48.710972" lon="1.991219"><ele>176.8</ele><time>2025-09-17T15:13:17Z</time></trkpt>
      <trkpt lat="48.711011" lon="1.991058"><ele>174.4</ele><time>2025-09-17T15:13:18Z</time></trkpt>
      <trkpt lat="48.711055" lon="1.990907"><ele>176.4</ele><time>2025-09-17T15:13:19Z</time></trkpt>
      <trkpt lat="48.711065" lon="1.990741"><ele>176.0</ele><time>2025-09-17T15:13:20Z</time></trkpt>
      <trkpt lat="48.711054" lon="1.990600"><ele>173.9</ele><time>2025-09-17T15:13:21Z</time></trkpt>
      <trkpt lat="48.711031" lon="1.990434"><ele>174.7</ele><time>2025-09-17T15:13:22Z</time></trkpt>
      <trkpt lat="48.710998" lon="1.990290"><ele>171.7</ele><time>2025-09-17T15:13:23Z</time></trkpt>
      <trkpt lat="48.710890" lon="1.990219"><ele>169.8</ele><time>2025-09-17T15:13:24Z</time></trkpt>
      <trkpt lat="48.710782" lon="1.990125"><ele>161.3</ele><time>2025-09-17T15:13:25Z</time></trkpt>
      <trkpt lat="48.710659" lon="1.990053"><ele>155.9</ele><time>2025-09-17T15:13:26Z</time></trkpt>
      <trkpt lat="48.710526" lon="1.989989"><ele>149.1</ele><time>2025-09-17T15:13:27Z</time></trkpt>
      <trkpt lat="48.710388" lon="1.989909"><ele>145.0</ele><time>2025-09-17T15:13:28Z</time></trkpt>
      <trkpt lat="48.710258" lon="1.989850"><ele>142.5</ele><time>2025-09-17T15:13:29Z</time></trkpt>
      <trkpt lat="48.710118" lon="1.989795"><ele>139.9</ele><time>2025-09-17T15:13:30Z</time></trkpt>
      <trkpt lat="48.709962" lon="1.989765"><ele>138.9</ele><time>2025-09-17T15:13:31Z</time></trkpt>
      <trkpt lat="48.709837" lon="1.989729"><ele>138.3</ele><time>2025-09-17T15:13:32Z</time></trkpt>
      <trkpt lat="48.709723" lon="1.989705"><ele>136.4</ele><time>2025-09-17T15:13:33Z</time></trkpt>
      <trkpt lat="48.709597" lon="1.989685"><ele>136.5</ele><time>2025-09-17T15:13:34Z</time></trkpt>
      <trkpt lat="48.709483" lon="1.989688"><ele>135.6</ele><time>2025-09-17T15:13:35Z</time></trkpt>
      <trkpt lat="48.709372" lon="1.989646"><ele>135.5</ele><time>2025-09-17T15:13:36Z</time></trkpt>
      <trkpt lat="48.709295" lon="1.989637"><ele>134.8</ele><time>2025-09-17T15:13:37Z</time></trkpt>
      <trkpt lat="48.709247" lon="1.989623"><ele>134.4</ele><time>2025-09-17T15:13:38Z</time></trkpt>
      <trkpt lat="48.709226" lon="1.989595"><ele>132.7</ele><time>2025-09-17T15:13:39Z</time></trkpt>
      <trkpt lat="48.709192" lon="1.989574"><ele>131.7</ele><time>2025-09-17T15:13:40Z</time></trkpt>
      <trkpt lat="48.709181" lon="1.989562"><ele>129.8</ele><time>2025-09-17T15:13:41Z</time></trkpt>
      <trkpt lat="48.709164" lon="1.989532"><ele>129.2</ele><time>2025-09-17T15:13:42Z</time></trkpt>
      <trkpt lat="48.709146" lon="1.989498"><ele>129.9</ele><time>2025-09-17T15:13:43Z</time></trkpt>
      <trkpt lat="48.709126" lon="1.989476"><ele>130.5</ele><time>2025-09-17T15:13:44Z</time></trkpt>
      <trkpt lat="48.709100" lon="1.989461"><ele>130.5</ele><time>2025-09-17T15:13:45Z</time></trkpt>
      <trkpt lat="48.709076" lon="1.989472"><ele>130.1</ele><time>2025-09-17T15:13:46Z</time></trkpt>
      <trkpt lat="48.709056" lon="1.989495"><ele>129.2</ele><time>2025-09-17T15:13:47Z</time></trkpt>
      <trkpt lat="48.709035" lon="1.989504"><ele>128.8</ele><time>2025-09-17T15:13:48Z</time></trkpt>
      <trkpt lat="48.709033" lon="1.989512"><ele>127.8</ele><time>2025-09-17T15:13:49Z</time></trkpt>
      <trkpt lat="48.709032" lon="1.989516"><ele>126.6</ele><time>2025-09-17T15:13:50Z</time></trkpt>
      <trkpt lat="48.709039" lon="1.989507"><ele>126.4</ele><time>2025-09-17T15:13:51Z</time></trkpt>
      <trkpt lat="48.709043" lon="1.989499"><ele>125.2</ele><time>2025-09-17T15:13:52Z</time></trkpt>
      <trkpt lat="48.709049" lon="1.989491"><ele>124.2</ele><time>2025-09-17T15:13:53Z</time></trkpt>
      <trkpt lat="48.709050" lon="1.989484"><ele>123.2</ele><time>2025-09-17T15:13:54Z</time></trkpt>
      <trkpt lat="48.709048" lon="1.989483"><ele>122.2</ele><time>2025-09-17T15:13:55Z</time></trkpt>
      <trkpt lat="48.709052" lon="1.989483"><ele>121.4</ele><time>2025-09-17T15:13:56Z</time></trkpt>
      <trkpt lat="48.709052" lon="1.989481"><ele>120.7</ele><time>2025-09-17T15:13:57Z</time></trkpt>
      <trkpt lat="48.709048" lon="1.989475"><ele>119.8</ele><time>2025-09-17T15:13:58Z</time></trkpt>
      <trkpt lat="48.709048" lon="1.989472"><ele>118.9</ele><time>2025-09-17T15:13:59Z</time></trkpt>
      <trkpt lat="48.709041" lon="1.989467"><ele>118.4</ele><time>2025-09-17T15:14:00Z</time></trkpt>
      <trkpt lat="48.709031" lon="1.989463"><ele>117.6</ele><time>2025-09-17T15:14:01Z</time></trkpt>
      <trkpt lat="48.709027" lon="1.989459"><ele>116.5</ele><time>2025-09-17T15:14:02Z</time></trkpt>
      <trkpt lat="48.709020" lon="1.989454"><ele>116.1</ele><time>2025-09-17T15:14:03Z</time></trkpt>
      <trkpt lat="48.709016" lon="1.989449"><ele>115.3</ele><time>2025-09-17T15:14:04Z</time></trkpt>
      <trkpt lat="48.709014" lon="1.989448"><ele>114.7</ele><time>2025-09-17T15:14:05Z</time></trkpt>
      <trkpt lat="48.709015" lon="1.989446"><ele>114.4</ele><time>2025-09-17T15:14:06Z</time></trkpt>
      <trkpt lat="48.709017" lon="1.989444"><ele>114.3</ele><time>2025-09-17T15:14:07Z</time></trkpt>
      <trkpt lat="48.709018" lon="1.989448"><ele>114.1</ele><time>2025-09-17T15:14:08Z</time></trkpt>
      <trkpt lat="48.709019" lon="1.989447"><ele>114.0</ele><time>2025-09-17T15:14:09Z</time></trkpt>
      <trkpt lat="48.709018" lon="1.989443"><ele>114.0</ele><time>2025-09-17T15:14:10Z</time></trkpt>
      <trkpt lat="48.709019" lon="1.989442"><ele>113.8</ele><time>2025-09-17T15:14:11Z</time></trkpt>
      <trkpt lat="48.709021" lon="1.989443"><ele>113.5</ele><time>2025-09-17T15:14:12Z</time></trkpt>
      <trkpt lat="48.709021" lon="1.989441"><ele>113.4</ele><time>2025-09-17T15:14:13Z</time></trkpt>
      <trkpt lat="48.709020" lon="1.989440"><ele>113.2</ele><time>2025-09-17T15:14:14Z</time></trkpt>
      <trkpt lat="48.709021" lon="1.989439"><ele>113.0</ele><time>2025-09-17T15:14:15Z</time></trkpt>
      <trkpt lat="48.709021" lon="1.989444"><ele>113.0</ele><time>2025-09-17T15:14:16Z</time></trkpt>
      <trkpt lat="48.709015" lon="1.989451"><ele>113.0</ele><time>2025-09-17T15:14:17Z</time></trkpt>
      <trkpt lat="48.709010" lon="1.989464"><ele>113.4</ele><time>2025-09-17T15:14:18Z</time></trkpt>
      <trkpt lat="48.709005" lon="1.989478"><ele>113.2</ele><time>2025-09-17T15:14:19Z</time></trkpt>
      <trkpt lat="48.709010" lon="1.989495"><ele>113.0</ele><time>2025-09-17T15:14:20Z</time></trkpt>
      <trkpt lat="48.709022" lon="1.989510"><ele>112.7</ele><time>2025-09-17T15:14:21Z</time></trkpt>
      <trkpt lat="48.709049" lon="1.989523"><ele>112.4</ele><time>2025-09-17T15:14:22Z</time></trkpt>
      <trkpt lat="48.709085" lon="1.989535"><ele>112.3</ele><time>2025-09-17T15:14:23Z</time></trkpt>
      <trkpt lat="48.709127" lon="1.989548"><ele>111.9</ele><time>2025-09-17T15:14:24Z</time></trkpt>
      <trkpt lat="48.709174" lon="1.989557"><ele>111.5</ele><time>2025-09-17T15:14:25Z</time></trkpt>
      <trkpt lat="48.709220" lon="1.989572"><ele>111.4</ele><time>2025-09-17T15:14:26Z</time></trkpt>
      <trkpt lat="48.709269" lon="1.989580"><ele>111.4</ele><time>2025-09-17T15:14:27Z</time></trkpt>
      <trkpt lat="48.709319" lon="1.989584"><ele>111.0</ele><time>2025-09-17T15:14:28Z</time></trkpt>
      <trkpt lat="48.709365" lon="1.989587"><ele>110.6</ele><time>2025-09-17T15:14:29Z</time></trkpt>
      <trkpt lat="48.709414" lon="1.989590"><ele>110.3</ele><time>2025-09-17T15:14:30Z</time></trkpt>
      <trkpt lat="48.709479" lon="1.989606"><ele>110.4</ele><time>2025-09-17T15:14:31Z</time></trkpt>
      <trkpt lat="48.709541" lon="1.989627"><ele>110.6</ele><time>2025-09-17T15:14:32Z</time></trkpt>
      <trkpt lat="48.709602" lon="1.989653"><ele>110.7</ele><time>2025-09-17T15:14:33Z</time></trkpt>
      <trkpt lat="48.709671" lon="1.989677"><ele>110.8</ele><time>2025-09-17T15:14:34Z</time></trkpt>
      <trkpt lat="48.709741" lon="1.989697"><ele>111.0</ele><time>2025-09-17T15:14:35Z</time></trkpt>
      <trkpt lat="48.709811" lon="1.989717"><ele>111.0</ele><time>2025-09-17T15:14:36Z</time></trkpt>
      <trkpt lat="48.709875" lon="1.989738"><ele>111.3</ele><time>2025-09-17T15:14:37Z</time></trkpt>
      <trkpt lat="48.709949" lon="1.989756"><ele>111.4</ele><time>2025-09-17T15:14:38Z</time></trkpt>
      <trkpt lat="48.710024" lon="1.989769"><ele>111.8</ele><time>2025-09-17T15:14:39Z</time></trkpt>
      <trkpt lat="48.710094" lon="1.989796"><ele>112.6</ele><time>2025-09-17T15:14:40Z</time></trkpt>
      <trkpt lat="48.710170" lon="1.989834"><ele>113.2</ele><time>2025-09-17T15:14:41Z</time></trkpt>
      <trkpt lat="48.710256" lon="1.989841"><ele>114.7</ele><time>2025-09-17T15:14:42Z</time></trkpt>
      <trkpt lat="48.710341" lon="1.989882"><ele>115.8</ele><time>2025-09-17T15:14:43Z</time></trkpt>
      <trkpt lat="48.710430" lon="1.989925"><ele>116.4</ele><time>2025-09-17T15:14:44Z</time></trkpt>
      <trkpt lat="48.710511" lon="1.989992"><ele>117.9</ele><time>2025-09-17T15:14:45Z</time></trkpt>
      <trkpt lat="48.710589" lon="1.990038"><ele>118.8</ele><time>2025-09-17T15:14:46Z</time></trkpt>
      <trkpt lat="48.710661" lon="1.990094"><ele>119.5</ele><time>2025-09-17T15:14:47Z</time></trkpt>
      <trkpt lat="48.710732" lon="1.990159"><ele>120.3</ele><time>2025-09-17T15:14:48Z</time></trkpt>
      <trkpt lat="48.710815" lon="1.990210"><ele>121.6</ele><time>2025-09-17T15:14:49Z</time></trkpt>
      <trkpt lat="48.710897" lon="1.990274"><ele>122.4</ele><time>2025-09-17T15:14:50Z</time></trkpt>
      <trkpt lat="48.710974" lon="1.990338"><ele>123.4</ele><time>2025-09-17T15:14:51Z</time></trkpt>
      <trkpt lat="48.711037" lon="1.990390"><ele>123.4</ele><time>2025-09-17T15:14:52Z</time></trkpt>
      <trkpt lat="48.711094" lon="1.990438"><ele>123.0</ele><time>2025-09-17T15:14:53Z</time></trkpt>
      <trkpt lat="48.711148" lon="1.990495"><ele>123.0</ele><time>2025-09-17T15:14:54Z</time></trkpt>
      <trkpt lat="48.711187" lon="1.990577"><ele>123.5</ele><time>2025-09-17T15:14:55Z</time></trkpt>
      <trkpt lat="48.711230" lon="1.990685"><ele>124.6</ele><time>2025-09-17T15:14:56Z</time></trkpt>
      <trkpt lat="48.711256" lon="1.990803"><ele>124.4</ele><time>2025-09-17T15:14:57Z</time></trkpt>
      <trkpt lat="48.711263" lon="1.990970"><ele>124.9</ele><time>2025-09-17T15:14:58Z</time></trkpt>
      <trkpt lat="48.711259" lon="1.991141"><ele>125.4</ele><time>2025-09-17T15:14:59Z</time></trkpt>
      <trkpt lat="48.711233" lon="1.991305"><ele>124.7</ele><time>2025-09-17T15:15:00Z</time></trkpt>
      <trkpt lat="48.711219" lon="1.991467"><ele>124.7</ele><time>2025-09-17T15:15:01Z</time></trkpt>
      <trkpt lat="48.711255" lon="1.991646"><ele>124.3</ele><time>2025-09-17T15:15:02Z</time></trkpt>
      <trkpt lat="48.711288" lon="1.991821"><ele>124.6</ele><time>2025-09-17T15:15:03Z</time></trkpt>
      <trkpt lat="48.711323" lon="1.991990"><ele>125.8</ele><time>2025-09-17T15:15:04Z</time></trkpt>
      <trkpt lat="48.711306" lon="1.992166"><ele>126.0</ele><time>2025-09-17T15:15:05Z</time></trkpt>
      <trkpt lat="48.711297" lon="1.992349"><ele>126.2</ele><time>2025-09-17T15:15:06Z</time></trkpt>
      <trkpt lat="48.711276" lon="1.992539"><ele>126.7</ele><time>2025-09-17T15:15:07Z</time></trkpt>
      <trkpt lat="48.711256" lon="1.992723"><ele>127.0</ele><time>2025-09-17T15:15:08Z</time></trkpt>
      <trkpt lat="48.711238" lon="1.992908"><ele>127.0</ele><time>2025-09-17T15:15:09Z</time></trkpt>
      <trkpt lat="48.711211" lon="1.993130"><ele>127.0</ele><time>2025-09-17T15:15:10Z</time></trkpt>
      <trkpt lat="48.711183" lon="1.993369"><ele>126.7</ele><time>2025-09-17T15:15:11Z</time></trkpt>
      <trkpt lat="48.711074" lon="1.993551"><ele>126.5</ele><time>2025-09-17T15:15:12Z</time></trkpt>
      <trkpt lat="48.711022" lon="1.993741"><ele>126.4</ele><time>2025-09-17T15:15:13Z</time></trkpt>
      <trkpt lat="48.710941" lon="1.993882"><ele>127.6</ele><time>2025-09-17T15:15:14Z</time></trkpt>
      <trkpt lat="48.710844" lon="1.994026"><ele>127.9</ele><time>2025-09-17T15:15:15Z</time></trkpt>
      <trkpt lat="48.710769" lon="1.994180"><ele>129.7</ele><time>2025-09-17T15:15:16Z</time></trkpt>
      <trkpt lat="48.710719" lon="1.994399"><ele>130.5</ele><time>2025-09-17T15:15:17Z</time></trkpt>
      <trkpt lat="48.710668" lon="1.994618"><ele>129.6</ele><time>2025-09-17T15:15:18Z</time></trkpt>
      <trkpt lat="48.710599" lon="1.994825"><ele>133.9</ele><time>2025-09-17T15:15:19Z</time></trkpt>
      <trkpt lat="48.710503" lon="1.995007"><ele>134.8</ele><time>2025-09-17T15:15:20Z</time></trkpt>
      <trkpt lat="48.710427" lon="1.995179"><ele>135.4</ele><time>2025-09-17T15:15:21Z</time></trkpt>
      <trkpt lat="48.710313" lon="1.995319"><ele>136.0</ele><time>2025-09-17T15:15:22Z</time></trkpt>
      <trkpt lat="48.710231" lon="1.995477"><ele>136.2</ele><time>2025-09-17T15:15:23Z</time></trkpt>
      <trkpt lat="48.710215" lon="1.995676"><ele>136.7</ele><time>2025-09-17T15:15:24Z</time></trkpt>
      <trkpt lat="48.710201" lon="1.995900"><ele>135.9</ele><time>2025-09-17T15:15:25Z</time></trkpt>
      <trkpt lat="48.710175" lon="1.996106"><ele>136.3</ele><time>2025-09-17T15:15:26Z</time></trkpt>
      <trkpt lat="48.710127" lon="1.996279"><ele>137.7</ele><time>2025-09-17T15:15:27Z</time></trkpt>
      <trkpt lat="48.710083" lon="1.996437"><ele>138.3</ele><time>2025-09-17T15:15:28Z</time></trkpt>
      <trkpt lat="48.710010" lon="1.996555"><ele>138.5</ele><time>2025-09-17T15:15:29Z</time></trkpt>
      <trkpt lat="48.709951" lon="1.996644"><ele>138.9</ele><time>2025-09-17T15:15:30Z</time></trkpt>
      <trkpt lat="48.709874" lon="1.996745"><ele>140.2</ele><time>2025-09-17T15:15:31Z</time></trkpt>
      <trkpt lat="48.709798" lon="1.996854"><ele>142.6</ele><time>2025-09-17T15:15:32Z</time></trkpt>
      <trkpt lat="48.709698" lon="1.996950"><ele>143.8</ele><time>2025-09-17T15:15:33Z</time></trkpt>
      <trkpt lat="48.709607" lon="1.997075"><ele>145.7</ele><time>2025-09-17T15:15:34Z</time></trkpt>
      <trkpt lat="48.709532" lon="1.997227"><ele>146.8</ele><time>2025-09-17T15:15:35Z</time></trkpt>
      <trkpt lat="48.709498" lon="1.997441"><ele>147.9</ele><time>2025-09-17T15:15:36Z</time></trkpt>
      <trkpt lat="48.709459" lon="1.997671"><ele>149.2</ele><time>2025-09-17T15:15:37Z</time></trkpt>
      <trkpt lat="48.709388" lon="1.997912"><ele>151.2</ele><time>2025-09-17T15:15:38Z</time></trkpt>
      <trkpt lat="48.709311" lon="1.998130"><ele>151.7</ele><time>2025-09-17T15:15:39Z</time></trkpt>
      <trkpt lat="48.709242" lon="1.998330"><ele>152.7</ele><time>2025-09-17T15:15:40Z</time></trkpt>
      <trkpt lat="48.709148" lon="1.998488"><ele>153.0</ele><time>2025-09-17T15:15:41Z</time></trkpt>
      <trkpt lat="48.709035" lon="1.998602"><ele>153.7</ele><time>2025-09-17T15:15:42Z</time></trkpt>
      <trkpt lat="48.708939" lon="1.998698"><ele>154.2</ele><time>2025-09-17T15:15:43Z</time></trkpt>
      <trkpt lat="48.708845" lon="1.998755"><ele>154.6</ele><time>2025-09-17T15:15:44Z</time></trkpt>
      <trkpt lat="48.708748" lon="1.998849"><ele>156.9</ele><time>2025-09-17T15:15:45Z</time></trkpt>
      <trkpt lat="48.708648" lon="1.998978"><ele>157.9</ele><time>2025-09-17T15:15:46Z</time></trkpt>
      <trkpt lat="48.708548" lon="1.999144"><ele>158.4</ele><time>2025-09-17T15:15:47Z</time></trkpt>
      <trkpt lat="48.708494" lon="1.999385"><ele>159.8</ele><time>2025-09-17T15:15:48Z</time></trkpt>
      <trkpt lat="48.708436" lon="1.999642"><ele>161.4</ele><time>2025-09-17T15:15:49Z</time></trkpt>
      <trkpt lat="48.708326" lon="1.999913"><ele>162.2</ele><time>2025-09-17T15:15:50Z</time></trkpt>
      <trkpt lat="48.708204" lon="2.000167"><ele>161.9</ele><time>2025-09-17T15:15:51Z</time></trkpt>
      <trkpt lat="48.708104" lon="2.000412"><ele>162.1</ele><time>2025-09-17T15:15:52Z</time></trkpt>
      <trkpt lat="48.708033" lon="2.000627"><ele>162.5</ele><time>2025-09-17T15:15:53Z</time></trkpt>
      <trkpt lat="48.707993" lon="2.000824"><ele>164.3</ele><time>2025-09-17T15:15:54Z</time></trkpt>
      <trkpt lat="48.707952" lon="2.001000"><ele>164.6</ele><time>2025-09-17T15:15:55Z</time></trkpt>
      <trkpt lat="48.707935" lon="2.001160"><ele>165.1</ele><time>2025-09-17T15:15:56Z</time></trkpt>
      <trkpt lat="48.707941" lon="2.001302"><ele>165.2</ele><time>2025-09-17T15:15:57Z</time></trkpt>
      <trkpt lat="48.707996" lon="2.001420"><ele>166.2</ele><time>2025-09-17T15:15:58Z</time></trkpt>
      <trkpt lat="48.708058" lon="2.001478"><ele>165.9</ele><time>2025-09-17T15:15:59Z</time></trkpt>
      <trkpt lat="48.708156" lon="2.001501"><ele>169.6</ele><time>2025-09-17T15:16:00Z</time></trkpt>
      <trkpt lat="48.708323" lon="2.001569"><ele>172.2</ele><time>2025-09-17T15:16:01Z</time></trkpt>
      <trkpt lat="48.708453" lon="2.001616"><ele>174.0</ele><time>2025-09-17T15:16:02Z</time></trkpt>
      <trkpt lat="48.708616" lon="2.001660"><ele>177.3</ele><time>2025-09-17T15:16:03Z</time></trkpt>
      <trkpt lat="48.708762" lon="2.001683"><ele>178.5</ele><time>2025-09-17T15:16:04Z</time></trkpt>
      <trkpt lat="48.708892" lon="2.001718"><ele>180.4</ele><time>2025-09-17T15:16:05Z</time></trkpt>
      <trkpt lat="48.709012" lon="2.001726"><ele>182.0</ele><time>2025-09-17T15:16:06Z</time></trkpt>
      <trkpt lat="48.709133" lon="2.001735"><ele>183.6</ele><time>2025-09-17T15:16:07Z</time></trkpt>
      <trkpt lat="48.709221" lon="2.001740"><ele>186.1</ele><time>2025-09-17T15:16:08Z</time></trkpt>
      <trkpt lat="48.709261" lon="2.001735"><ele>188.3</ele><time>2025-09-17T15:16:09Z</time></trkpt>
      <trkpt lat="48.709309" lon="2.001746"><ele>190.1</ele><time>2025-09-17T15:16:10Z</time></trkpt>
      <trkpt lat="48.709316" lon="2.001744"><ele>192.3</ele><time>2025-09-17T15:16:11Z</time></trkpt>
      <trkpt lat="48.709336" lon="2.001745"><ele>193.6</ele><time>2025-09-17T15:16:12Z</time></trkpt>
      <trkpt lat="48.709353" lon="2.001746"><ele>193.6</ele><time>2025-09-17T15:16:13Z</time></trkpt>
      <trkpt lat="48.709370" lon="2.001740"><ele>193.6</ele><time>2025-09-17T15:16:14Z</time></trkpt>
      <trkpt lat="48.709387" lon="2.001728"><ele>192.4</ele><time>2025-09-17T15:16:15Z</time></trkpt>
      <trkpt lat="48.709381" lon="2.001718"><ele>192.1</ele><time>2025-09-17T15:16:16Z</time></trkpt>
      <trkpt lat="48.709344" lon="2.001720"><ele>192.6</ele><time>2025-09-17T15:16:17Z</time></trkpt>
      <trkpt lat="48.709306" lon="2.001733"><ele>190.1</ele><time>2025-09-17T15:16:18Z</time></trkpt>
      <trkpt lat="48.709250" lon="2.001758"><ele>191.5</ele><time>2025-09-17T15:16:19Z</time></trkpt>
      <trkpt lat="48.709192" lon="2.001779"><ele>192.6</ele><time>2025-09-17T15:16:20Z</time></trkpt>
      <trkpt lat="48.709135" lon="2.001802"><ele>194.2</ele><time>2025-09-17T15:16:21Z</time></trkpt>
      <trkpt lat="48.709062" lon="2.001796"><ele>195.8</ele><time>2025-09-17T15:16:22Z</time></trkpt>
      <trkpt lat="48.708945" lon="2.001785"><ele>197.6</ele><time>2025-09-17T15:16:23Z</time></trkpt>
      <trkpt lat="48.708803" lon="2.001757"><ele>198.1</ele><time>2025-09-17T15:16:24Z</time></trkpt>
      <trkpt lat="48.708698" lon="2.001758"><ele>198.3</ele><time>2025-09-17T15:16:25Z</time></trkpt>
      <trkpt lat="48.708592" lon="2.001743"><ele>199.7</ele><time>2025-09-17T15:16:26Z</time></trkpt>
      <trkpt lat="48.708494" lon="2.001724"><ele>201.0</ele><time>2025-09-17T15:16:27Z</time></trkpt>
      <trkpt lat="48.708338" lon="2.001689"><ele>202.3</ele><time>2025-09-17T15:16:28Z</time></trkpt>
      <trkpt lat="48.708169" lon="2.001646"><ele>202.8</ele><time>2025-09-17T15:16:29Z</time></trkpt>
      <trkpt lat="48.708050" lon="2.001622"><ele>202.1</ele><time>2025-09-17T15:16:30Z</time></trkpt>
      <trkpt lat="48.707966" lon="2.001559"><ele>202.7</ele><time>2025-09-17T15:16:31Z</time></trkpt>
      <trkpt lat="48.707902" lon="2.001433"><ele>203.4</ele><time>2025-09-17T15:16:32Z</time></trkpt>
      <trkpt lat="48.707871" lon="2.001275"><ele>203.4</ele><time>2025-09-17T15:16:33Z</time></trkpt>
      <trkpt lat="48.707944" lon="2.001068"><ele>204.5</ele><time>2025-09-17T15:16:34Z</time></trkpt>
      <trkpt lat="48.708027" lon="2.000860"><ele>206.0</ele><time>2025-09-17T15:16:35Z</time></trkpt>
      <trkpt lat="48.708087" lon="2.000640"><ele>209.8</ele><time>2025-09-17T15:16:36Z</time></trkpt>
      <trkpt lat="48.708152" lon="2.000411"><ele>209.8</ele><time>2025-09-17T15:16:37Z</time></trkpt>
      <trkpt lat="48.708196" lon="2.000171"><ele>209.9</ele><time>2025-09-17T15:16:38Z</time></trkpt>
      <trkpt lat="48.708260" lon="1.999920"><ele>209.6</ele><time>2025-09-17T15:16:39Z</time></trkpt>
      <trkpt lat="48.708302" lon="1.999674"><ele>209.8</ele><time>2025-09-17T15:16:40Z</time></trkpt>
      <trkpt lat="48.708355" lon="1.999461"><ele>209.9</ele><time>2025-09-17T15:16:41Z</time></trkpt>
      <trkpt lat="48.708384" lon="1.999267"><ele>210.7</ele><time>2025-09-17T15:16:42Z</time></trkpt>
      <trkpt lat="48.708427" lon="1.999082"><ele>211.2</ele><time>2025-09-17T15:16:43Z</time></trkpt>
      <trkpt lat="48.708472" lon="1.998922"><ele>209.9</ele><time>2025-09-17T15:16:44Z</time></trkpt>
      <trkpt lat="48.708578" lon="1.998833"><ele>209.3</ele><time>2025-09-17T15:16:45Z</time></trkpt>
      <trkpt lat="48.708668" lon="1.998765"><ele>209.3</ele><time>2025-09-17T15:16:46Z</time></trkpt>
      <trkpt lat="48.708740" lon="1.998668"><ele>207.7</ele><time>2025-09-17T15:16:47Z</time></trkpt>
      <trkpt lat="48.708817" lon="1.998552"><ele>206.0</ele><time>2025-09-17T15:16:48Z</time></trkpt>
      <trkpt lat="48.708875" lon="1.998334"><ele>206.4</ele><time>2025-09-17T15:16:49Z</time></trkpt>
      <trkpt lat="48.708953" lon="1.998121"><ele>206.3</ele><time>2025-09-17T15:16:50Z</time></trkpt>
      <trkpt lat="48.709001" lon="1.997893"><ele>206.2</ele><time>2025-09-17T15:16:51Z</time></trkpt>
      <trkpt lat="48.709013" lon="1.997646"><ele>206.5</ele><time>2025-09-17T15:16:52Z</time></trkpt>
      <trkpt lat="48.709026" lon="1.997418"><ele>205.7</ele><time>2025-09-17T15:16:53Z</time></trkpt>
      <trkpt lat="48.709058" lon="1.997213"><ele>206.5</ele><time>2025-09-17T15:16:54Z</time></trkpt>
      <trkpt lat="48.709110" lon="1.997024"><ele>205.1</ele><time>2025-09-17T15:16:55Z</time></trkpt>
      <trkpt lat="48.709147" lon="1.996837"><ele>202.6</ele><time>2025-09-17T15:16:56Z</time></trkpt>
      <trkpt lat="48.709195" lon="1.996679"><ele>202.5</ele><time>2025-09-17T15:16:57Z</time></trkpt>
      <trkpt lat="48.709223" lon="1.996506"><ele>201.9</ele><time>2025-09-17T15:16:58Z</time></trkpt>
      <trkpt lat="48.709253" lon="1.996365"><ele>202.2</ele><time>2025-09-17T15:16:59Z</time></trkpt>
      <trkpt lat="48.709286" lon="1.996225"><ele>202.9</ele><time>2025-09-17T15:17:00Z</time></trkpt>
      <trkpt lat="48.709334" lon="1.996100"><ele>203.2</ele><time>2025-09-17T15:17:01Z</time></trkpt>
      <trkpt lat="48.709424" lon="1.995971"><ele>203.4</ele><time>2025-09-17T15:17:02Z</time></trkpt>
      <trkpt lat="48.709486" lon="1.995797"><ele>203.8</ele><time>2025-09-17T15:17:03Z</time></trkpt>
      <trkpt lat="48.709528" lon="1.995641"><ele>203.8</ele><time>2025-09-17T15:17:04Z</time></trkpt>
      <trkpt lat="48.709576" lon="1.995442"><ele>203.9</ele><time>2025-09-17T15:17:05Z</time></trkpt>
      <trkpt lat="48.709666" lon="1.995281"><ele>203.3</ele><time>2025-09-17T15:17:06Z</time></trkpt>
      <trkpt lat="48.709759" lon="1.995125"><ele>204.9</ele><time>2025-09-17T15:17:07Z</time></trkpt>
      <trkpt lat="48.709842" lon="1.994981"><ele>204.1</ele><time>2025-09-17T15:17:08Z</time></trkpt>
      <trkpt lat="48.709930" lon="1.994831"><ele>205.4</ele><time>2025-09-17T15:17:09Z</time></trkpt>
      <trkpt lat="48.710018" lon="1.994634"><ele>204.6</ele><time>2025-09-17T15:17:10Z</time></trkpt>
      <trkpt lat="48.710061" lon="1.994417"><ele>205.1</ele><time>2025-09-17T15:17:11Z</time></trkpt>
      <trkpt lat="48.710086" lon="1.994201"><ele>206.1</ele><time>2025-09-17T15:17:12Z</time></trkpt>
      <trkpt lat="48.710144" lon="1.994019"><ele>206.9</ele><time>2025-09-17T15:17:13Z</time></trkpt>
      <trkpt lat="48.710202" lon="1.993844"><ele>207.0</ele><time>2025-09-17T15:17:14Z</time></trkpt>
      <trkpt lat="48.710296" lon="1.993701"><ele>206.6</ele><time>2025-09-17T15:17:15Z</time></trkpt>
      <trkpt lat="48.710374" lon="1.993552"><ele>206.9</ele><time>2025-09-17T15:17:16Z</time></trkpt>
      <trkpt lat="48.710433" lon="1.993391"><ele>206.6</ele><time>2025-09-17T15:17:17Z</time></trkpt>
      <trkpt lat="48.710446" lon="1.993146"><ele>206.5</ele><time>2025-09-17T15:17:18Z</time></trkpt>
      <trkpt lat="48.710476" lon="1.992964"><ele>203.8</ele><time>2025-09-17T15:17:19Z</time></trkpt>
      <trkpt lat="48.710525" lon="1.992790"><ele>205.1</ele><time>2025-09-17T15:17:20Z</time></trkpt>
      <trkpt lat="48.710584" lon="1.992621"><ele>203.5</ele><time>2025-09-17T15:17:21Z</time></trkpt>
      <trkpt lat="48.710671" lon="1.992439"><ele>202.4</ele><time>2025-09-17T15:17:22Z</time></trkpt>
      <trkpt lat="48.710753" lon="1.992257"><ele>201.7</ele><time>2025-09-17T15:17:23Z</time></trkpt>
      <trkpt lat="48.710805" lon="1.992071"><ele>201.2</ele><time>2025-09-17T15:17:24Z</time></trkpt>
      <trkpt lat="48.710822" lon="1.991878"><ele>199.7</ele><time>2025-09-17T15:17:25Z</time></trkpt>
      <trkpt lat="48.710794" lon="1.991666"><ele>198.2</ele><time>2025-09-17T15:17:26Z</time></trkpt>
      <trkpt lat="48.710744" lon="1.991493"><ele>196.7</ele><time>2025-09-17T15:17:27Z</time></trkpt>
      <trkpt lat="48.710771" lon="1.991325"><ele>196.8</ele><time>2025-09-17T15:17:28Z</time></trkpt>
      <trkpt lat="48.710809" lon="1.991159"><ele>192.2</ele><time>2025-09-17T15:17:29Z</time></trkpt>
      <trkpt lat="48.710855" lon="1.990988"><ele>189.3</ele><time>2025-09-17T15:17:30Z</time></trkpt>
      <trkpt lat="48.710915" lon="1.990831"><ele>189.2</ele><time>2025-09-17T15:17:31Z</time></trkpt>
      <trkpt lat="48.710929" lon="1.990690"><ele>188.8</ele><time>2025-09-17T15:17:32Z</time></trkpt>
      <trkpt lat="48.710906" lon="1.990542"><ele>188.2</ele><time>2025-09-17T15:17:33Z</time></trkpt>
      <trkpt lat="48.710861" lon="1.990403"><ele>189.6</ele><time>2025-09-17T15:17:34Z</time></trkpt>
      <trkpt lat="48.710822" lon="1.990274"><ele>189.6</ele><time>2025-09-17T15:17:35Z</time></trkpt>
      <trkpt lat="48.710766" lon="1.990149"><ele>189.7</ele><time>2025-09-17T15:17:36Z</time></trkpt>
      <trkpt lat="48.710596" lon="1.990083"><ele>183.4</ele><time>2025-09-17T15:17:37Z</time></trkpt>
      <trkpt lat="48.710442" lon="1.990023"><ele>174.7</ele><time>2025-09-17T15:17:38Z</time></trkpt>
      <trkpt lat="48.710289" lon="1.989953"><ele>170.4</ele><time>2025-09-17T15:17:39Z</time></trkpt>
      <trkpt lat="48.710156" lon="1.989880"><ele>169.7</ele><time>2025-09-17T15:17:40Z</time></trkpt>
      <trkpt lat="48.710002" lon="1.989828"><ele>165.2</ele><time>2025-09-17T15:17:41Z</time></trkpt>
      <trkpt lat="48.709845" lon="1.989790"><ele>165.1</ele><time>2025-09-17T15:17:42Z</time></trkpt>
      <trkpt lat="48.709716" lon="1.989750"><ele>164.2</ele><time>2025-09-17T15:17:43Z</time></trkpt>
      <trkpt lat="48.709587" lon="1.989725"><ele>161.9</ele><time>2025-09-17T15:17:44Z</time></trkpt>
      <trkpt lat="48.709475" lon="1.989719"><ele>161.6</ele><time>2025-09-17T15:17:45Z</time></trkpt>
      <trkpt lat="48.709359" lon="1.989698"><ele>161.1</ele><time>2025-09-17T15:17:46Z</time></trkpt>
      <trkpt lat="48.709295" lon="1.989677"><ele>159.1</ele><time>2025-09-17T15:17:47Z</time></trkpt>
      <trkpt lat="48.709233" lon="1.989651"><ele>157.6</ele><time>2025-09-17T15:17:48Z</time></trkpt>
      <trkpt lat="48.709173" lon="1.989618"><ele>153.3</ele><time>2025-09-17T15:17:49Z</time></trkpt>
      <trkpt lat="48.709183" lon="1.989585"><ele>150.4</ele><time>2025-09-17T15:17:50Z</time></trkpt>
      <trkpt lat="48.709181" lon="1.989563"><ele>146.8</ele><time>2025-09-17T15:17:51Z</time></trkpt>
      <trkpt lat="48.709162" lon="1.989536"><ele>145.4</ele><time>2025-09-17T15:17:52Z</time></trkpt>
      <trkpt lat="48.709137" lon="1.989503"><ele>145.0</ele><time>2025-09-17T15:17:53Z</time></trkpt>
      <trkpt lat="48.709111" lon="1.989475"><ele>144.7</ele><time>2025-09-17T15:17:54Z</time></trkpt>
      <trkpt lat="48.709102" lon="1.989469"><ele>146.1</ele><time>2025-09-17T15:17:55Z</time></trkpt>
      <trkpt lat="48.709086" lon="1.989490"><ele>144.8</ele><time>2025-09-17T15:17:56Z</time></trkpt>
      <trkpt lat="48.709063" lon="1.989508"><ele>142.9</ele><time>2025-09-17T15:17:57Z</time></trkpt>
      <trkpt lat="48.709049" lon="1.989514"><ele>142.4</ele><time>2025-09-17T15:17:58Z</time></trkpt>
      <trkpt lat="48.709058" lon="1.989510"><ele>140.9</ele><time>2025-09-17T15:17:59Z</time></trkpt>
      <trkpt lat="48.709066" lon="1.989511"><ele>139.1</ele><time>2025-09-17T15:18:00Z</time></trkpt>
      <trkpt lat="48.709057" lon="1.989521"><ele>138.6</ele><time>2025-09-17T15:18:01Z</time></trkpt>
      <trkpt lat="48.709036" lon="1.989540"><ele>137.7</ele><time>2025-09-17T15:18:02Z</time></trkpt>
      <trkpt lat="48.709035" lon="1.989562"><ele>135.3</ele><time>2025-09-17T15:18:03Z</time></trkpt>
      <trkpt lat="48.709053" lon="1.989572"><ele>133.9</ele><time>2025-09-17T15:18:04Z</time></trkpt>
      <trkpt lat="48.709106" lon="1.989589"><ele>133.4</ele><time>2025-09-17T15:18:05Z</time></trkpt>
      <trkpt lat="48.709179" lon="1.989594"><ele>130.9</ele><time>2025-09-17T15:18:06Z</time></trkpt>
      <trkpt lat="48.709258" lon="1.989599"><ele>128.8</ele><time>2025-09-17T15:18:07Z</time></trkpt>
      <trkpt lat="48.709348" lon="1.989613"><ele>128.5</ele><time>2025-09-17T15:18:08Z</time></trkpt>
      <trkpt lat="48.709454" lon="1.989629"><ele>127.8</ele><time>2025-09-17T15:18:09Z</time></trkpt>
      <trkpt lat="48.709565" lon="1.989644"><ele>127.4</ele><time>2025-09-17T15:18:10Z</time></trkpt>
      <trkpt lat="48.709678" lon="1.989667"><ele>126.9</ele><time>2025-09-17T15:18:11Z</time></trkpt>
      <trkpt lat="48.709802" lon="1.989712"><ele>126.1</ele><time>2025-09-17T15:18:12Z</time></trkpt>
      <trkpt lat="48.709919" lon="1.989764"><ele>125.5</ele><time>2025-09-17T15:18:13Z</time></trkpt>
      <trkpt lat="48.710044" lon="1.989775"><ele>125.5</ele><time>2025-09-17T15:18:14Z</time></trkpt>
      <trkpt lat="48.710176" lon="1.989805"><ele>125.7</ele><time>2025-09-17T15:18:15Z</time></trkpt>
      <trkpt lat="48.710330" lon="1.989854"><ele>126.4</ele><time>2025-09-17T15:18:16Z</time></trkpt>
      <trkpt lat="48.710470" lon="1.989913"><ele>126.1</ele><time>2025-09-17T15:18:17Z</time></trkpt>
      <trkpt lat="48.710619" lon="1.990006"><ele>126.7</ele><time>2025-09-17T15:18:18Z</time></trkpt>
      <trkpt lat="48.710757" lon="1.990090"><ele>126.1</ele><time>2025-09-17T15:18:19Z</time></trkpt>
      <trkpt lat="48.710878" lon="1.990176"><ele>126.3</ele><time>2025-09-17T15:18:20Z</time></trkpt>
      <trkpt lat="48.710979" lon="1.990269"><ele>127.2</ele><time>2025-09-17T15:18:21Z</time></trkpt>
      <trkpt lat="48.711073" lon="1.990350"><ele>127.6</ele><time>2025-09-17T15:18:22Z</time></trkpt>
      <trkpt lat="48.711156" lon="1.990440"><ele>127.0</ele><time>2025-09-17T15:18:23Z</time></trkpt>
      <trkpt lat="48.711219" lon="1.990552"><ele>127.0</ele><time>2025-09-17T15:18:24Z</time></trkpt>
      <trkpt lat="48.711273" lon="1.990691"><ele>126.4</ele><time>2025-09-17T15:18:25Z</time></trkpt>
      <trkpt lat="48.711279" lon="1.990833"><ele>125.6</ele><time>2025-09-17T15:18:26Z</time></trkpt>
      <trkpt lat="48.711288" lon="1.991008"><ele>125.1</ele><time>2025-09-17T15:18:27Z</time></trkpt>
      <trkpt lat="48.711304" lon="1.991197"><ele>124.6</ele><time>2025-09-17T15:18:28Z</time></trkpt>
      <trkpt lat="48.711274" lon="1.991366"><ele>124.8</ele><time>2025-09-17T15:18:29Z</time></trkpt>
      <trkpt lat="48.711289" lon="1.991554"><ele>125.7</ele><time>2025-09-17T15:18:30Z</time></trkpt>
      <trkpt lat="48.711329" lon="1.991758"><ele>125.2</ele><time>2025-09-17T15:18:31Z</time></trkpt>
      <trkpt lat="48.711363" lon="1.991961"><ele>126.0</ele><time>2025-09-17T15:18:32Z</time></trkpt>
      <trkpt lat="48.711375" lon="1.992172"><ele>126.4</ele><time>2025-09-17T15:18:33Z</time></trkpt>
      <trkpt lat="48.711394" lon="1.992384"><ele>126.1</ele><time>2025-09-17T15:18:34Z</time></trkpt>
      <trkpt lat="48.711392" lon="1.992584"><ele>125.7</ele><time>2025-09-17T15:18:35Z</time></trkpt>
      <trkpt lat="48.711393" lon="1.992775"><ele>126.5</ele><time>2025-09-17T15:18:36Z</time></trkpt>
      <trkpt lat="48.711378" lon="1.992996"><ele>126.8</ele><time>2025-09-17T15:18:37Z</time></trkpt>
      <trkpt lat="48.711339" lon="1.993220"><ele>126.7</ele><time>2025-09-17T15:18:38Z</time></trkpt>
      <trkpt lat="48.711284" lon="1.993414"><ele>127.0</ele><time>2025-09-17T15:18:39Z</time></trkpt>
      <trkpt lat="48.711249" lon="1.993604"><ele>126.7</ele><time>2025-09-17T15:18:40Z</time></trkpt>
      <trkpt lat="48.711165" lon="1.993759"><ele>126.5</ele><time>2025-09-17T15:18:41Z</time></trkpt>
      <trkpt lat="48.711054" lon="1.993880"><ele>126.4</ele><time>2025-09-17T15:18:42Z</time></trkpt>
      <trkpt lat="48.710932" lon="1.994002"><ele>126.4</ele><time>2025-09-17T15:18:43Z</time></trkpt>
      <trkpt lat="48.710851" lon="1.994146"><ele>127.7</ele><time>2025-09-17T15:18:44Z</time></trkpt>
      <trkpt lat="48.710782" lon="1.994325"><ele>127.8</ele><time>2025-09-17T15:18:45Z</time></trkpt>
      <trkpt lat="48.710727" lon="1.994553"><ele>127.8</ele><time>2025-09-17T15:18:46Z</time></trkpt>
      <trkpt lat="48.710661" lon="1.994773"><ele>128.7</ele><time>2025-09-17T15:18:47Z</time></trkpt>
      <trkpt lat="48.710579" lon="1.994966"><ele>129.4</ele><time>2025-09-17T15:18:48Z</time></trkpt>
      <trkpt lat="48.710473" lon="1.995124"><ele>129.8</ele><time>2025-09-17T15:18:49Z</time></trkpt>
      <trkpt lat="48.710348" lon="1.995256"><ele>129.4</ele><time>2025-09-17T15:18:50Z</time></trkpt>
      <trkpt lat="48.710258" lon="1.995423"><ele>129.6</ele><time>2025-09-17T15:18:51Z</time></trkpt>
      <trkpt lat="48.710205" lon="1.995632"><ele>130.4</ele><time>2025-09-17T15:18:52Z</time></trkpt>
      <trkpt lat="48.710219" lon="1.995887"><ele>129.7</ele><time>2025-09-17T15:18:53Z</time></trkpt>
      <trkpt lat="48.710199" lon="1.996111"><ele>130.1</ele><time>2025-09-17T15:18:54Z</time></trkpt>
      <trkpt lat="48.710133" lon="1.996294"><ele>130.8</ele><time>2025-09-17T15:18:55Z</time></trkpt>
      <trkpt lat="48.710081" lon="1.996452"><ele>130.1</ele><time>2025-09-17T15:18:56Z</time></trkpt>
      <trkpt lat="48.710034" lon="1.996576"><ele>130.1</ele><time>2025-09-17T15:18:57Z</time></trkpt>
      <trkpt lat="48.709970" lon="1.996683"><ele>130.2</ele><time>2025-09-17T15:18:58Z</time></trkpt>
      <trkpt lat="48.709897" lon="1.996796"><ele>130.6</ele><time>2025-09-17T15:18:59Z</time></trkpt>
      <trkpt lat="48.709810" lon="1.996915"><ele>130.7</ele><time>2025-09-17T15:19:00Z</time></trkpt>
      <trkpt lat="48.709722" lon="1.997048"><ele>131.4</ele><time>2025-09-17T15:19:01Z</time></trkpt>
      <trkpt lat="48.709655" lon="1.997224"><ele>132.6</ele><time>2025-09-17T15:19:02Z</time></trkpt>
      <trkpt lat="48.709677" lon="1.997457"><ele>132.8</ele><time>2025-09-17T15:19:03Z</time></trkpt>
      <trkpt lat="48.709643" lon="1.997685"><ele>133.4</ele><time>2025-09-17T15:19:04Z</time></trkpt>
      <trkpt lat="48.709592" lon="1.997934"><ele>134.5</ele><time>2025-09-17T15:19:05Z</time></trkpt>
      <trkpt lat="48.709537" lon="1.998212"><ele>135.1</ele><time>2025-09-17T15:19:06Z</time></trkpt>
      <trkpt lat="48.709397" lon="1.998407"><ele>134.9</ele><time>2025-09-17T15:19:07Z</time></trkpt>
      <trkpt lat="48.709269" lon="1.998586"><ele>137.4</ele><time>2025-09-17T15:19:08Z</time></trkpt>
      <trkpt lat="48.709156" lon="1.998708"><ele>140.3</ele><time>2025-09-17T15:19:09Z</time></trkpt>
      <trkpt lat="48.709033" lon="1.998805"><ele>145.8</ele><time>2025-09-17T15:19:10Z</time></trkpt>
      <trkpt lat="48.708940" lon="1.998858"><ele>145.1</ele><time>2025-09-17T15:19:11Z</time></trkpt>
      <trkpt lat="48.708851" lon="1.998963"><ele>147.5</ele><time>2025-09-17T15:19:12Z</time></trkpt>
      <trkpt lat="48.708763" lon="1.999116"><ele>148.0</ele><time>2025-09-17T15:19:13Z</time></trkpt>
      <trkpt lat="48.708711" lon="1.999333"><ele>148.0</ele><time>2025-09-17T15:19:14Z</time></trkpt>
      <trkpt lat="48.708690" lon="1.999603"><ele>149.0</ele><time>2025-09-17T15:19:15Z</time></trkpt>
      <trkpt lat="48.708603" lon="1.999870"><ele>152.9</ele><time>2025-09-17T15:19:16Z</time></trkpt>
      <trkpt lat="48.708477" lon="2.000137"><ele>153.3</ele><time>2025-09-17T15:19:17Z</time></trkpt>
      <trkpt lat="48.708367" lon="2.000399"><ele>153.9</ele><time>2025-09-17T15:19:18Z</time></trkpt>
      <trkpt lat="48.708247" lon="2.000641"><ele>154.7</ele><time>2025-09-17T15:19:19Z</time></trkpt>
      <trkpt lat="48.708179" lon="2.000869"><ele>155.0</ele><time>2025-09-17T15:19:20Z</time></trkpt>
      <trkpt lat="48.708104" lon="2.001058"><ele>155.5</ele><time>2025-09-17T15:19:21Z</time></trkpt>
      <trkpt lat="48.708058" lon="2.001240"><ele>157.8</ele><time>2025-09-17T15:19:22Z</time></trkpt>
      <trkpt lat="48.708047" lon="2.001393"><ele>158.5</ele><time>2025-09-17T15:19:23Z</time></trkpt>
      <trkpt lat="48.708043" lon="2.001523"><ele>160.5</ele><time>2025-09-17T15:19:24Z</time></trkpt>
      <trkpt lat="48.708098" lon="2.001621"><ele>161.4</ele><time>2025-09-17T15:19:25Z</time></trkpt>
      <trkpt lat="48.708150" lon="2.001676"><ele>161.2</ele><time>2025-09-17T15:19:26Z</time></trkpt>
      <trkpt lat="48.708389" lon="2.001675"><ele>163.1</ele><time>2025-09-17T15:19:27Z</time></trkpt>
      <trkpt lat="48.708506" lon="2.001671"><ele>165.9</ele><time>2025-09-17T15:19:28Z</time></trkpt>
      <trkpt lat="48.708638" lon="2.001689"><ele>168.0</ele><time>2025-09-17T15:19:29Z</time></trkpt>
      <trkpt lat="48.708783" lon="2.001709"><ele>168.5</ele><time>2025-09-17T15:19:30Z</time></trkpt>
      <trkpt lat="48.708929" lon="2.001713"><ele>169.6</ele><time>2025-09-17T15:19:31Z</time></trkpt>
      <trkpt lat="48.709074" lon="2.001740"><ele>170.8</ele><time>2025-09-17T15:19:32Z</time></trkpt>
      <trkpt lat="48.709212" lon="2.001778"><ele>172.1</ele><time>2025-09-17T15:19:33Z</time></trkpt>
      <trkpt lat="48.709357" lon="2.001800"><ele>173.4</ele><time>2025-09-17T15:19:34Z</time></trkpt>
      <trkpt lat="48.709492" lon="2.001802"><ele>174.4</ele><time>2025-09-17T15:19:35Z</time></trkpt>
      <trkpt lat="48.709652" lon="2.001794"><ele>176.2</ele><time>2025-09-17T15:19:36Z</time></trkpt>
      <trkpt lat="48.709795" lon="2.001795"><ele>178.3</ele><time>2025-09-17T15:19:37Z</time></trkpt>
      <trkpt lat="48.709949" lon="2.001808"><ele>179.8</ele><time>2025-09-17T15:19:38Z</time></trkpt>
      <trkpt lat="48.710100" lon="2.001823"><ele>180.8</ele><time>2025-09-17T15:19:39Z</time></trkpt>
      <trkpt lat="48.710257" lon="2.001816"><ele>181.8</ele><time>2025-09-17T15:19:40Z</time></trkpt>
      <trkpt lat="48.710441" lon="2.001820"><ele>183.1</ele><time>2025-09-17T15:19:41Z</time></trkpt>
      <trkpt lat="48.710608" lon="2.001803"><ele>184.3</ele><time>2025-09-17T15:19:42Z</time></trkpt>
      <trkpt lat="48.710779" lon="2.001800"><ele>185.0</ele><time>2025-09-17T15:19:43Z</time></trkpt>
      <trkpt lat="48.710952" lon="2.001796"><ele>185.2</ele><time>2025-09-17T15:19:44Z</time></trkpt>
      <trkpt lat="48.711130" lon="2.001797"><ele>185.5</ele><time>2025-09-17T15:19:45Z</time></trkpt>
      <trkpt lat="48.711323" lon="2.001810"><ele>184.8</ele><time>2025-09-17T15:19:46Z</time></trkpt>
      <trkpt lat="48.711515" lon="2.001807"><ele>183.0</ele><time>2025-09-17T15:19:47Z</time></trkpt>
      <trkpt lat="48.711706" lon="2.001812"><ele>181.8</ele><time>2025-09-17T15:19:48Z</time></trkpt>
      <trkpt lat="48.711894" lon="2.001817"><ele>180.5</ele><time>2025-09-17T15:19:49Z</time></trkpt>
      <trkpt lat="48.712080" lon="2.001824"><ele>179.1</ele><time>2025-09-17T15:19:50Z</time></trkpt>
      <trkpt lat="48.712263" lon="2.001832"><ele>178.0</ele><time>2025-09-17T15:19:51Z</time></trkpt>
      <trkpt lat="48.712446" lon="2.001841"><ele>177.6</ele><time>2025-09-17T15:19:52Z</time></trkpt>
      <trkpt lat="48.712627" lon="2.001850"><ele>176.8</ele><time>2025-09-17T15:19:53Z</time></trkpt>
      <trkpt lat="48.712808" lon="2.001859"><ele>176.7</ele><time>2025-09-17T15:19:54Z</time></trkpt>
      <trkpt lat="48.712989" lon="2.001873"><ele>176.3</ele><time>2025-09-17T15:19:55Z</time></trkpt>
      <trkpt lat="48.713176" lon="2.001900"><ele>175.6</ele><time>2025-09-17T15:19:56Z</time></trkpt>
      <trkpt lat="48.713364" lon="2.001922"><ele>173.2</ele><time>2025-09-17T15:19:57Z</time></trkpt>
      <trkpt lat="48.713552" lon="2.001946"><ele>171.7</ele><time>2025-09-17T15:19:58Z</time></trkpt>
      <trkpt lat="48.713741" lon="2.001966"><ele>170.3</ele><time>2025-09-17T15:19:59Z</time></trkpt>
      <trkpt lat="48.713931" lon="2.001987"><ele>169.4</ele><time>2025-09-17T15:20:00Z</time></trkpt>
      <trkpt lat="48.714122" lon="2.002003"><ele>168.4</ele><time>2025-09-17T15:20:01Z</time></trkpt>
      <trkpt lat="48.714313" lon="2.002017"><ele>167.9</ele><time>2025-09-17T15:20:02Z</time></trkpt>
      <trkpt lat="48.714507" lon="2.002033"><ele>167.4</ele><time>2025-09-17T15:20:03Z</time></trkpt>
      <trkpt lat="48.714701" lon="2.002051"><ele>166.8</ele><time>2025-09-17T15:20:04Z</time></trkpt>
      <trkpt lat="48.714897" lon="2.002071"><ele>166.6</ele><time>2025-09-17T15:20:05Z</time></trkpt>
      <trkpt lat="48.715093" lon="2.002091"><ele>166.2</ele><time>2025-09-17T15:20:06Z</time></trkpt>
      <trkpt lat="48.715290" lon="2.002108"><ele>165.8</ele><time>2025-09-17T15:20:07Z</time></trkpt>
      <trkpt lat="48.715488" lon="2.002124"><ele>165.5</ele><time>2025-09-17T15:20:08Z</time></trkpt>
      <trkpt lat="48.715686" lon="2.002141"><ele>165.2</ele><time>2025-09-17T15:20:09Z</time></trkpt>
      <trkpt lat="48.715888" lon="2.002158"><ele>164.9</ele><time>2025-09-17T15:20:10Z</time></trkpt>
      <trkpt lat="48.716094" lon="2.002177"><ele>164.5</ele><time>2025-09-17T15:20:11Z</time></trkpt>
      <trkpt lat="48.716307" lon="2.002194"><ele>164.1</ele><time>2025-09-17T15:20:12Z</time></trkpt>
      <trkpt lat="48.716522" lon="2.002212"><ele>163.9</ele><time>2025-09-17T15:20:13Z</time></trkpt>
      <trkpt lat="48.716737" lon="2.002232"><ele>163.5</ele><time>2025-09-17T15:20:14Z</time></trkpt>
      <trkpt lat="48.716943" lon="2.002251"><ele>163.2</ele><time>2025-09-17T15:20:15Z</time></trkpt>
      <trkpt lat="48.717140" lon="2.002268"><ele>162.9</ele><time>2025-09-17T15:20:16Z</time></trkpt>
      <trkpt lat="48.717331" lon="2.002283"><ele>162.7</ele><time>2025-09-17T15:20:17Z</time></trkpt>
      <trkpt lat="48.717517" lon="2.002297"><ele>162.4</ele><time>2025-09-17T15:20:18Z</time></trkpt>
      <trkpt lat="48.717700" lon="2.002310"><ele>162.2</ele><time>2025-09-17T15:20:19Z</time></trkpt>
      <trkpt lat="48.717881" lon="2.002322"><ele>162.0</ele><time>2025-09-17T15:20:20Z</time></trkpt>
      <trkpt lat="48.718061" lon="2.002333"><ele>161.7</ele><time>2025-09-17T15:20:21Z</time></trkpt>
      <trkpt lat="48.718243" lon="2.002345"><ele>161.4</ele><time>2025-09-17T15:20:22Z</time></trkpt>
      <trkpt lat="48.718428" lon="2.002358"><ele>161.1</ele><time>2025-09-17T15:20:23Z</time></trkpt>
      <trkpt lat="48.718618" lon="2.002372"><ele>160.9</ele><time>2025-09-17T15:20:24Z</time></trkpt>
      <trkpt lat="48.718804" lon="2.002384"><ele>160.8</ele><time>2025-09-17T15:20:25Z</time></trkpt>
      <trkpt lat="48.718983" lon="2.002390"><ele>160.7</ele><time>2025-09-17T15:20:26Z</time></trkpt>
      <trkpt lat="48.719150" lon="2.002384"><ele>160.6</ele><time>2025-09-17T15:20:27Z</time></trkpt>
      <trkpt lat="48.719304" lon="2.002364"><ele>160.6</ele><time>2025-09-17T15:20:28Z</time></trkpt>
      <trkpt lat="48.719442" lon="2.002337"><ele>160.4</ele><time>2025-09-17T15:20:29Z</time></trkpt>
      <trkpt lat="48.719561" lon="2.002310"><ele>160.2</ele><time>2025-09-17T15:20:30Z</time></trkpt>
      <trkpt lat="48.719658" lon="2.002285"><ele>160.0</ele><time>2025-09-17T15:20:31Z</time></trkpt>
      <trkpt lat="48.719734" lon="2.002280"><ele>160.2</ele><time>2025-09-17T15:20:32Z</time></trkpt>
      <trkpt lat="48.719804" lon="2.002300"><ele>160.1</ele><time>2025-09-17T15:20:33Z</time></trkpt>
      <trkpt lat="48.719877" lon="2.002352"><ele>160.0</ele><time>2025-09-17T15:20:34Z</time></trkpt>
      <trkpt lat="48.719954" lon="2.002414"><ele>160.2</ele><time>2025-09-17T15:20:35Z</time></trkpt>
      <trkpt lat="48.720034" lon="2.002452"><ele>160.1</ele><time>2025-09-17T15:20:36Z</time></trkpt>
      <trkpt lat="48.720113" lon="2.002450"><ele>160.1</ele><time>2025-09-17T15:20:37Z</time></trkpt>
      <trkpt lat="48.720185" lon="2.002404"><ele>160.2</ele><time>2025-09-17T15:20:38Z</time></trkpt>
      <trkpt lat="48.720239" lon="2.002321"><ele>160.2</ele><time>2025-09-17T15:20:39Z</time></trkpt>
      <trkpt lat="48.720266" lon="2.002214"><ele>160.1</ele><time>2025-09-17T15:20:40Z</time></trkpt>
      <trkpt lat="48.720263" lon="2.002096"><ele>160.1</ele><time>2025-09-17T15:20:41Z</time></trkpt>
      <trkpt lat="48.720225" lon="2.001991"><ele>160.0</ele><time>2025-09-17T15:20:42Z</time></trkpt>
      <trkpt lat="48.720159" lon="2.001921"><ele>160.1</ele><time>2025-09-17T15:20:43Z</time></trkpt>
      <trkpt lat="48.720078" lon="2.001897"><ele>160.4</ele><time>2025-09-17T15:20:44Z</time></trkpt>
      <trkpt lat="48.719993" lon="2.001926"><ele>160.2</ele><time>2025-09-17T15:20:45Z</time></trkpt>
      <trkpt lat="48.719915" lon="2.002006"><ele>160.0</ele><time>2025-09-17T15:20:46Z</time></trkpt>
      <trkpt lat="48.719830" lon="2.002106"><ele>159.9</ele><time>2025-09-17T15:20:47Z</time></trkpt>
      <trkpt lat="48.719726" lon="2.002186"><ele>159.8</ele><time>2025-09-17T15:20:48Z</time></trkpt>
      <trkpt lat="48.719610" lon="2.002245"><ele>159.9</ele><time>2025-09-17T15:20:49Z</time></trkpt>
      <trkpt lat="48.719488" lon="2.002292"><ele>160.0</ele><time>2025-09-17T15:20:50Z</time></trkpt>
      <trkpt lat="48.719364" lon="2.002330"><ele>160.1</ele><time>2025-09-17T15:20:51Z</time></trkpt>
      <trkpt lat="48.719235" lon="2.002357"><ele>160.1</ele><time>2025-09-17T15:20:52Z</time></trkpt>
      <trkpt lat="48.719095" lon="2.002368"><ele>160.0</ele><time>2025-09-17T15:20:53Z</time></trkpt>
      <trkpt lat="48.718944" lon="2.002365"><ele>159.9</ele><time>2025-09-17T15:20:54Z</time></trkpt>
      <trkpt lat="48.718772" lon="2.002354"><ele>159.9</ele><time>2025-09-17T15:20:55Z</time></trkpt>
      <trkpt lat="48.718578" lon="2.002343"><ele>159.9</ele><time>2025-09-17T15:20:56Z</time></trkpt>
      <trkpt lat="48.718362" lon="2.002333"><ele>159.8</ele><time>2025-09-17T15:20:57Z</time></trkpt>
      <trkpt lat="48.718141" lon="2.002320"><ele>160.0</ele><time>2025-09-17T15:20:58Z</time></trkpt>
      <trkpt lat="48.717914" lon="2.002305"><ele>160.3</ele><time>2025-09-17T15:20:59Z</time></trkpt>
      <trkpt lat="48.717680" lon="2.002288"><ele>160.6</ele><time>2025-09-17T15:21:00Z</time></trkpt>
      <trkpt lat="48.717446" lon="2.002270"><ele>160.8</ele><time>2025-09-17T15:21:01Z</time></trkpt>
      <trkpt lat="48.717216" lon="2.002253"><ele>161.0</ele><time>2025-09-17T15:21:02Z</time></trkpt>
      <trkpt lat="48.716983" lon="2.002234"><ele>161.1</ele><time>2025-09-17T15:21:03Z</time></trkpt>
      <trkpt lat="48.716749" lon="2.002214"><ele>161.2</ele><time>2025-09-17T15:21:04Z</time></trkpt>
      <trkpt lat="48.716511" lon="2.002195"><ele>161.4</ele><time>2025-09-17T15:21:05Z</time></trkpt>
      <trkpt lat="48.716270" lon="2.002177"><ele>161.6</ele><time>2025-09-17T15:21:06Z</time></trkpt>
      <trkpt lat="48.716025" lon="2.002159"><ele>161.7</ele><time>2025-09-17T15:21:07Z</time></trkpt>
      <trkpt lat="48.715778" lon="2.002138"><ele>161.8</ele><time>2025-09-17T15:21:08Z</time></trkpt>
      <trkpt lat="48.715531" lon="2.002116"><ele>162.0</ele><time>2025-09-17T15:21:09Z</time></trkpt>
      <trkpt lat="48.715292" lon="2.002095"><ele>162.2</ele><time>2025-09-17T15:21:10Z</time></trkpt>
      <trkpt lat="48.715069" lon="2.002072"><ele>162.3</ele><time>2025-09-17T15:21:11Z</time></trkpt>
      <trkpt lat="48.714861" lon="2.002049"><ele>162.7</ele><time>2025-09-17T15:21:12Z</time></trkpt>
      <trkpt lat="48.714667" lon="2.002029"><ele>162.9</ele><time>2025-09-17T15:21:13Z</time></trkpt>
      <trkpt lat="48.714486" lon="2.002012"><ele>163.0</ele><time>2025-09-17T15:21:14Z</time></trkpt>
      <trkpt lat="48.714319" lon="2.001998"><ele>163.1</ele><time>2025-09-17T15:21:15Z</time></trkpt>
      <trkpt lat="48.714164" lon="2.001985"><ele>163.3</ele><time>2025-09-17T15:21:16Z</time></trkpt>
      <trkpt lat="48.714014" lon="2.001972"><ele>163.3</ele><time>2025-09-17T15:21:17Z</time></trkpt>
      <trkpt lat="48.713862" lon="2.001959"><ele>163.3</ele><time>2025-09-17T15:21:18Z</time></trkpt>
      <trkpt lat="48.713705" lon="2.001945"><ele>163.4</ele><time>2025-09-17T15:21:19Z</time></trkpt>
      <trkpt lat="48.713542" lon="2.001932"><ele>163.5</ele><time>2025-09-17T15:21:20Z</time></trkpt>
      <trkpt lat="48.713377" lon="2.001920"><ele>163.7</ele><time>2025-09-17T15:21:21Z</time></trkpt>
      <trkpt lat="48.713209" lon="2.001909"><ele>163.8</ele><time>2025-09-17T15:21:22Z</time></trkpt>
      <trkpt lat="48.713029" lon="2.001900"><ele>163.9</ele><time>2025-09-17T15:21:23Z</time></trkpt>
      <trkpt lat="48.712832" lon="2.001889"><ele>164.2</ele><time>2025-09-17T15:21:24Z</time></trkpt>
      <trkpt lat="48.712620" lon="2.001875"><ele>164.4</ele><time>2025-09-17T15:21:25Z</time></trkpt>
      <trkpt lat="48.712407" lon="2.001858"><ele>164.7</ele><time>2025-09-17T15:21:26Z</time></trkpt>
      <trkpt lat="48.712206" lon="2.001842"><ele>164.7</ele><time>2025-09-17T15:21:27Z</time></trkpt>
      <trkpt lat="48.712018" lon="2.001829"><ele>164.7</ele><time>2025-09-17T15:21:28Z</time></trkpt>
      <trkpt lat="48.711823" lon="2.001817"><ele>164.9</ele><time>2025-09-17T15:21:29Z</time></trkpt>
      <trkpt lat="48.711608" lon="2.001801"><ele>165.2</ele><time>2025-09-17T15:21:30Z</time></trkpt>
      <trkpt lat="48.711394" lon="2.001780"><ele>165.2</ele><time>2025-09-17T15:21:31Z</time></trkpt>
      <trkpt lat="48.711196" lon="2.001759"><ele>165.4</ele><time>2025-09-17T15:21:32Z</time></trkpt>
      <trkpt lat="48.710993" lon="2.001746"><ele>165.5</ele><time>2025-09-17T15:21:33Z</time></trkpt>
      <trkpt lat="48.710764" lon="2.001729"><ele>165.5</ele><time>2025-09-17T15:21:34Z</time></trkpt>
      <trkpt lat="48.710510" lon="2.001706"><ele>165.6</ele><time>2025-09-17T15:21:35Z</time></trkpt>
      <trkpt lat="48.710246" lon="2.001682"><ele>165.9</ele><time>2025-09-17T15:21:36Z</time></trkpt>
      <trkpt lat="48.709987" lon="2.001666"><ele>166.6</ele><time>2025-09-17T15:21:37Z</time></trkpt>
      <trkpt lat="48.709743" lon="2.001647"><ele>167.1</ele><time>2025-09-17T15:21:38Z</time></trkpt>
      <trkpt lat="48.709517" lon="2.001638"><ele>167.4</ele><time>2025-09-17T15:21:39Z</time></trkpt>
      <trkpt lat="48.709309" lon="2.001645"><ele>167.6</ele><time>2025-09-17T15:21:40Z</time></trkpt>
      <trkpt lat="48.709115" lon="2.001634"><ele>168.4</ele><time>2025-09-17T15:21:41Z</time></trkpt>
      <trkpt lat="48.708947" lon="2.001635"><ele>168.7</ele><time>2025-09-17T15:21:42Z</time></trkpt>
      <trkpt lat="48.708771" lon="2.001627"><ele>169.4</ele><time>2025-09-17T15:21:43Z</time></trkpt>
      <trkpt lat="48.708612" lon="2.001628"><ele>169.6</ele><time>2025-09-17T15:21:44Z</time></trkpt>
      <trkpt lat="48.708469" lon="2.001653"><ele>169.7</ele><time>2025-09-17T15:21:45Z</time></trkpt>
      <trkpt lat="48.708339" lon="2.001637"><ele>168.4</ele><time>2025-09-17T15:21:46Z</time></trkpt>
      <trkpt lat="48.708233" lon="2.001641"><ele>171.2</ele><time>2025-09-17T15:21:47Z</time></trkpt>
      <trkpt lat="48.708110" lon="2.001607"><ele>172.1</ele><time>2025-09-17T15:21:48Z</time></trkpt>
      <trkpt lat="48.707992" lon="2.001562"><ele>174.7</ele><time>2025-09-17T15:21:49Z</time></trkpt>
      <trkpt lat="48.707907" lon="2.001456"><ele>177.0</ele><time>2025-09-17T15:21:50Z</time></trkpt>
      <trkpt lat="48.707861" lon="2.001334"><ele>178.9</ele><time>2025-09-17T15:21:51Z</time></trkpt>
      <trkpt lat="48.707845" lon="2.001184"><ele>183.5</ele><time>2025-09-17T15:21:52Z</time></trkpt>
      <trkpt lat="48.707895" lon="2.000997"><ele>186.3</ele><time>2025-09-17T15:21:53Z</time></trkpt>
      <trkpt lat="48.708011" lon="2.000765"><ele>193.1</ele><time>2025-09-17T15:21:54Z</time></trkpt>
      <trkpt lat="48.708122" lon="2.000519"><ele>197.2</ele><time>2025-09-17T15:21:55Z</time></trkpt>
      <trkpt lat="48.708156" lon="2.000252"><ele>197.8</ele><time>2025-09-17T15:21:56Z</time></trkpt>
      <trkpt lat="48.708187" lon="1.999974"><ele>194.3</ele><time>2025-09-17T15:21:57Z</time></trkpt>
      <trkpt lat="48.708208" lon="1.999708"><ele>191.6</ele><time>2025-09-17T15:21:58Z</time></trkpt>
      <trkpt lat="48.708242" lon="1.999449"><ele>189.3</ele><time>2025-09-17T15:21:59Z</time></trkpt>
      <trkpt lat="48.708290" lon="1.999210"><ele>190.2</ele><time>2025-09-17T15:22:00Z</time></trkpt>
      <trkpt lat="48.708374" lon="1.999011"><ele>191.3</ele><time>2025-09-17T15:22:01Z</time></trkpt>
      <trkpt lat="48.708447" lon="1.998846"><ele>189.3</ele><time>2025-09-17T15:22:02Z</time></trkpt>
      <trkpt lat="48.708531" lon="1.998722"><ele>192.0</ele><time>2025-09-17T15:22:03Z</time></trkpt>
      <trkpt lat="48.708610" lon="1.998632"><ele>193.9</ele><time>2025-09-17T15:22:04Z</time></trkpt>
      <trkpt lat="48.708709" lon="1.998508"><ele>193.7</ele><time>2025-09-17T15:22:05Z</time></trkpt>
      <trkpt lat="48.708804" lon="1.998356"><ele>186.6</ele><time>2025-09-17T15:22:06Z</time></trkpt>
      <trkpt lat="48.708891" lon="1.998163"><ele>183.2</ele><time>2025-09-17T15:22:07Z</time></trkpt>
      <trkpt lat="48.708972" lon="1.997949"><ele>182.4</ele><time>2025-09-17T15:22:08Z</time></trkpt>
      <trkpt lat="48.709029" lon="1.997718"><ele>179.5</ele><time>2025-09-17T15:22:09Z</time></trkpt>
      <trkpt lat="48.709070" lon="1.997489"><ele>179.3</ele><time>2025-09-17T15:22:10Z</time></trkpt>
      <trkpt lat="48.709110" lon="1.997274"><ele>178.4</ele><time>2025-09-17T15:22:11Z</time></trkpt>
      <trkpt lat="48.709156" lon="1.997071"><ele>176.5</ele><time>2025-09-17T15:22:12Z</time></trkpt>
      <trkpt lat="48.709213" lon="1.996884"><ele>173.6</ele><time>2025-09-17T15:22:13Z</time></trkpt>
      <trkpt lat="48.709304" lon="1.996737"><ele>174.5</ele><time>2025-09-17T15:22:14Z</time></trkpt>
      <trkpt lat="48.709419" lon="1.996630"><ele>174.8</ele><time>2025-09-17T15:22:15Z</time></trkpt>
      <trkpt lat="48.709530" lon="1.996539"><ele>175.2</ele><time>2025-09-17T15:22:16Z</time></trkpt>
      <trkpt lat="48.709627" lon="1.996401"><ele>175.0</ele><time>2025-09-17T15:22:17Z</time></trkpt>
      <trkpt lat="48.709721" lon="1.996277"><ele>176.2</ele><time>2025-09-17T15:22:18Z</time></trkpt>
      <trkpt lat="48.709756" lon="1.996137"><ele>177.0</ele><time>2025-09-17T15:22:19Z</time></trkpt>
      <trkpt lat="48.709756" lon="1.995965"><ele>181.5</ele><time>2025-09-17T15:22:20Z</time></trkpt>
      <trkpt lat="48.709745" lon="1.995761"><ele>190.2</ele><time>2025-09-17T15:22:21Z</time></trkpt>
      <trkpt lat="48.709752" lon="1.995585"><ele>191.1</ele><time>2025-09-17T15:22:22Z</time></trkpt>
      <trkpt lat="48.709845" lon="1.995414"><ele>195.7</ele><time>2025-09-17T15:22:23Z</time></trkpt>
      <trkpt lat="48.709915" lon="1.995247"><ele>194.0</ele><time>2025-09-17T15:22:24Z</time></trkpt>
      <trkpt lat="48.709995" lon="1.995102"><ele>197.3</ele><time>2025-09-17T15:22:25Z</time></trkpt>
      <trkpt lat="48.710070" lon="1.994940"><ele>204.6</ele><time>2025-09-17T15:22:26Z</time></trkpt>
      <trkpt lat="48.710159" lon="1.994749"><ele>209.2</ele><time>2025-09-17T15:22:27Z</time></trkpt>
      <trkpt lat="48.710220" lon="1.994532"><ele>207.4</ele><time>2025-09-17T15:22:28Z</time></trkpt>
      <trkpt lat="48.710209" lon="1.994298"><ele>206.3</ele><time>2025-09-17T15:22:29Z</time></trkpt>
      <trkpt lat="48.710282" lon="1.994116"><ele>203.4</ele><time>2025-09-17T15:22:30Z</time></trkpt>
      <trkpt lat="48.710338" lon="1.993939"><ele>204.9</ele><time>2025-09-17T15:22:31Z</time></trkpt>
      <trkpt lat="48.710447" lon="1.993804"><ele>206.0</ele><time>2025-09-17T15:22:32Z</time></trkpt>
      <trkpt lat="48.710504" lon="1.993656"><ele>204.3</ele><time>2025-09-17T15:22:33Z</time></trkpt>
      <trkpt lat="48.710560" lon="1.993491"><ele>204.4</ele><time>2025-09-17T15:22:34Z</time></trkpt>
      <trkpt lat="48.710606" lon="1.993327"><ele>201.2</ele><time>2025-09-17T15:22:35Z</time></trkpt>
      <trkpt lat="48.710568" lon="1.993150"><ele>201.6</ele><time>2025-09-17T15:22:36Z</time></trkpt>
      <trkpt lat="48.710583" lon="1.993000"><ele>201.0</ele><time>2025-09-17T15:22:37Z</time></trkpt>
      <trkpt lat="48.710620" lon="1.992863"><ele>203.2</ele><time>2025-09-17T15:22:38Z</time></trkpt>
      <trkpt lat="48.710671" lon="1.992727"><ele>198.2</ele><time>2025-09-17T15:22:39Z</time></trkpt>
      <trkpt lat="48.710711" lon="1.992595"><ele>193.3</ele><time>2025-09-17T15:22:40Z</time></trkpt>
      <trkpt lat="48.710765" lon="1.992479"><ele>193.8</ele><time>2025-09-17T15:22:41Z</time></trkpt>
      <trkpt lat="48.710816" lon="1.992361"><ele>195.4</ele><time>2025-09-17T15:22:42Z</time></trkpt>
      <trkpt lat="48.710856" lon="1.992238"><ele>196.0</ele><time>2025-09-17T15:22:43Z</time></trkpt>
      <trkpt lat="48.710897" lon="1.992118"><ele>196.1</ele><time>2025-09-17T15:22:44Z</time></trkpt>
      <trkpt lat="48.710918" lon="1.991995"><ele>195.7</ele><time>2025-09-17T15:22:45Z</time></trkpt>
      <trkpt lat="48.710907" lon="1.991878"><ele>194.5</ele><time>2025-09-17T15:22:46Z</time></trkpt>
      <trkpt lat="48.710900" lon="1.991776"><ele>196.7</ele><time>2025-09-17T15:22:47Z</time></trkpt>
      <trkpt lat="48.710901" lon="1.991670"><ele>196.5</ele><time>2025-09-17T15:22:48Z</time></trkpt>
      <trkpt lat="48.710893" lon="1.991570"><ele>195.5</ele><time>2025-09-17T15:22:49Z</time></trkpt>
      <trkpt lat="48.710899" lon="1.991468"><ele>194.7</ele><time>2025-09-17T15:22:50Z</time></trkpt>
      <trkpt lat="48.710924" lon="1.991356"><ele>195.3</ele><time>2025-09-17T15:22:51Z</time></trkpt>
      <trkpt lat="48.710933" lon="1.991238"><ele>196.7</ele><time>2025-09-17T15:22:52Z</time></trkpt>
      <trkpt lat="48.710957" lon="1.991121"><ele>198.6</ele><time>2025-09-17T15:22:53Z</time></trkpt>
      <trkpt lat="48.711005" lon="1.991006"><ele>199.0</ele><time>2025-09-17T15:22:54Z</time></trkpt>
      <trkpt lat="48.711029" lon="1.990892"><ele>197.9</ele><time>2025-09-17T15:22:55Z</time></trkpt>
      <trkpt lat="48.711035" lon="1.990775"><ele>195.5</ele><time>2025-09-17T15:22:56Z</time></trkpt>
      <trkpt lat="48.711042" lon="1.990670"><ele>195.5</ele><time>2025-09-17T15:22:57Z</time></trkpt>
      <trkpt lat="48.711005" lon="1.990571"><ele>195.6</ele><time>2025-09-17T15:22:58Z</time></trkpt>
      <trkpt lat="48.710963" lon="1.990480"><ele>201.3</ele><time>2025-09-17T15:22:59Z</time></trkpt>
      <trkpt lat="48.710918" lon="1.990375"><ele>204.6</ele><time>2025-09-17T15:23:00Z</time></trkpt>
      <trkpt lat="48.710903" lon="1.990276"><ele>195.5</ele><time>2025-09-17T15:23:01Z</time></trkpt>
      <trkpt lat="48.710843" lon="1.990193"><ele>184.4</ele><time>2025-09-17T15:23:02Z</time></trkpt>
      <trkpt lat="48.710778" lon="1.990138"><ele>180.6</ele><time>2025-09-17T15:23:03Z</time></trkpt>
      <trkpt lat="48.710712" lon="1.990090"><ele>171.9</ele><time>2025-09-17T15:23:04Z</time></trkpt>
      <trkpt lat="48.710619" lon="1.990041"><ele>165.9</ele><time>2025-09-17T15:23:05Z</time></trkpt>
      <trkpt lat="48.710502" lon="1.989992"><ele>159.3</ele><time>2025-09-17T15:23:06Z</time></trkpt>
      <trkpt lat="48.710378" lon="1.989937"><ele>151.6</ele><time>2025-09-17T15:23:07Z</time></trkpt>
      <trkpt lat="48.710234" lon="1.989899"><ele>148.6</ele><time>2025-09-17T15:23:08Z</time></trkpt>
      <trkpt lat="48.710103" lon="1.989867"><ele>147.6</ele><time>2025-09-17T15:23:09Z</time></trkpt>
      <trkpt lat="48.709973" lon="1.989848"><ele>147.0</ele><time>2025-09-17T15:23:10Z</time></trkpt>
      <trkpt lat="48.709846" lon="1.989823"><ele>146.2</ele><time>2025-09-17T15:23:11Z</time></trkpt>
      <trkpt lat="48.709730" lon="1.989790"><ele>144.4</ele><time>2025-09-17T15:23:12Z</time></trkpt>
      <trkpt lat="48.709603" lon="1.989770"><ele>143.4</ele><time>2025-09-17T15:23:13Z</time></trkpt>
      <trkpt lat="48.709477" lon="1.989752"><ele>143.2</ele><time>2025-09-17T15:23:14Z</time></trkpt>
      <trkpt lat="48.709366" lon="1.989714"><ele>142.9</ele><time>2025-09-17T15:23:15Z</time></trkpt>
      <trkpt lat="48.709255" lon="1.989689"><ele>142.0</ele><time>2025-09-17T15:23:16Z</time></trkpt>
      <trkpt lat="48.709202" lon="1.989678"><ele>139.4</ele><time>2025-09-17T15:23:17Z</time></trkpt>
      <trkpt lat="48.709138" lon="1.989636"><ele>136.3</ele><time>2025-09-17T15:23:18Z</time></trkpt>
      <trkpt lat="48.709079" lon="1.989595"><ele>132.7</ele><time>2025-09-17T15:23:19Z</time></trkpt>
      <trkpt lat="48.709056" lon="1.989565"><ele>130.2</ele><time>2025-09-17T15:23:20Z</time></trkpt>
      <trkpt lat="48.709061" lon="1.989537"><ele>130.7</ele><time>2025-09-17T15:23:21Z</time></trkpt>
      <trkpt lat="48.709051" lon="1.989497"><ele>130.3</ele><time>2025-09-17T15:23:22Z</time></trkpt>
      <trkpt lat="48.709034" lon="1.989474"><ele>129.9</ele><time>2025-09-17T15:23:23Z</time></trkpt>
      <trkpt lat="48.709013" lon="1.989460"><ele>130.9</ele><time>2025-09-17T15:23:24Z</time></trkpt>
      <trkpt lat="48.709000" lon="1.989457"><ele>130.1</ele><time>2025-09-17T15:23:25Z</time></trkpt>
      <trkpt lat="48.709004" lon="1.989464"><ele>128.8</ele><time>2025-09-17T15:23:26Z</time></trkpt>
      <trkpt lat="48.709013" lon="1.989473"><ele>126.4</ele><time>2025-09-17T15:23:27Z</time></trkpt>
      <trkpt lat="48.709020" lon="1.989470"><ele>125.0</ele><time>2025-09-17T15:23:28Z</time></trkpt>
      <trkpt lat="48.709029" lon="1.989463"><ele>124.1</ele><time>2025-09-17T15:23:29Z</time></trkpt>
      <trkpt lat="48.709032" lon="1.989459"><ele>123.0</ele><time>2025-09-17T15:23:30Z</time></trkpt>
      <trkpt lat="48.709035" lon="1.989453"><ele>122.2</ele><time>2025-09-17T15:23:31Z</time></trkpt>
      <trkpt lat="48.709039" lon="1.989449"><ele>121.2</ele><time>2025-09-17T15:23:32Z</time></trkpt>
      <trkpt lat="48.709041" lon="1.989445"><ele>120.3</ele><time>2025-09-17T15:23:33Z</time></trkpt>
      <trkpt lat="48.709041" lon="1.989443"><ele>119.7</ele><time>2025-09-17T15:23:34Z</time></trkpt>
      <trkpt lat="48.709035" lon="1.989447"><ele>119.1</ele><time>2025-09-17T15:23:35Z</time></trkpt>
      <trkpt lat="48.709025" lon="1.989446"><ele>118.3</ele><time>2025-09-17T15:23:36Z</time></trkpt>
      <trkpt lat="48.709028" lon="1.989451"><ele>117.8</ele><time>2025-09-17T15:23:37Z</time></trkpt>
      <trkpt lat="48.709025" lon="1.989450"><ele>118.3</ele><time>2025-09-17T15:23:38Z</time></trkpt>
      <trkpt lat="48.709019" lon="1.989447"><ele>117.6</ele><time>2025-09-17T15:23:39Z</time></trkpt>
      <trkpt lat="48.709014" lon="1.989444"><ele>116.9</ele><time>2025-09-17T15:23:40Z</time></trkpt>
      <trkpt lat="48.709007" lon="1.989440"><ele>116.0</ele><time>2025-09-17T15:23:41Z</time></trkpt>
      <trkpt lat="48.709007" lon="1.989437"><ele>115.2</ele><time>2025-09-17T15:23:42Z</time></trkpt>
      <trkpt lat="48.709005" lon="1.989434"><ele>114.9</ele><time>2025-09-17T15:23:43Z</time></trkpt>
      <trkpt lat="48.709002" lon="1.989431"><ele>114.4</ele><time>2025-09-17T15:23:44Z</time></trkpt>
      <trkpt lat="48.709001" lon="1.989427"><ele>113.9</ele><time>2025-09-17T15:23:45Z</time></trkpt>
      <trkpt lat="48.709002" lon="1.989421"><ele>113.5</ele><time>2025-09-17T15:23:46Z</time></trkpt>
      <trkpt lat="48.708999" lon="1.989419"><ele>112.9</ele><time>2025-09-17T15:23:47Z</time></trkpt>
      <trkpt lat="48.708997" lon="1.989415"><ele>112.6</ele><time>2025-09-17T15:23:48Z</time></trkpt>
      <trkpt lat="48.708996" lon="1.989411"><ele>112.3</ele><time>2025-09-17T15:23:49Z</time></trkpt>
      <trkpt lat="48.708997" lon="1.989407"><ele>112.2</ele><time>2025-09-17T15:23:50Z</time></trkpt>
      <trkpt lat="48.708996" lon="1.989406"><ele>112.2</ele><time>2025-09-17T15:23:51Z</time></trkpt>
      <trkpt lat="48.708995" lon="1.989403"><ele>112.3</ele><time>2025-09-17T15:23:52Z</time></trkpt>
      <trkpt lat="48.708997" lon="1.989403"><ele>112.2</ele><time>2025-09-17T15:23:53Z</time></trkpt>
      <trkpt lat="48.708998" lon="1.989401"><ele>112.3</ele><time>2025-09-17T15:23:54Z</time></trkpt>
      <trkpt lat="48.708998" lon="1.989399"><ele>112.1</ele><time>2025-09-17T15:23:55Z</time></trkpt>
      <trkpt lat="48.708996" lon="1.989395"><ele>112.3</ele><time>2025-09-17T15:23:56Z</time></trkpt>
      <trkpt lat="48.708995" lon="1.989392"><ele>112.3</ele><time>2025-09-17T15:23:57Z</time></trkpt>
      <trkpt lat="48.708997" lon="1.989390"><ele>112.1</ele><time>2025-09-17T15:23:58Z</time></trkpt>
      <trkpt lat="48.708999" lon="1.989388"><ele>112.4</ele><time>2025-09-17T15:23:59Z</time></trkpt>
      <trkpt lat="48.708998" lon="1.989387"><ele>112.4</ele><time>2025-09-17T15:24:00Z</time></trkpt>
      <trkpt lat="48.708996" lon="1.989386"><ele>112.5</ele><time>2025-09-17T15:24:01Z</time></trkpt>
      <trkpt lat="48.708995" lon="1.989385"><ele>112.3</ele><time>2025-09-17T15:24:02Z</time></trkpt>
      <trkpt lat="48.708994" lon="1.989384"><ele>112.2</ele><time>2025-09-17T15:24:03Z</time></trkpt>
      <trkpt lat="48.708994" lon="1.989383"><ele>112.1</ele><time>2025-09-17T15:24:04Z</time></trkpt>
      <trkpt lat="48.708993" lon="1.989383"><ele>111.9</ele><time>2025-09-17T15:24:05Z</time></trkpt>
      <trkpt lat="48.708992" lon="1.989382"><ele>111.7</ele><time>2025-09-17T15:24:06Z</time></trkpt>
      <trkpt lat="48.708992" lon="1.989382"><ele>111.7</ele><time>2025-09-17T15:24:07Z</time></trkpt>
      <trkpt lat="48.708991" lon="1.989382"><ele>111.8</ele><time>2025-09-17T15:24:08Z</time></trkpt>
      <trkpt lat="48.708991" lon="1.989382"><ele>111.8</ele><time>2025-09-17T15:24:09Z</time></trkpt>
      <trkpt lat="48.708989" lon="1.989381"><ele>111.6</ele><time>2025-09-17T15:24:10Z</time></trkpt>
      <trkpt lat="48.708987" lon="1.989380"><ele>111.2</ele><time>2025-09-17T15:24:11Z</time></trkpt>
      <trkpt lat="48.708986" lon="1.989379"><ele>111.0</ele><time>2025-09-17T15:24:12Z</time></trkpt>
      <trkpt lat="48.708985" lon="1.989378"><ele>110.7</ele><time>2025-09-17T15:24:13Z</time></trkpt>
      <trkpt lat="48.708985" lon="1.989375"><ele>110.5</ele><time>2025-09-17T15:24:14Z</time></trkpt>
      <trkpt lat="48.708985" lon="1.989375"><ele>110.2</ele><time>2025-09-17T15:24:15Z</time></trkpt>
      <trkpt lat="48.708985" lon="1.989374"><ele>110.0</ele><time>2025-09-17T15:24:16Z</time></trkpt>
      <trkpt lat="48.708984" lon="1.989373"><ele>109.8</ele><time>2025-09-17T15:24:17Z</time></trkpt>
      <trkpt lat="48.708983" lon="1.989372"><ele>109.5</ele><time>2025-09-17T15:24:18Z</time></trkpt>
      <trkpt lat="48.708982" lon="1.989371"><ele>109.3</ele><time>2025-09-17T15:24:19Z</time></trkpt>
      <trkpt lat="48.708982" lon="1.989370"><ele>109.0</ele><time>2025-09-17T15:24:20Z</time></trkpt>
      <trkpt lat="48.708981" lon="1.989369"><ele>108.8</ele><time>2025-09-17T15:24:21Z</time></trkpt>
      <trkpt lat="48.708981" lon="1.989367"><ele>108.6</ele><time>2025-09-17T15:24:22Z</time></trkpt>
      <trkpt lat="48.708982" lon="1.989367"><ele>108.4</ele><time>2025-09-17T15:24:23Z</time></trkpt>
      <trkpt lat="48.708981" lon="1.989366"><ele>108.3</ele><time>2025-09-17T15:24:24Z</time></trkpt>
      <trkpt lat="48.708981" lon="1.989365"><ele>108.2</ele><time>2025-09-17T15:24:25Z</time></trkpt>
      <trkpt lat="48.708980" lon="1.989366"><ele>108.0</ele><time>2025-09-17T15:24:26Z</time></trkpt>
      <trkpt lat="48.708978" lon="1.989367"><ele>107.9</ele><time>2025-09-17T15:24:27Z</time></trkpt>
      <trkpt lat="48.708977" lon="1.989368"><ele>108.1</ele><time>2025-09-17T15:24:28Z</time></trkpt>
      <trkpt lat="48.708978" lon="1.989369"><ele>108.2</ele><time>2025-09-17T15:24:29Z</time></trkpt>
      <trkpt lat="48.708979" lon="1.989368"><ele>108.2</ele><time>2025-09-17T15:24:30Z</time></trkpt>
      <trkpt lat="48.708981" lon="1.989367"><ele>108.6</ele><time>2025-09-17T15:24:31Z</time></trkpt>
      <trkpt lat="48.708980" lon="1.989366"><ele>108.7</ele><time>2025-09-17T15:24:32Z</time></trkpt>
      <trkpt lat="48.708979" lon="1.989365"><ele>108.6</ele><time>2025-09-17T15:24:33Z</time></trkpt>
      <trkpt lat="48.708979" lon="1.989368"><ele>108.3</ele><time>2025-09-17T15:24:34Z</time></trkpt>
      <trkpt lat="48.708975" lon="1.989376"><ele>108.0</ele><time>2025-09-17T15:24:35Z</time></trkpt>
      <trkpt lat="48.708973" lon="1.989388"><ele>108.1</ele><time>2025-09-17T15:24:36Z</time></trkpt>
      <trkpt lat="48.708974" lon="1.989399"><ele>108.1</ele><time>2025-09-17T15:24:37Z</time></trkpt>
      <trkpt lat="48.708977" lon="1.989416"><ele>107.8</ele><time>2025-09-17T15:24:38Z</time></trkpt>
      <trkpt lat="48.708979" lon="1.989440"><ele>107.9</ele><time>2025-09-17T15:24:39Z</time></trkpt>
      <trkpt lat="48.708971" lon="1.989467"><ele>108.1</ele><time>2025-09-17T15:24:40Z</time></trkpt>
      <trkpt lat="48.708988" lon="1.989494"><ele>107.6</ele><time>2025-09-17T15:24:41Z</time></trkpt>
      <trkpt lat="48.709033" lon="1.989512"><ele>107.1</ele><time>2025-09-17T15:24:42Z</time></trkpt>
      <trkpt lat="48.709115" lon="1.989527"><ele>106.6</ele><time>2025-09-17T15:24:43Z</time></trkpt>
      <trkpt lat="48.709211" lon="1.989538"><ele>105.3</ele><time>2025-09-17T15:24:44Z</time></trkpt>
      <trkpt lat="48.709322" lon="1.989553"><ele>104.9</ele><time>2025-09-17T15:24:45Z</time></trkpt>
      <trkpt lat="48.709429" lon="1.989600"><ele>104.7</ele><time>2025-09-17T15:24:46Z</time></trkpt>
      <trkpt lat="48.709536" lon="1.989673"><ele>104.7</ele><time>2025-09-17T15:24:47Z</time></trkpt>
      <trkpt lat="48.709650" lon="1.989742"><ele>105.1</ele><time>2025-09-17T15:24:48Z</time></trkpt>
      <trkpt lat="48.709775" lon="1.989787"><ele>106.5</ele><time>2025-09-17T15:24:49Z</time></trkpt>
      <trkpt lat="48.709910" lon="1.989825"><ele>108.0</ele><time>2025-09-17T15:24:50Z</time></trkpt>
      <trkpt lat="48.710060" lon="1.989839"><ele>109.3</ele><time>2025-09-17T15:24:51Z</time></trkpt>
      <trkpt lat="48.710214" lon="1.989875"><ele>112.0</ele><time>2025-09-17T15:24:52Z</time></trkpt>
      <trkpt lat="48.710358" lon="1.989930"><ele>112.1</ele><time>2025-09-17T15:24:53Z</time></trkpt>
      <trkpt lat="48.710486" lon="1.990000"><ele>112.7</ele><time>2025-09-17T15:24:54Z</time></trkpt>
      <trkpt lat="48.710613" lon="1.990067"><ele>114.3</ele><time>2025-09-17T15:24:55Z</time></trkpt>
      <trkpt lat="48.710740" lon="1.990146"><ele>113.5</ele><time>2025-09-17T15:24:56Z</time></trkpt>
      <trkpt lat="48.710862" lon="1.990209"><ele>112.8</ele><time>2025-09-17T15:24:57Z</time></trkpt>
      <trkpt lat="48.710988" lon="1.990266"><ele>113.7</ele><time>2025-09-17T15:24:58Z</time></trkpt>
      <trkpt lat="48.711083" lon="1.990328"><ele>110.9</ele><time>2025-09-17T15:24:59Z</time></trkpt>
      <trkpt lat="48.711156" lon="1.990413"><ele>110.7</ele><time>2025-09-17T15:25:00Z</time></trkpt>
      <trkpt lat="48.711216" lon="1.990525"><ele>111.5</ele><time>2025-09-17T15:25:01Z</time></trkpt>
      <trkpt lat="48.711256" lon="1.990664"><ele>112.0</ele><time>2025-09-17T15:25:02Z</time></trkpt>
      <trkpt lat="48.711254" lon="1.990816"><ele>113.0</ele><time>2025-09-17T15:25:03Z</time></trkpt>
      <trkpt lat="48.711229" lon="1.990960"><ele>113.4</ele><time>2025-09-17T15:25:04Z</time></trkpt>
      <trkpt lat="48.711182" lon="1.991107"><ele>115.6</ele><time>2025-09-17T15:25:05Z</time></trkpt>
      <trkpt lat="48.711143" lon="1.991272"><ele>116.1</ele><time>2025-09-17T15:25:06Z</time></trkpt>
      <trkpt lat="48.711139" lon="1.991446"><ele>116.7</ele><time>2025-09-17T15:25:07Z</time></trkpt>
      <trkpt lat="48.711181" lon="1.991635"><ele>117.0</ele><time>2025-09-17T15:25:08Z</time></trkpt>
      <trkpt lat="48.711207" lon="1.991824"><ele>117.3</ele><time>2025-09-17T15:25:09Z</time></trkpt>
      <trkpt lat="48.711230" lon="1.992022"><ele>117.0</ele><time>2025-09-17T15:25:10Z</time></trkpt>
      <trkpt lat="48.711239" lon="1.992227"><ele>118.6</ele><time>2025-09-17T15:25:11Z</time></trkpt>
      <trkpt lat="48.711196" lon="1.992412"><ele>119.8</ele><time>2025-09-17T15:25:12Z</time></trkpt>
      <trkpt lat="48.711155" lon="1.992611"><ele>118.6</ele><time>2025-09-17T15:25:13Z</time></trkpt>
      <trkpt lat="48.711117" lon="1.992796"><ele>121.4</ele><time>2025-09-17T15:25:14Z</time></trkpt>
      <trkpt lat="48.711075" lon="1.993022"><ele>122.3</ele><time>2025-09-17T15:25:15Z</time></trkpt>
      <trkpt lat="48.711045" lon="1.993270"><ele>122.8</ele><time>2025-09-17T15:25:16Z</time></trkpt>
      <trkpt lat="48.710980" lon="1.993481"><ele>123.3</ele><time>2025-09-17T15:25:17Z</time></trkpt>
      <trkpt lat="48.710911" lon="1.993648"><ele>123.7</ele><time>2025-09-17T15:25:18Z</time></trkpt>
      <trkpt lat="48.710817" lon="1.993785"><ele>123.5</ele><time>2025-09-17T15:25:19Z</time></trkpt>
      <trkpt lat="48.710724" lon="1.993914"><ele>124.7</ele><time>2025-09-17T15:25:20Z</time></trkpt>
      <trkpt lat="48.710651" lon="1.994081"><ele>126.7</ele><time>2025-09-17T15:25:21Z</time></trkpt>
      <trkpt lat="48.710620" lon="1.994306"><ele>127.9</ele><time>2025-09-17T15:25:22Z</time></trkpt>
      <trkpt lat="48.710578" lon="1.994548"><ele>128.6</ele><time>2025-09-17T15:25:23Z</time></trkpt>
      <trkpt lat="48.710532" lon="1.994764"><ele>128.0</ele><time>2025-09-17T15:25:24Z</time></trkpt>
      <trkpt lat="48.710427" lon="1.994928"><ele>128.8</ele><time>2025-09-17T15:25:25Z</time></trkpt>
      <trkpt lat="48.710327" lon="1.995083"><ele>128.7</ele><time>2025-09-17T15:25:26Z</time></trkpt>
      <trkpt lat="48.710222" lon="1.995222"><ele>131.0</ele><time>2025-09-17T15:25:27Z</time></trkpt>
      <trkpt lat="48.710145" lon="1.995380"><ele>132.2</ele><time>2025-09-17T15:25:28Z</time></trkpt>
      <trkpt lat="48.710102" lon="1.995561"><ele>133.2</ele><time>2025-09-17T15:25:29Z</time></trkpt>
      <trkpt lat="48.710085" lon="1.995783"><ele>133.8</ele><time>2025-09-17T15:25:30Z</time></trkpt>
      <trkpt lat="48.710059" lon="1.995986"><ele>133.7</ele><time>2025-09-17T15:25:31Z</time></trkpt>
      <trkpt lat="48.710018" lon="1.996165"><ele>133.5</ele><time>2025-09-17T15:25:32Z</time></trkpt>
      <trkpt lat="48.710033" lon="1.996347"><ele>132.5</ele><time>2025-09-17T15:25:33Z</time></trkpt>
      <trkpt lat="48.710015" lon="1.996475"><ele>131.2</ele><time>2025-09-17T15:25:34Z</time></trkpt>
      <trkpt lat="48.709953" lon="1.996585"><ele>131.2</ele><time>2025-09-17T15:25:35Z</time></trkpt>
      <trkpt lat="48.709950" lon="1.996704"><ele>137.2</ele><time>2025-09-17T15:25:36Z</time></trkpt>
      <trkpt lat="48.709924" lon="1.996821"><ele>141.4</ele><time>2025-09-17T15:25:37Z</time></trkpt>
      <trkpt lat="48.709827" lon="1.996923"><ele>144.6</ele><time>2025-09-17T15:25:38Z</time></trkpt>
      <trkpt lat="48.709735" lon="1.997065"><ele>147.9</ele><time>2025-09-17T15:25:39Z</time></trkpt>
      <trkpt lat="48.709638" lon="1.997242"><ele>148.1</ele><time>2025-09-17T15:25:40Z</time></trkpt>
      <trkpt lat="48.709572" lon="1.997451"><ele>149.9</ele><time>2025-09-17T15:25:41Z</time></trkpt>
      <trkpt lat="48.709526" lon="1.997695"><ele>151.3</ele><time>2025-09-17T15:25:42Z</time></trkpt>
      <trkpt lat="48.709465" lon="1.997937"><ele>152.1</ele><time>2025-09-17T15:25:43Z</time></trkpt>
      <trkpt lat="48.709373" lon="1.998137"><ele>153.0</ele><time>2025-09-17T15:25:44Z</time></trkpt>
      <trkpt lat="48.709298" lon="1.998314"><ele>155.3</ele><time>2025-09-17T15:25:45Z</time></trkpt>
      <trkpt lat="48.709178" lon="1.998441"><ele>155.4</ele><time>2025-09-17T15:25:46Z</time></trkpt>
      <trkpt lat="48.709082" lon="1.998537"><ele>155.1</ele><time>2025-09-17T15:25:47Z</time></trkpt>
      <trkpt lat="48.708971" lon="1.998593"><ele>156.3</ele><time>2025-09-17T15:25:48Z</time></trkpt>
      <trkpt lat="48.708909" lon="1.998648"><ele>155.5</ele><time>2025-09-17T15:25:49Z</time></trkpt>
      <trkpt lat="48.708883" lon="1.998725"><ele>156.4</ele><time>2025-09-17T15:25:50Z</time></trkpt>
      <trkpt lat="48.708845" lon="1.998842"><ele>156.7</ele><time>2025-09-17T15:25:51Z</time></trkpt>
      <trkpt lat="48.708770" lon="1.999002"><ele>160.7</ele><time>2025-09-17T15:25:52Z</time></trkpt>
      <trkpt lat="48.708695" lon="1.999213"><ele>163.4</ele><time>2025-09-17T15:25:53Z</time></trkpt>
      <trkpt lat="48.708640" lon="1.999472"><ele>163.5</ele><time>2025-09-17T15:25:54Z</time></trkpt>
      <trkpt lat="48.708584" lon="1.999729"><ele>163.8</ele><time>2025-09-17T15:25:55Z</time></trkpt>
      <trkpt lat="48.708507" lon="1.999960"><ele>163.6</ele><time>2025-09-17T15:25:56Z</time></trkpt>
      <trkpt lat="48.708385" lon="2.000162"><ele>163.4</ele><time>2025-09-17T15:25:57Z</time></trkpt>
      <trkpt lat="48.708268" lon="2.000345"><ele>163.0</ele><time>2025-09-17T15:25:58Z</time></trkpt>
      <trkpt lat="48.708176" lon="2.000520"><ele>165.2</ele><time>2025-09-17T15:25:59Z</time></trkpt>
      <trkpt lat="48.708112" lon="2.000680"><ele>167.0</ele><time>2025-09-17T15:26:00Z</time></trkpt>
      <trkpt lat="48.708058" lon="2.000834"><ele>169.2</ele><time>2025-09-17T15:26:01Z</time></trkpt>
      <trkpt lat="48.708016" lon="2.000983"><ele>169.9</ele><time>2025-09-17T15:26:02Z</time></trkpt>
      <trkpt lat="48.707999" lon="2.001126"><ele>170.1</ele><time>2025-09-17T15:26:03Z</time></trkpt>
      <trkpt lat="48.708005" lon="2.001254"><ele>170.9</ele><time>2025-09-17T15:26:04Z</time></trkpt>
      <trkpt lat="48.708013" lon="2.001355"><ele>172.8</ele><time>2025-09-17T15:26:05Z</time></trkpt>
      <trkpt lat="48.708054" lon="2.001427"><ele>171.8</ele><time>2025-09-17T15:26:06Z</time></trkpt>
      <trkpt lat="48.708130" lon="2.001451"><ele>172.7</ele><time>2025-09-17T15:26:07Z</time></trkpt>
      <trkpt lat="48.708208" lon="2.001482"><ele>174.0</ele><time>2025-09-17T15:26:08Z</time></trkpt>
      <trkpt lat="48.708295" lon="2.001534"><ele>174.9</ele><time>2025-09-17T15:26:09Z</time></trkpt>
      <trkpt lat="48.708385" lon="2.001616"><ele>179.4</ele><time>2025-09-17T15:26:10Z</time></trkpt>
      <trkpt lat="48.708470" lon="2.001629"><ele>184.8</ele><time>2025-09-17T15:26:11Z</time></trkpt>
      <trkpt lat="48.708611" lon="2.001598"><ele>191.7</ele><time>2025-09-17T15:26:12Z</time></trkpt>
      <trkpt lat="48.708757" lon="2.001608"><ele>204.7</ele><time>2025-09-17T15:26:13Z</time></trkpt>
      <trkpt lat="48.708905" lon="2.001625"><ele>209.7</ele><time>2025-09-17T15:26:14Z</time></trkpt>
      <trkpt lat="48.709024" lon="2.001632"><ele>213.9</ele><time>2025-09-17T15:26:15Z</time></trkpt>
      <trkpt lat="48.709152" lon="2.001607"><ele>220.1</ele><time>2025-09-17T15:26:16Z</time></trkpt>
      <trkpt lat="48.709266" lon="2.001615"><ele>225.5</ele><time>2025-09-17T15:26:17Z</time></trkpt>
      <trkpt lat="48.709404" lon="2.001638"><ele>230.9</ele><time>2025-09-17T15:26:18Z</time></trkpt>
      <trkpt lat="48.709572" lon="2.001686"><ele>231.6</ele><time>2025-09-17T15:26:19Z</time></trkpt>
      <trkpt lat="48.709727" lon="2.001741"><ele>230.5</ele><time>2025-09-17T15:26:20Z</time></trkpt>
      <trkpt lat="48.709882" lon="2.001763"><ele>230.1</ele><time>2025-09-17T15:26:21Z</time></trkpt>
      <trkpt lat="48.710110" lon="2.001752"><ele>233.6</ele><time>2025-09-17T15:26:22Z</time></trkpt>
      <trkpt lat="48.710318" lon="2.001733"><ele>228.7</ele><time>2025-09-17T15:26:23Z</time></trkpt>
      <trkpt lat="48.710541" lon="2.001737"><ele>227.8</ele><time>2025-09-17T15:26:24Z</time></trkpt>
      <trkpt lat="48.710761" lon="2.001751"><ele>220.5</ele><time>2025-09-17T15:26:25Z</time></trkpt>
      <trkpt lat="48.710971" lon="2.001762"><ele>213.5</ele><time>2025-09-17T15:26:26Z</time></trkpt>
      <trkpt lat="48.711166" lon="2.001768"><ele>208.2</ele><time>2025-09-17T15:26:27Z</time></trkpt>
      <trkpt lat="48.711363" lon="2.001781"><ele>205.6</ele><time>2025-09-17T15:26:28Z</time></trkpt>
      <trkpt lat="48.711552" lon="2.001793"><ele>202.0</ele><time>2025-09-17T15:26:29Z</time></trkpt>
      <trkpt lat="48.711746" lon="2.001807"><ele>200.3</ele><time>2025-09-17T15:26:30Z</time></trkpt>
      <trkpt lat="48.711934" lon="2.001815"><ele>197.9</ele><time>2025-09-17T15:26:31Z</time></trkpt>
      <trkpt lat="48.712123" lon="2.001828"><ele>196.9</ele><time>2025-09-17T15:26:32Z</time></trkpt>
      <trkpt lat="48.712313" lon="2.001835"><ele>194.9</ele><time>2025-09-17T15:26:33Z</time></trkpt>
      <trkpt lat="48.712480" lon="2.001845"><ele>191.6</ele><time>2025-09-17T15:26:34Z</time></trkpt>
      <trkpt lat="48.712621" lon="2.001858"><ele>188.9</ele><time>2025-09-17T15:26:35Z</time></trkpt>
      <trkpt lat="48.712729" lon="2.001871"><ele>186.1</ele><time>2025-09-17T15:26:36Z</time></trkpt>
      <trkpt lat="48.712811" lon="2.001880"><ele>184.8</ele><time>2025-09-17T15:26:37Z</time></trkpt>
      <trkpt lat="48.712880" lon="2.001901"><ele>184.8</ele><time>2025-09-17T15:26:38Z</time></trkpt>
      <trkpt lat="48.712925" lon="2.001928"><ele>182.9</ele><time>2025-09-17T15:26:39Z</time></trkpt>
      <trkpt lat="48.712956" lon="2.001950"><ele>180.8</ele><time>2025-09-17T15:26:40Z</time></trkpt>
      <trkpt lat="48.712979" lon="2.001964"><ele>179.1</ele><time>2025-09-17T15:26:41Z</time></trkpt>
      <trkpt lat="48.712998" lon="2.001973"><ele>177.9</ele><time>2025-09-17T15:26:42Z</time></trkpt>
      <trkpt lat="48.713011" lon="2.001965"><ele>176.6</ele><time>2025-09-17T15:26:43Z</time></trkpt>
      <trkpt lat="48.713024" lon="2.001950"><ele>176.5</ele><time>2025-09-17T15:26:44Z</time></trkpt>
      <trkpt lat="48.713029" lon="2.001928"><ele>176.2</ele><time>2025-09-17T15:26:45Z</time></trkpt>
      <trkpt lat="48.713023" lon="2.001902"><ele>176.2</ele><time>2025-09-17T15:26:46Z</time></trkpt>
      <trkpt lat="48.713000" lon="2.001886"><ele>175.9</ele><time>2025-09-17T15:26:47Z</time></trkpt>
      <trkpt lat="48.712961" lon="2.001883"><ele>174.9</ele><time>2025-09-17T15:26:48Z</time></trkpt>
      <trkpt lat="48.712912" lon="2.001885"><ele>173.6</ele><time>2025-09-17T15:26:49Z</time></trkpt>
      <trkpt lat="48.712857" lon="2.001889"><ele>173.3</ele><time>2025-09-17T15:26:50Z</time></trkpt>
      <trkpt lat="48.712796" lon="2.001890"><ele>172.9</ele><time>2025-09-17T15:26:51Z</time></trkpt>
      <trkpt lat="48.712727" lon="2.001885"><ele>172.6</ele><time>2025-09-17T15:26:52Z</time></trkpt>
      <trkpt lat="48.712655" lon="2.001876"><ele>172.5</ele><time>2025-09-17T15:26:53Z</time></trkpt>
      <trkpt lat="48.712578" lon="2.001867"><ele>172.3</ele><time>2025-09-17T15:26:54Z</time></trkpt>
      <trkpt lat="48.712496" lon="2.001857"><ele>172.0</ele><time>2025-09-17T15:26:55Z</time></trkpt>
      <trkpt lat="48.712412" lon="2.001851"><ele>171.9</ele><time>2025-09-17T15:26:56Z</time></trkpt>
      <trkpt lat="48.712326" lon="2.001845"><ele>171.6</ele><time>2025-09-17T15:26:57Z</time></trkpt>
      <trkpt lat="48.712242" lon="2.001837"><ele>171.6</ele><time>2025-09-17T15:26:58Z</time></trkpt>
      <trkpt lat="48.712159" lon="2.001827"><ele>171.6</ele><time>2025-09-17T15:26:59Z</time></trkpt>
      <trkpt lat="48.712074" lon="2.001818"><ele>171.5</ele><time>2025-09-17T15:27:00Z</time></trkpt>
      <trkpt lat="48.711987" lon="2.001809"><ele>171.4</ele><time>2025-09-17T15:27:01Z</time></trkpt>
      <trkpt lat="48.711899" lon="2.001800"><ele>171.6</ele><time>2025-09-17T15:27:02Z</time></trkpt>
      <trkpt lat="48.711806" lon="2.001791"><ele>171.5</ele><time>2025-09-17T15:27:03Z</time></trkpt>
      <trkpt lat="48.711709" lon="2.001783"><ele>171.4</ele><time>2025-09-17T15:27:04Z</time></trkpt>
      <trkpt lat="48.711612" lon="2.001777"><ele>171.2</ele><time>2025-09-17T15:27:05Z</time></trkpt>
      <trkpt lat="48.711517" lon="2.001769"><ele>171.1</ele><time>2025-09-17T15:27:06Z</time></trkpt>
      <trkpt lat="48.711425" lon="2.001761"><ele>171.1</ele><time>2025-09-17T15:27:07Z</time></trkpt>
      <trkpt lat="48.711330" lon="2.001752"><ele>171.1</ele><time>2025-09-17T15:27:08Z</time></trkpt>
      <trkpt lat="48.711234" lon="2.001744"><ele>171.0</ele><time>2025-09-17T15:27:09Z</time></trkpt>
      <trkpt lat="48.711135" lon="2.001736"><ele>170.9</ele><time>2025-09-17T15:27:10Z</time></trkpt>
      <trkpt lat="48.711034" lon="2.001726"><ele>170.8</ele><time>2025-09-17T15:27:11Z</time></trkpt>
      <trkpt lat="48.710931" lon="2.001715"><ele>170.6</ele><time>2025-09-17T15:27:12Z</time></trkpt>
      <trkpt lat="48.710826" lon="2.001703"><ele>170.4</ele><time>2025-09-17T15:27:13Z</time></trkpt>
      <trkpt lat="48.710718" lon="2.001689"><ele>170.4</ele><time>2025-09-17T15:27:14Z</time></trkpt>
      <trkpt lat="48.710609" lon="2.001678"><ele>170.7</ele><time>2025-09-17T15:27:15Z</time></trkpt>
      <trkpt lat="48.710501" lon="2.001670"><ele>170.8</ele><time>2025-09-17T15:27:16Z</time></trkpt>
      <trkpt lat="48.710392" lon="2.001660"><ele>170.8</ele><time>2025-09-17T15:27:17Z</time></trkpt>
      <trkpt lat="48.710287" lon="2.001646"><ele>170.9</ele><time>2025-09-17T15:27:18Z</time></trkpt>
      <trkpt lat="48.710182" lon="2.001635"><ele>170.9</ele><time>2025-09-17T15:27:19Z</time></trkpt>
      <trkpt lat="48.710079" lon="2.001628"><ele>171.2</ele><time>2025-09-17T15:27:20Z</time></trkpt>
      <trkpt lat="48.709972" lon="2.001619"><ele>171.3</ele><time>2025-09-17T15:27:21Z</time></trkpt>
      <trkpt lat="48.709857" lon="2.001602"><ele>171.6</ele><time>2025-09-17T15:27:22Z</time></trkpt>
      <trkpt lat="48.709750" lon="2.001580"><ele>172.0</ele><time>2025-09-17T15:27:23Z</time></trkpt>
      <trkpt lat="48.709618" lon="2.001574"><ele>172.6</ele><time>2025-09-17T15:27:24Z</time></trkpt>
      <trkpt lat="48.709499" lon="2.001548"><ele>172.9</ele><time>2025-09-17T15:27:25Z</time></trkpt>
      <trkpt lat="48.709393" lon="2.001544"><ele>173.6</ele><time>2025-09-17T15:27:26Z</time></trkpt>
      <trkpt lat="48.709292" lon="2.001547"><ele>174.1</ele><time>2025-09-17T15:27:27Z</time></trkpt>
      <trkpt lat="48.709176" lon="2.001539"><ele>174.5</ele><time>2025-09-17T15:27:28Z</time></trkpt>
      <trkpt lat="48.709053" lon="2.001533"><ele>175.2</ele><time>2025-09-17T15:27:29Z</time></trkpt>
      <trkpt lat="48.708946" lon="2.001530"><ele>175.5</ele><time>2025-09-17T15:27:30Z</time></trkpt>
      <trkpt lat="48.708830" lon="2.001541"><ele>176.1</ele><time>2025-09-17T15:27:31Z</time></trkpt>
      <trkpt lat="48.708706" lon="2.001539"><ele>176.5</ele><time>2025-09-17T15:27:32Z</time></trkpt>
      <trkpt lat="48.708574" lon="2.001536"><ele>177.0</ele><time>2025-09-17T15:27:33Z</time></trkpt>
      <trkpt lat="48.708470" lon="2.001529"><ele>177.6</ele><time>2025-09-17T15:27:34Z</time></trkpt>
      <trkpt lat="48.708363" lon="2.001542"><ele>177.8</ele><time>2025-09-17T15:27:35Z</time></trkpt>
      <trkpt lat="48.708242" lon="2.001548"><ele>178.5</ele><time>2025-09-17T15:27:36Z</time></trkpt>
      <trkpt lat="48.708148" lon="2.001541"><ele>179.1</ele><time>2025-09-17T15:27:37Z</time></trkpt>
      <trkpt lat="48.708048" lon="2.001517"><ele>179.7</ele><time>2025-09-17T15:27:38Z</time></trkpt>
      <trkpt lat="48.707934" lon="2.001469"><ele>180.0</ele><time>2025-09-17T15:27:39Z</time></trkpt>
      <trkpt lat="48.707867" lon="2.001362"><ele>180.1</ele><time>2025-09-17T15:27:40Z</time></trkpt>
      <trkpt lat="48.707907" lon="2.001223"><ele>179.8</ele><time>2025-09-17T15:27:41Z</time></trkpt>
      <trkpt lat="48.707958" lon="2.001057"><ele>181.9</ele><time>2025-09-17T15:27:42Z</time></trkpt>
      <trkpt lat="48.707985" lon="2.000840"><ele>183.7</ele><time>2025-09-17T15:27:43Z</time></trkpt>
      <trkpt lat="48.708044" lon="2.000586"><ele>183.4</ele><time>2025-09-17T15:27:44Z</time></trkpt>
      <trkpt lat="48.708099" lon="2.000328"><ele>184.2</ele><time>2025-09-17T15:27:45Z</time></trkpt>
      <trkpt lat="48.708159" lon="2.000086"><ele>184.6</ele><time>2025-09-17T15:27:46Z</time></trkpt>
      <trkpt lat="48.708222" lon="1.999834"><ele>183.9</ele><time>2025-09-17T15:27:47Z</time></trkpt>
      <trkpt lat="48.708265" lon="1.999586"><ele>183.9</ele><time>2025-09-17T15:27:48Z</time></trkpt>
      <trkpt lat="48.708282" lon="1.999352"><ele>183.9</ele><time>2025-09-17T15:27:49Z</time></trkpt>
      <trkpt lat="48.708333" lon="1.999163"><ele>183.7</ele><time>2025-09-17T15:27:50Z</time></trkpt>
      <trkpt lat="48.708399" lon="1.998985"><ele>183.6</ele><time>2025-09-17T15:27:51Z</time></trkpt>
      <trkpt lat="48.708476" lon="1.998840"><ele>183.1</ele><time>2025-09-17T15:27:52Z</time></trkpt>
      <trkpt lat="48.708542" lon="1.998712"><ele>183.5</ele><time>2025-09-17T15:27:53Z</time></trkpt>
      <trkpt lat="48.708639" lon="1.998626"><ele>183.9</ele><time>2025-09-17T15:27:54Z</time></trkpt>
      <trkpt lat="48.708714" lon="1.998522"><ele>185.1</ele><time>2025-09-17T15:27:55Z</time></trkpt>
      <trkpt lat="48.708793" lon="1.998394"><ele>184.9</ele><time>2025-09-17T15:27:56Z</time></trkpt>
      <trkpt lat="48.708887" lon="1.998186"><ele>183.3</ele><time>2025-09-17T15:27:57Z</time></trkpt>
      <trkpt lat="48.708958" lon="1.997951"><ele>181.1</ele><time>2025-09-17T15:27:58Z</time></trkpt>
      <trkpt lat="48.709038" lon="1.997704"><ele>181.0</ele><time>2025-09-17T15:27:59Z</time></trkpt>
      <trkpt lat="48.709094" lon="1.997458"><ele>181.3</ele><time>2025-09-17T15:28:00Z</time></trkpt>
      <trkpt lat="48.709140" lon="1.997229"><ele>180.9</ele><time>2025-09-17T15:28:01Z</time></trkpt>
      <trkpt lat="48.709204" lon="1.997025"><ele>181.1</ele><time>2025-09-17T15:28:02Z</time></trkpt>
      <trkpt lat="48.709286" lon="1.996834"><ele>180.9</ele><time>2025-09-17T15:28:03Z</time></trkpt>
      <trkpt lat="48.709415" lon="1.996697"><ele>180.7</ele><time>2025-09-17T15:28:04Z</time></trkpt>
      <trkpt lat="48.709539" lon="1.996592"><ele>180.6</ele><time>2025-09-17T15:28:05Z</time></trkpt>
      <trkpt lat="48.709646" lon="1.996520"><ele>180.2</ele><time>2025-09-17T15:28:06Z</time></trkpt>
      <trkpt lat="48.709755" lon="1.996422"><ele>180.4</ele><time>2025-09-17T15:28:07Z</time></trkpt>
      <trkpt lat="48.709846" lon="1.996311"><ele>180.0</ele><time>2025-09-17T15:28:08Z</time></trkpt>
      <trkpt lat="48.709930" lon="1.996191"><ele>179.8</ele><time>2025-09-17T15:28:09Z</time></trkpt>
      <trkpt lat="48.709983" lon="1.996022"><ele>180.5</ele><time>2025-09-17T15:28:10Z</time></trkpt>
      <trkpt lat="48.710028" lon="1.995787"><ele>180.8</ele><time>2025-09-17T15:28:11Z</time></trkpt>
      <trkpt lat="48.710059" lon="1.995589"><ele>182.6</ele><time>2025-09-17T15:28:12Z</time></trkpt>
      <trkpt lat="48.710131" lon="1.995411"><ele>183.3</ele><time>2025-09-17T15:28:13Z</time></trkpt>
      <trkpt lat="48.710214" lon="1.995246"><ele>183.0</ele><time>2025-09-17T15:28:14Z</time></trkpt>
      <trkpt lat="48.710319" lon="1.995120"><ele>182.3</ele><time>2025-09-17T15:28:15Z</time></trkpt>
      <trkpt lat="48.710353" lon="1.994960"><ele>181.6</ele><time>2025-09-17T15:28:16Z</time></trkpt>
      <trkpt lat="48.710424" lon="1.994760"><ele>182.3</ele><time>2025-09-17T15:28:17Z</time></trkpt>
      <trkpt lat="48.710490" lon="1.994523"><ele>182.0</ele><time>2025-09-17T15:28:18Z</time></trkpt>
      <trkpt lat="48.710533" lon="1.994293"><ele>181.9</ele><time>2025-09-17T15:28:19Z</time></trkpt>
      <trkpt lat="48.710584" lon="1.994085"><ele>181.1</ele><time>2025-09-17T15:28:20Z</time></trkpt>
      <trkpt lat="48.710657" lon="1.993907"><ele>179.7</ele><time>2025-09-17T15:28:21Z</time></trkpt>
      <trkpt lat="48.710733" lon="1.993750"><ele>178.4</ele><time>2025-09-17T15:28:22Z</time></trkpt>
      <trkpt lat="48.710782" lon="1.993568"><ele>177.0</ele><time>2025-09-17T15:28:23Z</time></trkpt>
      <trkpt lat="48.710850" lon="1.993373"><ele>174.8</ele><time>2025-09-17T15:28:24Z</time></trkpt>
      <trkpt lat="48.710834" lon="1.993117"><ele>174.2</ele><time>2025-09-17T15:28:25Z</time></trkpt>
      <trkpt lat="48.710872" lon="1.992907"><ele>173.0</ele><time>2025-09-17T15:28:26Z</time></trkpt>
      <trkpt lat="48.710913" lon="1.992706"><ele>172.7</ele><time>2025-09-17T15:28:27Z</time></trkpt>
      <trkpt lat="48.710983" lon="1.992516"><ele>172.4</ele><time>2025-09-17T15:28:28Z</time></trkpt>
      <trkpt lat="48.711066" lon="1.992323"><ele>171.8</ele><time>2025-09-17T15:28:29Z</time></trkpt>
      <trkpt lat="48.711129" lon="1.992126"><ele>171.7</ele><time>2025-09-17T15:28:30Z</time></trkpt>
      <trkpt lat="48.711119" lon="1.991895"><ele>171.3</ele><time>2025-09-17T15:28:31Z</time></trkpt>
      <trkpt lat="48.711074" lon="1.991690"><ele>172.6</ele><time>2025-09-17T15:28:32Z</time></trkpt>
      <trkpt lat="48.711061" lon="1.991500"><ele>172.9</ele><time>2025-09-17T15:28:33Z</time></trkpt>
      <trkpt lat="48.711086" lon="1.991328"><ele>172.3</ele><time>2025-09-17T15:28:34Z</time></trkpt>
      <trkpt lat="48.711095" lon="1.991152"><ele>169.5</ele><time>2025-09-17T15:28:35Z</time></trkpt>
      <trkpt lat="48.711124" lon="1.990981"><ele>169.1</ele><time>2025-09-17T15:28:36Z</time></trkpt>
      <trkpt lat="48.711179" lon="1.990820"><ele>169.0</ele><time>2025-09-17T15:28:37Z</time></trkpt>
      <trkpt lat="48.711174" lon="1.990656"><ele>169.1</ele><time>2025-09-17T15:28:38Z</time></trkpt>
      <trkpt lat="48.711190" lon="1.990500"><ele>166.3</ele><time>2025-09-17T15:28:39Z</time></trkpt>
      <trkpt lat="48.711099" lon="1.990325"><ele>166.2</ele><time>2025-09-17T15:28:40Z</time></trkpt>
      <trkpt lat="48.711066" lon="1.990169"><ele>167.5</ele><time>2025-09-17T15:28:41Z</time></trkpt>
      <trkpt lat="48.710917" lon="1.990063"><ele>166.7</ele><time>2025-09-17T15:28:42Z</time></trkpt>
      <trkpt lat="48.710801" lon="1.989972"><ele>162.7</ele><time>2025-09-17T15:28:43Z</time></trkpt>
      <trkpt lat="48.710664" lon="1.989890"><ele>159.9</ele><time>2025-09-17T15:28:44Z</time></trkpt>
      <trkpt lat="48.710526" lon="1.989820"><ele>155.4</ele><time>2025-09-17T15:28:45Z</time></trkpt>
      <trkpt lat="48.710384" lon="1.989756"><ele>152.8</ele><time>2025-09-17T15:28:46Z</time></trkpt>
      <trkpt lat="48.710243" lon="1.989696"><ele>150.8</ele><time>2025-09-17T15:28:47Z</time></trkpt>
      <trkpt lat="48.710104" lon="1.989648"><ele>149.2</ele><time>2025-09-17T15:28:48Z</time></trkpt>
      <trkpt lat="48.709972" lon="1.989610"><ele>148.3</ele><time>2025-09-17T15:28:49Z</time></trkpt>
      <trkpt lat="48.709820" lon="1.989585"><ele>147.2</ele><time>2025-09-17T15:28:50Z</time></trkpt>
      <trkpt lat="48.709688" lon="1.989557"><ele>145.7</ele><time>2025-09-17T15:28:51Z</time></trkpt>
      <trkpt lat="48.709589" lon="1.989558"><ele>144.6</ele><time>2025-09-17T15:28:52Z</time></trkpt>
      <trkpt lat="48.709483" lon="1.989538"><ele>143.0</ele><time>2025-09-17T15:28:53Z</time></trkpt>
      <trkpt lat="48.709412" lon="1.989520"><ele>141.7</ele><time>2025-09-17T15:28:54Z</time></trkpt>
      <trkpt lat="48.709324" lon="1.989512"><ele>141.2</ele><time>2025-09-17T15:28:55Z</time></trkpt>
      <trkpt lat="48.709272" lon="1.989499"><ele>139.4</ele><time>2025-09-17T15:28:56Z</time></trkpt>
      <trkpt lat="48.709266" lon="1.989499"><ele>137.5</ele><time>2025-09-17T15:28:57Z</time></trkpt>
      <trkpt lat="48.709267" lon="1.989490"><ele>138.3</ele><time>2025-09-17T15:28:58Z</time></trkpt>
      <trkpt lat="48.709267" lon="1.989458"><ele>137.8</ele><time>2025-09-17T15:28:59Z</time></trkpt>
      <trkpt lat="48.709255" lon="1.989420"><ele>137.5</ele><time>2025-09-17T15:29:00Z</time></trkpt>
      <trkpt lat="48.709236" lon="1.989390"><ele>137.1</ele><time>2025-09-17T15:29:01Z</time></trkpt>
      <trkpt lat="48.709217" lon="1.989372"><ele>137.6</ele><time>2025-09-17T15:29:02Z</time></trkpt>
      <trkpt lat="48.709207" lon="1.989357"><ele>137.0</ele><time>2025-09-17T15:29:03Z</time></trkpt>
      <trkpt lat="48.709182" lon="1.989355"><ele>135.3</ele><time>2025-09-17T15:29:04Z</time></trkpt>
      <trkpt lat="48.709171" lon="1.989360"><ele>134.2</ele><time>2025-09-17T15:29:05Z</time></trkpt>
      <trkpt lat="48.709171" lon="1.989374"><ele>130.5</ele><time>2025-09-17T15:29:06Z</time></trkpt>
      <trkpt lat="48.709157" lon="1.989387"><ele>130.9</ele><time>2025-09-17T15:29:07Z</time></trkpt>
      <trkpt lat="48.709151" lon="1.989395"><ele>128.8</ele><time>2025-09-17T15:29:08Z</time></trkpt>
      <trkpt lat="48.709139" lon="1.989400"><ele>128.8</ele><time>2025-09-17T15:29:09Z</time></trkpt>
      <trkpt lat="48.709136" lon="1.989403"><ele>126.9</ele><time>2025-09-17T15:29:10Z</time></trkpt>
      <trkpt lat="48.709106" lon="1.989399"><ele>125.6</ele><time>2025-09-17T15:29:11Z</time></trkpt>
      <trkpt lat="48.709097" lon="1.989395"><ele>122.1</ele><time>2025-09-17T15:29:12Z</time></trkpt>
      <trkpt lat="48.709095" lon="1.989390"><ele>121.2</ele><time>2025-09-17T15:29:13Z</time></trkpt>
      <trkpt lat="48.709094" lon="1.989384"><ele>120.6</ele><time>2025-09-17T15:29:14Z</time></trkpt>
      <trkpt lat="48.709090" lon="1.989381"><ele>120.3</ele><time>2025-09-17T15:29:15Z</time></trkpt>
      <trkpt lat="48.709092" lon="1.989390"><ele>119.4</ele><time>2025-09-17T15:29:16Z</time></trkpt>
      <trkpt lat="48.709091" lon="1.989395"><ele>118.8</ele><time>2025-09-17T15:29:17Z</time></trkpt>
      <trkpt lat="48.709094" lon="1.989394"><ele>118.4</ele><time>2025-09-17T15:29:18Z</time></trkpt>
      <trkpt lat="48.709092" lon="1.989389"><ele>118.1</ele><time>2025-09-17T15:29:19Z</time></trkpt>
      <trkpt lat="48.709089" lon="1.989387"><ele>117.7</ele><time>2025-09-17T15:29:20Z</time></trkpt>
      <trkpt lat="48.709089" lon="1.989389"><ele>117.3</ele><time>2025-09-17T15:29:21Z</time></trkpt>
      <trkpt lat="48.709089" lon="1.989389"><ele>116.6</ele><time>2025-09-17T15:29:22Z</time></trkpt>
      <trkpt lat="48.709091" lon="1.989390"><ele>116.2</ele><time>2025-09-17T15:29:23Z</time></trkpt>
      <trkpt lat="48.709092" lon="1.989394"><ele>116.1</ele><time>2025-09-17T15:29:24Z</time></trkpt>
      <trkpt lat="48.709092" lon="1.989398"><ele>115.5</ele><time>2025-09-17T15:29:25Z</time></trkpt>
      <trkpt lat="48.709092" lon="1.989402"><ele>115.1</ele><time>2025-09-17T15:29:26Z</time></trkpt>
      <trkpt lat="48.709091" lon="1.989396"><ele>114.6</ele><time>2025-09-17T15:29:27Z</time></trkpt>
      <trkpt lat="48.709091" lon="1.989394"><ele>114.0</ele><time>2025-09-17T15:29:28Z</time></trkpt>
      <trkpt lat="48.709089" lon="1.989394"><ele>113.6</ele><time>2025-09-17T15:29:29Z</time></trkpt>
      <trkpt lat="48.709086" lon="1.989394"><ele>113.2</ele><time>2025-09-17T15:29:30Z</time></trkpt>
      <trkpt lat="48.709087" lon="1.989395"><ele>112.7</ele><time>2025-09-17T15:29:31Z</time></trkpt>
      <trkpt lat="48.709090" lon="1.989395"><ele>112.1</ele><time>2025-09-17T15:29:32Z</time></trkpt>
      <trkpt lat="48.709095" lon="1.989397"><ele>111.9</ele><time>2025-09-17T15:29:33Z</time></trkpt>
      <trkpt lat="48.709101" lon="1.989400"><ele>111.7</ele><time>2025-09-17T15:29:34Z</time></trkpt>
      <trkpt lat="48.709104" lon="1.989397"><ele>112.4</ele><time>2025-09-17T15:29:35Z</time></trkpt>
      <trkpt lat="48.709105" lon="1.989398"><ele>112.3</ele><time>2025-09-17T15:29:36Z</time></trkpt>
      <trkpt lat="48.709106" lon="1.989402"><ele>112.0</ele><time>2025-09-17T15:29:37Z</time></trkpt>
      <trkpt lat="48.709108" lon="1.989405"><ele>112.1</ele><time>2025-09-17T15:29:38Z</time></trkpt>
      <trkpt lat="48.709110" lon="1.989404"><ele>111.9</ele><time>2025-09-17T15:29:39Z</time></trkpt>
      <trkpt lat="48.709112" lon="1.989405"><ele>112.0</ele><time>2025-09-17T15:29:40Z</time></trkpt>
      <trkpt lat="48.709113" lon="1.989406"><ele>112.1</ele><time>2025-09-17T15:29:41Z</time></trkpt>
      <trkpt lat="48.709109" lon="1.989406"><ele>112.0</ele><time>2025-09-17T15:29:42Z</time></trkpt>
      <trkpt lat="48.709104" lon="1.989405"><ele>112.0</ele><time>2025-09-17T15:29:43Z</time></trkpt>
      <trkpt lat="48.709096" lon="1.989402"><ele>111.9</ele><time>2025-09-17T15:29:44Z</time></trkpt>
      <trkpt lat="48.709084" lon="1.989398"><ele>111.1</ele><time>2025-09-17T15:29:45Z</time></trkpt>
      <trkpt lat="48.709074" lon="1.989395"><ele>110.0</ele><time>2025-09-17T15:29:46Z</time></trkpt>
      <trkpt lat="48.709072" lon="1.989393"><ele>108.9</ele><time>2025-09-17T15:29:47Z</time></trkpt>
      <trkpt lat="48.709070" lon="1.989392"><ele>108.4</ele><time>2025-09-17T15:29:48Z</time></trkpt>
      <trkpt lat="48.709068" lon="1.989387"><ele>108.1</ele><time>2025-09-17T15:29:49Z</time></trkpt>
      <trkpt lat="48.709067" lon="1.989388"><ele>107.9</ele><time>2025-09-17T15:29:50Z</time></trkpt>
      <trkpt lat="48.709069" lon="1.989392"><ele>107.8</ele><time>2025-09-17T15:29:51Z</time></trkpt>
      <trkpt lat="48.709071" lon="1.989395"><ele>107.7</ele><time>2025-09-17T15:29:52Z</time></trkpt>
      <trkpt lat="48.709070" lon="1.989397"><ele>107.7</ele><time>2025-09-17T15:29:53Z</time></trkpt>
      <trkpt lat="48.709071" lon="1.989398"><ele>107.5</ele><time>2025-09-17T15:29:54Z</time></trkpt>
      <trkpt lat="48.709069" lon="1.989397"><ele>107.1</ele><time>2025-09-17T15:29:55Z</time></trkpt>
      <trkpt lat="48.709068" lon="1.989396"><ele>106.9</ele><time>2025-09-17T15:29:56Z</time></trkpt>
      <trkpt lat="48.709066" lon="1.989394"><ele>106.9</ele><time>2025-09-17T15:29:57Z</time></trkpt>
      <trkpt lat="48.709058" lon="1.989390"><ele>106.7</ele><time>2025-09-17T15:29:58Z</time></trkpt>
      <trkpt lat="48.709055" lon="1.989388"><ele>106.5</ele><time>2025-09-17T15:29:59Z</time></trkpt>
      <trkpt lat="48.709052" lon="1.989386"><ele>106.2</ele><time>2025-09-17T15:30:00Z</time></trkpt>
      <trkpt lat="48.709049" lon="1.989383"><ele>105.8</ele><time>2025-09-17T15:30:01Z</time></trkpt>
      <trkpt lat="48.709048" lon="1.989380"><ele>105.4</ele><time>2025-09-17T15:30:02Z</time></trkpt>
      <trkpt lat="48.709047" lon="1.989378"><ele>105.3</ele><time>2025-09-17T15:30:03Z</time></trkpt>
      <trkpt lat="48.709049" lon="1.989378"><ele>105.2</ele><time>2025-09-17T15:30:04Z</time></trkpt>
      <trkpt lat="48.709050" lon="1.989377"><ele>105.2</ele><time>2025-09-17T15:30:05Z</time></trkpt>
      <trkpt lat="48.709049" lon="1.989379"><ele>105.2</ele><time>2025-09-17T15:30:06Z</time></trkpt>
      <trkpt lat="48.709046" lon="1.989381"><ele>105.4</ele><time>2025-09-17T15:30:07Z</time></trkpt>
      <trkpt lat="48.709043" lon="1.989381"><ele>105.3</ele><time>2025-09-17T15:30:08Z</time></trkpt>
      <trkpt lat="48.709042" lon="1.989386"><ele>105.4</ele><time>2025-09-17T15:30:09Z</time></trkpt>
      <trkpt lat="48.709046" lon="1.989389"><ele>105.3</ele><time>2025-09-17T15:30:10Z</time></trkpt>
      <trkpt lat="48.709045" lon="1.989384"><ele>105.0</ele><time>2025-09-17T15:30:11Z</time></trkpt>
      <trkpt lat="48.709043" lon="1.989380"><ele>104.8</ele><time>2025-09-17T15:30:12Z</time></trkpt>
      <trkpt lat="48.709042" lon="1.989386"><ele>104.4</ele><time>2025-09-17T15:30:13Z</time></trkpt>
      <trkpt lat="48.709043" lon="1.989389"><ele>104.1</ele><time>2025-09-17T15:30:14Z</time></trkpt>
      <trkpt lat="48.709043" lon="1.989386"><ele>104.1</ele><time>2025-09-17T15:30:15Z</time></trkpt>
      <trkpt lat="48.709042" lon="1.989385"><ele>104.1</ele><time>2025-09-17T15:30:16Z</time></trkpt>
      <trkpt lat="48.709041" lon="1.989386"><ele>104.1</ele><time>2025-09-17T15:30:17Z</time></trkpt>
      <trkpt lat="48.709040" lon="1.989386"><ele>104.0</ele><time>2025-09-17T15:30:18Z</time></trkpt>
      <trkpt lat="48.709038" lon="1.989387"><ele>103.8</ele><time>2025-09-17T15:30:19Z</time></trkpt>
      <trkpt lat="48.709036" lon="1.989390"><ele>103.9</ele><time>2025-09-17T15:30:20Z</time></trkpt>
      <trkpt lat="48.709038" lon="1.989389"><ele>104.0</ele><time>2025-09-17T15:30:21Z</time></trkpt>
      <trkpt lat="48.709038" lon="1.989388"><ele>104.1</ele><time>2025-09-17T15:30:22Z</time></trkpt>
      <trkpt lat="48.709038" lon="1.989386"><ele>104.0</ele><time>2025-09-17T15:30:23Z</time></trkpt>
      <trkpt lat="48.709037" lon="1.989383"><ele>104.0</ele><time>2025-09-17T15:30:24Z</time></trkpt>
      <trkpt lat="48.709036" lon="1.989381"><ele>103.9</ele><time>2025-09-17T15:30:25Z</time></trkpt>
      <trkpt lat="48.709035" lon="1.989380"><ele>103.9</ele><time>2025-09-17T15:30:26Z</time></trkpt>
      <trkpt lat="48.709034" lon="1.989378"><ele>103.8</ele><time>2025-09-17T15:30:27Z</time></trkpt>
      <trkpt lat="48.709033" lon="1.989377"><ele>104.0</ele><time>2025-09-17T15:30:28Z</time></trkpt>
      <trkpt lat="48.709033" lon="1.989375"><ele>104.1</ele><time>2025-09-17T15:30:29Z</time></trkpt>
      <trkpt lat="48.709032" lon="1.989374"><ele>104.2</ele><time>2025-09-17T15:30:30Z</time></trkpt>
      <trkpt lat="48.709032" lon="1.989373"><ele>104.1</ele><time>2025-09-17T15:30:31Z</time></trkpt>
      <trkpt lat="48.709032" lon="1.989370"><ele>104.3</ele><time>2025-09-17T15:30:32Z</time></trkpt>
      <trkpt lat="48.709032" lon="1.989367"><ele>104.3</ele><time>2025-09-17T15:30:33Z</time></trkpt>
      <trkpt lat="48.709033" lon="1.989364"><ele>104.3</ele><time>2025-09-17T15:30:34Z</time></trkpt>
      <trkpt lat="48.709032" lon="1.989362"><ele>104.5</ele><time>2025-09-17T15:30:35Z</time></trkpt>
      <trkpt lat="48.709032" lon="1.989360"><ele>104.6</ele><time>2025-09-17T15:30:36Z</time></trkpt>
      <trkpt lat="48.709032" lon="1.989357"><ele>104.5</ele><time>2025-09-17T15:30:37Z</time></trkpt>
      <trkpt lat="48.709032" lon="1.989355"><ele>104.4</ele><time>2025-09-17T15:30:38Z</time></trkpt>
      <trkpt lat="48.709032" lon="1.989356"><ele>104.4</ele><time>2025-09-17T15:30:39Z</time></trkpt>
      <trkpt lat="48.709031" lon="1.989356"><ele>104.4</ele><time>2025-09-17T15:30:40Z</time></trkpt>
      <trkpt lat="48.709030" lon="1.989357"><ele>104.3</ele><time>2025-09-17T15:30:41Z</time></trkpt>
      <trkpt lat="48.709030" lon="1.989357"><ele>104.0</ele><time>2025-09-17T15:30:42Z</time></trkpt>
      <trkpt lat="48.709030" lon="1.989355"><ele>104.0</ele><time>2025-09-17T15:30:43Z</time></trkpt>
      <trkpt lat="48.709030" lon="1.989354"><ele>103.9</ele><time>2025-09-17T15:30:44Z</time></trkpt>
      <trkpt lat="48.709029" lon="1.989354"><ele>103.8</ele><time>2025-09-17T15:30:45Z</time></trkpt>
      <trkpt lat="48.709027" lon="1.989353"><ele>103.8</ele><time>2025-09-17T15:30:46Z</time></trkpt>
      <trkpt lat="48.709026" lon="1.989354"><ele>103.6</ele><time>2025-09-17T15:30:47Z</time></trkpt>
      <trkpt lat="48.709026" lon="1.989354"><ele>103.4</ele><time>2025-09-17T15:30:48Z</time></trkpt>
      <trkpt lat="48.709026" lon="1.989354"><ele>103.3</ele><time>2025-09-17T15:30:49Z</time></trkpt>
      <trkpt lat="48.709026" lon="1.989355"><ele>103.1</ele><time>2025-09-17T15:30:50Z</time></trkpt>
      <trkpt lat="48.709026" lon="1.989355"><ele>103.1</ele><time>2025-09-17T15:30:51Z</time></trkpt>
      <trkpt lat="48.709024" lon="1.989354"><ele>103.0</ele><time>2025-09-17T15:30:52Z</time></trkpt>
      <trkpt lat="48.709021" lon="1.989356"><ele>102.8</ele><time>2025-09-17T15:30:53Z</time></trkpt>
      <trkpt lat="48.709019" lon="1.989356"><ele>102.5</ele><time>2025-09-17T15:30:54Z</time></trkpt>
      <trkpt lat="48.709017" lon="1.989356"><ele>102.4</ele><time>2025-09-17T15:30:55Z</time></trkpt>
      <trkpt lat="48.709014" lon="1.989360"><ele>102.2</ele><time>2025-09-17T15:30:56Z</time></trkpt>
      <trkpt lat="48.709015" lon="1.989359"><ele>101.7</ele><time>2025-09-17T15:30:57Z</time></trkpt>
      <trkpt lat="48.709016" lon="1.989359"><ele>101.5</ele><time>2025-09-17T15:30:58Z</time></trkpt>
      <trkpt lat="48.709017" lon="1.989362"><ele>101.3</ele><time>2025-09-17T15:30:59Z</time></trkpt>
      <trkpt lat="48.709018" lon="1.989363"><ele>101.3</ele><time>2025-09-17T15:31:00Z</time></trkpt>
      <trkpt lat="48.709022" lon="1.989360"><ele>101.1</ele><time>2025-09-17T15:31:01Z</time></trkpt>
      <trkpt lat="48.709022" lon="1.989362"><ele>101.3</ele><time>2025-09-17T15:31:02Z</time></trkpt>
      <trkpt lat="48.709023" lon="1.989363"><ele>101.3</ele><time>2025-09-17T15:31:03Z</time></trkpt>
      <trkpt lat="48.709025" lon="1.989363"><ele>101.2</ele><time>2025-09-17T15:31:04Z</time></trkpt>
      <trkpt lat="48.709027" lon="1.989364"><ele>101.1</ele><time>2025-09-17T15:31:05Z</time></trkpt>
      <trkpt lat="48.709027" lon="1.989366"><ele>101.0</ele><time>2025-09-17T15:31:06Z</time></trkpt>
      <trkpt lat="48.709027" lon="1.989367"><ele>101.0</ele><time>2025-09-17T15:31:07Z</time></trkpt>
      <trkpt lat="48.709028" lon="1.989368"><ele>100.9</ele><time>2025-09-17T15:31:08Z</time></trkpt>
      <trkpt lat="48.709028" lon="1.989370"><ele>100.8</ele><time>2025-09-17T15:31:09Z</time></trkpt>
      <trkpt lat="48.709034" lon="1.989378"><ele>100.5</ele><time>2025-09-17T15:31:10Z</time></trkpt>
      <trkpt lat="48.709036" lon="1.989378"><ele>99.4</ele><time>2025-09-17T15:31:11Z</time></trkpt>
      <trkpt lat="48.709034" lon="1.989380"><ele>98.8</ele><time>2025-09-17T15:31:12Z</time></trkpt>
      <trkpt lat="48.709036" lon="1.989379"><ele>98.4</ele><time>2025-09-17T15:31:13Z</time></trkpt>
      <trkpt lat="48.709029" lon="1.989383"><ele>98.4</ele><time>2025-09-17T15:31:14Z</time></trkpt>
      <trkpt lat="48.709029" lon="1.989383"><ele>98.2</ele><time>2025-09-17T15:31:15Z</time></trkpt>
      <trkpt lat="48.709025" lon="1.989379"><ele>98.7</ele><time>2025-09-17T15:31:16Z</time></trkpt>
      <trkpt lat="48.709024" lon="1.989374"><ele>98.3</ele><time>2025-09-17T15:31:17Z</time></trkpt>
      <trkpt lat="48.709023" lon="1.989375"><ele>98.6</ele><time>2025-09-17T15:31:18Z</time></trkpt>
      <trkpt lat="48.709020" lon="1.989371"><ele>98.0</ele><time>2025-09-17T15:31:19Z</time></trkpt>
      <trkpt lat="48.709018" lon="1.989368"><ele>98.1</ele><time>2025-09-17T15:31:20Z</time></trkpt>
      <trkpt lat="48.709013" lon="1.989366"><ele>98.1</ele><time>2025-09-17T15:31:21Z</time></trkpt>
      <trkpt lat="48.709013" lon="1.989365"><ele>97.9</ele><time>2025-09-17T15:31:22Z</time></trkpt>
      <trkpt lat="48.709015" lon="1.989366"><ele>98.1</ele><time>2025-09-17T15:31:23Z</time></trkpt>
      <trkpt lat="48.709017" lon="1.989365"><ele>97.9</ele><time>2025-09-17T15:31:24Z</time></trkpt>
      <trkpt lat="48.709018" lon="1.989365"><ele>97.8</ele><time>2025-09-17T15:31:25Z</time></trkpt>
      <trkpt lat="48.709017" lon="1.989364"><ele>97.2</ele><time>2025-09-17T15:31:26Z</time></trkpt>
      <trkpt lat="48.709015" lon="1.989366"><ele>96.6</ele><time>2025-09-17T15:31:27Z</time></trkpt>
      <trkpt lat="48.709013" lon="1.989366"><ele>96.4</ele><time>2025-09-17T15:31:28Z</time></trkpt>
      <trkpt lat="48.709013" lon="1.989366"><ele>96.4</ele><time>2025-09-17T15:31:29Z</time></trkpt>
      <trkpt lat="48.709012" lon="1.989365"><ele>96.3</ele><time>2025-09-17T15:31:30Z</time></trkpt>
      <trkpt lat="48.709011" lon="1.989363"><ele>96.4</ele><time>2025-09-17T15:31:31Z</time></trkpt>
      <trkpt lat="48.709013" lon="1.989362"><ele>96.2</ele><time>2025-09-17T15:31:32Z</time></trkpt>
      <trkpt lat="48.709014" lon="1.989360"><ele>96.5</ele><time>2025-09-17T15:31:33Z</time></trkpt>
      <trkpt lat="48.709015" lon="1.989358"><ele>96.4</ele><time>2025-09-17T15:31:34Z</time></trkpt>
      <trkpt lat="48.709012" lon="1.989357"><ele>96.4</ele><time>2025-09-17T15:31:35Z</time></trkpt>
      <trkpt lat="48.709013" lon="1.989357"><ele>96.2</ele><time>2025-09-17T15:31:36Z</time></trkpt>
      <trkpt lat="48.709011" lon="1.989357"><ele>96.0</ele><time>2025-09-17T15:31:37Z</time></trkpt>
      <trkpt lat="48.709010" lon="1.989358"><ele>96.1</ele><time>2025-09-17T15:31:38Z</time></trkpt>
      <trkpt lat="48.709008" lon="1.989357"><ele>96.2</ele><time>2025-09-17T15:31:39Z</time></trkpt>
      <trkpt lat="48.709007" lon="1.989356"><ele>96.5</ele><time>2025-09-17T15:31:40Z</time></trkpt>
      <trkpt lat="48.709007" lon="1.989355"><ele>96.6</ele><time>2025-09-17T15:31:41Z</time></trkpt>
      <trkpt lat="48.709004" lon="1.989354"><ele>96.9</ele><time>2025-09-17T15:31:42Z</time></trkpt>
      <trkpt lat="48.709001" lon="1.989356"><ele>96.8</ele><time>2025-09-17T15:31:43Z</time></trkpt>
      <trkpt lat="48.709001" lon="1.989359"><ele>96.9</ele><time>2025-09-17T15:31:44Z</time></trkpt>
      <trkpt lat="48.709000" lon="1.989361"><ele>96.6</ele><time>2025-09-17T15:31:45Z</time></trkpt>
      <trkpt lat="48.709000" lon="1.989361"><ele>96.3</ele><time>2025-09-17T15:31:46Z</time></trkpt>
      <trkpt lat="48.709000" lon="1.989361"><ele>96.1</ele><time>2025-09-17T15:31:47Z</time></trkpt>
      <trkpt lat="48.709002" lon="1.989362"><ele>95.7</ele><time>2025-09-17T15:31:48Z</time></trkpt>
      <trkpt lat="48.708999" lon="1.989360"><ele>95.5</ele><time>2025-09-17T15:31:49Z</time></trkpt>
      <trkpt lat="48.708998" lon="1.989366"><ele>95.3</ele><time>2025-09-17T15:31:50Z</time></trkpt>
      <trkpt lat="48.709000" lon="1.989368"><ele>95.5</ele><time>2025-09-17T15:31:51Z</time></trkpt>
      <trkpt lat="48.708999" lon="1.989371"><ele>95.6</ele><time>2025-09-17T15:31:52Z</time></trkpt>
      <trkpt lat="48.709001" lon="1.989368"><ele>95.3</ele><time>2025-09-17T15:31:53Z</time></trkpt>
      <trkpt lat="48.709001" lon="1.989365"><ele>95.6</ele><time>2025-09-17T15:31:54Z</time></trkpt>
      <trkpt lat="48.709001" lon="1.989366"><ele>95.5</ele><time>2025-09-17T15:31:55Z</time></trkpt>
      <trkpt lat="48.709002" lon="1.989366"><ele>95.5</ele><time>2025-09-17T15:31:56Z</time></trkpt>
      <trkpt lat="48.709003" lon="1.989365"><ele>95.6</ele><time>2025-09-17T15:31:57Z</time></trkpt>
      <trkpt lat="48.709009" lon="1.989364"><ele>95.8</ele><time>2025-09-17T15:31:58Z</time></trkpt>
      <trkpt lat="48.709011" lon="1.989361"><ele>96.7</ele><time>2025-09-17T15:31:59Z</time></trkpt>
      <trkpt lat="48.709012" lon="1.989359"><ele>97.5</ele><time>2025-09-17T15:32:00Z</time></trkpt>
      <trkpt lat="48.709010" lon="1.989358"><ele>98.0</ele><time>2025-09-17T15:32:01Z</time></trkpt>
      <trkpt lat="48.709009" lon="1.989356"><ele>98.1</ele><time>2025-09-17T15:32:02Z</time></trkpt>
      <trkpt lat="48.709010" lon="1.989356"><ele>98.4</ele><time>2025-09-17T15:32:03Z</time></trkpt>
      <trkpt lat="48.709011" lon="1.989355"><ele>98.7</ele><time>2025-09-17T15:32:04Z</time></trkpt>
      <trkpt lat="48.709012" lon="1.989356"><ele>98.9</ele><time>2025-09-17T15:32:05Z</time></trkpt>
      <trkpt lat="48.709011" lon="1.989356"><ele>98.4</ele><time>2025-09-17T15:32:06Z</time></trkpt>
      <trkpt lat="48.709008" lon="1.989353"><ele>98.2</ele><time>2025-09-17T15:32:07Z</time></trkpt>
      <trkpt lat="48.709010" lon="1.989354"><ele>98.9</ele><time>2025-09-17T15:32:08Z</time></trkpt>
      <trkpt lat="48.709006" lon="1.989353"><ele>99.0</ele><time>2025-09-17T15:32:09Z</time></trkpt>
      <trkpt lat="48.709006" lon="1.989354"><ele>98.7</ele><time>2025-09-17T15:32:10Z</time></trkpt>
      <trkpt lat="48.709006" lon="1.989354"><ele>98.3</ele><time>2025-09-17T15:32:11Z</time></trkpt>
      <trkpt lat="48.709006" lon="1.989353"><ele>98.3</ele><time>2025-09-17T15:32:12Z</time></trkpt>
      <trkpt lat="48.709005" lon="1.989353"><ele>98.3</ele><time>2025-09-17T15:32:13Z</time></trkpt>
      <trkpt lat="48.709003" lon="1.989353"><ele>98.2</ele><time>2025-09-17T15:32:14Z</time></trkpt>
      <trkpt lat="48.709002" lon="1.989353"><ele>98.0</ele><time>2025-09-17T15:32:15Z</time></trkpt>
      <trkpt lat="48.709002" lon="1.989351"><ele>97.2</ele><time>2025-09-17T15:32:16Z</time></trkpt>
      <trkpt lat="48.709001" lon="1.989350"><ele>97.0</ele><time>2025-09-17T15:32:17Z</time></trkpt>
      <trkpt lat="48.708999" lon="1.989348"><ele>96.9</ele><time>2025-09-17T15:32:18Z</time></trkpt>
      <trkpt lat="48.708997" lon="1.989348"><ele>96.6</ele><time>2025-09-17T15:32:19Z</time></trkpt>
      <trkpt lat="48.708996" lon="1.989347"><ele>96.3</ele><time>2025-09-17T15:32:20Z</time></trkpt>
      <trkpt lat="48.708995" lon="1.989346"><ele>96.1</ele><time>2025-09-17T15:32:21Z</time></trkpt>
      <trkpt lat="48.708998" lon="1.989347"><ele>95.8</ele><time>2025-09-17T15:32:22Z</time></trkpt>
      <trkpt lat="48.708997" lon="1.989349"><ele>95.9</ele><time>2025-09-17T15:32:23Z</time></trkpt>
      <trkpt lat="48.709000" lon="1.989351"><ele>96.2</ele><time>2025-09-17T15:32:24Z</time></trkpt>
      <trkpt lat="48.709003" lon="1.989354"><ele>96.5</ele><time>2025-09-17T15:32:25Z</time></trkpt>
      <trkpt lat="48.709010" lon="1.989355"><ele>97.3</ele><time>2025-09-17T15:32:26Z</time></trkpt>
      <trkpt lat="48.709012" lon="1.989359"><ele>98.1</ele><time>2025-09-17T15:32:27Z</time></trkpt>
      <trkpt lat="48.709012" lon="1.989363"><ele>97.5</ele><time>2025-09-17T15:32:28Z</time></trkpt>
      <trkpt lat="48.709014" lon="1.989367"><ele>97.5</ele><time>2025-09-17T15:32:29Z</time></trkpt>
      <trkpt lat="48.709013" lon="1.989367"><ele>97.5</ele><time>2025-09-17T15:32:30Z</time></trkpt>
      <trkpt lat="48.709012" lon="1.989363"><ele>97.5</ele><time>2025-09-17T15:32:31Z</time></trkpt>
      <trkpt lat="48.709011" lon="1.989362"><ele>97.5</ele><time>2025-09-17T15:32:32Z</time></trkpt>
      <trkpt lat="48.709009" lon="1.989366"><ele>97.6</ele><time>2025-09-17T15:32:33Z</time></trkpt>
      <trkpt lat="48.709004" lon="1.989384"><ele>97.6</ele><time>2025-09-17T15:32:34Z</time></trkpt>
      <trkpt lat="48.708999" lon="1.989412"><ele>97.9</ele><time>2025-09-17T15:32:35Z</time></trkpt>
      <trkpt lat="48.708994" lon="1.989432"><ele>98.6</ele><time>2025-09-17T15:32:36Z</time></trkpt>
      <trkpt lat="48.708992" lon="1.989439"><ele>99.3</ele><time>2025-09-17T15:32:37Z</time></trkpt>
      <trkpt lat="48.708994" lon="1.989444"><ele>99.3</ele><time>2025-09-17T15:32:38Z</time></trkpt>
      <trkpt lat="48.708992" lon="1.989458"><ele>99.5</ele><time>2025-09-17T15:32:39Z</time></trkpt>
      <trkpt lat="48.708987" lon="1.989484"><ele>99.8</ele><time>2025-09-17T15:32:40Z</time></trkpt>
      <trkpt lat="48.708989" lon="1.989508"><ele>99.9</ele><time>2025-09-17T15:32:41Z</time></trkpt>
      <trkpt lat="48.709007" lon="1.989524"><ele>100.3</ele><time>2025-09-17T15:32:42Z</time></trkpt>
      <trkpt lat="48.709037" lon="1.989537"><ele>100.6</ele><time>2025-09-17T15:32:43Z</time></trkpt>
      <trkpt lat="48.709077" lon="1.989548"><ele>100.1</ele><time>2025-09-17T15:32:44Z</time></trkpt>
      <trkpt lat="48.709124" lon="1.989559"><ele>99.9</ele><time>2025-09-17T15:32:45Z</time></trkpt>
      <trkpt lat="48.709161" lon="1.989567"><ele>99.9</ele><time>2025-09-17T15:32:46Z</time></trkpt>
      <trkpt lat="48.709206" lon="1.989572"><ele>101.3</ele><time>2025-09-17T15:32:47Z</time></trkpt>
      <trkpt lat="48.709254" lon="1.989568"><ele>103.6</ele><time>2025-09-17T15:32:48Z</time></trkpt>
      <trkpt lat="48.709303" lon="1.989568"><ele>105.0</ele><time>2025-09-17T15:32:49Z</time></trkpt>
      <trkpt lat="48.709366" lon="1.989574"><ele>107.3</ele><time>2025-09-17T15:32:50Z</time></trkpt>
      <trkpt lat="48.709441" lon="1.989590"><ele>109.1</ele><time>2025-09-17T15:32:51Z</time></trkpt>
      <trkpt lat="48.709524" lon="1.989610"><ele>109.8</ele><time>2025-09-17T15:32:52Z</time></trkpt>
      <trkpt lat="48.709595" lon="1.989623"><ele>110.8</ele><time>2025-09-17T15:32:53Z</time></trkpt>
      <trkpt lat="48.709660" lon="1.989623"><ele>114.5</ele><time>2025-09-17T15:32:54Z</time></trkpt>
      <trkpt lat="48.709725" lon="1.989626"><ele>118.9</ele><time>2025-09-17T15:32:55Z</time></trkpt>
      <trkpt lat="48.709798" lon="1.989631"><ele>121.4</ele><time>2025-09-17T15:32:56Z</time></trkpt>
      <trkpt lat="48.709838" lon="1.989636"><ele>124.0</ele><time>2025-09-17T15:32:57Z</time></trkpt>
      <trkpt lat="48.709910" lon="1.989613"><ele>130.0</ele><time>2025-09-17T15:32:58Z</time></trkpt>
      <trkpt lat="48.709978" lon="1.989637"><ele>136.6</ele><time>2025-09-17T15:32:59Z</time></trkpt>
      <trkpt lat="48.710086" lon="1.989651"><ele>143.5</ele><time>2025-09-17T15:33:00Z</time></trkpt>
      <trkpt lat="48.710189" lon="1.989674"><ele>142.8</ele><time>2025-09-17T15:33:01Z</time></trkpt>
      <trkpt lat="48.710283" lon="1.989735"><ele>144.2</ele><time>2025-09-17T15:33:02Z</time></trkpt>
      <trkpt lat="48.710457" lon="1.989877"><ele>147.2</ele><time>2025-09-17T15:33:03Z</time></trkpt>
      <trkpt lat="48.710575" lon="1.989950"><ele>135.5</ele><time>2025-09-17T15:33:04Z</time></trkpt>
      <trkpt lat="48.710730" lon="1.990045"><ele>135.6</ele><time>2025-09-17T15:33:05Z</time></trkpt>
      <trkpt lat="48.710887" lon="1.990150"><ele>129.2</ele><time>2025-09-17T15:33:06Z</time></trkpt>
      <trkpt lat="48.711012" lon="1.990229"><ele>122.9</ele><time>2025-09-17T15:33:07Z</time></trkpt>
      <trkpt lat="48.711106" lon="1.990307"><ele>118.4</ele><time>2025-09-17T15:33:08Z</time></trkpt>
      <trkpt lat="48.711176" lon="1.990407"><ele>117.0</ele><time>2025-09-17T15:33:09Z</time></trkpt>
      <trkpt lat="48.711227" lon="1.990520"><ele>117.3</ele><time>2025-09-17T15:33:10Z</time></trkpt>
      <trkpt lat="48.711266" lon="1.990643"><ele>117.8</ele><time>2025-09-17T15:33:11Z</time></trkpt>
      <trkpt lat="48.711276" lon="1.990788"><ele>118.0</ele><time>2025-09-17T15:33:12Z</time></trkpt>
      <trkpt lat="48.711218" lon="1.990924"><ele>118.5</ele><time>2025-09-17T15:33:13Z</time></trkpt>
      <trkpt lat="48.711143" lon="1.991051"><ele>120.9</ele><time>2025-09-17T15:33:14Z</time></trkpt>
      <trkpt lat="48.711097" lon="1.991207"><ele>124.3</ele><time>2025-09-17T15:33:15Z</time></trkpt>
      <trkpt lat="48.711102" lon="1.991376"><ele>123.2</ele><time>2025-09-17T15:33:16Z</time></trkpt>
      <trkpt lat="48.711138" lon="1.991560"><ele>123.2</ele><time>2025-09-17T15:33:17Z</time></trkpt>
      <trkpt lat="48.711171" lon="1.991723"><ele>121.4</ele><time>2025-09-17T15:33:18Z</time></trkpt>
      <trkpt lat="48.711201" lon="1.991896"><ele>122.1</ele><time>2025-09-17T15:33:19Z</time></trkpt>
      <trkpt lat="48.711205" lon="1.992068"><ele>123.5</ele><time>2025-09-17T15:33:20Z</time></trkpt>
      <trkpt lat="48.711187" lon="1.992236"><ele>122.5</ele><time>2025-09-17T15:33:21Z</time></trkpt>
      <trkpt lat="48.711165" lon="1.992409"><ele>123.8</ele><time>2025-09-17T15:33:22Z</time></trkpt>
      <trkpt lat="48.711115" lon="1.992575"><ele>124.4</ele><time>2025-09-17T15:33:23Z</time></trkpt>
      <trkpt lat="48.711067" lon="1.992755"><ele>127.1</ele><time>2025-09-17T15:33:24Z</time></trkpt>
      <trkpt lat="48.711041" lon="1.992986"><ele>133.5</ele><time>2025-09-17T15:33:25Z</time></trkpt>
      <trkpt lat="48.711008" lon="1.993221"><ele>134.2</ele><time>2025-09-17T15:33:26Z</time></trkpt>
      <trkpt lat="48.710954" lon="1.993428"><ele>134.8</ele><time>2025-09-17T15:33:27Z</time></trkpt>
      <trkpt lat="48.710879" lon="1.993594"><ele>135.0</ele><time>2025-09-17T15:33:28Z</time></trkpt>
      <trkpt lat="48.710800" lon="1.993710"><ele>132.5</ele><time>2025-09-17T15:33:29Z</time></trkpt>
      <trkpt lat="48.710696" lon="1.993825"><ele>132.8</ele><time>2025-09-17T15:33:30Z</time></trkpt>
      <trkpt lat="48.710614" lon="1.993969"><ele>133.7</ele><time>2025-09-17T15:33:31Z</time></trkpt>
      <trkpt lat="48.710589" lon="1.994166"><ele>135.4</ele><time>2025-09-17T15:33:32Z</time></trkpt>
      <trkpt lat="48.710554" lon="1.994401"><ele>137.1</ele><time>2025-09-17T15:33:33Z</time></trkpt>
      <trkpt lat="48.710521" lon="1.994634"><ele>137.5</ele><time>2025-09-17T15:33:34Z</time></trkpt>
      <trkpt lat="48.710443" lon="1.994824"><ele>136.9</ele><time>2025-09-17T15:33:35Z</time></trkpt>
      <trkpt lat="48.710338" lon="1.994974"><ele>136.9</ele><time>2025-09-17T15:33:36Z</time></trkpt>
      <trkpt lat="48.710240" lon="1.995111"><ele>136.1</ele><time>2025-09-17T15:33:37Z</time></trkpt>
      <trkpt lat="48.710152" lon="1.995254"><ele>137.5</ele><time>2025-09-17T15:33:38Z</time></trkpt>
      <trkpt lat="48.710101" lon="1.995415"><ele>138.0</ele><time>2025-09-17T15:33:39Z</time></trkpt>
      <trkpt lat="48.710108" lon="1.995604"><ele>140.2</ele><time>2025-09-17T15:33:40Z</time></trkpt>
      <trkpt lat="48.710138" lon="1.995816"><ele>145.2</ele><time>2025-09-17T15:33:41Z</time></trkpt>
      <trkpt lat="48.710122" lon="1.995998"><ele>147.0</ele><time>2025-09-17T15:33:42Z</time></trkpt>
      <trkpt lat="48.710093" lon="1.996157"><ele>150.9</ele><time>2025-09-17T15:33:43Z</time></trkpt>
      <trkpt lat="48.710060" lon="1.996287"><ele>154.7</ele><time>2025-09-17T15:33:44Z</time></trkpt>
      <trkpt lat="48.709987" lon="1.996384"><ele>156.7</ele><time>2025-09-17T15:33:45Z</time></trkpt>
      <trkpt lat="48.709909" lon="1.996478"><ele>156.8</ele><time>2025-09-17T15:33:46Z</time></trkpt>
      <trkpt lat="48.709806" lon="1.996581"><ele>160.6</ele><time>2025-09-17T15:33:47Z</time></trkpt>
      <trkpt lat="48.709683" lon="1.996695"><ele>164.7</ele><time>2025-09-17T15:33:48Z</time></trkpt>
      <trkpt lat="48.709581" lon="1.996804"><ele>167.4</ele><time>2025-09-17T15:33:49Z</time></trkpt>
      <trkpt lat="48.709491" lon="1.996941"><ele>169.4</ele><time>2025-09-17T15:33:50Z</time></trkpt>
      <trkpt lat="48.709465" lon="1.997144"><ele>170.5</ele><time>2025-09-17T15:33:51Z</time></trkpt>
      <trkpt lat="48.709415" lon="1.997357"><ele>171.2</ele><time>2025-09-17T15:33:52Z</time></trkpt>
      <trkpt lat="48.709380" lon="1.997595"><ele>172.1</ele><time>2025-09-17T15:33:53Z</time></trkpt>
      <trkpt lat="48.709292" lon="1.997846"><ele>175.1</ele><time>2025-09-17T15:33:54Z</time></trkpt>
      <trkpt lat="48.709218" lon="1.998082"><ele>175.1</ele><time>2025-09-17T15:33:55Z</time></trkpt>
      <trkpt lat="48.709117" lon="1.998268"><ele>175.2</ele><time>2025-09-17T15:33:56Z</time></trkpt>
      <trkpt lat="48.709024" lon="1.998415"><ele>171.5</ele><time>2025-09-17T15:33:57Z</time></trkpt>
      <trkpt lat="48.708921" lon="1.998504"><ele>170.1</ele><time>2025-09-17T15:33:58Z</time></trkpt>
      <trkpt lat="48.708853" lon="1.998576"><ele>167.0</ele><time>2025-09-17T15:33:59Z</time></trkpt>
      <trkpt lat="48.708788" lon="1.998651"><ele>169.3</ele><time>2025-09-17T15:34:00Z</time></trkpt>
      <trkpt lat="48.708759" lon="1.998771"><ele>170.8</ele><time>2025-09-17T15:34:01Z</time></trkpt>
      <trkpt lat="48.708712" lon="1.998914"><ele>172.9</ele><time>2025-09-17T15:34:02Z</time></trkpt>
      <trkpt lat="48.708664" lon="1.999096"><ele>174.9</ele><time>2025-09-17T15:34:03Z</time></trkpt>
      <trkpt lat="48.708604" lon="1.999315"><ele>175.2</ele><time>2025-09-17T15:34:04Z</time></trkpt>
      <trkpt lat="48.708532" lon="1.999539"><ele>175.4</ele><time>2025-09-17T15:34:05Z</time></trkpt>
      <trkpt lat="48.708475" lon="1.999771"><ele>178.3</ele><time>2025-09-17T15:34:06Z</time></trkpt>
      <trkpt lat="48.708387" lon="1.999998"><ele>179.5</ele><time>2025-09-17T15:34:07Z</time></trkpt>
      <trkpt lat="48.708261" lon="2.000227"><ele>180.0</ele><time>2025-09-17T15:34:08Z</time></trkpt>
      <trkpt lat="48.708168" lon="2.000465"><ele>179.2</ele><time>2025-09-17T15:34:09Z</time></trkpt>
      <trkpt lat="48.708078" lon="2.000689"><ele>181.0</ele><time>2025-09-17T15:34:10Z</time></trkpt>
      <trkpt lat="48.708014" lon="2.000894"><ele>182.9</ele><time>2025-09-17T15:34:11Z</time></trkpt>
      <trkpt lat="48.708010" lon="2.001079"><ele>183.9</ele><time>2025-09-17T15:34:12Z</time></trkpt>
      <trkpt lat="48.708011" lon="2.001234"><ele>187.1</ele><time>2025-09-17T15:34:13Z</time></trkpt>
      <trkpt lat="48.708003" lon="2.001341"><ele>186.4</ele><time>2025-09-17T15:34:14Z</time></trkpt>
      <trkpt lat="48.708047" lon="2.001421"><ele>182.7</ele><time>2025-09-17T15:34:15Z</time></trkpt>
      <trkpt lat="48.708105" lon="2.001477"><ele>181.9</ele><time>2025-09-17T15:34:16Z</time></trkpt>
      <trkpt lat="48.708168" lon="2.001490"><ele>184.3</ele><time>2025-09-17T15:34:17Z</time></trkpt>
      <trkpt lat="48.708237" lon="2.001476"><ele>185.0</ele><time>2025-09-17T15:34:18Z</time></trkpt>
      <trkpt lat="48.708339" lon="2.001493"><ele>190.9</ele><time>2025-09-17T15:34:19Z</time></trkpt>
      <trkpt lat="48.708456" lon="2.001483"><ele>194.3</ele><time>2025-09-17T15:34:20Z</time></trkpt>
      <trkpt lat="48.708596" lon="2.001479"><ele>198.9</ele><time>2025-09-17T15:34:21Z</time></trkpt>
      <trkpt lat="48.708727" lon="2.001481"><ele>200.2</ele><time>2025-09-17T15:34:22Z</time></trkpt>
      <trkpt lat="48.708875" lon="2.001495"><ele>202.3</ele><time>2025-09-17T15:34:23Z</time></trkpt>
      <trkpt lat="48.709013" lon="2.001480"><ele>206.9</ele><time>2025-09-17T15:34:24Z</time></trkpt>
      <trkpt lat="48.709150" lon="2.001474"><ele>211.4</ele><time>2025-09-17T15:34:25Z</time></trkpt>
      <trkpt lat="48.709307" lon="2.001472"><ele>212.9</ele><time>2025-09-17T15:34:26Z</time></trkpt>
      <trkpt lat="48.709460" lon="2.001435"><ele>214.6</ele><time>2025-09-17T15:34:27Z</time></trkpt>
      <trkpt lat="48.709599" lon="2.001414"><ele>218.6</ele><time>2025-09-17T15:34:28Z</time></trkpt>
      <trkpt lat="48.709727" lon="2.001400"><ele>225.4</ele><time>2025-09-17T15:34:29Z</time></trkpt>
      <trkpt lat="48.709888" lon="2.001414"><ele>234.8</ele><time>2025-09-17T15:34:30Z</time></trkpt>
      <trkpt lat="48.710045" lon="2.001415"><ele>237.0</ele><time>2025-09-17T15:34:31Z</time></trkpt>
      <trkpt lat="48.710232" lon="2.001420"><ele>238.2</ele><time>2025-09-17T15:34:32Z</time></trkpt>
      <trkpt lat="48.710414" lon="2.001416"><ele>234.6</ele><time>2025-09-17T15:34:33Z</time></trkpt>
      <trkpt lat="48.710597" lon="2.001423"><ele>231.5</ele><time>2025-09-17T15:34:34Z</time></trkpt>
      <trkpt lat="48.710788" lon="2.001444"><ele>230.0</ele><time>2025-09-17T15:34:35Z</time></trkpt>
      <trkpt lat="48.711005" lon="2.001468"><ele>225.1</ele><time>2025-09-17T15:34:36Z</time></trkpt>
      <trkpt lat="48.711247" lon="2.001516"><ele>217.4</ele><time>2025-09-17T15:34:37Z</time></trkpt>
      <trkpt lat="48.711469" lon="2.001564"><ele>205.2</ele><time>2025-09-17T15:34:38Z</time></trkpt>
      <trkpt lat="48.711673" lon="2.001615"><ele>196.8</ele><time>2025-09-17T15:34:39Z</time></trkpt>
      <trkpt lat="48.711870" lon="2.001648"><ele>191.9</ele><time>2025-09-17T15:34:40Z</time></trkpt>
      <trkpt lat="48.712064" lon="2.001670"><ele>188.6</ele><time>2025-09-17T15:34:41Z</time></trkpt>
      <trkpt lat="48.712258" lon="2.001696"><ele>186.4</ele><time>2025-09-17T15:34:42Z</time></trkpt>
      <trkpt lat="48.712454" lon="2.001716"><ele>184.6</ele><time>2025-09-17T15:34:43Z</time></trkpt>
      <trkpt lat="48.712651" lon="2.001741"><ele>183.0</ele><time>2025-09-17T15:34:44Z</time></trkpt>
      <trkpt lat="48.712850" lon="2.001766"><ele>181.4</ele><time>2025-09-17T15:34:45Z</time></trkpt>
      <trkpt lat="48.713056" lon="2.001806"><ele>180.1</ele><time>2025-09-17T15:34:46Z</time></trkpt>
      <trkpt lat="48.713261" lon="2.001835"><ele>177.5</ele><time>2025-09-17T15:34:47Z</time></trkpt>
      <trkpt lat="48.713466" lon="2.001860"><ele>175.9</ele><time>2025-09-17T15:34:48Z</time></trkpt>
      <trkpt lat="48.713670" lon="2.001883"><ele>174.4</ele><time>2025-09-17T15:34:49Z</time></trkpt>
      <trkpt lat="48.713869" lon="2.001905"><ele>173.3</ele><time>2025-09-17T15:34:50Z</time></trkpt>
      <trkpt lat="48.714069" lon="2.001930"><ele>172.7</ele><time>2025-09-17T15:34:51Z</time></trkpt>
      <trkpt lat="48.714268" lon="2.001953"><ele>172.1</ele><time>2025-09-17T15:34:52Z</time></trkpt>
      <trkpt lat="48.714466" lon="2.001974"><ele>171.5</ele><time>2025-09-17T15:34:53Z</time></trkpt>
      <trkpt lat="48.714660" lon="2.001991"><ele>170.9</ele><time>2025-09-17T15:34:54Z</time></trkpt>
      <trkpt lat="48.714852" lon="2.002010"><ele>170.3</ele><time>2025-09-17T15:34:55Z</time></trkpt>
      <trkpt lat="48.715045" lon="2.002032"><ele>169.8</ele><time>2025-09-17T15:34:56Z</time></trkpt>
      <trkpt lat="48.715238" lon="2.002051"><ele>169.0</ele><time>2025-09-17T15:34:57Z</time></trkpt>
      <trkpt lat="48.715432" lon="2.002070"><ele>168.5</ele><time>2025-09-17T15:34:58Z</time></trkpt>
      <trkpt lat="48.715622" lon="2.002089"><ele>167.7</ele><time>2025-09-17T15:34:59Z</time></trkpt>
      <trkpt lat="48.715812" lon="2.002108"><ele>167.0</ele><time>2025-09-17T15:35:00Z</time></trkpt>
      <trkpt lat="48.716002" lon="2.002126"><ele>166.5</ele><time>2025-09-17T15:35:01Z</time></trkpt>
      <trkpt lat="48.716195" lon="2.002144"><ele>166.1</ele><time>2025-09-17T15:35:02Z</time></trkpt>
      <trkpt lat="48.716393" lon="2.002164"><ele>165.6</ele><time>2025-09-17T15:35:03Z</time></trkpt>
      <trkpt lat="48.716587" lon="2.002180"><ele>164.8</ele><time>2025-09-17T15:35:04Z</time></trkpt>
      <trkpt lat="48.716784" lon="2.002195"><ele>164.4</ele><time>2025-09-17T15:35:05Z</time></trkpt>
      <trkpt lat="48.716985" lon="2.002210"><ele>164.2</ele><time>2025-09-17T15:35:06Z</time></trkpt>
      <trkpt lat="48.717188" lon="2.002227"><ele>163.8</ele><time>2025-09-17T15:35:07Z</time></trkpt>
      <trkpt lat="48.717390" lon="2.002245"><ele>163.3</ele><time>2025-09-17T15:35:08Z</time></trkpt>
      <trkpt lat="48.717587" lon="2.002262"><ele>162.8</ele><time>2025-09-17T15:35:09Z</time></trkpt>
      <trkpt lat="48.717777" lon="2.002279"><ele>162.5</ele><time>2025-09-17T15:35:10Z</time></trkpt>
      <trkpt lat="48.717957" lon="2.002293"><ele>162.2</ele><time>2025-09-17T15:35:11Z</time></trkpt>
      <trkpt lat="48.718127" lon="2.002305"><ele>161.9</ele><time>2025-09-17T15:35:12Z</time></trkpt>
      <trkpt lat="48.718294" lon="2.002318"><ele>161.6</ele><time>2025-09-17T15:35:13Z</time></trkpt>
      <trkpt lat="48.718457" lon="2.002331"><ele>161.4</ele><time>2025-09-17T15:35:14Z</time></trkpt>
      <trkpt lat="48.718617" lon="2.002346"><ele>161.1</ele><time>2025-09-17T15:35:15Z</time></trkpt>
      <trkpt lat="48.718769" lon="2.002357"><ele>160.9</ele><time>2025-09-17T15:35:16Z</time></trkpt>
      <trkpt lat="48.718914" lon="2.002364"><ele>160.8</ele><time>2025-09-17T15:35:17Z</time></trkpt>
      <trkpt lat="48.719051" lon="2.002366"><ele>160.8</ele><time>2025-09-17T15:35:18Z</time></trkpt>
      <trkpt lat="48.719180" lon="2.002362"><ele>160.7</ele><time>2025-09-17T15:35:19Z</time></trkpt>
      <trkpt lat="48.719297" lon="2.002350"><ele>160.6</ele><time>2025-09-17T15:35:20Z</time></trkpt>
      <trkpt lat="48.719402" lon="2.002329"><ele>160.4</ele><time>2025-09-17T15:35:21Z</time></trkpt>
      <trkpt lat="48.719496" lon="2.002303"><ele>160.2</ele><time>2025-09-17T15:35:22Z</time></trkpt>
      <trkpt lat="48.719583" lon="2.002279"><ele>160.3</ele><time>2025-09-17T15:35:23Z</time></trkpt>
      <trkpt lat="48.719665" lon="2.002259"><ele>160.1</ele><time>2025-09-17T15:35:24Z</time></trkpt>
      <trkpt lat="48.719735" lon="2.002253"><ele>159.9</ele><time>2025-09-17T15:35:25Z</time></trkpt>
      <trkpt lat="48.719782" lon="2.002255"><ele>159.5</ele><time>2025-09-17T15:35:26Z</time></trkpt>
      <trkpt lat="48.719808" lon="2.002261"><ele>159.5</ele><time>2025-09-17T15:35:27Z</time></trkpt>
      <trkpt lat="48.719824" lon="2.002269"><ele>159.6</ele><time>2025-09-17T15:35:28Z</time></trkpt>
      <trkpt lat="48.719845" lon="2.002283"><ele>159.5</ele><time>2025-09-17T15:35:29Z</time></trkpt>
      <trkpt lat="48.719880" lon="2.002314"><ele>159.5</ele><time>2025-09-17T15:35:30Z</time></trkpt>
      <trkpt lat="48.719926" lon="2.002360"><ele>159.3</ele><time>2025-09-17T15:35:31Z</time></trkpt>
      <trkpt lat="48.719978" lon="2.002406"><ele>159.2</ele><time>2025-09-17T15:35:32Z</time></trkpt>
      <trkpt lat="48.720038" lon="2.002441"><ele>159.1</ele><time>2025-09-17T15:35:33Z</time></trkpt>
      <trkpt lat="48.720107" lon="2.002450"><ele>159.2</ele><time>2025-09-17T15:35:34Z</time></trkpt>
      <trkpt lat="48.720183" lon="2.002422"><ele>159.2</ele><time>2025-09-17T15:35:35Z</time></trkpt>
      <trkpt lat="48.720269" lon="2.002370"><ele>159.1</ele><time>2025-09-17T15:35:36Z</time></trkpt>
      <trkpt lat="48.720373" lon="2.002335"><ele>158.9</ele><time>2025-09-17T15:35:37Z</time></trkpt>
      <trkpt lat="48.720489" lon="2.002341"><ele>158.3</ele><time>2025-09-17T15:35:38Z</time></trkpt>
      <trkpt lat="48.720610" lon="2.002379"><ele>158.2</ele><time>2025-09-17T15:35:39Z</time></trkpt>
      <trkpt lat="48.720734" lon="2.002430"><ele>158.2</ele><time>2025-09-17T15:35:40Z</time></trkpt>
      <trkpt lat="48.720867" lon="2.002481"><ele>158.1</ele><time>2025-09-17T15:35:41Z</time></trkpt>
      <trkpt lat="48.721010" lon="2.002521"><ele>158.3</ele><time>2025-09-17T15:35:42Z</time></trkpt>
      <trkpt lat="48.721162" lon="2.002548"><ele>158.3</ele><time>2025-09-17T15:35:43Z</time></trkpt>
      <trkpt lat="48.721321" lon="2.002565"><ele>158.4</ele><time>2025-09-17T15:35:44Z</time></trkpt>
      <trkpt lat="48.721485" lon="2.002579"><ele>158.4</ele><time>2025-09-17T15:35:45Z</time></trkpt>
      <trkpt lat="48.721654" lon="2.002594"><ele>158.5</ele><time>2025-09-17T15:35:46Z</time></trkpt>
      <trkpt lat="48.721826" lon="2.002611"><ele>158.6</ele><time>2025-09-17T15:35:47Z</time></trkpt>
      <trkpt lat="48.722002" lon="2.002627"><ele>158.6</ele><time>2025-09-17T15:35:48Z</time></trkpt>
      <trkpt lat="48.722178" lon="2.002640"><ele>158.7</ele><time>2025-09-17T15:35:49Z</time></trkpt>
      <trkpt lat="48.722352" lon="2.002652"><ele>159.0</ele><time>2025-09-17T15:35:50Z</time></trkpt>
      <trkpt lat="48.722525" lon="2.002665"><ele>159.2</ele><time>2025-09-17T15:35:51Z</time></trkpt>
      <trkpt lat="48.722699" lon="2.002681"><ele>159.3</ele><time>2025-09-17T15:35:52Z</time></trkpt>
      <trkpt lat="48.722875" lon="2.002697"><ele>159.5</ele><time>2025-09-17T15:35:53Z</time></trkpt>
      <trkpt lat="48.723051" lon="2.002709"><ele>159.6</ele><time>2025-09-17T15:35:54Z</time></trkpt>
      <trkpt lat="48.723230" lon="2.002721"><ele>159.7</ele><time>2025-09-17T15:35:55Z</time></trkpt>
      <trkpt lat="48.723230" lon="2.002721"><ele>159.8</ele><time>2025-09-17T15:35:55Z</time></trkpt>
      <trkpt lat="48.723591" lon="2.002753"><ele>159.8</ele><time>2025-09-17T15:35:57Z</time></trkpt>
      <trkpt lat="48.723772" lon="2.002770"><ele>160.0</ele><time>2025-09-17T15:35:58Z</time></trkpt>
      <trkpt lat="48.723954" lon="2.002787"><ele>160.3</ele><time>2025-09-17T15:35:59Z</time></trkpt>
      <trkpt lat="48.724136" lon="2.002804"><ele>160.7</ele><time>2025-09-17T15:36:00Z</time></trkpt>
      <trkpt lat="48.724317" lon="2.002821"><ele>161.2</ele><time>2025-09-17T15:36:01Z</time></trkpt>
      <trkpt lat="48.724497" lon="2.002835"><ele>161.7</ele><time>2025-09-17T15:36:02Z</time></trkpt>
      <trkpt lat="48.724675" lon="2.002850"><ele>162.2</ele><time>2025-09-17T15:36:03Z</time></trkpt>
      <trkpt lat="48.724851" lon="2.002865"><ele>162.7</ele><time>2025-09-17T15:36:04Z</time></trkpt>
      <trkpt lat="48.725026" lon="2.002879"><ele>163.3</ele><time>2025-09-17T15:36:05Z</time></trkpt>
      <trkpt lat="48.725201" lon="2.002893"><ele>163.9</ele><time>2025-09-17T15:36:06Z</time></trkpt>
      <trkpt lat="48.725374" lon="2.002911"><ele>164.4</ele><time>2025-09-17T15:36:07Z</time></trkpt>
      <trkpt lat="48.725546" lon="2.002928"><ele>164.8</ele><time>2025-09-17T15:36:08Z</time></trkpt>
      <trkpt lat="48.725717" lon="2.002941"><ele>165.1</ele><time>2025-09-17T15:36:09Z</time></trkpt>
      <trkpt lat="48.725884" lon="2.002953"><ele>165.4</ele><time>2025-09-17T15:36:10Z</time></trkpt>
      <trkpt lat="48.726041" lon="2.002963"><ele>165.8</ele><time>2025-09-17T15:36:11Z</time></trkpt>
      <trkpt lat="48.726189" lon="2.002971"><ele>166.1</ele><time>2025-09-17T15:36:12Z</time></trkpt>
      <trkpt lat="48.726330" lon="2.002982"><ele>166.4</ele><time>2025-09-17T15:36:13Z</time></trkpt>
      <trkpt lat="48.726467" lon="2.002996"><ele>166.5</ele><time>2025-09-17T15:36:14Z</time></trkpt>
      <trkpt lat="48.726599" lon="2.003014"><ele>166.6</ele><time>2025-09-17T15:36:15Z</time></trkpt>
      <trkpt lat="48.726728" lon="2.003030"><ele>166.7</ele><time>2025-09-17T15:36:16Z</time></trkpt>
      <trkpt lat="48.726855" lon="2.003045"><ele>166.8</ele><time>2025-09-17T15:36:17Z</time></trkpt>
      <trkpt lat="48.726983" lon="2.003061"><ele>166.8</ele><time>2025-09-17T15:36:18Z</time></trkpt>
      <trkpt lat="48.727116" lon="2.003074"><ele>167.0</ele><time>2025-09-17T15:36:19Z</time></trkpt>
      <trkpt lat="48.727257" lon="2.003083"><ele>167.1</ele><time>2025-09-17T15:36:20Z</time></trkpt>
      <trkpt lat="48.727405" lon="2.003090"><ele>167.3</ele><time>2025-09-17T15:36:21Z</time></trkpt>
      <trkpt lat="48.727560" lon="2.003099"><ele>167.3</ele><time>2025-09-17T15:36:22Z</time></trkpt>
      <trkpt lat="48.727720" lon="2.003111"><ele>167.1</ele><time>2025-09-17T15:36:23Z</time></trkpt>
      <trkpt lat="48.727884" lon="2.003122"><ele>167.0</ele><time>2025-09-17T15:36:24Z</time></trkpt>
      <trkpt lat="48.728051" lon="2.003133"><ele>166.6</ele><time>2025-09-17T15:36:25Z</time></trkpt>
      <trkpt lat="48.728220" lon="2.003144"><ele>166.3</ele><time>2025-09-17T15:36:26Z</time></trkpt>
      <trkpt lat="48.728388" lon="2.003158"><ele>166.1</ele><time>2025-09-17T15:36:27Z</time></trkpt>
      <trkpt lat="48.728557" lon="2.003173"><ele>165.8</ele><time>2025-09-17T15:36:28Z</time></trkpt>
      <trkpt lat="48.728728" lon="2.003184"><ele>165.4</ele><time>2025-09-17T15:36:29Z</time></trkpt>
      <trkpt lat="48.728903" lon="2.003194"><ele>165.2</ele><time>2025-09-17T15:36:30Z</time></trkpt>
      <trkpt lat="48.729078" lon="2.003208"><ele>164.8</ele><time>2025-09-17T15:36:31Z</time></trkpt>
      <trkpt lat="48.729256" lon="2.003222"><ele>164.2</ele><time>2025-09-17T15:36:32Z</time></trkpt>
      <trkpt lat="48.729438" lon="2.003235"><ele>163.9</ele><time>2025-09-17T15:36:33Z</time></trkpt>
      <trkpt lat="48.729627" lon="2.003244"><ele>163.6</ele><time>2025-09-17T15:36:34Z</time></trkpt>
      <trkpt lat="48.729819" lon="2.003255"><ele>163.2</ele><time>2025-09-17T15:36:35Z</time></trkpt>
      <trkpt lat="48.730012" lon="2.003270"><ele>162.9</ele><time>2025-09-17T15:36:36Z</time></trkpt>
      <trkpt lat="48.730199" lon="2.003288"><ele>162.6</ele><time>2025-09-17T15:36:37Z</time></trkpt>
      <trkpt lat="48.730378" lon="2.003318"><ele>162.3</ele><time>2025-09-17T15:36:38Z</time></trkpt>
      <trkpt lat="48.730556" lon="2.003379"><ele>161.9</ele><time>2025-09-17T15:36:39Z</time></trkpt>
      <trkpt lat="48.730739" lon="2.003482"><ele>161.5</ele><time>2025-09-17T15:36:40Z</time></trkpt>
      <trkpt lat="48.730916" lon="2.003634"><ele>161.1</ele><time>2025-09-17T15:36:41Z</time></trkpt>
      <trkpt lat="48.731080" lon="2.003834"><ele>160.6</ele><time>2025-09-17T15:36:42Z</time></trkpt>
      <trkpt lat="48.731229" lon="2.004066"><ele>160.1</ele><time>2025-09-17T15:36:43Z</time></trkpt>
      <trkpt lat="48.731363" lon="2.004309"><ele>159.6</ele><time>2025-09-17T15:36:44Z</time></trkpt>
      <trkpt lat="48.731491" lon="2.004543"><ele>159.5</ele><time>2025-09-17T15:36:45Z</time></trkpt>
      <trkpt lat="48.731617" lon="2.004769"><ele>159.2</ele><time>2025-09-17T15:36:46Z</time></trkpt>
      <trkpt lat="48.731739" lon="2.004990"><ele>159.0</ele><time>2025-09-17T15:36:47Z</time></trkpt>
      <trkpt lat="48.731858" lon="2.005207"><ele>158.7</ele><time>2025-09-17T15:36:48Z</time></trkpt>
      <trkpt lat="48.731977" lon="2.005424"><ele>158.6</ele><time>2025-09-17T15:36:49Z</time></trkpt>
      <trkpt lat="48.732095" lon="2.005641"><ele>158.4</ele><time>2025-09-17T15:36:50Z</time></trkpt>
      <trkpt lat="48.732214" lon="2.005858"><ele>158.2</ele><time>2025-09-17T15:36:51Z</time></trkpt>
      <trkpt lat="48.732334" lon="2.006078"><ele>158.0</ele><time>2025-09-17T15:36:52Z</time></trkpt>
      <trkpt lat="48.732452" lon="2.006297"><ele>157.9</ele><time>2025-09-17T15:36:53Z</time></trkpt>
      <trkpt lat="48.732573" lon="2.006516"><ele>158.1</ele><time>2025-09-17T15:36:54Z</time></trkpt>
      <trkpt lat="48.732695" lon="2.006738"><ele>158.0</ele><time>2025-09-17T15:36:55Z</time></trkpt>
      <trkpt lat="48.732819" lon="2.006963"><ele>157.9</ele><time>2025-09-17T15:36:56Z</time></trkpt>
      <trkpt lat="48.732946" lon="2.007191"><ele>158.0</ele><time>2025-09-17T15:36:57Z</time></trkpt>
      <trkpt lat="48.733074" lon="2.007424"><ele>158.0</ele><time>2025-09-17T15:36:58Z</time></trkpt>
      <trkpt lat="48.733200" lon="2.007662"><ele>158.1</ele><time>2025-09-17T15:36:59Z</time></trkpt>
      <trkpt lat="48.733328" lon="2.007902"><ele>158.3</ele><time>2025-09-17T15:37:00Z</time></trkpt>
      <trkpt lat="48.733460" lon="2.008136"><ele>158.3</ele><time>2025-09-17T15:37:01Z</time></trkpt>
      <trkpt lat="48.733586" lon="2.008373"><ele>158.4</ele><time>2025-09-17T15:37:02Z</time></trkpt>
      <trkpt lat="48.733717" lon="2.008602"><ele>158.4</ele><time>2025-09-17T15:37:03Z</time></trkpt>
      <trkpt lat="48.733842" lon="2.008833"><ele>158.4</ele><time>2025-09-17T15:37:04Z</time></trkpt>
      <trkpt lat="48.733976" lon="2.009062"><ele>158.4</ele><time>2025-09-17T15:37:05Z</time></trkpt>
      <trkpt lat="48.734103" lon="2.009306"><ele>158.6</ele><time>2025-09-17T15:37:06Z</time></trkpt>
      <trkpt lat="48.734240" lon="2.009564"><ele>157.8</ele><time>2025-09-17T15:37:07Z</time></trkpt>
      <trkpt lat="48.734380" lon="2.009809"><ele>157.9</ele><time>2025-09-17T15:37:08Z</time></trkpt>
      <trkpt lat="48.734506" lon="2.010043"><ele>157.4</ele><time>2025-09-17T15:37:09Z</time></trkpt>
      <trkpt lat="48.734629" lon="2.010268"><ele>156.7</ele><time>2025-09-17T15:37:10Z</time></trkpt>
      <trkpt lat="48.734756" lon="2.010485"><ele>156.0</ele><time>2025-09-17T15:37:11Z</time></trkpt>
      <trkpt lat="48.734898" lon="2.010703"><ele>154.7</ele><time>2025-09-17T15:37:12Z</time></trkpt>
      <trkpt lat="48.735047" lon="2.010912"><ele>153.9</ele><time>2025-09-17T15:37:13Z</time></trkpt>
      <trkpt lat="48.735206" lon="2.011112"><ele>153.1</ele><time>2025-09-17T15:37:14Z</time></trkpt>
      <trkpt lat="48.735365" lon="2.011293"><ele>152.0</ele><time>2025-09-17T15:37:15Z</time></trkpt>
      <trkpt lat="48.735535" lon="2.011452"><ele>151.2</ele><time>2025-09-17T15:37:16Z</time></trkpt>
      <trkpt lat="48.735703" lon="2.011593"><ele>150.2</ele><time>2025-09-17T15:37:17Z</time></trkpt>
      <trkpt lat="48.735858" lon="2.011726"><ele>149.0</ele><time>2025-09-17T15:37:18Z</time></trkpt>
      <trkpt lat="48.736000" lon="2.011845"><ele>148.0</ele><time>2025-09-17T15:37:19Z</time></trkpt>
      <trkpt lat="48.736131" lon="2.011987"><ele>146.4</ele><time>2025-09-17T15:37:20Z</time></trkpt>
      <trkpt lat="48.736248" lon="2.012132"><ele>144.1</ele><time>2025-09-17T15:37:21Z</time></trkpt>
      <trkpt lat="48.736359" lon="2.012299"><ele>143.6</ele><time>2025-09-17T15:37:22Z</time></trkpt>
      <trkpt lat="48.736466" lon="2.012491"><ele>142.5</ele><time>2025-09-17T15:37:23Z</time></trkpt>
      <trkpt lat="48.736556" lon="2.012691"><ele>142.0</ele><time>2025-09-17T15:37:24Z</time></trkpt>
      <trkpt lat="48.736629" lon="2.012905"><ele>139.9</ele><time>2025-09-17T15:37:25Z</time></trkpt>
      <trkpt lat="48.736717" lon="2.013127"><ele>139.9</ele><time>2025-09-17T15:37:26Z</time></trkpt>
      <trkpt lat="48.736804" lon="2.013356"><ele>138.7</ele><time>2025-09-17T15:37:27Z</time></trkpt>
      <trkpt lat="48.736888" lon="2.013582"><ele>139.1</ele><time>2025-09-17T15:37:28Z</time></trkpt>
      <trkpt lat="48.736967" lon="2.013797"><ele>137.5</ele><time>2025-09-17T15:37:29Z</time></trkpt>
      <trkpt lat="48.737037" lon="2.014005"><ele>135.8</ele><time>2025-09-17T15:37:30Z</time></trkpt>
      <trkpt lat="48.737113" lon="2.014203"><ele>135.2</ele><time>2025-09-17T15:37:31Z</time></trkpt>
      <trkpt lat="48.737179" lon="2.014393"><ele>134.6</ele><time>2025-09-17T15:37:32Z</time></trkpt>
      <trkpt lat="48.737244" lon="2.014582"><ele>133.9</ele><time>2025-09-17T15:37:33Z</time></trkpt>
      <trkpt lat="48.737310" lon="2.014772"><ele>132.9</ele><time>2025-09-17T15:37:34Z</time></trkpt>
      <trkpt lat="48.737370" lon="2.014963"><ele>131.9</ele><time>2025-09-17T15:37:35Z</time></trkpt>
      <trkpt lat="48.737434" lon="2.015156"><ele>131.0</ele><time>2025-09-17T15:37:36Z</time></trkpt>
      <trkpt lat="48.737499" lon="2.015348"><ele>129.3</ele><time>2025-09-17T15:37:37Z</time></trkpt>
      <trkpt lat="48.737559" lon="2.015535"><ele>128.8</ele><time>2025-09-17T15:37:38Z</time></trkpt>
      <trkpt lat="48.737615" lon="2.015715"><ele>127.7</ele><time>2025-09-17T15:37:39Z</time></trkpt>
      <trkpt lat="48.737668" lon="2.015887"><ele>126.1</ele><time>2025-09-17T15:37:40Z</time></trkpt>
      <trkpt lat="48.737712" lon="2.016051"><ele>125.4</ele><time>2025-09-17T15:37:41Z</time></trkpt>
      <trkpt lat="48.737747" lon="2.016204"><ele>123.9</ele><time>2025-09-17T15:37:42Z</time></trkpt>
      <trkpt lat="48.737771" lon="2.016343"><ele>123.2</ele><time>2025-09-17T15:37:43Z</time></trkpt>
      <trkpt lat="48.737788" lon="2.016477"><ele>122.8</ele><time>2025-09-17T15:37:44Z</time></trkpt>
      <trkpt lat="48.737792" lon="2.016608"><ele>122.6</ele><time>2025-09-17T15:37:45Z</time></trkpt>
      <trkpt lat="48.737795" lon="2.016734"><ele>123.1</ele><time>2025-09-17T15:37:46Z</time></trkpt>
      <trkpt lat="48.737814" lon="2.016847"><ele>123.2</ele><time>2025-09-17T15:37:47Z</time></trkpt>
      <trkpt lat="48.737862" lon="2.016935"><ele>122.2</ele><time>2025-09-17T15:37:48Z</time></trkpt>
      <trkpt lat="48.737928" lon="2.017012"><ele>122.6</ele><time>2025-09-17T15:37:49Z</time></trkpt>
      <trkpt lat="48.738003" lon="2.017110"><ele>121.8</ele><time>2025-09-17T15:37:50Z</time></trkpt>
      <trkpt lat="48.738076" lon="2.017235"><ele>120.7</ele><time>2025-09-17T15:37:51Z</time></trkpt>
      <trkpt lat="48.738146" lon="2.017381"><ele>120.0</ele><time>2025-09-17T15:37:52Z</time></trkpt>
      <trkpt lat="48.738211" lon="2.017541"><ele>119.2</ele><time>2025-09-17T15:37:53Z</time></trkpt>
      <trkpt lat="48.738270" lon="2.017707"><ele>118.1</ele><time>2025-09-17T15:37:54Z</time></trkpt>
      <trkpt lat="48.738332" lon="2.017879"><ele>117.0</ele><time>2025-09-17T15:37:55Z</time></trkpt>
      <trkpt lat="48.738391" lon="2.018056"><ele>116.1</ele><time>2025-09-17T15:37:56Z</time></trkpt>
      <trkpt lat="48.738448" lon="2.018240"><ele>115.4</ele><time>2025-09-17T15:37:57Z</time></trkpt>
      <trkpt lat="48.738505" lon="2.018424"><ele>114.8</ele><time>2025-09-17T15:37:58Z</time></trkpt>
      <trkpt lat="48.738505" lon="2.018424"><ele>114.3</ele><time>2025-09-17T15:37:58Z</time></trkpt>
      <trkpt lat="48.738626" lon="2.018783"><ele>113.8</ele><time>2025-09-17T15:38:00Z</time></trkpt>
      <trkpt lat="48.738687" lon="2.018964"><ele>113.3</ele><time>2025-09-17T15:38:01Z</time></trkpt>
      <trkpt lat="48.738748" lon="2.019148"><ele>112.8</ele><time>2025-09-17T15:38:02Z</time></trkpt>
      <trkpt lat="48.738812" lon="2.019332"><ele>112.2</ele><time>2025-09-17T15:38:03Z</time></trkpt>
      <trkpt lat="48.738875" lon="2.019518"><ele>111.7</ele><time>2025-09-17T15:38:04Z</time></trkpt>
      <trkpt lat="48.738937" lon="2.019702"><ele>111.2</ele><time>2025-09-17T15:38:05Z</time></trkpt>
      <trkpt lat="48.738996" lon="2.019877"><ele>110.9</ele><time>2025-09-17T15:38:06Z</time></trkpt>
      <trkpt lat="48.739052" lon="2.020043"><ele>110.6</ele><time>2025-09-17T15:38:07Z</time></trkpt>
      <trkpt lat="48.739105" lon="2.020206"><ele>110.3</ele><time>2025-09-17T15:38:08Z</time></trkpt>
      <trkpt lat="48.739159" lon="2.020368"><ele>109.9</ele><time>2025-09-17T15:38:09Z</time></trkpt>
      <trkpt lat="48.739212" lon="2.020531"><ele>109.6</ele><time>2025-09-17T15:38:10Z</time></trkpt>
      <trkpt lat="48.739267" lon="2.020695"><ele>109.2</ele><time>2025-09-17T15:38:11Z</time></trkpt>
      <trkpt lat="48.739323" lon="2.020860"><ele>108.8</ele><time>2025-09-17T15:38:12Z</time></trkpt>
      <trkpt lat="48.739380" lon="2.021027"><ele>108.5</ele><time>2025-09-17T15:38:13Z</time></trkpt>
      <trkpt lat="48.739436" lon="2.021197"><ele>108.3</ele><time>2025-09-17T15:38:14Z</time></trkpt>
      <trkpt lat="48.739491" lon="2.021369"><ele>108.0</ele><time>2025-09-17T15:38:15Z</time></trkpt>
      <trkpt lat="48.739549" lon="2.021545"><ele>107.9</ele><time>2025-09-17T15:38:16Z</time></trkpt>
      <trkpt lat="48.739617" lon="2.021758"><ele>107.9</ele><time>2025-09-17T15:38:17Z</time></trkpt>
      <trkpt lat="48.739688" lon="2.021983"><ele>107.8</ele><time>2025-09-17T15:38:18Z</time></trkpt>
      <trkpt lat="48.739752" lon="2.022194"><ele>107.9</ele><time>2025-09-17T15:38:19Z</time></trkpt>
      <trkpt lat="48.739812" lon="2.022382"><ele>108.1</ele><time>2025-09-17T15:38:20Z</time></trkpt>
      <trkpt lat="48.739869" lon="2.022547"><ele>108.3</ele><time>2025-09-17T15:38:21Z</time></trkpt>
      <trkpt lat="48.739928" lon="2.022698"><ele>108.6</ele><time>2025-09-17T15:38:22Z</time></trkpt>
      <trkpt lat="48.739994" lon="2.022839"><ele>109.1</ele><time>2025-09-17T15:38:23Z</time></trkpt>
      <trkpt lat="48.740071" lon="2.022950"><ele>109.4</ele><time>2025-09-17T15:38:24Z</time></trkpt>
      <trkpt lat="48.740202" lon="2.022996"><ele>109.6</ele><time>2025-09-17T15:38:25Z</time></trkpt>
      <trkpt lat="48.740322" lon="2.022999"><ele>109.2</ele><time>2025-09-17T15:38:26Z</time></trkpt>
      <trkpt lat="48.740445" lon="2.022936"><ele>110.0</ele><time>2025-09-17T15:38:27Z</time></trkpt>
      <trkpt lat="48.740563" lon="2.022806"><ele>110.6</ele><time>2025-09-17T15:38:28Z</time></trkpt>
      <trkpt lat="48.740685" lon="2.022611"><ele>110.8</ele><time>2025-09-17T15:38:29Z</time></trkpt>
      <trkpt lat="48.740806" lon="2.022370"><ele>110.3</ele><time>2025-09-17T15:38:30Z</time></trkpt>
      <trkpt lat="48.740806" lon="2.022370"><ele>110.6</ele><time>2025-09-17T15:38:30Z</time></trkpt>
      <trkpt lat="48.741065" lon="2.021866"><ele>111.3</ele><time>2025-09-17T15:38:32Z</time></trkpt>
      <trkpt lat="48.741222" lon="2.021653"><ele>111.8</ele><time>2025-09-17T15:38:33Z</time></trkpt>
      <trkpt lat="48.741372" lon="2.021474"><ele>112.4</ele><time>2025-09-17T15:38:34Z</time></trkpt>
      <trkpt lat="48.741519" lon="2.021321"><ele>112.8</ele><time>2025-09-17T15:38:35Z</time></trkpt>
      <trkpt lat="48.741627" lon="2.021217"><ele>113.5</ele><time>2025-09-17T15:38:36Z</time></trkpt>
      <trkpt lat="48.741768" lon="2.021102"><ele>114.2</ele><time>2025-09-17T15:38:37Z</time></trkpt>
      <trkpt lat="48.741897" lon="2.020970"><ele>115.7</ele><time>2025-09-17T15:38:38Z</time></trkpt>
      <trkpt lat="48.742009" lon="2.020790"><ele>116.3</ele><time>2025-09-17T15:38:39Z</time></trkpt>
      <trkpt lat="48.742103" lon="2.020550"><ele>117.4</ele><time>2025-09-17T15:38:40Z</time></trkpt>
      <trkpt lat="48.742214" lon="2.020368"><ele>118.1</ele><time>2025-09-17T15:38:41Z</time></trkpt>
      <trkpt lat="48.742332" lon="2.020207"><ele>118.3</ele><time>2025-09-17T15:38:42Z</time></trkpt>
      <trkpt lat="48.742464" lon="2.020066"><ele>118.5</ele><time>2025-09-17T15:38:43Z</time></trkpt>
      <trkpt lat="48.742614" lon="2.019970"><ele>119.1</ele><time>2025-09-17T15:38:44Z</time></trkpt>
      <trkpt lat="48.742826" lon="2.019884"><ele>120.9</ele><time>2025-09-17T15:38:45Z</time></trkpt>
      <trkpt lat="48.743035" lon="2.019763"><ele>123.0</ele><time>2025-09-17T15:38:46Z</time></trkpt>
      <trkpt lat="48.743236" lon="2.019601"><ele>124.0</ele><time>2025-09-17T15:38:47Z</time></trkpt>
      <trkpt lat="48.743440" lon="2.019400"><ele>124.7</ele><time>2025-09-17T15:38:48Z</time></trkpt>
      <trkpt lat="48.743620" lon="2.019233"><ele>126.0</ele><time>2025-09-17T15:38:49Z</time></trkpt>
      <trkpt lat="48.743793" lon="2.019076"><ele>127.3</ele><time>2025-09-17T15:38:50Z</time></trkpt>
      <trkpt lat="48.743940" lon="2.018966"><ele>128.5</ele><time>2025-09-17T15:38:51Z</time></trkpt>
      <trkpt lat="48.743940" lon="2.018966"><ele>129.6</ele><time>2025-09-17T15:38:51Z</time></trkpt>
      <trkpt lat="48.744196" lon="2.018781"><ele>130.8</ele><time>2025-09-17T15:38:53Z</time></trkpt>
      <trkpt lat="48.744329" lon="2.018760"><ele>132.8</ele><time>2025-09-17T15:38:54Z</time></trkpt>
      <trkpt lat="48.744329" lon="2.018760"><ele>135.0</ele><time>2025-09-17T15:38:54Z</time></trkpt>
      <trkpt lat="48.744560" lon="2.018782"><ele>134.5</ele><time>2025-09-17T15:38:56Z</time></trkpt>
      <trkpt lat="48.744672" lon="2.018839"><ele>135.3</ele><time>2025-09-17T15:38:57Z</time></trkpt>
      <trkpt lat="48.744672" lon="2.018839"><ele>138.4</ele><time>2025-09-17T15:38:57Z</time></trkpt>
      <trkpt lat="48.744770" lon="2.018933"><ele>140.7</ele><time>2025-09-17T15:38:58Z</time></trkpt>
      <trkpt lat="48.744968" lon="2.019182"><ele>141.8</ele><time>2025-09-17T15:39:00Z</time></trkpt>
      <trkpt lat="48.745056" lon="2.019324"><ele>142.8</ele><time>2025-09-17T15:39:01Z</time></trkpt>
      <trkpt lat="48.745140" lon="2.019468"><ele>143.8</ele><time>2025-09-17T15:39:02Z</time></trkpt>
      <trkpt lat="48.745218" lon="2.019615"><ele>144.8</ele><time>2025-09-17T15:39:03Z</time></trkpt>
      <trkpt lat="48.745283" lon="2.019748"><ele>146.4</ele><time>2025-09-17T15:39:04Z</time></trkpt>
      <trkpt lat="48.745347" lon="2.019880"><ele>148.1</ele><time>2025-09-17T15:39:05Z</time></trkpt>
      <trkpt lat="48.745417" lon="2.020011"><ele>148.7</ele><time>2025-09-17T15:39:06Z</time></trkpt>
      <trkpt lat="48.745487" lon="2.020157"><ele>150.0</ele><time>2025-09-17T15:39:07Z</time></trkpt>
      <trkpt lat="48.745554" lon="2.020306"><ele>150.7</ele><time>2025-09-17T15:39:08Z</time></trkpt>
      <trkpt lat="48.745619" lon="2.020456"><ele>151.5</ele><time>2025-09-17T15:39:09Z</time></trkpt>
      <trkpt lat="48.745619" lon="2.020456"><ele>152.4</ele><time>2025-09-17T15:39:09Z</time></trkpt>
      <trkpt lat="48.745686" lon="2.020599"><ele>154.0</ele><time>2025-09-17T15:39:10Z</time></trkpt>
      <trkpt lat="48.745815" lon="2.020883"><ele>154.9</ele><time>2025-09-17T15:39:12Z</time></trkpt>
      <trkpt lat="48.745880" lon="2.021030"><ele>156.0</ele><time>2025-09-17T15:39:13Z</time></trkpt>
      <trkpt lat="48.745956" lon="2.021183"><ele>157.2</ele><time>2025-09-17T15:39:14Z</time></trkpt>
      <trkpt lat="48.746028" lon="2.021340"><ele>157.6</ele><time>2025-09-17T15:39:15Z</time></trkpt>
      <trkpt lat="48.746092" lon="2.021506"><ele>158.4</ele><time>2025-09-17T15:39:16Z</time></trkpt>
      <trkpt lat="48.746143" lon="2.021678"><ele>158.9</ele><time>2025-09-17T15:39:17Z</time></trkpt>
      <trkpt lat="48.746207" lon="2.021867"><ele>159.7</ele><time>2025-09-17T15:39:18Z</time></trkpt>
      <trkpt lat="48.746264" lon="2.022076"><ele>161.2</ele><time>2025-09-17T15:39:19Z</time></trkpt>
      <trkpt lat="48.746322" lon="2.022304"><ele>161.5</ele><time>2025-09-17T15:39:20Z</time></trkpt>
      <trkpt lat="48.746322" lon="2.022304"><ele>162.3</ele><time>2025-09-17T15:39:20Z</time></trkpt>
      <trkpt lat="48.746463" lon="2.022779"><ele>162.0</ele><time>2025-09-17T15:39:22Z</time></trkpt>
      <trkpt lat="48.746463" lon="2.022779"><ele>162.5</ele><time>2025-09-17T15:39:22Z</time></trkpt>
      <trkpt lat="48.746662" lon="2.023281"><ele>162.2</ele><time>2025-09-17T15:39:24Z</time></trkpt>
      <trkpt lat="48.746662" lon="2.023281"><ele>161.5</ele><time>2025-09-17T15:39:24Z</time></trkpt>
      <trkpt lat="48.746769" lon="2.023509"><ele>161.3</ele><time>2025-09-17T15:39:25Z</time></trkpt>
      <trkpt lat="48.746874" lon="2.023716"><ele>160.8</ele><time>2025-09-17T15:39:26Z</time></trkpt>
      <trkpt lat="48.746972" lon="2.023911"><ele>159.3</ele><time>2025-09-17T15:39:27Z</time></trkpt>
      <trkpt lat="48.747063" lon="2.024090"><ele>158.6</ele><time>2025-09-17T15:39:28Z</time></trkpt>
      <trkpt lat="48.747149" lon="2.024261"><ele>158.4</ele><time>2025-09-17T15:39:29Z</time></trkpt>
      <trkpt lat="48.747231" lon="2.024423"><ele>158.8</ele><time>2025-09-17T15:39:30Z</time></trkpt>
      <trkpt lat="48.747307" lon="2.024575"><ele>158.5</ele><time>2025-09-17T15:39:31Z</time></trkpt>
      <trkpt lat="48.747439" lon="2.024840"><ele>158.5</ele><time>2025-09-17T15:39:33Z</time></trkpt>
      <trkpt lat="48.747439" lon="2.024840"><ele>158.7</ele><time>2025-09-17T15:39:33Z</time></trkpt>
      <trkpt lat="48.747493" lon="2.024958"><ele>158.9</ele><time>2025-09-17T15:39:34Z</time></trkpt>
      <trkpt lat="48.747531" lon="2.025075"><ele>159.1</ele><time>2025-09-17T15:39:35Z</time></trkpt>
      <trkpt lat="48.747557" lon="2.025191"><ele>159.4</ele><time>2025-09-17T15:39:36Z</time></trkpt>
      <trkpt lat="48.747600" lon="2.025294"><ele>159.2</ele><time>2025-09-17T15:39:37Z</time></trkpt>
      <trkpt lat="48.747659" lon="2.025385"><ele>159.2</ele><time>2025-09-17T15:39:38Z</time></trkpt>
      <trkpt lat="48.747815" lon="2.025591"><ele>159.5</ele><time>2025-09-17T15:39:40Z</time></trkpt>
      <trkpt lat="48.747815" lon="2.025591"><ele>159.5</ele><time>2025-09-17T15:39:40Z</time></trkpt>
      <trkpt lat="48.747884" lon="2.025716"><ele>159.8</ele><time>2025-09-17T15:39:41Z</time></trkpt>
      <trkpt lat="48.747954" lon="2.025850"><ele>159.8</ele><time>2025-09-17T15:39:42Z</time></trkpt>
      <trkpt lat="48.748093" lon="2.026129"><ele>160.0</ele><time>2025-09-17T15:39:44Z</time></trkpt>
      <trkpt lat="48.748093" lon="2.026129"><ele>160.0</ele><time>2025-09-17T15:39:44Z</time></trkpt>
      <trkpt lat="48.748172" lon="2.026275"><ele>160.1</ele><time>2025-09-17T15:39:45Z</time></trkpt>
      <trkpt lat="48.748257" lon="2.026440"><ele>160.1</ele><time>2025-09-17T15:39:46Z</time></trkpt>
      <trkpt lat="48.748346" lon="2.026616"><ele>160.1</ele><time>2025-09-17T15:39:47Z</time></trkpt>
      <trkpt lat="48.748438" lon="2.026797"><ele>160.0</ele><time>2025-09-17T15:39:48Z</time></trkpt>
      <trkpt lat="48.748533" lon="2.026983"><ele>159.8</ele><time>2025-09-17T15:39:49Z</time></trkpt>
      <trkpt lat="48.748628" lon="2.027171"><ele>159.7</ele><time>2025-09-17T15:39:50Z</time></trkpt>
      <trkpt lat="48.748725" lon="2.027360"><ele>159.5</ele><time>2025-09-17T15:39:51Z</time></trkpt>
      <trkpt lat="48.748822" lon="2.027548"><ele>159.4</ele><time>2025-09-17T15:39:52Z</time></trkpt>
      <trkpt lat="48.748918" lon="2.027739"><ele>159.3</ele><time>2025-09-17T15:39:53Z</time></trkpt>
      <trkpt lat="48.749016" lon="2.027931"><ele>159.1</ele><time>2025-09-17T15:39:54Z</time></trkpt>
      <trkpt lat="48.749114" lon="2.028124"><ele>159.0</ele><time>2025-09-17T15:39:55Z</time></trkpt>
      <trkpt lat="48.749212" lon="2.028319"><ele>158.8</ele><time>2025-09-17T15:39:56Z</time></trkpt>
      <trkpt lat="48.749312" lon="2.028514"><ele>158.7</ele><time>2025-09-17T15:39:57Z</time></trkpt>
      <trkpt lat="48.749412" lon="2.028709"><ele>158.4</ele><time>2025-09-17T15:39:58Z</time></trkpt>
      <trkpt lat="48.749513" lon="2.028909"><ele>158.2</ele><time>2025-09-17T15:39:59Z</time></trkpt>
      <trkpt lat="48.749623" lon="2.029125"><ele>158.1</ele><time>2025-09-17T15:40:00Z</time></trkpt>
      <trkpt lat="48.749895" lon="2.029644"><ele>157.7</ele><time>2025-09-17T15:40:02Z</time></trkpt>
      <trkpt lat="48.749895" lon="2.029644"><ele>157.8</ele><time>2025-09-17T15:40:02Z</time></trkpt>
      <trkpt lat="48.750037" lon="2.029927"><ele>157.8</ele><time>2025-09-17T15:40:03Z</time></trkpt>
      <trkpt lat="48.750168" lon="2.030202"><ele>157.4</ele><time>2025-09-17T15:40:04Z</time></trkpt>
      <trkpt lat="48.750410" lon="2.030702"><ele>157.1</ele><time>2025-09-17T15:40:06Z</time></trkpt>
      <trkpt lat="48.750410" lon="2.030702"><ele>156.9</ele><time>2025-09-17T15:40:06Z</time></trkpt>
      <trkpt lat="48.750523" lon="2.030925"><ele>156.6</ele><time>2025-09-17T15:40:07Z</time></trkpt>
      <trkpt lat="48.750634" lon="2.031142"><ele>156.5</ele><time>2025-09-17T15:40:08Z</time></trkpt>
      <trkpt lat="48.750743" lon="2.031356"><ele>156.3</ele><time>2025-09-17T15:40:09Z</time></trkpt>
      <trkpt lat="48.750850" lon="2.031573"><ele>156.4</ele><time>2025-09-17T15:40:10Z</time></trkpt>
      <trkpt lat="48.750960" lon="2.031794"><ele>156.4</ele><time>2025-09-17T15:40:11Z</time></trkpt>
      <trkpt lat="48.751067" lon="2.032008"><ele>156.4</ele><time>2025-09-17T15:40:12Z</time></trkpt>
      <trkpt lat="48.751170" lon="2.032217"><ele>156.5</ele><time>2025-09-17T15:40:13Z</time></trkpt>
      <trkpt lat="48.751271" lon="2.032421"><ele>156.4</ele><time>2025-09-17T15:40:14Z</time></trkpt>
      <trkpt lat="48.751372" lon="2.032626"><ele>156.5</ele><time>2025-09-17T15:40:15Z</time></trkpt>
      <trkpt lat="48.751475" lon="2.032834"><ele>156.4</ele><time>2025-09-17T15:40:16Z</time></trkpt>
      <trkpt lat="48.751582" lon="2.033042"><ele>156.2</ele><time>2025-09-17T15:40:17Z</time></trkpt>
      <trkpt lat="48.751689" lon="2.033252"><ele>156.1</ele><time>2025-09-17T15:40:18Z</time></trkpt>
      <trkpt lat="48.751796" lon="2.033465"><ele>155.9</ele><time>2025-09-17T15:40:19Z</time></trkpt>
      <trkpt lat="48.751905" lon="2.033680"><ele>155.6</ele><time>2025-09-17T15:40:20Z</time></trkpt>
      <trkpt lat="48.752015" lon="2.033893"><ele>155.5</ele><time>2025-09-17T15:40:21Z</time></trkpt>
      <trkpt lat="48.752123" lon="2.034103"><ele>155.5</ele><time>2025-09-17T15:40:22Z</time></trkpt>
      <trkpt lat="48.752331" lon="2.034513"><ele>155.3</ele><time>2025-09-17T15:40:24Z</time></trkpt>
      <trkpt lat="48.752331" lon="2.034513"><ele>155.1</ele><time>2025-09-17T15:40:24Z</time></trkpt>
      <trkpt lat="48.752429" lon="2.034709"><ele>155.0</ele><time>2025-09-17T15:40:25Z</time></trkpt>
      <trkpt lat="48.752525" lon="2.034901"><ele>154.5</ele><time>2025-09-17T15:40:26Z</time></trkpt>
      <trkpt lat="48.752622" lon="2.035092"><ele>153.8</ele><time>2025-09-17T15:40:27Z</time></trkpt>
      <trkpt lat="48.752718" lon="2.035287"><ele>153.0</ele><time>2025-09-17T15:40:28Z</time></trkpt>
      <trkpt lat="48.752814" lon="2.035480"><ele>152.5</ele><time>2025-09-17T15:40:29Z</time></trkpt>
      <trkpt lat="48.752916" lon="2.035672"><ele>151.8</ele><time>2025-09-17T15:40:30Z</time></trkpt>
      <trkpt lat="48.753015" lon="2.035862"><ele>151.0</ele><time>2025-09-17T15:40:31Z</time></trkpt>
      <trkpt lat="48.753113" lon="2.036053"><ele>150.5</ele><time>2025-09-17T15:40:32Z</time></trkpt>
      <trkpt lat="48.753208" lon="2.036245"><ele>150.0</ele><time>2025-09-17T15:40:33Z</time></trkpt>
      <trkpt lat="48.753399" lon="2.036623"><ele>149.6</ele><time>2025-09-17T15:40:35Z</time></trkpt>
      <trkpt lat="48.753399" lon="2.036623"><ele>149.4</ele><time>2025-09-17T15:40:35Z</time></trkpt>
      <trkpt lat="48.753498" lon="2.036812"><ele>148.9</ele><time>2025-09-17T15:40:36Z</time></trkpt>
      <trkpt lat="48.753595" lon="2.037005"><ele>148.5</ele><time>2025-09-17T15:40:37Z</time></trkpt>
      <trkpt lat="48.753694" lon="2.037200"><ele>148.3</ele><time>2025-09-17T15:40:38Z</time></trkpt>
      <trkpt lat="48.753800" lon="2.037404"><ele>148.6</ele><time>2025-09-17T15:40:39Z</time></trkpt>
      <trkpt lat="48.753907" lon="2.037608"><ele>149.0</ele><time>2025-09-17T15:40:40Z</time></trkpt>
      <trkpt lat="48.754094" lon="2.037976"><ele>149.8</ele><time>2025-09-17T15:40:42Z</time></trkpt>
      <trkpt lat="48.754094" lon="2.037976"><ele>150.4</ele><time>2025-09-17T15:40:42Z</time></trkpt>
      <trkpt lat="48.754173" lon="2.038136"><ele>151.5</ele><time>2025-09-17T15:40:43Z</time></trkpt>
      <trkpt lat="48.754237" lon="2.038298"><ele>152.4</ele><time>2025-09-17T15:40:44Z</time></trkpt>
      <trkpt lat="48.754249" lon="2.038680"><ele>153.2</ele><time>2025-09-17T15:40:46Z</time></trkpt>
      <trkpt lat="48.754249" lon="2.038680"><ele>154.0</ele><time>2025-09-17T15:40:46Z</time></trkpt>
      <trkpt lat="48.754210" lon="2.038899"><ele>155.6</ele><time>2025-09-17T15:40:47Z</time></trkpt>
      <trkpt lat="48.754173" lon="2.039112"><ele>156.5</ele><time>2025-09-17T15:40:48Z</time></trkpt>
      <trkpt lat="48.754137" lon="2.039304"><ele>157.1</ele><time>2025-09-17T15:40:49Z</time></trkpt>
      <trkpt lat="48.754100" lon="2.039482"><ele>158.3</ele><time>2025-09-17T15:40:50Z</time></trkpt>
      <trkpt lat="48.754080" lon="2.039666"><ele>159.6</ele><time>2025-09-17T15:40:51Z</time></trkpt>
      <trkpt lat="48.754066" lon="2.039855"><ele>161.1</ele><time>2025-09-17T15:40:52Z</time></trkpt>
      <trkpt lat="48.754058" lon="2.040044"><ele>162.4</ele><time>2025-09-17T15:40:53Z</time></trkpt>
      <trkpt lat="48.754058" lon="2.040226"><ele>163.4</ele><time>2025-09-17T15:40:54Z</time></trkpt>
      <trkpt lat="48.754067" lon="2.040398"><ele>163.4</ele><time>2025-09-17T15:40:55Z</time></trkpt>
      <trkpt lat="48.754087" lon="2.040562"><ele>164.5</ele><time>2025-09-17T15:40:56Z</time></trkpt>
      <trkpt lat="48.754115" lon="2.040713"><ele>164.8</ele><time>2025-09-17T15:40:57Z</time></trkpt>
      <trkpt lat="48.754146" lon="2.040857"><ele>165.0</ele><time>2025-09-17T15:40:58Z</time></trkpt>
      <trkpt lat="48.754239" lon="2.041104"><ele>165.0</ele><time>2025-09-17T15:41:00Z</time></trkpt>
      <trkpt lat="48.754239" lon="2.041104"><ele>165.0</ele><time>2025-09-17T15:41:00Z</time></trkpt>
      <trkpt lat="48.754329" lon="2.041307"><ele>165.1</ele><time>2025-09-17T15:41:02Z</time></trkpt>
      <trkpt lat="48.754329" lon="2.041307"><ele>165.5</ele><time>2025-09-17T15:41:02Z</time></trkpt>
      <trkpt lat="48.754399" lon="2.041459"><ele>165.9</ele><time>2025-09-17T15:41:04Z</time></trkpt>
      <trkpt lat="48.754399" lon="2.041459"><ele>165.9</ele><time>2025-09-17T15:41:04Z</time></trkpt>
      <trkpt lat="48.754426" lon="2.041511"><ele>166.1</ele><time>2025-09-17T15:41:05Z</time></trkpt>
      <trkpt lat="48.754451" lon="2.041553"><ele>166.4</ele><time>2025-09-17T15:41:06Z</time></trkpt>
      <trkpt lat="48.754480" lon="2.041590"><ele>166.7</ele><time>2025-09-17T15:41:07Z</time></trkpt>
      <trkpt lat="48.754506" lon="2.041625"><ele>166.9</ele><time>2025-09-17T15:41:08Z</time></trkpt>
      <trkpt lat="48.754534" lon="2.041658"><ele>166.9</ele><time>2025-09-17T15:41:09Z</time></trkpt>
      <trkpt lat="48.754594" lon="2.041741"><ele>166.9</ele><time>2025-09-17T15:41:11Z</time></trkpt>
      <trkpt lat="48.754594" lon="2.041741"><ele>166.9</ele><time>2025-09-17T15:41:11Z</time></trkpt>
      <trkpt lat="48.754628" lon="2.041812"><ele>166.7</ele><time>2025-09-17T15:41:12Z</time></trkpt>
      <trkpt lat="48.754668" lon="2.041871"><ele>167.2</ele><time>2025-09-17T15:41:13Z</time></trkpt>
      <trkpt lat="48.754714" lon="2.041905"><ele>167.7</ele><time>2025-09-17T15:41:14Z</time></trkpt>
      <trkpt lat="48.754765" lon="2.041910"><ele>167.9</ele><time>2025-09-17T15:41:15Z</time></trkpt>
      <trkpt lat="48.754816" lon="2.041880"><ele>168.0</ele><time>2025-09-17T15:41:16Z</time></trkpt>
      <trkpt lat="48.754873" lon="2.041815"><ele>168.0</ele><time>2025-09-17T15:41:17Z</time></trkpt>
      <trkpt lat="48.754942" lon="2.041736"><ele>167.9</ele><time>2025-09-17T15:41:18Z</time></trkpt>
      <trkpt lat="48.755022" lon="2.041664"><ele>167.9</ele><time>2025-09-17T15:41:19Z</time></trkpt>
      <trkpt lat="48.755111" lon="2.041597"><ele>168.0</ele><time>2025-09-17T15:41:20Z</time></trkpt>
      <trkpt lat="48.755210" lon="2.041531"><ele>167.8</ele><time>2025-09-17T15:41:21Z</time></trkpt>
      <trkpt lat="48.755321" lon="2.041466"><ele>167.9</ele><time>2025-09-17T15:41:22Z</time></trkpt>
      <trkpt lat="48.755430" lon="2.041404"><ele>167.9</ele><time>2025-09-17T15:41:23Z</time></trkpt>
      <trkpt lat="48.755542" lon="2.041349"><ele>168.6</ele><time>2025-09-17T15:41:24Z</time></trkpt>
      <trkpt lat="48.755645" lon="2.041305"><ele>169.2</ele><time>2025-09-17T15:41:25Z</time></trkpt>
      <trkpt lat="48.755755" lon="2.041273"><ele>169.2</ele><time>2025-09-17T15:41:26Z</time></trkpt>
      <trkpt lat="48.755871" lon="2.041259"><ele>169.0</ele><time>2025-09-17T15:41:27Z</time></trkpt>
      <trkpt lat="48.755983" lon="2.041255"><ele>169.2</ele><time>2025-09-17T15:41:28Z</time></trkpt>
      <trkpt lat="48.756226" lon="2.041279"><ele>169.1</ele><time>2025-09-17T15:41:30Z</time></trkpt>
      <trkpt lat="48.756226" lon="2.041279"><ele>168.7</ele><time>2025-09-17T15:41:30Z</time></trkpt>
      <trkpt lat="48.756354" lon="2.041313"><ele>168.9</ele><time>2025-09-17T15:41:31Z</time></trkpt>
      <trkpt lat="48.756611" lon="2.041424"><ele>168.7</ele><time>2025-09-17T15:41:33Z</time></trkpt>
      <trkpt lat="48.756611" lon="2.041424"><ele>169.0</ele><time>2025-09-17T15:41:33Z</time></trkpt>
      <trkpt lat="48.756745" lon="2.041506"><ele>168.9</ele><time>2025-09-17T15:41:34Z</time></trkpt>
      <trkpt lat="48.756880" lon="2.041609"><ele>168.4</ele><time>2025-09-17T15:41:35Z</time></trkpt>
      <trkpt lat="48.757014" lon="2.041716"><ele>168.8</ele><time>2025-09-17T15:41:36Z</time></trkpt>
      <trkpt lat="48.757152" lon="2.041829"><ele>168.7</ele><time>2025-09-17T15:41:37Z</time></trkpt>
      <trkpt lat="48.757284" lon="2.041935"><ele>168.8</ele><time>2025-09-17T15:41:38Z</time></trkpt>
      <trkpt lat="48.757404" lon="2.042035"><ele>169.0</ele><time>2025-09-17T15:41:39Z</time></trkpt>
      <trkpt lat="48.757513" lon="2.042132"><ele>169.0</ele><time>2025-09-17T15:41:40Z</time></trkpt>
      <trkpt lat="48.757624" lon="2.042229"><ele>168.7</ele><time>2025-09-17T15:41:41Z</time></trkpt>
      <trkpt lat="48.757732" lon="2.042330"><ele>168.0</ele><time>2025-09-17T15:41:42Z</time></trkpt>
      <trkpt lat="48.757923" lon="2.042507"><ele>168.1</ele><time>2025-09-17T15:41:44Z</time></trkpt>
      <trkpt lat="48.757923" lon="2.042507"><ele>167.8</ele><time>2025-09-17T15:41:44Z</time></trkpt>
      <trkpt lat="48.758013" lon="2.042586"><ele>167.8</ele><time>2025-09-17T15:41:45Z</time></trkpt>
      <trkpt lat="48.758100" lon="2.042661"><ele>167.3</ele><time>2025-09-17T15:41:46Z</time></trkpt>
      <trkpt lat="48.758182" lon="2.042734"><ele>167.2</ele><time>2025-09-17T15:41:47Z</time></trkpt>
      <trkpt lat="48.758262" lon="2.042804"><ele>167.0</ele><time>2025-09-17T15:41:48Z</time></trkpt>
      <trkpt lat="48.758336" lon="2.042879"><ele>166.7</ele><time>2025-09-17T15:41:49Z</time></trkpt>
      <trkpt lat="48.758472" lon="2.043035"><ele>166.4</ele><time>2025-09-17T15:41:51Z</time></trkpt>
      <trkpt lat="48.758472" lon="2.043035"><ele>167.1</ele><time>2025-09-17T15:41:51Z</time></trkpt>
      <trkpt lat="48.758538" lon="2.043089"><ele>169.3</ele><time>2025-09-17T15:41:52Z</time></trkpt>
      <trkpt lat="48.758596" lon="2.043143"><ele>168.7</ele><time>2025-09-17T15:41:53Z</time></trkpt>
      <trkpt lat="48.758650" lon="2.043191"><ele>168.5</ele><time>2025-09-17T15:41:54Z</time></trkpt>
      <trkpt lat="48.758705" lon="2.043243"><ele>168.0</ele><time>2025-09-17T15:41:55Z</time></trkpt>
      <trkpt lat="48.758761" lon="2.043296"><ele>167.7</ele><time>2025-09-17T15:41:56Z</time></trkpt>
      <trkpt lat="48.758820" lon="2.043349"><ele>167.5</ele><time>2025-09-17T15:41:57Z</time></trkpt>
      <trkpt lat="48.758880" lon="2.043401"><ele>167.5</ele><time>2025-09-17T15:41:58Z</time></trkpt>
      <trkpt lat="48.758936" lon="2.043447"><ele>167.4</ele><time>2025-09-17T15:41:59Z</time></trkpt>
      <trkpt lat="48.758992" lon="2.043491"><ele>167.3</ele><time>2025-09-17T15:42:00Z</time></trkpt>
      <trkpt lat="48.759048" lon="2.043529"><ele>167.3</ele><time>2025-09-17T15:42:01Z</time></trkpt>
      <trkpt lat="48.759113" lon="2.043573"><ele>167.1</ele><time>2025-09-17T15:42:02Z</time></trkpt>
      <trkpt lat="48.759185" lon="2.043619"><ele>167.2</ele><time>2025-09-17T15:42:03Z</time></trkpt>
      <trkpt lat="48.759271" lon="2.043682"><ele>167.4</ele><time>2025-09-17T15:42:04Z</time></trkpt>
      <trkpt lat="48.759367" lon="2.043760"><ele>167.3</ele><time>2025-09-17T15:42:05Z</time></trkpt>
      <trkpt lat="48.759467" lon="2.043845"><ele>167.2</ele><time>2025-09-17T15:42:06Z</time></trkpt>
      <trkpt lat="48.759691" lon="2.044027"><ele>167.4</ele><time>2025-09-17T15:42:08Z</time></trkpt>
      <trkpt lat="48.759691" lon="2.044027"><ele>167.5</ele><time>2025-09-17T15:42:08Z</time></trkpt>
      <trkpt lat="48.759810" lon="2.044122"><ele>168.1</ele><time>2025-09-17T15:42:09Z</time></trkpt>
      <trkpt lat="48.759926" lon="2.044223"><ele>167.0</ele><time>2025-09-17T15:42:10Z</time></trkpt>
      <trkpt lat="48.760033" lon="2.044317"><ele>167.8</ele><time>2025-09-17T15:42:11Z</time></trkpt>
      <trkpt lat="48.760137" lon="2.044404"><ele>168.2</ele><time>2025-09-17T15:42:12Z</time></trkpt>
      <trkpt lat="48.760252" lon="2.044481"><ele>168.8</ele><time>2025-09-17T15:42:13Z</time></trkpt>
      <trkpt lat="48.760365" lon="2.044544"><ele>169.2</ele><time>2025-09-17T15:42:14Z</time></trkpt>
      <trkpt lat="48.760489" lon="2.044588"><ele>169.6</ele><time>2025-09-17T15:42:15Z</time></trkpt>
      <trkpt lat="48.760620" lon="2.044616"><ele>168.8</ele><time>2025-09-17T15:42:16Z</time></trkpt>
      <trkpt lat="48.760742" lon="2.044621"><ele>169.3</ele><time>2025-09-17T15:42:17Z</time></trkpt>
      <trkpt lat="48.760856" lon="2.044610"><ele>170.2</ele><time>2025-09-17T15:42:18Z</time></trkpt>
      <trkpt lat="48.760964" lon="2.044590"><ele>171.1</ele><time>2025-09-17T15:42:19Z</time></trkpt>
      <trkpt lat="48.761078" lon="2.044561"><ele>172.4</ele><time>2025-09-17T15:42:20Z</time></trkpt>
      <trkpt lat="48.761185" lon="2.044542"><ele>173.3</ele><time>2025-09-17T15:42:21Z</time></trkpt>
      <trkpt lat="48.761291" lon="2.044514"><ele>174.4</ele><time>2025-09-17T15:42:22Z</time></trkpt>
      <trkpt lat="48.761390" lon="2.044487"><ele>175.3</ele><time>2025-09-17T15:42:23Z</time></trkpt>
      <trkpt lat="48.761484" lon="2.044478"><ele>175.0</ele><time>2025-09-17T15:42:24Z</time></trkpt>
      <trkpt lat="48.761581" lon="2.044461"><ele>174.8</ele><time>2025-09-17T15:42:25Z</time></trkpt>
      <trkpt lat="48.761654" lon="2.044444"><ele>177.0</ele><time>2025-09-17T15:42:26Z</time></trkpt>
      <trkpt lat="48.761722" lon="2.044427"><ele>177.5</ele><time>2025-09-17T15:42:27Z</time></trkpt>
      <trkpt lat="48.761789" lon="2.044419"><ele>176.5</ele><time>2025-09-17T15:42:28Z</time></trkpt>
      <trkpt lat="48.761850" lon="2.044420"><ele>174.6</ele><time>2025-09-17T15:42:29Z</time></trkpt>
      <trkpt lat="48.761890" lon="2.044418"><ele>174.0</ele><time>2025-09-17T15:42:30Z</time></trkpt>
      <trkpt lat="48.761919" lon="2.044417"><ele>173.0</ele><time>2025-09-17T15:42:31Z</time></trkpt>
      <trkpt lat="48.761938" lon="2.044421"><ele>172.8</ele><time>2025-09-17T15:42:32Z</time></trkpt>
      <trkpt lat="48.761953" lon="2.044431"><ele>171.1</ele><time>2025-09-17T15:42:33Z</time></trkpt>
      <trkpt lat="48.761956" lon="2.044443"><ele>170.3</ele><time>2025-09-17T15:42:34Z</time></trkpt>
      <trkpt lat="48.761956" lon="2.044446"><ele>169.9</ele><time>2025-09-17T15:42:35Z</time></trkpt>
      <trkpt lat="48.761959" lon="2.044456"><ele>169.4</ele><time>2025-09-17T15:42:36Z</time></trkpt>
      <trkpt lat="48.761959" lon="2.044460"><ele>169.4</ele><time>2025-09-17T15:42:37Z</time></trkpt>
      <trkpt lat="48.761960" lon="2.044464"><ele>169.0</ele><time>2025-09-17T15:42:38Z</time></trkpt>
      <trkpt lat="48.761965" lon="2.044468"><ele>168.8</ele><time>2025-09-17T15:42:40Z</time></trkpt>
      <trkpt lat="48.761965" lon="2.044468"><ele>168.4</ele><time>2025-09-17T15:42:40Z</time></trkpt>
      <trkpt lat="48.761965" lon="2.044475"><ele>168.1</ele><time>2025-09-17T15:42:42Z</time></trkpt>
      <trkpt lat="48.761965" lon="2.044475"><ele>167.8</ele><time>2025-09-17T15:42:42Z</time></trkpt>
      <trkpt lat="48.761966" lon="2.044478"><ele>167.3</ele><time>2025-09-17T15:42:43Z</time></trkpt>
      <trkpt lat="48.761966" lon="2.044480"><ele>167.0</ele><time>2025-09-17T15:42:44Z</time></trkpt>
      <trkpt lat="48.761966" lon="2.044482"><ele>166.7</ele><time>2025-09-17T15:42:45Z</time></trkpt>
      <trkpt lat="48.761972" lon="2.044479"><ele>166.5</ele><time>2025-09-17T15:42:46Z</time></trkpt>
      <trkpt lat="48.761995" lon="2.044475"><ele>166.6</ele><time>2025-09-17T15:42:47Z</time></trkpt>
      <trkpt lat="48.762036" lon="2.044466"><ele>166.7</ele><time>2025-09-17T15:42:48Z</time></trkpt>
      <trkpt lat="48.762078" lon="2.044457"><ele>167.0</ele><time>2025-09-17T15:42:49Z</time></trkpt>
      <trkpt lat="48.762121" lon="2.044450"><ele>166.9</ele><time>2025-09-17T15:42:50Z</time></trkpt>
      <trkpt lat="48.762166" lon="2.044457"><ele>166.7</ele><time>2025-09-17T15:42:51Z</time></trkpt>
      <trkpt lat="48.762208" lon="2.044488"><ele>166.4</ele><time>2025-09-17T15:42:52Z</time></trkpt>
      <trkpt lat="48.762243" lon="2.044538"><ele>166.8</ele><time>2025-09-17T15:42:53Z</time></trkpt>
      <trkpt lat="48.762268" lon="2.044611"><ele>167.3</ele><time>2025-09-17T15:42:54Z</time></trkpt>
      <trkpt lat="48.762289" lon="2.044713"><ele>167.5</ele><time>2025-09-17T15:42:55Z</time></trkpt>
      <trkpt lat="48.762314" lon="2.044846"><ele>167.6</ele><time>2025-09-17T15:42:56Z</time></trkpt>
      <trkpt lat="48.762346" lon="2.045006"><ele>167.5</ele><time>2025-09-17T15:42:57Z</time></trkpt>
      <trkpt lat="48.762375" lon="2.045189"><ele>167.3</ele><time>2025-09-17T15:42:58Z</time></trkpt>
      <trkpt lat="48.762405" lon="2.045400"><ele>167.4</ele><time>2025-09-17T15:42:59Z</time></trkpt>
      <trkpt lat="48.762435" lon="2.045635"><ele>167.4</ele><time>2025-09-17T15:43:00Z</time></trkpt>
      <trkpt lat="48.762464" lon="2.045866"><ele>167.5</ele><time>2025-09-17T15:43:01Z</time></trkpt>
      <trkpt lat="48.762488" lon="2.046083"><ele>167.6</ele><time>2025-09-17T15:43:02Z</time></trkpt>
      <trkpt lat="48.762513" lon="2.046292"><ele>167.8</ele><time>2025-09-17T15:43:03Z</time></trkpt>
      <trkpt lat="48.762539" lon="2.046500"><ele>167.9</ele><time>2025-09-17T15:43:04Z</time></trkpt>
      <trkpt lat="48.762565" lon="2.046711"><ele>168.0</ele><time>2025-09-17T15:43:05Z</time></trkpt>
      <trkpt lat="48.762593" lon="2.046925"><ele>168.3</ele><time>2025-09-17T15:43:06Z</time></trkpt>
      <trkpt lat="48.762623" lon="2.047148"><ele>168.2</ele><time>2025-09-17T15:43:07Z</time></trkpt>
      <trkpt lat="48.762651" lon="2.047372"><ele>168.2</ele><time>2025-09-17T15:43:08Z</time></trkpt>
      <trkpt lat="48.762678" lon="2.047595"><ele>168.5</ele><time>2025-09-17T15:43:09Z</time></trkpt>
      <trkpt lat="48.762704" lon="2.047821"><ele>168.3</ele><time>2025-09-17T15:43:10Z</time></trkpt>
      <trkpt lat="48.762731" lon="2.048065"><ele>168.2</ele><time>2025-09-17T15:43:11Z</time></trkpt>
      <trkpt lat="48.762762" lon="2.048313"><ele>168.0</ele><time>2025-09-17T15:43:12Z</time></trkpt>
      <trkpt lat="48.762790" lon="2.048545"><ele>168.2</ele><time>2025-09-17T15:43:13Z</time></trkpt>
      <trkpt lat="48.762816" lon="2.048762"><ele>168.3</ele><time>2025-09-17T15:43:14Z</time></trkpt>
      <trkpt lat="48.762846" lon="2.048964"><ele>168.4</ele><time>2025-09-17T15:43:15Z</time></trkpt>
      <trkpt lat="48.762867" lon="2.049163"><ele>168.3</ele><time>2025-09-17T15:43:16Z</time></trkpt>
      <trkpt lat="48.762884" lon="2.049353"><ele>168.2</ele><time>2025-09-17T15:43:17Z</time></trkpt>
      <trkpt lat="48.762894" lon="2.049530"><ele>167.8</ele><time>2025-09-17T15:43:18Z</time></trkpt>
      <trkpt lat="48.762903" lon="2.049693"><ele>167.8</ele><time>2025-09-17T15:43:19Z</time></trkpt>
      <trkpt lat="48.762909" lon="2.049839"><ele>167.5</ele><time>2025-09-17T15:43:20Z</time></trkpt>
      <trkpt lat="48.762909" lon="2.049962"><ele>167.4</ele><time>2025-09-17T15:43:21Z</time></trkpt>
      <trkpt lat="48.762910" lon="2.050055"><ele>167.2</ele><time>2025-09-17T15:43:22Z</time></trkpt>
      <trkpt lat="48.762908" lon="2.050121"><ele>166.8</ele><time>2025-09-17T15:43:23Z</time></trkpt>
      <trkpt lat="48.762906" lon="2.050166"><ele>166.4</ele><time>2025-09-17T15:43:24Z</time></trkpt>
      <trkpt lat="48.762906" lon="2.050193"><ele>166.3</ele><time>2025-09-17T15:43:25Z</time></trkpt>
      <trkpt lat="48.762906" lon="2.050212"><ele>166.3</ele><time>2025-09-17T15:43:26Z</time></trkpt>
      <trkpt lat="48.762907" lon="2.050224"><ele>166.4</ele><time>2025-09-17T15:43:27Z</time></trkpt>
      <trkpt lat="48.762908" lon="2.050227"><ele>166.5</ele><time>2025-09-17T15:43:28Z</time></trkpt>
      <trkpt lat="48.762905" lon="2.050225"><ele>166.6</ele><time>2025-09-17T15:43:29Z</time></trkpt>
      <trkpt lat="48.762906" lon="2.050225"><ele>166.4</ele><time>2025-09-17T15:43:30Z</time></trkpt>
      <trkpt lat="48.762906" lon="2.050225"><ele>166.3</ele><time>2025-09-17T15:43:31Z</time></trkpt>
      <trkpt lat="48.762906" lon="2.050225"><ele>166.4</ele><time>2025-09-17T15:43:32Z</time></trkpt>
      <trkpt lat="48.762906" lon="2.050224"><ele>166.7</ele><time>2025-09-17T15:43:33Z</time></trkpt>
      <trkpt lat="48.762904" lon="2.050224"><ele>166.7</ele><time>2025-09-17T15:43:34Z</time></trkpt>
      <trkpt lat="48.762904" lon="2.050223"><ele>166.9</ele><time>2025-09-17T15:43:35Z</time></trkpt>
      <trkpt lat="48.762904" lon="2.050224"><ele>167.2</ele><time>2025-09-17T15:43:36Z</time></trkpt>
      <trkpt lat="48.762903" lon="2.050225"><ele>167.2</ele><time>2025-09-17T15:43:37Z</time></trkpt>
      <trkpt lat="48.762903" lon="2.050225"><ele>167.3</ele><time>2025-09-17T15:43:38Z</time></trkpt>
      <trkpt lat="48.762903" lon="2.050224"><ele>167.4</ele><time>2025-09-17T15:43:39Z</time></trkpt>
      <trkpt lat="48.762902" lon="2.050223"><ele>167.5</ele><time>2025-09-17T15:43:40Z</time></trkpt>
      <trkpt lat="48.762902" lon="2.050222"><ele>167.5</ele><time>2025-09-17T15:43:41Z</time></trkpt>
      <trkpt lat="48.762902" lon="2.050222"><ele>167.4</ele><time>2025-09-17T15:43:42Z</time></trkpt>
      <trkpt lat="48.762901" lon="2.050223"><ele>167.1</ele><time>2025-09-17T15:43:43Z</time></trkpt>
      <trkpt lat="48.762901" lon="2.050224"><ele>167.1</ele><time>2025-09-17T15:43:44Z</time></trkpt>
      <trkpt lat="48.762902" lon="2.050222"><ele>167.3</ele><time>2025-09-17T15:43:45Z</time></trkpt>
      <trkpt lat="48.762902" lon="2.050221"><ele>167.6</ele><time>2025-09-17T15:43:46Z</time></trkpt>
      <trkpt lat="48.762903" lon="2.050221"><ele>167.9</ele><time>2025-09-17T15:43:47Z</time></trkpt>
      <trkpt lat="48.762903" lon="2.050221"><ele>168.1</ele><time>2025-09-17T15:43:48Z</time></trkpt>
      <trkpt lat="48.762903" lon="2.050220"><ele>168.3</ele><time>2025-09-17T15:43:49Z</time></trkpt>
      <trkpt lat="48.762902" lon="2.050220"><ele>168.4</ele><time>2025-09-17T15:43:50Z</time></trkpt>
      <trkpt lat="48.762902" lon="2.050220"><ele>168.6</ele><time>2025-09-17T15:43:51Z</time></trkpt>
      <trkpt lat="48.762901" lon="2.050220"><ele>168.6</ele><time>2025-09-17T15:43:52Z</time></trkpt>
      <trkpt lat="48.762901" lon="2.050220"><ele>168.7</ele><time>2025-09-17T15:43:53Z</time></trkpt>
      <trkpt lat="48.762901" lon="2.050221"><ele>168.7</ele><time>2025-09-17T15:43:54Z</time></trkpt>
      <trkpt lat="48.762901" lon="2.050222"><ele>169.0</ele><time>2025-09-17T15:43:55Z</time></trkpt>
      <trkpt lat="48.762902" lon="2.050223"><ele>169.0</ele><time>2025-09-17T15:43:56Z</time></trkpt>
      <trkpt lat="48.762902" lon="2.050221"><ele>169.0</ele><time>2025-09-17T15:43:57Z</time></trkpt>
      <trkpt lat="48.762901" lon="2.050220"><ele>168.9</ele><time>2025-09-17T15:43:58Z</time></trkpt>
      <trkpt lat="48.762900" lon="2.050220"><ele>168.8</ele><time>2025-09-17T15:43:59Z</time></trkpt>
      <trkpt lat="48.762901" lon="2.050219"><ele>168.9</ele><time>2025-09-17T15:44:00Z</time></trkpt>
      <trkpt lat="48.762900" lon="2.050221"><ele>168.8</ele><time>2025-09-17T15:44:01Z</time></trkpt>
      <trkpt lat="48.762898" lon="2.050221"><ele>168.7</ele><time>2025-09-17T15:44:02Z</time></trkpt>
      <trkpt lat="48.762897" lon="2.050222"><ele>168.6</ele><time>2025-09-17T15:44:03Z</time></trkpt>
      <trkpt lat="48.762896" lon="2.050222"><ele>168.5</ele><time>2025-09-17T15:44:04Z</time></trkpt>
      <trkpt lat="48.762895" lon="2.050222"><ele>168.3</ele><time>2025-09-17T15:44:05Z</time></trkpt>
      <trkpt lat="48.762895" lon="2.050223"><ele>168.2</ele><time>2025-09-17T15:44:06Z</time></trkpt>
      <trkpt lat="48.762894" lon="2.050224"><ele>168.2</ele><time>2025-09-17T15:44:07Z</time></trkpt>
      <trkpt lat="48.762894" lon="2.050225"><ele>168.4</ele><time>2025-09-17T15:44:08Z</time></trkpt>
      <trkpt lat="48.762894" lon="2.050226"><ele>168.5</ele><time>2025-09-17T15:44:09Z</time></trkpt>
      <trkpt lat="48.762893" lon="2.050226"><ele>168.5</ele><time>2025-09-17T15:44:10Z</time></trkpt>
      <trkpt lat="48.762894" lon="2.050228"><ele>168.6</ele><time>2025-09-17T15:44:11Z</time></trkpt>
      <trkpt lat="48.762894" lon="2.050228"><ele>168.5</ele><time>2025-09-17T15:44:12Z</time></trkpt>
      <trkpt lat="48.762893" lon="2.050229"><ele>168.4</ele><time>2025-09-17T15:44:13Z</time></trkpt>
      <trkpt lat="48.762893" lon="2.050230"><ele>168.2</ele><time>2025-09-17T15:44:14Z</time></trkpt>
      <trkpt lat="48.762892" lon="2.050231"><ele>168.0</ele><time>2025-09-17T15:44:15Z</time></trkpt>
      <trkpt lat="48.762892" lon="2.050231"><ele>167.8</ele><time>2025-09-17T15:44:16Z</time></trkpt>
      <trkpt lat="48.762892" lon="2.050231"><ele>167.7</ele><time>2025-09-17T15:44:17Z</time></trkpt>
      <trkpt lat="48.762893" lon="2.050232"><ele>167.4</ele><time>2025-09-17T15:44:18Z</time></trkpt>
      <trkpt lat="48.762893" lon="2.050232"><ele>167.3</ele><time>2025-09-17T15:44:20Z</time></trkpt>
      <trkpt lat="48.762893" lon="2.050232"><ele>167.1</ele><time>2025-09-17T15:44:20Z</time></trkpt>
      <trkpt lat="48.762894" lon="2.050233"><ele>167.0</ele><time>2025-09-17T15:44:21Z</time></trkpt>
      <trkpt lat="48.762895" lon="2.050233"><ele>167.0</ele><time>2025-09-17T15:44:22Z</time></trkpt>
      <trkpt lat="48.762896" lon="2.050233"><ele>166.9</ele><time>2025-09-17T15:44:23Z</time></trkpt>
      <trkpt lat="48.762896" lon="2.050233"><ele>166.7</ele><time>2025-09-17T15:44:24Z</time></trkpt>
      <trkpt lat="48.762896" lon="2.050234"><ele>166.6</ele><time>2025-09-17T15:44:25Z</time></trkpt>
      <trkpt lat="48.762897" lon="2.050233"><ele>166.8</ele><time>2025-09-17T15:44:26Z</time></trkpt>
      <trkpt lat="48.762897" lon="2.050233"><ele>166.8</ele><time>2025-09-17T15:44:27Z</time></trkpt>
      <trkpt lat="48.762896" lon="2.050232"><ele>166.8</ele><time>2025-09-17T15:44:28Z</time></trkpt>
      <trkpt lat="48.762896" lon="2.050232"><ele>166.7</ele><time>2025-09-17T15:44:29Z</time></trkpt>
      <trkpt lat="48.762896" lon="2.050231"><ele>166.7</ele><time>2025-09-17T15:44:30Z</time></trkpt>
      <trkpt lat="48.762896" lon="2.050232"><ele>166.7</ele><time>2025-09-17T15:44:31Z</time></trkpt>
      <trkpt lat="48.762895" lon="2.050233"><ele>166.8</ele><time>2025-09-17T15:44:32Z</time></trkpt>
      <trkpt lat="48.762896" lon="2.050233"><ele>166.8</ele><time>2025-09-17T15:44:33Z</time></trkpt>
      <trkpt lat="48.762897" lon="2.050233"><ele>166.9</ele><time>2025-09-17T15:44:34Z</time></trkpt>
      <trkpt lat="48.762898" lon="2.050236"><ele>166.9</ele><time>2025-09-17T15:44:35Z</time></trkpt>
      <trkpt lat="48.762900" lon="2.050249"><ele>167.1</ele><time>2025-09-17T15:44:36Z</time></trkpt>
      <trkpt lat="48.762901" lon="2.050279"><ele>167.3</ele><time>2025-09-17T15:44:37Z</time></trkpt>
      <trkpt lat="48.762902" lon="2.050330"><ele>167.3</ele><time>2025-09-17T15:44:38Z</time></trkpt>
      <trkpt lat="48.762903" lon="2.050402"><ele>167.1</ele><time>2025-09-17T15:44:39Z</time></trkpt>
      <trkpt lat="48.762904" lon="2.050487"><ele>166.9</ele><time>2025-09-17T15:44:40Z</time></trkpt>
      <trkpt lat="48.762916" lon="2.050576"><ele>167.0</ele><time>2025-09-17T15:44:41Z</time></trkpt>
      <trkpt lat="48.762950" lon="2.050660"><ele>167.2</ele><time>2025-09-17T15:44:42Z</time></trkpt>
      <trkpt lat="48.763008" lon="2.050735"><ele>167.2</ele><time>2025-09-17T15:44:43Z</time></trkpt>
      <trkpt lat="48.763087" lon="2.050795"><ele>167.2</ele><time>2025-09-17T15:44:44Z</time></trkpt>
      <trkpt lat="48.763184" lon="2.050847"><ele>167.3</ele><time>2025-09-17T15:44:45Z</time></trkpt>
      <trkpt lat="48.763284" lon="2.050901"><ele>167.3</ele><time>2025-09-17T15:44:46Z</time></trkpt>
      <trkpt lat="48.763390" lon="2.050965"><ele>167.1</ele><time>2025-09-17T15:44:47Z</time></trkpt>
      <trkpt lat="48.763506" lon="2.051039"><ele>167.0</ele><time>2025-09-17T15:44:48Z</time></trkpt>
      <trkpt lat="48.763625" lon="2.051122"><ele>166.8</ele><time>2025-09-17T15:44:49Z</time></trkpt>
      <trkpt lat="48.763741" lon="2.051208"><ele>166.5</ele><time>2025-09-17T15:44:50Z</time></trkpt>
      <trkpt lat="48.763850" lon="2.051293"><ele>166.3</ele><time>2025-09-17T15:44:51Z</time></trkpt>
      <trkpt lat="48.763950" lon="2.051375"><ele>166.2</ele><time>2025-09-17T15:44:52Z</time></trkpt>
      <trkpt lat="48.764041" lon="2.051454"><ele>165.8</ele><time>2025-09-17T15:44:53Z</time></trkpt>
      <trkpt lat="48.764122" lon="2.051530"><ele>165.6</ele><time>2025-09-17T15:44:54Z</time></trkpt>
      <trkpt lat="48.764194" lon="2.051605"><ele>165.5</ele><time>2025-09-17T15:44:55Z</time></trkpt>
      <trkpt lat="48.764255" lon="2.051674"><ele>165.4</ele><time>2025-09-17T15:44:56Z</time></trkpt>
      <trkpt lat="48.764306" lon="2.051734"><ele>165.2</ele><time>2025-09-17T15:44:57Z</time></trkpt>
      <trkpt lat="48.764342" lon="2.051777"><ele>165.1</ele><time>2025-09-17T15:44:58Z</time></trkpt>
      <trkpt lat="48.764361" lon="2.051797"><ele>165.1</ele><time>2025-09-17T15:44:59Z</time></trkpt>
      <trkpt lat="48.764369" lon="2.051806"><ele>164.9</ele><time>2025-09-17T15:45:00Z</time></trkpt>
      <trkpt lat="48.764371" lon="2.051808"><ele>164.9</ele><time>2025-09-17T15:45:01Z</time></trkpt>
      <trkpt lat="48.764373" lon="2.051811"><ele>164.8</ele><time>2025-09-17T15:45:02Z</time></trkpt>
      <trkpt lat="48.764373" lon="2.051812"><ele>164.6</ele><time>2025-09-17T15:45:03Z</time></trkpt>
      <trkpt lat="48.764373" lon="2.051811"><ele>164.6</ele><time>2025-09-17T15:45:04Z</time></trkpt>
      <trkpt lat="48.764372" lon="2.051811"><ele>164.8</ele><time>2025-09-17T15:45:05Z</time></trkpt>
      <trkpt lat="48.764372" lon="2.051811"><ele>164.9</ele><time>2025-09-17T15:45:06Z</time></trkpt>
      <trkpt lat="48.764372" lon="2.051811"><ele>164.9</ele><time>2025-09-17T15:45:07Z</time></trkpt>
      <trkpt lat="48.764373" lon="2.051812"><ele>165.1</ele><time>2025-09-17T15:45:08Z</time></trkpt>
      <trkpt lat="48.764373" lon="2.051814"><ele>165.1</ele><time>2025-09-17T15:45:09Z</time></trkpt>
      <trkpt lat="48.764382" lon="2.051821"><ele>165.2</ele><time>2025-09-17T15:45:10Z</time></trkpt>
      <trkpt lat="48.764410" lon="2.051848"><ele>165.1</ele><time>2025-09-17T15:45:11Z</time></trkpt>
      <trkpt lat="48.764461" lon="2.051899"><ele>164.9</ele><time>2025-09-17T15:45:12Z</time></trkpt>
      <trkpt lat="48.764529" lon="2.051966"><ele>164.9</ele><time>2025-09-17T15:45:13Z</time></trkpt>
      <trkpt lat="48.764613" lon="2.052048"><ele>164.7</ele><time>2025-09-17T15:45:14Z</time></trkpt>
      <trkpt lat="48.764705" lon="2.052135"><ele>164.7</ele><time>2025-09-17T15:45:15Z</time></trkpt>
      <trkpt lat="48.764806" lon="2.052232"><ele>164.6</ele><time>2025-09-17T15:45:16Z</time></trkpt>
      <trkpt lat="48.764919" lon="2.052336"><ele>164.4</ele><time>2025-09-17T15:45:17Z</time></trkpt>
      <trkpt lat="48.765039" lon="2.052448"><ele>164.0</ele><time>2025-09-17T15:45:18Z</time></trkpt>
      <trkpt lat="48.765167" lon="2.052564"><ele>163.8</ele><time>2025-09-17T15:45:19Z</time></trkpt>
      <trkpt lat="48.765305" lon="2.052680"><ele>163.6</ele><time>2025-09-17T15:45:20Z</time></trkpt>
      <trkpt lat="48.765459" lon="2.052803"><ele>163.3</ele><time>2025-09-17T15:45:21Z</time></trkpt>
      <trkpt lat="48.765641" lon="2.052938"><ele>163.2</ele><time>2025-09-17T15:45:22Z</time></trkpt>
      <trkpt lat="48.765845" lon="2.053082"><ele>163.5</ele><time>2025-09-17T15:45:23Z</time></trkpt>
      <trkpt lat="48.766049" lon="2.053222"><ele>163.2</ele><time>2025-09-17T15:45:24Z</time></trkpt>
      <trkpt lat="48.766244" lon="2.053348"><ele>163.3</ele><time>2025-09-17T15:45:25Z</time></trkpt>
      <trkpt lat="48.766424" lon="2.053454"><ele>163.2</ele><time>2025-09-17T15:45:26Z</time></trkpt>
      <trkpt lat="48.766591" lon="2.053535"><ele>163.4</ele><time>2025-09-17T15:45:27Z</time></trkpt>
      <trkpt lat="48.766739" lon="2.053594"><ele>163.3</ele><time>2025-09-17T15:45:28Z</time></trkpt>
      <trkpt lat="48.766863" lon="2.053632"><ele>163.2</ele><time>2025-09-17T15:45:29Z</time></trkpt>
      <trkpt lat="48.766965" lon="2.053661"><ele>163.2</ele><time>2025-09-17T15:45:30Z</time></trkpt>
      <trkpt lat="48.767053" lon="2.053689"><ele>163.2</ele><time>2025-09-17T15:45:31Z</time></trkpt>
      <trkpt lat="48.767126" lon="2.053716"><ele>163.0</ele><time>2025-09-17T15:45:32Z</time></trkpt>
      <trkpt lat="48.767186" lon="2.053739"><ele>162.9</ele><time>2025-09-17T15:45:33Z</time></trkpt>
      <trkpt lat="48.767237" lon="2.053760"><ele>162.8</ele><time>2025-09-17T15:45:34Z</time></trkpt>
      <trkpt lat="48.767279" lon="2.053781"><ele>162.6</ele><time>2025-09-17T15:45:35Z</time></trkpt>
      <trkpt lat="48.767311" lon="2.053797"><ele>162.7</ele><time>2025-09-17T15:45:36Z</time></trkpt>
      <trkpt lat="48.767334" lon="2.053812"><ele>162.8</ele><time>2025-09-17T15:45:37Z</time></trkpt>
      <trkpt lat="48.767359" lon="2.053837"><ele>162.8</ele><time>2025-09-17T15:45:38Z</time></trkpt>
      <trkpt lat="48.767387" lon="2.053886"><ele>162.7</ele><time>2025-09-17T15:45:39Z</time></trkpt>
      <trkpt lat="48.767419" lon="2.053955"><ele>162.5</ele><time>2025-09-17T15:45:40Z</time></trkpt>
      <trkpt lat="48.767461" lon="2.054022"><ele>162.4</ele><time>2025-09-17T15:45:41Z</time></trkpt>
      <trkpt lat="48.767521" lon="2.054066"><ele>162.4</ele><time>2025-09-17T15:45:42Z</time></trkpt>
      <trkpt lat="48.767600" lon="2.054070"><ele>162.5</ele><time>2025-09-17T15:45:43Z</time></trkpt>
      <trkpt lat="48.767687" lon="2.054048"><ele>162.5</ele><time>2025-09-17T15:45:44Z</time></trkpt>
      <trkpt lat="48.767781" lon="2.054038"><ele>162.4</ele><time>2025-09-17T15:45:45Z</time></trkpt>
      <trkpt lat="48.767887" lon="2.054058"><ele>162.6</ele><time>2025-09-17T15:45:46Z</time></trkpt>
      <trkpt lat="48.767996" lon="2.054095"><ele>162.6</ele><time>2025-09-17T15:45:47Z</time></trkpt>
      <trkpt lat="48.768111" lon="2.054139"><ele>162.4</ele><time>2025-09-17T15:45:48Z</time></trkpt>
      <trkpt lat="48.768239" lon="2.054187"><ele>162.3</ele><time>2025-09-17T15:45:49Z</time></trkpt>
      <trkpt lat="48.768376" lon="2.054238"><ele>162.0</ele><time>2025-09-17T15:45:50Z</time></trkpt>
      <trkpt lat="48.768521" lon="2.054295"><ele>161.6</ele><time>2025-09-17T15:45:51Z</time></trkpt>
      <trkpt lat="48.768677" lon="2.054370"><ele>161.1</ele><time>2025-09-17T15:45:52Z</time></trkpt>
      <trkpt lat="48.768839" lon="2.054462"><ele>160.4</ele><time>2025-09-17T15:45:53Z</time></trkpt>
      <trkpt lat="48.769007" lon="2.054584"><ele>159.5</ele><time>2025-09-17T15:45:54Z</time></trkpt>
      <trkpt lat="48.769178" lon="2.054732"><ele>158.7</ele><time>2025-09-17T15:45:55Z</time></trkpt>
      <trkpt lat="48.769345" lon="2.054900"><ele>157.9</ele><time>2025-09-17T15:45:56Z</time></trkpt>
      <trkpt lat="48.769500" lon="2.055068"><ele>157.6</ele><time>2025-09-17T15:45:57Z</time></trkpt>
      <trkpt lat="48.769644" lon="2.055228"><ele>157.4</ele><time>2025-09-17T15:45:58Z</time></trkpt>
      <trkpt lat="48.769778" lon="2.055376"><ele>157.6</ele><time>2025-09-17T15:45:59Z</time></trkpt>
      <trkpt lat="48.769901" lon="2.055512"><ele>157.4</ele><time>2025-09-17T15:46:00Z</time></trkpt>
      <trkpt lat="48.770019" lon="2.055628"><ele>158.0</ele><time>2025-09-17T15:46:01Z</time></trkpt>
      <trkpt lat="48.770128" lon="2.055714"><ele>158.2</ele><time>2025-09-17T15:46:02Z</time></trkpt>
      <trkpt lat="48.770232" lon="2.055767"><ele>158.2</ele><time>2025-09-17T15:46:03Z</time></trkpt>
      <trkpt lat="48.770325" lon="2.055794"><ele>158.2</ele><time>2025-09-17T15:46:04Z</time></trkpt>
      <trkpt lat="48.770400" lon="2.055817"><ele>158.3</ele><time>2025-09-17T15:46:05Z</time></trkpt>
      <trkpt lat="48.770458" lon="2.055847"><ele>158.3</ele><time>2025-09-17T15:46:06Z</time></trkpt>
      <trkpt lat="48.770510" lon="2.055901"><ele>158.4</ele><time>2025-09-17T15:46:07Z</time></trkpt>
      <trkpt lat="48.770561" lon="2.055999"><ele>158.2</ele><time>2025-09-17T15:46:08Z</time></trkpt>
      <trkpt lat="48.770608" lon="2.056137"><ele>158.0</ele><time>2025-09-17T15:46:09Z</time></trkpt>
      <trkpt lat="48.770641" lon="2.056294"><ele>157.8</ele><time>2025-09-17T15:46:10Z</time></trkpt>
      <trkpt lat="48.770649" lon="2.056462"><ele>157.5</ele><time>2025-09-17T15:46:11Z</time></trkpt>
      <trkpt lat="48.770629" lon="2.056640"><ele>157.7</ele><time>2025-09-17T15:46:12Z</time></trkpt>
      <trkpt lat="48.770587" lon="2.056833"><ele>157.5</ele><time>2025-09-17T15:46:13Z</time></trkpt>
      <trkpt lat="48.770536" lon="2.057037"><ele>157.3</ele><time>2025-09-17T15:46:14Z</time></trkpt>
      <trkpt lat="48.770484" lon="2.057256"><ele>157.4</ele><time>2025-09-17T15:46:15Z</time></trkpt>
      <trkpt lat="48.770427" lon="2.057492"><ele>157.3</ele><time>2025-09-17T15:46:16Z</time></trkpt>
      <trkpt lat="48.770368" lon="2.057730"><ele>157.4</ele><time>2025-09-17T15:46:17Z</time></trkpt>
      <trkpt lat="48.770305" lon="2.057967"><ele>157.4</ele><time>2025-09-17T15:46:18Z</time></trkpt>
      <trkpt lat="48.770240" lon="2.058203"><ele>157.3</ele><time>2025-09-17T15:46:19Z</time></trkpt>
      <trkpt lat="48.770175" lon="2.058443"><ele>157.3</ele><time>2025-09-17T15:46:20Z</time></trkpt>
      <trkpt lat="48.770109" lon="2.058686"><ele>157.1</ele><time>2025-09-17T15:46:21Z</time></trkpt>
      <trkpt lat="48.770043" lon="2.058930"><ele>157.1</ele><time>2025-09-17T15:46:22Z</time></trkpt>
      <trkpt lat="48.769976" lon="2.059176"><ele>157.2</ele><time>2025-09-17T15:46:23Z</time></trkpt>
      <trkpt lat="48.769912" lon="2.059412"><ele>157.9</ele><time>2025-09-17T15:46:24Z</time></trkpt>
      <trkpt lat="48.769850" lon="2.059636"><ele>158.2</ele><time>2025-09-17T15:46:25Z</time></trkpt>
      <trkpt lat="48.769785" lon="2.059859"><ele>159.0</ele><time>2025-09-17T15:46:26Z</time></trkpt>
      <trkpt lat="48.769717" lon="2.060087"><ele>159.4</ele><time>2025-09-17T15:46:27Z</time></trkpt>
      <trkpt lat="48.769647" lon="2.060304"><ele>159.8</ele><time>2025-09-17T15:46:28Z</time></trkpt>
      <trkpt lat="48.769580" lon="2.060502"><ele>160.2</ele><time>2025-09-17T15:46:29Z</time></trkpt>
      <trkpt lat="48.769518" lon="2.060679"><ele>160.7</ele><time>2025-09-17T15:46:30Z</time></trkpt>
      <trkpt lat="48.769462" lon="2.060835"><ele>161.0</ele><time>2025-09-17T15:46:31Z</time></trkpt>
      <trkpt lat="48.769407" lon="2.060972"><ele>161.0</ele><time>2025-09-17T15:46:32Z</time></trkpt>
      <trkpt lat="48.769361" lon="2.061091"><ele>161.0</ele><time>2025-09-17T15:46:33Z</time></trkpt>
      <trkpt lat="48.769316" lon="2.061193"><ele>160.9</ele><time>2025-09-17T15:46:34Z</time></trkpt>
      <trkpt lat="48.769270" lon="2.061268"><ele>161.2</ele><time>2025-09-17T15:46:35Z</time></trkpt>
      <trkpt lat="48.769224" lon="2.061327"><ele>161.9</ele><time>2025-09-17T15:46:36Z</time></trkpt>
      <trkpt lat="48.769183" lon="2.061386"><ele>162.1</ele><time>2025-09-17T15:46:37Z</time></trkpt>
      <trkpt lat="48.769158" lon="2.061453"><ele>163.0</ele><time>2025-09-17T15:46:38Z</time></trkpt>
      <trkpt lat="48.769149" lon="2.061528"><ele>163.5</ele><time>2025-09-17T15:46:39Z</time></trkpt>
      <trkpt lat="48.769142" lon="2.061610"><ele>164.0</ele><time>2025-09-17T15:46:40Z</time></trkpt>
      <trkpt lat="48.769122" lon="2.061712"><ele>164.4</ele><time>2025-09-17T15:46:41Z</time></trkpt>
      <trkpt lat="48.769082" lon="2.061840"><ele>164.8</ele><time>2025-09-17T15:46:42Z</time></trkpt>
      <trkpt lat="48.769024" lon="2.061992"><ele>165.0</ele><time>2025-09-17T15:46:43Z</time></trkpt>
      <trkpt lat="48.768958" lon="2.062164"><ele>165.6</ele><time>2025-09-17T15:46:44Z</time></trkpt>
      <trkpt lat="48.768886" lon="2.062340"><ele>165.7</ele><time>2025-09-17T15:46:45Z</time></trkpt>
      <trkpt lat="48.768808" lon="2.062518"><ele>166.2</ele><time>2025-09-17T15:46:46Z</time></trkpt>
      <trkpt lat="48.768722" lon="2.062701"><ele>167.0</ele><time>2025-09-17T15:46:47Z</time></trkpt>
      <trkpt lat="48.768627" lon="2.062889"><ele>167.4</ele><time>2025-09-17T15:46:48Z</time></trkpt>
      <trkpt lat="48.768529" lon="2.063076"><ele>167.6</ele><time>2025-09-17T15:46:49Z</time></trkpt>
      <trkpt lat="48.768431" lon="2.063262"><ele>167.8</ele><time>2025-09-17T15:46:50Z</time></trkpt>
      <trkpt lat="48.768326" lon="2.063451"><ele>167.9</ele><time>2025-09-17T15:46:51Z</time></trkpt>
      <trkpt lat="48.768211" lon="2.063643"><ele>167.5</ele><time>2025-09-17T15:46:52Z</time></trkpt>
      <trkpt lat="48.768091" lon="2.063833"><ele>167.8</ele><time>2025-09-17T15:46:53Z</time></trkpt>
      <trkpt lat="48.767969" lon="2.064023"><ele>167.9</ele><time>2025-09-17T15:46:54Z</time></trkpt>
      <trkpt lat="48.767841" lon="2.064211"><ele>167.5</ele><time>2025-09-17T15:46:55Z</time></trkpt>
      <trkpt lat="48.767710" lon="2.064393"><ele>167.3</ele><time>2025-09-17T15:46:56Z</time></trkpt>
      <trkpt lat="48.767577" lon="2.064574"><ele>166.9</ele><time>2025-09-17T15:46:57Z</time></trkpt>
      <trkpt lat="48.767444" lon="2.064759"><ele>166.5</ele><time>2025-09-17T15:46:58Z</time></trkpt>
      <trkpt lat="48.767311" lon="2.064945"><ele>166.1</ele><time>2025-09-17T15:46:59Z</time></trkpt>
      <trkpt lat="48.767177" lon="2.065130"><ele>165.7</ele><time>2025-09-17T15:47:00Z</time></trkpt>
      <trkpt lat="48.767043" lon="2.065316"><ele>165.7</ele><time>2025-09-17T15:47:01Z</time></trkpt>
      <trkpt lat="48.766911" lon="2.065506"><ele>165.8</ele><time>2025-09-17T15:47:02Z</time></trkpt>
      <trkpt lat="48.766776" lon="2.065695"><ele>165.7</ele><time>2025-09-17T15:47:03Z</time></trkpt>
      <trkpt lat="48.766642" lon="2.065883"><ele>165.9</ele><time>2025-09-17T15:47:04Z</time></trkpt>
      <trkpt lat="48.766513" lon="2.066063"><ele>166.1</ele><time>2025-09-17T15:47:05Z</time></trkpt>
      <trkpt lat="48.766391" lon="2.066232"><ele>166.4</ele><time>2025-09-17T15:47:06Z</time></trkpt>
      <trkpt lat="48.766281" lon="2.066388"><ele>167.1</ele><time>2025-09-17T15:47:07Z</time></trkpt>
      <trkpt lat="48.766173" lon="2.066534"><ele>167.3</ele><time>2025-09-17T15:47:08Z</time></trkpt>
      <trkpt lat="48.766071" lon="2.066677"><ele>167.5</ele><time>2025-09-17T15:47:09Z</time></trkpt>
      <trkpt lat="48.765970" lon="2.066823"><ele>167.8</ele><time>2025-09-17T15:47:10Z</time></trkpt>
      <trkpt lat="48.765867" lon="2.066969"><ele>168.3</ele><time>2025-09-17T15:47:11Z</time></trkpt>
      <trkpt lat="48.765759" lon="2.067118"><ele>168.4</ele><time>2025-09-17T15:47:12Z</time></trkpt>
      <trkpt lat="48.765655" lon="2.067260"><ele>168.5</ele><time>2025-09-17T15:47:13Z</time></trkpt>
      <trkpt lat="48.765560" lon="2.067395"><ele>169.3</ele><time>2025-09-17T15:47:14Z</time></trkpt>
      <trkpt lat="48.765472" lon="2.067519"><ele>170.1</ele><time>2025-09-17T15:47:15Z</time></trkpt>
      <trkpt lat="48.765393" lon="2.067636"><ele>171.6</ele><time>2025-09-17T15:47:16Z</time></trkpt>
      <trkpt lat="48.765313" lon="2.067739"><ele>171.7</ele><time>2025-09-17T15:47:17Z</time></trkpt>
      <trkpt lat="48.765246" lon="2.067834"><ele>172.2</ele><time>2025-09-17T15:47:18Z</time></trkpt>
      <trkpt lat="48.765189" lon="2.067917"><ele>173.3</ele><time>2025-09-17T15:47:19Z</time></trkpt>
      <trkpt lat="48.765147" lon="2.067991"><ele>175.0</ele><time>2025-09-17T15:47:20Z</time></trkpt>
      <trkpt lat="48.765112" lon="2.068047"><ele>177.2</ele><time>2025-09-17T15:47:21Z</time></trkpt>
      <trkpt lat="48.765075" lon="2.068089"><ele>176.4</ele><time>2025-09-17T15:47:22Z</time></trkpt>
      <trkpt lat="48.765060" lon="2.068109"><ele>176.0</ele><time>2025-09-17T15:47:23Z</time></trkpt>
      <trkpt lat="48.765055" lon="2.068117"><ele>175.2</ele><time>2025-09-17T15:47:24Z</time></trkpt>
      <trkpt lat="48.765054" lon="2.068117"><ele>175.0</ele><time>2025-09-17T15:47:25Z</time></trkpt>
      <trkpt lat="48.765045" lon="2.068117"><ele>174.1</ele><time>2025-09-17T15:47:26Z</time></trkpt>
      <trkpt lat="48.765034" lon="2.068116"><ele>172.9</ele><time>2025-09-17T15:47:27Z</time></trkpt>
      <trkpt lat="48.765030" lon="2.068115"><ele>172.7</ele><time>2025-09-17T15:47:28Z</time></trkpt>
      <trkpt lat="48.765026" lon="2.068115"><ele>172.4</ele><time>2025-09-17T15:47:29Z</time></trkpt>
      <trkpt lat="48.765023" lon="2.068115"><ele>172.2</ele><time>2025-09-17T15:47:30Z</time></trkpt>
      <trkpt lat="48.765023" lon="2.068115"><ele>172.4</ele><time>2025-09-17T15:47:31Z</time></trkpt>
      <trkpt lat="48.765021" lon="2.068115"><ele>172.5</ele><time>2025-09-17T15:47:32Z</time></trkpt>
      <trkpt lat="48.765021" lon="2.068114"><ele>172.6</ele><time>2025-09-17T15:47:33Z</time></trkpt>
      <trkpt lat="48.765021" lon="2.068113"><ele>172.6</ele><time>2025-09-17T15:47:34Z</time></trkpt>
      <trkpt lat="48.765020" lon="2.068114"><ele>172.2</ele><time>2025-09-17T15:47:35Z</time></trkpt>
      <trkpt lat="48.765017" lon="2.068113"><ele>171.9</ele><time>2025-09-17T15:47:36Z</time></trkpt>
      <trkpt lat="48.765014" lon="2.068115"><ele>171.7</ele><time>2025-09-17T15:47:37Z</time></trkpt>
      <trkpt lat="48.765011" lon="2.068115"><ele>171.6</ele><time>2025-09-17T15:47:38Z</time></trkpt>
      <trkpt lat="48.765014" lon="2.068122"><ele>172.0</ele><time>2025-09-17T15:47:39Z</time></trkpt>
      <trkpt lat="48.765009" lon="2.068131"><ele>171.6</ele><time>2025-09-17T15:47:40Z</time></trkpt>
      <trkpt lat="48.765004" lon="2.068138"><ele>171.8</ele><time>2025-09-17T15:47:41Z</time></trkpt>
      <trkpt lat="48.765002" lon="2.068141"><ele>172.3</ele><time>2025-09-17T15:47:42Z</time></trkpt>
      <trkpt lat="48.765000" lon="2.068147"><ele>172.4</ele><time>2025-09-17T15:47:43Z</time></trkpt>
      <trkpt lat="48.764997" lon="2.068152"><ele>172.9</ele><time>2025-09-17T15:47:44Z</time></trkpt>
      <trkpt lat="48.764993" lon="2.068158"><ele>172.7</ele><time>2025-09-17T15:47:45Z</time></trkpt>
      <trkpt lat="48.764989" lon="2.068167"><ele>173.1</ele><time>2025-09-17T15:47:46Z</time></trkpt>
      <trkpt lat="48.764986" lon="2.068174"><ele>173.7</ele><time>2025-09-17T15:47:47Z</time></trkpt>
      <trkpt lat="48.764985" lon="2.068179"><ele>174.4</ele><time>2025-09-17T15:47:48Z</time></trkpt>
      <trkpt lat="48.764987" lon="2.068182"><ele>174.7</ele><time>2025-09-17T15:47:49Z</time></trkpt>
      <trkpt lat="48.764990" lon="2.068183"><ele>174.9</ele><time>2025-09-17T15:47:50Z</time></trkpt>
      <trkpt lat="48.764988" lon="2.068182"><ele>174.3</ele><time>2025-09-17T15:47:51Z</time></trkpt>
      <trkpt lat="48.764988" lon="2.068180"><ele>174.1</ele><time>2025-09-17T15:47:52Z</time></trkpt>
      <trkpt lat="48.764989" lon="2.068181"><ele>174.0</ele><time>2025-09-17T15:47:53Z</time></trkpt>
      <trkpt lat="48.764986" lon="2.068180"><ele>173.5</ele><time>2025-09-17T15:47:54Z</time></trkpt>
      <trkpt lat="48.764987" lon="2.068180"><ele>173.4</ele><time>2025-09-17T15:47:55Z</time></trkpt>
      <trkpt lat="48.764987" lon="2.068181"><ele>173.0</ele><time>2025-09-17T15:47:56Z</time></trkpt>
      <trkpt lat="48.764986" lon="2.068182"><ele>172.6</ele><time>2025-09-17T15:47:57Z</time></trkpt>
      <trkpt lat="48.764986" lon="2.068184"><ele>172.6</ele><time>2025-09-17T15:47:58Z</time></trkpt>
      <trkpt lat="48.764986" lon="2.068186"><ele>172.3</ele><time>2025-09-17T15:47:59Z</time></trkpt>
      <trkpt lat="48.764986" lon="2.068186"><ele>172.1</ele><time>2025-09-17T15:48:00Z</time></trkpt>
      <trkpt lat="48.764989" lon="2.068187"><ele>172.3</ele><time>2025-09-17T15:48:01Z</time></trkpt>
      <trkpt lat="48.764991" lon="2.068188"><ele>172.3</ele><time>2025-09-17T15:48:02Z</time></trkpt>
      <trkpt lat="48.764992" lon="2.068189"><ele>172.4</ele><time>2025-09-17T15:48:03Z</time></trkpt>
      <trkpt lat="48.764994" lon="2.068189"><ele>172.5</ele><time>2025-09-17T15:48:04Z</time></trkpt>
      <trkpt lat="48.764995" lon="2.068190"><ele>172.4</ele><time>2025-09-17T15:48:05Z</time></trkpt>
      <trkpt lat="48.764995" lon="2.068190"><ele>172.3</ele><time>2025-09-17T15:48:06Z</time></trkpt>
      <trkpt lat="48.764995" lon="2.068190"><ele>172.2</ele><time>2025-09-17T15:48:07Z</time></trkpt>
      <trkpt lat="48.764996" lon="2.068189"><ele>172.2</ele><time>2025-09-17T15:48:08Z</time></trkpt>
      <trkpt lat="48.764994" lon="2.068193"><ele>172.2</ele><time>2025-09-17T15:48:09Z</time></trkpt>
      <trkpt lat="48.764983" lon="2.068213"><ele>172.6</ele><time>2025-09-17T15:48:10Z</time></trkpt>
      <trkpt lat="48.764953" lon="2.068251"><ele>172.8</ele><time>2025-09-17T15:48:11Z</time></trkpt>
      <trkpt lat="48.764906" lon="2.068291"><ele>172.8</ele><time>2025-09-17T15:48:12Z</time></trkpt>
      <trkpt lat="48.764856" lon="2.068328"><ele>173.2</ele><time>2025-09-17T15:48:13Z</time></trkpt>
      <trkpt lat="48.764803" lon="2.068361"><ele>173.5</ele><time>2025-09-17T15:48:14Z</time></trkpt>
      <trkpt lat="48.764757" lon="2.068409"><ele>173.4</ele><time>2025-09-17T15:48:15Z</time></trkpt>
      <trkpt lat="48.764726" lon="2.068473"><ele>173.3</ele><time>2025-09-17T15:48:16Z</time></trkpt>
      <trkpt lat="48.764713" lon="2.068541"><ele>173.4</ele><time>2025-09-17T15:48:17Z</time></trkpt>
      <trkpt lat="48.764712" lon="2.068590"><ele>172.9</ele><time>2025-09-17T15:48:18Z</time></trkpt>
      <trkpt lat="48.764711" lon="2.068612"><ele>172.4</ele><time>2025-09-17T15:48:19Z</time></trkpt>
      <trkpt lat="48.764706" lon="2.068614"><ele>171.8</ele><time>2025-09-17T15:48:20Z</time></trkpt>
      <trkpt lat="48.764700" lon="2.068613"><ele>170.9</ele><time>2025-09-17T15:48:21Z</time></trkpt>
      <trkpt lat="48.764696" lon="2.068612"><ele>170.4</ele><time>2025-09-17T15:48:22Z</time></trkpt>
      <trkpt lat="48.764693" lon="2.068613"><ele>170.1</ele><time>2025-09-17T15:48:23Z</time></trkpt>
      <trkpt lat="48.764691" lon="2.068612"><ele>170.0</ele><time>2025-09-17T15:48:24Z</time></trkpt>
      <trkpt lat="48.764689" lon="2.068611"><ele>170.0</ele><time>2025-09-17T15:48:25Z</time></trkpt>
      <trkpt lat="48.764688" lon="2.068611"><ele>170.1</ele><time>2025-09-17T15:48:26Z</time></trkpt>
      <trkpt lat="48.764687" lon="2.068611"><ele>170.1</ele><time>2025-09-17T15:48:27Z</time></trkpt>
      <trkpt lat="48.764685" lon="2.068610"><ele>170.0</ele><time>2025-09-17T15:48:28Z</time></trkpt>
      <trkpt lat="48.764683" lon="2.068609"><ele>169.6</ele><time>2025-09-17T15:48:29Z</time></trkpt>
      <trkpt lat="48.764682" lon="2.068608"><ele>169.2</ele><time>2025-09-17T15:48:30Z</time></trkpt>
      <trkpt lat="48.764681" lon="2.068608"><ele>168.8</ele><time>2025-09-17T15:48:31Z</time></trkpt>
      <trkpt lat="48.764680" lon="2.068607"><ele>168.5</ele><time>2025-09-17T15:48:32Z</time></trkpt>
      <trkpt lat="48.764680" lon="2.068607"><ele>168.0</ele><time>2025-09-17T15:48:33Z</time></trkpt>
      <trkpt lat="48.764679" lon="2.068606"><ele>167.8</ele><time>2025-09-17T15:48:34Z</time></trkpt>
      <trkpt lat="48.764678" lon="2.068605"><ele>167.6</ele><time>2025-09-17T15:48:35Z</time></trkpt>
      <trkpt lat="48.764677" lon="2.068606"><ele>167.3</ele><time>2025-09-17T15:48:36Z</time></trkpt>
      <trkpt lat="48.764676" lon="2.068607"><ele>167.0</ele><time>2025-09-17T15:48:37Z</time></trkpt>
      <trkpt lat="48.764676" lon="2.068606"><ele>166.7</ele><time>2025-09-17T15:48:38Z</time></trkpt>
      <trkpt lat="48.764676" lon="2.068605"><ele>166.5</ele><time>2025-09-17T15:48:39Z</time></trkpt>
      <trkpt lat="48.764674" lon="2.068604"><ele>166.3</ele><time>2025-09-17T15:48:40Z</time></trkpt>
      <trkpt lat="48.764674" lon="2.068604"><ele>166.3</ele><time>2025-09-17T15:48:41Z</time></trkpt>
      <trkpt lat="48.764673" lon="2.068603"><ele>166.3</ele><time>2025-09-17T15:48:42Z</time></trkpt>
      <trkpt lat="48.764673" lon="2.068603"><ele>166.3</ele><time>2025-09-17T15:48:43Z</time></trkpt>
      <trkpt lat="48.764674" lon="2.068604"><ele>166.1</ele><time>2025-09-17T15:48:44Z</time></trkpt>
      <trkpt lat="48.764673" lon="2.068604"><ele>165.9</ele><time>2025-09-17T15:48:45Z</time></trkpt>
      <trkpt lat="48.764673" lon="2.068603"><ele>165.7</ele><time>2025-09-17T15:48:46Z</time></trkpt>
      <trkpt lat="48.764671" lon="2.068602"><ele>165.7</ele><time>2025-09-17T15:48:47Z</time></trkpt>
      <trkpt lat="48.764671" lon="2.068601"><ele>165.6</ele><time>2025-09-17T15:48:48Z</time></trkpt>
      <trkpt lat="48.764670" lon="2.068601"><ele>165.5</ele><time>2025-09-17T15:48:49Z</time></trkpt>
      <trkpt lat="48.764669" lon="2.068601"><ele>165.5</ele><time>2025-09-17T15:48:50Z</time></trkpt>
      <trkpt lat="48.764669" lon="2.068600"><ele>165.5</ele><time>2025-09-17T15:48:51Z</time></trkpt>
      <trkpt lat="48.764669" lon="2.068599"><ele>165.5</ele><time>2025-09-17T15:48:52Z</time></trkpt>
      <trkpt lat="48.764668" lon="2.068599"><ele>165.5</ele><time>2025-09-17T15:48:53Z</time></trkpt>
      <trkpt lat="48.764668" lon="2.068599"><ele>165.5</ele><time>2025-09-17T15:48:54Z</time></trkpt>
      <trkpt lat="48.764667" lon="2.068600"><ele>165.5</ele><time>2025-09-17T15:48:55Z</time></trkpt>
      <trkpt lat="48.764667" lon="2.068600"><ele>165.6</ele><time>2025-09-17T15:48:56Z</time></trkpt>
      <trkpt lat="48.764666" lon="2.068601"><ele>165.6</ele><time>2025-09-17T15:48:57Z</time></trkpt>
      <trkpt lat="48.764665" lon="2.068601"><ele>165.6</ele><time>2025-09-17T15:48:58Z</time></trkpt>
      <trkpt lat="48.764664" lon="2.068601"><ele>165.7</ele><time>2025-09-17T15:48:59Z</time></trkpt>
      <trkpt lat="48.764664" lon="2.068602"><ele>165.8</ele><time>2025-09-17T15:49:00Z</time></trkpt>
      <trkpt lat="48.764664" lon="2.068603"><ele>165.7</ele><time>2025-09-17T15:49:01Z</time></trkpt>
      <trkpt lat="48.764664" lon="2.068603"><ele>165.7</ele><time>2025-09-17T15:49:02Z</time></trkpt>
      <trkpt lat="48.764664" lon="2.068604"><ele>165.7</ele><time>2025-09-17T15:49:03Z</time></trkpt>
      <trkpt lat="48.764664" lon="2.068605"><ele>165.7</ele><time>2025-09-17T15:49:04Z</time></trkpt>
      <trkpt lat="48.764665" lon="2.068605"><ele>165.6</ele><time>2025-09-17T15:49:05Z</time></trkpt>
      <trkpt lat="48.764665" lon="2.068606"><ele>165.6</ele><time>2025-09-17T15:49:06Z</time></trkpt>
      <trkpt lat="48.764665" lon="2.068607"><ele>165.6</ele><time>2025-09-17T15:49:07Z</time></trkpt>
      <trkpt lat="48.764665" lon="2.068609"><ele>165.6</ele><time>2025-09-17T15:49:08Z</time></trkpt>
      <trkpt lat="48.764671" lon="2.068629"><ele>165.9</ele><time>2025-09-17T15:49:09Z</time></trkpt>
      <trkpt lat="48.764688" lon="2.068671"><ele>166.1</ele><time>2025-09-17T15:49:10Z</time></trkpt>
      <trkpt lat="48.764719" lon="2.068716"><ele>166.0</ele><time>2025-09-17T15:49:11Z</time></trkpt>
      <trkpt lat="48.764758" lon="2.068745"><ele>165.8</ele><time>2025-09-17T15:49:12Z</time></trkpt>
      <trkpt lat="48.764800" lon="2.068751"><ele>165.8</ele><time>2025-09-17T15:49:13Z</time></trkpt>
      <trkpt lat="48.764841" lon="2.068738"><ele>165.8</ele><time>2025-09-17T15:49:14Z</time></trkpt>
      <trkpt lat="48.764881" lon="2.068702"><ele>165.9</ele><time>2025-09-17T15:49:15Z</time></trkpt>
      <trkpt lat="48.764917" lon="2.068643"><ele>165.5</ele><time>2025-09-17T15:49:16Z</time></trkpt>
      <trkpt lat="48.764949" lon="2.068576"><ele>164.9</ele><time>2025-09-17T15:49:17Z</time></trkpt>
      <trkpt lat="48.764974" lon="2.068522"><ele>164.8</ele><time>2025-09-17T15:49:18Z</time></trkpt>
      <trkpt lat="48.764991" lon="2.068492"><ele>164.5</ele><time>2025-09-17T15:49:19Z</time></trkpt>
      <trkpt lat="48.765001" lon="2.068478"><ele>164.3</ele><time>2025-09-17T15:49:20Z</time></trkpt>
      <trkpt lat="48.765008" lon="2.068469"><ele>164.3</ele><time>2025-09-17T15:49:21Z</time></trkpt>
      <trkpt lat="48.765020" lon="2.068452"><ele>164.1</ele><time>2025-09-17T15:49:22Z</time></trkpt>
      <trkpt lat="48.765044" lon="2.068415"><ele>163.9</ele><time>2025-09-17T15:49:23Z</time></trkpt>
      <trkpt lat="48.765081" lon="2.068361"><ele>163.8</ele><time>2025-09-17T15:49:24Z</time></trkpt>
      <trkpt lat="48.765135" lon="2.068279"><ele>163.8</ele><time>2025-09-17T15:49:25Z</time></trkpt>
      <trkpt lat="48.765199" lon="2.068179"><ele>163.7</ele><time>2025-09-17T15:49:26Z</time></trkpt>
      <trkpt lat="48.765266" lon="2.068071"><ele>163.9</ele><time>2025-09-17T15:49:27Z</time></trkpt>
      <trkpt lat="48.765335" lon="2.067956"><ele>163.8</ele><time>2025-09-17T15:49:28Z</time></trkpt>
      <trkpt lat="48.765409" lon="2.067841"><ele>164.2</ele><time>2025-09-17T15:49:29Z</time></trkpt>
      <trkpt lat="48.765489" lon="2.067725"><ele>164.6</ele><time>2025-09-17T15:49:30Z</time></trkpt>
      <trkpt lat="48.765572" lon="2.067610"><ele>165.0</ele><time>2025-09-17T15:49:31Z</time></trkpt>
      <trkpt lat="48.765650" lon="2.067493"><ele>164.9</ele><time>2025-09-17T15:49:32Z</time></trkpt>
      <trkpt lat="48.765729" lon="2.067378"><ele>165.9</ele><time>2025-09-17T15:49:33Z</time></trkpt>
      <trkpt lat="48.765810" lon="2.067261"><ele>165.3</ele><time>2025-09-17T15:49:34Z</time></trkpt>
      <trkpt lat="48.765900" lon="2.067148"><ele>165.0</ele><time>2025-09-17T15:49:35Z</time></trkpt>
      <trkpt lat="48.765985" lon="2.067049"><ele>165.5</ele><time>2025-09-17T15:49:36Z</time></trkpt>
      <trkpt lat="48.766059" lon="2.066959"><ele>166.0</ele><time>2025-09-17T15:49:37Z</time></trkpt>
      <trkpt lat="48.766123" lon="2.066876"><ele>166.0</ele><time>2025-09-17T15:49:38Z</time></trkpt>
      <trkpt lat="48.766178" lon="2.066806"><ele>166.3</ele><time>2025-09-17T15:49:39Z</time></trkpt>
      <trkpt lat="48.766236" lon="2.066749"><ele>165.9</ele><time>2025-09-17T15:49:40Z</time></trkpt>
      <trkpt lat="48.766299" lon="2.066718"><ele>166.2</ele><time>2025-09-17T15:49:41Z</time></trkpt>
      <trkpt lat="48.766369" lon="2.066716"><ele>165.7</ele><time>2025-09-17T15:49:42Z</time></trkpt>
      <trkpt lat="48.766437" lon="2.066749"><ele>165.6</ele><time>2025-09-17T15:49:43Z</time></trkpt>
      <trkpt lat="48.766500" lon="2.066799"><ele>165.1</ele><time>2025-09-17T15:49:44Z</time></trkpt>
      <trkpt lat="48.766551" lon="2.066850"><ele>164.7</ele><time>2025-09-17T15:49:45Z</time></trkpt>
      <trkpt lat="48.766586" lon="2.066892"><ele>164.4</ele><time>2025-09-17T15:49:46Z</time></trkpt>
      <trkpt lat="48.766612" lon="2.066932"><ele>164.4</ele><time>2025-09-17T15:49:47Z</time></trkpt>
      <trkpt lat="48.766638" lon="2.066971"><ele>164.3</ele><time>2025-09-17T15:49:48Z</time></trkpt>
      <trkpt lat="48.766664" lon="2.067005"><ele>164.3</ele><time>2025-09-17T15:49:49Z</time></trkpt>
      <trkpt lat="48.766691" lon="2.067040"><ele>164.2</ele><time>2025-09-17T15:49:50Z</time></trkpt>
      <trkpt lat="48.766725" lon="2.067084"><ele>164.3</ele><time>2025-09-17T15:49:51Z</time></trkpt>
      <trkpt lat="48.766764" lon="2.067140"><ele>164.4</ele><time>2025-09-17T15:49:52Z</time></trkpt>
      <trkpt lat="48.766807" lon="2.067202"><ele>164.5</ele><time>2025-09-17T15:49:53Z</time></trkpt>
      <trkpt lat="48.766852" lon="2.067262"><ele>164.6</ele><time>2025-09-17T15:49:54Z</time></trkpt>
      <trkpt lat="48.766894" lon="2.067317"><ele>164.7</ele><time>2025-09-17T15:49:55Z</time></trkpt>
      <trkpt lat="48.766931" lon="2.067365"><ele>165.1</ele><time>2025-09-17T15:49:56Z</time></trkpt>
      <trkpt lat="48.766965" lon="2.067399"><ele>164.9</ele><time>2025-09-17T15:49:57Z</time></trkpt>
      <trkpt lat="48.767004" lon="2.067411"><ele>164.8</ele><time>2025-09-17T15:49:58Z</time></trkpt>
      <trkpt lat="48.767043" lon="2.067403"><ele>164.6</ele><time>2025-09-17T15:49:59Z</time></trkpt>
      <trkpt lat="48.767080" lon="2.067377"><ele>164.2</ele><time>2025-09-17T15:50:00Z</time></trkpt>
      <trkpt lat="48.767116" lon="2.067337"><ele>163.9</ele><time>2025-09-17T15:50:01Z</time></trkpt>
      <trkpt lat="48.767149" lon="2.067292"><ele>163.5</ele><time>2025-09-17T15:50:02Z</time></trkpt>
      <trkpt lat="48.767181" lon="2.067247"><ele>163.0</ele><time>2025-09-17T15:50:03Z</time></trkpt>
      <trkpt lat="48.767212" lon="2.067204"><ele>162.7</ele><time>2025-09-17T15:50:04Z</time></trkpt>
      <trkpt lat="48.767242" lon="2.067161"><ele>162.4</ele><time>2025-09-17T15:50:05Z</time></trkpt>
      <trkpt lat="48.767271" lon="2.067119"><ele>162.3</ele><time>2025-09-17T15:50:06Z</time></trkpt>
      <trkpt lat="48.767297" lon="2.067082"><ele>162.3</ele><time>2025-09-17T15:50:07Z</time></trkpt>
      <trkpt lat="48.767320" lon="2.067060"><ele>162.4</ele><time>2025-09-17T15:50:08Z</time></trkpt>
      <trkpt lat="48.767339" lon="2.067048"><ele>162.7</ele><time>2025-09-17T15:50:09Z</time></trkpt>
      <trkpt lat="48.767352" lon="2.067038"><ele>162.7</ele><time>2025-09-17T15:50:10Z</time></trkpt>
      <trkpt lat="48.767353" lon="2.067033"><ele>162.6</ele><time>2025-09-17T15:50:11Z</time></trkpt>
      <trkpt lat="48.767352" lon="2.067036"><ele>162.6</ele><time>2025-09-17T15:50:12Z</time></trkpt>
      <trkpt lat="48.767349" lon="2.067043"><ele>162.5</ele><time>2025-09-17T15:50:13Z</time></trkpt>
      <trkpt lat="48.767347" lon="2.067053"><ele>162.3</ele><time>2025-09-17T15:50:14Z</time></trkpt>
      <trkpt lat="48.767346" lon="2.067066"><ele>162.1</ele><time>2025-09-17T15:50:15Z</time></trkpt>
      <trkpt lat="48.767347" lon="2.067075"><ele>162.0</ele><time>2025-09-17T15:50:16Z</time></trkpt>
      <trkpt lat="48.767348" lon="2.067077"><ele>161.9</ele><time>2025-09-17T15:50:17Z</time></trkpt>
      <trkpt lat="48.767348" lon="2.067074"><ele>161.8</ele><time>2025-09-17T15:50:18Z</time></trkpt>
      <trkpt lat="48.767347" lon="2.067067"><ele>161.8</ele><time>2025-09-17T15:50:19Z</time></trkpt>
      <trkpt lat="48.767344" lon="2.067065"><ele>161.7</ele><time>2025-09-17T15:50:20Z</time></trkpt>
      <trkpt lat="48.767346" lon="2.067068"><ele>161.6</ele><time>2025-09-17T15:50:21Z</time></trkpt>
      <trkpt lat="48.767350" lon="2.067074"><ele>161.5</ele><time>2025-09-17T15:50:22Z</time></trkpt>
      <trkpt lat="48.767355" lon="2.067080"><ele>161.4</ele><time>2025-09-17T15:50:23Z</time></trkpt>
      <trkpt lat="48.767358" lon="2.067089"><ele>161.4</ele><time>2025-09-17T15:50:24Z</time></trkpt>
      <trkpt lat="48.767361" lon="2.067094"><ele>161.6</ele><time>2025-09-17T15:50:25Z</time></trkpt>
      <trkpt lat="48.767363" lon="2.067094"><ele>161.7</ele><time>2025-09-17T15:50:26Z</time></trkpt>
      <trkpt lat="48.767366" lon="2.067094"><ele>161.8</ele><time>2025-09-17T15:50:27Z</time></trkpt>
      <trkpt lat="48.767366" lon="2.067094"><ele>161.8</ele><time>2025-09-17T15:50:28Z</time></trkpt>
      <trkpt lat="48.767367" lon="2.067093"><ele>161.7</ele><time>2025-09-17T15:50:29Z</time></trkpt>
      <trkpt lat="48.767365" lon="2.067095"><ele>161.7</ele><time>2025-09-17T15:50:30Z</time></trkpt>
      <trkpt lat="48.767364" lon="2.067092"><ele>161.8</ele><time>2025-09-17T15:50:31Z</time></trkpt>
      <trkpt lat="48.767366" lon="2.067096"><ele>161.6</ele><time>2025-09-17T15:50:32Z</time></trkpt>
      <trkpt lat="48.767367" lon="2.067096"><ele>161.8</ele><time>2025-09-17T15:50:33Z</time></trkpt>
      <trkpt lat="48.767364" lon="2.067099"><ele>162.1</ele><time>2025-09-17T15:50:34Z</time></trkpt>
      <trkpt lat="48.767363" lon="2.067100"><ele>162.1</ele><time>2025-09-17T15:50:35Z</time></trkpt>
      <trkpt lat="48.767362" lon="2.067099"><ele>162.3</ele><time>2025-09-17T15:50:36Z</time></trkpt>
      <trkpt lat="48.767364" lon="2.067099"><ele>162.2</ele><time>2025-09-17T15:50:37Z</time></trkpt>
      <trkpt lat="48.767365" lon="2.067102"><ele>162.4</ele><time>2025-09-17T15:50:38Z</time></trkpt>
      <trkpt lat="48.767364" lon="2.067103"><ele>162.8</ele><time>2025-09-17T15:50:39Z</time></trkpt>
      <trkpt lat="48.767363" lon="2.067104"><ele>162.8</ele><time>2025-09-17T15:50:40Z</time></trkpt>
      <trkpt lat="48.767363" lon="2.067105"><ele>162.6</ele><time>2025-09-17T15:50:41Z</time></trkpt>
      <trkpt lat="48.767363" lon="2.067106"><ele>162.6</ele><time>2025-09-17T15:50:42Z</time></trkpt>
      <trkpt lat="48.767364" lon="2.067107"><ele>162.7</ele><time>2025-09-17T15:50:43Z</time></trkpt>
      <trkpt lat="48.767364" lon="2.067108"><ele>162.7</ele><time>2025-09-17T15:50:44Z</time></trkpt>
      <trkpt lat="48.767366" lon="2.067108"><ele>162.6</ele><time>2025-09-17T15:50:45Z</time></trkpt>
      <trkpt lat="48.767367" lon="2.067108"><ele>162.5</ele><time>2025-09-17T15:50:46Z</time></trkpt>
      <trkpt lat="48.767367" lon="2.067109"><ele>162.5</ele><time>2025-09-17T15:50:47Z</time></trkpt>
      <trkpt lat="48.767368" lon="2.067109"><ele>162.5</ele><time>2025-09-17T15:50:48Z</time></trkpt>
      <trkpt lat="48.767370" lon="2.067109"><ele>162.5</ele><time>2025-09-17T15:50:49Z</time></trkpt>
      <trkpt lat="48.767372" lon="2.067108"><ele>162.7</ele><time>2025-09-17T15:50:50Z</time></trkpt>
      <trkpt lat="48.767373" lon="2.067108"><ele>162.8</ele><time>2025-09-17T15:50:51Z</time></trkpt>
      <trkpt lat="48.767373" lon="2.067108"><ele>162.7</ele><time>2025-09-17T15:50:52Z</time></trkpt>
      <trkpt lat="48.767373" lon="2.067108"><ele>162.9</ele><time>2025-09-17T15:50:53Z</time></trkpt>
      <trkpt lat="48.767370" lon="2.067105"><ele>162.5</ele><time>2025-09-17T15:50:54Z</time></trkpt>
      <trkpt lat="48.767371" lon="2.067107"><ele>162.5</ele><time>2025-09-17T15:50:55Z</time></trkpt>
      <trkpt lat="48.767371" lon="2.067108"><ele>162.6</ele><time>2025-09-17T15:50:56Z</time></trkpt>
      <trkpt lat="48.767370" lon="2.067108"><ele>162.6</ele><time>2025-09-17T15:50:57Z</time></trkpt>
      <trkpt lat="48.767369" lon="2.067107"><ele>162.6</ele><time>2025-09-17T15:50:58Z</time></trkpt>
      <trkpt lat="48.767370" lon="2.067107"><ele>162.5</ele><time>2025-09-17T15:50:59Z</time></trkpt>
      <trkpt lat="48.767370" lon="2.067108"><ele>162.7</ele><time>2025-09-17T15:51:00Z</time></trkpt>
      <trkpt lat="48.767369" lon="2.067108"><ele>162.8</ele><time>2025-09-17T15:51:01Z</time></trkpt>
      <trkpt lat="48.767368" lon="2.067108"><ele>163.0</ele><time>2025-09-17T15:51:02Z</time></trkpt>
      <trkpt lat="48.767365" lon="2.067107"><ele>163.0</ele><time>2025-09-17T15:51:03Z</time></trkpt>
      <trkpt lat="48.767364" lon="2.067106"><ele>162.9</ele><time>2025-09-17T15:51:04Z</time></trkpt>
      <trkpt lat="48.767365" lon="2.067107"><ele>162.9</ele><time>2025-09-17T15:51:05Z</time></trkpt>
      <trkpt lat="48.767365" lon="2.067108"><ele>162.8</ele><time>2025-09-17T15:51:06Z</time></trkpt>
      <trkpt lat="48.767365" lon="2.067108"><ele>162.7</ele><time>2025-09-17T15:51:07Z</time></trkpt>
      <trkpt lat="48.767364" lon="2.067109"><ele>162.9</ele><time>2025-09-17T15:51:08Z</time></trkpt>
      <trkpt lat="48.767362" lon="2.067108"><ele>162.9</ele><time>2025-09-17T15:51:09Z</time></trkpt>
      <trkpt lat="48.767361" lon="2.067107"><ele>163.0</ele><time>2025-09-17T15:51:10Z</time></trkpt>
      <trkpt lat="48.767361" lon="2.067107"><ele>163.0</ele><time>2025-09-17T15:51:11Z</time></trkpt>
      <trkpt lat="48.767361" lon="2.067106"><ele>162.9</ele><time>2025-09-17T15:51:12Z</time></trkpt>
      <trkpt lat="48.767359" lon="2.067106"><ele>162.8</ele><time>2025-09-17T15:51:13Z</time></trkpt>
      <trkpt lat="48.767359" lon="2.067105"><ele>162.7</ele><time>2025-09-17T15:51:14Z</time></trkpt>
      <trkpt lat="48.767360" lon="2.067105"><ele>162.6</ele><time>2025-09-17T15:51:15Z</time></trkpt>
      <trkpt lat="48.767360" lon="2.067105"><ele>162.5</ele><time>2025-09-17T15:51:16Z</time></trkpt>
      <trkpt lat="48.767361" lon="2.067104"><ele>162.4</ele><time>2025-09-17T15:51:17Z</time></trkpt>
      <trkpt lat="48.767362" lon="2.067103"><ele>162.3</ele><time>2025-09-17T15:51:18Z</time></trkpt>
      <trkpt lat="48.767361" lon="2.067105"><ele>162.4</ele><time>2025-09-17T15:51:19Z</time></trkpt>
      <trkpt lat="48.767361" lon="2.067106"><ele>162.3</ele><time>2025-09-17T15:51:20Z</time></trkpt>
      <trkpt lat="48.767362" lon="2.067107"><ele>162.2</ele><time>2025-09-17T15:51:21Z</time></trkpt>
      <trkpt lat="48.767363" lon="2.067108"><ele>162.0</ele><time>2025-09-17T15:51:22Z</time></trkpt>
      <trkpt lat="48.767363" lon="2.067109"><ele>162.0</ele><time>2025-09-17T15:51:23Z</time></trkpt>
      <trkpt lat="48.767363" lon="2.067110"><ele>161.9</ele><time>2025-09-17T15:51:24Z</time></trkpt>
      <trkpt lat="48.767362" lon="2.067110"><ele>161.8</ele><time>2025-09-17T15:51:25Z</time></trkpt>
      <trkpt lat="48.767364" lon="2.067111"><ele>161.7</ele><time>2025-09-17T15:51:26Z</time></trkpt>
      <trkpt lat="48.767362" lon="2.067110"><ele>161.6</ele><time>2025-09-17T15:51:27Z</time></trkpt>
      <trkpt lat="48.767361" lon="2.067108"><ele>161.6</ele><time>2025-09-17T15:51:28Z</time></trkpt>
      <trkpt lat="48.767362" lon="2.067110"><ele>161.6</ele><time>2025-09-17T15:51:29Z</time></trkpt>
      <trkpt lat="48.767363" lon="2.067109"><ele>161.5</ele><time>2025-09-17T15:51:30Z</time></trkpt>
      <trkpt lat="48.767362" lon="2.067109"><ele>161.6</ele><time>2025-09-17T15:51:31Z</time></trkpt>
      <trkpt lat="48.767362" lon="2.067108"><ele>161.6</ele><time>2025-09-17T15:51:32Z</time></trkpt>
      <trkpt lat="48.767361" lon="2.067108"><ele>161.7</ele><time>2025-09-17T15:51:33Z</time></trkpt>
      <trkpt lat="48.767360" lon="2.067109"><ele>161.9</ele><time>2025-09-17T15:51:34Z</time></trkpt>
      <trkpt lat="48.767359" lon="2.067108"><ele>162.0</ele><time>2025-09-17T15:51:35Z</time></trkpt>
      <trkpt lat="48.767359" lon="2.067107"><ele>162.3</ele><time>2025-09-17T15:51:36Z</time></trkpt>
      <trkpt lat="48.767359" lon="2.067106"><ele>162.5</ele><time>2025-09-17T15:51:37Z</time></trkpt>
      <trkpt lat="48.767358" lon="2.067106"><ele>162.7</ele><time>2025-09-17T15:51:38Z</time></trkpt>
      <trkpt lat="48.767359" lon="2.067106"><ele>162.7</ele><time>2025-09-17T15:51:39Z</time></trkpt>
      <trkpt lat="48.767361" lon="2.067110"><ele>162.5</ele><time>2025-09-17T15:51:40Z</time></trkpt>
      <trkpt lat="48.767361" lon="2.067108"><ele>162.1</ele><time>2025-09-17T15:51:41Z</time></trkpt>
      <trkpt lat="48.767361" lon="2.067107"><ele>162.1</ele><time>2025-09-17T15:51:42Z</time></trkpt>
      <trkpt lat="48.767362" lon="2.067106"><ele>162.2</ele><time>2025-09-17T15:51:43Z</time></trkpt>
      <trkpt lat="48.767362" lon="2.067106"><ele>162.3</ele><time>2025-09-17T15:51:44Z</time></trkpt>
      <trkpt lat="48.767362" lon="2.067106"><ele>162.2</ele><time>2025-09-17T15:51:45Z</time></trkpt>
      <trkpt lat="48.767364" lon="2.067106"><ele>162.0</ele><time>2025-09-17T15:51:46Z</time></trkpt>
      <trkpt lat="48.767365" lon="2.067105"><ele>161.7</ele><time>2025-09-17T15:51:47Z</time></trkpt>
      <trkpt lat="48.767365" lon="2.067106"><ele>161.8</ele><time>2025-09-17T15:51:48Z</time></trkpt>
      <trkpt lat="48.767364" lon="2.067105"><ele>161.8</ele><time>2025-09-17T15:51:49Z</time></trkpt>
      <trkpt lat="48.767364" lon="2.067105"><ele>161.7</ele><time>2025-09-17T15:51:50Z</time></trkpt>
      <trkpt lat="48.767362" lon="2.067105"><ele>161.7</ele><time>2025-09-17T15:51:51Z</time></trkpt>
      <trkpt lat="48.767362" lon="2.067105"><ele>161.5</ele><time>2025-09-17T15:51:52Z</time></trkpt>
      <trkpt lat="48.767364" lon="2.067106"><ele>161.5</ele><time>2025-09-17T15:51:53Z</time></trkpt>
      <trkpt lat="48.767364" lon="2.067108"><ele>161.4</ele><time>2025-09-17T15:51:54Z</time></trkpt>
      <trkpt lat="48.767364" lon="2.067111"><ele>161.5</ele><time>2025-09-17T15:51:55Z</time></trkpt>
      <trkpt lat="48.767364" lon="2.067109"><ele>160.9</ele><time>2025-09-17T15:51:56Z</time></trkpt>
      <trkpt lat="48.767360" lon="2.067106"><ele>161.0</ele><time>2025-09-17T15:51:57Z</time></trkpt>
      <trkpt lat="48.767356" lon="2.067096"><ele>161.2</ele><time>2025-09-17T15:51:58Z</time></trkpt>
      <trkpt lat="48.767358" lon="2.067087"><ele>161.8</ele><time>2025-09-17T15:51:59Z</time></trkpt>
      <trkpt lat="48.767360" lon="2.067073"><ele>162.0</ele><time>2025-09-17T15:52:00Z</time></trkpt>
      <trkpt lat="48.767363" lon="2.067064"><ele>162.4</ele><time>2025-09-17T15:52:01Z</time></trkpt>
      <trkpt lat="48.767366" lon="2.067054"><ele>162.7</ele><time>2025-09-17T15:52:02Z</time></trkpt>
      <trkpt lat="48.767365" lon="2.067047"><ele>163.5</ele><time>2025-09-17T15:52:03Z</time></trkpt>
      <trkpt lat="48.767364" lon="2.067045"><ele>164.6</ele><time>2025-09-17T15:52:04Z</time></trkpt>
      <trkpt lat="48.767367" lon="2.067040"><ele>165.4</ele><time>2025-09-17T15:52:05Z</time></trkpt>
      <trkpt lat="48.767369" lon="2.067030"><ele>165.7</ele><time>2025-09-17T15:52:06Z</time></trkpt>
      <trkpt lat="48.767365" lon="2.067029"><ele>166.9</ele><time>2025-09-17T15:52:07Z</time></trkpt>
      <trkpt lat="48.767367" lon="2.067019"><ele>167.4</ele><time>2025-09-17T15:52:08Z</time></trkpt>
      <trkpt lat="48.767369" lon="2.067006"><ele>167.7</ele><time>2025-09-17T15:52:09Z</time></trkpt>
      <trkpt lat="48.767372" lon="2.066990"><ele>167.7</ele><time>2025-09-17T15:52:10Z</time></trkpt>
      <trkpt lat="48.767373" lon="2.066975"><ele>167.7</ele><time>2025-09-17T15:52:11Z</time></trkpt>
      <trkpt lat="48.767375" lon="2.066968"><ele>168.0</ele><time>2025-09-17T15:52:12Z</time></trkpt>
      <trkpt lat="48.767375" lon="2.066962"><ele>168.8</ele><time>2025-09-17T15:52:13Z</time></trkpt>
      <trkpt lat="48.767371" lon="2.066961"><ele>169.6</ele><time>2025-09-17T15:52:14Z</time></trkpt>
      <trkpt lat="48.767369" lon="2.066962"><ele>170.2</ele><time>2025-09-17T15:52:15Z</time></trkpt>
      <trkpt lat="48.767365" lon="2.066965"><ele>170.9</ele><time>2025-09-17T15:52:16Z</time></trkpt>
      <trkpt lat="48.767362" lon="2.066969"><ele>171.6</ele><time>2025-09-17T15:52:17Z</time></trkpt>
      <trkpt lat="48.767358" lon="2.066974"><ele>172.0</ele><time>2025-09-17T15:52:18Z</time></trkpt>
      <trkpt lat="48.767353" lon="2.066978"><ele>172.4</ele><time>2025-09-17T15:52:19Z</time></trkpt>
      <trkpt lat="48.767347" lon="2.066987"><ele>173.0</ele><time>2025-09-17T15:52:20Z</time></trkpt>
      <trkpt lat="48.767347" lon="2.066988"><ele>173.4</ele><time>2025-09-17T15:52:21Z</time></trkpt>
      <trkpt lat="48.767343" lon="2.066994"><ele>174.2</ele><time>2025-09-17T15:52:22Z</time></trkpt>
      <trkpt lat="48.767339" lon="2.066988"><ele>174.8</ele><time>2025-09-17T15:52:23Z</time></trkpt>
      <trkpt lat="48.767336" lon="2.066988"><ele>175.5</ele><time>2025-09-17T15:52:24Z</time></trkpt>
      <trkpt lat="48.767330" lon="2.066997"><ele>175.8</ele><time>2025-09-17T15:52:25Z</time></trkpt>
      <trkpt lat="48.767339" lon="2.066993"><ele>175.9</ele><time>2025-09-17T15:52:26Z</time></trkpt>
      <trkpt lat="48.767334" lon="2.067012"><ele>175.5</ele><time>2025-09-17T15:52:27Z</time></trkpt>
      <trkpt lat="48.767326" lon="2.067020"><ele>175.5</ele><time>2025-09-17T15:52:28Z</time></trkpt>
      <trkpt lat="48.767315" lon="2.067028"><ele>175.7</ele><time>2025-09-17T15:52:29Z</time></trkpt>
      <trkpt lat="48.767307" lon="2.067029"><ele>176.5</ele><time>2025-09-17T15:52:30Z</time></trkpt>
      <trkpt lat="48.767302" lon="2.067020"><ele>176.5</ele><time>2025-09-17T15:52:31Z</time></trkpt>
      <trkpt lat="48.767294" lon="2.067019"><ele>176.8</ele><time>2025-09-17T15:52:32Z</time></trkpt>
      <trkpt lat="48.767300" lon="2.067008"><ele>177.9</ele><time>2025-09-17T15:52:33Z</time></trkpt>
      <trkpt lat="48.767294" lon="2.066996"><ele>179.1</ele><time>2025-09-17T15:52:34Z</time></trkpt>
      <trkpt lat="48.767297" lon="2.066986"><ele>180.2</ele><time>2025-09-17T15:52:35Z</time></trkpt>
      <trkpt lat="48.767292" lon="2.066990"><ele>179.7</ele><time>2025-09-17T15:52:36Z</time></trkpt>
      <trkpt lat="48.767296" lon="2.066977"><ele>180.7</ele><time>2025-09-17T15:52:37Z</time></trkpt>
      <trkpt lat="48.767308" lon="2.066952"><ele>182.2</ele><time>2025-09-17T15:52:38Z</time></trkpt>
      <trkpt lat="48.767314" lon="2.066939"><ele>182.6</ele><time>2025-09-17T15:52:39Z</time></trkpt>
      <trkpt lat="48.767316" lon="2.066941"><ele>185.5</ele><time>2025-09-17T15:52:40Z</time></trkpt>
      <trkpt lat="48.767311" lon="2.066939"><ele>187.8</ele><time>2025-09-17T15:52:41Z</time></trkpt>
      <trkpt lat="48.767316" lon="2.066950"><ele>188.8</ele><time>2025-09-17T15:52:42Z</time></trkpt>
      <trkpt lat="48.767313" lon="2.066922"><ele>190.3</ele><time>2025-09-17T15:52:43Z</time></trkpt>
      <trkpt lat="48.767320" lon="2.066896"><ele>191.2</ele><time>2025-09-17T15:52:44Z</time></trkpt>
      <trkpt lat="48.767327" lon="2.066885"><ele>192.5</ele><time>2025-09-17T15:52:45Z</time></trkpt>
      <trkpt lat="48.767337" lon="2.066874"><ele>192.6</ele><time>2025-09-17T15:52:46Z</time></trkpt>
      <trkpt lat="48.767316" lon="2.066837"><ele>198.2</ele><time>2025-09-17T15:52:47Z</time></trkpt>
      <trkpt lat="48.767297" lon="2.066791"><ele>203.3</ele><time>2025-09-17T15:52:48Z</time></trkpt>
      <trkpt lat="48.767291" lon="2.066760"><ele>206.0</ele><time>2025-09-17T15:52:49Z</time></trkpt>
      <trkpt lat="48.767288" lon="2.066733"><ele>208.3</ele><time>2025-09-17T15:52:50Z</time></trkpt>
      <trkpt lat="48.767287" lon="2.066714"><ele>211.8</ele><time>2025-09-17T15:52:51Z</time></trkpt>
      <trkpt lat="48.767303" lon="2.066708"><ele>211.4</ele><time>2025-09-17T15:52:52Z</time></trkpt>
      <trkpt lat="48.767299" lon="2.066704"><ele>211.1</ele><time>2025-09-17T15:52:53Z</time></trkpt>
      <trkpt lat="48.767296" lon="2.066724"><ele>213.2</ele><time>2025-09-17T15:52:54Z</time></trkpt>
      <trkpt lat="48.767292" lon="2.066741"><ele>212.8</ele><time>2025-09-17T15:52:55Z</time></trkpt>
      <trkpt lat="48.767289" lon="2.066740"><ele>212.2</ele><time>2025-09-17T15:52:56Z</time></trkpt>
      <trkpt lat="48.767296" lon="2.066730"><ele>212.0</ele><time>2025-09-17T15:52:57Z</time></trkpt>
      <trkpt lat="48.767290" lon="2.066740"><ele>211.7</ele><time>2025-09-17T15:52:58Z</time></trkpt>
      <trkpt lat="48.767289" lon="2.066757"><ele>211.7</ele><time>2025-09-17T15:52:59Z</time></trkpt>
      <trkpt lat="48.767293" lon="2.066781"><ele>211.3</ele><time>2025-09-17T15:53:00Z</time></trkpt>
      <trkpt lat="48.767284" lon="2.066792"><ele>212.4</ele><time>2025-09-17T15:53:01Z</time></trkpt>
      <trkpt lat="48.767339" lon="2.066733"><ele>209.3</ele><time>2025-09-17T15:53:02Z</time></trkpt>
      <trkpt lat="48.767393" lon="2.066683"><ele>205.5</ele><time>2025-09-17T15:53:03Z</time></trkpt>
      <trkpt lat="48.767420" lon="2.066671"><ele>203.5</ele><time>2025-09-17T15:53:04Z</time></trkpt>
      <trkpt lat="48.767433" lon="2.066670"><ele>202.9</ele><time>2025-09-17T15:53:05Z</time></trkpt>
      <trkpt lat="48.767446" lon="2.066675"><ele>203.1</ele><time>2025-09-17T15:53:06Z</time></trkpt>
      <trkpt lat="48.767458" lon="2.066682"><ele>202.2</ele><time>2025-09-17T15:53:07Z</time></trkpt>
      <trkpt lat="48.767471" lon="2.066694"><ele>201.1</ele><time>2025-09-17T15:53:08Z</time></trkpt>
      <trkpt lat="48.767482" lon="2.066711"><ele>200.1</ele><time>2025-09-17T15:53:09Z</time></trkpt>
      <trkpt lat="48.767488" lon="2.066726"><ele>199.1</ele><time>2025-09-17T15:53:10Z</time></trkpt>
      <trkpt lat="48.767490" lon="2.066730"><ele>198.3</ele><time>2025-09-17T15:53:11Z</time></trkpt>
      <trkpt lat="48.767501" lon="2.066716"><ele>196.5</ele><time>2025-09-17T15:53:12Z</time></trkpt>
      <trkpt lat="48.767518" lon="2.066691"><ele>194.5</ele><time>2025-09-17T15:53:13Z</time></trkpt>
      <trkpt lat="48.767536" lon="2.066663"><ele>192.3</ele><time>2025-09-17T15:53:14Z</time></trkpt>
      <trkpt lat="48.767552" lon="2.066635"><ele>190.0</ele><time>2025-09-17T15:53:15Z</time></trkpt>
      <trkpt lat="48.767564" lon="2.066627"><ele>188.9</ele><time>2025-09-17T15:53:16Z</time></trkpt>
      <trkpt lat="48.767577" lon="2.066612"><ele>187.7</ele><time>2025-09-17T15:53:17Z</time></trkpt>
      <trkpt lat="48.767589" lon="2.066597"><ele>186.6</ele><time>2025-09-17T15:53:18Z</time></trkpt>
      <trkpt lat="48.767590" lon="2.066589"><ele>186.7</ele><time>2025-09-17T15:53:19Z</time></trkpt>
      <trkpt lat="48.767596" lon="2.066594"><ele>186.1</ele><time>2025-09-17T15:53:20Z</time></trkpt>
      <trkpt lat="48.767603" lon="2.066585"><ele>186.6</ele><time>2025-09-17T15:53:21Z</time></trkpt>
      <trkpt lat="48.767612" lon="2.066603"><ele>185.4</ele><time>2025-09-17T15:53:22Z</time></trkpt>
      <trkpt lat="48.767617" lon="2.066618"><ele>185.5</ele><time>2025-09-17T15:53:23Z</time></trkpt>
      <trkpt lat="48.767628" lon="2.066629"><ele>185.4</ele><time>2025-09-17T15:53:24Z</time></trkpt>
      <trkpt lat="48.767634" lon="2.066638"><ele>185.3</ele><time>2025-09-17T15:53:25Z</time></trkpt>
      <trkpt lat="48.767637" lon="2.066637"><ele>185.5</ele><time>2025-09-17T15:53:26Z</time></trkpt>
      <trkpt lat="48.767637" lon="2.066638"><ele>184.4</ele><time>2025-09-17T15:53:27Z</time></trkpt>
      <trkpt lat="48.767642" lon="2.066627"><ele>183.4</ele><time>2025-09-17T15:53:28Z</time></trkpt>
      <trkpt lat="48.767635" lon="2.066624"><ele>182.6</ele><time>2025-09-17T15:53:29Z</time></trkpt>
      <trkpt lat="48.767647" lon="2.066628"><ele>181.5</ele><time>2025-09-17T15:53:30Z</time></trkpt>
      <trkpt lat="48.767642" lon="2.066628"><ele>180.7</ele><time>2025-09-17T15:53:31Z</time></trkpt>
      <trkpt lat="48.767623" lon="2.066623"><ele>179.7</ele><time>2025-09-17T15:53:32Z</time></trkpt>
      <trkpt lat="48.767627" lon="2.066635"><ele>178.9</ele><time>2025-09-17T15:53:33Z</time></trkpt>
      <trkpt lat="48.767636" lon="2.066645"><ele>178.1</ele><time>2025-09-17T15:53:34Z</time></trkpt>
      <trkpt lat="48.767632" lon="2.066643"><ele>177.0</ele><time>2025-09-17T15:53:35Z</time></trkpt>
      <trkpt lat="48.767632" lon="2.066637"><ele>176.3</ele><time>2025-09-17T15:53:36Z</time></trkpt>
      <trkpt lat="48.767628" lon="2.066634"><ele>175.5</ele><time>2025-09-17T15:53:37Z</time></trkpt>
      <trkpt lat="48.767632" lon="2.066629"><ele>174.2</ele><time>2025-09-17T15:53:38Z</time></trkpt>
      <trkpt lat="48.767628" lon="2.066624"><ele>173.2</ele><time>2025-09-17T15:53:39Z</time></trkpt>
      <trkpt lat="48.767624" lon="2.066615"><ele>172.2</ele><time>2025-09-17T15:53:40Z</time></trkpt>
      <trkpt lat="48.767617" lon="2.066606"><ele>171.6</ele><time>2025-09-17T15:53:41Z</time></trkpt>
      <trkpt lat="48.767617" lon="2.066597"><ele>170.5</ele><time>2025-09-17T15:53:42Z</time></trkpt>
      <trkpt lat="48.767615" lon="2.066598"><ele>169.6</ele><time>2025-09-17T15:53:43Z</time></trkpt>
      <trkpt lat="48.767626" lon="2.066606"><ele>168.5</ele><time>2025-09-17T15:53:44Z</time></trkpt>
      <trkpt lat="48.767629" lon="2.066604"><ele>168.0</ele><time>2025-09-17T15:53:45Z</time></trkpt>
      <trkpt lat="48.767621" lon="2.066581"><ele>167.2</ele><time>2025-09-17T15:53:46Z</time></trkpt>
      <trkpt lat="48.767621" lon="2.066592"><ele>166.3</ele><time>2025-09-17T15:53:47Z</time></trkpt>
      <trkpt lat="48.767617" lon="2.066585"><ele>166.6</ele><time>2025-09-17T15:53:48Z</time></trkpt>
      <trkpt lat="48.767616" lon="2.066586"><ele>166.7</ele><time>2025-09-17T15:53:49Z</time></trkpt>
      <trkpt lat="48.767621" lon="2.066587"><ele>167.5</ele><time>2025-09-17T15:53:50Z</time></trkpt>
      <trkpt lat="48.767620" lon="2.066593"><ele>168.1</ele><time>2025-09-17T15:53:51Z</time></trkpt>
      <trkpt lat="48.767608" lon="2.066609"><ele>168.2</ele><time>2025-09-17T15:53:52Z</time></trkpt>
      <trkpt lat="48.767604" lon="2.066606"><ele>167.8</ele><time>2025-09-17T15:53:53Z</time></trkpt>
      <trkpt lat="48.767602" lon="2.066624"><ele>168.1</ele><time>2025-09-17T15:53:54Z</time></trkpt>
      <trkpt lat="48.767596" lon="2.066638"><ele>167.9</ele><time>2025-09-17T15:53:55Z</time></trkpt>
      <trkpt lat="48.767603" lon="2.066629"><ele>167.7</ele><time>2025-09-17T15:53:56Z</time></trkpt>
      <trkpt lat="48.767603" lon="2.066626"><ele>167.8</ele><time>2025-09-17T15:53:57Z</time></trkpt>
      <trkpt lat="48.767609" lon="2.066622"><ele>168.0</ele><time>2025-09-17T15:53:58Z</time></trkpt>
      <trkpt lat="48.767611" lon="2.066613"><ele>167.8</ele><time>2025-09-17T15:53:59Z</time></trkpt>
      <trkpt lat="48.767604" lon="2.066596"><ele>167.9</ele><time>2025-09-17T15:54:00Z</time></trkpt>
      <trkpt lat="48.767613" lon="2.066595"><ele>167.8</ele><time>2025-09-17T15:54:01Z</time></trkpt>
      <trkpt lat="48.767621" lon="2.066590"><ele>167.4</ele><time>2025-09-17T15:54:02Z</time></trkpt>
      <trkpt lat="48.767632" lon="2.066584"><ele>167.2</ele><time>2025-09-17T15:54:03Z</time></trkpt>
      <trkpt lat="48.767630" lon="2.066577"><ele>166.6</ele><time>2025-09-17T15:54:04Z</time></trkpt>
      <trkpt lat="48.767637" lon="2.066577"><ele>166.5</ele><time>2025-09-17T15:54:05Z</time></trkpt>
      <trkpt lat="48.767632" lon="2.066577"><ele>166.4</ele><time>2025-09-17T15:54:06Z</time></trkpt>
      <trkpt lat="48.767622" lon="2.066573"><ele>166.1</ele><time>2025-09-17T15:54:07Z</time></trkpt>
      <trkpt lat="48.767623" lon="2.066589"><ele>166.3</ele><time>2025-09-17T15:54:08Z</time></trkpt>
      <trkpt lat="48.767628" lon="2.066585"><ele>166.3</ele><time>2025-09-17T15:54:09Z</time></trkpt>
      <trkpt lat="48.767615" lon="2.066615"><ele>166.6</ele><time>2025-09-17T15:54:10Z</time></trkpt>
      <trkpt lat="48.767602" lon="2.066628"><ele>166.5</ele><time>2025-09-17T15:54:11Z</time></trkpt>
      <trkpt lat="48.767601" lon="2.066625"><ele>166.3</ele><time>2025-09-17T15:54:12Z</time></trkpt>
      <trkpt lat="48.767604" lon="2.066640"><ele>166.6</ele><time>2025-09-17T15:54:13Z</time></trkpt>
      <trkpt lat="48.767599" lon="2.066649"><ele>166.8</ele><time>2025-09-17T15:54:14Z</time></trkpt>
      <trkpt lat="48.767606" lon="2.066658"><ele>166.6</ele><time>2025-09-17T15:54:15Z</time></trkpt>
      <trkpt lat="48.767597" lon="2.066656"><ele>166.6</ele><time>2025-09-17T15:54:16Z</time></trkpt>
      <trkpt lat="48.767587" lon="2.066669"><ele>166.8</ele><time>2025-09-17T15:54:17Z</time></trkpt>
      <trkpt lat="48.767581" lon="2.066677"><ele>167.2</ele><time>2025-09-17T15:54:18Z</time></trkpt>
      <trkpt lat="48.767590" lon="2.066683"><ele>167.7</ele><time>2025-09-17T15:54:19Z</time></trkpt>
      <trkpt lat="48.767610" lon="2.066684"><ele>168.6</ele><time>2025-09-17T15:54:20Z</time></trkpt>
      <trkpt lat="48.767622" lon="2.066695"><ele>169.8</ele><time>2025-09-17T15:54:21Z</time></trkpt>
      <trkpt lat="48.767620" lon="2.066712"><ele>170.9</ele><time>2025-09-17T15:54:22Z</time></trkpt>
      <trkpt lat="48.767639" lon="2.066705"><ele>171.7</ele><time>2025-09-17T15:54:23Z</time></trkpt>
      <trkpt lat="48.767636" lon="2.066706"><ele>172.3</ele><time>2025-09-17T15:54:24Z</time></trkpt>
      <trkpt lat="48.767643" lon="2.066708"><ele>173.5</ele><time>2025-09-17T15:54:25Z</time></trkpt>
      <trkpt lat="48.767654" lon="2.066703"><ele>174.5</ele><time>2025-09-17T15:54:26Z</time></trkpt>
      <trkpt lat="48.767653" lon="2.066699"><ele>175.3</ele><time>2025-09-17T15:54:27Z</time></trkpt>
      <trkpt lat="48.767657" lon="2.066703"><ele>176.1</ele><time>2025-09-17T15:54:28Z</time></trkpt>
      <trkpt lat="48.767652" lon="2.066708"><ele>176.4</ele><time>2025-09-17T15:54:29Z</time></trkpt>
      <trkpt lat="48.767632" lon="2.066711"><ele>176.9</ele><time>2025-09-17T15:54:30Z</time></trkpt>
      <trkpt lat="48.767623" lon="2.066722"><ele>177.6</ele><time>2025-09-17T15:54:31Z</time></trkpt>
      <trkpt lat="48.767623" lon="2.066726"><ele>178.4</ele><time>2025-09-17T15:54:32Z</time></trkpt>
      <trkpt lat="48.767622" lon="2.066706"><ele>179.0</ele><time>2025-09-17T15:54:33Z</time></trkpt>
      <trkpt lat="48.767635" lon="2.066714"><ele>179.5</ele><time>2025-09-17T15:54:34Z</time></trkpt>
      <trkpt lat="48.767626" lon="2.066728"><ele>179.9</ele><time>2025-09-17T15:54:35Z</time></trkpt>
      <trkpt lat="48.767626" lon="2.066719"><ele>180.2</ele><time>2025-09-17T15:54:36Z</time></trkpt>
      <trkpt lat="48.767636" lon="2.066727"><ele>180.0</ele><time>2025-09-17T15:54:37Z</time></trkpt>
      <trkpt lat="48.767625" lon="2.066721"><ele>180.2</ele><time>2025-09-17T15:54:38Z</time></trkpt>
      <trkpt lat="48.767633" lon="2.066713"><ele>180.0</ele><time>2025-09-17T15:54:39Z</time></trkpt>
      <trkpt lat="48.767644" lon="2.066676"><ele>181.7</ele><time>2025-09-17T15:54:40Z</time></trkpt>
      <trkpt lat="48.767639" lon="2.066656"><ele>183.1</ele><time>2025-09-17T15:54:41Z</time></trkpt>
      <trkpt lat="48.767609" lon="2.066635"><ele>185.0</ele><time>2025-09-17T15:54:42Z</time></trkpt>
      <trkpt lat="48.767614" lon="2.066620"><ele>186.6</ele><time>2025-09-17T15:54:43Z</time></trkpt>
      <trkpt lat="48.767614" lon="2.066626"><ele>186.8</ele><time>2025-09-17T15:54:44Z</time></trkpt>
      <trkpt lat="48.767622" lon="2.066615"><ele>187.0</ele><time>2025-09-17T15:54:45Z</time></trkpt>
      <trkpt lat="48.767641" lon="2.066611"><ele>187.1</ele><time>2025-09-17T15:54:46Z</time></trkpt>
      <trkpt lat="48.767635" lon="2.066637"><ele>187.1</ele><time>2025-09-17T15:54:47Z</time></trkpt>
      <trkpt lat="48.767624" lon="2.066621"><ele>186.9</ele><time>2025-09-17T15:54:48Z</time></trkpt>
      <trkpt lat="48.767618" lon="2.066630"><ele>186.7</ele><time>2025-09-17T15:54:49Z</time></trkpt>
      <trkpt lat="48.767594" lon="2.066634"><ele>186.1</ele><time>2025-09-17T15:54:50Z</time></trkpt>
      <trkpt lat="48.767610" lon="2.066636"><ele>186.0</ele><time>2025-09-17T15:54:51Z</time></trkpt>
      <trkpt lat="48.767615" lon="2.066631"><ele>185.6</ele><time>2025-09-17T15:54:52Z</time></trkpt>
      <trkpt lat="48.767632" lon="2.066633"><ele>185.4</ele><time>2025-09-17T15:54:53Z</time></trkpt>
      <trkpt lat="48.767634" lon="2.066628"><ele>185.2</ele><time>2025-09-17T15:54:54Z</time></trkpt>
      <trkpt lat="48.767623" lon="2.066624"><ele>184.5</ele><time>2025-09-17T15:54:55Z</time></trkpt>
      <trkpt lat="48.767625" lon="2.066631"><ele>184.1</ele><time>2025-09-17T15:54:56Z</time></trkpt>
      <trkpt lat="48.767611" lon="2.066628"><ele>183.3</ele><time>2025-09-17T15:54:57Z</time></trkpt>
      <trkpt lat="48.767600" lon="2.066628"><ele>182.5</ele><time>2025-09-17T15:54:58Z</time></trkpt>
      <trkpt lat="48.767589" lon="2.066614"><ele>181.4</ele><time>2025-09-17T15:54:59Z</time></trkpt>
      <trkpt lat="48.767582" lon="2.066611"><ele>180.4</ele><time>2025-09-17T15:55:00Z</time></trkpt>
      <trkpt lat="48.767579" lon="2.066583"><ele>179.8</ele><time>2025-09-17T15:55:01Z</time></trkpt>
      <trkpt lat="48.767579" lon="2.066564"><ele>178.5</ele><time>2025-09-17T15:55:03Z</time></trkpt>
      <trkpt lat="48.767579" lon="2.066564"><ele>178.5</ele><time>2025-09-17T15:55:04Z</time></trkpt>
      <trkpt lat="48.767570" lon="2.066526"><ele>178.2</ele><time>2025-09-17T15:55:07Z</time></trkpt>
      <trkpt lat="48.767567" lon="2.066529"><ele>178.1</ele><time>2025-09-17T15:55:08Z</time></trkpt>
      <trkpt lat="48.767575" lon="2.066498"><ele>178.1</ele><time>2025-09-17T15:55:09Z</time></trkpt>
      <trkpt lat="48.767565" lon="2.066533"><ele>177.8</ele><time>2025-09-17T15:55:10Z</time></trkpt>
      <trkpt lat="48.767555" lon="2.066535"><ele>177.7</ele><time>2025-09-17T15:55:11Z</time></trkpt>
      <trkpt lat="48.767562" lon="2.066539"><ele>177.3</ele><time>2025-09-17T15:55:12Z</time></trkpt>
      <trkpt lat="48.767574" lon="2.066521"><ele>176.9</ele><time>2025-09-17T15:55:13Z</time></trkpt>
      <trkpt lat="48.767616" lon="2.066479"><ele>176.3</ele><time>2025-09-17T15:55:14Z</time></trkpt>
      <trkpt lat="48.767644" lon="2.066444"><ele>175.4</ele><time>2025-09-17T15:55:15Z</time></trkpt>
      <trkpt lat="48.767642" lon="2.066446"><ele>174.7</ele><time>2025-09-17T15:55:16Z</time></trkpt>
      <trkpt lat="48.767650" lon="2.066429"><ele>174.4</ele><time>2025-09-17T15:55:17Z</time></trkpt>
      <trkpt lat="48.767644" lon="2.066441"><ele>173.7</ele><time>2025-09-17T15:55:18Z</time></trkpt>
      <trkpt lat="48.767667" lon="2.066420"><ele>172.9</ele><time>2025-09-17T15:55:19Z</time></trkpt>
      <trkpt lat="48.767679" lon="2.066424"><ele>172.3</ele><time>2025-09-17T15:55:20Z</time></trkpt>
      <trkpt lat="48.767678" lon="2.066413"><ele>171.8</ele><time>2025-09-17T15:55:21Z</time></trkpt>
      <trkpt lat="48.767644" lon="2.066413"><ele>171.4</ele><time>2025-09-17T15:55:22Z</time></trkpt>
      <trkpt lat="48.767633" lon="2.066403"><ele>170.9</ele><time>2025-09-17T15:55:23Z</time></trkpt>
      <trkpt lat="48.767625" lon="2.066384"><ele>170.4</ele><time>2025-09-17T15:55:24Z</time></trkpt>
      <trkpt lat="48.767596" lon="2.066418"><ele>170.2</ele><time>2025-09-17T15:55:25Z</time></trkpt>
      <trkpt lat="48.767474" lon="2.066460"><ele>170.0</ele><time>2025-09-17T15:55:26Z</time></trkpt>
      <trkpt lat="48.767346" lon="2.066457"><ele>169.7</ele><time>2025-09-17T15:55:27Z</time></trkpt>
      <trkpt lat="48.767238" lon="2.066456"><ele>169.2</ele><time>2025-09-17T15:55:28Z</time></trkpt>
      <trkpt lat="48.767097" lon="2.066461"><ele>168.9</ele><time>2025-09-17T15:55:29Z</time></trkpt>
      <trkpt lat="48.766952" lon="2.066472"><ele>168.6</ele><time>2025-09-17T15:55:30Z</time></trkpt>
      <trkpt lat="48.766883" lon="2.066478"><ele>168.4</ele><time>2025-09-17T15:55:31Z</time></trkpt>
      <trkpt lat="48.766812" lon="2.066480"><ele>168.2</ele><time>2025-09-17T15:55:32Z</time></trkpt>
      <trkpt lat="48.766744" lon="2.066509"><ele>168.1</ele><time>2025-09-17T15:55:33Z</time></trkpt>
      <trkpt lat="48.766685" lon="2.066515"><ele>168.0</ele><time>2025-09-17T15:55:34Z</time></trkpt>
      <trkpt lat="48.766634" lon="2.066518"><ele>167.7</ele><time>2025-09-17T15:55:35Z</time></trkpt>
      <trkpt lat="48.766599" lon="2.066530"><ele>167.5</ele><time>2025-09-17T15:55:36Z</time></trkpt>
      <trkpt lat="48.766780" lon="2.066555"><ele>167.9</ele><time>2025-09-17T15:55:37Z</time></trkpt>
      <trkpt lat="48.766867" lon="2.066581"><ele>168.3</ele><time>2025-09-17T15:55:38Z</time></trkpt>
      <trkpt lat="48.766945" lon="2.066589"><ele>168.8</ele><time>2025-09-17T15:55:39Z</time></trkpt>
      <trkpt lat="48.766999" lon="2.066594"><ele>169.2</ele><time>2025-09-17T15:55:40Z</time></trkpt>
      <trkpt lat="48.767025" lon="2.066595"><ele>169.5</ele><time>2025-09-17T15:55:41Z</time></trkpt>
      <trkpt lat="48.767054" lon="2.066592"><ele>169.9</ele><time>2025-09-17T15:55:42Z</time></trkpt>
      <trkpt lat="48.767065" lon="2.066618"><ele>170.2</ele><time>2025-09-17T15:55:43Z</time></trkpt>
      <trkpt lat="48.767077" lon="2.066624"><ele>170.5</ele><time>2025-09-17T15:55:44Z</time></trkpt>
      <trkpt lat="48.767089" lon="2.066623"><ele>170.9</ele><time>2025-09-17T15:55:45Z</time></trkpt>
      <trkpt lat="48.767108" lon="2.066613"><ele>171.3</ele><time>2025-09-17T15:55:46Z</time></trkpt>
      <trkpt lat="48.767134" lon="2.066614"><ele>171.5</ele><time>2025-09-17T15:55:47Z</time></trkpt>
      <trkpt lat="48.767137" lon="2.066606"><ele>171.9</ele><time>2025-09-17T15:55:48Z</time></trkpt>
      <trkpt lat="48.767148" lon="2.066621"><ele>172.1</ele><time>2025-09-17T15:55:49Z</time></trkpt>
      <trkpt lat="48.767196" lon="2.066562"><ele>172.2</ele><time>2025-09-17T15:55:50Z</time></trkpt>
      <trkpt lat="48.767221" lon="2.066513"><ele>172.3</ele><time>2025-09-17T15:55:52Z</time></trkpt>
      <trkpt lat="48.767221" lon="2.066513"><ele>172.3</ele><time>2025-09-17T15:55:53Z</time></trkpt>
      <trkpt lat="48.767309" lon="2.066611"><ele>172.3</ele><time>2025-09-17T15:55:57Z</time></trkpt>
      <trkpt lat="48.767316" lon="2.066739"><ele>172.3</ele><time>2025-09-17T15:55:58Z</time></trkpt>
      <trkpt lat="48.767326" lon="2.066818"><ele>172.4</ele><time>2025-09-17T15:55:59Z</time></trkpt>
      <trkpt lat="48.767330" lon="2.066901"><ele>172.6</ele><time>2025-09-17T15:56:00Z</time></trkpt>
      <trkpt lat="48.767301" lon="2.066929"><ele>172.6</ele><time>2025-09-17T15:56:01Z</time></trkpt>
      <trkpt lat="48.767278" lon="2.066955"><ele>172.5</ele><time>2025-09-17T15:56:02Z</time></trkpt>
      <trkpt lat="48.767256" lon="2.066989"><ele>172.5</ele><time>2025-09-17T15:56:03Z</time></trkpt>
      <trkpt lat="48.767295" lon="2.066930"><ele>172.2</ele><time>2025-09-17T15:56:04Z</time></trkpt>
      <trkpt lat="48.767324" lon="2.066845"><ele>171.9</ele><time>2025-09-17T15:56:05Z</time></trkpt>
      <trkpt lat="48.767374" lon="2.066777"><ele>171.8</ele><time>2025-09-17T15:56:07Z</time></trkpt>
      <trkpt lat="48.767374" lon="2.066777"><ele>171.8</ele><time>2025-09-17T15:56:07Z</time></trkpt>
      <trkpt lat="48.767409" lon="2.066753"><ele>171.8</ele><time>2025-09-17T15:56:08Z</time></trkpt>
      <trkpt lat="48.767457" lon="2.066754"><ele>171.7</ele><time>2025-09-17T15:56:09Z</time></trkpt>
      <trkpt lat="48.767481" lon="2.066771"><ele>171.6</ele><time>2025-09-17T15:56:10Z</time></trkpt>
      <trkpt lat="48.767493" lon="2.066790"><ele>171.5</ele><time>2025-09-17T15:56:11Z</time></trkpt>
      <trkpt lat="48.767499" lon="2.066768"><ele>171.4</ele><time>2025-09-17T15:56:12Z</time></trkpt>
      <trkpt lat="48.767533" lon="2.066721"><ele>171.0</ele><time>2025-09-17T15:56:13Z</time></trkpt>
      <trkpt lat="48.767563" lon="2.066659"><ele>170.6</ele><time>2025-09-17T15:56:14Z</time></trkpt>
      <trkpt lat="48.767582" lon="2.066646"><ele>170.0</ele><time>2025-09-17T15:56:15Z</time></trkpt>
      <trkpt lat="48.767598" lon="2.066615"><ele>169.5</ele><time>2025-09-17T15:56:16Z</time></trkpt>
      <trkpt lat="48.767616" lon="2.066570"><ele>169.1</ele><time>2025-09-17T15:56:17Z</time></trkpt>
      <trkpt lat="48.767639" lon="2.066536"><ele>168.7</ele><time>2025-09-17T15:56:18Z</time></trkpt>
      <trkpt lat="48.767666" lon="2.066510"><ele>168.3</ele><time>2025-09-17T15:56:19Z</time></trkpt>
      <trkpt lat="48.767686" lon="2.066484"><ele>168.0</ele><time>2025-09-17T15:56:20Z</time></trkpt>
      <trkpt lat="48.767723" lon="2.066455"><ele>167.8</ele><time>2025-09-17T15:56:21Z</time></trkpt>
      <trkpt lat="48.767749" lon="2.066444"><ele>167.5</ele><time>2025-09-17T15:56:22Z</time></trkpt>
      <trkpt lat="48.767747" lon="2.066445"><ele>167.5</ele><time>2025-09-17T15:56:23Z</time></trkpt>
      <trkpt lat="48.767753" lon="2.066437"><ele>167.4</ele><time>2025-09-17T15:56:24Z</time></trkpt>
      <trkpt lat="48.767725" lon="2.066470"><ele>168.0</ele><time>2025-09-17T15:56:25Z</time></trkpt>
      <trkpt lat="48.767696" lon="2.066480"><ele>168.3</ele><time>2025-09-17T15:56:26Z</time></trkpt>
      <trkpt lat="48.767663" lon="2.066484"><ele>168.6</ele><time>2025-09-17T15:56:27Z</time></trkpt>
      <trkpt lat="48.767698" lon="2.066517"><ele>165.2</ele><time>2025-09-17T15:56:28Z</time></trkpt>
      <trkpt lat="48.767702" lon="2.066517"><ele>163.5</ele><time>2025-09-17T15:56:30Z</time></trkpt>
      <trkpt lat="48.767702" lon="2.066517"><ele>163.5</ele><time>2025-09-17T15:56:30Z</time></trkpt>
      <trkpt lat="48.767665" lon="2.066508"><ele>161.3</ele><time>2025-09-17T15:56:31Z</time></trkpt>
      <trkpt lat="48.767653" lon="2.066536"><ele>159.6</ele><time>2025-09-17T15:56:32Z</time></trkpt>
      <trkpt lat="48.767645" lon="2.066561"><ele>158.3</ele><time>2025-09-17T15:56:33Z</time></trkpt>
      <trkpt lat="48.767647" lon="2.066596"><ele>157.3</ele><time>2025-09-17T15:56:34Z</time></trkpt>
      <trkpt lat="48.767648" lon="2.066620"><ele>156.5</ele><time>2025-09-17T15:56:35Z</time></trkpt>
      <trkpt lat="48.767685" lon="2.066649"><ele>154.9</ele><time>2025-09-17T15:56:36Z</time></trkpt>
      <trkpt lat="48.767725" lon="2.066651"><ele>153.7</ele><time>2025-09-17T15:56:37Z</time></trkpt>
      <trkpt lat="48.767814" lon="2.066692"><ele>153.0</ele><time>2025-09-17T15:56:38Z</time></trkpt>
      <trkpt lat="48.767901" lon="2.066731"><ele>152.4</ele><time>2025-09-17T15:56:39Z</time></trkpt>
      <trkpt lat="48.767974" lon="2.066765"><ele>150.4</ele><time>2025-09-17T15:56:40Z</time></trkpt>
      <trkpt lat="48.768041" lon="2.066810"><ele>148.8</ele><time>2025-09-17T15:56:41Z</time></trkpt>
      <trkpt lat="48.768076" lon="2.066832"><ele>147.9</ele><time>2025-09-17T15:56:42Z</time></trkpt>
      <trkpt lat="48.768114" lon="2.066848"><ele>147.0</ele><time>2025-09-17T15:56:43Z</time></trkpt>
      <trkpt lat="48.768158" lon="2.066864"><ele>146.0</ele><time>2025-09-17T15:56:44Z</time></trkpt>
      <trkpt lat="48.768170" lon="2.066875"><ele>144.9</ele><time>2025-09-17T15:56:45Z</time></trkpt>
      <trkpt lat="48.768147" lon="2.066859"><ele>143.9</ele><time>2025-09-17T15:56:46Z</time></trkpt>
      <trkpt lat="48.768123" lon="2.066845"><ele>143.1</ele><time>2025-09-17T15:56:47Z</time></trkpt>
      <trkpt lat="48.768079" lon="2.066832"><ele>143.1</ele><time>2025-09-17T15:56:48Z</time></trkpt>
      <trkpt lat="48.768058" lon="2.066806"><ele>143.4</ele><time>2025-09-17T15:56:49Z</time></trkpt>
      <trkpt lat="48.768009" lon="2.066778"><ele>143.4</ele><time>2025-09-17T15:56:50Z</time></trkpt>
      <trkpt lat="48.767969" lon="2.066746"><ele>143.3</ele><time>2025-09-17T15:56:51Z</time></trkpt>
      <trkpt lat="48.767943" lon="2.066720"><ele>143.1</ele><time>2025-09-17T15:56:52Z</time></trkpt>
      <trkpt lat="48.767907" lon="2.066692"><ele>142.6</ele><time>2025-09-17T15:56:53Z</time></trkpt>
      <trkpt lat="48.767860" lon="2.066664"><ele>142.0</ele><time>2025-09-17T15:56:54Z</time></trkpt>
      <trkpt lat="48.767858" lon="2.066651"><ele>141.6</ele><time>2025-09-17T15:56:55Z</time></trkpt>
      <trkpt lat="48.767857" lon="2.066646"><ele>141.3</ele><time>2025-09-17T15:56:56Z</time></trkpt>
      <trkpt lat="48.767875" lon="2.066622"><ele>141.1</ele><time>2025-09-17T15:56:57Z</time></trkpt>
      <trkpt lat="48.767870" lon="2.066611"><ele>141.1</ele><time>2025-09-17T15:56:58Z</time></trkpt>
      <trkpt lat="48.767862" lon="2.066614"><ele>140.9</ele><time>2025-09-17T15:56:59Z</time></trkpt>
      <trkpt lat="48.767867" lon="2.066603"><ele>139.2</ele><time>2025-09-17T15:57:00Z</time></trkpt>
      <trkpt lat="48.767881" lon="2.066592"><ele>138.0</ele><time>2025-09-17T15:57:01Z</time></trkpt>
      <trkpt lat="48.767922" lon="2.066639"><ele>136.8</ele><time>2025-09-17T15:57:02Z</time></trkpt>
      <trkpt lat="48.767912" lon="2.066655"><ele>136.4</ele><time>2025-09-17T15:57:03Z</time></trkpt>
      <trkpt lat="48.767898" lon="2.066660"><ele>136.1</ele><time>2025-09-17T15:57:04Z</time></trkpt>
      <trkpt lat="48.767917" lon="2.066650"><ele>134.8</ele><time>2025-09-17T15:57:05Z</time></trkpt>
      <trkpt lat="48.767942" lon="2.066619"><ele>134.5</ele><time>2025-09-17T15:57:06Z</time></trkpt>
      <trkpt lat="48.767980" lon="2.066597"><ele>134.5</ele><time>2025-09-17T15:57:07Z</time></trkpt>
      <trkpt lat="48.768008" lon="2.066580"><ele>135.3</ele><time>2025-09-17T15:57:08Z</time></trkpt>
      <trkpt lat="48.768017" lon="2.066568"><ele>135.8</ele><time>2025-09-17T15:57:09Z</time></trkpt>
      <trkpt lat="48.768023" lon="2.066552"><ele>136.2</ele><time>2025-09-17T15:57:10Z</time></trkpt>
      <trkpt lat="48.768029" lon="2.066538"><ele>136.5</ele><time>2025-09-17T15:57:11Z</time></trkpt>
      <trkpt lat="48.768038" lon="2.066508"><ele>137.1</ele><time>2025-09-17T15:57:12Z</time></trkpt>
      <trkpt lat="48.768072" lon="2.066484"><ele>137.1</ele><time>2025-09-17T15:57:13Z</time></trkpt>
      <trkpt lat="48.768097" lon="2.066464"><ele>137.2</ele><time>2025-09-17T15:57:14Z</time></trkpt>
      <trkpt lat="48.768085" lon="2.066467"><ele>136.9</ele><time>2025-09-17T15:57:15Z</time></trkpt>
      <trkpt lat="48.768060" lon="2.066460"><ele>136.4</ele><time>2025-09-17T15:57:16Z</time></trkpt>
      <trkpt lat="48.768043" lon="2.066446"><ele>136.3</ele><time>2025-09-17T15:57:17Z</time></trkpt>
      <trkpt lat="48.768050" lon="2.066412"><ele>136.7</ele><time>2025-09-17T15:57:18Z</time></trkpt>
      <trkpt lat="48.768077" lon="2.066371"><ele>137.5</ele><time>2025-09-17T15:57:19Z</time></trkpt>
      <trkpt lat="48.768073" lon="2.066340"><ele>138.3</ele><time>2025-09-17T15:57:20Z</time></trkpt>
      <trkpt lat="48.768089" lon="2.066309"><ele>138.6</ele><time>2025-09-17T15:57:21Z</time></trkpt>
      <trkpt lat="48.768118" lon="2.066276"><ele>138.9</ele><time>2025-09-17T15:57:22Z</time></trkpt>
      <trkpt lat="48.768140" lon="2.066241"><ele>139.4</ele><time>2025-09-17T15:57:23Z</time></trkpt>
      <trkpt lat="48.768164" lon="2.066220"><ele>139.8</ele><time>2025-09-17T15:57:24Z</time></trkpt>
      <trkpt lat="48.768193" lon="2.066195"><ele>140.2</ele><time>2025-09-17T15:57:25Z</time></trkpt>
      <trkpt lat="48.768271" lon="2.066131"><ele>140.1</ele><time>2025-09-17T15:57:26Z</time></trkpt>
      <trkpt lat="48.768346" lon="2.066088"><ele>140.1</ele><time>2025-09-17T15:57:27Z</time></trkpt>
      <trkpt lat="48.768424" lon="2.066029"><ele>140.1</ele><time>2025-09-17T15:57:28Z</time></trkpt>
      <trkpt lat="48.768516" lon="2.065965"><ele>140.0</ele><time>2025-09-17T15:57:29Z</time></trkpt>
      <trkpt lat="48.768562" lon="2.065925"><ele>139.9</ele><time>2025-09-17T15:57:31Z</time></trkpt>
      <trkpt lat="48.768562" lon="2.065925"><ele>139.9</ele><time>2025-09-17T15:57:31Z</time></trkpt>
      <trkpt lat="48.768557" lon="2.065879"><ele>139.5</ele><time>2025-09-17T15:57:32Z</time></trkpt>
      <trkpt lat="48.768526" lon="2.065849"><ele>139.1</ele><time>2025-09-17T15:57:33Z</time></trkpt>
      <trkpt lat="48.768492" lon="2.065819"><ele>138.7</ele><time>2025-09-17T15:57:34Z</time></trkpt>
      <trkpt lat="48.768455" lon="2.065768"><ele>138.2</ele><time>2025-09-17T15:57:35Z</time></trkpt>
      <trkpt lat="48.768416" lon="2.065851"><ele>137.8</ele><time>2025-09-17T15:57:36Z</time></trkpt>
      <trkpt lat="48.768390" lon="2.065872"><ele>137.4</ele><time>2025-09-17T15:57:37Z</time></trkpt>
      <trkpt lat="48.768372" lon="2.065904"><ele>137.2</ele><time>2025-09-17T15:57:38Z</time></trkpt>
      <trkpt lat="48.768352" lon="2.065922"><ele>137.1</ele><time>2025-09-17T15:57:39Z</time></trkpt>
      <trkpt lat="48.768328" lon="2.066008"><ele>135.9</ele><time>2025-09-17T15:57:40Z</time></trkpt>
      <trkpt lat="48.768304" lon="2.066100"><ele>134.9</ele><time>2025-09-17T15:57:41Z</time></trkpt>
      <trkpt lat="48.768300" lon="2.066158"><ele>133.5</ele><time>2025-09-17T15:57:42Z</time></trkpt>
      <trkpt lat="48.768290" lon="2.066232"><ele>131.9</ele><time>2025-09-17T15:57:43Z</time></trkpt>
      <trkpt lat="48.768242" lon="2.066328"><ele>131.5</ele><time>2025-09-17T15:57:44Z</time></trkpt>
      <trkpt lat="48.768206" lon="2.066417"><ele>130.9</ele><time>2025-09-17T15:57:45Z</time></trkpt>
      <trkpt lat="48.768177" lon="2.066455"><ele>130.8</ele><time>2025-09-17T15:57:46Z</time></trkpt>
      <trkpt lat="48.768149" lon="2.066494"><ele>130.6</ele><time>2025-09-17T15:57:47Z</time></trkpt>
      <trkpt lat="48.768125" lon="2.066519"><ele>130.4</ele><time>2025-09-17T15:57:48Z</time></trkpt>
      <trkpt lat="48.768098" lon="2.066540"><ele>130.2</ele><time>2025-09-17T15:57:49Z</time></trkpt>
      <trkpt lat="48.768062" lon="2.066536"><ele>129.8</ele><time>2025-09-17T15:57:50Z</time></trkpt>
      <trkpt lat="48.768036" lon="2.066535"><ele>129.5</ele><time>2025-09-17T15:57:51Z</time></trkpt>
      <trkpt lat="48.768016" lon="2.066537"><ele>129.2</ele><time>2025-09-17T15:57:52Z</time></trkpt>
      <trkpt lat="48.768001" lon="2.066548"><ele>128.9</ele><time>2025-09-17T15:57:53Z</time></trkpt>
      <trkpt lat="48.767982" lon="2.066551"><ele>128.8</ele><time>2025-09-17T15:57:54Z</time></trkpt>
      <trkpt lat="48.767979" lon="2.066574"><ele>128.5</ele><time>2025-09-17T15:57:55Z</time></trkpt>
      <trkpt lat="48.767969" lon="2.066584"><ele>128.4</ele><time>2025-09-17T15:57:56Z</time></trkpt>
      <trkpt lat="48.767965" lon="2.066604"><ele>128.2</ele><time>2025-09-17T15:57:57Z</time></trkpt>
      <trkpt lat="48.767963" lon="2.066622"><ele>128.0</ele><time>2025-09-17T15:57:58Z</time></trkpt>
      <trkpt lat="48.767962" lon="2.066638"><ele>127.9</ele><time>2025-09-17T15:57:59Z</time></trkpt>
      <trkpt lat="48.767965" lon="2.066665"><ele>127.7</ele><time>2025-09-17T15:58:00Z</time></trkpt>
      <trkpt lat="48.767966" lon="2.066724"><ele>127.5</ele><time>2025-09-17T15:58:01Z</time></trkpt>
      <trkpt lat="48.767950" lon="2.066805"><ele>127.3</ele><time>2025-09-17T15:58:02Z</time></trkpt>
      <trkpt lat="48.767937" lon="2.066859"><ele>127.1</ele><time>2025-09-17T15:58:03Z</time></trkpt>
      <trkpt lat="48.767924" lon="2.066914"><ele>126.8</ele><time>2025-09-17T15:58:04Z</time></trkpt>
      <trkpt lat="48.767913" lon="2.066936"><ele>126.6</ele><time>2025-09-17T15:58:05Z</time></trkpt>
      <trkpt lat="48.767901" lon="2.066976"><ele>126.4</ele><time>2025-09-17T15:58:07Z</time></trkpt>
      <trkpt lat="48.767901" lon="2.066976"><ele>126.4</ele><time>2025-09-17T15:58:08Z</time></trkpt>
      <trkpt lat="48.767943" lon="2.067270"><ele>127.0</ele><time>2025-09-17T15:58:10Z</time></trkpt>
      <trkpt lat="48.767997" lon="2.067472"><ele>126.4</ele><time>2025-09-17T15:58:11Z</time></trkpt>
      <trkpt lat="48.768053" lon="2.067667"><ele>125.6</ele><time>2025-09-17T15:58:12Z</time></trkpt>
      <trkpt lat="48.768144" lon="2.067810"><ele>125.0</ele><time>2025-09-17T15:58:13Z</time></trkpt>
      <trkpt lat="48.768222" lon="2.067992"><ele>124.2</ele><time>2025-09-17T15:58:14Z</time></trkpt>
      <trkpt lat="48.768288" lon="2.068186"><ele>124.0</ele><time>2025-09-17T15:58:15Z</time></trkpt>
      <trkpt lat="48.768302" lon="2.068251"><ele>124.9</ele><time>2025-09-17T15:58:16Z</time></trkpt>
      <trkpt lat="48.768349" lon="2.068264"><ele>125.6</ele><time>2025-09-17T15:58:17Z</time></trkpt>
      <trkpt lat="48.768392" lon="2.068292"><ele>126.2</ele><time>2025-09-17T15:58:19Z</time></trkpt>
      <trkpt lat="48.768392" lon="2.068292"><ele>126.2</ele><time>2025-09-17T15:58:20Z</time></trkpt>
      <trkpt lat="48.768373" lon="2.067939"><ele>127.8</ele><time>2025-09-17T15:58:24Z</time></trkpt>
      <trkpt lat="48.768173" lon="2.067353"><ele>130.3</ele><time>2025-09-17T15:58:26Z</time></trkpt>
      <trkpt lat="48.768173" lon="2.067353"><ele>130.3</ele><time>2025-09-17T15:58:27Z</time></trkpt>
      <trkpt lat="48.768175" lon="2.066126"><ele>134.0</ele><time>2025-09-17T15:58:39Z</time></trkpt>
      <trkpt lat="48.768175" lon="2.066126"><ele>134.0</ele><time>2025-09-17T15:58:40Z</time></trkpt>
      <trkpt lat="48.767867" lon="2.066975"><ele>136.0</ele><time>2025-09-17T15:58:44Z</time></trkpt>
      <trkpt lat="48.767694" lon="2.067332"><ele>138.4</ele><time>2025-09-17T15:58:45Z</time></trkpt>
      <trkpt lat="48.767566" lon="2.067754"><ele>139.5</ele><time>2025-09-17T15:58:46Z</time></trkpt>
      <trkpt lat="48.767522" lon="2.068056"><ele>140.4</ele><time>2025-09-17T15:58:47Z</time></trkpt>
      <trkpt lat="48.767536" lon="2.068302"><ele>141.2</ele><time>2025-09-17T15:58:48Z</time></trkpt>
      <trkpt lat="48.767691" lon="2.068483"><ele>143.5</ele><time>2025-09-17T15:58:49Z</time></trkpt>
      <trkpt lat="48.767864" lon="2.068588"><ele>145.8</ele><time>2025-09-17T15:58:51Z</time></trkpt>
      <trkpt lat="48.767864" lon="2.068588"><ele>145.8</ele><time>2025-09-17T15:58:52Z</time></trkpt>
      <trkpt lat="48.767668" lon="2.068613"><ele>151.4</ele><time>2025-09-17T15:58:58Z</time></trkpt>
      <trkpt lat="48.767524" lon="2.068311"><ele>153.7</ele><time>2025-09-17T15:58:59Z</time></trkpt>
      <trkpt lat="48.767480" lon="2.068112"><ele>155.2</ele><time>2025-09-17T15:59:00Z</time></trkpt>
      <trkpt lat="48.767503" lon="2.068052"><ele>156.0</ele><time>2025-09-17T15:59:01Z</time></trkpt>
      <trkpt lat="48.767408" lon="2.068173"><ele>157.1</ele><time>2025-09-17T15:59:02Z</time></trkpt>
      <trkpt lat="48.767322" lon="2.068279"><ele>158.3</ele><time>2025-09-17T15:59:03Z</time></trkpt>
      <trkpt lat="48.767340" lon="2.068244"><ele>157.2</ele><time>2025-09-17T15:59:04Z</time></trkpt>
      <trkpt lat="48.767389" lon="2.068204"><ele>156.6</ele><time>2025-09-17T15:59:05Z</time></trkpt>
      <trkpt lat="48.767456" lon="2.068156"><ele>156.4</ele><time>2025-09-17T15:59:06Z</time></trkpt>
      <trkpt lat="48.767511" lon="2.068018"><ele>157.5</ele><time>2025-09-17T15:59:07Z</time></trkpt>
      <trkpt lat="48.767617" lon="2.067896"><ele>158.2</ele><time>2025-09-17T15:59:08Z</time></trkpt>
      <trkpt lat="48.767759" lon="2.067793"><ele>159.0</ele><time>2025-09-17T15:59:09Z</time></trkpt>
      <trkpt lat="48.767880" lon="2.067535"><ele>158.0</ele><time>2025-09-17T15:59:10Z</time></trkpt>
      <trkpt lat="48.767948" lon="2.067351"><ele>157.5</ele><time>2025-09-17T15:59:11Z</time></trkpt>
      <trkpt lat="48.767961" lon="2.067212"><ele>157.1</ele><time>2025-09-17T15:59:12Z</time></trkpt>
      <trkpt lat="48.767991" lon="2.067101"><ele>157.0</ele><time>2025-09-17T15:59:13Z</time></trkpt>
      <trkpt lat="48.768017" lon="2.066970"><ele>156.4</ele><time>2025-09-17T15:59:14Z</time></trkpt>
      <trkpt lat="48.768007" lon="2.066865"><ele>155.9</ele><time>2025-09-17T15:59:15Z</time></trkpt>
      <trkpt lat="48.767995" lon="2.066792"><ele>155.3</ele><time>2025-09-17T15:59:16Z</time></trkpt>
      <trkpt lat="48.767985" lon="2.066714"><ele>154.9</ele><time>2025-09-17T15:59:17Z</time></trkpt>
      <trkpt lat="48.767990" lon="2.066661"><ele>154.7</ele><time>2025-09-17T15:59:18Z</time></trkpt>
      <trkpt lat="48.767966" lon="2.066610"><ele>153.7</ele><time>2025-09-17T15:59:19Z</time></trkpt>
      <trkpt lat="48.767870" lon="2.066581"><ele>152.5</ele><time>2025-09-17T15:59:20Z</time></trkpt>
      <trkpt lat="48.767822" lon="2.066537"><ele>151.7</ele><time>2025-09-17T15:59:21Z</time></trkpt>
      <trkpt lat="48.767812" lon="2.066518"><ele>151.8</ele><time>2025-09-17T15:59:22Z</time></trkpt>
      <trkpt lat="48.767796" lon="2.066508"><ele>151.7</ele><time>2025-09-17T15:59:23Z</time></trkpt>
      <trkpt lat="48.767779" lon="2.066504"><ele>151.5</ele><time>2025-09-17T15:59:24Z</time></trkpt>
      <trkpt lat="48.767763" lon="2.066488"><ele>151.4</ele><time>2025-09-17T15:59:25Z</time></trkpt>
      <trkpt lat="48.767728" lon="2.066494"><ele>151.5</ele><time>2025-09-17T15:59:26Z</time></trkpt>
      <trkpt lat="48.767693" lon="2.066511"><ele>151.8</ele><time>2025-09-17T15:59:27Z</time></trkpt>
      <trkpt lat="48.767674" lon="2.066532"><ele>151.9</ele><time>2025-09-17T15:59:28Z</time></trkpt>
      <trkpt lat="48.767659" lon="2.066545"><ele>152.1</ele><time>2025-09-17T15:59:29Z</time></trkpt>
      <trkpt lat="48.767646" lon="2.066576"><ele>152.3</ele><time>2025-09-17T15:59:30Z</time></trkpt>
      <trkpt lat="48.767608" lon="2.066571"><ele>152.6</ele><time>2025-09-17T15:59:31Z</time></trkpt>
      <trkpt lat="48.767573" lon="2.066574"><ele>152.9</ele><time>2025-09-17T15:59:32Z</time></trkpt>
      <trkpt lat="48.767548" lon="2.066563"><ele>153.3</ele><time>2025-09-17T15:59:33Z</time></trkpt>
      <trkpt lat="48.767525" lon="2.066562"><ele>153.7</ele><time>2025-09-17T15:59:34Z</time></trkpt>
      <trkpt lat="48.767507" lon="2.066582"><ele>154.2</ele><time>2025-09-17T15:59:35Z</time></trkpt>
      <trkpt lat="48.767493" lon="2.066543"><ele>155.3</ele><time>2025-09-17T15:59:36Z</time></trkpt>
      <trkpt lat="48.767482" lon="2.066495"><ele>156.3</ele><time>2025-09-17T15:59:37Z</time></trkpt>
      <trkpt lat="48.767484" lon="2.066426"><ele>156.8</ele><time>2025-09-17T15:59:38Z</time></trkpt>
      <trkpt lat="48.767491" lon="2.066376"><ele>158.5</ele><time>2025-09-17T15:59:39Z</time></trkpt>
      <trkpt lat="48.767477" lon="2.066388"><ele>158.8</ele><time>2025-09-17T15:59:40Z</time></trkpt>
      <trkpt lat="48.767469" lon="2.066411"><ele>159.3</ele><time>2025-09-17T15:59:41Z</time></trkpt>
      <trkpt lat="48.767456" lon="2.066434"><ele>159.5</ele><time>2025-09-17T15:59:42Z</time></trkpt>
      <trkpt lat="48.767444" lon="2.066458"><ele>159.9</ele><time>2025-09-17T15:59:43Z</time></trkpt>
      <trkpt lat="48.767440" lon="2.066479"><ele>160.3</ele><time>2025-09-17T15:59:44Z</time></trkpt>
      <trkpt lat="48.767437" lon="2.066516"><ele>160.7</ele><time>2025-09-17T15:59:45Z</time></trkpt>
      <trkpt lat="48.767438" lon="2.066541"><ele>160.2</ele><time>2025-09-17T15:59:46Z</time></trkpt>
      <trkpt lat="48.767441" lon="2.066571"><ele>160.3</ele><time>2025-09-17T15:59:47Z</time></trkpt>
      <trkpt lat="48.767458" lon="2.066622"><ele>160.4</ele><time>2025-09-17T15:59:48Z</time></trkpt>
      <trkpt lat="48.767466" lon="2.066662"><ele>160.5</ele><time>2025-09-17T15:59:49Z</time></trkpt>
      <trkpt lat="48.767455" lon="2.066686"><ele>160.6</ele><time>2025-09-17T15:59:50Z</time></trkpt>
      <trkpt lat="48.767445" lon="2.066719"><ele>160.6</ele><time>2025-09-17T15:59:51Z</time></trkpt>
      <trkpt lat="48.767451" lon="2.066680"><ele>161.1</ele><time>2025-09-17T15:59:52Z</time></trkpt>
      <trkpt lat="48.767457" lon="2.066643"><ele>161.6</ele><time>2025-09-17T15:59:53Z</time></trkpt>
      <trkpt lat="48.767471" lon="2.066609"><ele>161.9</ele><time>2025-09-17T15:59:54Z</time></trkpt>
      <trkpt lat="48.767445" lon="2.066642"><ele>162.3</ele><time>2025-09-17T15:59:55Z</time></trkpt>
      <trkpt lat="48.767443" lon="2.066657"><ele>162.6</ele><time>2025-09-17T15:59:56Z</time></trkpt>
      <trkpt lat="48.767434" lon="2.066667"><ele>162.9</ele><time>2025-09-17T15:59:57Z</time></trkpt>
      <trkpt lat="48.767441" lon="2.066652"><ele>163.2</ele><time>2025-09-17T15:59:58Z</time></trkpt>
      <trkpt lat="48.767487" lon="2.066586"><ele>163.4</ele><time>2025-09-17T15:59:59Z</time></trkpt>
      <trkpt lat="48.767484" lon="2.066598"><ele>163.5</ele><time>2025-09-17T16:00:00Z</time></trkpt>
      <trkpt lat="48.767479" lon="2.066615"><ele>163.4</ele><time>2025-09-17T16:00:01Z</time></trkpt>
      <trkpt lat="48.767485" lon="2.066612"><ele>163.3</ele><time>2025-09-17T16:00:02Z</time></trkpt>
      <trkpt lat="48.767503" lon="2.066609"><ele>163.1</ele><time>2025-09-17T16:00:03Z</time></trkpt>
      <trkpt lat="48.767515" lon="2.066594"><ele>162.9</ele><time>2025-09-17T16:00:04Z</time></trkpt>
      <trkpt lat="48.767538" lon="2.066559"><ele>162.7</ele><time>2025-09-17T16:00:05Z</time></trkpt>
      <trkpt lat="48.767552" lon="2.066540"><ele>162.5</ele><time>2025-09-17T16:00:06Z</time></trkpt>
      <trkpt lat="48.767562" lon="2.066537"><ele>162.3</ele><time>2025-09-17T16:00:07Z</time></trkpt>
      <trkpt lat="48.767586" lon="2.066536"><ele>162.2</ele><time>2025-09-17T16:00:08Z</time></trkpt>
      <trkpt lat="48.767595" lon="2.066529"><ele>162.1</ele><time>2025-09-17T16:00:09Z</time></trkpt>
      <trkpt lat="48.767608" lon="2.066527"><ele>161.9</ele><time>2025-09-17T16:00:10Z</time></trkpt>
      <trkpt lat="48.767622" lon="2.066519"><ele>161.7</ele><time>2025-09-17T16:00:11Z</time></trkpt>
      <trkpt lat="48.767636" lon="2.066514"><ele>161.5</ele><time>2025-09-17T16:00:12Z</time></trkpt>
      <trkpt lat="48.767646" lon="2.066496"><ele>161.4</ele><time>2025-09-17T16:00:13Z</time></trkpt>
      <trkpt lat="48.767653" lon="2.066491"><ele>161.2</ele><time>2025-09-17T16:00:14Z</time></trkpt>
      <trkpt lat="48.767660" lon="2.066495"><ele>161.0</ele><time>2025-09-17T16:00:15Z</time></trkpt>
      <trkpt lat="48.767673" lon="2.066485"><ele>161.0</ele><time>2025-09-17T16:00:16Z</time></trkpt>
      <trkpt lat="48.767683" lon="2.066479"><ele>160.7</ele><time>2025-09-17T16:00:17Z</time></trkpt>
      <trkpt lat="48.767688" lon="2.066471"><ele>160.5</ele><time>2025-09-17T16:00:18Z</time></trkpt>
      <trkpt lat="48.767699" lon="2.066480"><ele>160.3</ele><time>2025-09-17T16:00:19Z</time></trkpt>
      <trkpt lat="48.767703" lon="2.066496"><ele>160.5</ele><time>2025-09-17T16:00:20Z</time></trkpt>
      <trkpt lat="48.767705" lon="2.066512"><ele>160.8</ele><time>2025-09-17T16:00:21Z</time></trkpt>
      <trkpt lat="48.767714" lon="2.066527"><ele>160.9</ele><time>2025-09-17T16:00:22Z</time></trkpt>
      <trkpt lat="48.767729" lon="2.066527"><ele>160.9</ele><time>2025-09-17T16:00:23Z</time></trkpt>
      <trkpt lat="48.767738" lon="2.066543"><ele>160.8</ele><time>2025-09-17T16:00:24Z</time></trkpt>
      <trkpt lat="48.767767" lon="2.066537"><ele>160.7</ele><time>2025-09-17T16:00:25Z</time></trkpt>
      <trkpt lat="48.767791" lon="2.066543"><ele>160.7</ele><time>2025-09-17T16:00:26Z</time></trkpt>
      <trkpt lat="48.767812" lon="2.066545"><ele>160.6</ele><time>2025-09-17T16:00:27Z</time></trkpt>
      <trkpt lat="48.767820" lon="2.066557"><ele>160.6</ele><time>2025-09-17T16:00:28Z</time></trkpt>
      <trkpt lat="48.767837" lon="2.066565"><ele>160.5</ele><time>2025-09-17T16:00:29Z</time></trkpt>
      <trkpt lat="48.767849" lon="2.066556"><ele>160.5</ele><time>2025-09-17T16:00:30Z</time></trkpt>
      <trkpt lat="48.767838" lon="2.066550"><ele>160.5</ele><time>2025-09-17T16:00:31Z</time></trkpt>
      <trkpt lat="48.767769" lon="2.066584"><ele>161.7</ele><time>2025-09-17T16:00:32Z</time></trkpt>
      <trkpt lat="48.767707" lon="2.066643"><ele>163.1</ele><time>2025-09-17T16:00:33Z</time></trkpt>
      <trkpt lat="48.767658" lon="2.066678"><ele>164.6</ele><time>2025-09-17T16:00:34Z</time></trkpt>
      <trkpt lat="48.767606" lon="2.066717"><ele>166.3</ele><time>2025-09-17T16:00:35Z</time></trkpt>
      <trkpt lat="48.767559" lon="2.066754"><ele>168.0</ele><time>2025-09-17T16:00:36Z</time></trkpt>
      <trkpt lat="48.767509" lon="2.066825"><ele>170.0</ele><time>2025-09-17T16:00:37Z</time></trkpt>
      <trkpt lat="48.767500" lon="2.066852"><ele>170.2</ele><time>2025-09-17T16:00:38Z</time></trkpt>
      <trkpt lat="48.767493" lon="2.066877"><ele>170.4</ele><time>2025-09-17T16:00:39Z</time></trkpt>
      <trkpt lat="48.767494" lon="2.066890"><ele>170.5</ele><time>2025-09-17T16:00:40Z</time></trkpt>
      <trkpt lat="48.767475" lon="2.066953"><ele>170.7</ele><time>2025-09-17T16:00:41Z</time></trkpt>
      <trkpt lat="48.767477" lon="2.066970"><ele>170.8</ele><time>2025-09-17T16:00:42Z</time></trkpt>
      <trkpt lat="48.767460" lon="2.066993"><ele>170.9</ele><time>2025-09-17T16:00:43Z</time></trkpt>
      <trkpt lat="48.767544" lon="2.066810"><ele>168.7</ele><time>2025-09-17T16:00:44Z</time></trkpt>
      <trkpt lat="48.767612" lon="2.066641"><ele>167.5</ele><time>2025-09-17T16:00:45Z</time></trkpt>
      <trkpt lat="48.767704" lon="2.066454"><ele>165.6</ele><time>2025-09-17T16:00:46Z</time></trkpt>
      <trkpt lat="48.767747" lon="2.066347"><ele>165.2</ele><time>2025-09-17T16:00:47Z</time></trkpt>
      <trkpt lat="48.767764" lon="2.066314"><ele>165.6</ele><time>2025-09-17T16:00:48Z</time></trkpt>
      <trkpt lat="48.767792" lon="2.066280"><ele>166.3</ele><time>2025-09-17T16:00:49Z</time></trkpt>
      <trkpt lat="48.767813" lon="2.066271"><ele>167.2</ele><time>2025-09-17T16:00:50Z</time></trkpt>
      <trkpt lat="48.767825" lon="2.066252"><ele>167.7</ele><time>2025-09-17T16:00:51Z</time></trkpt>
      <trkpt lat="48.767826" lon="2.066246"><ele>168.2</ele><time>2025-09-17T16:00:52Z</time></trkpt>
      <trkpt lat="48.767824" lon="2.066237"><ele>168.6</ele><time>2025-09-17T16:00:53Z</time></trkpt>
      <trkpt lat="48.767825" lon="2.066229"><ele>168.8</ele><time>2025-09-17T16:00:54Z</time></trkpt>
      <trkpt lat="48.767823" lon="2.066221"><ele>169.0</ele><time>2025-09-17T16:00:55Z</time></trkpt>
      <trkpt lat="48.767806" lon="2.066211"><ele>168.6</ele><time>2025-09-17T16:00:56Z</time></trkpt>
      <trkpt lat="48.767789" lon="2.066216"><ele>168.6</ele><time>2025-09-17T16:00:57Z</time></trkpt>
      <trkpt lat="48.767786" lon="2.066208"><ele>168.7</ele><time>2025-09-17T16:00:58Z</time></trkpt>
      <trkpt lat="48.767786" lon="2.066212"><ele>169.1</ele><time>2025-09-17T16:00:59Z</time></trkpt>
      <trkpt lat="48.767772" lon="2.066213"><ele>168.9</ele><time>2025-09-17T16:01:00Z</time></trkpt>
      <trkpt lat="48.767761" lon="2.066222"><ele>168.9</ele><time>2025-09-17T16:01:01Z</time></trkpt>
      <trkpt lat="48.767741" lon="2.066225"><ele>168.4</ele><time>2025-09-17T16:01:02Z</time></trkpt>
      <trkpt lat="48.767736" lon="2.066229"><ele>168.3</ele><time>2025-09-17T16:01:03Z</time></trkpt>
      <trkpt lat="48.767742" lon="2.066239"><ele>168.0</ele><time>2025-09-17T16:01:04Z</time></trkpt>
      <trkpt lat="48.767741" lon="2.066243"><ele>167.9</ele><time>2025-09-17T16:01:05Z</time></trkpt>
      <trkpt lat="48.767747" lon="2.066252"><ele>168.0</ele><time>2025-09-17T16:01:06Z</time></trkpt>
      <trkpt lat="48.767755" lon="2.066261"><ele>168.0</ele><time>2025-09-17T16:01:07Z</time></trkpt>
      <trkpt lat="48.767750" lon="2.066270"><ele>168.2</ele><time>2025-09-17T16:01:08Z</time></trkpt>
      <trkpt lat="48.767745" lon="2.066269"><ele>168.3</ele><time>2025-09-17T16:01:09Z</time></trkpt>
      <trkpt lat="48.767736" lon="2.066276"><ele>168.3</ele><time>2025-09-17T16:01:10Z</time></trkpt>
      <trkpt lat="48.767730" lon="2.066279"><ele>168.3</ele><time>2025-09-17T16:01:11Z</time></trkpt>
      <trkpt lat="48.767723" lon="2.066283"><ele>168.3</ele><time>2025-09-17T16:01:12Z</time></trkpt>
      <trkpt lat="48.767708" lon="2.066300"><ele>168.3</ele><time>2025-09-17T16:01:13Z</time></trkpt>
      <trkpt lat="48.767722" lon="2.066313"><ele>168.3</ele><time>2025-09-17T16:01:14Z</time></trkpt>
      <trkpt lat="48.767740" lon="2.066314"><ele>168.4</ele><time>2025-09-17T16:01:15Z</time></trkpt>
      <trkpt lat="48.767725" lon="2.066315"><ele>168.3</ele><time>2025-09-17T16:01:16Z</time></trkpt>
      <trkpt lat="48.767735" lon="2.066325"><ele>168.2</ele><time>2025-09-17T16:01:17Z</time></trkpt>
      <trkpt lat="48.767738" lon="2.066342"><ele>168.0</ele><time>2025-09-17T16:01:18Z</time></trkpt>
      <trkpt lat="48.767745" lon="2.066339"><ele>167.8</ele><time>2025-09-17T16:01:19Z</time></trkpt>
      <trkpt lat="48.767755" lon="2.066337"><ele>167.7</ele><time>2025-09-17T16:01:20Z</time></trkpt>
      <trkpt lat="48.767764" lon="2.066336"><ele>167.8</ele><time>2025-09-17T16:01:21Z</time></trkpt>
      <trkpt lat="48.767769" lon="2.066348"><ele>167.9</ele><time>2025-09-17T16:01:22Z</time></trkpt>
      <trkpt lat="48.767782" lon="2.066352"><ele>167.9</ele><time>2025-09-17T16:01:23Z</time></trkpt>
      <trkpt lat="48.767788" lon="2.066359"><ele>168.2</ele><time>2025-09-17T16:01:24Z</time></trkpt>
      <trkpt lat="48.767792" lon="2.066380"><ele>168.5</ele><time>2025-09-17T16:01:25Z</time></trkpt>
      <trkpt lat="48.767792" lon="2.066401"><ele>168.8</ele><time>2025-09-17T16:01:26Z</time></trkpt>
      <trkpt lat="48.767788" lon="2.066421"><ele>169.1</ele><time>2025-09-17T16:01:27Z</time></trkpt>
      <trkpt lat="48.767790" lon="2.066438"><ele>169.5</ele><time>2025-09-17T16:01:28Z</time></trkpt>
      <trkpt lat="48.767791" lon="2.066439"><ele>167.1</ele><time>2025-09-17T16:01:29Z</time></trkpt>
      <trkpt lat="48.767790" lon="2.066435"><ele>167.0</ele><time>2025-09-17T16:01:30Z</time></trkpt>
      <trkpt lat="48.767784" lon="2.066429"><ele>166.9</ele><time>2025-09-17T16:01:31Z</time></trkpt>
      <trkpt lat="48.767787" lon="2.066433"><ele>167.0</ele><time>2025-09-17T16:01:32Z</time></trkpt>
      <trkpt lat="48.767792" lon="2.066434"><ele>167.1</ele><time>2025-09-17T16:01:33Z</time></trkpt>
      <trkpt lat="48.767806" lon="2.066442"><ele>167.2</ele><time>2025-09-17T16:01:34Z</time></trkpt>
      <trkpt lat="48.767825" lon="2.066445"><ele>167.3</ele><time>2025-09-17T16:01:35Z</time></trkpt>
      <trkpt lat="48.767845" lon="2.066447"><ele>167.3</ele><time>2025-09-17T16:01:36Z</time></trkpt>
      <trkpt lat="48.767871" lon="2.066454"><ele>167.4</ele><time>2025-09-17T16:01:37Z</time></trkpt>
      <trkpt lat="48.767902" lon="2.066462"><ele>167.6</ele><time>2025-09-17T16:01:38Z</time></trkpt>
      <trkpt lat="48.767936" lon="2.066467"><ele>167.7</ele><time>2025-09-17T16:01:39Z</time></trkpt>
      <trkpt lat="48.767956" lon="2.066474"><ele>167.8</ele><time>2025-09-17T16:01:40Z</time></trkpt>
      <trkpt lat="48.767976" lon="2.066478"><ele>167.9</ele><time>2025-09-17T16:01:41Z</time></trkpt>
      <trkpt lat="48.767897" lon="2.066544"><ele>166.2</ele><time>2025-09-17T16:01:42Z</time></trkpt>
      <trkpt lat="48.767924" lon="2.066534"><ele>166.3</ele><time>2025-09-17T16:01:43Z</time></trkpt>
      <trkpt lat="48.767944" lon="2.066518"><ele>166.5</ele><time>2025-09-17T16:01:44Z</time></trkpt>
      <trkpt lat="48.767860" lon="2.066490"><ele>165.5</ele><time>2025-09-17T16:01:45Z</time></trkpt>
      <trkpt lat="48.767787" lon="2.066478"><ele>165.1</ele><time>2025-09-17T16:01:46Z</time></trkpt>
      <trkpt lat="48.767778" lon="2.066468"><ele>164.9</ele><time>2025-09-17T16:01:47Z</time></trkpt>
      <trkpt lat="48.767742" lon="2.066454"><ele>164.7</ele><time>2025-09-17T16:01:48Z</time></trkpt>
      <trkpt lat="48.767704" lon="2.066446"><ele>164.6</ele><time>2025-09-17T16:01:49Z</time></trkpt>
      <trkpt lat="48.767695" lon="2.066425"><ele>164.7</ele><time>2025-09-17T16:01:50Z</time></trkpt>
      <trkpt lat="48.767673" lon="2.066434"><ele>165.1</ele><time>2025-09-17T16:01:51Z</time></trkpt>
      <trkpt lat="48.767655" lon="2.066435"><ele>165.4</ele><time>2025-09-17T16:01:52Z</time></trkpt>
      <trkpt lat="48.767633" lon="2.066438"><ele>165.6</ele><time>2025-09-17T16:01:53Z</time></trkpt>
      <trkpt lat="48.767621" lon="2.066444"><ele>165.6</ele><time>2025-09-17T16:01:54Z</time></trkpt>
      <trkpt lat="48.767613" lon="2.066455"><ele>165.7</ele><time>2025-09-17T16:01:55Z</time></trkpt>
      <trkpt lat="48.767599" lon="2.066458"><ele>166.0</ele><time>2025-09-17T16:01:56Z</time></trkpt>
      <trkpt lat="48.767587" lon="2.066445"><ele>166.4</ele><time>2025-09-17T16:01:57Z</time></trkpt>
      <trkpt lat="48.767582" lon="2.066453"><ele>166.8</ele><time>2025-09-17T16:01:58Z</time></trkpt>
      <trkpt lat="48.767570" lon="2.066460"><ele>167.4</ele><time>2025-09-17T16:01:59Z</time></trkpt>
      <trkpt lat="48.767559" lon="2.066461"><ele>168.0</ele><time>2025-09-17T16:02:00Z</time></trkpt>
      <trkpt lat="48.767545" lon="2.066452"><ele>168.5</ele><time>2025-09-17T16:02:01Z</time></trkpt>
      <trkpt lat="48.767535" lon="2.066453"><ele>169.1</ele><time>2025-09-17T16:02:02Z</time></trkpt>
      <trkpt lat="48.767533" lon="2.066458"><ele>170.0</ele><time>2025-09-17T16:02:03Z</time></trkpt>
      <trkpt lat="48.767524" lon="2.066488"><ele>170.7</ele><time>2025-09-17T16:02:04Z</time></trkpt>
      <trkpt lat="48.767509" lon="2.066494"><ele>171.2</ele><time>2025-09-17T16:02:05Z</time></trkpt>
      <trkpt lat="48.767497" lon="2.066497"><ele>172.1</ele><time>2025-09-17T16:02:06Z</time></trkpt>
      <trkpt lat="48.767496" lon="2.066498"><ele>172.6</ele><time>2025-09-17T16:02:07Z</time></trkpt>
      <trkpt lat="48.767495" lon="2.066516"><ele>173.0</ele><time>2025-09-17T16:02:08Z</time></trkpt>
      <trkpt lat="48.767494" lon="2.066530"><ele>173.4</ele><time>2025-09-17T16:02:09Z</time></trkpt>
      <trkpt lat="48.767497" lon="2.066528"><ele>173.7</ele><time>2025-09-17T16:02:10Z</time></trkpt>
      <trkpt lat="48.767499" lon="2.066533"><ele>174.0</ele><time>2025-09-17T16:02:11Z</time></trkpt>
      <trkpt lat="48.767505" lon="2.066537"><ele>173.9</ele><time>2025-09-17T16:02:12Z</time></trkpt>
      <trkpt lat="48.767508" lon="2.066563"><ele>173.8</ele><time>2025-09-17T16:02:13Z</time></trkpt>
      <trkpt lat="48.767516" lon="2.066583"><ele>173.8</ele><time>2025-09-17T16:02:14Z</time></trkpt>
      <trkpt lat="48.767522" lon="2.066601"><ele>173.8</ele><time>2025-09-17T16:02:15Z</time></trkpt>
      <trkpt lat="48.767537" lon="2.066627"><ele>173.8</ele><time>2025-09-17T16:02:16Z</time></trkpt>
      <trkpt lat="48.767539" lon="2.066644"><ele>173.7</ele><time>2025-09-17T16:02:17Z</time></trkpt>
      <trkpt lat="48.767547" lon="2.066663"><ele>173.6</ele><time>2025-09-17T16:02:18Z</time></trkpt>
      <trkpt lat="48.767550" lon="2.066659"><ele>173.6</ele><time>2025-09-17T16:02:19Z</time></trkpt>
      <trkpt lat="48.767553" lon="2.066660"><ele>173.3</ele><time>2025-09-17T16:02:20Z</time></trkpt>
      <trkpt lat="48.767551" lon="2.066659"><ele>173.2</ele><time>2025-09-17T16:02:21Z</time></trkpt>
      <trkpt lat="48.767558" lon="2.066673"><ele>173.1</ele><time>2025-09-17T16:02:22Z</time></trkpt>
      <trkpt lat="48.767574" lon="2.066673"><ele>173.0</ele><time>2025-09-17T16:02:23Z</time></trkpt>
      <trkpt lat="48.767585" lon="2.066671"><ele>172.7</ele><time>2025-09-17T16:02:24Z</time></trkpt>
      <trkpt lat="48.767579" lon="2.066676"><ele>172.5</ele><time>2025-09-17T16:02:25Z</time></trkpt>
      <trkpt lat="48.767578" lon="2.066679"><ele>172.5</ele><time>2025-09-17T16:02:26Z</time></trkpt>
      <trkpt lat="48.767579" lon="2.066681"><ele>172.6</ele><time>2025-09-17T16:02:27Z</time></trkpt>
      <trkpt lat="48.767578" lon="2.066683"><ele>172.9</ele><time>2025-09-17T16:02:28Z</time></trkpt>
      <trkpt lat="48.767576" lon="2.066682"><ele>173.0</ele><time>2025-09-17T16:02:29Z</time></trkpt>
      <trkpt lat="48.767573" lon="2.066680"><ele>173.2</ele><time>2025-09-17T16:02:30Z</time></trkpt>
      <trkpt lat="48.767573" lon="2.066683"><ele>173.4</ele><time>2025-09-17T16:02:31Z</time></trkpt>
      <trkpt lat="48.767582" lon="2.066674"><ele>173.5</ele><time>2025-09-17T16:02:32Z</time></trkpt>
      <trkpt lat="48.767576" lon="2.066678"><ele>173.6</ele><time>2025-09-17T16:02:33Z</time></trkpt>
      <trkpt lat="48.767573" lon="2.066684"><ele>173.7</ele><time>2025-09-17T16:02:34Z</time></trkpt>
      <trkpt lat="48.767580" lon="2.066689"><ele>173.8</ele><time>2025-09-17T16:02:35Z</time></trkpt>
      <trkpt lat="48.767579" lon="2.066690"><ele>173.8</ele><time>2025-09-17T16:02:36Z</time></trkpt>
      <trkpt lat="48.767588" lon="2.066671"><ele>173.7</ele><time>2025-09-17T16:02:37Z</time></trkpt>
      <trkpt lat="48.767598" lon="2.066644"><ele>174.2</ele><time>2025-09-17T16:02:38Z</time></trkpt>
      <trkpt lat="48.767601" lon="2.066618"><ele>175.0</ele><time>2025-09-17T16:02:39Z</time></trkpt>
      <trkpt lat="48.767602" lon="2.066618"><ele>175.0</ele><time>2025-09-17T16:02:40Z</time></trkpt>
      <trkpt lat="48.767597" lon="2.066623"><ele>175.0</ele><time>2025-09-17T16:02:41Z</time></trkpt>
      <trkpt lat="48.767588" lon="2.066625"><ele>175.1</ele><time>2025-09-17T16:02:42Z</time></trkpt>
      <trkpt lat="48.767574" lon="2.066647"><ele>175.6</ele><time>2025-09-17T16:02:43Z</time></trkpt>
      <trkpt lat="48.767567" lon="2.066669"><ele>175.7</ele><time>2025-09-17T16:02:44Z</time></trkpt>
      <trkpt lat="48.767569" lon="2.066663"><ele>175.6</ele><time>2025-09-17T16:02:45Z</time></trkpt>
      <trkpt lat="48.767571" lon="2.066664"><ele>175.5</ele><time>2025-09-17T16:02:46Z</time></trkpt>
      <trkpt lat="48.767574" lon="2.066658"><ele>175.6</ele><time>2025-09-17T16:02:47Z</time></trkpt>
      <trkpt lat="48.767568" lon="2.066662"><ele>175.5</ele><time>2025-09-17T16:02:48Z</time></trkpt>
      <trkpt lat="48.767569" lon="2.066684"><ele>175.4</ele><time>2025-09-17T16:02:49Z</time></trkpt>
      <trkpt lat="48.767552" lon="2.066719"><ele>175.6</ele><time>2025-09-17T16:02:50Z</time></trkpt>
      <trkpt lat="48.767553" lon="2.066712"><ele>176.0</ele><time>2025-09-17T16:02:51Z</time></trkpt>
      <trkpt lat="48.767545" lon="2.066716"><ele>176.2</ele><time>2025-09-17T16:02:52Z</time></trkpt>
      <trkpt lat="48.767553" lon="2.066714"><ele>176.3</ele><time>2025-09-17T16:02:53Z</time></trkpt>
      <trkpt lat="48.767559" lon="2.066695"><ele>176.5</ele><time>2025-09-17T16:02:54Z</time></trkpt>
      <trkpt lat="48.767556" lon="2.066696"><ele>176.6</ele><time>2025-09-17T16:02:55Z</time></trkpt>
      <trkpt lat="48.767552" lon="2.066687"><ele>176.6</ele><time>2025-09-17T16:02:56Z</time></trkpt>
      <trkpt lat="48.767552" lon="2.066677"><ele>176.9</ele><time>2025-09-17T16:02:57Z</time></trkpt>
      <trkpt lat="48.767542" lon="2.066673"><ele>177.0</ele><time>2025-09-17T16:02:58Z</time></trkpt>
      <trkpt lat="48.767544" lon="2.066677"><ele>177.1</ele><time>2025-09-17T16:02:59Z</time></trkpt>
      <trkpt lat="48.767552" lon="2.066668"><ele>177.2</ele><time>2025-09-17T16:03:00Z</time></trkpt>
      <trkpt lat="48.767534" lon="2.066649"><ele>177.7</ele><time>2025-09-17T16:03:01Z</time></trkpt>
      <trkpt lat="48.767538" lon="2.066630"><ele>177.8</ele><time>2025-09-17T16:03:02Z</time></trkpt>
      <trkpt lat="48.767539" lon="2.066616"><ele>178.1</ele><time>2025-09-17T16:03:03Z</time></trkpt>
      <trkpt lat="48.767535" lon="2.066609"><ele>178.2</ele><time>2025-09-17T16:03:04Z</time></trkpt>
      <trkpt lat="48.767531" lon="2.066599"><ele>178.7</ele><time>2025-09-17T16:03:05Z</time></trkpt>
      <trkpt lat="48.767539" lon="2.066605"><ele>179.0</ele><time>2025-09-17T16:03:06Z</time></trkpt>
      <trkpt lat="48.767544" lon="2.066601"><ele>179.4</ele><time>2025-09-17T16:03:07Z</time></trkpt>
      <trkpt lat="48.767541" lon="2.066606"><ele>179.7</ele><time>2025-09-17T16:03:08Z</time></trkpt>
      <trkpt lat="48.767544" lon="2.066614"><ele>180.2</ele><time>2025-09-17T16:03:09Z</time></trkpt>
      <trkpt lat="48.767550" lon="2.066614"><ele>180.6</ele><time>2025-09-17T16:03:10Z</time></trkpt>
      <trkpt lat="48.767548" lon="2.066609"><ele>180.8</ele><time>2025-09-17T16:03:11Z</time></trkpt>
      <trkpt lat="48.767532" lon="2.066601"><ele>181.0</ele><time>2025-09-17T16:03:12Z</time></trkpt>
      <trkpt lat="48.767524" lon="2.066592"><ele>181.3</ele><time>2025-09-17T16:03:13Z</time></trkpt>
      <trkpt lat="48.767507" lon="2.066583"><ele>181.6</ele><time>2025-09-17T16:03:14Z</time></trkpt>
      <trkpt lat="48.767487" lon="2.066571"><ele>182.1</ele><time>2025-09-17T16:03:15Z</time></trkpt>
      <trkpt lat="48.767495" lon="2.066563"><ele>178.4</ele><time>2025-09-17T16:03:16Z</time></trkpt>
      <trkpt lat="48.767489" lon="2.066550"><ele>176.1</ele><time>2025-09-17T16:03:17Z</time></trkpt>
      <trkpt lat="48.767474" lon="2.066544"><ele>175.4</ele><time>2025-09-17T16:03:18Z</time></trkpt>
      <trkpt lat="48.767479" lon="2.066527"><ele>174.5</ele><time>2025-09-17T16:03:19Z</time></trkpt>
      <trkpt lat="48.767448" lon="2.066526"><ele>173.6</ele><time>2025-09-17T16:03:20Z</time></trkpt>
      <trkpt lat="48.767422" lon="2.066516"><ele>173.4</ele><time>2025-09-17T16:03:21Z</time></trkpt>
      <trkpt lat="48.767443" lon="2.066492"><ele>173.4</ele><time>2025-09-17T16:03:22Z</time></trkpt>
      <trkpt lat="48.767451" lon="2.066486"><ele>173.0</ele><time>2025-09-17T16:03:23Z</time></trkpt>
      <trkpt lat="48.767452" lon="2.066470"><ele>173.0</ele><time>2025-09-17T16:03:24Z</time></trkpt>
      <trkpt lat="48.767444" lon="2.066455"><ele>172.9</ele><time>2025-09-17T16:03:25Z</time></trkpt>
      <trkpt lat="48.767435" lon="2.066448"><ele>172.7</ele><time>2025-09-17T16:03:26Z</time></trkpt>
      <trkpt lat="48.767437" lon="2.066442"><ele>172.7</ele><time>2025-09-17T16:03:27Z</time></trkpt>
      <trkpt lat="48.767478" lon="2.066428"><ele>172.7</ele><time>2025-09-17T16:03:28Z</time></trkpt>
      <trkpt lat="48.767484" lon="2.066412"><ele>172.6</ele><time>2025-09-17T16:03:29Z</time></trkpt>
      <trkpt lat="48.767465" lon="2.066396"><ele>172.5</ele><time>2025-09-17T16:03:30Z</time></trkpt>
      <trkpt lat="48.767458" lon="2.066412"><ele>172.3</ele><time>2025-09-17T16:03:31Z</time></trkpt>
      <trkpt lat="48.767449" lon="2.066432"><ele>172.2</ele><time>2025-09-17T16:03:32Z</time></trkpt>
      <trkpt lat="48.767440" lon="2.066459"><ele>172.2</ele><time>2025-09-17T16:03:33Z</time></trkpt>
      <trkpt lat="48.767432" lon="2.066475"><ele>172.1</ele><time>2025-09-17T16:03:34Z</time></trkpt>
      <trkpt lat="48.767432" lon="2.066494"><ele>172.0</ele><time>2025-09-17T16:03:35Z</time></trkpt>
      <trkpt lat="48.767428" lon="2.066506"><ele>172.0</ele><time>2025-09-17T16:03:36Z</time></trkpt>
      <trkpt lat="48.767422" lon="2.066529"><ele>171.9</ele><time>2025-09-17T16:03:37Z</time></trkpt>
      <trkpt lat="48.767422" lon="2.066559"><ele>171.5</ele><time>2025-09-17T16:03:38Z</time></trkpt>
      <trkpt lat="48.767420" lon="2.066577"><ele>171.3</ele><time>2025-09-17T16:03:39Z</time></trkpt>
      <trkpt lat="48.767416" lon="2.066590"><ele>171.1</ele><time>2025-09-17T16:03:40Z</time></trkpt>
      <trkpt lat="48.767406" lon="2.066581"><ele>171.2</ele><time>2025-09-17T16:03:41Z</time></trkpt>
      <trkpt lat="48.767410" lon="2.066568"><ele>170.8</ele><time>2025-09-17T16:03:42Z</time></trkpt>
      <trkpt lat="48.767340" lon="2.066648"><ele>171.4</ele><time>2025-09-17T16:03:43Z</time></trkpt>
      <trkpt lat="48.767298" lon="2.066709"><ele>171.6</ele><time>2025-09-17T16:03:44Z</time></trkpt>
      <trkpt lat="48.767296" lon="2.066715"><ele>171.3</ele><time>2025-09-17T16:03:45Z</time></trkpt>
      <trkpt lat="48.767292" lon="2.066707"><ele>171.1</ele><time>2025-09-17T16:03:46Z</time></trkpt>
      <trkpt lat="48.767293" lon="2.066694"><ele>170.9</ele><time>2025-09-17T16:03:47Z</time></trkpt>
      <trkpt lat="48.767288" lon="2.066702"><ele>170.4</ele><time>2025-09-17T16:03:48Z</time></trkpt>
      <trkpt lat="48.767298" lon="2.066724"><ele>169.9</ele><time>2025-09-17T16:03:49Z</time></trkpt>
      <trkpt lat="48.767298" lon="2.066706"><ele>169.7</ele><time>2025-09-17T16:03:50Z</time></trkpt>
      <trkpt lat="48.767288" lon="2.066686"><ele>169.7</ele><time>2025-09-17T16:03:51Z</time></trkpt>
      <trkpt lat="48.767265" lon="2.066682"><ele>169.3</ele><time>2025-09-17T16:03:52Z</time></trkpt>
      <trkpt lat="48.767257" lon="2.066721"><ele>168.7</ele><time>2025-09-17T16:03:53Z</time></trkpt>
      <trkpt lat="48.767269" lon="2.066784"><ele>167.9</ele><time>2025-09-17T16:03:54Z</time></trkpt>
      <trkpt lat="48.767291" lon="2.066783"><ele>167.8</ele><time>2025-09-17T16:03:55Z</time></trkpt>
      <trkpt lat="48.767301" lon="2.066785"><ele>167.8</ele><time>2025-09-17T16:03:56Z</time></trkpt>
      <trkpt lat="48.767301" lon="2.066781"><ele>167.8</ele><time>2025-09-17T16:03:57Z</time></trkpt>
      <trkpt lat="48.767310" lon="2.066772"><ele>167.9</ele><time>2025-09-17T16:03:58Z</time></trkpt>
      <trkpt lat="48.767309" lon="2.066762"><ele>167.9</ele><time>2025-09-17T16:03:59Z</time></trkpt>
      <trkpt lat="48.767308" lon="2.066765"><ele>167.9</ele><time>2025-09-17T16:04:00Z</time></trkpt>
      <trkpt lat="48.767344" lon="2.066801"><ele>167.3</ele><time>2025-09-17T16:04:01Z</time></trkpt>
      <trkpt lat="48.767387" lon="2.066826"><ele>166.7</ele><time>2025-09-17T16:04:02Z</time></trkpt>
      <trkpt lat="48.767399" lon="2.066944"><ele>165.2</ele><time>2025-09-17T16:04:03Z</time></trkpt>
      <trkpt lat="48.767417" lon="2.067046"><ele>163.9</ele><time>2025-09-17T16:04:04Z</time></trkpt>
      <trkpt lat="48.767438" lon="2.067147"><ele>162.6</ele><time>2025-09-17T16:04:05Z</time></trkpt>
      <trkpt lat="48.767451" lon="2.067238"><ele>161.3</ele><time>2025-09-17T16:04:06Z</time></trkpt>
      <trkpt lat="48.767447" lon="2.067219"><ele>160.8</ele><time>2025-09-17T16:04:07Z</time></trkpt>
      <trkpt lat="48.767433" lon="2.067121"><ele>161.3</ele><time>2025-09-17T16:04:08Z</time></trkpt>
      <trkpt lat="48.767435" lon="2.067040"><ele>162.0</ele><time>2025-09-17T16:04:09Z</time></trkpt>
      <trkpt lat="48.767453" lon="2.067003"><ele>161.7</ele><time>2025-09-17T16:04:10Z</time></trkpt>
      <trkpt lat="48.767451" lon="2.066962"><ele>161.5</ele><time>2025-09-17T16:04:11Z</time></trkpt>
      <trkpt lat="48.767461" lon="2.066920"><ele>161.4</ele><time>2025-09-17T16:04:12Z</time></trkpt>
      <trkpt lat="48.767456" lon="2.066936"><ele>160.8</ele><time>2025-09-17T16:04:13Z</time></trkpt>
      <trkpt lat="48.767467" lon="2.066931"><ele>160.2</ele><time>2025-09-17T16:04:14Z</time></trkpt>
      <trkpt lat="48.767463" lon="2.066930"><ele>159.6</ele><time>2025-09-17T16:04:15Z</time></trkpt>
      <trkpt lat="48.767474" lon="2.066930"><ele>159.0</ele><time>2025-09-17T16:04:16Z</time></trkpt>
      <trkpt lat="48.767478" lon="2.066936"><ele>158.6</ele><time>2025-09-17T16:04:17Z</time></trkpt>
      <trkpt lat="48.767482" lon="2.066955"><ele>158.1</ele><time>2025-09-17T16:04:18Z</time></trkpt>
      <trkpt lat="48.767491" lon="2.066956"><ele>157.8</ele><time>2025-09-17T16:04:19Z</time></trkpt>
      <trkpt lat="48.767506" lon="2.066943"><ele>157.5</ele><time>2025-09-17T16:04:20Z</time></trkpt>
      <trkpt lat="48.767518" lon="2.066940"><ele>157.1</ele><time>2025-09-17T16:04:21Z</time></trkpt>
      <trkpt lat="48.767523" lon="2.066920"><ele>156.8</ele><time>2025-09-17T16:04:22Z</time></trkpt>
      <trkpt lat="48.767521" lon="2.066915"><ele>156.7</ele><time>2025-09-17T16:04:23Z</time></trkpt>
      <trkpt lat="48.767523" lon="2.066901"><ele>156.6</ele><time>2025-09-17T16:04:24Z</time></trkpt>
      <trkpt lat="48.767500" lon="2.066902"><ele>156.4</ele><time>2025-09-17T16:04:25Z</time></trkpt>
      <trkpt lat="48.767501" lon="2.066900"><ele>156.2</ele><time>2025-09-17T16:04:26Z</time></trkpt>
      <trkpt lat="48.767491" lon="2.066905"><ele>156.0</ele><time>2025-09-17T16:04:27Z</time></trkpt>
      <trkpt lat="48.767444" lon="2.066947"><ele>156.3</ele><time>2025-09-17T16:04:28Z</time></trkpt>
      <trkpt lat="48.767419" lon="2.066955"><ele>156.3</ele><time>2025-09-17T16:04:29Z</time></trkpt>
      <trkpt lat="48.767387" lon="2.066989"><ele>156.0</ele><time>2025-09-17T16:04:30Z</time></trkpt>
      <trkpt lat="48.767378" lon="2.066994"><ele>155.9</ele><time>2025-09-17T16:04:31Z</time></trkpt>
      <trkpt lat="48.767374" lon="2.067010"><ele>155.5</ele><time>2025-09-17T16:04:32Z</time></trkpt>
      <trkpt lat="48.767357" lon="2.067039"><ele>155.4</ele><time>2025-09-17T16:04:33Z</time></trkpt>
      <trkpt lat="48.767329" lon="2.067075"><ele>155.3</ele><time>2025-09-17T16:04:34Z</time></trkpt>
      <trkpt lat="48.767299" lon="2.067111"><ele>155.2</ele><time>2025-09-17T16:04:35Z</time></trkpt>
      <trkpt lat="48.767305" lon="2.067117"><ele>154.9</ele><time>2025-09-17T16:04:36Z</time></trkpt>
      <trkpt lat="48.767306" lon="2.067124"><ele>154.5</ele><time>2025-09-17T16:04:37Z</time></trkpt>
      <trkpt lat="48.767319" lon="2.067124"><ele>154.5</ele><time>2025-09-17T16:04:38Z</time></trkpt>
      <trkpt lat="48.767342" lon="2.067092"><ele>154.4</ele><time>2025-09-17T16:04:39Z</time></trkpt>
      <trkpt lat="48.767361" lon="2.067067"><ele>154.2</ele><time>2025-09-17T16:04:40Z</time></trkpt>
      <trkpt lat="48.767377" lon="2.067049"><ele>154.0</ele><time>2025-09-17T16:04:41Z</time></trkpt>
      <trkpt lat="48.767390" lon="2.067026"><ele>154.0</ele><time>2025-09-17T16:04:42Z</time></trkpt>
      <trkpt lat="48.767395" lon="2.067018"><ele>154.1</ele><time>2025-09-17T16:04:43Z</time></trkpt>
      <trkpt lat="48.767400" lon="2.067008"><ele>154.4</ele><time>2025-09-17T16:04:44Z</time></trkpt>
      <trkpt lat="48.767400" lon="2.066992"><ele>154.5</ele><time>2025-09-17T16:04:45Z</time></trkpt>
      <trkpt lat="48.767395" lon="2.066980"><ele>154.8</ele><time>2025-09-17T16:04:46Z</time></trkpt>
      <trkpt lat="48.767392" lon="2.066965"><ele>155.0</ele><time>2025-09-17T16:04:47Z</time></trkpt>
      <trkpt lat="48.767387" lon="2.066952"><ele>155.3</ele><time>2025-09-17T16:04:48Z</time></trkpt>
      <trkpt lat="48.767390" lon="2.066945"><ele>155.6</ele><time>2025-09-17T16:04:49Z</time></trkpt>
      <trkpt lat="48.767383" lon="2.066934"><ele>156.0</ele><time>2025-09-17T16:04:50Z</time></trkpt>
      <trkpt lat="48.767384" lon="2.066918"><ele>156.3</ele><time>2025-09-17T16:04:51Z</time></trkpt>
      <trkpt lat="48.767388" lon="2.066905"><ele>156.8</ele><time>2025-09-17T16:04:52Z</time></trkpt>
      <trkpt lat="48.767393" lon="2.066860"><ele>157.7</ele><time>2025-09-17T16:04:53Z</time></trkpt>
      <trkpt lat="48.767397" lon="2.066830"><ele>158.4</ele><time>2025-09-17T16:04:54Z</time></trkpt>
      <trkpt lat="48.767405" lon="2.066797"><ele>158.9</ele><time>2025-09-17T16:04:55Z</time></trkpt>
      <trkpt lat="48.767410" lon="2.066773"><ele>159.5</ele><time>2025-09-17T16:04:56Z</time></trkpt>
      <trkpt lat="48.767414" lon="2.066744"><ele>160.3</ele><time>2025-09-17T16:04:57Z</time></trkpt>
      <trkpt lat="48.767410" lon="2.066746"><ele>160.5</ele><time>2025-09-17T16:04:58Z</time></trkpt>
      <trkpt lat="48.767412" lon="2.066759"><ele>160.7</ele><time>2025-09-17T16:04:59Z</time></trkpt>
      <trkpt lat="48.767416" lon="2.066753"><ele>161.0</ele><time>2025-09-17T16:05:00Z</time></trkpt>
      <trkpt lat="48.767406" lon="2.066749"><ele>161.2</ele><time>2025-09-17T16:05:01Z</time></trkpt>
      <trkpt lat="48.767400" lon="2.066752"><ele>161.5</ele><time>2025-09-17T16:05:02Z</time></trkpt>
      <trkpt lat="48.767395" lon="2.066756"><ele>161.9</ele><time>2025-09-17T16:05:03Z</time></trkpt>
      <trkpt lat="48.767393" lon="2.066759"><ele>162.2</ele><time>2025-09-17T16:05:04Z</time></trkpt>
      <trkpt lat="48.767393" lon="2.066762"><ele>162.3</ele><time>2025-09-17T16:05:05Z</time></trkpt>
      <trkpt lat="48.767399" lon="2.066769"><ele>162.5</ele><time>2025-09-17T16:05:06Z</time></trkpt>
      <trkpt lat="48.767407" lon="2.066776"><ele>162.4</ele><time>2025-09-17T16:05:07Z</time></trkpt>
      <trkpt lat="48.767410" lon="2.066787"><ele>161.9</ele><time>2025-09-17T16:05:08Z</time></trkpt>
      <trkpt lat="48.767418" lon="2.066783"><ele>161.8</ele><time>2025-09-17T16:05:09Z</time></trkpt>
      <trkpt lat="48.767427" lon="2.066780"><ele>161.7</ele><time>2025-09-17T16:05:10Z</time></trkpt>
      <trkpt lat="48.767434" lon="2.066771"><ele>161.7</ele><time>2025-09-17T16:05:11Z</time></trkpt>
      <trkpt lat="48.767442" lon="2.066761"><ele>161.8</ele><time>2025-09-17T16:05:12Z</time></trkpt>
      <trkpt lat="48.767441" lon="2.066737"><ele>163.3</ele><time>2025-09-17T16:05:13Z</time></trkpt>
      <trkpt lat="48.767450" lon="2.066697"><ele>165.1</ele><time>2025-09-17T16:05:14Z</time></trkpt>
      <trkpt lat="48.767452" lon="2.066664"><ele>167.2</ele><time>2025-09-17T16:05:15Z</time></trkpt>
      <trkpt lat="48.767443" lon="2.066658"><ele>168.4</ele><time>2025-09-17T16:05:16Z</time></trkpt>
      <trkpt lat="48.767488" lon="2.066688"><ele>169.1</ele><time>2025-09-17T16:05:17Z</time></trkpt>
      <trkpt lat="48.767482" lon="2.066712"><ele>169.3</ele><time>2025-09-17T16:05:18Z</time></trkpt>
      <trkpt lat="48.767504" lon="2.066744"><ele>167.0</ele><time>2025-09-17T16:05:19Z</time></trkpt>
      <trkpt lat="48.767500" lon="2.066774"><ele>171.3</ele><time>2025-09-17T16:05:20Z</time></trkpt>
      <trkpt lat="48.767505" lon="2.066784"><ele>170.8</ele><time>2025-09-17T16:05:21Z</time></trkpt>
      <trkpt lat="48.767506" lon="2.066800"><ele>171.4</ele><time>2025-09-17T16:05:22Z</time></trkpt>
      <trkpt lat="48.767509" lon="2.066796"><ele>171.0</ele><time>2025-09-17T16:05:23Z</time></trkpt>
      <trkpt lat="48.767508" lon="2.066809"><ele>171.5</ele><time>2025-09-17T16:05:24Z</time></trkpt>
      <trkpt lat="48.767486" lon="2.066848"><ele>173.9</ele><time>2025-09-17T16:05:25Z</time></trkpt>
      <trkpt lat="48.767474" lon="2.066872"><ele>175.9</ele><time>2025-09-17T16:05:26Z</time></trkpt>
      <trkpt lat="48.767460" lon="2.066888"><ele>179.4</ele><time>2025-09-17T16:05:27Z</time></trkpt>
      <trkpt lat="48.767454" lon="2.066899"><ele>181.8</ele><time>2025-09-17T16:05:28Z</time></trkpt>
      <trkpt lat="48.767449" lon="2.066913"><ele>183.6</ele><time>2025-09-17T16:05:29Z</time></trkpt>
      <trkpt lat="48.767444" lon="2.066927"><ele>184.7</ele><time>2025-09-17T16:05:30Z</time></trkpt>
      <trkpt lat="48.767441" lon="2.066941"><ele>185.0</ele><time>2025-09-17T16:05:31Z</time></trkpt>
      <trkpt lat="48.767438" lon="2.066953"><ele>185.4</ele><time>2025-09-17T16:05:32Z</time></trkpt>
      <trkpt lat="48.767437" lon="2.066954"><ele>185.5</ele><time>2025-09-17T16:05:33Z</time></trkpt>
      <trkpt lat="48.767432" lon="2.066947"><ele>185.1</ele><time>2025-09-17T16:05:34Z</time></trkpt>
      <trkpt lat="48.767427" lon="2.066947"><ele>184.6</ele><time>2025-09-17T16:05:35Z</time></trkpt>
      <trkpt lat="48.767431" lon="2.066957"><ele>183.6</ele><time>2025-09-17T16:05:36Z</time></trkpt>
      <trkpt lat="48.767432" lon="2.066968"><ele>183.9</ele><time>2025-09-17T16:05:37Z</time></trkpt>
      <trkpt lat="48.767429" lon="2.066978"><ele>183.8</ele><time>2025-09-17T16:05:38Z</time></trkpt>
      <trkpt lat="48.767425" lon="2.066982"><ele>183.1</ele><time>2025-09-17T16:05:39Z</time></trkpt>
      <trkpt lat="48.767418" lon="2.066992"><ele>182.0</ele><time>2025-09-17T16:05:40Z</time></trkpt>
      <trkpt lat="48.767412" lon="2.067001"><ele>180.7</ele><time>2025-09-17T16:05:41Z</time></trkpt>
      <trkpt lat="48.767410" lon="2.067011"><ele>179.7</ele><time>2025-09-17T16:05:42Z</time></trkpt>
      <trkpt lat="48.767410" lon="2.067021"><ele>178.8</ele><time>2025-09-17T16:05:43Z</time></trkpt>
      <trkpt lat="48.767416" lon="2.067028"><ele>177.9</ele><time>2025-09-17T16:05:44Z</time></trkpt>
      <trkpt lat="48.767420" lon="2.067037"><ele>177.0</ele><time>2025-09-17T16:05:45Z</time></trkpt>
      <trkpt lat="48.767420" lon="2.067045"><ele>176.5</ele><time>2025-09-17T16:05:46Z</time></trkpt>
      <trkpt lat="48.767417" lon="2.067047"><ele>176.6</ele><time>2025-09-17T16:05:47Z</time></trkpt>
      <trkpt lat="48.767411" lon="2.067044"><ele>176.5</ele><time>2025-09-17T16:05:48Z</time></trkpt>
      <trkpt lat="48.767407" lon="2.067043"><ele>176.3</ele><time>2025-09-17T16:05:49Z</time></trkpt>
      <trkpt lat="48.767404" lon="2.067042"><ele>176.1</ele><time>2025-09-17T16:05:50Z</time></trkpt>
      <trkpt lat="48.767401" lon="2.067044"><ele>175.9</ele><time>2025-09-17T16:05:51Z</time></trkpt>
      <trkpt lat="48.767400" lon="2.067045"><ele>176.0</ele><time>2025-09-17T16:05:52Z</time></trkpt>
      <trkpt lat="48.767398" lon="2.067047"><ele>175.8</ele><time>2025-09-17T16:05:53Z</time></trkpt>
      <trkpt lat="48.767396" lon="2.067048"><ele>175.2</ele><time>2025-09-17T16:05:54Z</time></trkpt>
      <trkpt lat="48.767395" lon="2.067049"><ele>175.3</ele><time>2025-09-17T16:05:55Z</time></trkpt>
      <trkpt lat="48.767395" lon="2.067051"><ele>175.2</ele><time>2025-09-17T16:05:56Z</time></trkpt>
      <trkpt lat="48.767395" lon="2.067055"><ele>174.7</ele><time>2025-09-17T16:05:57Z</time></trkpt>
      <trkpt lat="48.767393" lon="2.067057"><ele>174.8</ele><time>2025-09-17T16:05:58Z</time></trkpt>
      <trkpt lat="48.767392" lon="2.067060"><ele>174.5</ele><time>2025-09-17T16:05:59Z</time></trkpt>
      <trkpt lat="48.767392" lon="2.067060"><ele>174.3</ele><time>2025-09-17T16:06:00Z</time></trkpt>
      <trkpt lat="48.767391" lon="2.067061"><ele>174.0</ele><time>2025-09-17T16:06:01Z</time></trkpt>
      <trkpt lat="48.767391" lon="2.067064"><ele>173.6</ele><time>2025-09-17T16:06:02Z</time></trkpt>
      <trkpt lat="48.767391" lon="2.067065"><ele>173.5</ele><time>2025-09-17T16:06:03Z</time></trkpt>
      <trkpt lat="48.767394" lon="2.067070"><ele>173.2</ele><time>2025-09-17T16:06:04Z</time></trkpt>
      <trkpt lat="48.767395" lon="2.067075"><ele>172.9</ele><time>2025-09-17T16:06:05Z</time></trkpt>
      <trkpt lat="48.767395" lon="2.067079"><ele>172.6</ele><time>2025-09-17T16:06:06Z</time></trkpt>
      <trkpt lat="48.767396" lon="2.067081"><ele>172.5</ele><time>2025-09-17T16:06:07Z</time></trkpt>
      <trkpt lat="48.767397" lon="2.067084"><ele>172.3</ele><time>2025-09-17T16:06:08Z</time></trkpt>
      <trkpt lat="48.767398" lon="2.067084"><ele>172.3</ele><time>2025-09-17T16:06:09Z</time></trkpt>
      <trkpt lat="48.767400" lon="2.067084"><ele>172.1</ele><time>2025-09-17T16:06:10Z</time></trkpt>
      <trkpt lat="48.767398" lon="2.067086"><ele>171.8</ele><time>2025-09-17T16:06:11Z</time></trkpt>
      <trkpt lat="48.767398" lon="2.067085"><ele>171.4</ele><time>2025-09-17T16:06:12Z</time></trkpt>
      <trkpt lat="48.767398" lon="2.067085"><ele>171.4</ele><time>2025-09-17T16:06:13Z</time></trkpt>
      <trkpt lat="48.767398" lon="2.067086"><ele>171.1</ele><time>2025-09-17T16:06:14Z</time></trkpt>
      <trkpt lat="48.767398" lon="2.067085"><ele>170.9</ele><time>2025-09-17T16:06:15Z</time></trkpt>
      <trkpt lat="48.767397" lon="2.067087"><ele>171.0</ele><time>2025-09-17T16:06:16Z</time></trkpt>
      <trkpt lat="48.767396" lon="2.067089"><ele>170.8</ele><time>2025-09-17T16:06:17Z</time></trkpt>
      <trkpt lat="48.767396" lon="2.067091"><ele>170.5</ele><time>2025-09-17T16:06:18Z</time></trkpt>
      <trkpt lat="48.767394" lon="2.067091"><ele>170.3</ele><time>2025-09-17T16:06:19Z</time></trkpt>
      <trkpt lat="48.767393" lon="2.067090"><ele>170.1</ele><time>2025-09-17T16:06:20Z</time></trkpt>
      <trkpt lat="48.767395" lon="2.067093"><ele>169.7</ele><time>2025-09-17T16:06:21Z</time></trkpt>
      <trkpt lat="48.767394" lon="2.067094"><ele>169.6</ele><time>2025-09-17T16:06:22Z</time></trkpt>
      <trkpt lat="48.767394" lon="2.067095"><ele>169.4</ele><time>2025-09-17T16:06:23Z</time></trkpt>
      <trkpt lat="48.767394" lon="2.067095"><ele>169.4</ele><time>2025-09-17T16:06:24Z</time></trkpt>
      <trkpt lat="48.767393" lon="2.067097"><ele>169.3</ele><time>2025-09-17T16:06:25Z</time></trkpt>
      <trkpt lat="48.767393" lon="2.067099"><ele>168.9</ele><time>2025-09-17T16:06:26Z</time></trkpt>
      <trkpt lat="48.767392" lon="2.067102"><ele>168.7</ele><time>2025-09-17T16:06:27Z</time></trkpt>
      <trkpt lat="48.767392" lon="2.067103"><ele>168.6</ele><time>2025-09-17T16:06:28Z</time></trkpt>
      <trkpt lat="48.767391" lon="2.067104"><ele>168.5</ele><time>2025-09-17T16:06:29Z</time></trkpt>
      <trkpt lat="48.767392" lon="2.067105"><ele>168.4</ele><time>2025-09-17T16:06:30Z</time></trkpt>
      <trkpt lat="48.767392" lon="2.067106"><ele>168.5</ele><time>2025-09-17T16:06:31Z</time></trkpt>
      <trkpt lat="48.767392" lon="2.067107"><ele>168.4</ele><time>2025-09-17T16:06:32Z</time></trkpt>
      <trkpt lat="48.767392" lon="2.067107"><ele>168.4</ele><time>2025-09-17T16:06:33Z</time></trkpt>
      <trkpt lat="48.767392" lon="2.067108"><ele>168.3</ele><time>2025-09-17T16:06:34Z</time></trkpt>
      <trkpt lat="48.767391" lon="2.067108"><ele>168.2</ele><time>2025-09-17T16:06:35Z</time></trkpt>
      <trkpt lat="48.767392" lon="2.067109"><ele>168.2</ele><time>2025-09-17T16:06:36Z</time></trkpt>
      <trkpt lat="48.767390" lon="2.067112"><ele>167.8</ele><time>2025-09-17T16:06:37Z</time></trkpt>
      <trkpt lat="48.767389" lon="2.067110"><ele>167.7</ele><time>2025-09-17T16:06:38Z</time></trkpt>
      <trkpt lat="48.767386" lon="2.067112"><ele>167.4</ele><time>2025-09-17T16:06:39Z</time></trkpt>
      <trkpt lat="48.767385" lon="2.067110"><ele>167.0</ele><time>2025-09-17T16:06:40Z</time></trkpt>
      <trkpt lat="48.767386" lon="2.067111"><ele>166.8</ele><time>2025-09-17T16:06:41Z</time></trkpt>
      <trkpt lat="48.767386" lon="2.067110"><ele>166.9</ele><time>2025-09-17T16:06:42Z</time></trkpt>
      <trkpt lat="48.767385" lon="2.067109"><ele>166.7</ele><time>2025-09-17T16:06:43Z</time></trkpt>
      <trkpt lat="48.767384" lon="2.067112"><ele>166.8</ele><time>2025-09-17T16:06:44Z</time></trkpt>
      <trkpt lat="48.767384" lon="2.067113"><ele>166.5</ele><time>2025-09-17T16:06:45Z</time></trkpt>
      <trkpt lat="48.767384" lon="2.067114"><ele>166.3</ele><time>2025-09-17T16:06:46Z</time></trkpt>
      <trkpt lat="48.767384" lon="2.067115"><ele>166.0</ele><time>2025-09-17T16:06:47Z</time></trkpt>
      <trkpt lat="48.767385" lon="2.067115"><ele>165.7</ele><time>2025-09-17T16:06:48Z</time></trkpt>
      <trkpt lat="48.767385" lon="2.067117"><ele>165.6</ele><time>2025-09-17T16:06:49Z</time></trkpt>
      <trkpt lat="48.767385" lon="2.067120"><ele>165.7</ele><time>2025-09-17T16:06:50Z</time></trkpt>
      <trkpt lat="48.767386" lon="2.067121"><ele>165.6</ele><time>2025-09-17T16:06:51Z</time></trkpt>
      <trkpt lat="48.767385" lon="2.067122"><ele>165.4</ele><time>2025-09-17T16:06:52Z</time></trkpt>
      <trkpt lat="48.767384" lon="2.067123"><ele>165.5</ele><time>2025-09-17T16:06:53Z</time></trkpt>
      <trkpt lat="48.767384" lon="2.067123"><ele>165.4</ele><time>2025-09-17T16:06:54Z</time></trkpt>
      <trkpt lat="48.767382" lon="2.067122"><ele>165.3</ele><time>2025-09-17T16:06:55Z</time></trkpt>
      <trkpt lat="48.767381" lon="2.067123"><ele>165.2</ele><time>2025-09-17T16:06:56Z</time></trkpt>
      <trkpt lat="48.767381" lon="2.067122"><ele>165.2</ele><time>2025-09-17T16:06:57Z</time></trkpt>
      <trkpt lat="48.767379" lon="2.067123"><ele>165.1</ele><time>2025-09-17T16:06:58Z</time></trkpt>
      <trkpt lat="48.767381" lon="2.067122"><ele>165.5</ele><time>2025-09-17T16:06:59Z</time></trkpt>
      <trkpt lat="48.767381" lon="2.067124"><ele>165.7</ele><time>2025-09-17T16:07:00Z</time></trkpt>
      <trkpt lat="48.767380" lon="2.067125"><ele>165.6</ele><time>2025-09-17T16:07:01Z</time></trkpt>
      <trkpt lat="48.767379" lon="2.067125"><ele>165.5</ele><time>2025-09-17T16:07:02Z</time></trkpt>
      <trkpt lat="48.767378" lon="2.067124"><ele>165.3</ele><time>2025-09-17T16:07:03Z</time></trkpt>
      <trkpt lat="48.767379" lon="2.067124"><ele>165.2</ele><time>2025-09-17T16:07:04Z</time></trkpt>
      <trkpt lat="48.767379" lon="2.067124"><ele>165.5</ele><time>2025-09-17T16:07:05Z</time></trkpt>
      <trkpt lat="48.767376" lon="2.067120"><ele>165.2</ele><time>2025-09-17T16:07:06Z</time></trkpt>
      <trkpt lat="48.767373" lon="2.067119"><ele>164.8</ele><time>2025-09-17T16:07:07Z</time></trkpt>
      <trkpt lat="48.767370" lon="2.067119"><ele>164.5</ele><time>2025-09-17T16:07:08Z</time></trkpt>
      <trkpt lat="48.767368" lon="2.067118"><ele>164.3</ele><time>2025-09-17T16:07:09Z</time></trkpt>
      <trkpt lat="48.767368" lon="2.067118"><ele>164.1</ele><time>2025-09-17T16:07:10Z</time></trkpt>
      <trkpt lat="48.767367" lon="2.067118"><ele>164.0</ele><time>2025-09-17T16:07:11Z</time></trkpt>
      <trkpt lat="48.767364" lon="2.067114"><ele>164.1</ele><time>2025-09-17T16:07:12Z</time></trkpt>
      <trkpt lat="48.767364" lon="2.067111"><ele>164.2</ele><time>2025-09-17T16:07:13Z</time></trkpt>
      <trkpt lat="48.767369" lon="2.067110"><ele>164.1</ele><time>2025-09-17T16:07:14Z</time></trkpt>
      <trkpt lat="48.767371" lon="2.067109"><ele>164.2</ele><time>2025-09-17T16:07:15Z</time></trkpt>
      <trkpt lat="48.767371" lon="2.067110"><ele>164.1</ele><time>2025-09-17T16:07:16Z</time></trkpt>
      <trkpt lat="48.767372" lon="2.067110"><ele>163.8</ele><time>2025-09-17T16:07:17Z</time></trkpt>
      <trkpt lat="48.767372" lon="2.067112"><ele>163.8</ele><time>2025-09-17T16:07:18Z</time></trkpt>
      <trkpt lat="48.767373" lon="2.067112"><ele>163.8</ele><time>2025-09-17T16:07:19Z</time></trkpt>
      <trkpt lat="48.767374" lon="2.067112"><ele>163.6</ele><time>2025-09-17T16:07:20Z</time></trkpt>
      <trkpt lat="48.767375" lon="2.067112"><ele>163.6</ele><time>2025-09-17T16:07:21Z</time></trkpt>
      <trkpt lat="48.767375" lon="2.067112"><ele>163.6</ele><time>2025-09-17T16:07:22Z</time></trkpt>
      <trkpt lat="48.767375" lon="2.067112"><ele>163.5</ele><time>2025-09-17T16:07:23Z</time></trkpt>
      <trkpt lat="48.767375" lon="2.067112"><ele>163.5</ele><time>2025-09-17T16:07:24Z</time></trkpt>
      <trkpt lat="48.767375" lon="2.067112"><ele>163.5</ele><time>2025-09-17T16:07:25Z</time></trkpt>
      <trkpt lat="48.767376" lon="2.067112"><ele>163.4</ele><time>2025-09-17T16:07:26Z</time></trkpt>
      <trkpt lat="48.767376" lon="2.067112"><ele>163.3</ele><time>2025-09-17T16:07:27Z</time></trkpt>
      <trkpt lat="48.767376" lon="2.067111"><ele>163.3</ele><time>2025-09-17T16:07:28Z</time></trkpt>
      <trkpt lat="48.767376" lon="2.067110"><ele>163.3</ele><time>2025-09-17T16:07:29Z</time></trkpt>
      <trkpt lat="48.767376" lon="2.067109"><ele>163.2</ele><time>2025-09-17T16:07:30Z</time></trkpt>
      <trkpt lat="48.767377" lon="2.067108"><ele>163.1</ele><time>2025-09-17T16:07:31Z</time></trkpt>
      <trkpt lat="48.767377" lon="2.067108"><ele>163.1</ele><time>2025-09-17T16:07:32Z</time></trkpt>
      <trkpt lat="48.767377" lon="2.067109"><ele>163.1</ele><time>2025-09-17T16:07:33Z</time></trkpt>
      <trkpt lat="48.767376" lon="2.067109"><ele>163.1</ele><time>2025-09-17T16:07:34Z</time></trkpt>
      <trkpt lat="48.767376" lon="2.067108"><ele>163.0</ele><time>2025-09-17T16:07:35Z</time></trkpt>
      <trkpt lat="48.767376" lon="2.067107"><ele>163.0</ele><time>2025-09-17T16:07:36Z</time></trkpt>
      <trkpt lat="48.767376" lon="2.067106"><ele>163.0</ele><time>2025-09-17T16:07:37Z</time></trkpt>
      <trkpt lat="48.767377" lon="2.067106"><ele>162.9</ele><time>2025-09-17T16:07:38Z</time></trkpt>
      <trkpt lat="48.767378" lon="2.067106"><ele>163.0</ele><time>2025-09-17T16:07:39Z</time></trkpt>
      <trkpt lat="48.767378" lon="2.067106"><ele>163.0</ele><time>2025-09-17T16:07:40Z</time></trkpt>
      <trkpt lat="48.767378" lon="2.067105"><ele>163.0</ele><time>2025-09-17T16:07:41Z</time></trkpt>
      <trkpt lat="48.767378" lon="2.067105"><ele>162.9</ele><time>2025-09-17T16:07:42Z</time></trkpt>
      <trkpt lat="48.767379" lon="2.067105"><ele>162.8</ele><time>2025-09-17T16:07:43Z</time></trkpt>
      <trkpt lat="48.767380" lon="2.067105"><ele>162.7</ele><time>2025-09-17T16:07:44Z</time></trkpt>
      <trkpt lat="48.767380" lon="2.067104"><ele>162.6</ele><time>2025-09-17T16:07:45Z</time></trkpt>
      <trkpt lat="48.767380" lon="2.067105"><ele>162.6</ele><time>2025-09-17T16:07:46Z</time></trkpt>
      <trkpt lat="48.767380" lon="2.067105"><ele>162.5</ele><time>2025-09-17T16:07:47Z</time></trkpt>
      <trkpt lat="48.767380" lon="2.067106"><ele>162.5</ele><time>2025-09-17T16:07:48Z</time></trkpt>
      <trkpt lat="48.767379" lon="2.067105"><ele>162.3</ele><time>2025-09-17T16:07:49Z</time></trkpt>
      <trkpt lat="48.767378" lon="2.067107"><ele>162.4</ele><time>2025-09-17T16:07:50Z</time></trkpt>
      <trkpt lat="48.767378" lon="2.067105"><ele>162.5</ele><time>2025-09-17T16:07:51Z</time></trkpt>
      <trkpt lat="48.767377" lon="2.067106"><ele>162.9</ele><time>2025-09-17T16:07:52Z</time></trkpt>
      <trkpt lat="48.767376" lon="2.067106"><ele>162.9</ele><time>2025-09-17T16:07:53Z</time></trkpt>
      <trkpt lat="48.767374" lon="2.067102"><ele>162.9</ele><time>2025-09-17T16:07:54Z</time></trkpt>
      <trkpt lat="48.767367" lon="2.067084"><ele>163.0</ele><time>2025-09-17T16:07:55Z</time></trkpt>
      <trkpt lat="48.767361" lon="2.067047"><ele>162.9</ele><time>2025-09-17T16:07:56Z</time></trkpt>
      <trkpt lat="48.767363" lon="2.067002"><ele>162.8</ele><time>2025-09-17T16:07:57Z</time></trkpt>
      <trkpt lat="48.767365" lon="2.066959"><ele>162.8</ele><time>2025-09-17T16:07:58Z</time></trkpt>
      <trkpt lat="48.767361" lon="2.066917"><ele>162.8</ele><time>2025-09-17T16:07:59Z</time></trkpt>
      <trkpt lat="48.767345" lon="2.066875"><ele>162.8</ele><time>2025-09-17T16:08:00Z</time></trkpt>
      <trkpt lat="48.767322" lon="2.066834"><ele>162.9</ele><time>2025-09-17T16:08:01Z</time></trkpt>
      <trkpt lat="48.767295" lon="2.066789"><ele>162.9</ele><time>2025-09-17T16:08:02Z</time></trkpt>
      <trkpt lat="48.767268" lon="2.066743"><ele>163.3</ele><time>2025-09-17T16:08:03Z</time></trkpt>
      <trkpt lat="48.767245" lon="2.066700"><ele>163.5</ele><time>2025-09-17T16:08:04Z</time></trkpt>
      <trkpt lat="48.767224" lon="2.066655"><ele>163.6</ele><time>2025-09-17T16:08:05Z</time></trkpt>
      <trkpt lat="48.767201" lon="2.066614"><ele>163.6</ele><time>2025-09-17T16:08:06Z</time></trkpt>
      <trkpt lat="48.767177" lon="2.066574"><ele>163.9</ele><time>2025-09-17T16:08:07Z</time></trkpt>
      <trkpt lat="48.767151" lon="2.066533"><ele>164.1</ele><time>2025-09-17T16:08:08Z</time></trkpt>
      <trkpt lat="48.767126" lon="2.066495"><ele>163.9</ele><time>2025-09-17T16:08:09Z</time></trkpt>
      <trkpt lat="48.767098" lon="2.066467"><ele>163.8</ele><time>2025-09-17T16:08:10Z</time></trkpt>
      <trkpt lat="48.767067" lon="2.066468"><ele>164.0</ele><time>2025-09-17T16:08:11Z</time></trkpt>
      <trkpt lat="48.767036" lon="2.066499"><ele>164.8</ele><time>2025-09-17T16:08:12Z</time></trkpt>
      <trkpt lat="48.767001" lon="2.066541"><ele>165.3</ele><time>2025-09-17T16:08:13Z</time></trkpt>
      <trkpt lat="48.766964" lon="2.066589"><ele>166.4</ele><time>2025-09-17T16:08:14Z</time></trkpt>
      <trkpt lat="48.766925" lon="2.066639"><ele>167.1</ele><time>2025-09-17T16:08:15Z</time></trkpt>
      <trkpt lat="48.766883" lon="2.066692"><ele>167.2</ele><time>2025-09-17T16:08:16Z</time></trkpt>
      <trkpt lat="48.766843" lon="2.066751"><ele>167.5</ele><time>2025-09-17T16:08:17Z</time></trkpt>
      <trkpt lat="48.766810" lon="2.066802"><ele>167.8</ele><time>2025-09-17T16:08:18Z</time></trkpt>
      <trkpt lat="48.766781" lon="2.066842"><ele>167.8</ele><time>2025-09-17T16:08:19Z</time></trkpt>
      <trkpt lat="48.766760" lon="2.066868"><ele>167.9</ele><time>2025-09-17T16:08:20Z</time></trkpt>
      <trkpt lat="48.766745" lon="2.066885"><ele>168.0</ele><time>2025-09-17T16:08:21Z</time></trkpt>
      <trkpt lat="48.766723" lon="2.066900"><ele>167.9</ele><time>2025-09-17T16:08:22Z</time></trkpt>
      <trkpt lat="48.766685" lon="2.066908"><ele>167.6</ele><time>2025-09-17T16:08:23Z</time></trkpt>
      <trkpt lat="48.766641" lon="2.066891"><ele>167.6</ele><time>2025-09-17T16:08:24Z</time></trkpt>
      <trkpt lat="48.766601" lon="2.066840"><ele>167.3</ele><time>2025-09-17T16:08:25Z</time></trkpt>
      <trkpt lat="48.766568" lon="2.066775"><ele>167.2</ele><time>2025-09-17T16:08:26Z</time></trkpt>
      <trkpt lat="48.766539" lon="2.066712"><ele>167.0</ele><time>2025-09-17T16:08:27Z</time></trkpt>
      <trkpt lat="48.766515" lon="2.066654"><ele>166.8</ele><time>2025-09-17T16:08:28Z</time></trkpt>
      <trkpt lat="48.766495" lon="2.066606"><ele>166.8</ele><time>2025-09-17T16:08:29Z</time></trkpt>
      <trkpt lat="48.766477" lon="2.066567"><ele>166.7</ele><time>2025-09-17T16:08:30Z</time></trkpt>
      <trkpt lat="48.766464" lon="2.066538"><ele>166.6</ele><time>2025-09-17T16:08:31Z</time></trkpt>
      <trkpt lat="48.766460" lon="2.066516"><ele>166.5</ele><time>2025-09-17T16:08:32Z</time></trkpt>
      <trkpt lat="48.766458" lon="2.066505"><ele>166.4</ele><time>2025-09-17T16:08:33Z</time></trkpt>
      <trkpt lat="48.766458" lon="2.066503"><ele>166.3</ele><time>2025-09-17T16:08:34Z</time></trkpt>
      <trkpt lat="48.766458" lon="2.066504"><ele>166.1</ele><time>2025-09-17T16:08:35Z</time></trkpt>
      <trkpt lat="48.766457" lon="2.066504"><ele>166.0</ele><time>2025-09-17T16:08:36Z</time></trkpt>
      <trkpt lat="48.766456" lon="2.066504"><ele>165.7</ele><time>2025-09-17T16:08:37Z</time></trkpt>
      <trkpt lat="48.766456" lon="2.066504"><ele>165.4</ele><time>2025-09-17T16:08:38Z</time></trkpt>
      <trkpt lat="48.766456" lon="2.066500"><ele>165.3</ele><time>2025-09-17T16:08:39Z</time></trkpt>
      <trkpt lat="48.766458" lon="2.066474"><ele>165.1</ele><time>2025-09-17T16:08:40Z</time></trkpt>
      <trkpt lat="48.766477" lon="2.066418"><ele>164.7</ele><time>2025-09-17T16:08:41Z</time></trkpt>
      <trkpt lat="48.766527" lon="2.066327"><ele>164.3</ele><time>2025-09-17T16:08:42Z</time></trkpt>
      <trkpt lat="48.766592" lon="2.066216"><ele>163.4</ele><time>2025-09-17T16:08:43Z</time></trkpt>
      <trkpt lat="48.766675" lon="2.066096"><ele>162.8</ele><time>2025-09-17T16:08:44Z</time></trkpt>
      <trkpt lat="48.766769" lon="2.065962"><ele>162.9</ele><time>2025-09-17T16:08:45Z</time></trkpt>
      <trkpt lat="48.766880" lon="2.065818"><ele>162.8</ele><time>2025-09-17T16:08:46Z</time></trkpt>
      <trkpt lat="48.766991" lon="2.065674"><ele>162.1</ele><time>2025-09-17T16:08:47Z</time></trkpt>
      <trkpt lat="48.767096" lon="2.065525"><ele>161.9</ele><time>2025-09-17T16:08:48Z</time></trkpt>
      <trkpt lat="48.767209" lon="2.065371"><ele>161.7</ele><time>2025-09-17T16:08:49Z</time></trkpt>
      <trkpt lat="48.767330" lon="2.065217"><ele>161.6</ele><time>2025-09-17T16:08:50Z</time></trkpt>
      <trkpt lat="48.767451" lon="2.065060"><ele>161.1</ele><time>2025-09-17T16:08:51Z</time></trkpt>
      <trkpt lat="48.767570" lon="2.064894"><ele>160.9</ele><time>2025-09-17T16:08:52Z</time></trkpt>
      <trkpt lat="48.767694" lon="2.064731"><ele>160.3</ele><time>2025-09-17T16:08:53Z</time></trkpt>
      <trkpt lat="48.767816" lon="2.064559"><ele>159.7</ele><time>2025-09-17T16:08:54Z</time></trkpt>
      <trkpt lat="48.767945" lon="2.064391"><ele>159.0</ele><time>2025-09-17T16:08:55Z</time></trkpt>
      <trkpt lat="48.768067" lon="2.064221"><ele>158.2</ele><time>2025-09-17T16:08:56Z</time></trkpt>
      <trkpt lat="48.768185" lon="2.064043"><ele>157.3</ele><time>2025-09-17T16:08:57Z</time></trkpt>
      <trkpt lat="48.768316" lon="2.063851"><ele>157.1</ele><time>2025-09-17T16:08:58Z</time></trkpt>
      <trkpt lat="48.768435" lon="2.063649"><ele>155.4</ele><time>2025-09-17T16:08:59Z</time></trkpt>
      <trkpt lat="48.768547" lon="2.063466"><ele>154.7</ele><time>2025-09-17T16:09:00Z</time></trkpt>
      <trkpt lat="48.768644" lon="2.063292"><ele>154.2</ele><time>2025-09-17T16:09:01Z</time></trkpt>
      <trkpt lat="48.768733" lon="2.063127"><ele>154.4</ele><time>2025-09-17T16:09:02Z</time></trkpt>
      <trkpt lat="48.768817" lon="2.062976"><ele>152.6</ele><time>2025-09-17T16:09:03Z</time></trkpt>
      <trkpt lat="48.768901" lon="2.062839"><ele>150.9</ele><time>2025-09-17T16:09:04Z</time></trkpt>
      <trkpt lat="48.768963" lon="2.062709"><ele>150.2</ele><time>2025-09-17T16:09:05Z</time></trkpt>
      <trkpt lat="48.769011" lon="2.062592"><ele>150.1</ele><time>2025-09-17T16:09:06Z</time></trkpt>
      <trkpt lat="48.769060" lon="2.062486"><ele>148.8</ele><time>2025-09-17T16:09:07Z</time></trkpt>
      <trkpt lat="48.769105" lon="2.062392"><ele>147.0</ele><time>2025-09-17T16:09:08Z</time></trkpt>
      <trkpt lat="48.769141" lon="2.062323"><ele>147.2</ele><time>2025-09-17T16:09:09Z</time></trkpt>
      <trkpt lat="48.769173" lon="2.062254"><ele>146.7</ele><time>2025-09-17T16:09:10Z</time></trkpt>
      <trkpt lat="48.769205" lon="2.062193"><ele>145.1</ele><time>2025-09-17T16:09:11Z</time></trkpt>
      <trkpt lat="48.769221" lon="2.062134"><ele>145.4</ele><time>2025-09-17T16:09:12Z</time></trkpt>
      <trkpt lat="48.769233" lon="2.062082"><ele>146.6</ele><time>2025-09-17T16:09:13Z</time></trkpt>
      <trkpt lat="48.769244" lon="2.062040"><ele>147.5</ele><time>2025-09-17T16:09:14Z</time></trkpt>
      <trkpt lat="48.769250" lon="2.062013"><ele>147.9</ele><time>2025-09-17T16:09:15Z</time></trkpt>
      <trkpt lat="48.769249" lon="2.062001"><ele>148.9</ele><time>2025-09-17T16:09:16Z</time></trkpt>
      <trkpt lat="48.769248" lon="2.061997"><ele>149.9</ele><time>2025-09-17T16:09:17Z</time></trkpt>
      <trkpt lat="48.769248" lon="2.061996"><ele>150.5</ele><time>2025-09-17T16:09:18Z</time></trkpt>
      <trkpt lat="48.769243" lon="2.061994"><ele>151.5</ele><time>2025-09-17T16:09:19Z</time></trkpt>
      <trkpt lat="48.769239" lon="2.061991"><ele>152.2</ele><time>2025-09-17T16:09:20Z</time></trkpt>
      <trkpt lat="48.769234" lon="2.061990"><ele>153.2</ele><time>2025-09-17T16:09:21Z</time></trkpt>
      <trkpt lat="48.769225" lon="2.061985"><ele>154.0</ele><time>2025-09-17T16:09:22Z</time></trkpt>
      <trkpt lat="48.769219" lon="2.061983"><ele>154.7</ele><time>2025-09-17T16:09:23Z</time></trkpt>
      <trkpt lat="48.769217" lon="2.061981"><ele>155.8</ele><time>2025-09-17T16:09:24Z</time></trkpt>
      <trkpt lat="48.769215" lon="2.061981"><ele>156.5</ele><time>2025-09-17T16:09:25Z</time></trkpt>
      <trkpt lat="48.769215" lon="2.061980"><ele>157.1</ele><time>2025-09-17T16:09:26Z</time></trkpt>
      <trkpt lat="48.769209" lon="2.061975"><ele>157.7</ele><time>2025-09-17T16:09:27Z</time></trkpt>
      <trkpt lat="48.769207" lon="2.061973"><ele>158.4</ele><time>2025-09-17T16:09:28Z</time></trkpt>
      <trkpt lat="48.769204" lon="2.061974"><ele>159.3</ele><time>2025-09-17T16:09:29Z</time></trkpt>
      <trkpt lat="48.769205" lon="2.061974"><ele>160.0</ele><time>2025-09-17T16:09:30Z</time></trkpt>
      <trkpt lat="48.769205" lon="2.061974"><ele>160.4</ele><time>2025-09-17T16:09:31Z</time></trkpt>
      <trkpt lat="48.769206" lon="2.061971"><ele>160.6</ele><time>2025-09-17T16:09:32Z</time></trkpt>
      <trkpt lat="48.769206" lon="2.061972"><ele>161.0</ele><time>2025-09-17T16:09:33Z</time></trkpt>
      <trkpt lat="48.769208" lon="2.061972"><ele>160.9</ele><time>2025-09-17T16:09:34Z</time></trkpt>
      <trkpt lat="48.769209" lon="2.061969"><ele>161.0</ele><time>2025-09-17T16:09:35Z</time></trkpt>
      <trkpt lat="48.769209" lon="2.061966"><ele>160.8</ele><time>2025-09-17T16:09:36Z</time></trkpt>
      <trkpt lat="48.769207" lon="2.061964"><ele>161.0</ele><time>2025-09-17T16:09:37Z</time></trkpt>
      <trkpt lat="48.769207" lon="2.061962"><ele>161.4</ele><time>2025-09-17T16:09:38Z</time></trkpt>
      <trkpt lat="48.769205" lon="2.061960"><ele>161.7</ele><time>2025-09-17T16:09:39Z</time></trkpt>
      <trkpt lat="48.769206" lon="2.061960"><ele>162.0</ele><time>2025-09-17T16:09:40Z</time></trkpt>
      <trkpt lat="48.769205" lon="2.061959"><ele>162.1</ele><time>2025-09-17T16:09:41Z</time></trkpt>
      <trkpt lat="48.769196" lon="2.061954"><ele>161.7</ele><time>2025-09-17T16:09:42Z</time></trkpt>
      <trkpt lat="48.769191" lon="2.061952"><ele>161.4</ele><time>2025-09-17T16:09:43Z</time></trkpt>
      <trkpt lat="48.769190" lon="2.061951"><ele>161.3</ele><time>2025-09-17T16:09:44Z</time></trkpt>
      <trkpt lat="48.769191" lon="2.061952"><ele>161.4</ele><time>2025-09-17T16:09:45Z</time></trkpt>
      <trkpt lat="48.769190" lon="2.061951"><ele>161.5</ele><time>2025-09-17T16:09:46Z</time></trkpt>
      <trkpt lat="48.769189" lon="2.061949"><ele>161.7</ele><time>2025-09-17T16:09:47Z</time></trkpt>
      <trkpt lat="48.769194" lon="2.061937"><ele>161.6</ele><time>2025-09-17T16:09:48Z</time></trkpt>
      <trkpt lat="48.769212" lon="2.061898"><ele>161.5</ele><time>2025-09-17T16:09:49Z</time></trkpt>
      <trkpt lat="48.769253" lon="2.061841"><ele>160.8</ele><time>2025-09-17T16:09:50Z</time></trkpt>
      <trkpt lat="48.769307" lon="2.061778"><ele>160.9</ele><time>2025-09-17T16:09:51Z</time></trkpt>
      <trkpt lat="48.769362" lon="2.061709"><ele>160.6</ele><time>2025-09-17T16:09:52Z</time></trkpt>
      <trkpt lat="48.769401" lon="2.061615"><ele>160.3</ele><time>2025-09-17T16:09:53Z</time></trkpt>
      <trkpt lat="48.769436" lon="2.061498"><ele>160.5</ele><time>2025-09-17T16:09:54Z</time></trkpt>
      <trkpt lat="48.769473" lon="2.061362"><ele>160.4</ele><time>2025-09-17T16:09:55Z</time></trkpt>
      <trkpt lat="48.769520" lon="2.061226"><ele>160.2</ele><time>2025-09-17T16:09:56Z</time></trkpt>
      <trkpt lat="48.769573" lon="2.061079"><ele>159.8</ele><time>2025-09-17T16:09:57Z</time></trkpt>
      <trkpt lat="48.769630" lon="2.060918"><ele>159.2</ele><time>2025-09-17T16:09:58Z</time></trkpt>
      <trkpt lat="48.769680" lon="2.060741"><ele>158.5</ele><time>2025-09-17T16:09:59Z</time></trkpt>
      <trkpt lat="48.769734" lon="2.060556"><ele>157.8</ele><time>2025-09-17T16:10:00Z</time></trkpt>
      <trkpt lat="48.769794" lon="2.060364"><ele>157.3</ele><time>2025-09-17T16:10:01Z</time></trkpt>
      <trkpt lat="48.769853" lon="2.060166"><ele>157.1</ele><time>2025-09-17T16:10:02Z</time></trkpt>
      <trkpt lat="48.769914" lon="2.059961"><ele>157.4</ele><time>2025-09-17T16:10:03Z</time></trkpt>
      <trkpt lat="48.769975" lon="2.059748"><ele>156.8</ele><time>2025-09-17T16:10:04Z</time></trkpt>
      <trkpt lat="48.770040" lon="2.059534"><ele>156.7</ele><time>2025-09-17T16:10:05Z</time></trkpt>
      <trkpt lat="48.770100" lon="2.059315"><ele>155.9</ele><time>2025-09-17T16:10:06Z</time></trkpt>
      <trkpt lat="48.770160" lon="2.059098"><ele>155.5</ele><time>2025-09-17T16:10:07Z</time></trkpt>
      <trkpt lat="48.770222" lon="2.058882"><ele>155.6</ele><time>2025-09-17T16:10:08Z</time></trkpt>
      <trkpt lat="48.770279" lon="2.058666"><ele>156.0</ele><time>2025-09-17T16:10:09Z</time></trkpt>
      <trkpt lat="48.770338" lon="2.058455"><ele>156.1</ele><time>2025-09-17T16:10:10Z</time></trkpt>
      <trkpt lat="48.770399" lon="2.058248"><ele>156.0</ele><time>2025-09-17T16:10:11Z</time></trkpt>
      <trkpt lat="48.770454" lon="2.058042"><ele>156.4</ele><time>2025-09-17T16:10:12Z</time></trkpt>
      <trkpt lat="48.770511" lon="2.057837"><ele>156.3</ele><time>2025-09-17T16:10:13Z</time></trkpt>
      <trkpt lat="48.770580" lon="2.057640"><ele>156.8</ele><time>2025-09-17T16:10:14Z</time></trkpt>
      <trkpt lat="48.770638" lon="2.057443"><ele>156.7</ele><time>2025-09-17T16:10:15Z</time></trkpt>
      <trkpt lat="48.770694" lon="2.057262"><ele>156.9</ele><time>2025-09-17T16:10:16Z</time></trkpt>
      <trkpt lat="48.770748" lon="2.057099"><ele>156.2</ele><time>2025-09-17T16:10:17Z</time></trkpt>
      <trkpt lat="48.770804" lon="2.056952"><ele>155.4</ele><time>2025-09-17T16:10:18Z</time></trkpt>
      <trkpt lat="48.770859" lon="2.056814"><ele>155.9</ele><time>2025-09-17T16:10:19Z</time></trkpt>
      <trkpt lat="48.770915" lon="2.056681"><ele>156.0</ele><time>2025-09-17T16:10:20Z</time></trkpt>
      <trkpt lat="48.770992" lon="2.056577"><ele>156.0</ele><time>2025-09-17T16:10:21Z</time></trkpt>
      <trkpt lat="48.771081" lon="2.056489"><ele>155.8</ele><time>2025-09-17T16:10:22Z</time></trkpt>
      <trkpt lat="48.771174" lon="2.056412"><ele>155.2</ele><time>2025-09-17T16:10:23Z</time></trkpt>
      <trkpt lat="48.771257" lon="2.056326"><ele>155.1</ele><time>2025-09-17T16:10:24Z</time></trkpt>
      <trkpt lat="48.771325" lon="2.056227"><ele>155.7</ele><time>2025-09-17T16:10:25Z</time></trkpt>
      <trkpt lat="48.771361" lon="2.056113"><ele>154.8</ele><time>2025-09-17T16:10:26Z</time></trkpt>
      <trkpt lat="48.771383" lon="2.055994"><ele>154.7</ele><time>2025-09-17T16:10:27Z</time></trkpt>
      <trkpt lat="48.771384" lon="2.055869"><ele>154.9</ele><time>2025-09-17T16:10:28Z</time></trkpt>
      <trkpt lat="48.771372" lon="2.055747"><ele>155.0</ele><time>2025-09-17T16:10:29Z</time></trkpt>
      <trkpt lat="48.771346" lon="2.055622"><ele>155.1</ele><time>2025-09-17T16:10:30Z</time></trkpt>
      <trkpt lat="48.771310" lon="2.055495"><ele>155.3</ele><time>2025-09-17T16:10:31Z</time></trkpt>
      <trkpt lat="48.771287" lon="2.055393"><ele>155.2</ele><time>2025-09-17T16:10:32Z</time></trkpt>
      <trkpt lat="48.771281" lon="2.055335"><ele>155.0</ele><time>2025-09-17T16:10:33Z</time></trkpt>
      <trkpt lat="48.771282" lon="2.055304"><ele>154.6</ele><time>2025-09-17T16:10:34Z</time></trkpt>
      <trkpt lat="48.771285" lon="2.055272"><ele>154.4</ele><time>2025-09-17T16:10:35Z</time></trkpt>
      <trkpt lat="48.771296" lon="2.055207"><ele>154.3</ele><time>2025-09-17T16:10:36Z</time></trkpt>
      <trkpt lat="48.771318" lon="2.055102"><ele>154.3</ele><time>2025-09-17T16:10:37Z</time></trkpt>
      <trkpt lat="48.771352" lon="2.054973"><ele>154.2</ele><time>2025-09-17T16:10:38Z</time></trkpt>
      <trkpt lat="48.771393" lon="2.054832"><ele>154.0</ele><time>2025-09-17T16:10:39Z</time></trkpt>
      <trkpt lat="48.771436" lon="2.054678"><ele>153.7</ele><time>2025-09-17T16:10:40Z</time></trkpt>
      <trkpt lat="48.771484" lon="2.054512"><ele>153.5</ele><time>2025-09-17T16:10:41Z</time></trkpt>
      <trkpt lat="48.771535" lon="2.054339"><ele>153.3</ele><time>2025-09-17T16:10:42Z</time></trkpt>
      <trkpt lat="48.771592" lon="2.054156"><ele>153.1</ele><time>2025-09-17T16:10:43Z</time></trkpt>
      <trkpt lat="48.771650" lon="2.053959"><ele>152.6</ele><time>2025-09-17T16:10:44Z</time></trkpt>
      <trkpt lat="48.771706" lon="2.053752"><ele>152.3</ele><time>2025-09-17T16:10:45Z</time></trkpt>
      <trkpt lat="48.771763" lon="2.053543"><ele>152.0</ele><time>2025-09-17T16:10:46Z</time></trkpt>
      <trkpt lat="48.771817" lon="2.053333"><ele>151.8</ele><time>2025-09-17T16:10:47Z</time></trkpt>
      <trkpt lat="48.771876" lon="2.053123"><ele>151.4</ele><time>2025-09-17T16:10:48Z</time></trkpt>
      <trkpt lat="48.771936" lon="2.052911"><ele>151.2</ele><time>2025-09-17T16:10:49Z</time></trkpt>
      <trkpt lat="48.771998" lon="2.052694"><ele>151.2</ele><time>2025-09-17T16:10:50Z</time></trkpt>
      <trkpt lat="48.772064" lon="2.052474"><ele>151.3</ele><time>2025-09-17T16:10:51Z</time></trkpt>
      <trkpt lat="48.772131" lon="2.052252"><ele>151.4</ele><time>2025-09-17T16:10:52Z</time></trkpt>
      <trkpt lat="48.772195" lon="2.052027"><ele>151.1</ele><time>2025-09-17T16:10:53Z</time></trkpt>
      <trkpt lat="48.772262" lon="2.051801"><ele>151.1</ele><time>2025-09-17T16:10:54Z</time></trkpt>
      <trkpt lat="48.772337" lon="2.051579"><ele>151.7</ele><time>2025-09-17T16:10:55Z</time></trkpt>
      <trkpt lat="48.772401" lon="2.051352"><ele>151.8</ele><time>2025-09-17T16:10:56Z</time></trkpt>
      <trkpt lat="48.772479" lon="2.051134"><ele>153.3</ele><time>2025-09-17T16:10:57Z</time></trkpt>
      <trkpt lat="48.772548" lon="2.050912"><ele>153.7</ele><time>2025-09-17T16:10:58Z</time></trkpt>
      <trkpt lat="48.772604" lon="2.050687"><ele>153.7</ele><time>2025-09-17T16:10:59Z</time></trkpt>
      <trkpt lat="48.772661" lon="2.050467"><ele>153.4</ele><time>2025-09-17T16:11:00Z</time></trkpt>
      <trkpt lat="48.772718" lon="2.050253"><ele>153.5</ele><time>2025-09-17T16:11:01Z</time></trkpt>
      <trkpt lat="48.772778" lon="2.050039"><ele>153.8</ele><time>2025-09-17T16:11:02Z</time></trkpt>
      <trkpt lat="48.772836" lon="2.049824"><ele>153.4</ele><time>2025-09-17T16:11:03Z</time></trkpt>
      <trkpt lat="48.772901" lon="2.049612"><ele>153.6</ele><time>2025-09-17T16:11:04Z</time></trkpt>
      <trkpt lat="48.772964" lon="2.049397"><ele>153.5</ele><time>2025-09-17T16:11:05Z</time></trkpt>
      <trkpt lat="48.773023" lon="2.049183"><ele>153.7</ele><time>2025-09-17T16:11:06Z</time></trkpt>
      <trkpt lat="48.773077" lon="2.048971"><ele>153.5</ele><time>2025-09-17T16:11:07Z</time></trkpt>
      <trkpt lat="48.773134" lon="2.048765"><ele>153.4</ele><time>2025-09-17T16:11:08Z</time></trkpt>
      <trkpt lat="48.773186" lon="2.048564"><ele>153.5</ele><time>2025-09-17T16:11:09Z</time></trkpt>
      <trkpt lat="48.773242" lon="2.048374"><ele>154.1</ele><time>2025-09-17T16:11:10Z</time></trkpt>
      <trkpt lat="48.773295" lon="2.048189"><ele>153.9</ele><time>2025-09-17T16:11:11Z</time></trkpt>
      <trkpt lat="48.773351" lon="2.048011"><ele>154.2</ele><time>2025-09-17T16:11:12Z</time></trkpt>
      <trkpt lat="48.773401" lon="2.047839"><ele>154.0</ele><time>2025-09-17T16:11:13Z</time></trkpt>
      <trkpt lat="48.773457" lon="2.047684"><ele>154.5</ele><time>2025-09-17T16:11:14Z</time></trkpt>
      <trkpt lat="48.773499" lon="2.047525"><ele>154.4</ele><time>2025-09-17T16:11:15Z</time></trkpt>
      <trkpt lat="48.773544" lon="2.047369"><ele>154.4</ele><time>2025-09-17T16:11:16Z</time></trkpt>
      <trkpt lat="48.773584" lon="2.047207"><ele>154.4</ele><time>2025-09-17T16:11:17Z</time></trkpt>
      <trkpt lat="48.773629" lon="2.047044"><ele>154.2</ele><time>2025-09-17T16:11:18Z</time></trkpt>
      <trkpt lat="48.773666" lon="2.046886"><ele>154.2</ele><time>2025-09-17T16:11:19Z</time></trkpt>
      <trkpt lat="48.773707" lon="2.046745"><ele>153.9</ele><time>2025-09-17T16:11:20Z</time></trkpt>
      <trkpt lat="48.773743" lon="2.046617"><ele>154.0</ele><time>2025-09-17T16:11:21Z</time></trkpt>
      <trkpt lat="48.773765" lon="2.046502"><ele>154.3</ele><time>2025-09-17T16:11:22Z</time></trkpt>
      <trkpt lat="48.773786" lon="2.046405"><ele>155.0</ele><time>2025-09-17T16:11:23Z</time></trkpt>
      <trkpt lat="48.773803" lon="2.046326"><ele>155.3</ele><time>2025-09-17T16:11:24Z</time></trkpt>
      <trkpt lat="48.773812" lon="2.046258"><ele>155.3</ele><time>2025-09-17T16:11:25Z</time></trkpt>
      <trkpt lat="48.773823" lon="2.046212"><ele>155.5</ele><time>2025-09-17T16:11:26Z</time></trkpt>
      <trkpt lat="48.773824" lon="2.046171"><ele>155.9</ele><time>2025-09-17T16:11:27Z</time></trkpt>
      <trkpt lat="48.773830" lon="2.046143"><ele>156.6</ele><time>2025-09-17T16:11:28Z</time></trkpt>
      <trkpt lat="48.773833" lon="2.046130"><ele>156.4</ele><time>2025-09-17T16:11:29Z</time></trkpt>
      <trkpt lat="48.773831" lon="2.046128"><ele>156.7</ele><time>2025-09-17T16:11:30Z</time></trkpt>
      <trkpt lat="48.773829" lon="2.046126"><ele>156.6</ele><time>2025-09-17T16:11:31Z</time></trkpt>
      <trkpt lat="48.773828" lon="2.046124"><ele>156.6</ele><time>2025-09-17T16:11:32Z</time></trkpt>
      <trkpt lat="48.773827" lon="2.046122"><ele>156.8</ele><time>2025-09-17T16:11:33Z</time></trkpt>
      <trkpt lat="48.773826" lon="2.046121"><ele>156.9</ele><time>2025-09-17T16:11:34Z</time></trkpt>
      <trkpt lat="48.773825" lon="2.046121"><ele>157.4</ele><time>2025-09-17T16:11:35Z</time></trkpt>
      <trkpt lat="48.773823" lon="2.046120"><ele>157.6</ele><time>2025-09-17T16:11:36Z</time></trkpt>
      <trkpt lat="48.773820" lon="2.046120"><ele>158.2</ele><time>2025-09-17T16:11:37Z</time></trkpt>
      <trkpt lat="48.773819" lon="2.046120"><ele>158.6</ele><time>2025-09-17T16:11:38Z</time></trkpt>
      <trkpt lat="48.773818" lon="2.046119"><ele>158.8</ele><time>2025-09-17T16:11:39Z</time></trkpt>
      <trkpt lat="48.773818" lon="2.046118"><ele>158.9</ele><time>2025-09-17T16:11:40Z</time></trkpt>
      <trkpt lat="48.773818" lon="2.046117"><ele>159.0</ele><time>2025-09-17T16:11:41Z</time></trkpt>
      <trkpt lat="48.773817" lon="2.046115"><ele>159.1</ele><time>2025-09-17T16:11:42Z</time></trkpt>
      <trkpt lat="48.773816" lon="2.046115"><ele>159.2</ele><time>2025-09-17T16:11:43Z</time></trkpt>
      <trkpt lat="48.773817" lon="2.046114"><ele>159.3</ele><time>2025-09-17T16:11:44Z</time></trkpt>
      <trkpt lat="48.773819" lon="2.046115"><ele>159.3</ele><time>2025-09-17T16:11:45Z</time></trkpt>
      <trkpt lat="48.773821" lon="2.046115"><ele>159.3</ele><time>2025-09-17T16:11:46Z</time></trkpt>
      <trkpt lat="48.773822" lon="2.046115"><ele>159.3</ele><time>2025-09-17T16:11:47Z</time></trkpt>
      <trkpt lat="48.773822" lon="2.046114"><ele>159.3</ele><time>2025-09-17T16:11:48Z</time></trkpt>
      <trkpt lat="48.773823" lon="2.046114"><ele>159.2</ele><time>2025-09-17T16:11:49Z</time></trkpt>
      <trkpt lat="48.773823" lon="2.046113"><ele>159.2</ele><time>2025-09-17T16:11:50Z</time></trkpt>
      <trkpt lat="48.773823" lon="2.046112"><ele>159.0</ele><time>2025-09-17T16:11:51Z</time></trkpt>
      <trkpt lat="48.773823" lon="2.046111"><ele>159.0</ele><time>2025-09-17T16:11:52Z</time></trkpt>
      <trkpt lat="48.773823" lon="2.046110"><ele>159.1</ele><time>2025-09-17T16:11:53Z</time></trkpt>
      <trkpt lat="48.773823" lon="2.046110"><ele>159.2</ele><time>2025-09-17T16:11:54Z</time></trkpt>
      <trkpt lat="48.773822" lon="2.046110"><ele>159.4</ele><time>2025-09-17T16:11:55Z</time></trkpt>
      <trkpt lat="48.773822" lon="2.046111"><ele>159.6</ele><time>2025-09-17T16:11:56Z</time></trkpt>
      <trkpt lat="48.773823" lon="2.046111"><ele>159.8</ele><time>2025-09-17T16:11:57Z</time></trkpt>
      <trkpt lat="48.773823" lon="2.046112"><ele>159.9</ele><time>2025-09-17T16:11:58Z</time></trkpt>
      <trkpt lat="48.773824" lon="2.046113"><ele>160.2</ele><time>2025-09-17T16:11:59Z</time></trkpt>
      <trkpt lat="48.773824" lon="2.046113"><ele>160.4</ele><time>2025-09-17T16:12:00Z</time></trkpt>
      <trkpt lat="48.773824" lon="2.046114"><ele>160.5</ele><time>2025-09-17T16:12:01Z</time></trkpt>
      <trkpt lat="48.773823" lon="2.046114"><ele>160.8</ele><time>2025-09-17T16:12:02Z</time></trkpt>
      <trkpt lat="48.773822" lon="2.046114"><ele>161.1</ele><time>2025-09-17T16:12:03Z</time></trkpt>
      <trkpt lat="48.773822" lon="2.046113"><ele>161.3</ele><time>2025-09-17T16:12:04Z</time></trkpt>
      <trkpt lat="48.773830" lon="2.046096"><ele>161.3</ele><time>2025-09-17T16:12:05Z</time></trkpt>
      <trkpt lat="48.773850" lon="2.046050"><ele>161.1</ele><time>2025-09-17T16:12:06Z</time></trkpt>
      <trkpt lat="48.773886" lon="2.045983"><ele>160.9</ele><time>2025-09-17T16:12:07Z</time></trkpt>
      <trkpt lat="48.773942" lon="2.045924"><ele>160.4</ele><time>2025-09-17T16:12:08Z</time></trkpt>
      <trkpt lat="48.774011" lon="2.045890"><ele>160.1</ele><time>2025-09-17T16:12:09Z</time></trkpt>
      <trkpt lat="48.774092" lon="2.045891"><ele>159.5</ele><time>2025-09-17T16:12:10Z</time></trkpt>
      <trkpt lat="48.774175" lon="2.045923"><ele>158.8</ele><time>2025-09-17T16:12:11Z</time></trkpt>
      <trkpt lat="48.774265" lon="2.045974"><ele>158.6</ele><time>2025-09-17T16:12:12Z</time></trkpt>
      <trkpt lat="48.774375" lon="2.046037"><ele>158.7</ele><time>2025-09-17T16:12:13Z</time></trkpt>
      <trkpt lat="48.774480" lon="2.046096"><ele>157.2</ele><time>2025-09-17T16:12:14Z</time></trkpt>
      <trkpt lat="48.774594" lon="2.046137"><ele>156.3</ele><time>2025-09-17T16:12:15Z</time></trkpt>
      <trkpt lat="48.774723" lon="2.046148"><ele>156.0</ele><time>2025-09-17T16:12:16Z</time></trkpt>
      <trkpt lat="48.774857" lon="2.046123"><ele>156.8</ele><time>2025-09-17T16:12:17Z</time></trkpt>
      <trkpt lat="48.774988" lon="2.046087"><ele>156.6</ele><time>2025-09-17T16:12:18Z</time></trkpt>
      <trkpt lat="48.775115" lon="2.046046"><ele>156.3</ele><time>2025-09-17T16:12:19Z</time></trkpt>
      <trkpt lat="48.775253" lon="2.046000"><ele>156.7</ele><time>2025-09-17T16:12:20Z</time></trkpt>
      <trkpt lat="48.775385" lon="2.045950"><ele>156.6</ele><time>2025-09-17T16:12:21Z</time></trkpt>
      <trkpt lat="48.775506" lon="2.045918"><ele>156.1</ele><time>2025-09-17T16:12:22Z</time></trkpt>
      <trkpt lat="48.775617" lon="2.045914"><ele>155.7</ele><time>2025-09-17T16:12:23Z</time></trkpt>
      <trkpt lat="48.775710" lon="2.045934"><ele>155.1</ele><time>2025-09-17T16:12:24Z</time></trkpt>
      <trkpt lat="48.775799" lon="2.045979"><ele>155.3</ele><time>2025-09-17T16:12:25Z</time></trkpt>
      <trkpt lat="48.775880" lon="2.046041"><ele>154.9</ele><time>2025-09-17T16:12:26Z</time></trkpt>
      <trkpt lat="48.775955" lon="2.046136"><ele>154.9</ele><time>2025-09-17T16:12:27Z</time></trkpt>
      <trkpt lat="48.776009" lon="2.046247"><ele>154.7</ele><time>2025-09-17T16:12:28Z</time></trkpt>
      <trkpt lat="48.776064" lon="2.046354"><ele>154.8</ele><time>2025-09-17T16:12:29Z</time></trkpt>
      <trkpt lat="48.776128" lon="2.046432"><ele>154.7</ele><time>2025-09-17T16:12:30Z</time></trkpt>
      <trkpt lat="48.776209" lon="2.046473"><ele>155.2</ele><time>2025-09-17T16:12:31Z</time></trkpt>
      <trkpt lat="48.776281" lon="2.046470"><ele>154.7</ele><time>2025-09-17T16:12:32Z</time></trkpt>
      <trkpt lat="48.776354" lon="2.046444"><ele>154.6</ele><time>2025-09-17T16:12:33Z</time></trkpt>
      <trkpt lat="48.776420" lon="2.046421"><ele>153.8</ele><time>2025-09-17T16:12:34Z</time></trkpt>
      <trkpt lat="48.776493" lon="2.046423"><ele>154.1</ele><time>2025-09-17T16:12:35Z</time></trkpt>
      <trkpt lat="48.776567" lon="2.046455"><ele>154.3</ele><time>2025-09-17T16:12:36Z</time></trkpt>
      <trkpt lat="48.776646" lon="2.046502"><ele>154.5</ele><time>2025-09-17T16:12:37Z</time></trkpt>
      <trkpt lat="48.776726" lon="2.046549"><ele>154.8</ele><time>2025-09-17T16:12:38Z</time></trkpt>
      <trkpt lat="48.776802" lon="2.046592"><ele>155.4</ele><time>2025-09-17T16:12:39Z</time></trkpt>
      <trkpt lat="48.776869" lon="2.046630"><ele>155.8</ele><time>2025-09-17T16:12:40Z</time></trkpt>
      <trkpt lat="48.776929" lon="2.046661"><ele>156.0</ele><time>2025-09-17T16:12:41Z</time></trkpt>
      <trkpt lat="48.776978" lon="2.046690"><ele>155.8</ele><time>2025-09-17T16:12:42Z</time></trkpt>
      <trkpt lat="48.777022" lon="2.046720"><ele>155.9</ele><time>2025-09-17T16:12:43Z</time></trkpt>
      <trkpt lat="48.777067" lon="2.046737"><ele>155.5</ele><time>2025-09-17T16:12:44Z</time></trkpt>
      <trkpt lat="48.777113" lon="2.046720"><ele>155.8</ele><time>2025-09-17T16:12:45Z</time></trkpt>
      <trkpt lat="48.777160" lon="2.046668"><ele>156.2</ele><time>2025-09-17T16:12:46Z</time></trkpt>
      <trkpt lat="48.777211" lon="2.046599"><ele>156.4</ele><time>2025-09-17T16:12:47Z</time></trkpt>
      <trkpt lat="48.777268" lon="2.046527"><ele>156.0</ele><time>2025-09-17T16:12:48Z</time></trkpt>
      <trkpt lat="48.777336" lon="2.046451"><ele>156.0</ele><time>2025-09-17T16:12:49Z</time></trkpt>
      <trkpt lat="48.777412" lon="2.046368"><ele>155.9</ele><time>2025-09-17T16:12:50Z</time></trkpt>
      <trkpt lat="48.777487" lon="2.046281"><ele>156.0</ele><time>2025-09-17T16:12:51Z</time></trkpt>
      <trkpt lat="48.777562" lon="2.046189"><ele>155.8</ele><time>2025-09-17T16:12:52Z</time></trkpt>
      <trkpt lat="48.777639" lon="2.046096"><ele>155.6</ele><time>2025-09-17T16:12:53Z</time></trkpt>
      <trkpt lat="48.777724" lon="2.045998"><ele>155.2</ele><time>2025-09-17T16:12:54Z</time></trkpt>
      <trkpt lat="48.777804" lon="2.045905"><ele>154.6</ele><time>2025-09-17T16:12:55Z</time></trkpt>
      <trkpt lat="48.777881" lon="2.045820"><ele>154.4</ele><time>2025-09-17T16:12:56Z</time></trkpt>
      <trkpt lat="48.777954" lon="2.045741"><ele>154.0</ele><time>2025-09-17T16:12:57Z</time></trkpt>
      <trkpt lat="48.778030" lon="2.045660"><ele>153.8</ele><time>2025-09-17T16:12:58Z</time></trkpt>
      <trkpt lat="48.778106" lon="2.045578"><ele>153.9</ele><time>2025-09-17T16:12:59Z</time></trkpt>
      <trkpt lat="48.778183" lon="2.045491"><ele>153.8</ele><time>2025-09-17T16:13:00Z</time></trkpt>
      <trkpt lat="48.778255" lon="2.045406"><ele>153.7</ele><time>2025-09-17T16:13:01Z</time></trkpt>
      <trkpt lat="48.778320" lon="2.045328"><ele>153.4</ele><time>2025-09-17T16:13:02Z</time></trkpt>
      <trkpt lat="48.778382" lon="2.045258"><ele>153.5</ele><time>2025-09-17T16:13:03Z</time></trkpt>
      <trkpt lat="48.778435" lon="2.045196"><ele>153.7</ele><time>2025-09-17T16:13:04Z</time></trkpt>
      <trkpt lat="48.778481" lon="2.045139"><ele>153.2</ele><time>2025-09-17T16:13:05Z</time></trkpt>
      <trkpt lat="48.778526" lon="2.045087"><ele>153.0</ele><time>2025-09-17T16:13:06Z</time></trkpt>
      <trkpt lat="48.778572" lon="2.045033"><ele>152.8</ele><time>2025-09-17T16:13:07Z</time></trkpt>
      <trkpt lat="48.778621" lon="2.044974"><ele>152.6</ele><time>2025-09-17T16:13:08Z</time></trkpt>
      <trkpt lat="48.778674" lon="2.044913"><ele>152.6</ele><time>2025-09-17T16:13:09Z</time></trkpt>
      <trkpt lat="48.778731" lon="2.044851"><ele>152.8</ele><time>2025-09-17T16:13:10Z</time></trkpt>
      <trkpt lat="48.778792" lon="2.044786"><ele>153.5</ele><time>2025-09-17T16:13:11Z</time></trkpt>
      <trkpt lat="48.778853" lon="2.044716"><ele>153.4</ele><time>2025-09-17T16:13:12Z</time></trkpt>
      <trkpt lat="48.778917" lon="2.044645"><ele>154.3</ele><time>2025-09-17T16:13:13Z</time></trkpt>
      <trkpt lat="48.778983" lon="2.044578"><ele>155.0</ele><time>2025-09-17T16:13:14Z</time></trkpt>
      <trkpt lat="48.779048" lon="2.044508"><ele>155.1</ele><time>2025-09-17T16:13:15Z</time></trkpt>
      <trkpt lat="48.779114" lon="2.044432"><ele>155.6</ele><time>2025-09-17T16:13:16Z</time></trkpt>
      <trkpt lat="48.779185" lon="2.044351"><ele>155.8</ele><time>2025-09-17T16:13:17Z</time></trkpt>
      <trkpt lat="48.779261" lon="2.044266"><ele>156.2</ele><time>2025-09-17T16:13:18Z</time></trkpt>
      <trkpt lat="48.779339" lon="2.044177"><ele>156.4</ele><time>2025-09-17T16:13:19Z</time></trkpt>
      <trkpt lat="48.779417" lon="2.044087"><ele>156.6</ele><time>2025-09-17T16:13:20Z</time></trkpt>
      <trkpt lat="48.779491" lon="2.044001"><ele>156.6</ele><time>2025-09-17T16:13:21Z</time></trkpt>
      <trkpt lat="48.779557" lon="2.043924"><ele>157.0</ele><time>2025-09-17T16:13:22Z</time></trkpt>
      <trkpt lat="48.779613" lon="2.043856"><ele>157.5</ele><time>2025-09-17T16:13:23Z</time></trkpt>
      <trkpt lat="48.779667" lon="2.043796"><ele>157.9</ele><time>2025-09-17T16:13:24Z</time></trkpt>
      <trkpt lat="48.779716" lon="2.043742"><ele>157.8</ele><time>2025-09-17T16:13:25Z</time></trkpt>
      <trkpt lat="48.779759" lon="2.043693"><ele>157.8</ele><time>2025-09-17T16:13:26Z</time></trkpt>
      <trkpt lat="48.779795" lon="2.043652"><ele>157.8</ele><time>2025-09-17T16:13:27Z</time></trkpt>
      <trkpt lat="48.779827" lon="2.043620"><ele>158.1</ele><time>2025-09-17T16:13:28Z</time></trkpt>
      <trkpt lat="48.779853" lon="2.043591"><ele>158.4</ele><time>2025-09-17T16:13:29Z</time></trkpt>
      <trkpt lat="48.779887" lon="2.043567"><ele>160.0</ele><time>2025-09-17T16:13:30Z</time></trkpt>
      <trkpt lat="48.779917" lon="2.043539"><ele>160.5</ele><time>2025-09-17T16:13:31Z</time></trkpt>
      <trkpt lat="48.779949" lon="2.043509"><ele>160.9</ele><time>2025-09-17T16:13:32Z</time></trkpt>
      <trkpt lat="48.779986" lon="2.043483"><ele>161.8</ele><time>2025-09-17T16:13:33Z</time></trkpt>
      <trkpt lat="48.780026" lon="2.043459"><ele>162.6</ele><time>2025-09-17T16:13:34Z</time></trkpt>
      <trkpt lat="48.780072" lon="2.043439"><ele>162.6</ele><time>2025-09-17T16:13:35Z</time></trkpt>
      <trkpt lat="48.780128" lon="2.043429"><ele>162.7</ele><time>2025-09-17T16:13:36Z</time></trkpt>
      <trkpt lat="48.780184" lon="2.043433"><ele>162.1</ele><time>2025-09-17T16:13:37Z</time></trkpt>
      <trkpt lat="48.780235" lon="2.043451"><ele>161.5</ele><time>2025-09-17T16:13:38Z</time></trkpt>
      <trkpt lat="48.780284" lon="2.043487"><ele>161.1</ele><time>2025-09-17T16:13:39Z</time></trkpt>
      <trkpt lat="48.780329" lon="2.043542"><ele>161.3</ele><time>2025-09-17T16:13:40Z</time></trkpt>
      <trkpt lat="48.780357" lon="2.043618"><ele>161.7</ele><time>2025-09-17T16:13:41Z</time></trkpt>
      <trkpt lat="48.780375" lon="2.043711"><ele>161.8</ele><time>2025-09-17T16:13:42Z</time></trkpt>
      <trkpt lat="48.780417" lon="2.043806"><ele>162.8</ele><time>2025-09-17T16:13:43Z</time></trkpt>
      <trkpt lat="48.780469" lon="2.043896"><ele>164.2</ele><time>2025-09-17T16:13:44Z</time></trkpt>
      <trkpt lat="48.780512" lon="2.043975"><ele>164.8</ele><time>2025-09-17T16:13:45Z</time></trkpt>
      <trkpt lat="48.780544" lon="2.044045"><ele>164.5</ele><time>2025-09-17T16:13:46Z</time></trkpt>
      <trkpt lat="48.780570" lon="2.044110"><ele>164.5</ele><time>2025-09-17T16:13:47Z</time></trkpt>
      <trkpt lat="48.780597" lon="2.044165"><ele>165.4</ele><time>2025-09-17T16:13:48Z</time></trkpt>
      <trkpt lat="48.780628" lon="2.044218"><ele>166.8</ele><time>2025-09-17T16:13:49Z</time></trkpt>
      <trkpt lat="48.780661" lon="2.044271"><ele>167.5</ele><time>2025-09-17T16:13:50Z</time></trkpt>
      <trkpt lat="48.780704" lon="2.044330"><ele>168.1</ele><time>2025-09-17T16:13:51Z</time></trkpt>
      <trkpt lat="48.780738" lon="2.044393"><ele>168.2</ele><time>2025-09-17T16:13:52Z</time></trkpt>
      <trkpt lat="48.780751" lon="2.044449"><ele>166.8</ele><time>2025-09-17T16:13:53Z</time></trkpt>
      <trkpt lat="48.780759" lon="2.044492"><ele>165.8</ele><time>2025-09-17T16:13:54Z</time></trkpt>
      <trkpt lat="48.780773" lon="2.044523"><ele>165.7</ele><time>2025-09-17T16:13:55Z</time></trkpt>
      <trkpt lat="48.780780" lon="2.044555"><ele>166.0</ele><time>2025-09-17T16:13:56Z</time></trkpt>
      <trkpt lat="48.780782" lon="2.044584"><ele>167.4</ele><time>2025-09-17T16:13:57Z</time></trkpt>
      <trkpt lat="48.780773" lon="2.044602"><ele>168.4</ele><time>2025-09-17T16:13:58Z</time></trkpt>
      <trkpt lat="48.780755" lon="2.044609"><ele>169.0</ele><time>2025-09-17T16:13:59Z</time></trkpt>
      <trkpt lat="48.780738" lon="2.044613"><ele>169.0</ele><time>2025-09-17T16:14:00Z</time></trkpt>
      <trkpt lat="48.780722" lon="2.044620"><ele>169.9</ele><time>2025-09-17T16:14:01Z</time></trkpt>
      <trkpt lat="48.780713" lon="2.044625"><ele>170.9</ele><time>2025-09-17T16:14:02Z</time></trkpt>
      <trkpt lat="48.780709" lon="2.044630"><ele>171.6</ele><time>2025-09-17T16:14:03Z</time></trkpt>
      <trkpt lat="48.780705" lon="2.044635"><ele>172.7</ele><time>2025-09-17T16:14:04Z</time></trkpt>
      <trkpt lat="48.780704" lon="2.044634"><ele>174.1</ele><time>2025-09-17T16:14:05Z</time></trkpt>
      <trkpt lat="48.780702" lon="2.044631"><ele>174.7</ele><time>2025-09-17T16:14:06Z</time></trkpt>
      <trkpt lat="48.780704" lon="2.044629"><ele>175.6</ele><time>2025-09-17T16:14:07Z</time></trkpt>
      <trkpt lat="48.780706" lon="2.044624"><ele>176.4</ele><time>2025-09-17T16:14:08Z</time></trkpt>
      <trkpt lat="48.780702" lon="2.044621"><ele>176.2</ele><time>2025-09-17T16:14:09Z</time></trkpt>
      <trkpt lat="48.780703" lon="2.044619"><ele>177.1</ele><time>2025-09-17T16:14:10Z</time></trkpt>
      <trkpt lat="48.780698" lon="2.044619"><ele>175.9</ele><time>2025-09-17T16:14:11Z</time></trkpt>
      <trkpt lat="48.780694" lon="2.044620"><ele>175.1</ele><time>2025-09-17T16:14:12Z</time></trkpt>
      <trkpt lat="48.780693" lon="2.044618"><ele>174.3</ele><time>2025-09-17T16:14:13Z</time></trkpt>
      <trkpt lat="48.780693" lon="2.044619"><ele>174.1</ele><time>2025-09-17T16:14:14Z</time></trkpt>
      <trkpt lat="48.780692" lon="2.044619"><ele>174.3</ele><time>2025-09-17T16:14:15Z</time></trkpt>
      <trkpt lat="48.780695" lon="2.044619"><ele>174.8</ele><time>2025-09-17T16:14:16Z</time></trkpt>
      <trkpt lat="48.780698" lon="2.044618"><ele>175.3</ele><time>2025-09-17T16:14:17Z</time></trkpt>
      <trkpt lat="48.780701" lon="2.044617"><ele>175.7</ele><time>2025-09-17T16:14:18Z</time></trkpt>
      <trkpt lat="48.780700" lon="2.044616"><ele>175.6</ele><time>2025-09-17T16:14:19Z</time></trkpt>
      <trkpt lat="48.780706" lon="2.044614"><ele>176.9</ele><time>2025-09-17T16:14:20Z</time></trkpt>
      <trkpt lat="48.780710" lon="2.044613"><ele>177.6</ele><time>2025-09-17T16:14:21Z</time></trkpt>
      <trkpt lat="48.780712" lon="2.044610"><ele>178.7</ele><time>2025-09-17T16:14:22Z</time></trkpt>
      <trkpt lat="48.780714" lon="2.044610"><ele>179.1</ele><time>2025-09-17T16:14:23Z</time></trkpt>
      <trkpt lat="48.780718" lon="2.044608"><ele>180.2</ele><time>2025-09-17T16:14:24Z</time></trkpt>
      <trkpt lat="48.780722" lon="2.044606"><ele>181.4</ele><time>2025-09-17T16:14:25Z</time></trkpt>
      <trkpt lat="48.780718" lon="2.044599"><ele>182.2</ele><time>2025-09-17T16:14:26Z</time></trkpt>
      <trkpt lat="48.780716" lon="2.044596"><ele>182.6</ele><time>2025-09-17T16:14:27Z</time></trkpt>
      <trkpt lat="48.780718" lon="2.044593"><ele>183.5</ele><time>2025-09-17T16:14:28Z</time></trkpt>
      <trkpt lat="48.780721" lon="2.044592"><ele>184.5</ele><time>2025-09-17T16:14:29Z</time></trkpt>
      <trkpt lat="48.780722" lon="2.044590"><ele>184.9</ele><time>2025-09-17T16:14:30Z</time></trkpt>
      <trkpt lat="48.780716" lon="2.044589"><ele>184.3</ele><time>2025-09-17T16:14:31Z</time></trkpt>
      <trkpt lat="48.780712" lon="2.044589"><ele>183.3</ele><time>2025-09-17T16:14:32Z</time></trkpt>
      <trkpt lat="48.780707" lon="2.044588"><ele>182.6</ele><time>2025-09-17T16:14:33Z</time></trkpt>
      <trkpt lat="48.780707" lon="2.044591"><ele>182.2</ele><time>2025-09-17T16:14:34Z</time></trkpt>
      <trkpt lat="48.780709" lon="2.044591"><ele>182.3</ele><time>2025-09-17T16:14:35Z</time></trkpt>
      <trkpt lat="48.780710" lon="2.044591"><ele>182.4</ele><time>2025-09-17T16:14:36Z</time></trkpt>
      <trkpt lat="48.780708" lon="2.044590"><ele>182.3</ele><time>2025-09-17T16:14:37Z</time></trkpt>
      <trkpt lat="48.780701" lon="2.044600"><ele>182.8</ele><time>2025-09-17T16:14:38Z</time></trkpt>
      <trkpt lat="48.780687" lon="2.044621"><ele>183.3</ele><time>2025-09-17T16:14:39Z</time></trkpt>
      <trkpt lat="48.780644" lon="2.044642"><ele>183.6</ele><time>2025-09-17T16:14:40Z</time></trkpt>
      <trkpt lat="48.780602" lon="2.044653"><ele>184.2</ele><time>2025-09-17T16:14:41Z</time></trkpt>
      <trkpt lat="48.780559" lon="2.044662"><ele>185.1</ele><time>2025-09-17T16:14:42Z</time></trkpt>
      <trkpt lat="48.780559" lon="2.044662"><ele>185.1</ele><time>2025-09-17T16:14:43Z</time></trkpt>
      <trkpt lat="48.779674" lon="2.044128"><ele>185.1</ele><time>2025-09-17T16:16:48Z</time></trkpt>
      <trkpt lat="48.779667" lon="2.044170"><ele>183.9</ele><time>2025-09-17T16:16:49Z</time></trkpt>
      <trkpt lat="48.779677" lon="2.044157"><ele>182.8</ele><time>2025-09-17T16:16:50Z</time></trkpt>
      <trkpt lat="48.779660" lon="2.044179"><ele>179.9</ele><time>2025-09-17T16:16:51Z</time></trkpt>
      <trkpt lat="48.779643" lon="2.044178"><ele>177.9</ele><time>2025-09-17T16:16:52Z</time></trkpt>
      <trkpt lat="48.779622" lon="2.044200"><ele>176.9</ele><time>2025-09-17T16:16:53Z</time></trkpt>
      <trkpt lat="48.779609" lon="2.044206"><ele>176.3</ele><time>2025-09-17T16:16:54Z</time></trkpt>
      <trkpt lat="48.779604" lon="2.044205"><ele>176.2</ele><time>2025-09-17T16:16:55Z</time></trkpt>
      <trkpt lat="48.779605" lon="2.044211"><ele>176.7</ele><time>2025-09-17T16:16:56Z</time></trkpt>
      <trkpt lat="48.779610" lon="2.044212"><ele>178.1</ele><time>2025-09-17T16:16:57Z</time></trkpt>
      <trkpt lat="48.779615" lon="2.044202"><ele>178.2</ele><time>2025-09-17T16:16:58Z</time></trkpt>
      <trkpt lat="48.779623" lon="2.044205"><ele>180.2</ele><time>2025-09-17T16:16:59Z</time></trkpt>
      <trkpt lat="48.779636" lon="2.044210"><ele>181.2</ele><time>2025-09-17T16:17:00Z</time></trkpt>
      <trkpt lat="48.779641" lon="2.044215"><ele>182.4</ele><time>2025-09-17T16:17:01Z</time></trkpt>
      <trkpt lat="48.779649" lon="2.044216"><ele>183.9</ele><time>2025-09-17T16:17:02Z</time></trkpt>
      <trkpt lat="48.779654" lon="2.044222"><ele>186.1</ele><time>2025-09-17T16:17:03Z</time></trkpt>
      <trkpt lat="48.779657" lon="2.044228"><ele>188.5</ele><time>2025-09-17T16:17:04Z</time></trkpt>
      <trkpt lat="48.779658" lon="2.044230"><ele>191.0</ele><time>2025-09-17T16:17:05Z</time></trkpt>
      <trkpt lat="48.779653" lon="2.044237"><ele>193.3</ele><time>2025-09-17T16:17:06Z</time></trkpt>
      <trkpt lat="48.779648" lon="2.044243"><ele>194.8</ele><time>2025-09-17T16:17:07Z</time></trkpt>
      <trkpt lat="48.779643" lon="2.044253"><ele>195.8</ele><time>2025-09-17T16:17:08Z</time></trkpt>
      <trkpt lat="48.779651" lon="2.044263"><ele>199.1</ele><time>2025-09-17T16:17:09Z</time></trkpt>
      <trkpt lat="48.779654" lon="2.044273"><ele>201.2</ele><time>2025-09-17T16:17:10Z</time></trkpt>
      <trkpt lat="48.779639" lon="2.044276"><ele>202.5</ele><time>2025-09-17T16:17:11Z</time></trkpt>
      <trkpt lat="48.779622" lon="2.044270"><ele>204.0</ele><time>2025-09-17T16:17:12Z</time></trkpt>
      <trkpt lat="48.779609" lon="2.044269"><ele>204.4</ele><time>2025-09-17T16:17:13Z</time></trkpt>
      <trkpt lat="48.779590" lon="2.044275"><ele>205.0</ele><time>2025-09-17T16:17:14Z</time></trkpt>
      <trkpt lat="48.779582" lon="2.044281"><ele>205.2</ele><time>2025-09-17T16:17:15Z</time></trkpt>
      <trkpt lat="48.779564" lon="2.044282"><ele>207.3</ele><time>2025-09-17T16:17:16Z</time></trkpt>
      <trkpt lat="48.779542" lon="2.044279"><ele>207.6</ele><time>2025-09-17T16:17:17Z</time></trkpt>
      <trkpt lat="48.779527" lon="2.044277"><ele>208.4</ele><time>2025-09-17T16:17:18Z</time></trkpt>
      <trkpt lat="48.779517" lon="2.044288"><ele>208.4</ele><time>2025-09-17T16:17:19Z</time></trkpt>
      <trkpt lat="48.779514" lon="2.044296"><ele>209.5</ele><time>2025-09-17T16:17:20Z</time></trkpt>
      <trkpt lat="48.779503" lon="2.044310"><ele>209.6</ele><time>2025-09-17T16:17:21Z</time></trkpt>
      <trkpt lat="48.779495" lon="2.044328"><ele>208.9</ele><time>2025-09-17T16:17:22Z</time></trkpt>
      <trkpt lat="48.779491" lon="2.044356"><ele>208.4</ele><time>2025-09-17T16:17:23Z</time></trkpt>
      <trkpt lat="48.779489" lon="2.044362"><ele>209.8</ele><time>2025-09-17T16:17:24Z</time></trkpt>
      <trkpt lat="48.779471" lon="2.044361"><ele>210.3</ele><time>2025-09-17T16:17:25Z</time></trkpt>
      <trkpt lat="48.779467" lon="2.044373"><ele>208.9</ele><time>2025-09-17T16:17:26Z</time></trkpt>
      <trkpt lat="48.779459" lon="2.044393"><ele>209.2</ele><time>2025-09-17T16:17:27Z</time></trkpt>
      <trkpt lat="48.779461" lon="2.044413"><ele>209.3</ele><time>2025-09-17T16:17:28Z</time></trkpt>
      <trkpt lat="48.779453" lon="2.044419"><ele>209.1</ele><time>2025-09-17T16:17:29Z</time></trkpt>
      <trkpt lat="48.779451" lon="2.044432"><ele>209.4</ele><time>2025-09-17T16:17:30Z</time></trkpt>
      <trkpt lat="48.779444" lon="2.044445"><ele>209.6</ele><time>2025-09-17T16:17:31Z</time></trkpt>
      <trkpt lat="48.779430" lon="2.044456"><ele>209.0</ele><time>2025-09-17T16:17:32Z</time></trkpt>
      <trkpt lat="48.779418" lon="2.044470"><ele>206.5</ele><time>2025-09-17T16:17:33Z</time></trkpt>
      <trkpt lat="48.779412" lon="2.044477"><ele>206.9</ele><time>2025-09-17T16:17:34Z</time></trkpt>
      <trkpt lat="48.779398" lon="2.044477"><ele>207.3</ele><time>2025-09-17T16:17:35Z</time></trkpt>
      <trkpt lat="48.779385" lon="2.044483"><ele>207.2</ele><time>2025-09-17T16:17:36Z</time></trkpt>
      <trkpt lat="48.779350" lon="2.044468"><ele>205.9</ele><time>2025-09-17T16:17:37Z</time></trkpt>
      <trkpt lat="48.779322" lon="2.044447"><ele>206.0</ele><time>2025-09-17T16:17:38Z</time></trkpt>
      <trkpt lat="48.779309" lon="2.044459"><ele>206.7</ele><time>2025-09-17T16:17:39Z</time></trkpt>
      <trkpt lat="48.779285" lon="2.044454"><ele>206.9</ele><time>2025-09-17T16:17:40Z</time></trkpt>
      <trkpt lat="48.779269" lon="2.044458"><ele>207.3</ele><time>2025-09-17T16:17:41Z</time></trkpt>
      <trkpt lat="48.779250" lon="2.044450"><ele>208.0</ele><time>2025-09-17T16:17:42Z</time></trkpt>
      <trkpt lat="48.779235" lon="2.044447"><ele>208.9</ele><time>2025-09-17T16:17:43Z</time></trkpt>
      <trkpt lat="48.779219" lon="2.044442"><ele>210.0</ele><time>2025-09-17T16:17:44Z</time></trkpt>
      <trkpt lat="48.779209" lon="2.044442"><ele>210.4</ele><time>2025-09-17T16:17:45Z</time></trkpt>
      <trkpt lat="48.779206" lon="2.044445"><ele>211.0</ele><time>2025-09-17T16:17:46Z</time></trkpt>
      <trkpt lat="48.779190" lon="2.044449"><ele>211.7</ele><time>2025-09-17T16:17:47Z</time></trkpt>
      <trkpt lat="48.779182" lon="2.044458"><ele>212.3</ele><time>2025-09-17T16:17:48Z</time></trkpt>
      <trkpt lat="48.779170" lon="2.044465"><ele>212.8</ele><time>2025-09-17T16:17:49Z</time></trkpt>
      <trkpt lat="48.779157" lon="2.044466"><ele>214.1</ele><time>2025-09-17T16:17:50Z</time></trkpt>
      <trkpt lat="48.779146" lon="2.044462"><ele>215.8</ele><time>2025-09-17T16:17:51Z</time></trkpt>
      <trkpt lat="48.779133" lon="2.044462"><ele>216.4</ele><time>2025-09-17T16:17:52Z</time></trkpt>
      <trkpt lat="48.779113" lon="2.044458"><ele>217.0</ele><time>2025-09-17T16:17:53Z</time></trkpt>
      <trkpt lat="48.779105" lon="2.044464"><ele>218.2</ele><time>2025-09-17T16:17:54Z</time></trkpt>
      <trkpt lat="48.779103" lon="2.044478"><ele>218.4</ele><time>2025-09-17T16:17:55Z</time></trkpt>
      <trkpt lat="48.779091" lon="2.044480"><ele>219.1</ele><time>2025-09-17T16:17:56Z</time></trkpt>
      <trkpt lat="48.779084" lon="2.044482"><ele>219.7</ele><time>2025-09-17T16:17:57Z</time></trkpt>
      <trkpt lat="48.779074" lon="2.044496"><ele>219.7</ele><time>2025-09-17T16:17:58Z</time></trkpt>
      <trkpt lat="48.779079" lon="2.044528"><ele>218.8</ele><time>2025-09-17T16:17:59Z</time></trkpt>
      <trkpt lat="48.779069" lon="2.044536"><ele>218.7</ele><time>2025-09-17T16:18:00Z</time></trkpt>
      <trkpt lat="48.779058" lon="2.044541"><ele>218.9</ele><time>2025-09-17T16:18:01Z</time></trkpt>
      <trkpt lat="48.779055" lon="2.044562"><ele>218.4</ele><time>2025-09-17T16:18:02Z</time></trkpt>
      <trkpt lat="48.779053" lon="2.044577"><ele>218.7</ele><time>2025-09-17T16:18:03Z</time></trkpt>
      <trkpt lat="48.779041" lon="2.044585"><ele>218.9</ele><time>2025-09-17T16:18:04Z</time></trkpt>
      <trkpt lat="48.779054" lon="2.044624"><ele>217.9</ele><time>2025-09-17T16:18:05Z</time></trkpt>
      <trkpt lat="48.779076" lon="2.044673"><ele>217.0</ele><time>2025-09-17T16:18:06Z</time></trkpt>
      <trkpt lat="48.779121" lon="2.044743"><ele>216.5</ele><time>2025-09-17T16:18:07Z</time></trkpt>
      <trkpt lat="48.779144" lon="2.044791"><ele>215.8</ele><time>2025-09-17T16:18:08Z</time></trkpt>
      <trkpt lat="48.779172" lon="2.044833"><ele>217.2</ele><time>2025-09-17T16:18:09Z</time></trkpt>
      <trkpt lat="48.779184" lon="2.044857"><ele>217.8</ele><time>2025-09-17T16:18:10Z</time></trkpt>
      <trkpt lat="48.779189" lon="2.044870"><ele>219.9</ele><time>2025-09-17T16:18:11Z</time></trkpt>
      <trkpt lat="48.779185" lon="2.044878"><ele>220.6</ele><time>2025-09-17T16:18:12Z</time></trkpt>
      <trkpt lat="48.779190" lon="2.044897"><ele>221.3</ele><time>2025-09-17T16:18:13Z</time></trkpt>
      <trkpt lat="48.779194" lon="2.044897"><ele>222.5</ele><time>2025-09-17T16:18:14Z</time></trkpt>
      <trkpt lat="48.779194" lon="2.044900"><ele>223.3</ele><time>2025-09-17T16:18:15Z</time></trkpt>
      <trkpt lat="48.779196" lon="2.044907"><ele>225.0</ele><time>2025-09-17T16:18:16Z</time></trkpt>
      <trkpt lat="48.779201" lon="2.044914"><ele>227.1</ele><time>2025-09-17T16:18:17Z</time></trkpt>
      <trkpt lat="48.779201" lon="2.044931"><ele>228.3</ele><time>2025-09-17T16:18:18Z</time></trkpt>
      <trkpt lat="48.779201" lon="2.044947"><ele>229.3</ele><time>2025-09-17T16:18:19Z</time></trkpt>
      <trkpt lat="48.779200" lon="2.044961"><ele>230.3</ele><time>2025-09-17T16:18:20Z</time></trkpt>
      <trkpt lat="48.779196" lon="2.044971"><ele>230.7</ele><time>2025-09-17T16:18:21Z</time></trkpt>
      <trkpt lat="48.779196" lon="2.044970"><ele>232.2</ele><time>2025-09-17T16:18:22Z</time></trkpt>
      <trkpt lat="48.779179" lon="2.044965"><ele>232.4</ele><time>2025-09-17T16:18:23Z</time></trkpt>
      <trkpt lat="48.779165" lon="2.044960"><ele>232.1</ele><time>2025-09-17T16:18:24Z</time></trkpt>
      <trkpt lat="48.779151" lon="2.044958"><ele>233.4</ele><time>2025-09-17T16:18:25Z</time></trkpt>
      <trkpt lat="48.779135" lon="2.044956"><ele>234.7</ele><time>2025-09-17T16:18:26Z</time></trkpt>
      <trkpt lat="48.779124" lon="2.044959"><ele>235.6</ele><time>2025-09-17T16:18:27Z</time></trkpt>
      <trkpt lat="48.779116" lon="2.044964"><ele>236.4</ele><time>2025-09-17T16:18:28Z</time></trkpt>
      <trkpt lat="48.779107" lon="2.044971"><ele>237.4</ele><time>2025-09-17T16:18:29Z</time></trkpt>
      <trkpt lat="48.779098" lon="2.044979"><ele>238.2</ele><time>2025-09-17T16:18:30Z</time></trkpt>
      <trkpt lat="48.779100" lon="2.044995"><ele>239.2</ele><time>2025-09-17T16:18:31Z</time></trkpt>
      <trkpt lat="48.779099" lon="2.045009"><ele>239.9</ele><time>2025-09-17T16:18:32Z</time></trkpt>
      <trkpt lat="48.779092" lon="2.045022"><ele>240.5</ele><time>2025-09-17T16:18:33Z</time></trkpt>
      <trkpt lat="48.779059" lon="2.045024"><ele>238.6</ele><time>2025-09-17T16:18:34Z</time></trkpt>
      <trkpt lat="48.779022" lon="2.045019"><ele>236.6</ele><time>2025-09-17T16:18:35Z</time></trkpt>
      <trkpt lat="48.779012" lon="2.045034"><ele>237.2</ele><time>2025-09-17T16:18:36Z</time></trkpt>
      <trkpt lat="48.779004" lon="2.045043"><ele>237.7</ele><time>2025-09-17T16:18:37Z</time></trkpt>
      <trkpt lat="48.778995" lon="2.045054"><ele>238.0</ele><time>2025-09-17T16:18:38Z</time></trkpt>
      <trkpt lat="48.778984" lon="2.045071"><ele>238.1</ele><time>2025-09-17T16:18:39Z</time></trkpt>
      <trkpt lat="48.778988" lon="2.045113"><ele>237.0</ele><time>2025-09-17T16:18:40Z</time></trkpt>
      <trkpt lat="48.778985" lon="2.045143"><ele>236.9</ele><time>2025-09-17T16:18:41Z</time></trkpt>
      <trkpt lat="48.778980" lon="2.045178"><ele>235.2</ele><time>2025-09-17T16:18:42Z</time></trkpt>
      <trkpt lat="48.778966" lon="2.045211"><ele>232.4</ele><time>2025-09-17T16:18:43Z</time></trkpt>
      <trkpt lat="48.778946" lon="2.045231"><ele>229.7</ele><time>2025-09-17T16:18:44Z</time></trkpt>
      <trkpt lat="48.778925" lon="2.045240"><ele>228.5</ele><time>2025-09-17T16:18:45Z</time></trkpt>
      <trkpt lat="48.778902" lon="2.045242"><ele>227.7</ele><time>2025-09-17T16:18:46Z</time></trkpt>
      <trkpt lat="48.778845" lon="2.045224"><ele>224.0</ele><time>2025-09-17T16:18:47Z</time></trkpt>
      <trkpt lat="48.778806" lon="2.045214"><ele>221.1</ele><time>2025-09-17T16:18:48Z</time></trkpt>
      <trkpt lat="48.778768" lon="2.045209"><ele>218.8</ele><time>2025-09-17T16:18:49Z</time></trkpt>
      <trkpt lat="48.778733" lon="2.045197"><ele>216.6</ele><time>2025-09-17T16:18:50Z</time></trkpt>
      <trkpt lat="48.778717" lon="2.045203"><ele>214.8</ele><time>2025-09-17T16:18:51Z</time></trkpt>
      <trkpt lat="48.778717" lon="2.045203"><ele>214.8</ele><time>2025-09-17T16:18:52Z</time></trkpt>
      <trkpt lat="48.778707" lon="2.045245"><ele>214.3</ele><time>2025-09-17T16:18:53Z</time></trkpt>
      <trkpt lat="48.778694" lon="2.045289"><ele>213.6</ele><time>2025-09-17T16:18:54Z</time></trkpt>
      <trkpt lat="48.778694" lon="2.045289"><ele>213.6</ele><time>2025-09-17T16:18:55Z</time></trkpt>
    </trkseg>
  </trk>
</gpx>
