timestamp,lat,lon,alt_m,speed_kmh,course_deg,hdop,sats
2025-09-19T14:24:28Z,48.779574,2.044209,163.0,5.65,258.4,0.97,9
2025-09-19T14:24:29Z,48.779573,2.044169,163.3,11.76,271.7,0.97,9
2025-09-19T14:24:30Z,48.779584,2.044118,164.1,16.13,281.7,0.97,9
2025-09-19T14:24:31Z,48.779616,2.044059,164.4,22.26,304.9,1.31,9
2025-09-19T14:24:32Z,48.779659,2.043992,165.1,25.82,320.1,1.31,8
2025-09-19T14:24:33Z,48.779712,2.043931,165.9,26.69,322.4,1.31,8
2025-09-19T14:24:34Z,48.779765,2.043873,166.7,26.47,323.3,1.31,9
2025-09-19T14:24:35Z,48.779814,2.043814,167.2,25.06,323.6,1.31,8
2025-09-19T14:24:36Z,48.779856,2.043758,167.9,22.50,319.6,1.15,8
2025-09-19T14:24:37Z,48.779889,2.043702,169.6,19.61,312.4,0.97,9
2025-09-19T14:24:38Z,48.779918,2.043653,170.0,15.09,310.0,0.97,9
2025-09-19T14:24:39Z,48.779941,2.043605,169.3,13.56,303.1,0.97,9
2025-09-19T14:24:40Z,48.779966,2.043553,168.3,17.59,303.9,0.97,9
2025-09-19T14:24:41Z,48.780001,2.043501,168.8,21.37,321.9,1.15,9
2025-09-19T14:24:42Z,48.780050,2.043471,168.6,22.95,343.8,1.15,8
2025-09-19T14:24:43Z,48.780103,2.043460,168.8,21.85,353.4,0.97,9
2025-09-19T14:24:44Z,48.780153,2.043448,168.7,19.52,351.8,0.97,9
2025-09-19T14:24:45Z,48.780190,2.043414,169.3,17.67,332.9,0.97,9
2025-09-19T14:24:46Z,48.780215,2.043366,168.3,16.13,297.5,0.97,9
2025-09-19T14:24:47Z,48.780214,2.043308,167.2,15.43,260.9,1.15,9
2025-09-19T14:24:48Z,48.780191,2.043275,166.3,15.17,234.8,1.15,9
2025-09-19T14:24:49Z,48.780152,2.043275,165.5,18.15,176.1,0.97,9
2025-09-19T14:24:50Z,48.780108,2.043306,164.0,22.96,150.6,0.97,9
2025-09-19T14:24:51Z,48.780060,2.043360,162.8,27.24,143.5,0.97,9
2025-09-19T14:24:52Z,48.780001,2.043423,162.0,30.85,147.0,1.15,9
2025-09-19T14:24:53Z,48.779933,2.043488,161.5,34.28,147.4,1.15,9
2025-09-19T14:24:54Z,48.779864,2.043560,161.4,33.80,144.1,1.39,9
2025-09-19T14:24:55Z,48.779798,2.043637,161.2,33.28,141.0,1.39,7
2025-09-19T14:24:56Z,48.779733,2.043715,161.2,33.47,142.0,1.39,7
2025-09-19T14:24:57Z,48.779666,2.043793,161.1,34.00,142.3,1.15,8
2025-09-19T14:24:58Z,48.779596,2.043872,161.0,34.35,142.4,1.15,8
2025-09-19T14:24:59Z,48.779526,2.043952,160.6,35.19,143.4,1.19,8
2025-09-19T14:25:00Z,48.779454,2.044029,160.6,35.35,144.1,0.99,8
2025-09-19T14:25:01Z,48.779376,2.044101,161.4,35.61,142.5,1.19,7
2025-09-19T14:25:02Z,48.779305,2.044183,161.7,36.41,142.7,0.99,8
2025-09-19T14:25:03Z,48.779233,2.044269,161.5,35.74,142.5,0.98,8
2025-09-19T14:25:04Z,48.779163,2.044351,160.9,35.30,142.5,1.19,9
2025-09-19T14:25:05Z,48.779093,2.044435,160.7,35.82,142.7,1.19,7
2025-09-19T14:25:06Z,48.779022,2.044517,160.5,35.69,142.1,1.15,8
2025-09-19T14:25:07Z,48.778952,2.044598,160.6,35.39,144.8,1.39,8
2025-09-19T14:25:08Z,48.778880,2.044678,161.2,35.63,143.4,1.27,8
2025-09-19T14:25:09Z,48.778808,2.044757,161.6,35.58,143.3,1.27,8
2025-09-19T14:25:10Z,48.778734,2.044840,161.2,37.19,143.1,1.15,9
2025-09-19T14:25:11Z,48.778656,2.044928,160.8,39.21,143.3,1.15,9
2025-09-19T14:25:12Z,48.778576,2.045018,160.4,40.69,143.9,1.15,8
2025-09-19T14:25:13Z,48.778492,2.045111,160.3,41.89,143.5,1.15,8
2025-09-19T14:25:14Z,48.778405,2.045210,159.9,43.93,143.0,0.97,9
2025-09-19T14:25:15Z,48.778319,2.045312,159.9,43.82,142.4,0.96,9
2025-09-19T14:25:16Z,48.778233,2.045409,159.9,42.43,143.5,0.96,9
2025-09-19T14:25:17Z,48.778149,2.045503,159.8,41.41,143.3,0.96,9
2025-09-19T14:25:18Z,48.778066,2.045599,159.5,41.78,142.6,0.96,9
2025-09-19T14:25:19Z,48.777983,2.045696,159.9,42.19,142.4,1.15,9
2025-09-19T14:25:20Z,48.777897,2.045796,159.8,43.50,142.4,1.15,8
2025-09-19T14:25:21Z,48.777809,2.045897,159.8,44.34,142.9,1.15,8
2025-09-19T14:25:22Z,48.777719,2.045996,160.1,44.50,144.0,0.96,9
2025-09-19T14:25:23Z,48.777630,2.046096,160.3,44.74,143.8,0.96,9
2025-09-19T14:25:24Z,48.777541,2.046196,160.3,44.37,143.7,0.96,9
2025-09-19T14:25:25Z,48.777454,2.046299,160.5,44.21,141.0,0.96,9
2025-09-19T14:25:26Z,48.777369,2.046400,160.2,43.10,141.9,0.96,9
2025-09-19T14:25:27Z,48.777287,2.046490,159.9,38.98,144.9,0.96,9
2025-09-19T14:25:28Z,48.777212,2.046564,159.7,35.06,149.3,1.14,9
2025-09-19T14:25:29Z,48.777136,2.046617,159.5,33.21,159.6,0.96,9
2025-09-19T14:25:30Z,48.777055,2.046641,159.4,33.21,173.1,1.15,9
2025-09-19T14:25:31Z,48.776974,2.046638,159.3,33.06,185.1,1.15,8
2025-09-19T14:25:32Z,48.776894,2.046612,159.3,32.54,195.2,0.96,9
2025-09-19T14:25:33Z,48.776815,2.046570,159.1,32.41,201.7,1.27,9
2025-09-19T14:25:34Z,48.776742,2.046522,160.0,31.84,204.8,0.96,9
2025-09-19T14:25:35Z,48.776670,2.046476,159.6,31.08,203.0,1.31,9
2025-09-19T14:25:36Z,48.776600,2.046433,159.8,29.74,201.9,1.31,9
2025-09-19T14:25:37Z,48.776540,2.046371,157.9,29.02,214.6,1.15,9
2025-09-19T14:25:38Z,48.776490,2.046293,158.0,29.09,232.5,1.15,9
2025-09-19T14:25:39Z,48.776450,2.046202,158.4,29.30,240.2,1.15,9
2025-09-19T14:25:40Z,48.776413,2.046111,158.4,28.11,239.2,1.15,9
2025-09-19T14:25:41Z,48.776370,2.046034,158.6,26.93,227.5,1.15,8
2025-09-19T14:25:42Z,48.776316,2.045978,158.6,26.13,211.6,1.15,8
2025-09-19T14:25:43Z,48.776253,2.045954,159.1,26.17,191.3,0.96,9
2025-09-19T14:25:44Z,48.776180,2.045962,158.3,30.06,171.8,0.96,9
2025-09-19T14:25:45Z,48.776099,2.045981,157.9,34.60,169.4,0.96,9
2025-09-19T14:25:46Z,48.776006,2.045983,158.1,38.13,183.3,0.96,9
2025-09-19T14:25:47Z,48.775908,2.045949,158.3,41.02,196.7,1.15,9
2025-09-19T14:25:48Z,48.775805,2.045906,158.6,43.61,195.4,0.96,9
2025-09-19T14:25:49Z,48.775695,2.045885,159.1,44.63,185.8,0.96,9
2025-09-19T14:25:50Z,48.775582,2.045889,159.8,45.54,176.7,0.96,9
2025-09-19T14:25:51Z,48.775476,2.045914,160.5,41.58,169.1,0.96,9
2025-09-19T14:25:52Z,48.775386,2.045942,161.1,36.39,167.5,1.31,9
2025-09-19T14:25:53Z,48.775306,2.045968,161.0,32.52,168.2,1.14,9
2025-09-19T14:25:54Z,48.775224,2.045996,161.7,33.60,167.7,1.14,9
2025-09-19T14:25:55Z,48.775140,2.046023,161.4,34.65,167.5,1.14,9
2025-09-19T14:25:56Z,48.775052,2.046055,161.9,36.23,166.4,1.14,9
2025-09-19T14:25:57Z,48.774964,2.046090,162.0,36.98,165.2,0.96,9
2025-09-19T14:25:58Z,48.774872,2.046115,161.9,37.89,170.9,0.96,9
2025-09-19T14:25:59Z,48.774774,2.046127,162.4,38.91,177.1,0.96,9
2025-09-19T14:26:00Z,48.774675,2.046118,162.8,39.23,185.4,0.96,9
2025-09-19T14:26:01Z,48.774581,2.046087,162.7,37.48,193.8,0.96,9
2025-09-19T14:26:02Z,48.774490,2.046051,163.3,37.00,197.0,0.96,9
2025-09-19T14:26:03Z,48.774408,2.046011,163.4,34.35,198.3,0.96,9
2025-09-19T14:26:04Z,48.774335,2.045968,163.3,30.32,202.0,0.96,9
2025-09-19T14:26:05Z,48.774271,2.045928,164.0,26.63,203.1,0.96,9
2025-09-19T14:26:06Z,48.774218,2.045893,164.5,21.59,204.1,0.96,9
2025-09-19T14:26:07Z,48.774176,2.045866,164.7,17.35,204.5,0.96,9
2025-09-19T14:26:08Z,48.774147,2.045849,165.8,10.91,203.3,0.96,9
2025-09-19T14:26:09Z,48.774134,2.045839,166.1,4.70,202.5,0.96,9
2025-09-19T14:26:38Z,48.774150,2.045819,163.7,5.74,203.1,0.96,9
2025-09-19T14:26:39Z,48.774117,2.045798,163.9,17.17,205.7,0.96,9
2025-09-19T14:26:40Z,48.774071,2.045750,164.7,24.71,220.0,0.96,9
2025-09-19T14:26:41Z,48.774031,2.045676,165.0,25.76,233.8,0.96,9
2025-09-19T14:26:42Z,48.774000,2.045596,164.9,24.11,240.0,1.15,9
2025-09-19T14:26:43Z,48.773966,2.045529,165.0,21.45,230.0,0.96,9
2025-09-19T14:26:44Z,48.773925,2.045482,165.1,19.19,215.4,1.15,9
2025-09-19T14:26:45Z,48.773881,2.045463,165.4,17.95,197.3,0.96,9
2025-09-19T14:26:46Z,48.773835,2.045465,165.0,19.24,174.4,0.96,9
2025-09-19T14:26:47Z,48.773789,2.045485,164.3,19.71,164.6,0.96,9
2025-09-19T14:26:48Z,48.773755,2.045520,163.9,16.09,145.9,0.96,9
2025-09-19T14:26:49Z,48.773736,2.045555,162.9,11.32,135.0,0.96,9
2025-09-19T14:26:50Z,48.773723,2.045596,163.0,11.54,122.1,0.96,9
2025-09-19T14:26:51Z,48.773712,2.045651,163.0,17.59,109.0,0.96,9
2025-09-19T14:26:52Z,48.773704,2.045714,162.9,16.82,103.8,0.96,9
2025-09-19T14:26:53Z,48.773699,2.045774,162.9,15.63,98.2,0.96,9
2025-09-19T14:26:54Z,48.773693,2.045838,162.8,18.21,97.8,1.27,8
2025-09-19T14:26:55Z,48.773678,2.045918,163.1,24.19,105.9,0.96,9
2025-09-19T14:26:56Z,48.773647,2.046018,162.4,31.61,114.9,1.38,8
2025-09-19T14:26:57Z,48.773608,2.046138,162.2,36.71,116.8,1.38,7
2025-09-19T14:26:58Z,48.773565,2.046267,162.0,38.93,116.5,1.38,7
2025-09-19T14:26:59Z,48.773516,2.046409,161.9,44.17,117.4,1.14,8
2025-09-19T14:27:00Z,48.773475,2.046576,161.8,48.26,110.4,1.14,9
2025-09-19T14:27:01Z,48.773424,2.046750,161.8,51.73,114.1,1.14,9
2025-09-19T14:27:02Z,48.773371,2.046933,161.3,53.08,113.8,1.14,8
2025-09-19T14:27:03Z,48.773319,2.047122,161.0,54.30,111.7,1.14,8
2025-09-19T14:27:04Z,48.773265,2.047321,160.9,57.63,111.6,1.14,8
2025-09-19T14:27:05Z,48.773207,2.047525,160.6,59.39,113.7,0.96,9
2025-09-19T14:27:06Z,48.773145,2.047732,160.5,60.52,113.6,0.96,9
2025-09-19T14:27:07Z,48.773077,2.047939,160.4,61.67,116.5,0.96,9
2025-09-19T14:27:08Z,48.773017,2.048152,160.3,60.76,112.5,1.00,9
2025-09-19T14:27:09Z,48.772962,2.048361,160.2,59.19,111.8,1.00,8
2025-09-19T14:27:10Z,48.772904,2.048563,160.5,57.41,114.3,0.96,9
2025-09-19T14:27:11Z,48.772850,2.048764,160.6,57.50,111.5,1.27,8
2025-09-19T14:27:12Z,48.772793,2.048965,160.6,57.73,114.0,1.27,8
2025-09-19T14:27:13Z,48.772735,2.049167,160.8,58.65,113.8,1.38,8
2025-09-19T14:27:14Z,48.772676,2.049375,160.6,60.26,113.3,1.14,8
2025-09-19T14:27:15Z,48.772620,2.049591,160.5,61.63,111.8,1.14,8
2025-09-19T14:27:16Z,48.772554,2.049803,160.4,62.10,114.8,1.14,8
2025-09-19T14:27:17Z,48.772492,2.050021,160.1,62.65,113.5,1.14,8
2025-09-19T14:27:18Z,48.772433,2.050240,159.8,62.10,112.9,1.14,9
2025-09-19T14:27:19Z,48.772375,2.050456,159.8,61.50,112.0,1.14,8
2025-09-19T14:27:20Z,48.772320,2.050673,159.2,60.95,110.6,1.14,8
2025-09-19T14:27:21Z,48.772271,2.050892,159.0,61.15,108.8,1.14,8
2025-09-19T14:27:22Z,48.772215,2.051106,158.6,60.78,111.5,1.14,9
2025-09-19T14:27:23Z,48.772157,2.051319,158.4,61.21,112.0,1.14,8
2025-09-19T14:27:24Z,48.772102,2.051537,158.2,61.91,110.8,1.14,8
2025-09-19T14:27:25Z,48.772045,2.051757,158.1,62.75,111.0,1.14,8
2025-09-19T14:27:26Z,48.771980,2.051975,158.1,63.19,113.5,1.05,8
2025-09-19T14:27:27Z,48.771910,2.052188,158.8,63.80,113.6,1.14,9
2025-09-19T14:27:28Z,48.771849,2.052414,158.3,63.93,112.7,1.14,8
2025-09-19T14:27:29Z,48.771788,2.052638,158.4,64.32,112.0,1.14,8
2025-09-19T14:27:30Z,48.771727,2.052866,158.4,65.06,112.7,0.96,9
2025-09-19T14:27:31Z,48.771662,2.053092,158.7,65.15,113.2,0.96,9
2025-09-19T14:27:32Z,48.771592,2.053314,158.5,64.69,114.2,0.96,9
2025-09-19T14:27:33Z,48.771528,2.053530,158.9,61.88,114.2,0.96,9
2025-09-19T14:27:34Z,48.771467,2.053732,159.4,57.43,113.4,0.96,9
2025-09-19T14:27:35Z,48.771416,2.053927,159.7,54.06,112.6,1.14,9
2025-09-19T14:27:36Z,48.771367,2.054104,160.0,49.58,112.8,1.14,8
2025-09-19T14:27:37Z,48.771318,2.054267,159.7,46.23,114.0,1.14,8
2025-09-19T14:27:38Z,48.771274,2.054427,160.0,45.24,112.9,1.14,8
2025-09-19T14:27:39Z,48.771231,2.054582,160.3,44.15,112.4,1.38,8
2025-09-19T14:27:40Z,48.771199,2.054733,160.8,40.80,108.2,1.14,8
2025-09-19T14:27:41Z,48.771158,2.054858,161.2,36.41,112.2,1.27,8
2025-09-19T14:27:42Z,48.771119,2.054985,161.5,37.47,114.0,0.96,9
2025-09-19T14:27:43Z,48.771068,2.055102,161.6,37.02,125.8,0.96,9
2025-09-19T14:27:44Z,48.770994,2.055194,161.6,38.63,143.3,0.96,9
2025-09-19T14:27:45Z,48.770901,2.055259,161.5,42.78,159.9,0.96,9
2025-09-19T14:27:46Z,48.770795,2.055284,161.5,43.50,175.3,0.96,9
2025-09-19T14:27:47Z,48.770694,2.055262,161.2,41.98,194.7,0.96,9
2025-09-19T14:27:48Z,48.770599,2.055188,161.2,44.65,212.5,0.96,9
2025-09-19T14:27:49Z,48.770503,2.055082,160.7,49.65,218.8,1.16,9
2025-09-19T14:27:50Z,48.770399,2.054972,160.6,50.30,213.3,1.27,8
2025-09-19T14:27:51Z,48.770284,2.054886,160.5,52.62,204.2,0.96,9
2025-09-19T14:27:52Z,48.770152,2.054823,161.0,55.56,196.7,0.96,9
2025-09-19T14:27:53Z,48.770014,2.054767,160.8,57.52,194.9,0.96,9
2025-09-19T14:27:54Z,48.769874,2.054709,160.6,58.65,195.4,1.16,9
2025-09-19T14:27:55Z,48.769732,2.054650,160.5,59.52,194.8,1.16,8
2025-09-19T14:27:56Z,48.769586,2.054591,160.7,60.26,195.3,1.16,8
2025-09-19T14:27:57Z,48.769440,2.054528,161.0,60.45,195.9,1.16,8
2025-09-19T14:27:58Z,48.769293,2.054469,161.5,61.04,195.3,1.43,8
2025-09-19T14:27:59Z,48.769146,2.054407,162.5,60.86,196.2,1.27,8
2025-09-19T14:28:00Z,48.769006,2.054349,163.7,57.30,195.0,1.27,8
2025-09-19T14:28:01Z,48.768877,2.054298,164.9,52.06,195.0,0.96,9
2025-09-19T14:28:02Z,48.768760,2.054251,166.2,47.28,195.1,0.96,9
2025-09-19T14:28:03Z,48.768650,2.054210,166.9,44.43,194.0,1.00,9
2025-09-19T14:28:04Z,48.768537,2.054173,168.0,46.69,192.5,1.00,8
2025-09-19T14:28:05Z,48.768424,2.054137,168.6,46.28,191.6,0.96,9
2025-09-19T14:28:06Z,48.768316,2.054102,169.0,42.93,192.0,0.96,9
2025-09-19T14:28:07Z,48.768216,2.054070,169.9,39.47,192.8,0.96,9
2025-09-19T14:28:08Z,48.768120,2.054039,170.3,38.85,192.6,1.27,9
2025-09-19T14:28:09Z,48.768028,2.054008,172.1,36.95,193.3,1.27,8
2025-09-19T14:28:10Z,48.767944,2.053979,173.1,32.60,193.1,1.27,8
2025-09-19T14:28:11Z,48.767875,2.053958,174.5,26.45,191.6,0.96,9
2025-09-19T14:28:12Z,48.767825,2.053943,175.3,18.78,191.4,0.96,9
2025-09-19T14:28:13Z,48.767778,2.053917,175.9,21.13,202.0,0.96,9
2025-09-19T14:28:14Z,48.767731,2.053863,176.1,25.58,221.9,0.96,9
2025-09-19T14:28:15Z,48.767687,2.053787,175.9,27.17,228.9,0.96,9
2025-09-19T14:28:16Z,48.767638,2.053723,175.5,25.52,218.5,1.27,8
2025-09-19T14:28:17Z,48.767575,2.053697,174.0,28.22,189.1,0.96,9
2025-09-19T14:28:18Z,48.767497,2.053714,173.6,33.52,164.9,0.96,9
2025-09-19T14:28:19Z,48.767405,2.053731,172.7,38.39,171.6,0.96,9
2025-09-19T14:28:20Z,48.767302,2.053719,172.1,43.60,187.5,0.96,9
2025-09-19T14:28:21Z,48.767195,2.053686,172.1,45.24,193.4,0.96,9
2025-09-19T14:28:22Z,48.767075,2.053644,171.8,49.62,193.5,0.96,9
2025-09-19T14:28:23Z,48.766946,2.053595,171.7,54.56,193.9,0.96,9
2025-09-19T14:28:24Z,48.766805,2.053535,171.5,60.30,195.7,0.96,9
2025-09-19T14:28:25Z,48.766659,2.053465,171.6,61.00,198.4,0.96,9
2025-09-19T14:28:26Z,48.766516,2.053398,172.0,58.91,196.5,0.96,9
2025-09-19T14:28:27Z,48.766370,2.053315,171.4,62.26,201.1,1.16,9
2025-09-19T14:28:28Z,48.766226,2.053223,171.1,62.15,203.4,1.16,8
2025-09-19T14:28:29Z,48.766081,2.053130,171.0,62.93,202.5,1.43,7
2025-09-19T14:28:30Z,48.765938,2.053041,171.3,61.45,203.4,1.43,7
2025-09-19T14:28:31Z,48.765800,2.052946,172.0,59.67,205.1,1.43,9
2025-09-19T14:28:32Z,48.765668,2.052853,172.7,57.34,206.3,1.43,7
2025-09-19T14:28:33Z,48.765545,2.052756,171.9,56.41,207.4,1.43,7
2025-09-19T14:28:34Z,48.765419,2.052657,171.6,57.60,207.7,1.27,8
2025-09-19T14:28:35Z,48.765289,2.052555,172.4,58.76,208.4,1.27,8
2025-09-19T14:28:36Z,48.765161,2.052440,172.8,59.69,211.1,1.43,9
2025-09-19T14:28:37Z,48.765040,2.052325,172.4,57.00,212.7,1.43,7
2025-09-19T14:28:38Z,48.764921,2.052217,172.1,53.71,212.7,1.43,7
2025-09-19T14:28:39Z,48.764811,2.052109,171.9,52.82,212.8,1.16,8
2025-09-19T14:28:40Z,48.764698,2.052005,172.1,53.78,212.1,0.96,9
2025-09-19T14:28:41Z,48.764587,2.051896,172.8,53.76,212.4,0.96,9
2025-09-19T14:28:42Z,48.764471,2.051784,173.4,54.82,212.3,0.96,9
2025-09-19T14:28:43Z,48.764351,2.051670,174.0,54.30,212.6,1.16,9
2025-09-19T14:28:44Z,48.764238,2.051562,173.8,53.15,212.0,0.96,9
2025-09-19T14:28:45Z,48.764131,2.051465,174.5,49.15,210.8,1.16,9
2025-09-19T14:28:46Z,48.764034,2.051374,173.8,43.86,209.7,1.16,8
2025-09-19T14:28:47Z,48.763948,2.051296,173.4,39.10,209.3,0.96,9
2025-09-19T14:28:48Z,48.763864,2.051228,173.3,37.87,207.5,1.27,9
2025-09-19T14:28:49Z,48.763783,2.051166,173.4,36.00,206.8,1.27,8
2025-09-19T14:28:50Z,48.763710,2.051107,173.3,32.26,207.3,1.27,8
2025-09-19T14:28:51Z,48.763646,2.051058,173.1,26.97,205.4,0.96,9
2025-09-19T14:28:52Z,48.763591,2.051020,173.3,22.69,204.4,0.96,9
2025-09-19T14:28:53Z,48.763546,2.050991,173.3,18.08,203.1,0.96,9
2025-09-19T14:28:54Z,48.763512,2.050971,173.3,13.15,200.9,0.96,9
2025-09-19T14:28:55Z,48.763483,2.050963,173.4,11.76,192.9,0.96,9
2025-09-19T14:28:56Z,48.763452,2.050957,173.3,13.09,186.0,0.96,9
2025-09-19T14:28:57Z,48.763417,2.050940,173.2,15.26,197.4,0.96,9
2025-09-19T14:28:58Z,48.763380,2.050917,173.4,15.72,204.4,0.96,9
2025-09-19T14:28:59Z,48.763346,2.050894,173.9,14.76,202.7,0.96,9
2025-09-19T14:29:00Z,48.763314,2.050876,174.1,12.09,202.3,0.96,9
2025-09-19T14:29:01Z,48.763283,2.050854,173.9,14.26,202.2,0.96,9
2025-09-19T14:29:02Z,48.763238,2.050825,174.1,22.06,202.1,0.96,9
2025-09-19T14:29:03Z,48.763182,2.050782,174.1,26.67,206.2,0.96,9
2025-09-19T14:29:04Z,48.763121,2.050739,174.1,26.80,204.3,0.96,9
2025-09-19T14:29:05Z,48.763064,2.050696,173.7,24.37,206.5,0.96,9
2025-09-19T14:29:06Z,48.763022,2.050643,173.4,21.85,219.2,0.96,9
2025-09-19T14:29:07Z,48.762999,2.050569,172.8,21.52,245.1,0.96,9
2025-09-19T14:29:08Z,48.762994,2.050472,171.6,26.15,265.0,0.96,9
2025-09-19T14:29:09Z,48.762998,2.050358,171.4,31.26,273.9,1.16,9
2025-09-19T14:29:10Z,48.763004,2.050226,171.2,36.54,274.4,1.16,9
2025-09-19T14:29:11Z,48.763009,2.050074,171.3,41.50,271.6,1.16,9
2025-09-19T14:29:12Z,48.763009,2.049907,171.0,44.36,269.5,1.16,8
2025-09-19T14:29:13Z,48.763004,2.049727,170.9,48.56,267.3,1.16,8
2025-09-19T14:29:14Z,48.762992,2.049533,170.5,52.08,264.8,1.16,8
2025-09-19T14:29:15Z,48.762978,2.049335,170.4,52.86,263.7,1.16,8
2025-09-19T14:29:16Z,48.762960,2.049130,170.3,55.21,262.4,1.16,8
2025-09-19T14:29:17Z,48.762941,2.048922,170.1,56.02,261.8,1.16,8
2025-09-19T14:29:18Z,48.762921,2.048707,170.1,57.75,261.9,1.16,9
2025-09-19T14:29:19Z,48.762899,2.048495,169.7,56.99,260.7,1.16,8
2025-09-19T14:29:20Z,48.762875,2.048287,169.4,55.58,259.9,1.16,8
2025-09-19T14:29:21Z,48.762853,2.048088,169.0,53.21,261.0,1.43,8
2025-09-19T14:29:22Z,48.762831,2.047890,168.1,53.08,260.6,1.43,7
2025-09-19T14:29:23Z,48.762808,2.047693,167.9,53.60,259.7,1.23,9
2025-09-19T14:29:24Z,48.762784,2.047495,168.0,53.47,260.1,1.23,7
2025-09-19T14:29:25Z,48.762761,2.047293,168.2,53.23,260.2,1.16,8
2025-09-19T14:29:26Z,48.762737,2.047099,168.6,52.63,260.1,1.16,8
2025-09-19T14:29:27Z,48.762713,2.046903,167.8,51.99,259.2,1.16,8
2025-09-19T14:29:28Z,48.762690,2.046710,167.5,51.74,259.3,1.16,8
2025-09-19T14:29:29Z,48.762667,2.046519,167.1,50.84,260.0,1.16,9
2025-09-19T14:29:30Z,48.762643,2.046331,167.2,50.24,259.4,1.16,8
2025-09-19T14:29:31Z,48.762620,2.046142,167.4,50.74,259.6,1.16,8
2025-09-19T14:29:32Z,48.762596,2.045953,167.7,49.47,260.1,1.16,8
2025-09-19T14:29:33Z,48.762574,2.045778,168.2,46.21,260.9,1.16,9
2025-09-19T14:29:34Z,48.762557,2.045609,168.0,44.11,261.4,1.16,8
2025-09-19T14:29:35Z,48.762540,2.045455,167.2,39.93,260.8,1.16,8
2025-09-19T14:29:36Z,48.762524,2.045310,167.3,36.74,258.4,0.96,9
2025-09-19T14:29:37Z,48.762505,2.045180,167.4,34.78,257.3,0.96,9
2025-09-19T14:29:38Z,48.762487,2.045053,167.1,32.41,257.8,0.96,9
2025-09-19T14:29:39Z,48.762472,2.044945,166.6,28.47,258.0,0.96,9
2025-09-19T14:29:40Z,48.762456,2.044839,166.3,28.34,258.4,1.16,8
2025-09-19T14:29:41Z,48.762443,2.044735,165.9,26.84,259.0,1.16,8
2025-09-19T14:29:42Z,48.762431,2.044641,166.3,25.09,259.7,1.16,9
2025-09-19T14:29:43Z,48.762420,2.044551,166.9,25.19,259.2,1.16,8
2025-09-19T14:29:44Z,48.762408,2.044459,166.9,24.56,259.5,0.96,9
2025-09-19T14:29:45Z,48.762395,2.044377,166.9,21.13,255.8,1.16,9
2025-09-19T14:29:46Z,48.762371,2.044313,167.4,19.39,240.6,0.96,9
2025-09-19T14:29:47Z,48.762329,2.044274,167.5,19.91,211.8,0.96,9
2025-09-19T14:29:48Z,48.762274,2.044270,167.5,23.59,180.7,0.96,9
2025-09-19T14:29:49Z,48.762205,2.044287,167.3,29.67,168.4,0.96,9
2025-09-19T14:29:50Z,48.762124,2.044312,166.8,34.74,167.4,0.96,9
2025-09-19T14:29:51Z,48.762032,2.044345,166.9,39.15,165.8,0.96,9
2025-09-19T14:29:52Z,48.761936,2.044382,166.8,40.21,164.8,0.95,9
2025-09-19T14:29:53Z,48.761833,2.044427,167.2,43.89,163.4,0.95,9
2025-09-19T14:29:54Z,48.761722,2.044472,167.2,46.41,165.3,0.95,9
2025-09-19T14:29:55Z,48.761605,2.044516,166.8,48.97,165.5,0.95,9
2025-09-19T14:29:56Z,48.761485,2.044556,166.8,49.28,168.4,0.95,9
2025-09-19T14:29:57Z,48.761358,2.044596,166.8,51.74,167.6,0.95,9
2025-09-19T14:29:58Z,48.761224,2.044632,167.2,54.75,170.1,0.95,9
2025-09-19T14:29:59Z,48.761089,2.044662,167.2,54.54,171.8,0.95,9
2025-09-19T14:30:00Z,48.760932,2.044662,167.5,60.88,179.1,0.95,9
2025-09-19T14:30:01Z,48.760777,2.044652,167.5,60.71,182.6,0.95,9
2025-09-19T14:30:02Z,48.760621,2.044630,169.6,63.28,186.0,0.95,9
2025-09-19T14:30:03Z,48.760478,2.044592,171.6,57.34,191.4,1.27,9
2025-09-19T14:30:04Z,48.760348,2.044538,173.4,53.73,196.8,1.27,8
2025-09-19T14:30:05Z,48.760225,2.044472,174.2,52.67,201.3,1.27,8
2025-09-19T14:30:06Z,48.760107,2.044393,174.9,51.87,205.6,1.27,8
2025-09-19T14:30:07Z,48.759987,2.044306,174.5,51.30,204.7,1.27,9
2025-09-19T14:30:08Z,48.759877,2.044238,175.8,48.06,203.7,1.27,8
2025-09-19T14:30:09Z,48.759777,2.044156,175.8,43.71,207.3,1.43,8
2025-09-19T14:30:10Z,48.759684,2.044088,177.0,40.97,207.0,1.43,8
2025-09-19T14:30:11Z,48.759603,2.044016,177.0,36.50,208.2,1.43,7
2025-09-19T14:30:12Z,48.759525,2.043956,177.3,33.22,205.2,1.43,7
2025-09-19T14:30:13Z,48.759459,2.043899,177.8,29.39,206.2,1.27,9
2025-09-19T14:30:14Z,48.759391,2.043858,179.8,29.06,204.4,1.27,8
2025-09-19T14:30:15Z,48.759333,2.043810,179.6,26.11,205.6,1.27,8
2025-09-19T14:30:16Z,48.759285,2.043757,180.3,23.89,212.0,0.95,9
2025-09-19T14:30:17Z,48.759244,2.043702,180.0,21.32,214.3,0.95,9
2025-09-19T14:30:18Z,48.759209,2.043663,179.7,17.61,213.8,1.27,9
2025-09-19T14:30:19Z,48.759180,2.043633,179.9,13.06,211.3,1.27,8
2025-09-19T14:30:20Z,48.759157,2.043620,180.8,7.48,211.8,1.27,8
2025-09-19T14:30:21Z,48.759146,2.043609,181.4,6.04,214.1,1.27,8
2025-09-19T14:30:22Z,48.759138,2.043593,181.4,4.59,221.0,0.95,9
2025-09-19T14:30:23Z,48.759144,2.043561,179.5,3.02,223.9,0.95,9
2025-09-19T14:30:24Z,48.759134,2.043553,179.8,5.11,214.7,0.95,9
2025-09-19T14:30:25Z,48.759114,2.043535,179.8,9.76,207.6,0.95,9
2025-09-19T14:30:26Z,48.759084,2.043513,180.0,15.24,206.9,0.95,9
2025-09-19T14:30:27Z,48.759037,2.043480,179.6,21.37,207.1,0.95,9
2025-09-19T14:30:28Z,48.758978,2.043431,177.3,26.28,208.5,0.95,9
2025-09-19T14:30:29Z,48.758910,2.043377,177.5,32.32,208.8,0.95,9
2025-09-19T14:30:30Z,48.758838,2.043318,177.7,32.54,210.0,0.95,9
2025-09-19T14:30:31Z,48.758769,2.043257,177.4,31.13,210.2,0.95,9
2025-09-19T14:30:32Z,48.758707,2.043201,177.3,28.13,210.1,0.95,9
2025-09-19T14:30:33Z,48.758642,2.043153,177.3,28.67,207.6,0.95,9
2025-09-19T14:30:34Z,48.758572,2.043093,176.2,32.76,209.0,0.95,9
2025-09-19T14:30:35Z,48.758493,2.043025,174.8,38.11,208.6,0.95,9
2025-09-19T14:30:36Z,48.758399,2.042949,175.3,44.10,207.6,1.27,8
2025-09-19T14:30:37Z,48.758297,2.042870,176.3,47.24,206.8,1.27,8
2025-09-19T14:30:38Z,48.758189,2.042784,177.0,49.36,208.3,1.27,8
2025-09-19T14:30:39Z,48.758078,2.042693,177.7,50.43,208.3,1.43,9
2025-09-19T14:30:40Z,48.757970,2.042595,177.8,49.21,210.4,1.43,7
2025-09-19T14:30:41Z,48.757862,2.042501,177.4,50.10,208.9,1.43,7
2025-09-19T14:30:42Z,48.757751,2.042402,177.0,52.13,209.9,1.43,7
2025-09-19T14:30:43Z,48.757635,2.042300,177.1,53.47,210.0,1.27,8
2025-09-19T14:30:44Z,48.757517,2.042194,176.4,54.19,209.5,1.43,8
2025-09-19T14:30:45Z,48.757412,2.042086,175.5,49.47,213.4,1.43,8
2025-09-19T14:30:46Z,48.757308,2.041995,175.5,46.95,210.1,1.43,7
2025-09-19T14:30:47Z,48.757207,2.041907,175.2,46.67,210.3,1.43,7
2025-09-19T14:30:48Z,48.757105,2.041821,175.8,46.21,210.8,1.43,8
2025-09-19T14:30:49Z,48.756999,2.041735,176.2,48.60,208.2,1.43,8
2025-09-19T14:30:50Z,48.756892,2.041643,175.8,50.13,209.1,1.43,7
2025-09-19T14:30:51Z,48.756777,2.041551,174.9,51.69,206.2,1.43,7
2025-09-19T14:30:52Z,48.756659,2.041469,175.5,52.52,204.1,1.43,8
2025-09-19T14:30:53Z,48.756532,2.041402,175.5,52.84,199.4,1.43,7
2025-09-19T14:30:54Z,48.756407,2.041354,176.7,51.15,193.7,1.27,8
2025-09-19T14:30:55Z,48.756282,2.041323,177.9,49.73,188.9,1.27,8
2025-09-19T14:30:56Z,48.756164,2.041300,177.5,47.97,186.1,1.27,8
2025-09-19T14:30:57Z,48.756046,2.041288,177.0,48.30,181.6,0.95,9
2025-09-19T14:30:58Z,48.755927,2.041287,176.5,47.76,178.4,0.95,9
2025-09-19T14:30:59Z,48.755809,2.041296,175.7,47.97,175.0,0.95,9
2025-09-19T14:31:00Z,48.755688,2.041319,175.9,48.99,171.5,0.95,9
2025-09-19T14:31:01Z,48.755572,2.041348,175.1,48.71,168.5,0.95,9
2025-09-19T14:31:02Z,48.755451,2.041393,176.5,50.02,165.7,1.27,9
2025-09-19T14:31:03Z,48.755341,2.041441,177.2,45.74,163.3,1.27,8
2025-09-19T14:31:04Z,48.755240,2.041492,177.8,41.74,161.6,0.95,9
2025-09-19T14:31:05Z,48.755145,2.041537,176.9,39.06,162.0,0.95,9
2025-09-19T14:31:06Z,48.755061,2.041586,176.4,34.65,159.4,0.95,9
2025-09-19T14:31:07Z,48.754992,2.041624,176.2,28.35,161.2,0.95,9
2025-09-19T14:31:08Z,48.754935,2.041654,176.5,23.43,163.5,0.95,9
2025-09-19T14:31:09Z,48.754885,2.041667,176.6,19.71,171.3,0.95,9
2025-09-19T14:31:10Z,48.754836,2.041661,176.4,17.91,178.4,0.95,9
2025-09-19T14:31:11Z,48.754788,2.041657,176.3,19.41,185.1,0.95,9
2025-09-19T14:31:12Z,48.754742,2.041653,176.4,19.43,184.8,0.95,9
2025-09-19T14:31:13Z,48.754688,2.041648,176.4,21.87,182.4,0.95,9
2025-09-19T14:31:14Z,48.754630,2.041640,175.7,23.58,182.8,0.95,9
2025-09-19T14:31:15Z,48.754568,2.041621,175.5,25.59,195.5,0.95,9
2025-09-19T14:31:16Z,48.754503,2.041577,175.4,29.15,205.9,0.95,9
2025-09-19T14:31:17Z,48.754440,2.041514,174.7,32.45,215.3,0.95,9
2025-09-19T14:31:18Z,48.754379,2.041425,174.8,35.41,226.3,0.95,9
2025-09-19T14:31:19Z,48.754326,2.041319,174.5,36.67,232.8,0.95,9
2025-09-19T14:31:20Z,48.754276,2.041202,174.0,37.74,236.6,0.95,9
2025-09-19T14:31:21Z,48.754229,2.041075,173.6,39.67,242.1,0.95,9
2025-09-19T14:31:22Z,48.754187,2.040929,172.6,43.15,247.0,1.17,9
2025-09-19T14:31:23Z,48.754148,2.040767,170.5,46.23,250.5,1.17,9
2025-09-19T14:31:24Z,48.754114,2.040599,169.8,46.84,253.2,1.17,9
2025-09-19T14:31:25Z,48.754086,2.040427,169.4,47.78,257.6,1.17,8
2025-09-19T14:31:26Z,48.754070,2.040237,168.7,50.84,263.8,1.17,8
2025-09-19T14:31:27Z,48.754071,2.040042,167.8,51.58,270.8,1.17,8
2025-09-19T14:31:28Z,48.754087,2.039845,166.8,51.84,278.1,1.17,8
2025-09-19T14:31:29Z,48.754112,2.039651,165.7,53.28,282.3,1.17,8
2025-09-19T14:31:30Z,48.754149,2.039457,165.1,53.36,285.9,1.17,9
2025-09-19T14:31:31Z,48.754194,2.039264,164.0,53.50,289.9,1.17,8
2025-09-19T14:31:32Z,48.754234,2.039067,163.4,53.99,287.2,1.17,8
2025-09-19T14:31:33Z,48.754270,2.038874,163.1,53.08,285.2,1.17,8
2025-09-19T14:31:34Z,48.754292,2.038682,162.9,50.93,278.3,1.17,8
2025-09-19T14:31:35Z,48.754299,2.038498,161.7,47.91,272.3,1.17,8
2025-09-19T14:31:36Z,48.754263,2.038309,161.1,49.89,253.9,1.17,8
2025-09-19T14:31:37Z,48.754201,2.038123,159.3,55.23,241.4,1.77,8
2025-09-19T14:31:38Z,48.754110,2.037944,159.7,60.15,232.8,1.77,7
2025-09-19T14:31:39Z,48.754013,2.037757,158.6,64.17,231.8,1.77,7
2025-09-19T14:31:40Z,48.753910,2.037558,157.2,67.06,232.0,1.17,8
2025-09-19T14:31:41Z,48.753810,2.037363,156.6,65.25,232.5,1.17,8
2025-09-19T14:31:42Z,48.753711,2.037169,155.7,64.12,231.2,1.17,8
2025-09-19T14:31:43Z,48.753613,2.036984,157.0,61.65,232.3,1.24,7
2025-09-19T14:31:44Z,48.753524,2.036807,157.6,58.97,235.0,1.17,8
2025-09-19T14:31:45Z,48.753439,2.036628,156.9,57.95,233.0,1.17,9
2025-09-19T14:31:46Z,48.753354,2.036459,157.6,56.67,232.9,1.24,8
2025-09-19T14:31:47Z,48.753268,2.036289,157.8,54.99,234.3,1.24,7
2025-09-19T14:31:48Z,48.753184,2.036130,159.3,54.26,232.4,1.17,8
2025-09-19T14:31:49Z,48.753100,2.035967,159.6,54.54,232.2,1.17,9
2025-09-19T14:31:50Z,48.753014,2.035804,160.2,55.21,232.5,1.17,8
2025-09-19T14:31:51Z,48.752929,2.035630,160.7,57.04,233.3,1.17,8
2025-09-19T14:31:52Z,48.752841,2.035453,161.1,58.75,232.9,1.17,8
2025-09-19T14:31:53Z,48.752748,2.035268,161.3,62.34,232.0,1.17,9
2025-09-19T14:31:54Z,48.752639,2.035064,162.0,71.73,230.5,1.43,7
2025-09-19T14:31:55Z,48.752515,2.034832,162.6,81.86,231.6,1.27,8
2025-09-19T14:31:56Z,48.752389,2.034581,162.6,82.97,233.0,0.95,9
2025-09-19T14:31:57Z,48.752270,2.034342,162.7,76.97,232.6,0.95,9
2025-09-19T14:31:58Z,48.752153,2.034118,162.2,73.71,232.4,0.95,9
2025-09-19T14:31:59Z,48.752040,2.033893,162.2,74.80,232.7,0.95,9
2025-09-19T14:32:00Z,48.751925,2.033666,162.2,76.04,233.0,0.95,9
2025-09-19T14:32:01Z,48.751807,2.033436,162.4,77.23,232.3,0.95,9
2025-09-19T14:32:02Z,48.751681,2.033188,162.7,84.77,231.9,0.95,9
2025-09-19T14:32:03Z,48.751541,2.032923,162.9,90.86,231.2,0.95,9
2025-09-19T14:32:04Z,48.751405,2.032656,163.2,87.53,232.9,0.95,9
2025-09-19T14:32:05Z,48.751280,2.032404,163.2,80.62,233.4,0.95,9
2025-09-19T14:32:06Z,48.751166,2.032172,163.6,74.88,232.8,0.95,9
2025-09-19T14:32:07Z,48.751059,2.031959,164.1,68.93,232.9,1.17,8
2025-09-19T14:32:08Z,48.750953,2.031752,164.1,68.78,232.3,1.17,8
2025-09-19T14:32:09Z,48.750837,2.031536,164.6,76.64,230.4,1.17,8
2025-09-19T14:32:10Z,48.750707,2.031289,164.9,86.04,231.7,1.17,8
2025-09-19T14:32:11Z,48.750571,2.031011,164.9,93.27,233.7,1.17,8
2025-09-19T14:32:12Z,48.750432,2.030718,165.2,96.04,234.1,1.17,9
2025-09-19T14:32:13Z,48.750290,2.030427,165.7,96.97,233.5,1.17,8
2025-09-19T14:32:14Z,48.750148,2.030143,166.0,92.91,232.6,1.44,7
2025-09-19T14:32:15Z,48.750010,2.029873,166.2,89.16,232.1,1.44,8
2025-09-19T14:32:16Z,48.749877,2.029619,166.7,84.99,231.4,1.44,7
2025-09-19T14:32:17Z,48.749751,2.029371,166.9,81.41,232.5,1.44,7
2025-09-19T14:32:18Z,48.749632,2.029129,167.2,79.27,233.3,1.44,7
2025-09-19T14:32:19Z,48.749513,2.028889,167.3,79.30,232.9,0.95,9
2025-09-19T14:32:20Z,48.749392,2.028650,167.2,78.90,232.7,0.95,9
2025-09-19T14:32:21Z,48.749274,2.028412,167.3,78.91,232.9,0.95,9
2025-09-19T14:32:22Z,48.749156,2.028174,167.5,78.58,233.0,0.95,9
2025-09-19T14:32:23Z,48.749038,2.027935,167.2,78.60,233.0,0.95,9
2025-09-19T14:32:24Z,48.748919,2.027698,167.4,78.64,232.6,0.95,9
2025-09-19T14:32:25Z,48.748799,2.027461,167.7,78.73,232.5,1.02,9
2025-09-19T14:32:26Z,48.748678,2.027225,167.9,78.82,232.2,1.02,8
2025-09-19T14:32:27Z,48.748561,2.026988,168.0,77.14,233.0,1.02,8
2025-09-19T14:32:28Z,48.748447,2.026763,168.2,74.34,232.2,0.95,9
2025-09-19T14:32:29Z,48.748339,2.026549,168.3,69.23,232.3,1.27,8
2025-09-19T14:32:30Z,48.748239,2.026350,168.4,64.78,232.7,1.27,8
2025-09-19T14:32:31Z,48.748146,2.026165,168.7,60.45,232.7,0.95,9
2025-09-19T14:32:32Z,48.748059,2.025993,168.8,55.69,233.2,1.17,9
2025-09-19T14:32:33Z,48.747986,2.025837,169.3,49.41,235.3,1.17,8
2025-09-19T14:32:34Z,48.747925,2.025698,169.5,42.32,237.5,1.17,8
2025-09-19T14:32:35Z,48.747872,2.025561,169.6,41.54,240.0,0.95,9
2025-09-19T14:32:36Z,48.747820,2.025415,169.5,43.73,243.3,1.17,9
2025-09-19T14:32:37Z,48.747759,2.025267,169.4,45.17,236.2,1.17,8
2025-09-19T14:32:38Z,48.747687,2.025136,169.4,45.52,227.3,0.95,9
2025-09-19T14:32:39Z,48.747603,2.025014,169.5,46.50,222.2,0.95,9
2025-09-19T14:32:40Z,48.747525,2.024886,169.5,46.21,229.0,1.17,9
2025-09-19T14:32:41Z,48.747452,2.024750,169.6,46.36,232.0,1.17,8
2025-09-19T14:32:42Z,48.747384,2.024614,169.9,45.19,232.0,1.17,8
2025-09-19T14:32:43Z,48.747313,2.024483,169.9,44.13,230.5,1.17,8
2025-09-19T14:32:44Z,48.747238,2.024361,170.3,45.19,226.6,1.17,8
2025-09-19T14:32:45Z,48.747161,2.024217,170.0,48.82,230.4,0.95,9
2025-09-19T14:32:46Z,48.747082,2.024064,170.2,52.13,232.1,0.95,9
2025-09-19T14:32:47Z,48.747000,2.023902,170.5,53.65,231.4,1.17,9
2025-09-19T14:32:48Z,48.746918,2.023748,170.5,52.02,232.0,1.24,7
2025-09-19T14:32:49Z,48.746837,2.023594,170.6,52.17,232.3,1.17,8
2025-09-19T14:32:50Z,48.746761,2.023443,170.5,48.97,233.5,0.95,9
2025-09-19T14:32:51Z,48.746694,2.023295,170.1,46.11,235.7,0.95,9
2025-09-19T14:32:52Z,48.746631,2.023147,169.4,45.82,237.8,0.95,9
2025-09-19T14:32:53Z,48.746571,2.022992,168.6,46.74,240.6,0.95,9
2025-09-19T14:32:54Z,48.746514,2.022831,167.9,48.87,243.1,0.95,9
2025-09-19T14:32:55Z,48.746457,2.022663,167.5,49.99,243.6,0.95,9
2025-09-19T14:32:56Z,48.746404,2.022479,167.0,53.45,247.8,0.95,9
2025-09-19T14:32:57Z,48.746354,2.022293,166.8,52.65,248.3,0.95,9
2025-09-19T14:32:58Z,48.746306,2.022114,166.6,49.65,247.4,0.95,9
2025-09-19T14:32:59Z,48.746259,2.021949,165.7,47.11,246.6,0.95,9
2025-09-19T14:33:00Z,48.746209,2.021794,165.4,45.34,243.6,1.17,8
2025-09-19T14:33:01Z,48.746156,2.021644,165.0,45.21,240.4,0.95,9
2025-09-19T14:33:02Z,48.746097,2.021498,164.5,45.37,237.5,1.17,8
2025-09-19T14:33:03Z,48.746033,2.021354,163.9,46.02,235.9,1.44,8
2025-09-19T14:33:04Z,48.745968,2.021210,163.3,46.28,236.1,1.44,7
2025-09-19T14:33:05Z,48.745903,2.021064,162.6,46.84,235.7,1.44,7
2025-09-19T14:33:06Z,48.745837,2.020914,161.8,47.71,236.3,1.44,8
2025-09-19T14:33:07Z,48.745770,2.020762,160.7,47.67,235.4,1.44,7
2025-09-19T14:33:08Z,48.745698,2.020614,159.7,48.62,233.2,1.44,7
2025-09-19T14:33:09Z,48.745623,2.020465,158.8,49.36,233.2,1.44,7
2025-09-19T14:33:10Z,48.745552,2.020315,158.0,49.12,234.7,2.09,7
2025-09-19T14:33:11Z,48.745480,2.020150,157.1,51.95,235.8,2.09,6
2025-09-19T14:33:12Z,48.745399,2.019995,157.0,55.32,231.0,1.74,8
2025-09-19T14:33:13Z,48.745304,2.019837,156.7,57.99,228.8,1.44,8
2025-09-19T14:33:14Z,48.745222,2.019652,155.2,58.84,235.0,1.44,7
2025-09-19T14:33:15Z,48.745111,2.019460,153.2,65.10,229.6,1.44,7
2025-09-19T14:33:16Z,48.744993,2.019265,150.2,66.69,227.2,1.44,8
2025-09-19T14:33:17Z,48.744852,2.019100,148.3,66.45,218.3,1.18,8
2025-09-19T14:33:18Z,48.744709,2.018971,147.4,65.82,210.6,1.18,9
2025-09-19T14:33:19Z,48.744564,2.018887,148.3,60.99,202.4,1.80,8
2025-09-19T14:33:20Z,48.744400,2.018861,147.8,64.97,186.7,1.18,8
2025-09-19T14:33:21Z,48.744233,2.018870,148.1,68.43,176.5,0.95,9
2025-09-19T14:33:22Z,48.744051,2.018913,151.6,71.86,172.4,0.95,9
2025-09-19T14:33:23Z,48.743862,2.018997,153.1,82.88,162.3,0.95,9
2025-09-19T14:33:24Z,48.743680,2.019117,153.6,79.62,156.2,1.11,8
2025-09-19T14:33:25Z,48.743511,2.019251,156.1,75.19,152.3,1.37,7
2025-09-19T14:33:26Z,48.743334,2.019369,157.9,75.82,155.7,1.37,7
2025-09-19T14:33:27Z,48.743184,2.019498,156.6,69.73,151.4,1.37,7
2025-09-19T14:33:28Z,48.743053,2.019633,154.8,64.75,148.2,1.37,7
2025-09-19T14:33:29Z,48.742945,2.019758,155.2,54.50,145.4,1.37,7
2025-09-19T14:33:30Z,48.742810,2.019853,153.0,58.23,154.8,1.37,7
2025-09-19T14:33:31Z,48.742674,2.019922,151.1,57.39,163.0,1.52,7
2025-09-19T14:33:32Z,48.742537,2.019990,150.8,59.00,162.7,3.19,6
2025-09-19T14:33:33Z,48.742403,2.020036,150.3,55.04,168.3,1.94,7
2025-09-19T14:33:34Z,48.742314,2.020139,150.0,48.32,151.4,1.37,7
2025-09-19T14:33:35Z,48.742232,2.020287,149.8,50.41,136.0,1.37,7
2025-09-19T14:33:36Z,48.742139,2.020451,148.9,53.99,130.6,1.37,8
2025-09-19T14:33:37Z,48.742041,2.020627,145.3,52.67,127.8,1.37,7
2025-09-19T14:33:38Z,48.741952,2.020766,143.6,50.89,133.1,1.40,7
2025-09-19T14:33:39Z,48.741869,2.020895,142.0,46.73,136.8,1.15,7
2025-09-19T14:33:40Z,48.741774,2.020998,143.5,48.23,149.3,1.11,8
2025-09-19T14:33:41Z,48.741664,2.021061,146.7,46.60,156.1,1.37,7
2025-09-19T14:33:42Z,48.741563,2.021158,146.4,48.69,154.0,1.37,7
2025-09-19T14:33:43Z,48.741455,2.021226,147.2,46.87,158.2,1.37,8
2025-09-19T14:33:44Z,48.741332,2.021295,146.0,51.39,161.8,1.37,7
2025-09-19T14:33:45Z,48.741243,2.021388,143.5,45.78,155.1,1.37,7
2025-09-19T14:33:46Z,48.741139,2.021515,140.0,49.95,145.4,1.37,8
2025-09-19T14:33:47Z,48.741053,2.021673,133.9,51.39,135.8,1.37,7
2025-09-19T14:33:48Z,48.740962,2.021826,132.3,52.97,134.2,1.37,7
2025-09-19T14:33:49Z,48.740880,2.021994,130.3,52.56,130.2,1.37,8
2025-09-19T14:33:50Z,48.740811,2.022176,126.4,50.34,128.2,1.37,7
2025-09-19T14:33:51Z,48.740743,2.022325,124.5,46.43,127.5,1.37,7
2025-09-19T14:33:52Z,48.740687,2.022479,123.1,45.06,120.2,1.37,7
2025-09-19T14:33:53Z,48.740604,2.022610,124.2,44.19,132.2,1.37,8
2025-09-19T14:33:54Z,48.740529,2.022739,122.4,44.24,136.4,1.37,7
2025-09-19T14:33:55Z,48.740443,2.022845,121.5,45.02,148.3,1.11,8
2025-09-19T14:33:56Z,48.740337,2.022898,121.1,45.06,165.0,1.11,8
2025-09-19T14:33:57Z,48.740234,2.022913,118.6,45.30,186.7,1.11,8
2025-09-19T14:33:58Z,48.740128,2.022867,117.8,47.23,203.8,1.11,8
2025-09-19T14:33:59Z,48.740040,2.022783,118.1,49.08,220.0,0.95,9
2025-09-19T14:34:00Z,48.739950,2.022637,117.7,54.26,229.6,1.27,9
2025-09-19T14:34:01Z,48.739883,2.022453,115.8,58.43,241.1,1.44,9
2025-09-19T14:34:02Z,48.739807,2.022248,113.6,63.41,243.1,1.44,7
2025-09-19T14:34:03Z,48.739729,2.022024,112.1,68.36,243.2,1.44,7
2025-09-19T14:34:04Z,48.739645,2.021771,111.2,78.45,243.3,1.44,7
2025-09-19T14:34:05Z,48.739545,2.021478,110.7,91.58,242.1,1.44,8
2025-09-19T14:34:06Z,48.739433,2.021139,109.8,101.03,242.1,1.44,7
2025-09-19T14:34:07Z,48.739318,2.020805,110.4,99.12,243.5,1.44,7
2025-09-19T14:34:08Z,48.739210,2.020472,110.7,98.58,244.4,1.27,8
2025-09-19T14:34:09Z,48.739103,2.020139,111.1,97.71,245.2,1.27,8
2025-09-19T14:34:10Z,48.739002,2.019812,111.7,94.95,245.3,0.95,9
2025-09-19T14:34:11Z,48.738902,2.019501,112.2,89.97,244.3,0.95,9
2025-09-19T14:34:12Z,48.738806,2.019203,112.9,87.16,243.7,0.95,9
2025-09-19T14:34:13Z,48.738709,2.018912,113.5,86.14,243.2,0.95,9
2025-09-19T14:34:14Z,48.738613,2.018625,114.3,85.06,243.3,0.95,9
2025-09-19T14:34:15Z,48.738520,2.018341,115.1,83.88,243.4,0.95,9
2025-09-19T14:34:16Z,48.738428,2.018067,115.9,80.14,243.2,0.95,9
2025-09-19T14:34:17Z,48.738342,2.017812,116.9,74.06,242.7,0.95,9
2025-09-19T14:34:18Z,48.738261,2.017577,118.1,68.89,241.9,0.95,9
2025-09-19T14:34:19Z,48.738179,2.017358,119.1,65.45,239.9,0.95,9
2025-09-19T14:34:20Z,48.738096,2.017144,120.2,66.04,239.5,1.18,8
2025-09-19T14:34:21Z,48.738016,2.016926,121.2,65.91,242.0,1.18,8
2025-09-19T14:34:22Z,48.737939,2.016700,122.3,67.91,242.8,1.18,8
2025-09-19T14:34:23Z,48.737863,2.016462,123.0,70.56,244.8,0.95,9
2025-09-19T14:34:24Z,48.737789,2.016208,124.1,75.25,247.2,0.95,9
2025-09-19T14:34:25Z,48.737714,2.015944,125.8,76.84,246.5,0.95,9
2025-09-19T14:34:26Z,48.737631,2.015671,127.4,80.65,244.6,1.27,8
2025-09-19T14:34:27Z,48.737537,2.015391,129.0,84.36,242.9,1.27,8
2025-09-19T14:34:28Z,48.737439,2.015102,130.7,87.19,243.1,1.27,8
2025-09-19T14:34:29Z,48.737338,2.014807,132.3,88.69,242.7,0.95,9
2025-09-19T14:34:30Z,48.737238,2.014509,134.1,89.03,243.2,0.95,9
2025-09-19T14:34:31Z,48.737140,2.014218,135.4,85.14,242.9,1.18,8
2025-09-19T14:34:32Z,48.737043,2.013942,136.8,82.43,242.2,1.44,7
2025-09-19T14:34:33Z,48.736948,2.013662,138.3,83.49,243.0,1.44,7
2025-09-19T14:34:34Z,48.736854,2.013378,139.6,83.15,243.2,1.18,8
2025-09-19T14:34:35Z,48.736755,2.013104,140.5,82.30,241.3,1.18,8
2025-09-19T14:34:36Z,48.736651,2.012840,142.1,81.56,238.8,1.44,7
2025-09-19T14:34:37Z,48.736534,2.012583,143.0,81.77,234.0,1.44,7
2025-09-19T14:34:38Z,48.736409,2.012344,144.1,79.84,230.7,1.44,8
2025-09-19T14:34:39Z,48.736274,2.012132,145.1,77.06,224.2,1.44,8
2025-09-19T14:34:40Z,48.736142,2.011916,145.7,76.43,226.8,1.44,7
2025-09-19T14:34:41Z,48.735985,2.011777,146.9,70.84,212.2,1.44,7
2025-09-19T14:34:42Z,48.735833,2.011631,147.7,71.64,212.8,1.44,7
2025-09-19T14:34:43Z,48.735672,2.011495,149.1,75.14,209.6,1.44,8
2025-09-19T14:34:44Z,48.735511,2.011350,150.6,74.75,211.7,1.44,7
2025-09-19T14:34:45Z,48.735350,2.011188,151.7,77.73,214.4,1.44,7
2025-09-19T14:34:46Z,48.735195,2.011030,152.7,77.25,216.4,1.44,7
2025-09-19T14:34:47Z,48.735042,2.010850,156.2,77.88,222.0,2.01,7
2025-09-19T14:34:48Z,48.734895,2.010654,158.3,77.10,224.3,2.01,6
2025-09-19T14:34:49Z,48.734763,2.010446,159.5,77.06,227.7,2.01,6
2025-09-19T14:34:50Z,48.734634,2.010227,160.1,78.45,229.1,2.01,7
2025-09-19T14:34:51Z,48.734511,2.010000,160.1,76.51,230.1,2.01,6
2025-09-19T14:34:52Z,48.734387,2.009767,160.7,78.93,230.9,1.44,7
2025-09-19T14:34:53Z,48.734264,2.009535,160.1,78.34,230.7,1.44,7
2025-09-19T14:34:54Z,48.734145,2.009310,160.7,73.86,230.6,1.27,8
2025-09-19T14:34:55Z,48.734036,2.009095,160.3,69.36,230.9,1.27,8
2025-09-19T14:34:56Z,48.733927,2.008894,159.9,67.56,230.2,1.44,7
2025-09-19T14:34:57Z,48.733819,2.008690,159.8,68.52,230.8,1.44,8
2025-09-19T14:34:58Z,48.733708,2.008492,160.8,69.39,230.6,1.44,7
2025-09-19T14:34:59Z,48.733595,2.008285,160.8,70.97,230.6,1.44,7
2025-09-19T14:35:00Z,48.733479,2.008073,161.2,73.45,230.0,1.44,7
2025-09-19T14:35:01Z,48.733359,2.007856,161.4,75.32,230.6,1.44,7
2025-09-19T14:35:02Z,48.733237,2.007630,161.6,77.88,230.4,1.44,7
2025-09-19T14:35:03Z,48.733109,2.007395,161.9,82.14,230.5,1.44,7
2025-09-19T14:35:04Z,48.732974,2.007153,162.1,83.51,230.2,1.44,8
2025-09-19T14:35:05Z,48.732830,2.006898,162.4,90.71,229.1,1.44,7
2025-09-19T14:35:06Z,48.732678,2.006622,161.6,95.23,229.9,1.44,7
2025-09-19T14:35:07Z,48.732527,2.006346,161.9,94.99,230.7,1.44,7
2025-09-19T14:35:08Z,48.732374,2.006069,162.4,95.95,230.4,1.44,7
2025-09-19T14:35:09Z,48.732220,2.005790,162.8,96.43,230.3,1.27,8
2025-09-19T14:35:10Z,48.732072,2.005511,163.3,94.54,231.6,1.27,8
2025-09-19T14:35:11Z,48.731929,2.005235,163.4,91.99,231.9,0.95,9
2025-09-19T14:35:12Z,48.731791,2.004978,163.5,85.67,231.0,1.27,8
2025-09-19T14:35:13Z,48.731663,2.004739,164.2,79.77,231.1,1.27,8
2025-09-19T14:35:14Z,48.731541,2.004516,165.1,75.97,231.1,1.44,7
2025-09-19T14:35:15Z,48.731424,2.004299,165.5,73.78,230.7,1.44,7
2025-09-19T14:35:16Z,48.731305,2.004089,165.7,72.64,229.2,1.19,8
2025-09-19T14:35:17Z,48.731181,2.003893,166.0,71.52,225.3,1.19,8
2025-09-19T14:35:18Z,48.731046,2.003717,166.2,70.49,219.2,1.44,7
2025-09-19T14:35:19Z,48.730900,2.003571,166.6,69.49,211.7,1.44,7
2025-09-19T14:35:20Z,48.730745,2.003457,166.9,68.76,204.1,1.19,8
2025-09-19T14:35:21Z,48.730583,2.003372,167.2,68.28,197.6,0.95,9
2025-09-19T14:35:22Z,48.730416,2.003313,167.1,67.62,191.7,0.95,9
2025-09-19T14:35:23Z,48.730249,2.003279,166.8,66.76,186.1,1.27,8
2025-09-19T14:35:24Z,48.730085,2.003264,166.8,64.88,182.6,1.27,8
2025-09-19T14:35:25Z,48.729931,2.003249,166.5,60.73,182.3,0.95,9
2025-09-19T14:35:26Z,48.729785,2.003240,166.8,57.82,182.6,0.95,9
2025-09-19T14:35:27Z,48.729643,2.003230,166.6,55.75,182.3,0.95,9
2025-09-19T14:35:28Z,48.729507,2.003220,166.7,53.87,182.7,0.95,9
2025-09-19T14:35:29Z,48.729377,2.003208,166.8,51.60,183.2,0.95,9
2025-09-19T14:35:30Z,48.729252,2.003198,167.1,49.65,183.2,0.95,9
2025-09-19T14:35:31Z,48.729128,2.003185,167.5,49.63,183.2,0.95,9
2025-09-19T14:35:32Z,48.729003,2.003174,167.8,50.32,183.4,0.95,9
2025-09-19T14:35:33Z,48.728874,2.003163,168.1,52.24,183.1,1.27,8
2025-09-19T14:35:34Z,48.728740,2.003154,168.2,54.30,182.6,1.27,8
2025-09-19T14:35:35Z,48.728602,2.003146,168.8,55.80,182.8,1.27,8
2025-09-19T14:35:36Z,48.728460,2.003137,169.3,57.54,183.1,0.95,9
2025-09-19T14:35:37Z,48.728316,2.003124,169.8,57.37,183.1,0.95,9
2025-09-19T14:35:38Z,48.728178,2.003113,170.4,55.50,182.6,0.95,9
2025-09-19T14:35:39Z,48.728043,2.003101,170.4,52.95,183.1,0.95,9
2025-09-19T14:35:40Z,48.727912,2.003090,171.1,53.30,183.7,0.95,9
2025-09-19T14:35:41Z,48.727778,2.003071,171.1,53.75,185.7,0.95,9
2025-09-19T14:35:42Z,48.727649,2.003051,171.3,51.58,185.3,1.27,8
2025-09-19T14:35:43Z,48.727519,2.003038,171.4,51.87,183.1,1.27,8
2025-09-19T14:35:44Z,48.727389,2.003026,171.3,52.71,182.8,1.27,8
2025-09-19T14:35:45Z,48.727253,2.003015,171.5,55.13,182.8,1.41,7
2025-09-19T14:35:46Z,48.727109,2.003004,171.8,58.49,182.7,0.95,9
2025-09-19T14:35:47Z,48.726959,2.002997,171.5,60.84,180.9,1.27,8
2025-09-19T14:35:48Z,48.726802,2.002994,171.4,63.60,180.8,0.95,9
2025-09-19T14:35:49Z,48.726640,2.002982,171.2,65.86,183.2,0.95,9
2025-09-19T14:35:50Z,48.726472,2.002969,171.0,68.19,182.9,0.95,9
2025-09-19T14:35:51Z,48.726298,2.002954,170.5,70.02,182.8,0.95,9
2025-09-19T14:35:52Z,48.726121,2.002940,170.3,71.04,183.0,0.95,9
2025-09-19T14:35:53Z,48.725949,2.002928,169.6,67.75,182.9,0.95,9
2025-09-19T14:35:54Z,48.725783,2.002913,169.4,65.52,183.1,0.95,9
2025-09-19T14:35:55Z,48.725623,2.002898,169.1,64.30,183.4,0.95,9
2025-09-19T14:35:56Z,48.725463,2.002883,168.5,64.08,183.5,0.95,9
2025-09-19T14:35:57Z,48.725304,2.002868,167.8,63.65,183.0,1.27,8
2025-09-19T14:35:58Z,48.725143,2.002858,167.9,64.26,182.8,0.95,9
2025-09-19T14:35:59Z,48.724981,2.002847,167.6,65.12,183.2,0.95,9
2025-09-19T14:36:00Z,48.724816,2.002836,167.1,65.95,182.6,0.94,9
2025-09-19T14:36:01Z,48.724648,2.002822,166.5,67.80,183.2,0.98,8
2025-09-19T14:36:02Z,48.724476,2.002806,166.3,68.97,183.3,0.94,9
2025-09-19T14:36:03Z,48.724304,2.002789,165.9,70.21,183.7,0.89,10
2025-09-19T14:36:04Z,48.724128,2.002772,165.7,70.78,183.7,0.89,10
2025-09-19T14:36:05Z,48.723949,2.002753,165.2,72.12,183.8,0.89,10
2025-09-19T14:36:06Z,48.723769,2.002734,164.5,72.04,183.6,0.89,10
2025-09-19T14:36:07Z,48.723588,2.002718,164.1,72.93,183.4,0.89,10
2025-09-19T14:36:08Z,48.723407,2.002706,163.8,73.21,182.4,0.89,10
2025-09-19T14:36:09Z,48.723224,2.002695,163.5,72.99,182.4,0.89,10
2025-09-19T14:36:10Z,48.723044,2.002682,163.3,71.30,183.2,0.89,10
2025-09-19T14:36:11Z,48.722868,2.002667,163.1,70.21,183.3,0.89,10
2025-09-19T14:36:12Z,48.722694,2.002652,162.8,69.49,183.3,0.89,10
2025-09-19T14:36:13Z,48.722521,2.002638,162.5,69.28,183.3,0.89,10
2025-09-19T14:36:14Z,48.722346,2.002625,162.2,70.25,182.8,0.89,10
2025-09-19T14:36:15Z,48.722170,2.002611,162.1,71.04,182.7,0.89,10
2025-09-19T14:36:16Z,48.721996,2.002598,162.1,69.54,182.9,0.89,10
2025-09-19T14:36:17Z,48.721829,2.002587,161.9,65.12,182.5,0.89,10
2025-09-19T14:36:18Z,48.721671,2.002576,161.8,62.21,182.7,0.89,10
2025-09-19T14:36:19Z,48.721521,2.002564,161.9,60.43,183.0,0.89,10
2025-09-19T14:36:20Z,48.721376,2.002551,162.1,57.93,183.8,0.89,10
2025-09-19T14:36:21Z,48.721240,2.002535,162.2,53.49,184.3,0.89,10
2025-09-19T14:36:22Z,48.721111,2.002515,162.2,50.62,186.0,0.89,10
2025-09-19T14:36:23Z,48.720992,2.002486,162.1,47.06,190.7,0.89,10
2025-09-19T14:36:24Z,48.720884,2.002447,162.1,43.43,195.3,0.89,10
2025-09-19T14:36:25Z,48.720782,2.002401,162.0,42.50,196.9,0.89,10
2025-09-19T14:36:26Z,48.720684,2.002357,162.0,40.41,197.0,0.89,10
2025-09-19T14:36:27Z,48.720596,2.002316,162.2,36.37,196.7,0.89,10
2025-09-19T14:36:28Z,48.720517,2.002281,162.2,31.52,196.2,0.89,10
2025-09-19T14:36:29Z,48.720446,2.002239,162.2,30.02,203.5,0.89,10
2025-09-19T14:36:30Z,48.720381,2.002171,162.2,32.87,219.7,0.89,10
2025-09-19T14:36:31Z,48.720321,2.002076,162.5,35.89,228.1,0.89,10
2025-09-19T14:36:32Z,48.720255,2.001984,162.4,36.48,220.6,0.89,10
2025-09-19T14:36:33Z,48.720176,2.001924,162.3,35.52,201.9,0.89,10
2025-09-19T14:36:34Z,48.720090,2.001911,162.4,35.61,178.5,0.89,10
2025-09-19T14:36:35Z,48.720005,2.001956,162.3,37.82,154.0,0.89,10
2025-09-19T14:36:36Z,48.719920,2.002048,162.2,44.02,141.2,0.89,10
2025-09-19T14:36:37Z,48.719821,2.002143,162.5,48.30,149.2,0.89,10
2025-09-19T14:36:38Z,48.719700,2.002218,162.7,54.91,161.1,0.89,10
2025-09-19T14:36:39Z,48.719549,2.002275,163.2,65.15,167.8,0.89,10
2025-09-19T14:36:40Z,48.719391,2.002315,163.5,64.25,171.7,0.89,10
2025-09-19T14:36:41Z,48.719228,2.002337,163.7,65.84,175.9,0.89,10
2025-09-19T14:36:42Z,48.719060,2.002343,163.8,68.28,179.8,0.89,10
2025-09-19T14:36:43Z,48.718885,2.002338,164.0,70.84,181.4,0.89,10
2025-09-19T14:36:44Z,48.718702,2.002330,164.1,73.71,181.5,0.96,10
2025-09-19T14:36:45Z,48.718520,2.002321,164.2,72.89,182.2,0.89,10
2025-09-19T14:36:46Z,48.718336,2.002309,164.4,74.08,182.7,0.89,10
2025-09-19T14:36:47Z,48.718148,2.002294,164.6,75.32,183.2,0.89,10
2025-09-19T14:36:48Z,48.717958,2.002278,164.6,76.75,183.3,0.89,10
2025-09-19T14:36:49Z,48.717765,2.002262,165.0,77.88,183.1,0.89,10
2025-09-19T14:36:50Z,48.717569,2.002247,165.4,78.99,182.7,0.89,10
2025-09-19T14:36:51Z,48.717370,2.002231,165.8,79.88,182.8,0.89,10
2025-09-19T14:36:52Z,48.717167,2.002213,165.7,81.19,183.6,0.89,10
2025-09-19T14:36:53Z,48.716965,2.002194,165.9,80.84,183.5,0.89,10
2025-09-19T14:36:54Z,48.716763,2.002176,166.2,81.51,183.1,0.89,10
2025-09-19T14:36:55Z,48.716561,2.002163,166.5,81.14,182.2,0.89,10
2025-09-19T14:36:56Z,48.716358,2.002150,166.6,81.06,182.3,0.89,10
2025-09-19T14:36:57Z,48.716155,2.002137,166.8,81.28,182.8,0.89,10
2025-09-19T14:36:58Z,48.715959,2.002121,167.0,77.86,182.9,0.89,10
2025-09-19T14:36:59Z,48.715772,2.002108,167.2,73.56,182.6,1.20,9
2025-09-19T14:37:00Z,48.715590,2.002093,167.3,72.78,183.2,1.20,9
2025-09-19T14:37:01Z,48.715404,2.002076,167.6,75.17,183.7,0.89,10
2025-09-19T14:37:02Z,48.715210,2.002056,167.8,78.56,183.6,0.89,10
2025-09-19T14:37:03Z,48.715010,2.002038,167.9,80.65,183.6,0.89,10
2025-09-19T14:37:04Z,48.714808,2.002019,167.9,81.14,183.5,1.20,9
2025-09-19T14:37:05Z,48.714607,2.002002,168.2,80.77,183.2,1.20,9
2025-09-19T14:37:06Z,48.714415,2.001987,168.4,75.27,183.0,0.89,10
2025-09-19T14:37:07Z,48.714234,2.001973,168.5,71.56,182.9,1.20,9
2025-09-19T14:37:08Z,48.714058,2.001959,168.6,70.45,182.9,0.89,10
2025-09-19T14:37:09Z,48.713882,2.001946,168.8,70.54,183.0,0.89,10
2025-09-19T14:37:10Z,48.713704,2.001931,168.9,71.84,183.1,0.89,10
2025-09-19T14:37:11Z,48.713522,2.001916,169.0,73.19,183.1,1.20,9
2025-09-19T14:37:12Z,48.713337,2.001902,169.2,74.54,183.0,1.20,9
2025-09-19T14:37:13Z,48.713148,2.001888,169.2,76.12,182.6,1.20,9
2025-09-19T14:37:14Z,48.712955,2.001874,169.5,77.34,182.7,0.89,10
2025-09-19T14:37:15Z,48.712761,2.001860,169.7,77.91,182.9,0.89,10
2025-09-19T14:37:16Z,48.712575,2.001844,170.1,74.02,183.3,0.88,10
2025-09-19T14:37:17Z,48.712398,2.001832,170.2,69.04,182.8,0.88,10
2025-09-19T14:37:18Z,48.712225,2.001817,170.3,69.71,183.4,0.88,10
2025-09-19T14:37:19Z,48.712046,2.001803,170.5,72.39,182.4,0.88,10
2025-09-19T14:37:20Z,48.711863,2.001794,170.7,73.82,181.9,0.88,10
2025-09-19T14:37:21Z,48.711675,2.001781,170.8,75.45,182.7,0.88,10
2025-09-19T14:37:22Z,48.711486,2.001765,171.0,76.39,183.4,0.88,10
2025-09-19T14:37:23Z,48.711295,2.001751,170.8,76.30,182.7,0.88,10
2025-09-19T14:37:24Z,48.711105,2.001736,170.7,76.01,183.1,0.88,10
2025-09-19T14:37:25Z,48.710914,2.001716,170.8,76.43,183.7,0.88,10
2025-09-19T14:37:26Z,48.710723,2.001695,171.1,76.65,183.6,0.88,10
2025-09-19T14:37:27Z,48.710533,2.001676,171.6,76.01,183.5,0.88,10
2025-09-19T14:37:28Z,48.710338,2.001660,171.8,78.71,182.8,0.95,10
2025-09-19T14:37:29Z,48.710144,2.001640,171.9,77.62,183.8,0.95,9
2025-09-19T14:37:30Z,48.709954,2.001601,172.0,76.39,187.7,0.95,9
2025-09-19T14:37:31Z,48.709780,2.001602,172.1,70.75,181.2,0.95,9
2025-09-19T14:37:32Z,48.709597,2.001622,172.6,72.64,176.9,0.88,10
2025-09-19T14:37:33Z,48.709424,2.001618,173.5,68.91,180.7,0.88,10
2025-09-19T14:37:34Z,48.709251,2.001609,175.4,69.54,181.3,0.88,10
2025-09-19T14:37:35Z,48.709074,2.001568,177.5,69.76,188.3,0.88,10
2025-09-19T14:37:36Z,48.708924,2.001557,176.9,59.54,183.8,0.88,10
2025-09-19T14:37:37Z,48.708762,2.001562,178.0,64.02,178.6,0.88,10
2025-09-19T14:37:38Z,48.708614,2.001559,177.9,59.02,181.6,0.88,10
2025-09-19T14:37:39Z,48.708468,2.001555,179.9,56.87,180.6,0.88,10
2025-09-19T14:37:40Z,48.708355,2.001537,180.2,45.89,186.6,0.88,10
2025-09-19T14:37:41Z,48.708266,2.001527,184.9,36.19,183.8,0.88,10
2025-09-19T14:37:42Z,48.708175,2.001536,187.7,37.13,176.7,0.96,10
2025-09-19T14:37:43Z,48.708065,2.001488,191.8,41.82,192.1,0.88,10
2025-09-19T14:37:44Z,48.708007,2.001427,196.7,26.52,202.7,0.88,10
2025-09-19T14:37:45Z,48.707998,2.001345,201.4,22.63,233.0,0.88,10
2025-09-19T14:37:46Z,48.707992,2.001208,204.1,35.13,266.9,0.88,10
2025-09-19T14:37:47Z,48.707970,2.001070,206.6,47.49,271.9,0.88,10
2025-09-19T14:37:48Z,48.707952,2.000899,211.1,49.08,271.2,1.26,10
2025-09-19T14:37:49Z,48.708024,2.000722,214.0,59.93,304.2,2.08,10
2025-09-19T14:37:50Z,48.708072,2.000431,216.9,68.43,300.3,1.88,7
2025-09-19T14:37:51Z,48.708127,2.000173,218.0,68.54,295.0,1.20,8
2025-09-19T14:37:52Z,48.708171,1.999936,220.7,62.47,291.0,1.20,8
2025-09-19T14:37:53Z,48.708208,1.999686,222.2,64.28,282.8,1.20,8
2025-09-19T14:37:54Z,48.708260,1.999438,223.4,62.36,287.5,1.20,9
2025-09-19T14:37:55Z,48.708307,1.999222,223.6,53.34,289.5,1.36,7
2025-09-19T14:37:56Z,48.708370,1.999039,223.9,47.19,301.4,1.36,7
2025-09-19T14:37:57Z,48.708449,1.998920,223.6,43.08,321.7,1.36,7
2025-09-19T14:37:58Z,48.708535,1.998767,208.1,45.63,342.2,1.36,7
2025-09-19T14:37:59Z,48.708679,1.998540,192.4,47.99,325.8,1.10,8
2025-09-19T14:38:00Z,48.708775,1.998357,191.9,53.28,307.5,1.36,9
2025-09-19T14:38:01Z,48.708867,1.998149,189.7,62.88,300.4,1.36,7
2025-09-19T14:38:02Z,48.708959,1.997937,186.3,70.51,297.9,1.36,7
2025-09-19T14:38:03Z,48.709012,1.997687,183.1,71.77,284.9,1.36,7
2025-09-19T14:38:04Z,48.709048,1.997429,181.3,69.82,279.5,1.36,7
2025-09-19T14:38:05Z,48.709073,1.997205,179.1,60.82,276.6,1.36,7
2025-09-19T14:38:06Z,48.709145,1.997021,173.7,55.76,291.3,1.07,9
2025-09-19T14:38:07Z,48.709220,1.996861,172.4,50.45,305.7,1.07,8
2025-09-19T14:38:08Z,48.709330,1.996740,171.1,54.84,323.5,1.07,8
2025-09-19T14:38:09Z,48.709474,1.996660,169.0,60.19,340.0,1.36,7
2025-09-19T14:38:10Z,48.709603,1.996596,169.3,56.73,344.7,1.56,7
2025-09-19T14:38:11Z,48.709708,1.996532,171.3,48.41,341.3,1.56,7
2025-09-19T14:38:12Z,48.709772,1.996383,176.8,44.78,314.7,1.07,9
2025-09-19T14:38:13Z,48.709809,1.996222,179.1,44.43,294.1,1.36,8
2025-09-19T14:38:14Z,48.709826,1.996020,181.2,53.10,278.3,1.36,7
2025-09-19T14:38:15Z,48.709851,1.995825,185.1,53.50,277.7,1.36,7
2025-09-19T14:38:16Z,48.709881,1.995650,183.9,46.69,280.6,1.36,7
2025-09-19T14:38:17Z,48.709952,1.995434,180.4,56.62,291.7,1.50,6
2025-09-19T14:38:18Z,48.710043,1.995274,181.8,56.43,310.2,1.10,8
2025-09-19T14:38:19Z,48.710132,1.995095,179.2,51.95,309.4,1.36,9
2025-09-19T14:38:20Z,48.710208,1.994879,179.2,59.08,300.7,1.36,7
2025-09-19T14:38:21Z,48.710254,1.994660,177.9,60.93,286.1,1.36,7
2025-09-19T14:38:22Z,48.710329,1.994421,175.1,64.41,285.7,1.36,7
2025-09-19T14:38:23Z,48.710384,1.994227,170.4,56.69,287.0,1.36,7
2025-09-19T14:38:24Z,48.710446,1.994033,172.7,57.02,297.5,1.37,8
2025-09-19T14:38:25Z,48.710532,1.993893,171.4,49.47,316.8,1.37,7
2025-09-19T14:38:26Z,48.710645,1.993671,165.0,56.54,307.4,1.37,7
2025-09-19T14:38:27Z,48.710709,1.993478,166.2,57.63,298.1,1.37,7
2025-09-19T14:38:28Z,48.710760,1.993257,151.6,62.23,283.6,1.37,8
2025-09-19T14:38:29Z,48.710800,1.993051,150.7,59.50,281.3,1.37,7
2025-09-19T14:38:30Z,48.710850,1.992857,149.2,54.41,290.8,1.37,7
2025-09-19T14:38:31Z,48.710917,1.992682,148.7,52.26,300.2,1.37,7
2025-09-19T14:38:32Z,48.710989,1.992493,146.2,52.73,296.8,1.37,8
2025-09-19T14:38:33Z,48.711063,1.992319,144.9,52.78,300.4,1.37,7
2025-09-19T14:38:34Z,48.711114,1.992157,144.2,45.43,294.2,1.37,7
2025-09-19T14:38:35Z,48.711143,1.991996,136.6,44.11,273.9,1.37,7
2025-09-19T14:38:36Z,48.711179,1.991879,126.8,42.95,258.1,1.37,7
2025-09-19T14:38:37Z,48.711169,1.991738,122.1,44.67,252.7,1.37,7
2025-09-19T14:38:38Z,48.711153,1.991580,121.7,41.56,261.2,1.37,7
2025-09-19T14:38:39Z,48.711159,1.991426,121.9,40.50,277.5,1.37,7
2025-09-19T14:38:40Z,48.711188,1.991291,123.1,38.84,289.6,1.48,6
2025-09-19T14:38:41Z,48.711241,1.991155,122.8,41.93,302.0,1.37,7
2025-09-19T14:38:42Z,48.711287,1.991031,124.8,37.82,302.0,1.37,8
2025-09-19T14:38:43Z,48.711319,1.990921,125.3,30.67,294.2,1.37,7
2025-09-19T14:38:44Z,48.711308,1.990773,126.6,37.41,262.3,1.07,8
2025-09-19T14:38:45Z,48.711270,1.990641,126.1,40.06,244.6,1.07,8
2025-09-19T14:38:46Z,48.711208,1.990510,124.6,44.50,230.3,1.07,8
2025-09-19T14:38:47Z,48.711113,1.990412,123.1,48.99,211.5,1.03,9
2025-09-19T14:38:48Z,48.710986,1.990324,125.9,54.37,204.2,1.03,9
2025-09-19T14:38:49Z,48.710871,1.990231,122.7,53.13,204.5,1.29,8
2025-09-19T14:38:50Z,48.710757,1.990160,121.8,51.54,200.4,1.33,8
2025-09-19T14:38:51Z,48.710630,1.990082,122.2,55.06,199.2,1.33,7
2025-09-19T14:38:52Z,48.710506,1.990018,120.3,54.19,195.6,1.33,8
2025-09-19T14:38:53Z,48.710375,1.989951,119.4,55.78,197.3,1.33,7
2025-09-19T14:38:54Z,48.710243,1.989887,117.4,56.69,193.6,1.29,8
2025-09-19T14:38:55Z,48.710115,1.989824,117.3,54.23,195.5,1.29,8
2025-09-19T14:38:56Z,48.709989,1.989807,118.6,51.34,182.5,1.29,9
2025-09-19T14:38:57Z,48.709872,1.989790,118.6,48.36,186.8,1.29,8
2025-09-19T14:38:58Z,48.709751,1.989754,118.3,50.19,188.8,1.29,8
2025-09-19T14:38:59Z,48.709640,1.989715,118.8,47.34,190.9,1.29,9
2025-09-19T14:39:00Z,48.709525,1.989711,118.3,47.52,182.2,1.29,8
2025-09-19T14:39:01Z,48.709427,1.989692,120.0,40.13,185.0,1.29,8
2025-09-19T14:39:02Z,48.709349,1.989670,121.2,32.04,189.7,1.29,8
2025-09-19T14:39:03Z,48.709296,1.989642,123.9,23.45,192.6,0.88,10
2025-09-19T14:39:04Z,48.709218,1.989602,123.8,26.56,194.9,0.88,10
2025-09-19T14:39:05Z,48.709162,1.989584,122.9,18.35,193.4,0.88,10
2025-09-19T14:39:06Z,48.709141,1.989592,119.8,11.24,201.8,0.88,10
2025-09-19T14:39:07Z,48.709118,1.989566,119.9,10.02,209.4,0.88,10
2025-09-19T14:39:08Z,48.709099,1.989540,120.4,11.87,220.2,0.88,10
2025-09-19T14:39:09Z,48.709083,1.989513,119.0,12.78,221.5,0.88,10
2025-09-19T14:39:10Z,48.709069,1.989486,118.4,12.98,219.1,0.88,10
2025-09-19T14:39:11Z,48.709059,1.989478,118.9,6.44,215.8,0.88,10
2025-09-19T14:39:12Z,48.709053,1.989470,119.0,3.19,198.4,0.88,10
2025-09-19T14:40:43Z,48.709182,1.989407,115.3,2.41,169.0,0.87,10
2025-09-19T14:43:43Z,48.709007,1.989295,106.9,2.83,83.9,1.01,10
2025-09-19T14:43:45Z,48.709013,1.989298,107.3,3.02,19.8,0.87,10
2025-09-19T14:43:53Z,48.709042,1.989339,107.5,3.26,19.8,1.01,9
2025-09-19T14:43:55Z,48.709043,1.989348,107.2,2.06,19.8,1.01,10
2025-09-19T14:44:31Z,48.709057,1.989410,105.1,2.06,93.0,0.86,10
2025-09-19T14:45:32Z,48.709071,1.989378,96.6,5.19,102.8,0.95,10
2025-09-19T14:45:33Z,48.709055,1.989413,97.1,11.93,117.6,0.95,10
2025-09-19T14:45:34Z,48.709040,1.989442,98.1,9.32,119.3,0.95,10
2025-09-19T14:45:35Z,48.709033,1.989456,99.6,4.41,117.6,0.95,10
2025-09-19T14:45:37Z,48.709024,1.989477,100.3,3.93,107.2,0.95,10
2025-09-19T14:45:38Z,48.709026,1.989494,100.6,5.52,85.2,0.95,10
2025-09-19T14:45:39Z,48.709028,1.989509,101.7,8.61,51.5,0.95,10
2025-09-19T14:45:40Z,48.709042,1.989520,102.4,14.58,34.0,0.95,10
2025-09-19T14:45:41Z,48.709072,1.989534,103.5,18.45,23.8,0.95,10
2025-09-19T14:45:42Z,48.709116,1.989556,103.9,22.11,18.3,0.95,10
2025-09-19T14:45:43Z,48.709163,1.989574,105.5,23.61,14.4,1.04,10
2025-09-19T14:45:44Z,48.709217,1.989590,106.6,25.34,11.4,1.04,9
2025-09-19T14:45:45Z,48.709275,1.989598,107.6,26.34,7.7,1.04,9
2025-09-19T14:45:46Z,48.709336,1.989629,108.2,27.15,14.9,1.04,9
2025-09-19T14:45:47Z,48.709401,1.989650,112.1,29.95,12.5,1.04,9
2025-09-19T14:45:48Z,48.709463,1.989675,116.7,29.95,17.8,1.06,8
2025-09-19T14:45:49Z,48.709538,1.989709,119.6,33.54,17.4,1.19,8
2025-09-19T14:45:50Z,48.709626,1.989723,122.8,37.45,6.2,1.04,9
2025-09-19T14:45:51Z,48.709719,1.989753,125.6,38.24,13.6,1.04,9
2025-09-19T14:45:52Z,48.709820,1.989779,125.6,39.52,9.6,1.04,9
2025-09-19T14:45:53Z,48.709913,1.989783,129.5,37.17,2.6,1.19,8
2025-09-19T14:45:54Z,48.710003,1.989783,136.7,42.28,3.2,1.06,9
2025-09-19T14:45:55Z,48.710111,1.989807,139.3,44.19,8.9,1.45,9
2025-09-19T14:45:56Z,48.710226,1.989853,141.8,47.87,14.9,1.45,8
2025-09-19T14:45:57Z,48.710348,1.989893,145.7,48.08,16.5,1.45,8
2025-09-19T14:45:58Z,48.710462,1.989949,147.3,42.78,20.5,1.04,9
2025-09-19T14:45:59Z,48.710549,1.990015,151.1,37.82,23.5,1.04,9
2025-09-19T14:46:00Z,48.710641,1.990098,151.8,39.11,28.4,1.06,9
2025-09-19T14:46:01Z,48.710743,1.990169,151.4,39.93,27.3,1.43,9
2025-09-19T14:46:02Z,48.710860,1.990236,146.6,38.43,30.2,1.43,9
2025-09-19T14:46:03Z,48.710954,1.990302,142.4,32.52,38.4,1.04,9
2025-09-19T14:46:04Z,48.711028,1.990360,141.5,29.37,36.6,1.55,9
2025-09-19T14:46:05Z,48.711090,1.990408,140.1,25.76,39.3,1.45,8
2025-09-19T14:46:06Z,48.711142,1.990473,138.4,26.22,47.9,1.45,8
2025-09-19T14:46:07Z,48.711176,1.990530,139.8,26.06,52.3,1.04,9
2025-09-19T14:46:08Z,48.711183,1.990608,143.4,26.52,70.8,1.04,9
2025-09-19T14:46:09Z,48.711151,1.990677,150.5,25.65,99.5,1.04,9
2025-09-19T14:46:10Z,48.711119,1.990781,153.9,31.10,115.6,1.04,9
2025-09-19T14:46:11Z,48.711104,1.990878,159.5,29.09,100.7,1.04,9
2025-09-19T14:46:12Z,48.711114,1.991003,160.2,28.35,92.2,0.95,10
2025-09-19T14:46:13Z,48.711140,1.991191,156.1,40.24,84.6,1.30,10
2025-09-19T14:46:14Z,48.711190,1.991380,151.1,43.26,77.1,0.97,10
2025-09-19T14:46:15Z,48.711222,1.991549,150.4,43.63,74.0,0.95,10
2025-09-19T14:46:16Z,48.711232,1.991706,151.7,44.71,80.1,0.95,10
2025-09-19T14:46:17Z,48.711222,1.991890,152.8,47.24,94.9,1.04,9
2025-09-19T14:46:18Z,48.711185,1.992062,156.5,49.69,104.6,1.04,9
2025-09-19T14:46:19Z,48.711080,1.992212,160.6,55.76,130.3,1.26,8
2025-09-19T14:46:20Z,48.710998,1.992347,164.7,44.39,130.2,1.40,9
2025-09-19T14:46:21Z,48.710972,1.992565,160.0,48.63,114.5,1.14,10
2025-09-19T14:46:22Z,48.710976,1.992821,158.5,59.28,96.9,1.14,9
2025-09-19T14:46:23Z,48.710934,1.993074,159.6,62.95,99.7,0.97,10
2025-09-19T14:46:24Z,48.710862,1.993269,160.0,56.47,112.9,1.92,9
2025-09-19T14:46:25Z,48.710789,1.993439,162.6,52.32,123.4,1.92,8
2025-09-19T14:46:26Z,48.710724,1.993571,162.2,40.45,130.6,1.38,8
2025-09-19T14:46:27Z,48.710680,1.993722,161.5,41.54,120.9,1.13,9
2025-09-19T14:46:28Z,48.710638,1.993894,160.6,45.49,115.6,1.13,9
2025-09-19T14:46:29Z,48.710606,1.994118,157.4,59.41,104.2,1.14,9
2025-09-19T14:46:30Z,48.710560,1.994345,155.4,62.78,103.6,1.13,9
2025-09-19T14:46:31Z,48.710498,1.994554,156.4,57.04,106.9,1.38,10
2025-09-19T14:46:32Z,48.710445,1.994749,155.1,53.17,110.6,1.38,8
2025-09-19T14:46:33Z,48.710364,1.994921,156.4,55.13,123.6,1.63,8
2025-09-19T14:46:34Z,48.710312,1.995075,157.7,42.17,116.7,1.13,9
2025-09-19T14:46:35Z,48.710250,1.995232,159.9,48.84,115.9,1.38,8
2025-09-19T14:46:36Z,48.710209,1.995427,160.4,51.78,104.3,1.13,10
2025-09-19T14:46:37Z,48.710166,1.995619,161.0,53.63,103.2,1.63,9
2025-09-19T14:46:38Z,48.710156,1.995842,162.0,58.65,93.1,2.24,6
2025-09-19T14:46:39Z,48.710159,1.996040,163.6,53.37,83.8,1.45,8
2025-09-19T14:46:40Z,48.710114,1.996197,165.0,42.50,97.4,1.22,9
2025-09-19T14:46:41Z,48.710071,1.996300,166.5,30.17,109.1,1.28,9
2025-09-19T14:46:42Z,48.710042,1.996364,173.2,22.89,107.7,1.03,10
2025-09-19T14:46:43Z,48.709973,1.996437,179.6,27.08,124.6,1.03,10
2025-09-19T14:46:44Z,48.709897,1.996533,184.9,29.35,127.5,1.06,9
2025-09-19T14:46:45Z,48.709781,1.996757,179.5,47.00,128.0,1.13,10
2025-09-19T14:46:46Z,48.709766,1.996973,177.2,46.82,114.7,1.13,9
2025-09-19T14:46:47Z,48.709719,1.997167,179.8,51.19,110.6,1.13,9
2025-09-19T14:46:48Z,48.709689,1.997379,180.0,53.30,104.8,1.13,9
2025-09-19T14:46:49Z,48.709658,1.997564,182.2,49.91,100.1,0.94,10
2025-09-19T14:46:50Z,48.709619,1.997727,183.3,46.34,99.6,1.38,10
2025-09-19T14:46:51Z,48.709536,1.997879,182.8,42.87,105.7,1.38,8
2025-09-19T14:46:52Z,48.709480,1.997988,180.3,30.00,107.2,1.38,8
2025-09-19T14:46:53Z,48.709424,1.998063,177.6,18.89,111.0,1.13,9
2025-09-19T14:46:54Z,48.709373,1.998114,177.3,14.08,115.7,0.94,10
2025-09-19T14:46:55Z,48.709339,1.998148,178.6,12.59,117.9,0.94,10
2025-09-19T14:46:56Z,48.709294,1.998175,179.6,12.52,119.9,0.94,10
2025-09-19T14:46:57Z,48.709244,1.998221,178.4,14.74,127.3,0.94,10
2025-09-19T14:46:58Z,48.709199,1.998264,179.3,15.52,129.7,0.94,10
2025-09-19T14:46:59Z,48.709159,1.998307,179.9,14.87,128.7,0.94,10
2025-09-19T14:47:00Z,48.709117,1.998336,182.0,14.83,131.9,0.94,10
2025-09-19T14:47:01Z,48.709089,1.998360,183.7,11.54,134.3,0.94,10
2025-09-19T14:47:02Z,48.709064,1.998387,185.4,10.07,133.5,0.94,10
2025-09-19T14:47:03Z,48.709044,1.998411,187.1,7.69,130.7,0.94,10
2025-09-19T14:47:04Z,48.709022,1.998422,188.7,6.43,136.8,0.94,10
2025-09-19T14:47:05Z,48.708996,1.998441,189.3,7.02,143.8,0.94,10
2025-09-19T14:47:06Z,48.708978,1.998460,189.1,5.43,145.0,0.94,10
2025-09-19T14:47:07Z,48.708965,1.998472,190.2,2.78,144.5,0.94,10
2025-09-19T14:47:08Z,48.708942,1.998491,192.4,6.44,133.6,0.94,10
2025-09-19T14:47:09Z,48.708923,1.998519,193.6,6.98,129.1,0.94,10
2025-09-19T14:47:10Z,48.708874,1.998555,193.0,12.20,147.8,0.94,10
2025-09-19T14:47:11Z,48.708819,1.998610,191.5,17.19,145.1,0.94,10
2025-09-19T14:47:12Z,48.708777,1.998682,189.3,18.13,136.3,0.94,10
2025-09-19T14:47:13Z,48.708746,1.998782,186.5,22.02,122.0,0.94,10
2025-09-19T14:47:14Z,48.708717,1.998878,185.6,24.76,113.7,0.94,10
2025-09-19T14:47:15Z,48.708689,1.998965,186.2,25.46,108.5,0.94,10
2025-09-19T14:47:16Z,48.708650,1.999080,185.5,32.15,107.9,1.13,10
2025-09-19T14:47:17Z,48.708615,1.999184,186.7,31.06,109.8,1.13,9
2025-09-19T14:47:18Z,48.708576,1.999281,187.9,30.26,112.8,1.13,9
2025-09-19T14:47:19Z,48.708538,1.999386,188.4,30.63,112.6,0.94,10
2025-09-19T14:47:20Z,48.708497,1.999518,187.8,33.28,110.6,1.22,10
2025-09-19T14:47:21Z,48.708474,1.999656,187.6,33.63,104.8,1.39,9
2025-09-19T14:47:22Z,48.708436,1.999773,187.6,32.58,107.7,1.39,8
2025-09-19T14:47:23Z,48.708382,1.999884,187.7,33.26,114.2,1.13,9
2025-09-19T14:47:24Z,48.708323,2.000003,187.2,34.87,118.7,1.13,9
2025-09-19T14:47:25Z,48.708261,2.000118,187.2,35.74,121.8,1.22,10
2025-09-19T14:47:26Z,48.708219,2.000243,186.9,34.32,118.5,1.62,9
2025-09-19T14:47:27Z,48.708188,2.000358,186.6,31.71,114.9,1.62,7
2025-09-19T14:47:28Z,48.708162,2.000464,186.8,29.87,111.2,1.62,8
2025-09-19T14:47:29Z,48.708145,2.000572,187.2,29.19,105.2,1.41,9
2025-09-19T14:47:30Z,48.708125,2.000676,187.6,28.98,102.8,1.41,8
2025-09-19T14:47:31Z,48.708115,2.000774,189.2,27.97,97.8,0.94,10
2025-09-19T14:47:32Z,48.708095,2.000870,189.7,27.61,95.9,0.94,10
2025-09-19T14:47:33Z,48.708091,2.000968,191.4,27.93,89.9,0.94,10
2025-09-19T14:47:34Z,48.708100,2.001067,192.5,27.71,79.8,1.22,10
2025-09-19T14:47:35Z,48.708109,2.001164,192.8,27.82,73.4,1.22,9
2025-09-19T14:47:36Z,48.708123,2.001221,194.4,25.35,59.3,1.22,9
2025-09-19T14:47:37Z,48.708138,2.001257,197.4,24.48,49.7,0.94,10
2025-09-19T14:47:38Z,48.708150,2.001284,199.7,24.24,41.6,0.94,10
2025-09-19T14:47:39Z,48.708208,2.001304,201.9,31.35,21.6,1.04,9
2025-09-19T14:47:40Z,48.708259,2.001313,205.7,32.67,17.4,1.04,9
2025-09-19T14:47:41Z,48.708326,2.001334,207.4,36.10,15.4,1.04,9
2025-09-19T14:47:42Z,48.708410,2.001346,208.1,39.17,10.3,1.93,9
2025-09-19T14:47:43Z,48.708490,2.001374,209.0,37.73,10.8,1.93,7
2025-09-19T14:47:44Z,48.708573,2.001413,210.1,39.21,13.7,1.93,7
2025-09-19T14:47:45Z,48.708669,2.001433,211.3,41.80,11.4,1.93,8
2025-09-19T14:47:46Z,48.708766,2.001451,212.6,42.24,9.2,1.93,8
2025-09-19T14:47:47Z,48.708860,2.001471,214.8,42.74,9.2,1.45,8
2025-09-19T14:47:48Z,48.708960,2.001499,215.9,43.60,9.9,1.93,8
2025-09-19T14:47:49Z,48.709062,2.001531,216.8,42.80,10.2,1.93,7
2025-09-19T14:47:50Z,48.709164,2.001550,218.1,42.34,8.5,1.20,8
2025-09-19T14:47:51Z,48.709258,2.001556,219.0,40.32,5.2,1.20,9
2025-09-19T14:47:52Z,48.709349,2.001589,220.4,40.02,8.4,1.20,8
2025-09-19T14:47:53Z,48.709454,2.001571,221.5,40.04,1.2,1.04,9
2025-09-19T14:47:54Z,48.709552,2.001594,222.9,41.08,4.1,1.04,9
2025-09-19T14:47:55Z,48.709668,2.001625,224.2,46.06,6.6,1.45,10
2025-09-19T14:47:56Z,48.709770,2.001665,226.5,46.41,10.5,1.45,8
2025-09-19T14:47:57Z,48.709862,2.001684,228.0,41.10,9.4,1.45,8
2025-09-19T14:47:58Z,48.709950,2.001724,229.4,38.80,13.0,1.45,8
2025-09-19T14:47:59Z,48.710045,2.001720,231.0,37.11,6.6,1.20,9
2025-09-19T14:48:00Z,48.710149,2.001738,231.7,40.80,6.3,1.20,9
2025-09-19T14:48:01Z,48.710263,2.001750,231.1,43.34,5.8,1.20,8
2025-09-19T14:48:02Z,48.710394,2.001739,228.8,46.34,2.0,1.00,8
2025-09-19T14:48:03Z,48.710516,2.001728,229.8,47.36,1.8,1.45,9
2025-09-19T14:48:04Z,48.710636,2.001727,230.9,48.04,2.6,1.45,9
2025-09-19T14:48:05Z,48.710763,2.001729,230.4,48.28,3.0,1.45,9
2025-09-19T14:48:06Z,48.710906,2.001735,226.0,49.19,2.5,1.24,9
2025-09-19T14:48:07Z,48.711048,2.001743,222.3,49.37,1.6,0.97,9
2025-09-19T14:48:08Z,48.711186,2.001732,219.9,49.93,359.7,0.97,9
2025-09-19T14:48:09Z,48.711325,2.001726,217.8,50.41,359.7,0.97,9
2025-09-19T14:48:10Z,48.711466,2.001732,215.0,50.69,0.9,0.97,10
2025-09-19T14:48:11Z,48.711596,2.001750,214.3,50.60,3.8,1.39,9
2025-09-19T14:48:12Z,48.711726,2.001752,213.4,50.15,2.0,1.24,9
2025-09-19T14:48:13Z,48.711856,2.001759,210.4,49.10,1.4,1.22,9
2025-09-19T14:48:14Z,48.711982,2.001766,207.8,47.73,1.9,1.24,9
2025-09-19T14:48:15Z,48.712105,2.001776,205.7,46.34,2.5,1.22,9
2025-09-19T14:48:16Z,48.712224,2.001786,204.1,45.61,2.8,0.94,10
2025-09-19T14:48:17Z,48.712343,2.001791,203.3,45.65,1.6,0.94,10
2025-09-19T14:48:18Z,48.712458,2.001799,201.9,44.13,2.5,1.24,10
2025-09-19T14:48:19Z,48.712565,2.001808,200.3,40.30,2.4,1.24,8
2025-09-19T14:48:20Z,48.712668,2.001816,199.0,38.76,2.3,1.22,10
2025-09-19T14:48:21Z,48.712764,2.001825,196.9,35.82,2.5,0.94,10
2025-09-19T14:48:22Z,48.712849,2.001832,195.1,31.10,2.9,0.94,10
2025-09-19T14:48:23Z,48.712924,2.001839,192.7,25.97,5.6,0.94,10
2025-09-19T14:48:24Z,48.712977,2.001854,191.1,18.28,14.5,0.94,10
2025-09-19T14:48:25Z,48.713017,2.001883,189.3,13.20,23.6,0.94,10
2025-09-19T14:48:26Z,48.713045,2.001899,188.6,10.43,20.0,0.94,10
2025-09-19T14:48:27Z,48.713065,2.001901,188.4,7.04,9.2,0.94,10
2025-09-19T14:48:28Z,48.713078,2.001906,187.6,3.82,352.3,0.94,10
2025-09-19T14:48:55Z,48.713114,2.002009,171.7,2.04,187.7,0.89,10
2025-09-19T14:48:56Z,48.713113,2.001986,171.7,7.46,255.5,0.89,10
2025-09-19T14:48:57Z,48.713097,2.001950,171.5,12.96,241.7,0.89,10
2025-09-19T14:48:58Z,48.713053,2.001917,171.3,21.04,210.0,0.81,11
2025-09-19T14:48:59Z,48.712978,2.001910,171.7,30.91,186.3,0.81,11
2025-09-19T14:49:00Z,48.712874,2.001898,171.4,43.26,181.8,0.81,11
2025-09-19T14:49:01Z,48.712756,2.001891,171.4,48.50,181.2,1.01,10
2025-09-19T14:49:02Z,48.712624,2.001882,171.3,53.50,182.0,1.01,10
2025-09-19T14:49:03Z,48.712485,2.001870,171.4,56.62,182.5,1.01,10
2025-09-19T14:49:04Z,48.712337,2.001854,171.5,59.36,183.3,1.13,10
2025-09-19T14:49:05Z,48.712183,2.001841,171.4,61.75,183.3,0.85,11
2025-09-19T14:49:06Z,48.712024,2.001832,171.6,63.71,182.1,0.81,11
2025-09-19T14:49:07Z,48.711866,2.001822,171.6,63.28,182.4,0.81,11
2025-09-19T14:49:08Z,48.711709,2.001810,171.6,63.43,182.6,0.81,11
2025-09-19T14:49:09Z,48.711553,2.001797,171.6,62.36,182.9,0.81,11
2025-09-19T14:49:10Z,48.711399,2.001784,171.6,61.50,183.1,0.81,11
2025-09-19T14:49:11Z,48.711247,2.001772,171.5,61.23,182.8,0.81,11
2025-09-19T14:49:12Z,48.711094,2.001758,171.5,61.28,183.5,1.01,10
2025-09-19T14:49:13Z,48.710940,2.001742,171.7,61.99,183.4,1.13,10
2025-09-19T14:49:14Z,48.710785,2.001728,171.8,61.95,183.2,1.23,9
2025-09-19T14:49:15Z,48.710631,2.001718,172.0,61.60,182.7,1.23,9
2025-09-19T14:49:16Z,48.710478,2.001702,172.2,61.62,183.6,1.27,10
2025-09-19T14:49:17Z,48.710325,2.001688,172.2,61.41,183.6,1.33,8
2025-09-19T14:49:18Z,48.710166,2.001672,172.4,63.26,183.6,7.02,6
2025-09-19T14:49:19Z,48.710007,2.001657,172.5,63.58,183.6,2.71,7
2025-09-19T14:49:20Z,48.709861,2.001650,172.7,61.39,183.0,1.92,8
2025-09-19T14:49:21Z,48.709694,2.001649,173.0,63.34,181.5,1.13,9
2025-09-19T14:49:22Z,48.709529,2.001627,173.1,64.34,183.5,1.13,10
2025-09-19T14:49:23Z,48.709364,2.001612,173.4,65.04,183.7,1.23,9
2025-09-19T14:49:24Z,48.709207,2.001596,173.9,64.04,184.1,1.23,9
2025-09-19T14:49:25Z,48.709054,2.001569,174.1,62.78,185.6,1.23,9
2025-09-19T14:49:26Z,48.708904,2.001553,174.4,61.25,185.1,1.23,9
2025-09-19T14:49:27Z,48.708758,2.001523,174.6,60.10,186.6,1.23,10
2025-09-19T14:49:28Z,48.708613,2.001499,174.7,59.12,186.7,1.23,9
2025-09-19T14:49:29Z,48.708472,2.001471,175.0,58.02,187.4,1.23,9
2025-09-19T14:49:30Z,48.708329,2.001459,175.1,57.65,186.1,1.23,8
2025-09-19T14:49:31Z,48.708209,2.001446,175.3,53.69,185.7,1.13,9
2025-09-19T14:49:32Z,48.708106,2.001434,175.5,48.74,185.4,1.21,10
2025-09-19T14:49:33Z,48.707993,2.001404,175.5,47.34,187.6,1.27,7
2025-09-19T14:49:34Z,48.707885,2.001351,175.3,46.21,192.4,1.23,8
2025-09-19T14:49:35Z,48.707805,2.001229,175.7,45.28,207.6,1.99,8
2025-09-19T14:49:36Z,48.707769,2.001084,176.5,41.71,227.5,0.99,9
2025-09-19T14:49:37Z,48.707771,2.000889,176.8,47.02,251.4,1.47,7
2025-09-19T14:49:38Z,48.707806,2.000763,177.7,43.32,268.9,1.08,8
2025-09-19T14:49:39Z,48.707864,2.000611,178.5,44.43,285.5,1.08,8
2025-09-19T14:49:40Z,48.707920,2.000424,180.1,47.50,291.8,1.08,8
2025-09-19T14:49:41Z,48.708011,2.000192,181.1,56.00,298.2,1.20,9
2025-09-19T14:49:42Z,48.708078,2.000005,181.6,56.21,298.4,1.47,8
2025-09-19T14:49:43Z,48.708138,1.999803,182.0,56.99,296.5,1.47,8
2025-09-19T14:49:44Z,48.708183,1.999594,182.5,56.95,292.5,1.47,8
2025-09-19T14:49:45Z,48.708257,1.999386,183.3,56.54,294.8,1.47,8
2025-09-19T14:49:46Z,48.708319,1.999197,183.9,52.82,294.8,1.47,9
2025-09-19T14:49:47Z,48.708400,1.999021,184.4,51.00,299.7,1.47,8
2025-09-19T14:49:48Z,48.708511,1.998910,185.6,46.52,315.0,1.20,9
2025-09-19T14:49:49Z,48.708609,1.998776,186.4,46.93,318.9,1.20,8
2025-09-19T14:49:50Z,48.708701,1.998637,185.5,48.24,320.9,1.20,8
2025-09-19T14:49:51Z,48.708779,1.998489,186.0,47.23,317.0,1.20,10
2025-09-19T14:49:52Z,48.708846,1.998285,186.0,53.78,307.1,1.47,8
2025-09-19T14:49:53Z,48.708922,1.998103,186.6,55.39,304.6,1.20,8
2025-09-19T14:49:54Z,48.708978,1.997924,187.1,53.95,299.4,1.47,8
2025-09-19T14:49:55Z,48.709014,1.997740,186.5,51.26,291.5,1.47,8
2025-09-19T14:49:56Z,48.709041,1.997590,186.8,44.67,287.9,1.20,8
2025-09-19T14:49:57Z,48.709071,1.997443,187.5,42.47,287.8,1.20,8
2025-09-19T14:49:58Z,48.709079,1.997286,188.1,41.56,281.4,1.20,9
2025-09-19T14:49:59Z,48.709105,1.997135,188.0,41.34,283.3,1.47,8
2025-09-19T14:50:00Z,48.709139,1.996996,188.2,40.11,287.8,1.47,8
2025-09-19T14:50:01Z,48.709223,1.996868,189.2,42.50,304.2,2.53,8
2025-09-19T14:50:02Z,48.709308,1.996782,189.9,41.69,317.1,1.35,7
2025-09-19T14:50:03Z,48.709403,1.996694,190.6,43.43,325.8,1.20,8
2025-09-19T14:50:04Z,48.709480,1.996603,191.4,41.60,327.8,1.03,9
2025-09-19T14:50:05Z,48.709567,1.996490,190.7,41.86,328.2,1.03,10
2025-09-19T14:50:06Z,48.709646,1.996369,190.4,41.48,323.4,1.20,9
2025-09-19T14:50:07Z,48.709704,1.996241,191.4,39.89,314.6,1.20,8
2025-09-19T14:50:08Z,48.709773,1.996125,191.5,40.63,313.1,1.47,8
2025-09-19T14:50:09Z,48.709830,1.996009,192.3,39.17,309.7,1.20,8
2025-09-19T14:50:10Z,48.709816,1.995829,193.4,40.04,283.2,1.59,7
2025-09-19T14:50:11Z,48.709849,1.995691,193.0,40.54,282.8,1.59,6
2025-09-19T14:50:12Z,48.709876,1.995551,192.8,40.47,282.6,1.47,7
2025-09-19T14:50:13Z,48.709900,1.995421,193.9,38.04,284.9,1.07,8
2025-09-19T14:50:14Z,48.709946,1.995322,195.4,34.74,296.0,1.03,9
2025-09-19T14:50:15Z,48.709985,1.995226,196.6,32.00,303.5,1.03,9
2025-09-19T14:50:16Z,48.710059,1.995091,197.8,38.00,309.1,1.20,9
2025-09-19T14:50:17Z,48.710144,1.994918,198.2,45.71,309.2,1.20,8
2025-09-19T14:50:18Z,48.710210,1.994760,198.1,47.43,305.7,1.20,8
2025-09-19T14:50:19Z,48.710262,1.994592,197.6,48.21,300.1,1.47,8
2025-09-19T14:50:20Z,48.710302,1.994422,197.7,46.32,294.8,1.47,8
2025-09-19T14:50:21Z,48.710315,1.994248,197.7,44.56,287.0,1.20,8
2025-09-19T14:50:22Z,48.710355,1.994115,197.4,40.52,288.8,1.07,9
2025-09-19T14:50:23Z,48.710410,1.994017,196.7,34.85,295.9,0.94,10
2025-09-19T14:50:24Z,48.710457,1.993924,197.0,31.58,304.4,0.96,10
2025-09-19T14:50:25Z,48.710537,1.993799,197.5,38.10,314.9,1.20,9
2025-09-19T14:50:26Z,48.710602,1.993630,197.5,42.82,309.0,1.20,8
2025-09-19T14:50:27Z,48.710653,1.993471,197.4,44.43,303.5,1.48,8
2025-09-19T14:50:28Z,48.710660,1.993307,196.6,41.52,286.7,1.20,8
2025-09-19T14:50:29Z,48.710681,1.993169,197.4,40.50,282.9,1.48,9
2025-09-19T14:50:30Z,48.710705,1.993020,197.3,41.74,281.6,1.48,8
2025-09-19T14:50:31Z,48.710735,1.992877,197.1,41.13,284.4,1.48,8
2025-09-19T14:50:32Z,48.710772,1.992738,198.3,40.76,289.9,1.93,8
2025-09-19T14:50:33Z,48.710840,1.992604,197.6,41.15,300.1,1.48,9
2025-09-19T14:50:34Z,48.710910,1.992481,199.7,41.48,306.9,1.20,8
2025-09-19T14:50:35Z,48.710954,1.992352,200.1,39.76,302.3,1.20,8
2025-09-19T14:50:36Z,48.710994,1.992214,199.0,37.41,296.5,1.48,9
2025-09-19T14:50:37Z,48.711026,1.992090,197.2,35.56,291.9,1.20,8
2025-09-19T14:50:38Z,48.711050,1.991964,196.2,35.28,286.4,1.48,8
2025-09-19T14:50:39Z,48.711030,1.991838,196.2,33.84,269.2,1.20,8
2025-09-19T14:50:40Z,48.711010,1.991743,198.3,29.34,260.0,1.20,8
2025-09-19T14:50:41Z,48.711031,1.991618,195.9,33.82,266.4,1.41,8
2025-09-19T14:50:42Z,48.711071,1.991499,192.5,34.02,279.0,1.48,8
2025-09-19T14:50:43Z,48.711092,1.991378,192.6,33.85,283.4,1.20,8
2025-09-19T14:50:44Z,48.711135,1.991274,193.1,31.67,302.0,1.48,8
2025-09-19T14:50:45Z,48.711167,1.991185,193.6,27.59,305.0,1.03,9
2025-09-19T14:50:46Z,48.711193,1.991089,193.1,27.76,303.3,1.20,9
2025-09-19T14:50:47Z,48.711222,1.991008,193.3,25.72,303.3,1.20,9
2025-09-19T14:50:48Z,48.711233,1.990923,193.9,23.78,296.8,1.20,8
2025-09-19T14:50:49Z,48.711216,1.990862,195.3,18.09,285.1,1.20,8
2025-09-19T14:50:50Z,48.711195,1.990783,195.2,19.65,266.1,1.20,8
2025-09-19T14:50:51Z,48.711202,1.990691,194.0,20.67,264.2,1.20,8
2025-09-19T14:50:52Z,48.711131,1.990581,188.0,34.06,228.2,1.07,9
2025-09-19T14:50:53Z,48.711062,1.990496,180.8,38.91,214.8,1.03,9
2025-09-19T14:50:54Z,48.710975,1.990415,176.3,42.73,208.2,1.03,9
2025-09-19T14:50:55Z,48.710873,1.990334,173.8,45.37,204.7,1.03,9
2025-09-19T14:50:56Z,48.710778,1.990273,170.0,46.02,203.8,1.48,9
2025-09-19T14:50:57Z,48.710672,1.990199,167.0,47.74,202.2,1.26,9
2025-09-19T14:50:58Z,48.710565,1.990145,164.3,48.74,198.2,1.26,8
2025-09-19T14:50:59Z,48.710444,1.990088,162.5,51.60,196.1,1.26,8
2025-09-19T14:51:00Z,48.710326,1.990026,160.1,51.76,195.8,1.26,8
2025-09-19T14:51:01Z,48.710209,1.989977,157.6,50.91,194.3,1.26,9
2025-09-19T14:51:02Z,48.710082,1.989935,156.1,52.34,192.1,1.26,8
2025-09-19T14:51:03Z,48.709972,1.989923,154.5,49.62,187.8,1.14,9
2025-09-19T14:51:04Z,48.709870,1.989947,153.7,46.74,180.0,1.41,8
2025-09-19T14:51:05Z,48.709766,1.989957,153.5,45.11,178.3,1.41,7
2025-09-19T14:51:06Z,48.709700,1.989949,153.2,38.52,180.2,1.13,9
2025-09-19T14:51:07Z,48.709593,1.989921,151.6,39.91,182.6,1.13,9
2025-09-19T14:51:08Z,48.709514,1.989892,150.5,38.21,183.6,2.01,10
2025-09-19T14:51:09Z,48.709439,1.989867,149.1,35.61,186.5,1.40,8
2025-09-19T14:51:10Z,48.709379,1.989853,147.2,30.60,183.6,1.13,9
2025-09-19T14:51:11Z,48.709328,1.989829,146.0,26.00,184.5,1.13,10
2025-09-19T14:51:12Z,48.709292,1.989794,145.3,21.89,189.7,1.13,9
2025-09-19T14:51:13Z,48.709271,1.989778,143.2,15.17,192.1,1.13,9
2025-09-19T14:51:14Z,48.709251,1.989753,143.5,12.00,198.0,0.93,10
2025-09-19T14:51:15Z,48.709231,1.989726,143.7,11.02,209.9,0.93,10
2025-09-19T14:51:16Z,48.709200,1.989689,143.7,14.41,215.4,0.93,10
2025-09-19T14:51:17Z,48.709172,1.989661,144.9,13.65,212.6,0.93,10
2025-09-19T14:51:18Z,48.709156,1.989647,145.2,8.26,207.5,0.93,10
2025-09-19T14:51:19Z,48.709142,1.989646,144.1,6.95,179.1,0.93,10
2025-09-19T14:51:20Z,48.709141,1.989643,142.0,5.74,164.9,0.93,10
2025-09-19T14:51:21Z,48.709132,1.989630,139.5,4.41,153.5,0.93,10
2025-09-19T14:51:22Z,48.709124,1.989626,138.3,2.13,153.5,0.93,10
2025-09-19T14:57:50Z,48.709086,1.989409,106.8,3.87,149.6,0.92,10
2025-09-19T14:57:51Z,48.709069,1.989419,107.7,8.54,156.5,0.92,10
2025-09-19T14:57:52Z,48.709062,1.989441,108.0,6.65,140.5,0.92,10
2025-09-19T14:57:53Z,48.709057,1.989451,108.5,2.26,140.5,0.92,10
2025-09-19T14:57:58Z,48.709038,1.989456,107.5,2.31,127.5,0.92,10
2025-09-19T14:57:59Z,48.709035,1.989477,107.6,7.17,102.0,0.92,10
2025-09-19T14:58:00Z,48.709031,1.989499,107.6,8.78,70.8,0.92,10
2025-09-19T14:58:01Z,48.709043,1.989515,108.2,13.67,41.2,0.92,10
2025-09-19T14:58:02Z,48.709074,1.989522,108.7,18.74,18.2,0.92,10
2025-09-19T14:58:03Z,48.709119,1.989529,109.4,22.74,8.9,0.92,10
2025-09-19T14:58:04Z,48.709168,1.989530,111.1,24.91,7.3,0.92,10
2025-09-19T14:58:05Z,48.709226,1.989537,112.9,27.21,7.8,0.92,10
2025-09-19T14:58:06Z,48.709287,1.989523,113.8,28.45,358.8,1.02,10
2025-09-19T14:58:07Z,48.709359,1.989515,115.0,29.93,356.7,1.02,9
2025-09-19T14:58:08Z,48.709430,1.989518,117.4,30.34,2.0,1.04,9
2025-09-19T14:58:09Z,48.709498,1.989520,120.2,30.08,3.1,0.92,10
2025-09-19T14:58:10Z,48.709570,1.989525,123.5,31.82,2.4,0.96,10
2025-09-19T14:58:11Z,48.709649,1.989536,126.1,33.95,3.4,1.24,8
2025-09-19T14:58:12Z,48.709733,1.989549,128.2,35.63,5.7,1.22,8
2025-09-19T14:58:13Z,48.709820,1.989557,130.5,33.98,3.4,0.96,9
2025-09-19T14:58:14Z,48.709902,1.989567,132.2,31.72,2.0,1.95,8
2025-09-19T14:58:15Z,48.709988,1.989602,133.8,35.58,12.8,1.41,8
2025-09-19T14:58:16Z,48.710073,1.989648,135.7,37.60,17.7,1.41,8
2025-09-19T14:58:17Z,48.710155,1.989697,138.0,36.85,18.8,1.41,8
2025-09-19T14:58:18Z,48.710258,1.989720,141.4,40.21,13.7,0.92,10
2025-09-19T14:58:19Z,48.710363,1.989771,142.7,42.32,16.4,1.02,10
2025-09-19T14:58:20Z,48.710485,1.989861,139.9,43.91,19.5,1.22,9
2025-09-19T14:58:21Z,48.710595,1.989931,137.9,41.61,23.1,1.22,8
2025-09-19T14:58:22Z,48.710700,1.990012,135.9,40.97,24.5,1.22,8
2025-09-19T14:58:23Z,48.710805,1.990094,134.0,40.84,27.0,1.22,8
2025-09-19T14:58:24Z,48.710910,1.990169,132.4,41.17,28.8,0.96,9
2025-09-19T14:58:25Z,48.711008,1.990240,130.5,40.23,31.4,1.22,10
2025-09-19T14:58:26Z,48.711098,1.990312,128.6,35.60,35.2,1.02,10
2025-09-19T14:58:27Z,48.711156,1.990382,129.4,29.50,46.3,1.02,9
2025-09-19T14:58:28Z,48.711202,1.990474,130.0,30.47,56.8,1.02,9
2025-09-19T14:58:29Z,48.711229,1.990600,128.8,33.65,80.0,1.02,9
2025-09-19T14:58:30Z,48.711224,1.990703,131.7,28.74,92.3,0.92,10
2025-09-19T14:58:31Z,48.711193,1.990814,135.3,34.52,110.7,0.92,10
2025-09-19T14:58:32Z,48.711159,1.990932,141.2,35.35,105.7,0.92,10
2025-09-19T14:58:33Z,48.711165,1.991079,144.1,36.26,89.7,0.92,10
2025-09-19T14:58:34Z,48.711173,1.991263,140.9,42.54,96.9,0.92,10
2025-09-19T14:58:35Z,48.711189,1.991448,141.3,47.78,83.1,0.92,10
2025-09-19T14:58:36Z,48.711208,1.991633,145.2,51.02,77.5,0.92,10
2025-09-19T14:58:37Z,48.711220,1.991816,147.6,49.06,83.8,0.92,10
2025-09-19T14:58:38Z,48.711210,1.992004,150.5,50.00,93.7,1.22,10
2025-09-19T14:58:39Z,48.711181,1.992155,155.2,40.73,102.8,1.22,9
2025-09-19T14:58:40Z,48.711189,1.992347,159.0,50.65,87.0,1.22,9
2025-09-19T14:58:41Z,48.711183,1.992564,161.3,56.75,92.8,1.35,9
2025-09-19T14:58:42Z,48.711185,1.992783,161.2,57.52,91.5,1.40,9
2025-09-19T14:58:43Z,48.711155,1.993038,158.8,60.69,101.2,1.76,9
2025-09-19T14:58:44Z,48.711084,1.993256,157.2,60.47,106.2,1.22,9
2025-09-19T14:58:45Z,48.710980,1.993423,157.6,55.75,119.2,1.40,8
2025-09-19T14:58:46Z,48.710876,1.993566,158.9,51.97,136.2,1.22,9
2025-09-19T14:58:47Z,48.710792,1.993664,160.0,40.65,142.6,1.22,9
2025-09-19T14:58:48Z,48.710728,1.993739,163.5,29.82,134.9,0.92,10
2025-09-19T14:58:49Z,48.710687,1.993828,164.2,28.54,123.3,0.92,10
2025-09-19T14:58:50Z,48.710685,1.994016,158.5,40.19,97.3,0.92,10
2025-09-19T14:58:51Z,48.710694,1.994154,161.7,42.00,82.9,0.92,10
2025-09-19T14:58:52Z,48.710660,1.994383,157.8,54.49,95.0,1.22,10
2025-09-19T14:58:53Z,48.710637,1.994595,156.2,51.52,98.3,1.22,9
2025-09-19T14:58:54Z,48.710553,1.994746,158.3,50.02,121.3,0.92,10
2025-09-19T14:58:55Z,48.710457,1.994901,159.4,54.00,131.2,1.40,10
2025-09-19T14:58:56Z,48.710330,1.995023,161.3,54.56,144.0,1.40,8
2025-09-19T14:58:57Z,48.710243,1.995166,161.9,49.34,135.7,1.77,7
2025-09-19T14:58:58Z,48.710186,1.995343,161.8,49.26,120.9,1.77,7
2025-09-19T14:58:59Z,48.710188,1.995574,164.9,57.43,95.3,1.02,9
2025-09-19T14:59:00Z,48.710189,1.995786,164.9,53.89,85.1,1.41,10
2025-09-19T14:59:01Z,48.710186,1.995977,165.4,49.24,83.5,1.22,9
2025-09-19T14:59:02Z,48.710173,1.996118,168.2,37.89,84.0,1.22,9
2025-09-19T14:59:03Z,48.710167,1.996244,171.0,35.35,86.5,1.22,9
2025-09-19T14:59:04Z,48.710144,1.996357,176.8,34.21,92.2,1.40,8
2025-09-19T14:59:05Z,48.710137,1.996494,179.2,35.08,91.8,1.60,7
2025-09-19T14:59:06Z,48.710069,1.996611,185.5,36.61,104.7,0.92,10
2025-09-19T14:59:07Z,48.710009,1.996781,184.7,42.10,110.5,1.12,9
2025-09-19T14:59:08Z,48.709924,1.996894,186.7,40.13,118.5,1.12,10
2025-09-19T14:59:09Z,48.709913,1.997106,185.2,46.32,107.0,1.12,9
2025-09-19T14:59:10Z,48.709904,1.997370,179.4,57.97,100.1,1.12,9
2025-09-19T14:59:11Z,48.709815,1.997607,183.9,69.93,103.0,1.28,9
2025-09-19T14:59:12Z,48.709744,1.997853,186.2,70.93,101.2,0.92,10
2025-09-19T14:59:13Z,48.709653,1.998082,186.2,64.88,106.3,1.40,10
2025-09-19T14:59:14Z,48.709572,1.998288,186.7,58.47,107.2,1.40,8
2025-09-19T14:59:15Z,48.709487,1.998459,183.6,50.69,114.1,1.40,8
2025-09-19T14:59:16Z,48.709390,1.998561,186.1,40.45,121.5,1.40,8
2025-09-19T14:59:17Z,48.709330,1.998655,189.7,33.52,119.0,1.22,9
2025-09-19T14:59:18Z,48.709265,1.998749,191.2,32.00,122.4,1.02,10
2025-09-19T14:59:19Z,48.709175,1.998858,191.6,37.48,129.9,1.53,9
2025-09-19T14:59:20Z,48.709100,1.998997,191.0,42.60,126.7,1.53,8
2025-09-19T14:59:21Z,48.709035,1.999181,192.5,52.93,118.1,1.40,8
2025-09-19T14:59:22Z,48.708969,1.999424,191.6,67.23,112.1,1.77,8
2025-09-19T14:59:23Z,48.708892,1.999658,192.1,69.65,111.5,1.77,8
2025-09-19T14:59:24Z,48.708811,1.999891,192.9,69.60,111.7,1.67,9
2025-09-19T14:59:25Z,48.708719,2.000108,194.8,68.01,113.4,1.67,7
2025-09-19T14:59:26Z,48.708593,2.000285,195.9,65.02,118.8,1.67,7
2025-09-19T14:59:27Z,48.708477,2.000474,195.5,62.88,120.6,1.67,8
2025-09-19T14:59:28Z,48.708393,2.000675,195.5,60.43,120.8,1.77,9
2025-09-19T14:59:29Z,48.708323,2.000862,195.1,55.45,119.1,1.77,8
2025-09-19T14:59:30Z,48.708288,2.001044,192.8,46.56,110.9,1.40,8
2025-09-19T14:59:31Z,48.708229,2.001173,194.9,42.97,109.6,1.12,9
2025-09-19T14:59:32Z,48.708201,2.001306,193.3,39.63,104.2,1.78,10
2025-09-19T14:59:33Z,48.708170,2.001418,192.9,36.10,101.1,1.78,7
2025-09-19T14:59:34Z,48.708219,2.001515,193.4,31.19,77.8,1.69,9
2025-09-19T14:59:35Z,48.708235,2.001631,194.8,31.52,77.2,3.42,7
2025-09-19T14:59:36Z,48.708374,2.001736,196.8,48.52,45.6,1.94,7
2025-09-19T14:59:37Z,48.708433,2.001759,201.2,47.67,33.4,1.41,8
2025-09-19T14:59:38Z,48.708502,2.001809,203.0,47.54,28.5,1.41,8
2025-09-19T14:59:39Z,48.708582,2.001890,205.0,48.06,29.3,1.41,8
2025-09-19T14:59:40Z,48.708679,2.001970,207.9,50.02,28.6,1.22,10
2025-09-19T14:59:41Z,48.708762,2.002039,212.1,51.62,28.7,1.41,9
2025-09-19T14:59:42Z,48.708852,2.002108,214.7,50.10,27.9,1.49,8
2025-09-19T14:59:43Z,48.708957,2.002123,216.5,45.24,21.1,1.41,8
2025-09-19T14:59:44Z,48.709029,2.002098,222.5,39.17,15.0,1.02,9
2025-09-19T14:59:45Z,48.709066,2.002059,228.8,30.19,6.8,1.02,10
2025-09-19T14:59:46Z,48.709118,2.002036,233.5,26.41,5.7,1.02,9
2025-09-19T14:59:47Z,48.709158,2.002029,237.0,20.96,6.5,1.02,9
2025-09-19T14:59:48Z,48.709192,2.002028,238.7,13.95,6.5,0.92,10
2025-09-19T14:59:49Z,48.709231,2.002006,238.8,9.74,2.7,0.92,10
2025-09-19T14:59:50Z,48.709259,2.001993,237.9,6.17,346.4,0.92,10
2025-09-19T14:59:51Z,48.709276,2.002011,236.0,2.31,337.2,0.96,9
2025-09-19T14:59:52Z,48.709297,2.002009,232.8,3.20,276.8,0.96,9
2025-09-19T14:59:53Z,48.709325,2.001982,231.1,2.11,243.2,0.96,9
2025-09-19T15:00:24Z,48.709516,2.001688,197.2,2.31,169.1,0.92,10
2025-09-19T15:00:25Z,48.709508,2.001699,197.2,5.67,141.4,0.92,10
2025-09-19T15:00:26Z,48.709495,2.001717,197.3,7.37,137.1,0.92,10
2025-09-19T15:00:27Z,48.709474,2.001721,197.8,7.43,154.0,0.92,10
2025-09-19T15:00:28Z,48.709452,2.001738,198.3,9.32,153.9,0.92,10
2025-09-19T15:00:29Z,48.709427,2.001774,198.9,12.08,145.8,1.22,10
2025-09-19T15:00:30Z,48.709396,2.001816,199.0,14.80,140.2,1.40,9
2025-09-19T15:00:31Z,48.709333,2.001826,199.2,18.02,150.8,1.40,10
2025-09-19T15:00:32Z,48.709253,2.001819,199.3,22.48,164.1,1.40,8
2025-09-19T15:00:33Z,48.709189,2.001810,200.1,23.61,171.5,1.79,8
2025-09-19T15:00:34Z,48.709099,2.001808,200.7,27.91,174.7,1.55,8
2025-09-19T15:00:35Z,48.708986,2.001813,201.5,33.65,174.7,1.55,8
2025-09-19T15:00:36Z,48.708896,2.001854,202.2,34.76,166.9,1.11,9
2025-09-19T15:00:37Z,48.708742,2.001842,202.5,40.60,173.7,0.92,10
2025-09-19T15:00:38Z,48.708619,2.001884,203.3,42.45,168.1,1.11,10
2025-09-19T15:00:39Z,48.708521,2.001883,204.3,40.26,172.9,1.55,9
2025-09-19T15:00:40Z,48.708412,2.001844,205.2,40.50,182.6,1.55,8
2025-09-19T15:00:41Z,48.708287,2.001736,205.5,44.47,198.1,1.73,8
2025-09-19T15:00:42Z,48.708224,2.001577,208.4,44.91,220.4,1.02,9
2025-09-19T15:00:43Z,48.708244,2.001376,209.4,49.36,251.2,1.12,9
2025-09-19T15:00:44Z,48.708279,2.001196,208.6,50.45,271.4,0.97,9
2025-09-19T15:00:45Z,48.708273,2.001024,209.8,47.17,277.5,0.97,9
2025-09-19T15:00:46Z,48.708279,2.000835,210.5,47.97,284.1,0.97,9
2025-09-19T15:00:47Z,48.708326,2.000544,211.3,62.63,292.6,0.97,9
2025-09-19T15:00:48Z,48.708377,2.000321,212.4,63.38,297.3,1.02,9
2025-09-19T15:00:49Z,48.708402,2.000073,211.8,65.06,294.3,1.63,9
2025-09-19T15:00:50Z,48.708423,1.999825,211.8,64.86,291.5,1.63,7
2025-09-19T15:00:51Z,48.708438,1.999606,212.2,60.78,288.3,1.63,7
2025-09-19T15:00:52Z,48.708464,1.999405,212.8,52.36,287.3,1.63,7
2025-09-19T15:00:53Z,48.708504,1.999224,213.8,47.13,290.9,1.03,9
2025-09-19T15:00:54Z,48.708567,1.999073,214.2,45.61,303.9,1.03,9
2025-09-19T15:00:55Z,48.708631,1.998953,213.8,40.80,312.4,1.03,8
2025-09-19T15:00:56Z,48.708702,1.998829,214.2,44.15,321.0,0.96,9
2025-09-19T15:00:57Z,48.708756,1.998659,214.9,48.56,316.1,0.96,9
2025-09-19T15:00:58Z,48.708840,1.998493,216.2,52.97,314.0,1.02,10
2025-09-19T15:00:59Z,48.708934,1.998237,216.2,68.60,308.5,1.23,9
2025-09-19T15:01:00Z,48.709018,1.998013,216.5,68.82,304.8,1.23,8
2025-09-19T15:01:01Z,48.709098,1.997797,217.1,65.63,302.5,1.45,8
2025-09-19T15:01:02Z,48.709156,1.997569,218.1,64.73,297.0,1.71,7
2025-09-19T15:01:03Z,48.709204,1.997347,218.5,62.45,292.9,1.71,6
2025-09-19T15:01:04Z,48.709251,1.997154,218.0,54.93,292.0,1.21,7
2025-09-19T15:01:05Z,48.709335,1.996984,217.5,54.21,299.1,1.03,8
2025-09-19T15:01:06Z,48.709461,1.996863,218.8,53.37,313.4,1.03,8
2025-09-19T15:01:07Z,48.709585,1.996764,219.4,54.60,327.3,1.23,9
2025-09-19T15:01:08Z,48.709690,1.996656,219.7,54.02,330.6,1.23,8
2025-09-19T15:01:09Z,48.709785,1.996503,219.9,55.15,324.5,1.23,9
2025-09-19T15:01:10Z,48.709840,1.996335,220.2,52.43,315.3,1.64,8
2025-09-19T15:01:11Z,48.709882,1.996170,220.6,50.13,307.7,1.64,8
2025-09-19T15:01:12Z,48.709890,1.995953,221.4,51.13,294.5,1.64,7
2025-09-19T15:01:13Z,48.709871,1.995742,222.4,53.02,280.6,1.64,7
2025-09-19T15:01:14Z,48.709905,1.995563,222.7,50.67,284.2,1.23,9
2025-09-19T15:01:15Z,48.709957,1.995382,222.8,51.23,290.2,1.64,9
2025-09-19T15:01:16Z,48.710056,1.995236,221.9,50.69,302.9,1.03,8
2025-09-19T15:01:17Z,48.710145,1.995078,220.8,52.49,308.2,1.03,8
2025-09-19T15:01:18Z,48.710217,1.994871,221.4,55.80,306.8,1.23,8
2025-09-19T15:01:19Z,48.710292,1.994644,221.0,61.32,302.1,1.64,9
2025-09-19T15:01:20Z,48.710339,1.994417,220.5,61.80,296.4,1.64,7
2025-09-19T15:01:21Z,48.710375,1.994204,218.5,59.76,291.1,1.64,7
2025-09-19T15:01:22Z,48.710429,1.994003,217.3,57.58,293.4,1.23,8
2025-09-19T15:01:23Z,48.710511,1.993809,217.0,59.49,300.1,1.64,8
2025-09-19T15:01:24Z,48.710585,1.993603,216.2,60.41,302.9,1.02,9
2025-09-19T15:01:25Z,48.710653,1.993413,215.6,58.43,301.8,1.23,9
2025-09-19T15:01:26Z,48.710653,1.993169,214.6,59.62,291.2,1.95,8
2025-09-19T15:01:27Z,48.710681,1.992970,215.6,56.86,287.9,1.95,8
2025-09-19T15:01:28Z,48.710732,1.992808,215.4,53.00,290.0,1.23,8
2025-09-19T15:01:29Z,48.710785,1.992633,215.3,50.91,292.0,1.39,9
2025-09-19T15:01:30Z,48.710856,1.992447,214.4,53.93,296.5,1.03,8
2025-09-19T15:01:31Z,48.710931,1.992271,214.2,55.32,300.0,1.65,8
2025-09-19T15:01:32Z,48.710975,1.992078,213.3,55.12,295.1,1.65,8
2025-09-19T15:01:33Z,48.710980,1.991870,211.8,55.28,283.6,1.65,8
2025-09-19T15:01:34Z,48.710937,1.991677,207.1,55.99,266.7,1.65,7
2025-09-19T15:01:35Z,48.710892,1.991503,205.7,53.58,258.7,1.65,7
2025-09-19T15:01:36Z,48.710926,1.991316,201.5,51.12,270.4,1.65,7
2025-09-19T15:01:37Z,48.710951,1.991134,200.8,49.91,277.4,1.65,7
2025-09-19T15:01:38Z,48.711010,1.990975,201.0,46.50,291.3,1.23,9
2025-09-19T15:01:39Z,48.711048,1.990832,200.0,42.11,291.3,1.23,8
2025-09-19T15:01:40Z,48.711076,1.990691,199.3,41.24,286.4,1.65,8
2025-09-19T15:01:41Z,48.711072,1.990543,199.7,41.10,275.8,1.65,7
2025-09-19T15:01:42Z,48.710985,1.990365,197.7,46.84,247.2,1.23,8
2025-09-19T15:01:43Z,48.710900,1.990263,187.2,52.32,227.7,1.65,9
2025-09-19T15:01:44Z,48.710789,1.990223,181.1,55.37,210.8,1.65,7
2025-09-19T15:01:45Z,48.710693,1.990148,174.4,57.86,206.4,1.03,8
2025-09-19T15:01:46Z,48.710573,1.990075,167.0,63.51,201.7,1.21,7
2025-09-19T15:01:47Z,48.710442,1.990008,161.3,65.01,198.5,1.12,8
2025-09-19T15:01:48Z,48.710291,1.989936,156.3,67.99,196.4,1.12,8
2025-09-19T15:01:49Z,48.710128,1.989864,154.1,70.43,194.3,1.12,8
2025-09-19T15:01:50Z,48.709964,1.989800,152.5,70.38,193.5,4.17,10
2025-09-19T15:01:51Z,48.709795,1.989778,150.4,70.04,188.3,4.17,6
2025-09-19T15:01:52Z,48.709638,1.989752,147.5,69.23,187.0,4.18,6
2025-09-19T15:01:53Z,48.709494,1.989716,147.3,64.88,188.2,1.21,7
2025-09-19T15:01:54Z,48.709336,1.989728,147.0,64.80,182.1,1.11,9
2025-09-19T15:01:55Z,48.709185,1.989692,145.4,64.28,184.7,1.58,8
2025-09-19T15:01:56Z,48.709047,1.989648,143.3,62.99,186.7,1.58,7
2025-09-19T15:01:57Z,48.708925,1.989605,141.1,60.62,187.5,1.57,9
2025-09-19T15:01:58Z,48.708810,1.989580,139.4,57.41,185.5,1.12,9
2025-09-19T15:01:59Z,48.708680,1.989553,139.8,55.65,185.3,1.12,8
2025-09-19T15:02:00Z,48.708562,1.989528,137.2,54.47,187.2,1.12,8
2025-09-19T15:02:01Z,48.708438,1.989502,136.0,53.17,187.4,1.21,8
2025-09-19T15:02:02Z,48.708319,1.989473,134.6,51.02,187.4,1.21,7
2025-09-19T15:02:03Z,48.708218,1.989451,133.4,45.99,186.0,1.17,8
2025-09-19T15:02:04Z,48.708126,1.989433,131.7,42.56,184.2,1.11,9
2025-09-19T15:02:05Z,48.708024,1.989419,131.8,42.48,183.5,1.11,9
2025-09-19T15:02:06Z,48.707928,1.989397,132.1,40.86,186.4,1.11,9
2025-09-19T15:02:07Z,48.707824,1.989373,132.5,42.19,186.9,1.17,9
2025-09-19T15:02:08Z,48.707725,1.989354,131.7,42.71,186.9,1.17,8
2025-09-19T15:02:09Z,48.707624,1.989332,131.6,44.21,187.3,1.17,8
2025-09-19T15:02:10Z,48.707519,1.989307,132.0,42.91,187.8,1.17,8
2025-09-19T15:02:11Z,48.707424,1.989286,131.6,40.26,188.2,1.17,8
2025-09-19T15:02:12Z,48.707342,1.989270,130.6,35.97,188.1,1.12,8
2025-09-19T15:02:13Z,48.707265,1.989251,129.3,32.69,188.6,0.96,10
2025-09-19T15:02:14Z,48.707197,1.989240,129.3,28.43,186.5,0.92,10
2025-09-19T15:02:15Z,48.707141,1.989224,128.5,23.24,187.3,0.96,10
2025-09-19T15:02:16Z,48.707097,1.989213,127.1,18.95,186.5,0.96,9
2025-09-19T15:02:17Z,48.707066,1.989203,126.5,13.26,187.7,0.96,9
2025-09-19T15:02:18Z,48.707045,1.989195,125.6,9.67,188.6,0.96,9
2025-09-19T15:02:19Z,48.707026,1.989186,125.3,7.82,189.2,0.96,9
2025-09-19T15:02:20Z,48.707012,1.989181,125.2,6.06,188.5,0.92,10
2025-09-19T15:02:21Z,48.706997,1.989174,124.5,6.39,190.7,0.92,10
2025-09-19T15:02:22Z,48.706971,1.989165,123.8,10.48,193.4,0.92,10
2025-09-19T15:02:23Z,48.706944,1.989172,129.5,10.85,183.9,0.92,10
2025-09-19T15:02:24Z,48.706904,1.989139,130.8,20.76,206.9,0.96,9
2025-09-19T15:02:25Z,48.706861,1.989081,131.4,24.85,220.0,0.96,9
2025-09-19T15:02:26Z,48.706828,1.989009,131.0,23.32,230.8,1.12,8
2025-09-19T15:02:27Z,48.706803,1.988939,130.7,21.06,236.7,1.12,8
2025-09-19T15:02:28Z,48.706783,1.988871,130.0,18.96,241.3,0.96,9
2025-09-19T15:02:29Z,48.706766,1.988815,129.5,15.58,242.1,0.96,9
2025-09-19T15:02:30Z,48.706754,1.988765,129.6,13.72,243.8,0.96,9
2025-09-19T15:02:31Z,48.706738,1.988716,128.9,13.96,241.5,0.96,9
2025-09-19T15:02:32Z,48.706722,1.988667,128.3,13.96,241.3,0.96,9
2025-09-19T15:02:33Z,48.706709,1.988619,128.0,13.58,244.1,0.96,9
2025-09-19T15:02:34Z,48.706696,1.988571,127.7,13.63,245.1,0.96,9
2025-09-19T15:02:35Z,48.706684,1.988525,127.4,12.20,246.6,0.96,9
2025-09-19T15:02:36Z,48.706673,1.988485,126.9,10.22,246.5,0.96,9
2025-09-19T15:02:37Z,48.706665,1.988457,126.4,6.59,246.4,0.96,9
2025-09-19T15:02:38Z,48.706660,1.988437,125.7,4.44,245.7,0.96,9
2025-09-19T15:02:39Z,48.706656,1.988421,125.3,3.67,244.4,0.96,9
2025-09-19T15:02:40Z,48.706653,1.988409,124.9,2.85,246.0,0.96,9
2025-09-19T15:02:47Z,48.706652,1.988367,122.2,6.07,247.7,0.96,9
2025-09-19T15:02:48Z,48.706636,1.988328,121.9,12.93,242.5,0.96,9
2025-09-19T15:02:49Z,48.706622,1.988285,121.7,12.33,242.4,0.96,9
2025-09-19T15:02:50Z,48.706606,1.988248,121.6,11.07,239.9,0.96,9
2025-09-19T15:02:51Z,48.706593,1.988214,121.6,9.93,238.8,0.96,9
2025-09-19T15:02:52Z,48.706579,1.988182,121.1,9.13,237.7,0.96,9
2025-09-19T15:02:53Z,48.706568,1.988153,120.9,8.13,237.9,0.96,9
2025-09-19T15:02:54Z,48.706558,1.988129,120.6,6.95,236.7,0.96,9
2025-09-19T15:02:55Z,48.706548,1.988109,120.3,6.07,235.9,0.96,9
2025-09-19T15:02:56Z,48.706541,1.988093,120.0,4.65,233.7,0.96,9
2025-09-19T15:03:01Z,48.706534,1.988064,118.7,4.94,235.9,1.12,8
2025-09-19T15:03:02Z,48.706522,1.988032,118.7,10.87,240.0,1.12,8
2025-09-19T15:03:03Z,48.706501,1.987980,118.2,16.33,240.6,0.96,9
2025-09-19T15:03:04Z,48.706475,1.987915,117.8,20.43,240.4,0.96,9
2025-09-19T15:03:05Z,48.706443,1.987837,117.5,25.06,238.5,0.96,9
2025-09-19T15:03:06Z,48.706401,1.987747,116.8,29.52,235.9,0.96,9
2025-09-19T15:03:07Z,48.706355,1.987650,116.6,32.35,234.3,1.12,8
2025-09-19T15:03:08Z,48.706300,1.987553,116.3,33.41,229.7,0.96,9
2025-09-19T15:03:09Z,48.706244,1.987459,115.8,32.97,228.1,1.04,8
2025-09-19T15:03:10Z,48.706188,1.987367,115.5,32.50,227.5,1.04,8
2025-09-19T15:03:11Z,48.706137,1.987279,115.2,30.28,228.5,1.04,8
2025-09-19T15:03:12Z,48.706088,1.987198,114.8,28.34,227.7,1.04,8
2025-09-19T15:03:13Z,48.706040,1.987126,114.3,26.04,225.4,0.96,9
2025-09-19T15:03:14Z,48.705997,1.987055,113.8,25.04,226.6,0.96,9
2025-09-19T15:03:15Z,48.705955,1.986984,113.5,25.28,227.2,0.96,9
2025-09-19T15:03:16Z,48.705912,1.986912,112.2,25.39,226.1,0.96,9
2025-09-19T15:03:17Z,48.705871,1.986841,111.4,24.32,227.4,0.96,9
2025-09-19T15:03:18Z,48.705832,1.986770,110.8,23.82,228.6,0.96,9
2025-09-19T15:03:19Z,48.705791,1.986699,110.4,25.15,227.9,0.96,9
2025-09-19T15:03:20Z,48.705747,1.986627,110.4,26.61,225.9,1.12,8
2025-09-19T15:03:21Z,48.705697,1.986554,110.5,28.71,221.8,1.12,8
2025-09-19T15:03:22Z,48.705641,1.986481,110.7,29.72,219.2,1.12,8
2025-09-19T15:03:23Z,48.705584,1.986413,110.8,29.61,215.9,1.20,7
2025-09-19T15:03:24Z,48.705524,1.986353,111.2,28.91,211.3,1.20,7
2025-09-19T15:03:25Z,48.705469,1.986299,112.3,27.09,210.8,1.20,8
2025-09-19T15:03:26Z,48.705396,1.986248,112.9,32.11,203.0,1.20,7
2025-09-19T15:03:27Z,48.705317,1.986200,112.8,33.15,201.2,1.20,8
2025-09-19T15:03:28Z,48.705241,1.986150,112.1,32.11,202.8,1.20,7
2025-09-19T15:03:29Z,48.705165,1.986104,111.5,31.74,200.9,1.20,7
2025-09-19T15:03:30Z,48.705091,1.986055,111.4,32.60,204.5,1.12,8
2025-09-19T15:03:31Z,48.705017,1.985998,111.1,33.02,207.3,1.12,8
2025-09-19T15:03:32Z,48.704946,1.985938,111.0,32.37,209.1,1.12,8
2025-09-19T15:03:33Z,48.704876,1.985877,111.1,32.50,210.3,1.62,8
2025-09-19T15:03:34Z,48.704806,1.985811,110.9,33.61,212.0,4.45,7
2025-09-19T15:03:35Z,48.704738,1.985732,110.6,35.15,220.0,1.20,7
2025-09-19T15:03:36Z,48.704678,1.985636,110.8,36.10,229.3,4.46,7
2025-09-19T15:03:37Z,48.704628,1.985514,110.0,39.13,240.2,4.46,6
2025-09-19T15:03:38Z,48.704575,1.985377,109.7,43.15,239.4,1.20,7
2025-09-19T15:03:39Z,48.704512,1.985234,108.1,45.10,235.9,1.20,7
2025-09-19T15:03:40Z,48.704442,1.985090,106.5,45.24,234.2,1.12,8
2025-09-19T15:03:41Z,48.704370,1.984956,105.7,45.19,230.6,1.20,7
2025-09-19T15:03:42Z,48.704293,1.984827,104.9,45.67,227.7,1.20,7
2025-09-19T15:03:43Z,48.704209,1.984716,104.6,44.73,219.9,1.20,8
2025-09-19T15:03:44Z,48.704119,1.984622,104.9,44.50,213.2,4.48,7
2025-09-19T15:03:45Z,48.704034,1.984539,104.8,39.24,209.8,4.48,6
2025-09-19T15:03:46Z,48.703955,1.984472,104.4,35.32,207.2,4.49,6
2025-09-19T15:03:47Z,48.703880,1.984414,103.9,32.34,207.1,1.04,9
2025-09-19T15:03:48Z,48.703815,1.984362,104.3,28.97,208.1,0.96,9
2025-09-19T15:03:49Z,48.703757,1.984315,104.4,26.11,207.3,1.12,8
2025-09-19T15:03:50Z,48.703708,1.984275,105.2,22.84,208.0,1.12,8
2025-09-19T15:03:51Z,48.703662,1.984231,105.8,22.48,210.1,1.62,8
2025-09-19T15:03:52Z,48.703614,1.984186,106.1,21.28,211.8,4.50,8
2025-09-19T15:03:53Z,48.703564,1.984142,106.4,22.50,211.3,4.51,6
2025-09-19T15:03:54Z,48.703510,1.984093,106.8,25.43,212.0,1.20,7
2025-09-19T15:03:55Z,48.703456,1.984037,108.5,28.69,215.6,1.20,7
2025-09-19T15:03:56Z,48.703382,1.983958,107.7,35.58,216.2,1.20,7
2025-09-19T15:03:57Z,48.703303,1.983859,106.8,40.63,219.8,1.20,7
2025-09-19T15:03:58Z,48.703220,1.983746,106.8,45.36,223.1,1.20,7
2025-09-19T15:03:59Z,48.703140,1.983626,107.0,44.67,225.9,1.20,7
2025-09-19T15:04:00Z,48.703059,1.983505,107.2,45.86,225.1,1.20,7
2025-09-19T15:04:01Z,48.702974,1.983379,107.2,47.13,224.8,1.20,7
2025-09-19T15:04:02Z,48.702886,1.983239,106.6,50.23,227.4,1.20,7
2025-09-19T15:04:03Z,48.702798,1.983094,106.5,52.43,227.5,1.77,6
2025-09-19T15:04:04Z,48.702707,1.982941,106.4,54.12,228.1,1.20,7
2025-09-19T15:04:05Z,48.702616,1.982783,106.0,55.04,228.7,1.12,8
2025-09-19T15:04:06Z,48.702520,1.982626,105.8,56.25,226.4,1.12,8
2025-09-19T15:04:07Z,48.702423,1.982467,105.3,56.67,227.9,1.20,7
2025-09-19T15:04:08Z,48.702327,1.982306,105.0,56.67,227.9,1.20,7
2025-09-19T15:04:09Z,48.702233,1.982151,105.0,55.43,227.2,1.20,7
2025-09-19T15:04:10Z,48.702142,1.982004,105.0,52.60,227.2,1.20,7
2025-09-19T15:04:11Z,48.702053,1.981858,104.9,52.00,227.1,1.78,7
2025-09-19T15:04:12Z,48.701958,1.981721,104.3,52.00,223.1,1.20,7
2025-09-19T15:04:13Z,48.701858,1.981597,103.8,52.00,218.5,1.78,6
2025-09-19T15:04:14Z,48.701747,1.981485,103.1,53.08,212.2,1.20,7
2025-09-19T15:04:15Z,48.701629,1.981385,102.7,54.99,206.2,1.20,7
2025-09-19T15:04:16Z,48.701509,1.981296,102.0,52.91,205.1,1.20,7
2025-09-19T15:04:17Z,48.701393,1.981216,102.2,50.28,204.2,1.04,8
2025-09-19T15:04:18Z,48.701282,1.981146,103.0,47.89,202.3,1.20,8
2025-09-19T15:04:19Z,48.701186,1.981077,103.1,40.54,205.4,1.20,7
2025-09-19T15:04:20Z,48.701113,1.981023,105.1,31.43,205.8,0.96,9
2025-09-19T15:04:21Z,48.701042,1.980976,106.0,32.17,201.1,1.04,8
2025-09-19T15:04:22Z,48.700961,1.980915,106.1,36.41,203.7,1.04,8
2025-09-19T15:04:23Z,48.700867,1.980854,106.3,41.91,202.8,1.06,9
2025-09-19T15:04:24Z,48.700767,1.980787,106.4,44.13,203.8,1.02,9
2025-09-19T15:04:25Z,48.700661,1.980720,107.0,45.17,202.5,0.91,10
2025-09-19T15:04:26Z,48.700549,1.980666,108.6,46.23,198.3,0.91,10
2025-09-19T15:04:27Z,48.700438,1.980600,109.6,46.10,201.7,0.91,10
2025-09-19T15:04:28Z,48.700336,1.980524,110.0,45.54,204.4,0.91,10
2025-09-19T15:04:29Z,48.700237,1.980451,109.2,44.37,203.7,1.12,9
2025-09-19T15:04:30Z,48.700135,1.980386,109.1,44.34,202.1,1.12,8
2025-09-19T15:04:31Z,48.700034,1.980319,109.5,44.52,202.8,1.12,8
2025-09-19T15:04:32Z,48.699934,1.980249,109.9,44.56,202.7,1.12,8
2025-09-19T15:04:33Z,48.699836,1.980178,109.3,43.63,203.5,1.12,9
2025-09-19T15:04:34Z,48.699742,1.980111,109.5,41.48,204.3,1.12,8
2025-09-19T15:04:35Z,48.699646,1.980044,109.8,42.86,204.0,1.12,8
2025-09-19T15:04:36Z,48.699548,1.979982,109.9,42.52,202.3,1.20,7
2025-09-19T15:04:37Z,48.699452,1.979925,110.2,40.69,201.2,1.20,8
2025-09-19T15:04:38Z,48.699365,1.979865,110.4,37.98,201.5,1.20,7
2025-09-19T15:04:39Z,48.699279,1.979812,110.6,36.65,201.2,1.20,7
2025-09-19T15:04:40Z,48.699188,1.979758,110.9,40.08,200.6,1.20,7
2025-09-19T15:04:41Z,48.699079,1.979688,111.2,49.60,202.2,1.20,9
2025-09-19T15:04:42Z,48.698949,1.979612,112.1,58.89,201.2,1.16,8
2025-09-19T15:04:43Z,48.698814,1.979520,112.1,58.30,203.4,1.12,8
2025-09-19T15:04:44Z,48.698679,1.979434,112.5,59.21,201.5,1.20,7
2025-09-19T15:04:45Z,48.698539,1.979348,112.8,60.39,201.6,0.96,9
2025-09-19T15:04:46Z,48.698403,1.979250,113.0,61.10,204.0,0.96,9
2025-09-19T15:04:47Z,48.698262,1.979145,113.5,63.67,205.3,0.96,9
2025-09-19T15:04:48Z,48.698116,1.979030,113.8,66.30,207.1,0.96,9
2025-09-19T15:04:49Z,48.697966,1.978913,113.4,68.67,206.2,0.96,9
2025-09-19T15:04:50Z,48.697807,1.978801,113.5,71.08,203.7,0.96,9
2025-09-19T15:04:51Z,48.697640,1.978692,113.9,73.28,202.8,1.25,9
2025-09-19T15:04:52Z,48.697477,1.978581,114.2,70.82,203.2,1.71,7
2025-09-19T15:04:53Z,48.697312,1.978482,115.0,70.39,201.8,1.71,7
2025-09-19T15:04:54Z,48.697141,1.978378,115.5,74.43,201.7,1.71,7
2025-09-19T15:04:55Z,48.696964,1.978265,116.1,78.45,203.1,1.71,7
2025-09-19T15:04:56Z,48.696774,1.978152,117.1,82.54,201.8,1.04,8
2025-09-19T15:04:57Z,48.696582,1.978022,117.4,83.88,203.4,1.04,8
2025-09-19T15:04:58Z,48.696391,1.977893,117.3,84.47,202.9,1.04,8
2025-09-19T15:04:59Z,48.696200,1.977764,117.2,83.71,203.5,0.96,9
2025-09-19T15:05:00Z,48.696015,1.977632,116.6,81.21,204.2,0.96,9
2025-09-19T15:05:01Z,48.695831,1.977507,116.3,80.47,204.1,1.72,8
2025-09-19T15:05:02Z,48.695650,1.977380,115.9,79.97,203.9,1.72,7
2025-09-19T15:05:03Z,48.695470,1.977255,115.7,79.73,204.1,1.72,7
2025-09-19T15:05:04Z,48.695290,1.977127,115.3,79.73,204.2,1.25,8
2025-09-19T15:05:05Z,48.695107,1.977003,115.0,80.40,203.5,0.96,9
2025-09-19T15:05:06Z,48.694924,1.976878,114.5,80.41,203.8,1.20,7
2025-09-19T15:05:07Z,48.694741,1.976755,114.3,80.51,203.5,1.20,7
2025-09-19T15:05:08Z,48.694557,1.976631,114.1,81.01,203.8,1.20,7
2025-09-19T15:05:09Z,48.694371,1.976509,114.0,80.86,203.2,1.20,7
2025-09-19T15:05:10Z,48.694181,1.976391,114.2,82.04,202.1,1.20,7
2025-09-19T15:05:11Z,48.693983,1.976272,114.6,85.86,201.2,1.20,7
2025-09-19T15:05:12Z,48.693784,1.976157,114.5,84.86,201.0,1.12,8
2025-09-19T15:05:13Z,48.693594,1.976046,114.5,80.40,200.8,1.12,8
2025-09-19T15:05:14Z,48.693411,1.975940,114.4,76.97,200.5,1.12,9
2025-09-19T15:05:15Z,48.693232,1.975838,114.2,75.47,200.1,1.12,8
2025-09-19T15:05:16Z,48.693055,1.975738,113.7,76.04,200.7,1.12,8
2025-09-19T15:05:17Z,48.692878,1.975633,114.0,75.27,201.6,1.12,8
2025-09-19T15:05:18Z,48.692701,1.975527,115.0,75.93,201.4,1.11,9
2025-09-19T15:05:19Z,48.692527,1.975422,115.0,74.21,201.6,1.11,9
2025-09-19T15:05:20Z,48.692357,1.975315,115.4,72.95,202.2,1.11,9
2025-09-19T15:05:21Z,48.692193,1.975216,115.1,71.21,201.0,1.11,9
2025-09-19T15:05:22Z,48.692033,1.975121,114.1,68.91,201.3,1.11,9
2025-09-19T15:05:23Z,48.691873,1.975030,114.2,68.17,200.4,0.91,10
2025-09-19T15:05:24Z,48.691717,1.974940,113.7,67.06,200.6,0.96,10
2025-09-19T15:05:25Z,48.691563,1.974852,113.3,66.62,200.6,1.04,8
2025-09-19T15:05:26Z,48.691407,1.974766,113.1,65.97,199.9,1.04,8
2025-09-19T15:05:27Z,48.691251,1.974687,113.4,65.21,198.1,1.04,8
2025-09-19T15:05:28Z,48.691096,1.974613,114.4,63.91,197.6,1.20,9
2025-09-19T15:05:29Z,48.690947,1.974540,114.8,61.43,198.3,1.20,8
2025-09-19T15:05:30Z,48.690798,1.974469,115.9,62.51,196.8,1.12,8
2025-09-19T15:05:31Z,48.690655,1.974394,115.6,61.62,200.1,1.12,8
2025-09-19T15:05:32Z,48.690509,1.974302,116.5,63.75,202.9,1.12,9
2025-09-19T15:05:33Z,48.690365,1.974203,116.7,63.51,204.8,1.12,8
2025-09-19T15:05:34Z,48.690226,1.974102,116.6,62.76,205.1,1.20,7
2025-09-19T15:05:35Z,48.690084,1.973996,117.7,63.02,206.9,1.20,7
2025-09-19T15:05:36Z,48.689962,1.973896,118.4,55.63,208.7,1.20,8
2025-09-19T15:05:37Z,48.689844,1.973805,118.7,52.84,206.9,1.20,7
2025-09-19T15:05:38Z,48.689734,1.973721,118.6,49.00,206.7,1.20,7
2025-09-19T15:05:39Z,48.689634,1.973641,118.4,44.87,207.2,1.20,8
2025-09-19T15:05:40Z,48.689541,1.973565,119.1,41.41,208.5,1.12,8
2025-09-19T15:05:41Z,48.689460,1.973494,119.3,36.85,210.0,1.20,7
2025-09-19T15:05:42Z,48.689386,1.973435,119.8,32.72,206.5,1.12,8
2025-09-19T15:05:43Z,48.689317,1.973384,120.5,30.30,205.7,1.12,8
2025-09-19T15:05:44Z,48.689249,1.973332,120.9,31.00,206.3,0.96,10
2025-09-19T15:05:45Z,48.689179,1.973274,120.6,31.98,208.1,1.12,9
2025-09-19T15:05:46Z,48.689100,1.973212,121.0,36.76,208.3,1.12,8
2025-09-19T15:05:47Z,48.689014,1.973142,121.0,40.08,207.7,1.12,8
2025-09-19T15:05:48Z,48.688919,1.973072,121.3,43.67,205.3,1.20,7
2025-09-19T15:05:49Z,48.688819,1.973000,121.4,44.61,205.9,1.04,8
2025-09-19T15:05:50Z,48.688720,1.972926,121.1,44.32,206.3,1.20,7
2025-09-19T15:05:51Z,48.688621,1.972849,121.2,44.97,206.8,1.20,7
2025-09-19T15:05:52Z,48.688524,1.972768,120.4,43.74,207.9,1.12,8
2025-09-19T15:05:53Z,48.688427,1.972692,120.3,43.21,207.4,1.12,8
2025-09-19T15:05:54Z,48.688331,1.972620,119.5,42.23,205.6,1.19,8
2025-09-19T15:05:55Z,48.688235,1.972558,119.3,41.47,202.1,1.12,8
2025-09-19T15:05:56Z,48.688144,1.972506,118.9,38.32,199.6,1.12,8
2025-09-19T15:05:57Z,48.688058,1.972460,118.7,35.43,199.2,1.12,8
2025-09-19T15:05:58Z,48.687986,1.972417,118.3,29.45,201.6,1.12,8
2025-09-19T15:05:59Z,48.687921,1.972377,118.7,27.22,204.9,0.91,10
2025-09-19T15:06:00Z,48.687857,1.972324,118.6,29.39,209.6,1.04,9
2025-09-19T15:06:01Z,48.687791,1.972263,119.3,32.26,213.1,0.96,9
2025-09-19T15:06:02Z,48.687723,1.972193,119.5,33.37,215.7,0.96,9
2025-09-19T15:06:03Z,48.687649,1.972112,119.2,38.04,216.1,1.19,7
2025-09-19T15:06:04Z,48.687565,1.972015,119.2,44.82,218.0,1.19,7
2025-09-19T15:06:05Z,48.687462,1.971909,119.4,52.34,214.5,2.20,8
2025-09-19T15:06:06Z,48.687347,1.971794,120.8,57.25,214.6,2.20,7
2025-09-19T15:06:07Z,48.687239,1.971658,121.2,57.17,220.9,1.02,9
2025-09-19T15:06:08Z,48.687140,1.971516,123.5,56.95,223.3,1.18,9
2025-09-19T15:06:09Z,48.687036,1.971377,125.5,56.97,221.1,1.18,7
2025-09-19T15:06:10Z,48.686875,1.971246,126.7,67.56,209.9,1.68,8
2025-09-19T15:06:11Z,48.686729,1.971148,131.3,66.76,203.5,1.06,8
2025-09-19T15:06:12Z,48.686478,1.971048,130.1,83.69,196.1,1.12,9
2025-09-19T15:06:13Z,48.686260,1.970960,127.3,80.32,194.5,1.12,8
2025-09-19T15:06:14Z,48.686054,1.970879,124.8,78.08,195.2,1.12,8
2025-09-19T15:06:15Z,48.685861,1.970802,123.1,76.12,194.4,0.96,9
2025-09-19T15:06:16Z,48.685665,1.970724,120.9,74.56,194.0,0.91,10
2025-09-19T15:06:17Z,48.685482,1.970651,118.2,69.80,194.4,0.91,10
2025-09-19T15:06:18Z,48.685313,1.970586,116.3,66.63,194.7,0.91,10
2025-09-19T15:06:19Z,48.685150,1.970525,115.1,65.99,194.3,0.91,10
2025-09-19T15:06:20Z,48.684991,1.970463,114.5,65.73,194.5,0.91,10
2025-09-19T15:06:21Z,48.684831,1.970400,113.5,66.08,194.7,0.91,10
2025-09-19T15:06:22Z,48.684669,1.970337,112.7,65.62,194.9,0.91,10
2025-09-19T15:06:23Z,48.684508,1.970271,111.6,66.12,195.3,0.91,10
2025-09-19T15:06:24Z,48.684347,1.970207,110.6,65.84,195.5,0.91,10
2025-09-19T15:06:25Z,48.684196,1.970133,110.0,62.36,198.9,0.91,10
2025-09-19T15:06:26Z,48.684058,1.970038,109.7,59.69,206.9,0.91,10
2025-09-19T15:06:27Z,48.683940,1.969918,109.4,56.26,216.2,0.91,10
2025-09-19T15:06:28Z,48.683839,1.969771,109.3,56.37,226.6,0.91,10
2025-09-19T15:06:29Z,48.683754,1.969597,109.7,58.56,235.8,0.96,9
2025-09-19T15:06:30Z,48.683675,1.969405,109.9,60.58,239.2,0.96,9
2025-09-19T15:06:31Z,48.683597,1.969199,110.1,63.25,240.8,0.96,9
2025-09-19T15:06:32Z,48.683521,1.968982,110.4,65.34,243.1,0.96,10
2025-09-19T15:06:33Z,48.683446,1.968758,110.6,66.80,243.4,1.12,8
2025-09-19T15:06:34Z,48.683371,1.968533,110.6,66.67,243.3,1.12,8
2025-09-19T15:06:35Z,48.683294,1.968310,110.8,66.75,242.5,1.12,8
2025-09-19T15:06:36Z,48.683220,1.968094,110.5,62.82,243.1,1.19,7
2025-09-19T15:06:37Z,48.683150,1.967897,110.5,57.91,241.9,1.19,7
2025-09-19T15:06:38Z,48.683071,1.967726,110.1,55.97,236.5,5.00,7
2025-09-19T15:06:39Z,48.683006,1.967533,110.3,57.19,241.4,5.29,6
2025-09-19T15:06:40Z,48.682939,1.967332,110.4,60.26,242.5,5.29,5
2025-09-19T15:06:41Z,48.682887,1.967127,110.5,59.13,249.0,5.29,5
2025-09-19T15:06:42Z,48.682857,1.966888,110.4,67.06,259.9,5.30,5
2025-09-19T15:06:43Z,48.682846,1.966625,110.1,68.78,265.9,1.47,7
2025-09-19T15:06:44Z,48.682832,1.966382,109.3,62.97,265.2,1.47,7
2025-09-19T15:06:45Z,48.682808,1.966167,110.8,57.28,258.5,1.47,7
2025-09-19T15:06:46Z,48.682762,1.965984,111.8,51.50,246.3,1.47,7
2025-09-19T15:06:47Z,48.682693,1.965820,110.7,48.95,235.8,1.83,6
2025-09-19T15:06:48Z,48.682597,1.965716,111.5,46.82,215.6,1.19,7
2025-09-19T15:06:49Z,48.682432,1.965676,112.5,60.25,191.4,1.19,7
2025-09-19T15:06:50Z,48.682288,1.965621,114.0,61.06,195.5,1.04,8
2025-09-19T15:06:51Z,48.682148,1.965520,113.6,62.45,208.2,1.19,7
2025-09-19T15:06:52Z,48.682015,1.965410,114.1,60.58,211.1,1.19,7
2025-09-19T15:06:53Z,48.681864,1.965319,114.0,62.71,201.2,1.19,7
2025-09-19T15:06:54Z,48.681704,1.965279,114.4,64.28,187.2,1.19,7
2025-09-19T15:06:55Z,48.681542,1.965262,114.7,67.65,179.9,1.19,7
2025-09-19T15:06:56Z,48.681360,1.965234,115.3,73.82,186.7,1.19,8
2025-09-19T15:06:57Z,48.681176,1.965199,115.2,73.65,188.7,1.12,8
2025-09-19T15:06:58Z,48.681000,1.965166,116.1,68.51,186.4,0.96,9
2025-09-19T15:06:59Z,48.680841,1.965142,116.0,61.78,183.5,0.96,9
2025-09-19T15:07:00Z,48.680700,1.965164,116.2,54.43,170.7,1.04,8
2025-09-19T15:07:01Z,48.680593,1.965225,115.3,47.43,153.6,1.04,8
2025-09-19T15:07:02Z,48.680518,1.965340,115.4,44.28,129.9,1.04,8
2025-09-19T15:07:03Z,48.680476,1.965487,119.6,45.61,109.8,1.04,8
2025-09-19T15:07:04Z,48.680475,1.965617,119.6,45.49,102.3,1.04,8
2025-09-19T15:07:05Z,48.680444,1.965754,117.0,43.98,110.3,1.12,9
2025-09-19T15:07:06Z,48.680394,1.965879,114.4,42.48,119.7,1.12,8
2025-09-19T15:07:07Z,48.680335,1.965995,114.7,40.78,130.5,1.12,8
2025-09-19T15:07:08Z,48.680264,1.966095,115.6,38.61,139.2,1.12,8
2025-09-19T15:07:09Z,48.680186,1.966163,116.6,35.80,150.9,1.12,8
2025-09-19T15:07:10Z,48.680112,1.966191,118.3,30.04,167.2,1.12,8
2025-09-19T15:07:11Z,48.680006,1.966189,118.6,38.30,181.1,1.12,8
2025-09-19T15:07:12Z,48.679915,1.966179,120.6,35.97,182.7,0.96,9
2025-09-19T15:07:13Z,48.679804,1.966164,122.4,42.95,184.5,1.12,9
2025-09-19T15:07:14Z,48.679687,1.966147,123.6,45.24,184.8,1.12,8
2025-09-19T15:07:15Z,48.679572,1.966134,124.4,44.76,184.2,1.12,8
2025-09-19T15:07:16Z,48.679462,1.966123,126.0,43.50,184.5,1.12,8
2025-09-19T15:07:17Z,48.679358,1.966112,127.8,41.80,183.5,1.12,8
2025-09-19T15:07:18Z,48.679249,1.966102,129.0,44.08,184.2,1.70,8
2025-09-19T15:07:19Z,48.679133,1.966082,130.4,45.23,186.3,5.12,6
2025-09-19T15:07:20Z,48.679003,1.966057,133.0,52.02,187.3,5.13,6
2025-09-19T15:07:21Z,48.678877,1.966013,134.7,51.97,193.4,1.19,7
2025-09-19T15:07:22Z,48.678755,1.965969,139.4,52.99,195.5,1.19,7
2025-09-19T15:07:23Z,48.678639,1.965896,141.3,49.28,205.0,1.19,7
2025-09-19T15:07:24Z,48.678554,1.965847,146.4,41.11,202.0,1.19,7
2025-09-19T15:07:25Z,48.678436,1.965737,151.0,52.06,208.8,5.14,8
2025-09-19T15:07:26Z,48.678314,1.965645,154.6,53.06,205.2,5.15,6
2025-09-19T15:07:27Z,48.678182,1.965550,158.0,56.75,205.8,5.15,6
2025-09-19T15:07:28Z,48.678033,1.965475,161.5,60.25,197.4,5.15,8
2025-09-19T15:07:29Z,48.677884,1.965352,166.3,63.88,204.2,5.15,6
2025-09-19T15:07:30Z,48.677681,1.965202,160.7,68.15,204.8,1.71,7
2025-09-19T15:07:31Z,48.677481,1.965062,159.0,73.62,205.6,1.71,7
2025-09-19T15:07:32Z,48.677280,1.964932,161.2,75.34,202.7,1.11,8
2025-09-19T15:07:33Z,48.677098,1.964821,163.8,69.56,202.7,1.11,8
2025-09-19T15:07:34Z,48.676917,1.964732,164.6,67.02,197.6,1.11,8
2025-09-19T15:07:35Z,48.676751,1.964672,163.9,64.47,190.7,1.19,8
2025-09-19T15:07:36Z,48.676614,1.964621,161.7,59.30,192.6,1.19,7
2025-09-19T15:07:37Z,48.676476,1.964561,162.3,57.00,199.3,1.19,8
2025-09-19T15:07:38Z,48.676349,1.964472,160.3,55.67,204.5,1.11,8
2025-09-19T15:07:39Z,48.676258,1.964386,153.9,53.95,209.8,1.19,7
2025-09-19T15:07:40Z,48.676150,1.964276,153.3,54.10,213.5,1.11,8
2025-09-19T15:07:41Z,48.676049,1.964153,152.8,54.47,218.4,1.15,9
2025-09-19T15:07:42Z,48.675967,1.964005,148.7,56.12,227.3,1.10,9
2025-09-19T15:07:43Z,48.675899,1.963824,145.4,57.69,238.4,1.10,9
2025-09-19T15:07:44Z,48.675846,1.963627,145.8,56.04,249.0,1.11,8
2025-09-19T15:07:45Z,48.675797,1.963431,145.5,55.82,247.6,1.71,8
2025-09-19T15:07:46Z,48.675741,1.963245,145.3,53.08,243.9,2.79,7
2025-09-19T15:07:47Z,48.675685,1.963060,145.0,55.00,244.6,2.79,6
2025-09-19T15:07:48Z,48.675624,1.962880,144.2,54.75,240.7,2.79,7
2025-09-19T15:07:49Z,48.675542,1.962714,143.5,52.24,233.3,2.79,6
2025-09-19T15:07:50Z,48.675462,1.962569,144.1,49.71,228.8,5.22,7
2025-09-19T15:07:51Z,48.675371,1.962450,145.0,47.65,221.1,5.22,6
2025-09-19T15:07:52Z,48.675332,1.962374,151.2,39.95,217.3,1.18,8
2025-09-19T15:07:53Z,48.675174,1.962307,153.3,54.54,196.7,1.72,8
2025-09-19T15:07:54Z,48.674993,1.962235,151.3,61.71,195.3,1.11,8
2025-09-19T15:07:55Z,48.674810,1.962155,149.9,63.25,196.1,1.11,8
2025-09-19T15:07:56Z,48.674669,1.962056,152.3,59.28,202.0,1.19,8
2025-09-19T15:07:57Z,48.674529,1.961960,153.9,54.89,202.0,1.11,8
2025-09-19T15:07:58Z,48.674414,1.961876,156.6,49.47,203.3,1.19,8
2025-09-19T15:07:59Z,48.674315,1.961806,153.8,43.30,202.9,1.19,7
2025-09-19T15:08:00Z,48.674238,1.961727,150.0,38.21,216.6,1.11,8
2025-09-19T15:08:01Z,48.674188,1.961614,150.5,37.97,235.7,1.69,8
2025-09-19T15:08:02Z,48.674167,1.961464,149.6,42.52,258.9,2.22,7
2025-09-19T15:08:03Z,48.674160,1.961283,149.5,49.82,266.7,5.26,7
2025-09-19T15:08:04Z,48.674149,1.961079,149.3,56.54,263.9,5.26,6
2025-09-19T15:08:05Z,48.674186,1.960867,151.2,57.82,275.4,1.86,7
2025-09-19T15:08:06Z,48.674206,1.960647,152.4,59.17,275.8,1.86,6
2025-09-19T15:08:07Z,48.674315,1.960371,154.9,73.10,286.0,1.86,6
2025-09-19T15:08:08Z,48.674384,1.960031,153.8,87.62,286.7,1.19,7
2025-09-19T15:08:09Z,48.674422,1.959713,154.5,85.49,284.8,1.86,6
2025-09-19T15:08:10Z,48.674435,1.959406,152.3,79.91,282.3,1.86,6
2025-09-19T15:08:11Z,48.674461,1.959106,155.2,81.54,278.6,1.19,7
2025-09-19T15:08:12Z,48.674468,1.958789,153.6,82.67,275.3,1.11,8
2025-09-19T15:08:13Z,48.674483,1.958487,153.7,79.65,275.1,1.11,8
2025-09-19T15:08:14Z,48.674467,1.958175,150.9,80.02,271.9,1.11,8
2025-09-19T15:08:15Z,48.674453,1.957857,149.5,82.64,269.8,1.11,8
2025-09-19T15:08:16Z,48.674414,1.957543,149.3,82.86,264.4,1.11,8
2025-09-19T15:08:17Z,48.674388,1.957246,149.4,78.91,263.2,1.73,8
2025-09-19T15:08:18Z,48.674352,1.956970,149.3,73.69,261.0,1.73,7
2025-09-19T15:08:19Z,48.674320,1.956729,147.4,64.60,260.5,1.11,8
2025-09-19T15:08:20Z,48.674310,1.956500,147.5,60.50,265.1,1.19,7
2025-09-19T15:08:21Z,48.674335,1.956293,147.6,55.50,277.5,1.19,7
2025-09-19T15:08:22Z,48.674387,1.956109,149.5,51.84,287.2,1.19,7
2025-09-19T15:08:23Z,48.674508,1.955986,150.1,49.47,312.6,1.19,7
2025-09-19T15:08:24Z,48.674662,1.955906,148.5,55.54,334.3,1.19,7
2025-09-19T15:08:25Z,48.674802,1.955851,148.8,55.80,343.8,1.19,7
2025-09-19T15:08:26Z,48.674940,1.955859,149.6,55.43,355.9,1.19,7
2025-09-19T15:08:27Z,48.675099,1.955855,148.8,62.21,357.9,1.26,9
2025-09-19T15:08:28Z,48.675249,1.955821,147.7,63.43,355.7,2.64,7
2025-09-19T15:08:29Z,48.675447,1.955735,148.2,70.38,350.6,1.93,7
2025-09-19T15:08:30Z,48.675612,1.955619,148.3,70.73,344.4,1.93,7
2025-09-19T15:08:31Z,48.675770,1.955449,149.9,72.14,336.2,1.26,8
2025-09-19T15:08:32Z,48.675944,1.955276,150.1,76.08,332.3,0.96,9
2025-09-19T15:08:33Z,48.676068,1.955086,149.9,72.88,325.2,0.96,9
2025-09-19T15:08:34Z,48.676177,1.954894,151.0,70.21,318.8,0.96,9
2025-09-19T15:08:35Z,48.676291,1.954670,152.2,72.14,313.1,0.96,9
2025-09-19T15:08:36Z,48.676389,1.954405,154.8,78.12,305.5,1.26,8
2025-09-19T15:08:37Z,48.676458,1.954094,154.8,85.10,296.4,1.47,7
2025-09-19T15:08:38Z,48.676497,1.953744,156.7,93.53,287.2,1.19,7
2025-09-19T15:08:39Z,48.676574,1.953406,156.7,94.10,287.9,1.19,7
2025-09-19T15:08:40Z,48.676692,1.953070,155.6,97.25,292.0,1.19,7
2025-09-19T15:08:41Z,48.676842,1.952766,156.5,96.23,299.1,1.19,7
2025-09-19T15:08:42Z,48.676956,1.952469,156.7,90.16,300.1,1.19,7
2025-09-19T15:08:43Z,48.677057,1.952179,156.5,87.27,299.1,1.19,7
2025-09-19T15:08:44Z,48.677078,1.951867,153.9,83.56,288.1,1.19,7
2025-09-19T15:08:45Z,48.677121,1.951561,154.8,86.69,282.0,1.19,7
2025-09-19T15:08:46Z,48.677176,1.951229,153.4,93.51,281.8,1.19,7
2025-09-19T15:08:47Z,48.677247,1.950876,151.7,98.64,285.9,1.19,7
2025-09-19T15:08:48Z,48.677327,1.950527,150.1,97.62,288.4,1.19,7
2025-09-19T15:08:49Z,48.677407,1.950193,149.6,93.91,289.8,1.19,7
2025-09-19T15:08:50Z,48.677482,1.949868,149.7,90.75,289.5,1.19,7
2025-09-19T15:08:51Z,48.677575,1.949572,149.9,86.67,292.9,1.19,7
2025-09-19T15:08:52Z,48.677665,1.949277,149.8,85.04,294.5,1.19,7
2025-09-19T15:08:53Z,48.677787,1.949022,149.6,81.80,301.3,1.19,7
2025-09-19T15:08:54Z,48.677908,1.948778,149.9,80.32,304.4,1.19,7
2025-09-19T15:08:55Z,48.678017,1.948519,150.3,81.69,303.3,1.19,7
2025-09-19T15:08:56Z,48.678101,1.948191,150.1,90.62,296.4,1.19,7
2025-09-19T15:08:57Z,48.678201,1.947864,149.7,96.93,294.8,1.19,7
2025-09-19T15:08:58Z,48.678311,1.947519,149.4,102.36,295.4,1.19,7
2025-09-19T15:08:59Z,48.678431,1.947175,148.4,102.77,296.9,1.19,7
2025-09-19T15:09:00Z,48.678557,1.946850,147.4,99.29,299.1,1.19,7
2025-09-19T15:09:01Z,48.678685,1.946536,147.8,97.06,300.7,1.19,7
2025-09-19T15:09:02Z,48.678838,1.946242,147.4,98.04,305.4,1.19,7
2025-09-19T15:09:03Z,48.679012,1.945960,147.4,100.77,310.2,1.19,7
2025-09-19T15:09:04Z,48.679178,1.945682,147.7,98.79,311.8,1.19,7
2025-09-19T15:09:05Z,48.679355,1.945416,148.4,99.25,313.8,1.11,8
2025-09-19T15:09:06Z,48.679531,1.945160,148.9,97.97,315.2,1.11,8
2025-09-19T15:09:07Z,48.679717,1.944882,149.0,101.77,315.2,1.11,8
2025-09-19T15:09:08Z,48.679939,1.944590,148.1,109.79,316.6,0.96,9
2025-09-19T15:09:09Z,48.680155,1.944291,148.8,116.66,316.4,1.04,9
2025-09-19T15:09:10Z,48.680357,1.943974,149.2,117.75,315.1,1.04,8
2025-09-19T15:09:11Z,48.680577,1.943630,149.4,124.62,314.3,1.04,8
2025-09-19T15:09:12Z,48.680795,1.943290,150.0,125.42,314.2,1.04,8
2025-09-19T15:09:13Z,48.681005,1.942964,150.2,121.19,314.5,1.04,8
2025-09-19T15:09:14Z,48.681173,1.942634,150.3,113.88,312.2,1.04,9
2025-09-19T15:09:15Z,48.681319,1.942334,152.6,101.64,310.4,1.04,8
2025-09-19T15:09:16Z,48.681444,1.942033,154.0,95.97,307.4,0.96,9
2025-09-19T15:09:17Z,48.681578,1.941748,154.5,93.56,306.3,1.19,7
2025-09-19T15:09:18Z,48.681686,1.941451,154.8,90.77,302.9,1.19,7
2025-09-19T15:09:19Z,48.681750,1.941156,153.3,84.32,296.5,1.19,7
2025-09-19T15:09:20Z,48.681787,1.940842,152.5,84.53,288.8,1.19,7
2025-09-19T15:09:21Z,48.681797,1.940508,151.6,89.06,280.2,1.19,7
2025-09-19T15:09:22Z,48.681794,1.940144,150.7,98.53,273.4,1.19,7
2025-09-19T15:09:23Z,48.681786,1.939777,149.9,98.86,269.6,1.11,8
2025-09-19T15:09:24Z,48.681784,1.939428,149.6,92.86,268.7,1.11,8
2025-09-19T15:09:25Z,48.681780,1.939106,149.7,86.04,267.8,1.11,8
2025-09-19T15:09:26Z,48.681769,1.938803,150.0,82.12,265.5,1.11,8
2025-09-19T15:09:27Z,48.681745,1.938497,149.9,83.53,263.0,1.11,8
2025-09-19T15:09:28Z,48.681691,1.938189,150.0,86.41,257.1,1.48,8
2025-09-19T15:09:29Z,48.681616,1.937855,148.9,94.23,253.6,1.48,7
2025-09-19T15:09:30Z,48.681542,1.937509,147.2,95.95,253.2,1.48,7
2025-09-19T15:09:31Z,48.681480,1.937180,146.3,89.97,253.5,1.11,8
2025-09-19T15:09:32Z,48.681427,1.936865,145.7,86.16,254.9,1.76,7
2025-09-19T15:09:33Z,48.681368,1.936580,145.6,79.78,253.6,2.93,7
2025-09-19T15:09:34Z,48.681331,1.936306,145.6,74.51,255.6,2.93,6
2025-09-19T15:09:35Z,48.681290,1.936049,146.1,70.08,255.6,1.76,7
2025-09-19T15:09:36Z,48.681260,1.935803,146.2,66.69,257.5,1.76,7
2025-09-19T15:09:37Z,48.681260,1.935565,146.4,64.02,263.4,1.76,7
2025-09-19T15:09:38Z,48.681262,1.935334,146.6,61.56,267.6,1.76,7
2025-09-19T15:09:39Z,48.681260,1.935107,146.6,60.12,269.6,1.11,8
2025-09-19T15:09:40Z,48.681262,1.934890,147.3,57.95,270.6,1.18,7
2025-09-19T15:09:41Z,48.681294,1.934666,148.4,59.91,276.8,1.90,7
2025-09-19T15:09:42Z,48.681349,1.934446,148.5,61.15,285.2,1.90,6
2025-09-19T15:09:43Z,48.681387,1.934232,148.1,59.34,290.1,1.90,6
2025-09-19T15:09:44Z,48.681427,1.934024,147.4,57.95,289.8,1.90,6
2025-09-19T15:09:45Z,48.681470,1.933852,148.2,51.37,291.8,1.18,7
2025-09-19T15:09:46Z,48.681532,1.933690,148.3,49.06,298.4,1.18,7
2025-09-19T15:09:47Z,48.681615,1.933538,149.0,51.21,306.1,1.18,7
2025-09-19T15:09:48Z,48.681710,1.933375,149.8,56.99,308.9,1.18,7
2025-09-19T15:09:49Z,48.681800,1.933183,150.5,62.15,306.2,1.18,7
2025-09-19T15:09:50Z,48.681860,1.932925,151.3,69.84,296.2,1.18,7
2025-09-19T15:09:51Z,48.681889,1.932686,152.0,65.15,288.1,1.91,7
2025-09-19T15:09:52Z,48.681933,1.932472,152.4,58.91,288.1,1.91,6
2025-09-19T15:09:53Z,48.682002,1.932283,153.1,56.15,295.2,1.18,7
2025-09-19T15:09:54Z,48.682083,1.932110,154.0,54.75,301.6,1.18,7
2025-09-19T15:09:55Z,48.682168,1.931948,155.0,54.67,305.0,1.18,7
2025-09-19T15:09:56Z,48.682242,1.931770,155.4,55.65,303.6,1.18,7
2025-09-19T15:09:57Z,48.682327,1.931601,156.7,55.86,305.0,1.11,8
2025-09-19T15:09:58Z,48.682386,1.931413,158.7,55.58,299.8,1.11,8
2025-09-19T15:09:59Z,48.682418,1.931230,159.2,52.47,293.8,1.11,8
2025-09-19T15:10:00Z,48.682427,1.931037,160.0,51.49,286.1,1.48,8
2025-09-19T15:10:01Z,48.682454,1.930867,161.7,47.58,285.7,1.48,7
2025-09-19T15:10:02Z,48.682512,1.930705,162.2,47.15,292.1,1.18,8
2025-09-19T15:10:03Z,48.682610,1.930524,161.6,56.21,300.8,1.18,7
2025-09-19T15:10:04Z,48.682694,1.930338,162.7,60.15,302.6,1.14,8
2025-09-19T15:10:05Z,48.682779,1.930147,163.2,60.84,303.4,5.62,8
2025-09-19T15:10:06Z,48.682880,1.929952,164.0,64.51,304.8,5.62,7
2025-09-19T15:10:07Z,48.682975,1.929740,164.4,67.14,304.2,5.62,6
2025-09-19T15:10:08Z,48.683097,1.929490,164.5,75.65,304.3,5.62,6
2025-09-19T15:10:09Z,48.683235,1.929175,164.8,88.06,303.2,5.63,6
2025-09-19T15:10:10Z,48.683624,1.928917,163.1,113.49,314.6,5.63,6
2025-09-19T15:10:11Z,48.683822,1.928623,162.6,111.71,315.2,5.63,6
2025-09-19T15:10:12Z,48.683990,1.928326,162.1,106.69,314.4,1.18,7
2025-09-19T15:10:13Z,48.684144,1.928037,161.3,100.77,313.5,1.18,7
2025-09-19T15:10:14Z,48.684291,1.927765,161.3,95.10,312.6,1.18,7
2025-09-19T15:10:15Z,48.684415,1.927497,159.1,90.73,312.0,1.18,7
2025-09-19T15:10:16Z,48.684501,1.927215,154.8,87.60,309.1,1.40,8
2025-09-19T15:10:17Z,48.684636,1.926972,153.5,85.25,310.6,1.40,7
2025-09-19T15:10:18Z,48.684776,1.926734,152.7,84.67,311.7,1.40,7
2025-09-19T15:10:19Z,48.684902,1.926494,152.2,83.51,310.8,1.11,8
2025-09-19T15:10:20Z,48.685014,1.926239,151.8,83.54,307.8,1.11,8
2025-09-19T15:10:21Z,48.685105,1.925964,150.9,83.97,303.3,1.11,8
2025-09-19T15:10:22Z,48.685200,1.925687,151.6,84.25,300.9,0.96,9
2025-09-19T15:10:23Z,48.685263,1.925389,151.2,84.65,295.1,1.18,7
2025-09-19T15:10:24Z,48.685325,1.925045,150.8,92.66,290.8,1.18,7
2025-09-19T15:10:25Z,48.685413,1.924724,150.4,92.56,291.6,1.18,7
2025-09-19T15:10:26Z,48.685507,1.924411,150.2,91.30,292.9,1.18,7
2025-09-19T15:10:27Z,48.685589,1.924107,151.1,89.62,292.8,1.18,7
2025-09-19T15:10:28Z,48.685676,1.923798,151.1,89.32,293.5,1.40,7
2025-09-19T15:10:29Z,48.685773,1.923481,150.8,91.29,294.0,1.11,8
2025-09-19T15:10:30Z,48.685870,1.923169,150.4,91.62,294.7,1.18,7
2025-09-19T15:10:31Z,48.685967,1.922867,150.3,90.32,295.3,1.18,7
2025-09-19T15:10:32Z,48.686066,1.922574,150.1,88.47,296.1,1.18,7
2025-09-19T15:10:33Z,48.686170,1.922279,150.1,88.82,296.8,1.18,7
2025-09-19T15:10:34Z,48.686293,1.921989,150.7,89.78,298.8,1.11,8
2025-09-19T15:10:35Z,48.686424,1.921684,151.1,93.19,299.9,1.79,8
2025-09-19T15:10:36Z,48.686610,1.921401,150.5,96.10,304.7,1.79,7
2025-09-19T15:10:37Z,48.686789,1.921141,153.1,94.69,308.6,0.96,9
2025-09-19T15:10:38Z,48.686956,1.920938,155.2,87.27,314.3,0.96,9
2025-09-19T15:10:39Z,48.687099,1.920695,155.7,86.99,313.1,0.96,9
2025-09-19T15:10:40Z,48.687242,1.920441,153.9,89.36,310.1,0.96,9
2025-09-19T15:10:41Z,48.687386,1.920173,155.1,92.84,309.0,0.96,9
2025-09-19T15:10:42Z,48.687527,1.919898,155.7,92.84,307.9,0.96,9
2025-09-19T15:10:43Z,48.687664,1.919641,155.9,89.58,308.0,0.96,9
2025-09-19T15:10:44Z,48.687792,1.919392,155.8,85.15,308.0,0.96,9
2025-09-19T15:10:45Z,48.687928,1.919183,155.6,81.06,310.8,0.96,9
2025-09-19T15:10:46Z,48.688064,1.918983,155.2,77.64,313.0,0.96,9
2025-09-19T15:10:47Z,48.688201,1.918776,155.6,78.40,313.1,1.04,9
2025-09-19T15:10:48Z,48.688349,1.918567,154.9,80.36,314.4,1.39,8
2025-09-19T15:10:49Z,48.688497,1.918370,155.1,78.14,316.6,1.50,6
2025-09-19T15:10:50Z,48.688645,1.918178,155.4,77.78,317.6,1.11,8
2025-09-19T15:10:51Z,48.688815,1.918075,154.3,70.89,326.6,1.11,8
2025-09-19T15:10:52Z,48.688956,1.917972,153.6,64.60,332.7,1.11,8
2025-09-19T15:10:53Z,48.689097,1.917877,154.1,62.65,335.7,1.11,8
2025-09-19T15:10:54Z,48.689216,1.917765,153.0,61.08,331.7,0.96,9
2025-09-19T15:10:55Z,48.689306,1.917620,152.3,59.26,323.3,1.27,8
2025-09-19T15:10:56Z,48.689325,1.917446,151.3,51.71,303.9,1.48,8
2025-09-19T15:10:57Z,48.689346,1.917257,149.6,52.63,285.9,1.27,8
2025-09-19T15:10:58Z,48.689382,1.917045,149.2,59.23,283.3,1.48,8
2025-09-19T15:10:59Z,48.689411,1.916810,150.0,65.38,280.3,1.48,7
2025-09-19T15:11:00Z,48.689442,1.916569,150.2,65.45,280.7,1.48,7
2025-09-19T15:11:01Z,48.689473,1.916283,150.3,73.45,280.1,1.18,8
2025-09-19T15:11:02Z,48.689550,1.915915,149.7,90.47,283.5,1.04,8
2025-09-19T15:11:03Z,48.689578,1.915550,148.6,97.73,280.6,1.04,8
2025-09-19T15:11:04Z,48.689627,1.915183,148.5,99.93,280.9,1.18,8
2025-09-19T15:11:05Z,48.689674,1.914819,147.9,98.54,281.2,1.18,7
2025-09-19T15:11:06Z,48.689725,1.914468,147.6,95.23,281.7,1.18,7
2025-09-19T15:11:07Z,48.689772,1.914135,147.4,89.93,282.1,1.11,8
2025-09-19T15:11:08Z,48.689832,1.913827,145.8,84.47,284.0,1.11,8
2025-09-19T15:11:09Z,48.689890,1.913533,146.1,80.88,286.1,1.40,7
2025-09-19T15:11:10Z,48.689956,1.913250,146.7,79.27,288.4,1.48,8
2025-09-19T15:11:11Z,48.690037,1.912991,147.3,76.02,292.2,1.48,7
2025-09-19T15:11:12Z,48.690115,1.912733,147.0,75.41,293.3,5.99,6
2025-09-19T15:11:13Z,48.690261,1.912504,145.7,76.65,302.0,1.18,7
2025-09-19T15:11:14Z,48.690381,1.912324,145.7,70.23,307.3,1.04,8
2025-09-19T15:11:15Z,48.690489,1.912125,145.8,67.28,307.9,1.04,9
2025-09-19T15:11:16Z,48.690600,1.911956,145.9,62.95,310.6,1.04,8
2025-09-19T15:11:17Z,48.690689,1.911776,145.7,60.28,308.8,1.04,8
2025-09-19T15:11:18Z,48.690773,1.911585,145.6,61.30,306.0,1.87,8
2025-09-19T15:11:19Z,48.690854,1.911395,146.2,60.73,303.6,1.27,8
2025-09-19T15:11:20Z,48.690937,1.911205,146.1,60.50,303.3,1.27,8
2025-09-19T15:11:21Z,48.691032,1.911028,147.0,59.73,305.6,1.27,8
2025-09-19T15:11:22Z,48.691120,1.910843,147.2,60.36,305.5,1.04,8
2025-09-19T15:11:23Z,48.691233,1.910674,148.0,61.21,309.4,1.04,8
2025-09-19T15:11:24Z,48.691349,1.910491,148.4,63.86,310.7,1.87,9
2025-09-19T15:11:25Z,48.691466,1.910316,148.9,64.62,312.6,1.87,7
2025-09-19T15:11:26Z,48.691603,1.910151,149.2,66.49,316.0,2.71,7
2025-09-19T15:11:27Z,48.691759,1.909945,149.0,73.78,316.6,1.25,8
2025-09-19T15:11:28Z,48.691934,1.909729,150.8,83.27,318.2,1.20,9
2025-09-19T15:11:29Z,48.692095,1.909526,151.4,84.01,318.8,1.25,9
2025-09-19T15:11:30Z,48.692287,1.909333,151.9,88.36,322.3,0.96,9
2025-09-19T15:11:31Z,48.692456,1.909133,152.8,87.41,322.3,0.96,9
2025-09-19T15:11:32Z,48.692617,1.908933,153.1,84.84,321.5,0.96,9
2025-09-19T15:11:33Z,48.692764,1.908733,154.3,81.80,319.9,0.96,9
2025-09-19T15:11:34Z,48.692915,1.908538,154.8,80.21,319.8,0.96,9
2025-09-19T15:11:35Z,48.693046,1.908363,156.1,74.82,319.7,0.96,9
2025-09-19T15:11:36Z,48.693187,1.908203,156.0,71.71,321.2,0.96,9
2025-09-19T15:11:37Z,48.693307,1.908049,155.9,65.17,320.5,0.96,9
2025-09-19T15:11:38Z,48.693431,1.907920,156.1,60.71,324.4,0.96,9
2025-09-19T15:11:39Z,48.693554,1.907804,156.9,58.63,328.2,0.96,9
2025-09-19T15:11:40Z,48.693684,1.907706,156.7,57.69,332.1,1.87,9
2025-09-19T15:11:41Z,48.693812,1.907630,158.4,56.08,336.2,1.88,7
2025-09-19T15:11:42Z,48.693962,1.907623,158.0,57.17,349.9,1.28,8
2025-09-19T15:11:43Z,48.694109,1.907617,157.2,56.62,355.5,1.28,8
2025-09-19T15:11:44Z,48.694254,1.907610,157.3,57.08,356.6,0.96,9
2025-09-19T15:11:45Z,48.694398,1.907600,157.4,56.52,356.2,1.28,8
2025-09-19T15:11:46Z,48.694539,1.907578,157.7,56.89,354.0,1.92,9
2025-09-19T15:11:47Z,48.694680,1.907518,157.9,57.62,346.3,2.65,7
2025-09-19T15:11:48Z,48.694826,1.907449,158.5,61.39,343.7,2.65,6
2025-09-19T15:11:49Z,48.694980,1.907313,158.9,67.88,334.3,0.96,9
2025-09-19T15:11:50Z,48.695130,1.907170,159.6,70.49,330.5,0.96,9
2025-09-19T15:11:51Z,48.695289,1.907026,160.1,72.95,329.1,0.96,10
2025-09-19T15:11:52Z,48.695439,1.906874,161.0,73.02,327.4,0.96,9
2025-09-19T15:11:53Z,48.695587,1.906718,161.4,73.12,326.0,1.28,9
2025-09-19T15:11:54Z,48.695721,1.906552,161.7,71.69,323.2,1.92,8
2025-09-19T15:11:55Z,48.695845,1.906365,161.9,72.02,318.7,1.92,7
2025-09-19T15:11:56Z,48.695929,1.906144,163.4,71.39,310.2,0.96,9
2025-09-19T15:11:57Z,48.696037,1.905932,163.4,71.88,308.0,1.88,8
2025-09-19T15:11:58Z,48.696156,1.905729,162.6,71.30,308.2,1.04,8
2025-09-19T15:11:59Z,48.696281,1.905543,162.7,70.10,310.6,1.48,7
2025-09-19T15:12:00Z,48.696423,1.905366,162.8,70.52,314.2,1.96,7
2025-09-19T15:12:01Z,48.696558,1.905187,163.8,71.06,315.6,1.88,7
2025-09-19T15:12:02Z,48.696696,1.905052,163.5,66.28,320.2,1.88,7
2025-09-19T15:12:03Z,48.696825,1.904904,164.8,64.51,321.1,1.01,9
2025-09-19T15:12:04Z,48.696939,1.904744,166.0,62.80,318.0,0.91,10
2025-09-19T15:12:05Z,48.697053,1.904587,166.2,60.62,315.5,0.91,10
2025-09-19T15:12:06Z,48.697156,1.904404,167.1,62.52,311.5,0.95,10
2025-09-19T15:12:07Z,48.697274,1.904171,168.2,71.51,307.9,1.04,9
2025-09-19T15:12:08Z,48.697389,1.903931,169.2,76.25,306.2,1.04,8
2025-09-19T15:12:09Z,48.697495,1.903707,169.3,73.80,305.1,1.18,7
2025-09-19T15:12:10Z,48.697602,1.903478,169.9,74.02,304.9,1.97,8
2025-09-19T15:12:11Z,48.697710,1.903253,170.6,73.95,305.0,1.97,6
2025-09-19T15:12:12Z,48.697833,1.903053,171.3,72.02,308.1,1.97,6
2025-09-19T15:12:13Z,48.697910,1.902886,172.3,63.71,308.3,1.04,9
2025-09-19T15:12:14Z,48.698006,1.902710,172.3,61.50,308.8,1.04,8
2025-09-19T15:12:15Z,48.698101,1.902525,172.2,61.58,307.7,1.04,8
2025-09-19T15:12:16Z,48.698186,1.902326,171.0,62.71,303.9,0.91,10
2025-09-19T15:12:17Z,48.698230,1.902105,169.7,62.10,295.3,0.91,10
2025-09-19T15:12:18Z,48.698245,1.901878,168.2,62.28,284.3,0.96,10
2025-09-19T15:12:19Z,48.698259,1.901644,166.7,63.89,277.5,1.18,7
2025-09-19T15:12:20Z,48.698286,1.901412,165.9,63.88,276.4,1.18,7
2025-09-19T15:12:21Z,48.698311,1.901181,165.4,62.95,277.3,1.11,8
2025-09-19T15:12:22Z,48.698330,1.900950,164.5,62.78,275.9,1.48,8
2025-09-19T15:12:23Z,48.698342,1.900718,161.5,62.88,272.6,1.48,7
2025-09-19T15:12:24Z,48.698365,1.900492,157.9,62.51,273.4,1.48,7
2025-09-19T15:12:25Z,48.698377,1.900259,157.3,62.78,273.5,1.48,7
2025-09-19T15:12:26Z,48.698387,1.900023,156.7,62.93,273.1,1.11,8
2025-09-19T15:12:27Z,48.698402,1.899792,155.5,62.80,273.3,1.11,8
2025-09-19T15:12:28Z,48.698413,1.899560,155.5,61.47,273.5,1.11,8
2025-09-19T15:12:29Z,48.698421,1.899330,155.2,61.54,272.2,1.11,8
2025-09-19T15:12:30Z,48.698391,1.899093,154.6,62.93,263.9,1.11,8
2025-09-19T15:12:31Z,48.698372,1.898859,153.6,62.84,262.5,1.49,8
2025-09-19T15:12:32Z,48.698312,1.898629,153.5,64.99,254.2,3.19,7
2025-09-19T15:12:33Z,48.698261,1.898397,153.1,65.89,252.2,3.19,6
2025-09-19T15:12:34Z,48.698205,1.898162,152.5,67.62,250.7,1.84,7
2025-09-19T15:12:35Z,48.698144,1.897927,152.0,67.89,249.0,1.49,8
2025-09-19T15:12:36Z,48.698082,1.897702,151.9,65.63,248.0,3.20,7
2025-09-19T15:12:37Z,48.698023,1.897487,151.6,61.71,247.0,3.20,6
2025-09-19T15:12:38Z,48.697982,1.897280,150.9,57.26,250.4,1.84,7
2025-09-19T15:12:39Z,48.697959,1.897084,151.2,53.12,256.0,1.11,8
2025-09-19T15:12:40Z,48.697963,1.896901,151.8,47.78,265.4,1.18,7
2025-09-19T15:12:41Z,48.697985,1.896726,153.0,46.50,274.2,1.98,8
2025-09-19T15:12:42Z,48.698023,1.896571,153.0,41.91,284.9,6.16,6
2025-09-19T15:12:43Z,48.698053,1.896430,153.1,38.21,287.0,5.99,6
2025-09-19T15:12:44Z,48.698102,1.896317,153.8,33.78,295.9,1.18,7
2025-09-19T15:12:45Z,48.698139,1.896219,153.5,28.91,301.7,1.18,8
2025-09-19T15:12:46Z,48.698168,1.896140,153.3,24.54,304.3,1.18,7
2025-09-19T15:12:47Z,48.698199,1.896080,152.8,20.30,310.5,1.18,7
2025-09-19T15:12:48Z,48.698229,1.896042,153.0,15.45,314.9,1.11,8
2025-09-19T15:12:49Z,48.698242,1.896018,153.2,9.04,319.2,1.09,9
2025-09-19T15:12:50Z,48.698250,1.896002,153.8,6.28,320.9,1.09,9
2025-09-19T15:12:51Z,48.698256,1.895981,154.3,6.67,313.2,1.09,9
2025-09-19T15:12:52Z,48.698270,1.895951,155.3,9.95,309.0,1.09,9
2025-09-19T15:12:53Z,48.698276,1.895919,156.6,9.13,299.7,1.09,9
2025-09-19T15:12:54Z,48.698271,1.895894,157.6,6.87,285.3,1.09,9
2025-09-19T15:12:55Z,48.698259,1.895879,158.7,5.59,249.7,1.09,9
2025-09-19T15:12:56Z,48.698247,1.895872,158.5,6.07,199.7,1.09,9
2025-09-19T15:12:57Z,48.698237,1.895877,158.4,6.59,183.9,1.09,9
2025-09-19T15:12:58Z,48.698222,1.895881,157.9,6.69,175.8,1.09,9
2025-09-19T15:12:59Z,48.698217,1.895894,157.7,4.91,162.8,1.09,9
2025-09-19T15:13:00Z,48.698215,1.895902,157.9,3.04,147.3,1.09,9
2025-09-19T15:17:25Z,48.698205,1.895786,153.6,3.00,152.5,1.08,9
2025-09-19T15:17:26Z,48.698206,1.895820,153.1,7.61,82.9,1.08,9
2025-09-19T15:17:27Z,48.698207,1.895856,152.3,5.61,73.5,1.35,9
2025-09-19T15:17:34Z,48.698209,1.895902,150.9,5.50,61.7,1.19,10
2025-09-19T15:17:35Z,48.698227,1.895924,150.7,11.78,38.8,1.35,9
2025-09-19T15:17:36Z,48.698258,1.895928,151.3,15.17,7.6,1.08,9
2025-09-19T15:17:37Z,48.698315,1.895909,151.3,26.00,348.8,1.35,9
2025-09-19T15:17:38Z,48.698386,1.895869,152.6,32.34,341.4,1.65,7
2025-09-19T15:17:39Z,48.698465,1.895824,153.9,35.17,340.7,1.65,7
2025-09-19T15:17:40Z,48.698552,1.895776,153.8,39.15,339.9,1.95,8
2025-09-19T15:17:41Z,48.698644,1.895730,154.0,41.23,343.4,1.95,6
2025-09-19T15:17:42Z,48.698745,1.895679,154.3,42.24,342.6,1.95,6
2025-09-19T15:17:43Z,48.698840,1.895621,156.8,44.08,340.6,1.50,7
2025-09-19T15:17:44Z,48.698934,1.895569,159.6,42.45,343.6,1.27,8
2025-09-19T15:17:45Z,48.699033,1.895542,162.1,42.52,352.7,1.52,8
2025-09-19T15:17:46Z,48.699138,1.895551,164.5,42.93,4.5,1.52,7
2025-09-19T15:17:47Z,48.699250,1.895565,165.8,46.13,4.7,1.52,8
2025-09-19T15:17:48Z,48.699369,1.895619,166.0,48.93,15.2,1.52,7
2025-09-19T15:17:49Z,48.699487,1.895674,167.2,48.86,17.5,1.52,8
2025-09-19T15:17:50Z,48.699579,1.895725,172.2,44.58,19.3,1.19,9
2025-09-19T15:17:51Z,48.699730,1.895756,163.7,43.04,7.6,1.35,8
2025-09-19T15:17:52Z,48.699844,1.895755,162.3,41.67,357.9,1.35,8
2025-09-19T15:17:53Z,48.699942,1.895725,163.3,41.28,345.9,1.35,8
2025-09-19T15:17:54Z,48.700038,1.895666,163.8,41.97,334.4,1.26,8
2025-09-19T15:17:55Z,48.700124,1.895569,164.5,42.06,321.2,1.26,8
2025-09-19T15:17:56Z,48.700208,1.895473,162.9,40.37,316.9,0.97,9
2025-09-19T15:17:57Z,48.700284,1.895371,161.7,38.93,314.8,0.97,9
2025-09-19T15:17:58Z,48.700354,1.895272,160.6,37.26,313.0,0.97,9
2025-09-19T15:17:59Z,48.700417,1.895172,160.2,35.84,311.4,0.97,10
2025-09-19T15:18:00Z,48.700479,1.895081,159.0,33.85,311.7,0.97,9
2025-09-19T15:18:01Z,48.700544,1.895011,156.8,31.43,313.9,0.97,9
2025-09-19T15:18:02Z,48.700603,1.894950,156.7,28.72,328.1,1.31,9
2025-09-19T15:18:03Z,48.700660,1.894893,157.6,27.24,326.5,1.31,8
2025-09-19T15:18:04Z,48.700709,1.894823,157.5,26.71,309.6,0.91,10
2025-09-19T15:18:05Z,48.700752,1.894751,154.5,29.58,288.9,0.91,10
2025-09-19T15:18:06Z,48.700794,1.894639,152.2,36.52,293.0,1.05,9
2025-09-19T15:18:07Z,48.700845,1.894517,151.8,38.56,303.0,0.97,9
2025-09-19T15:18:08Z,48.700900,1.894400,151.6,37.87,304.4,0.97,9
2025-09-19T15:18:09Z,48.700958,1.894279,150.8,38.47,303.0,0.97,9
2025-09-19T15:18:10Z,48.701016,1.894156,151.1,40.65,306.0,0.97,9
2025-09-19T15:18:11Z,48.701076,1.894026,151.2,41.34,303.0,0.97,9
2025-09-19T15:18:12Z,48.701130,1.893893,151.5,41.00,301.0,0.97,9
2025-09-19T15:18:13Z,48.701188,1.893759,151.0,42.69,301.0,0.97,9
2025-09-19T15:18:14Z,48.701244,1.893621,150.8,42.65,300.7,0.97,9
2025-09-19T15:18:15Z,48.701298,1.893483,150.8,42.52,299.5,0.97,9
2025-09-19T15:18:16Z,48.701354,1.893345,150.8,43.11,300.8,0.97,9
2025-09-19T15:18:17Z,48.701411,1.893207,150.3,42.93,301.3,0.97,9
2025-09-19T15:18:18Z,48.701467,1.893062,150.2,43.86,299.2,0.97,9
2025-09-19T15:18:19Z,48.701521,1.892916,150.2,44.21,298.5,0.97,9
2025-09-19T15:18:20Z,48.701572,1.892767,149.4,44.56,295.3,0.97,9
2025-09-19T15:18:21Z,48.701621,1.892615,148.8,45.21,293.0,0.97,9
2025-09-19T15:18:22Z,48.701670,1.892465,147.5,44.47,293.3,0.97,9
2025-09-19T15:18:23Z,48.701716,1.892314,146.6,44.28,292.0,1.10,9
2025-09-19T15:18:24Z,48.701759,1.892164,146.0,42.97,291.3,1.09,8
2025-09-19T15:18:25Z,48.701795,1.892018,145.6,40.97,289.4,1.09,8
2025-09-19T15:18:26Z,48.701829,1.891880,145.5,38.30,290.1,0.97,9
2025-09-19T15:18:27Z,48.701861,1.891753,146.1,34.98,288.9,0.97,9
2025-09-19T15:18:28Z,48.701891,1.891636,146.3,32.61,291.7,1.31,9
2025-09-19T15:18:29Z,48.701913,1.891528,146.8,28.98,288.0,1.31,8
2025-09-19T15:18:30Z,48.701937,1.891426,146.8,28.65,289.6,1.31,8
2025-09-19T15:18:31Z,48.701964,1.891326,145.3,28.21,290.0,1.28,9
2025-09-19T15:18:32Z,48.701986,1.891220,145.3,30.45,288.3,1.28,10
2025-09-19T15:18:33Z,48.702014,1.891106,145.1,33.54,291.0,1.28,9
2025-09-19T15:18:34Z,48.702049,1.890979,144.8,36.95,292.2,1.28,9
2025-09-19T15:18:35Z,48.702085,1.890842,144.1,38.95,291.2,1.28,9
2025-09-19T15:18:36Z,48.702127,1.890709,143.7,38.67,295.7,1.28,9
2025-09-19T15:18:37Z,48.702159,1.890575,143.4,37.58,290.8,1.30,8
2025-09-19T15:18:38Z,48.702189,1.890444,143.2,36.85,289.6,1.28,9
2025-09-19T15:18:39Z,48.702219,1.890311,142.9,36.98,288.7,1.28,9
2025-09-19T15:18:40Z,48.702259,1.890184,142.8,37.04,294.7,1.28,9
2025-09-19T15:18:41Z,48.702297,1.890059,142.6,36.41,293.6,1.00,10
2025-09-19T15:18:42Z,48.702335,1.889927,142.5,38.82,292.2,1.00,9
2025-09-19T15:18:43Z,48.702364,1.889782,142.5,41.26,284.3,1.11,8
2025-09-19T15:18:44Z,48.702381,1.889622,142.6,43.63,275.7,1.14,8
2025-09-19T15:18:45Z,48.702387,1.889465,142.7,41.60,270.2,1.06,9
2025-09-19T15:18:46Z,48.702389,1.889323,143.6,37.82,270.9,0.93,10
2025-09-19T15:18:47Z,48.702390,1.889189,144.5,35.11,270.5,1.04,9
2025-09-19T15:18:48Z,48.702388,1.889057,144.6,34.06,268.7,1.04,9
2025-09-19T15:18:49Z,48.702388,1.888929,144.7,32.97,268.5,1.04,9
2025-09-19T15:18:50Z,48.702386,1.888806,144.8,31.15,268.1,1.04,9
2025-09-19T15:18:51Z,48.702382,1.888685,144.8,31.76,267.7,1.04,9
2025-09-19T15:18:52Z,48.702373,1.888558,144.7,34.22,265.9,1.04,9
2025-09-19T15:18:53Z,48.702366,1.888423,144.9,36.13,264.8,1.04,9
2025-09-19T15:18:54Z,48.702354,1.888285,144.6,36.45,263.8,1.04,9
2025-09-19T15:18:55Z,48.702342,1.888156,144.5,32.85,264.6,1.04,9
2025-09-19T15:18:56Z,48.702333,1.888039,144.5,29.95,265.6,1.04,9
2025-09-19T15:18:57Z,48.702325,1.887929,144.6,28.17,265.9,1.04,9
2025-09-19T15:18:58Z,48.702321,1.887826,144.9,26.67,266.9,1.04,9
2025-09-19T15:18:59Z,48.702318,1.887730,145.1,24.98,269.4,1.04,9
2025-09-19T15:19:00Z,48.702318,1.887635,145.6,25.26,270.3,1.04,9
2025-09-19T15:19:01Z,48.702320,1.887537,145.9,25.82,271.1,1.42,9
2025-09-19T15:19:02Z,48.702323,1.887443,145.9,23.89,273.2,1.42,9
2025-09-19T15:19:03Z,48.702329,1.887350,146.0,24.87,275.9,1.42,9
2025-09-19T15:19:04Z,48.702333,1.887248,146.4,27.97,275.2,0.93,10
2025-09-19T15:19:05Z,48.702341,1.887137,146.6,29.59,277.8,1.04,9
2025-09-19T15:19:06Z,48.702355,1.887027,146.8,29.41,281.2,1.04,9
2025-09-19T15:19:07Z,48.702371,1.886921,147.0,28.34,281.7,1.04,9
2025-09-19T15:19:08Z,48.702387,1.886818,147.1,27.45,283.7,1.04,9
2025-09-19T15:19:09Z,48.702401,1.886722,147.2,25.11,283.1,1.04,9
2025-09-19T15:19:10Z,48.702411,1.886632,147.1,24.00,281.9,1.04,9
2025-09-19T15:19:11Z,48.702423,1.886541,147.2,24.46,282.5,1.04,9
2025-09-19T15:19:12Z,48.702435,1.886448,147.4,25.22,282.2,1.04,9
2025-09-19T15:19:13Z,48.702449,1.886352,147.4,26.02,282.6,2.06,9
2025-09-19T15:19:14Z,48.702467,1.886257,147.5,26.39,285.0,1.00,9
2025-09-19T15:19:15Z,48.702481,1.886159,147.8,26.76,282.4,1.53,9
2025-09-19T15:19:16Z,48.702493,1.886058,148.0,27.41,280.6,1.53,9
2025-09-19T15:19:17Z,48.702505,1.885955,148.2,27.95,280.4,1.04,10
2025-09-19T15:19:18Z,48.702517,1.885851,148.5,27.97,281.1,1.04,10
2025-09-19T15:19:19Z,48.702531,1.885749,148.7,27.39,282.0,1.04,9
2025-09-19T15:19:20Z,48.702542,1.885657,148.9,23.74,280.5,1.53,9
2025-09-19T15:19:21Z,48.702550,1.885578,148.8,19.43,278.1,1.04,9
2025-09-19T15:19:22Z,48.702552,1.885514,148.9,15.65,274.8,1.04,9
2025-09-19T15:19:23Z,48.702554,1.885475,148.9,7.87,275.1,0.93,10
2025-09-19T15:19:24Z,48.702555,1.885458,149.0,3.41,273.6,1.04,10
2025-09-19T15:19:27Z,48.702557,1.885427,148.8,6.06,271.6,1.04,10
2025-09-19T15:19:28Z,48.702561,1.885388,148.8,12.20,278.6,1.04,10
2025-09-19T15:19:29Z,48.702563,1.885333,148.9,15.87,272.2,0.93,11
2025-09-19T15:19:30Z,48.702554,1.885276,149.3,16.30,261.5,0.93,11
2025-09-19T15:19:31Z,48.702527,1.885214,149.1,20.50,236.5,1.04,11
2025-09-19T15:19:32Z,48.702496,1.885152,149.3,20.78,234.3,0.99,11
2025-09-19T15:19:33Z,48.702471,1.885086,149.6,20.26,240.3,0.99,11
2025-09-19T15:19:34Z,48.702458,1.885006,149.4,22.26,258.5,1.04,9
2025-09-19T15:19:35Z,48.702458,1.884914,149.1,25.00,272.6,1.04,9
2025-09-19T15:19:36Z,48.702465,1.884813,148.7,27.32,276.4,1.11,9
2025-09-19T15:19:37Z,48.702473,1.884705,148.5,29.45,275.4,1.00,9
2025-09-19T15:19:38Z,48.702487,1.884590,148.0,31.15,281.9,0.93,10
2025-09-19T15:19:39Z,48.702503,1.884477,147.8,30.67,283.2,1.04,10
2025-09-19T15:19:40Z,48.702519,1.884360,147.3,31.87,282.0,0.93,10
2025-09-19T15:19:41Z,48.702535,1.884231,146.5,35.43,279.9,1.04,10
2025-09-19T15:19:42Z,48.702549,1.884090,146.0,38.91,277.6,0.93,10
2025-09-19T15:19:43Z,48.702559,1.883928,145.2,44.24,275.9,1.04,10
2025-09-19T15:19:44Z,48.702565,1.883752,144.4,47.30,271.7,1.04,10
2025-09-19T15:19:45Z,48.702557,1.883564,143.7,51.00,264.2,1.04,10
2025-09-19T15:19:46Z,48.702532,1.883366,143.0,53.99,257.8,1.04,9
2025-09-19T15:19:47Z,48.702501,1.883163,142.6,55.69,256.6,1.04,9
2025-09-19T15:19:48Z,48.702469,1.882956,142.5,56.93,256.8,1.04,9
2025-09-19T15:19:49Z,48.702433,1.882744,142.3,58.23,255.3,1.04,9
2025-09-19T15:19:50Z,48.702396,1.882534,142.5,57.23,255.2,1.04,9
2025-09-19T15:19:51Z,48.702370,1.882331,142.6,53.67,260.0,1.54,9
2025-09-19T15:19:52Z,48.702362,1.882132,142.8,52.56,269.0,1.54,8
2025-09-19T15:19:53Z,48.702378,1.881934,142.9,53.75,280.2,1.04,9
2025-09-19T15:19:54Z,48.702427,1.881736,143.0,57.69,294.4,1.04,9
2025-09-19T15:19:55Z,48.702512,1.881533,143.3,66.45,304.9,1.54,8
2025-09-19T15:19:56Z,48.702638,1.881324,143.8,78.41,313.8,1.04,9
2025-09-19T15:19:57Z,48.702776,1.881083,144.0,86.80,310.4,1.11,8
2025-09-19T15:19:58Z,48.702914,1.880836,144.6,85.10,310.0,1.00,9
2025-09-19T15:19:59Z,48.703052,1.880586,145.2,86.25,309.6,1.00,9
2025-09-19T15:20:00Z,48.703187,1.880335,145.4,85.88,309.5,1.00,10
2025-09-19T15:20:01Z,48.703324,1.880086,145.9,85.41,309.8,1.00,9
2025-09-19T15:20:02Z,48.703457,1.879835,146.2,85.32,308.9,1.00,9
2025-09-19T15:20:03Z,48.703596,1.879583,146.6,87.03,309.3,1.11,8
2025-09-19T15:20:04Z,48.703733,1.879335,147.1,84.71,309.6,1.04,9
2025-09-19T15:20:05Z,48.703851,1.879090,146.3,80.62,308.9,1.04,9
2025-09-19T15:20:06Z,48.703981,1.878846,146.0,84.10,309.5,1.04,9
2025-09-19T15:20:07Z,48.704114,1.878595,146.0,86.45,309.3,1.11,8
2025-09-19T15:20:08Z,48.704254,1.878339,145.9,88.41,310.0,1.11,8
2025-09-19T15:20:09Z,48.704399,1.878077,146.2,91.17,310.0,1.11,8
2025-09-19T15:20:10Z,48.704550,1.877793,146.4,99.10,309.0,1.11,8
2025-09-19T15:20:11Z,48.704703,1.877510,146.6,96.03,309.7,1.15,8
2025-09-19T15:20:12Z,48.704850,1.877247,146.6,89.49,310.6,1.15,8
2025-09-19T15:20:13Z,48.704987,1.877002,146.7,83.90,311.1,1.15,9
2025-09-19T15:20:14Z,48.705121,1.876768,147.1,81.53,311.1,1.15,9
2025-09-19T15:20:15Z,48.705250,1.876540,147.7,79.45,310.9,1.15,9
2025-09-19T15:20:16Z,48.705377,1.876314,148.6,78.45,311.0,1.04,9
2025-09-19T15:20:17Z,48.705494,1.876091,148.8,74.93,309.4,1.04,9
2025-09-19T15:20:18Z,48.705605,1.875872,149.6,72.73,308.2,1.04,9
2025-09-19T15:20:19Z,48.705701,1.875647,150.5,70.95,302.9,1.04,9
2025-09-19T15:20:20Z,48.705769,1.875406,151.1,69.14,292.7,1.11,9
2025-09-19T15:20:21Z,48.705799,1.875145,151.4,70.39,278.9,1.11,8
2025-09-19T15:20:22Z,48.705803,1.874853,152.3,79.62,271.2,1.11,8
2025-09-19T15:20:23Z,48.705816,1.874545,153.1,82.21,275.1,1.11,8
2025-09-19T15:20:24Z,48.705856,1.874239,153.9,82.06,283.9,1.11,8
2025-09-19T15:20:25Z,48.705925,1.873945,154.9,83.53,291.2,1.04,9
2025-09-19T15:20:26Z,48.706015,1.873653,155.4,86.27,296.2,1.11,9
2025-09-19T15:20:27Z,48.706108,1.873353,155.6,88.28,295.6,1.11,8
2025-09-19T15:20:28Z,48.706200,1.873056,156.0,85.93,294.9,1.11,8
2025-09-19T15:20:29Z,48.706285,1.872777,156.2,79.80,295.1,1.11,8
2025-09-19T15:20:30Z,48.706364,1.872515,156.2,74.27,295.2,1.04,9
2025-09-19T15:20:31Z,48.706442,1.872262,156.3,74.01,296.1,1.04,9
2025-09-19T15:20:32Z,48.706517,1.872002,155.9,75.67,295.3,1.04,9
2025-09-19T15:20:33Z,48.706597,1.871745,155.6,74.86,295.6,1.04,9
2025-09-19T15:20:34Z,48.706672,1.871498,155.7,70.88,295.2,1.04,9
2025-09-19T15:20:35Z,48.706740,1.871260,155.6,68.41,294.6,1.04,9
2025-09-19T15:20:36Z,48.706809,1.871031,155.7,65.54,294.5,1.04,9
2025-09-19T15:20:37Z,48.706871,1.870815,155.6,60.93,294.2,1.04,9
2025-09-19T15:20:38Z,48.706926,1.870615,155.6,56.02,292.7,1.04,9
2025-09-19T15:20:39Z,48.706974,1.870432,155.8,50.41,291.9,1.55,8
2025-09-19T15:20:40Z,48.707015,1.870262,156.1,46.84,290.3,1.55,8
2025-09-19T15:20:41Z,48.707052,1.870103,156.6,44.28,289.2,1.04,9
2025-09-19T15:20:42Z,48.707090,1.869956,157.0,41.13,293.9,1.04,9
2025-09-19T15:20:43Z,48.707141,1.869829,157.7,39.15,304.1,1.04,9
2025-09-19T15:20:44Z,48.707203,1.869715,158.1,39.63,311.8,1.04,9
2025-09-19T15:20:45Z,48.707262,1.869637,158.4,32.45,317.6,1.07,9
2025-09-19T15:20:46Z,48.707297,1.869565,158.7,23.19,314.6,1.11,8
2025-09-19T15:20:47Z,48.707307,1.869523,160.3,9.93,310.4,1.11,8
2025-09-19T15:20:48Z,48.707309,1.869509,162.1,4.33,313.4,0.94,10
2025-09-19T15:20:49Z,48.707306,1.869495,162.3,2.78,310.0,1.15,9
2025-09-19T15:20:54Z,48.707283,1.869490,163.7,2.48,318.8,1.04,9
2025-09-19T15:20:55Z,48.707295,1.869481,164.1,6.52,344.8,1.04,9
2025-09-19T15:20:56Z,48.707318,1.869484,165.0,11.37,4.5,0.94,10
2025-09-19T15:20:57Z,48.707358,1.869513,165.4,19.08,25.0,0.94,10
2025-09-19T15:20:58Z,48.707411,1.869572,166.6,29.11,38.8,0.94,10
2025-09-19T15:20:59Z,48.707481,1.869659,167.2,38.63,40.7,0.97,9
2025-09-19T15:21:00Z,48.707560,1.869752,167.5,39.98,38.8,1.10,10
2025-09-19T15:21:01Z,48.707644,1.869852,168.4,43.95,38.6,1.10,8
2025-09-19T15:21:02Z,48.707741,1.869966,168.3,49.24,40.4,1.10,9
2025-09-19T15:21:03Z,48.707847,1.870100,168.6,57.12,40.9,1.10,8
2025-09-19T15:21:04Z,48.707966,1.870248,169.2,63.26,39.8,1.10,8
2025-09-19T15:21:05Z,48.708089,1.870396,170.3,63.62,38.4,1.10,8
2025-09-19T15:21:06Z,48.708221,1.870559,171.3,68.88,39.7,0.97,9
2025-09-19T15:21:07Z,48.708365,1.870741,172.4,76.15,40.4,0.98,10
2025-09-19T15:21:08Z,48.708512,1.870938,174.5,80.01,41.9,0.98,10
2025-09-19T15:21:09Z,48.708669,1.871140,176.2,83.80,40.7,0.94,11
2025-09-19T15:21:10Z,48.708820,1.871336,177.4,78.80,40.1,0.98,10
2025-09-19T15:21:11Z,48.708963,1.871515,178.5,71.73,39.7,0.98,9
2025-09-19T15:21:12Z,48.709091,1.871675,179.2,64.21,40.0,0.98,10
2025-09-19T15:21:13Z,48.709206,1.871821,180.0,58.06,40.0,0.98,9
2025-09-19T15:21:14Z,48.709309,1.871951,181.0,52.37,40.3,0.98,9
2025-09-19T15:21:15Z,48.709402,1.872069,181.3,45.99,40.4,0.98,9
2025-09-19T15:21:16Z,48.709484,1.872173,181.5,40.24,40.6,0.98,9
2025-09-19T15:21:17Z,48.709559,1.872265,181.2,36.08,40.1,0.91,11
2025-09-19T15:21:18Z,48.709622,1.872350,181.2,31.98,42.2,0.98,10
2025-09-19T15:21:19Z,48.709677,1.872429,180.8,28.61,44.2,0.91,11
2025-09-19T15:21:20Z,48.709725,1.872503,180.5,26.39,47.3,1.08,9
2025-09-19T15:21:21Z,48.709773,1.872575,180.3,26.89,44.0,1.08,9
2025-09-19T15:21:22Z,48.709828,1.872624,180.2,24.91,26.0,1.10,9
2025-09-19T15:21:23Z,48.709886,1.872638,180.1,23.06,4.7,1.10,9
2025-09-19T15:21:24Z,48.709936,1.872617,180.1,21.11,340.8,1.10,9
2025-09-19T15:21:25Z,48.709970,1.872561,179.6,21.39,303.5,1.04,10
2025-09-19T15:21:26Z,48.709989,1.872478,178.9,24.93,282.9,1.04,10
2025-09-19T15:21:27Z,48.710004,1.872381,178.2,27.61,281.4,1.04,10
2025-09-19T15:21:28Z,48.710024,1.872277,178.0,29.67,286.9,1.56,8
2025-09-19T15:21:29Z,48.710049,1.872168,177.8,31.72,288.4,1.11,9
2025-09-19T15:21:30Z,48.710074,1.872051,177.7,33.47,287.2,1.11,9
2025-09-19T15:21:31Z,48.710103,1.871929,177.6,34.84,289.6,1.11,8
2025-09-19T15:21:32Z,48.710135,1.871802,177.7,36.23,291.6,1.11,8
2025-09-19T15:21:33Z,48.710170,1.871673,177.8,37.13,292.4,1.01,9
2025-09-19T15:21:34Z,48.710208,1.871539,178.0,39.32,292.7,0.94,10
2025-09-19T15:21:35Z,48.710249,1.871395,177.9,42.39,292.5,0.94,10
2025-09-19T15:21:36Z,48.710291,1.871242,178.1,44.71,292.3,0.94,10
2025-09-19T15:21:37Z,48.710337,1.871084,178.4,46.34,294.2,0.94,10
2025-09-19T15:21:38Z,48.710378,1.870922,178.8,45.76,290.8,0.94,10
2025-09-19T15:21:39Z,48.710420,1.870761,178.9,45.41,291.9,1.04,10
2025-09-19T15:21:40Z,48.710464,1.870604,178.9,44.91,292.1,1.04,10
2025-09-19T15:21:41Z,48.710508,1.870448,179.0,45.10,294.1,0.94,10
2025-09-19T15:21:42Z,48.710550,1.870290,179.0,44.91,292.1,1.04,10
2025-09-19T15:21:43Z,48.710590,1.870131,178.8,44.99,289.9,1.04,10
2025-09-19T15:21:44Z,48.710631,1.869972,178.6,45.02,291.4,1.04,10
2025-09-19T15:21:45Z,48.710676,1.869814,178.4,45.63,293.8,1.04,10
2025-09-19T15:21:46Z,48.710723,1.869654,178.2,46.56,294.4,1.04,10
2025-09-19T15:21:47Z,48.710770,1.869491,177.7,47.00,293.2,1.04,10
2025-09-19T15:21:48Z,48.710815,1.869324,177.4,48.04,292.9,1.04,10
2025-09-19T15:21:49Z,48.710866,1.869147,177.2,52.76,293.8,1.04,10
2025-09-19T15:21:50Z,48.710924,1.868952,176.7,57.97,294.1,1.04,10
2025-09-19T15:21:51Z,48.710981,1.868757,176.5,55.56,293.4,1.04,10
2025-09-19T15:21:52Z,48.711031,1.868574,176.4,51.41,292.4,1.04,10
2025-09-19T15:21:53Z,48.711080,1.868392,176.3,51.99,292.0,1.04,10
2025-09-19T15:21:54Z,48.711129,1.868209,176.2,52.56,291.7,1.04,10
2025-09-19T15:21:55Z,48.711177,1.868024,176.1,52.50,291.4,1.04,10
2025-09-19T15:21:56Z,48.711222,1.867847,176.1,49.50,291.0,1.04,10
2025-09-19T15:21:57Z,48.711265,1.867684,176.1,45.39,291.7,1.04,10
2025-09-19T15:21:58Z,48.711303,1.867532,176.1,41.93,290.8,1.04,10
2025-09-19T15:21:59Z,48.711335,1.867388,176.0,39.15,287.4,1.04,10
2025-09-19T15:22:00Z,48.711362,1.867261,175.9,33.52,287.7,1.04,10
2025-09-19T15:22:01Z,48.711388,1.867158,175.9,28.04,292.0,1.04,10
2025-09-19T15:22:02Z,48.711409,1.867071,175.8,22.82,289.5,1.04,10
2025-09-19T15:22:03Z,48.711419,1.866989,175.7,22.09,276.8,1.00,11
2025-09-19T15:22:04Z,48.711407,1.866901,175.7,25.22,256.2,1.00,11
2025-09-19T15:22:05Z,48.711371,1.866810,175.9,30.09,235.4,1.00,11
2025-09-19T15:22:06Z,48.711310,1.866721,175.9,35.89,220.9,1.04,10
2025-09-19T15:22:07Z,48.711236,1.866633,176.3,38.47,218.1,0.86,11
2025-09-19T15:22:08Z,48.711109,1.866539,176.5,59.28,206.2,1.16,10
2025-09-19T15:22:09Z,48.710966,1.866438,176.5,64.47,204.5,1.04,10
2025-09-19T15:22:10Z,48.710810,1.866329,176.8,70.26,204.7,1.04,9
2025-09-19T15:22:11Z,48.710630,1.866203,176.8,82.17,205.1,1.04,9
2025-09-19T15:22:12Z,48.710422,1.866062,176.6,93.90,204.6,1.04,9
2025-09-19T15:22:13Z,48.710212,1.865915,176.4,91.93,205.1,1.04,9
2025-09-19T15:22:14Z,48.710008,1.865768,176.3,90.75,205.8,1.04,9
2025-09-19T15:22:15Z,48.709805,1.865617,176.3,90.28,206.5,1.04,9
2025-09-19T15:22:16Z,48.709602,1.865460,176.1,90.73,208.4,0.98,10
2025-09-19T15:22:17Z,48.709408,1.865283,176.2,90.51,212.7,0.94,10
2025-09-19T15:22:18Z,48.709229,1.865085,176.5,89.28,217.1,0.94,10
2025-09-19T15:22:19Z,48.709062,1.864868,176.4,88.34,222.0,0.94,10
2025-09-19T15:22:20Z,48.708908,1.864631,175.9,87.80,226.7,0.94,10
2025-09-19T15:22:21Z,48.708767,1.864378,175.7,87.75,231.0,0.94,10
2025-09-19T15:22:22Z,48.708638,1.864102,175.8,89.84,235.9,0.94,10
2025-09-19T15:22:23Z,48.708517,1.863794,175.3,96.71,240.4,0.94,10
2025-09-19T15:22:24Z,48.708394,1.863457,175.1,103.43,241.8,1.04,9
2025-09-19T15:22:25Z,48.708264,1.863094,175.0,110.95,241.8,1.04,9
2025-09-19T15:22:26Z,48.708127,1.862709,175.0,117.32,241.9,1.04,9
2025-09-19T15:22:27Z,48.707983,1.862304,175.1,123.05,241.9,1.04,9
2025-09-19T15:22:28Z,48.707837,1.861883,174.9,127.57,242.5,1.04,9
2025-09-19T15:22:29Z,48.707691,1.861457,175.0,126.64,242.5,1.04,9
2025-09-19T15:22:30Z,48.707544,1.861033,174.7,126.32,242.5,1.04,9
2025-09-19T15:22:31Z,48.707397,1.860610,174.5,126.34,242.2,1.04,9
2025-09-19T15:22:32Z,48.707253,1.860196,174.4,122.99,242.1,1.04,9
2025-09-19T15:22:33Z,48.707112,1.859789,174.1,120.69,242.5,1.04,9
2025-09-19T15:22:34Z,48.706976,1.859388,174.2,118.79,243.1,1.04,9
2025-09-19T15:22:35Z,48.706842,1.858995,174.3,116.55,242.7,0.94,10
2025-09-19T15:22:36Z,48.706710,1.858605,174.5,115.66,243.0,0.94,10
2025-09-19T15:22:37Z,48.706579,1.858220,174.4,114.45,242.7,0.94,10
2025-09-19T15:22:38Z,48.706442,1.857839,174.4,114.45,241.5,0.94,10
2025-09-19T15:22:39Z,48.706304,1.857459,174.4,114.81,241.0,0.94,10
2025-09-19T15:22:40Z,48.706166,1.857079,174.6,114.79,241.2,0.94,10
2025-09-19T15:22:41Z,48.706031,1.856699,174.9,114.47,241.9,0.94,10
2025-09-19T15:22:42Z,48.705896,1.856324,175.8,113.95,241.3,0.94,10
2025-09-19T15:22:43Z,48.705754,1.855948,176.3,114.60,239.8,0.94,10
2025-09-19T15:22:44Z,48.705604,1.855573,176.2,115.68,238.7,1.07,10
2025-09-19T15:22:45Z,48.705446,1.855204,176.3,115.95,237.8,1.07,9
2025-09-19T15:22:46Z,48.705289,1.854837,176.8,116.36,236.9,1.07,9
2025-09-19T15:22:47Z,48.705126,1.854468,177.0,117.34,236.0,1.07,9
2025-09-19T15:22:48Z,48.704958,1.854101,177.2,117.66,235.1,0.94,10
2025-09-19T15:22:49Z,48.704786,1.853741,177.4,117.49,233.6,0.94,10
2025-09-19T15:22:50Z,48.704608,1.853386,177.4,117.62,232.6,0.94,10
2025-09-19T15:22:51Z,48.704427,1.853036,177.4,117.38,231.9,0.94,10
2025-09-19T15:22:52Z,48.704241,1.852693,177.3,117.18,230.5,0.94,10
2025-09-19T15:22:53Z,48.704051,1.852356,177.2,116.99,229.3,0.94,10
2025-09-19T15:22:54Z,48.703857,1.852024,177.4,116.88,228.3,0.94,10
2025-09-19T15:22:55Z,48.703660,1.851700,177.6,116.56,227.2,0.94,10
2025-09-19T15:22:56Z,48.703457,1.851383,177.6,116.18,225.7,1.04,9
2025-09-19T15:22:57Z,48.703250,1.851075,177.8,116.16,224.3,1.04,9
2025-09-19T15:22:58Z,48.703039,1.850773,177.9,116.03,223.2,1.04,9
2025-09-19T15:22:59Z,48.702825,1.850478,177.9,115.45,222.1,1.04,9
2025-09-19T15:23:00Z,48.702607,1.850193,178.1,115.23,220.6,0.94,10
2025-09-19T15:23:01Z,48.702385,1.849914,178.3,115.79,219.4,0.94,10
2025-09-19T15:23:02Z,48.702158,1.849642,178.4,115.79,218.5,0.94,10
2025-09-19T15:23:03Z,48.701929,1.849375,178.4,115.64,217.3,0.94,10
2025-09-19T15:23:04Z,48.701695,1.849119,178.6,115.06,215.6,0.94,10
2025-09-19T15:23:05Z,48.701456,1.848871,178.5,114.88,214.5,0.94,10
2025-09-19T15:23:06Z,48.701217,1.848632,178.5,114.23,213.4,0.94,10
2025-09-19T15:23:07Z,48.700978,1.848401,178.6,112.88,212.5,1.04,9
2025-09-19T15:23:08Z,48.700739,1.848179,178.5,110.79,211.5,1.04,9
2025-09-19T15:23:09Z,48.700502,1.847972,178.5,108.40,209.7,1.04,9
2025-09-19T15:23:10Z,48.700265,1.847774,178.5,107.97,208.9,1.04,9
2025-09-19T15:23:11Z,48.700024,1.847578,178.6,110.19,208.2,1.04,9
2025-09-19T15:23:12Z,48.699774,1.847381,178.6,113.14,207.1,1.04,9
2025-09-19T15:23:13Z,48.699514,1.847190,178.7,116.49,205.5,1.04,9
2025-09-19T15:23:14Z,48.699244,1.847005,178.8,118.94,204.1,1.04,9
2025-09-19T15:23:15Z,48.698967,1.846827,178.9,120.88,202.8,1.04,9
2025-09-19T15:23:16Z,48.698684,1.846657,178.9,121.66,201.3,1.04,9
2025-09-19T15:23:17Z,48.698397,1.846497,179.0,121.75,200.0,1.04,9
2025-09-19T15:23:18Z,48.698108,1.846348,178.9,121.62,198.5,1.04,9
2025-09-19T15:23:19Z,48.697818,1.846208,178.9,121.18,197.4,1.04,9
2025-09-19T15:23:20Z,48.697530,1.846075,179.1,120.27,196.8,1.04,9
2025-09-19T15:23:21Z,48.697250,1.845954,179.1,115.32,195.5,1.04,9
2025-09-19T15:23:22Z,48.696985,1.845847,179.4,108.12,194.6,1.04,9
2025-09-19T15:23:23Z,48.696730,1.845748,179.5,103.64,194.4,1.04,9
2025-09-19T15:23:24Z,48.696480,1.845655,179.9,102.34,193.5,1.04,9
2025-09-19T15:23:25Z,48.696229,1.845569,180.1,103.19,192.6,1.04,9
2025-09-19T15:23:26Z,48.695974,1.845484,180.5,105.01,192.3,1.04,9
2025-09-19T15:23:27Z,48.695713,1.845398,180.2,107.06,192.2,1.04,9
2025-09-19T15:23:28Z,48.695454,1.845314,180.6,105.82,192.1,1.04,9
2025-09-19T15:23:29Z,48.695195,1.845233,180.6,105.77,191.5,1.04,9
2025-09-19T15:23:30Z,48.694933,1.845159,181.1,106.16,190.7,1.04,9
2025-09-19T15:23:31Z,48.694670,1.845084,181.2,107.90,190.5,1.04,9
2025-09-19T15:23:32Z,48.694400,1.845013,181.6,110.12,189.9,1.04,9
2025-09-19T15:23:33Z,48.694122,1.844947,182.1,112.93,188.7,1.04,9
2025-09-19T15:23:34Z,48.693840,1.844879,182.2,114.62,189.3,1.05,9
2025-09-19T15:23:35Z,48.693554,1.844806,182.4,116.25,189.8,1.05,9
2025-09-19T15:23:36Z,48.693266,1.844731,182.7,116.64,190.1,1.05,9
2025-09-19T15:23:37Z,48.692978,1.844654,182.8,116.64,190.2,1.05,9
2025-09-19T15:23:38Z,48.692691,1.844574,183.1,116.56,190.4,1.05,9
2025-09-19T15:23:39Z,48.692405,1.844493,183.1,116.66,190.6,1.05,9
2025-09-19T15:23:40Z,48.692121,1.844413,183.2,115.53,190.4,1.05,9
2025-09-19T15:23:41Z,48.691837,1.844334,183.2,114.92,190.5,1.05,9
2025-09-19T15:23:42Z,48.691555,1.844253,183.3,115.08,190.7,1.05,9
2025-09-19T15:23:43Z,48.691274,1.844173,183.3,114.71,190.7,1.05,9
2025-09-19T15:23:44Z,48.690993,1.844094,183.1,114.77,190.3,1.05,9
2025-09-19T15:23:45Z,48.690709,1.844015,183.4,115.49,190.5,1.05,9
2025-09-19T15:23:46Z,48.690428,1.843928,183.6,114.92,191.8,1.05,9
2025-09-19T15:23:47Z,48.690146,1.843834,183.5,115.97,192.8,1.05,9
2025-09-19T15:23:48Z,48.689862,1.843731,183.4,116.66,193.9,1.05,9
2025-09-19T15:23:49Z,48.689579,1.843619,183.5,117.23,195.0,1.05,9
2025-09-19T15:23:50Z,48.689297,1.843500,183.7,117.45,195.9,1.05,9
2025-09-19T15:23:51Z,48.689015,1.843374,183.6,117.56,196.7,1.05,9
2025-09-19T15:23:52Z,48.688733,1.843244,183.4,117.75,197.3,1.05,9
2025-09-19T15:23:53Z,48.688453,1.843110,183.7,117.95,197.7,1.10,8
2025-09-19T15:23:54Z,48.688171,1.842973,183.8,118.81,198.0,1.10,8
2025-09-19T15:23:55Z,48.687888,1.842834,184.0,118.86,198.0,1.10,8
2025-09-19T15:23:56Z,48.687609,1.842695,184.0,117.68,198.3,1.10,8
2025-09-19T15:23:57Z,48.687331,1.842559,184.2,116.55,198.0,1.10,8
2025-09-19T15:23:58Z,48.687055,1.842427,184.3,115.10,197.4,1.10,8
2025-09-19T15:23:59Z,48.686781,1.842303,184.5,114.55,196.5,1.10,8
2025-09-19T15:24:00Z,48.686506,1.842187,184.5,114.19,195.4,1.10,8
2025-09-19T15:24:01Z,48.686230,1.842077,183.6,114.23,194.5,1.10,9
2025-09-19T15:24:02Z,48.685954,1.841972,182.8,114.18,193.7,1.10,9
2025-09-19T15:24:03Z,48.685676,1.841877,182.6,114.45,192.4,1.10,9
2025-09-19T15:24:04Z,48.685386,1.841790,182.4,118.95,191.0,1.05,9
2025-09-19T15:24:05Z,48.685088,1.841711,181.8,122.25,189.8,1.05,9
2025-09-19T15:24:06Z,48.684795,1.841643,181.9,117.18,188.2,1.05,9
2025-09-19T15:24:07Z,48.684514,1.841586,181.8,112.23,187.2,1.05,9
2025-09-19T15:24:08Z,48.684241,1.841532,181.6,109.60,187.3,1.05,9
2025-09-19T15:24:09Z,48.683975,1.841477,181.5,106.43,188.1,1.05,9
2025-09-19T15:24:10Z,48.683715,1.841419,181.4,105.23,188.5,1.10,9
2025-09-19T15:24:11Z,48.683454,1.841369,180.9,105.53,186.6,1.05,9
2025-09-19T15:24:12Z,48.683199,1.841339,180.5,101.69,183.4,1.05,9
2025-09-19T15:24:13Z,48.682953,1.841327,180.2,97.12,181.3,1.05,9
2025-09-19T15:24:14Z,48.682719,1.841315,180.3,92.69,182.3,1.05,9
2025-09-19T15:24:15Z,48.682501,1.841288,180.2,85.86,185.5,1.05,9
2025-09-19T15:24:16Z,48.682314,1.841249,180.1,72.58,188.5,1.05,9
2025-09-19T15:24:17Z,48.682158,1.841204,180.5,60.69,191.4,1.05,9
2025-09-19T15:24:18Z,48.682033,1.841158,180.3,48.24,194.1,1.05,9
2025-09-19T15:24:19Z,48.681932,1.841119,180.5,39.84,194.3,1.05,9
2025-09-19T15:24:20Z,48.681845,1.841086,180.5,34.65,193.4,1.05,9
2025-09-19T15:24:21Z,48.681772,1.841059,180.4,28.52,193.1,1.05,9
2025-09-19T15:24:22Z,48.681718,1.841038,180.4,20.59,194.0,1.05,9
2025-09-19T15:24:23Z,48.681668,1.841025,180.5,20.26,189.1,1.05,9
2025-09-19T15:24:24Z,48.681609,1.841019,180.4,25.15,183.7,1.05,9
2025-09-19T15:24:25Z,48.681529,1.841025,180.2,33.74,174.8,1.05,9
2025-09-19T15:24:26Z,48.681435,1.841040,180.7,38.89,174.4,1.05,9
2025-09-19T15:24:27Z,48.681331,1.841047,181.3,42.04,179.2,1.05,9
2025-09-19T15:24:28Z,48.681212,1.841051,183.0,48.89,180.3,1.05,9
2025-09-19T15:24:29Z,48.681098,1.841041,184.8,46.00,185.3,1.05,9
2025-09-19T15:24:30Z,48.680988,1.841007,186.0,45.63,194.3,1.61,8
2025-09-19T15:24:31Z,48.680897,1.840937,188.0,42.37,209.5,1.05,9
2025-09-19T15:24:32Z,48.680797,1.840861,189.2,45.04,207.3,1.05,9
2025-09-19T15:24:33Z,48.680703,1.840790,190.6,40.93,206.0,1.05,9
2025-09-19T15:24:34Z,48.680621,1.840749,192.6,33.97,195.4,1.05,9
2025-09-19T15:24:35Z,48.680549,1.840741,194.4,28.47,178.8,1.05,9
2025-09-19T15:24:36Z,48.680492,1.840756,195.3,22.46,165.3,1.05,9
2025-09-19T15:24:37Z,48.680444,1.840777,193.5,18.32,155.3,1.05,9
2025-09-19T15:24:38Z,48.680417,1.840791,191.0,12.08,153.1,1.05,9
2025-09-19T15:24:39Z,48.680401,1.840801,189.7,8.96,148.2,1.05,9
2025-09-19T15:24:40Z,48.680389,1.840812,188.9,7.50,145.8,1.05,9
2025-09-19T15:24:41Z,48.680375,1.840834,188.7,8.96,136.9,1.05,9
2025-09-19T15:24:42Z,48.680361,1.840875,187.9,16.59,115.3,1.05,9
2025-09-19T15:24:43Z,48.680353,1.840957,187.4,25.41,97.1,1.05,9
2025-09-19T15:24:44Z,48.680358,1.841071,187.0,33.82,82.4,1.05,9
2025-09-19T15:24:45Z,48.680374,1.841209,186.9,39.58,78.1,1.05,9
2025-09-19T15:24:46Z,48.680396,1.841359,187.0,42.08,77.3,1.05,9
2025-09-19T15:24:47Z,48.680416,1.841518,186.9,44.17,78.2,1.10,9
2025-09-19T15:24:48Z,48.680439,1.841688,187.0,47.30,78.5,1.05,9
2025-09-19T15:24:49Z,48.680464,1.841864,187.0,48.02,77.4,1.10,9
2025-09-19T15:24:50Z,48.680493,1.842032,186.8,46.47,71.9,1.10,9
2025-09-19T15:24:51Z,48.680539,1.842183,186.4,43.86,60.5,1.10,9
2025-09-19T15:24:52Z,48.680604,1.842301,186.4,40.02,46.4,1.10,9
2025-09-19T15:24:53Z,48.680697,1.842378,185.9,43.19,23.4,1.15,8
2025-09-19T15:24:54Z,48.680809,1.842416,185.7,47.41,9.2,1.15,8
2025-09-19T15:24:55Z,48.680932,1.842423,185.2,50.99,0.2,1.15,8
2025-09-19T15:24:56Z,48.681062,1.842416,184.7,53.73,357.4,1.35,8
2025-09-19T15:24:57Z,48.681199,1.842406,183.8,55.43,357.2,1.35,7
2025-09-19T15:24:58Z,48.681333,1.842398,183.1,52.49,358.7,1.35,7
2025-09-19T15:24:59Z,48.681462,1.842386,182.5,49.62,358.4,1.88,6
2025-09-19T15:25:00Z,48.681582,1.842378,181.8,47.91,356.5,1.35,7
2025-09-19T15:25:01Z,48.681700,1.842365,181.5,46.82,356.3,1.35,7
2025-09-19T15:25:02Z,48.681809,1.842365,181.2,42.74,1.6,1.10,8
2025-09-19T15:25:03Z,48.681909,1.842388,181.4,40.84,11.7,1.10,8
2025-09-19T15:25:04Z,48.682004,1.842433,181.8,40.39,18.9,1.10,8
2025-09-19T15:25:05Z,48.682099,1.842489,181.7,40.86,23.0,1.35,7
2025-09-19T15:25:06Z,48.682192,1.842554,181.5,41.11,25.8,1.35,7
2025-09-19T15:25:07Z,48.682285,1.842626,181.2,41.76,29.2,1.10,8
2025-09-19T15:25:08Z,48.682380,1.842708,180.7,43.58,31.1,1.35,9
2025-09-19T15:25:09Z,48.682479,1.842798,180.4,46.99,31.6,1.35,8
2025-09-19T15:25:10Z,48.682581,1.842892,180.2,48.00,31.5,1.35,8
2025-09-19T15:25:11Z,48.682685,1.842988,179.9,48.69,31.6,1.35,8
2025-09-19T15:25:12Z,48.682790,1.843090,179.8,50.45,33.2,1.35,9
2025-09-19T15:25:13Z,48.682898,1.843200,179.7,52.45,34.0,1.35,8
2025-09-19T15:25:14Z,48.683009,1.843313,179.7,54.34,33.8,1.10,8
2025-09-19T15:25:15Z,48.683123,1.843430,179.5,55.67,34.5,1.10,8
2025-09-19T15:25:16Z,48.683238,1.843551,179.4,56.02,35.1,1.10,8
2025-09-19T15:25:17Z,48.683347,1.843671,179.2,53.47,35.5,1.05,9
2025-09-19T15:25:18Z,48.683451,1.843784,178.9,49.89,36.2,1.05,9
2025-09-19T15:25:19Z,48.683544,1.843890,178.8,45.69,37.1,1.05,9
2025-09-19T15:25:20Z,48.683628,1.843987,178.6,40.97,37.8,1.05,9
2025-09-19T15:25:21Z,48.683702,1.844075,178.5,36.26,38.5,1.05,9
2025-09-19T15:25:22Z,48.683766,1.844159,178.4,32.74,41.6,1.05,9
2025-09-19T15:25:23Z,48.683821,1.844245,178.6,31.76,47.9,1.10,9
2025-09-19T15:25:24Z,48.683870,1.844343,178.2,32.13,55.6,1.10,9
2025-09-19T15:25:25Z,48.683911,1.844452,178.0,33.11,63.4,1.05,9
2025-09-19T15:25:26Z,48.683938,1.844569,178.0,33.54,72.8,1.10,9
2025-09-19T15:25:27Z,48.683966,1.844686,178.4,33.54,69.6,1.10,9
2025-09-19T15:25:28Z,48.683998,1.844806,178.5,34.37,67.2,1.15,9
2025-09-19T15:25:29Z,48.684029,1.844925,178.6,33.74,69.6,1.15,8
2025-09-19T15:25:30Z,48.684049,1.845039,178.5,30.47,77.2,1.15,8
2025-09-19T15:25:31Z,48.684059,1.845143,178.7,26.95,82.4,1.15,8
2025-09-19T15:25:32Z,48.684060,1.845234,178.7,23.22,89.8,1.05,9
2025-09-19T15:25:33Z,48.684062,1.845310,178.7,19.15,88.5,1.05,9
2025-09-19T15:25:34Z,48.684070,1.845377,178.9,17.33,81.4,1.10,9
2025-09-19T15:25:35Z,48.684086,1.845434,178.9,16.39,65.5,1.05,9
2025-09-19T15:25:36Z,48.684109,1.845481,178.9,15.61,50.0,1.05,9
2025-09-19T15:25:37Z,48.684135,1.845515,179.1,12.76,39.4,1.10,8
2025-09-19T15:25:38Z,48.684154,1.845534,179.1,7.67,35.0,1.10,8
2025-09-19T15:25:39Z,48.684167,1.845543,179.0,5.33,30.8,1.10,8
2025-09-19T15:25:40Z,48.684181,1.845550,179.0,5.61,22.8,1.05,9
2025-09-19T15:25:41Z,48.684196,1.845558,179.1,7.20,20.4,1.10,8
2025-09-19T15:25:42Z,48.684219,1.845573,179.4,11.78,24.7,1.10,8
2025-09-19T15:25:43Z,48.684243,1.845594,179.7,10.67,29.7,1.10,9
2025-09-19T15:25:44Z,48.684265,1.845615,180.1,11.09,32.1,1.05,9
2025-09-19T15:25:45Z,48.684289,1.845638,180.5,11.74,33.9,1.15,8
2025-09-19T15:25:46Z,48.684317,1.845667,180.4,13.76,33.1,1.35,7
2025-09-19T15:25:47Z,48.684347,1.845696,180.3,13.98,31.4,1.35,7
2025-09-19T15:25:48Z,48.684376,1.845723,180.3,13.67,29.7,1.35,8
2025-09-19T15:25:49Z,48.684410,1.845756,180.0,16.54,32.3,1.35,8
2025-09-19T15:25:50Z,48.684444,1.845788,179.9,16.26,30.9,1.35,8
2025-09-19T15:25:51Z,48.684476,1.845818,179.9,14.43,32.2,1.35,8
2025-09-19T15:25:52Z,48.684502,1.845846,179.8,12.52,35.7,1.35,8
2025-09-19T15:25:53Z,48.684525,1.845873,179.6,11.33,38.7,1.35,8
2025-09-19T15:25:54Z,48.684541,1.845905,179.6,10.61,46.1,1.35,8
2025-09-19T15:25:55Z,48.684546,1.845939,179.7,9.19,63.1,1.35,8
2025-09-19T15:25:56Z,48.684547,1.845970,179.9,8.37,75.5,1.10,9
2025-09-19T15:25:57Z,48.684549,1.845999,179.8,7.33,79.6,1.10,9
2025-09-19T15:25:58Z,48.684558,1.846020,180.1,6.37,67.6,1.10,9
2025-09-19T15:25:59Z,48.684571,1.846037,180.2,6.69,49.8,1.10,9
2025-09-19T15:26:00Z,48.684583,1.846047,180.6,5.65,39.2,1.34,8
2025-09-19T15:26:01Z,48.684593,1.846057,180.8,4.04,38.6,1.34,8
2025-09-19T15:26:29Z,48.684586,1.845986,184.0,2.48,9.2,1.15,8
2025-09-19T15:26:55Z,48.684593,1.845947,188.4,3.69,36.1,1.05,9
2025-09-19T15:26:57Z,48.684603,1.845950,188.1,2.61,33.0,1.05,9
2025-09-19T15:26:58Z,48.684611,1.845953,188.2,2.76,26.8,1.05,9
2025-09-19T15:26:59Z,48.684615,1.845956,188.3,3.02,24.5,1.05,9
2025-09-19T15:27:00Z,48.684619,1.845954,188.1,2.19,24.5,1.05,9
2025-09-19T15:27:01Z,48.684626,1.845959,187.9,2.89,26.2,1.15,8
2025-09-19T15:27:02Z,48.684632,1.845965,188.1,2.74,33.5,1.15,8
2025-09-19T15:27:03Z,48.684635,1.845969,188.1,2.46,46.9,1.15,9
2025-09-19T15:27:04Z,48.684635,1.845971,188.3,2.24,46.9,1.15,9
2025-09-19T15:27:05Z,48.684632,1.845969,187.8,2.61,46.9,1.05,9
2025-09-19T15:27:07Z,48.684635,1.845981,188.0,2.69,37.2,1.15,9
2025-09-19T15:27:13Z,48.684638,1.846055,189.1,2.28,37.2,1.09,9
2025-09-19T15:27:15Z,48.684625,1.846071,188.6,3.43,128.4,1.06,9
2025-09-19T15:27:18Z,48.684620,1.846080,191.5,2.65,66.5,1.05,9
2025-09-19T15:27:19Z,48.684617,1.846090,191.4,2.09,66.5,1.05,9
2025-09-19T15:27:23Z,48.684629,1.846133,192.8,3.63,37.0,1.05,9
2025-09-19T15:27:31Z,48.684611,1.846194,194.0,2.28,37.0,1.05,9
2025-09-19T15:27:42Z,48.684575,1.846248,191.2,2.17,37.0,1.05,9
2025-09-19T15:28:01Z,48.684452,1.846281,190.4,2.94,37.0,1.05,9
2025-09-19T15:28:02Z,48.684444,1.846282,190.7,3.89,105.4,1.05,9
2025-09-19T15:28:03Z,48.684440,1.846291,190.4,4.13,163.2,1.05,9
2025-09-19T15:28:04Z,48.684440,1.846299,189.7,2.91,163.2,1.05,9
2025-09-19T15:28:12Z,48.684435,1.846264,184.9,2.70,210.7,1.05,9
2025-09-19T15:28:24Z,48.684407,1.846207,180.4,2.07,210.7,1.05,9
2025-09-19T15:28:32Z,48.684362,1.846145,180.6,2.43,210.7,1.05,9
2025-09-19T15:28:33Z,48.684365,1.846139,179.7,2.65,210.7,1.05,9
2025-09-19T15:28:41Z,48.684295,1.846080,173.4,3.37,210.7,1.05,9
2025-09-19T15:28:43Z,48.684268,1.846054,172.2,3.32,210.7,1.05,9
2025-09-19T15:28:44Z,48.684260,1.846051,172.6,2.83,210.7,1.05,9
2025-09-19T15:28:46Z,48.684247,1.846032,171.6,2.39,210.7,1.05,9
2025-09-19T15:28:49Z,48.684252,1.846021,172.4,2.57,210.7,1.05,9
2025-09-19T15:28:52Z,48.684239,1.846010,172.9,2.13,210.7,1.05,9
2025-09-19T15:29:02Z,48.684218,1.846002,178.4,2.65,210.7,1.05,9
2025-09-19T15:29:03Z,48.684215,1.845995,178.6,2.48,210.7,1.05,9
2025-09-19T15:29:04Z,48.684213,1.846004,179.4,2.15,210.7,1.07,8
2025-09-19T15:29:31Z,48.684306,1.846014,191.2,2.46,210.7,1.05,9
2025-09-19T15:29:32Z,48.684312,1.846033,192.7,3.02,210.7,1.05,9
2025-09-19T15:29:33Z,48.684310,1.846044,195.2,2.13,210.7,1.05,9
2025-09-19T15:30:04Z,48.684458,1.846153,188.3,2.11,305.5,1.05,9
2025-09-19T15:30:55Z,48.684510,1.846117,184.4,3.00,229.1,1.06,9
2025-09-19T15:30:56Z,48.684506,1.846117,184.7,2.06,229.1,1.06,9
2025-09-19T15:30:57Z,48.684499,1.846106,186.2,2.28,229.1,1.06,9
2025-09-19T15:31:03Z,48.684496,1.846108,188.6,2.85,199.6,1.06,9
2025-09-19T15:31:09Z,48.684497,1.846147,191.3,2.13,199.6,1.06,9
2025-09-19T15:31:13Z,48.684514,1.846159,188.2,2.56,160.2,1.06,9
2025-09-19T15:31:14Z,48.684528,1.846158,187.3,2.07,160.2,1.06,9
2025-09-19T15:31:16Z,48.684554,1.846124,185.5,2.26,160.2,1.06,9
2025-09-19T15:31:19Z,48.684569,1.846087,182.9,3.52,281.1,1.06,9
2025-09-19T15:32:24Z,48.684577,1.845954,189.7,2.44,327.7,1.10,8
2025-09-19T15:32:44Z,48.684632,1.845957,193.7,2.83,357.5,1.06,9
2025-09-19T15:32:54Z,48.684614,1.845957,193.4,2.56,266.6,1.06,9
2025-09-19T15:32:58Z,48.684615,1.845957,193.5,2.17,318.4,1.06,9
2025-09-19T15:35:20Z,48.684623,1.845891,196.0,3.02,342.1,1.06,9
2025-09-19T15:36:02Z,48.684597,1.845870,195.4,2.00,342.1,1.06,9
2025-09-19T15:36:03Z,48.684593,1.845865,195.2,2.74,342.1,1.10,8
2025-09-19T15:36:54Z,48.684632,1.845942,192.7,6.56,16.9,1.06,9
2025-09-19T15:36:55Z,48.684638,1.845944,192.5,2.26,16.9,1.11,9
2025-09-19T15:36:56Z,48.684644,1.845935,191.7,5.63,4.0,1.06,9
2025-09-19T15:36:57Z,48.684655,1.845946,195.7,10.43,36.9,1.06,9
2025-09-19T15:36:58Z,48.684679,1.845958,196.8,14.65,27.3,1.06,9
2025-09-19T15:36:59Z,48.684727,1.846027,195.9,19.22,28.9,1.06,9
2025-09-19T15:37:00Z,48.684776,1.846067,197.1,22.15,26.1,1.06,9
2025-09-19T15:37:01Z,48.684822,1.846114,197.6,21.28,27.2,1.06,9
2025-09-19T15:37:02Z,48.684874,1.846168,196.2,21.34,27.6,1.30,8
2025-09-19T15:37:03Z,48.684920,1.846208,195.0,18.58,23.1,1.30,8
2025-09-19T15:37:04Z,48.684953,1.846211,194.4,13.98,4.3,1.16,9
2025-09-19T15:37:05Z,48.684976,1.846204,191.5,11.35,333.1,1.16,8
2025-09-19T15:37:06Z,48.684981,1.846185,189.6,11.45,294.3,1.06,9
2025-09-19T15:37:07Z,48.684973,1.846149,187.5,15.74,265.3,1.06,9
2025-09-19T15:37:08Z,48.684950,1.846102,186.6,19.61,239.9,1.06,9
2025-09-19T15:37:09Z,48.684914,1.846048,186.2,22.72,228.3,1.06,9
2025-09-19T15:37:10Z,48.684869,1.845993,185.8,25.13,220.9,1.06,9
2025-09-19T15:37:11Z,48.684829,1.845940,185.1,22.06,223.2,1.06,9
2025-09-19T15:37:12Z,48.684792,1.845887,185.0,20.37,224.5,1.06,9
2025-09-19T15:37:13Z,48.684757,1.845834,184.5,21.32,224.8,1.06,9
2025-09-19T15:37:14Z,48.684711,1.845774,184.0,26.02,220.3,1.06,9
2025-09-19T15:37:15Z,48.684651,1.845716,183.4,29.91,210.9,1.06,9
2025-09-19T15:37:16Z,48.684578,1.845666,183.1,32.65,203.8,1.78,9
2025-09-19T15:37:17Z,48.684506,1.845610,182.7,32.84,208.1,1.78,8
2025-09-19T15:37:18Z,48.684440,1.845554,182.6,29.59,209.8,1.78,8
2025-09-19T15:37:19Z,48.684385,1.845508,182.8,24.37,208.7,1.06,9
2025-09-19T15:37:20Z,48.684336,1.845471,182.9,21.59,206.3,1.06,9
2025-09-19T15:37:21Z,48.684291,1.845451,183.3,18.50,199.4,1.06,9
2025-09-19T15:37:22Z,48.684249,1.845441,183.5,16.71,189.9,1.06,9
2025-09-19T15:37:23Z,48.684209,1.845441,183.5,16.17,178.6,1.78,9
2025-09-19T15:37:24Z,48.684169,1.845438,183.6,16.76,183.8,1.78,8
2025-09-19T15:37:25Z,48.684131,1.845414,183.5,17.32,200.0,1.78,8
2025-09-19T15:37:26Z,48.684108,1.845367,183.5,16.28,226.8,1.06,9
2025-09-19T15:37:27Z,48.684100,1.845299,182.7,18.45,257.6,1.06,9
2025-09-19T15:37:28Z,48.684098,1.845221,181.7,20.41,270.1,1.06,9
2025-09-19T15:37:29Z,48.684098,1.845144,181.1,19.80,270.7,1.06,9
2025-09-19T15:37:30Z,48.684099,1.845068,180.6,19.91,271.6,1.06,9
2025-09-19T15:37:31Z,48.684106,1.844993,180.3,19.82,276.8,1.06,9
2025-09-19T15:37:32Z,48.684125,1.844925,180.3,19.32,290.8,1.06,9
2025-09-19T15:37:33Z,48.684158,1.844877,180.5,18.43,312.6,1.06,9
2025-09-19T15:37:34Z,48.684206,1.844853,180.7,21.24,342.3,1.06,9
2025-09-19T15:37:35Z,48.684266,1.844854,180.7,25.50,5.0,1.06,9
2025-09-19T15:37:36Z,48.684333,1.844879,180.5,27.82,17.8,1.06,9
2025-09-19T15:37:37Z,48.684396,1.844926,180.2,29.65,30.1,1.16,8
2025-09-19T15:37:38Z,48.684461,1.844993,180.2,31.91,36.9,1.06,9
2025-09-19T15:37:39Z,48.684526,1.845068,179.9,33.82,38.4,1.06,9
2025-09-19T15:37:40Z,48.684592,1.845149,180.0,34.78,39.7,1.06,9
2025-09-19T15:37:41Z,48.684658,1.845236,179.7,35.84,42.8,1.06,9
2025-09-19T15:37:42Z,48.684724,1.845332,179.5,37.13,45.6,1.06,9
2025-09-19T15:37:43Z,48.684789,1.845433,179.3,37.69,46.3,1.06,9
2025-09-19T15:37:44Z,48.684854,1.845538,179.2,38.63,47.5,1.06,9
2025-09-19T15:37:45Z,48.684917,1.845652,179.0,40.71,50.7,1.06,9
2025-09-19T15:37:46Z,48.684984,1.845773,178.9,41.76,50.7,1.06,9
2025-09-19T15:37:47Z,48.685052,1.845895,178.8,42.65,49.5,1.06,9
2025-09-19T15:37:48Z,48.685119,1.846014,178.7,40.93,50.4,1.06,9
2025-09-19T15:37:49Z,48.685178,1.846126,178.4,36.67,52.0,1.06,9
2025-09-19T15:37:50Z,48.685225,1.846226,178.2,31.43,54.7,1.06,9
2025-09-19T15:37:51Z,48.685264,1.846315,178.0,27.21,56.3,1.06,9
2025-09-19T15:37:52Z,48.685305,1.846395,177.8,26.45,52.5,1.06,9
2025-09-19T15:37:53Z,48.685346,1.846468,177.9,25.63,50.5,1.06,9
2025-09-19T15:37:54Z,48.685387,1.846539,178.0,25.37,48.5,1.06,9
2025-09-19T15:37:55Z,48.685429,1.846618,178.1,27.72,52.1,1.06,9
2025-09-19T15:37:56Z,48.685474,1.846705,178.2,29.95,53.2,1.06,9
2025-09-19T15:37:57Z,48.685522,1.846795,178.4,31.60,50.1,1.06,9
2025-09-19T15:37:58Z,48.685576,1.846891,178.6,34.06,50.7,1.06,9
2025-09-19T15:37:59Z,48.685632,1.846991,178.6,35.15,49.5,1.10,9
2025-09-19T15:38:00Z,48.685691,1.847094,178.9,36.97,49.4,1.10,9
2025-09-19T15:38:01Z,48.685744,1.847198,178.8,33.97,53.1,1.10,9
2025-09-19T15:38:02Z,48.685793,1.847294,178.4,31.22,52.6,1.06,9
2025-09-19T15:38:03Z,48.685846,1.847392,178.4,34.91,49.5,1.16,9
2025-09-19T15:38:04Z,48.685906,1.847497,178.4,37.37,49.6,1.16,8
2025-09-19T15:38:05Z,48.685961,1.847602,178.7,35.15,52.3,1.16,8
2025-09-19T15:38:06Z,48.686012,1.847706,178.7,34.13,53.7,1.29,8
2025-09-19T15:38:07Z,48.686062,1.847802,178.6,31.98,50.7,1.29,8
2025-09-19T15:38:08Z,48.686114,1.847894,178.6,32.04,49.7,1.16,8
2025-09-19T15:38:09Z,48.686169,1.847988,178.3,32.84,49.2,1.29,9
2025-09-19T15:38:10Z,48.686223,1.848079,178.8,32.60,48.2,1.16,8
2025-09-19T15:38:11Z,48.686276,1.848167,178.8,30.91,47.6,1.29,8
2025-09-19T15:38:12Z,48.686324,1.848248,178.6,27.37,48.5,1.29,7
2025-09-19T15:38:13Z,48.686366,1.848320,178.4,24.91,48.8,1.29,7
2025-09-19T15:38:14Z,48.686405,1.848387,178.2,22.72,48.8,1.29,8
2025-09-19T15:38:15Z,48.686442,1.848450,178.1,21.37,49.0,1.29,8
2025-09-19T15:38:16Z,48.686473,1.848504,177.9,18.09,49.4,1.29,8
2025-09-19T15:38:17Z,48.686500,1.848549,177.7,15.35,48.7,1.29,8
2025-09-19T15:38:18Z,48.686521,1.848588,177.6,12.35,49.4,1.29,9
2025-09-19T15:38:19Z,48.686540,1.848625,177.6,12.59,51.3,1.16,9
2025-09-19T15:38:20Z,48.686564,1.848663,178.2,14.48,47.5,1.16,9
2025-09-19T15:38:21Z,48.686595,1.848702,179.8,16.39,45.7,1.16,9
2025-09-19T15:38:22Z,48.686628,1.848751,181.5,19.37,47.3,1.16,9
2025-09-19T15:38:23Z,48.686662,1.848815,180.6,22.41,49.8,1.16,9
2025-09-19T15:38:24Z,48.686702,1.848885,180.3,25.00,48.3,1.16,9
2025-09-19T15:38:25Z,48.686747,1.848961,179.9,27.87,46.7,1.16,8
2025-09-19T15:38:26Z,48.686801,1.849046,179.6,31.52,46.5,1.16,8
2025-09-19T15:38:27Z,48.686858,1.849131,179.3,32.04,44.0,1.16,8
2025-09-19T15:38:28Z,48.686919,1.849219,179.2,34.47,42.7,1.16,8
2025-09-19T15:38:29Z,48.686983,1.849310,179.0,35.32,42.7,1.16,9
2025-09-19T15:38:30Z,48.687048,1.849401,178.7,35.65,42.6,1.06,9
2025-09-19T15:38:31Z,48.687114,1.849492,178.6,36.10,41.6,1.06,9
2025-09-19T15:38:32Z,48.687182,1.849583,178.5,36.41,41.3,1.10,8
2025-09-19T15:38:33Z,48.687255,1.849677,178.2,38.60,40.1,1.10,8
2025-09-19T15:38:34Z,48.687332,1.849775,178.3,41.06,39.5,1.29,8
2025-09-19T15:38:35Z,48.687416,1.849878,178.3,44.30,38.9,1.29,7
2025-09-19T15:38:36Z,48.687506,1.849985,178.3,46.78,37.9,1.29,7
2025-09-19T15:38:37Z,48.687600,1.850096,178.2,48.24,38.0,1.29,7
2025-09-19T15:38:38Z,48.687697,1.850210,178.1,49.65,37.6,1.29,8
2025-09-19T15:38:39Z,48.687796,1.850318,178.1,48.76,34.8,1.29,8
2025-09-19T15:38:40Z,48.687899,1.850419,178.2,48.91,32.1,1.29,8
2025-09-19T15:38:41Z,48.688003,1.850513,178.4,48.49,30.3,1.16,9
2025-09-19T15:38:42Z,48.688102,1.850600,178.5,45.17,30.3,1.06,9
2025-09-19T15:38:43Z,48.688195,1.850685,178.3,42.52,30.9,1.06,9
2025-09-19T15:38:44Z,48.688288,1.850762,178.5,42.58,28.8,1.06,9
2025-09-19T15:38:45Z,48.688382,1.850842,178.4,43.24,29.1,1.06,9
2025-09-19T15:38:46Z,48.688477,1.850923,178.0,43.58,29.5,1.06,9
2025-09-19T15:38:47Z,48.688573,1.851005,177.7,43.84,29.0,1.06,9
2025-09-19T15:38:48Z,48.688670,1.851086,177.5,44.54,28.5,1.06,9
2025-09-19T15:38:49Z,48.688769,1.851167,177.4,45.15,28.2,1.10,8
2025-09-19T15:38:50Z,48.688868,1.851248,177.5,45.74,28.5,1.10,8
2025-09-19T15:38:51Z,48.688971,1.851334,177.3,47.04,28.9,1.29,8
2025-09-19T15:38:52Z,48.689075,1.851423,177.2,48.50,29.5,1.29,7
2025-09-19T15:38:53Z,48.689183,1.851516,176.8,49.91,29.4,1.29,7
2025-09-19T15:38:54Z,48.689294,1.851608,176.6,50.45,28.5,1.29,7
2025-09-19T15:38:55Z,48.689403,1.851694,176.7,49.19,27.2,1.29,7
2025-09-19T15:38:56Z,48.689509,1.851770,176.5,45.99,24.9,1.10,8
2025-09-19T15:38:57Z,48.689609,1.851835,176.3,43.02,22.1,1.10,8
2025-09-19T15:38:58Z,48.689704,1.851891,176.1,39.95,20.7,1.10,8
2025-09-19T15:38:59Z,48.689793,1.851942,176.0,37.13,20.4,1.10,8
2025-09-19T15:39:00Z,48.689875,1.851987,175.8,34.08,19.7,1.10,8
2025-09-19T15:39:01Z,48.689953,1.852025,175.5,31.91,17.0,1.10,8
2025-09-19T15:39:02Z,48.690027,1.852059,175.4,31.11,15.9,1.29,8
2025-09-19T15:39:03Z,48.690099,1.852089,175.3,29.08,15.1,1.29,7
2025-09-19T15:39:04Z,48.690165,1.852114,175.1,26.26,13.5,1.29,7
2025-09-19T15:39:05Z,48.690223,1.852133,175.1,22.95,12.1,1.29,7
2025-09-19T15:39:06Z,48.690274,1.852152,175.2,20.45,14.1,1.10,8
2025-09-19T15:39:07Z,48.690320,1.852170,175.3,18.69,13.9,1.10,8
2025-09-19T15:39:08Z,48.690363,1.852185,175.5,17.82,13.4,1.10,8
2025-09-19T15:39:09Z,48.690404,1.852203,175.5,16.76,16.1,1.10,8
2025-09-19T15:39:10Z,48.690441,1.852221,175.3,13.87,18.4,1.10,8
2025-09-19T15:39:11Z,48.690463,1.852231,176.2,8.76,17.0,1.06,9
2025-09-19T15:39:12Z,48.690478,1.852239,176.4,5.28,17.4,1.06,9
2025-09-19T15:39:20Z,48.690508,1.852259,174.3,9.20,16.9,1.06,9
2025-09-19T15:39:21Z,48.690542,1.852277,174.1,16.43,19.1,1.06,9
2025-09-19T15:39:22Z,48.690582,1.852306,174.2,18.21,25.9,1.06,9
2025-09-19T15:39:23Z,48.690625,1.852348,174.3,21.72,34.6,1.06,9
2025-09-19T15:39:24Z,48.690669,1.852404,174.5,24.04,41.1,1.06,9
2025-09-19T15:39:25Z,48.690708,1.852473,174.2,23.56,51.7,1.16,9
2025-09-19T15:39:26Z,48.690728,1.852560,174.4,25.35,66.7,1.07,9
2025-09-19T15:39:27Z,48.690717,1.852665,174.8,30.02,101.9,1.16,9
2025-09-19T15:39:28Z,48.690692,1.852784,175.2,34.10,107.8,1.16,8
2025-09-19T15:39:29Z,48.690672,1.852919,175.5,38.23,102.3,1.16,8
2025-09-19T15:39:30Z,48.690655,1.853074,176.2,43.36,99.0,1.07,9
2025-09-19T15:39:31Z,48.690642,1.853256,177.0,50.65,95.5,1.07,9
2025-09-19T15:39:32Z,48.690633,1.853463,177.7,56.45,93.3,1.07,9
2025-09-19T15:39:33Z,48.690629,1.853670,178.9,54.47,91.2,1.07,9
2025-09-19T15:39:34Z,48.690630,1.853881,179.6,56.60,89.6,1.07,9
2025-09-19T15:39:35Z,48.690630,1.854100,180.3,58.26,89.5,1.07,9
2025-09-19T15:39:36Z,48.690628,1.854318,181.0,57.62,91.5,1.07,9
2025-09-19T15:39:37Z,48.690621,1.854537,181.7,58.13,93.5,1.07,9
2025-09-19T15:39:38Z,48.690606,1.854757,182.3,59.02,96.8,1.07,9
2025-09-19T15:39:39Z,48.690581,1.854982,182.8,61.00,101.1,1.07,9
2025-09-19T15:39:40Z,48.690545,1.855214,183.2,63.67,103.9,1.07,9
2025-09-19T15:39:41Z,48.690504,1.855454,183.3,66.56,104.7,1.07,9
2025-09-19T15:39:42Z,48.690461,1.855706,183.5,69.47,104.3,1.07,9
2025-09-19T15:39:43Z,48.690416,1.855967,183.7,72.34,105.2,1.07,9
2025-09-19T15:39:44Z,48.690369,1.856230,183.6,72.15,105.1,1.81,9
2025-09-19T15:39:45Z,48.690323,1.856488,183.2,69.84,104.5,1.81,8
2025-09-19T15:39:46Z,48.690278,1.856740,182.4,68.41,104.5,1.81,8
2025-09-19T15:39:47Z,48.690235,1.856988,181.4,67.30,104.7,1.07,9
2025-09-19T15:39:48Z,48.690192,1.857231,180.6,66.28,104.9,1.07,9
2025-09-19T15:39:49Z,48.690150,1.857476,179.7,67.04,104.6,1.81,9
2025-09-19T15:39:50Z,48.690110,1.857730,179.2,70.56,103.4,1.81,8
2025-09-19T15:39:51Z,48.690065,1.857993,178.6,72.21,104.5,1.87,8
2025-09-19T15:39:52Z,48.690018,1.858260,177.9,73.65,105.0,1.16,8
2025-09-19T15:39:53Z,48.689970,1.858534,177.0,74.82,104.7,1.16,8
2025-09-19T15:39:54Z,48.689926,1.858808,177.0,74.77,103.9,1.16,8
2025-09-19T15:39:55Z,48.689889,1.859069,177.3,70.14,101.6,1.07,9
2025-09-19T15:39:56Z,48.689859,1.859323,177.2,67.39,100.0,1.81,8
2025-09-19T15:39:57Z,48.689829,1.859573,177.2,66.80,100.0,1.87,7
2025-09-19T15:39:58Z,48.689798,1.859819,177.2,66.06,100.9,1.81,8
2025-09-19T15:39:59Z,48.689769,1.860062,177.2,65.54,100.2,1.81,8
2025-09-19T15:40:00Z,48.689742,1.860309,177.2,66.47,99.5,1.81,8
2025-09-19T15:40:01Z,48.689715,1.860557,177.7,66.93,100.0,1.81,8
2025-09-19T15:40:02Z,48.689684,1.860808,177.7,67.41,100.1,1.81,8
2025-09-19T15:40:03Z,48.689655,1.861061,177.5,68.01,99.8,1.81,8
2025-09-19T15:40:04Z,48.689625,1.861313,177.4,67.69,100.2,1.81,8
2025-09-19T15:40:05Z,48.689593,1.861563,177.4,67.19,101.5,1.07,9
2025-09-19T15:40:06Z,48.689555,1.861807,177.3,65.91,104.1,1.07,9
2025-09-19T15:40:07Z,48.689513,1.862036,177.3,61.76,106.6,1.07,9
2025-09-19T15:40:08Z,48.689466,1.862247,177.5,58.10,109.5,1.07,9
2025-09-19T15:40:09Z,48.689412,1.862448,177.8,57.30,113.8,1.07,9
2025-09-19T15:40:10Z,48.689344,1.862638,178.0,57.37,120.0,1.07,9
2025-09-19T15:40:11Z,48.689263,1.862823,177.8,58.93,124.4,1.07,9
2025-09-19T15:40:12Z,48.689170,1.863005,177.5,60.97,128.5,1.07,9
2025-09-19T15:40:13Z,48.689068,1.863185,177.2,63.26,131.9,1.07,9
2025-09-19T15:40:14Z,48.688956,1.863361,176.6,64.08,134.3,1.07,9
2025-09-19T15:40:15Z,48.688843,1.863527,176.4,62.28,136.5,1.07,9
2025-09-19T15:40:16Z,48.688733,1.863681,176.1,59.00,137.5,1.07,9
2025-09-19T15:40:17Z,48.688631,1.863824,175.9,54.26,137.5,1.07,9
2025-09-19T15:40:18Z,48.688536,1.863958,175.6,50.32,136.4,1.07,9
2025-09-19T15:40:19Z,48.688449,1.864085,175.6,47.60,136.3,1.07,9
2025-09-19T15:40:20Z,48.688361,1.864211,175.3,48.30,135.6,1.07,9
2025-09-19T15:40:21Z,48.688276,1.864343,175.0,49.26,134.2,1.07,9
2025-09-19T15:40:22Z,48.688187,1.864478,174.9,50.02,134.2,1.07,9
2025-09-19T15:40:23Z,48.688101,1.864616,174.7,50.28,133.0,1.07,9
2025-09-19T15:40:24Z,48.688017,1.864765,174.6,52.19,129.4,1.07,9
2025-09-19T15:40:25Z,48.687939,1.864927,174.5,53.73,125.2,1.07,9
2025-09-19T15:40:26Z,48.687864,1.865099,174.4,54.82,122.4,1.07,9
2025-09-19T15:40:27Z,48.687795,1.865277,174.7,55.04,120.2,1.07,9
2025-09-19T15:40:28Z,48.687726,1.865460,174.8,55.73,119.2,1.81,9
2025-09-19T15:40:29Z,48.687659,1.865646,174.6,56.25,117.7,1.81,8
2025-09-19T15:40:30Z,48.687596,1.865838,174.5,56.63,116.1,1.81,8
2025-09-19T15:40:31Z,48.687533,1.866031,174.2,57.08,115.6,1.81,8
2025-09-19T15:40:32Z,48.687472,1.866227,173.9,57.23,114.4,1.81,9
2025-09-19T15:40:33Z,48.687416,1.866426,174.0,57.49,113.2,1.07,9
2025-09-19T15:40:34Z,48.687363,1.866627,174.1,57.67,112.0,1.07,9
2025-09-19T15:40:35Z,48.687310,1.866831,174.1,58.41,111.3,1.81,9
2025-09-19T15:40:36Z,48.687258,1.867046,174.0,61.02,108.9,1.81,8
2025-09-19T15:40:37Z,48.687215,1.867271,174.1,62.38,105.9,1.94,7
2025-09-19T15:40:38Z,48.687175,1.867494,174.3,61.38,105.2,1.87,7
2025-09-19T15:40:39Z,48.687137,1.867707,174.5,57.69,105.1,3.08,6
2025-09-19T15:40:40Z,48.687098,1.867908,174.3,54.15,106.2,1.87,8
2025-09-19T15:40:41Z,48.687059,1.868096,174.5,51.49,108.4,1.87,7
2025-09-19T15:40:42Z,48.687014,1.868278,174.5,51.30,111.3,1.87,7
2025-09-19T15:40:43Z,48.686958,1.868464,174.6,55.12,114.6,1.07,9
2025-09-19T15:40:44Z,48.686899,1.868660,175.9,59.32,116.8,1.07,9
2025-09-19T15:40:45Z,48.686811,1.868869,175.7,67.02,123.3,1.81,9
2025-09-19T15:40:46Z,48.686704,1.869092,175.9,74.82,125.3,1.81,9
2025-09-19T15:40:47Z,48.686590,1.869338,176.0,81.51,125.0,1.81,8
2025-09-19T15:40:48Z,48.686473,1.869594,175.9,81.84,123.8,1.82,8
2025-09-19T15:40:49Z,48.686351,1.869868,175.8,89.30,123.6,1.82,8
2025-09-19T15:40:50Z,48.686214,1.870167,175.8,98.43,124.4,1.07,9
2025-09-19T15:40:51Z,48.686069,1.870483,176.0,103.17,125.1,1.07,9
2025-09-19T15:40:52Z,48.685931,1.870790,176.4,96.36,125.0,1.07,9
2025-09-19T15:40:53Z,48.685796,1.871082,176.7,93.62,125.0,1.82,8
2025-09-19T15:40:54Z,48.685659,1.871377,177.1,96.17,124.6,2.32,7
2025-09-19T15:40:55Z,48.685519,1.871679,176.6,96.82,124.3,1.10,8
2025-09-19T15:40:56Z,48.685378,1.871984,175.8,97.69,123.7,1.10,8
2025-09-19T15:40:57Z,48.685234,1.872302,175.2,103.17,123.5,1.07,9
2025-09-19T15:40:58Z,48.685096,1.872614,174.8,97.60,123.4,1.07,9
2025-09-19T15:40:59Z,48.684966,1.872907,174.5,91.01,123.3,1.07,9
2025-09-19T15:41:00Z,48.684846,1.873177,174.5,83.88,123.9,1.07,9
2025-09-19T15:41:01Z,48.684736,1.873429,174.3,78.36,123.1,1.07,9
2025-09-19T15:41:02Z,48.684640,1.873674,174.1,73.73,119.6,1.07,9
2025-09-19T15:41:03Z,48.684559,1.873921,174.2,72.38,114.6,1.07,9
2025-09-19T15:41:04Z,48.684496,1.874172,174.1,70.30,109.5,1.07,9
2025-09-19T15:41:05Z,48.684448,1.874413,174.2,65.34,105.3,1.07,9
2025-09-19T15:41:06Z,48.684412,1.874637,174.1,59.71,102.2,1.07,9
2025-09-19T15:41:07Z,48.684384,1.874845,174.3,54.80,101.3,1.07,9
2025-09-19T15:41:08Z,48.684357,1.875028,174.5,47.87,103.2,1.07,9
2025-09-19T15:41:09Z,48.684330,1.875187,174.7,41.78,105.2,1.07,9
2025-09-19T15:41:10Z,48.684305,1.875319,174.8,34.04,105.9,1.07,9
2025-09-19T15:41:11Z,48.684284,1.875428,175.0,28.85,107.0,1.07,9
2025-09-19T15:41:12Z,48.684264,1.875522,174.9,25.00,106.4,1.07,9
2025-09-19T15:41:13Z,48.684258,1.875607,175.2,22.04,96.2,1.07,9
2025-09-19T15:41:14Z,48.684272,1.875681,174.9,20.78,64.9,1.07,9
2025-09-19T15:41:15Z,48.684313,1.875739,174.7,24.19,35.9,1.07,9
2025-09-19T15:41:16Z,48.684381,1.875785,175.2,33.91,21.2,1.07,9
2025-09-19T15:41:17Z,48.684477,1.875841,175.2,44.19,21.1,1.07,9
2025-09-19T15:41:18Z,48.684582,1.875901,175.4,46.49,20.4,1.07,9
2025-09-19T15:41:19Z,48.684702,1.875967,176.0,54.19,20.1,1.07,9
2025-09-19T15:41:20Z,48.684849,1.876056,176.0,67.30,22.3,1.10,8
2025-09-19T15:41:21Z,48.685031,1.876161,175.9,82.03,21.3,1.10,8
2025-09-19T15:41:22Z,48.685240,1.876289,176.0,93.66,22.1,1.07,9
2025-09-19T15:41:23Z,48.685474,1.876430,175.8,103.30,21.9,1.16,8
2025-09-19T15:41:24Z,48.685727,1.876585,175.8,111.73,22.2,1.16,8
2025-09-19T15:41:25Z,48.685988,1.876747,175.7,113.69,22.2,1.07,9
2025-09-19T15:41:26Z,48.686257,1.876914,175.6,117.18,22.2,1.07,9
2025-09-19T15:41:27Z,48.686516,1.877073,175.5,110.32,22.1,1.07,9
2025-09-19T15:41:28Z,48.686760,1.877224,175.1,102.92,22.2,1.10,8
2025-09-19T15:41:29Z,48.686987,1.877363,174.7,96.01,22.4,1.28,7
2025-09-19T15:41:30Z,48.687196,1.877505,174.5,89.27,24.9,1.28,7
2025-09-19T15:41:31Z,48.687389,1.877674,174.5,90.45,30.8,1.10,8
2025-09-19T15:41:32Z,48.687581,1.877868,174.1,92.49,35.4,1.07,9
2025-09-19T15:41:33Z,48.687756,1.878074,173.5,87.10,37.9,1.07,9
2025-09-19T15:41:34Z,48.687925,1.878265,173.4,83.41,36.8,1.10,8
2025-09-19T15:41:35Z,48.688103,1.878436,173.0,84.97,30.8,1.10,8
2025-09-19T15:41:36Z,48.688303,1.878569,172.9,88.60,21.3,1.10,8
2025-09-19T15:41:37Z,48.688526,1.878665,172.8,95.42,14.2,1.10,8
2025-09-19T15:41:38Z,48.688771,1.878745,172.3,102.06,11.0,1.28,7
2025-09-19T15:41:39Z,48.689020,1.878812,172.5,100.53,10.3,1.28,7
2025-09-19T15:41:40Z,48.689273,1.878885,172.2,104.08,11.0,1.28,7
2025-09-19T15:41:41Z,48.689533,1.878960,172.4,107.21,11.1,1.28,7
2025-09-19T15:41:42Z,48.689791,1.879035,172.2,104.42,10.9,1.10,8
2025-09-19T15:41:43Z,48.690049,1.879115,172.0,106.06,11.7,1.10,8
2025-09-19T15:41:44Z,48.690315,1.879205,171.6,109.79,13.0,1.10,8
2025-09-19T15:41:45Z,48.690586,1.879303,171.7,112.56,13.9,1.07,9
2025-09-19T15:41:46Z,48.690861,1.879406,171.9,114.14,14.0,1.07,9
2025-09-19T15:41:47Z,48.691139,1.879510,172.1,114.34,13.9,1.07,9
2025-09-19T15:41:48Z,48.691405,1.879610,172.2,107.95,14.0,1.10,8
2025-09-19T15:41:49Z,48.691654,1.879704,172.5,101.34,14.1,1.28,7
2025-09-19T15:41:50Z,48.691897,1.879799,172.5,99.93,14.7,1.28,7
2025-09-19T15:41:51Z,48.692144,1.879898,172.6,103.43,15.1,1.28,7
2025-09-19T15:41:52Z,48.692399,1.880000,172.6,106.12,14.6,1.28,7
2025-09-19T15:41:53Z,48.692654,1.880095,172.7,105.10,13.7,1.28,7
2025-09-19T15:41:54Z,48.692909,1.880181,172.8,104.17,12.1,1.28,7
2025-09-19T15:41:55Z,48.693170,1.880257,172.9,108.16,10.3,1.28,7
2025-09-19T15:41:56Z,48.693427,1.880326,173.0,103.01,10.0,1.28,7
2025-09-19T15:41:57Z,48.693668,1.880392,173.0,96.16,10.5,1.28,7
2025-09-19T15:41:58Z,48.693895,1.880451,173.2,90.90,9.5,1.28,7
2025-09-19T15:41:59Z,48.694111,1.880502,173.5,86.53,8.8,1.28,7
2025-09-19T15:42:00Z,48.694314,1.880552,173.7,80.71,9.5,1.28,7
2025-09-19T15:42:01Z,48.694506,1.880605,173.8,76.91,10.8,1.28,7
2025-09-19T15:42:02Z,48.694690,1.880669,173.8,74.64,13.2,1.10,8
2025-09-19T15:42:03Z,48.694862,1.880746,173.8,70.67,17.8,1.10,8
2025-09-19T15:42:04Z,48.695018,1.880838,174.0,66.23,22.7,1.10,8
2025-09-19T15:42:05Z,48.695165,1.880941,173.9,63.89,25.4,1.10,8
2025-09-19T15:42:06Z,48.695307,1.881044,173.8,62.47,26.0,1.10,8
2025-09-19T15:42:07Z,48.695442,1.881142,173.7,58.41,25.7,1.10,8
2025-09-19T15:42:08Z,48.695569,1.881234,173.6,55.69,25.2,1.10,8
2025-09-19T15:42:09Z,48.695692,1.881322,173.6,54.06,25.6,1.10,8
2025-09-19T15:42:10Z,48.695813,1.881408,173.6,53.62,24.8,1.07,9
2025-09-19T15:42:11Z,48.695936,1.881496,173.2,54.37,26.0,1.07,9
2025-09-19T15:42:12Z,48.696055,1.881594,173.1,54.47,29.6,1.07,9
2025-09-19T15:42:13Z,48.696165,1.881696,173.3,50.91,32.7,1.07,9
2025-09-19T15:42:14Z,48.696266,1.881792,173.1,45.93,32.7,1.15,8
2025-09-19T15:42:15Z,48.696357,1.881880,172.9,41.91,33.3,1.15,8
2025-09-19T15:42:16Z,48.696443,1.881964,172.6,40.11,33.5,1.28,8
2025-09-19T15:42:17Z,48.696520,1.882043,172.7,36.76,33.4,1.15,8
2025-09-19T15:42:18Z,48.696593,1.882114,172.6,33.56,33.0,1.15,8
2025-09-19T15:42:19Z,48.696658,1.882175,172.5,29.21,31.4,1.07,9
2025-09-19T15:42:20Z,48.696707,1.882221,172.5,20.50,32.2,1.07,9
2025-09-19T15:42:21Z,48.696744,1.882257,172.9,17.35,33.4,1.07,9
2025-09-19T15:42:22Z,48.696780,1.882294,173.1,17.83,35.1,1.07,9
2025-09-19T15:42:23Z,48.696818,1.882335,173.7,19.72,35.1,1.15,9
2025-09-19T15:42:24Z,48.696864,1.882378,173.6,22.39,30.8,1.15,9
2025-09-19T15:42:25Z,48.696919,1.882428,173.3,25.69,31.9,1.15,8
2025-09-19T15:42:26Z,48.696981,1.882489,173.5,31.98,33.3,1.15,8
2025-09-19T15:42:27Z,48.697050,1.882558,173.1,32.65,33.4,1.15,8
2025-09-19T15:42:28Z,48.697119,1.882639,173.3,36.63,38.4,1.15,9
2025-09-19T15:42:29Z,48.697194,1.882733,173.1,40.06,41.0,1.15,8
2025-09-19T15:42:30Z,48.697271,1.882839,172.8,42.10,43.3,1.15,8
2025-09-19T15:42:31Z,48.697349,1.882954,172.4,43.84,44.8,1.15,8
2025-09-19T15:42:32Z,48.697426,1.883074,172.1,44.47,46.2,1.07,9
2025-09-19T15:42:33Z,48.697505,1.883194,171.9,44.74,45.0,1.07,9
2025-09-19T15:42:34Z,48.697587,1.883306,171.4,44.17,41.1,1.07,9
2025-09-19T15:42:35Z,48.697672,1.883413,171.2,44.10,39.1,1.07,9
2025-09-19T15:42:36Z,48.697753,1.883514,170.8,41.06,40.1,1.15,9
2025-09-19T15:42:37Z,48.697827,1.883609,170.4,37.95,40.6,1.15,8
2025-09-19T15:42:38Z,48.697894,1.883699,170.0,34.97,42.7,1.15,8
2025-09-19T15:42:39Z,48.697955,1.883786,169.7,32.80,43.2,1.15,8
2025-09-19T15:42:40Z,48.698019,1.883874,169.4,35.65,41.8,1.15,8
2025-09-19T15:42:41Z,48.698090,1.883973,168.9,39.30,43.1,1.15,9
2025-09-19T15:42:42Z,48.698161,1.884079,168.6,40.36,45.5,1.15,8
2025-09-19T15:42:43Z,48.698231,1.884195,168.2,41.98,47.5,1.15,8
2025-09-19T15:42:44Z,48.698299,1.884319,167.9,42.71,51.6,1.27,7
2025-09-19T15:42:45Z,48.698358,1.884443,167.6,39.95,55.2,1.10,8
2025-09-19T15:42:46Z,48.698409,1.884564,167.3,37.10,58.4,1.07,9
2025-09-19T15:42:47Z,48.698452,1.884678,167.0,34.11,60.5,1.07,9
2025-09-19T15:42:48Z,48.698490,1.884787,166.6,31.43,62.9,1.10,9
2025-09-19T15:42:49Z,48.698524,1.884888,166.2,29.15,62.5,1.10,9
2025-09-19T15:42:50Z,48.698556,1.884977,166.1,26.17,61.4,1.07,9
2025-09-19T15:42:51Z,48.698585,1.885058,165.9,23.19,61.6,1.07,9
2025-09-19T15:42:52Z,48.698611,1.885136,165.9,22.91,63.4,1.07,9
2025-09-19T15:42:53Z,48.698638,1.885216,165.7,24.04,62.7,1.07,9
2025-09-19T15:42:54Z,48.698667,1.885302,165.2,26.21,63.4,1.07,9
2025-09-19T15:42:55Z,48.698698,1.885395,165.0,28.30,62.5,1.07,9
2025-09-19T15:42:56Z,48.698731,1.885495,164.7,30.06,65.7,1.10,9
2025-09-19T15:42:57Z,48.698760,1.885603,164.5,31.43,68.3,1.15,9
2025-09-19T15:42:58Z,48.698783,1.885719,164.0,32.56,74.7,1.15,8
2025-09-19T15:42:59Z,48.698812,1.885846,163.7,36.91,70.1,1.15,8
2025-09-19T15:43:00Z,48.698842,1.885987,163.4,40.47,72.2,1.15,8
2025-09-19T15:43:01Z,48.698871,1.886131,163.1,39.63,74.4,1.07,9
2025-09-19T15:43:02Z,48.698896,1.886267,162.9,36.67,75.0,1.07,9
2025-09-19T15:43:03Z,48.698920,1.886394,162.5,34.02,75.2,1.10,9
2025-09-19T15:43:04Z,48.698938,1.886512,162.4,31.15,76.7,1.07,9
2025-09-19T15:43:05Z,48.698953,1.886620,162.1,28.59,79.1,1.07,9
2025-09-19T15:43:06Z,48.698964,1.886727,161.6,28.47,81.9,1.07,9
2025-09-19T15:43:07Z,48.698979,1.886832,161.7,28.32,77.7,1.07,9
2025-09-19T15:43:08Z,48.699008,1.886927,161.6,27.72,61.5,1.27,9
2025-09-19T15:43:09Z,48.699056,1.886999,161.6,27.24,40.5,1.27,8
2025-09-19T15:43:10Z,48.699122,1.887051,161.5,30.82,22.6,1.15,8
2025-09-19T15:43:11Z,48.699202,1.887091,161.3,35.04,16.3,1.15,8
2025-09-19T15:43:12Z,48.699288,1.887125,161.6,36.10,14.0,1.07,9
2025-09-19T15:43:13Z,48.699377,1.887158,161.6,37.06,13.7,1.07,9
2025-09-19T15:43:14Z,48.699460,1.887184,161.9,33.32,10.5,1.07,9
2025-09-19T15:43:15Z,48.699539,1.887197,162.1,31.87,4.0,1.07,9
2025-09-19T15:43:16Z,48.699623,1.887200,161.9,34.06,0.6,1.07,9
2025-09-19T15:43:17Z,48.699708,1.887197,162.0,33.89,358.2,1.07,9
2025-09-19T15:43:18Z,48.699790,1.887187,162.0,32.91,354.2,1.07,9
2025-09-19T15:43:19Z,48.699867,1.887171,162.0,30.43,351.4,1.07,9
2025-09-19T15:43:20Z,48.699939,1.887142,161.9,29.80,342.3,1.07,9
2025-09-19T15:43:21Z,48.699996,1.887090,162.5,26.26,332.0,1.07,9
2025-09-19T15:43:22Z,48.700050,1.887034,162.3,26.08,326.6,1.07,9
2025-09-19T15:43:23Z,48.700095,1.886967,161.9,26.13,317.2,1.07,9
2025-09-19T15:43:24Z,48.700140,1.886880,161.5,30.78,305.7,1.07,9
2025-09-19T15:43:25Z,48.700186,1.886780,161.7,33.26,302.1,1.07,9
2025-09-19T15:43:26Z,48.700238,1.886671,161.2,36.02,305.6,1.07,9
2025-09-19T15:43:27Z,48.700296,1.886562,161.0,36.69,307.3,1.07,9
2025-09-19T15:43:28Z,48.700352,1.886441,160.6,39.28,304.6,1.15,8
2025-09-19T15:43:29Z,48.700404,1.886319,160.5,38.47,301.0,1.15,8
2025-09-19T15:43:30Z,48.700452,1.886213,160.1,31.89,305.2,1.21,8
2025-09-19T15:43:31Z,48.700486,1.886149,160.1,18.69,307.7,1.13,8
2025-09-19T15:43:32Z,48.700502,1.886115,160.2,8.22,307.4,1.07,9
2025-09-19T15:43:33Z,48.700510,1.886098,160.0,4.56,306.7,1.07,9
2025-09-19T15:43:34Z,48.700515,1.886088,160.0,2.76,305.1,1.07,9
2025-09-19T15:43:37Z,48.700522,1.886061,159.5,6.20,289.3,1.07,9
2025-09-19T15:43:38Z,48.700536,1.886024,159.6,13.33,295.0,1.07,9
2025-09-19T15:43:39Z,48.700560,1.885963,159.3,20.00,299.0,1.07,9
2025-09-19T15:43:40Z,48.700593,1.885889,159.0,24.72,304.1,1.07,9
2025-09-19T15:43:41Z,48.700632,1.885801,158.8,29.06,303.5,1.07,9
2025-09-19T15:43:42Z,48.700666,1.885696,158.2,31.76,293.6,1.07,9
2025-09-19T15:43:43Z,48.700690,1.885572,158.0,34.48,285.2,1.83,9
2025-09-19T15:43:44Z,48.700709,1.885438,157.2,36.82,281.2,1.07,9
2025-09-19T15:43:45Z,48.700726,1.885300,156.2,37.24,280.3,1.07,9
2025-09-19T15:43:46Z,48.700743,1.885169,155.6,34.17,279.8,1.07,9
2025-09-19T15:43:47Z,48.700762,1.885052,155.1,31.15,283.5,1.07,9
2025-09-19T15:43:48Z,48.700787,1.884943,154.5,30.56,290.3,1.07,9
2025-09-19T15:43:49Z,48.700825,1.884841,153.8,30.72,302.6,1.07,9
2025-09-19T15:43:50Z,48.700875,1.884756,153.4,29.71,314.6,1.07,9
2025-09-19T15:43:51Z,48.700927,1.884682,152.9,28.35,317.1,1.07,9
2025-09-19T15:43:52Z,48.700980,1.884614,152.5,26.72,318.4,1.07,9
2025-09-19T15:43:53Z,48.701031,1.884549,152.0,26.82,322.2,1.10,8
2025-09-19T15:43:54Z,48.701088,1.884497,151.4,26.85,330.9,1.07,9
2025-09-19T15:43:55Z,48.701149,1.884458,151.6,26.48,337.7,1.07,9
2025-09-19T15:43:56Z,48.701215,1.884438,151.8,27.30,348.9,1.07,9
2025-09-19T15:43:57Z,48.701281,1.884444,152.1,27.76,3.4,1.10,9
2025-09-19T15:43:58Z,48.701357,1.884467,152.5,31.56,14.8,1.07,9
2025-09-19T15:43:59Z,48.701424,1.884500,153.9,29.98,16.7,1.07,9
2025-09-19T15:44:00Z,48.701488,1.884528,155.3,28.59,16.1,1.07,9
2025-09-19T15:44:01Z,48.701557,1.884564,156.3,30.45,19.6,1.07,9
2025-09-19T15:44:02Z,48.701624,1.884606,158.2,30.15,22.6,1.07,9
2025-09-19T15:44:03Z,48.701690,1.884642,159.5,28.06,19.9,1.27,8
2025-09-19T15:44:04Z,48.701764,1.884677,159.2,28.04,17.1,1.15,8
2025-09-19T15:44:05Z,48.701851,1.884714,157.1,29.72,14.9,1.27,9
2025-09-19T15:44:06Z,48.701917,1.884752,157.9,27.67,21.7,1.15,9
2025-09-19T15:44:07Z,48.701987,1.884793,157.2,27.08,22.8,1.27,9
2025-09-19T15:44:08Z,48.702056,1.884835,156.4,27.21,24.7,1.27,9
2025-09-19T15:44:09Z,48.702124,1.884880,155.9,27.47,24.5,1.27,9
2025-09-19T15:44:10Z,48.702187,1.884925,155.3,24.82,24.6,1.27,9
2025-09-19T15:44:11Z,48.702240,1.884957,155.6,22.56,21.9,1.27,9
2025-09-19T15:44:12Z,48.702293,1.884988,155.6,22.65,21.3,1.68,6
2025-09-19T15:44:13Z,48.702350,1.885045,154.8,25.89,35.5,1.27,7
2025-09-19T15:44:14Z,48.702399,1.885116,155.0,26.52,45.5,1.15,8
2025-09-19T15:44:15Z,48.702440,1.885199,155.4,27.72,53.1,1.07,9
2025-09-19T15:44:16Z,48.702465,1.885292,155.9,27.71,71.0,1.07,9
2025-09-19T15:44:17Z,48.702477,1.885398,156.0,29.00,84.0,1.07,9
2025-09-19T15:44:18Z,48.702484,1.885512,155.5,29.67,87.0,1.15,9
2025-09-19T15:44:19Z,48.702485,1.885630,155.1,31.67,91.5,1.15,8
2025-09-19T15:44:20Z,48.702475,1.885762,154.7,36.06,99.4,1.15,8
2025-09-19T15:44:21Z,48.702455,1.885910,154.3,40.71,102.8,1.15,8
2025-09-19T15:44:22Z,48.702434,1.886072,154.1,44.63,101.8,1.84,8
2025-09-19T15:44:23Z,48.702411,1.886245,153.7,47.28,102.4,1.86,7
2025-09-19T15:44:24Z,48.702378,1.886420,153.2,48.71,107.5,1.86,7
2025-09-19T15:44:25Z,48.702346,1.886598,152.9,48.54,105.5,1.86,7
2025-09-19T15:44:26Z,48.702318,1.886773,152.2,47.11,103.3,1.86,7
2025-09-19T15:44:27Z,48.702296,1.886941,151.4,43.65,101.6,1.86,7
2025-09-19T15:44:28Z,48.702280,1.887101,150.5,42.24,98.9,1.84,8
2025-09-19T15:44:29Z,48.702271,1.887260,149.9,42.39,94.7,1.07,9
2025-09-19T15:44:30Z,48.702264,1.887416,149.2,40.80,93.0,1.86,7
2025-09-19T15:44:31Z,48.702262,1.887564,148.8,38.19,91.7,1.15,8
2025-09-19T15:44:32Z,48.702262,1.887702,147.8,35.10,90.0,1.07,9
2025-09-19T15:44:33Z,48.702265,1.887830,147.4,33.21,87.8,1.12,8
2025-09-19T15:44:34Z,48.702273,1.887952,147.0,31.74,84.1,1.07,9
2025-09-19T15:44:35Z,48.702284,1.888079,146.5,34.45,83.1,1.15,9
2025-09-19T15:44:36Z,48.702291,1.888222,145.8,39.15,86.7,1.15,8
2025-09-19T15:44:37Z,48.702293,1.888381,145.3,43.30,89.8,1.84,8
2025-09-19T15:44:38Z,48.702296,1.888554,144.6,46.17,88.3,1.07,9
2025-09-19T15:44:39Z,48.702304,1.888732,144.4,47.89,85.7,1.07,9
2025-09-19T15:44:40Z,48.702317,1.888918,144.1,50.08,84.8,1.10,9
2025-09-19T15:44:41Z,48.702330,1.889103,143.8,48.67,84.6,1.10,9
2025-09-19T15:44:42Z,48.702342,1.889285,143.8,47.93,85.0,1.10,8
2025-09-19T15:44:43Z,48.702347,1.889466,143.6,48.11,88.0,1.10,8
2025-09-19T15:44:44Z,48.702335,1.889658,143.5,52.54,97.4,1.10,8
2025-09-19T15:44:45Z,48.702304,1.889866,143.5,58.06,104.7,2.25,7
2025-09-19T15:44:46Z,48.702258,1.890075,143.6,58.69,110.0,1.84,8
2025-09-19T15:44:47Z,48.702205,1.890282,143.7,58.89,111.2,3.21,6
2025-09-19T15:44:48Z,48.702155,1.890478,143.6,54.25,111.1,3.42,6
2025-09-19T15:44:49Z,48.702116,1.890661,144.3,50.02,109.3,1.67,6
2025-09-19T15:44:50Z,48.702081,1.890828,145.0,45.50,108.8,1.67,6
2025-09-19T15:44:51Z,48.702051,1.890978,145.8,40.69,109.0,1.67,6
2025-09-19T15:44:52Z,48.702027,1.891107,147.6,34.61,109.4,1.27,7
2025-09-19T15:44:53Z,48.702005,1.891217,148.3,28.72,109.0,1.27,7
2025-09-19T15:44:54Z,48.701991,1.891313,149.8,26.02,107.7,1.27,7
2025-09-19T15:44:55Z,48.701975,1.891409,151.4,27.11,106.6,1.26,7
2025-09-19T15:44:56Z,48.701950,1.891518,151.5,30.74,107.7,3.21,7
2025-09-19T15:44:57Z,48.701923,1.891650,152.5,39.32,108.0,1.26,8
2025-09-19T15:44:58Z,48.701899,1.891812,155.3,47.36,105.7,1.26,8
2025-09-19T15:44:59Z,48.701862,1.891997,157.0,53.41,107.5,1.10,9
2025-09-19T15:45:00Z,48.701815,1.892192,157.5,54.23,109.4,3.21,7
2025-09-19T15:45:01Z,48.701759,1.892408,158.2,63.54,110.8,2.25,8
2025-09-19T15:45:02Z,48.701690,1.892651,159.2,72.10,113.8,2.25,8
2025-09-19T15:45:03Z,48.701611,1.892888,158.8,67.67,116.7,2.25,7
2025-09-19T15:45:04Z,48.701532,1.893104,158.1,62.41,118.0,2.25,7
2025-09-19T15:45:05Z,48.701455,1.893307,157.7,60.30,118.2,3.21,6
2025-09-19T15:45:06Z,48.701381,1.893501,157.7,58.12,120.6,3.21,6
2025-09-19T15:45:07Z,48.701310,1.893684,157.1,54.34,121.5,3.21,6
2025-09-19T15:45:08Z,48.701240,1.893853,156.4,50.69,120.9,3.21,6
2025-09-19T15:45:09Z,48.701176,1.894014,155.6,47.89,120.0,3.21,6
2025-09-19T15:45:10Z,48.701115,1.894162,155.3,45.00,121.8,2.24,7
2025-09-19T15:45:11Z,48.701054,1.894294,154.7,41.04,125.7,2.24,7
2025-09-19T15:45:12Z,48.700995,1.894409,154.1,36.52,128.4,2.24,7
2025-09-19T15:45:13Z,48.700941,1.894512,153.7,32.98,127.6,2.24,7
2025-09-19T15:45:14Z,48.700887,1.894603,152.3,30.26,132.3,2.24,7
2025-09-19T15:45:15Z,48.700828,1.894689,151.5,31.89,134.9,1.84,8
2025-09-19T15:45:16Z,48.700769,1.894788,151.1,36.23,130.1,1.84,8
2025-09-19T15:45:17Z,48.700708,1.894910,149.8,40.41,123.3,1.07,9
2025-09-19T15:45:18Z,48.700638,1.895045,148.7,45.63,126.4,1.84,8
2025-09-19T15:45:19Z,48.700557,1.895190,147.9,50.89,129.7,1.84,8
2025-09-19T15:45:20Z,48.700472,1.895338,147.6,51.99,131.3,1.84,8
2025-09-19T15:45:21Z,48.700380,1.895481,147.3,52.78,134.9,1.84,8
2025-09-19T15:45:22Z,48.700279,1.895604,146.8,50.95,142.6,2.24,7
2025-09-19T15:45:23Z,48.700172,1.895701,146.5,49.10,151.6,2.24,7
2025-09-19T15:45:24Z,48.700085,1.895767,149.4,42.43,158.0,1.07,9
2025-09-19T15:45:25Z,48.699973,1.895793,149.6,43.69,174.2,1.84,9
2025-09-19T15:45:26Z,48.699847,1.895774,149.7,50.28,189.1,1.84,8
2025-09-19T15:45:27Z,48.699722,1.895726,151.3,53.49,195.8,1.84,8
2025-09-19T15:45:28Z,48.699595,1.895673,152.1,53.45,196.0,1.86,7
2025-09-19T15:45:29Z,48.699476,1.895634,154.5,50.36,190.8,1.86,7
2025-09-19T15:45:30Z,48.699354,1.895625,157.7,51.26,182.6,1.86,7
2025-09-19T15:45:31Z,48.699252,1.895631,162.3,44.76,177.6,1.15,8
2025-09-19T15:45:32Z,48.699170,1.895644,169.9,41.19,177.7,1.84,9
2025-09-19T15:45:33Z,48.699075,1.895670,173.9,40.73,170.3,1.84,8
2025-09-19T15:45:34Z,48.698986,1.895695,177.6,38.32,170.4,1.84,8
2025-09-19T15:45:35Z,48.698913,1.895719,179.9,32.41,169.1,1.84,8
2025-09-19T15:45:36Z,48.698862,1.895735,184.3,26.00,171.9,1.84,9
2025-09-19T15:45:37Z,48.698834,1.895756,190.4,19.24,168.7,1.86,7
2025-09-19T15:45:38Z,48.698792,1.895777,195.2,19.71,168.3,1.86,7
2025-09-19T15:45:39Z,48.698756,1.895798,199.8,16.15,167.4,1.86,7
2025-09-19T15:45:40Z,48.698726,1.895833,203.5,17.63,162.4,1.15,8
2025-09-19T15:45:41Z,48.698706,1.895880,211.1,20.32,151.7,1.15,9
2025-09-19T15:45:42Z,48.698685,1.895938,219.5,21.26,136.4,1.15,9
2025-09-19T15:45:43Z,48.698580,1.896031,216.4,32.00,132.4,1.26,8
2025-09-19T15:45:44Z,48.698487,1.896151,213.6,39.32,122.3,1.86,7
2025-09-19T15:45:45Z,48.698419,1.896302,210.4,48.73,113.4,3.22,7
2025-09-19T15:45:46Z,48.698392,1.896484,218.7,52.02,110.5,1.84,8
2025-09-19T15:45:47Z,48.698342,1.896673,218.4,50.36,101.4,3.22,7
2025-09-19T15:45:48Z,48.698324,1.896868,216.4,51.67,87.8,3.22,6
2025-09-19T15:45:49Z,48.698307,1.897069,211.2,56.43,80.1,3.22,7
2025-09-19T15:45:50Z,48.698326,1.897288,209.2,64.58,71.8,3.22,6
2025-09-19T15:45:51Z,48.698378,1.897533,206.0,76.04,64.6,3.22,6
2025-09-19T15:45:52Z,48.698424,1.897806,200.9,78.84,66.0,3.22,6
2025-09-19T15:45:53Z,48.698488,1.898066,198.3,75.52,64.2,3.22,6
2025-09-19T15:45:54Z,48.698540,1.898316,195.2,71.32,65.0,1.26,7
2025-09-19T15:45:55Z,48.698580,1.898568,191.8,70.56,68.0,1.26,7
2025-09-19T15:45:56Z,48.698626,1.898811,190.9,68.26,69.8,1.26,7
2025-09-19T15:45:57Z,48.698652,1.899045,189.4,64.17,75.5,1.26,7
2025-09-19T15:45:58Z,48.698662,1.899284,188.3,64.56,80.4,1.26,7
2025-09-19T15:45:59Z,48.698661,1.899530,186.4,65.60,85.0,3.23,6
2025-09-19T15:46:00Z,48.698659,1.899778,185.7,65.73,87.7,3.23,6
2025-09-19T15:46:01Z,48.698627,1.900037,183.6,67.08,92.9,3.23,6
2025-09-19T15:46:02Z,48.698592,1.900295,180.3,67.39,93.1,1.26,7
2025-09-19T15:46:03Z,48.698574,1.900551,179.2,67.34,92.7,1.26,7
2025-09-19T15:46:04Z,48.698538,1.900809,174.9,66.60,93.2,1.15,8
2025-09-19T15:46:05Z,48.698517,1.901065,173.2,66.91,93.0,1.15,8
2025-09-19T15:46:06Z,48.698500,1.901318,172.8,67.02,93.5,1.86,8
2025-09-19T15:46:07Z,48.698481,1.901570,172.5,66.88,94.8,1.86,7
2025-09-19T15:46:08Z,48.698457,1.901815,171.0,63.34,95.9,1.86,7
2025-09-19T15:46:09Z,48.698434,1.902042,171.0,58.65,97.2,1.86,7
2025-09-19T15:46:10Z,48.698397,1.902256,170.2,57.43,105.2,1.86,7
2025-09-19T15:46:11Z,48.698337,1.902461,170.4,59.39,115.7,1.86,7
2025-09-19T15:46:12Z,48.698254,1.902653,171.5,62.32,125.6,1.86,7
2025-09-19T15:46:13Z,48.698151,1.902840,173.3,68.21,131.2,1.86,7
2025-09-19T15:46:14Z,48.698028,1.903048,173.7,74.84,131.4,3.23,6
2025-09-19T15:46:15Z,48.697902,1.903297,173.6,80.82,127.0,3.23,6
2025-09-19T15:46:16Z,48.697781,1.903544,172.7,78.78,126.2,3.23,6
2025-09-19T15:46:17Z,48.697684,1.903802,171.9,77.65,121.6,3.23,6
2025-09-19T15:46:18Z,48.697586,1.904036,170.1,70.84,121.0,3.23,6
2025-09-19T15:46:19Z,48.697487,1.904257,169.6,69.45,123.3,3.23,6
2025-09-19T15:46:20Z,48.697395,1.904469,169.1,65.99,123.4,3.44,6
2025-09-19T15:46:21Z,48.697327,1.904697,169.1,66.75,117.8,4.40,5
2025-09-19T15:46:22Z,48.697168,1.904864,168.8,68.78,134.6,3.23,6
2025-09-19T15:46:23Z,48.697009,1.905041,167.7,75.95,144.2,3.23,7
2025-09-19T15:46:24Z,48.696875,1.905223,166.3,74.15,145.6,3.23,7
2025-09-19T15:46:25Z,48.696721,1.905387,166.1,75.75,145.5,3.23,8
2025-09-19T15:46:26Z,48.696571,1.905559,165.7,75.99,143.6,3.23,7
2025-09-19T15:46:27Z,48.696440,1.905778,162.3,77.86,136.8,3.23,7
2025-09-19T15:46:28Z,48.696372,1.906032,164.4,77.58,127.1,3.23,7
2025-09-19T15:46:29Z,48.696253,1.906256,162.5,75.49,127.6,3.23,7
2025-09-19T15:46:30Z,48.696133,1.906461,162.7,72.23,130.3,3.23,7
2025-09-19T15:46:31Z,48.696010,1.906651,162.5,70.01,132.9,3.23,7
2025-09-19T15:46:32Z,48.695885,1.906829,162.6,68.65,135.5,3.23,8
2025-09-19T15:46:33Z,48.695774,1.906957,173.2,66.52,141.1,2.21,8
2025-09-19T15:46:34Z,48.695633,1.907092,178.3,68.21,145.5,2.21,7
2025-09-19T15:46:35Z,48.695477,1.907215,180.0,68.69,149.6,3.23,6
2025-09-19T15:46:36Z,48.695335,1.907338,182.6,68.02,150.9,3.23,6
2025-09-19T15:46:37Z,48.695197,1.907440,183.5,65.43,153.0,3.23,6
2025-09-19T15:46:38Z,48.695059,1.907546,184.0,64.38,153.2,3.23,6
2025-09-19T15:46:39Z,48.694915,1.907625,181.9,61.73,156.6,2.21,7
2025-09-19T15:46:40Z,48.694765,1.907667,184.7,61.78,164.1,2.21,7
2025-09-19T15:46:41Z,48.694659,1.907681,195.9,60.56,171.7,1.84,8
2025-09-19T15:46:42Z,48.694510,1.907702,194.2,59.75,174.5,1.84,8
2025-09-19T15:46:43Z,48.694362,1.907711,193.6,59.32,176.8,1.86,8
2025-09-19T15:46:44Z,48.694205,1.907725,193.4,60.04,177.2,1.86,8
2025-09-19T15:46:45Z,48.694069,1.907772,195.5,60.08,171.7,1.86,7
2025-09-19T15:46:46Z,48.693945,1.907843,199.0,59.43,165.3,1.86,7
2025-09-19T15:46:47Z,48.693798,1.907920,199.4,60.93,161.4,3.23,7
2025-09-19T15:46:48Z,48.693595,1.908072,196.7,73.51,152.5,2.21,8
2025-09-19T15:46:49Z,48.693478,1.908250,198.5,75.69,143.6,2.21,8
2025-09-19T15:46:50Z,48.693325,1.908436,194.6,79.28,140.2,2.21,8
2025-09-19T15:46:51Z,48.693158,1.908630,192.4,80.95,140.3,2.21,8
2025-09-19T15:46:52Z,48.692965,1.908829,187.2,84.14,140.5,1.10,9
2025-09-19T15:46:53Z,48.692787,1.909016,185.5,82.54,142.1,1.10,9
2025-09-19T15:46:54Z,48.692587,1.909224,181.0,87.06,141.4,1.10,9
2025-09-19T15:46:55Z,48.692406,1.909437,177.8,88.01,140.5,1.10,8
2025-09-19T15:46:56Z,48.692240,1.909627,175.0,83.19,141.4,1.10,8
2025-09-19T15:46:57Z,48.692084,1.909811,174.9,80.69,142.4,2.20,8
2025-09-19T15:46:58Z,48.691928,1.909987,173.2,78.49,142.9,2.20,8
2025-09-19T15:46:59Z,48.691763,1.910163,170.0,77.28,142.8,1.10,8
2025-09-19T15:47:00Z,48.691605,1.910342,168.4,76.88,142.0,1.10,8
2025-09-19T15:47:01Z,48.691457,1.910525,168.8,76.62,141.4,1.26,8
2025-09-19T15:47:02Z,48.691318,1.910733,168.7,77.93,137.9,2.20,7
2025-09-19T15:47:03Z,48.691229,1.910966,166.7,75.43,129.7,2.20,8
2025-09-19T15:47:04Z,48.691132,1.911177,165.6,70.86,127.3,3.24,6
2025-09-19T15:47:05Z,48.691063,1.911406,164.1,67.51,120.4,3.24,6
2025-09-19T15:47:06Z,48.690981,1.911614,163.2,63.10,120.6,3.24,6
2025-09-19T15:47:07Z,48.690902,1.911805,163.1,59.67,121.7,3.24,6
2025-09-19T15:47:08Z,48.690818,1.911984,163.1,58.08,123.9,3.24,6
2025-09-19T15:47:09Z,48.690737,1.912154,163.2,55.84,125.3,3.24,7
2025-09-19T15:47:10Z,48.690636,1.912289,162.7,52.89,130.9,3.24,7
2025-09-19T15:47:11Z,48.690542,1.912433,162.7,53.08,132.8,3.24,7
2025-09-19T15:47:12Z,48.690449,1.912558,161.9,49.54,135.6,3.24,7
2025-09-19T15:47:13Z,48.690345,1.912671,161.3,49.08,139.0,3.24,6
2025-09-19T15:47:14Z,48.690230,1.912775,161.0,50.06,143.1,2.32,7
2025-09-19T15:47:15Z,48.690116,1.912882,160.5,51.23,144.5,2.32,7
2025-09-19T15:47:16Z,48.690012,1.913003,156.5,50.26,142.2,3.34,6
2025-09-19T15:47:17Z,48.690017,1.913205,159.3,51.34,124.8,3.24,8
2025-09-19T15:47:18Z,48.689947,1.913382,159.1,56.80,122.6,1.85,7
2025-09-19T15:47:19Z,48.689931,1.913604,161.3,57.43,112.8,3.24,6
2025-09-19T15:47:20Z,48.689893,1.913817,161.7,58.25,109.0,3.24,6
2025-09-19T15:47:21Z,48.689855,1.914027,160.9,56.99,106.0,3.45,6
2025-09-19T15:47:22Z,48.689816,1.914233,160.8,56.43,105.8,3.45,5
2025-09-19T15:47:23Z,48.689783,1.914451,160.6,59.38,104.0,3.45,5
2025-09-19T15:47:24Z,48.689756,1.914709,161.0,70.54,101.4,3.45,5
2025-09-19T15:47:25Z,48.689718,1.915023,159.3,84.12,100.1,3.24,7
2025-09-19T15:47:26Z,48.689676,1.915350,157.7,87.71,99.6,3.24,7
2025-09-19T15:47:27Z,48.689630,1.915659,156.4,83.15,100.9,1.25,7
2025-09-19T15:47:28Z,48.689569,1.915951,154.8,79.02,103.1,1.25,7
2025-09-19T15:47:29Z,48.689530,1.916233,153.8,75.52,102.3,3.24,6
2025-09-19T15:47:30Z,48.689491,1.916506,153.4,74.23,102.0,3.35,6
2025-09-19T15:47:31Z,48.689456,1.916751,152.4,67.19,101.3,3.35,5
2025-09-19T15:47:32Z,48.689425,1.916982,151.8,61.91,100.8,3.24,7
2025-09-19T15:47:33Z,48.689408,1.917200,151.2,57.47,99.4,3.45,6
2025-09-19T15:47:34Z,48.689352,1.917388,151.4,53.58,105.0,3.45,5
2025-09-19T15:47:35Z,48.689259,1.917570,152.3,56.39,114.4,3.45,5
2025-09-19T15:47:36Z,48.689124,1.917710,149.4,52.99,127.9,1.12,8
2025-09-19T15:47:37Z,48.688995,1.917846,147.0,54.19,140.4,1.07,9
2025-09-19T15:47:38Z,48.688766,1.918000,143.1,73.64,149.0,1.84,8
2025-09-19T15:47:39Z,48.688598,1.918207,144.0,83.91,143.9,1.84,8
2025-09-19T15:47:40Z,48.688429,1.918428,141.6,86.90,140.0,1.84,8
2025-09-19T15:47:41Z,48.688264,1.918648,141.7,88.14,139.8,1.84,8
2025-09-19T15:47:42Z,48.688144,1.918867,142.5,83.19,137.4,1.07,9
2025-09-19T15:47:43Z,48.688004,1.919068,142.0,79.90,137.7,1.10,8
2025-09-19T15:47:44Z,48.687875,1.919285,142.1,79.71,135.1,3.24,6
2025-09-19T15:47:45Z,48.687746,1.919511,142.5,80.25,133.2,1.25,7
2025-09-19T15:47:46Z,48.687618,1.919754,142.4,83.80,130.8,1.25,7
2025-09-19T15:47:47Z,48.687490,1.920005,142.4,85.75,129.5,1.25,7
2025-09-19T15:47:48Z,48.687363,1.920259,143.0,85.78,129.1,1.25,7
2025-09-19T15:47:49Z,48.687229,1.920511,143.6,86.67,129.5,1.25,7
2025-09-19T15:47:50Z,48.687083,1.920757,144.2,88.36,131.1,1.25,7
2025-09-19T15:47:51Z,48.686929,1.921007,144.7,91.75,132.3,1.25,7
2025-09-19T15:47:52Z,48.686756,1.921261,144.7,96.75,134.3,1.25,7
2025-09-19T15:47:53Z,48.686594,1.921521,145.4,96.14,134.4,1.25,7
2025-09-19T15:47:54Z,48.686439,1.921780,145.7,93.93,133.8,1.25,7
2025-09-19T15:47:55Z,48.686290,1.922025,146.0,90.71,134.0,1.25,7
2025-09-19T15:47:56Z,48.686161,1.922287,145.2,88.84,131.1,1.25,7
2025-09-19T15:47:57Z,48.686027,1.922571,144.6,93.03,128.3,3.24,6
2025-09-19T15:47:58Z,48.685930,1.922914,145.2,101.25,121.6,3.24,6
2025-09-19T15:47:59Z,48.685812,1.923265,146.1,105.93,119.3,3.24,6
2025-09-19T15:48:00Z,48.685693,1.923608,146.0,102.60,118.9,3.24,6
2025-09-19T15:48:01Z,48.685582,1.923934,146.4,97.16,118.6,3.24,6
2025-09-19T15:48:02Z,48.685484,1.924237,145.7,89.06,117.5,3.24,6
2025-09-19T15:48:03Z,48.685391,1.924540,144.9,88.10,116.3,3.24,6
2025-09-19T15:48:04Z,48.685319,1.924869,145.0,90.80,113.2,3.24,7
2025-09-19T15:48:05Z,48.685237,1.925185,144.7,89.99,112.3,3.24,6
2025-09-19T15:48:06Z,48.685172,1.925469,144.7,82.80,112.3,3.24,6
2025-09-19T15:48:07Z,48.685103,1.925746,144.4,78.30,111.8,3.45,5
2025-09-19T15:48:08Z,48.685018,1.926008,144.0,76.45,113.7,3.24,6
2025-09-19T15:48:09Z,48.684907,1.926252,143.7,75.99,119.2,3.24,6
2025-09-19T15:48:10Z,48.684798,1.926487,144.2,75.45,123.6,3.24,6
2025-09-19T15:48:11Z,48.684685,1.926721,144.8,77.54,125.9,3.24,6
2025-09-19T15:48:12Z,48.684556,1.926953,144.8,79.80,129.0,3.24,6
2025-09-19T15:48:13Z,48.684432,1.927196,144.8,82.40,129.5,3.24,6
2025-09-19T15:48:14Z,48.684305,1.927449,144.9,85.71,129.2,3.24,6
2025-09-19T15:48:15Z,48.684173,1.927708,145.6,88.34,128.6,2.17,7
2025-09-19T15:48:16Z,48.684037,1.927986,145.4,91.60,128.2,3.24,6
2025-09-19T15:48:17Z,48.683872,1.928285,145.3,99.19,128.8,3.24,6
2025-09-19T15:48:18Z,48.683682,1.928590,146.1,106.56,131.8,3.24,6
2025-09-19T15:48:19Z,48.683504,1.928882,146.1,104.88,132.8,3.24,6
2025-09-19T15:48:20Z,48.683315,1.929127,147.2,99.69,137.5,3.24,6
2025-09-19T15:48:21Z,48.683151,1.929342,149.0,91.75,140.1,3.24,6
2025-09-19T15:48:22Z,48.682990,1.929549,149.0,87.27,140.6,3.24,6
2025-09-19T15:48:23Z,48.682835,1.929766,149.5,86.77,139.2,3.24,6
2025-09-19T15:48:24Z,48.682684,1.929949,147.4,79.60,140.6,1.25,7
2025-09-19T15:48:25Z,48.682566,1.930123,147.9,73.32,140.2,3.24,6
2025-09-19T15:48:26Z,48.682390,1.930279,143.3,72.67,143.4,1.25,8
2025-09-19T15:48:27Z,48.682335,1.930403,143.6,57.86,141.4,3.24,7
2025-09-19T15:48:28Z,48.682255,1.930536,143.0,53.08,139.1,3.24,7
2025-09-19T15:48:29Z,48.682179,1.930665,143.2,49.54,137.6,3.24,7
2025-09-19T15:48:30Z,48.682265,1.930925,143.9,54.06,104.4,3.24,7
2025-09-19T15:48:31Z,48.682252,1.931142,144.8,58.43,100.5,3.24,7
2025-09-19T15:48:32Z,48.682243,1.931343,147.0,54.45,99.4,2.57,7
2025-09-19T15:48:33Z,48.682242,1.931525,147.3,49.62,96.9,3.44,7
2025-09-19T15:48:34Z,48.682226,1.931701,147.9,48.41,98.1,3.44,6
2025-09-19T15:48:35Z,48.682192,1.931860,148.5,45.60,102.1,3.24,7
2025-09-19T15:48:36Z,48.682111,1.931996,148.4,45.11,114.3,3.24,7
2025-09-19T15:48:37Z,48.682011,1.932152,150.5,51.10,123.2,1.85,7
2025-09-19T15:48:38Z,48.681958,1.932318,153.8,52.12,122.4,1.85,7
2025-09-19T15:48:39Z,48.681916,1.932512,153.6,54.19,113.0,3.23,7
2025-09-19T15:48:40Z,48.681872,1.932735,150.8,57.82,105.4,3.23,6
2025-09-19T15:48:41Z,48.681828,1.932942,149.0,57.02,105.0,3.23,6
2025-09-19T15:48:42Z,48.681781,1.933131,149.1,52.73,109.6,3.23,6
2025-09-19T15:48:43Z,48.681753,1.933296,154.1,48.84,112.1,1.85,7
2025-09-19T15:48:44Z,48.681682,1.933438,155.7,46.78,123.3,1.85,7
2025-09-19T15:48:45Z,48.681578,1.933587,154.9,51.49,129.7,1.85,7
2025-09-19T15:48:46Z,48.681505,1.933764,154.9,54.91,122.6,1.85,7
2025-09-19T15:48:47Z,48.681444,1.933994,154.4,63.10,112.9,1.85,7
2025-09-19T15:48:48Z,48.681390,1.934233,154.4,67.75,110.2,1.85,7
2025-09-19T15:48:49Z,48.681330,1.934489,153.3,71.60,108.3,3.23,6
2025-09-19T15:48:50Z,48.681279,1.934748,152.7,71.77,105.8,3.23,6
2025-09-19T15:48:51Z,48.681244,1.935006,150.9,68.82,101.2,3.23,6
2025-09-19T15:48:52Z,48.681232,1.935272,151.1,70.73,96.1,3.23,6
2025-09-19T15:48:53Z,48.681250,1.935566,152.8,78.71,89.9,1.25,7
2025-09-19T15:48:54Z,48.681295,1.935865,154.2,80.56,83.0,1.66,6
2025-09-19T15:48:55Z,48.681337,1.936171,154.0,82.80,79.2,3.23,6
2025-09-19T15:48:56Z,48.681379,1.936501,153.0,89.95,77.9,3.23,6
2025-09-19T15:48:57Z,48.681435,1.936854,152.9,97.82,76.9,3.23,6
2025-09-19T15:48:58Z,48.681499,1.937223,152.4,101.38,75.7,3.23,6
2025-09-19T15:48:59Z,48.681579,1.937570,152.3,95.88,72.6,3.23,6
2025-09-19T15:49:00Z,48.681646,1.937895,151.9,89.90,71.6,3.23,6
2025-09-19T15:49:01Z,48.681714,1.938206,152.2,87.01,71.5,3.44,5
2025-09-19T15:49:02Z,48.681769,1.938521,151.5,87.06,72.8,3.23,6
2025-09-19T15:49:03Z,48.681771,1.938883,150.8,94.29,80.4,3.23,6
2025-09-19T15:49:04Z,48.681779,1.939265,149.3,101.71,84.6,3.23,6
2025-09-19T15:49:05Z,48.681792,1.939656,148.4,103.97,86.1,3.23,6
2025-09-19T15:49:06Z,48.681800,1.940031,147.5,98.58,86.9,3.23,6
2025-09-19T15:49:07Z,48.681808,1.940384,147.0,92.60,87.4,3.23,6
2025-09-19T15:49:08Z,48.681809,1.940720,146.4,88.58,88.8,3.23,6
2025-09-19T15:49:09Z,48.681782,1.941031,147.4,83.45,94.9,3.23,6
2025-09-19T15:49:10Z,48.681711,1.941338,146.0,82.71,102.8,3.23,6
2025-09-19T15:49:11Z,48.681651,1.941644,145.8,84.54,105.1,3.23,6
2025-09-19T15:49:12Z,48.681529,1.941949,144.4,90.10,113.9,3.23,6
2025-09-19T15:49:13Z,48.681434,1.942267,144.6,93.45,114.7,3.23,6
2025-09-19T15:49:14Z,48.681322,1.942579,144.9,93.40,117.1,3.23,6
2025-09-19T15:49:15Z,48.681146,1.942867,146.6,97.92,125.6,3.23,6
2025-09-19T15:49:16Z,48.680994,1.943171,145.8,99.86,125.9,3.23,6
2025-09-19T15:49:17Z,48.680829,1.943478,144.8,102.06,126.8,3.23,6
2025-09-19T15:49:18Z,48.680611,1.943779,144.1,109.75,131.9,3.23,6
2025-09-19T15:49:19Z,48.680424,1.944095,143.7,110.93,131.6,3.23,7
2025-09-19T15:49:20Z,48.680240,1.944415,143.7,111.45,131.0,3.23,6
2025-09-19T15:49:21Z,48.680066,1.944705,143.4,107.18,131.8,3.23,6
2025-09-19T15:49:22Z,48.679853,1.944983,142.4,107.55,135.2,3.23,6
2025-09-19T15:49:23Z,48.679647,1.945246,142.8,107.27,137.7,3.23,6
2025-09-19T15:49:24Z,48.679447,1.945473,143.1,103.60,140.4,2.14,7
2025-09-19T15:49:25Z,48.679247,1.945738,142.8,104.68,139.3,3.43,6
2025-09-19T15:49:26Z,48.679098,1.945994,141.4,97.93,136.6,3.23,6
2025-09-19T15:49:27Z,48.678955,1.946260,140.7,92.19,133.4,3.23,6
2025-09-19T15:49:28Z,48.678829,1.946535,140.5,89.78,128.1,3.23,6
2025-09-19T15:49:29Z,48.678697,1.946817,140.1,90.95,123.6,3.23,6
2025-09-19T15:49:30Z,48.678587,1.947102,139.6,86.51,120.0,3.23,6
2025-09-19T15:49:31Z,48.678493,1.947378,139.9,81.17,116.8,3.23,6
2025-09-19T15:49:32Z,48.678400,1.947652,138.9,79.95,115.7,3.43,5
2025-09-19T15:49:33Z,48.678315,1.947912,138.7,74.75,115.1,3.23,6
2025-09-19T15:49:34Z,48.678238,1.948158,137.5,70.23,114.1,3.23,6
2025-09-19T15:49:35Z,48.678162,1.948394,137.4,68.84,115.0,3.23,6
2025-09-19T15:49:36Z,48.678086,1.948609,137.4,63.36,118.4,3.23,6
2025-09-19T15:49:37Z,48.678003,1.948805,138.4,61.47,121.8,2.14,7
2025-09-19T15:49:38Z,48.677900,1.948974,137.9,58.38,127.7,3.22,6
2025-09-19T15:49:39Z,48.677799,1.949146,137.2,58.67,128.2,3.22,6
2025-09-19T15:49:40Z,48.677720,1.949310,136.2,55.49,125.0,3.22,6
2025-09-19T15:49:41Z,48.677606,1.949561,132.2,69.14,119.7,2.14,7
2025-09-19T15:49:42Z,48.677527,1.949857,134.6,84.64,113.8,2.14,7
2025-09-19T15:49:43Z,48.677441,1.950150,134.0,84.54,113.1,3.22,6
2025-09-19T15:49:44Z,48.677365,1.950433,133.3,80.54,111.6,3.22,6
2025-09-19T15:49:45Z,48.677301,1.950685,133.0,71.91,111.0,3.22,6
2025-09-19T15:49:46Z,48.677241,1.950923,132.8,66.38,110.7,3.22,6
2025-09-19T15:49:47Z,48.677187,1.951141,132.0,60.69,109.1,3.22,6
2025-09-19T15:49:48Z,48.677138,1.951350,131.6,58.56,109.4,3.22,6
2025-09-19T15:49:49Z,48.677132,1.951536,132.4,52.06,101.8,1.84,7
2025-09-19T15:49:50Z,48.677121,1.951702,132.2,46.54,98.6,1.84,7
2025-09-19T15:49:51Z,48.677101,1.951864,131.6,43.86,98.7,1.84,7
2025-09-19T15:49:52Z,48.677084,1.952025,134.0,45.21,102.3,1.84,7
2025-09-19T15:49:53Z,48.677040,1.952189,133.6,46.74,109.8,1.84,7
2025-09-19T15:49:54Z,48.676995,1.952354,133.2,47.08,111.1,1.84,7
2025-09-19T15:49:55Z,48.676950,1.952520,133.6,48.06,112.5,3.22,7
2025-09-19T15:49:56Z,48.676889,1.952681,134.0,48.60,116.4,3.22,7
2025-09-19T15:49:57Z,48.676820,1.952843,133.7,49.24,119.4,3.22,7
2025-09-19T15:49:58Z,48.676750,1.953006,133.3,50.36,120.5,3.22,8
2025-09-19T15:49:59Z,48.676682,1.953177,133.0,51.02,120.3,3.22,7
2025-09-19T15:50:00Z,48.676619,1.953347,132.9,51.36,119.4,3.22,7
2025-09-19T15:50:01Z,48.676571,1.953492,133.1,46.60,118.1,3.22,7
2025-09-19T15:50:02Z,48.676563,1.953653,132.7,42.50,107.9,3.22,7
2025-09-19T15:50:03Z,48.676543,1.953819,133.0,44.15,102.5,3.22,7
2025-09-19T15:50:04Z,48.676523,1.953984,132.9,44.91,99.9,3.22,7
2025-09-19T15:50:05Z,48.676507,1.954145,132.9,43.04,99.1,3.22,6
2025-09-19T15:50:06Z,48.676488,1.954302,133.9,42.00,100.0,1.24,8
2025-09-19T15:50:07Z,48.676459,1.954454,133.4,42.02,102.7,3.42,7
2025-09-19T15:50:08Z,48.676444,1.954617,136.1,44.36,102.3,1.24,8
2025-09-19T15:50:09Z,48.676404,1.954754,137.7,41.87,109.2,1.65,8
2025-09-19T15:50:10Z,48.676369,1.954886,140.0,39.86,113.0,1.65,8
2025-09-19T15:50:11Z,48.676324,1.955017,140.2,38.74,115.4,3.22,8
2025-09-19T15:50:12Z,48.676238,1.955115,142.0,38.98,130.1,3.22,7
2025-09-19T15:50:13Z,48.676131,1.955214,142.1,42.28,140.3,2.12,8
2025-09-19T15:50:14Z,48.676062,1.955294,145.2,39.93,143.8,1.84,8
2025-09-19T15:50:15Z,48.675972,1.955388,145.4,41.17,145.0,3.22,8
2025-09-19T15:50:16Z,48.675893,1.955477,145.8,40.34,144.9,3.21,7
2025-09-19T15:50:17Z,48.675820,1.955548,146.7,37.65,147.1,2.12,8
2025-09-19T15:50:18Z,48.675725,1.955616,147.8,38.97,152.6,1.84,8
2025-09-19T15:50:19Z,48.675624,1.955689,147.5,40.43,154.3,2.12,8
2025-09-19T15:50:20Z,48.675474,1.955723,148.7,46.60,166.9,1.84,8
2025-09-19T15:50:21Z,48.675354,1.955745,146.9,45.47,172.0,1.84,8
2025-09-19T15:50:22Z,48.675228,1.955757,144.9,45.37,176.7,1.84,8
2025-09-19T15:50:23Z,48.675119,1.955767,144.4,43.91,177.6,1.84,8
2025-09-19T15:50:24Z,48.674996,1.955786,145.0,44.80,175.2,1.84,8
2025-09-19T15:50:25Z,48.674871,1.955813,142.1,44.02,173.8,1.84,8
2025-09-19T15:50:26Z,48.674789,1.955836,142.5,40.60,171.5,1.84,8
2025-09-19T15:50:27Z,48.674730,1.955865,143.6,35.82,167.9,1.84,8
2025-09-19T15:50:28Z,48.674630,1.955932,141.9,36.80,158.2,1.84,7
2025-09-19T15:50:29Z,48.674536,1.955992,140.6,36.65,154.1,1.84,7
2025-09-19T15:50:30Z,48.674462,1.956071,141.6,36.10,145.2,1.84,7
2025-09-19T15:50:31Z,48.674380,1.956153,143.7,37.60,145.2,1.84,8
2025-09-19T15:50:32Z,48.674285,1.956258,143.4,41.52,140.8,3.21,8
2025-09-19T15:50:33Z,48.674274,1.956367,142.4,35.13,122.5,3.21,7
2025-09-19T15:50:34Z,48.674266,1.956496,145.4,35.19,108.0,1.15,8
2025-09-19T15:50:35Z,48.674292,1.956667,146.9,42.36,90.7,1.28,7
2025-09-19T15:50:36Z,48.674327,1.956824,149.7,44.06,79.4,1.28,7
2025-09-19T15:50:37Z,48.674360,1.956981,152.0,44.60,75.0,1.28,8
2025-09-19T15:50:38Z,48.674393,1.957143,152.5,45.61,71.6,1.65,6
2025-09-19T15:50:39Z,48.674418,1.957295,153.8,44.30,70.8,1.24,8
2025-09-19T15:50:40Z,48.674442,1.957448,155.0,44.17,73.7,2.58,8
2025-09-19T15:50:41Z,48.674466,1.957601,155.7,43.39,73.8,2.59,6
2025-09-19T15:50:42Z,48.674495,1.957759,156.6,43.56,73.3,2.59,6
2025-09-19T15:50:43Z,48.674514,1.957928,158.0,45.60,77.1,1.65,8
2025-09-19T15:50:44Z,48.674535,1.958091,159.2,45.00,77.0,1.65,7
2025-09-19T15:50:45Z,48.674565,1.958257,160.4,45.73,75.8,1.65,6
2025-09-19T15:50:46Z,48.674541,1.958411,161.9,44.43,84.9,1.65,6
2025-09-19T15:50:47Z,48.674532,1.958575,162.6,44.32,88.1,1.65,7
2025-09-19T15:50:48Z,48.674525,1.958750,163.0,46.17,90.7,1.65,6
2025-09-19T15:50:49Z,48.674525,1.958940,162.6,48.50,90.5,1.15,8
2025-09-19T15:50:50Z,48.674509,1.959126,162.2,48.24,94.2,1.15,8
2025-09-19T15:50:51Z,48.674486,1.959313,160.7,47.67,97.5,1.15,8
2025-09-19T15:50:52Z,48.674466,1.959494,160.9,47.65,99.3,1.15,8
2025-09-19T15:50:53Z,48.674440,1.959675,160.9,48.28,101.5,1.84,7
2025-09-19T15:50:54Z,48.674413,1.959870,161.4,52.62,102.2,3.20,7
2025-09-19T15:50:55Z,48.674371,1.960075,161.2,54.08,103.6,3.40,5
2025-09-19T15:50:56Z,48.674338,1.960265,161.1,49.71,102.4,3.20,6
2025-09-19T15:50:57Z,48.674302,1.960434,161.0,44.78,103.5,3.40,6
2025-09-19T15:50:58Z,48.674280,1.960592,161.1,41.95,102.0,3.40,5
2025-09-19T15:50:59Z,48.674263,1.960739,161.7,39.50,101.0,3.20,7
2025-09-19T15:51:00Z,48.674286,1.960886,162.4,36.19,90.8,1.24,9
2025-09-19T15:51:01Z,48.674303,1.961001,164.4,31.22,85.4,1.15,8
2025-09-19T15:51:02Z,48.674303,1.961097,165.8,25.71,85.0,1.15,8
2025-09-19T15:51:03Z,48.674296,1.961183,165.6,21.80,84.8,1.15,8
2025-09-19T15:51:04Z,48.674290,1.961254,165.5,17.56,84.0,1.15,9
2025-09-19T15:51:05Z,48.674287,1.961322,165.3,17.00,84.9,1.15,8
2025-09-19T15:51:06Z,48.674282,1.961378,165.2,13.50,85.4,1.15,8
2025-09-19T15:51:07Z,48.674280,1.961419,164.6,8.50,82.7,1.84,8
2025-09-19T15:51:08Z,48.674279,1.961444,164.5,4.96,77.4,1.07,9
2025-09-19T15:51:09Z,48.674275,1.961454,163.2,2.33,53.6,1.07,9
2025-09-19T15:51:15Z,48.674216,1.961488,154.0,3.02,63.7,1.07,9
2025-09-19T15:51:16Z,48.674224,1.961522,154.2,11.56,64.0,1.07,9
2025-09-19T15:51:17Z,48.674257,1.961574,154.2,19.37,46.7,1.15,9
2025-09-19T15:51:18Z,48.674295,1.961623,152.4,24.04,29.6,1.24,8
2025-09-19T15:51:19Z,48.674351,1.961665,150.8,28.54,20.6,1.15,8
2025-09-19T15:51:20Z,48.674412,1.961709,148.3,33.22,20.1,1.15,8
2025-09-19T15:51:21Z,48.674487,1.961758,147.0,36.74,21.0,1.14,8
2025-09-19T15:51:22Z,48.674569,1.961809,146.2,38.61,20.9,1.24,7
2025-09-19T15:51:23Z,48.674655,1.961857,145.8,38.80,20.1,1.24,7
2025-09-19T15:51:24Z,48.674754,1.961923,144.7,43.32,21.5,1.64,7
2025-09-19T15:51:25Z,48.674851,1.961977,144.8,42.47,20.2,1.64,6
2025-09-19T15:51:26Z,48.674938,1.962029,145.0,39.76,22.0,1.64,6
2025-09-19T15:51:27Z,48.675025,1.962093,145.0,39.39,24.7,1.64,6
2025-09-19T15:51:28Z,48.675106,1.962152,145.4,38.24,26.0,1.24,8
2025-09-19T15:51:29Z,48.675214,1.962252,145.0,43.28,30.4,1.24,7
2025-09-19T15:51:30Z,48.675326,1.962384,144.6,48.84,35.6,1.24,7
2025-09-19T15:51:31Z,48.675424,1.962522,144.5,51.17,39.8,1.24,7
2025-09-19T15:51:32Z,48.675525,1.962766,144.5,63.71,50.3,1.24,8
2025-09-19T15:51:33Z,48.675567,1.963042,145.4,71.10,62.8,1.28,8
2025-09-19T15:51:34Z,48.675659,1.963276,146.3,71.64,62.0,1.64,6
2025-09-19T15:51:35Z,48.675745,1.963504,146.6,69.15,61.2,1.64,6
2025-09-19T15:51:36Z,48.675843,1.963720,146.6,66.34,57.1,1.64,6
2025-09-19T15:51:37Z,48.675964,1.963903,146.4,65.02,47.0,1.24,7
2025-09-19T15:51:38Z,48.676102,1.964083,145.9,65.47,42.4,1.24,7
2025-09-19T15:51:39Z,48.676253,1.964229,145.5,65.52,34.1,1.24,7
2025-09-19T15:51:40Z,48.676414,1.964341,144.4,64.99,25.5,1.24,8
2025-09-19T15:51:41Z,48.676570,1.964435,144.2,63.60,20.1,1.24,8
2025-09-19T15:51:42Z,48.676718,1.964503,143.5,60.21,14.7,1.24,8
2025-09-19T15:51:43Z,48.676870,1.964543,143.7,59.89,9.2,1.24,7
2025-09-19T15:51:44Z,48.677005,1.964583,143.1,56.84,11.0,1.24,7
2025-09-19T15:51:45Z,48.677129,1.964646,141.6,54.78,17.4,1.24,7
2025-09-19T15:51:46Z,48.677258,1.964723,140.8,55.41,21.1,1.24,7
2025-09-19T15:51:47Z,48.677389,1.964807,140.2,55.97,22.9,1.24,7
2025-09-19T15:51:48Z,48.677521,1.964921,140.5,57.88,27.1,1.24,7
2025-09-19T15:51:49Z,48.677649,1.965024,140.6,57.49,28.0,1.24,7
2025-09-19T15:51:50Z,48.677780,1.965133,140.0,58.71,28.8,1.24,7
2025-09-19T15:51:51Z,48.677913,1.965237,139.8,58.84,28.0,1.24,7
2025-09-19T15:51:52Z,48.678039,1.965348,139.3,58.47,29.1,1.23,7
2025-09-19T15:51:53Z,48.678157,1.965455,138.8,56.49,29.7,1.23,7
2025-09-19T15:51:54Z,48.678283,1.965550,138.0,55.75,27.8,1.23,7
2025-09-19T15:51:55Z,48.678405,1.965645,137.8,55.36,27.7,1.64,7
2025-09-19T15:51:56Z,48.678497,1.965731,137.2,50.23,28.7,1.64,6
2025-09-19T15:51:57Z,48.678570,1.965813,136.0,44.10,30.9,1.23,7
2025-09-19T15:51:58Z,48.678667,1.965869,136.1,41.02,24.9,1.14,8
2025-09-19T15:51:59Z,48.678781,1.965908,134.9,39.86,15.9,1.14,8
2025-09-19T15:52:00Z,48.678883,1.965940,134.2,38.24,11.2,1.14,8
2025-09-19T15:52:01Z,48.678982,1.965977,133.9,36.73,10.3,1.14,8
2025-09-19T15:52:02Z,48.679074,1.966009,133.4,35.21,10.0,1.14,8
2025-09-19T15:52:03Z,48.679157,1.966028,133.3,33.24,8.9,1.14,8
2025-09-19T15:52:04Z,48.679233,1.966045,133.4,31.41,8.0,1.14,8
2025-09-19T15:52:05Z,48.679301,1.966038,134.3,27.67,2.4,1.14,8
2025-09-19T15:52:06Z,48.679370,1.966050,134.9,26.72,4.2,1.07,9
2025-09-19T15:52:07Z,48.679442,1.966048,135.1,26.08,2.9,1.07,9
2025-09-19T15:52:08Z,48.679520,1.966058,134.3,26.04,5.0,1.14,9
2025-09-19T15:52:09Z,48.679587,1.966068,133.5,25.21,7.4,1.14,9
2025-09-19T15:52:10Z,48.679648,1.966082,132.7,23.72,8.8,1.14,9
2025-09-19T15:52:11Z,48.679710,1.966092,131.8,23.02,6.4,1.14,8
2025-09-19T15:52:12Z,48.679762,1.966096,132.3,21.24,5.2,1.07,9
2025-09-19T15:52:13Z,48.679812,1.966098,132.7,20.65,2.6,1.07,9
2025-09-19T15:52:14Z,48.679866,1.966099,132.9,19.74,1.6,1.07,9
2025-09-19T15:52:15Z,48.679913,1.966113,133.8,19.13,6.4,1.07,9
2025-09-19T15:52:16Z,48.679961,1.966109,135.0,19.61,1.3,1.07,9
2025-09-19T15:52:17Z,48.680006,1.966098,135.7,18.26,354.9,1.07,9
2025-09-19T15:52:18Z,48.680037,1.966085,136.8,14.54,350.2,1.13,9
2025-09-19T15:52:19Z,48.680067,1.966057,136.8,14.70,339.4,1.13,8
2025-09-19T15:52:20Z,48.680096,1.966013,138.0,16.37,325.5,1.07,9
2025-09-19T15:52:21Z,48.680141,1.965963,137.1,20.54,315.1,1.07,9
2025-09-19T15:52:22Z,48.680189,1.965898,136.9,23.74,309.4,1.13,9
2025-09-19T15:52:23Z,48.680236,1.965828,136.8,25.28,304.9,1.13,8
2025-09-19T15:52:24Z,48.680278,1.965735,136.3,28.41,296.1,1.13,8
2025-09-19T15:52:25Z,48.680323,1.965630,136.3,32.22,293.0,1.07,9
2025-09-19T15:52:26Z,48.680364,1.965515,135.8,33.74,290.4,1.07,9
2025-09-19T15:52:27Z,48.680406,1.965398,134.2,34.84,293.7,1.07,9
2025-09-19T15:52:28Z,48.680458,1.965294,133.3,34.87,303.0,1.07,9
2025-09-19T15:52:29Z,48.680517,1.965205,131.9,33.04,315.2,1.07,9
2025-09-19T15:52:30Z,48.680638,1.965151,135.5,42.76,339.4,1.07,9
2025-09-19T15:52:31Z,48.680750,1.965119,134.9,44.26,350.1,1.07,9
2025-09-19T15:52:32Z,48.680852,1.965120,135.9,42.02,358.5,1.07,9
2025-09-19T15:52:33Z,48.680995,1.965125,136.8,52.45,0.5,1.41,9
2025-09-19T15:52:34Z,48.681151,1.965137,137.4,63.43,2.6,1.41,8
2025-09-19T15:52:35Z,48.681309,1.965113,138.2,64.56,357.9,1.07,9
2025-09-19T15:52:36Z,48.681455,1.965132,139.9,60.36,0.8,1.14,9
2025-09-19T15:52:37Z,48.681594,1.965174,140.4,57.95,6.7,1.28,8
2025-09-19T15:52:38Z,48.681749,1.965246,140.3,62.49,15.1,1.28,7
2025-09-19T15:52:39Z,48.681902,1.965370,140.4,67.26,24.6,1.14,8
2025-09-19T15:52:40Z,48.682033,1.965486,140.5,63.52,27.1,1.23,8
2025-09-19T15:52:41Z,48.682183,1.965546,140.7,60.97,20.5,1.28,9
2025-09-19T15:52:42Z,48.682327,1.965601,141.2,59.84,17.1,1.28,7
2025-09-19T15:52:43Z,48.682426,1.965715,140.8,55.23,25.3,1.28,7
2025-09-19T15:52:44Z,48.682483,1.965852,140.3,47.89,37.9,1.14,8
2025-09-19T15:52:45Z,48.682525,1.966117,143.1,61.76,60.6,1.14,8
2025-09-19T15:52:46Z,48.682558,1.966375,143.5,71.58,74.5,1.14,8
2025-09-19T15:52:47Z,48.682601,1.966626,141.9,72.52,81.2,1.14,8
2025-09-19T15:52:48Z,48.682659,1.966890,139.4,75.51,80.3,1.83,7
2025-09-19T15:52:49Z,48.682713,1.967173,139.3,77.25,76.7,1.83,7
2025-09-19T15:52:50Z,48.682778,1.967427,138.8,70.54,72.6,1.83,8
2025-09-19T15:52:51Z,48.682853,1.967669,138.8,68.54,67.9,1.28,8
2025-09-19T15:52:52Z,48.682921,1.967892,138.3,64.49,66.8,1.28,7
2025-09-19T15:52:53Z,48.682985,1.968096,137.9,60.65,66.9,1.28,8
2025-09-19T15:52:54Z,48.683061,1.968275,137.3,56.00,63.0,1.07,9
2025-09-19T15:52:55Z,48.683135,1.968440,136.7,51.95,61.2,1.14,8
2025-09-19T15:52:56Z,48.683209,1.968599,136.1,50.32,60.7,1.14,8
2025-09-19T15:52:57Z,48.683282,1.968758,135.7,50.32,60.4,1.14,8
2025-09-19T15:52:58Z,48.683349,1.968920,134.9,50.06,61.9,1.14,8
2025-09-19T15:52:59Z,48.683415,1.969084,134.1,49.76,62.1,1.14,8
2025-09-19T15:53:00Z,48.683482,1.969248,133.3,49.36,61.8,1.83,7
2025-09-19T15:53:01Z,48.683549,1.969411,132.5,49.06,61.6,1.83,7
2025-09-19T15:53:02Z,48.683619,1.969570,131.4,48.63,59.1,1.14,8
2025-09-19T15:53:03Z,48.683692,1.969718,130.0,48.11,53.5,1.14,9
2025-09-19T15:53:04Z,48.683777,1.969852,128.5,49.15,44.3,1.14,9
2025-09-19T15:53:05Z,48.683875,1.969966,127.0,48.52,36.2,1.14,8
2025-09-19T15:53:06Z,48.683990,1.970056,127.6,50.36,26.6,1.10,9
2025-09-19T15:53:07Z,48.684108,1.970130,127.4,50.50,22.1,1.23,9
2025-09-19T15:53:08Z,48.684234,1.970182,127.0,51.60,16.2,1.14,8
2025-09-19T15:53:09Z,48.684360,1.970233,126.5,51.49,14.8,1.14,8
2025-09-19T15:53:10Z,48.684485,1.970285,126.2,50.93,15.4,1.14,8
2025-09-19T15:53:11Z,48.684608,1.970335,126.1,50.34,15.1,1.14,8
2025-09-19T15:53:12Z,48.684729,1.970383,125.8,49.43,14.5,1.14,8
2025-09-19T15:53:13Z,48.684849,1.970428,125.4,48.95,14.2,1.14,8
2025-09-19T15:53:14Z,48.684968,1.970474,125.2,49.36,14.2,1.14,8
2025-09-19T15:53:15Z,48.685090,1.970521,124.9,49.97,14.2,1.07,9
2025-09-19T15:53:16Z,48.685215,1.970569,124.6,51.49,14.7,1.07,9
2025-09-19T15:53:17Z,48.685343,1.970616,124.3,52.91,13.3,1.07,9
2025-09-19T15:53:18Z,48.685466,1.970660,124.1,49.41,13.7,1.14,8
2025-09-19T15:53:19Z,48.685582,1.970705,123.7,46.58,14.5,1.14,8
2025-09-19T15:53:20Z,48.685693,1.970748,123.3,45.30,14.9,1.14,8
2025-09-19T15:53:21Z,48.685801,1.970792,122.9,44.49,15.0,1.14,8
2025-09-19T15:53:22Z,48.685910,1.970836,122.5,44.23,15.1,1.14,8
2025-09-19T15:53:23Z,48.686017,1.970878,122.4,44.37,14.5,1.14,8
2025-09-19T15:53:24Z,48.686127,1.970920,122.1,45.10,14.1,1.14,8
2025-09-19T15:53:25Z,48.686237,1.970959,122.0,45.78,12.8,1.14,8
2025-09-19T15:53:26Z,48.686348,1.971001,121.8,45.52,14.3,1.14,8
2025-09-19T15:53:27Z,48.686453,1.971043,121.5,42.47,15.6,1.23,8
2025-09-19T15:53:28Z,48.686552,1.971086,121.3,41.11,16.2,1.23,9
2025-09-19T15:53:29Z,48.686649,1.971131,121.4,40.97,18.2,1.23,8
2025-09-19T15:53:30Z,48.686744,1.971188,121.5,40.87,22.8,1.28,8
2025-09-19T15:53:31Z,48.686838,1.971257,121.6,41.37,26.7,1.28,7
2025-09-19T15:53:32Z,48.686926,1.971341,121.7,41.45,31.8,1.28,7
2025-09-19T15:53:33Z,48.686999,1.971417,122.0,38.21,33.7,1.14,8
2025-09-19T15:53:34Z,48.687070,1.971495,122.4,36.65,35.2,1.14,8
2025-09-19T15:53:35Z,48.687147,1.971575,122.6,36.45,34.6,1.14,9
2025-09-19T15:53:36Z,48.687212,1.971645,122.7,33.56,34.4,1.14,8
2025-09-19T15:53:37Z,48.687271,1.971708,122.7,30.00,33.5,1.23,8
2025-09-19T15:53:38Z,48.687327,1.971769,122.8,27.56,35.0,1.14,8
2025-09-19T15:53:39Z,48.687380,1.971825,123.0,25.52,34.3,1.14,8
2025-09-19T15:53:40Z,48.687430,1.971882,123.1,24.91,36.4,1.63,8
2025-09-19T15:53:41Z,48.687477,1.971936,123.4,23.59,37.4,1.28,7
2025-09-19T15:53:42Z,48.687523,1.971990,123.8,23.09,37.9,1.14,8
2025-09-19T15:53:43Z,48.687566,1.972045,124.0,21.91,39.3,1.14,8
2025-09-19T15:53:44Z,48.687610,1.972101,124.0,21.08,40.3,1.23,8
2025-09-19T15:53:45Z,48.687659,1.972162,124.6,23.61,41.1,1.23,8
2025-09-19T15:53:46Z,48.687714,1.972220,124.8,26.28,33.6,1.14,8
2025-09-19T15:53:47Z,48.687778,1.972275,124.3,27.21,27.8,1.14,8
2025-09-19T15:53:48Z,48.687848,1.972323,124.1,29.41,22.9,1.14,8
2025-09-19T15:53:49Z,48.687922,1.972364,124.2,30.54,19.4,1.14,8
2025-09-19T15:53:50Z,48.687999,1.972404,124.4,32.08,19.1,1.14,8
2025-09-19T15:53:51Z,48.688081,1.972447,124.9,33.97,19.2,1.14,8
2025-09-19T15:53:52Z,48.688162,1.972492,124.9,34.54,20.5,1.14,8
2025-09-19T15:53:53Z,48.688243,1.972544,125.0,34.89,23.0,1.14,8
2025-09-19T15:53:54Z,48.688322,1.972595,125.1,32.93,23.6,1.14,8
2025-09-19T15:53:55Z,48.688394,1.972652,125.1,31.67,27.4,1.14,8
2025-09-19T15:53:56Z,48.688464,1.972709,125.1,31.35,28.2,1.14,8
2025-09-19T15:53:57Z,48.688536,1.972767,125.0,31.41,27.6,1.14,8
2025-09-19T15:53:58Z,48.688606,1.972822,124.9,31.28,27.6,1.14,8
2025-09-19T15:53:59Z,48.688673,1.972876,124.7,29.69,27.2,1.14,8
2025-09-19T15:54:00Z,48.688734,1.972926,124.4,26.30,27.4,1.14,8
2025-09-19T15:54:01Z,48.688789,1.972968,124.1,23.41,27.4,1.14,8
2025-09-19T15:54:02Z,48.688841,1.973011,123.5,22.67,28.4,1.01,10
2025-09-19T15:54:03Z,48.688893,1.973053,123.3,23.08,27.4,1.01,10
2025-09-19T15:54:04Z,48.688947,1.973096,122.9,24.00,28.1,1.10,9
2025-09-19T15:54:05Z,48.688998,1.973136,123.0,22.24,27.1,1.10,9
2025-09-19T15:54:06Z,48.689045,1.973171,122.8,20.26,26.2,1.10,9
2025-09-19T15:54:07Z,48.689087,1.973203,122.6,17.83,27.4,1.10,9
2025-09-19T15:54:08Z,48.689127,1.973236,122.4,17.87,27.9,1.10,9
2025-09-19T15:54:09Z,48.689167,1.973265,122.6,17.72,25.9,1.10,9
2025-09-19T15:54:10Z,48.689211,1.973297,122.7,19.87,25.6,1.10,9
2025-09-19T15:54:11Z,48.689267,1.973339,122.3,25.02,26.7,1.10,9
2025-09-19T15:54:12Z,48.689334,1.973389,121.8,29.71,26.5,1.20,9
2025-09-19T15:54:13Z,48.689406,1.973444,121.5,31.74,26.6,1.20,8
2025-09-19T15:54:14Z,48.689480,1.973500,121.3,32.91,26.0,1.20,9
2025-09-19T15:54:15Z,48.689556,1.973559,121.0,33.34,27.0,1.10,9
2025-09-19T15:54:16Z,48.689633,1.973619,120.6,33.87,27.3,1.10,9
2025-09-19T15:54:17Z,48.689712,1.973679,120.1,34.48,26.8,1.10,9
2025-09-19T15:54:18Z,48.689791,1.973740,120.0,35.17,26.8,1.10,9
2025-09-19T15:54:19Z,48.689871,1.973802,119.6,35.60,27.1,1.10,9
2025-09-19T15:54:20Z,48.689961,1.973871,119.2,41.21,26.2,1.10,9
2025-09-19T15:54:21Z,48.690052,1.973939,119.1,40.04,26.4,1.10,9
2025-09-19T15:54:22Z,48.690139,1.974007,118.4,37.28,27.3,1.10,9
2025-09-19T15:54:23Z,48.690221,1.974073,117.6,35.23,28.0,1.10,9
2025-09-19T15:54:24Z,48.690299,1.974137,117.3,34.93,28.8,1.10,9
2025-09-19T15:54:25Z,48.690373,1.974203,116.9,33.97,31.3,1.10,9
2025-09-19T15:54:26Z,48.690449,1.974272,116.5,34.65,31.0,1.20,9
2025-09-19T15:54:27Z,48.690528,1.974338,116.2,36.26,28.3,1.10,9
2025-09-19T15:54:28Z,48.690613,1.974398,116.3,37.65,23.9,1.10,9
2025-09-19T15:54:29Z,48.690705,1.974447,115.9,38.87,17.8,1.10,9
2025-09-19T15:54:30Z,48.690804,1.974487,116.0,42.19,12.7,1.20,9
2025-09-19T15:54:31Z,48.690913,1.974520,115.6,44.60,11.0,1.20,9
2025-09-19T15:54:32Z,48.691019,1.974560,115.7,43.67,15.3,1.20,9
2025-09-19T15:54:33Z,48.691118,1.974611,115.9,42.00,19.6,1.20,9
2025-09-19T15:54:34Z,48.691217,1.974662,116.2,42.13,18.9,1.20,9
2025-09-19T15:54:35Z,48.691319,1.974713,116.5,43.61,18.1,1.20,9
2025-09-19T15:54:36Z,48.691429,1.974775,116.3,46.69,20.2,1.20,9
2025-09-19T15:54:37Z,48.691547,1.974847,115.8,49.30,20.7,1.20,9
2025-09-19T15:54:38Z,48.691669,1.974918,115.4,52.19,20.8,1.20,9
2025-09-19T15:54:39Z,48.691800,1.974993,115.3,57.15,20.6,1.20,9
2025-09-19T15:54:40Z,48.691942,1.975072,115.4,62.54,19.9,1.20,9
2025-09-19T15:54:41Z,48.692103,1.975155,115.0,68.78,17.8,1.20,9
2025-09-19T15:54:42Z,48.692284,1.975244,114.8,78.65,18.0,1.61,8
2025-09-19T15:54:43Z,48.692479,1.975354,114.7,84.53,20.9,1.20,9
2025-09-19T15:54:44Z,48.692681,1.975478,114.2,87.04,22.5,1.20,9
2025-09-19T15:54:45Z,48.692890,1.975613,113.9,91.21,22.9,1.20,8
2025-09-19T15:54:46Z,48.693103,1.975745,113.6,91.23,21.9,1.20,8
2025-09-19T15:54:47Z,48.693316,1.975870,113.5,91.41,20.7,1.20,8
2025-09-19T15:54:48Z,48.693530,1.975992,113.4,91.06,20.7,1.61,8
2025-09-19T15:54:49Z,48.693741,1.976115,113.5,90.51,21.2,1.20,9
2025-09-19T15:54:50Z,48.693949,1.976239,113.6,89.67,21.7,1.20,9
2025-09-19T15:54:51Z,48.694154,1.976368,114.1,89.06,22.7,1.61,7
2025-09-19T15:54:52Z,48.694358,1.976498,114.2,88.06,23.1,1.61,7
2025-09-19T15:54:53Z,48.694558,1.976626,114.3,86.12,22.9,1.20,8
2025-09-19T15:54:54Z,48.694755,1.976759,114.3,84.53,23.5,1.20,8
2025-09-19T15:54:55Z,48.694947,1.976887,114.4,82.58,24.0,1.20,9
2025-09-19T15:54:56Z,48.695135,1.977016,114.2,80.78,24.1,1.20,9
2025-09-19T15:54:57Z,48.695319,1.977137,114.3,79.19,23.4,1.01,10
2025-09-19T15:54:58Z,48.695498,1.977256,114.3,76.93,23.6,1.01,10
2025-09-19T15:54:59Z,48.695674,1.977373,114.4,76.14,23.6,1.01,10
2025-09-19T15:55:00Z,48.695849,1.977491,114.3,75.91,24.0,1.01,10
2025-09-19T15:55:01Z,48.696016,1.977606,114.2,71.69,24.1,1.10,9
2025-09-19T15:55:02Z,48.696178,1.977714,113.9,69.71,23.8,1.10,9
2025-09-19T15:55:03Z,48.696339,1.977820,113.5,69.41,23.8,1.10,9
2025-09-19T15:55:04Z,48.696497,1.977927,113.1,69.01,24.3,1.10,9
2025-09-19T15:55:05Z,48.696650,1.978032,112.7,65.89,24.6,1.10,9
2025-09-19T15:55:06Z,48.696799,1.978135,112.2,65.01,24.6,1.10,9
2025-09-19T15:55:07Z,48.696945,1.978237,111.8,64.34,25.0,1.10,9
2025-09-19T15:55:08Z,48.697089,1.978338,111.3,62.93,25.1,1.10,9
2025-09-19T15:55:09Z,48.697227,1.978441,110.8,60.23,26.1,1.20,9
2025-09-19T15:55:10Z,48.697366,1.978540,110.3,61.89,25.3,1.20,9
2025-09-19T15:55:11Z,48.697517,1.978644,109.9,68.12,23.9,1.20,8
2025-09-19T15:55:12Z,48.697669,1.978746,109.3,65.80,24.0,1.20,8
2025-09-19T15:55:13Z,48.697814,1.978844,108.9,62.51,23.9,1.20,9
2025-09-19T15:55:14Z,48.697954,1.978935,108.5,59.91,23.4,1.20,9
2025-09-19T15:55:15Z,48.698095,1.979022,107.9,60.52,21.6,1.20,8
2025-09-19T15:55:16Z,48.698232,1.979104,107.3,57.71,21.3,1.20,8
2025-09-19T15:55:17Z,48.698365,1.979186,106.8,57.13,22.9,1.20,9
2025-09-19T15:55:18Z,48.698496,1.979271,106.3,57.19,23.1,1.20,9
2025-09-19T15:55:19Z,48.698629,1.979355,105.7,57.63,22.8,1.20,9
2025-09-19T15:55:20Z,48.698762,1.979442,105.0,57.63,23.8,1.10,9
2025-09-19T15:55:21Z,48.698889,1.979530,104.5,55.50,25.1,1.10,9
2025-09-19T15:55:22Z,48.699010,1.979616,103.9,52.02,25.3,1.10,9
2025-09-19T15:55:23Z,48.699117,1.979690,103.5,45.06,24.5,1.10,9
2025-09-19T15:55:24Z,48.699207,1.979755,103.2,37.58,26.0,1.10,9
2025-09-19T15:55:25Z,48.699287,1.979814,103.1,35.17,25.9,1.10,9
2025-09-19T15:55:26Z,48.699371,1.979872,102.7,37.26,24.6,1.10,9
2025-09-19T15:55:27Z,48.699458,1.979931,102.7,39.23,24.3,1.10,10
2025-09-19T15:55:28Z,48.699554,1.979996,102.0,42.60,24.2,1.10,10
2025-09-19T15:55:29Z,48.699658,1.980065,101.6,46.11,23.7,1.10,9
2025-09-19T15:55:30Z,48.699768,1.980135,101.3,48.67,22.6,1.10,9
2025-09-19T15:55:31Z,48.699882,1.980203,101.0,49.36,22.4,1.20,9
2025-09-19T15:55:32Z,48.699992,1.980271,100.8,46.58,22.2,1.20,9
2025-09-19T15:55:33Z,48.700096,1.980338,100.4,44.78,23.8,1.20,10
2025-09-19T15:55:34Z,48.700197,1.980403,100.1,43.95,22.9,1.10,9
2025-09-19T15:55:35Z,48.700306,1.980473,99.3,46.89,22.6,1.10,9
2025-09-19T15:55:36Z,48.700421,1.980543,98.9,49.74,23.1,1.10,9
2025-09-19T15:55:37Z,48.700534,1.980619,98.8,49.93,24.7,1.10,9
2025-09-19T15:55:38Z,48.700646,1.980692,98.8,48.67,23.0,1.10,9
2025-09-19T15:55:39Z,48.700755,1.980766,98.5,47.23,24.7,1.10,10
2025-09-19T15:55:40Z,48.700849,1.980830,97.9,37.85,23.9,1.10,9
2025-09-19T15:55:41Z,48.700925,1.980880,97.5,30.47,22.9,1.10,9
2025-09-19T15:55:42Z,48.700998,1.980924,97.2,30.97,23.4,1.10,9
2025-09-19T15:55:43Z,48.701075,1.980975,96.8,34.82,23.1,1.10,9
2025-09-19T15:55:44Z,48.701168,1.981036,96.9,42.98,23.4,1.10,9
2025-09-19T15:55:45Z,48.701274,1.981111,97.1,48.04,25.3,1.10,9
2025-09-19T15:55:46Z,48.701388,1.981183,97.7,50.28,22.3,1.10,9
2025-09-19T15:55:47Z,48.701502,1.981261,97.8,50.02,24.5,1.20,9
2025-09-19T15:55:48Z,48.701618,1.981347,98.1,51.89,26.6,1.20,9
2025-09-19T15:55:49Z,48.701731,1.981448,98.5,51.76,31.7,1.20,9
2025-09-19T15:55:50Z,48.701834,1.981561,98.9,50.02,37.3,1.20,9
2025-09-19T15:55:51Z,48.701928,1.981683,99.3,49.60,41.8,1.10,9
2025-09-19T15:55:52Z,48.702019,1.981808,100.0,49.36,42.1,1.10,9
2025-09-19T15:55:53Z,48.702102,1.981929,100.5,44.78,44.5,1.20,9
2025-09-19T15:55:54Z,48.702176,1.982042,101.3,41.11,45.1,1.20,9
2025-09-19T15:55:55Z,48.702242,1.982147,101.2,36.87,46.9,1.20,9
2025-09-19T15:55:56Z,48.702304,1.982249,101.3,36.45,47.1,1.19,9
2025-09-19T15:55:57Z,48.702365,1.982352,101.5,36.45,48.9,1.19,9
2025-09-19T15:55:58Z,48.702426,1.982449,101.5,35.13,45.8,1.19,9
2025-09-19T15:55:59Z,48.702485,1.982547,100.8,35.26,47.0,1.19,9
2025-09-19T15:56:00Z,48.702544,1.982648,101.0,36.37,47.6,1.19,10
2025-09-19T15:56:01Z,48.702606,1.982750,100.8,36.84,47.8,1.19,9
2025-09-19T15:56:02Z,48.702666,1.982854,100.4,36.37,48.0,1.19,9
2025-09-19T15:56:03Z,48.702727,1.982957,99.9,36.08,49.0,1.19,9
2025-09-19T15:56:04Z,48.702785,1.983060,99.6,35.45,49.4,1.19,9
2025-09-19T15:56:05Z,48.702845,1.983161,99.5,35.93,48.0,1.10,9
2025-09-19T15:56:06Z,48.702905,1.983260,99.0,35.48,47.4,1.10,9
2025-09-19T15:56:07Z,48.702965,1.983355,99.1,34.85,46.3,1.10,9
2025-09-19T15:56:08Z,48.703026,1.983453,98.8,35.60,45.9,1.10,9
2025-09-19T15:56:09Z,48.703090,1.983551,98.0,36.60,45.7,1.19,9
2025-09-19T15:56:10Z,48.703153,1.983646,97.7,34.39,45.3,1.19,9
2025-09-19T15:56:11Z,48.703208,1.983733,97.1,31.02,45.7,1.19,9
2025-09-19T15:56:12Z,48.703262,1.983810,96.9,28.65,42.3,1.19,9
2025-09-19T15:56:13Z,48.703311,1.983874,96.5,24.80,40.6,1.19,9
2025-09-19T15:56:14Z,48.703347,1.983920,96.4,16.26,39.2,1.10,9
2025-09-19T15:56:15Z,48.703367,1.983946,96.5,8.67,38.5,1.10,9
2025-09-19T15:56:16Z,48.703384,1.983965,97.8,8.28,33.2,1.10,9
2025-09-19T15:56:17Z,48.703409,1.983992,97.8,12.96,38.2,1.10,10
2025-09-19T15:56:18Z,48.703440,1.984028,97.7,16.50,36.0,1.10,10
2025-09-19T15:56:19Z,48.703481,1.984069,97.6,20.04,34.5,1.10,10
2025-09-19T15:56:20Z,48.703530,1.984115,97.3,24.32,31.6,1.10,10
2025-09-19T15:56:21Z,48.703585,1.984161,97.5,25.97,29.0,1.10,10
2025-09-19T15:56:22Z,48.703652,1.984214,97.6,32.21,27.2,1.10,10
2025-09-19T15:56:23Z,48.703737,1.984281,97.5,39.56,27.5,1.10,10
2025-09-19T15:56:24Z,48.703829,1.984350,97.4,40.71,26.5,1.10,10
2025-09-19T15:56:25Z,48.703916,1.984419,97.7,38.74,27.3,1.10,10
2025-09-19T15:56:26Z,48.703999,1.984488,97.6,37.28,28.9,1.10,9
2025-09-19T15:56:27Z,48.704078,1.984560,97.9,36.58,32.4,1.10,9
2025-09-19T15:56:28Z,48.704152,1.984644,98.0,37.19,37.6,1.19,9
2025-09-19T15:56:29Z,48.704222,1.984738,98.6,37.74,42.8,1.10,9
2025-09-19T15:56:30Z,48.704289,1.984843,99.1,39.19,48.3,1.10,9
2025-09-19T15:56:31Z,48.704349,1.984952,99.8,36.60,51.1,1.10,9
2025-09-19T15:56:32Z,48.704402,1.985060,101.4,35.19,53.7,1.10,9
2025-09-19T15:56:33Z,48.704453,1.985166,102.2,34.17,54.3,1.10,9
2025-09-19T15:56:34Z,48.704499,1.985267,103.0,31.24,56.2,1.10,9
2025-09-19T15:56:35Z,48.704538,1.985356,103.7,26.28,57.4,1.19,9
2025-09-19T15:56:36Z,48.704571,1.985431,104.2,22.46,56.5,1.19,8
2025-09-19T15:56:37Z,48.704595,1.985491,104.9,17.21,57.3,1.19,9
2025-09-19T15:56:38Z,48.704615,1.985536,105.3,13.06,53.1,1.19,9
2025-09-19T15:56:39Z,48.704628,1.985561,105.7,6.72,53.0,1.19,9
2025-09-19T15:56:40Z,48.704641,1.985567,109.7,3.22,42.2,1.10,9
2025-09-19T15:56:41Z,48.704648,1.985576,111.0,4.09,44.0,1.10,10
2025-09-19T15:56:42Z,48.704662,1.985598,113.1,9.28,50.5,1.01,10
2025-09-19T15:56:43Z,48.704683,1.985639,114.0,15.24,51.2,1.10,10
2025-09-19T15:56:44Z,48.704708,1.985677,114.9,14.35,44.6,1.10,10
2025-09-19T15:56:45Z,48.704729,1.985710,115.1,13.11,40.1,1.10,9
2025-09-19T15:56:46Z,48.704752,1.985737,116.2,13.04,36.2,1.10,9
2025-09-19T15:56:47Z,48.704771,1.985752,116.8,10.04,24.7,1.10,9
2025-09-19T15:56:48Z,48.704795,1.985774,116.3,10.98,30.1,1.10,9
2025-09-19T15:56:49Z,48.704824,1.985802,114.4,11.41,31.5,1.10,9
2025-09-19T15:56:50Z,48.704846,1.985826,114.3,10.45,33.0,1.10,10
2025-09-19T15:56:51Z,48.704873,1.985850,113.5,11.72,32.3,1.10,9
2025-09-19T15:56:52Z,48.704900,1.985877,113.3,13.17,31.2,1.10,9
2025-09-19T15:56:53Z,48.704932,1.985905,113.1,15.67,28.9,1.10,9
2025-09-19T15:56:54Z,48.704974,1.985940,112.3,18.19,27.1,1.10,9
2025-09-19T15:56:55Z,48.705017,1.985976,111.7,19.89,27.0,1.10,9
2025-09-19T15:56:56Z,48.705060,1.986010,111.4,19.43,25.0,1.10,10
2025-09-19T15:56:57Z,48.705107,1.986039,111.0,20.13,21.4,1.19,10
2025-09-19T15:56:58Z,48.705155,1.986065,110.9,20.37,20.2,1.10,10
2025-09-19T15:56:59Z,48.705204,1.986092,110.6,21.30,18.4,1.10,10
2025-09-19T15:57:00Z,48.705257,1.986119,110.3,22.93,18.1,1.01,10
2025-09-19T15:57:01Z,48.705309,1.986152,109.8,22.80,22.1,1.01,10
2025-09-19T15:57:02Z,48.705359,1.986190,109.3,21.65,26.8,1.10,10
2025-09-19T15:57:03Z,48.705414,1.986241,108.9,27.80,31.7,1.10,10
2025-09-19T15:57:04Z,48.705474,1.986298,108.3,28.30,32.3,1.10,10
2025-09-19T15:57:05Z,48.705530,1.986355,107.5,25.95,34.0,1.09,10
2025-09-19T15:57:06Z,48.705583,1.986412,106.8,24.09,35.8,1.09,10
2025-09-19T15:57:07Z,48.705633,1.986471,106.2,25.00,39.1,1.09,10
2025-09-19T15:57:08Z,48.705680,1.986537,105.9,25.06,43.6,1.19,9
2025-09-19T15:57:09Z,48.705721,1.986600,105.4,22.13,46.1,1.09,9
2025-09-19T15:57:10Z,48.705757,1.986658,105.1,20.15,47.2,1.09,9
2025-09-19T15:57:11Z,48.705790,1.986713,104.8,19.32,47.7,1.09,9
2025-09-19T15:57:12Z,48.705822,1.986768,104.9,19.80,46.9,1.09,10
2025-09-19T15:57:13Z,48.705859,1.986825,104.8,20.98,46.4,1.09,9
2025-09-19T15:57:14Z,48.705898,1.986887,104.9,23.22,46.8,1.09,9
2025-09-19T15:57:15Z,48.705938,1.986957,104.9,24.78,49.5,1.09,9
2025-09-19T15:57:16Z,48.705982,1.987032,105.0,26.71,48.2,1.19,9
2025-09-19T15:57:17Z,48.706028,1.987107,105.1,26.97,46.3,1.19,9
2025-09-19T15:57:18Z,48.706068,1.987166,105.2,20.30,43.5,1.19,9
2025-09-19T15:57:19Z,48.706094,1.987199,105.3,11.19,39.6,1.09,9
2025-09-19T15:57:20Z,48.706109,1.987220,105.3,7.52,41.7,1.09,9
2025-09-19T15:57:21Z,48.706118,1.987239,105.5,5.96,46.6,1.09,9
2025-09-19T15:57:22Z,48.706127,1.987259,105.8,6.89,51.2,1.09,9
2025-09-19T15:57:23Z,48.706137,1.987280,105.7,6.09,52.5,1.09,9
2025-09-19T15:57:24Z,48.706146,1.987296,105.7,4.96,52.1,1.09,10
2025-09-19T15:57:25Z,48.706155,1.987314,105.7,5.33,53.6,1.09,10
2025-09-19T15:57:26Z,48.706167,1.987335,105.3,6.98,54.5,1.09,10
2025-09-19T15:57:27Z,48.706179,1.987358,105.1,7.17,51.9,1.09,10
2025-09-19T15:57:28Z,48.706191,1.987380,105.0,6.76,51.9,1.09,10
2025-09-19T15:57:29Z,48.706204,1.987406,104.7,8.50,54.9,1.09,10
2025-09-19T15:57:30Z,48.706220,1.987439,104.8,11.46,53.2,1.09,10
2025-09-19T15:57:31Z,48.706240,1.987478,104.7,12.82,53.5,1.09,10
2025-09-19T15:57:32Z,48.706260,1.987529,104.9,17.37,59.2,1.09,10
2025-09-19T15:57:33Z,48.706285,1.987583,105.0,17.02,53.6,1.09,10
2025-09-19T15:57:34Z,48.706313,1.987635,105.0,17.08,51.5,1.09,10
2025-09-19T15:57:35Z,48.706342,1.987687,105.4,18.35,48.5,1.09,10
2025-09-19T15:57:36Z,48.706377,1.987748,105.4,22.15,50.5,1.09,10
2025-09-19T15:57:37Z,48.706414,1.987826,105.4,26.09,55.5,1.19,10
2025-09-19T15:57:38Z,48.706456,1.987917,105.4,30.22,55.7,1.09,10
2025-09-19T15:57:39Z,48.706499,1.988014,105.5,31.63,55.7,1.09,10
2025-09-19T15:57:40Z,48.706546,1.988120,105.1,33.56,56.7,1.09,9
2025-09-19T15:57:41Z,48.706592,1.988237,104.8,36.43,60.5,1.09,9
2025-09-19T15:57:42Z,48.706635,1.988358,104.8,36.10,62.6,1.19,8
2025-09-19T15:57:43Z,48.706673,1.988473,104.6,33.11,64.0,1.58,7
2025-09-19T15:57:44Z,48.706710,1.988582,104.6,31.82,62.9,1.58,7
2025-09-19T15:57:45Z,48.706750,1.988689,105.2,32.43,61.5,1.58,7
2025-09-19T15:57:46Z,48.706788,1.988792,105.6,30.32,62.0,1.58,7
2025-09-19T15:57:47Z,48.706819,1.988878,105.4,23.50,62.0,1.19,8
2025-09-19T15:57:48Z,48.706843,1.988938,105.3,16.11,58.4,1.19,8
2025-09-19T15:57:49Z,48.706864,1.988981,105.5,12.76,56.3,1.01,10
2025-09-19T15:57:50Z,48.706876,1.989008,105.4,6.78,54.1,1.01,10
2025-09-19T15:57:51Z,48.706885,1.989027,105.5,5.74,56.9,1.01,10
2025-09-19T15:57:52Z,48.706900,1.989062,106.3,13.32,57.9,1.01,10
2025-09-19T15:57:53Z,48.706926,1.989096,107.2,13.46,43.8,1.01,10
2025-09-19T15:57:54Z,48.706958,1.989117,106.9,15.35,21.6,1.09,10
2025-09-19T15:57:55Z,48.707000,1.989121,106.8,17.74,1.0,1.01,10
2025-09-19T15:57:56Z,48.707045,1.989119,106.8,18.56,357.6,1.09,10
2025-09-19T15:57:57Z,48.707091,1.989119,107.0,18.17,359.6,1.09,10
2025-09-19T15:57:58Z,48.707138,1.989125,107.1,19.21,5.4,1.09,9
2025-09-19T15:57:59Z,48.707185,1.989135,107.0,19.39,7.0,1.09,9
2025-09-19T15:58:00Z,48.707235,1.989144,106.7,20.48,5.5,1.09,9
2025-09-19T15:58:01Z,48.707285,1.989152,106.6,20.50,4.5,1.09,9
2025-09-19T15:58:02Z,48.707338,1.989161,106.4,21.22,6.2,1.09,9
2025-09-19T15:58:03Z,48.707393,1.989174,106.0,22.04,8.2,1.09,9
2025-09-19T15:58:04Z,48.707447,1.989190,105.9,22.71,10.5,1.09,9
2025-09-19T15:58:05Z,48.707504,1.989203,105.6,23.09,8.7,1.09,9
2025-09-19T15:58:06Z,48.707561,1.989212,105.5,23.08,5.4,1.09,9
2025-09-19T15:58:07Z,48.707616,1.989222,105.8,22.84,7.7,1.09,9
2025-09-19T15:58:08Z,48.707669,1.989233,105.9,21.54,7.7,1.09,9
2025-09-19T15:58:09Z,48.707718,1.989244,105.8,18.61,7.3,1.09,9
2025-09-19T15:58:10Z,48.707760,1.989254,105.5,15.80,8.4,1.09,9
2025-09-19T15:58:11Z,48.707797,1.989261,105.2,13.69,8.1,1.09,9
2025-09-19T15:58:12Z,48.707830,1.989269,105.0,13.06,9.5,1.09,9
2025-09-19T15:58:13Z,48.707864,1.989277,104.8,13.30,9.6,1.09,9
2025-09-19T15:58:14Z,48.707896,1.989284,104.8,13.17,8.1,1.09,9
2025-09-19T15:58:15Z,48.707929,1.989290,104.8,13.08,6.5,1.09,9
2025-09-19T15:58:16Z,48.707962,1.989296,104.7,13.35,6.4,1.09,9
2025-09-19T15:58:17Z,48.707993,1.989301,104.8,13.11,7.3,1.09,9
2025-09-19T15:58:18Z,48.708026,1.989308,104.8,13.69,7.7,1.09,9
2025-09-19T15:58:19Z,48.708060,1.989316,104.8,14.06,7.3,1.18,9
2025-09-19T15:58:20Z,48.708094,1.989324,104.8,14.39,8.9,1.18,9
2025-09-19T15:58:21Z,48.708127,1.989332,105.0,14.43,9.3,1.18,9
2025-09-19T15:58:22Z,48.708163,1.989339,105.0,14.98,7.6,1.18,9
2025-09-19T15:58:23Z,48.708200,1.989341,105.2,15.08,0.7,1.09,9
2025-09-19T15:58:24Z,48.708234,1.989342,105.9,15.02,0.6,1.09,9
2025-09-19T15:58:25Z,48.708259,1.989333,107.6,13.95,358.6,1.09,9
2025-09-19T15:58:26Z,48.708296,1.989338,108.2,14.85,2.1,1.09,9
2025-09-19T15:58:27Z,48.708329,1.989329,109.1,14.72,355.9,1.09,9
2025-09-19T15:58:28Z,48.708367,1.989336,109.7,14.82,1.5,1.01,10
2025-09-19T15:58:29Z,48.708404,1.989340,110.8,15.26,2.6,1.01,10
2025-09-19T15:58:30Z,48.708450,1.989352,111.9,16.61,4.0,1.01,10
2025-09-19T15:58:31Z,48.708500,1.989377,111.1,16.58,8.6,1.01,10
2025-09-19T15:58:32Z,48.708548,1.989397,110.8,17.08,11.4,1.01,10
2025-09-19T15:58:33Z,48.708610,1.989412,109.2,18.96,9.9,1.01,10
2025-09-19T15:58:34Z,48.708668,1.989429,107.8,19.39,9.1,1.01,10
2025-09-19T15:58:35Z,48.708719,1.989442,107.6,19.30,7.9,1.01,10
2025-09-19T15:58:36Z,48.708764,1.989449,108.1,17.89,5.8,1.09,10
2025-09-19T15:58:37Z,48.708808,1.989451,108.8,18.17,2.0,1.07,9
2025-09-19T15:58:38Z,48.708847,1.989453,110.0,16.96,2.2,1.07,9
2025-09-19T15:58:39Z,48.708876,1.989448,111.4,12.09,358.8,1.01,10
2025-09-19T15:58:40Z,48.708923,1.989454,111.8,17.39,0.6,1.07,9
2025-09-19T15:58:41Z,48.708982,1.989465,112.9,22.35,3.4,1.07,9
2025-09-19T15:58:42Z,48.709027,1.989475,113.3,15.78,6.6,1.09,10
2025-09-19T15:58:43Z,48.709082,1.989477,113.1,20.21,3.0,1.09,10
2025-09-19T15:58:44Z,48.709131,1.989479,114.3,20.24,1.1,1.01,10
2025-09-19T15:58:45Z,48.709176,1.989467,116.7,19.52,356.1,1.01,10
2025-09-19T15:58:46Z,48.709238,1.989465,118.2,24.24,359.5,1.01,10
2025-09-19T15:58:47Z,48.709294,1.989454,120.5,22.69,355.2,1.01,10
2025-09-19T15:58:48Z,48.709353,1.989447,122.6,24.63,355.1,1.01,10
2025-09-19T15:58:49Z,48.709418,1.989449,124.3,24.63,356.0,1.35,9
2025-09-19T15:58:50Z,48.709466,1.989449,128.8,22.67,357.8,1.09,9
2025-09-19T15:58:51Z,48.709514,1.989440,132.0,19.93,352.0,1.09,9
2025-09-19T15:58:52Z,48.709562,1.989452,135.4,20.41,359.3,1.13,8
2025-09-19T15:58:53Z,48.709642,1.989465,137.4,27.09,3.2,1.23,9
2025-09-19T15:58:54Z,48.709721,1.989453,139.9,29.47,353.0,1.23,8
2025-09-19T15:58:55Z,48.709801,1.989460,142.9,31.21,358.9,1.09,9
2025-09-19T15:58:56Z,48.709888,1.989466,145.1,31.80,358.7,1.09,9
2025-09-19T15:58:57Z,48.709979,1.989476,147.2,32.80,0.6,1.13,8
2025-09-19T15:58:58Z,48.710091,1.989502,147.6,37.26,7.5,1.13,8
2025-09-19T15:58:59Z,48.710195,1.989556,148.6,36.19,19.6,1.28,7
2025-09-19T15:59:00Z,48.710374,1.989645,143.2,45.23,17.8,1.13,8
2025-09-19T15:59:01Z,48.710497,1.989720,139.0,39.60,23.2,1.09,9
2025-09-19T15:59:02Z,48.710612,1.989829,134.8,36.02,28.6,1.09,9
2025-09-19T15:59:03Z,48.710711,1.989903,130.7,33.89,24.1,1.09,9
2025-09-19T15:59:04Z,48.710804,1.989966,129.1,31.95,26.3,1.09,9
2025-09-19T15:59:05Z,48.710877,1.990046,129.3,32.80,31.6,1.57,9
2025-09-19T15:59:06Z,48.710948,1.990127,129.1,31.15,35.0,1.18,9
2025-09-19T15:59:07Z,48.711016,1.990206,129.0,29.72,39.2,1.22,9
2025-09-19T15:59:08Z,48.711076,1.990293,128.8,29.76,48.4,1.09,9
2025-09-19T15:59:09Z,48.711111,1.990383,129.7,26.13,58.4,1.18,9
2025-09-19T15:59:10Z,48.711129,1.990476,131.4,25.00,68.0,1.09,9
2025-09-19T15:59:11Z,48.711125,1.990555,133.8,21.06,83.8,1.09,9
2025-09-19T15:59:12Z,48.711128,1.990616,135.3,15.74,89.5,1.09,9
2025-09-19T15:59:13Z,48.711108,1.990694,139.2,25.80,109.5,1.18,8
2025-09-19T15:59:14Z,48.711103,1.990791,143.4,25.69,103.4,1.18,9
2025-09-19T15:59:15Z,48.711074,1.990859,149.2,24.56,114.7,1.17,9
2025-09-19T15:59:16Z,48.711053,1.990899,156.9,15.58,117.4,1.09,9
2025-09-19T15:59:17Z,48.711062,1.990988,163.4,19.96,107.4,1.09,9
2025-09-19T15:59:18Z,48.711110,1.991158,165.4,33.98,75.7,1.22,8
2025-09-19T15:59:19Z,48.711150,1.991340,159.3,35.78,73.5,1.22,8
2025-09-19T15:59:20Z,48.711188,1.991495,160.1,39.30,70.0,1.18,9
2025-09-19T15:59:21Z,48.711221,1.991630,161.9,36.82,69.9,1.18,9
2025-09-19T15:59:22Z,48.711222,1.991777,162.6,36.87,82.2,1.57,9
2025-09-19T15:59:23Z,48.711205,1.991900,168.1,34.63,91.2,1.57,8
2025-09-19T15:59:24Z,48.711179,1.992026,171.1,35.35,100.5,1.57,8
2025-09-19T15:59:25Z,48.711145,1.992116,176.4,30.74,105.7,1.35,8
2025-09-19T15:59:26Z,48.711126,1.992228,180.9,30.65,104.5,1.56,8
2025-09-19T15:59:27Z,48.711078,1.992368,186.7,35.28,110.7,1.09,9
2025-09-19T15:59:28Z,48.711076,1.992552,191.5,40.95,102.0,1.56,7
2025-09-19T15:59:29Z,48.711065,1.992721,194.4,42.58,99.2,1.56,7
2025-09-19T15:59:30Z,48.711069,1.992926,198.0,47.13,94.4,1.56,7
2025-09-19T15:59:31Z,48.711040,1.993095,200.7,46.63,97.7,1.56,8
2025-09-19T15:59:32Z,48.710980,1.993229,206.4,44.36,104.9,2.67,7
2025-09-19T15:59:33Z,48.710977,1.993378,214.5,41.48,96.5,2.67,6
2025-09-19T15:59:34Z,48.710943,1.993470,221.6,34.60,97.8,1.18,8
2025-09-19T15:59:35Z,48.710914,1.993577,227.7,32.24,100.8,1.18,8
2025-09-19T15:59:36Z,48.710900,1.993695,231.8,31.41,99.0,1.18,8
2025-09-19T15:59:37Z,48.710868,1.993800,235.5,30.60,102.8,1.18,8
2025-09-19T15:59:38Z,48.710824,1.993888,236.7,27.95,108.0,1.18,8
2025-09-19T15:59:39Z,48.710757,1.993980,243.5,29.89,115.2,1.18,8
2025-09-19T15:59:40Z,48.710720,1.994106,247.2,33.06,110.4,1.23,9
2025-09-19T15:59:41Z,48.710672,1.994236,251.7,36.84,110.5,2.68,7
2025-09-19T15:59:42Z,48.710636,1.994370,255.2,36.26,107.7,1.65,7
2025-09-19T15:59:43Z,48.710602,1.994494,259.0,34.54,108.0,1.73,7
2025-09-19T15:59:44Z,48.710569,1.994600,263.0,31.45,108.5,1.61,6
2025-09-19T15:59:45Z,48.710544,1.994725,266.9,32.02,105.3,2.70,7
2025-09-19T15:59:46Z,48.710513,1.994911,269.6,38.02,104.9,2.70,6
2025-09-19T15:59:47Z,48.710464,1.995008,273.7,33.67,106.3,1.23,8
2025-09-19T15:59:48Z,48.710406,1.995068,273.7,27.52,108.3,1.39,9
2025-09-19T15:59:49Z,48.710306,1.995163,282.7,31.82,120.2,1.11,8
2025-09-19T15:59:50Z,48.710223,1.995227,287.4,27.72,130.8,1.11,8
2025-09-19T15:59:51Z,48.710146,1.995301,288.6,26.72,140.5,1.09,9
2025-09-19T15:59:52Z,48.710094,1.995401,287.9,23.34,143.2,1.09,9
2025-09-19T15:59:53Z,48.710071,1.995537,291.4,24.95,144.7,2.77,9
2025-09-19T15:59:54Z,48.710060,1.995684,291.6,24.91,145.6,1.83,7
2025-09-19T15:59:55Z,48.710081,1.995833,290.2,22.98,143.7,2.09,7
2025-09-19T15:59:56Z,48.709998,1.995946,294.5,29.52,145.1,2.09,6
2025-09-19T15:59:57Z,48.709961,1.996114,296.5,30.26,125.9,1.09,9
2025-09-19T15:59:58Z,48.709869,1.996325,299.5,40.13,120.4,1.09,9
2025-09-19T15:59:59Z,48.709868,1.996580,299.8,51.52,100.2,1.17,9
2025-09-19T16:00:00Z,48.709857,1.996825,302.6,54.58,94.0,1.13,9
2025-09-19T16:00:01Z,48.709817,1.997058,307.7,58.82,93.1,1.59,6
2025-09-19T16:00:02Z,48.709737,1.997390,313.4,64.17,96.2,1.59,6
2025-09-19T16:00:03Z,48.709603,1.997606,319.8,55.56,104.9,1.56,7
2025-09-19T16:00:04Z,48.709554,1.997799,324.3,52.67,104.1,1.56,7
2025-09-19T16:00:05Z,48.709519,1.997978,327.7,50.23,100.4,7.11,7
2025-09-19T16:00:06Z,48.709473,1.998149,329.2,48.45,101.6,7.12,5
2025-09-19T16:00:07Z,48.709435,1.998273,333.4,41.13,98.9,2.70,8
2025-09-19T16:00:08Z,48.709396,1.998438,336.0,38.13,96.5,2.70,5
2025-09-19T16:00:09Z,48.709316,1.998621,335.7,40.69,99.5,1.56,7
2025-09-19T16:00:10Z,48.709287,1.998824,334.7,48.02,95.2,1.56,7
2025-09-19T16:00:11Z,48.709256,1.999039,339.8,55.54,95.3,1.56,8
2025-09-19T16:00:12Z,48.709212,1.999246,341.2,57.50,95.3,1.56,7
2025-09-19T16:00:13Z,48.709188,1.999447,345.7,55.89,96.3,2.92,8
2025-09-19T16:00:14Z,48.709164,1.999657,349.8,55.82,97.3,2.92,5
2025-09-19T16:00:15Z,48.709140,1.999866,354.1,55.34,98.3,11.61,5
2025-09-19T16:00:16Z,48.709117,2.000096,357.7,55.37,98.1,11.64,5
2025-09-19T16:00:17Z,48.709052,2.000335,360.6,57.15,102.4,2.91,7
2025-09-19T16:00:18Z,48.708965,2.000570,362.2,61.30,107.8,2.91,5
2025-09-19T16:00:19Z,48.708895,2.000749,365.7,54.80,110.0,2.75,6
2025-09-19T16:00:20Z,48.708816,2.000897,369.0,48.19,113.2,2.74,7
2025-09-19T16:00:21Z,48.708780,2.001049,373.2,47.63,106.9,2.74,7
2025-09-19T16:00:22Z,48.708744,2.001194,372.1,43.58,104.0,2.42,7
2025-09-19T16:00:23Z,48.708771,2.001339,371.6,39.23,87.3,1.68,6
2025-09-19T16:00:24Z,48.708679,2.001414,364.6,31.76,75.8,1.35,8
2025-09-19T16:00:25Z,48.708680,2.001496,362.4,29.09,70.3,1.72,7
2025-09-19T16:00:26Z,48.708720,2.001556,365.5,25.04,66.4,2.90,8
2025-09-19T16:00:27Z,48.708790,2.001559,369.6,20.33,53.0,11.33,6
2025-09-19T16:00:28Z,48.708825,2.001588,371.1,20.78,39.6,1.28,7
2025-09-19T16:00:29Z,48.708885,2.001573,372.4,19.04,24.9,1.79,9
2025-09-19T16:00:30Z,48.708942,2.001589,375.1,18.89,16.8,1.79,7
2025-09-19T16:00:31Z,48.709001,2.001592,375.6,22.93,11.1,1.58,8
2025-09-19T16:00:32Z,48.709018,2.001596,375.8,22.46,8.1,1.28,8
2025-09-19T16:00:33Z,48.709066,2.001586,376.5,23.72,3.7,1.28,7
2025-09-19T16:00:34Z,48.709159,2.001578,376.5,28.17,0.3,1.28,7
2025-09-19T16:00:35Z,48.709239,2.001578,377.3,31.91,2.3,1.58,8
2025-09-19T16:00:36Z,48.709289,2.001583,375.3,33.82,3.8,1.55,8
2025-09-19T16:00:37Z,48.709367,2.001618,372.3,36.13,6.2,1.22,8
2025-09-19T16:00:38Z,48.709451,2.001629,369.5,38.47,4.8,1.22,8
2025-09-19T16:00:39Z,48.709564,2.001673,366.8,42.50,9.7,1.22,8
2025-09-19T16:00:40Z,48.709675,2.001656,364.9,43.97,7.0,1.55,8
2025-09-19T16:00:41Z,48.709786,2.001666,362.3,45.19,3.5,1.68,8
2025-09-19T16:00:42Z,48.709924,2.001624,359.2,48.41,358.5,1.68,8
2025-09-19T16:00:43Z,48.710105,2.001535,354.7,52.65,353.6,1.22,8
2025-09-19T16:00:44Z,48.710296,2.001546,351.3,57.04,357.9,1.68,8
2025-09-19T16:00:45Z,48.710467,2.001518,347.0,55.54,357.0,1.22,8
2025-09-19T16:00:46Z,48.710664,2.001498,342.2,60.00,358.8,1.55,9
2025-09-19T16:00:47Z,48.710864,2.001498,333.5,65.41,0.1,1.55,7
2025-09-19T16:00:48Z,48.711079,2.001455,321.8,66.67,359.1,1.55,7
2025-09-19T16:00:49Z,48.711281,2.001431,312.4,68.51,359.1,1.55,8
2025-09-19T16:00:50Z,48.711486,2.001463,302.4,68.49,0.2,1.09,9
2025-09-19T16:00:51Z,48.711695,2.001481,293.5,68.86,1.0,1.09,9
2025-09-19T16:00:52Z,48.711906,2.001507,285.1,69.34,0.8,1.09,9
2025-09-19T16:00:53Z,48.712103,2.001519,279.4,70.43,1.2,1.17,9
2025-09-19T16:00:54Z,48.712306,2.001533,274.0,71.64,1.3,1.17,9
2025-09-19T16:00:55Z,48.712510,2.001552,268.9,71.75,1.8,1.09,9
2025-09-19T16:00:56Z,48.712718,2.001593,263.5,71.71,1.8,1.55,9
2025-09-19T16:00:57Z,48.712936,2.001648,258.3,73.47,2.5,1.20,9
2025-09-19T16:00:58Z,48.713152,2.001697,252.7,74.17,2.3,1.09,9
2025-09-19T16:00:59Z,48.713367,2.001738,248.0,74.88,2.8,1.20,9
2025-09-19T16:01:00Z,48.713576,2.001778,243.1,75.21,3.5,1.09,9
2025-09-19T16:01:01Z,48.713774,2.001806,240.4,75.30,3.5,1.55,10
2025-09-19T16:01:02Z,48.713973,2.001828,237.5,75.45,3.0,1.55,10
2025-09-19T16:01:03Z,48.714171,2.001850,234.7,76.30,2.8,1.55,10
2025-09-19T16:01:04Z,48.714372,2.001873,232.2,77.32,3.2,1.55,10
2025-09-19T16:01:05Z,48.714574,2.001897,229.8,77.99,3.3,1.55,10
2025-09-19T16:01:06Z,48.714778,2.001920,227.5,78.80,3.1,1.55,10
2025-09-19T16:01:07Z,48.714982,2.001940,225.3,79.54,3.0,1.55,10
2025-09-19T16:01:08Z,48.715186,2.001962,223.3,79.90,3.1,1.55,10
2025-09-19T16:01:09Z,48.715392,2.001984,221.2,79.97,3.0,1.55,10
2025-09-19T16:01:10Z,48.715597,2.002003,219.4,79.90,2.8,1.55,10
2025-09-19T16:01:11Z,48.715801,2.002022,217.7,79.99,3.0,1.55,10
2025-09-19T16:01:12Z,48.716006,2.002042,216.1,80.01,3.1,1.55,10
2025-09-19T16:01:13Z,48.716211,2.002062,214.5,79.99,3.1,1.55,10
2025-09-19T16:01:14Z,48.716414,2.002081,213.0,79.78,2.9,1.55,10
2025-09-19T16:01:15Z,48.716620,2.002101,211.3,80.01,2.7,1.17,10
2025-09-19T16:01:16Z,48.716825,2.002120,209.7,80.14,2.7,1.17,10
2025-09-19T16:01:17Z,48.717030,2.002139,208.4,80.04,2.5,1.17,10
2025-09-19T16:01:18Z,48.717235,2.002158,206.8,79.62,2.9,1.17,10
2025-09-19T16:01:19Z,48.717437,2.002181,205.2,79.43,3.9,1.17,10
2025-09-19T16:01:20Z,48.717638,2.002206,203.8,78.65,4.4,1.17,10
2025-09-19T16:01:21Z,48.717835,2.002227,202.4,77.75,3.3,1.17,10
2025-09-19T16:01:22Z,48.718032,2.002244,201.0,77.23,2.7,1.17,10
2025-09-19T16:01:23Z,48.718227,2.002259,199.9,76.14,2.4,1.17,10
2025-09-19T16:01:24Z,48.718412,2.002271,198.9,73.41,2.3,1.22,10
2025-09-19T16:01:25Z,48.718589,2.002284,198.1,69.54,2.6,1.54,9
2025-09-19T16:01:26Z,48.718757,2.002298,197.1,65.52,2.6,1.22,10
2025-09-19T16:01:27Z,48.718914,2.002307,196.3,62.12,1.8,1.17,10
2025-09-19T16:01:28Z,48.719063,2.002308,195.5,58.50,359.6,1.22,10
2025-09-19T16:01:29Z,48.719202,2.002300,194.5,54.02,356.4,1.04,10
2025-09-19T16:01:30Z,48.719328,2.002276,193.6,49.19,351.9,1.01,10
2025-09-19T16:01:31Z,48.719441,2.002250,192.8,44.21,350.6,1.22,9
2025-09-19T16:01:32Z,48.719538,2.002226,192.0,37.54,350.1,1.08,9
2025-09-19T16:01:33Z,48.719618,2.002210,191.0,29.84,350.4,1.08,9
2025-09-19T16:01:34Z,48.719676,2.002206,190.2,21.48,356.3,1.08,9
2025-09-19T16:01:35Z,48.719721,2.002214,189.2,15.35,5.4,1.08,9
2025-09-19T16:01:36Z,48.719761,2.002233,188.4,16.98,17.3,1.08,9
2025-09-19T16:01:37Z,48.719811,2.002268,187.7,23.02,25.1,1.08,9
2025-09-19T16:01:38Z,48.719870,2.002316,187.1,27.71,28.6,1.08,9
2025-09-19T16:01:39Z,48.719932,2.002364,186.2,26.47,26.7,1.08,9
2025-09-19T16:01:40Z,48.719994,2.002400,185.6,26.26,18.8,1.08,9
2025-09-19T16:01:41Z,48.720060,2.002412,185.1,26.54,4.8,1.08,9
2025-09-19T16:01:42Z,48.720125,2.002392,184.8,27.13,347.4,1.08,9
2025-09-19T16:01:43Z,48.720195,2.002351,183.9,30.00,336.4,1.08,9
2025-09-19T16:01:44Z,48.720273,2.002316,182.9,32.17,342.1,1.08,9
2025-09-19T16:01:45Z,48.720354,2.002300,182.2,32.69,353.6,1.08,9
2025-09-19T16:01:46Z,48.720440,2.002306,181.7,34.43,4.6,1.08,9
2025-09-19T16:01:47Z,48.720532,2.002332,181.5,38.52,12.2,1.08,9
2025-09-19T16:01:48Z,48.720634,2.002375,181.0,42.97,16.3,1.08,10
2025-09-19T16:01:49Z,48.720743,2.002422,180.7,45.97,15.6,1.08,10
2025-09-19T16:01:50Z,48.720861,2.002463,180.4,49.45,12.3,1.17,10
2025-09-19T16:01:51Z,48.720982,2.002493,180.1,49.17,8.4,1.08,9
2025-09-19T16:01:52Z,48.721108,2.002513,179.6,50.43,5.6,1.08,9
2025-09-19T16:01:53Z,48.721240,2.002527,179.2,53.21,3.4,1.08,9
2025-09-19T16:01:54Z,48.721379,2.002537,178.7,56.25,2.7,1.08,9
2025-09-19T16:01:55Z,48.721530,2.002553,178.2,60.56,3.9,1.01,10
2025-09-19T16:01:56Z,48.721694,2.002572,177.8,67.28,4.4,1.08,10
2025-09-19T16:01:57Z,48.721872,2.002591,177.5,72.30,3.8,1.01,10
2025-09-19T16:01:58Z,48.722053,2.002606,177.1,71.89,2.8,1.01,10
2025-09-19T16:01:59Z,48.722237,2.002623,176.9,74.23,3.2,1.08,9
2025-09-19T16:02:00Z,48.722427,2.002640,176.7,76.67,3.3,1.08,9
2025-09-19T16:02:01Z,48.722623,2.002656,176.4,78.45,3.1,1.08,9
2025-09-19T16:02:02Z,48.722822,2.002673,176.3,80.10,3.1,1.08,9
2025-09-19T16:02:03Z,48.723023,2.002690,175.9,80.62,2.9,1.01,10
2025-09-19T16:02:04Z,48.723226,2.002705,175.7,80.97,2.8,1.08,10
2025-09-19T16:02:05Z,48.723420,2.002721,175.4,76.65,2.8,1.08,9
2025-09-19T16:02:06Z,48.723610,2.002736,175.3,75.56,2.9,1.08,9
2025-09-19T16:02:07Z,48.723801,2.002753,175.4,77.19,3.4,1.08,9
2025-09-19T16:02:08Z,48.723996,2.002772,175.3,78.88,3.7,1.08,10
2025-09-19T16:02:09Z,48.724195,2.002791,175.5,79.91,3.4,1.08,10
2025-09-19T16:02:10Z,48.724395,2.002808,175.7,81.08,3.0,1.01,10
2025-09-19T16:02:11Z,48.724598,2.002827,176.0,82.17,3.5,1.01,10
2025-09-19T16:02:12Z,48.724804,2.002847,176.2,82.78,3.8,1.08,9
2025-09-19T16:02:13Z,48.725009,2.002865,176.5,82.64,3.2,1.08,9
2025-09-19T16:02:14Z,48.725214,2.002882,176.7,81.95,3.0,1.08,10
2025-09-19T16:02:15Z,48.725418,2.002900,176.8,81.69,3.2,1.08,10
2025-09-19T16:02:16Z,48.725620,2.002919,176.9,80.97,3.6,1.01,10
2025-09-19T16:02:17Z,48.725820,2.002938,177.1,80.17,3.5,1.01,10
2025-09-19T16:02:18Z,48.726016,2.002953,177.3,78.25,2.9,1.01,10
2025-09-19T16:02:19Z,48.726208,2.002968,177.4,76.75,2.8,1.08,9
2025-09-19T16:02:20Z,48.726399,2.002985,177.5,76.67,3.2,1.08,10
2025-09-19T16:02:21Z,48.726592,2.003006,177.5,77.08,4.3,1.08,10
2025-09-19T16:02:22Z,48.726787,2.003029,177.3,77.58,5.1,1.08,10
2025-09-19T16:02:23Z,48.726984,2.003051,177.0,79.19,3.9,1.01,10
2025-09-19T16:02:24Z,48.727179,2.003067,177.2,78.02,3.0,1.01,10
2025-09-19T16:02:25Z,48.727367,2.003081,176.5,73.49,2.8,1.01,10
2025-09-19T16:02:26Z,48.727545,2.003089,176.0,68.97,1.9,1.01,10
2025-09-19T16:02:27Z,48.727713,2.003095,175.3,65.34,0.7,1.01,10
2025-09-19T16:02:28Z,48.727871,2.003101,174.6,62.17,1.8,1.01,10
2025-09-19T16:02:29Z,48.728020,2.003112,174.3,59.21,2.8,1.01,10
2025-09-19T16:02:30Z,48.728163,2.003122,174.0,56.19,3.1,1.01,10
2025-09-19T16:02:31Z,48.728297,2.003131,173.7,53.28,2.0,1.01,10
2025-09-19T16:02:32Z,48.728426,2.003138,173.4,50.67,2.0,1.01,10
2025-09-19T16:02:33Z,48.728548,2.003148,173.1,48.21,3.2,1.08,10
2025-09-19T16:02:34Z,48.728670,2.003159,172.7,48.67,4.1,1.08,10
2025-09-19T16:02:35Z,48.728791,2.003172,172.3,48.04,4.2,1.08,10
2025-09-19T16:02:36Z,48.728913,2.003182,171.9,48.84,2.1,1.08,10
2025-09-19T16:02:37Z,48.729039,2.003187,171.4,50.87,1.3,1.08,9
2025-09-19T16:02:38Z,48.729168,2.003193,171.0,51.76,1.7,1.01,10
2025-09-19T16:02:39Z,48.729295,2.003202,170.8,50.49,2.6,1.01,10
2025-09-19T16:02:40Z,48.729419,2.003212,170.5,48.89,3.5,1.01,10
2025-09-19T16:02:41Z,48.729538,2.003223,170.1,46.86,3.7,1.01,10
2025-09-19T16:02:42Z,48.729650,2.003235,169.8,44.21,3.8,1.01,10
2025-09-19T16:02:43Z,48.729755,2.003242,169.6,41.58,2.3,1.01,10
2025-09-19T16:02:44Z,48.729858,2.003248,169.4,41.15,1.5,1.01,10
2025-09-19T16:02:45Z,48.729966,2.003252,169.1,44.17,1.3,1.01,10
2025-09-19T16:02:46Z,48.730087,2.003260,168.6,49.56,2.7,1.01,10
2025-09-19T16:02:47Z,48.730220,2.003274,168.3,54.56,4.5,1.01,10
2025-09-19T16:02:48Z,48.730361,2.003296,168.1,57.60,6.2,1.01,10
2025-09-19T16:02:49Z,48.730503,2.003334,167.7,57.58,11.4,1.08,9
2025-09-19T16:02:50Z,48.730640,2.003392,167.4,57.10,17.6,1.01,10
2025-09-19T16:02:51Z,48.730773,2.003473,166.9,57.36,23.5,1.01,10
2025-09-19T16:02:52Z,48.730900,2.003577,166.5,57.63,30.3,1.01,10
2025-09-19T16:02:53Z,48.731018,2.003703,166.1,58.13,37.0,1.01,10
2025-09-19T16:02:54Z,48.731129,2.003850,165.7,59.23,43.1,1.01,10
2025-09-19T16:02:55Z,48.731234,2.004017,165.2,61.28,47.8,1.01,10
2025-09-19T16:02:56Z,48.731336,2.004200,164.8,64.12,50.5,1.01,10
2025-09-19T16:02:57Z,48.731439,2.004393,164.5,66.69,51.3,1.01,10
2025-09-19T16:02:58Z,48.731547,2.004592,164.2,68.89,50.5,1.01,10
2025-09-19T16:02:59Z,48.731658,2.004797,164.0,71.04,50.7,1.01,10
2025-09-19T16:03:00Z,48.731769,2.005001,163.7,68.95,50.7,1.01,10
2025-09-19T16:03:01Z,48.731877,2.005200,163.3,67.64,50.7,1.01,10
2025-09-19T16:03:02Z,48.731983,2.005393,163.1,66.30,50.2,1.01,10
2025-09-19T16:03:03Z,48.732088,2.005584,162.8,65.39,50.2,1.16,8
2025-09-19T16:03:04Z,48.732192,2.005773,162.7,64.78,50.6,1.08,9
2025-09-19T16:03:05Z,48.732292,2.005956,162.5,61.84,50.5,1.08,9
2025-09-19T16:03:06Z,48.732389,2.006138,162.4,62.41,50.4,1.08,9
2025-09-19T16:03:07Z,48.732491,2.006324,162.2,64.52,50.5,1.08,9
2025-09-19T16:03:08Z,48.732596,2.006518,162.3,66.84,50.4,1.08,9
2025-09-19T16:03:09Z,48.732702,2.006712,162.3,66.76,50.5,1.16,8
2025-09-19T16:03:10Z,48.732808,2.006909,162.1,67.47,50.5,1.16,8
2025-09-19T16:03:11Z,48.732918,2.007107,162.0,68.26,50.0,1.16,8
2025-09-19T16:03:12Z,48.733028,2.007306,161.7,68.84,50.0,1.16,8
2025-09-19T16:03:13Z,48.733137,2.007506,161.5,69.01,50.5,1.16,8
2025-09-19T16:03:14Z,48.733247,2.007710,161.4,69.86,50.7,1.16,8
2025-09-19T16:03:15Z,48.733362,2.007917,161.4,71.65,50.1,1.19,7
2025-09-19T16:03:16Z,48.733477,2.008129,161.2,72.49,51.1,1.16,8
2025-09-19T16:03:17Z,48.733589,2.008342,160.6,72.15,51.6,1.16,8
2025-09-19T16:03:18Z,48.733704,2.008559,160.6,73.73,51.4,1.16,8
2025-09-19T16:03:19Z,48.733819,2.008775,160.1,73.75,51.2,1.16,8
2025-09-19T16:03:20Z,48.733936,2.008992,159.6,74.23,50.9,1.16,8
2025-09-19T16:03:21Z,48.734057,2.009210,159.7,75.60,50.0,1.16,8
2025-09-19T16:03:22Z,48.734174,2.009431,159.3,75.06,51.5,1.22,8
2025-09-19T16:03:23Z,48.734289,2.009653,157.8,75.02,51.4,1.16,9
2025-09-19T16:03:24Z,48.734406,2.009872,156.9,74.78,51.4,1.16,8
2025-09-19T16:03:25Z,48.734522,2.010091,155.5,74.15,51.2,1.16,9
2025-09-19T16:03:26Z,48.734633,2.010305,154.6,70.91,51.6,1.16,8
2025-09-19T16:03:27Z,48.734743,2.010503,152.3,68.10,49.7,1.16,8
2025-09-19T16:03:28Z,48.734860,2.010692,150.3,68.45,46.6,1.16,8
2025-09-19T16:03:29Z,48.734984,2.010875,148.7,69.06,44.9,1.16,8
2025-09-19T16:03:30Z,48.735113,2.011054,146.8,69.38,41.8,1.16,8
2025-09-19T16:03:31Z,48.735244,2.011223,145.4,68.67,40.0,1.16,9
2025-09-19T16:03:32Z,48.735368,2.011382,142.8,65.34,39.7,1.16,9
2025-09-19T16:03:33Z,48.735492,2.011543,140.8,65.41,40.8,1.22,8
2025-09-19T16:03:34Z,48.735607,2.011722,139.4,66.65,45.0,1.22,8
2025-09-19T16:03:35Z,48.735762,2.011858,138.6,67.89,34.6,1.22,8
2025-09-19T16:03:36Z,48.735916,2.011978,137.3,67.02,31.0,1.16,9
2025-09-19T16:03:37Z,48.736047,2.012121,135.5,65.49,34.6,1.16,9
2025-09-19T16:03:38Z,48.736160,2.012266,132.9,62.65,37.7,1.16,9
2025-09-19T16:03:39Z,48.736281,2.012505,130.0,69.52,47.9,1.16,9
2025-09-19T16:03:40Z,48.736412,2.012713,131.4,72.25,49.1,1.15,9
2025-09-19T16:03:41Z,48.736523,2.012926,130.0,72.36,50.6,1.16,9
2025-09-19T16:03:42Z,48.736595,2.013190,131.7,74.88,59.4,1.16,9
2025-09-19T16:03:43Z,48.736682,2.013440,131.0,75.21,61.8,1.22,9
2025-09-19T16:03:44Z,48.736768,2.013689,129.1,74.32,62.5,1.16,9
2025-09-19T16:03:45Z,48.736857,2.013929,128.0,72.15,61.7,1.22,9
2025-09-19T16:03:46Z,48.736940,2.014157,127.2,68.93,62.2,1.16,9
2025-09-19T16:03:47Z,48.737029,2.014379,128.7,66.99,61.4,1.16,9
2025-09-19T16:03:48Z,48.737104,2.014595,127.1,64.82,62.2,1.16,9
2025-09-19T16:03:49Z,48.737173,2.014793,126.0,60.32,62.5,1.52,8
2025-09-19T16:03:50Z,48.737250,2.014984,126.0,58.54,61.8,1.52,7
2025-09-19T16:03:51Z,48.737324,2.015179,125.2,58.56,61.6,1.52,7
2025-09-19T16:03:52Z,48.737398,2.015371,125.0,57.67,62.1,1.52,7
2025-09-19T16:03:53Z,48.737463,2.015557,124.3,55.43,62.8,1.30,9
2025-09-19T16:03:54Z,48.737531,2.015736,124.3,53.34,62.9,1.52,7
2025-09-19T16:03:55Z,48.737592,2.015910,124.7,51.93,64.7,1.22,8
2025-09-19T16:03:56Z,48.737640,2.016081,123.8,49.24,66.9,1.19,9
2025-09-19T16:03:57Z,48.737683,2.016240,124.1,44.84,69.5,1.11,10
2025-09-19T16:03:58Z,48.737714,2.016385,123.3,39.60,73.1,1.11,9
2025-09-19T16:03:59Z,48.737731,2.016518,122.6,35.82,80.3,1.11,9
2025-09-19T16:04:00Z,48.737726,2.016637,122.3,32.34,95.3,1.14,8
2025-09-19T16:04:01Z,48.737695,2.016744,123.1,31.85,116.8,1.14,8
2025-09-19T16:04:02Z,48.737642,2.016831,123.6,31.85,137.0,1.11,9
2025-09-19T16:04:03Z,48.737564,2.016882,123.5,34.47,162.5,1.11,9
2025-09-19T16:04:04Z,48.737457,2.016893,122.1,42.34,179.9,1.11,9
2025-09-19T16:04:05Z,48.737336,2.016873,121.1,49.37,189.2,1.11,9
2025-09-19T16:04:06Z,48.737204,2.016841,119.7,53.56,190.3,1.11,9
2025-09-19T16:04:07Z,48.737066,2.016823,118.5,55.80,184.4,1.68,8
2025-09-19T16:04:08Z,48.736923,2.016824,118.4,58.34,179.2,1.73,7
2025-09-19T16:04:09Z,48.736764,2.016849,117.5,62.78,174.8,1.73,7
2025-09-19T16:04:10Z,48.736600,2.016878,117.3,65.97,174.2,1.73,7
2025-09-19T16:04:11Z,48.736432,2.016906,116.6,68.08,174.2,2.99,6
2025-09-19T16:04:12Z,48.736260,2.016936,116.2,69.82,174.0,2.99,6
2025-09-19T16:04:13Z,48.736083,2.016969,116.0,71.06,173.7,1.68,8
2025-09-19T16:04:14Z,48.735904,2.017003,115.8,72.65,173.2,1.68,8
2025-09-19T16:04:15Z,48.735723,2.017048,115.4,73.15,170.9,1.68,8
2025-09-19T16:04:16Z,48.735545,2.017115,115.1,73.39,165.8,1.73,8
2025-09-19T16:04:17Z,48.735370,2.017199,114.7,73.60,162.0,1.73,7
2025-09-19T16:04:18Z,48.735201,2.017305,114.2,72.47,158.2,1.68,8
2025-09-19T16:04:19Z,48.735045,2.017406,114.5,68.93,157.6,1.68,8
2025-09-19T16:04:20Z,48.734896,2.017504,114.8,65.43,157.8,1.68,8
2025-09-19T16:04:21Z,48.734746,2.017597,114.3,64.82,157.3,1.68,8
2025-09-19T16:04:22Z,48.734598,2.017696,114.1,64.95,156.7,1.11,9
2025-09-19T16:04:23Z,48.734446,2.017791,114.1,65.62,157.8,1.11,9
2025-09-19T16:04:24Z,48.734291,2.017926,113.8,68.67,152.9,1.74,9
2025-09-19T16:04:25Z,48.734131,2.018057,113.8,70.86,151.9,1.74,8
2025-09-19T16:04:26Z,48.733987,2.018206,113.0,71.69,147.7,1.74,8
2025-09-19T16:04:27Z,48.733879,2.018390,113.6,70.10,140.2,1.13,8
2025-09-19T16:04:28Z,48.733759,2.018574,113.8,69.89,137.4,1.11,9
2025-09-19T16:04:29Z,48.733648,2.018755,114.4,65.95,134.8,1.11,9
2025-09-19T16:04:30Z,48.733547,2.018926,114.6,60.63,133.6,1.11,9
2025-09-19T16:04:31Z,48.733469,2.019089,114.7,53.23,129.2,1.15,9
2025-09-19T16:04:32Z,48.733394,2.019231,115.1,47.34,130.4,1.08,9
2025-09-19T16:04:33Z,48.733330,2.019356,116.4,41.76,131.6,1.08,9
2025-09-19T16:04:34Z,48.733268,2.019472,117.4,40.11,131.4,1.08,9
2025-09-19T16:04:35Z,48.733206,2.019586,117.5,38.97,129.9,1.12,9
2025-09-19T16:04:36Z,48.733156,2.019696,117.9,35.23,126.9,1.12,8
2025-09-19T16:04:37Z,48.733106,2.019806,118.0,35.37,125.3,2.47,8
2025-09-19T16:04:38Z,48.733051,2.019925,118.1,38.67,125.8,2.47,6
2025-09-19T16:04:39Z,48.732979,2.020048,117.9,43.17,130.3,2.47,6
2025-09-19T16:04:40Z,48.732900,2.020179,118.0,46.87,133.0,1.21,7
2025-09-19T16:04:41Z,48.732810,2.020316,118.6,50.89,134.9,1.21,8
2025-09-19T16:04:42Z,48.732729,2.020455,118.7,49.21,131.7,2.47,7
2025-09-19T16:04:43Z,48.732661,2.020590,119.3,45.13,129.2,1.76,7
2025-09-19T16:04:44Z,48.732595,2.020719,119.2,43.36,128.0,1.76,7
2025-09-19T16:04:45Z,48.732530,2.020844,119.0,41.78,128.5,2.46,6
2025-09-19T16:04:46Z,48.732467,2.020957,118.8,38.47,131.2,2.46,6
2025-09-19T16:04:47Z,48.732404,2.021054,118.5,35.39,134.4,2.46,6
2025-09-19T16:04:48Z,48.732346,2.021145,118.1,32.84,134.4,1.76,7
2025-09-19T16:04:49Z,48.732294,2.021228,117.9,30.15,134.5,1.76,7
2025-09-19T16:04:50Z,48.732237,2.021300,117.7,29.43,141.4,2.46,7
2025-09-19T16:04:51Z,48.732179,2.021355,117.9,27.95,149.3,1.76,8
2025-09-19T16:04:52Z,48.732130,2.021388,118.2,24.45,155.4,1.76,7
2025-09-19T16:04:53Z,48.732084,2.021409,118.1,21.93,161.2,1.76,7
2025-09-19T16:04:54Z,48.732022,2.021439,117.4,24.21,162.0,1.76,7
2025-09-19T16:04:55Z,48.731959,2.021471,117.5,26.63,162.6,1.76,7
2025-09-19T16:04:56Z,48.731895,2.021501,117.6,27.09,163.2,1.76,8
2025-09-19T16:04:57Z,48.731833,2.021532,117.2,26.19,161.0,1.76,7
2025-09-19T16:04:58Z,48.731776,2.021566,117.0,24.61,157.6,1.76,7
2025-09-19T16:04:59Z,48.731724,2.021604,117.2,23.58,155.2,1.76,7
2025-09-19T16:05:00Z,48.731674,2.021643,117.4,22.95,153.6,1.76,7
2025-09-19T16:05:01Z,48.731623,2.021686,117.3,23.28,150.7,1.76,7
2025-09-19T16:05:02Z,48.731576,2.021733,117.7,23.30,148.1,1.76,7
2025-09-19T16:05:03Z,48.731507,2.021804,117.7,30.19,146.1,1.76,7
2025-09-19T16:05:04Z,48.731448,2.021870,118.7,30.45,146.0,1.14,8
2025-09-19T16:05:05Z,48.731387,2.021928,118.1,28.84,146.9,1.76,8
2025-09-19T16:05:06Z,48.731336,2.021984,118.8,26.65,146.6,1.14,8
2025-09-19T16:05:07Z,48.731284,2.022039,119.3,26.04,146.1,1.14,8
2025-09-19T16:05:08Z,48.731239,2.022099,120.3,25.85,142.5,1.14,8
2025-09-19T16:05:09Z,48.731195,2.022162,121.4,26.39,140.7,1.14,8
2025-09-19T16:05:10Z,48.731146,2.022229,122.3,27.24,140.0,1.14,8
2025-09-19T16:05:11Z,48.731094,2.022296,123.4,28.76,140.9,1.21,9
2025-09-19T16:05:12Z,48.731029,2.022365,123.9,31.65,145.0,1.14,8
2025-09-19T16:05:13Z,48.730970,2.022434,125.7,31.85,145.2,1.14,8
2025-09-19T16:05:14Z,48.730899,2.022505,125.6,33.60,146.5,1.76,8
2025-09-19T16:05:15Z,48.730824,2.022576,125.8,35.11,147.9,1.80,6
2025-09-19T16:05:16Z,48.730749,2.022651,126.2,36.04,146.6,1.76,7
2025-09-19T16:05:17Z,48.730656,2.022748,125.9,41.34,145.1,1.76,7
2025-09-19T16:05:18Z,48.730532,2.022874,124.6,53.17,145.3,1.76,7
2025-09-19T16:05:19Z,48.730395,2.022991,126.2,63.73,150.7,1.14,8
2025-09-19T16:05:20Z,48.730237,2.023100,125.3,67.65,155.4,1.76,8
2025-09-19T16:05:21Z,48.730078,2.023202,125.1,69.95,157.0,1.76,7
2025-09-19T16:05:22Z,48.729908,2.023316,124.8,73.47,155.7,1.76,7
2025-09-19T16:05:23Z,48.729731,2.023440,124.1,77.14,154.2,1.76,7
2025-09-19T16:05:24Z,48.729546,2.023576,123.1,80.97,153.7,1.76,8
2025-09-19T16:05:25Z,48.729354,2.023720,122.6,84.62,153.5,1.76,7
2025-09-19T16:05:26Z,48.729155,2.023869,122.2,88.01,153.5,1.76,7
2025-09-19T16:05:27Z,48.728952,2.024017,121.4,89.30,154.0,1.76,7
2025-09-19T16:05:28Z,48.728754,2.024161,120.7,87.54,154.1,1.76,8
2025-09-19T16:05:29Z,48.728555,2.024309,120.3,87.80,153.6,1.66,8
2025-09-19T16:05:30Z,48.728362,2.024450,119.2,84.69,153.9,1.66,9
2025-09-19T16:05:31Z,48.728184,2.024578,118.2,78.19,154.3,1.49,9
2025-09-19T16:05:32Z,48.728017,2.024698,117.4,73.41,154.3,1.49,9
2025-09-19T16:05:33Z,48.727858,2.024814,116.9,70.02,154.5,1.49,9
2025-09-19T16:05:34Z,48.727708,2.024926,116.8,66.43,154.0,1.49,9
2025-09-19T16:05:35Z,48.727577,2.025040,117.0,61.30,151.3,1.49,9
2025-09-19T16:05:36Z,48.727465,2.025164,117.6,56.60,144.2,1.49,9
2025-09-19T16:05:37Z,48.727377,2.025305,117.2,52.06,132.3,1.69,9
2025-09-19T16:05:38Z,48.727315,2.025478,116.6,52.95,117.5,1.69,8
2025-09-19T16:05:39Z,48.727289,2.025722,114.5,65.06,100.1,1.69,8
2025-09-19T16:05:40Z,48.727277,2.026013,114.3,81.21,93.3,1.69,8
2025-09-19T16:05:41Z,48.727268,2.026352,113.8,93.36,91.6,1.69,8
2025-09-19T16:05:42Z,48.727262,2.026707,113.5,94.73,91.5,1.69,8
2025-09-19T16:05:43Z,48.727255,2.027057,113.1,92.58,91.3,1.69,8
2025-09-19T16:05:44Z,48.727244,2.027402,112.9,91.97,92.5,1.69,8
2025-09-19T16:05:45Z,48.727221,2.027744,112.8,92.32,94.5,1.69,8
2025-09-19T16:05:46Z,48.727199,2.028100,112.7,95.45,95.0,1.69,8
2025-09-19T16:05:47Z,48.727178,2.028454,112.6,94.03,95.0,1.69,9
2025-09-19T16:05:48Z,48.727167,2.028783,112.7,87.36,93.8,2.09,8
2025-09-19T16:05:49Z,48.727138,2.029095,112.7,83.73,95.8,1.69,8
2025-09-19T16:05:50Z,48.727121,2.029403,112.7,81.91,95.3,1.69,8
2025-09-19T16:05:51Z,48.727068,2.029724,112.8,86.03,99.9,1.49,9
2025-09-19T16:05:52Z,48.726991,2.030061,112.9,91.36,104.9,1.49,9
2025-09-19T16:05:53Z,48.726910,2.030392,112.6,92.01,107.6,1.49,9
2025-09-19T16:05:54Z,48.726835,2.030701,112.6,87.30,109.5,1.49,9
2025-09-19T16:05:55Z,48.726772,2.030988,113.0,79.32,108.7,1.49,9
2025-09-19T16:05:56Z,48.726718,2.031263,113.0,75.64,107.0,1.49,9
2025-09-19T16:05:57Z,48.726695,2.031534,113.1,72.51,100.3,1.69,8
2025-09-19T16:05:58Z,48.726736,2.031819,114.3,75.78,87.7,1.69,8
2025-09-19T16:05:59Z,48.726759,2.032119,114.6,80.12,85.3,1.69,8
2025-09-19T16:06:00Z,48.726788,2.032430,114.4,82.65,83.2,1.69,8
2025-09-19T16:06:01Z,48.726826,2.032749,114.4,84.71,81.5,1.75,8
2025-09-19T16:06:02Z,48.726875,2.033039,114.5,78.80,78.8,1.75,7
2025-09-19T16:06:03Z,48.726920,2.033324,114.8,77.47,77.8,1.69,8
2025-09-19T16:06:04Z,48.726979,2.033602,115.9,76.47,75.9,1.05,7
2025-09-19T16:06:05Z,48.727017,2.033874,115.8,74.73,76.7,1.05,8
2025-09-19T16:06:06Z,48.727033,2.034159,116.1,75.64,80.4,1.05,7
2025-09-19T16:06:07Z,48.727004,2.034454,117.0,78.34,88.4,0.98,8
2025-09-19T16:06:08Z,48.726992,2.034788,117.2,83.54,90.8,0.91,9
2025-09-19T16:06:09Z,48.726971,2.035100,117.0,82.28,92.3,0.91,9
2025-09-19T16:06:10Z,48.726967,2.035381,116.9,76.97,91.8,0.91,9
2025-09-19T16:06:11Z,48.726957,2.035640,117.2,71.56,91.9,0.98,9
2025-09-19T16:06:12Z,48.726929,2.035857,117.6,63.63,95.6,1.16,8
2025-09-19T16:06:13Z,48.726856,2.036089,118.9,64.47,105.4,1.01,9
2025-09-19T16:06:14Z,48.726790,2.036301,119.5,62.43,110.1,1.01,9
2025-09-19T16:06:15Z,48.726714,2.036506,119.7,60.45,114.0,1.01,9
2025-09-19T16:06:16Z,48.726662,2.036719,120.4,59.00,111.9,1.01,9
2025-09-19T16:06:17Z,48.726658,2.036968,121.9,60.60,102.3,1.01,8
2025-09-19T16:06:18Z,48.726656,2.037215,123.1,64.25,96.6,1.01,8
2025-09-19T16:06:19Z,48.726656,2.037452,124.1,62.28,93.3,1.01,8
2025-09-19T16:06:20Z,48.726663,2.037691,126.1,62.23,91.3,1.01,8
2025-09-19T16:06:21Z,48.726673,2.037911,128.1,59.39,89.4,0.98,9
2025-09-19T16:06:22Z,48.726669,2.038132,128.9,59.19,90.7,1.16,8
2025-09-19T16:06:23Z,48.726624,2.038315,130.2,55.63,99.0,0.96,8
2025-09-19T16:06:24Z,48.726605,2.038515,131.0,54.28,99.0,1.16,9
2025-09-19T16:06:25Z,48.726609,2.038707,131.9,51.00,96.0,1.16,7
2025-09-19T16:06:26Z,48.726623,2.038866,133.0,46.30,91.8,1.08,8
2025-09-19T16:06:27Z,48.726718,2.039049,131.2,48.60,73.7,1.08,8
2025-09-19T16:06:28Z,48.726807,2.039179,131.6,44.78,60.8,1.01,8
2025-09-19T16:06:29Z,48.726924,2.039303,131.7,48.15,47.8,1.01,8
2025-09-19T16:06:30Z,48.726998,2.039457,130.5,51.32,52.1,0.91,9
2025-09-19T16:06:31Z,48.726998,2.039658,127.9,52.52,71.2,0.91,9
2025-09-19T16:06:32Z,48.726976,2.039881,127.0,59.17,88.3,0.91,9
2025-09-19T16:06:33Z,48.726950,2.040134,127.6,70.26,96.8,0.91,10
2025-09-19T16:06:34Z,48.726910,2.040418,128.8,79.34,101.8,1.01,8
2025-09-19T16:06:35Z,48.726861,2.040694,128.4,75.60,104.4,1.01,8
2025-09-19T16:06:36Z,48.726818,2.040961,127.3,70.19,105.4,1.01,8
2025-09-19T16:06:37Z,48.726769,2.041208,127.5,67.51,106.2,2.31,7
2025-09-19T16:06:38Z,48.726712,2.041454,128.0,69.32,108.3,2.49,7
2025-09-19T16:06:39Z,48.726625,2.041687,127.8,70.82,115.2,0.98,8
2025-09-19T16:06:40Z,48.726522,2.041903,127.9,70.19,122.1,0.98,8
2025-09-19T16:06:41Z,48.726404,2.042089,128.5,67.10,129.6,0.91,9
2025-09-19T16:06:42Z,48.726301,2.042268,129.7,62.84,131.8,0.91,9
2025-09-19T16:06:43Z,48.726185,2.042435,129.2,62.02,133.9,1.48,10
2025-09-19T16:06:44Z,48.726069,2.042619,128.4,67.19,132.2,1.69,9
2025-09-19T16:06:45Z,48.725963,2.042842,127.3,73.17,126.7,1.69,8
2025-09-19T16:06:46Z,48.725882,2.043104,127.0,76.78,119.5,1.69,8
2025-09-19T16:06:47Z,48.725802,2.043360,127.0,73.95,116.8,1.69,8
2025-09-19T16:06:48Z,48.725728,2.043600,126.6,69.12,115.3,1.69,8
2025-09-19T16:06:49Z,48.725661,2.043821,126.8,63.47,115.4,1.69,8
2025-09-19T16:06:50Z,48.725583,2.044019,126.1,59.71,118.5,1.69,8
2025-09-19T16:06:51Z,48.725519,2.044215,125.0,56.52,116.2,1.69,8
2025-09-19T16:06:52Z,48.725479,2.044413,124.8,53.89,111.0,0.91,9
2025-09-19T16:06:53Z,48.725490,2.044637,126.1,55.34,97.0,0.91,9
2025-09-19T16:06:54Z,48.725509,2.044855,126.2,58.00,86.4,0.91,9
2025-09-19T16:06:55Z,48.725532,2.045073,126.8,57.82,83.6,0.98,9
2025-09-19T16:06:56Z,48.725562,2.045293,126.8,59.10,80.3,0.98,8
2025-09-19T16:06:57Z,48.725569,2.045501,127.4,56.52,84.1,0.91,9
2025-09-19T16:06:58Z,48.725557,2.045706,127.1,55.00,89.2,0.91,9
2025-09-19T16:06:59Z,48.725533,2.045933,127.2,59.75,95.5,1.16,8
2025-09-19T16:07:00Z,48.725500,2.046131,128.4,55.62,99.7,1.16,7
2025-09-19T16:07:01Z,48.725451,2.046306,128.3,49.95,105.0,0.91,9
2025-09-19T16:07:02Z,48.725446,2.046495,128.9,48.50,96.4,0.91,9
2025-09-19T16:07:03Z,48.725445,2.046693,125.9,54.73,83.2,0.91,9
2025-09-19T16:07:04Z,48.725482,2.046921,123.8,65.75,73.3,0.91,9
2025-09-19T16:07:05Z,48.725543,2.047156,124.4,66.12,68.8,0.91,9
2025-09-19T16:07:06Z,48.725590,2.047375,123.6,61.32,69.6,0.91,9
2025-09-19T16:07:07Z,48.725616,2.047583,120.9,58.12,72.3,0.91,9
2025-09-19T16:07:08Z,48.725647,2.047792,120.4,57.43,76.2,0.91,9
2025-09-19T16:07:09Z,48.725664,2.047995,120.2,54.25,80.6,0.91,9
2025-09-19T16:07:10Z,48.725684,2.048185,120.2,50.58,80.3,0.91,9
2025-09-19T16:07:11Z,48.725700,2.048350,120.2,44.06,80.4,0.98,9
2025-09-19T16:07:12Z,48.725698,2.048484,120.6,36.30,85.8,0.98,8
2025-09-19T16:07:13Z,48.725696,2.048610,120.5,33.30,88.9,0.98,8
2025-09-19T16:07:14Z,48.725685,2.048705,119.9,25.74,90.8,1.00,9
2025-09-19T16:07:15Z,48.725681,2.048781,120.4,20.93,91.0,0.91,9
2025-09-19T16:07:16Z,48.725671,2.048857,120.8,21.09,94.7,1.00,8
2025-09-19T16:07:17Z,48.725653,2.048939,120.8,23.30,102.7,1.00,8
2025-09-19T16:07:18Z,48.725633,2.049028,120.6,25.54,107.2,1.00,8
2025-09-19T16:07:19Z,48.725615,2.049114,121.1,24.24,107.8,1.00,8
2025-09-19T16:07:20Z,48.725598,2.049194,121.4,21.56,108.6,1.00,9
2025-09-19T16:07:21Z,48.725583,2.049273,121.3,21.69,106.9,1.00,8
2025-09-19T16:07:22Z,48.725566,2.049363,121.2,25.71,106.7,1.00,8
2025-09-19T16:07:23Z,48.725542,2.049475,121.4,32.80,109.0,1.00,8
2025-09-19T16:07:24Z,48.725507,2.049612,121.3,40.82,111.5,1.00,8
2025-09-19T16:07:25Z,48.725468,2.049758,121.7,41.80,112.9,1.00,8
2025-09-19T16:07:26Z,48.725421,2.049912,122.0,46.21,115.3,1.00,8
2025-09-19T16:07:27Z,48.725365,2.050078,122.5,50.26,117.4,1.00,8
2025-09-19T16:07:28Z,48.725297,2.050254,122.4,55.32,121.2,1.68,9
2025-09-19T16:07:29Z,48.725210,2.050438,122.2,61.04,126.4,1.68,9
2025-09-19T16:07:30Z,48.725114,2.050616,122.1,61.08,130.0,1.68,9
2025-09-19T16:07:31Z,48.725007,2.050800,121.7,65.26,131.1,2.27,8
2025-09-19T16:07:32Z,48.724897,2.050984,121.7,65.19,131.5,2.26,8
2025-09-19T16:07:33Z,48.724794,2.051163,121.6,62.25,131.0,1.68,8
2025-09-19T16:07:34Z,48.724707,2.051359,121.4,61.30,127.2,1.68,8
2025-09-19T16:07:35Z,48.724668,2.051602,122.5,64.02,115.6,1.68,8
2025-09-19T16:07:36Z,48.724671,2.051860,122.1,66.10,100.8,1.68,8
2025-09-19T16:07:37Z,48.724663,2.052140,121.8,75.93,94.6,1.68,8
2025-09-19T16:07:38Z,48.724650,2.052415,121.4,72.64,93.6,1.68,8
2025-09-19T16:07:39Z,48.724648,2.052675,122.5,67.78,92.2,0.91,9
2025-09-19T16:07:40Z,48.724640,2.052924,123.1,66.19,92.6,0.91,9
2025-09-19T16:07:41Z,48.724629,2.053180,123.4,68.75,93.9,0.91,9
2025-09-19T16:07:42Z,48.724612,2.053442,123.1,70.69,94.5,1.68,8
2025-09-19T16:07:43Z,48.724589,2.053717,122.9,74.43,96.2,1.68,8
2025-09-19T16:07:44Z,48.724563,2.053988,123.0,72.52,97.9,0.91,9
2025-09-19T16:07:45Z,48.724536,2.054244,122.8,67.34,98.4,1.68,9
2025-09-19T16:07:46Z,48.724506,2.054480,122.7,62.89,100.1,1.68,8
2025-09-19T16:07:47Z,48.724461,2.054704,122.2,61.76,105.5,1.68,8
2025-09-19T16:07:48Z,48.724400,2.054922,121.9,62.73,112.0,1.68,8
2025-09-19T16:07:49Z,48.724323,2.055139,122.5,65.52,118.5,0.91,9
2025-09-19T16:07:50Z,48.724230,2.055342,123.5,65.93,125.0,0.91,9
2025-09-19T16:07:51Z,48.724097,2.055510,123.8,67.39,137.7,0.91,9
2025-09-19T16:07:52Z,48.723940,2.055666,124.1,74.39,147.0,1.68,9
2025-09-19T16:07:53Z,48.723752,2.055812,123.9,85.10,153.0,1.68,9
2025-09-19T16:07:54Z,48.723548,2.055957,123.2,89.28,154.5,1.68,9
2025-09-19T16:07:55Z,48.723337,2.056099,121.0,87.38,152.7,1.68,9
2025-09-19T16:07:56Z,48.723132,2.056268,119.0,90.99,149.9,1.68,8
2025-09-19T16:07:57Z,48.722940,2.056456,118.5,90.43,144.3,1.68,8
2025-09-19T16:07:58Z,48.722766,2.056673,117.4,88.49,137.0,1.68,8
2025-09-19T16:07:59Z,48.722612,2.056930,116.8,94.08,129.7,1.68,8
2025-09-19T16:08:00Z,48.722475,2.057214,116.5,93.08,124.1,1.68,8
2025-09-19T16:08:01Z,48.722356,2.057495,116.4,85.90,121.7,1.68,8
2025-09-19T16:08:02Z,48.722244,2.057752,115.7,79.14,123.0,1.68,8
2025-09-19T16:08:03Z,48.722130,2.057993,114.7,77.28,125.7,1.68,8
2025-09-19T16:08:04Z,48.722006,2.058220,113.5,77.65,130.4,1.68,8
2025-09-19T16:08:05Z,48.721861,2.058431,112.0,80.64,137.2,1.68,9
2025-09-19T16:08:06Z,48.721690,2.058638,111.3,90.36,142.5,1.68,9
2025-09-19T16:08:07Z,48.721494,2.058862,110.0,101.01,142.6,1.68,9
2025-09-19T16:08:08Z,48.721291,2.059098,108.6,101.93,141.6,1.68,8
2025-09-19T16:08:09Z,48.721100,2.059326,108.1,95.90,141.9,1.68,8
2025-09-19T16:08:10Z,48.720916,2.059532,107.4,89.28,143.7,1.68,8
2025-09-19T16:08:11Z,48.720740,2.059714,106.6,82.93,146.2,0.91,9
2025-09-19T16:08:12Z,48.720567,2.059875,106.3,80.23,149.0,0.91,9
2025-09-19T16:08:13Z,48.720394,2.060019,105.6,77.34,151.6,0.91,9
2025-09-19T16:08:14Z,48.720231,2.060146,105.5,71.88,153.6,0.91,9
2025-09-19T16:08:15Z,48.720072,2.060262,105.4,69.89,154.2,0.91,9
2025-09-19T16:08:16Z,48.719918,2.060372,105.8,68.01,155.3,0.91,9
2025-09-19T16:08:17Z,48.719764,2.060469,106.1,66.63,158.0,0.91,9
2025-09-19T16:08:18Z,48.719606,2.060557,105.6,65.23,160.0,0.91,9
2025-09-19T16:08:19Z,48.719452,2.060636,105.4,64.21,161.4,0.91,9
2025-09-19T16:08:20Z,48.719300,2.060707,105.4,63.01,163.5,0.91,9
2025-09-19T16:08:21Z,48.719146,2.060768,104.8,62.63,166.0,0.91,9
2025-09-19T16:08:22Z,48.718995,2.060821,104.5,61.99,167.3,0.91,9
2025-09-19T16:08:23Z,48.718843,2.060876,103.9,61.63,166.3,0.91,9
2025-09-19T16:08:24Z,48.718694,2.060920,103.5,60.13,170.0,0.91,9
2025-09-19T16:08:25Z,48.718555,2.060960,103.9,56.28,168.9,0.91,9
2025-09-19T16:08:26Z,48.718418,2.061004,103.6,55.00,167.9,1.68,9
2025-09-19T16:08:27Z,48.718283,2.061045,102.8,53.84,168.3,1.68,8
2025-09-19T16:08:28Z,48.718152,2.061087,102.5,52.87,167.2,1.68,8
2025-09-19T16:08:29Z,48.718025,2.061136,102.5,52.23,165.0,1.68,8
2025-09-19T16:08:30Z,48.717897,2.061195,102.8,53.21,162.2,1.68,8
2025-09-19T16:08:31Z,48.717770,2.061260,102.6,53.39,160.9,1.68,8
2025-09-19T16:08:32Z,48.717646,2.061332,102.6,52.93,158.8,1.68,8
2025-09-19T16:08:33Z,48.717523,2.061411,102.4,52.50,156.3,1.68,8
2025-09-19T16:08:34Z,48.717400,2.061497,102.8,55.15,154.2,1.68,8
2025-09-19T16:08:35Z,48.717277,2.061596,103.3,56.86,151.4,0.91,9
2025-09-19T16:08:36Z,48.717156,2.061688,103.7,52.76,153.8,1.95,9
2025-09-19T16:08:37Z,48.717044,2.061762,103.9,46.91,157.1,1.95,7
2025-09-19T16:08:38Z,48.716946,2.061827,104.0,40.45,154.7,1.68,8
2025-09-19T16:08:39Z,48.716865,2.061887,104.7,35.15,153.8,1.68,8
2025-09-19T16:08:40Z,48.716792,2.061941,104.8,30.82,152.9,1.68,8
2025-09-19T16:08:41Z,48.716727,2.061992,105.4,29.32,153.6,1.68,8
2025-09-19T16:08:42Z,48.716660,2.062034,105.1,27.34,157.6,1.68,8
2025-09-19T16:08:43Z,48.716605,2.062063,105.3,21.96,162.5,1.70,7
2025-09-19T16:08:44Z,48.716563,2.062085,105.3,14.93,161.1,1.68,8
2025-09-19T16:08:45Z,48.716538,2.062107,105.3,10.28,152.2,1.68,8
2025-09-19T16:08:46Z,48.716533,2.062137,106.1,8.26,135.6,0.91,9
2025-09-19T16:08:47Z,48.716533,2.062163,105.1,8.24,87.8,0.91,9
2025-09-19T16:08:48Z,48.716548,2.062177,104.6,9.15,33.9,0.91,9
2025-09-19T16:08:49Z,48.716574,2.062174,104.6,12.45,13.4,0.82,10
2025-09-19T16:08:50Z,48.716614,2.062139,104.5,22.34,334.9,0.82,10
2025-09-19T16:08:51Z,48.716676,2.062073,104.3,34.28,324.8,1.07,9
2025-09-19T16:08:52Z,48.716764,2.061996,104.7,40.48,329.6,1.07,9
2025-09-19T16:08:53Z,48.716873,2.061913,105.1,51.15,333.7,1.07,9
2025-09-19T16:08:54Z,48.716996,2.061824,105.2,55.78,334.6,1.07,9
2025-09-19T16:08:55Z,48.717126,2.061721,104.9,59.88,331.9,1.07,9
2025-09-19T16:08:56Z,48.717261,2.061612,104.7,61.86,331.7,1.07,9
2025-09-19T16:08:57Z,48.717419,2.061508,105.6,66.82,335.4,0.89,10
2025-09-19T16:08:58Z,48.717567,2.061406,104.7,63.76,335.7,0.89,9
2025-09-19T16:08:59Z,48.717719,2.061315,103.8,65.06,339.0,0.82,10
2025-09-19T16:09:00Z,48.717872,2.061231,104.3,65.80,340.6,0.82,10
2025-09-19T16:09:01Z,48.718030,2.061157,103.8,67.08,344.1,0.82,10
2025-09-19T16:09:02Z,48.718197,2.061095,103.9,68.39,345.9,0.82,10
2025-09-19T16:09:03Z,48.718372,2.061036,104.7,71.23,347.1,0.82,10
2025-09-19T16:09:04Z,48.718545,2.060980,105.1,70.73,348.1,0.82,10
2025-09-19T16:09:05Z,48.718709,2.060922,105.1,67.67,347.0,1.07,10
2025-09-19T16:09:06Z,48.718885,2.060851,105.2,71.47,345.3,1.21,9
2025-09-19T16:09:07Z,48.719067,2.060785,104.9,73.41,345.9,1.46,8
2025-09-19T16:09:08Z,48.719245,2.060712,104.5,75.88,344.4,1.21,8
2025-09-19T16:09:09Z,48.719430,2.060621,104.3,77.62,341.5,1.07,9
2025-09-19T16:09:10Z,48.719618,2.060518,104.3,80.73,339.4,1.07,9
2025-09-19T16:09:11Z,48.719813,2.060398,104.4,84.08,337.4,1.21,9
2025-09-19T16:09:12Z,48.720011,2.060270,104.2,86.84,336.0,0.89,9
2025-09-19T16:09:13Z,48.720208,2.060127,104.2,88.14,334.0,0.82,10
2025-09-19T16:09:14Z,48.720411,2.059964,104.2,91.49,331.0,0.82,10
2025-09-19T16:09:15Z,48.720614,2.059785,104.4,94.69,328.9,0.82,10
2025-09-19T16:09:16Z,48.720812,2.059597,105.2,92.19,326.9,0.82,10
2025-09-19T16:09:17Z,48.720997,2.059405,105.8,88.40,324.8,0.82,10
2025-09-19T16:09:18Z,48.721177,2.059205,105.7,90.03,322.7,0.82,10
2025-09-19T16:09:19Z,48.721354,2.059005,106.1,88.04,323.0,0.82,10
2025-09-19T16:09:20Z,48.721519,2.058815,107.0,81.41,322.4,0.82,10
2025-09-19T16:09:21Z,48.721670,2.058639,107.9,74.14,322.6,1.07,9
2025-09-19T16:09:22Z,48.721812,2.058472,108.6,72.15,320.7,0.82,10
2025-09-19T16:09:23Z,48.721949,2.058273,109.6,78.47,314.0,0.82,10
2025-09-19T16:09:24Z,48.722077,2.058029,109.2,85.23,308.0,0.82,10
2025-09-19T16:09:25Z,48.722198,2.057773,109.3,83.19,304.0,0.82,10
2025-09-19T16:09:26Z,48.722307,2.057523,109.2,78.19,302.7,1.07,9
2025-09-19T16:09:27Z,48.722410,2.057279,109.0,76.51,302.7,1.11,8
2025-09-19T16:09:28Z,48.722517,2.057038,108.3,77.17,305.1,1.67,8
2025-09-19T16:09:29Z,48.722638,2.056815,107.9,76.32,310.9,1.67,8
2025-09-19T16:09:30Z,48.722775,2.056611,107.3,77.45,317.7,1.67,8
2025-09-19T16:09:31Z,48.722927,2.056430,106.6,78.27,323.9,1.67,8
2025-09-19T16:09:32Z,48.723096,2.056265,105.9,82.14,328.8,1.67,8
2025-09-19T16:09:33Z,48.723267,2.056123,105.1,76.64,332.5,1.67,8
2025-09-19T16:09:34Z,48.723433,2.055994,104.6,72.86,333.0,1.67,8
2025-09-19T16:09:35Z,48.723586,2.055880,104.1,66.43,334.6,1.99,8
2025-09-19T16:09:36Z,48.723726,2.055772,103.3,62.04,332.6,0.98,8
2025-09-19T16:09:37Z,48.723853,2.055662,102.2,58.99,330.4,0.91,9
2025-09-19T16:09:38Z,48.723973,2.055537,102.2,58.06,322.7,0.98,8
2025-09-19T16:09:39Z,48.724083,2.055384,101.8,60.73,315.3,1.12,8
2025-09-19T16:09:40Z,48.724184,2.055206,101.0,63.45,308.6,1.12,8
2025-09-19T16:09:41Z,48.724271,2.055006,100.7,63.86,301.3,1.12,8
2025-09-19T16:09:42Z,48.724342,2.054782,100.3,66.58,293.4,1.12,8
2025-09-19T16:09:43Z,48.724393,2.054521,100.2,74.12,284.2,1.72,7
2025-09-19T16:09:44Z,48.724429,2.054232,99.8,79.91,279.4,1.72,7
2025-09-19T16:09:45Z,48.724458,2.053946,99.4,75.25,278.3,1.72,7
2025-09-19T16:09:46Z,48.724486,2.053673,99.1,72.27,278.3,1.72,7
2025-09-19T16:09:47Z,48.724512,2.053401,99.0,72.64,277.3,1.67,8
2025-09-19T16:09:48Z,48.724529,2.053125,98.6,73.60,274.8,1.67,8
2025-09-19T16:09:49Z,48.724541,2.052847,98.5,73.86,272.8,1.67,8
2025-09-19T16:09:50Z,48.724547,2.052578,98.3,70.21,271.8,1.67,8
2025-09-19T16:09:51Z,48.724552,2.052323,98.1,65.88,271.7,1.72,7
2025-09-19T16:09:52Z,48.724556,2.052087,97.8,61.04,271.8,1.72,7
2025-09-19T16:09:53Z,48.724562,2.051866,97.4,57.36,273.3,1.72,7
2025-09-19T16:09:54Z,48.724581,2.051654,97.3,56.47,279.7,1.72,7
2025-09-19T16:09:55Z,48.724619,2.051446,96.7,57.25,288.6,1.72,7
2025-09-19T16:09:56Z,48.724680,2.051242,96.5,60.26,296.0,1.72,7
2025-09-19T16:09:57Z,48.724764,2.051038,96.0,66.25,303.2,1.94,7
2025-09-19T16:09:58Z,48.724849,2.050853,95.0,61.62,304.8,1.94,6
2025-09-19T16:09:59Z,48.724921,2.050645,93.9,59.47,298.6,1.72,7
2025-09-19T16:10:00Z,48.725017,2.050460,93.6,58.38,305.3,1.74,7
2025-09-19T16:10:01Z,48.725107,2.050289,93.9,56.82,305.1,0.97,8
2025-09-19T16:10:02Z,48.725191,2.050121,94.0,55.58,301.9,0.91,9
2025-09-19T16:10:03Z,48.725259,2.049949,93.8,51.89,298.8,1.72,8
2025-09-19T16:10:04Z,48.725319,2.049787,93.7,48.47,296.3,1.72,7
2025-09-19T16:10:05Z,48.725367,2.049631,93.2,44.76,293.5,1.12,8
2025-09-19T16:10:06Z,48.725407,2.049487,93.2,39.82,289.3,1.12,8
2025-09-19T16:10:07Z,48.725441,2.049367,94.1,32.87,288.9,1.12,8
2025-09-19T16:10:08Z,48.725468,2.049272,95.1,25.08,290.7,1.12,8
2025-09-19T16:10:09Z,48.725494,2.049197,96.0,20.65,291.9,1.12,8
2025-09-19T16:10:10Z,48.725517,2.049123,96.0,22.09,293.0,1.12,8
2025-09-19T16:10:11Z,48.725541,2.049042,95.8,23.78,293.3,1.12,8
2025-09-19T16:10:12Z,48.725568,2.048955,96.8,25.93,291.5,1.12,8
2025-09-19T16:10:13Z,48.725593,2.048866,97.8,25.28,288.4,1.12,8
2025-09-19T16:10:14Z,48.725611,2.048779,97.7,23.52,285.8,1.12,8
2025-09-19T16:10:15Z,48.725625,2.048681,97.5,27.04,282.3,1.12,8
2025-09-19T16:10:16Z,48.725639,2.048561,98.0,33.28,277.4,1.12,8
2025-09-19T16:10:17Z,48.725640,2.048423,98.4,38.67,268.9,1.12,8
2025-09-19T16:10:18Z,48.725640,2.048264,98.9,43.34,268.7,1.12,8
2025-09-19T16:10:19Z,48.725630,2.048101,99.7,43.98,263.2,1.12,8
2025-09-19T16:10:20Z,48.725617,2.047924,100.5,49.00,261.2,1.41,7
2025-09-19T16:10:21Z,48.725598,2.047729,100.8,53.10,261.6,1.94,7
2025-09-19T16:10:22Z,48.725561,2.047518,100.4,57.47,254.6,1.72,7
2025-09-19T16:10:23Z,48.725509,2.047297,100.3,63.99,248.7,1.72,7
2025-09-19T16:10:24Z,48.725451,2.047076,100.0,61.84,248.0,1.72,7
2025-09-19T16:10:25Z,48.725401,2.046867,99.7,56.82,251.1,1.72,7
2025-09-19T16:10:26Z,48.725369,2.046667,99.3,52.71,258.5,1.72,8
2025-09-19T16:10:27Z,48.725368,2.046472,99.1,51.47,273.7,1.72,7
2025-09-19T16:10:28Z,48.725400,2.046266,99.5,58.75,286.7,1.67,8
2025-09-19T16:10:29Z,48.725450,2.046044,99.5,63.34,289.5,1.72,7
2025-09-19T16:10:30Z,48.725489,2.045818,99.4,60.47,283.3,1.72,7
2025-09-19T16:10:31Z,48.725527,2.045588,100.1,63.43,283.3,1.12,8
2025-09-19T16:10:32Z,48.725514,2.045319,100.0,72.75,266.3,1.72,8
2025-09-19T16:10:33Z,48.725471,2.045063,100.3,68.75,256.8,1.72,8
2025-09-19T16:10:34Z,48.725432,2.044825,100.2,62.69,256.8,1.72,7
2025-09-19T16:10:35Z,48.725430,2.044600,100.9,58.26,270.0,1.66,8
2025-09-19T16:10:36Z,48.725465,2.044367,102.4,63.80,284.5,1.12,8
2025-09-19T16:10:37Z,48.725523,2.044120,102.5,72.30,291.7,1.66,8
2025-09-19T16:10:38Z,48.725607,2.043860,104.2,78.91,295.7,0.97,9
2025-09-19T16:10:39Z,48.725701,2.043590,107.6,80.88,295.5,0.91,9
2025-09-19T16:10:40Z,48.725770,2.043322,107.4,74.38,292.8,1.71,8
2025-09-19T16:10:41Z,48.725838,2.043073,107.6,70.08,293.7,1.71,7
2025-09-19T16:10:42Z,48.725907,2.042835,106.5,67.97,296.0,1.71,7
2025-09-19T16:10:43Z,48.726004,2.042619,106.4,68.80,304.4,1.71,7
2025-09-19T16:10:44Z,48.726131,2.042420,107.1,73.38,313.8,1.71,7
2025-09-19T16:10:45Z,48.726265,2.042228,108.1,73.67,316.3,1.12,8
2025-09-19T16:10:46Z,48.726371,2.042018,107.1,71.60,310.6,1.71,8
2025-09-19T16:10:47Z,48.726456,2.041784,104.1,72.36,304.7,1.71,7
2025-09-19T16:10:48Z,48.726530,2.041527,102.1,75.45,293.7,1.71,7
2025-09-19T16:10:49Z,48.726585,2.041238,100.1,80.73,287.5,1.71,8
2025-09-19T16:10:50Z,48.726634,2.040955,98.5,76.27,284.5,1.71,8
2025-09-19T16:10:51Z,48.726683,2.040694,98.2,70.21,283.3,1.71,8
2025-09-19T16:10:52Z,48.726735,2.040458,98.7,65.12,284.6,1.71,7
2025-09-19T16:10:53Z,48.726784,2.040239,98.9,60.02,285.9,1.71,7
2025-09-19T16:10:54Z,48.726817,2.040037,98.8,53.62,281.6,1.71,7
2025-09-19T16:10:55Z,48.726842,2.039852,98.4,49.34,278.3,1.71,7
2025-09-19T16:10:56Z,48.726869,2.039690,100.5,45.82,269.5,1.71,7
2025-09-19T16:10:57Z,48.726877,2.039546,103.8,44.97,252.7,1.71,8
2025-09-19T16:10:58Z,48.726830,2.039395,104.2,48.89,238.3,1.95,6
2025-09-19T16:10:59Z,48.726745,2.039252,106.9,57.00,223.3,1.66,8
2025-09-19T16:11:00Z,48.726657,2.039115,108.8,52.12,224.4,1.66,8
2025-09-19T16:11:01Z,48.726580,2.038973,108.9,47.80,233.0,1.66,8
2025-09-19T16:11:02Z,48.726532,2.038841,111.2,42.26,236.9,1.66,8
2025-09-19T16:11:03Z,48.726530,2.038709,119.6,37.93,262.5,1.66,8
2025-09-19T16:11:04Z,48.726521,2.038559,121.9,42.32,264.4,1.66,8
2025-09-19T16:11:05Z,48.726543,2.038357,122.7,53.56,278.4,1.71,8
2025-09-19T16:11:06Z,48.726570,2.038146,123.3,55.56,278.9,1.71,7
2025-09-19T16:11:07Z,48.726571,2.037929,124.4,58.28,269.4,1.95,6
2025-09-19T16:11:08Z,48.726550,2.037686,125.8,65.73,260.5,1.95,7
2025-09-19T16:11:09Z,48.726523,2.037438,124.9,64.19,259.4,1.41,7
2025-09-19T16:11:10Z,48.726504,2.037225,127.4,57.28,261.8,1.95,6
2025-09-19T16:11:11Z,48.726520,2.037022,129.4,53.36,273.2,1.66,8
2025-09-19T16:11:12Z,48.726551,2.036816,130.8,53.65,282.2,1.71,7
2025-09-19T16:11:13Z,48.726615,2.036635,133.5,52.50,295.0,1.95,7
2025-09-19T16:11:14Z,48.726672,2.036454,134.6,54.45,295.8,1.95,6
2025-09-19T16:11:15Z,48.726739,2.036246,134.0,56.15,296.2,1.71,7
2025-09-19T16:11:16Z,48.726805,2.036063,135.4,53.15,295.4,1.95,6
2025-09-19T16:11:17Z,48.726854,2.035853,135.8,57.37,288.2,1.12,8
2025-09-19T16:11:18Z,48.726882,2.035604,136.0,68.28,278.3,1.12,8
2025-09-19T16:11:19Z,48.726905,2.035292,134.1,80.54,277.0,1.71,8
2025-09-19T16:11:20Z,48.726940,2.034964,136.1,85.03,277.5,1.71,7
2025-09-19T16:11:21Z,48.726982,2.034615,134.0,80.43,279.6,1.71,7
2025-09-19T16:11:22Z,48.727007,2.034305,134.2,79.15,274.8,1.71,7
2025-09-19T16:11:23Z,48.726997,2.033982,133.7,85.71,266.1,1.71,7
2025-09-19T16:11:24Z,48.726970,2.033637,137.2,95.67,260.2,1.71,7
2025-09-19T16:11:25Z,48.726923,2.033235,132.8,96.88,259.2,1.71,7
2025-09-19T16:11:26Z,48.726866,2.032856,127.3,90.77,257.2,1.71,7
2025-09-19T16:11:27Z,48.726821,2.032528,125.4,83.71,259.1,1.71,7
2025-09-19T16:11:28Z,48.726780,2.032227,123.9,79.30,260.0,1.71,7
2025-09-19T16:11:29Z,48.726756,2.031940,121.7,72.52,263.1,1.71,7
2025-09-19T16:11:30Z,48.726726,2.031664,119.1,70.08,262.8,1.66,8
2025-09-19T16:11:31Z,48.726729,2.031410,118.2,66.12,271.5,1.66,8
2025-09-19T16:11:32Z,48.726757,2.031147,116.3,71.19,282.1,1.66,8
2025-09-19T16:11:33Z,48.726818,2.030857,115.3,83.21,288.4,1.66,8
2025-09-19T16:11:34Z,48.726893,2.030547,114.2,88.69,290.8,1.66,8
2025-09-19T16:11:35Z,48.726967,2.030241,113.4,84.30,289.9,1.66,8
2025-09-19T16:11:36Z,48.727035,2.029949,112.4,80.84,289.9,1.66,8
2025-09-19T16:11:37Z,48.727091,2.029655,111.5,80.60,285.9,1.66,8
2025-09-19T16:11:38Z,48.727136,2.029335,110.8,89.17,280.9,1.66,8
2025-09-19T16:11:39Z,48.727160,2.028984,109.7,95.38,276.1,1.71,8
2025-09-19T16:11:40Z,48.727170,2.028614,108.9,94.92,272.9,1.71,7
2025-09-19T16:11:41Z,48.727191,2.028267,108.6,89.67,275.3,1.71,7
2025-09-19T16:11:42Z,48.727193,2.027939,108.1,82.77,271.5,1.71,7
2025-09-19T16:11:43Z,48.727192,2.027629,107.4,78.54,270.7,1.70,8
2025-09-19T16:11:44Z,48.727203,2.027325,107.2,79.62,271.4,1.70,8
2025-09-19T16:11:45Z,48.727208,2.027002,107.3,86.40,272.0,1.70,7
2025-09-19T16:11:46Z,48.727219,2.026681,107.0,82.75,272.3,1.70,7
2025-09-19T16:11:47Z,48.727232,2.026388,107.5,75.34,273.1,1.70,7
2025-09-19T16:11:48Z,48.727243,2.026118,107.5,68.39,272.9,1.65,8
2025-09-19T16:11:49Z,48.727249,2.025877,108.1,61.08,271.7,1.65,8
2025-09-19T16:11:50Z,48.727260,2.025660,107.7,55.36,276.0,1.65,8
2025-09-19T16:11:51Z,48.727295,2.025469,107.9,51.39,288.9,1.73,7
2025-09-19T16:11:52Z,48.727362,2.025298,108.1,53.32,305.8,1.73,7
2025-09-19T16:11:53Z,48.727463,2.025155,108.7,56.95,320.6,1.73,7
2025-09-19T16:11:54Z,48.727600,2.025032,110.2,66.67,330.7,0.97,8
2025-09-19T16:11:55Z,48.727765,2.024915,112.0,75.38,334.3,1.12,8
2025-09-19T16:11:56Z,48.727924,2.024783,113.3,72.58,329.6,1.12,8
2025-09-19T16:11:57Z,48.728098,2.024649,113.2,76.58,333.8,2.05,6
2025-09-19T16:11:58Z,48.728270,2.024516,113.1,76.36,334.0,2.05,6
2025-09-19T16:11:59Z,48.728440,2.024384,113.6,75.41,333.8,1.94,7
2025-09-19T16:12:00Z,48.728609,2.024259,113.8,75.12,334.2,1.94,7
2025-09-19T16:12:01Z,48.728777,2.024132,113.1,74.75,334.7,1.65,8
2025-09-19T16:12:02Z,48.728941,2.024004,111.9,73.47,334.0,0.91,9
2025-09-19T16:12:03Z,48.729101,2.023881,111.2,71.21,334.1,0.91,9
2025-09-19T16:12:04Z,48.729256,2.023768,111.3,66.76,333.8,0.91,9
2025-09-19T16:12:05Z,48.729400,2.023659,111.5,63.73,333.5,0.95,9
2025-09-19T16:12:06Z,48.729542,2.023554,111.6,62.52,333.9,1.68,7
2025-09-19T16:12:07Z,48.729681,2.023450,112.1,61.10,333.4,0.91,9
2025-09-19T16:12:08Z,48.729815,2.023345,111.9,60.38,332.9,0.91,9
2025-09-19T16:12:09Z,48.729944,2.023246,111.7,56.62,333.7,0.91,9
2025-09-19T16:12:10Z,48.730066,2.023158,112.2,52.91,334.5,0.91,9
2025-09-19T16:12:11Z,48.730184,2.023069,112.1,51.71,333.8,1.65,8
2025-09-19T16:12:12Z,48.730297,2.022985,112.2,48.13,334.2,1.65,8
2025-09-19T16:12:13Z,48.730402,2.022905,112.1,46.17,333.5,0.91,9
2025-09-19T16:12:14Z,48.730507,2.022817,112.5,47.93,330.4,0.91,9
2025-09-19T16:12:15Z,48.730610,2.022718,112.7,49.78,326.7,0.91,9
2025-09-19T16:12:16Z,48.730711,2.022609,112.1,50.43,325.2,0.91,9
2025-09-19T16:12:17Z,48.730822,2.022498,112.1,53.93,326.4,0.97,8
2025-09-19T16:12:18Z,48.730930,2.022372,112.6,54.39,321.8,1.40,7
2025-09-19T16:12:19Z,48.731048,2.022246,113.6,57.62,323.7,1.03,7
2025-09-19T16:12:20Z,48.731161,2.022113,114.4,57.19,321.9,0.99,8
2025-09-19T16:12:21Z,48.731288,2.021987,116.6,59.71,326.2,0.99,8
2025-09-19T16:12:22Z,48.731407,2.021872,116.6,54.17,327.6,1.14,7
2025-09-19T16:12:23Z,48.731519,2.021770,118.6,50.41,327.6,0.99,8
2025-09-19T16:12:24Z,48.731614,2.021673,120.1,43.89,325.7,0.99,8
2025-09-19T16:12:25Z,48.731704,2.021599,121.4,39.48,332.3,1.08,7
2025-09-19T16:12:26Z,48.731801,2.021552,123.4,38.60,342.1,0.97,8
2025-09-19T16:12:27Z,48.731887,2.021512,124.9,36.13,344.0,0.99,8
2025-09-19T16:12:28Z,48.731980,2.021466,126.0,39.17,341.1,0.91,9
2025-09-19T16:12:29Z,48.732074,2.021414,126.0,40.74,340.0,2.01,7
2025-09-19T16:12:30Z,48.732167,2.021360,127.0,39.28,338.9,2.01,7
2025-09-19T16:12:31Z,48.732253,2.021290,127.9,38.80,329.6,1.65,8
2025-09-19T16:12:32Z,48.732319,2.021178,127.2,42.56,311.6,1.73,7
2025-09-19T16:12:33Z,48.732398,2.021044,127.3,49.26,310.1,1.72,7
2025-09-19T16:12:34Z,48.732483,2.020894,127.1,53.21,311.2,1.65,8
2025-09-19T16:12:35Z,48.732571,2.020740,127.5,53.76,310.8,1.65,8
2025-09-19T16:12:36Z,48.732658,2.020586,127.5,54.30,310.1,1.65,8
2025-09-19T16:12:37Z,48.732746,2.020437,127.3,52.71,311.1,1.65,8
2025-09-19T16:12:38Z,48.732830,2.020293,126.8,50.41,312.6,1.65,8
2025-09-19T16:12:39Z,48.732920,2.020158,127.2,49.91,313.4,0.91,9
2025-09-19T16:12:40Z,48.733004,2.020015,127.6,51.23,311.3,0.91,9
2025-09-19T16:12:41Z,48.733086,2.019864,127.7,52.39,309.9,0.91,9
2025-09-19T16:12:42Z,48.733168,2.019719,127.7,50.74,312.5,1.11,8
2025-09-19T16:12:43Z,48.733247,2.019589,129.3,45.71,310.6,1.11,8
2025-09-19T16:12:44Z,48.733325,2.019460,130.7,46.60,311.0,1.11,8
2025-09-19T16:12:45Z,48.733396,2.019307,128.9,50.63,308.5,1.11,8
2025-09-19T16:12:46Z,48.733477,2.019135,126.5,55.82,306.4,0.91,9
2025-09-19T16:12:47Z,48.733566,2.018967,124.7,55.99,308.8,0.91,9
2025-09-19T16:12:48Z,48.733655,2.018806,124.7,55.12,310.4,0.91,9
2025-09-19T16:12:49Z,48.733738,2.018651,124.4,52.62,309.7,0.91,9
2025-09-19T16:12:50Z,48.733817,2.018492,123.3,52.28,307.2,0.91,9
2025-09-19T16:12:51Z,48.733928,2.018333,123.8,61.13,314.3,0.91,9
2025-09-19T16:12:52Z,48.734057,2.018163,124.2,69.67,319.2,0.91,9
2025-09-19T16:12:53Z,48.734203,2.018016,124.4,69.06,328.1,0.91,9
2025-09-19T16:12:54Z,48.734342,2.017895,124.4,63.01,331.0,0.91,9
2025-09-19T16:12:55Z,48.734465,2.017780,124.3,57.15,329.8,0.91,9
2025-09-19T16:12:56Z,48.734585,2.017668,124.6,56.32,328.8,0.91,9
2025-09-19T16:12:57Z,48.734714,2.017553,126.5,57.71,328.2,0.91,9
2025-09-19T16:12:58Z,48.734854,2.017467,125.4,59.49,336.8,0.82,10
2025-09-19T16:12:59Z,48.734991,2.017384,124.0,58.26,337.4,0.82,10
2025-09-19T16:13:00Z,48.735126,2.017303,124.1,56.43,336.2,1.06,9
2025-09-19T16:13:01Z,48.735261,2.017230,123.8,56.08,337.2,1.06,9
2025-09-19T16:13:02Z,48.735400,2.017163,123.7,56.78,340.5,1.06,9
2025-09-19T16:13:03Z,48.735539,2.017101,123.8,57.25,343.6,1.36,9
2025-09-19T16:13:04Z,48.735686,2.017053,123.8,58.82,347.3,1.36,8
2025-09-19T16:13:05Z,48.735839,2.017023,123.9,59.63,351.4,1.36,8
2025-09-19T16:13:06Z,48.735992,2.017001,124.6,59.99,352.9,1.36,8
2025-09-19T16:13:07Z,48.736143,2.016972,125.3,60.75,352.1,1.06,9
2025-09-19T16:13:08Z,48.736292,2.016948,126.2,58.75,353.4,1.43,9
2025-09-19T16:13:09Z,48.736438,2.016924,127.3,57.73,352.8,1.36,8
2025-09-19T16:13:10Z,48.736578,2.016896,127.4,55.50,352.2,1.40,7
2025-09-19T16:13:11Z,48.736715,2.016875,128.3,54.71,354.1,1.98,6
2025-09-19T16:13:12Z,48.736844,2.016875,131.4,50.63,358.2,1.26,8
2025-09-19T16:13:13Z,48.736967,2.016869,133.1,48.60,357.8,2.01,6
2025-09-19T16:13:14Z,48.737085,2.016865,132.5,45.00,1.5,1.72,8
2025-09-19T16:13:15Z,48.737192,2.016874,132.2,40.58,7.5,1.72,7
2025-09-19T16:13:16Z,48.737293,2.016887,131.0,38.08,11.7,1.64,8
2025-09-19T16:13:17Z,48.737387,2.016902,129.8,36.84,10.9,0.91,9
2025-09-19T16:13:18Z,48.737472,2.016913,128.9,33.19,5.6,0.91,9
2025-09-19T16:13:19Z,48.737555,2.016916,128.6,33.28,1.1,0.91,9
2025-09-19T16:13:20Z,48.737637,2.016922,127.9,32.69,2.8,0.91,9
2025-09-19T16:13:21Z,48.737718,2.016934,126.5,33.32,9.3,0.91,9
2025-09-19T16:13:22Z,48.737803,2.016964,125.2,36.10,14.9,0.91,9
2025-09-19T16:13:23Z,48.737888,2.017014,123.5,37.23,22.8,0.82,10
2025-09-19T16:13:24Z,48.737968,2.017089,122.5,38.08,36.1,0.82,10
2025-09-19T16:13:25Z,48.738037,2.017190,121.9,38.39,47.3,0.82,10
2025-09-19T16:13:26Z,48.738094,2.017306,121.0,37.69,55.4,0.91,9
2025-09-19T16:13:27Z,48.738142,2.017422,120.4,36.13,59.3,1.14,7
2025-09-19T16:13:28Z,48.738185,2.017537,119.7,34.32,60.6,1.11,8
2025-09-19T16:13:29Z,48.738225,2.017650,118.8,33.13,62.0,1.11,8
2025-09-19T16:13:30Z,48.738266,2.017766,118.3,35.13,61.0,1.11,8
2025-09-19T16:13:31Z,48.738310,2.017891,117.9,38.34,62.5,0.91,9
2025-09-19T16:13:32Z,48.738356,2.018025,117.3,40.82,61.7,0.91,9
2025-09-19T16:13:33Z,48.738405,2.018168,116.6,43.30,63.0,0.91,9
2025-09-19T16:13:34Z,48.738455,2.018320,116.0,45.97,63.2,0.91,9
2025-09-19T16:13:35Z,48.738509,2.018483,115.3,48.95,63.4,0.91,9
2025-09-19T16:13:36Z,48.738565,2.018654,114.7,51.13,63.7,0.91,9
2025-09-19T16:13:37Z,48.738622,2.018827,114.4,51.65,63.7,0.91,9
2025-09-19T16:13:38Z,48.738680,2.019003,113.7,51.41,63.9,0.91,9
2025-09-19T16:13:39Z,48.738736,2.019172,113.2,49.87,63.0,0.91,9
2025-09-19T16:13:40Z,48.738790,2.019330,112.7,45.80,62.5,0.91,9
2025-09-19T16:13:41Z,48.738841,2.019473,112.6,41.78,61.5,0.99,9
2025-09-19T16:13:42Z,48.738884,2.019604,112.1,37.78,63.9,0.99,9
2025-09-19T16:13:43Z,48.738924,2.019723,112.1,34.39,63.5,0.99,8
2025-09-19T16:13:44Z,48.738960,2.019831,111.8,31.26,61.0,0.91,9
2025-09-19T16:13:45Z,48.738999,2.019934,111.6,30.93,60.5,0.91,9
2025-09-19T16:13:46Z,48.739039,2.020048,111.2,35.21,62.7,0.91,9
2025-09-19T16:13:47Z,48.739081,2.020175,111.0,38.54,64.9,0.91,9
2025-09-19T16:13:48Z,48.739125,2.020316,110.7,42.11,64.0,0.91,9
2025-09-19T16:13:49Z,48.739174,2.020467,110.3,45.43,64.2,0.91,9
2025-09-19T16:13:50Z,48.739227,2.020628,110.0,48.15,63.6,0.91,9
2025-09-19T16:13:51Z,48.739283,2.020797,109.8,50.76,62.8,0.91,9
2025-09-19T16:13:52Z,48.739337,2.020974,109.8,51.32,66.4,0.91,9
2025-09-19T16:13:53Z,48.739394,2.021144,110.0,50.84,61.8,0.99,9
2025-09-19T16:13:54Z,48.739454,2.021316,110.1,51.62,62.6,0.99,8
2025-09-19T16:13:55Z,48.739512,2.021495,110.3,53.50,64.2,0.99,8
2025-09-19T16:13:56Z,48.739581,2.021688,110.8,58.21,61.5,0.99,8
2025-09-19T16:13:57Z,48.739646,2.021872,111.5,53.84,61.8,1.11,9
2025-09-19T16:13:58Z,48.739705,2.022037,112.3,47.19,62.0,1.16,8
2025-09-19T16:13:59Z,48.739756,2.022185,113.1,42.69,63.3,0.91,9
2025-09-19T16:14:00Z,48.739801,2.022331,114.1,42.36,64.6,0.91,9
2025-09-19T16:14:01Z,48.739846,2.022476,115.2,42.61,64.6,0.91,9
2025-09-19T16:14:02Z,48.739896,2.022623,115.8,44.13,61.2,0.91,9
2025-09-19T16:14:03Z,48.739961,2.022766,116.4,45.50,53.8,0.91,9
2025-09-19T16:14:04Z,48.740040,2.022896,117.3,46.91,46.4,0.91,9
2025-09-19T16:14:05Z,48.740142,2.022975,118.4,44.67,24.7,0.99,9
2025-09-19T16:14:06Z,48.740252,2.023020,119.1,45.91,11.6,1.16,9
2025-09-19T16:14:07Z,48.740369,2.022983,120.3,46.28,344.0,1.14,9
2025-09-19T16:14:08Z,48.740483,2.022887,122.0,53.34,328.4,1.38,6
2025-09-19T16:14:09Z,48.740584,2.022729,123.2,63.08,313.2,1.25,7
2025-09-19T16:14:10Z,48.740676,2.022512,124.8,73.43,307.1,1.11,8
2025-09-19T16:14:11Z,48.740764,2.022285,126.7,70.45,300.9,1.39,8
2025-09-19T16:14:12Z,48.740837,2.022073,128.4,62.45,297.4,2.06,7
2025-09-19T16:14:13Z,48.740922,2.021896,130.6,54.45,303.5,2.06,6
2025-09-19T16:14:14Z,48.740994,2.021752,133.1,45.73,306.3,1.39,8
2025-09-19T16:14:15Z,48.741062,2.021643,135.2,39.28,314.4,1.39,7
2025-09-19T16:14:16Z,48.741101,2.021580,136.3,24.87,314.1,0.97,8
2025-09-19T16:14:17Z,48.741159,2.021535,139.1,22.82,323.6,0.91,9
2025-09-19T16:14:18Z,48.741181,2.021510,143.2,12.30,321.5,0.94,9
2025-09-19T16:14:19Z,48.741208,2.021477,144.5,10.70,317.8,0.91,9
2025-09-19T16:14:20Z,48.741220,2.021462,148.9,6.87,319.7,0.94,9
2025-09-19T16:14:22Z,48.741257,2.021441,154.6,7.74,319.1,0.94,9
2025-09-19T16:14:23Z,48.741332,2.021356,159.9,26.61,320.3,0.94,9
2025-09-19T16:14:24Z,48.741415,2.021223,164.8,33.26,308.3,0.91,9
2025-09-19T16:14:25Z,48.741516,2.021108,167.3,41.00,321.1,1.11,9
2025-09-19T16:14:26Z,48.741625,2.020950,168.7,50.62,311.9,1.11,8
2025-09-19T16:14:27Z,48.741718,2.020778,171.9,57.34,304.4,1.11,8
2025-09-19T16:14:28Z,48.741788,2.020636,176.7,46.89,303.5,1.18,8
2025-09-19T16:14:29Z,48.741860,2.020531,182.0,39.86,309.8,2.06,7
2025-09-19T16:14:30Z,48.741919,2.020431,184.7,36.60,304.3,1.39,7
2025-09-19T16:14:31Z,48.741988,2.020354,186.6,33.32,310.2,1.39,7
2025-09-19T16:14:32Z,48.742039,2.020295,190.4,29.21,311.4,1.39,8
2025-09-19T16:14:33Z,48.742081,2.020239,194.9,23.28,309.6,1.11,8
2025-09-19T16:14:34Z,48.742154,2.020156,197.1,28.26,318.6,1.11,9
2025-09-19T16:14:35Z,48.742264,2.020003,194.9,30.82,304.0,0.91,9
2025-09-19T16:14:36Z,48.742402,2.019920,202.3,35.95,331.9,0.91,9
2025-09-19T16:14:37Z,48.742462,2.019863,206.9,20.17,328.9,0.91,9
2025-09-19T16:14:38Z,48.742526,2.019759,214.3,34.35,306.2,0.91,9
2025-09-19T16:14:39Z,48.742566,2.019711,226.0,23.08,308.0,0.91,9
2025-09-19T16:14:40Z,48.742614,2.019695,234.4,18.32,324.4,0.91,9
2025-09-19T16:14:41Z,48.742652,2.019688,239.0,15.22,333.9,1.11,8
2025-09-19T16:14:42Z,48.742664,2.019653,241.5,12.39,324.8,1.11,8
2025-09-19T16:14:43Z,48.742698,2.019626,245.3,12.43,320.8,1.11,8
2025-09-19T16:14:44Z,48.742774,2.019595,254.0,16.30,332.2,1.11,8
2025-09-19T16:14:45Z,48.742846,2.019497,261.2,24.37,315.0,1.11,9
2025-09-19T16:14:46Z,48.742910,2.019425,266.1,24.59,316.2,1.11,8
2025-09-19T16:14:47Z,48.742986,2.019348,267.8,25.30,316.4,1.11,8
2025-09-19T16:14:48Z,48.743072,2.019281,270.2,26.09,321.6,1.11,8
2025-09-19T16:14:49Z,48.743170,2.019252,270.3,28.41,333.4,2.06,9
2025-09-19T16:14:50Z,48.743277,2.019226,273.2,29.89,339.4,1.39,7
2025-09-19T16:14:51Z,48.743422,2.019153,271.5,35.76,344.9,1.24,8
2025-09-19T16:14:52Z,48.743570,2.019055,271.9,37.10,346.0,1.24,7
2025-09-19T16:14:53Z,48.743706,2.019000,270.5,36.00,352.2,1.03,7
2025-09-19T16:14:54Z,48.743817,2.018960,272.7,32.80,1.9,1.11,7
2025-09-19T16:14:55Z,48.743941,2.018988,274.3,37.21,16.1,1.42,7
2025-09-19T16:14:56Z,48.744054,2.019049,272.6,38.67,29.8,1.39,7
2025-09-19T16:14:57Z,48.744205,2.019138,265.3,41.08,40.5,1.16,8
2025-09-19T16:14:58Z,48.744359,2.019268,260.0,46.61,46.9,0.99,9
2025-09-19T16:14:59Z,48.744483,2.019399,259.3,46.19,48.7,0.99,8
2025-09-19T16:15:00Z,48.744582,2.019513,258.1,42.73,50.3,0.91,9
2025-09-19T16:15:01Z,48.744683,2.019630,256.7,42.80,52.0,1.05,9
2025-09-19T16:15:02Z,48.744769,2.019752,255.2,41.61,55.8,1.14,9
2025-09-19T16:15:03Z,48.744852,2.019862,252.4,38.56,56.7,1.14,8
2025-09-19T16:15:04Z,48.744941,2.019958,250.6,37.61,55.5,1.14,8
2025-09-19T16:15:05Z,48.744992,2.020064,251.4,35.60,61.3,1.14,9
2025-09-19T16:15:06Z,48.745039,2.020093,253.2,27.89,60.4,1.14,8
2025-09-19T16:15:07Z,48.745095,2.020158,253.2,27.30,60.6,1.06,8
2025-09-19T16:15:08Z,48.745164,2.020276,252.5,30.08,59.8,0.98,8
2025-09-19T16:15:09Z,48.745233,2.020382,254.5,31.04,56.9,0.98,8
2025-09-19T16:15:10Z,48.745268,2.020464,254.2,27.74,63.7,1.05,9
2025-09-19T16:15:11Z,48.745283,2.020514,256.7,22.58,66.3,1.06,8
2025-09-19T16:15:12Z,48.745310,2.020573,257.7,20.13,66.8,4.23,7
2025-09-19T16:15:13Z,48.745305,2.020637,257.9,17.19,74.1,4.22,7
2025-09-19T16:15:14Z,48.745330,2.020759,256.7,21.48,81.7,4.22,7
2025-09-19T16:15:15Z,48.745431,2.021021,252.5,37.61,77.2,1.06,8
2025-09-19T16:15:16Z,48.745513,2.021247,253.0,46.10,74.1,1.47,7
2025-09-19T16:15:17Z,48.745620,2.021502,250.9,52.74,70.7,1.13,8
2025-09-19T16:15:18Z,48.745682,2.021723,250.3,55.15,70.2,2.66,9
2025-09-19T16:15:19Z,48.745795,2.021986,243.3,58.12,68.8,1.13,8
2025-09-19T16:15:20Z,48.745954,2.022275,235.8,61.73,64.6,1.13,8
2025-09-19T16:15:21Z,48.746125,2.022601,226.2,68.23,60.7,1.13,9
2025-09-19T16:15:22Z,48.746277,2.022889,220.5,63.71,56.8,0.99,8
2025-09-19T16:15:23Z,48.746403,2.023113,214.3,57.73,55.9,0.99,8
2025-09-19T16:15:24Z,48.746497,2.023302,211.3,53.26,55.7,1.05,8
2025-09-19T16:15:25Z,48.746607,2.023496,208.2,51.49,53.3,0.99,8
2025-09-19T16:15:26Z,48.746707,2.023680,205.5,49.62,53.5,1.13,8
2025-09-19T16:15:27Z,48.746799,2.023840,201.8,48.54,52.6,0.99,8
2025-09-19T16:15:28Z,48.746890,2.023995,199.0,47.76,51.9,1.13,9
2025-09-19T16:15:29Z,48.746992,2.024162,195.0,48.37,52.6,1.13,8
2025-09-19T16:15:30Z,48.747085,2.024322,192.2,44.24,53.2,0.99,9
2025-09-19T16:15:31Z,48.747164,2.024464,189.9,40.76,52.8,0.99,9
2025-09-19T16:15:32Z,48.747232,2.024589,189.0,38.50,52.4,1.13,9
2025-09-19T16:15:33Z,48.747298,2.024715,187.5,36.97,54.3,0.99,9
2025-09-19T16:15:34Z,48.747356,2.024840,186.5,36.95,56.3,0.99,9
2025-09-19T16:15:35Z,48.747405,2.024958,186.2,35.84,59.3,0.91,9
2025-09-19T16:15:36Z,48.747440,2.025084,185.8,34.08,68.6,0.98,9
2025-09-19T16:15:37Z,48.747487,2.025205,184.9,35.76,61.6,0.98,8
2025-09-19T16:15:38Z,48.747572,2.025323,183.0,43.08,43.4,0.91,9
2025-09-19T16:15:39Z,48.747681,2.025466,181.7,57.21,40.8,0.91,9
2025-09-19T16:15:40Z,48.747790,2.025625,180.7,57.75,45.0,0.98,9
2025-09-19T16:15:41Z,48.747887,2.025791,180.2,55.41,49.5,0.91,9
2025-09-19T16:15:42Z,48.747977,2.025959,179.1,54.17,52.3,0.91,9
2025-09-19T16:15:43Z,48.748067,2.026136,178.2,57.32,53.0,0.91,9
2025-09-19T16:15:44Z,48.748157,2.026315,177.5,57.91,52.9,0.91,9
2025-09-19T16:15:45Z,48.748252,2.026495,177.1,59.89,52.2,0.98,9
2025-09-19T16:15:46Z,48.748346,2.026680,176.4,60.84,52.5,0.91,9
2025-09-19T16:15:47Z,48.748443,2.026869,175.9,62.30,52.2,0.91,9
2025-09-19T16:15:48Z,48.748543,2.027064,175.3,64.65,52.2,0.91,9
2025-09-19T16:15:49Z,48.748648,2.027272,175.0,69.71,52.7,0.91,9
2025-09-19T16:15:50Z,48.748760,2.027492,174.4,73.32,52.5,0.91,9
2025-09-19T16:15:51Z,48.748880,2.027721,173.7,77.21,51.8,0.91,9
2025-09-19T16:15:52Z,48.749015,2.027970,173.1,87.01,50.5,0.91,9
2025-09-19T16:15:53Z,48.749165,2.028252,172.3,97.03,51.6,0.91,9
2025-09-19T16:15:54Z,48.749316,2.028564,171.6,102.84,54.5,0.91,9
2025-09-19T16:15:55Z,48.749467,2.028881,170.9,102.58,54.5,0.91,9
2025-09-19T16:15:56Z,48.749619,2.029187,170.4,100.01,52.9,0.91,9
2025-09-19T16:15:57Z,48.749768,2.029485,170.0,97.86,53.0,0.91,9
2025-09-19T16:15:58Z,48.749912,2.029768,169.5,93.21,52.6,0.91,9
2025-09-19T16:15:59Z,48.750049,2.030034,168.9,87.71,52.5,0.91,9
2025-09-19T16:16:00Z,48.750181,2.030295,168.4,85.93,52.4,0.91,9
2025-09-19T16:16:01Z,48.750313,2.030553,168.0,85.77,52.5,0.91,9
2025-09-19T16:16:02Z,48.750446,2.030812,167.4,86.28,52.4,0.91,9
2025-09-19T16:16:03Z,48.750579,2.031073,167.1,86.77,52.4,0.91,9
2025-09-19T16:16:04Z,48.750712,2.031335,166.6,87.28,52.6,0.91,9
2025-09-19T16:16:05Z,48.750846,2.031600,166.1,87.69,52.8,0.91,9
2025-09-19T16:16:06Z,48.750979,2.031866,165.7,88.08,52.9,0.91,9
2025-09-19T16:16:07Z,48.751114,2.032130,165.4,87.95,52.7,0.91,9
2025-09-19T16:16:08Z,48.751248,2.032394,164.9,87.78,52.7,0.91,9
2025-09-19T16:16:09Z,48.751378,2.032653,164.6,85.40,52.8,0.91,9
2025-09-19T16:16:10Z,48.751503,2.032898,164.2,80.86,52.4,0.91,9
2025-09-19T16:16:11Z,48.751626,2.033136,163.8,79.23,52.1,0.91,9
2025-09-19T16:16:12Z,48.751747,2.033374,163.6,78.99,52.5,0.91,9
2025-09-19T16:16:13Z,48.751866,2.033610,163.2,78.12,52.9,0.91,9
2025-09-19T16:16:14Z,48.751985,2.033845,162.8,77.64,52.4,0.91,9
2025-09-19T16:16:15Z,48.752103,2.034079,162.5,78.04,52.8,0.91,9
2025-09-19T16:16:16Z,48.752222,2.034316,162.3,78.60,53.0,0.91,9
2025-09-19T16:16:17Z,48.752342,2.034553,162.0,78.84,52.7,0.91,9
2025-09-19T16:16:18Z,48.752462,2.034788,161.4,77.86,52.5,0.91,9
2025-09-19T16:16:19Z,48.752579,2.035021,160.7,77.04,52.8,0.91,9
2025-09-19T16:16:20Z,48.752694,2.035248,160.0,74.84,52.6,0.91,9
2025-09-19T16:16:21Z,48.752807,2.035465,159.7,72.36,51.4,0.91,9
2025-09-19T16:16:22Z,48.752916,2.035678,159.2,70.69,52.4,0.91,9
2025-09-19T16:16:23Z,48.753021,2.035887,158.8,69.43,52.6,0.91,9
2025-09-19T16:16:24Z,48.753126,2.036095,158.0,68.54,52.9,0.91,9
2025-09-19T16:16:25Z,48.753228,2.036301,157.5,67.65,53.2,0.91,9
2025-09-19T16:16:26Z,48.753330,2.036506,157.0,67.47,52.8,0.91,9
2025-09-19T16:16:27Z,48.753436,2.036712,156.4,69.39,52.3,0.91,9
2025-09-19T16:16:28Z,48.753544,2.036928,155.8,72.15,52.7,0.91,9
2025-09-19T16:16:29Z,48.753648,2.037142,155.4,69.69,53.4,0.91,9
2025-09-19T16:16:30Z,48.753748,2.037342,155.6,65.63,53.4,0.91,9
2025-09-19T16:16:31Z,48.753840,2.037525,155.5,60.10,52.9,0.91,9
2025-09-19T16:16:32Z,48.753930,2.037706,156.1,60.26,52.8,0.91,9
2025-09-19T16:16:33Z,48.754024,2.037887,157.0,61.67,51.4,0.98,8
2025-09-19T16:16:34Z,48.754110,2.038065,157.6,57.63,54.0,0.98,8
2025-09-19T16:16:35Z,48.754190,2.038245,157.6,57.30,56.4,0.95,8
2025-09-19T16:16:36Z,48.754252,2.038426,157.7,55.34,61.3,0.97,9
2025-09-19T16:16:37Z,48.754275,2.038610,158.1,52.71,72.8,1.13,7
2025-09-19T16:16:38Z,48.754231,2.038828,158.9,56.95,92.0,1.96,7
2025-09-19T16:16:39Z,48.754178,2.039042,159.4,56.99,101.9,0.98,9
2025-09-19T16:16:40Z,48.754147,2.039226,160.0,50.10,103.0,1.05,8
2025-09-19T16:16:41Z,48.754109,2.039403,160.1,49.32,105.8,0.98,9
2025-09-19T16:16:42Z,48.754079,2.039585,160.4,49.95,104.8,1.13,9
2025-09-19T16:16:43Z,48.754067,2.039776,161.4,49.41,99.9,1.47,7
2025-09-19T16:16:44Z,48.754061,2.039966,161.9,48.52,96.3,1.13,8
2025-09-19T16:16:45Z,48.754058,2.040144,162.8,46.52,92.8,0.97,9
2025-09-19T16:16:46Z,48.754053,2.040304,163.3,43.10,91.2,1.13,8
2025-09-19T16:16:47Z,48.754069,2.040472,163.9,42.30,85.2,1.13,8
2025-09-19T16:16:48Z,48.754088,2.040625,164.7,40.41,79.6,0.91,9
2025-09-19T16:16:49Z,48.754116,2.040775,165.1,39.93,74.3,0.91,9
2025-09-19T16:16:50Z,48.754151,2.040920,165.6,40.73,69.4,0.91,9
2025-09-19T16:16:51Z,48.754204,2.041067,165.8,44.24,62.0,0.91,9
2025-09-19T16:16:52Z,48.754260,2.041200,166.4,41.13,56.9,0.91,9
2025-09-19T16:16:53Z,48.754314,2.041316,167.1,37.02,54.0,0.91,9
2025-09-19T16:16:54Z,48.754362,2.041418,167.5,32.58,54.7,0.91,9
2025-09-19T16:16:55Z,48.754406,2.041503,168.2,27.91,51.4,0.91,9
2025-09-19T16:16:56Z,48.754445,2.041570,168.5,22.96,47.7,0.91,9
2025-09-19T16:16:57Z,48.754480,2.041624,168.7,19.71,44.9,0.91,9
2025-09-19T16:16:58Z,48.754517,2.041672,169.0,19.71,41.1,0.91,9
2025-09-19T16:16:59Z,48.754557,2.041733,169.3,23.52,44.0,0.91,9
2025-09-19T16:17:00Z,48.754598,2.041804,169.8,25.80,48.8,0.91,9
2025-09-19T16:17:01Z,48.754642,2.041873,170.2,26.06,44.5,0.98,8
2025-09-19T16:17:02Z,48.754695,2.041922,170.3,25.43,33.8,0.91,9
2025-09-19T16:17:03Z,48.754753,2.041941,170.1,23.52,20.6,0.97,8
2025-09-19T16:17:04Z,48.754803,2.041915,171.5,20.95,0.3,0.91,9
2025-09-19T16:17:05Z,48.754888,2.041810,172.0,34.65,325.6,1.64,7
2025-09-19T16:17:06Z,48.754960,2.041735,172.3,35.21,325.2,1.14,7
2025-09-19T16:17:07Z,48.755042,2.041667,172.6,36.35,329.5,1.38,7
2025-09-19T16:17:08Z,48.755126,2.041606,173.1,37.11,333.4,0.91,9
2025-09-19T16:17:09Z,48.755218,2.041549,173.8,39.02,335.6,0.91,9
2025-09-19T16:17:10Z,48.755328,2.041494,174.6,43.36,338.9,1.10,9
2025-09-19T16:17:11Z,48.755437,2.041441,175.1,45.08,341.6,1.57,6
2025-09-19T16:17:12Z,48.755554,2.041391,175.7,48.06,343.8,1.38,7
2025-09-19T16:17:13Z,48.755674,2.041347,176.2,48.82,345.9,1.10,8
2025-09-19T16:17:14Z,48.755802,2.041321,176.7,50.28,351.5,1.10,9
2025-09-19T16:17:15Z,48.755928,2.041302,176.7,50.32,354.1,1.10,8
2025-09-19T16:17:16Z,48.756057,2.041293,177.0,51.10,357.6,1.10,8
2025-09-19T16:17:17Z,48.756192,2.041299,177.5,52.62,1.6,1.10,8
2025-09-19T16:17:18Z,48.756318,2.041331,177.1,51.50,8.3,1.15,9
2025-09-19T16:17:19Z,48.756458,2.041376,177.9,55.63,11.9,1.10,8
2025-09-19T16:17:20Z,48.756585,2.041436,177.8,54.93,17.0,0.91,9
2025-09-19T16:17:21Z,48.756717,2.041504,178.1,55.73,19.3,1.10,8
2025-09-19T16:17:22Z,48.756846,2.041602,178.3,57.08,25.3,0.98,9
2025-09-19T16:17:23Z,48.756968,2.041701,178.9,55.95,28.0,0.98,9
2025-09-19T16:17:24Z,48.757089,2.041799,178.5,54.93,28.9,0.98,9
2025-09-19T16:17:25Z,48.757203,2.041898,178.2,52.89,30.0,0.98,9
2025-09-19T16:17:26Z,48.757318,2.041997,178.1,52.71,29.5,0.98,8
2025-09-19T16:17:27Z,48.757433,2.042096,177.9,53.36,29.5,1.15,8
2025-09-19T16:17:28Z,48.757549,2.042192,177.7,53.06,28.9,1.15,7
2025-09-19T16:17:29Z,48.757661,2.042289,177.3,52.69,29.6,0.97,9
2025-09-19T16:17:30Z,48.757775,2.042389,176.5,51.95,30.3,0.97,8
2025-09-19T16:17:31Z,48.757885,2.042489,176.2,50.78,30.9,0.91,9
2025-09-19T16:17:32Z,48.757997,2.042579,175.8,50.00,29.3,0.97,8
2025-09-19T16:17:33Z,48.758103,2.042678,175.5,49.06,30.7,0.91,9
2025-09-19T16:17:34Z,48.758200,2.042768,175.5,45.02,31.1,0.91,9
2025-09-19T16:17:35Z,48.758290,2.042854,175.7,42.69,31.9,0.91,9
2025-09-19T16:17:36Z,48.758384,2.042945,174.9,42.69,32.8,0.98,9
2025-09-19T16:17:37Z,48.758471,2.043028,174.4,39.73,32.1,0.98,9
2025-09-19T16:17:38Z,48.758547,2.043098,173.7,34.58,31.3,0.91,9
2025-09-19T16:17:39Z,48.758615,2.043157,172.8,28.74,31.1,0.91,9
2025-09-19T16:17:40Z,48.758674,2.043214,172.2,27.06,34.2,0.91,9
2025-09-19T16:17:41Z,48.758740,2.043280,171.5,31.89,34.4,0.91,9
2025-09-19T16:17:42Z,48.758819,2.043346,171.5,37.06,27.7,0.91,9
2025-09-19T16:17:43Z,48.758901,2.043405,171.4,35.78,25.5,0.91,9
2025-09-19T16:17:44Z,48.758977,2.043464,171.8,34.13,27.3,0.91,9
2025-09-19T16:17:45Z,48.759060,2.043525,171.7,37.82,26.0,1.23,9
2025-09-19T16:17:46Z,48.759154,2.043594,171.9,43.23,26.2,1.23,7
2025-09-19T16:17:47Z,48.759254,2.043675,172.3,46.56,27.6,1.23,7
2025-09-19T16:17:48Z,48.759363,2.043765,172.4,49.91,28.3,1.15,9
2025-09-19T16:17:49Z,48.759476,2.043861,172.3,52.13,29.0,1.15,8
2025-09-19T16:17:50Z,48.759590,2.043956,172.3,51.95,28.5,1.10,8
2025-09-19T16:17:51Z,48.759702,2.044046,172.5,51.13,28.1,0.98,9
2025-09-19T16:17:52Z,48.759811,2.044142,172.6,49.86,29.7,0.98,9
2025-09-19T16:17:53Z,48.759918,2.044234,172.6,48.69,29.5,1.15,9
2025-09-19T16:17:54Z,48.760024,2.044327,172.4,49.10,30.0,1.15,8
2025-09-19T16:17:55Z,48.760135,2.044402,173.0,49.84,26.0,0.97,9
2025-09-19T16:17:56Z,48.760254,2.044470,173.4,51.87,21.0,1.28,8
2025-09-19T16:17:57Z,48.760383,2.044531,173.3,53.73,16.4,1.15,7
2025-09-19T16:17:58Z,48.760516,2.044566,173.5,54.06,9.6,1.15,7
2025-09-19T16:17:59Z,48.760653,2.044583,173.8,55.34,4.1,1.10,8
2025-09-19T16:18:00Z,48.760801,2.044580,174.3,59.50,359.4,1.37,9
2025-09-19T16:18:01Z,48.760945,2.044569,174.5,57.54,357.4,2.64,6
2025-09-19T16:18:02Z,48.761081,2.044539,175.5,55.56,353.9,1.23,7
2025-09-19T16:18:03Z,48.761198,2.044506,176.3,50.26,351.2,1.23,8
2025-09-19T16:18:04Z,48.761309,2.044481,176.8,47.19,351.0,1.23,8
2025-09-19T16:18:05Z,48.761404,2.044454,177.7,43.63,350.4,1.23,7
2025-09-19T16:18:06Z,48.761504,2.044439,178.1,41.71,352.0,1.56,8
2025-09-19T16:18:07Z,48.761597,2.044420,178.7,39.39,351.5,1.56,7
2025-09-19T16:18:08Z,48.761672,2.044424,179.1,34.54,353.3,1.23,7
2025-09-19T16:18:09Z,48.761748,2.044417,179.4,31.43,353.3,1.10,8
2025-09-19T16:18:10Z,48.761817,2.044401,179.9,28.85,351.4,1.10,9
2025-09-19T16:18:11Z,48.761882,2.044392,180.2,25.11,350.4,1.10,8
2025-09-19T16:18:12Z,48.761931,2.044379,180.1,19.58,349.8,0.91,9
2025-09-19T16:18:13Z,48.761975,2.044379,180.0,15.83,351.2,0.91,9
2025-09-19T16:18:14Z,48.762002,2.044387,179.4,8.67,352.1,0.91,9
2025-09-19T16:18:15Z,48.762025,2.044386,178.9,6.32,348.5,0.91,9
2025-09-19T16:19:15Z,48.762117,2.044456,167.1,2.67,352.7,0.91,9
2025-09-19T16:19:16Z,48.762140,2.044455,167.4,11.15,354.4,0.91,9
2025-09-19T16:19:17Z,48.762186,2.044477,167.7,19.11,14.0,0.91,9
2025-09-19T16:19:18Z,48.762237,2.044527,167.3,25.71,35.6,0.91,9
2025-09-19T16:19:19Z,48.762277,2.044624,167.4,32.35,65.0,0.91,9
2025-09-19T16:19:20Z,48.762300,2.044759,167.5,39.11,79.2,0.91,9
2025-09-19T16:19:21Z,48.762318,2.044919,167.5,44.45,81.0,0.97,9
2025-09-19T16:19:22Z,48.762338,2.045109,167.4,52.93,81.5,0.97,8
2025-09-19T16:19:23Z,48.762363,2.045322,167.2,58.45,80.3,0.91,9
2025-09-19T16:19:24Z,48.762391,2.045544,167.4,59.99,79.9,0.91,9
2025-09-19T16:19:25Z,48.762417,2.045772,167.4,61.19,80.6,0.91,9
2025-09-19T16:19:26Z,48.762448,2.046002,167.5,62.32,78.2,0.91,9
2025-09-19T16:19:27Z,48.762479,2.046237,167.9,63.36,78.9,0.91,9
2025-09-19T16:19:28Z,48.762513,2.046473,167.9,63.78,77.8,0.91,9
2025-09-19T16:19:29Z,48.762548,2.046706,168.1,62.76,77.6,0.91,9
2025-09-19T16:19:30Z,48.762581,2.046927,168.8,58.54,77.8,0.91,9
2025-09-19T16:19:31Z,48.762613,2.047133,169.3,54.65,76.8,0.95,9
2025-09-19T16:19:32Z,48.762637,2.047319,169.5,49.32,78.3,0.95,8
2025-09-19T16:19:33Z,48.762660,2.047499,170.0,47.76,79.0,0.95,8
2025-09-19T16:19:34Z,48.762684,2.047674,170.5,47.60,79.6,0.97,9
2025-09-19T16:19:35Z,48.762703,2.047850,170.2,46.80,81.0,0.97,8
2025-09-19T16:19:36Z,48.762726,2.048022,170.9,46.19,79.0,0.97,8
2025-09-19T16:19:37Z,48.762748,2.048194,170.9,46.02,79.0,0.95,9
2025-09-19T16:19:38Z,48.762763,2.048354,171.1,41.97,82.7,0.95,8
2025-09-19T16:19:39Z,48.762782,2.048508,172.0,41.37,79.9,1.07,8
2025-09-19T16:19:40Z,48.762803,2.048663,172.6,41.78,78.9,1.48,7
2025-09-19T16:19:41Z,48.762812,2.048805,173.6,38.91,84.8,1.48,8
2025-09-19T16:19:42Z,48.762815,2.048931,174.9,34.43,86.3,1.13,7
2025-09-19T16:19:43Z,48.762822,2.049054,175.6,32.00,86.1,0.97,9
2025-09-19T16:19:44Z,48.762840,2.049194,175.2,33.98,80.7,0.97,8
2025-09-19T16:19:45Z,48.762850,2.049329,174.4,34.15,84.7,0.91,9
2025-09-19T16:19:46Z,48.762861,2.049466,174.0,33.85,83.3,0.91,9
2025-09-19T16:19:47Z,48.762871,2.049599,173.5,32.41,85.2,0.95,8
2025-09-19T16:19:48Z,48.762872,2.049719,173.5,29.28,89.6,0.91,9
2025-09-19T16:19:49Z,48.762875,2.049830,173.2,27.69,88.4,0.91,9
2025-09-19T16:19:50Z,48.762877,2.049932,172.8,25.39,88.1,0.98,9
2025-09-19T16:19:51Z,48.762881,2.050023,172.6,21.98,86.6,0.91,9
2025-09-19T16:19:52Z,48.762889,2.050102,171.9,18.32,86.8,0.91,9
2025-09-19T16:19:53Z,48.762889,2.050166,171.6,15.28,89.7,0.91,9
2025-09-19T16:19:54Z,48.762889,2.050218,171.5,11.96,93.0,0.91,9
2025-09-19T16:19:55Z,48.762888,2.050247,171.2,5.44,93.2,0.91,9
2025-09-19T16:19:56Z,48.762888,2.050261,170.9,2.43,93.2,0.91,9
2025-09-19T16:20:24Z,48.762879,2.050303,169.2,11.43,95.7,0.91,9
2025-09-19T16:20:25Z,48.762874,2.050374,169.0,21.24,94.8,0.91,9
2025-09-19T16:20:26Z,48.762876,2.050465,169.3,24.76,90.3,0.91,9
2025-09-19T16:20:27Z,48.762897,2.050563,170.0,26.74,74.0,0.91,9
2025-09-19T16:20:28Z,48.762941,2.050652,170.2,29.59,49.0,0.91,9
2025-09-19T16:20:29Z,48.763008,2.050724,170.8,32.93,31.4,0.91,9
2025-09-19T16:20:30Z,48.763091,2.050777,171.0,36.89,19.8,0.91,9
2025-09-19T16:20:31Z,48.763185,2.050831,171.1,41.23,20.7,0.91,9
2025-09-19T16:20:32Z,48.763292,2.050896,171.2,46.65,22.2,1.09,9
2025-09-19T16:20:33Z,48.763408,2.050971,171.6,51.69,22.8,0.98,9
2025-09-19T16:20:34Z,48.763533,2.051052,171.6,54.34,23.6,0.98,8
2025-09-19T16:20:35Z,48.763663,2.051145,171.3,57.75,25.2,0.91,9
2025-09-19T16:20:36Z,48.763796,2.051249,170.7,61.13,27.6,0.91,9
2025-09-19T16:20:37Z,48.763925,2.051356,170.4,57.36,29.1,0.91,9
2025-09-19T16:20:38Z,48.764040,2.051457,169.9,51.10,29.9,1.09,9
2025-09-19T16:20:39Z,48.764137,2.051542,169.8,42.58,29.6,0.91,9
2025-09-19T16:20:40Z,48.764218,2.051616,169.5,35.60,30.5,0.91,9
2025-09-19T16:20:41Z,48.764281,2.051674,169.2,26.76,31.9,0.91,9
2025-09-19T16:20:42Z,48.764326,2.051716,169.2,18.65,31.5,0.91,9
2025-09-19T16:20:43Z,48.764358,2.051746,168.9,12.89,31.6,1.09,9
2025-09-19T16:20:44Z,48.764378,2.051767,168.7,7.89,33.1,0.91,9
2025-09-19T16:20:45Z,48.764389,2.051780,168.7,4.20,33.7,0.98,8
2025-09-19T16:21:00Z,48.764408,2.051808,166.4,8.59,31.9,0.98,8
2025-09-19T16:21:01Z,48.764440,2.051839,166.4,17.58,31.6,0.98,8
2025-09-19T16:21:02Z,48.764486,2.051881,166.9,24.61,29.8,0.98,8
2025-09-19T16:21:03Z,48.764556,2.051942,166.2,33.00,29.5,0.91,9
2025-09-19T16:21:04Z,48.764631,2.052021,166.8,38.91,34.3,0.91,9
2025-09-19T16:21:05Z,48.764715,2.052112,167.2,42.71,34.8,0.97,9
2025-09-19T16:21:06Z,48.764812,2.052210,166.9,48.34,33.5,0.97,8
2025-09-19T16:21:07Z,48.764916,2.052315,167.1,50.49,33.2,0.91,9
2025-09-19T16:21:08Z,48.765030,2.052424,166.7,54.08,32.5,0.91,9
2025-09-19T16:21:09Z,48.765149,2.052536,166.7,56.91,31.1,0.91,9
2025-09-19T16:21:10Z,48.765275,2.052647,166.7,58.88,29.7,0.98,9
2025-09-19T16:21:11Z,48.765408,2.052755,166.5,61.00,28.0,1.08,8
2025-09-19T16:21:12Z,48.765548,2.052863,166.5,62.97,26.9,1.08,7
2025-09-19T16:21:13Z,48.765693,2.052970,166.2,64.30,25.6,1.28,8
2025-09-19T16:21:14Z,48.765838,2.053070,166.0,63.36,23.9,1.09,9
2025-09-19T16:21:15Z,48.765983,2.053163,165.6,62.00,22.7,1.14,9
2025-09-19T16:21:16Z,48.766121,2.053248,165.3,58.23,21.7,1.14,9
2025-09-19T16:21:17Z,48.766251,2.053322,165.1,54.19,20.1,1.14,9
2025-09-19T16:21:18Z,48.766374,2.053387,164.9,51.06,19.2,1.09,9
2025-09-19T16:21:19Z,48.766492,2.053445,164.8,49.41,17.4,1.09,9
2025-09-19T16:21:20Z,48.766604,2.053506,164.4,47.30,19.3,0.98,9
2025-09-19T16:21:21Z,48.766723,2.053554,164.6,48.93,14.4,0.98,9
2025-09-19T16:21:22Z,48.766834,2.053594,164.8,45.30,13.6,0.98,9
2025-09-19T16:21:23Z,48.766934,2.053631,164.5,39.89,11.5,0.98,8
2025-09-19T16:21:24Z,48.767018,2.053655,164.5,32.24,10.1,0.98,8
2025-09-19T16:21:25Z,48.767085,2.053674,164.5,24.93,10.9,0.98,8
2025-09-19T16:21:26Z,48.767134,2.053689,164.3,17.96,11.4,0.98,8
2025-09-19T16:21:27Z,48.767170,2.053700,164.2,12.80,11.3,0.98,8
2025-09-19T16:21:28Z,48.767199,2.053711,164.0,11.70,12.7,0.98,8
2025-09-19T16:21:29Z,48.767232,2.053725,164.0,14.35,15.0,0.91,9
2025-09-19T16:21:30Z,48.767272,2.053743,164.0,17.61,15.4,0.91,9
2025-09-19T16:21:31Z,48.767314,2.053761,163.9,16.93,16.1,0.98,8
2025-09-19T16:21:32Z,48.767350,2.053778,164.0,14.41,17.2,0.91,9
2025-09-19T16:21:33Z,48.767370,2.053790,163.7,5.28,19.2,0.91,9
2025-09-19T16:21:34Z,48.767381,2.053801,163.7,5.48,24.5,0.91,9
2025-09-19T16:21:35Z,48.767397,2.053822,163.6,9.41,39.3,0.91,9
2025-09-19T16:21:36Z,48.767421,2.053865,163.7,17.13,47.1,0.91,9
2025-09-19T16:21:37Z,48.767457,2.053927,163.3,22.80,50.6,0.91,9
2025-09-19T16:21:38Z,48.767501,2.053984,163.2,23.58,45.2,0.91,9
2025-09-19T16:21:39Z,48.767559,2.054013,163.2,24.59,24.3,0.91,9
2025-09-19T16:21:40Z,48.767641,2.054012,163.3,34.10,359.4,0.97,8
2025-09-19T16:21:41Z,48.767733,2.054021,163.3,38.47,3.7,0.91,9
2025-09-19T16:21:42Z,48.767839,2.054044,162.8,44.91,9.0,0.91,9
2025-09-19T16:21:43Z,48.767960,2.054083,162.7,51.15,13.3,0.91,9
2025-09-19T16:21:44Z,48.768087,2.054127,162.8,52.00,13.1,0.91,9
2025-09-19T16:21:45Z,48.768219,2.054171,162.6,55.15,12.7,0.91,9
2025-09-19T16:21:46Z,48.768359,2.054221,162.0,57.93,13.6,0.91,9
2025-09-19T16:21:47Z,48.768502,2.054280,161.5,59.82,15.0,0.91,9
2025-09-19T16:21:48Z,48.768649,2.054347,161.1,62.21,17.5,0.91,9
2025-09-19T16:21:49Z,48.768798,2.054432,160.5,63.75,21.5,0.91,9
2025-09-19T16:21:50Z,48.768944,2.054533,159.7,64.01,25.6,0.91,9
2025-09-19T16:21:51Z,48.769087,2.054646,159.0,64.43,28.4,0.91,9
2025-09-19T16:21:52Z,48.769226,2.054773,158.3,65.32,31.7,0.91,9
2025-09-19T16:21:53Z,48.769362,2.054914,157.6,65.62,35.1,0.91,9
2025-09-19T16:21:54Z,48.769492,2.055057,156.9,63.78,36.4,0.91,9
2025-09-19T16:21:55Z,48.769615,2.055196,156.6,60.02,36.5,0.91,9
2025-09-19T16:21:56Z,48.769730,2.055326,156.6,56.17,36.1,0.91,9
2025-09-19T16:21:57Z,48.769839,2.055446,157.0,53.76,35.4,0.91,9
2025-09-19T16:21:58Z,48.769945,2.055556,157.0,50.41,34.0,0.91,9
2025-09-19T16:21:59Z,48.770046,2.055653,157.0,46.61,32.1,0.97,8
2025-09-19T16:22:00Z,48.770140,2.055727,157.2,41.10,24.8,0.97,8
2025-09-19T16:22:01Z,48.770229,2.055772,157.8,36.47,15.1,0.97,8
2025-09-19T16:22:02Z,48.770312,2.055799,157.9,32.69,10.1,0.97,8
2025-09-19T16:22:03Z,48.770380,2.055814,158.1,25.71,7.3,0.91,9
2025-09-19T16:22:04Z,48.770431,2.055826,158.3,18.35,10.1,0.91,9
2025-09-19T16:22:05Z,48.770464,2.055842,158.5,12.17,16.6,0.91,9
2025-09-19T16:22:06Z,48.770485,2.055855,158.4,7.82,19.1,0.91,9
2025-09-19T16:22:07Z,48.770503,2.055867,158.3,7.17,22.8,0.91,9
2025-09-19T16:22:08Z,48.770522,2.055886,158.2,9.96,30.4,0.91,9
2025-09-19T16:22:09Z,48.770552,2.055928,158.1,18.89,42.7,0.91,9
2025-09-19T16:22:10Z,48.770589,2.056003,158.1,27.35,55.7,0.91,9
2025-09-19T16:22:11Z,48.770628,2.056103,158.0,32.00,60.8,0.95,8
2025-09-19T16:22:12Z,48.770675,2.056208,157.8,33.82,53.9,0.91,9
2025-09-19T16:22:13Z,48.770736,2.056302,157.6,35.41,41.9,0.91,9
2025-09-19T16:22:14Z,48.770808,2.056374,157.4,33.95,30.7,0.97,8
2025-09-19T16:22:15Z,48.770886,2.056420,157.3,33.60,17.1,0.97,8
2025-09-19T16:22:16Z,48.770966,2.056443,157.3,32.43,7.9,0.91,9
2025-09-19T16:22:17Z,48.771043,2.056417,157.7,31.74,344.7,0.91,9
2025-09-19T16:22:18Z,48.771112,2.056359,157.8,32.98,329.5,0.91,9
2025-09-19T16:22:19Z,48.771186,2.056278,158.0,36.91,319.1,0.91,9
2025-09-19T16:22:20Z,48.771244,2.056170,158.2,36.67,305.9,0.91,9
2025-09-19T16:22:21Z,48.771285,2.056050,158.3,36.00,293.4,0.91,9
2025-09-19T16:22:22Z,48.771309,2.055919,158.1,36.37,278.9,1.09,8
2025-09-19T16:22:23Z,48.771313,2.055784,157.9,37.65,266.2,1.09,8
2025-09-19T16:22:24Z,48.771300,2.055644,157.5,39.74,256.7,1.09,8
2025-09-19T16:22:25Z,48.771277,2.055485,157.2,46.71,254.4,1.09,8
2025-09-19T16:22:26Z,48.771265,2.055317,156.7,45.39,265.3,1.09,8
2025-09-19T16:22:27Z,48.771281,2.055143,156.5,47.86,281.7,1.09,8
2025-09-19T16:22:28Z,48.771326,2.054956,156.4,54.87,292.2,1.09,8
2025-09-19T16:22:29Z,48.771380,2.054764,156.2,55.49,293.6,1.09,8
2025-09-19T16:22:30Z,48.771436,2.054564,156.0,58.02,292.9,1.09,8
2025-09-19T16:22:31Z,48.771494,2.054353,155.2,61.41,292.5,1.09,8
2025-09-19T16:22:32Z,48.771553,2.054132,155.2,63.89,291.8,1.09,8
2025-09-19T16:22:33Z,48.771617,2.053909,155.4,64.82,293.7,1.36,8
2025-09-19T16:22:34Z,48.771680,2.053688,155.5,63.41,292.9,1.36,7
2025-09-19T16:22:35Z,48.771739,2.053469,155.2,62.75,291.9,1.36,7
2025-09-19T16:22:36Z,48.771808,2.053260,156.4,61.78,295.6,0.97,8
2025-09-19T16:22:37Z,48.771875,2.053047,156.0,62.47,292.8,0.97,8
2025-09-19T16:22:38Z,48.771938,2.052822,155.9,65.65,293.1,0.91,9
2025-09-19T16:22:39Z,48.771999,2.052592,155.6,65.17,291.6,1.09,8
2025-09-19T16:22:40Z,48.772059,2.052371,156.0,62.65,291.6,1.56,8
2025-09-19T16:22:41Z,48.772122,2.052163,158.1,61.25,293.9,1.09,8
2025-09-19T16:22:42Z,48.772182,2.051953,158.9,60.67,293.7,1.36,7
2025-09-19T16:22:43Z,48.772245,2.051752,161.4,59.38,294.5,1.36,8
2025-09-19T16:22:44Z,48.772297,2.051540,161.7,59.67,290.3,2.25,7
2025-09-19T16:22:45Z,48.772344,2.051325,161.4,59.15,289.3,2.25,7
2025-09-19T16:22:46Z,48.772399,2.051114,161.7,59.67,291.8,2.25,7
2025-09-19T16:22:47Z,48.772478,2.050918,163.6,61.52,299.1,1.36,8
2025-09-19T16:22:48Z,48.772548,2.050678,165.4,73.12,292.4,1.36,7
2025-09-19T16:22:49Z,48.772618,2.050390,167.0,85.28,289.8,1.36,7
2025-09-19T16:22:50Z,48.772689,2.050085,166.8,85.32,289.8,1.36,7
2025-09-19T16:22:51Z,48.772757,2.049787,167.2,82.65,289.9,0.97,8
2025-09-19T16:22:52Z,48.772839,2.049513,169.0,78.86,294.6,0.91,9
2025-09-19T16:22:53Z,48.772920,2.049254,172.8,76.21,294.2,0.91,9
2025-09-19T16:22:54Z,48.772995,2.048995,173.4,73.97,294.2,0.91,9
2025-09-19T16:22:55Z,48.773064,2.048738,173.6,72.78,292.1,0.97,9
2025-09-19T16:22:56Z,48.773132,2.048480,174.3,72.78,291.2,0.97,8
2025-09-19T16:22:57Z,48.773190,2.048214,174.8,74.65,289.0,0.97,8
2025-09-19T16:22:58Z,48.773251,2.047967,176.5,69.12,290.9,1.36,7
2025-09-19T16:22:59Z,48.773324,2.047740,177.9,64.36,295.1,1.09,8
2025-09-19T16:23:00Z,48.773390,2.047521,178.1,61.25,292.8,1.36,7
2025-09-19T16:23:01Z,48.773452,2.047308,174.4,57.52,294.5,1.25,8
2025-09-19T16:23:02Z,48.773508,2.047114,173.0,53.26,294.0,1.25,8
2025-09-19T16:23:03Z,48.773557,2.046933,171.5,49.39,292.9,1.25,8
2025-09-19T16:23:04Z,48.773606,2.046779,172.0,43.93,295.0,1.25,8
2025-09-19T16:23:05Z,48.773642,2.046630,170.6,39.69,291.4,1.25,9
2025-09-19T16:23:06Z,48.773674,2.046494,168.9,35.95,292.3,1.25,8
2025-09-19T16:23:07Z,48.773704,2.046380,168.3,30.09,292.5,1.25,8
2025-09-19T16:23:08Z,48.773728,2.046282,167.7,25.65,291.6,1.25,8
2025-09-19T16:23:09Z,48.773741,2.046205,166.6,17.89,288.9,1.25,9
2025-09-19T16:23:10Z,48.773752,2.046160,166.3,10.15,289.3,1.25,8
2025-09-19T16:23:11Z,48.773762,2.046138,165.7,5.00,295.6,0.85,10
2025-09-19T16:24:15Z,48.773761,2.046115,160.9,8.65,291.7,0.85,10
2025-09-19T16:24:16Z,48.773781,2.046064,160.8,18.78,299.5,0.85,10
2025-09-19T16:24:17Z,48.773818,2.046003,162.3,24.48,310.6,0.85,10
2025-09-19T16:24:18Z,48.773881,2.045949,162.6,29.76,335.9,0.85,10
2025-09-19T16:24:19Z,48.773957,2.045930,163.6,30.37,356.3,0.85,10
2025-09-19T16:24:20Z,48.774043,2.045943,165.3,35.93,9.8,0.85,10
2025-09-19T16:24:21Z,48.774135,2.045978,166.4,38.54,17.5,0.85,10
2025-09-19T16:24:22Z,48.774232,2.046035,166.5,41.60,23.3,0.85,10
2025-09-19T16:24:23Z,48.774334,2.046092,166.4,42.34,21.5,0.88,10
2025-09-19T16:24:24Z,48.774439,2.046133,166.5,43.54,14.2,0.88,10
2025-09-19T16:24:25Z,48.774546,2.046146,167.7,43.97,3.4,0.92,10
2025-09-19T16:24:26Z,48.774651,2.046126,169.8,43.67,354.1,0.92,9
2025-09-19T16:24:27Z,48.774760,2.046091,171.1,44.60,346.7,1.16,9
2025-09-19T16:24:28Z,48.774877,2.046057,171.6,46.28,346.8,1.16,9
2025-09-19T16:24:29Z,48.774988,2.046013,172.6,46.36,345.5,0.92,9
2025-09-19T16:24:30Z,48.775106,2.045964,173.7,48.43,343.1,0.92,10
2025-09-19T16:24:31Z,48.775238,2.045935,172.4,48.26,345.7,0.98,8
2025-09-19T16:24:32Z,48.775349,2.045895,172.7,42.24,346.4,0.98,8
2025-09-19T16:24:33Z,48.775452,2.045874,172.1,38.84,353.0,0.98,8
2025-09-19T16:24:34Z,48.775546,2.045870,172.2,34.87,0.5,0.98,8
2025-09-19T16:24:35Z,48.775634,2.045883,173.2,34.91,8.8,0.98,9
2025-09-19T16:24:36Z,48.775723,2.045927,173.8,36.06,20.3,0.98,9
2025-09-19T16:24:37Z,48.775813,2.045978,173.1,35.37,23.9,0.98,8
2025-09-19T16:24:38Z,48.775893,2.046080,171.6,36.00,44.3,0.97,9
2025-09-19T16:24:39Z,48.775955,2.046190,168.8,32.30,57.0,0.91,9
2025-09-19T16:24:40Z,48.776000,2.046288,168.3,27.74,56.4,0.91,9
2025-09-19T16:24:41Z,48.776051,2.046364,167.5,25.56,42.2,0.97,8
2025-09-19T16:24:42Z,48.776108,2.046412,166.9,23.46,26.4,0.97,8
2025-09-19T16:24:43Z,48.776156,2.046435,166.1,17.87,13.3,0.97,8
2025-09-19T16:24:44Z,48.776195,2.046436,165.8,14.48,3.7,0.88,9
2025-09-19T16:24:45Z,48.776229,2.046426,165.8,14.33,347.9,0.85,10
2025-09-19T16:24:46Z,48.776260,2.046409,165.8,12.91,338.1,0.85,10
2025-09-19T16:24:47Z,48.776288,2.046391,165.6,12.46,333.6,0.85,10
2025-09-19T16:24:48Z,48.776321,2.046372,165.7,13.39,333.6,0.85,10
2025-09-19T16:24:49Z,48.776361,2.046363,165.5,15.37,346.0,0.85,10
2025-09-19T16:24:50Z,48.776410,2.046368,165.2,17.78,0.9,0.85,10
2025-09-19T16:24:51Z,48.776466,2.046390,164.9,20.84,14.6,0.85,10
2025-09-19T16:24:52Z,48.776521,2.046418,164.3,22.06,19.8,0.85,10
2025-09-19T16:24:53Z,48.776570,2.046451,164.3,20.22,24.1,0.85,10
2025-09-19T16:24:54Z,48.776614,2.046486,164.8,18.41,27.8,0.85,10
2025-09-19T16:24:55Z,48.776655,2.046515,164.8,16.65,24.5,0.91,10
2025-09-19T16:24:56Z,48.776691,2.046534,165.1,14.11,20.8,0.85,10
2025-09-19T16:24:57Z,48.776725,2.046550,165.4,13.22,19.3,0.85,10
2025-09-19T16:24:58Z,48.776759,2.046566,165.0,13.13,22.2,0.92,10
2025-09-19T16:24:59Z,48.776794,2.046586,165.2,14.87,22.1,0.98,10
2025-09-19T16:25:00Z,48.776832,2.046607,165.1,15.74,20.1,0.97,10
2025-09-19T16:25:01Z,48.776868,2.046628,165.3,14.89,18.6,0.97,9
2025-09-19T16:25:02Z,48.776904,2.046646,165.0,13.96,18.8,0.97,9
2025-09-19T16:25:03Z,48.776943,2.046672,165.0,17.80,21.6,0.97,9
2025-09-19T16:25:04Z,48.776986,2.046703,164.6,18.46,23.8,0.97,8
2025-09-19T16:25:05Z,48.777027,2.046718,165.0,16.82,12.4,0.97,8
2025-09-19T16:25:06Z,48.777062,2.046704,166.5,16.04,344.8,0.97,8
2025-09-19T16:25:07Z,48.777101,2.046661,167.0,21.56,331.2,1.13,8
2025-09-19T16:25:08Z,48.777139,2.046599,167.3,23.56,313.7,1.02,10
2025-09-19T16:25:09Z,48.777190,2.046536,166.9,26.32,317.8,0.85,10
2025-09-19T16:25:10Z,48.777238,2.046483,167.4,23.56,322.2,0.85,10
2025-09-19T16:25:11Z,48.777280,2.046432,167.4,22.00,321.7,0.85,10
2025-09-19T16:25:12Z,48.777316,2.046384,167.3,18.87,320.2,0.85,10
2025-09-19T16:25:13Z,48.777348,2.046341,166.9,16.59,320.3,0.85,10
2025-09-19T16:25:14Z,48.777380,2.046303,166.9,15.74,321.1,0.85,10
2025-09-19T16:25:15Z,48.777408,2.046266,166.4,14.95,319.0,0.85,10
2025-09-19T16:25:16Z,48.777438,2.046228,166.1,16.09,317.9,0.85,10
2025-09-19T16:25:17Z,48.777473,2.046186,166.2,17.98,319.2,0.85,10
2025-09-19T16:25:18Z,48.777514,2.046145,166.6,19.83,322.8,0.85,10
2025-09-19T16:25:19Z,48.777558,2.046099,166.3,21.00,323.0,0.85,10
2025-09-19T16:25:20Z,48.777601,2.046055,166.5,21.32,323.8,1.02,9
2025-09-19T16:25:21Z,48.777644,2.046006,166.5,22.52,321.2,1.02,9
2025-09-19T16:25:22Z,48.777704,2.045951,166.7,27.19,323.0,1.02,9
2025-09-19T16:25:23Z,48.777760,2.045884,166.2,28.76,321.7,1.02,10
2025-09-19T16:25:24Z,48.777825,2.045818,166.5,31.35,324.9,0.85,10
2025-09-19T16:25:25Z,48.777889,2.045743,166.2,31.60,322.2,0.85,10
2025-09-19T16:25:26Z,48.777953,2.045665,165.6,32.43,321.8,1.02,9
2025-09-19T16:25:27Z,48.778024,2.045593,165.7,32.74,324.1,1.02,9
2025-09-19T16:25:28Z,48.778091,2.045519,165.8,32.45,323.1,1.02,9
2025-09-19T16:25:29Z,48.778154,2.045443,165.5,31.78,320.6,0.85,10
2025-09-19T16:25:30Z,48.778213,2.045372,165.2,28.72,321.0,0.85,10
2025-09-19T16:25:31Z,48.778266,2.045306,164.4,25.02,321.7,1.02,9
2025-09-19T16:25:32Z,48.778314,2.045252,164.6,22.43,321.2,1.02,9
2025-09-19T16:25:33Z,48.778362,2.045200,164.5,20.89,321.8,0.85,10
2025-09-19T16:25:34Z,48.778406,2.045156,164.3,19.11,323.6,0.85,10
2025-09-19T16:25:35Z,48.778448,2.045110,164.3,21.02,323.2,0.85,10
2025-09-19T16:25:36Z,48.778497,2.045049,163.9,26.13,322.3,0.85,10
2025-09-19T16:25:37Z,48.778545,2.044992,163.4,22.85,323.0,1.30,9
2025-09-19T16:25:38Z,48.778586,2.044937,162.6,20.95,321.3,1.16,9
2025-09-19T16:25:39Z,48.778621,2.044890,162.4,17.26,319.4,1.02,9
2025-09-19T16:25:40Z,48.778647,2.044849,162.2,14.28,318.2,1.02,9
2025-09-19T16:25:41Z,48.778678,2.044818,162.0,13.61,326.8,0.85,10
2025-09-19T16:25:42Z,48.778707,2.044791,162.7,12.96,324.4,0.85,10
2025-09-19T16:25:43Z,48.778733,2.044762,163.5,12.74,320.4,1.20,10
2025-09-19T16:25:44Z,48.778760,2.044730,164.2,13.80,319.6,0.85,10
2025-09-19T16:25:45Z,48.778797,2.044696,165.3,17.45,324.4,1.02,9
2025-09-19T16:25:46Z,48.778840,2.044652,166.0,21.37,324.3,1.02,10
2025-09-19T16:25:47Z,48.778882,2.044588,165.2,25.61,321.2,1.30,10
2025-09-19T16:25:48Z,48.778944,2.044504,163.3,33.65,318.1,1.02,10
2025-09-19T16:25:49Z,48.779011,2.044417,163.6,35.17,316.5,0.85,10
2025-09-19T16:25:50Z,48.779091,2.044327,165.0,39.69,319.0,1.02,9
2025-09-19T16:25:51Z,48.779176,2.044224,165.0,44.24,321.0,1.02,9
2025-09-19T16:25:52Z,48.779263,2.044112,164.8,45.24,319.2,1.02,9
2025-09-19T16:25:53Z,48.779354,2.043999,164.1,46.49,321.2,1.02,9
2025-09-19T16:25:54Z,48.779442,2.043886,163.5,45.60,319.5,1.02,9
2025-09-19T16:25:55Z,48.779531,2.043781,163.3,44.50,320.5,1.02,9
2025-09-19T16:25:56Z,48.779606,2.043678,163.3,38.98,315.4,1.02,9
2025-09-19T16:25:57Z,48.779692,2.043598,164.7,36.76,323.7,1.02,9
2025-09-19T16:25:58Z,48.779770,2.043534,166.6,32.02,325.3,1.02,9
2025-09-19T16:25:59Z,48.779832,2.043482,167.9,26.04,328.0,1.02,9
2025-09-19T16:26:00Z,48.779893,2.043452,169.0,19.17,330.9,0.85,10
2025-09-19T16:26:01Z,48.779951,2.043434,170.1,21.13,345.9,1.04,9
2025-09-19T16:26:02Z,48.780031,2.043424,169.4,26.91,359.0,0.85,10
2025-09-19T16:26:03Z,48.780108,2.043438,169.3,27.13,10.1,0.88,9
2025-09-19T16:26:04Z,48.780175,2.043475,169.3,25.67,26.3,0.88,9
2025-09-19T16:26:05Z,48.780227,2.043536,168.9,25.76,43.1,1.04,9
2025-09-19T16:26:06Z,48.780255,2.043611,169.1,22.54,64.6,0.88,9
2025-09-19T16:26:07Z,48.780274,2.043700,168.7,26.52,74.2,1.12,8
2025-09-19T16:26:08Z,48.780311,2.043804,168.3,32.00,60.7,1.10,8
2025-09-19T16:26:09Z,48.780367,2.043911,167.5,35.54,52.8,1.10,7
2025-09-19T16:26:10Z,48.780425,2.044020,167.3,36.35,52.0,1.09,8
2025-09-19T16:26:11Z,48.780486,2.044129,167.2,37.30,52.2,1.09,7
2025-09-19T16:26:12Z,48.780542,2.044234,167.6,33.87,53.8,0.91,9
2025-09-19T16:26:13Z,48.780589,2.044327,167.5,28.67,53.7,0.91,9
2025-09-19T16:26:14Z,48.780631,2.044401,168.1,23.56,52.8,0.91,9
2025-09-19T16:26:15Z,48.780655,2.044465,167.6,18.37,59.8,0.97,8
2025-09-19T16:26:16Z,48.780657,2.044520,167.6,15.04,76.2,0.97,8
2025-09-19T16:26:17Z,48.780655,2.044572,166.9,12.00,110.6,0.91,9
2025-09-19T16:26:18Z,48.780643,2.044605,166.5,10.70,125.4,0.85,10
2025-09-19T16:26:19Z,48.780631,2.044622,166.6,6.85,128.4,0.85,10
2025-09-19T16:26:20Z,48.780628,2.044630,166.7,2.41,128.4,0.96,8
2025-09-19T16:26:53Z,48.780656,2.044563,172.8,8.80,144.0,1.02,8
2025-09-19T16:26:54Z,48.780635,2.044595,174.3,17.41,143.7,1.02,8
2025-09-19T16:26:55Z,48.780599,2.044645,175.4,23.00,142.2,1.05,8
2025-09-19T16:26:56Z,48.780569,2.044703,176.4,21.32,139.8,1.24,5
2025-09-19T16:26:57Z,48.780545,2.044740,177.1,16.48,138.4,1.38,5
2025-09-19T16:26:58Z,48.780545,2.044740,177.1,16.48,138.4,99.99,0
2025-09-19T16:29:09Z,48.779699,2.044193,169.5,2.35,140.8,1.18,7
2025-09-19T16:29:19Z,48.779657,2.044250,180.3,2.02,63.0,1.19,10
2025-09-19T16:29:33Z,48.779562,2.044220,191.5,2.07,170.3,0.92,10
2025-09-19T16:29:37Z,48.779534,2.044218,194.6,2.22,170.3,1.07,8
2025-09-19T16:29:44Z,48.779485,2.044210,197.1,2.15,170.3,0.97,9
2025-09-19T16:29:48Z,48.779448,2.044215,198.4,2.35,170.3,0.97,8
2025-09-19T16:29:49Z,48.779435,2.044217,198.0,2.31,166.9,1.09,9
2025-09-19T16:29:50Z,48.779420,2.044218,198.0,3.28,174.2,1.09,8
2025-09-19T16:29:51Z,48.779400,2.044222,197.1,4.13,174.6,1.49,6
2025-09-19T16:29:52Z,48.779388,2.044220,197.2,2.37,184.5,1.49,6
2025-09-19T16:29:53Z,48.779364,2.044217,196.8,5.07,187.7,1.49,6
2025-09-19T16:29:54Z,48.779355,2.044227,195.9,3.02,181.9,1.17,9
2025-09-19T16:29:55Z,48.779346,2.044232,196.0,2.26,181.9,1.17,8
2025-09-19T16:29:57Z,48.779337,2.044242,196.9,2.30,181.9,1.17,8
2025-09-19T16:29:58Z,48.779322,2.044248,197.0,3.65,170.3,1.17,8
2025-09-19T16:29:59Z,48.779308,2.044246,196.9,3.57,175.3,1.07,8
2025-09-19T16:30:00Z,48.779294,2.044245,197.6,3.57,173.8,0.97,8
2025-09-19T16:30:01Z,48.779288,2.044259,198.4,2.96,164.1,1.04,7
2025-09-19T16:30:02Z,48.779280,2.044270,198.5,3.00,151.2,1.04,8
2025-09-19T16:30:03Z,48.779271,2.044275,198.7,2.54,151.5,1.04,8
2025-09-19T16:30:04Z,48.779264,2.044281,199.5,2.69,144.2,0.91,9
2025-09-19T16:30:05Z,48.779257,2.044285,200.5,2.83,140.9,0.91,9
2025-09-19T16:30:06Z,48.779246,2.044286,200.8,2.43,140.9,0.91,9
2025-09-19T16:30:08Z,48.779224,2.044289,201.9,4.33,151.5,0.96,9
2025-09-19T16:30:09Z,48.779214,2.044305,201.9,3.50,146.6,1.04,8
2025-09-19T16:30:10Z,48.779204,2.044311,201.7,2.80,147.8,1.09,7
2025-09-19T16:30:11Z,48.779193,2.044316,201.5,2.39,158.0,1.09,7
2025-09-19T16:30:12Z,48.779181,2.044318,201.2,2.31,158.0,1.04,8
2025-09-19T16:30:13Z,48.779165,2.044329,201.4,4.07,157.1,1.04,8
2025-09-19T16:30:14Z,48.779149,2.044333,201.5,4.43,156.3,0.96,8
2025-09-19T16:30:15Z,48.779136,2.044340,201.7,3.91,156.4,1.04,8
2025-09-19T16:30:16Z,48.779127,2.044348,201.6,3.06,156.3,0.97,9
2025-09-19T16:30:17Z,48.779121,2.044361,201.5,2.87,147.6,0.97,8
2025-09-19T16:30:18Z,48.779109,2.044359,201.0,2.41,153.5,0.97,8
2025-09-19T16:30:19Z,48.779098,2.044367,201.0,3.06,159.9,0.97,8
2025-09-19T16:30:20Z,48.779087,2.044381,200.7,3.22,154.4,1.07,7
2025-09-19T16:30:21Z,48.779076,2.044397,200.7,3.72,149.4,1.07,7
2025-09-19T16:30:22Z,48.779063,2.044411,200.0,3.82,147.2,1.07,7
2025-09-19T16:30:23Z,48.779051,2.044424,199.9,3.91,150.0,1.07,7
2025-09-19T16:30:24Z,48.779036,2.044434,199.3,4.07,148.8,0.96,9
2025-09-19T16:30:25Z,48.779028,2.044447,199.6,3.41,144.3,0.97,8
2025-09-19T16:30:26Z,48.779035,2.044525,198.4,3.61,134.4,0.86,10
2025-09-19T16:30:27Z,48.779046,2.044614,196.8,3.04,133.6,0.91,10
2025-09-19T16:30:28Z,48.779055,2.044683,195.3,3.26,126.4,1.88,10
2025-09-19T16:30:29Z,48.779049,2.044710,194.8,3.96,125.9,0.88,10
2025-09-19T16:30:30Z,48.779049,2.044727,195.4,2.74,124.3,1.36,10
2025-09-19T16:30:31Z,48.779039,2.044744,194.5,2.85,134.2,0.86,10
2025-09-19T16:30:33Z,48.779010,2.044775,192.3,3.78,185.6,0.86,10
2025-09-19T16:30:34Z,48.779007,2.044784,193.5,2.07,179.8,0.86,10
2025-09-19T16:30:35Z,48.779004,2.044797,194.8,2.26,152.5,0.92,9
2025-09-19T16:30:36Z,48.778991,2.044810,194.4,3.94,153.9,0.92,9
2025-09-19T16:30:37Z,48.778983,2.044821,195.3,3.15,163.5,0.86,10
2025-09-19T16:30:38Z,48.778965,2.044818,194.5,4.56,190.8,1.02,10
2025-09-19T16:30:39Z,48.778959,2.044821,195.1,2.52,194.4,0.86,10
2025-09-19T16:30:40Z,48.778949,2.044814,195.3,3.82,208.7,0.86,10
2025-09-19T16:30:41Z,48.778937,2.044809,196.1,4.50,203.4,0.86,10
2025-09-19T16:30:42Z,48.778925,2.044809,196.3,3.72,199.0,0.86,10
2025-09-19T16:30:43Z,48.778906,2.044808,196.4,5.54,191.5,0.91,9
2025-09-19T16:30:44Z,48.778896,2.044805,196.5,4.06,191.9,0.91,9
2025-09-19T16:30:45Z,48.778886,2.044811,197.0,3.26,184.3,1.02,8
2025-09-19T16:30:46Z,48.778872,2.044808,196.9,3.80,185.8,1.02,8
2025-09-19T16:30:47Z,48.778861,2.044809,197.2,3.69,183.3,1.02,9
2025-09-19T16:30:48Z,48.778846,2.044807,196.7,3.22,180.6,0.92,9
2025-09-19T16:30:49Z,48.778826,2.044808,194.9,4.07,176.6,0.92,9
2025-09-19T16:30:50Z,48.778813,2.044802,195.2,3.59,179.7,0.92,9
2025-09-19T16:30:51Z,48.778798,2.044800,194.9,3.44,182.8,1.02,9
2025-09-19T16:30:52Z,48.778781,2.044801,194.7,4.43,179.4,0.96,9
2025-09-19T16:30:53Z,48.778766,2.044805,195.0,5.17,175.8,0.96,9
2025-09-19T16:30:54Z,48.778756,2.044813,194.8,3.57,169.1,0.92,9
2025-09-19T16:30:55Z,48.778747,2.044817,194.9,2.56,169.1,0.92,9
2025-09-19T16:30:56Z,48.778737,2.044818,194.8,2.70,172.8,0.92,9
2025-09-19T16:30:57Z,48.778731,2.044833,194.9,2.20,151.8,1.02,9
2025-09-19T16:30:58Z,48.778733,2.044849,195.1,2.83,70.8,0.96,9
2025-09-19T16:30:59Z,48.778731,2.044862,195.2,2.67,67.4,0.92,9
2025-09-19T16:31:00Z,48.778729,2.044884,194.3,2.76,67.4,0.92,9
2025-09-19T16:31:01Z,48.778721,2.044896,193.6,2.35,67.4,0.86,10
2025-09-19T16:31:02Z,48.778713,2.044907,192.7,2.09,67.4,0.86,10
2025-09-19T16:31:10Z,48.778659,2.044952,191.2,2.43,67.4,0.91,10
2025-09-19T16:31:12Z,48.778637,2.044955,191.4,2.85,67.4,0.86,10
2025-09-19T16:31:13Z,48.778627,2.044960,191.5,2.67,67.4,0.91,9
2025-09-19T16:31:14Z,48.778616,2.044973,191.7,3.02,67.4,0.91,9
2025-09-19T16:31:15Z,48.778604,2.044990,191.7,3.78,67.4,1.03,7
2025-09-19T16:31:16Z,48.778594,2.045013,191.9,4.48,67.4,1.92,5
2025-09-19T16:31:17Z,48.778591,2.045037,192.1,4.52,67.4,1.92,5
2025-09-19T16:31:18Z,48.778585,2.045036,192.2,3.19,67.4,1.92,5
2025-09-19T16:31:19Z,48.778574,2.045050,192.4,3.61,67.4,1.92,5
2025-09-19T16:31:20Z,48.778543,2.045053,192.8,4.96,67.4,1.61,6
2025-09-19T16:31:21Z,48.778510,2.045038,193.1,6.06,67.4,1.77,5
2025-09-19T16:31:22Z,48.778478,2.045035,193.3,6.93,108.5,1.74,6
2025-09-19T16:31:23Z,48.778463,2.045034,193.6,6.15,108.5,4.03,6
2025-09-19T16:31:24Z,48.778456,2.045038,194.1,4.94,108.5,4.03,6
2025-09-19T16:31:25Z,48.778444,2.045055,194.5,4.26,108.5,4.03,6
2025-09-19T16:31:26Z,48.778439,2.045078,195.0,3.87,108.5,4.24,5
2025-09-19T16:31:27Z,48.778435,2.045097,195.5,3.72,108.5,4.26,5
2025-09-19T16:31:28Z,48.778454,2.045129,188.3,3.30,108.5,8.76,3
2025-09-19T16:31:29Z,48.778460,2.045143,187.4,2.33,108.5,8.77,3
2025-09-19T16:31:30Z,48.778498,2.045262,187.5,7.20,108.5,4.32,4
2025-09-19T16:31:31Z,48.778498,2.045262,187.5,7.20,108.5,99.99,0
2025-09-19T16:32:56Z,48.778718,2.045459,182.2,2.61,108.5,1.58,7
2025-09-19T16:32:57Z,48.778737,2.045424,181.4,4.24,327.1,1.58,7
2025-09-19T16:32:58Z,48.778744,2.045398,180.9,4.35,316.9,1.58,7
2025-09-19T16:32:59Z,48.778747,2.045393,180.1,3.93,316.9,1.58,7
2025-09-19T16:33:00Z,48.778747,2.045381,179.0,3.39,316.9,1.58,7
2025-09-19T16:33:01Z,48.778747,2.045368,178.4,2.70,316.9,1.58,7
2025-09-19T16:33:02Z,48.778749,2.045358,178.0,2.54,316.9,1.58,7
2025-09-19T16:33:03Z,48.778753,2.045329,177.1,3.20,316.9,1.58,7
2025-09-19T16:33:04Z,48.778756,2.045321,176.2,3.09,316.9,1.58,7
2025-09-19T16:33:05Z,48.778768,2.045295,175.5,4.24,309.6,1.58,7
2025-09-19T16:33:06Z,48.778773,2.045285,174.7,4.00,309.6,1.61,6
2025-09-19T16:33:07Z,48.778773,2.045288,173.6,3.20,309.6,1.61,6
2025-09-19T16:33:08Z,48.778775,2.045279,172.7,2.69,309.6,1.61,6
2025-09-19T16:33:20Z,48.778716,2.045398,162.7,2.76,309.6,1.04,9
2025-09-19T16:33:21Z,48.778697,2.045422,162.8,3.76,309.6,1.04,9
2025-09-19T16:33:22Z,48.778688,2.045448,163.7,3.20,309.6,1.04,8
2025-09-19T16:33:23Z,48.778683,2.045464,164.0,2.50,309.6,1.04,8
2025-09-19T16:33:24Z,48.778673,2.045460,164.2,3.24,309.6,1.27,7
2025-09-19T16:33:25Z,48.778667,2.045458,164.4,3.37,309.6,1.27,7
2025-09-19T16:33:26Z,48.778667,2.045448,163.7,2.39,309.6,1.27,7
2025-09-19T16:33:30Z,48.778672,2.045455,163.2,2.04,309.6,1.41,7
2025-09-19T16:33:53Z,48.778672,2.045519,148.8,2.43,309.6,1.58,7
2025-09-19T16:33:56Z,48.778668,2.045481,147.5,2.17,309.6,1.58,7
2025-09-19T16:34:11Z,48.778658,2.045502,143.8,2.15,309.6,1.58,7
2025-09-19T16:34:12Z,48.778644,2.045538,142.2,2.04,309.6,1.36,7
2025-09-19T16:34:15Z,48.778613,2.045614,137.4,2.20,309.6,1.36,7
2025-09-19T16:34:36Z,48.778562,2.045693,133.9,3.72,309.6,1.26,8
2025-09-19T16:34:37Z,48.778561,2.045687,134.5,2.78,309.6,1.58,7
2025-09-19T16:34:38Z,48.778566,2.045682,135.8,2.67,309.6,1.58,7
2025-09-19T16:34:39Z,48.778562,2.045675,137.1,2.63,309.6,1.58,7
2025-09-19T16:34:40Z,48.778561,2.045676,137.7,2.31,309.6,1.58,7
2025-09-19T16:34:41Z,48.778559,2.045686,137.9,3.19,309.6,1.58,7
2025-09-19T16:34:44Z,48.778532,2.045727,136.5,7.00,71.8,1.00,8
2025-09-19T16:34:45Z,48.778513,2.045753,136.3,8.67,106.0,1.00,8
2025-09-19T16:34:46Z,48.778510,2.045751,136.7,7.30,115.8,1.58,7
2025-09-19T16:34:47Z,48.778487,2.045784,136.9,9.15,123.3,1.58,7
2025-09-19T16:34:48Z,48.778472,2.045789,137.2,8.61,129.4,1.98,6
2025-09-19T16:34:49Z,48.778467,2.045787,137.3,7.52,133.7,1.58,7
2025-09-19T16:34:50Z,48.778496,2.045742,137.9,3.02,133.7,1.58,7
2025-09-19T16:34:51Z,48.778501,2.045714,138.5,2.78,133.7,1.58,7
2025-09-19T16:34:52Z,48.778500,2.045702,139.1,3.09,133.7,1.58,7
2025-09-19T16:34:53Z,48.778511,2.045682,139.5,2.31,133.7,1.58,7
2025-09-19T16:34:55Z,48.778514,2.045657,139.9,2.26,133.7,1.58,7
2025-09-19T16:34:56Z,48.778513,2.045665,140.3,2.02,133.7,1.58,7
2025-09-19T16:34:57Z,48.778516,2.045683,140.7,2.63,133.7,1.58,7
2025-09-19T16:34:58Z,48.778523,2.045685,141.1,2.63,133.7,1.58,7
2025-09-19T16:34:59Z,48.778528,2.045670,141.5,2.06,133.7,1.58,7
2025-09-19T16:36:09Z,48.778656,2.045538,146.3,2.09,133.7,1.59,7
2025-09-19T16:36:32Z,48.778583,2.045460,141.2,2.67,133.7,1.26,8
2025-09-19T16:36:39Z,48.778536,2.045568,136.8,2.24,133.7,2.71,7
2025-09-19T16:36:40Z,48.778536,2.045568,136.9,2.26,133.7,3.80,6
2025-09-19T16:36:41Z,48.778540,2.045568,136.8,2.11,133.7,3.80,6
2025-09-19T16:36:59Z,48.778594,2.045455,137.7,2.19,133.7,1.59,7
2025-09-19T16:37:00Z,48.778593,2.045446,138.3,2.37,133.7,1.59,7
2025-09-19T16:37:01Z,48.778591,2.045428,138.3,2.74,133.7,1.59,7
2025-09-19T16:37:33Z,48.778658,2.045406,143.8,3.02,133.7,1.78,6
2025-09-19T16:37:34Z,48.778662,2.045411,144.6,3.98,133.7,1.78,6
2025-09-19T16:37:35Z,48.778658,2.045406,145.0,3.41,133.7,1.78,6
2025-09-19T16:37:36Z,48.778654,2.045404,145.1,2.76,133.7,1.78,6
2025-09-19T16:37:37Z,48.778650,2.045394,145.1,2.69,133.7,1.78,6
2025-09-19T16:37:40Z,48.778666,2.045399,143.7,2.02,133.7,1.81,5
2025-09-19T16:37:43Z,48.778558,2.045412,143.3,6.98,133.7,2.88,4
2025-09-19T16:37:44Z,48.778558,2.045412,143.3,6.98,133.7,99.99,0
2025-09-19T16:39:30Z,48.778669,2.045205,143.2,5.63,133.7,2.90,4
2025-09-19T16:39:31Z,48.778681,2.045238,143.1,4.46,133.7,2.90,4
2025-09-19T16:39:32Z,48.778683,2.045274,143.2,3.67,133.7,2.90,4
