<?xml version="1.0" encoding="UTF-8"?>
<gpx version="1.1" creator="ESP32 GPS Logger" xmlns="http://www.topografix.com/GPX/1/1">
  <metadata>
    <time>1970-01-01T00:00:00Z</time>
  </metadata>
  <trk>
    <name>1970-01-01T00:00:00Z</name>
    <trkseg>
      <trkpt lat="48.779574" lon="2.044209"><ele>163.0</ele><time>2025-09-19T14:24:28Z</time></trkpt>
      <trkpt lat="48.779573" lon="2.044169"><ele>163.3</ele><time>2025-09-19T14:24:29Z</time></trkpt>
      <trkpt lat="48.779584" lon="2.044118"><ele>164.1</ele><time>2025-09-19T14:24:30Z</time></trkpt>
      <trkpt lat="48.779616" lon="2.044059"><ele>164.4</ele><time>2025-09-19T14:24:31Z</time></trkpt>
      <trkpt lat="48.779659" lon="2.043992"><ele>165.1</ele><time>2025-09-19T14:24:32Z</time></trkpt>
      <trkpt lat="48.779712" lon="2.043931"><ele>165.9</ele><time>2025-09-19T14:24:33Z</time></trkpt>
      <trkpt lat="48.779765" lon="2.043873"><ele>166.7</ele><time>2025-09-19T14:24:34Z</time></trkpt>
      <trkpt lat="48.779814" lon="2.043814"><ele>167.2</ele><time>2025-09-19T14:24:35Z</time></trkpt>
      <trkpt lat="48.779856" lon="2.043758"><ele>167.9</ele><time>2025-09-19T14:24:36Z</time></trkpt>
      <trkpt lat="48.779889" lon="2.043702"><ele>169.6</ele><time>2025-09-19T14:24:37Z</time></trkpt>
      <trkpt lat="48.779918" lon="2.043653"><ele>170.0</ele><time>2025-09-19T14:24:38Z</time></trkpt>
      <trkpt lat="48.779941" lon="2.043605"><ele>169.3</ele><time>2025-09-19T14:24:39Z</time></trkpt>
      <trkpt lat="48.779966" lon="2.043553"><ele>168.3</ele><time>2025-09-19T14:24:40Z</time></trkpt>
      <trkpt lat="48.780001" lon="2.043501"><ele>168.8</ele><time>2025-09-19T14:24:41Z</time></trkpt>
      <trkpt lat="48.780050" lon="2.043471"><ele>168.6</ele><time>2025-09-19T14:24:42Z</time></trkpt>
      <trkpt lat="48.780103" lon="2.043460"><ele>168.8</ele><time>2025-09-19T14:24:43Z</time></trkpt>
      <trkpt lat="48.780153" lon="2.043448"><ele>168.7</ele><time>2025-09-19T14:24:44Z</time></trkpt>
      <trkpt lat="48.780190" lon="2.043414"><ele>169.3</ele><time>2025-09-19T14:24:45Z</time></trkpt>
      <trkpt lat="48.780215" lon="2.043366"><ele>168.3</ele><time>2025-09-19T14:24:46Z</time></trkpt>
      <trkpt lat="48.780214" lon="2.043308"><ele>167.2</ele><time>2025-09-19T14:24:47Z</time></trkpt>
      <trkpt lat="48.780191" lon="2.043275"><ele>166.3</ele><time>2025-09-19T14:24:48Z</time></trkpt>
      <trkpt lat="48.780152" lon="2.043275"><ele>165.5</ele><time>2025-09-19T14:24:49Z</time></trkpt>
      <trkpt lat="48.780108" lon="2.043306"><ele>164.0</ele><time>2025-09-19T14:24:50Z</time></trkpt>
      <trkpt lat="48.780060" lon="2.043360"><ele>162.8</ele><time>2025-09-19T14:24:51Z</time></trkpt>
      <trkpt lat="48.780001" lon="2.043423"><ele>162.0</ele><time>2025-09-19T14:24:52Z</time></trkpt>
      <trkpt lat="48.779933" lon="2.043488"><ele>161.5</ele><time>2025-09-19T14:24:53Z</time></trkpt>
      <trkpt lat="48.779864" lon="2.043560"><ele>161.4</ele><time>2025-09-19T14:24:54Z</time></trkpt>
      <trkpt lat="48.779798" lon="2.043637"><ele>161.2</ele><time>2025-09-19T14:24:55Z</time></trkpt>
      <trkpt lat="48.779733" lon="2.043715"><ele>161.2</ele><time>2025-09-19T14:24:56Z</time></trkpt>
      <trkpt lat="48.779666" lon="2.043793"><ele>161.1</ele><time>2025-09-19T14:24:57Z</time></trkpt>
      <trkpt lat="48.779596" lon="2.043872"><ele>161.0</ele><time>2025-09-19T14:24:58Z</time></trkpt>
      <trkpt lat="48.779526" lon="2.043952"><ele>160.6</ele><time>2025-09-19T14:24:59Z</time></trkpt>
      <trkpt lat="48.779454" lon="2.044029"><ele>160.6</ele><time>2025-09-19T14:25:00Z</time></trkpt>
      <trkpt lat="48.779376" lon="2.044101"><ele>161.4</ele><time>2025-09-19T14:25:01Z</time></trkpt>
      <trkpt lat="48.779305" lon="2.044183"><ele>161.7</ele><time>2025-09-19T14:25:02Z</time></trkpt>
      <trkpt lat="48.779233" lon="2.044269"><ele>161.5</ele><time>2025-09-19T14:25:03Z</time></trkpt>
      <trkpt lat="48.779163" lon="2.044351"><ele>160.9</ele><time>2025-09-19T14:25:04Z</time></trkpt>
      <trkpt lat="48.779093" lon="2.044435"><ele>160.7</ele><time>2025-09-19T14:25:05Z</time></trkpt>
      <trkpt lat="48.779022" lon="2.044517"><ele>160.5</ele><time>2025-09-19T14:25:06Z</time></trkpt>
      <trkpt lat="48.778952" lon="2.044598"><ele>160.6</ele><time>2025-09-19T14:25:07Z</time></trkpt>
      <trkpt lat="48.778880" lon="2.044678"><ele>161.2</ele><time>2025-09-19T14:25:08Z</time></trkpt>
      <trkpt lat="48.778808" lon="2.044757"><ele>161.6</ele><time>2025-09-19T14:25:09Z</time></trkpt>
      <trkpt lat="48.778734" lon="2.044840"><ele>161.2</ele><time>2025-09-19T14:25:10Z</time></trkpt>
      <trkpt lat="48.778656" lon="2.044928"><ele>160.8</ele><time>2025-09-19T14:25:11Z</time></trkpt>
      <trkpt lat="48.778576" lon="2.045018"><ele>160.4</ele><time>2025-09-19T14:25:12Z</time></trkpt>
      <trkpt lat="48.778492" lon="2.045111"><ele>160.3</ele><time>2025-09-19T14:25:13Z</time></trkpt>
      <trkpt lat="48.778405" lon="2.045210"><ele>159.9</ele><time>2025-09-19T14:25:14Z</time></trkpt>
      <trkpt lat="48.778319" lon="2.045312"><ele>159.9</ele><time>2025-09-19T14:25:15Z</time></trkpt>
      <trkpt lat="48.778233" lon="2.045409"><ele>159.9</ele><time>2025-09-19T14:25:16Z</time></trkpt>
      <trkpt lat="48.778149" lon="2.045503"><ele>159.8</ele><time>2025-09-19T14:25:17Z</time></trkpt>
      <trkpt lat="48.778066" lon="2.045599"><ele>159.5</ele><time>2025-09-19T14:25:18Z</time></trkpt>
      <trkpt lat="48.777983" lon="2.045696"><ele>159.9</ele><time>2025-09-19T14:25:19Z</time></trkpt>
      <trkpt lat="48.777897" lon="2.045796"><ele>159.8</ele><time>2025-09-19T14:25:20Z</time></trkpt>
      <trkpt lat="48.777809" lon="2.045897"><ele>159.8</ele><time>2025-09-19T14:25:21Z</time></trkpt>
      <trkpt lat="48.777719" lon="2.045996"><ele>160.1</ele><time>2025-09-19T14:25:22Z</time></trkpt>
      <trkpt lat="48.777630" lon="2.046096"><ele>160.3</ele><time>2025-09-19T14:25:23Z</time></trkpt>
      <trkpt lat="48.777541" lon="2.046196"><ele>160.3</ele><time>2025-09-19T14:25:24Z</time></trkpt>
      <trkpt lat="48.777454" lon="2.046299"><ele>160.5</ele><time>2025-09-19T14:25:25Z</time></trkpt>
      <trkpt lat="48.777369" lon="2.046400"><ele>160.2</ele><time>2025-09-19T14:25:26Z</time></trkpt>
      <trkpt lat="48.777287" lon="2.046490"><ele>159.9</ele><time>2025-09-19T14:25:27Z</time></trkpt>
      <trkpt lat="48.777212" lon="2.046564"><ele>159.7</ele><time>2025-09-19T14:25:28Z</time></trkpt>
      <trkpt lat="48.777136" lon="2.046617"><ele>159.5</ele><time>2025-09-19T14:25:29Z</time></trkpt>
      <trkpt lat="48.777055" lon="2.046641"><ele>159.4</ele><time>2025-09-19T14:25:30Z</time></trkpt>
      <trkpt lat="48.776974" lon="2.046638"><ele>159.3</ele><time>2025-09-19T14:25:31Z</time></trkpt>
      <trkpt lat="48.776894" lon="2.046612"><ele>159.3</ele><time>2025-09-19T14:25:32Z</time></trkpt>
      <trkpt lat="48.776815" lon="2.046570"><ele>159.1</ele><time>2025-09-19T14:25:33Z</time></trkpt>
      <trkpt lat="48.776742" lon="2.046522"><ele>160.0</ele><time>2025-09-19T14:25:34Z</time></trkpt>
      <trkpt lat="48.776670" lon="2.046476"><ele>159.6</ele><time>2025-09-19T14:25:35Z</time></trkpt>
      <trkpt lat="48.776600" lon="2.046433"><ele>159.8</ele><time>2025-09-19T14:25:36Z</time></trkpt>
      <trkpt lat="48.776540" lon="2.046371"><ele>157.9</ele><time>2025-09-19T14:25:37Z</time></trkpt>
      <trkpt lat="48.776490" lon="2.046293"><ele>158.0</ele><time>2025-09-19T14:25:38Z</time></trkpt>
      <trkpt lat="48.776450" lon="2.046202"><ele>158.4</ele><time>2025-09-19T14:25:39Z</time></trkpt>
      <trkpt lat="48.776413" lon="2.046111"><ele>158.4</ele><time>2025-09-19T14:25:40Z</time></trkpt>
      <trkpt lat="48.776370" lon="2.046034"><ele>158.6</ele><time>2025-09-19T14:25:41Z</time></trkpt>
      <trkpt lat="48.776316" lon="2.045978"><ele>158.6</ele><time>2025-09-19T14:25:42Z</time></trkpt>
      <trkpt lat="48.776253" lon="2.045954"><ele>159.1</ele><time>2025-09-19T14:25:43Z</time></trkpt>
      <trkpt lat="48.776180" lon="2.045962"><ele>158.3</ele><time>2025-09-19T14:25:44Z</time></trkpt>
      <trkpt lat="48.776099" lon="2.045981"><ele>157.9</ele><time>2025-09-19T14:25:45Z</time></trkpt>
      <trkpt lat="48.776006" lon="2.045983"><ele>158.1</ele><time>2025-09-19T14:25:46Z</time></trkpt>
      <trkpt lat="48.775908" lon="2.045949"><ele>158.3</ele><time>2025-09-19T14:25:47Z</time></trkpt>
      <trkpt lat="48.775805" lon="2.045906"><ele>158.6</ele><time>2025-09-19T14:25:48Z</time></trkpt>
      <trkpt lat="48.775695" lon="2.045885"><ele>159.1</ele><time>2025-09-19T14:25:49Z</time></trkpt>
      <trkpt lat="48.775582" lon="2.045889"><ele>159.8</ele><time>2025-09-19T14:25:50Z</time></trkpt>
      <trkpt lat="48.775476" lon="2.045914"><ele>160.5</ele><time>2025-09-19T14:25:51Z</time></trkpt>
      <trkpt lat="48.775386" lon="2.045942"><ele>161.1</ele><time>2025-09-19T14:25:52Z</time></trkpt>
      <trkpt lat="48.775306" lon="2.045968"><ele>161.0</ele><time>2025-09-19T14:25:53Z</time></trkpt>
      <trkpt lat="48.775224" lon="2.045996"><ele>161.7</ele><time>2025-09-19T14:25:54Z</time></trkpt>
      <trkpt lat="48.775140" lon="2.046023"><ele>161.4</ele><time>2025-09-19T14:25:55Z</time></trkpt>
      <trkpt lat="48.775052" lon="2.046055"><ele>161.9</ele><time>2025-09-19T14:25:56Z</time></trkpt>
      <trkpt lat="48.774964" lon="2.046090"><ele>162.0</ele><time>2025-09-19T14:25:57Z</time></trkpt>
      <trkpt lat="48.774872" lon="2.046115"><ele>161.9</ele><time>2025-09-19T14:25:58Z</time></trkpt>
      <trkpt lat="48.774774" lon="2.046127"><ele>162.4</ele><time>2025-09-19T14:25:59Z</time></trkpt>
      <trkpt lat="48.774675" lon="2.046118"><ele>162.8</ele><time>2025-09-19T14:26:00Z</time></trkpt>
      <trkpt lat="48.774581" lon="2.046087"><ele>162.7</ele><time>2025-09-19T14:26:01Z</time></trkpt>
      <trkpt lat="48.774490" lon="2.046051"><ele>163.3</ele><time>2025-09-19T14:26:02Z</time></trkpt>
      <trkpt lat="48.774408" lon="2.046011"><ele>163.4</ele><time>2025-09-19T14:26:03Z</time></trkpt>
      <trkpt lat="48.774335" lon="2.045968"><ele>163.3</ele><time>2025-09-19T14:26:04Z</time></trkpt>
      <trkpt lat="48.774271" lon="2.045928"><ele>164.0</ele><time>2025-09-19T14:26:05Z</time></trkpt>
      <trkpt lat="48.774218" lon="2.045893"><ele>164.5</ele><time>2025-09-19T14:26:06Z</time></trkpt>
      <trkpt lat="48.774176" lon="2.045866"><ele>164.7</ele><time>2025-09-19T14:26:07Z</time></trkpt>
      <trkpt lat="48.774147" lon="2.045849"><ele>165.8</ele><time>2025-09-19T14:26:08Z</time></trkpt>
      <trkpt lat="48.774134" lon="2.045839"><ele>166.1</ele><time>2025-09-19T14:26:09Z</time></trkpt>
      <trkpt lat="48.774150" lon="2.045819"><ele>163.7</ele><time>2025-09-19T14:26:38Z</time></trkpt>
      <trkpt lat="48.774117" lon="2.045798"><ele>163.9</ele><time>2025-09-19T14:26:39Z</time></trkpt>
      <trkpt lat="48.774071" lon="2.045750"><ele>164.7</ele><time>2025-09-19T14:26:40Z</time></trkpt>
      <trkpt lat="48.774031" lon="2.045676"><ele>165.0</ele><time>2025-09-19T14:26:41Z</time></trkpt>
      <trkpt lat="48.774000" lon="2.045596"><ele>164.9</ele><time>2025-09-19T14:26:42Z</time></trkpt>
      <trkpt lat="48.773966" lon="2.045529"><ele>165.0</ele><time>2025-09-19T14:26:43Z</time></trkpt>
      <trkpt lat="48.773925" lon="2.045482"><ele>165.1</ele><time>2025-09-19T14:26:44Z</time></trkpt>
      <trkpt lat="48.773881" lon="2.045463"><ele>165.4</ele><time>2025-09-19T14:26:45Z</time></trkpt>
      <trkpt lat="48.773835" lon="2.045465"><ele>165.0</ele><time>2025-09-19T14:26:46Z</time></trkpt>
      <trkpt lat="48.773789" lon="2.045485"><ele>164.3</ele><time>2025-09-19T14:26:47Z</time></trkpt>
      <trkpt lat="48.773755" lon="2.045520"><ele>163.9</ele><time>2025-09-19T14:26:48Z</time></trkpt>
      <trkpt lat="48.773736" lon="2.045555"><ele>162.9</ele><time>2025-09-19T14:26:49Z</time></trkpt>
      <trkpt lat="48.773723" lon="2.045596"><ele>163.0</ele><time>2025-09-19T14:26:50Z</time></trkpt>
      <trkpt lat="48.773712" lon="2.045651"><ele>163.0</ele><time>2025-09-19T14:26:51Z</time></trkpt>
      <trkpt lat="48.773704" lon="2.045714"><ele>162.9</ele><time>2025-09-19T14:26:52Z</time></trkpt>
      <trkpt lat="48.773699" lon="2.045774"><ele>162.9</ele><time>2025-09-19T14:26:53Z</time></trkpt>
      <trkpt lat="48.773693" lon="2.045838"><ele>162.8</ele><time>2025-09-19T14:26:54Z</time></trkpt>
      <trkpt lat="48.773678" lon="2.045918"><ele>163.1</ele><time>2025-09-19T14:26:55Z</time></trkpt>
      <trkpt lat="48.773647" lon="2.046018"><ele>162.4</ele><time>2025-09-19T14:26:56Z</time></trkpt>
      <trkpt lat="48.773608" lon="2.046138"><ele>162.2</ele><time>2025-09-19T14:26:57Z</time></trkpt>
      <trkpt lat="48.773565" lon="2.046267"><ele>162.0</ele><time>2025-09-19T14:26:58Z</time></trkpt>
      <trkpt lat="48.773516" lon="2.046409"><ele>161.9</ele><time>2025-09-19T14:26:59Z</time></trkpt>
      <trkpt lat="48.773475" lon="2.046576"><ele>161.8</ele><time>2025-09-19T14:27:00Z</time></trkpt>
      <trkpt lat="48.773424" lon="2.046750"><ele>161.8</ele><time>2025-09-19T14:27:01Z</time></trkpt>
      <trkpt lat="48.773371" lon="2.046933"><ele>161.3</ele><time>2025-09-19T14:27:02Z</time></trkpt>
      <trkpt lat="48.773319" lon="2.047122"><ele>161.0</ele><time>2025-09-19T14:27:03Z</time></trkpt>
      <trkpt lat="48.773265" lon="2.047321"><ele>160.9</ele><time>2025-09-19T14:27:04Z</time></trkpt>
      <trkpt lat="48.773207" lon="2.047525"><ele>160.6</ele><time>2025-09-19T14:27:05Z</time></trkpt>
      <trkpt lat="48.773145" lon="2.047732"><ele>160.5</ele><time>2025-09-19T14:27:06Z</time></trkpt>
      <trkpt lat="48.773077" lon="2.047939"><ele>160.4</ele><time>2025-09-19T14:27:07Z</time></trkpt>
      <trkpt lat="48.773017" lon="2.048152"><ele>160.3</ele><time>2025-09-19T14:27:08Z</time></trkpt>
      <trkpt lat="48.772962" lon="2.048361"><ele>160.2</ele><time>2025-09-19T14:27:09Z</time></trkpt>
      <trkpt lat="48.772904" lon="2.048563"><ele>160.5</ele><time>2025-09-19T14:27:10Z</time></trkpt>
      <trkpt lat="48.772850" lon="2.048764"><ele>160.6</ele><time>2025-09-19T14:27:11Z</time></trkpt>
      <trkpt lat="48.772793" lon="2.048965"><ele>160.6</ele><time>2025-09-19T14:27:12Z</time></trkpt>
      <trkpt lat="48.772735" lon="2.049167"><ele>160.8</ele><time>2025-09-19T14:27:13Z</time></trkpt>
      <trkpt lat="48.772676" lon="2.049375"><ele>160.6</ele><time>2025-09-19T14:27:14Z</time></trkpt>
      <trkpt lat="48.772620" lon="2.049591"><ele>160.5</ele><time>2025-09-19T14:27:15Z</time></trkpt>
      <trkpt lat="48.772554" lon="2.049803"><ele>160.4</ele><time>2025-09-19T14:27:16Z</time></trkpt>
      <trkpt lat="48.772492" lon="2.050021"><ele>160.1</ele><time>2025-09-19T14:27:17Z</time></trkpt>
      <trkpt lat="48.772433" lon="2.050240"><ele>159.8</ele><time>2025-09-19T14:27:18Z</time></trkpt>
      <trkpt lat="48.772375" lon="2.050456"><ele>159.8</ele><time>2025-09-19T14:27:19Z</time></trkpt>
      <trkpt lat="48.772320" lon="2.050673"><ele>159.2</ele><time>2025-09-19T14:27:20Z</time></trkpt>
      <trkpt lat="48.772271" lon="2.050892"><ele>159.0</ele><time>2025-09-19T14:27:21Z</time></trkpt>
      <trkpt lat="48.772215" lon="2.051106"><ele>158.6</ele><time>2025-09-19T14:27:22Z</time></trkpt>
      <trkpt lat="48.772157" lon="2.051319"><ele>158.4</ele><time>2025-09-19T14:27:23Z</time></trkpt>
      <trkpt lat="48.772102" lon="2.051537"><ele>158.2</ele><time>2025-09-19T14:27:24Z</time></trkpt>
      <trkpt lat="48.772045" lon="2.051757"><ele>158.1</ele><time>2025-09-19T14:27:25Z</time></trkpt>
      <trkpt lat="48.771980" lon="2.051975"><ele>158.1</ele><time>2025-09-19T14:27:26Z</time></trkpt>
      <trkpt lat="48.771910" lon="2.052188"><ele>158.8</ele><time>2025-09-19T14:27:27Z</time></trkpt>
      <trkpt lat="48.771849" lon="2.052414"><ele>158.3</ele><time>2025-09-19T14:27:28Z</time></trkpt>
      <trkpt lat="48.771788" lon="2.052638"><ele>158.4</ele><time>2025-09-19T14:27:29Z</time></trkpt>
      <trkpt lat="48.771727" lon="2.052866"><ele>158.4</ele><time>2025-09-19T14:27:30Z</time></trkpt>
      <trkpt lat="48.771662" lon="2.053092"><ele>158.7</ele><time>2025-09-19T14:27:31Z</time></trkpt>
      <trkpt lat="48.771592" lon="2.053314"><ele>158.5</ele><time>2025-09-19T14:27:32Z</time></trkpt>
      <trkpt lat="48.771528" lon="2.053530"><ele>158.9</ele><time>2025-09-19T14:27:33Z</time></trkpt>
      <trkpt lat="48.771467" lon="2.053732"><ele>159.4</ele><time>2025-09-19T14:27:34Z</time></trkpt>
      <trkpt lat="48.771416" lon="2.053927"><ele>159.7</ele><time>2025-09-19T14:27:35Z</time></trkpt>
      <trkpt lat="48.771367" lon="2.054104"><ele>160.0</ele><time>2025-09-19T14:27:36Z</time></trkpt>
      <trkpt lat="48.771318" lon="2.054267"><ele>159.7</ele><time>2025-09-19T14:27:37Z</time></trkpt>
      <trkpt lat="48.771274" lon="2.054427"><ele>160.0</ele><time>2025-09-19T14:27:38Z</time></trkpt>
      <trkpt lat="48.771231" lon="2.054582"><ele>160.3</ele><time>2025-09-19T14:27:39Z</time></trkpt>
      <trkpt lat="48.771199" lon="2.054733"><ele>160.8</ele><time>2025-09-19T14:27:40Z</time></trkpt>
      <trkpt lat="48.771158" lon="2.054858"><ele>161.2</ele><time>2025-09-19T14:27:41Z</time></trkpt>
      <trkpt lat="48.771119" lon="2.054985"><ele>161.5</ele><time>2025-09-19T14:27:42Z</time></trkpt>
      <trkpt lat="48.771068" lon="2.055102"><ele>161.6</ele><time>2025-09-19T14:27:43Z</time></trkpt>
      <trkpt lat="48.770994" lon="2.055194"><ele>161.6</ele><time>2025-09-19T14:27:44Z</time></trkpt>
      <trkpt lat="48.770901" lon="2.055259"><ele>161.5</ele><time>2025-09-19T14:27:45Z</time></trkpt>
      <trkpt lat="48.770795" lon="2.055284"><ele>161.5</ele><time>2025-09-19T14:27:46Z</time></trkpt>
      <trkpt lat="48.770694" lon="2.055262"><ele>161.2</ele><time>2025-09-19T14:27:47Z</time></trkpt>
      <trkpt lat="48.770599" lon="2.055188"><ele>161.2</ele><time>2025-09-19T14:27:48Z</time></trkpt>
      <trkpt lat="48.770503" lon="2.055082"><ele>160.7</ele><time>2025-09-19T14:27:49Z</time></trkpt>
      <trkpt lat="48.770399" lon="2.054972"><ele>160.6</ele><time>2025-09-19T14:27:50Z</time></trkpt>
      <trkpt lat="48.770284" lon="2.054886"><ele>160.5</ele><time>2025-09-19T14:27:51Z</time></trkpt>
      <trkpt lat="48.770152" lon="2.054823"><ele>161.0</ele><time>2025-09-19T14:27:52Z</time></trkpt>
      <trkpt lat="48.770014" lon="2.054767"><ele>160.8</ele><time>2025-09-19T14:27:53Z</time></trkpt>
      <trkpt lat="48.769874" lon="2.054709"><ele>160.6</ele><time>2025-09-19T14:27:54Z</time></trkpt>
      <trkpt lat="48.769732" lon="2.054650"><ele>160.5</ele><time>2025-09-19T14:27:55Z</time></trkpt>
      <trkpt lat="48.769586" lon="2.054591"><ele>160.7</ele><time>2025-09-19T14:27:56Z</time></trkpt>
      <trkpt lat="48.769440" lon="2.054528"><ele>161.0</ele><time>2025-09-19T14:27:57Z</time></trkpt>
      <trkpt lat="48.769293" lon="2.054469"><ele>161.5</ele><time>2025-09-19T14:27:58Z</time></trkpt>
      <trkpt lat="48.769146" lon="2.054407"><ele>162.5</ele><time>2025-09-19T14:27:59Z</time></trkpt>
      <trkpt lat="48.769006" lon="2.054349"><ele>163.7</ele><time>2025-09-19T14:28:00Z</time></trkpt>
      <trkpt lat="48.768877" lon="2.054298"><ele>164.9</ele><time>2025-09-19T14:28:01Z</time></trkpt>
      <trkpt lat="48.768760" lon="2.054251"><ele>166.2</ele><time>2025-09-19T14:28:02Z</time></trkpt>
      <trkpt lat="48.768650" lon="2.054210"><ele>166.9</ele><time>2025-09-19T14:28:03Z</time></trkpt>
      <trkpt lat="48.768537" lon="2.054173"><ele>168.0</ele><time>2025-09-19T14:28:04Z</time></trkpt>
      <trkpt lat="48.768424" lon="2.054137"><ele>168.6</ele><time>2025-09-19T14:28:05Z</time></trkpt>
      <trkpt lat="48.768316" lon="2.054102"><ele>169.0</ele><time>2025-09-19T14:28:06Z</time></trkpt>
      <trkpt lat="48.768216" lon="2.054070"><ele>169.9</ele><time>2025-09-19T14:28:07Z</time></trkpt>
      <trkpt lat="48.768120" lon="2.054039"><ele>170.3</ele><time>2025-09-19T14:28:08Z</time></trkpt>
      <trkpt lat="48.768028" lon="2.054008"><ele>172.1</ele><time>2025-09-19T14:28:09Z</time></trkpt>
      <trkpt lat="48.767944" lon="2.053979"><ele>173.1</ele><time>2025-09-19T14:28:10Z</time></trkpt>
      <trkpt lat="48.767875" lon="2.053958"><ele>174.5</ele><time>2025-09-19T14:28:11Z</time></trkpt>
      <trkpt lat="48.767825" lon="2.053943"><ele>175.3</ele><time>2025-09-19T14:28:12Z</time></trkpt>
      <trkpt lat="48.767778" lon="2.053917"><ele>175.9</ele><time>2025-09-19T14:28:13Z</time></trkpt>
      <trkpt lat="48.767731" lon="2.053863"><ele>176.1</ele><time>2025-09-19T14:28:14Z</time></trkpt>
      <trkpt lat="48.767687" lon="2.053787"><ele>175.9</ele><time>2025-09-19T14:28:15Z</time></trkpt>
      <trkpt lat="48.767638" lon="2.053723"><ele>175.5</ele><time>2025-09-19T14:28:16Z</time></trkpt>
      <trkpt lat="48.767575" lon="2.053697"><ele>174.0</ele><time>2025-09-19T14:28:17Z</time></trkpt>
      <trkpt lat="48.767497" lon="2.053714"><ele>173.6</ele><time>2025-09-19T14:28:18Z</time></trkpt>
      <trkpt lat="48.767405" lon="2.053731"><ele>172.7</ele><time>2025-09-19T14:28:19Z</time></trkpt>
      <trkpt lat="48.767302" lon="2.053719"><ele>172.1</ele><time>2025-09-19T14:28:20Z</time></trkpt>
      <trkpt lat="48.767195" lon="2.053686"><ele>172.1</ele><time>2025-09-19T14:28:21Z</time></trkpt>
      <trkpt lat="48.767075" lon="2.053644"><ele>171.8</ele><time>2025-09-19T14:28:22Z</time></trkpt>
      <trkpt lat="48.766946" lon="2.053595"><ele>171.7</ele><time>2025-09-19T14:28:23Z</time></trkpt>
      <trkpt lat="48.766805" lon="2.053535"><ele>171.5</ele><time>2025-09-19T14:28:24Z</time></trkpt>
      <trkpt lat="48.766659" lon="2.053465"><ele>171.6</ele><time>2025-09-19T14:28:25Z</time></trkpt>
      <trkpt lat="48.766516" lon="2.053398"><ele>172.0</ele><time>2025-09-19T14:28:26Z</time></trkpt>
      <trkpt lat="48.766370" lon="2.053315"><ele>171.4</ele><time>2025-09-19T14:28:27Z</time></trkpt>
      <trkpt lat="48.766226" lon="2.053223"><ele>171.1</ele><time>2025-09-19T14:28:28Z</time></trkpt>
      <trkpt lat="48.766081" lon="2.053130"><ele>171.0</ele><time>2025-09-19T14:28:29Z</time></trkpt>
      <trkpt lat="48.765938" lon="2.053041"><ele>171.3</ele><time>2025-09-19T14:28:30Z</time></trkpt>
      <trkpt lat="48.765800" lon="2.052946"><ele>172.0</ele><time>2025-09-19T14:28:31Z</time></trkpt>
      <trkpt lat="48.765668" lon="2.052853"><ele>172.7</ele><time>2025-09-19T14:28:32Z</time></trkpt>
      <trkpt lat="48.765545" lon="2.052756"><ele>171.9</ele><time>2025-09-19T14:28:33Z</time></trkpt>
      <trkpt lat="48.765419" lon="2.052657"><ele>171.6</ele><time>2025-09-19T14:28:34Z</time></trkpt>
      <trkpt lat="48.765289" lon="2.052555"><ele>172.4</ele><time>2025-09-19T14:28:35Z</time></trkpt>
      <trkpt lat="48.765161" lon="2.052440"><ele>172.8</ele><time>2025-09-19T14:28:36Z</time></trkpt>
      <trkpt lat="48.765040" lon="2.052325"><ele>172.4</ele><time>2025-09-19T14:28:37Z</time></trkpt>
      <trkpt lat="48.764921" lon="2.052217"><ele>172.1</ele><time>2025-09-19T14:28:38Z</time></trkpt>
      <trkpt lat="48.764811" lon="2.052109"><ele>171.9</ele><time>2025-09-19T14:28:39Z</time></trkpt>
      <trkpt lat="48.764698" lon="2.052005"><ele>172.1</ele><time>2025-09-19T14:28:40Z</time></trkpt>
      <trkpt lat="48.764587" lon="2.051896"><ele>172.8</ele><time>2025-09-19T14:28:41Z</time></trkpt>
      <trkpt lat="48.764471" lon="2.051784"><ele>173.4</ele><time>2025-09-19T14:28:42Z</time></trkpt>
      <trkpt lat="48.764351" lon="2.051670"><ele>174.0</ele><time>2025-09-19T14:28:43Z</time></trkpt>
      <trkpt lat="48.764238" lon="2.051562"><ele>173.8</ele><time>2025-09-19T14:28:44Z</time></trkpt>
      <trkpt lat="48.764131" lon="2.051465"><ele>174.5</ele><time>2025-09-19T14:28:45Z</time></trkpt>
      <trkpt lat="48.764034" lon="2.051374"><ele>173.8</ele><time>2025-09-19T14:28:46Z</time></trkpt>
      <trkpt lat="48.763948" lon="2.051296"><ele>173.4</ele><time>2025-09-19T14:28:47Z</time></trkpt>
      <trkpt lat="48.763864" lon="2.051228"><ele>173.3</ele><time>2025-09-19T14:28:48Z</time></trkpt>
      <trkpt lat="48.763783" lon="2.051166"><ele>173.4</ele><time>2025-09-19T14:28:49Z</time></trkpt>
      <trkpt lat="48.763710" lon="2.051107"><ele>173.3</ele><time>2025-09-19T14:28:50Z</time></trkpt>
      <trkpt lat="48.763646" lon="2.051058"><ele>173.1</ele><time>2025-09-19T14:28:51Z</time></trkpt>
      <trkpt lat="48.763591" lon="2.051020"><ele>173.3</ele><time>2025-09-19T14:28:52Z</time></trkpt>
      <trkpt lat="48.763546" lon="2.050991"><ele>173.3</ele><time>2025-09-19T14:28:53Z</time></trkpt>
      <trkpt lat="48.763512" lon="2.050971"><ele>173.3</ele><time>2025-09-19T14:28:54Z</time></trkpt>
      <trkpt lat="48.763483" lon="2.050963"><ele>173.4</ele><time>2025-09-19T14:28:55Z</time></trkpt>
      <trkpt lat="48.763452" lon="2.050957"><ele>173.3</ele><time>2025-09-19T14:28:56Z</time></trkpt>
      <trkpt lat="48.763417" lon="2.050940"><ele>173.2</ele><time>2025-09-19T14:28:57Z</time></trkpt>
      <trkpt lat="48.763380" lon="2.050917"><ele>173.4</ele><time>2025-09-19T14:28:58Z</time></trkpt>
      <trkpt lat="48.763346" lon="2.050894"><ele>173.9</ele><time>2025-09-19T14:28:59Z</time></trkpt>
      <trkpt lat="48.763314" lon="2.050876"><ele>174.1</ele><time>2025-09-19T14:29:00Z</time></trkpt>
      <trkpt lat="48.763283" lon="2.050854"><ele>173.9</ele><time>2025-09-19T14:29:01Z</time></trkpt>
      <trkpt lat="48.763238" lon="2.050825"><ele>174.1</ele><time>2025-09-19T14:29:02Z</time></trkpt>
      <trkpt lat="48.763182" lon="2.050782"><ele>174.1</ele><time>2025-09-19T14:29:03Z</time></trkpt>
      <trkpt lat="48.763121" lon="2.050739"><ele>174.1</ele><time>2025-09-19T14:29:04Z</time></trkpt>
      <trkpt lat="48.763064" lon="2.050696"><ele>173.7</ele><time>2025-09-19T14:29:05Z</time></trkpt>
      <trkpt lat="48.763022" lon="2.050643"><ele>173.4</ele><time>2025-09-19T14:29:06Z</time></trkpt>
      <trkpt lat="48.762999" lon="2.050569"><ele>172.8</ele><time>2025-09-19T14:29:07Z</time></trkpt>
      <trkpt lat="48.762994" lon="2.050472"><ele>171.6</ele><time>2025-09-19T14:29:08Z</time></trkpt>
      <trkpt lat="48.762998" lon="2.050358"><ele>171.4</ele><time>2025-09-19T14:29:09Z</time></trkpt>
      <trkpt lat="48.763004" lon="2.050226"><ele>171.2</ele><time>2025-09-19T14:29:10Z</time></trkpt>
      <trkpt lat="48.763009" lon="2.050074"><ele>171.3</ele><time>2025-09-19T14:29:11Z</time></trkpt>
      <trkpt lat="48.763009" lon="2.049907"><ele>171.0</ele><time>2025-09-19T14:29:12Z</time></trkpt>
      <trkpt lat="48.763004" lon="2.049727"><ele>170.9</ele><time>2025-09-19T14:29:13Z</time></trkpt>
      <trkpt lat="48.762992" lon="2.049533"><ele>170.5</ele><time>2025-09-19T14:29:14Z</time></trkpt>
      <trkpt lat="48.762978" lon="2.049335"><ele>170.4</ele><time>2025-09-19T14:29:15Z</time></trkpt>
      <trkpt lat="48.762960" lon="2.049130"><ele>170.3</ele><time>2025-09-19T14:29:16Z</time></trkpt>
      <trkpt lat="48.762941" lon="2.048922"><ele>170.1</ele><time>2025-09-19T14:29:17Z</time></trkpt>
      <trkpt lat="48.762921" lon="2.048707"><ele>170.1</ele><time>2025-09-19T14:29:18Z</time></trkpt>
      <trkpt lat="48.762899" lon="2.048495"><ele>169.7</ele><time>2025-09-19T14:29:19Z</time></trkpt>
      <trkpt lat="48.762875" lon="2.048287"><ele>169.4</ele><time>2025-09-19T14:29:20Z</time></trkpt>
      <trkpt lat="48.762853" lon="2.048088"><ele>169.0</ele><time>2025-09-19T14:29:21Z</time></trkpt>
      <trkpt lat="48.762831" lon="2.047890"><ele>168.1</ele><time>2025-09-19T14:29:22Z</time></trkpt>
      <trkpt lat="48.762808" lon="2.047693"><ele>167.9</ele><time>2025-09-19T14:29:23Z</time></trkpt>
      <trkpt lat="48.762784" lon="2.047495"><ele>168.0</ele><time>2025-09-19T14:29:24Z</time></trkpt>
      <trkpt lat="48.762761" lon="2.047293"><ele>168.2</ele><time>2025-09-19T14:29:25Z</time></trkpt>
      <trkpt lat="48.762737" lon="2.047099"><ele>168.6</ele><time>2025-09-19T14:29:26Z</time></trkpt>
      <trkpt lat="48.762713" lon="2.046903"><ele>167.8</ele><time>2025-09-19T14:29:27Z</time></trkpt>
      <trkpt lat="48.762690" lon="2.046710"><ele>167.5</ele><time>2025-09-19T14:29:28Z</time></trkpt>
      <trkpt lat="48.762667" lon="2.046519"><ele>167.1</ele><time>2025-09-19T14:29:29Z</time></trkpt>
      <trkpt lat="48.762643" lon="2.046331"><ele>167.2</ele><time>2025-09-19T14:29:30Z</time></trkpt>
      <trkpt lat="48.762620" lon="2.046142"><ele>167.4</ele><time>2025-09-19T14:29:31Z</time></trkpt>
      <trkpt lat="48.762596" lon="2.045953"><ele>167.7</ele><time>2025-09-19T14:29:32Z</time></trkpt>
      <trkpt lat="48.762574" lon="2.045778"><ele>168.2</ele><time>2025-09-19T14:29:33Z</time></trkpt>
      <trkpt lat="48.762557" lon="2.045609"><ele>168.0</ele><time>2025-09-19T14:29:34Z</time></trkpt>
      <trkpt lat="48.762540" lon="2.045455"><ele>167.2</ele><time>2025-09-19T14:29:35Z</time></trkpt>
      <trkpt lat="48.762524" lon="2.045310"><ele>167.3</ele><time>2025-09-19T14:29:36Z</time></trkpt>
      <trkpt lat="48.762505" lon="2.045180"><ele>167.4</ele><time>2025-09-19T14:29:37Z</time></trkpt>
      <trkpt lat="48.762487" lon="2.045053"><ele>167.1</ele><time>2025-09-19T14:29:38Z</time></trkpt>
      <trkpt lat="48.762472" lon="2.044945"><ele>166.6</ele><time>2025-09-19T14:29:39Z</time></trkpt>
      <trkpt lat="48.762456" lon="2.044839"><ele>166.3</ele><time>2025-09-19T14:29:40Z</time></trkpt>
      <trkpt lat="48.762443" lon="2.044735"><ele>165.9</ele><time>2025-09-19T14:29:41Z</time></trkpt>
      <trkpt lat="48.762431" lon="2.044641"><ele>166.3</ele><time>2025-09-19T14:29:42Z</time></trkpt>
      <trkpt lat="48.762420" lon="2.044551"><ele>166.9</ele><time>2025-09-19T14:29:43Z</time></trkpt>
      <trkpt lat="48.762408" lon="2.044459"><ele>166.9</ele><time>2025-09-19T14:29:44Z</time></trkpt>
      <trkpt lat="48.762395" lon="2.044377"><ele>166.9</ele><time>2025-09-19T14:29:45Z</time></trkpt>
      <trkpt lat="48.762371" lon="2.044313"><ele>167.4</ele><time>2025-09-19T14:29:46Z</time></trkpt>
      <trkpt lat="48.762329" lon="2.044274"><ele>167.5</ele><time>2025-09-19T14:29:47Z</time></trkpt>
      <trkpt lat="48.762274" lon="2.044270"><ele>167.5</ele><time>2025-09-19T14:29:48Z</time></trkpt>
      <trkpt lat="48.762205" lon="2.044287"><ele>167.3</ele><time>2025-09-19T14:29:49Z</time></trkpt>
      <trkpt lat="48.762124" lon="2.044312"><ele>166.8</ele><time>2025-09-19T14:29:50Z</time></trkpt>
      <trkpt lat="48.762032" lon="2.044345"><ele>166.9</ele><time>2025-09-19T14:29:51Z</time></trkpt>
      <trkpt lat="48.761936" lon="2.044382"><ele>166.8</ele><time>2025-09-19T14:29:52Z</time></trkpt>
      <trkpt lat="48.761833" lon="2.044427"><ele>167.2</ele><time>2025-09-19T14:29:53Z</time></trkpt>
      <trkpt lat="48.761722" lon="2.044472"><ele>167.2</ele><time>2025-09-19T14:29:54Z</time></trkpt>
      <trkpt lat="48.761605" lon="2.044516"><ele>166.8</ele><time>2025-09-19T14:29:55Z</time></trkpt>
      <trkpt lat="48.761485" lon="2.044556"><ele>166.8</ele><time>2025-09-19T14:29:56Z</time></trkpt>
      <trkpt lat="48.761358" lon="2.044596"><ele>166.8</ele><time>2025-09-19T14:29:57Z</time></trkpt>
      <trkpt lat="48.761224" lon="2.044632"><ele>167.2</ele><time>2025-09-19T14:29:58Z</time></trkpt>
      <trkpt lat="48.761089" lon="2.044662"><ele>167.2</ele><time>2025-09-19T14:29:59Z</time></trkpt>
      <trkpt lat="48.760932" lon="2.044662"><ele>167.5</ele><time>2025-09-19T14:30:00Z</time></trkpt>
      <trkpt lat="48.760777" lon="2.044652"><ele>167.5</ele><time>2025-09-19T14:30:01Z</time></trkpt>
      <trkpt lat="48.760621" lon="2.044630"><ele>169.6</ele><time>2025-09-19T14:30:02Z</time></trkpt>
      <trkpt lat="48.760478" lon="2.044592"><ele>171.6</ele><time>2025-09-19T14:30:03Z</time></trkpt>
      <trkpt lat="48.760348" lon="2.044538"><ele>173.4</ele><time>2025-09-19T14:30:04Z</time></trkpt>
      <trkpt lat="48.760225" lon="2.044472"><ele>174.2</ele><time>2025-09-19T14:30:05Z</time></trkpt>
      <trkpt lat="48.760107" lon="2.044393"><ele>174.9</ele><time>2025-09-19T14:30:06Z</time></trkpt>
      <trkpt lat="48.759987" lon="2.044306"><ele>174.5</ele><time>2025-09-19T14:30:07Z</time></trkpt>
      <trkpt lat="48.759877" lon="2.044238"><ele>175.8</ele><time>2025-09-19T14:30:08Z</time></trkpt>
      <trkpt lat="48.759777" lon="2.044156"><ele>175.8</ele><time>2025-09-19T14:30:09Z</time></trkpt>
      <trkpt lat="48.759684" lon="2.044088"><ele>177.0</ele><time>2025-09-19T14:30:10Z</time></trkpt>
      <trkpt lat="48.759603" lon="2.044016"><ele>177.0</ele><time>2025-09-19T14:30:11Z</time></trkpt>
      <trkpt lat="48.759525" lon="2.043956"><ele>177.3</ele><time>2025-09-19T14:30:12Z</time></trkpt>
      <trkpt lat="48.759459" lon="2.043899"><ele>177.8</ele><time>2025-09-19T14:30:13Z</time></trkpt>
      <trkpt lat="48.759391" lon="2.043858"><ele>179.8</ele><time>2025-09-19T14:30:14Z</time></trkpt>
      <trkpt lat="48.759333" lon="2.043810"><ele>179.6</ele><time>2025-09-19T14:30:15Z</time></trkpt>
      <trkpt lat="48.759285" lon="2.043757"><ele>180.3</ele><time>2025-09-19T14:30:16Z</time></trkpt>
      <trkpt lat="48.759244" lon="2.043702"><ele>180.0</ele><time>2025-09-19T14:30:17Z</time></trkpt>
      <trkpt lat="48.759209" lon="2.043663"><ele>179.7</ele><time>2025-09-19T14:30:18Z</time></trkpt>
      <trkpt lat="48.759180" lon="2.043633"><ele>179.9</ele><time>2025-09-19T14:30:19Z</time></trkpt>
      <trkpt lat="48.759157" lon="2.043620"><ele>180.8</ele><time>2025-09-19T14:30:20Z</time></trkpt>
      <trkpt lat="48.759146" lon="2.043609"><ele>181.4</ele><time>2025-09-19T14:30:21Z</time></trkpt>
      <trkpt lat="48.759138" lon="2.043593"><ele>181.4</ele><time>2025-09-19T14:30:22Z</time></trkpt>
      <trkpt lat="48.759144" lon="2.043561"><ele>179.5</ele><time>2025-09-19T14:30:23Z</time></trkpt>
      <trkpt lat="48.759134" lon="2.043553"><ele>179.8</ele><time>2025-09-19T14:30:24Z</time></trkpt>
      <trkpt lat="48.759114" lon="2.043535"><ele>179.8</ele><time>2025-09-19T14:30:25Z</time></trkpt>
      <trkpt lat="48.759084" lon="2.043513"><ele>180.0</ele><time>2025-09-19T14:30:26Z</time></trkpt>
      <trkpt lat="48.759037" lon="2.043480"><ele>179.6</ele><time>2025-09-19T14:30:27Z</time></trkpt>
      <trkpt lat="48.758978" lon="2.043431"><ele>177.3</ele><time>2025-09-19T14:30:28Z</time></trkpt>
      <trkpt lat="48.758910" lon="2.043377"><ele>177.5</ele><time>2025-09-19T14:30:29Z</time></trkpt>
      <trkpt lat="48.758838" lon="2.043318"><ele>177.7</ele><time>2025-09-19T14:30:30Z</time></trkpt>
      <trkpt lat="48.758769" lon="2.043257"><ele>177.4</ele><time>2025-09-19T14:30:31Z</time></trkpt>
      <trkpt lat="48.758707" lon="2.043201"><ele>177.3</ele><time>2025-09-19T14:30:32Z</time></trkpt>
      <trkpt lat="48.758642" lon="2.043153"><ele>177.3</ele><time>2025-09-19T14:30:33Z</time></trkpt>
      <trkpt lat="48.758572" lon="2.043093"><ele>176.2</ele><time>2025-09-19T14:30:34Z</time></trkpt>
      <trkpt lat="48.758493" lon="2.043025"><ele>174.8</ele><time>2025-09-19T14:30:35Z</time></trkpt>
      <trkpt lat="48.758399" lon="2.042949"><ele>175.3</ele><time>2025-09-19T14:30:36Z</time></trkpt>
      <trkpt lat="48.758297" lon="2.042870"><ele>176.3</ele><time>2025-09-19T14:30:37Z</time></trkpt>
      <trkpt lat="48.758189" lon="2.042784"><ele>177.0</ele><time>2025-09-19T14:30:38Z</time></trkpt>
      <trkpt lat="48.758078" lon="2.042693"><ele>177.7</ele><time>2025-09-19T14:30:39Z</time></trkpt>
      <trkpt lat="48.757970" lon="2.042595"><ele>177.8</ele><time>2025-09-19T14:30:40Z</time></trkpt>
      <trkpt lat="48.757862" lon="2.042501"><ele>177.4</ele><time>2025-09-19T14:30:41Z</time></trkpt>
      <trkpt lat="48.757751" lon="2.042402"><ele>177.0</ele><time>2025-09-19T14:30:42Z</time></trkpt>
      <trkpt lat="48.757635" lon="2.042300"><ele>177.1</ele><time>2025-09-19T14:30:43Z</time></trkpt>
      <trkpt lat="48.757517" lon="2.042194"><ele>176.4</ele><time>2025-09-19T14:30:44Z</time></trkpt>
      <trkpt lat="48.757412" lon="2.042086"><ele>175.5</ele><time>2025-09-19T14:30:45Z</time></trkpt>
      <trkpt lat="48.757308" lon="2.041995"><ele>175.5</ele><time>2025-09-19T14:30:46Z</time></trkpt>
      <trkpt lat="48.757207" lon="2.041907"><ele>175.2</ele><time>2025-09-19T14:30:47Z</time></trkpt>
      <trkpt lat="48.757105" lon="2.041821"><ele>175.8</ele><time>2025-09-19T14:30:48Z</time></trkpt>
      <trkpt lat="48.756999" lon="2.041735"><ele>176.2</ele><time>2025-09-19T14:30:49Z</time></trkpt>
      <trkpt lat="48.756892" lon="2.041643"><ele>175.8</ele><time>2025-09-19T14:30:50Z</time></trkpt>
      <trkpt lat="48.756777" lon="2.041551"><ele>174.9</ele><time>2025-09-19T14:30:51Z</time></trkpt>
      <trkpt lat="48.756659" lon="2.041469"><ele>175.5</ele><time>2025-09-19T14:30:52Z</time></trkpt>
      <trkpt lat="48.756532" lon="2.041402"><ele>175.5</ele><time>2025-09-19T14:30:53Z</time></trkpt>
      <trkpt lat="48.756407" lon="2.041354"><ele>176.7</ele><time>2025-09-19T14:30:54Z</time></trkpt>
      <trkpt lat="48.756282" lon="2.041323"><ele>177.9</ele><time>2025-09-19T14:30:55Z</time></trkpt>
      <trkpt lat="48.756164" lon="2.041300"><ele>177.5</ele><time>2025-09-19T14:30:56Z</time></trkpt>
      <trkpt lat="48.756046" lon="2.041288"><ele>177.0</ele><time>2025-09-19T14:30:57Z</time></trkpt>
      <trkpt lat="48.755927" lon="2.041287"><ele>176.5</ele><time>2025-09-19T14:30:58Z</time></trkpt>
      <trkpt lat="48.755809" lon="2.041296"><ele>175.7</ele><time>2025-09-19T14:30:59Z</time></trkpt>
      <trkpt lat="48.755688" lon="2.041319"><ele>175.9</ele><time>2025-09-19T14:31:00Z</time></trkpt>
      <trkpt lat="48.755572" lon="2.041348"><ele>175.1</ele><time>2025-09-19T14:31:01Z</time></trkpt>
      <trkpt lat="48.755451" lon="2.041393"><ele>176.5</ele><time>2025-09-19T14:31:02Z</time></trkpt>
      <trkpt lat="48.755341" lon="2.041441"><ele>177.2</ele><time>2025-09-19T14:31:03Z</time></trkpt>
      <trkpt lat="48.755240" lon="2.041492"><ele>177.8</ele><time>2025-09-19T14:31:04Z</time></trkpt>
      <trkpt lat="48.755145" lon="2.041537"><ele>176.9</ele><time>2025-09-19T14:31:05Z</time></trkpt>
      <trkpt lat="48.755061" lon="2.041586"><ele>176.4</ele><time>2025-09-19T14:31:06Z</time></trkpt>
      <trkpt lat="48.754992" lon="2.041624"><ele>176.2</ele><time>2025-09-19T14:31:07Z</time></trkpt>
      <trkpt lat="48.754935" lon="2.041654"><ele>176.5</ele><time>2025-09-19T14:31:08Z</time></trkpt>
      <trkpt lat="48.754885" lon="2.041667"><ele>176.6</ele><time>2025-09-19T14:31:09Z</time></trkpt>
      <trkpt lat="48.754836" lon="2.041661"><ele>176.4</ele><time>2025-09-19T14:31:10Z</time></trkpt>
      <trkpt lat="48.754788" lon="2.041657"><ele>176.3</ele><time>2025-09-19T14:31:11Z</time></trkpt>
      <trkpt lat="48.754742" lon="2.041653"><ele>176.4</ele><time>2025-09-19T14:31:12Z</time></trkpt>
      <trkpt lat="48.754688" lon="2.041648"><ele>176.4</ele><time>2025-09-19T14:31:13Z</time></trkpt>
      <trkpt lat="48.754630" lon="2.041640"><ele>175.7</ele><time>2025-09-19T14:31:14Z</time></trkpt>
      <trkpt lat="48.754568" lon="2.041621"><ele>175.5</ele><time>2025-09-19T14:31:15Z</time></trkpt>
      <trkpt lat="48.754503" lon="2.041577"><ele>175.4</ele><time>2025-09-19T14:31:16Z</time></trkpt>
      <trkpt lat="48.754440" lon="2.041514"><ele>174.7</ele><time>2025-09-19T14:31:17Z</time></trkpt>
      <trkpt lat="48.754379" lon="2.041425"><ele>174.8</ele><time>2025-09-19T14:31:18Z</time></trkpt>
      <trkpt lat="48.754326" lon="2.041319"><ele>174.5</ele><time>2025-09-19T14:31:19Z</time></trkpt>
      <trkpt lat="48.754276" lon="2.041202"><ele>174.0</ele><time>2025-09-19T14:31:20Z</time></trkpt>
      <trkpt lat="48.754229" lon="2.041075"><ele>173.6</ele><time>2025-09-19T14:31:21Z</time></trkpt>
      <trkpt lat="48.754187" lon="2.040929"><ele>172.6</ele><time>2025-09-19T14:31:22Z</time></trkpt>
      <trkpt lat="48.754148" lon="2.040767"><ele>170.5</ele><time>2025-09-19T14:31:23Z</time></trkpt>
      <trkpt lat="48.754114" lon="2.040599"><ele>169.8</ele><time>2025-09-19T14:31:24Z</time></trkpt>
      <trkpt lat="48.754086" lon="2.040427"><ele>169.4</ele><time>2025-09-19T14:31:25Z</time></trkpt>
      <trkpt lat="48.754070" lon="2.040237"><ele>168.7</ele><time>2025-09-19T14:31:26Z</time></trkpt>
      <trkpt lat="48.754071" lon="2.040042"><ele>167.8</ele><time>2025-09-19T14:31:27Z</time></trkpt>
      <trkpt lat="48.754087" lon="2.039845"><ele>166.8</ele><time>2025-09-19T14:31:28Z</time></trkpt>
      <trkpt lat="48.754112" lon="2.039651"><ele>165.7</ele><time>2025-09-19T14:31:29Z</time></trkpt>
      <trkpt lat="48.754149" lon="2.039457"><ele>165.1</ele><time>2025-09-19T14:31:30Z</time></trkpt>
      <trkpt lat="48.754194" lon="2.039264"><ele>164.0</ele><time>2025-09-19T14:31:31Z</time></trkpt>
      <trkpt lat="48.754234" lon="2.039067"><ele>163.4</ele><time>2025-09-19T14:31:32Z</time></trkpt>
      <trkpt lat="48.754270" lon="2.038874"><ele>163.1</ele><time>2025-09-19T14:31:33Z</time></trkpt>
      <trkpt lat="48.754292" lon="2.038682"><ele>162.9</ele><time>2025-09-19T14:31:34Z</time></trkpt>
      <trkpt lat="48.754299" lon="2.038498"><ele>161.7</ele><time>2025-09-19T14:31:35Z</time></trkpt>
      <trkpt lat="48.754263" lon="2.038309"><ele>161.1</ele><time>2025-09-19T14:31:36Z</time></trkpt>
      <trkpt lat="48.754201" lon="2.038123"><ele>159.3</ele><time>2025-09-19T14:31:37Z</time></trkpt>
      <trkpt lat="48.754110" lon="2.037944"><ele>159.7</ele><time>2025-09-19T14:31:38Z</time></trkpt>
      <trkpt lat="48.754013" lon="2.037757"><ele>158.6</ele><time>2025-09-19T14:31:39Z</time></trkpt>
      <trkpt lat="48.753910" lon="2.037558"><ele>157.2</ele><time>2025-09-19T14:31:40Z</time></trkpt>
      <trkpt lat="48.753810" lon="2.037363"><ele>156.6</ele><time>2025-09-19T14:31:41Z</time></trkpt>
      <trkpt lat="48.753711" lon="2.037169"><ele>155.7</ele><time>2025-09-19T14:31:42Z</time></trkpt>
      <trkpt lat="48.753613" lon="2.036984"><ele>157.0</ele><time>2025-09-19T14:31:43Z</time></trkpt>
      <trkpt lat="48.753524" lon="2.036807"><ele>157.6</ele><time>2025-09-19T14:31:44Z</time></trkpt>
      <trkpt lat="48.753439" lon="2.036628"><ele>156.9</ele><time>2025-09-19T14:31:45Z</time></trkpt>
      <trkpt lat="48.753354" lon="2.036459"><ele>157.6</ele><time>2025-09-19T14:31:46Z</time></trkpt>
      <trkpt lat="48.753268" lon="2.036289"><ele>157.8</ele><time>2025-09-19T14:31:47Z</time></trkpt>
      <trkpt lat="48.753184" lon="2.036130"><ele>159.3</ele><time>2025-09-19T14:31:48Z</time></trkpt>
      <trkpt lat="48.753100" lon="2.035967"><ele>159.6</ele><time>2025-09-19T14:31:49Z</time></trkpt>
      <trkpt lat="48.753014" lon="2.035804"><ele>160.2</ele><time>2025-09-19T14:31:50Z</time></trkpt>
      <trkpt lat="48.752929" lon="2.035630"><ele>160.7</ele><time>2025-09-19T14:31:51Z</time></trkpt>
      <trkpt lat="48.752841" lon="2.035453"><ele>161.1</ele><time>2025-09-19T14:31:52Z</time></trkpt>
      <trkpt lat="48.752748" lon="2.035268"><ele>161.3</ele><time>2025-09-19T14:31:53Z</time></trkpt>
      <trkpt lat="48.752639" lon="2.035064"><ele>162.0</ele><time>2025-09-19T14:31:54Z</time></trkpt>
      <trkpt lat="48.752515" lon="2.034832"><ele>162.6</ele><time>2025-09-19T14:31:55Z</time></trkpt>
      <trkpt lat="48.752389" lon="2.034581"><ele>162.6</ele><time>2025-09-19T14:31:56Z</time></trkpt>
      <trkpt lat="48.752270" lon="2.034342"><ele>162.7</ele><time>2025-09-19T14:31:57Z</time></trkpt>
      <trkpt lat="48.752153" lon="2.034118"><ele>162.2</ele><time>2025-09-19T14:31:58Z</time></trkpt>
      <trkpt lat="48.752040" lon="2.033893"><ele>162.2</ele><time>2025-09-19T14:31:59Z</time></trkpt>
      <trkpt lat="48.751925" lon="2.033666"><ele>162.2</ele><time>2025-09-19T14:32:00Z</time></trkpt>
      <trkpt lat="48.751807" lon="2.033436"><ele>162.4</ele><time>2025-09-19T14:32:01Z</time></trkpt>
      <trkpt lat="48.751681" lon="2.033188"><ele>162.7</ele><time>2025-09-19T14:32:02Z</time></trkpt>
      <trkpt lat="48.751541" lon="2.032923"><ele>162.9</ele><time>2025-09-19T14:32:03Z</time></trkpt>
      <trkpt lat="48.751405" lon="2.032656"><ele>163.2</ele><time>2025-09-19T14:32:04Z</time></trkpt>
      <trkpt lat="48.751280" lon="2.032404"><ele>163.2</ele><time>2025-09-19T14:32:05Z</time></trkpt>
      <trkpt lat="48.751166" lon="2.032172"><ele>163.6</ele><time>2025-09-19T14:32:06Z</time></trkpt>
      <trkpt lat="48.751059" lon="2.031959"><ele>164.1</ele><time>2025-09-19T14:32:07Z</time></trkpt>
      <trkpt lat="48.750953" lon="2.031752"><ele>164.1</ele><time>2025-09-19T14:32:08Z</time></trkpt>
      <trkpt lat="48.750837" lon="2.031536"><ele>164.6</ele><time>2025-09-19T14:32:09Z</time></trkpt>
      <trkpt lat="48.750707" lon="2.031289"><ele>164.9</ele><time>2025-09-19T14:32:10Z</time></trkpt>
      <trkpt lat="48.750571" lon="2.031011"><ele>164.9</ele><time>2025-09-19T14:32:11Z</time></trkpt>
      <trkpt lat="48.750432" lon="2.030718"><ele>165.2</ele><time>2025-09-19T14:32:12Z</time></trkpt>
      <trkpt lat="48.750290" lon="2.030427"><ele>165.7</ele><time>2025-09-19T14:32:13Z</time></trkpt>
      <trkpt lat="48.750148" lon="2.030143"><ele>166.0</ele><time>2025-09-19T14:32:14Z</time></trkpt>
      <trkpt lat="48.750010" lon="2.029873"><ele>166.2</ele><time>2025-09-19T14:32:15Z</time></trkpt>
      <trkpt lat="48.749877" lon="2.029619"><ele>166.7</ele><time>2025-09-19T14:32:16Z</time></trkpt>
      <trkpt lat="48.749751" lon="2.029371"><ele>166.9</ele><time>2025-09-19T14:32:17Z</time></trkpt>
      <trkpt lat="48.749632" lon="2.029129"><ele>167.2</ele><time>2025-09-19T14:32:18Z</time></trkpt>
      <trkpt lat="48.749513" lon="2.028889"><ele>167.3</ele><time>2025-09-19T14:32:19Z</time></trkpt>
      <trkpt lat="48.749392" lon="2.028650"><ele>167.2</ele><time>2025-09-19T14:32:20Z</time></trkpt>
      <trkpt lat="48.749274" lon="2.028412"><ele>167.3</ele><time>2025-09-19T14:32:21Z</time></trkpt>
      <trkpt lat="48.749156" lon="2.028174"><ele>167.5</ele><time>2025-09-19T14:32:22Z</time></trkpt>
      <trkpt lat="48.749038" lon="2.027935"><ele>167.2</ele><time>2025-09-19T14:32:23Z</time></trkpt>
      <trkpt lat="48.748919" lon="2.027698"><ele>167.4</ele><time>2025-09-19T14:32:24Z</time></trkpt>
      <trkpt lat="48.748799" lon="2.027461"><ele>167.7</ele><time>2025-09-19T14:32:25Z</time></trkpt>
      <trkpt lat="48.748678" lon="2.027225"><ele>167.9</ele><time>2025-09-19T14:32:26Z</time></trkpt>
      <trkpt lat="48.748561" lon="2.026988"><ele>168.0</ele><time>2025-09-19T14:32:27Z</time></trkpt>
      <trkpt lat="48.748447" lon="2.026763"><ele>168.2</ele><time>2025-09-19T14:32:28Z</time></trkpt>
      <trkpt lat="48.748339" lon="2.026549"><ele>168.3</ele><time>2025-09-19T14:32:29Z</time></trkpt>
      <trkpt lat="48.748239" lon="2.026350"><ele>168.4</ele><time>2025-09-19T14:32:30Z</time></trkpt>
      <trkpt lat="48.748146" lon="2.026165"><ele>168.7</ele><time>2025-09-19T14:32:31Z</time></trkpt>
      <trkpt lat="48.748059" lon="2.025993"><ele>168.8</ele><time>2025-09-19T14:32:32Z</time></trkpt>
      <trkpt lat="48.747986" lon="2.025837"><ele>169.3</ele><time>2025-09-19T14:32:33Z</time></trkpt>
      <trkpt lat="48.747925" lon="2.025698"><ele>169.5</ele><time>2025-09-19T14:32:34Z</time></trkpt>
      <trkpt lat="48.747872" lon="2.025561"><ele>169.6</ele><time>2025-09-19T14:32:35Z</time></trkpt>
      <trkpt lat="48.747820" lon="2.025415"><ele>169.5</ele><time>2025-09-19T14:32:36Z</time></trkpt>
      <trkpt lat="48.747759" lon="2.025267"><ele>169.4</ele><time>2025-09-19T14:32:37Z</time></trkpt>
      <trkpt lat="48.747687" lon="2.025136"><ele>169.4</ele><time>2025-09-19T14:32:38Z</time></trkpt>
      <trkpt lat="48.747603" lon="2.025014"><ele>169.5</ele><time>2025-09-19T14:32:39Z</time></trkpt>
      <trkpt lat="48.747525" lon="2.024886"><ele>169.5</ele><time>2025-09-19T14:32:40Z</time></trkpt>
      <trkpt lat="48.747452" lon="2.024750"><ele>169.6</ele><time>2025-09-19T14:32:41Z</time></trkpt>
      <trkpt lat="48.747384" lon="2.024614"><ele>169.9</ele><time>2025-09-19T14:32:42Z</time></trkpt>
      <trkpt lat="48.747313" lon="2.024483"><ele>169.9</ele><time>2025-09-19T14:32:43Z</time></trkpt>
      <trkpt lat="48.747238" lon="2.024361"><ele>170.3</ele><time>2025-09-19T14:32:44Z</time></trkpt>
      <trkpt lat="48.747161" lon="2.024217"><ele>170.0</ele><time>2025-09-19T14:32:45Z</time></trkpt>
      <trkpt lat="48.747082" lon="2.024064"><ele>170.2</ele><time>2025-09-19T14:32:46Z</time></trkpt>
      <trkpt lat="48.747000" lon="2.023902"><ele>170.5</ele><time>2025-09-19T14:32:47Z</time></trkpt>
      <trkpt lat="48.746918" lon="2.023748"><ele>170.5</ele><time>2025-09-19T14:32:48Z</time></trkpt>
      <trkpt lat="48.746837" lon="2.023594"><ele>170.6</ele><time>2025-09-19T14:32:49Z</time></trkpt>
      <trkpt lat="48.746761" lon="2.023443"><ele>170.5</ele><time>2025-09-19T14:32:50Z</time></trkpt>
      <trkpt lat="48.746694" lon="2.023295"><ele>170.1</ele><time>2025-09-19T14:32:51Z</time></trkpt>
      <trkpt lat="48.746631" lon="2.023147"><ele>169.4</ele><time>2025-09-19T14:32:52Z</time></trkpt>
      <trkpt lat="48.746571" lon="2.022992"><ele>168.6</ele><time>2025-09-19T14:32:53Z</time></trkpt>
      <trkpt lat="48.746514" lon="2.022831"><ele>167.9</ele><time>2025-09-19T14:32:54Z</time></trkpt>
      <trkpt lat="48.746457" lon="2.022663"><ele>167.5</ele><time>2025-09-19T14:32:55Z</time></trkpt>
      <trkpt lat="48.746404" lon="2.022479"><ele>167.0</ele><time>2025-09-19T14:32:56Z</time></trkpt>
      <trkpt lat="48.746354" lon="2.022293"><ele>166.8</ele><time>2025-09-19T14:32:57Z</time></trkpt>
      <trkpt lat="48.746306" lon="2.022114"><ele>166.6</ele><time>2025-09-19T14:32:58Z</time></trkpt>
      <trkpt lat="48.746259" lon="2.021949"><ele>165.7</ele><time>2025-09-19T14:32:59Z</time></trkpt>
      <trkpt lat="48.746209" lon="2.021794"><ele>165.4</ele><time>2025-09-19T14:33:00Z</time></trkpt>
      <trkpt lat="48.746156" lon="2.021644"><ele>165.0</ele><time>2025-09-19T14:33:01Z</time></trkpt>
      <trkpt lat="48.746097" lon="2.021498"><ele>164.5</ele><time>2025-09-19T14:33:02Z</time></trkpt>
      <trkpt lat="48.746033" lon="2.021354"><ele>163.9</ele><time>2025-09-19T14:33:03Z</time></trkpt>
      <trkpt lat="48.745968" lon="2.021210"><ele>163.3</ele><time>2025-09-19T14:33:04Z</time></trkpt>
      <trkpt lat="48.745903" lon="2.021064"><ele>162.6</ele><time>2025-09-19T14:33:05Z</time></trkpt>
      <trkpt lat="48.745837" lon="2.020914"><ele>161.8</ele><time>2025-09-19T14:33:06Z</time></trkpt>
      <trkpt lat="48.745770" lon="2.020762"><ele>160.7</ele><time>2025-09-19T14:33:07Z</time></trkpt>
      <trkpt lat="48.745698" lon="2.020614"><ele>159.7</ele><time>2025-09-19T14:33:08Z</time></trkpt>
      <trkpt lat="48.745623" lon="2.020465"><ele>158.8</ele><time>2025-09-19T14:33:09Z</time></trkpt>
      <trkpt lat="48.745552" lon="2.020315"><ele>158.0</ele><time>2025-09-19T14:33:10Z</time></trkpt>
      <trkpt lat="48.745480" lon="2.020150"><ele>157.1</ele><time>2025-09-19T14:33:11Z</time></trkpt>
      <trkpt lat="48.745399" lon="2.019995"><ele>157.0</ele><time>2025-09-19T14:33:12Z</time></trkpt>
      <trkpt lat="48.745304" lon="2.019837"><ele>156.7</ele><time>2025-09-19T14:33:13Z</time></trkpt>
      <trkpt lat="48.745222" lon="2.019652"><ele>155.2</ele><time>2025-09-19T14:33:14Z</time></trkpt>
      <trkpt lat="48.745111" lon="2.019460"><ele>153.2</ele><time>2025-09-19T14:33:15Z</time></trkpt>
      <trkpt lat="48.744993" lon="2.019265"><ele>150.2</ele><time>2025-09-19T14:33:16Z</time></trkpt>
      <trkpt lat="48.744852" lon="2.019100"><ele>148.3</ele><time>2025-09-19T14:33:17Z</time></trkpt>
      <trkpt lat="48.744709" lon="2.018971"><ele>147.4</ele><time>2025-09-19T14:33:18Z</time></trkpt>
      <trkpt lat="48.744564" lon="2.018887"><ele>148.3</ele><time>2025-09-19T14:33:19Z</time></trkpt>
      <trkpt lat="48.744400" lon="2.018861"><ele>147.8</ele><time>2025-09-19T14:33:20Z</time></trkpt>
      <trkpt lat="48.744233" lon="2.018870"><ele>148.1</ele><time>2025-09-19T14:33:21Z</time></trkpt>
      <trkpt lat="48.744051" lon="2.018913"><ele>151.6</ele><time>2025-09-19T14:33:22Z</time></trkpt>
      <trkpt lat="48.743862" lon="2.018997"><ele>153.1</ele><time>2025-09-19T14:33:23Z</time></trkpt>
      <trkpt lat="48.743680" lon="2.019117"><ele>153.6</ele><time>2025-09-19T14:33:24Z</time></trkpt>
      <trkpt lat="48.743511" lon="2.019251"><ele>156.1</ele><time>2025-09-19T14:33:25Z</time></trkpt>
      <trkpt lat="48.743334" lon="2.019369"><ele>157.9</ele><time>2025-09-19T14:33:26Z</time></trkpt>
      <trkpt lat="48.743184" lon="2.019498"><ele>156.6</ele><time>2025-09-19T14:33:27Z</time></trkpt>
      <trkpt lat="48.743053" lon="2.019633"><ele>154.8</ele><time>2025-09-19T14:33:28Z</time></trkpt>
      <trkpt lat="48.742945" lon="2.019758"><ele>155.2</ele><time>2025-09-19T14:33:29Z</time></trkpt>
      <trkpt lat="48.742810" lon="2.019853"><ele>153.0</ele><time>2025-09-19T14:33:30Z</time></trkpt>
      <trkpt lat="48.742674" lon="2.019922"><ele>151.1</ele><time>2025-09-19T14:33:31Z</time></trkpt>
      <trkpt lat="48.742537" lon="2.019990"><ele>150.8</ele><time>2025-09-19T14:33:32Z</time></trkpt>
      <trkpt lat="48.742403" lon="2.020036"><ele>150.3</ele><time>2025-09-19T14:33:33Z</time></trkpt>
      <trkpt lat="48.742314" lon="2.020139"><ele>150.0</ele><time>2025-09-19T14:33:34Z</time></trkpt>
      <trkpt lat="48.742232" lon="2.020287"><ele>149.8</ele><time>2025-09-19T14:33:35Z</time></trkpt>
      <trkpt lat="48.742139" lon="2.020451"><ele>148.9</ele><time>2025-09-19T14:33:36Z</time></trkpt>
      <trkpt lat="48.742041" lon="2.020627"><ele>145.3</ele><time>2025-09-19T14:33:37Z</time></trkpt>
      <trkpt lat="48.741952" lon="2.020766"><ele>143.6</ele><time>2025-09-19T14:33:38Z</time></trkpt>
      <trkpt lat="48.741869" lon="2.020895"><ele>142.0</ele><time>2025-09-19T14:33:39Z</time></trkpt>
      <trkpt lat="48.741774" lon="2.020998"><ele>143.5</ele><time>2025-09-19T14:33:40Z</time></trkpt>
      <trkpt lat="48.741664" lon="2.021061"><ele>146.7</ele><time>2025-09-19T14:33:41Z</time></trkpt>
      <trkpt lat="48.741563" lon="2.021158"><ele>146.4</ele><time>2025-09-19T14:33:42Z</time></trkpt>
      <trkpt lat="48.741455" lon="2.021226"><ele>147.2</ele><time>2025-09-19T14:33:43Z</time></trkpt>
      <trkpt lat="48.741332" lon="2.021295"><ele>146.0</ele><time>2025-09-19T14:33:44Z</time></trkpt>
      <trkpt lat="48.741243" lon="2.021388"><ele>143.5</ele><time>2025-09-19T14:33:45Z</time></trkpt>
      <trkpt lat="48.741139" lon="2.021515"><ele>140.0</ele><time>2025-09-19T14:33:46Z</time></trkpt>
      <trkpt lat="48.741053" lon="2.021673"><ele>133.9</ele><time>2025-09-19T14:33:47Z</time></trkpt>
      <trkpt lat="48.740962" lon="2.021826"><ele>132.3</ele><time>2025-09-19T14:33:48Z</time></trkpt>
      <trkpt lat="48.740880" lon="2.021994"><ele>130.3</ele><time>2025-09-19T14:33:49Z</time></trkpt>
      <trkpt lat="48.740811" lon="2.022176"><ele>126.4</ele><time>2025-09-19T14:33:50Z</time></trkpt>
      <trkpt lat="48.740743" lon="2.022325"><ele>124.5</ele><time>2025-09-19T14:33:51Z</time></trkpt>
      <trkpt lat="48.740687" lon="2.022479"><ele>123.1</ele><time>2025-09-19T14:33:52Z</time></trkpt>
      <trkpt lat="48.740604" lon="2.022610"><ele>124.2</ele><time>2025-09-19T14:33:53Z</time></trkpt>
      <trkpt lat="48.740529" lon="2.022739"><ele>122.4</ele><time>2025-09-19T14:33:54Z</time></trkpt>
      <trkpt lat="48.740443" lon="2.022845"><ele>121.5</ele><time>2025-09-19T14:33:55Z</time></trkpt>
      <trkpt lat="48.740337" lon="2.022898"><ele>121.1</ele><time>2025-09-19T14:33:56Z</time></trkpt>
      <trkpt lat="48.740234" lon="2.022913"><ele>118.6</ele><time>2025-09-19T14:33:57Z</time></trkpt>
      <trkpt lat="48.740128" lon="2.022867"><ele>117.8</ele><time>2025-09-19T14:33:58Z</time></trkpt>
      <trkpt lat="48.740040" lon="2.022783"><ele>118.1</ele><time>2025-09-19T14:33:59Z</time></trkpt>
      <trkpt lat="48.739950" lon="2.022637"><ele>117.7</ele><time>2025-09-19T14:34:00Z</time></trkpt>
      <trkpt lat="48.739883" lon="2.022453"><ele>115.8</ele><time>2025-09-19T14:34:01Z</time></trkpt>
      <trkpt lat="48.739807" lon="2.022248"><ele>113.6</ele><time>2025-09-19T14:34:02Z</time></trkpt>
      <trkpt lat="48.739729" lon="2.022024"><ele>112.1</ele><time>2025-09-19T14:34:03Z</time></trkpt>
      <trkpt lat="48.739645" lon="2.021771"><ele>111.2</ele><time>2025-09-19T14:34:04Z</time></trkpt>
      <trkpt lat="48.739545" lon="2.021478"><ele>110.7</ele><time>2025-09-19T14:34:05Z</time></trkpt>
      <trkpt lat="48.739433" lon="2.021139"><ele>109.8</ele><time>2025-09-19T14:34:06Z</time></trkpt>
      <trkpt lat="48.739318" lon="2.020805"><ele>110.4</ele><time>2025-09-19T14:34:07Z</time></trkpt>
      <trkpt lat="48.739210" lon="2.020472"><ele>110.7</ele><time>2025-09-19T14:34:08Z</time></trkpt>
      <trkpt lat="48.739103" lon="2.020139"><ele>111.1</ele><time>2025-09-19T14:34:09Z</time></trkpt>
      <trkpt lat="48.739002" lon="2.019812"><ele>111.7</ele><time>2025-09-19T14:34:10Z</time></trkpt>
      <trkpt lat="48.738902" lon="2.019501"><ele>112.2</ele><time>2025-09-19T14:34:11Z</time></trkpt>
      <trkpt lat="48.738806" lon="2.019203"><ele>112.9</ele><time>2025-09-19T14:34:12Z</time></trkpt>
      <trkpt lat="48.738709" lon="2.018912"><ele>113.5</ele><time>2025-09-19T14:34:13Z</time></trkpt>
      <trkpt lat="48.738613" lon="2.018625"><ele>114.3</ele><time>2025-09-19T14:34:14Z</time></trkpt>
      <trkpt lat="48.738520" lon="2.018341"><ele>115.1</ele><time>2025-09-19T14:34:15Z</time></trkpt>
      <trkpt lat="48.738428" lon="2.018067"><ele>115.9</ele><time>2025-09-19T14:34:16Z</time></trkpt>
      <trkpt lat="48.738342" lon="2.017812"><ele>116.9</ele><time>2025-09-19T14:34:17Z</time></trkpt>
      <trkpt lat="48.738261" lon="2.017577"><ele>118.1</ele><time>2025-09-19T14:34:18Z</time></trkpt>
      <trkpt lat="48.738179" lon="2.017358"><ele>119.1</ele><time>2025-09-19T14:34:19Z</time></trkpt>
      <trkpt lat="48.738096" lon="2.017144"><ele>120.2</ele><time>2025-09-19T14:34:20Z</time></trkpt>
      <trkpt lat="48.738016" lon="2.016926"><ele>121.2</ele><time>2025-09-19T14:34:21Z</time></trkpt>
      <trkpt lat="48.737939" lon="2.016700"><ele>122.3</ele><time>2025-09-19T14:34:22Z</time></trkpt>
      <trkpt lat="48.737863" lon="2.016462"><ele>123.0</ele><time>2025-09-19T14:34:23Z</time></trkpt>
      <trkpt lat="48.737789" lon="2.016208"><ele>124.1</ele><time>2025-09-19T14:34:24Z</time></trkpt>
      <trkpt lat="48.737714" lon="2.015944"><ele>125.8</ele><time>2025-09-19T14:34:25Z</time></trkpt>
      <trkpt lat="48.737631" lon="2.015671"><ele>127.4</ele><time>2025-09-19T14:34:26Z</time></trkpt>
      <trkpt lat="48.737537" lon="2.015391"><ele>129.0</ele><time>2025-09-19T14:34:27Z</time></trkpt>
      <trkpt lat="48.737439" lon="2.015102"><ele>130.7</ele><time>2025-09-19T14:34:28Z</time></trkpt>
      <trkpt lat="48.737338" lon="2.014807"><ele>132.3</ele><time>2025-09-19T14:34:29Z</time></trkpt>
      <trkpt lat="48.737238" lon="2.014509"><ele>134.1</ele><time>2025-09-19T14:34:30Z</time></trkpt>
      <trkpt lat="48.737140" lon="2.014218"><ele>135.4</ele><time>2025-09-19T14:34:31Z</time></trkpt>
      <trkpt lat="48.737043" lon="2.013942"><ele>136.8</ele><time>2025-09-19T14:34:32Z</time></trkpt>
      <trkpt lat="48.736948" lon="2.013662"><ele>138.3</ele><time>2025-09-19T14:34:33Z</time></trkpt>
      <trkpt lat="48.736854" lon="2.013378"><ele>139.6</ele><time>2025-09-19T14:34:34Z</time></trkpt>
      <trkpt lat="48.736755" lon="2.013104"><ele>140.5</ele><time>2025-09-19T14:34:35Z</time></trkpt>
      <trkpt lat="48.736651" lon="2.012840"><ele>142.1</ele><time>2025-09-19T14:34:36Z</time></trkpt>
      <trkpt lat="48.736534" lon="2.012583"><ele>143.0</ele><time>2025-09-19T14:34:37Z</time></trkpt>
      <trkpt lat="48.736409" lon="2.012344"><ele>144.1</ele><time>2025-09-19T14:34:38Z</time></trkpt>
      <trkpt lat="48.736274" lon="2.012132"><ele>145.1</ele><time>2025-09-19T14:34:39Z</time></trkpt>
      <trkpt lat="48.736142" lon="2.011916"><ele>145.7</ele><time>2025-09-19T14:34:40Z</time></trkpt>
      <trkpt lat="48.735985" lon="2.011777"><ele>146.9</ele><time>2025-09-19T14:34:41Z</time></trkpt>
      <trkpt lat="48.735833" lon="2.011631"><ele>147.7</ele><time>2025-09-19T14:34:42Z</time></trkpt>
      <trkpt lat="48.735672" lon="2.011495"><ele>149.1</ele><time>2025-09-19T14:34:43Z</time></trkpt>
      <trkpt lat="48.735511" lon="2.011350"><ele>150.6</ele><time>2025-09-19T14:34:44Z</time></trkpt>
      <trkpt lat="48.735350" lon="2.011188"><ele>151.7</ele><time>2025-09-19T14:34:45Z</time></trkpt>
      <trkpt lat="48.735195" lon="2.011030"><ele>152.7</ele><time>2025-09-19T14:34:46Z</time></trkpt>
      <trkpt lat="48.735042" lon="2.010850"><ele>156.2</ele><time>2025-09-19T14:34:47Z</time></trkpt>
      <trkpt lat="48.734895" lon="2.010654"><ele>158.3</ele><time>2025-09-19T14:34:48Z</time></trkpt>
      <trkpt lat="48.734763" lon="2.010446"><ele>159.5</ele><time>2025-09-19T14:34:49Z</time></trkpt>
      <trkpt lat="48.734634" lon="2.010227"><ele>160.1</ele><time>2025-09-19T14:34:50Z</time></trkpt>
      <trkpt lat="48.734511" lon="2.010000"><ele>160.1</ele><time>2025-09-19T14:34:51Z</time></trkpt>
      <trkpt lat="48.734387" lon="2.009767"><ele>160.7</ele><time>2025-09-19T14:34:52Z</time></trkpt>
      <trkpt lat="48.734264" lon="2.009535"><ele>160.1</ele><time>2025-09-19T14:34:53Z</time></trkpt>
      <trkpt lat="48.734145" lon="2.009310"><ele>160.7</ele><time>2025-09-19T14:34:54Z</time></trkpt>
      <trkpt lat="48.734036" lon="2.009095"><ele>160.3</ele><time>2025-09-19T14:34:55Z</time></trkpt>
      <trkpt lat="48.733927" lon="2.008894"><ele>159.9</ele><time>2025-09-19T14:34:56Z</time></trkpt>
      <trkpt lat="48.733819" lon="2.008690"><ele>159.8</ele><time>2025-09-19T14:34:57Z</time></trkpt>
      <trkpt lat="48.733708" lon="2.008492"><ele>160.8</ele><time>2025-09-19T14:34:58Z</time></trkpt>
      <trkpt lat="48.733595" lon="2.008285"><ele>160.8</ele><time>2025-09-19T14:34:59Z</time></trkpt>
      <trkpt lat="48.733479" lon="2.008073"><ele>161.2</ele><time>2025-09-19T14:35:00Z</time></trkpt>
      <trkpt lat="48.733359" lon="2.007856"><ele>161.4</ele><time>2025-09-19T14:35:01Z</time></trkpt>
      <trkpt lat="48.733237" lon="2.007630"><ele>161.6</ele><time>2025-09-19T14:35:02Z</time></trkpt>
      <trkpt lat="48.733109" lon="2.007395"><ele>161.9</ele><time>2025-09-19T14:35:03Z</time></trkpt>
      <trkpt lat="48.732974" lon="2.007153"><ele>162.1</ele><time>2025-09-19T14:35:04Z</time></trkpt>
      <trkpt lat="48.732830" lon="2.006898"><ele>162.4</ele><time>2025-09-19T14:35:05Z</time></trkpt>
      <trkpt lat="48.732678" lon="2.006622"><ele>161.6</ele><time>2025-09-19T14:35:06Z</time></trkpt>
      <trkpt lat="48.732527" lon="2.006346"><ele>161.9</ele><time>2025-09-19T14:35:07Z</time></trkpt>
      <trkpt lat="48.732374" lon="2.006069"><ele>162.4</ele><time>2025-09-19T14:35:08Z</time></trkpt>
      <trkpt lat="48.732220" lon="2.005790"><ele>162.8</ele><time>2025-09-19T14:35:09Z</time></trkpt>
      <trkpt lat="48.732072" lon="2.005511"><ele>163.3</ele><time>2025-09-19T14:35:10Z</time></trkpt>
      <trkpt lat="48.731929" lon="2.005235"><ele>163.4</ele><time>2025-09-19T14:35:11Z</time></trkpt>
      <trkpt lat="48.731791" lon="2.004978"><ele>163.5</ele><time>2025-09-19T14:35:12Z</time></trkpt>
      <trkpt lat="48.731663" lon="2.004739"><ele>164.2</ele><time>2025-09-19T14:35:13Z</time></trkpt>
      <trkpt lat="48.731541" lon="2.004516"><ele>165.1</ele><time>2025-09-19T14:35:14Z</time></trkpt>
      <trkpt lat="48.731424" lon="2.004299"><ele>165.5</ele><time>2025-09-19T14:35:15Z</time></trkpt>
      <trkpt lat="48.731305" lon="2.004089"><ele>165.7</ele><time>2025-09-19T14:35:16Z</time></trkpt>
      <trkpt lat="48.731181" lon="2.003893"><ele>166.0</ele><time>2025-09-19T14:35:17Z</time></trkpt>
      <trkpt lat="48.731046" lon="2.003717"><ele>166.2</ele><time>2025-09-19T14:35:18Z</time></trkpt>
      <trkpt lat="48.730900" lon="2.003571"><ele>166.6</ele><time>2025-09-19T14:35:19Z</time></trkpt>
      <trkpt lat="48.730745" lon="2.003457"><ele>166.9</ele><time>2025-09-19T14:35:20Z</time></trkpt>
      <trkpt lat="48.730583" lon="2.003372"><ele>167.2</ele><time>2025-09-19T14:35:21Z</time></trkpt>
      <trkpt lat="48.730416" lon="2.003313"><ele>167.1</ele><time>2025-09-19T14:35:22Z</time></trkpt>
      <trkpt lat="48.730249" lon="2.003279"><ele>166.8</ele><time>2025-09-19T14:35:23Z</time></trkpt>
      <trkpt lat="48.730085" lon="2.003264"><ele>166.8</ele><time>2025-09-19T14:35:24Z</time></trkpt>
      <trkpt lat="48.729931" lon="2.003249"><ele>166.5</ele><time>2025-09-19T14:35:25Z</time></trkpt>
      <trkpt lat="48.729785" lon="2.003240"><ele>166.8</ele><time>2025-09-19T14:35:26Z</time></trkpt>
      <trkpt lat="48.729643" lon="2.003230"><ele>166.6</ele><time>2025-09-19T14:35:27Z</time></trkpt>
      <trkpt lat="48.729507" lon="2.003220"><ele>166.7</ele><time>2025-09-19T14:35:28Z</time></trkpt>
      <trkpt lat="48.729377" lon="2.003208"><ele>166.8</ele><time>2025-09-19T14:35:29Z</time></trkpt>
      <trkpt lat="48.729252" lon="2.003198"><ele>167.1</ele><time>2025-09-19T14:35:30Z</time></trkpt>
      <trkpt lat="48.729128" lon="2.003185"><ele>167.5</ele><time>2025-09-19T14:35:31Z</time></trkpt>
      <trkpt lat="48.729003" lon="2.003174"><ele>167.8</ele><time>2025-09-19T14:35:32Z</time></trkpt>
      <trkpt lat="48.728874" lon="2.003163"><ele>168.1</ele><time>2025-09-19T14:35:33Z</time></trkpt>
      <trkpt lat="48.728740" lon="2.003154"><ele>168.2</ele><time>2025-09-19T14:35:34Z</time></trkpt>
      <trkpt lat="48.728602" lon="2.003146"><ele>168.8</ele><time>2025-09-19T14:35:35Z</time></trkpt>
      <trkpt lat="48.728460" lon="2.003137"><ele>169.3</ele><time>2025-09-19T14:35:36Z</time></trkpt>
      <trkpt lat="48.728316" lon="2.003124"><ele>169.8</ele><time>2025-09-19T14:35:37Z</time></trkpt>
      <trkpt lat="48.728178" lon="2.003113"><ele>170.4</ele><time>2025-09-19T14:35:38Z</time></trkpt>
      <trkpt lat="48.728043" lon="2.003101"><ele>170.4</ele><time>2025-09-19T14:35:39Z</time></trkpt>
      <trkpt lat="48.727912" lon="2.003090"><ele>171.1</ele><time>2025-09-19T14:35:40Z</time></trkpt>
      <trkpt lat="48.727778" lon="2.003071"><ele>171.1</ele><time>2025-09-19T14:35:41Z</time></trkpt>
      <trkpt lat="48.727649" lon="2.003051"><ele>171.3</ele><time>2025-09-19T14:35:42Z</time></trkpt>
      <trkpt lat="48.727519" lon="2.003038"><ele>171.4</ele><time>2025-09-19T14:35:43Z</time></trkpt>
      <trkpt lat="48.727389" lon="2.003026"><ele>171.3</ele><time>2025-09-19T14:35:44Z</time></trkpt>
      <trkpt lat="48.727253" lon="2.003015"><ele>171.5</ele><time>2025-09-19T14:35:45Z</time></trkpt>
      <trkpt lat="48.727109" lon="2.003004"><ele>171.8</ele><time>2025-09-19T14:35:46Z</time></trkpt>
      <trkpt lat="48.726959" lon="2.002997"><ele>171.5</ele><time>2025-09-19T14:35:47Z</time></trkpt>
      <trkpt lat="48.726802" lon="2.002994"><ele>171.4</ele><time>2025-09-19T14:35:48Z</time></trkpt>
      <trkpt lat="48.726640" lon="2.002982"><ele>171.2</ele><time>2025-09-19T14:35:49Z</time></trkpt>
      <trkpt lat="48.726472" lon="2.002969"><ele>171.0</ele><time>2025-09-19T14:35:50Z</time></trkpt>
      <trkpt lat="48.726298" lon="2.002954"><ele>170.5</ele><time>2025-09-19T14:35:51Z</time></trkpt>
      <trkpt lat="48.726121" lon="2.002940"><ele>170.3</ele><time>2025-09-19T14:35:52Z</time></trkpt>
      <trkpt lat="48.725949" lon="2.002928"><ele>169.6</ele><time>2025-09-19T14:35:53Z</time></trkpt>
      <trkpt lat="48.725783" lon="2.002913"><ele>169.4</ele><time>2025-09-19T14:35:54Z</time></trkpt>
      <trkpt lat="48.725623" lon="2.002898"><ele>169.1</ele><time>2025-09-19T14:35:55Z</time></trkpt>
      <trkpt lat="48.725463" lon="2.002883"><ele>168.5</ele><time>2025-09-19T14:35:56Z</time></trkpt>
      <trkpt lat="48.725304" lon="2.002868"><ele>167.8</ele><time>2025-09-19T14:35:57Z</time></trkpt>
      <trkpt lat="48.725143" lon="2.002858"><ele>167.9</ele><time>2025-09-19T14:35:58Z</time></trkpt>
      <trkpt lat="48.724981" lon="2.002847"><ele>167.6</ele><time>2025-09-19T14:35:59Z</time></trkpt>
      <trkpt lat="48.724816" lon="2.002836"><ele>167.1</ele><time>2025-09-19T14:36:00Z</time></trkpt>
      <trkpt lat="48.724648" lon="2.002822"><ele>166.5</ele><time>2025-09-19T14:36:01Z</time></trkpt>
      <trkpt lat="48.724476" lon="2.002806"><ele>166.3</ele><time>2025-09-19T14:36:02Z</time></trkpt>
      <trkpt lat="48.724304" lon="2.002789"><ele>165.9</ele><time>2025-09-19T14:36:03Z</time></trkpt>
      <trkpt lat="48.724128" lon="2.002772"><ele>165.7</ele><time>2025-09-19T14:36:04Z</time></trkpt>
      <trkpt lat="48.723949" lon="2.002753"><ele>165.2</ele><time>2025-09-19T14:36:05Z</time></trkpt>
      <trkpt lat="48.723769" lon="2.002734"><ele>164.5</ele><time>2025-09-19T14:36:06Z</time></trkpt>
      <trkpt lat="48.723588" lon="2.002718"><ele>164.1</ele><time>2025-09-19T14:36:07Z</time></trkpt>
      <trkpt lat="48.723407" lon="2.002706"><ele>163.8</ele><time>2025-09-19T14:36:08Z</time></trkpt>
      <trkpt lat="48.723224" lon="2.002695"><ele>163.5</ele><time>2025-09-19T14:36:09Z</time></trkpt>
      <trkpt lat="48.723044" lon="2.002682"><ele>163.3</ele><time>2025-09-19T14:36:10Z</time></trkpt>
      <trkpt lat="48.722868" lon="2.002667"><ele>163.1</ele><time>2025-09-19T14:36:11Z</time></trkpt>
      <trkpt lat="48.722694" lon="2.002652"><ele>162.8</ele><time>2025-09-19T14:36:12Z</time></trkpt>
      <trkpt lat="48.722521" lon="2.002638"><ele>162.5</ele><time>2025-09-19T14:36:13Z</time></trkpt>
      <trkpt lat="48.722346" lon="2.002625"><ele>162.2</ele><time>2025-09-19T14:36:14Z</time></trkpt>
      <trkpt lat="48.722170" lon="2.002611"><ele>162.1</ele><time>2025-09-19T14:36:15Z</time></trkpt>
      <trkpt lat="48.721996" lon="2.002598"><ele>162.1</ele><time>2025-09-19T14:36:16Z</time></trkpt>
      <trkpt lat="48.721829" lon="2.002587"><ele>161.9</ele><time>2025-09-19T14:36:17Z</time></trkpt>
      <trkpt lat="48.721671" lon="2.002576"><ele>161.8</ele><time>2025-09-19T14:36:18Z</time></trkpt>
      <trkpt lat="48.721521" lon="2.002564"><ele>161.9</ele><time>2025-09-19T14:36:19Z</time></trkpt>
      <trkpt lat="48.721376" lon="2.002551"><ele>162.1</ele><time>2025-09-19T14:36:20Z</time></trkpt>
      <trkpt lat="48.721240" lon="2.002535"><ele>162.2</ele><time>2025-09-19T14:36:21Z</time></trkpt>
      <trkpt lat="48.721111" lon="2.002515"><ele>162.2</ele><time>2025-09-19T14:36:22Z</time></trkpt>
      <trkpt lat="48.720992" lon="2.002486"><ele>162.1</ele><time>2025-09-19T14:36:23Z</time></trkpt>
      <trkpt lat="48.720884" lon="2.002447"><ele>162.1</ele><time>2025-09-19T14:36:24Z</time></trkpt>
      <trkpt lat="48.720782" lon="2.002401"><ele>162.0</ele><time>2025-09-19T14:36:25Z</time></trkpt>
      <trkpt lat="48.720684" lon="2.002357"><ele>162.0</ele><time>2025-09-19T14:36:26Z</time></trkpt>
      <trkpt lat="48.720596" lon="2.002316"><ele>162.2</ele><time>2025-09-19T14:36:27Z</time></trkpt>
      <trkpt lat="48.720517" lon="2.002281"><ele>162.2</ele><time>2025-09-19T14:36:28Z</time></trkpt>
      <trkpt lat="48.720446" lon="2.002239"><ele>162.2</ele><time>2025-09-19T14:36:29Z</time></trkpt>
      <trkpt lat="48.720381" lon="2.002171"><ele>162.2</ele><time>2025-09-19T14:36:30Z</time></trkpt>
      <trkpt lat="48.720321" lon="2.002076"><ele>162.5</ele><time>2025-09-19T14:36:31Z</time></trkpt>
      <trkpt lat="48.720255" lon="2.001984"><ele>162.4</ele><time>2025-09-19T14:36:32Z</time></trkpt>
      <trkpt lat="48.720176" lon="2.001924"><ele>162.3</ele><time>2025-09-19T14:36:33Z</time></trkpt>
      <trkpt lat="48.720090" lon="2.001911"><ele>162.4</ele><time>2025-09-19T14:36:34Z</time></trkpt>
      <trkpt lat="48.720005" lon="2.001956"><ele>162.3</ele><time>2025-09-19T14:36:35Z</time></trkpt>
      <trkpt lat="48.719920" lon="2.002048"><ele>162.2</ele><time>2025-09-19T14:36:36Z</time></trkpt>
      <trkpt lat="48.719821" lon="2.002143"><ele>162.5</ele><time>2025-09-19T14:36:37Z</time></trkpt>
      <trkpt lat="48.719700" lon="2.002218"><ele>162.7</ele><time>2025-09-19T14:36:38Z</time></trkpt>
      <trkpt lat="48.719549" lon="2.002275"><ele>163.2</ele><time>2025-09-19T14:36:39Z</time></trkpt>
      <trkpt lat="48.719391" lon="2.002315"><ele>163.5</ele><time>2025-09-19T14:36:40Z</time></trkpt>
      <trkpt lat="48.719228" lon="2.002337"><ele>163.7</ele><time>2025-09-19T14:36:41Z</time></trkpt>
      <trkpt lat="48.719060" lon="2.002343"><ele>163.8</ele><time>2025-09-19T14:36:42Z</time></trkpt>
      <trkpt lat="48.718885" lon="2.002338"><ele>164.0</ele><time>2025-09-19T14:36:43Z</time></trkpt>
      <trkpt lat="48.718702" lon="2.002330"><ele>164.1</ele><time>2025-09-19T14:36:44Z</time></trkpt>
      <trkpt lat="48.718520" lon="2.002321"><ele>164.2</ele><time>2025-09-19T14:36:45Z</time></trkpt>
      <trkpt lat="48.718336" lon="2.002309"><ele>164.4</ele><time>2025-09-19T14:36:46Z</time></trkpt>
      <trkpt lat="48.718148" lon="2.002294"><ele>164.6</ele><time>2025-09-19T14:36:47Z</time></trkpt>
      <trkpt lat="48.717958" lon="2.002278"><ele>164.6</ele><time>2025-09-19T14:36:48Z</time></trkpt>
      <trkpt lat="48.717765" lon="2.002262"><ele>165.0</ele><time>2025-09-19T14:36:49Z</time></trkpt>
      <trkpt lat="48.717569" lon="2.002247"><ele>165.4</ele><time>2025-09-19T14:36:50Z</time></trkpt>
      <trkpt lat="48.717370" lon="2.002231"><ele>165.8</ele><time>2025-09-19T14:36:51Z</time></trkpt>
      <trkpt lat="48.717167" lon="2.002213"><ele>165.7</ele><time>2025-09-19T14:36:52Z</time></trkpt>
      <trkpt lat="48.716965" lon="2.002194"><ele>165.9</ele><time>2025-09-19T14:36:53Z</time></trkpt>
      <trkpt lat="48.716763" lon="2.002176"><ele>166.2</ele><time>2025-09-19T14:36:54Z</time></trkpt>
      <trkpt lat="48.716561" lon="2.002163"><ele>166.5</ele><time>2025-09-19T14:36:55Z</time></trkpt>
      <trkpt lat="48.716358" lon="2.002150"><ele>166.6</ele><time>2025-09-19T14:36:56Z</time></trkpt>
      <trkpt lat="48.716155" lon="2.002137"><ele>166.8</ele><time>2025-09-19T14:36:57Z</time></trkpt>
      <trkpt lat="48.715959" lon="2.002121"><ele>167.0</ele><time>2025-09-19T14:36:58Z</time></trkpt>
      <trkpt lat="48.715772" lon="2.002108"><ele>167.2</ele><time>2025-09-19T14:36:59Z</time></trkpt>
      <trkpt lat="48.715590" lon="2.002093"><ele>167.3</ele><time>2025-09-19T14:37:00Z</time></trkpt>
      <trkpt lat="48.715404" lon="2.002076"><ele>167.6</ele><time>2025-09-19T14:37:01Z</time></trkpt>
      <trkpt lat="48.715210" lon="2.002056"><ele>167.8</ele><time>2025-09-19T14:37:02Z</time></trkpt>
      <trkpt lat="48.715010" lon="2.002038"><ele>167.9</ele><time>2025-09-19T14:37:03Z</time></trkpt>
      <trkpt lat="48.714808" lon="2.002019"><ele>167.9</ele><time>2025-09-19T14:37:04Z</time></trkpt>
      <trkpt lat="48.714607" lon="2.002002"><ele>168.2</ele><time>2025-09-19T14:37:05Z</time></trkpt>
      <trkpt lat="48.714415" lon="2.001987"><ele>168.4</ele><time>2025-09-19T14:37:06Z</time></trkpt>
      <trkpt lat="48.714234" lon="2.001973"><ele>168.5</ele><time>2025-09-19T14:37:07Z</time></trkpt>
      <trkpt lat="48.714058" lon="2.001959"><ele>168.6</ele><time>2025-09-19T14:37:08Z</time></trkpt>
      <trkpt lat="48.713882" lon="2.001946"><ele>168.8</ele><time>2025-09-19T14:37:09Z</time></trkpt>
      <trkpt lat="48.713704" lon="2.001931"><ele>168.9</ele><time>2025-09-19T14:37:10Z</time></trkpt>
      <trkpt lat="48.713522" lon="2.001916"><ele>169.0</ele><time>2025-09-19T14:37:11Z</time></trkpt>
      <trkpt lat="48.713337" lon="2.001902"><ele>169.2</ele><time>2025-09-19T14:37:12Z</time></trkpt>
      <trkpt lat="48.713148" lon="2.001888"><ele>169.2</ele><time>2025-09-19T14:37:13Z</time></trkpt>
      <trkpt lat="48.712955" lon="2.001874"><ele>169.5</ele><time>2025-09-19T14:37:14Z</time></trkpt>
      <trkpt lat="48.712761" lon="2.001860"><ele>169.7</ele><time>2025-09-19T14:37:15Z</time></trkpt>
      <trkpt lat="48.712575" lon="2.001844"><ele>170.1</ele><time>2025-09-19T14:37:16Z</time></trkpt>
      <trkpt lat="48.712398" lon="2.001832"><ele>170.2</ele><time>2025-09-19T14:37:17Z</time></trkpt>
      <trkpt lat="48.712225" lon="2.001817"><ele>170.3</ele><time>2025-09-19T14:37:18Z</time></trkpt>
      <trkpt lat="48.712046" lon="2.001803"><ele>170.5</ele><time>2025-09-19T14:37:19Z</time></trkpt>
      <trkpt lat="48.711863" lon="2.001794"><ele>170.7</ele><time>2025-09-19T14:37:20Z</time></trkpt>
      <trkpt lat="48.711675" lon="2.001781"><ele>170.8</ele><time>2025-09-19T14:37:21Z</time></trkpt>
      <trkpt lat="48.711486" lon="2.001765"><ele>171.0</ele><time>2025-09-19T14:37:22Z</time></trkpt>
      <trkpt lat="48.711295" lon="2.001751"><ele>170.8</ele><time>2025-09-19T14:37:23Z</time></trkpt>
      <trkpt lat="48.711105" lon="2.001736"><ele>170.7</ele><time>2025-09-19T14:37:24Z</time></trkpt>
      <trkpt lat="48.710914" lon="2.001716"><ele>170.8</ele><time>2025-09-19T14:37:25Z</time></trkpt>
      <trkpt lat="48.710723" lon="2.001695"><ele>171.1</ele><time>2025-09-19T14:37:26Z</time></trkpt>
      <trkpt lat="48.710533" lon="2.001676"><ele>171.6</ele><time>2025-09-19T14:37:27Z</time></trkpt>
      <trkpt lat="48.710338" lon="2.001660"><ele>171.8</ele><time>2025-09-19T14:37:28Z</time></trkpt>
      <trkpt lat="48.710144" lon="2.001640"><ele>171.9</ele><time>2025-09-19T14:37:29Z</time></trkpt>
      <trkpt lat="48.709954" lon="2.001601"><ele>172.0</ele><time>2025-09-19T14:37:30Z</time></trkpt>
      <trkpt lat="48.709780" lon="2.001602"><ele>172.1</ele><time>2025-09-19T14:37:31Z</time></trkpt>
      <trkpt lat="48.709597" lon="2.001622"><ele>172.6</ele><time>2025-09-19T14:37:32Z</time></trkpt>
      <trkpt lat="48.709424" lon="2.001618"><ele>173.5</ele><time>2025-09-19T14:37:33Z</time></trkpt>
      <trkpt lat="48.709251" lon="2.001609"><ele>175.4</ele><time>2025-09-19T14:37:34Z</time></trkpt>
      <trkpt lat="48.709074" lon="2.001568"><ele>177.5</ele><time>2025-09-19T14:37:35Z</time></trkpt>
      <trkpt lat="48.708924" lon="2.001557"><ele>176.9</ele><time>2025-09-19T14:37:36Z</time></trkpt>
      <trkpt lat="48.708762" lon="2.001562"><ele>178.0</ele><time>2025-09-19T14:37:37Z</time></trkpt>
      <trkpt lat="48.708614" lon="2.001559"><ele>177.9</ele><time>2025-09-19T14:37:38Z</time></trkpt>
      <trkpt lat="48.708468" lon="2.001555"><ele>179.9</ele><time>2025-09-19T14:37:39Z</time></trkpt>
      <trkpt lat="48.708355" lon="2.001537"><ele>180.2</ele><time>2025-09-19T14:37:40Z</time></trkpt>
      <trkpt lat="48.708266" lon="2.001527"><ele>184.9</ele><time>2025-09-19T14:37:41Z</time></trkpt>
      <trkpt lat="48.708175" lon="2.001536"><ele>187.7</ele><time>2025-09-19T14:37:42Z</time></trkpt>
      <trkpt lat="48.708065" lon="2.001488"><ele>191.8</ele><time>2025-09-19T14:37:43Z</time></trkpt>
      <trkpt lat="48.708007" lon="2.001427"><ele>196.7</ele><time>2025-09-19T14:37:44Z</time></trkpt>
      <trkpt lat="48.707998" lon="2.001345"><ele>201.4</ele><time>2025-09-19T14:37:45Z</time></trkpt>
      <trkpt lat="48.707992" lon="2.001208"><ele>204.1</ele><time>2025-09-19T14:37:46Z</time></trkpt>
      <trkpt lat="48.707970" lon="2.001070"><ele>206.6</ele><time>2025-09-19T14:37:47Z</time></trkpt>
      <trkpt lat="48.707952" lon="2.000899"><ele>211.1</ele><time>2025-09-19T14:37:48Z</time></trkpt>
      <trkpt lat="48.708024" lon="2.000722"><ele>214.0</ele><time>2025-09-19T14:37:49Z</time></trkpt>
      <trkpt lat="48.708072" lon="2.000431"><ele>216.9</ele><time>2025-09-19T14:37:50Z</time></trkpt>
      <trkpt lat="48.708127" lon="2.000173"><ele>218.0</ele><time>2025-09-19T14:37:51Z</time></trkpt>
      <trkpt lat="48.708171" lon="1.999936"><ele>220.7</ele><time>2025-09-19T14:37:52Z</time></trkpt>
      <trkpt lat="48.708208" lon="1.999686"><ele>222.2</ele><time>2025-09-19T14:37:53Z</time></trkpt>
      <trkpt lat="48.708260" lon="1.999438"><ele>223.4</ele><time>2025-09-19T14:37:54Z</time></trkpt>
      <trkpt lat="48.708307" lon="1.999222"><ele>223.6</ele><time>2025-09-19T14:37:55Z</time></trkpt>
      <trkpt lat="48.708370" lon="1.999039"><ele>223.9</ele><time>2025-09-19T14:37:56Z</time></trkpt>
      <trkpt lat="48.708449" lon="1.998920"><ele>223.6</ele><time>2025-09-19T14:37:57Z</time></trkpt>
      <trkpt lat="48.708535" lon="1.998767"><ele>208.1</ele><time>2025-09-19T14:37:58Z</time></trkpt>
      <trkpt lat="48.708679" lon="1.998540"><ele>192.4</ele><time>2025-09-19T14:37:59Z</time></trkpt>
      <trkpt lat="48.708775" lon="1.998357"><ele>191.9</ele><time>2025-09-19T14:38:00Z</time></trkpt>
      <trkpt lat="48.708867" lon="1.998149"><ele>189.7</ele><time>2025-09-19T14:38:01Z</time></trkpt>
      <trkpt lat="48.708959" lon="1.997937"><ele>186.3</ele><time>2025-09-19T14:38:02Z</time></trkpt>
      <trkpt lat="48.709012" lon="1.997687"><ele>183.1</ele><time>2025-09-19T14:38:03Z</time></trkpt>
      <trkpt lat="48.709048" lon="1.997429"><ele>181.3</ele><time>2025-09-19T14:38:04Z</time></trkpt>
      <trkpt lat="48.709073" lon="1.997205"><ele>179.1</ele><time>2025-09-19T14:38:05Z</time></trkpt>
      <trkpt lat="48.709145" lon="1.997021"><ele>173.7</ele><time>2025-09-19T14:38:06Z</time></trkpt>
      <trkpt lat="48.709220" lon="1.996861"><ele>172.4</ele><time>2025-09-19T14:38:07Z</time></trkpt>
      <trkpt lat="48.709330" lon="1.996740"><ele>171.1</ele><time>2025-09-19T14:38:08Z</time></trkpt>
      <trkpt lat="48.709474" lon="1.996660"><ele>169.0</ele><time>2025-09-19T14:38:09Z</time></trkpt>
      <trkpt lat="48.709603" lon="1.996596"><ele>169.3</ele><time>2025-09-19T14:38:10Z</time></trkpt>
      <trkpt lat="48.709708" lon="1.996532"><ele>171.3</ele><time>2025-09-19T14:38:11Z</time></trkpt>
      <trkpt lat="48.709772" lon="1.996383"><ele>176.8</ele><time>2025-09-19T14:38:12Z</time></trkpt>
      <trkpt lat="48.709809" lon="1.996222"><ele>179.1</ele><time>2025-09-19T14:38:13Z</time></trkpt>
      <trkpt lat="48.709826" lon="1.996020"><ele>181.2</ele><time>2025-09-19T14:38:14Z</time></trkpt>
      <trkpt lat="48.709851" lon="1.995825"><ele>185.1</ele><time>2025-09-19T14:38:15Z</time></trkpt>
      <trkpt lat="48.709881" lon="1.995650"><ele>183.9</ele><time>2025-09-19T14:38:16Z</time></trkpt>
      <trkpt lat="48.709952" lon="1.995434"><ele>180.4</ele><time>2025-09-19T14:38:17Z</time></trkpt>
      <trkpt lat="48.710043" lon="1.995274"><ele>181.8</ele><time>2025-09-19T14:38:18Z</time></trkpt>
      <trkpt lat="48.710132" lon="1.995095"><ele>179.2</ele><time>2025-09-19T14:38:19Z</time></trkpt>
      <trkpt lat="48.710208" lon="1.994879"><ele>179.2</ele><time>2025-09-19T14:38:20Z</time></trkpt>
      <trkpt lat="48.710254" lon="1.994660"><ele>177.9</ele><time>2025-09-19T14:38:21Z</time></trkpt>
      <trkpt lat="48.710329" lon="1.994421"><ele>175.1</ele><time>2025-09-19T14:38:22Z</time></trkpt>
      <trkpt lat="48.710384" lon="1.994227"><ele>170.4</ele><time>2025-09-19T14:38:23Z</time></trkpt>
      <trkpt lat="48.710446" lon="1.994033"><ele>172.7</ele><time>2025-09-19T14:38:24Z</time></trkpt>
      <trkpt lat="48.710532" lon="1.993893"><ele>171.4</ele><time>2025-09-19T14:38:25Z</time></trkpt>
      <trkpt lat="48.710645" lon="1.993671"><ele>165.0</ele><time>2025-09-19T14:38:26Z</time></trkpt>
      <trkpt lat="48.710709" lon="1.993478"><ele>166.2</ele><time>2025-09-19T14:38:27Z</time></trkpt>
      <trkpt lat="48.710760" lon="1.993257"><ele>151.6</ele><time>2025-09-19T14:38:28Z</time></trkpt>
      <trkpt lat="48.710800" lon="1.993051"><ele>150.7</ele><time>2025-09-19T14:38:29Z</time></trkpt>
      <trkpt lat="48.710850" lon="1.992857"><ele>149.2</ele><time>2025-09-19T14:38:30Z</time></trkpt>
      <trkpt lat="48.710917" lon="1.992682"><ele>148.7</ele><time>2025-09-19T14:38:31Z</time></trkpt>
      <trkpt lat="48.710989" lon="1.992493"><ele>146.2</ele><time>2025-09-19T14:38:32Z</time></trkpt>
      <trkpt lat="48.711063" lon="1.992319"><ele>144.9</ele><time>2025-09-19T14:38:33Z</time></trkpt>
      <trkpt lat="48.711114" lon="1.992157"><ele>144.2</ele><time>2025-09-19T14:38:34Z</time></trkpt>
      <trkpt lat="48.711143" lon="1.991996"><ele>136.6</ele><time>2025-09-19T14:38:35Z</time></trkpt>
      <trkpt lat="48.711179" lon="1.991879"><ele>126.8</ele><time>2025-09-19T14:38:36Z</time></trkpt>
      <trkpt lat="48.711169" lon="1.991738"><ele>122.1</ele><time>2025-09-19T14:38:37Z</time></trkpt>
      <trkpt lat="48.711153" lon="1.991580"><ele>121.7</ele><time>2025-09-19T14:38:38Z</time></trkpt>
      <trkpt lat="48.711159" lon="1.991426"><ele>121.9</ele><time>2025-09-19T14:38:39Z</time></trkpt>
      <trkpt lat="48.711188" lon="1.991291"><ele>123.1</ele><time>2025-09-19T14:38:40Z</time></trkpt>
      <trkpt lat="48.711241" lon="1.991155"><ele>122.8</ele><time>2025-09-19T14:38:41Z</time></trkpt>
      <trkpt lat="48.711287" lon="1.991031"><ele>124.8</ele><time>2025-09-19T14:38:42Z</time></trkpt>
      <trkpt lat="48.711319" lon="1.990921"><ele>125.3</ele><time>2025-09-19T14:38:43Z</time></trkpt>
      <trkpt lat="48.711308" lon="1.990773"><ele>126.6</ele><time>2025-09-19T14:38:44Z</time></trkpt>
      <trkpt lat="48.711270" lon="1.990641"><ele>126.1</ele><time>2025-09-19T14:38:45Z</time></trkpt>
      <trkpt lat="48.711208" lon="1.990510"><ele>124.6</ele><time>2025-09-19T14:38:46Z</time></trkpt>
      <trkpt lat="48.711113" lon="1.990412"><ele>123.1</ele><time>2025-09-19T14:38:47Z</time></trkpt>
      <trkpt lat="48.710986" lon="1.990324"><ele>125.9</ele><time>2025-09-19T14:38:48Z</time></trkpt>
      <trkpt lat="48.710871" lon="1.990231"><ele>122.7</ele><time>2025-09-19T14:38:49Z</time></trkpt>
      <trkpt lat="48.710757" lon="1.990160"><ele>121.8</ele><time>2025-09-19T14:38:50Z</time></trkpt>
      <trkpt lat="48.710630" lon="1.990082"><ele>122.2</ele><time>2025-09-19T14:38:51Z</time></trkpt>
      <trkpt lat="48.710506" lon="1.990018"><ele>120.3</ele><time>2025-09-19T14:38:52Z</time></trkpt>
      <trkpt lat="48.710375" lon="1.989951"><ele>119.4</ele><time>2025-09-19T14:38:53Z</time></trkpt>
      <trkpt lat="48.710243" lon="1.989887"><ele>117.4</ele><time>2025-09-19T14:38:54Z</time></trkpt>
      <trkpt lat="48.710115" lon="1.989824"><ele>117.3</ele><time>2025-09-19T14:38:55Z</time></trkpt>
      <trkpt lat="48.709989" lon="1.989807"><ele>118.6</ele><time>2025-09-19T14:38:56Z</time></trkpt>
      <trkpt lat="48.709872" lon="1.989790"><ele>118.6</ele><time>2025-09-19T14:38:57Z</time></trkpt>
      <trkpt lat="48.709751" lon="1.989754"><ele>118.3</ele><time>2025-09-19T14:38:58Z</time></trkpt>
      <trkpt lat="48.709640" lon="1.989715"><ele>118.8</ele><time>2025-09-19T14:38:59Z</time></trkpt>
      <trkpt lat="48.709525" lon="1.989711"><ele>118.3</ele><time>2025-09-19T14:39:00Z</time></trkpt>
      <trkpt lat="48.709427" lon="1.989692"><ele>120.0</ele><time>2025-09-19T14:39:01Z</time></trkpt>
      <trkpt lat="48.709349" lon="1.989670"><ele>121.2</ele><time>2025-09-19T14:39:02Z</time></trkpt>
      <trkpt lat="48.709296" lon="1.989642"><ele>123.9</ele><time>2025-09-19T14:39:03Z</time></trkpt>
      <trkpt lat="48.709218" lon="1.989602"><ele>123.8</ele><time>2025-09-19T14:39:04Z</time></trkpt>
      <trkpt lat="48.709162" lon="1.989584"><ele>122.9</ele><time>2025-09-19T14:39:05Z</time></trkpt>
      <trkpt lat="48.709141" lon="1.989592"><ele>119.8</ele><time>2025-09-19T14:39:06Z</time></trkpt>
      <trkpt lat="48.709118" lon="1.989566"><ele>119.9</ele><time>2025-09-19T14:39:07Z</time></trkpt>
      <trkpt lat="48.709099" lon="1.989540"><ele>120.4</ele><time>2025-09-19T14:39:08Z</time></trkpt>
      <trkpt lat="48.709083" lon="1.989513"><ele>119.0</ele><time>2025-09-19T14:39:09Z</time></trkpt>
      <trkpt lat="48.709069" lon="1.989486"><ele>118.4</ele><time>2025-09-19T14:39:10Z</time></trkpt>
      <trkpt lat="48.709059" lon="1.989478"><ele>118.9</ele><time>2025-09-19T14:39:11Z</time></trkpt>
      <trkpt lat="48.709053" lon="1.989470"><ele>119.0</ele><time>2025-09-19T14:39:12Z</time></trkpt>
      <trkpt lat="48.709182" lon="1.989407"><ele>115.3</ele><time>2025-09-19T14:40:43Z</time></trkpt>
      <trkpt lat="48.709007" lon="1.989295"><ele>106.9</ele><time>2025-09-19T14:43:43Z</time></trkpt>
      <trkpt lat="48.709013" lon="1.989298"><ele>107.3</ele><time>2025-09-19T14:43:45Z</time></trkpt>
      <trkpt lat="48.709042" lon="1.989339"><ele>107.5</ele><time>2025-09-19T14:43:53Z</time></trkpt>
      <trkpt lat="48.709043" lon="1.989348"><ele>107.2</ele><time>2025-09-19T14:43:55Z</time></trkpt>
      <trkpt lat="48.709057" lon="1.989410"><ele>105.1</ele><time>2025-09-19T14:44:31Z</time></trkpt>
      <trkpt lat="48.709071" lon="1.989378"><ele>96.6</ele><time>2025-09-19T14:45:32Z</time></trkpt>
      <trkpt lat="48.709055" lon="1.989413"><ele>97.1</ele><time>2025-09-19T14:45:33Z</time></trkpt>
      <trkpt lat="48.709040" lon="1.989442"><ele>98.1</ele><time>2025-09-19T14:45:34Z</time></trkpt>
      <trkpt lat="48.709033" lon="1.989456"><ele>99.6</ele><time>2025-09-19T14:45:35Z</time></trkpt>
      <trkpt lat="48.709024" lon="1.989477"><ele>100.3</ele><time>2025-09-19T14:45:37Z</time></trkpt>
      <trkpt lat="48.709026" lon="1.989494"><ele>100.6</ele><time>2025-09-19T14:45:38Z</time></trkpt>
      <trkpt lat="48.709028" lon="1.989509"><ele>101.7</ele><time>2025-09-19T14:45:39Z</time></trkpt>
      <trkpt lat="48.709042" lon="1.989520"><ele>102.4</ele><time>2025-09-19T14:45:40Z</time></trkpt>
      <trkpt lat="48.709072" lon="1.989534"><ele>103.5</ele><time>2025-09-19T14:45:41Z</time></trkpt>
      <trkpt lat="48.709116" lon="1.989556"><ele>103.9</ele><time>2025-09-19T14:45:42Z</time></trkpt>
      <trkpt lat="48.709163" lon="1.989574"><ele>105.5</ele><time>2025-09-19T14:45:43Z</time></trkpt>
      <trkpt lat="48.709217" lon="1.989590"><ele>106.6</ele><time>2025-09-19T14:45:44Z</time></trkpt>
      <trkpt lat="48.709275" lon="1.989598"><ele>107.6</ele><time>2025-09-19T14:45:45Z</time></trkpt>
      <trkpt lat="48.709336" lon="1.989629"><ele>108.2</ele><time>2025-09-19T14:45:46Z</time></trkpt>
      <trkpt lat="48.709401" lon="1.989650"><ele>112.1</ele><time>2025-09-19T14:45:47Z</time></trkpt>
      <trkpt lat="48.709463" lon="1.989675"><ele>116.7</ele><time>2025-09-19T14:45:48Z</time></trkpt>
      <trkpt lat="48.709538" lon="1.989709"><ele>119.6</ele><time>2025-09-19T14:45:49Z</time></trkpt>
      <trkpt lat="48.709626" lon="1.989723"><ele>122.8</ele><time>2025-09-19T14:45:50Z</time></trkpt>
      <trkpt lat="48.709719" lon="1.989753"><ele>125.6</ele><time>2025-09-19T14:45:51Z</time></trkpt>
      <trkpt lat="48.709820" lon="1.989779"><ele>125.6</ele><time>2025-09-19T14:45:52Z</time></trkpt>
      <trkpt lat="48.709913" lon="1.989783"><ele>129.5</ele><time>2025-09-19T14:45:53Z</time></trkpt>
      <trkpt lat="48.710003" lon="1.989783"><ele>136.7</ele><time>2025-09-19T14:45:54Z</time></trkpt>
      <trkpt lat="48.710111" lon="1.989807"><ele>139.3</ele><time>2025-09-19T14:45:55Z</time></trkpt>
      <trkpt lat="48.710226" lon="1.989853"><ele>141.8</ele><time>2025-09-19T14:45:56Z</time></trkpt>
      <trkpt lat="48.710348" lon="1.989893"><ele>145.7</ele><time>2025-09-19T14:45:57Z</time></trkpt>
      <trkpt lat="48.710462" lon="1.989949"><ele>147.3</ele><time>2025-09-19T14:45:58Z</time></trkpt>
      <trkpt lat="48.710549" lon="1.990015"><ele>151.1</ele><time>2025-09-19T14:45:59Z</time></trkpt>
      <trkpt lat="48.710641" lon="1.990098"><ele>151.8</ele><time>2025-09-19T14:46:00Z</time></trkpt>
      <trkpt lat="48.710743" lon="1.990169"><ele>151.4</ele><time>2025-09-19T14:46:01Z</time></trkpt>
      <trkpt lat="48.710860" lon="1.990236"><ele>146.6</ele><time>2025-09-19T14:46:02Z</time></trkpt>
      <trkpt lat="48.710954" lon="1.990302"><ele>142.4</ele><time>2025-09-19T14:46:03Z</time></trkpt>
      <trkpt lat="48.711028" lon="1.990360"><ele>141.5</ele><time>2025-09-19T14:46:04Z</time></trkpt>
      <trkpt lat="48.711090" lon="1.990408"><ele>140.1</ele><time>2025-09-19T14:46:05Z</time></trkpt>
      <trkpt lat="48.711142" lon="1.990473"><ele>138.4</ele><time>2025-09-19T14:46:06Z</time></trkpt>
      <trkpt lat="48.711176" lon="1.990530"><ele>139.8</ele><time>2025-09-19T14:46:07Z</time></trkpt>
      <trkpt lat="48.711183" lon="1.990608"><ele>143.4</ele><time>2025-09-19T14:46:08Z</time></trkpt>
      <trkpt lat="48.711151" lon="1.990677"><ele>150.5</ele><time>2025-09-19T14:46:09Z</time></trkpt>
      <trkpt lat="48.711119" lon="1.990781"><ele>153.9</ele><time>2025-09-19T14:46:10Z</time></trkpt>
      <trkpt lat="48.711104" lon="1.990878"><ele>159.5</ele><time>2025-09-19T14:46:11Z</time></trkpt>
      <trkpt lat="48.711114" lon="1.991003"><ele>160.2</ele><time>2025-09-19T14:46:12Z</time></trkpt>
      <trkpt lat="48.711140" lon="1.991191"><ele>156.1</ele><time>2025-09-19T14:46:13Z</time></trkpt>
      <trkpt lat="48.711190" lon="1.991380"><ele>151.1</ele><time>2025-09-19T14:46:14Z</time></trkpt>
      <trkpt lat="48.711222" lon="1.991549"><ele>150.4</ele><time>2025-09-19T14:46:15Z</time></trkpt>
      <trkpt lat="48.711232" lon="1.991706"><ele>151.7</ele><time>2025-09-19T14:46:16Z</time></trkpt>
      <trkpt lat="48.711222" lon="1.991890"><ele>152.8</ele><time>2025-09-19T14:46:17Z</time></trkpt>
      <trkpt lat="48.711185" lon="1.992062"><ele>156.5</ele><time>2025-09-19T14:46:18Z</time></trkpt>
      <trkpt lat="48.711080" lon="1.992212"><ele>160.6</ele><time>2025-09-19T14:46:19Z</time></trkpt>
      <trkpt lat="48.710998" lon="1.992347"><ele>164.7</ele><time>2025-09-19T14:46:20Z</time></trkpt>
      <trkpt lat="48.710972" lon="1.992565"><ele>160.0</ele><time>2025-09-19T14:46:21Z</time></trkpt>
      <trkpt lat="48.710976" lon="1.992821"><ele>158.5</ele><time>2025-09-19T14:46:22Z</time></trkpt>
      <trkpt lat="48.710934" lon="1.993074"><ele>159.6</ele><time>2025-09-19T14:46:23Z</time></trkpt>
      <trkpt lat="48.710862" lon="1.993269"><ele>160.0</ele><time>2025-09-19T14:46:24Z</time></trkpt>
      <trkpt lat="48.710789" lon="1.993439"><ele>162.6</ele><time>2025-09-19T14:46:25Z</time></trkpt>
      <trkpt lat="48.710724" lon="1.993571"><ele>162.2</ele><time>2025-09-19T14:46:26Z</time></trkpt>
      <trkpt lat="48.710680" lon="1.993722"><ele>161.5</ele><time>2025-09-19T14:46:27Z</time></trkpt>
      <trkpt lat="48.710638" lon="1.993894"><ele>160.6</ele><time>2025-09-19T14:46:28Z</time></trkpt>
      <trkpt lat="48.710606" lon="1.994118"><ele>157.4</ele><time>2025-09-19T14:46:29Z</time></trkpt>
      <trkpt lat="48.710560" lon="1.994345"><ele>155.4</ele><time>2025-09-19T14:46:30Z</time></trkpt>
      <trkpt lat="48.710498" lon="1.994554"><ele>156.4</ele><time>2025-09-19T14:46:31Z</time></trkpt>
      <trkpt lat="48.710445" lon="1.994749"><ele>155.1</ele><time>2025-09-19T14:46:32Z</time></trkpt>
      <trkpt lat="48.710364" lon="1.994921"><ele>156.4</ele><time>2025-09-19T14:46:33Z</time></trkpt>
      <trkpt lat="48.710312" lon="1.995075"><ele>157.7</ele><time>2025-09-19T14:46:34Z</time></trkpt>
      <trkpt lat="48.710250" lon="1.995232"><ele>159.9</ele><time>2025-09-19T14:46:35Z</time></trkpt>
      <trkpt lat="48.710209" lon="1.995427"><ele>160.4</ele><time>2025-09-19T14:46:36Z</time></trkpt>
      <trkpt lat="48.710166" lon="1.995619"><ele>161.0</ele><time>2025-09-19T14:46:37Z</time></trkpt>
      <trkpt lat="48.710156" lon="1.995842"><ele>162.0</ele><time>2025-09-19T14:46:38Z</time></trkpt>
      <trkpt lat="48.710159" lon="1.996040"><ele>163.6</ele><time>2025-09-19T14:46:39Z</time></trkpt>
      <trkpt lat="48.710114" lon="1.996197"><ele>165.0</ele><time>2025-09-19T14:46:40Z</time></trkpt>
      <trkpt lat="48.710071" lon="1.996300"><ele>166.5</ele><time>2025-09-19T14:46:41Z</time></trkpt>
      <trkpt lat="48.710042" lon="1.996364"><ele>173.2</ele><time>2025-09-19T14:46:42Z</time></trkpt>
      <trkpt lat="48.709973" lon="1.996437"><ele>179.6</ele><time>2025-09-19T14:46:43Z</time></trkpt>
      <trkpt lat="48.709897" lon="1.996533"><ele>184.9</ele><time>2025-09-19T14:46:44Z</time></trkpt>
      <trkpt lat="48.709781" lon="1.996757"><ele>179.5</ele><time>2025-09-19T14:46:45Z</time></trkpt>
      <trkpt lat="48.709766" lon="1.996973"><ele>177.2</ele><time>2025-09-19T14:46:46Z</time></trkpt>
      <trkpt lat="48.709719" lon="1.997167"><ele>179.8</ele><time>2025-09-19T14:46:47Z</time></trkpt>
      <trkpt lat="48.709689" lon="1.997379"><ele>180.0</ele><time>2025-09-19T14:46:48Z</time></trkpt>
      <trkpt lat="48.709658" lon="1.997564"><ele>182.2</ele><time>2025-09-19T14:46:49Z</time></trkpt>
      <trkpt lat="48.709619" lon="1.997727"><ele>183.3</ele><time>2025-09-19T14:46:50Z</time></trkpt>
      <trkpt lat="48.709536" lon="1.997879"><ele>182.8</ele><time>2025-09-19T14:46:51Z</time></trkpt>
      <trkpt lat="48.709480" lon="1.997988"><ele>180.3</ele><time>2025-09-19T14:46:52Z</time></trkpt>
      <trkpt lat="48.709424" lon="1.998063"><ele>177.6</ele><time>2025-09-19T14:46:53Z</time></trkpt>
      <trkpt lat="48.709373" lon="1.998114"><ele>177.3</ele><time>2025-09-19T14:46:54Z</time></trkpt>
      <trkpt lat="48.709339" lon="1.998148"><ele>178.6</ele><time>2025-09-19T14:46:55Z</time></trkpt>
      <trkpt lat="48.709294" lon="1.998175"><ele>179.6</ele><time>2025-09-19T14:46:56Z</time></trkpt>
      <trkpt lat="48.709244" lon="1.998221"><ele>178.4</ele><time>2025-09-19T14:46:57Z</time></trkpt>
      <trkpt lat="48.709199" lon="1.998264"><ele>179.3</ele><time>2025-09-19T14:46:58Z</time></trkpt>
      <trkpt lat="48.709159" lon="1.998307"><ele>179.9</ele><time>2025-09-19T14:46:59Z</time></trkpt>
      <trkpt lat="48.709117" lon="1.998336"><ele>182.0</ele><time>2025-09-19T14:47:00Z</time></trkpt>
      <trkpt lat="48.709089" lon="1.998360"><ele>183.7</ele><time>2025-09-19T14:47:01Z</time></trkpt>
      <trkpt lat="48.709064" lon="1.998387"><ele>185.4</ele><time>2025-09-19T14:47:02Z</time></trkpt>
      <trkpt lat="48.709044" lon="1.998411"><ele>187.1</ele><time>2025-09-19T14:47:03Z</time></trkpt>
      <trkpt lat="48.709022" lon="1.998422"><ele>188.7</ele><time>2025-09-19T14:47:04Z</time></trkpt>
      <trkpt lat="48.708996" lon="1.998441"><ele>189.3</ele><time>2025-09-19T14:47:05Z</time></trkpt>
      <trkpt lat="48.708978" lon="1.998460"><ele>189.1</ele><time>2025-09-19T14:47:06Z</time></trkpt>
      <trkpt lat="48.708965" lon="1.998472"><ele>190.2</ele><time>2025-09-19T14:47:07Z</time></trkpt>
      <trkpt lat="48.708942" lon="1.998491"><ele>192.4</ele><time>2025-09-19T14:47:08Z</time></trkpt>
      <trkpt lat="48.708923" lon="1.998519"><ele>193.6</ele><time>2025-09-19T14:47:09Z</time></trkpt>
      <trkpt lat="48.708874" lon="1.998555"><ele>193.0</ele><time>2025-09-19T14:47:10Z</time></trkpt>
      <trkpt lat="48.708819" lon="1.998610"><ele>191.5</ele><time>2025-09-19T14:47:11Z</time></trkpt>
      <trkpt lat="48.708777" lon="1.998682"><ele>189.3</ele><time>2025-09-19T14:47:12Z</time></trkpt>
      <trkpt lat="48.708746" lon="1.998782"><ele>186.5</ele><time>2025-09-19T14:47:13Z</time></trkpt>
      <trkpt lat="48.708717" lon="1.998878"><ele>185.6</ele><time>2025-09-19T14:47:14Z</time></trkpt>
      <trkpt lat="48.708689" lon="1.998965"><ele>186.2</ele><time>2025-09-19T14:47:15Z</time></trkpt>
      <trkpt lat="48.708650" lon="1.999080"><ele>185.5</ele><time>2025-09-19T14:47:16Z</time></trkpt>
      <trkpt lat="48.708615" lon="1.999184"><ele>186.7</ele><time>2025-09-19T14:47:17Z</time></trkpt>
      <trkpt lat="48.708576" lon="1.999281"><ele>187.9</ele><time>2025-09-19T14:47:18Z</time></trkpt>
      <trkpt lat="48.708538" lon="1.999386"><ele>188.4</ele><time>2025-09-19T14:47:19Z</time></trkpt>
      <trkpt lat="48.708497" lon="1.999518"><ele>187.8</ele><time>2025-09-19T14:47:20Z</time></trkpt>
      <trkpt lat="48.708474" lon="1.999656"><ele>187.6</ele><time>2025-09-19T14:47:21Z</time></trkpt>
      <trkpt lat="48.708436" lon="1.999773"><ele>187.6</ele><time>2025-09-19T14:47:22Z</time></trkpt>
      <trkpt lat="48.708382" lon="1.999884"><ele>187.7</ele><time>2025-09-19T14:47:23Z</time></trkpt>
      <trkpt lat="48.708323" lon="2.000003"><ele>187.2</ele><time>2025-09-19T14:47:24Z</time></trkpt>
      <trkpt lat="48.708261" lon="2.000118"><ele>187.2</ele><time>2025-09-19T14:47:25Z</time></trkpt>
      <trkpt lat="48.708219" lon="2.000243"><ele>186.9</ele><time>2025-09-19T14:47:26Z</time></trkpt>
      <trkpt lat="48.708188" lon="2.000358"><ele>186.6</ele><time>2025-09-19T14:47:27Z</time></trkpt>
      <trkpt lat="48.708162" lon="2.000464"><ele>186.8</ele><time>2025-09-19T14:47:28Z</time></trkpt>
      <trkpt lat="48.708145" lon="2.000572"><ele>187.2</ele><time>2025-09-19T14:47:29Z</time></trkpt>
      <trkpt lat="48.708125" lon="2.000676"><ele>187.6</ele><time>2025-09-19T14:47:30Z</time></trkpt>
      <trkpt lat="48.708115" lon="2.000774"><ele>189.2</ele><time>2025-09-19T14:47:31Z</time></trkpt>
      <trkpt lat="48.708095" lon="2.000870"><ele>189.7</ele><time>2025-09-19T14:47:32Z</time></trkpt>
      <trkpt lat="48.708091" lon="2.000968"><ele>191.4</ele><time>2025-09-19T14:47:33Z</time></trkpt>
      <trkpt lat="48.708100" lon="2.001067"><ele>192.5</ele><time>2025-09-19T14:47:34Z</time></trkpt>
      <trkpt lat="48.708109" lon="2.001164"><ele>192.8</ele><time>2025-09-19T14:47:35Z</time></trkpt>
      <trkpt lat="48.708123" lon="2.001221"><ele>194.4</ele><time>2025-09-19T14:47:36Z</time></trkpt>
      <trkpt lat="48.708138" lon="2.001257"><ele>197.4</ele><time>2025-09-19T14:47:37Z</time></trkpt>
      <trkpt lat="48.708150" lon="2.001284"><ele>199.7</ele><time>2025-09-19T14:47:38Z</time></trkpt>
      <trkpt lat="48.708208" lon="2.001304"><ele>201.9</ele><time>2025-09-19T14:47:39Z</time></trkpt>
      <trkpt lat="48.708259" lon="2.001313"><ele>205.7</ele><time>2025-09-19T14:47:40Z</time></trkpt>
      <trkpt lat="48.708326" lon="2.001334"><ele>207.4</ele><time>2025-09-19T14:47:41Z</time></trkpt>
      <trkpt lat="48.708410" lon="2.001346"><ele>208.1</ele><time>2025-09-19T14:47:42Z</time></trkpt>
      <trkpt lat="48.708490" lon="2.001374"><ele>209.0</ele><time>2025-09-19T14:47:43Z</time></trkpt>
      <trkpt lat="48.708573" lon="2.001413"><ele>210.1</ele><time>2025-09-19T14:47:44Z</time></trkpt>
      <trkpt lat="48.708669" lon="2.001433"><ele>211.3</ele><time>2025-09-19T14:47:45Z</time></trkpt>
      <trkpt lat="48.708766" lon="2.001451"><ele>212.6</ele><time>2025-09-19T14:47:46Z</time></trkpt>
      <trkpt lat="48.708860" lon="2.001471"><ele>214.8</ele><time>2025-09-19T14:47:47Z</time></trkpt>
      <trkpt lat="48.708960" lon="2.001499"><ele>215.9</ele><time>2025-09-19T14:47:48Z</time></trkpt>
      <trkpt lat="48.709062" lon="2.001531"><ele>216.8</ele><time>2025-09-19T14:47:49Z</time></trkpt>
      <trkpt lat="48.709164" lon="2.001550"><ele>218.1</ele><time>2025-09-19T14:47:50Z</time></trkpt>
      <trkpt lat="48.709258" lon="2.001556"><ele>219.0</ele><time>2025-09-19T14:47:51Z</time></trkpt>
      <trkpt lat="48.709349" lon="2.001589"><ele>220.4</ele><time>2025-09-19T14:47:52Z</time></trkpt>
      <trkpt lat="48.709454" lon="2.001571"><ele>221.5</ele><time>2025-09-19T14:47:53Z</time></trkpt>
      <trkpt lat="48.709552" lon="2.001594"><ele>222.9</ele><time>2025-09-19T14:47:54Z</time></trkpt>
      <trkpt lat="48.709668" lon="2.001625"><ele>224.2</ele><time>2025-09-19T14:47:55Z</time></trkpt>
      <trkpt lat="48.709770" lon="2.001665"><ele>226.5</ele><time>2025-09-19T14:47:56Z</time></trkpt>
      <trkpt lat="48.709862" lon="2.001684"><ele>228.0</ele><time>2025-09-19T14:47:57Z</time></trkpt>
      <trkpt lat="48.709950" lon="2.001724"><ele>229.4</ele><time>2025-09-19T14:47:58Z</time></trkpt>
      <trkpt lat="48.710045" lon="2.001720"><ele>231.0</ele><time>2025-09-19T14:47:59Z</time></trkpt>
      <trkpt lat="48.710149" lon="2.001738"><ele>231.7</ele><time>2025-09-19T14:48:00Z</time></trkpt>
      <trkpt lat="48.710263" lon="2.001750"><ele>231.1</ele><time>2025-09-19T14:48:01Z</time></trkpt>
      <trkpt lat="48.710394" lon="2.001739"><ele>228.8</ele><time>2025-09-19T14:48:02Z</time></trkpt>
      <trkpt lat="48.710516" lon="2.001728"><ele>229.8</ele><time>2025-09-19T14:48:03Z</time></trkpt>
      <trkpt lat="48.710636" lon="2.001727"><ele>230.9</ele><time>2025-09-19T14:48:04Z</time></trkpt>
      <trkpt lat="48.710763" lon="2.001729"><ele>230.4</ele><time>2025-09-19T14:48:05Z</time></trkpt>
      <trkpt lat="48.710906" lon="2.001735"><ele>226.0</ele><time>2025-09-19T14:48:06Z</time></trkpt>
      <trkpt lat="48.711048" lon="2.001743"><ele>222.3</ele><time>2025-09-19T14:48:07Z</time></trkpt>
      <trkpt lat="48.711186" lon="2.001732"><ele>219.9</ele><time>2025-09-19T14:48:08Z</time></trkpt>
      <trkpt lat="48.711325" lon="2.001726"><ele>217.8</ele><time>2025-09-19T14:48:09Z</time></trkpt>
      <trkpt lat="48.711466" lon="2.001732"><ele>215.0</ele><time>2025-09-19T14:48:10Z</time></trkpt>
      <trkpt lat="48.711596" lon="2.001750"><ele>214.3</ele><time>2025-09-19T14:48:11Z</time></trkpt>
      <trkpt lat="48.711726" lon="2.001752"><ele>213.4</ele><time>2025-09-19T14:48:12Z</time></trkpt>
      <trkpt lat="48.711856" lon="2.001759"><ele>210.4</ele><time>2025-09-19T14:48:13Z</time></trkpt>
      <trkpt lat="48.711982" lon="2.001766"><ele>207.8</ele><time>2025-09-19T14:48:14Z</time></trkpt>
      <trkpt lat="48.712105" lon="2.001776"><ele>205.7</ele><time>2025-09-19T14:48:15Z</time></trkpt>
      <trkpt lat="48.712224" lon="2.001786"><ele>204.1</ele><time>2025-09-19T14:48:16Z</time></trkpt>
      <trkpt lat="48.712343" lon="2.001791"><ele>203.3</ele><time>2025-09-19T14:48:17Z</time></trkpt>
      <trkpt lat="48.712458" lon="2.001799"><ele>201.9</ele><time>2025-09-19T14:48:18Z</time></trkpt>
      <trkpt lat="48.712565" lon="2.001808"><ele>200.3</ele><time>2025-09-19T14:48:19Z</time></trkpt>
      <trkpt lat="48.712668" lon="2.001816"><ele>199.0</ele><time>2025-09-19T14:48:20Z</time></trkpt>
      <trkpt lat="48.712764" lon="2.001825"><ele>196.9</ele><time>2025-09-19T14:48:21Z</time></trkpt>
      <trkpt lat="48.712849" lon="2.001832"><ele>195.1</ele><time>2025-09-19T14:48:22Z</time></trkpt>
      <trkpt lat="48.712924" lon="2.001839"><ele>192.7</ele><time>2025-09-19T14:48:23Z</time></trkpt>
      <trkpt lat="48.712977" lon="2.001854"><ele>191.1</ele><time>2025-09-19T14:48:24Z</time></trkpt>
      <trkpt lat="48.713017" lon="2.001883"><ele>189.3</ele><time>2025-09-19T14:48:25Z</time></trkpt>
      <trkpt lat="48.713045" lon="2.001899"><ele>188.6</ele><time>2025-09-19T14:48:26Z</time></trkpt>
      <trkpt lat="48.713065" lon="2.001901"><ele>188.4</ele><time>2025-09-19T14:48:27Z</time></trkpt>
      <trkpt lat="48.713078" lon="2.001906"><ele>187.6</ele><time>2025-09-19T14:48:28Z</time></trkpt>
      <trkpt lat="48.713114" lon="2.002009"><ele>171.7</ele><time>2025-09-19T14:48:55Z</time></trkpt>
      <trkpt lat="48.713113" lon="2.001986"><ele>171.7</ele><time>2025-09-19T14:48:56Z</time></trkpt>
      <trkpt lat="48.713097" lon="2.001950"><ele>171.5</ele><time>2025-09-19T14:48:57Z</time></trkpt>
      <trkpt lat="48.713053" lon="2.001917"><ele>171.3</ele><time>2025-09-19T14:48:58Z</time></trkpt>
      <trkpt lat="48.712978" lon="2.001910"><ele>171.7</ele><time>2025-09-19T14:48:59Z</time></trkpt>
      <trkpt lat="48.712874" lon="2.001898"><ele>171.4</ele><time>2025-09-19T14:49:00Z</time></trkpt>
      <trkpt lat="48.712756" lon="2.001891"><ele>171.4</ele><time>2025-09-19T14:49:01Z</time></trkpt>
      <trkpt lat="48.712624" lon="2.001882"><ele>171.3</ele><time>2025-09-19T14:49:02Z</time></trkpt>
      <trkpt lat="48.712485" lon="2.001870"><ele>171.4</ele><time>2025-09-19T14:49:03Z</time></trkpt>
      <trkpt lat="48.712337" lon="2.001854"><ele>171.5</ele><time>2025-09-19T14:49:04Z</time></trkpt>
      <trkpt lat="48.712183" lon="2.001841"><ele>171.4</ele><time>2025-09-19T14:49:05Z</time></trkpt>
      <trkpt lat="48.712024" lon="2.001832"><ele>171.6</ele><time>2025-09-19T14:49:06Z</time></trkpt>
      <trkpt lat="48.711866" lon="2.001822"><ele>171.6</ele><time>2025-09-19T14:49:07Z</time></trkpt>
      <trkpt lat="48.711709" lon="2.001810"><ele>171.6</ele><time>2025-09-19T14:49:08Z</time></trkpt>
      <trkpt lat="48.711553" lon="2.001797"><ele>171.6</ele><time>2025-09-19T14:49:09Z</time></trkpt>
      <trkpt lat="48.711399" lon="2.001784"><ele>171.6</ele><time>2025-09-19T14:49:10Z</time></trkpt>
      <trkpt lat="48.711247" lon="2.001772"><ele>171.5</ele><time>2025-09-19T14:49:11Z</time></trkpt>
      <trkpt lat="48.711094" lon="2.001758"><ele>171.5</ele><time>2025-09-19T14:49:12Z</time></trkpt>
      <trkpt lat="48.710940" lon="2.001742"><ele>171.7</ele><time>2025-09-19T14:49:13Z</time></trkpt>
      <trkpt lat="48.710785" lon="2.001728"><ele>171.8</ele><time>2025-09-19T14:49:14Z</time></trkpt>
      <trkpt lat="48.710631" lon="2.001718"><ele>172.0</ele><time>2025-09-19T14:49:15Z</time></trkpt>
      <trkpt lat="48.710478" lon="2.001702"><ele>172.2</ele><time>2025-09-19T14:49:16Z</time></trkpt>
      <trkpt lat="48.710325" lon="2.001688"><ele>172.2</ele><time>2025-09-19T14:49:17Z</time></trkpt>
      <trkpt lat="48.710166" lon="2.001672"><ele>172.4</ele><time>2025-09-19T14:49:18Z</time></trkpt>
      <trkpt lat="48.710007" lon="2.001657"><ele>172.5</ele><time>2025-09-19T14:49:19Z</time></trkpt>
      <trkpt lat="48.709861" lon="2.001650"><ele>172.7</ele><time>2025-09-19T14:49:20Z</time></trkpt>
      <trkpt lat="48.709694" lon="2.001649"><ele>173.0</ele><time>2025-09-19T14:49:21Z</time></trkpt>
      <trkpt lat="48.709529" lon="2.001627"><ele>173.1</ele><time>2025-09-19T14:49:22Z</time></trkpt>
      <trkpt lat="48.709364" lon="2.001612"><ele>173.4</ele><time>2025-09-19T14:49:23Z</time></trkpt>
      <trkpt lat="48.709207" lon="2.001596"><ele>173.9</ele><time>2025-09-19T14:49:24Z</time></trkpt>
      <trkpt lat="48.709054" lon="2.001569"><ele>174.1</ele><time>2025-09-19T14:49:25Z</time></trkpt>
      <trkpt lat="48.708904" lon="2.001553"><ele>174.4</ele><time>2025-09-19T14:49:26Z</time></trkpt>
      <trkpt lat="48.708758" lon="2.001523"><ele>174.6</ele><time>2025-09-19T14:49:27Z</time></trkpt>
      <trkpt lat="48.708613" lon="2.001499"><ele>174.7</ele><time>2025-09-19T14:49:28Z</time></trkpt>
      <trkpt lat="48.708472" lon="2.001471"><ele>175.0</ele><time>2025-09-19T14:49:29Z</time></trkpt>
      <trkpt lat="48.708329" lon="2.001459"><ele>175.1</ele><time>2025-09-19T14:49:30Z</time></trkpt>
      <trkpt lat="48.708209" lon="2.001446"><ele>175.3</ele><time>2025-09-19T14:49:31Z</time></trkpt>
      <trkpt lat="48.708106" lon="2.001434"><ele>175.5</ele><time>2025-09-19T14:49:32Z</time></trkpt>
      <trkpt lat="48.707993" lon="2.001404"><ele>175.5</ele><time>2025-09-19T14:49:33Z</time></trkpt>
      <trkpt lat="48.707885" lon="2.001351"><ele>175.3</ele><time>2025-09-19T14:49:34Z</time></trkpt>
      <trkpt lat="48.707805" lon="2.001229"><ele>175.7</ele><time>2025-09-19T14:49:35Z</time></trkpt>
      <trkpt lat="48.707769" lon="2.001084"><ele>176.5</ele><time>2025-09-19T14:49:36Z</time></trkpt>
      <trkpt lat="48.707771" lon="2.000889"><ele>176.8</ele><time>2025-09-19T14:49:37Z</time></trkpt>
      <trkpt lat="48.707806" lon="2.000763"><ele>177.7</ele><time>2025-09-19T14:49:38Z</time></trkpt>
      <trkpt lat="48.707864" lon="2.000611"><ele>178.5</ele><time>2025-09-19T14:49:39Z</time></trkpt>
      <trkpt lat="48.707920" lon="2.000424"><ele>180.1</ele><time>2025-09-19T14:49:40Z</time></trkpt>
      <trkpt lat="48.708011" lon="2.000192"><ele>181.1</ele><time>2025-09-19T14:49:41Z</time></trkpt>
      <trkpt lat="48.708078" lon="2.000005"><ele>181.6</ele><time>2025-09-19T14:49:42Z</time></trkpt>
      <trkpt lat="48.708138" lon="1.999803"><ele>182.0</ele><time>2025-09-19T14:49:43Z</time></trkpt>
      <trkpt lat="48.708183" lon="1.999594"><ele>182.5</ele><time>2025-09-19T14:49:44Z</time></trkpt>
      <trkpt lat="48.708257" lon="1.999386"><ele>183.3</ele><time>2025-09-19T14:49:45Z</time></trkpt>
      <trkpt lat="48.708319" lon="1.999197"><ele>183.9</ele><time>2025-09-19T14:49:46Z</time></trkpt>
      <trkpt lat="48.708400" lon="1.999021"><ele>184.4</ele><time>2025-09-19T14:49:47Z</time></trkpt>
      <trkpt lat="48.708511" lon="1.998910"><ele>185.6</ele><time>2025-09-19T14:49:48Z</time></trkpt>
      <trkpt lat="48.708609" lon="1.998776"><ele>186.4</ele><time>2025-09-19T14:49:49Z</time></trkpt>
      <trkpt lat="48.708701" lon="1.998637"><ele>185.5</ele><time>2025-09-19T14:49:50Z</time></trkpt>
      <trkpt lat="48.708779" lon="1.998489"><ele>186.0</ele><time>2025-09-19T14:49:51Z</time></trkpt>
      <trkpt lat="48.708846" lon="1.998285"><ele>186.0</ele><time>2025-09-19T14:49:52Z</time></trkpt>
      <trkpt lat="48.708922" lon="1.998103"><ele>186.6</ele><time>2025-09-19T14:49:53Z</time></trkpt>
      <trkpt lat="48.708978" lon="1.997924"><ele>187.1</ele><time>2025-09-19T14:49:54Z</time></trkpt>
      <trkpt lat="48.709014" lon="1.997740"><ele>186.5</ele><time>2025-09-19T14:49:55Z</time></trkpt>
      <trkpt lat="48.709041" lon="1.997590"><ele>186.8</ele><time>2025-09-19T14:49:56Z</time></trkpt>
      <trkpt lat="48.709071" lon="1.997443"><ele>187.5</ele><time>2025-09-19T14:49:57Z</time></trkpt>
      <trkpt lat="48.709079" lon="1.997286"><ele>188.1</ele><time>2025-09-19T14:49:58Z</time></trkpt>
      <trkpt lat="48.709105" lon="1.997135"><ele>188.0</ele><time>2025-09-19T14:49:59Z</time></trkpt>
      <trkpt lat="48.709139" lon="1.996996"><ele>188.2</ele><time>2025-09-19T14:50:00Z</time></trkpt>
      <trkpt lat="48.709223" lon="1.996868"><ele>189.2</ele><time>2025-09-19T14:50:01Z</time></trkpt>
      <trkpt lat="48.709308" lon="1.996782"><ele>189.9</ele><time>2025-09-19T14:50:02Z</time></trkpt>
      <trkpt lat="48.709403" lon="1.996694"><ele>190.6</ele><time>2025-09-19T14:50:03Z</time></trkpt>
      <trkpt lat="48.709480" lon="1.996603"><ele>191.4</ele><time>2025-09-19T14:50:04Z</time></trkpt>
      <trkpt lat="48.709567" lon="1.996490"><ele>190.7</ele><time>2025-09-19T14:50:05Z</time></trkpt>
      <trkpt lat="48.709646" lon="1.996369"><ele>190.4</ele><time>2025-09-19T14:50:06Z</time></trkpt>
      <trkpt lat="48.709704" lon="1.996241"><ele>191.4</ele><time>2025-09-19T14:50:07Z</time></trkpt>
      <trkpt lat="48.709773" lon="1.996125"><ele>191.5</ele><time>2025-09-19T14:50:08Z</time></trkpt>
      <trkpt lat="48.709830" lon="1.996009"><ele>192.3</ele><time>2025-09-19T14:50:09Z</time></trkpt>
      <trkpt lat="48.709816" lon="1.995829"><ele>193.4</ele><time>2025-09-19T14:50:10Z</time></trkpt>
      <trkpt lat="48.709849" lon="1.995691"><ele>193.0</ele><time>2025-09-19T14:50:11Z</time></trkpt>
      <trkpt lat="48.709876" lon="1.995551"><ele>192.8</ele><time>2025-09-19T14:50:12Z</time></trkpt>
      <trkpt lat="48.709900" lon="1.995421"><ele>193.9</ele><time>2025-09-19T14:50:13Z</time></trkpt>
      <trkpt lat="48.709946" lon="1.995322"><ele>195.4</ele><time>2025-09-19T14:50:14Z</time></trkpt>
      <trkpt lat="48.709985" lon="1.995226"><ele>196.6</ele><time>2025-09-19T14:50:15Z</time></trkpt>
      <trkpt lat="48.710059" lon="1.995091"><ele>197.8</ele><time>2025-09-19T14:50:16Z</time></trkpt>
      <trkpt lat="48.710144" lon="1.994918"><ele>198.2</ele><time>2025-09-19T14:50:17Z</time></trkpt>
      <trkpt lat="48.710210" lon="1.994760"><ele>198.1</ele><time>2025-09-19T14:50:18Z</time></trkpt>
      <trkpt lat="48.710262" lon="1.994592"><ele>197.6</ele><time>2025-09-19T14:50:19Z</time></trkpt>
      <trkpt lat="48.710302" lon="1.994422"><ele>197.7</ele><time>2025-09-19T14:50:20Z</time></trkpt>
      <trkpt lat="48.710315" lon="1.994248"><ele>197.7</ele><time>2025-09-19T14:50:21Z</time></trkpt>
      <trkpt lat="48.710355" lon="1.994115"><ele>197.4</ele><time>2025-09-19T14:50:22Z</time></trkpt>
      <trkpt lat="48.710410" lon="1.994017"><ele>196.7</ele><time>2025-09-19T14:50:23Z</time></trkpt>
      <trkpt lat="48.710457" lon="1.993924"><ele>197.0</ele><time>2025-09-19T14:50:24Z</time></trkpt>
      <trkpt lat="48.710537" lon="1.993799"><ele>197.5</ele><time>2025-09-19T14:50:25Z</time></trkpt>
      <trkpt lat="48.710602" lon="1.993630"><ele>197.5</ele><time>2025-09-19T14:50:26Z</time></trkpt>
      <trkpt lat="48.710653" lon="1.993471"><ele>197.4</ele><time>2025-09-19T14:50:27Z</time></trkpt>
      <trkpt lat="48.710660" lon="1.993307"><ele>196.6</ele><time>2025-09-19T14:50:28Z</time></trkpt>
      <trkpt lat="48.710681" lon="1.993169"><ele>197.4</ele><time>2025-09-19T14:50:29Z</time></trkpt>
      <trkpt lat="48.710705" lon="1.993020"><ele>197.3</ele><time>2025-09-19T14:50:30Z</time></trkpt>
      <trkpt lat="48.710735" lon="1.992877"><ele>197.1</ele><time>2025-09-19T14:50:31Z</time></trkpt>
      <trkpt lat="48.710772" lon="1.992738"><ele>198.3</ele><time>2025-09-19T14:50:32Z</time></trkpt>
      <trkpt lat="48.710840" lon="1.992604"><ele>197.6</ele><time>2025-09-19T14:50:33Z</time></trkpt>
      <trkpt lat="48.710910" lon="1.992481"><ele>199.7</ele><time>2025-09-19T14:50:34Z</time></trkpt>
      <trkpt lat="48.710954" lon="1.992352"><ele>200.1</ele><time>2025-09-19T14:50:35Z</time></trkpt>
      <trkpt lat="48.710994" lon="1.992214"><ele>199.0</ele><time>2025-09-19T14:50:36Z</time></trkpt>
      <trkpt lat="48.711026" lon="1.992090"><ele>197.2</ele><time>2025-09-19T14:50:37Z</time></trkpt>
      <trkpt lat="48.711050" lon="1.991964"><ele>196.2</ele><time>2025-09-19T14:50:38Z</time></trkpt>
      <trkpt lat="48.711030" lon="1.991838"><ele>196.2</ele><time>2025-09-19T14:50:39Z</time></trkpt>
      <trkpt lat="48.711010" lon="1.991743"><ele>198.3</ele><time>2025-09-19T14:50:40Z</time></trkpt>
      <trkpt lat="48.711031" lon="1.991618"><ele>195.9</ele><time>2025-09-19T14:50:41Z</time></trkpt>
      <trkpt lat="48.711071" lon="1.991499"><ele>192.5</ele><time>2025-09-19T14:50:42Z</time></trkpt>
      <trkpt lat="48.711092" lon="1.991378"><ele>192.6</ele><time>2025-09-19T14:50:43Z</time></trkpt>
      <trkpt lat="48.711135" lon="1.991274"><ele>193.1</ele><time>2025-09-19T14:50:44Z</time></trkpt>
      <trkpt lat="48.711167" lon="1.991185"><ele>193.6</ele><time>2025-09-19T14:50:45Z</time></trkpt>
      <trkpt lat="48.711193" lon="1.991089"><ele>193.1</ele><time>2025-09-19T14:50:46Z</time></trkpt>
      <trkpt lat="48.711222" lon="1.991008"><ele>193.3</ele><time>2025-09-19T14:50:47Z</time></trkpt>
      <trkpt lat="48.711233" lon="1.990923"><ele>193.9</ele><time>2025-09-19T14:50:48Z</time></trkpt>
      <trkpt lat="48.711216" lon="1.990862"><ele>195.3</ele><time>2025-09-19T14:50:49Z</time></trkpt>
      <trkpt lat="48.711195" lon="1.990783"><ele>195.2</ele><time>2025-09-19T14:50:50Z</time></trkpt>
      <trkpt lat="48.711202" lon="1.990691"><ele>194.0</ele><time>2025-09-19T14:50:51Z</time></trkpt>
      <trkpt lat="48.711131" lon="1.990581"><ele>188.0</ele><time>2025-09-19T14:50:52Z</time></trkpt>
      <trkpt lat="48.711062" lon="1.990496"><ele>180.8</ele><time>2025-09-19T14:50:53Z</time></trkpt>
      <trkpt lat="48.710975" lon="1.990415"><ele>176.3</ele><time>2025-09-19T14:50:54Z</time></trkpt>
      <trkpt lat="48.710873" lon="1.990334"><ele>173.8</ele><time>2025-09-19T14:50:55Z</time></trkpt>
      <trkpt lat="48.710778" lon="1.990273"><ele>170.0</ele><time>2025-09-19T14:50:56Z</time></trkpt>
      <trkpt lat="48.710672" lon="1.990199"><ele>167.0</ele><time>2025-09-19T14:50:57Z</time></trkpt>
      <trkpt lat="48.710565" lon="1.990145"><ele>164.3</ele><time>2025-09-19T14:50:58Z</time></trkpt>
      <trkpt lat="48.710444" lon="1.990088"><ele>162.5</ele><time>2025-09-19T14:50:59Z</time></trkpt>
      <trkpt lat="48.710326" lon="1.990026"><ele>160.1</ele><time>2025-09-19T14:51:00Z</time></trkpt>
      <trkpt lat="48.710209" lon="1.989977"><ele>157.6</ele><time>2025-09-19T14:51:01Z</time></trkpt>
      <trkpt lat="48.710082" lon="1.989935"><ele>156.1</ele><time>2025-09-19T14:51:02Z</time></trkpt>
      <trkpt lat="48.709972" lon="1.989923"><ele>154.5</ele><time>2025-09-19T14:51:03Z</time></trkpt>
      <trkpt lat="48.709870" lon="1.989947"><ele>153.7</ele><time>2025-09-19T14:51:04Z</time></trkpt>
      <trkpt lat="48.709766" lon="1.989957"><ele>153.5</ele><time>2025-09-19T14:51:05Z</time></trkpt>
      <trkpt lat="48.709700" lon="1.989949"><ele>153.2</ele><time>2025-09-19T14:51:06Z</time></trkpt>
      <trkpt lat="48.709593" lon="1.989921"><ele>151.6</ele><time>2025-09-19T14:51:07Z</time></trkpt>
      <trkpt lat="48.709514" lon="1.989892"><ele>150.5</ele><time>2025-09-19T14:51:08Z</time></trkpt>
      <trkpt lat="48.709439" lon="1.989867"><ele>149.1</ele><time>2025-09-19T14:51:09Z</time></trkpt>
      <trkpt lat="48.709379" lon="1.989853"><ele>147.2</ele><time>2025-09-19T14:51:10Z</time></trkpt>
      <trkpt lat="48.709328" lon="1.989829"><ele>146.0</ele><time>2025-09-19T14:51:11Z</time></trkpt>
      <trkpt lat="48.709292" lon="1.989794"><ele>145.3</ele><time>2025-09-19T14:51:12Z</time></trkpt>
      <trkpt lat="48.709271" lon="1.989778"><ele>143.2</ele><time>2025-09-19T14:51:13Z</time></trkpt>
      <trkpt lat="48.709251" lon="1.989753"><ele>143.5</ele><time>2025-09-19T14:51:14Z</time></trkpt>
      <trkpt lat="48.709231" lon="1.989726"><ele>143.7</ele><time>2025-09-19T14:51:15Z</time></trkpt>
      <trkpt lat="48.709200" lon="1.989689"><ele>143.7</ele><time>2025-09-19T14:51:16Z</time></trkpt>
      <trkpt lat="48.709172" lon="1.989661"><ele>144.9</ele><time>2025-09-19T14:51:17Z</time></trkpt>
      <trkpt lat="48.709156" lon="1.989647"><ele>145.2</ele><time>2025-09-19T14:51:18Z</time></trkpt>
      <trkpt lat="48.709142" lon="1.989646"><ele>144.1</ele><time>2025-09-19T14:51:19Z</time></trkpt>
      <trkpt lat="48.709141" lon="1.989643"><ele>142.0</ele><time>2025-09-19T14:51:20Z</time></trkpt>
      <trkpt lat="48.709132" lon="1.989630"><ele>139.5</ele><time>2025-09-19T14:51:21Z</time></trkpt>
      <trkpt lat="48.709124" lon="1.989626"><ele>138.3</ele><time>2025-09-19T14:51:22Z</time></trkpt>
      <trkpt lat="48.709086" lon="1.989409"><ele>106.8</ele><time>2025-09-19T14:57:50Z</time></trkpt>
      <trkpt lat="48.709069" lon="1.989419"><ele>107.7</ele><time>2025-09-19T14:57:51Z</time></trkpt>
      <trkpt lat="48.709062" lon="1.989441"><ele>108.0</ele><time>2025-09-19T14:57:52Z</time></trkpt>
      <trkpt lat="48.709057" lon="1.989451"><ele>108.5</ele><time>2025-09-19T14:57:53Z</time></trkpt>
      <trkpt lat="48.709038" lon="1.989456"><ele>107.5</ele><time>2025-09-19T14:57:58Z</time></trkpt>
      <trkpt lat="48.709035" lon="1.989477"><ele>107.6</ele><time>2025-09-19T14:57:59Z</time></trkpt>
      <trkpt lat="48.709031" lon="1.989499"><ele>107.6</ele><time>2025-09-19T14:58:00Z</time></trkpt>
      <trkpt lat="48.709043" lon="1.989515"><ele>108.2</ele><time>2025-09-19T14:58:01Z</time></trkpt>
      <trkpt lat="48.709074" lon="1.989522"><ele>108.7</ele><time>2025-09-19T14:58:02Z</time></trkpt>
      <trkpt lat="48.709119" lon="1.989529"><ele>109.4</ele><time>2025-09-19T14:58:03Z</time></trkpt>
      <trkpt lat="48.709168" lon="1.989530"><ele>111.1</ele><time>2025-09-19T14:58:04Z</time></trkpt>
      <trkpt lat="48.709226" lon="1.989537"><ele>112.9</ele><time>2025-09-19T14:58:05Z</time></trkpt>
      <trkpt lat="48.709287" lon="1.989523"><ele>113.8</ele><time>2025-09-19T14:58:06Z</time></trkpt>
      <trkpt lat="48.709359" lon="1.989515"><ele>115.0</ele><time>2025-09-19T14:58:07Z</time></trkpt>
      <trkpt lat="48.709430" lon="1.989518"><ele>117.4</ele><time>2025-09-19T14:58:08Z</time></trkpt>
      <trkpt lat="48.709498" lon="1.989520"><ele>120.2</ele><time>2025-09-19T14:58:09Z</time></trkpt>
      <trkpt lat="48.709570" lon="1.989525"><ele>123.5</ele><time>2025-09-19T14:58:10Z</time></trkpt>
      <trkpt lat="48.709649" lon="1.989536"><ele>126.1</ele><time>2025-09-19T14:58:11Z</time></trkpt>
      <trkpt lat="48.709733" lon="1.989549"><ele>128.2</ele><time>2025-09-19T14:58:12Z</time></trkpt>
      <trkpt lat="48.709820" lon="1.989557"><ele>130.5</ele><time>2025-09-19T14:58:13Z</time></trkpt>
      <trkpt lat="48.709902" lon="1.989567"><ele>132.2</ele><time>2025-09-19T14:58:14Z</time></trkpt>
      <trkpt lat="48.709988" lon="1.989602"><ele>133.8</ele><time>2025-09-19T14:58:15Z</time></trkpt>
      <trkpt lat="48.710073" lon="1.989648"><ele>135.7</ele><time>2025-09-19T14:58:16Z</time></trkpt>
      <trkpt lat="48.710155" lon="1.989697"><ele>138.0</ele><time>2025-09-19T14:58:17Z</time></trkpt>
      <trkpt lat="48.710258" lon="1.989720"><ele>141.4</ele><time>2025-09-19T14:58:18Z</time></trkpt>
      <trkpt lat="48.710363" lon="1.989771"><ele>142.7</ele><time>2025-09-19T14:58:19Z</time></trkpt>
      <trkpt lat="48.710485" lon="1.989861"><ele>139.9</ele><time>2025-09-19T14:58:20Z</time></trkpt>
      <trkpt lat="48.710595" lon="1.989931"><ele>137.9</ele><time>2025-09-19T14:58:21Z</time></trkpt>
      <trkpt lat="48.710700" lon="1.990012"><ele>135.9</ele><time>2025-09-19T14:58:22Z</time></trkpt>
      <trkpt lat="48.710805" lon="1.990094"><ele>134.0</ele><time>2025-09-19T14:58:23Z</time></trkpt>
      <trkpt lat="48.710910" lon="1.990169"><ele>132.4</ele><time>2025-09-19T14:58:24Z</time></trkpt>
      <trkpt lat="48.711008" lon="1.990240"><ele>130.5</ele><time>2025-09-19T14:58:25Z</time></trkpt>
      <trkpt lat="48.711098" lon="1.990312"><ele>128.6</ele><time>2025-09-19T14:58:26Z</time></trkpt>
      <trkpt lat="48.711156" lon="1.990382"><ele>129.4</ele><time>2025-09-19T14:58:27Z</time></trkpt>
      <trkpt lat="48.711202" lon="1.990474"><ele>130.0</ele><time>2025-09-19T14:58:28Z</time></trkpt>
      <trkpt lat="48.711229" lon="1.990600"><ele>128.8</ele><time>2025-09-19T14:58:29Z</time></trkpt>
      <trkpt lat="48.711224" lon="1.990703"><ele>131.7</ele><time>2025-09-19T14:58:30Z</time></trkpt>
      <trkpt lat="48.711193" lon="1.990814"><ele>135.3</ele><time>2025-09-19T14:58:31Z</time></trkpt>
      <trkpt lat="48.711159" lon="1.990932"><ele>141.2</ele><time>2025-09-19T14:58:32Z</time></trkpt>
      <trkpt lat="48.711165" lon="1.991079"><ele>144.1</ele><time>2025-09-19T14:58:33Z</time></trkpt>
      <trkpt lat="48.711173" lon="1.991263"><ele>140.9</ele><time>2025-09-19T14:58:34Z</time></trkpt>
      <trkpt lat="48.711189" lon="1.991448"><ele>141.3</ele><time>2025-09-19T14:58:35Z</time></trkpt>
      <trkpt lat="48.711208" lon="1.991633"><ele>145.2</ele><time>2025-09-19T14:58:36Z</time></trkpt>
      <trkpt lat="48.711220" lon="1.991816"><ele>147.6</ele><time>2025-09-19T14:58:37Z</time></trkpt>
      <trkpt lat="48.711210" lon="1.992004"><ele>150.5</ele><time>2025-09-19T14:58:38Z</time></trkpt>
      <trkpt lat="48.711181" lon="1.992155"><ele>155.2</ele><time>2025-09-19T14:58:39Z</time></trkpt>
      <trkpt lat="48.711189" lon="1.992347"><ele>159.0</ele><time>2025-09-19T14:58:40Z</time></trkpt>
      <trkpt lat="48.711183" lon="1.992564"><ele>161.3</ele><time>2025-09-19T14:58:41Z</time></trkpt>
      <trkpt lat="48.711185" lon="1.992783"><ele>161.2</ele><time>2025-09-19T14:58:42Z</time></trkpt>
      <trkpt lat="48.711155" lon="1.993038"><ele>158.8</ele><time>2025-09-19T14:58:43Z</time></trkpt>
      <trkpt lat="48.711084" lon="1.993256"><ele>157.2</ele><time>2025-09-19T14:58:44Z</time></trkpt>
      <trkpt lat="48.710980" lon="1.993423"><ele>157.6</ele><time>2025-09-19T14:58:45Z</time></trkpt>
      <trkpt lat="48.710876" lon="1.993566"><ele>158.9</ele><time>2025-09-19T14:58:46Z</time></trkpt>
      <trkpt lat="48.710792" lon="1.993664"><ele>160.0</ele><time>2025-09-19T14:58:47Z</time></trkpt>
      <trkpt lat="48.710728" lon="1.993739"><ele>163.5</ele><time>2025-09-19T14:58:48Z</time></trkpt>
      <trkpt lat="48.710687" lon="1.993828"><ele>164.2</ele><time>2025-09-19T14:58:49Z</time></trkpt>
      <trkpt lat="48.710685" lon="1.994016"><ele>158.5</ele><time>2025-09-19T14:58:50Z</time></trkpt>
      <trkpt lat="48.710694" lon="1.994154"><ele>161.7</ele><time>2025-09-19T14:58:51Z</time></trkpt>
      <trkpt lat="48.710660" lon="1.994383"><ele>157.8</ele><time>2025-09-19T14:58:52Z</time></trkpt>
      <trkpt lat="48.710637" lon="1.994595"><ele>156.2</ele><time>2025-09-19T14:58:53Z</time></trkpt>
      <trkpt lat="48.710553" lon="1.994746"><ele>158.3</ele><time>2025-09-19T14:58:54Z</time></trkpt>
      <trkpt lat="48.710457" lon="1.994901"><ele>159.4</ele><time>2025-09-19T14:58:55Z</time></trkpt>
      <trkpt lat="48.710330" lon="1.995023"><ele>161.3</ele><time>2025-09-19T14:58:56Z</time></trkpt>
      <trkpt lat="48.710243" lon="1.995166"><ele>161.9</ele><time>2025-09-19T14:58:57Z</time></trkpt>
      <trkpt lat="48.710186" lon="1.995343"><ele>161.8</ele><time>2025-09-19T14:58:58Z</time></trkpt>
      <trkpt lat="48.710188" lon="1.995574"><ele>164.9</ele><time>2025-09-19T14:58:59Z</time></trkpt>
      <trkpt lat="48.710189" lon="1.995786"><ele>164.9</ele><time>2025-09-19T14:59:00Z</time></trkpt>
      <trkpt lat="48.710186" lon="1.995977"><ele>165.4</ele><time>2025-09-19T14:59:01Z</time></trkpt>
      <trkpt lat="48.710173" lon="1.996118"><ele>168.2</ele><time>2025-09-19T14:59:02Z</time></trkpt>
      <trkpt lat="48.710167" lon="1.996244"><ele>171.0</ele><time>2025-09-19T14:59:03Z</time></trkpt>
      <trkpt lat="48.710144" lon="1.996357"><ele>176.8</ele><time>2025-09-19T14:59:04Z</time></trkpt>
      <trkpt lat="48.710137" lon="1.996494"><ele>179.2</ele><time>2025-09-19T14:59:05Z</time></trkpt>
      <trkpt lat="48.710069" lon="1.996611"><ele>185.5</ele><time>2025-09-19T14:59:06Z</time></trkpt>
      <trkpt lat="48.710009" lon="1.996781"><ele>184.7</ele><time>2025-09-19T14:59:07Z</time></trkpt>
      <trkpt lat="48.709924" lon="1.996894"><ele>186.7</ele><time>2025-09-19T14:59:08Z</time></trkpt>
      <trkpt lat="48.709913" lon="1.997106"><ele>185.2</ele><time>2025-09-19T14:59:09Z</time></trkpt>
      <trkpt lat="48.709904" lon="1.997370"><ele>179.4</ele><time>2025-09-19T14:59:10Z</time></trkpt>
      <trkpt lat="48.709815" lon="1.997607"><ele>183.9</ele><time>2025-09-19T14:59:11Z</time></trkpt>
      <trkpt lat="48.709744" lon="1.997853"><ele>186.2</ele><time>2025-09-19T14:59:12Z</time></trkpt>
      <trkpt lat="48.709653" lon="1.998082"><ele>186.2</ele><time>2025-09-19T14:59:13Z</time></trkpt>
      <trkpt lat="48.709572" lon="1.998288"><ele>186.7</ele><time>2025-09-19T14:59:14Z</time></trkpt>
      <trkpt lat="48.709487" lon="1.998459"><ele>183.6</ele><time>2025-09-19T14:59:15Z</time></trkpt>
      <trkpt lat="48.709390" lon="1.998561"><ele>186.1</ele><time>2025-09-19T14:59:16Z</time></trkpt>
      <trkpt lat="48.709330" lon="1.998655"><ele>189.7</ele><time>2025-09-19T14:59:17Z</time></trkpt>
      <trkpt lat="48.709265" lon="1.998749"><ele>191.2</ele><time>2025-09-19T14:59:18Z</time></trkpt>
      <trkpt lat="48.709175" lon="1.998858"><ele>191.6</ele><time>2025-09-19T14:59:19Z</time></trkpt>
      <trkpt lat="48.709100" lon="1.998997"><ele>191.0</ele><time>2025-09-19T14:59:20Z</time></trkpt>
      <trkpt lat="48.709035" lon="1.999181"><ele>192.5</ele><time>2025-09-19T14:59:21Z</time></trkpt>
      <trkpt lat="48.708969" lon="1.999424"><ele>191.6</ele><time>2025-09-19T14:59:22Z</time></trkpt>
      <trkpt lat="48.708892" lon="1.999658"><ele>192.1</ele><time>2025-09-19T14:59:23Z</time></trkpt>
      <trkpt lat="48.708811" lon="1.999891"><ele>192.9</ele><time>2025-09-19T14:59:24Z</time></trkpt>
      <trkpt lat="48.708719" lon="2.000108"><ele>194.8</ele><time>2025-09-19T14:59:25Z</time></trkpt>
      <trkpt lat="48.708593" lon="2.000285"><ele>195.9</ele><time>2025-09-19T14:59:26Z</time></trkpt>
      <trkpt lat="48.708477" lon="2.000474"><ele>195.5</ele><time>2025-09-19T14:59:27Z</time></trkpt>
      <trkpt lat="48.708393" lon="2.000675"><ele>195.5</ele><time>2025-09-19T14:59:28Z</time></trkpt>
      <trkpt lat="48.708323" lon="2.000862"><ele>195.1</ele><time>2025-09-19T14:59:29Z</time></trkpt>
      <trkpt lat="48.708288" lon="2.001044"><ele>192.8</ele><time>2025-09-19T14:59:30Z</time></trkpt>
      <trkpt lat="48.708229" lon="2.001173"><ele>194.9</ele><time>2025-09-19T14:59:31Z</time></trkpt>
      <trkpt lat="48.708201" lon="2.001306"><ele>193.3</ele><time>2025-09-19T14:59:32Z</time></trkpt>
      <trkpt lat="48.708170" lon="2.001418"><ele>192.9</ele><time>2025-09-19T14:59:33Z</time></trkpt>
      <trkpt lat="48.708219" lon="2.001515"><ele>193.4</ele><time>2025-09-19T14:59:34Z</time></trkpt>
      <trkpt lat="48.708235" lon="2.001631"><ele>194.8</ele><time>2025-09-19T14:59:35Z</time></trkpt>
      <trkpt lat="48.708374" lon="2.001736"><ele>196.8</ele><time>2025-09-19T14:59:36Z</time></trkpt>
      <trkpt lat="48.708433" lon="2.001759"><ele>201.2</ele><time>2025-09-19T14:59:37Z</time></trkpt>
      <trkpt lat="48.708502" lon="2.001809"><ele>203.0</ele><time>2025-09-19T14:59:38Z</time></trkpt>
      <trkpt lat="48.708582" lon="2.001890"><ele>205.0</ele><time>2025-09-19T14:59:39Z</time></trkpt>
      <trkpt lat="48.708679" lon="2.001970"><ele>207.9</ele><time>2025-09-19T14:59:40Z</time></trkpt>
      <trkpt lat="48.708762" lon="2.002039"><ele>212.1</ele><time>2025-09-19T14:59:41Z</time></trkpt>
      <trkpt lat="48.708852" lon="2.002108"><ele>214.7</ele><time>2025-09-19T14:59:42Z</time></trkpt>
      <trkpt lat="48.708957" lon="2.002123"><ele>216.5</ele><time>2025-09-19T14:59:43Z</time></trkpt>
      <trkpt lat="48.709029" lon="2.002098"><ele>222.5</ele><time>2025-09-19T14:59:44Z</time></trkpt>
      <trkpt lat="48.709066" lon="2.002059"><ele>228.8</ele><time>2025-09-19T14:59:45Z</time></trkpt>
      <trkpt lat="48.709118" lon="2.002036"><ele>233.5</ele><time>2025-09-19T14:59:46Z</time></trkpt>
      <trkpt lat="48.709158" lon="2.002029"><ele>237.0</ele><time>2025-09-19T14:59:47Z</time></trkpt>
      <trkpt lat="48.709192" lon="2.002028"><ele>238.7</ele><time>2025-09-19T14:59:48Z</time></trkpt>
      <trkpt lat="48.709231" lon="2.002006"><ele>238.8</ele><time>2025-09-19T14:59:49Z</time></trkpt>
      <trkpt lat="48.709259" lon="2.001993"><ele>237.9</ele><time>2025-09-19T14:59:50Z</time></trkpt>
      <trkpt lat="48.709276" lon="2.002011"><ele>236.0</ele><time>2025-09-19T14:59:51Z</time></trkpt>
      <trkpt lat="48.709297" lon="2.002009"><ele>232.8</ele><time>2025-09-19T14:59:52Z</time></trkpt>
      <trkpt lat="48.709325" lon="2.001982"><ele>231.1</ele><time>2025-09-19T14:59:53Z</time></trkpt>
      <trkpt lat="48.709516" lon="2.001688"><ele>197.2</ele><time>2025-09-19T15:00:24Z</time></trkpt>
      <trkpt lat="48.709508" lon="2.001699"><ele>197.2</ele><time>2025-09-19T15:00:25Z</time></trkpt>
      <trkpt lat="48.709495" lon="2.001717"><ele>197.3</ele><time>2025-09-19T15:00:26Z</time></trkpt>
      <trkpt lat="48.709474" lon="2.001721"><ele>197.8</ele><time>2025-09-19T15:00:27Z</time></trkpt>
      <trkpt lat="48.709452" lon="2.001738"><ele>198.3</ele><time>2025-09-19T15:00:28Z</time></trkpt>
      <trkpt lat="48.709427" lon="2.001774"><ele>198.9</ele><time>2025-09-19T15:00:29Z</time></trkpt>
      <trkpt lat="48.709396" lon="2.001816"><ele>199.0</ele><time>2025-09-19T15:00:30Z</time></trkpt>
      <trkpt lat="48.709333" lon="2.001826"><ele>199.2</ele><time>2025-09-19T15:00:31Z</time></trkpt>
      <trkpt lat="48.709253" lon="2.001819"><ele>199.3</ele><time>2025-09-19T15:00:32Z</time></trkpt>
      <trkpt lat="48.709189" lon="2.001810"><ele>200.1</ele><time>2025-09-19T15:00:33Z</time></trkpt>
      <trkpt lat="48.709099" lon="2.001808"><ele>200.7</ele><time>2025-09-19T15:00:34Z</time></trkpt>
      <trkpt lat="48.708986" lon="2.001813"><ele>201.5</ele><time>2025-09-19T15:00:35Z</time></trkpt>
      <trkpt lat="48.708896" lon="2.001854"><ele>202.2</ele><time>2025-09-19T15:00:36Z</time></trkpt>
      <trkpt lat="48.708742" lon="2.001842"><ele>202.5</ele><time>2025-09-19T15:00:37Z</time></trkpt>
      <trkpt lat="48.708619" lon="2.001884"><ele>203.3</ele><time>2025-09-19T15:00:38Z</time></trkpt>
      <trkpt lat="48.708521" lon="2.001883"><ele>204.3</ele><time>2025-09-19T15:00:39Z</time></trkpt>
      <trkpt lat="48.708412" lon="2.001844"><ele>205.2</ele><time>2025-09-19T15:00:40Z</time></trkpt>
      <trkpt lat="48.708287" lon="2.001736"><ele>205.5</ele><time>2025-09-19T15:00:41Z</time></trkpt>
      <trkpt lat="48.708224" lon="2.001577"><ele>208.4</ele><time>2025-09-19T15:00:42Z</time></trkpt>
      <trkpt lat="48.708244" lon="2.001376"><ele>209.4</ele><time>2025-09-19T15:00:43Z</time></trkpt>
      <trkpt lat="48.708279" lon="2.001196"><ele>208.6</ele><time>2025-09-19T15:00:44Z</time></trkpt>
      <trkpt lat="48.708273" lon="2.001024"><ele>209.8</ele><time>2025-09-19T15:00:45Z</time></trkpt>
      <trkpt lat="48.708279" lon="2.000835"><ele>210.5</ele><time>2025-09-19T15:00:46Z</time></trkpt>
      <trkpt lat="48.708326" lon="2.000544"><ele>211.3</ele><time>2025-09-19T15:00:47Z</time></trkpt>
      <trkpt lat="48.708377" lon="2.000321"><ele>212.4</ele><time>2025-09-19T15:00:48Z</time></trkpt>
      <trkpt lat="48.708402" lon="2.000073"><ele>211.8</ele><time>2025-09-19T15:00:49Z</time></trkpt>
      <trkpt lat="48.708423" lon="1.999825"><ele>211.8</ele><time>2025-09-19T15:00:50Z</time></trkpt>
      <trkpt lat="48.708438" lon="1.999606"><ele>212.2</ele><time>2025-09-19T15:00:51Z</time></trkpt>
      <trkpt lat="48.708464" lon="1.999405"><ele>212.8</ele><time>2025-09-19T15:00:52Z</time></trkpt>
      <trkpt lat="48.708504" lon="1.999224"><ele>213.8</ele><time>2025-09-19T15:00:53Z</time></trkpt>
      <trkpt lat="48.708567" lon="1.999073"><ele>214.2</ele><time>2025-09-19T15:00:54Z</time></trkpt>
      <trkpt lat="48.708631" lon="1.998953"><ele>213.8</ele><time>2025-09-19T15:00:55Z</time></trkpt>
      <trkpt lat="48.708702" lon="1.998829"><ele>214.2</ele><time>2025-09-19T15:00:56Z</time></trkpt>
      <trkpt lat="48.708756" lon="1.998659"><ele>214.9</ele><time>2025-09-19T15:00:57Z</time></trkpt>
      <trkpt lat="48.708840" lon="1.998493"><ele>216.2</ele><time>2025-09-19T15:00:58Z</time></trkpt>
      <trkpt lat="48.708934" lon="1.998237"><ele>216.2</ele><time>2025-09-19T15:00:59Z</time></trkpt>
      <trkpt lat="48.709018" lon="1.998013"><ele>216.5</ele><time>2025-09-19T15:01:00Z</time></trkpt>
      <trkpt lat="48.709098" lon="1.997797"><ele>217.1</ele><time>2025-09-19T15:01:01Z</time></trkpt>
      <trkpt lat="48.709156" lon="1.997569"><ele>218.1</ele><time>2025-09-19T15:01:02Z</time></trkpt>
      <trkpt lat="48.709204" lon="1.997347"><ele>218.5</ele><time>2025-09-19T15:01:03Z</time></trkpt>
      <trkpt lat="48.709251" lon="1.997154"><ele>218.0</ele><time>2025-09-19T15:01:04Z</time></trkpt>
      <trkpt lat="48.709335" lon="1.996984"><ele>217.5</ele><time>2025-09-19T15:01:05Z</time></trkpt>
      <trkpt lat="48.709461" lon="1.996863"><ele>218.8</ele><time>2025-09-19T15:01:06Z</time></trkpt>
      <trkpt lat="48.709585" lon="1.996764"><ele>219.4</ele><time>2025-09-19T15:01:07Z</time></trkpt>
      <trkpt lat="48.709690" lon="1.996656"><ele>219.7</ele><time>2025-09-19T15:01:08Z</time></trkpt>
      <trkpt lat="48.709785" lon="1.996503"><ele>219.9</ele><time>2025-09-19T15:01:09Z</time></trkpt>
      <trkpt lat="48.709840" lon="1.996335"><ele>220.2</ele><time>2025-09-19T15:01:10Z</time></trkpt>
      <trkpt lat="48.709882" lon="1.996170"><ele>220.6</ele><time>2025-09-19T15:01:11Z</time></trkpt>
      <trkpt lat="48.709890" lon="1.995953"><ele>221.4</ele><time>2025-09-19T15:01:12Z</time></trkpt>
      <trkpt lat="48.709871" lon="1.995742"><ele>222.4</ele><time>2025-09-19T15:01:13Z</time></trkpt>
      <trkpt lat="48.709905" lon="1.995563"><ele>222.7</ele><time>2025-09-19T15:01:14Z</time></trkpt>
      <trkpt lat="48.709957" lon="1.995382"><ele>222.8</ele><time>2025-09-19T15:01:15Z</time></trkpt>
      <trkpt lat="48.710056" lon="1.995236"><ele>221.9</ele><time>2025-09-19T15:01:16Z</time></trkpt>
      <trkpt lat="48.710145" lon="1.995078"><ele>220.8</ele><time>2025-09-19T15:01:17Z</time></trkpt>
      <trkpt lat="48.710217" lon="1.994871"><ele>221.4</ele><time>2025-09-19T15:01:18Z</time></trkpt>
      <trkpt lat="48.710292" lon="1.994644"><ele>221.0</ele><time>2025-09-19T15:01:19Z</time></trkpt>
      <trkpt lat="48.710339" lon="1.994417"><ele>220.5</ele><time>2025-09-19T15:01:20Z</time></trkpt>
      <trkpt lat="48.710375" lon="1.994204"><ele>218.5</ele><time>2025-09-19T15:01:21Z</time></trkpt>
      <trkpt lat="48.710429" lon="1.994003"><ele>217.3</ele><time>2025-09-19T15:01:22Z</time></trkpt>
      <trkpt lat="48.710511" lon="1.993809"><ele>217.0</ele><time>2025-09-19T15:01:23Z</time></trkpt>
      <trkpt lat="48.710585" lon="1.993603"><ele>216.2</ele><time>2025-09-19T15:01:24Z</time></trkpt>
      <trkpt lat="48.710653" lon="1.993413"><ele>215.6</ele><time>2025-09-19T15:01:25Z</time></trkpt>
      <trkpt lat="48.710653" lon="1.993169"><ele>214.6</ele><time>2025-09-19T15:01:26Z</time></trkpt>
      <trkpt lat="48.710681" lon="1.992970"><ele>215.6</ele><time>2025-09-19T15:01:27Z</time></trkpt>
      <trkpt lat="48.710732" lon="1.992808"><ele>215.4</ele><time>2025-09-19T15:01:28Z</time></trkpt>
      <trkpt lat="48.710785" lon="1.992633"><ele>215.3</ele><time>2025-09-19T15:01:29Z</time></trkpt>
      <trkpt lat="48.710856" lon="1.992447"><ele>214.4</ele><time>2025-09-19T15:01:30Z</time></trkpt>
      <trkpt lat="48.710931" lon="1.992271"><ele>214.2</ele><time>2025-09-19T15:01:31Z</time></trkpt>
      <trkpt lat="48.710975" lon="1.992078"><ele>213.3</ele><time>2025-09-19T15:01:32Z</time></trkpt>
      <trkpt lat="48.710980" lon="1.991870"><ele>211.8</ele><time>2025-09-19T15:01:33Z</time></trkpt>
      <trkpt lat="48.710937" lon="1.991677"><ele>207.1</ele><time>2025-09-19T15:01:34Z</time></trkpt>
      <trkpt lat="48.710892" lon="1.991503"><ele>205.7</ele><time>2025-09-19T15:01:35Z</time></trkpt>
      <trkpt lat="48.710926" lon="1.991316"><ele>201.5</ele><time>2025-09-19T15:01:36Z</time></trkpt>
      <trkpt lat="48.710951" lon="1.991134"><ele>200.8</ele><time>2025-09-19T15:01:37Z</time></trkpt>
      <trkpt lat="48.711010" lon="1.990975"><ele>201.0</ele><time>2025-09-19T15:01:38Z</time></trkpt>
      <trkpt lat="48.711048" lon="1.990832"><ele>200.0</ele><time>2025-09-19T15:01:39Z</time></trkpt>
      <trkpt lat="48.711076" lon="1.990691"><ele>199.3</ele><time>2025-09-19T15:01:40Z</time></trkpt>
      <trkpt lat="48.711072" lon="1.990543"><ele>199.7</ele><time>2025-09-19T15:01:41Z</time></trkpt>
      <trkpt lat="48.710985" lon="1.990365"><ele>197.7</ele><time>2025-09-19T15:01:42Z</time></trkpt>
      <trkpt lat="48.710900" lon="1.990263"><ele>187.2</ele><time>2025-09-19T15:01:43Z</time></trkpt>
      <trkpt lat="48.710789" lon="1.990223"><ele>181.1</ele><time>2025-09-19T15:01:44Z</time></trkpt>
      <trkpt lat="48.710693" lon="1.990148"><ele>174.4</ele><time>2025-09-19T15:01:45Z</time></trkpt>
      <trkpt lat="48.710573" lon="1.990075"><ele>167.0</ele><time>2025-09-19T15:01:46Z</time></trkpt>
      <trkpt lat="48.710442" lon="1.990008"><ele>161.3</ele><time>2025-09-19T15:01:47Z</time></trkpt>
      <trkpt lat="48.710291" lon="1.989936"><ele>156.3</ele><time>2025-09-19T15:01:48Z</time></trkpt>
      <trkpt lat="48.710128" lon="1.989864"><ele>154.1</ele><time>2025-09-19T15:01:49Z</time></trkpt>
      <trkpt lat="48.709964" lon="1.989800"><ele>152.5</ele><time>2025-09-19T15:01:50Z</time></trkpt>
      <trkpt lat="48.709795" lon="1.989778"><ele>150.4</ele><time>2025-09-19T15:01:51Z</time></trkpt>
      <trkpt lat="48.709638" lon="1.989752"><ele>147.5</ele><time>2025-09-19T15:01:52Z</time></trkpt>
      <trkpt lat="48.709494" lon="1.989716"><ele>147.3</ele><time>2025-09-19T15:01:53Z</time></trkpt>
      <trkpt lat="48.709336" lon="1.989728"><ele>147.0</ele><time>2025-09-19T15:01:54Z</time></trkpt>
      <trkpt lat="48.709185" lon="1.989692"><ele>145.4</ele><time>2025-09-19T15:01:55Z</time></trkpt>
      <trkpt lat="48.709047" lon="1.989648"><ele>143.3</ele><time>2025-09-19T15:01:56Z</time></trkpt>
      <trkpt lat="48.708925" lon="1.989605"><ele>141.1</ele><time>2025-09-19T15:01:57Z</time></trkpt>
      <trkpt lat="48.708810" lon="1.989580"><ele>139.4</ele><time>2025-09-19T15:01:58Z</time></trkpt>
      <trkpt lat="48.708680" lon="1.989553"><ele>139.8</ele><time>2025-09-19T15:01:59Z</time></trkpt>
      <trkpt lat="48.708562" lon="1.989528"><ele>137.2</ele><time>2025-09-19T15:02:00Z</time></trkpt>
      <trkpt lat="48.708438" lon="1.989502"><ele>136.0</ele><time>2025-09-19T15:02:01Z</time></trkpt>
      <trkpt lat="48.708319" lon="1.989473"><ele>134.6</ele><time>2025-09-19T15:02:02Z</time></trkpt>
      <trkpt lat="48.708218" lon="1.989451"><ele>133.4</ele><time>2025-09-19T15:02:03Z</time></trkpt>
      <trkpt lat="48.708126" lon="1.989433"><ele>131.7</ele><time>2025-09-19T15:02:04Z</time></trkpt>
      <trkpt lat="48.708024" lon="1.989419"><ele>131.8</ele><time>2025-09-19T15:02:05Z</time></trkpt>
      <trkpt lat="48.707928" lon="1.989397"><ele>132.1</ele><time>2025-09-19T15:02:06Z</time></trkpt>
      <trkpt lat="48.707824" lon="1.989373"><ele>132.5</ele><time>2025-09-19T15:02:07Z</time></trkpt>
      <trkpt lat="48.707725" lon="1.989354"><ele>131.7</ele><time>2025-09-19T15:02:08Z</time></trkpt>
      <trkpt lat="48.707624" lon="1.989332"><ele>131.6</ele><time>2025-09-19T15:02:09Z</time></trkpt>
      <trkpt lat="48.707519" lon="1.989307"><ele>132.0</ele><time>2025-09-19T15:02:10Z</time></trkpt>
      <trkpt lat="48.707424" lon="1.989286"><ele>131.6</ele><time>2025-09-19T15:02:11Z</time></trkpt>
      <trkpt lat="48.707342" lon="1.989270"><ele>130.6</ele><time>2025-09-19T15:02:12Z</time></trkpt>
      <trkpt lat="48.707265" lon="1.989251"><ele>129.3</ele><time>2025-09-19T15:02:13Z</time></trkpt>
      <trkpt lat="48.707197" lon="1.989240"><ele>129.3</ele><time>2025-09-19T15:02:14Z</time></trkpt>
      <trkpt lat="48.707141" lon="1.989224"><ele>128.5</ele><time>2025-09-19T15:02:15Z</time></trkpt>
      <trkpt lat="48.707097" lon="1.989213"><ele>127.1</ele><time>2025-09-19T15:02:16Z</time></trkpt>
      <trkpt lat="48.707066" lon="1.989203"><ele>126.5</ele><time>2025-09-19T15:02:17Z</time></trkpt>
      <trkpt lat="48.707045" lon="1.989195"><ele>125.6</ele><time>2025-09-19T15:02:18Z</time></trkpt>
      <trkpt lat="48.707026" lon="1.989186"><ele>125.3</ele><time>2025-09-19T15:02:19Z</time></trkpt>
      <trkpt lat="48.707012" lon="1.989181"><ele>125.2</ele><time>2025-09-19T15:02:20Z</time></trkpt>
      <trkpt lat="48.706997" lon="1.989174"><ele>124.5</ele><time>2025-09-19T15:02:21Z</time></trkpt>
      <trkpt lat="48.706971" lon="1.989165"><ele>123.8</ele><time>2025-09-19T15:02:22Z</time></trkpt>
      <trkpt lat="48.706944" lon="1.989172"><ele>129.5</ele><time>2025-09-19T15:02:23Z</time></trkpt>
      <trkpt lat="48.706904" lon="1.989139"><ele>130.8</ele><time>2025-09-19T15:02:24Z</time></trkpt>
      <trkpt lat="48.706861" lon="1.989081"><ele>131.4</ele><time>2025-09-19T15:02:25Z</time></trkpt>
      <trkpt lat="48.706828" lon="1.989009"><ele>131.0</ele><time>2025-09-19T15:02:26Z</time></trkpt>
      <trkpt lat="48.706803" lon="1.988939"><ele>130.7</ele><time>2025-09-19T15:02:27Z</time></trkpt>
      <trkpt lat="48.706783" lon="1.988871"><ele>130.0</ele><time>2025-09-19T15:02:28Z</time></trkpt>
      <trkpt lat="48.706766" lon="1.988815"><ele>129.5</ele><time>2025-09-19T15:02:29Z</time></trkpt>
      <trkpt lat="48.706754" lon="1.988765"><ele>129.6</ele><time>2025-09-19T15:02:30Z</time></trkpt>
      <trkpt lat="48.706738" lon="1.988716"><ele>128.9</ele><time>2025-09-19T15:02:31Z</time></trkpt>
      <trkpt lat="48.706722" lon="1.988667"><ele>128.3</ele><time>2025-09-19T15:02:32Z</time></trkpt>
      <trkpt lat="48.706709" lon="1.988619"><ele>128.0</ele><time>2025-09-19T15:02:33Z</time></trkpt>
      <trkpt lat="48.706696" lon="1.988571"><ele>127.7</ele><time>2025-09-19T15:02:34Z</time></trkpt>
      <trkpt lat="48.706684" lon="1.988525"><ele>127.4</ele><time>2025-09-19T15:02:35Z</time></trkpt>
      <trkpt lat="48.706673" lon="1.988485"><ele>126.9</ele><time>2025-09-19T15:02:36Z</time></trkpt>
      <trkpt lat="48.706665" lon="1.988457"><ele>126.4</ele><time>2025-09-19T15:02:37Z</time></trkpt>
      <trkpt lat="48.706660" lon="1.988437"><ele>125.7</ele><time>2025-09-19T15:02:38Z</time></trkpt>
      <trkpt lat="48.706656" lon="1.988421"><ele>125.3</ele><time>2025-09-19T15:02:39Z</time></trkpt>
      <trkpt lat="48.706653" lon="1.988409"><ele>124.9</ele><time>2025-09-19T15:02:40Z</time></trkpt>
      <trkpt lat="48.706652" lon="1.988367"><ele>122.2</ele><time>2025-09-19T15:02:47Z</time></trkpt>
      <trkpt lat="48.706636" lon="1.988328"><ele>121.9</ele><time>2025-09-19T15:02:48Z</time></trkpt>
      <trkpt lat="48.706622" lon="1.988285"><ele>121.7</ele><time>2025-09-19T15:02:49Z</time></trkpt>
      <trkpt lat="48.706606" lon="1.988248"><ele>121.6</ele><time>2025-09-19T15:02:50Z</time></trkpt>
      <trkpt lat="48.706593" lon="1.988214"><ele>121.6</ele><time>2025-09-19T15:02:51Z</time></trkpt>
      <trkpt lat="48.706579" lon="1.988182"><ele>121.1</ele><time>2025-09-19T15:02:52Z</time></trkpt>
      <trkpt lat="48.706568" lon="1.988153"><ele>120.9</ele><time>2025-09-19T15:02:53Z</time></trkpt>
      <trkpt lat="48.706558" lon="1.988129"><ele>120.6</ele><time>2025-09-19T15:02:54Z</time></trkpt>
      <trkpt lat="48.706548" lon="1.988109"><ele>120.3</ele><time>2025-09-19T15:02:55Z</time></trkpt>
      <trkpt lat="48.706541" lon="1.988093"><ele>120.0</ele><time>2025-09-19T15:02:56Z</time></trkpt>
      <trkpt lat="48.706534" lon="1.988064"><ele>118.7</ele><time>2025-09-19T15:03:01Z</time></trkpt>
      <trkpt lat="48.706522" lon="1.988032"><ele>118.7</ele><time>2025-09-19T15:03:02Z</time></trkpt>
      <trkpt lat="48.706501" lon="1.987980"><ele>118.2</ele><time>2025-09-19T15:03:03Z</time></trkpt>
      <trkpt lat="48.706475" lon="1.987915"><ele>117.8</ele><time>2025-09-19T15:03:04Z</time></trkpt>
      <trkpt lat="48.706443" lon="1.987837"><ele>117.5</ele><time>2025-09-19T15:03:05Z</time></trkpt>
      <trkpt lat="48.706401" lon="1.987747"><ele>116.8</ele><time>2025-09-19T15:03:06Z</time></trkpt>
      <trkpt lat="48.706355" lon="1.987650"><ele>116.6</ele><time>2025-09-19T15:03:07Z</time></trkpt>
      <trkpt lat="48.706300" lon="1.987553"><ele>116.3</ele><time>2025-09-19T15:03:08Z</time></trkpt>
      <trkpt lat="48.706244" lon="1.987459"><ele>115.8</ele><time>2025-09-19T15:03:09Z</time></trkpt>
      <trkpt lat="48.706188" lon="1.987367"><ele>115.5</ele><time>2025-09-19T15:03:10Z</time></trkpt>
      <trkpt lat="48.706137" lon="1.987279"><ele>115.2</ele><time>2025-09-19T15:03:11Z</time></trkpt>
      <trkpt lat="48.706088" lon="1.987198"><ele>114.8</ele><time>2025-09-19T15:03:12Z</time></trkpt>
      <trkpt lat="48.706040" lon="1.987126"><ele>114.3</ele><time>2025-09-19T15:03:13Z</time></trkpt>
      <trkpt lat="48.705997" lon="1.987055"><ele>113.8</ele><time>2025-09-19T15:03:14Z</time></trkpt>
      <trkpt lat="48.705955" lon="1.986984"><ele>113.5</ele><time>2025-09-19T15:03:15Z</time></trkpt>
      <trkpt lat="48.705912" lon="1.986912"><ele>112.2</ele><time>2025-09-19T15:03:16Z</time></trkpt>
      <trkpt lat="48.705871" lon="1.986841"><ele>111.4</ele><time>2025-09-19T15:03:17Z</time></trkpt>
      <trkpt lat="48.705832" lon="1.986770"><ele>110.8</ele><time>2025-09-19T15:03:18Z</time></trkpt>
      <trkpt lat="48.705791" lon="1.986699"><ele>110.4</ele><time>2025-09-19T15:03:19Z</time></trkpt>
      <trkpt lat="48.705747" lon="1.986627"><ele>110.4</ele><time>2025-09-19T15:03:20Z</time></trkpt>
      <trkpt lat="48.705697" lon="1.986554"><ele>110.5</ele><time>2025-09-19T15:03:21Z</time></trkpt>
      <trkpt lat="48.705641" lon="1.986481"><ele>110.7</ele><time>2025-09-19T15:03:22Z</time></trkpt>
      <trkpt lat="48.705584" lon="1.986413"><ele>110.8</ele><time>2025-09-19T15:03:23Z</time></trkpt>
      <trkpt lat="48.705524" lon="1.986353"><ele>111.2</ele><time>2025-09-19T15:03:24Z</time></trkpt>
      <trkpt lat="48.705469" lon="1.986299"><ele>112.3</ele><time>2025-09-19T15:03:25Z</time></trkpt>
      <trkpt lat="48.705396" lon="1.986248"><ele>112.9</ele><time>2025-09-19T15:03:26Z</time></trkpt>
      <trkpt lat="48.705317" lon="1.986200"><ele>112.8</ele><time>2025-09-19T15:03:27Z</time></trkpt>
      <trkpt lat="48.705241" lon="1.986150"><ele>112.1</ele><time>2025-09-19T15:03:28Z</time></trkpt>
      <trkpt lat="48.705165" lon="1.986104"><ele>111.5</ele><time>2025-09-19T15:03:29Z</time></trkpt>
      <trkpt lat="48.705091" lon="1.986055"><ele>111.4</ele><time>2025-09-19T15:03:30Z</time></trkpt>
      <trkpt lat="48.705017" lon="1.985998"><ele>111.1</ele><time>2025-09-19T15:03:31Z</time></trkpt>
      <trkpt lat="48.704946" lon="1.985938"><ele>111.0</ele><time>2025-09-19T15:03:32Z</time></trkpt>
      <trkpt lat="48.704876" lon="1.985877"><ele>111.1</ele><time>2025-09-19T15:03:33Z</time></trkpt>
      <trkpt lat="48.704806" lon="1.985811"><ele>110.9</ele><time>2025-09-19T15:03:34Z</time></trkpt>
      <trkpt lat="48.704738" lon="1.985732"><ele>110.6</ele><time>2025-09-19T15:03:35Z</time></trkpt>
      <trkpt lat="48.704678" lon="1.985636"><ele>110.8</ele><time>2025-09-19T15:03:36Z</time></trkpt>
      <trkpt lat="48.704628" lon="1.985514"><ele>110.0</ele><time>2025-09-19T15:03:37Z</time></trkpt>
      <trkpt lat="48.704575" lon="1.985377"><ele>109.7</ele><time>2025-09-19T15:03:38Z</time></trkpt>
      <trkpt lat="48.704512" lon="1.985234"><ele>108.1</ele><time>2025-09-19T15:03:39Z</time></trkpt>
      <trkpt lat="48.704442" lon="1.985090"><ele>106.5</ele><time>2025-09-19T15:03:40Z</time></trkpt>
      <trkpt lat="48.704370" lon="1.984956"><ele>105.7</ele><time>2025-09-19T15:03:41Z</time></trkpt>
      <trkpt lat="48.704293" lon="1.984827"><ele>104.9</ele><time>2025-09-19T15:03:42Z</time></trkpt>
      <trkpt lat="48.704209" lon="1.984716"><ele>104.6</ele><time>2025-09-19T15:03:43Z</time></trkpt>
      <trkpt lat="48.704119" lon="1.984622"><ele>104.9</ele><time>2025-09-19T15:03:44Z</time></trkpt>
      <trkpt lat="48.704034" lon="1.984539"><ele>104.8</ele><time>2025-09-19T15:03:45Z</time></trkpt>
      <trkpt lat="48.703955" lon="1.984472"><ele>104.4</ele><time>2025-09-19T15:03:46Z</time></trkpt>
      <trkpt lat="48.703880" lon="1.984414"><ele>103.9</ele><time>2025-09-19T15:03:47Z</time></trkpt>
      <trkpt lat="48.703815" lon="1.984362"><ele>104.3</ele><time>2025-09-19T15:03:48Z</time></trkpt>
      <trkpt lat="48.703757" lon="1.984315"><ele>104.4</ele><time>2025-09-19T15:03:49Z</time></trkpt>
      <trkpt lat="48.703708" lon="1.984275"><ele>105.2</ele><time>2025-09-19T15:03:50Z</time></trkpt>
      <trkpt lat="48.703662" lon="1.984231"><ele>105.8</ele><time>2025-09-19T15:03:51Z</time></trkpt>
      <trkpt lat="48.703614" lon="1.984186"><ele>106.1</ele><time>2025-09-19T15:03:52Z</time></trkpt>
      <trkpt lat="48.703564" lon="1.984142"><ele>106.4</ele><time>2025-09-19T15:03:53Z</time></trkpt>
      <trkpt lat="48.703510" lon="1.984093"><ele>106.8</ele><time>2025-09-19T15:03:54Z</time></trkpt>
      <trkpt lat="48.703456" lon="1.984037"><ele>108.5</ele><time>2025-09-19T15:03:55Z</time></trkpt>
      <trkpt lat="48.703382" lon="1.983958"><ele>107.7</ele><time>2025-09-19T15:03:56Z</time></trkpt>
      <trkpt lat="48.703303" lon="1.983859"><ele>106.8</ele><time>2025-09-19T15:03:57Z</time></trkpt>
      <trkpt lat="48.703220" lon="1.983746"><ele>106.8</ele><time>2025-09-19T15:03:58Z</time></trkpt>
      <trkpt lat="48.703140" lon="1.983626"><ele>107.0</ele><time>2025-09-19T15:03:59Z</time></trkpt>
      <trkpt lat="48.703059" lon="1.983505"><ele>107.2</ele><time>2025-09-19T15:04:00Z</time></trkpt>
      <trkpt lat="48.702974" lon="1.983379"><ele>107.2</ele><time>2025-09-19T15:04:01Z</time></trkpt>
      <trkpt lat="48.702886" lon="1.983239"><ele>106.6</ele><time>2025-09-19T15:04:02Z</time></trkpt>
      <trkpt lat="48.702798" lon="1.983094"><ele>106.5</ele><time>2025-09-19T15:04:03Z</time></trkpt>
      <trkpt lat="48.702707" lon="1.982941"><ele>106.4</ele><time>2025-09-19T15:04:04Z</time></trkpt>
      <trkpt lat="48.702616" lon="1.982783"><ele>106.0</ele><time>2025-09-19T15:04:05Z</time></trkpt>
      <trkpt lat="48.702520" lon="1.982626"><ele>105.8</ele><time>2025-09-19T15:04:06Z</time></trkpt>
      <trkpt lat="48.702423" lon="1.982467"><ele>105.3</ele><time>2025-09-19T15:04:07Z</time></trkpt>
      <trkpt lat="48.702327" lon="1.982306"><ele>105.0</ele><time>2025-09-19T15:04:08Z</time></trkpt>
      <trkpt lat="48.702233" lon="1.982151"><ele>105.0</ele><time>2025-09-19T15:04:09Z</time></trkpt>
      <trkpt lat="48.702142" lon="1.982004"><ele>105.0</ele><time>2025-09-19T15:04:10Z</time></trkpt>
      <trkpt lat="48.702053" lon="1.981858"><ele>104.9</ele><time>2025-09-19T15:04:11Z</time></trkpt>
      <trkpt lat="48.701958" lon="1.981721"><ele>104.3</ele><time>2025-09-19T15:04:12Z</time></trkpt>
      <trkpt lat="48.701858" lon="1.981597"><ele>103.8</ele><time>2025-09-19T15:04:13Z</time></trkpt>
      <trkpt lat="48.701747" lon="1.981485"><ele>103.1</ele><time>2025-09-19T15:04:14Z</time></trkpt>
      <trkpt lat="48.701629" lon="1.981385"><ele>102.7</ele><time>2025-09-19T15:04:15Z</time></trkpt>
      <trkpt lat="48.701509" lon="1.981296"><ele>102.0</ele><time>2025-09-19T15:04:16Z</time></trkpt>
      <trkpt lat="48.701393" lon="1.981216"><ele>102.2</ele><time>2025-09-19T15:04:17Z</time></trkpt>
      <trkpt lat="48.701282" lon="1.981146"><ele>103.0</ele><time>2025-09-19T15:04:18Z</time></trkpt>
      <trkpt lat="48.701186" lon="1.981077"><ele>103.1</ele><time>2025-09-19T15:04:19Z</time></trkpt>
      <trkpt lat="48.701113" lon="1.981023"><ele>105.1</ele><time>2025-09-19T15:04:20Z</time></trkpt>
      <trkpt lat="48.701042" lon="1.980976"><ele>106.0</ele><time>2025-09-19T15:04:21Z</time></trkpt>
      <trkpt lat="48.700961" lon="1.980915"><ele>106.1</ele><time>2025-09-19T15:04:22Z</time></trkpt>
      <trkpt lat="48.700867" lon="1.980854"><ele>106.3</ele><time>2025-09-19T15:04:23Z</time></trkpt>
      <trkpt lat="48.700767" lon="1.980787"><ele>106.4</ele><time>2025-09-19T15:04:24Z</time></trkpt>
      <trkpt lat="48.700661" lon="1.980720"><ele>107.0</ele><time>2025-09-19T15:04:25Z</time></trkpt>
      <trkpt lat="48.700549" lon="1.980666"><ele>108.6</ele><time>2025-09-19T15:04:26Z</time></trkpt>
      <trkpt lat="48.700438" lon="1.980600"><ele>109.6</ele><time>2025-09-19T15:04:27Z</time></trkpt>
      <trkpt lat="48.700336" lon="1.980524"><ele>110.0</ele><time>2025-09-19T15:04:28Z</time></trkpt>
      <trkpt lat="48.700237" lon="1.980451"><ele>109.2</ele><time>2025-09-19T15:04:29Z</time></trkpt>
      <trkpt lat="48.700135" lon="1.980386"><ele>109.1</ele><time>2025-09-19T15:04:30Z</time></trkpt>
      <trkpt lat="48.700034" lon="1.980319"><ele>109.5</ele><time>2025-09-19T15:04:31Z</time></trkpt>
      <trkpt lat="48.699934" lon="1.980249"><ele>109.9</ele><time>2025-09-19T15:04:32Z</time></trkpt>
      <trkpt lat="48.699836" lon="1.980178"><ele>109.3</ele><time>2025-09-19T15:04:33Z</time></trkpt>
      <trkpt lat="48.699742" lon="1.980111"><ele>109.5</ele><time>2025-09-19T15:04:34Z</time></trkpt>
      <trkpt lat="48.699646" lon="1.980044"><ele>109.8</ele><time>2025-09-19T15:04:35Z</time></trkpt>
      <trkpt lat="48.699548" lon="1.979982"><ele>109.9</ele><time>2025-09-19T15:04:36Z</time></trkpt>
      <trkpt lat="48.699452" lon="1.979925"><ele>110.2</ele><time>2025-09-19T15:04:37Z</time></trkpt>
      <trkpt lat="48.699365" lon="1.979865"><ele>110.4</ele><time>2025-09-19T15:04:38Z</time></trkpt>
      <trkpt lat="48.699279" lon="1.979812"><ele>110.6</ele><time>2025-09-19T15:04:39Z</time></trkpt>
      <trkpt lat="48.699188" lon="1.979758"><ele>110.9</ele><time>2025-09-19T15:04:40Z</time></trkpt>
      <trkpt lat="48.699079" lon="1.979688"><ele>111.2</ele><time>2025-09-19T15:04:41Z</time></trkpt>
      <trkpt lat="48.698949" lon="1.979612"><ele>112.1</ele><time>2025-09-19T15:04:42Z</time></trkpt>
      <trkpt lat="48.698814" lon="1.979520"><ele>112.1</ele><time>2025-09-19T15:04:43Z</time></trkpt>
      <trkpt lat="48.698679" lon="1.979434"><ele>112.5</ele><time>2025-09-19T15:04:44Z</time></trkpt>
      <trkpt lat="48.698539" lon="1.979348"><ele>112.8</ele><time>2025-09-19T15:04:45Z</time></trkpt>
      <trkpt lat="48.698403" lon="1.979250"><ele>113.0</ele><time>2025-09-19T15:04:46Z</time></trkpt>
      <trkpt lat="48.698262" lon="1.979145"><ele>113.5</ele><time>2025-09-19T15:04:47Z</time></trkpt>
      <trkpt lat="48.698116" lon="1.979030"><ele>113.8</ele><time>2025-09-19T15:04:48Z</time></trkpt>
      <trkpt lat="48.697966" lon="1.978913"><ele>113.4</ele><time>2025-09-19T15:04:49Z</time></trkpt>
      <trkpt lat="48.697807" lon="1.978801"><ele>113.5</ele><time>2025-09-19T15:04:50Z</time></trkpt>
      <trkpt lat="48.697640" lon="1.978692"><ele>113.9</ele><time>2025-09-19T15:04:51Z</time></trkpt>
      <trkpt lat="48.697477" lon="1.978581"><ele>114.2</ele><time>2025-09-19T15:04:52Z</time></trkpt>
      <trkpt lat="48.697312" lon="1.978482"><ele>115.0</ele><time>2025-09-19T15:04:53Z</time></trkpt>
      <trkpt lat="48.697141" lon="1.978378"><ele>115.5</ele><time>2025-09-19T15:04:54Z</time></trkpt>
      <trkpt lat="48.696964" lon="1.978265"><ele>116.1</ele><time>2025-09-19T15:04:55Z</time></trkpt>
      <trkpt lat="48.696774" lon="1.978152"><ele>117.1</ele><time>2025-09-19T15:04:56Z</time></trkpt>
      <trkpt lat="48.696582" lon="1.978022"><ele>117.4</ele><time>2025-09-19T15:04:57Z</time></trkpt>
      <trkpt lat="48.696391" lon="1.977893"><ele>117.3</ele><time>2025-09-19T15:04:58Z</time></trkpt>
      <trkpt lat="48.696200" lon="1.977764"><ele>117.2</ele><time>2025-09-19T15:04:59Z</time></trkpt>
      <trkpt lat="48.696015" lon="1.977632"><ele>116.6</ele><time>2025-09-19T15:05:00Z</time></trkpt>
      <trkpt lat="48.695831" lon="1.977507"><ele>116.3</ele><time>2025-09-19T15:05:01Z</time></trkpt>
      <trkpt lat="48.695650" lon="1.977380"><ele>115.9</ele><time>2025-09-19T15:05:02Z</time></trkpt>
      <trkpt lat="48.695470" lon="1.977255"><ele>115.7</ele><time>2025-09-19T15:05:03Z</time></trkpt>
      <trkpt lat="48.695290" lon="1.977127"><ele>115.3</ele><time>2025-09-19T15:05:04Z</time></trkpt>
      <trkpt lat="48.695107" lon="1.977003"><ele>115.0</ele><time>2025-09-19T15:05:05Z</time></trkpt>
      <trkpt lat="48.694924" lon="1.976878"><ele>114.5</ele><time>2025-09-19T15:05:06Z</time></trkpt>
      <trkpt lat="48.694741" lon="1.976755"><ele>114.3</ele><time>2025-09-19T15:05:07Z</time></trkpt>
      <trkpt lat="48.694557" lon="1.976631"><ele>114.1</ele><time>2025-09-19T15:05:08Z</time></trkpt>
      <trkpt lat="48.694371" lon="1.976509"><ele>114.0</ele><time>2025-09-19T15:05:09Z</time></trkpt>
      <trkpt lat="48.694181" lon="1.976391"><ele>114.2</ele><time>2025-09-19T15:05:10Z</time></trkpt>
      <trkpt lat="48.693983" lon="1.976272"><ele>114.6</ele><time>2025-09-19T15:05:11Z</time></trkpt>
      <trkpt lat="48.693784" lon="1.976157"><ele>114.5</ele><time>2025-09-19T15:05:12Z</time></trkpt>
      <trkpt lat="48.693594" lon="1.976046"><ele>114.5</ele><time>2025-09-19T15:05:13Z</time></trkpt>
      <trkpt lat="48.693411" lon="1.975940"><ele>114.4</ele><time>2025-09-19T15:05:14Z</time></trkpt>
      <trkpt lat="48.693232" lon="1.975838"><ele>114.2</ele><time>2025-09-19T15:05:15Z</time></trkpt>
      <trkpt lat="48.693055" lon="1.975738"><ele>113.7</ele><time>2025-09-19T15:05:16Z</time></trkpt>
      <trkpt lat="48.692878" lon="1.975633"><ele>114.0</ele><time>2025-09-19T15:05:17Z</time></trkpt>
      <trkpt lat="48.692701" lon="1.975527"><ele>115.0</ele><time>2025-09-19T15:05:18Z</time></trkpt>
      <trkpt lat="48.692527" lon="1.975422"><ele>115.0</ele><time>2025-09-19T15:05:19Z</time></trkpt>
      <trkpt lat="48.692357" lon="1.975315"><ele>115.4</ele><time>2025-09-19T15:05:20Z</time></trkpt>
      <trkpt lat="48.692193" lon="1.975216"><ele>115.1</ele><time>2025-09-19T15:05:21Z</time></trkpt>
      <trkpt lat="48.692033" lon="1.975121"><ele>114.1</ele><time>2025-09-19T15:05:22Z</time></trkpt>
      <trkpt lat="48.691873" lon="1.975030"><ele>114.2</ele><time>2025-09-19T15:05:23Z</time></trkpt>
      <trkpt lat="48.691717" lon="1.974940"><ele>113.7</ele><time>2025-09-19T15:05:24Z</time></trkpt>
      <trkpt lat="48.691563" lon="1.974852"><ele>113.3</ele><time>2025-09-19T15:05:25Z</time></trkpt>
      <trkpt lat="48.691407" lon="1.974766"><ele>113.1</ele><time>2025-09-19T15:05:26Z</time></trkpt>
      <trkpt lat="48.691251" lon="1.974687"><ele>113.4</ele><time>2025-09-19T15:05:27Z</time></trkpt>
      <trkpt lat="48.691096" lon="1.974613"><ele>114.4</ele><time>2025-09-19T15:05:28Z</time></trkpt>
      <trkpt lat="48.690947" lon="1.974540"><ele>114.8</ele><time>2025-09-19T15:05:29Z</time></trkpt>
      <trkpt lat="48.690798" lon="1.974469"><ele>115.9</ele><time>2025-09-19T15:05:30Z</time></trkpt>
      <trkpt lat="48.690655" lon="1.974394"><ele>115.6</ele><time>2025-09-19T15:05:31Z</time></trkpt>
      <trkpt lat="48.690509" lon="1.974302"><ele>116.5</ele><time>2025-09-19T15:05:32Z</time></trkpt>
      <trkpt lat="48.690365" lon="1.974203"><ele>116.7</ele><time>2025-09-19T15:05:33Z</time></trkpt>
      <trkpt lat="48.690226" lon="1.974102"><ele>116.6</ele><time>2025-09-19T15:05:34Z</time></trkpt>
      <trkpt lat="48.690084" lon="1.973996"><ele>117.7</ele><time>2025-09-19T15:05:35Z</time></trkpt>
      <trkpt lat="48.689962" lon="1.973896"><ele>118.4</ele><time>2025-09-19T15:05:36Z</time></trkpt>
      <trkpt lat="48.689844" lon="1.973805"><ele>118.7</ele><time>2025-09-19T15:05:37Z</time></trkpt>
      <trkpt lat="48.689734" lon="1.973721"><ele>118.6</ele><time>2025-09-19T15:05:38Z</time></trkpt>
      <trkpt lat="48.689634" lon="1.973641"><ele>118.4</ele><time>2025-09-19T15:05:39Z</time></trkpt>
      <trkpt lat="48.689541" lon="1.973565"><ele>119.1</ele><time>2025-09-19T15:05:40Z</time></trkpt>
      <trkpt lat="48.689460" lon="1.973494"><ele>119.3</ele><time>2025-09-19T15:05:41Z</time></trkpt>
      <trkpt lat="48.689386" lon="1.973435"><ele>119.8</ele><time>2025-09-19T15:05:42Z</time></trkpt>
      <trkpt lat="48.689317" lon="1.973384"><ele>120.5</ele><time>2025-09-19T15:05:43Z</time></trkpt>
      <trkpt lat="48.689249" lon="1.973332"><ele>120.9</ele><time>2025-09-19T15:05:44Z</time></trkpt>
      <trkpt lat="48.689179" lon="1.973274"><ele>120.6</ele><time>2025-09-19T15:05:45Z</time></trkpt>
      <trkpt lat="48.689100" lon="1.973212"><ele>121.0</ele><time>2025-09-19T15:05:46Z</time></trkpt>
      <trkpt lat="48.689014" lon="1.973142"><ele>121.0</ele><time>2025-09-19T15:05:47Z</time></trkpt>
      <trkpt lat="48.688919" lon="1.973072"><ele>121.3</ele><time>2025-09-19T15:05:48Z</time></trkpt>
      <trkpt lat="48.688819" lon="1.973000"><ele>121.4</ele><time>2025-09-19T15:05:49Z</time></trkpt>
      <trkpt lat="48.688720" lon="1.972926"><ele>121.1</ele><time>2025-09-19T15:05:50Z</time></trkpt>
      <trkpt lat="48.688621" lon="1.972849"><ele>121.2</ele><time>2025-09-19T15:05:51Z</time></trkpt>
      <trkpt lat="48.688524" lon="1.972768"><ele>120.4</ele><time>2025-09-19T15:05:52Z</time></trkpt>
      <trkpt lat="48.688427" lon="1.972692"><ele>120.3</ele><time>2025-09-19T15:05:53Z</time></trkpt>
      <trkpt lat="48.688331" lon="1.972620"><ele>119.5</ele><time>2025-09-19T15:05:54Z</time></trkpt>
      <trkpt lat="48.688235" lon="1.972558"><ele>119.3</ele><time>2025-09-19T15:05:55Z</time></trkpt>
      <trkpt lat="48.688144" lon="1.972506"><ele>118.9</ele><time>2025-09-19T15:05:56Z</time></trkpt>
      <trkpt lat="48.688058" lon="1.972460"><ele>118.7</ele><time>2025-09-19T15:05:57Z</time></trkpt>
      <trkpt lat="48.687986" lon="1.972417"><ele>118.3</ele><time>2025-09-19T15:05:58Z</time></trkpt>
      <trkpt lat="48.687921" lon="1.972377"><ele>118.7</ele><time>2025-09-19T15:05:59Z</time></trkpt>
      <trkpt lat="48.687857" lon="1.972324"><ele>118.6</ele><time>2025-09-19T15:06:00Z</time></trkpt>
      <trkpt lat="48.687791" lon="1.972263"><ele>119.3</ele><time>2025-09-19T15:06:01Z</time></trkpt>
      <trkpt lat="48.687723" lon="1.972193"><ele>119.5</ele><time>2025-09-19T15:06:02Z</time></trkpt>
      <trkpt lat="48.687649" lon="1.972112"><ele>119.2</ele><time>2025-09-19T15:06:03Z</time></trkpt>
      <trkpt lat="48.687565" lon="1.972015"><ele>119.2</ele><time>2025-09-19T15:06:04Z</time></trkpt>
      <trkpt lat="48.687462" lon="1.971909"><ele>119.4</ele><time>2025-09-19T15:06:05Z</time></trkpt>
      <trkpt lat="48.687347" lon="1.971794"><ele>120.8</ele><time>2025-09-19T15:06:06Z</time></trkpt>
      <trkpt lat="48.687239" lon="1.971658"><ele>121.2</ele><time>2025-09-19T15:06:07Z</time></trkpt>
      <trkpt lat="48.687140" lon="1.971516"><ele>123.5</ele><time>2025-09-19T15:06:08Z</time></trkpt>
      <trkpt lat="48.687036" lon="1.971377"><ele>125.5</ele><time>2025-09-19T15:06:09Z</time></trkpt>
      <trkpt lat="48.686875" lon="1.971246"><ele>126.7</ele><time>2025-09-19T15:06:10Z</time></trkpt>
      <trkpt lat="48.686729" lon="1.971148"><ele>131.3</ele><time>2025-09-19T15:06:11Z</time></trkpt>
      <trkpt lat="48.686478" lon="1.971048"><ele>130.1</ele><time>2025-09-19T15:06:12Z</time></trkpt>
      <trkpt lat="48.686260" lon="1.970960"><ele>127.3</ele><time>2025-09-19T15:06:13Z</time></trkpt>
      <trkpt lat="48.686054" lon="1.970879"><ele>124.8</ele><time>2025-09-19T15:06:14Z</time></trkpt>
      <trkpt lat="48.685861" lon="1.970802"><ele>123.1</ele><time>2025-09-19T15:06:15Z</time></trkpt>
      <trkpt lat="48.685665" lon="1.970724"><ele>120.9</ele><time>2025-09-19T15:06:16Z</time></trkpt>
      <trkpt lat="48.685482" lon="1.970651"><ele>118.2</ele><time>2025-09-19T15:06:17Z</time></trkpt>
      <trkpt lat="48.685313" lon="1.970586"><ele>116.3</ele><time>2025-09-19T15:06:18Z</time></trkpt>
      <trkpt lat="48.685150" lon="1.970525"><ele>115.1</ele><time>2025-09-19T15:06:19Z</time></trkpt>
      <trkpt lat="48.684991" lon="1.970463"><ele>114.5</ele><time>2025-09-19T15:06:20Z</time></trkpt>
      <trkpt lat="48.684831" lon="1.970400"><ele>113.5</ele><time>2025-09-19T15:06:21Z</time></trkpt>
      <trkpt lat="48.684669" lon="1.970337"><ele>112.7</ele><time>2025-09-19T15:06:22Z</time></trkpt>
      <trkpt lat="48.684508" lon="1.970271"><ele>111.6</ele><time>2025-09-19T15:06:23Z</time></trkpt>
      <trkpt lat="48.684347" lon="1.970207"><ele>110.6</ele><time>2025-09-19T15:06:24Z</time></trkpt>
      <trkpt lat="48.684196" lon="1.970133"><ele>110.0</ele><time>2025-09-19T15:06:25Z</time></trkpt>
      <trkpt lat="48.684058" lon="1.970038"><ele>109.7</ele><time>2025-09-19T15:06:26Z</time></trkpt>
      <trkpt lat="48.683940" lon="1.969918"><ele>109.4</ele><time>2025-09-19T15:06:27Z</time></trkpt>
      <trkpt lat="48.683839" lon="1.969771"><ele>109.3</ele><time>2025-09-19T15:06:28Z</time></trkpt>
      <trkpt lat="48.683754" lon="1.969597"><ele>109.7</ele><time>2025-09-19T15:06:29Z</time></trkpt>
      <trkpt lat="48.683675" lon="1.969405"><ele>109.9</ele><time>2025-09-19T15:06:30Z</time></trkpt>
      <trkpt lat="48.683597" lon="1.969199"><ele>110.1</ele><time>2025-09-19T15:06:31Z</time></trkpt>
      <trkpt lat="48.683521" lon="1.968982"><ele>110.4</ele><time>2025-09-19T15:06:32Z</time></trkpt>
      <trkpt lat="48.683446" lon="1.968758"><ele>110.6</ele><time>2025-09-19T15:06:33Z</time></trkpt>
      <trkpt lat="48.683371" lon="1.968533"><ele>110.6</ele><time>2025-09-19T15:06:34Z</time></trkpt>
      <trkpt lat="48.683294" lon="1.968310"><ele>110.8</ele><time>2025-09-19T15:06:35Z</time></trkpt>
      <trkpt lat="48.683220" lon="1.968094"><ele>110.5</ele><time>2025-09-19T15:06:36Z</time></trkpt>
      <trkpt lat="48.683150" lon="1.967897"><ele>110.5</ele><time>2025-09-19T15:06:37Z</time></trkpt>
      <trkpt lat="48.683071" lon="1.967726"><ele>110.1</ele><time>2025-09-19T15:06:38Z</time></trkpt>
      <trkpt lat="48.683006" lon="1.967533"><ele>110.3</ele><time>2025-09-19T15:06:39Z</time></trkpt>
      <trkpt lat="48.682939" lon="1.967332"><ele>110.4</ele><time>2025-09-19T15:06:40Z</time></trkpt>
      <trkpt lat="48.682887" lon="1.967127"><ele>110.5</ele><time>2025-09-19T15:06:41Z</time></trkpt>
      <trkpt lat="48.682857" lon="1.966888"><ele>110.4</ele><time>2025-09-19T15:06:42Z</time></trkpt>
      <trkpt lat="48.682846" lon="1.966625"><ele>110.1</ele><time>2025-09-19T15:06:43Z</time></trkpt>
      <trkpt lat="48.682832" lon="1.966382"><ele>109.3</ele><time>2025-09-19T15:06:44Z</time></trkpt>
      <trkpt lat="48.682808" lon="1.966167"><ele>110.8</ele><time>2025-09-19T15:06:45Z</time></trkpt>
      <trkpt lat="48.682762" lon="1.965984"><ele>111.8</ele><time>2025-09-19T15:06:46Z</time></trkpt>
      <trkpt lat="48.682693" lon="1.965820"><ele>110.7</ele><time>2025-09-19T15:06:47Z</time></trkpt>
      <trkpt lat="48.682597" lon="1.965716"><ele>111.5</ele><time>2025-09-19T15:06:48Z</time></trkpt>
      <trkpt lat="48.682432" lon="1.965676"><ele>112.5</ele><time>2025-09-19T15:06:49Z</time></trkpt>
      <trkpt lat="48.682288" lon="1.965621"><ele>114.0</ele><time>2025-09-19T15:06:50Z</time></trkpt>
      <trkpt lat="48.682148" lon="1.965520"><ele>113.6</ele><time>2025-09-19T15:06:51Z</time></trkpt>
      <trkpt lat="48.682015" lon="1.965410"><ele>114.1</ele><time>2025-09-19T15:06:52Z</time></trkpt>
      <trkpt lat="48.681864" lon="1.965319"><ele>114.0</ele><time>2025-09-19T15:06:53Z</time></trkpt>
      <trkpt lat="48.681704" lon="1.965279"><ele>114.4</ele><time>2025-09-19T15:06:54Z</time></trkpt>
      <trkpt lat="48.681542" lon="1.965262"><ele>114.7</ele><time>2025-09-19T15:06:55Z</time></trkpt>
      <trkpt lat="48.681360" lon="1.965234"><ele>115.3</ele><time>2025-09-19T15:06:56Z</time></trkpt>
      <trkpt lat="48.681176" lon="1.965199"><ele>115.2</ele><time>2025-09-19T15:06:57Z</time></trkpt>
      <trkpt lat="48.681000" lon="1.965166"><ele>116.1</ele><time>2025-09-19T15:06:58Z</time></trkpt>
      <trkpt lat="48.680841" lon="1.965142"><ele>116.0</ele><time>2025-09-19T15:06:59Z</time></trkpt>
      <trkpt lat="48.680700" lon="1.965164"><ele>116.2</ele><time>2025-09-19T15:07:00Z</time></trkpt>
      <trkpt lat="48.680593" lon="1.965225"><ele>115.3</ele><time>2025-09-19T15:07:01Z</time></trkpt>
      <trkpt lat="48.680518" lon="1.965340"><ele>115.4</ele><time>2025-09-19T15:07:02Z</time></trkpt>
      <trkpt lat="48.680476" lon="1.965487"><ele>119.6</ele><time>2025-09-19T15:07:03Z</time></trkpt>
      <trkpt lat="48.680475" lon="1.965617"><ele>119.6</ele><time>2025-09-19T15:07:04Z</time></trkpt>
      <trkpt lat="48.680444" lon="1.965754"><ele>117.0</ele><time>2025-09-19T15:07:05Z</time></trkpt>
      <trkpt lat="48.680394" lon="1.965879"><ele>114.4</ele><time>2025-09-19T15:07:06Z</time></trkpt>
      <trkpt lat="48.680335" lon="1.965995"><ele>114.7</ele><time>2025-09-19T15:07:07Z</time></trkpt>
      <trkpt lat="48.680264" lon="1.966095"><ele>115.6</ele><time>2025-09-19T15:07:08Z</time></trkpt>
      <trkpt lat="48.680186" lon="1.966163"><ele>116.6</ele><time>2025-09-19T15:07:09Z</time></trkpt>
      <trkpt lat="48.680112" lon="1.966191"><ele>118.3</ele><time>2025-09-19T15:07:10Z</time></trkpt>
      <trkpt lat="48.680006" lon="1.966189"><ele>118.6</ele><time>2025-09-19T15:07:11Z</time></trkpt>
      <trkpt lat="48.679915" lon="1.966179"><ele>120.6</ele><time>2025-09-19T15:07:12Z</time></trkpt>
      <trkpt lat="48.679804" lon="1.966164"><ele>122.4</ele><time>2025-09-19T15:07:13Z</time></trkpt>
      <trkpt lat="48.679687" lon="1.966147"><ele>123.6</ele><time>2025-09-19T15:07:14Z</time></trkpt>
      <trkpt lat="48.679572" lon="1.966134"><ele>124.4</ele><time>2025-09-19T15:07:15Z</time></trkpt>
      <trkpt lat="48.679462" lon="1.966123"><ele>126.0</ele><time>2025-09-19T15:07:16Z</time></trkpt>
      <trkpt lat="48.679358" lon="1.966112"><ele>127.8</ele><time>2025-09-19T15:07:17Z</time></trkpt>
      <trkpt lat="48.679249" lon="1.966102"><ele>129.0</ele><time>2025-09-19T15:07:18Z</time></trkpt>
      <trkpt lat="48.679133" lon="1.966082"><ele>130.4</ele><time>2025-09-19T15:07:19Z</time></trkpt>
      <trkpt lat="48.679003" lon="1.966057"><ele>133.0</ele><time>2025-09-19T15:07:20Z</time></trkpt>
      <trkpt lat="48.678877" lon="1.966013"><ele>134.7</ele><time>2025-09-19T15:07:21Z</time></trkpt>
      <trkpt lat="48.678755" lon="1.965969"><ele>139.4</ele><time>2025-09-19T15:07:22Z</time></trkpt>
      <trkpt lat="48.678639" lon="1.965896"><ele>141.3</ele><time>2025-09-19T15:07:23Z</time></trkpt>
      <trkpt lat="48.678554" lon="1.965847"><ele>146.4</ele><time>2025-09-19T15:07:24Z</time></trkpt>
      <trkpt lat="48.678436" lon="1.965737"><ele>151.0</ele><time>2025-09-19T15:07:25Z</time></trkpt>
      <trkpt lat="48.678314" lon="1.965645"><ele>154.6</ele><time>2025-09-19T15:07:26Z</time></trkpt>
      <trkpt lat="48.678182" lon="1.965550"><ele>158.0</ele><time>2025-09-19T15:07:27Z</time></trkpt>
      <trkpt lat="48.678033" lon="1.965475"><ele>161.5</ele><time>2025-09-19T15:07:28Z</time></trkpt>
      <trkpt lat="48.677884" lon="1.965352"><ele>166.3</ele><time>2025-09-19T15:07:29Z</time></trkpt>
      <trkpt lat="48.677681" lon="1.965202"><ele>160.7</ele><time>2025-09-19T15:07:30Z</time></trkpt>
      <trkpt lat="48.677481" lon="1.965062"><ele>159.0</ele><time>2025-09-19T15:07:31Z</time></trkpt>
      <trkpt lat="48.677280" lon="1.964932"><ele>161.2</ele><time>2025-09-19T15:07:32Z</time></trkpt>
      <trkpt lat="48.677098" lon="1.964821"><ele>163.8</ele><time>2025-09-19T15:07:33Z</time></trkpt>
      <trkpt lat="48.676917" lon="1.964732"><ele>164.6</ele><time>2025-09-19T15:07:34Z</time></trkpt>
      <trkpt lat="48.676751" lon="1.964672"><ele>163.9</ele><time>2025-09-19T15:07:35Z</time></trkpt>
      <trkpt lat="48.676614" lon="1.964621"><ele>161.7</ele><time>2025-09-19T15:07:36Z</time></trkpt>
      <trkpt lat="48.676476" lon="1.964561"><ele>162.3</ele><time>2025-09-19T15:07:37Z</time></trkpt>
      <trkpt lat="48.676349" lon="1.964472"><ele>160.3</ele><time>2025-09-19T15:07:38Z</time></trkpt>
      <trkpt lat="48.676258" lon="1.964386"><ele>153.9</ele><time>2025-09-19T15:07:39Z</time></trkpt>
      <trkpt lat="48.676150" lon="1.964276"><ele>153.3</ele><time>2025-09-19T15:07:40Z</time></trkpt>
      <trkpt lat="48.676049" lon="1.964153"><ele>152.8</ele><time>2025-09-19T15:07:41Z</time></trkpt>
      <trkpt lat="48.675967" lon="1.964005"><ele>148.7</ele><time>2025-09-19T15:07:42Z</time></trkpt>
      <trkpt lat="48.675899" lon="1.963824"><ele>145.4</ele><time>2025-09-19T15:07:43Z</time></trkpt>
      <trkpt lat="48.675846" lon="1.963627"><ele>145.8</ele><time>2025-09-19T15:07:44Z</time></trkpt>
      <trkpt lat="48.675797" lon="1.963431"><ele>145.5</ele><time>2025-09-19T15:07:45Z</time></trkpt>
      <trkpt lat="48.675741" lon="1.963245"><ele>145.3</ele><time>2025-09-19T15:07:46Z</time></trkpt>
      <trkpt lat="48.675685" lon="1.963060"><ele>145.0</ele><time>2025-09-19T15:07:47Z</time></trkpt>
      <trkpt lat="48.675624" lon="1.962880"><ele>144.2</ele><time>2025-09-19T15:07:48Z</time></trkpt>
      <trkpt lat="48.675542" lon="1.962714"><ele>143.5</ele><time>2025-09-19T15:07:49Z</time></trkpt>
      <trkpt lat="48.675462" lon="1.962569"><ele>144.1</ele><time>2025-09-19T15:07:50Z</time></trkpt>
      <trkpt lat="48.675371" lon="1.962450"><ele>145.0</ele><time>2025-09-19T15:07:51Z</time></trkpt>
      <trkpt lat="48.675332" lon="1.962374"><ele>151.2</ele><time>2025-09-19T15:07:52Z</time></trkpt>
      <trkpt lat="48.675174" lon="1.962307"><ele>153.3</ele><time>2025-09-19T15:07:53Z</time></trkpt>
      <trkpt lat="48.674993" lon="1.962235"><ele>151.3</ele><time>2025-09-19T15:07:54Z</time></trkpt>
      <trkpt lat="48.674810" lon="1.962155"><ele>149.9</ele><time>2025-09-19T15:07:55Z</time></trkpt>
      <trkpt lat="48.674669" lon="1.962056"><ele>152.3</ele><time>2025-09-19T15:07:56Z</time></trkpt>
      <trkpt lat="48.674529" lon="1.961960"><ele>153.9</ele><time>2025-09-19T15:07:57Z</time></trkpt>
      <trkpt lat="48.674414" lon="1.961876"><ele>156.6</ele><time>2025-09-19T15:07:58Z</time></trkpt>
      <trkpt lat="48.674315" lon="1.961806"><ele>153.8</ele><time>2025-09-19T15:07:59Z</time></trkpt>
      <trkpt lat="48.674238" lon="1.961727"><ele>150.0</ele><time>2025-09-19T15:08:00Z</time></trkpt>
      <trkpt lat="48.674188" lon="1.961614"><ele>150.5</ele><time>2025-09-19T15:08:01Z</time></trkpt>
      <trkpt lat="48.674167" lon="1.961464"><ele>149.6</ele><time>2025-09-19T15:08:02Z</time></trkpt>
      <trkpt lat="48.674160" lon="1.961283"><ele>149.5</ele><time>2025-09-19T15:08:03Z</time></trkpt>
      <trkpt lat="48.674149" lon="1.961079"><ele>149.3</ele><time>2025-09-19T15:08:04Z</time></trkpt>
      <trkpt lat="48.674186" lon="1.960867"><ele>151.2</ele><time>2025-09-19T15:08:05Z</time></trkpt>
      <trkpt lat="48.674206" lon="1.960647"><ele>152.4</ele><time>2025-09-19T15:08:06Z</time></trkpt>
      <trkpt lat="48.674315" lon="1.960371"><ele>154.9</ele><time>2025-09-19T15:08:07Z</time></trkpt>
      <trkpt lat="48.674384" lon="1.960031"><ele>153.8</ele><time>2025-09-19T15:08:08Z</time></trkpt>
      <trkpt lat="48.674422" lon="1.959713"><ele>154.5</ele><time>2025-09-19T15:08:09Z</time></trkpt>
      <trkpt lat="48.674435" lon="1.959406"><ele>152.3</ele><time>2025-09-19T15:08:10Z</time></trkpt>
      <trkpt lat="48.674461" lon="1.959106"><ele>155.2</ele><time>2025-09-19T15:08:11Z</time></trkpt>
      <trkpt lat="48.674468" lon="1.958789"><ele>153.6</ele><time>2025-09-19T15:08:12Z</time></trkpt>
      <trkpt lat="48.674483" lon="1.958487"><ele>153.7</ele><time>2025-09-19T15:08:13Z</time></trkpt>
      <trkpt lat="48.674467" lon="1.958175"><ele>150.9</ele><time>2025-09-19T15:08:14Z</time></trkpt>
      <trkpt lat="48.674453" lon="1.957857"><ele>149.5</ele><time>2025-09-19T15:08:15Z</time></trkpt>
      <trkpt lat="48.674414" lon="1.957543"><ele>149.3</ele><time>2025-09-19T15:08:16Z</time></trkpt>
      <trkpt lat="48.674388" lon="1.957246"><ele>149.4</ele><time>2025-09-19T15:08:17Z</time></trkpt>
      <trkpt lat="48.674352" lon="1.956970"><ele>149.3</ele><time>2025-09-19T15:08:18Z</time></trkpt>
      <trkpt lat="48.674320" lon="1.956729"><ele>147.4</ele><time>2025-09-19T15:08:19Z</time></trkpt>
      <trkpt lat="48.674310" lon="1.956500"><ele>147.5</ele><time>2025-09-19T15:08:20Z</time></trkpt>
      <trkpt lat="48.674335" lon="1.956293"><ele>147.6</ele><time>2025-09-19T15:08:21Z</time></trkpt>
      <trkpt lat="48.674387" lon="1.956109"><ele>149.5</ele><time>2025-09-19T15:08:22Z</time></trkpt>
      <trkpt lat="48.674508" lon="1.955986"><ele>150.1</ele><time>2025-09-19T15:08:23Z</time></trkpt>
      <trkpt lat="48.674662" lon="1.955906"><ele>148.5</ele><time>2025-09-19T15:08:24Z</time></trkpt>
      <trkpt lat="48.674802" lon="1.955851"><ele>148.8</ele><time>2025-09-19T15:08:25Z</time></trkpt>
      <trkpt lat="48.674940" lon="1.955859"><ele>149.6</ele><time>2025-09-19T15:08:26Z</time></trkpt>
      <trkpt lat="48.675099" lon="1.955855"><ele>148.8</ele><time>2025-09-19T15:08:27Z</time></trkpt>
      <trkpt lat="48.675249" lon="1.955821"><ele>147.7</ele><time>2025-09-19T15:08:28Z</time></trkpt>
      <trkpt lat="48.675447" lon="1.955735"><ele>148.2</ele><time>2025-09-19T15:08:29Z</time></trkpt>
      <trkpt lat="48.675612" lon="1.955619"><ele>148.3</ele><time>2025-09-19T15:08:30Z</time></trkpt>
      <trkpt lat="48.675770" lon="1.955449"><ele>149.9</ele><time>2025-09-19T15:08:31Z</time></trkpt>
      <trkpt lat="48.675944" lon="1.955276"><ele>150.1</ele><time>2025-09-19T15:08:32Z</time></trkpt>
      <trkpt lat="48.676068" lon="1.955086"><ele>149.9</ele><time>2025-09-19T15:08:33Z</time></trkpt>
      <trkpt lat="48.676177" lon="1.954894"><ele>151.0</ele><time>2025-09-19T15:08:34Z</time></trkpt>
      <trkpt lat="48.676291" lon="1.954670"><ele>152.2</ele><time>2025-09-19T15:08:35Z</time></trkpt>
      <trkpt lat="48.676389" lon="1.954405"><ele>154.8</ele><time>2025-09-19T15:08:36Z</time></trkpt>
      <trkpt lat="48.676458" lon="1.954094"><ele>154.8</ele><time>2025-09-19T15:08:37Z</time></trkpt>
      <trkpt lat="48.676497" lon="1.953744"><ele>156.7</ele><time>2025-09-19T15:08:38Z</time></trkpt>
      <trkpt lat="48.676574" lon="1.953406"><ele>156.7</ele><time>2025-09-19T15:08:39Z</time></trkpt>
      <trkpt lat="48.676692" lon="1.953070"><ele>155.6</ele><time>2025-09-19T15:08:40Z</time></trkpt>
      <trkpt lat="48.676842" lon="1.952766"><ele>156.5</ele><time>2025-09-19T15:08:41Z</time></trkpt>
      <trkpt lat="48.676956" lon="1.952469"><ele>156.7</ele><time>2025-09-19T15:08:42Z</time></trkpt>
      <trkpt lat="48.677057" lon="1.952179"><ele>156.5</ele><time>2025-09-19T15:08:43Z</time></trkpt>
      <trkpt lat="48.677078" lon="1.951867"><ele>153.9</ele><time>2025-09-19T15:08:44Z</time></trkpt>
      <trkpt lat="48.677121" lon="1.951561"><ele>154.8</ele><time>2025-09-19T15:08:45Z</time></trkpt>
      <trkpt lat="48.677176" lon="1.951229"><ele>153.4</ele><time>2025-09-19T15:08:46Z</time></trkpt>
      <trkpt lat="48.677247" lon="1.950876"><ele>151.7</ele><time>2025-09-19T15:08:47Z</time></trkpt>
      <trkpt lat="48.677327" lon="1.950527"><ele>150.1</ele><time>2025-09-19T15:08:48Z</time></trkpt>
      <trkpt lat="48.677407" lon="1.950193"><ele>149.6</ele><time>2025-09-19T15:08:49Z</time></trkpt>
      <trkpt lat="48.677482" lon="1.949868"><ele>149.7</ele><time>2025-09-19T15:08:50Z</time></trkpt>
      <trkpt lat="48.677575" lon="1.949572"><ele>149.9</ele><time>2025-09-19T15:08:51Z</time></trkpt>
      <trkpt lat="48.677665" lon="1.949277"><ele>149.8</ele><time>2025-09-19T15:08:52Z</time></trkpt>
      <trkpt lat="48.677787" lon="1.949022"><ele>149.6</ele><time>2025-09-19T15:08:53Z</time></trkpt>
      <trkpt lat="48.677908" lon="1.948778"><ele>149.9</ele><time>2025-09-19T15:08:54Z</time></trkpt>
      <trkpt lat="48.678017" lon="1.948519"><ele>150.3</ele><time>2025-09-19T15:08:55Z</time></trkpt>
      <trkpt lat="48.678101" lon="1.948191"><ele>150.1</ele><time>2025-09-19T15:08:56Z</time></trkpt>
      <trkpt lat="48.678201" lon="1.947864"><ele>149.7</ele><time>2025-09-19T15:08:57Z</time></trkpt>
      <trkpt lat="48.678311" lon="1.947519"><ele>149.4</ele><time>2025-09-19T15:08:58Z</time></trkpt>
      <trkpt lat="48.678431" lon="1.947175"><ele>148.4</ele><time>2025-09-19T15:08:59Z</time></trkpt>
      <trkpt lat="48.678557" lon="1.946850"><ele>147.4</ele><time>2025-09-19T15:09:00Z</time></trkpt>
      <trkpt lat="48.678685" lon="1.946536"><ele>147.8</ele><time>2025-09-19T15:09:01Z</time></trkpt>
      <trkpt lat="48.678838" lon="1.946242"><ele>147.4</ele><time>2025-09-19T15:09:02Z</time></trkpt>
      <trkpt lat="48.679012" lon="1.945960"><ele>147.4</ele><time>2025-09-19T15:09:03Z</time></trkpt>
      <trkpt lat="48.679178" lon="1.945682"><ele>147.7</ele><time>2025-09-19T15:09:04Z</time></trkpt>
      <trkpt lat="48.679355" lon="1.945416"><ele>148.4</ele><time>2025-09-19T15:09:05Z</time></trkpt>
      <trkpt lat="48.679531" lon="1.945160"><ele>148.9</ele><time>2025-09-19T15:09:06Z</time></trkpt>
      <trkpt lat="48.679717" lon="1.944882"><ele>149.0</ele><time>2025-09-19T15:09:07Z</time></trkpt>
      <trkpt lat="48.679939" lon="1.944590"><ele>148.1</ele><time>2025-09-19T15:09:08Z</time></trkpt>
      <trkpt lat="48.680155" lon="1.944291"><ele>148.8</ele><time>2025-09-19T15:09:09Z</time></trkpt>
      <trkpt lat="48.680357" lon="1.943974"><ele>149.2</ele><time>2025-09-19T15:09:10Z</time></trkpt>
      <trkpt lat="48.680577" lon="1.943630"><ele>149.4</ele><time>2025-09-19T15:09:11Z</time></trkpt>
      <trkpt lat="48.680795" lon="1.943290"><ele>150.0</ele><time>2025-09-19T15:09:12Z</time></trkpt>
      <trkpt lat="48.681005" lon="1.942964"><ele>150.2</ele><time>2025-09-19T15:09:13Z</time></trkpt>
      <trkpt lat="48.681173" lon="1.942634"><ele>150.3</ele><time>2025-09-19T15:09:14Z</time></trkpt>
      <trkpt lat="48.681319" lon="1.942334"><ele>152.6</ele><time>2025-09-19T15:09:15Z</time></trkpt>
      <trkpt lat="48.681444" lon="1.942033"><ele>154.0</ele><time>2025-09-19T15:09:16Z</time></trkpt>
      <trkpt lat="48.681578" lon="1.941748"><ele>154.5</ele><time>2025-09-19T15:09:17Z</time></trkpt>
      <trkpt lat="48.681686" lon="1.941451"><ele>154.8</ele><time>2025-09-19T15:09:18Z</time></trkpt>
      <trkpt lat="48.681750" lon="1.941156"><ele>153.3</ele><time>2025-09-19T15:09:19Z</time></trkpt>
      <trkpt lat="48.681787" lon="1.940842"><ele>152.5</ele><time>2025-09-19T15:09:20Z</time></trkpt>
      <trkpt lat="48.681797" lon="1.940508"><ele>151.6</ele><time>2025-09-19T15:09:21Z</time></trkpt>
      <trkpt lat="48.681794" lon="1.940144"><ele>150.7</ele><time>2025-09-19T15:09:22Z</time></trkpt>
      <trkpt lat="48.681786" lon="1.939777"><ele>149.9</ele><time>2025-09-19T15:09:23Z</time></trkpt>
      <trkpt lat="48.681784" lon="1.939428"><ele>149.6</ele><time>2025-09-19T15:09:24Z</time></trkpt>
      <trkpt lat="48.681780" lon="1.939106"><ele>149.7</ele><time>2025-09-19T15:09:25Z</time></trkpt>
      <trkpt lat="48.681769" lon="1.938803"><ele>150.0</ele><time>2025-09-19T15:09:26Z</time></trkpt>
      <trkpt lat="48.681745" lon="1.938497"><ele>149.9</ele><time>2025-09-19T15:09:27Z</time></trkpt>
      <trkpt lat="48.681691" lon="1.938189"><ele>150.0</ele><time>2025-09-19T15:09:28Z</time></trkpt>
      <trkpt lat="48.681616" lon="1.937855"><ele>148.9</ele><time>2025-09-19T15:09:29Z</time></trkpt>
      <trkpt lat="48.681542" lon="1.937509"><ele>147.2</ele><time>2025-09-19T15:09:30Z</time></trkpt>
      <trkpt lat="48.681480" lon="1.937180"><ele>146.3</ele><time>2025-09-19T15:09:31Z</time></trkpt>
      <trkpt lat="48.681427" lon="1.936865"><ele>145.7</ele><time>2025-09-19T15:09:32Z</time></trkpt>
      <trkpt lat="48.681368" lon="1.936580"><ele>145.6</ele><time>2025-09-19T15:09:33Z</time></trkpt>
      <trkpt lat="48.681331" lon="1.936306"><ele>145.6</ele><time>2025-09-19T15:09:34Z</time></trkpt>
      <trkpt lat="48.681290" lon="1.936049"><ele>146.1</ele><time>2025-09-19T15:09:35Z</time></trkpt>
      <trkpt lat="48.681260" lon="1.935803"><ele>146.2</ele><time>2025-09-19T15:09:36Z</time></trkpt>
      <trkpt lat="48.681260" lon="1.935565"><ele>146.4</ele><time>2025-09-19T15:09:37Z</time></trkpt>
      <trkpt lat="48.681262" lon="1.935334"><ele>146.6</ele><time>2025-09-19T15:09:38Z</time></trkpt>
      <trkpt lat="48.681260" lon="1.935107"><ele>146.6</ele><time>2025-09-19T15:09:39Z</time></trkpt>
      <trkpt lat="48.681262" lon="1.934890"><ele>147.3</ele><time>2025-09-19T15:09:40Z</time></trkpt>
      <trkpt lat="48.681294" lon="1.934666"><ele>148.4</ele><time>2025-09-19T15:09:41Z</time></trkpt>
      <trkpt lat="48.681349" lon="1.934446"><ele>148.5</ele><time>2025-09-19T15:09:42Z</time></trkpt>
      <trkpt lat="48.681387" lon="1.934232"><ele>148.1</ele><time>2025-09-19T15:09:43Z</time></trkpt>
      <trkpt lat="48.681427" lon="1.934024"><ele>147.4</ele><time>2025-09-19T15:09:44Z</time></trkpt>
      <trkpt lat="48.681470" lon="1.933852"><ele>148.2</ele><time>2025-09-19T15:09:45Z</time></trkpt>
      <trkpt lat="48.681532" lon="1.933690"><ele>148.3</ele><time>2025-09-19T15:09:46Z</time></trkpt>
      <trkpt lat="48.681615" lon="1.933538"><ele>149.0</ele><time>2025-09-19T15:09:47Z</time></trkpt>
      <trkpt lat="48.681710" lon="1.933375"><ele>149.8</ele><time>2025-09-19T15:09:48Z</time></trkpt>
      <trkpt lat="48.681800" lon="1.933183"><ele>150.5</ele><time>2025-09-19T15:09:49Z</time></trkpt>
      <trkpt lat="48.681860" lon="1.932925"><ele>151.3</ele><time>2025-09-19T15:09:50Z</time></trkpt>
      <trkpt lat="48.681889" lon="1.932686"><ele>152.0</ele><time>2025-09-19T15:09:51Z</time></trkpt>
      <trkpt lat="48.681933" lon="1.932472"><ele>152.4</ele><time>2025-09-19T15:09:52Z</time></trkpt>
      <trkpt lat="48.682002" lon="1.932283"><ele>153.1</ele><time>2025-09-19T15:09:53Z</time></trkpt>
      <trkpt lat="48.682083" lon="1.932110"><ele>154.0</ele><time>2025-09-19T15:09:54Z</time></trkpt>
      <trkpt lat="48.682168" lon="1.931948"><ele>155.0</ele><time>2025-09-19T15:09:55Z</time></trkpt>
      <trkpt lat="48.682242" lon="1.931770"><ele>155.4</ele><time>2025-09-19T15:09:56Z</time></trkpt>
      <trkpt lat="48.682327" lon="1.931601"><ele>156.7</ele><time>2025-09-19T15:09:57Z</time></trkpt>
      <trkpt lat="48.682386" lon="1.931413"><ele>158.7</ele><time>2025-09-19T15:09:58Z</time></trkpt>
      <trkpt lat="48.682418" lon="1.931230"><ele>159.2</ele><time>2025-09-19T15:09:59Z</time></trkpt>
      <trkpt lat="48.682427" lon="1.931037"><ele>160.0</ele><time>2025-09-19T15:10:00Z</time></trkpt>
      <trkpt lat="48.682454" lon="1.930867"><ele>161.7</ele><time>2025-09-19T15:10:01Z</time></trkpt>
      <trkpt lat="48.682512" lon="1.930705"><ele>162.2</ele><time>2025-09-19T15:10:02Z</time></trkpt>
      <trkpt lat="48.682610" lon="1.930524"><ele>161.6</ele><time>2025-09-19T15:10:03Z</time></trkpt>
      <trkpt lat="48.682694" lon="1.930338"><ele>162.7</ele><time>2025-09-19T15:10:04Z</time></trkpt>
      <trkpt lat="48.682779" lon="1.930147"><ele>163.2</ele><time>2025-09-19T15:10:05Z</time></trkpt>
      <trkpt lat="48.682880" lon="1.929952"><ele>164.0</ele><time>2025-09-19T15:10:06Z</time></trkpt>
      <trkpt lat="48.682975" lon="1.929740"><ele>164.4</ele><time>2025-09-19T15:10:07Z</time></trkpt>
      <trkpt lat="48.683097" lon="1.929490"><ele>164.5</ele><time>2025-09-19T15:10:08Z</time></trkpt>
      <trkpt lat="48.683235" lon="1.929175"><ele>164.8</ele><time>2025-09-19T15:10:09Z</time></trkpt>
      <trkpt lat="48.683624" lon="1.928917"><ele>163.1</ele><time>2025-09-19T15:10:10Z</time></trkpt>
      <trkpt lat="48.683822" lon="1.928623"><ele>162.6</ele><time>2025-09-19T15:10:11Z</time></trkpt>
      <trkpt lat="48.683990" lon="1.928326"><ele>162.1</ele><time>2025-09-19T15:10:12Z</time></trkpt>
      <trkpt lat="48.684144" lon="1.928037"><ele>161.3</ele><time>2025-09-19T15:10:13Z</time></trkpt>
      <trkpt lat="48.684291" lon="1.927765"><ele>161.3</ele><time>2025-09-19T15:10:14Z</time></trkpt>
      <trkpt lat="48.684415" lon="1.927497"><ele>159.1</ele><time>2025-09-19T15:10:15Z</time></trkpt>
      <trkpt lat="48.684501" lon="1.927215"><ele>154.8</ele><time>2025-09-19T15:10:16Z</time></trkpt>
      <trkpt lat="48.684636" lon="1.926972"><ele>153.5</ele><time>2025-09-19T15:10:17Z</time></trkpt>
      <trkpt lat="48.684776" lon="1.926734"><ele>152.7</ele><time>2025-09-19T15:10:18Z</time></trkpt>
      <trkpt lat="48.684902" lon="1.926494"><ele>152.2</ele><time>2025-09-19T15:10:19Z</time></trkpt>
      <trkpt lat="48.685014" lon="1.926239"><ele>151.8</ele><time>2025-09-19T15:10:20Z</time></trkpt>
      <trkpt lat="48.685105" lon="1.925964"><ele>150.9</ele><time>2025-09-19T15:10:21Z</time></trkpt>
      <trkpt lat="48.685200" lon="1.925687"><ele>151.6</ele><time>2025-09-19T15:10:22Z</time></trkpt>
      <trkpt lat="48.685263" lon="1.925389"><ele>151.2</ele><time>2025-09-19T15:10:23Z</time></trkpt>
      <trkpt lat="48.685325" lon="1.925045"><ele>150.8</ele><time>2025-09-19T15:10:24Z</time></trkpt>
      <trkpt lat="48.685413" lon="1.924724"><ele>150.4</ele><time>2025-09-19T15:10:25Z</time></trkpt>
      <trkpt lat="48.685507" lon="1.924411"><ele>150.2</ele><time>2025-09-19T15:10:26Z</time></trkpt>
      <trkpt lat="48.685589" lon="1.924107"><ele>151.1</ele><time>2025-09-19T15:10:27Z</time></trkpt>
      <trkpt lat="48.685676" lon="1.923798"><ele>151.1</ele><time>2025-09-19T15:10:28Z</time></trkpt>
      <trkpt lat="48.685773" lon="1.923481"><ele>150.8</ele><time>2025-09-19T15:10:29Z</time></trkpt>
      <trkpt lat="48.685870" lon="1.923169"><ele>150.4</ele><time>2025-09-19T15:10:30Z</time></trkpt>
      <trkpt lat="48.685967" lon="1.922867"><ele>150.3</ele><time>2025-09-19T15:10:31Z</time></trkpt>
      <trkpt lat="48.686066" lon="1.922574"><ele>150.1</ele><time>2025-09-19T15:10:32Z</time></trkpt>
      <trkpt lat="48.686170" lon="1.922279"><ele>150.1</ele><time>2025-09-19T15:10:33Z</time></trkpt>
      <trkpt lat="48.686293" lon="1.921989"><ele>150.7</ele><time>2025-09-19T15:10:34Z</time></trkpt>
      <trkpt lat="48.686424" lon="1.921684"><ele>151.1</ele><time>2025-09-19T15:10:35Z</time></trkpt>
      <trkpt lat="48.686610" lon="1.921401"><ele>150.5</ele><time>2025-09-19T15:10:36Z</time></trkpt>
      <trkpt lat="48.686789" lon="1.921141"><ele>153.1</ele><time>2025-09-19T15:10:37Z</time></trkpt>
      <trkpt lat="48.686956" lon="1.920938"><ele>155.2</ele><time>2025-09-19T15:10:38Z</time></trkpt>
      <trkpt lat="48.687099" lon="1.920695"><ele>155.7</ele><time>2025-09-19T15:10:39Z</time></trkpt>
      <trkpt lat="48.687242" lon="1.920441"><ele>153.9</ele><time>2025-09-19T15:10:40Z</time></trkpt>
      <trkpt lat="48.687386" lon="1.920173"><ele>155.1</ele><time>2025-09-19T15:10:41Z</time></trkpt>
      <trkpt lat="48.687527" lon="1.919898"><ele>155.7</ele><time>2025-09-19T15:10:42Z</time></trkpt>
      <trkpt lat="48.687664" lon="1.919641"><ele>155.9</ele><time>2025-09-19T15:10:43Z</time></trkpt>
      <trkpt lat="48.687792" lon="1.919392"><ele>155.8</ele><time>2025-09-19T15:10:44Z</time></trkpt>
      <trkpt lat="48.687928" lon="1.919183"><ele>155.6</ele><time>2025-09-19T15:10:45Z</time></trkpt>
      <trkpt lat="48.688064" lon="1.918983"><ele>155.2</ele><time>2025-09-19T15:10:46Z</time></trkpt>
      <trkpt lat="48.688201" lon="1.918776"><ele>155.6</ele><time>2025-09-19T15:10:47Z</time></trkpt>
      <trkpt lat="48.688349" lon="1.918567"><ele>154.9</ele><time>2025-09-19T15:10:48Z</time></trkpt>
      <trkpt lat="48.688497" lon="1.918370"><ele>155.1</ele><time>2025-09-19T15:10:49Z</time></trkpt>
      <trkpt lat="48.688645" lon="1.918178"><ele>155.4</ele><time>2025-09-19T15:10:50Z</time></trkpt>
      <trkpt lat="48.688815" lon="1.918075"><ele>154.3</ele><time>2025-09-19T15:10:51Z</time></trkpt>
      <trkpt lat="48.688956" lon="1.917972"><ele>153.6</ele><time>2025-09-19T15:10:52Z</time></trkpt>
      <trkpt lat="48.689097" lon="1.917877"><ele>154.1</ele><time>2025-09-19T15:10:53Z</time></trkpt>
      <trkpt lat="48.689216" lon="1.917765"><ele>153.0</ele><time>2025-09-19T15:10:54Z</time></trkpt>
      <trkpt lat="48.689306" lon="1.917620"><ele>152.3</ele><time>2025-09-19T15:10:55Z</time></trkpt>
      <trkpt lat="48.689325" lon="1.917446"><ele>151.3</ele><time>2025-09-19T15:10:56Z</time></trkpt>
      <trkpt lat="48.689346" lon="1.917257"><ele>149.6</ele><time>2025-09-19T15:10:57Z</time></trkpt>
      <trkpt lat="48.689382" lon="1.917045"><ele>149.2</ele><time>2025-09-19T15:10:58Z</time></trkpt>
      <trkpt lat="48.689411" lon="1.916810"><ele>150.0</ele><time>2025-09-19T15:10:59Z</time></trkpt>
      <trkpt lat="48.689442" lon="1.916569"><ele>150.2</ele><time>2025-09-19T15:11:00Z</time></trkpt>
      <trkpt lat="48.689473" lon="1.916283"><ele>150.3</ele><time>2025-09-19T15:11:01Z</time></trkpt>
      <trkpt lat="48.689550" lon="1.915915"><ele>149.7</ele><time>2025-09-19T15:11:02Z</time></trkpt>
      <trkpt lat="48.689578" lon="1.915550"><ele>148.6</ele><time>2025-09-19T15:11:03Z</time></trkpt>
      <trkpt lat="48.689627" lon="1.915183"><ele>148.5</ele><time>2025-09-19T15:11:04Z</time></trkpt>
      <trkpt lat="48.689674" lon="1.914819"><ele>147.9</ele><time>2025-09-19T15:11:05Z</time></trkpt>
      <trkpt lat="48.689725" lon="1.914468"><ele>147.6</ele><time>2025-09-19T15:11:06Z</time></trkpt>
      <trkpt lat="48.689772" lon="1.914135"><ele>147.4</ele><time>2025-09-19T15:11:07Z</time></trkpt>
      <trkpt lat="48.689832" lon="1.913827"><ele>145.8</ele><time>2025-09-19T15:11:08Z</time></trkpt>
      <trkpt lat="48.689890" lon="1.913533"><ele>146.1</ele><time>2025-09-19T15:11:09Z</time></trkpt>
      <trkpt lat="48.689956" lon="1.913250"><ele>146.7</ele><time>2025-09-19T15:11:10Z</time></trkpt>
      <trkpt lat="48.690037" lon="1.912991"><ele>147.3</ele><time>2025-09-19T15:11:11Z</time></trkpt>
      <trkpt lat="48.690115" lon="1.912733"><ele>147.0</ele><time>2025-09-19T15:11:12Z</time></trkpt>
      <trkpt lat="48.690261" lon="1.912504"><ele>145.7</ele><time>2025-09-19T15:11:13Z</time></trkpt>
      <trkpt lat="48.690381" lon="1.912324"><ele>145.7</ele><time>2025-09-19T15:11:14Z</time></trkpt>
      <trkpt lat="48.690489" lon="1.912125"><ele>145.8</ele><time>2025-09-19T15:11:15Z</time></trkpt>
      <trkpt lat="48.690600" lon="1.911956"><ele>145.9</ele><time>2025-09-19T15:11:16Z</time></trkpt>
      <trkpt lat="48.690689" lon="1.911776"><ele>145.7</ele><time>2025-09-19T15:11:17Z</time></trkpt>
      <trkpt lat="48.690773" lon="1.911585"><ele>145.6</ele><time>2025-09-19T15:11:18Z</time></trkpt>
      <trkpt lat="48.690854" lon="1.911395"><ele>146.2</ele><time>2025-09-19T15:11:19Z</time></trkpt>
      <trkpt lat="48.690937" lon="1.911205"><ele>146.1</ele><time>2025-09-19T15:11:20Z</time></trkpt>
      <trkpt lat="48.691032" lon="1.911028"><ele>147.0</ele><time>2025-09-19T15:11:21Z</time></trkpt>
      <trkpt lat="48.691120" lon="1.910843"><ele>147.2</ele><time>2025-09-19T15:11:22Z</time></trkpt>
      <trkpt lat="48.691233" lon="1.910674"><ele>148.0</ele><time>2025-09-19T15:11:23Z</time></trkpt>
      <trkpt lat="48.691349" lon="1.910491"><ele>148.4</ele><time>2025-09-19T15:11:24Z</time></trkpt>
      <trkpt lat="48.691466" lon="1.910316"><ele>148.9</ele><time>2025-09-19T15:11:25Z</time></trkpt>
      <trkpt lat="48.691603" lon="1.910151"><ele>149.2</ele><time>2025-09-19T15:11:26Z</time></trkpt>
      <trkpt lat="48.691759" lon="1.909945"><ele>149.0</ele><time>2025-09-19T15:11:27Z</time></trkpt>
      <trkpt lat="48.691934" lon="1.909729"><ele>150.8</ele><time>2025-09-19T15:11:28Z</time></trkpt>
      <trkpt lat="48.692095" lon="1.909526"><ele>151.4</ele><time>2025-09-19T15:11:29Z</time></trkpt>
      <trkpt lat="48.692287" lon="1.909333"><ele>151.9</ele><time>2025-09-19T15:11:30Z</time></trkpt>
      <trkpt lat="48.692456" lon="1.909133"><ele>152.8</ele><time>2025-09-19T15:11:31Z</time></trkpt>
      <trkpt lat="48.692617" lon="1.908933"><ele>153.1</ele><time>2025-09-19T15:11:32Z</time></trkpt>
      <trkpt lat="48.692764" lon="1.908733"><ele>154.3</ele><time>2025-09-19T15:11:33Z</time></trkpt>
      <trkpt lat="48.692915" lon="1.908538"><ele>154.8</ele><time>2025-09-19T15:11:34Z</time></trkpt>
      <trkpt lat="48.693046" lon="1.908363"><ele>156.1</ele><time>2025-09-19T15:11:35Z</time></trkpt>
      <trkpt lat="48.693187" lon="1.908203"><ele>156.0</ele><time>2025-09-19T15:11:36Z</time></trkpt>
      <trkpt lat="48.693307" lon="1.908049"><ele>155.9</ele><time>2025-09-19T15:11:37Z</time></trkpt>
      <trkpt lat="48.693431" lon="1.907920"><ele>156.1</ele><time>2025-09-19T15:11:38Z</time></trkpt>
      <trkpt lat="48.693554" lon="1.907804"><ele>156.9</ele><time>2025-09-19T15:11:39Z</time></trkpt>
      <trkpt lat="48.693684" lon="1.907706"><ele>156.7</ele><time>2025-09-19T15:11:40Z</time></trkpt>
      <trkpt lat="48.693812" lon="1.907630"><ele>158.4</ele><time>2025-09-19T15:11:41Z</time></trkpt>
      <trkpt lat="48.693962" lon="1.907623"><ele>158.0</ele><time>2025-09-19T15:11:42Z</time></trkpt>
      <trkpt lat="48.694109" lon="1.907617"><ele>157.2</ele><time>2025-09-19T15:11:43Z</time></trkpt>
      <trkpt lat="48.694254" lon="1.907610"><ele>157.3</ele><time>2025-09-19T15:11:44Z</time></trkpt>
      <trkpt lat="48.694398" lon="1.907600"><ele>157.4</ele><time>2025-09-19T15:11:45Z</time></trkpt>
      <trkpt lat="48.694539" lon="1.907578"><ele>157.7</ele><time>2025-09-19T15:11:46Z</time></trkpt>
      <trkpt lat="48.694680" lon="1.907518"><ele>157.9</ele><time>2025-09-19T15:11:47Z</time></trkpt>
      <trkpt lat="48.694826" lon="1.907449"><ele>158.5</ele><time>2025-09-19T15:11:48Z</time></trkpt>
      <trkpt lat="48.694980" lon="1.907313"><ele>158.9</ele><time>2025-09-19T15:11:49Z</time></trkpt>
      <trkpt lat="48.695130" lon="1.907170"><ele>159.6</ele><time>2025-09-19T15:11:50Z</time></trkpt>
      <trkpt lat="48.695289" lon="1.907026"><ele>160.1</ele><time>2025-09-19T15:11:51Z</time></trkpt>
      <trkpt lat="48.695439" lon="1.906874"><ele>161.0</ele><time>2025-09-19T15:11:52Z</time></trkpt>
      <trkpt lat="48.695587" lon="1.906718"><ele>161.4</ele><time>2025-09-19T15:11:53Z</time></trkpt>
      <trkpt lat="48.695721" lon="1.906552"><ele>161.7</ele><time>2025-09-19T15:11:54Z</time></trkpt>
      <trkpt lat="48.695845" lon="1.906365"><ele>161.9</ele><time>2025-09-19T15:11:55Z</time></trkpt>
      <trkpt lat="48.695929" lon="1.906144"><ele>163.4</ele><time>2025-09-19T15:11:56Z</time></trkpt>
      <trkpt lat="48.696037" lon="1.905932"><ele>163.4</ele><time>2025-09-19T15:11:57Z</time></trkpt>
      <trkpt lat="48.696156" lon="1.905729"><ele>162.6</ele><time>2025-09-19T15:11:58Z</time></trkpt>
      <trkpt lat="48.696281" lon="1.905543"><ele>162.7</ele><time>2025-09-19T15:11:59Z</time></trkpt>
      <trkpt lat="48.696423" lon="1.905366"><ele>162.8</ele><time>2025-09-19T15:12:00Z</time></trkpt>
      <trkpt lat="48.696558" lon="1.905187"><ele>163.8</ele><time>2025-09-19T15:12:01Z</time></trkpt>
      <trkpt lat="48.696696" lon="1.905052"><ele>163.5</ele><time>2025-09-19T15:12:02Z</time></trkpt>
      <trkpt lat="48.696825" lon="1.904904"><ele>164.8</ele><time>2025-09-19T15:12:03Z</time></trkpt>
      <trkpt lat="48.696939" lon="1.904744"><ele>166.0</ele><time>2025-09-19T15:12:04Z</time></trkpt>
      <trkpt lat="48.697053" lon="1.904587"><ele>166.2</ele><time>2025-09-19T15:12:05Z</time></trkpt>
      <trkpt lat="48.697156" lon="1.904404"><ele>167.1</ele><time>2025-09-19T15:12:06Z</time></trkpt>
      <trkpt lat="48.697274" lon="1.904171"><ele>168.2</ele><time>2025-09-19T15:12:07Z</time></trkpt>
      <trkpt lat="48.697389" lon="1.903931"><ele>169.2</ele><time>2025-09-19T15:12:08Z</time></trkpt>
      <trkpt lat="48.697495" lon="1.903707"><ele>169.3</ele><time>2025-09-19T15:12:09Z</time></trkpt>
      <trkpt lat="48.697602" lon="1.903478"><ele>169.9</ele><time>2025-09-19T15:12:10Z</time></trkpt>
      <trkpt lat="48.697710" lon="1.903253"><ele>170.6</ele><time>2025-09-19T15:12:11Z</time></trkpt>
      <trkpt lat="48.697833" lon="1.903053"><ele>171.3</ele><time>2025-09-19T15:12:12Z</time></trkpt>
      <trkpt lat="48.697910" lon="1.902886"><ele>172.3</ele><time>2025-09-19T15:12:13Z</time></trkpt>
      <trkpt lat="48.698006" lon="1.902710"><ele>172.3</ele><time>2025-09-19T15:12:14Z</time></trkpt>
      <trkpt lat="48.698101" lon="1.902525"><ele>172.2</ele><time>2025-09-19T15:12:15Z</time></trkpt>
      <trkpt lat="48.698186" lon="1.902326"><ele>171.0</ele><time>2025-09-19T15:12:16Z</time></trkpt>
      <trkpt lat="48.698230" lon="1.902105"><ele>169.7</ele><time>2025-09-19T15:12:17Z</time></trkpt>
      <trkpt lat="48.698245" lon="1.901878"><ele>168.2</ele><time>2025-09-19T15:12:18Z</time></trkpt>
      <trkpt lat="48.698259" lon="1.901644"><ele>166.7</ele><time>2025-09-19T15:12:19Z</time></trkpt>
      <trkpt lat="48.698286" lon="1.901412"><ele>165.9</ele><time>2025-09-19T15:12:20Z</time></trkpt>
      <trkpt lat="48.698311" lon="1.901181"><ele>165.4</ele><time>2025-09-19T15:12:21Z</time></trkpt>
      <trkpt lat="48.698330" lon="1.900950"><ele>164.5</ele><time>2025-09-19T15:12:22Z</time></trkpt>
      <trkpt lat="48.698342" lon="1.900718"><ele>161.5</ele><time>2025-09-19T15:12:23Z</time></trkpt>
      <trkpt lat="48.698365" lon="1.900492"><ele>157.9</ele><time>2025-09-19T15:12:24Z</time></trkpt>
      <trkpt lat="48.698377" lon="1.900259"><ele>157.3</ele><time>2025-09-19T15:12:25Z</time></trkpt>
      <trkpt lat="48.698387" lon="1.900023"><ele>156.7</ele><time>2025-09-19T15:12:26Z</time></trkpt>
      <trkpt lat="48.698402" lon="1.899792"><ele>155.5</ele><time>2025-09-19T15:12:27Z</time></trkpt>
      <trkpt lat="48.698413" lon="1.899560"><ele>155.5</ele><time>2025-09-19T15:12:28Z</time></trkpt>
      <trkpt lat="48.698421" lon="1.899330"><ele>155.2</ele><time>2025-09-19T15:12:29Z</time></trkpt>
      <trkpt lat="48.698391" lon="1.899093"><ele>154.6</ele><time>2025-09-19T15:12:30Z</time></trkpt>
      <trkpt lat="48.698372" lon="1.898859"><ele>153.6</ele><time>2025-09-19T15:12:31Z</time></trkpt>
      <trkpt lat="48.698312" lon="1.898629"><ele>153.5</ele><time>2025-09-19T15:12:32Z</time></trkpt>
      <trkpt lat="48.698261" lon="1.898397"><ele>153.1</ele><time>2025-09-19T15:12:33Z</time></trkpt>
      <trkpt lat="48.698205" lon="1.898162"><ele>152.5</ele><time>2025-09-19T15:12:34Z</time></trkpt>
      <trkpt lat="48.698144" lon="1.897927"><ele>152.0</ele><time>2025-09-19T15:12:35Z</time></trkpt>
      <trkpt lat="48.698082" lon="1.897702"><ele>151.9</ele><time>2025-09-19T15:12:36Z</time></trkpt>
      <trkpt lat="48.698023" lon="1.897487"><ele>151.6</ele><time>2025-09-19T15:12:37Z</time></trkpt>
      <trkpt lat="48.697982" lon="1.897280"><ele>150.9</ele><time>2025-09-19T15:12:38Z</time></trkpt>
      <trkpt lat="48.697959" lon="1.897084"><ele>151.2</ele><time>2025-09-19T15:12:39Z</time></trkpt>
      <trkpt lat="48.697963" lon="1.896901"><ele>151.8</ele><time>2025-09-19T15:12:40Z</time></trkpt>
      <trkpt lat="48.697985" lon="1.896726"><ele>153.0</ele><time>2025-09-19T15:12:41Z</time></trkpt>
      <trkpt lat="48.698023" lon="1.896571"><ele>153.0</ele><time>2025-09-19T15:12:42Z</time></trkpt>
      <trkpt lat="48.698053" lon="1.896430"><ele>153.1</ele><time>2025-09-19T15:12:43Z</time></trkpt>
      <trkpt lat="48.698102" lon="1.896317"><ele>153.8</ele><time>2025-09-19T15:12:44Z</time></trkpt>
      <trkpt lat="48.698139" lon="1.896219"><ele>153.5</ele><time>2025-09-19T15:12:45Z</time></trkpt>
      <trkpt lat="48.698168" lon="1.896140"><ele>153.3</ele><time>2025-09-19T15:12:46Z</time></trkpt>
      <trkpt lat="48.698199" lon="1.896080"><ele>152.8</ele><time>2025-09-19T15:12:47Z</time></trkpt>
      <trkpt lat="48.698229" lon="1.896042"><ele>153.0</ele><time>2025-09-19T15:12:48Z</time></trkpt>
      <trkpt lat="48.698242" lon="1.896018"><ele>153.2</ele><time>2025-09-19T15:12:49Z</time></trkpt>
      <trkpt lat="48.698250" lon="1.896002"><ele>153.8</ele><time>2025-09-19T15:12:50Z</time></trkpt>
      <trkpt lat="48.698256" lon="1.895981"><ele>154.3</ele><time>2025-09-19T15:12:51Z</time></trkpt>
      <trkpt lat="48.698270" lon="1.895951"><ele>155.3</ele><time>2025-09-19T15:12:52Z</time></trkpt>
      <trkpt lat="48.698276" lon="1.895919"><ele>156.6</ele><time>2025-09-19T15:12:53Z</time></trkpt>
      <trkpt lat="48.698271" lon="1.895894"><ele>157.6</ele><time>2025-09-19T15:12:54Z</time></trkpt>
      <trkpt lat="48.698259" lon="1.895879"><ele>158.7</ele><time>2025-09-19T15:12:55Z</time></trkpt>
      <trkpt lat="48.698247" lon="1.895872"><ele>158.5</ele><time>2025-09-19T15:12:56Z</time></trkpt>
      <trkpt lat="48.698237" lon="1.895877"><ele>158.4</ele><time>2025-09-19T15:12:57Z</time></trkpt>
      <trkpt lat="48.698222" lon="1.895881"><ele>157.9</ele><time>2025-09-19T15:12:58Z</time></trkpt>
      <trkpt lat="48.698217" lon="1.895894"><ele>157.7</ele><time>2025-09-19T15:12:59Z</time></trkpt>
      <trkpt lat="48.698215" lon="1.895902"><ele>157.9</ele><time>2025-09-19T15:13:00Z</time></trkpt>
      <trkpt lat="48.698205" lon="1.895786"><ele>153.6</ele><time>2025-09-19T15:17:25Z</time></trkpt>
      <trkpt lat="48.698206" lon="1.895820"><ele>153.1</ele><time>2025-09-19T15:17:26Z</time></trkpt>
      <trkpt lat="48.698207" lon="1.895856"><ele>152.3</ele><time>2025-09-19T15:17:27Z</time></trkpt>
      <trkpt lat="48.698209" lon="1.895902"><ele>150.9</ele><time>2025-09-19T15:17:34Z</time></trkpt>
      <trkpt lat="48.698227" lon="1.895924"><ele>150.7</ele><time>2025-09-19T15:17:35Z</time></trkpt>
      <trkpt lat="48.698258" lon="1.895928"><ele>151.3</ele><time>2025-09-19T15:17:36Z</time></trkpt>
      <trkpt lat="48.698315" lon="1.895909"><ele>151.3</ele><time>2025-09-19T15:17:37Z</time></trkpt>
      <trkpt lat="48.698386" lon="1.895869"><ele>152.6</ele><time>2025-09-19T15:17:38Z</time></trkpt>
      <trkpt lat="48.698465" lon="1.895824"><ele>153.9</ele><time>2025-09-19T15:17:39Z</time></trkpt>
      <trkpt lat="48.698552" lon="1.895776"><ele>153.8</ele><time>2025-09-19T15:17:40Z</time></trkpt>
      <trkpt lat="48.698644" lon="1.895730"><ele>154.0</ele><time>2025-09-19T15:17:41Z</time></trkpt>
      <trkpt lat="48.698745" lon="1.895679"><ele>154.3</ele><time>2025-09-19T15:17:42Z</time></trkpt>
      <trkpt lat="48.698840" lon="1.895621"><ele>156.8</ele><time>2025-09-19T15:17:43Z</time></trkpt>
      <trkpt lat="48.698934" lon="1.895569"><ele>159.6</ele><time>2025-09-19T15:17:44Z</time></trkpt>
      <trkpt lat="48.699033" lon="1.895542"><ele>162.1</ele><time>2025-09-19T15:17:45Z</time></trkpt>
      <trkpt lat="48.699138" lon="1.895551"><ele>164.5</ele><time>2025-09-19T15:17:46Z</time></trkpt>
      <trkpt lat="48.699250" lon="1.895565"><ele>165.8</ele><time>2025-09-19T15:17:47Z</time></trkpt>
      <trkpt lat="48.699369" lon="1.895619"><ele>166.0</ele><time>2025-09-19T15:17:48Z</time></trkpt>
      <trkpt lat="48.699487" lon="1.895674"><ele>167.2</ele><time>2025-09-19T15:17:49Z</time></trkpt>
      <trkpt lat="48.699579" lon="1.895725"><ele>172.2</ele><time>2025-09-19T15:17:50Z</time></trkpt>
      <trkpt lat="48.699730" lon="1.895756"><ele>163.7</ele><time>2025-09-19T15:17:51Z</time></trkpt>
      <trkpt lat="48.699844" lon="1.895755"><ele>162.3</ele><time>2025-09-19T15:17:52Z</time></trkpt>
      <trkpt lat="48.699942" lon="1.895725"><ele>163.3</ele><time>2025-09-19T15:17:53Z</time></trkpt>
      <trkpt lat="48.700038" lon="1.895666"><ele>163.8</ele><time>2025-09-19T15:17:54Z</time></trkpt>
      <trkpt lat="48.700124" lon="1.895569"><ele>164.5</ele><time>2025-09-19T15:17:55Z</time></trkpt>
      <trkpt lat="48.700208" lon="1.895473"><ele>162.9</ele><time>2025-09-19T15:17:56Z</time></trkpt>
      <trkpt lat="48.700284" lon="1.895371"><ele>161.7</ele><time>2025-09-19T15:17:57Z</time></trkpt>
      <trkpt lat="48.700354" lon="1.895272"><ele>160.6</ele><time>2025-09-19T15:17:58Z</time></trkpt>
      <trkpt lat="48.700417" lon="1.895172"><ele>160.2</ele><time>2025-09-19T15:17:59Z</time></trkpt>
      <trkpt lat="48.700479" lon="1.895081"><ele>159.0</ele><time>2025-09-19T15:18:00Z</time></trkpt>
      <trkpt lat="48.700544" lon="1.895011"><ele>156.8</ele><time>2025-09-19T15:18:01Z</time></trkpt>
      <trkpt lat="48.700603" lon="1.894950"><ele>156.7</ele><time>2025-09-19T15:18:02Z</time></trkpt>
      <trkpt lat="48.700660" lon="1.894893"><ele>157.6</ele><time>2025-09-19T15:18:03Z</time></trkpt>
      <trkpt lat="48.700709" lon="1.894823"><ele>157.5</ele><time>2025-09-19T15:18:04Z</time></trkpt>
      <trkpt lat="48.700752" lon="1.894751"><ele>154.5</ele><time>2025-09-19T15:18:05Z</time></trkpt>
      <trkpt lat="48.700794" lon="1.894639"><ele>152.2</ele><time>2025-09-19T15:18:06Z</time></trkpt>
      <trkpt lat="48.700845" lon="1.894517"><ele>151.8</ele><time>2025-09-19T15:18:07Z</time></trkpt>
      <trkpt lat="48.700900" lon="1.894400"><ele>151.6</ele><time>2025-09-19T15:18:08Z</time></trkpt>
      <trkpt lat="48.700958" lon="1.894279"><ele>150.8</ele><time>2025-09-19T15:18:09Z</time></trkpt>
      <trkpt lat="48.701016" lon="1.894156"><ele>151.1</ele><time>2025-09-19T15:18:10Z</time></trkpt>
      <trkpt lat="48.701076" lon="1.894026"><ele>151.2</ele><time>2025-09-19T15:18:11Z</time></trkpt>
      <trkpt lat="48.701130" lon="1.893893"><ele>151.5</ele><time>2025-09-19T15:18:12Z</time></trkpt>
      <trkpt lat="48.701188" lon="1.893759"><ele>151.0</ele><time>2025-09-19T15:18:13Z</time></trkpt>
      <trkpt lat="48.701244" lon="1.893621"><ele>150.8</ele><time>2025-09-19T15:18:14Z</time></trkpt>
      <trkpt lat="48.701298" lon="1.893483"><ele>150.8</ele><time>2025-09-19T15:18:15Z</time></trkpt>
      <trkpt lat="48.701354" lon="1.893345"><ele>150.8</ele><time>2025-09-19T15:18:16Z</time></trkpt>
      <trkpt lat="48.701411" lon="1.893207"><ele>150.3</ele><time>2025-09-19T15:18:17Z</time></trkpt>
      <trkpt lat="48.701467" lon="1.893062"><ele>150.2</ele><time>2025-09-19T15:18:18Z</time></trkpt>
      <trkpt lat="48.701521" lon="1.892916"><ele>150.2</ele><time>2025-09-19T15:18:19Z</time></trkpt>
      <trkpt lat="48.701572" lon="1.892767"><ele>149.4</ele><time>2025-09-19T15:18:20Z</time></trkpt>
      <trkpt lat="48.701621" lon="1.892615"><ele>148.8</ele><time>2025-09-19T15:18:21Z</time></trkpt>
      <trkpt lat="48.701670" lon="1.892465"><ele>147.5</ele><time>2025-09-19T15:18:22Z</time></trkpt>
      <trkpt lat="48.701716" lon="1.892314"><ele>146.6</ele><time>2025-09-19T15:18:23Z</time></trkpt>
      <trkpt lat="48.701759" lon="1.892164"><ele>146.0</ele><time>2025-09-19T15:18:24Z</time></trkpt>
      <trkpt lat="48.701795" lon="1.892018"><ele>145.6</ele><time>2025-09-19T15:18:25Z</time></trkpt>
      <trkpt lat="48.701829" lon="1.891880"><ele>145.5</ele><time>2025-09-19T15:18:26Z</time></trkpt>
      <trkpt lat="48.701861" lon="1.891753"><ele>146.1</ele><time>2025-09-19T15:18:27Z</time></trkpt>
      <trkpt lat="48.701891" lon="1.891636"><ele>146.3</ele><time>2025-09-19T15:18:28Z</time></trkpt>
      <trkpt lat="48.701913" lon="1.891528"><ele>146.8</ele><time>2025-09-19T15:18:29Z</time></trkpt>
      <trkpt lat="48.701937" lon="1.891426"><ele>146.8</ele><time>2025-09-19T15:18:30Z</time></trkpt>
      <trkpt lat="48.701964" lon="1.891326"><ele>145.3</ele><time>2025-09-19T15:18:31Z</time></trkpt>
      <trkpt lat="48.701986" lon="1.891220"><ele>145.3</ele><time>2025-09-19T15:18:32Z</time></trkpt>
      <trkpt lat="48.702014" lon="1.891106"><ele>145.1</ele><time>2025-09-19T15:18:33Z</time></trkpt>
      <trkpt lat="48.702049" lon="1.890979"><ele>144.8</ele><time>2025-09-19T15:18:34Z</time></trkpt>
      <trkpt lat="48.702085" lon="1.890842"><ele>144.1</ele><time>2025-09-19T15:18:35Z</time></trkpt>
      <trkpt lat="48.702127" lon="1.890709"><ele>143.7</ele><time>2025-09-19T15:18:36Z</time></trkpt>
      <trkpt lat="48.702159" lon="1.890575"><ele>143.4</ele><time>2025-09-19T15:18:37Z</time></trkpt>
      <trkpt lat="48.702189" lon="1.890444"><ele>143.2</ele><time>2025-09-19T15:18:38Z</time></trkpt>
      <trkpt lat="48.702219" lon="1.890311"><ele>142.9</ele><time>2025-09-19T15:18:39Z</time></trkpt>
      <trkpt lat="48.702259" lon="1.890184"><ele>142.8</ele><time>2025-09-19T15:18:40Z</time></trkpt>
      <trkpt lat="48.702297" lon="1.890059"><ele>142.6</ele><time>2025-09-19T15:18:41Z</time></trkpt>
      <trkpt lat="48.702335" lon="1.889927"><ele>142.5</ele><time>2025-09-19T15:18:42Z</time></trkpt>
      <trkpt lat="48.702364" lon="1.889782"><ele>142.5</ele><time>2025-09-19T15:18:43Z</time></trkpt>
      <trkpt lat="48.702381" lon="1.889622"><ele>142.6</ele><time>2025-09-19T15:18:44Z</time></trkpt>
      <trkpt lat="48.702387" lon="1.889465"><ele>142.7</ele><time>2025-09-19T15:18:45Z</time></trkpt>
      <trkpt lat="48.702389" lon="1.889323"><ele>143.6</ele><time>2025-09-19T15:18:46Z</time></trkpt>
      <trkpt lat="48.702390" lon="1.889189"><ele>144.5</ele><time>2025-09-19T15:18:47Z</time></trkpt>
      <trkpt lat="48.702388" lon="1.889057"><ele>144.6</ele><time>2025-09-19T15:18:48Z</time></trkpt>
      <trkpt lat="48.702388" lon="1.888929"><ele>144.7</ele><time>2025-09-19T15:18:49Z</time></trkpt>
      <trkpt lat="48.702386" lon="1.888806"><ele>144.8</ele><time>2025-09-19T15:18:50Z</time></trkpt>
      <trkpt lat="48.702382" lon="1.888685"><ele>144.8</ele><time>2025-09-19T15:18:51Z</time></trkpt>
      <trkpt lat="48.702373" lon="1.888558"><ele>144.7</ele><time>2025-09-19T15:18:52Z</time></trkpt>
      <trkpt lat="48.702366" lon="1.888423"><ele>144.9</ele><time>2025-09-19T15:18:53Z</time></trkpt>
      <trkpt lat="48.702354" lon="1.888285"><ele>144.6</ele><time>2025-09-19T15:18:54Z</time></trkpt>
      <trkpt lat="48.702342" lon="1.888156"><ele>144.5</ele><time>2025-09-19T15:18:55Z</time></trkpt>
      <trkpt lat="48.702333" lon="1.888039"><ele>144.5</ele><time>2025-09-19T15:18:56Z</time></trkpt>
      <trkpt lat="48.702325" lon="1.887929"><ele>144.6</ele><time>2025-09-19T15:18:57Z</time></trkpt>
      <trkpt lat="48.702321" lon="1.887826"><ele>144.9</ele><time>2025-09-19T15:18:58Z</time></trkpt>
      <trkpt lat="48.702318" lon="1.887730"><ele>145.1</ele><time>2025-09-19T15:18:59Z</time></trkpt>
      <trkpt lat="48.702318" lon="1.887635"><ele>145.6</ele><time>2025-09-19T15:19:00Z</time></trkpt>
      <trkpt lat="48.702320" lon="1.887537"><ele>145.9</ele><time>2025-09-19T15:19:01Z</time></trkpt>
      <trkpt lat="48.702323" lon="1.887443"><ele>145.9</ele><time>2025-09-19T15:19:02Z</time></trkpt>
      <trkpt lat="48.702329" lon="1.887350"><ele>146.0</ele><time>2025-09-19T15:19:03Z</time></trkpt>
      <trkpt lat="48.702333" lon="1.887248"><ele>146.4</ele><time>2025-09-19T15:19:04Z</time></trkpt>
      <trkpt lat="48.702341" lon="1.887137"><ele>146.6</ele><time>2025-09-19T15:19:05Z</time></trkpt>
      <trkpt lat="48.702355" lon="1.887027"><ele>146.8</ele><time>2025-09-19T15:19:06Z</time></trkpt>
      <trkpt lat="48.702371" lon="1.886921"><ele>147.0</ele><time>2025-09-19T15:19:07Z</time></trkpt>
      <trkpt lat="48.702387" lon="1.886818"><ele>147.1</ele><time>2025-09-19T15:19:08Z</time></trkpt>
      <trkpt lat="48.702401" lon="1.886722"><ele>147.2</ele><time>2025-09-19T15:19:09Z</time></trkpt>
      <trkpt lat="48.702411" lon="1.886632"><ele>147.1</ele><time>2025-09-19T15:19:10Z</time></trkpt>
      <trkpt lat="48.702423" lon="1.886541"><ele>147.2</ele><time>2025-09-19T15:19:11Z</time></trkpt>
      <trkpt lat="48.702435" lon="1.886448"><ele>147.4</ele><time>2025-09-19T15:19:12Z</time></trkpt>
      <trkpt lat="48.702449" lon="1.886352"><ele>147.4</ele><time>2025-09-19T15:19:13Z</time></trkpt>
      <trkpt lat="48.702467" lon="1.886257"><ele>147.5</ele><time>2025-09-19T15:19:14Z</time></trkpt>
      <trkpt lat="48.702481" lon="1.886159"><ele>147.8</ele><time>2025-09-19T15:19:15Z</time></trkpt>
      <trkpt lat="48.702493" lon="1.886058"><ele>148.0</ele><time>2025-09-19T15:19:16Z</time></trkpt>
      <trkpt lat="48.702505" lon="1.885955"><ele>148.2</ele><time>2025-09-19T15:19:17Z</time></trkpt>
      <trkpt lat="48.702517" lon="1.885851"><ele>148.5</ele><time>2025-09-19T15:19:18Z</time></trkpt>
      <trkpt lat="48.702531" lon="1.885749"><ele>148.7</ele><time>2025-09-19T15:19:19Z</time></trkpt>
      <trkpt lat="48.702542" lon="1.885657"><ele>148.9</ele><time>2025-09-19T15:19:20Z</time></trkpt>
      <trkpt lat="48.702550" lon="1.885578"><ele>148.8</ele><time>2025-09-19T15:19:21Z</time></trkpt>
      <trkpt lat="48.702552" lon="1.885514"><ele>148.9</ele><time>2025-09-19T15:19:22Z</time></trkpt>
      <trkpt lat="48.702554" lon="1.885475"><ele>148.9</ele><time>2025-09-19T15:19:23Z</time></trkpt>
      <trkpt lat="48.702555" lon="1.885458"><ele>149.0</ele><time>2025-09-19T15:19:24Z</time></trkpt>
      <trkpt lat="48.702557" lon="1.885427"><ele>148.8</ele><time>2025-09-19T15:19:27Z</time></trkpt>
      <trkpt lat="48.702561" lon="1.885388"><ele>148.8</ele><time>2025-09-19T15:19:28Z</time></trkpt>
      <trkpt lat="48.702563" lon="1.885333"><ele>148.9</ele><time>2025-09-19T15:19:29Z</time></trkpt>
      <trkpt lat="48.702554" lon="1.885276"><ele>149.3</ele><time>2025-09-19T15:19:30Z</time></trkpt>
      <trkpt lat="48.702527" lon="1.885214"><ele>149.1</ele><time>2025-09-19T15:19:31Z</time></trkpt>
      <trkpt lat="48.702496" lon="1.885152"><ele>149.3</ele><time>2025-09-19T15:19:32Z</time></trkpt>
      <trkpt lat="48.702471" lon="1.885086"><ele>149.6</ele><time>2025-09-19T15:19:33Z</time></trkpt>
      <trkpt lat="48.702458" lon="1.885006"><ele>149.4</ele><time>2025-09-19T15:19:34Z</time></trkpt>
      <trkpt lat="48.702458" lon="1.884914"><ele>149.1</ele><time>2025-09-19T15:19:35Z</time></trkpt>
      <trkpt lat="48.702465" lon="1.884813"><ele>148.7</ele><time>2025-09-19T15:19:36Z</time></trkpt>
      <trkpt lat="48.702473" lon="1.884705"><ele>148.5</ele><time>2025-09-19T15:19:37Z</time></trkpt>
      <trkpt lat="48.702487" lon="1.884590"><ele>148.0</ele><time>2025-09-19T15:19:38Z</time></trkpt>
      <trkpt lat="48.702503" lon="1.884477"><ele>147.8</ele><time>2025-09-19T15:19:39Z</time></trkpt>
      <trkpt lat="48.702519" lon="1.884360"><ele>147.3</ele><time>2025-09-19T15:19:40Z</time></trkpt>
      <trkpt lat="48.702535" lon="1.884231"><ele>146.5</ele><time>2025-09-19T15:19:41Z</time></trkpt>
      <trkpt lat="48.702549" lon="1.884090"><ele>146.0</ele><time>2025-09-19T15:19:42Z</time></trkpt>
      <trkpt lat="48.702559" lon="1.883928"><ele>145.2</ele><time>2025-09-19T15:19:43Z</time></trkpt>
      <trkpt lat="48.702565" lon="1.883752"><ele>144.4</ele><time>2025-09-19T15:19:44Z</time></trkpt>
      <trkpt lat="48.702557" lon="1.883564"><ele>143.7</ele><time>2025-09-19T15:19:45Z</time></trkpt>
      <trkpt lat="48.702532" lon="1.883366"><ele>143.0</ele><time>2025-09-19T15:19:46Z</time></trkpt>
      <trkpt lat="48.702501" lon="1.883163"><ele>142.6</ele><time>2025-09-19T15:19:47Z</time></trkpt>
      <trkpt lat="48.702469" lon="1.882956"><ele>142.5</ele><time>2025-09-19T15:19:48Z</time></trkpt>
      <trkpt lat="48.702433" lon="1.882744"><ele>142.3</ele><time>2025-09-19T15:19:49Z</time></trkpt>
      <trkpt lat="48.702396" lon="1.882534"><ele>142.5</ele><time>2025-09-19T15:19:50Z</time></trkpt>
      <trkpt lat="48.702370" lon="1.882331"><ele>142.6</ele><time>2025-09-19T15:19:51Z</time></trkpt>
      <trkpt lat="48.702362" lon="1.882132"><ele>142.8</ele><time>2025-09-19T15:19:52Z</time></trkpt>
      <trkpt lat="48.702378" lon="1.881934"><ele>142.9</ele><time>2025-09-19T15:19:53Z</time></trkpt>
      <trkpt lat="48.702427" lon="1.881736"><ele>143.0</ele><time>2025-09-19T15:19:54Z</time></trkpt>
      <trkpt lat="48.702512" lon="1.881533"><ele>143.3</ele><time>2025-09-19T15:19:55Z</time></trkpt>
      <trkpt lat="48.702638" lon="1.881324"><ele>143.8</ele><time>2025-09-19T15:19:56Z</time></trkpt>
      <trkpt lat="48.702776" lon="1.881083"><ele>144.0</ele><time>2025-09-19T15:19:57Z</time></trkpt>
      <trkpt lat="48.702914" lon="1.880836"><ele>144.6</ele><time>2025-09-19T15:19:58Z</time></trkpt>
      <trkpt lat="48.703052" lon="1.880586"><ele>145.2</ele><time>2025-09-19T15:19:59Z</time></trkpt>
      <trkpt lat="48.703187" lon="1.880335"><ele>145.4</ele><time>2025-09-19T15:20:00Z</time></trkpt>
      <trkpt lat="48.703324" lon="1.880086"><ele>145.9</ele><time>2025-09-19T15:20:01Z</time></trkpt>
      <trkpt lat="48.703457" lon="1.879835"><ele>146.2</ele><time>2025-09-19T15:20:02Z</time></trkpt>
      <trkpt lat="48.703596" lon="1.879583"><ele>146.6</ele><time>2025-09-19T15:20:03Z</time></trkpt>
      <trkpt lat="48.703733" lon="1.879335"><ele>147.1</ele><time>2025-09-19T15:20:04Z</time></trkpt>
      <trkpt lat="48.703851" lon="1.879090"><ele>146.3</ele><time>2025-09-19T15:20:05Z</time></trkpt>
      <trkpt lat="48.703981" lon="1.878846"><ele>146.0</ele><time>2025-09-19T15:20:06Z</time></trkpt>
      <trkpt lat="48.704114" lon="1.878595"><ele>146.0</ele><time>2025-09-19T15:20:07Z</time></trkpt>
      <trkpt lat="48.704254" lon="1.878339"><ele>145.9</ele><time>2025-09-19T15:20:08Z</time></trkpt>
      <trkpt lat="48.704399" lon="1.878077"><ele>146.2</ele><time>2025-09-19T15:20:09Z</time></trkpt>
      <trkpt lat="48.704550" lon="1.877793"><ele>146.4</ele><time>2025-09-19T15:20:10Z</time></trkpt>
      <trkpt lat="48.704703" lon="1.877510"><ele>146.6</ele><time>2025-09-19T15:20:11Z</time></trkpt>
      <trkpt lat="48.704850" lon="1.877247"><ele>146.6</ele><time>2025-09-19T15:20:12Z</time></trkpt>
      <trkpt lat="48.704987" lon="1.877002"><ele>146.7</ele><time>2025-09-19T15:20:13Z</time></trkpt>
      <trkpt lat="48.705121" lon="1.876768"><ele>147.1</ele><time>2025-09-19T15:20:14Z</time></trkpt>
      <trkpt lat="48.705250" lon="1.876540"><ele>147.7</ele><time>2025-09-19T15:20:15Z</time></trkpt>
      <trkpt lat="48.705377" lon="1.876314"><ele>148.6</ele><time>2025-09-19T15:20:16Z</time></trkpt>
      <trkpt lat="48.705494" lon="1.876091"><ele>148.8</ele><time>2025-09-19T15:20:17Z</time></trkpt>
      <trkpt lat="48.705605" lon="1.875872"><ele>149.6</ele><time>2025-09-19T15:20:18Z</time></trkpt>
      <trkpt lat="48.705701" lon="1.875647"><ele>150.5</ele><time>2025-09-19T15:20:19Z</time></trkpt>
      <trkpt lat="48.705769" lon="1.875406"><ele>151.1</ele><time>2025-09-19T15:20:20Z</time></trkpt>
      <trkpt lat="48.705799" lon="1.875145"><ele>151.4</ele><time>2025-09-19T15:20:21Z</time></trkpt>
      <trkpt lat="48.705803" lon="1.874853"><ele>152.3</ele><time>2025-09-19T15:20:22Z</time></trkpt>
      <trkpt lat="48.705816" lon="1.874545"><ele>153.1</ele><time>2025-09-19T15:20:23Z</time></trkpt>
      <trkpt lat="48.705856" lon="1.874239"><ele>153.9</ele><time>2025-09-19T15:20:24Z</time></trkpt>
      <trkpt lat="48.705925" lon="1.873945"><ele>154.9</ele><time>2025-09-19T15:20:25Z</time></trkpt>
      <trkpt lat="48.706015" lon="1.873653"><ele>155.4</ele><time>2025-09-19T15:20:26Z</time></trkpt>
      <trkpt lat="48.706108" lon="1.873353"><ele>155.6</ele><time>2025-09-19T15:20:27Z</time></trkpt>
      <trkpt lat="48.706200" lon="1.873056"><ele>156.0</ele><time>2025-09-19T15:20:28Z</time></trkpt>
      <trkpt lat="48.706285" lon="1.872777"><ele>156.2</ele><time>2025-09-19T15:20:29Z</time></trkpt>
      <trkpt lat="48.706364" lon="1.872515"><ele>156.2</ele><time>2025-09-19T15:20:30Z</time></trkpt>
      <trkpt lat="48.706442" lon="1.872262"><ele>156.3</ele><time>2025-09-19T15:20:31Z</time></trkpt>
      <trkpt lat="48.706517" lon="1.872002"><ele>155.9</ele><time>2025-09-19T15:20:32Z</time></trkpt>
      <trkpt lat="48.706597" lon="1.871745"><ele>155.6</ele><time>2025-09-19T15:20:33Z</time></trkpt>
      <trkpt lat="48.706672" lon="1.871498"><ele>155.7</ele><time>2025-09-19T15:20:34Z</time></trkpt>
      <trkpt lat="48.706740" lon="1.871260"><ele>155.6</ele><time>2025-09-19T15:20:35Z</time></trkpt>
      <trkpt lat="48.706809" lon="1.871031"><ele>155.7</ele><time>2025-09-19T15:20:36Z</time></trkpt>
      <trkpt lat="48.706871" lon="1.870815"><ele>155.6</ele><time>2025-09-19T15:20:37Z</time></trkpt>
      <trkpt lat="48.706926" lon="1.870615"><ele>155.6</ele><time>2025-09-19T15:20:38Z</time></trkpt>
      <trkpt lat="48.706974" lon="1.870432"><ele>155.8</ele><time>2025-09-19T15:20:39Z</time></trkpt>
      <trkpt lat="48.707015" lon="1.870262"><ele>156.1</ele><time>2025-09-19T15:20:40Z</time></trkpt>
      <trkpt lat="48.707052" lon="1.870103"><ele>156.6</ele><time>2025-09-19T15:20:41Z</time></trkpt>
      <trkpt lat="48.707090" lon="1.869956"><ele>157.0</ele><time>2025-09-19T15:20:42Z</time></trkpt>
      <trkpt lat="48.707141" lon="1.869829"><ele>157.7</ele><time>2025-09-19T15:20:43Z</time></trkpt>
      <trkpt lat="48.707203" lon="1.869715"><ele>158.1</ele><time>2025-09-19T15:20:44Z</time></trkpt>
      <trkpt lat="48.707262" lon="1.869637"><ele>158.4</ele><time>2025-09-19T15:20:45Z</time></trkpt>
      <trkpt lat="48.707297" lon="1.869565"><ele>158.7</ele><time>2025-09-19T15:20:46Z</time></trkpt>
      <trkpt lat="48.707307" lon="1.869523"><ele>160.3</ele><time>2025-09-19T15:20:47Z</time></trkpt>
      <trkpt lat="48.707309" lon="1.869509"><ele>162.1</ele><time>2025-09-19T15:20:48Z</time></trkpt>
      <trkpt lat="48.707306" lon="1.869495"><ele>162.3</ele><time>2025-09-19T15:20:49Z</time></trkpt>
      <trkpt lat="48.707283" lon="1.869490"><ele>163.7</ele><time>2025-09-19T15:20:54Z</time></trkpt>
      <trkpt lat="48.707295" lon="1.869481"><ele>164.1</ele><time>2025-09-19T15:20:55Z</time></trkpt>
      <trkpt lat="48.707318" lon="1.869484"><ele>165.0</ele><time>2025-09-19T15:20:56Z</time></trkpt>
      <trkpt lat="48.707358" lon="1.869513"><ele>165.4</ele><time>2025-09-19T15:20:57Z</time></trkpt>
      <trkpt lat="48.707411" lon="1.869572"><ele>166.6</ele><time>2025-09-19T15:20:58Z</time></trkpt>
      <trkpt lat="48.707481" lon="1.869659"><ele>167.2</ele><time>2025-09-19T15:20:59Z</time></trkpt>
      <trkpt lat="48.707560" lon="1.869752"><ele>167.5</ele><time>2025-09-19T15:21:00Z</time></trkpt>
      <trkpt lat="48.707644" lon="1.869852"><ele>168.4</ele><time>2025-09-19T15:21:01Z</time></trkpt>
      <trkpt lat="48.707741" lon="1.869966"><ele>168.3</ele><time>2025-09-19T15:21:02Z</time></trkpt>
      <trkpt lat="48.707847" lon="1.870100"><ele>168.6</ele><time>2025-09-19T15:21:03Z</time></trkpt>
      <trkpt lat="48.707966" lon="1.870248"><ele>169.2</ele><time>2025-09-19T15:21:04Z</time></trkpt>
      <trkpt lat="48.708089" lon="1.870396"><ele>170.3</ele><time>2025-09-19T15:21:05Z</time></trkpt>
      <trkpt lat="48.708221" lon="1.870559"><ele>171.3</ele><time>2025-09-19T15:21:06Z</time></trkpt>
      <trkpt lat="48.708365" lon="1.870741"><ele>172.4</ele><time>2025-09-19T15:21:07Z</time></trkpt>
      <trkpt lat="48.708512" lon="1.870938"><ele>174.5</ele><time>2025-09-19T15:21:08Z</time></trkpt>
      <trkpt lat="48.708669" lon="1.871140"><ele>176.2</ele><time>2025-09-19T15:21:09Z</time></trkpt>
      <trkpt lat="48.708820" lon="1.871336"><ele>177.4</ele><time>2025-09-19T15:21:10Z</time></trkpt>
      <trkpt lat="48.708963" lon="1.871515"><ele>178.5</ele><time>2025-09-19T15:21:11Z</time></trkpt>
      <trkpt lat="48.709091" lon="1.871675"><ele>179.2</ele><time>2025-09-19T15:21:12Z</time></trkpt>
      <trkpt lat="48.709206" lon="1.871821"><ele>180.0</ele><time>2025-09-19T15:21:13Z</time></trkpt>
      <trkpt lat="48.709309" lon="1.871951"><ele>181.0</ele><time>2025-09-19T15:21:14Z</time></trkpt>
      <trkpt lat="48.709402" lon="1.872069"><ele>181.3</ele><time>2025-09-19T15:21:15Z</time></trkpt>
      <trkpt lat="48.709484" lon="1.872173"><ele>181.5</ele><time>2025-09-19T15:21:16Z</time></trkpt>
      <trkpt lat="48.709559" lon="1.872265"><ele>181.2</ele><time>2025-09-19T15:21:17Z</time></trkpt>
      <trkpt lat="48.709622" lon="1.872350"><ele>181.2</ele><time>2025-09-19T15:21:18Z</time></trkpt>
      <trkpt lat="48.709677" lon="1.872429"><ele>180.8</ele><time>2025-09-19T15:21:19Z</time></trkpt>
      <trkpt lat="48.709725" lon="1.872503"><ele>180.5</ele><time>2025-09-19T15:21:20Z</time></trkpt>
      <trkpt lat="48.709773" lon="1.872575"><ele>180.3</ele><time>2025-09-19T15:21:21Z</time></trkpt>
      <trkpt lat="48.709828" lon="1.872624"><ele>180.2</ele><time>2025-09-19T15:21:22Z</time></trkpt>
      <trkpt lat="48.709886" lon="1.872638"><ele>180.1</ele><time>2025-09-19T15:21:23Z</time></trkpt>
      <trkpt lat="48.709936" lon="1.872617"><ele>180.1</ele><time>2025-09-19T15:21:24Z</time></trkpt>
      <trkpt lat="48.709970" lon="1.872561"><ele>179.6</ele><time>2025-09-19T15:21:25Z</time></trkpt>
      <trkpt lat="48.709989" lon="1.872478"><ele>178.9</ele><time>2025-09-19T15:21:26Z</time></trkpt>
      <trkpt lat="48.710004" lon="1.872381"><ele>178.2</ele><time>2025-09-19T15:21:27Z</time></trkpt>
      <trkpt lat="48.710024" lon="1.872277"><ele>178.0</ele><time>2025-09-19T15:21:28Z</time></trkpt>
      <trkpt lat="48.710049" lon="1.872168"><ele>177.8</ele><time>2025-09-19T15:21:29Z</time></trkpt>
      <trkpt lat="48.710074" lon="1.872051"><ele>177.7</ele><time>2025-09-19T15:21:30Z</time></trkpt>
      <trkpt lat="48.710103" lon="1.871929"><ele>177.6</ele><time>2025-09-19T15:21:31Z</time></trkpt>
      <trkpt lat="48.710135" lon="1.871802"><ele>177.7</ele><time>2025-09-19T15:21:32Z</time></trkpt>
      <trkpt lat="48.710170" lon="1.871673"><ele>177.8</ele><time>2025-09-19T15:21:33Z</time></trkpt>
      <trkpt lat="48.710208" lon="1.871539"><ele>178.0</ele><time>2025-09-19T15:21:34Z</time></trkpt>
      <trkpt lat="48.710249" lon="1.871395"><ele>177.9</ele><time>2025-09-19T15:21:35Z</time></trkpt>
      <trkpt lat="48.710291" lon="1.871242"><ele>178.1</ele><time>2025-09-19T15:21:36Z</time></trkpt>
      <trkpt lat="48.710337" lon="1.871084"><ele>178.4</ele><time>2025-09-19T15:21:37Z</time></trkpt>
      <trkpt lat="48.710378" lon="1.870922"><ele>178.8</ele><time>2025-09-19T15:21:38Z</time></trkpt>
      <trkpt lat="48.710420" lon="1.870761"><ele>178.9</ele><time>2025-09-19T15:21:39Z</time></trkpt>
      <trkpt lat="48.710464" lon="1.870604"><ele>178.9</ele><time>2025-09-19T15:21:40Z</time></trkpt>
      <trkpt lat="48.710508" lon="1.870448"><ele>179.0</ele><time>2025-09-19T15:21:41Z</time></trkpt>
      <trkpt lat="48.710550" lon="1.870290"><ele>179.0</ele><time>2025-09-19T15:21:42Z</time></trkpt>
      <trkpt lat="48.710590" lon="1.870131"><ele>178.8</ele><time>2025-09-19T15:21:43Z</time></trkpt>
      <trkpt lat="48.710631" lon="1.869972"><ele>178.6</ele><time>2025-09-19T15:21:44Z</time></trkpt>
      <trkpt lat="48.710676" lon="1.869814"><ele>178.4</ele><time>2025-09-19T15:21:45Z</time></trkpt>
      <trkpt lat="48.710723" lon="1.869654"><ele>178.2</ele><time>2025-09-19T15:21:46Z</time></trkpt>
      <trkpt lat="48.710770" lon="1.869491"><ele>177.7</ele><time>2025-09-19T15:21:47Z</time></trkpt>
      <trkpt lat="48.710815" lon="1.869324"><ele>177.4</ele><time>2025-09-19T15:21:48Z</time></trkpt>
      <trkpt lat="48.710866" lon="1.869147"><ele>177.2</ele><time>2025-09-19T15:21:49Z</time></trkpt>
      <trkpt lat="48.710924" lon="1.868952"><ele>176.7</ele><time>2025-09-19T15:21:50Z</time></trkpt>
      <trkpt lat="48.710981" lon="1.868757"><ele>176.5</ele><time>2025-09-19T15:21:51Z</time></trkpt>
      <trkpt lat="48.711031" lon="1.868574"><ele>176.4</ele><time>2025-09-19T15:21:52Z</time></trkpt>
      <trkpt lat="48.711080" lon="1.868392"><ele>176.3</ele><time>2025-09-19T15:21:53Z</time></trkpt>
      <trkpt lat="48.711129" lon="1.868209"><ele>176.2</ele><time>2025-09-19T15:21:54Z</time></trkpt>
      <trkpt lat="48.711177" lon="1.868024"><ele>176.1</ele><time>2025-09-19T15:21:55Z</time></trkpt>
      <trkpt lat="48.711222" lon="1.867847"><ele>176.1</ele><time>2025-09-19T15:21:56Z</time></trkpt>
      <trkpt lat="48.711265" lon="1.867684"><ele>176.1</ele><time>2025-09-19T15:21:57Z</time></trkpt>
      <trkpt lat="48.711303" lon="1.867532"><ele>176.1</ele><time>2025-09-19T15:21:58Z</time></trkpt>
      <trkpt lat="48.711335" lon="1.867388"><ele>176.0</ele><time>2025-09-19T15:21:59Z</time></trkpt>
      <trkpt lat="48.711362" lon="1.867261"><ele>175.9</ele><time>2025-09-19T15:22:00Z</time></trkpt>
      <trkpt lat="48.711388" lon="1.867158"><ele>175.9</ele><time>2025-09-19T15:22:01Z</time></trkpt>
      <trkpt lat="48.711409" lon="1.867071"><ele>175.8</ele><time>2025-09-19T15:22:02Z</time></trkpt>
      <trkpt lat="48.711419" lon="1.866989"><ele>175.7</ele><time>2025-09-19T15:22:03Z</time></trkpt>
      <trkpt lat="48.711407" lon="1.866901"><ele>175.7</ele><time>2025-09-19T15:22:04Z</time></trkpt>
      <trkpt lat="48.711371" lon="1.866810"><ele>175.9</ele><time>2025-09-19T15:22:05Z</time></trkpt>
      <trkpt lat="48.711310" lon="1.866721"><ele>175.9</ele><time>2025-09-19T15:22:06Z</time></trkpt>
      <trkpt lat="48.711236" lon="1.866633"><ele>176.3</ele><time>2025-09-19T15:22:07Z</time></trkpt>
      <trkpt lat="48.711109" lon="1.866539"><ele>176.5</ele><time>2025-09-19T15:22:08Z</time></trkpt>
      <trkpt lat="48.710966" lon="1.866438"><ele>176.5</ele><time>2025-09-19T15:22:09Z</time></trkpt>
      <trkpt lat="48.710810" lon="1.866329"><ele>176.8</ele><time>2025-09-19T15:22:10Z</time></trkpt>
      <trkpt lat="48.710630" lon="1.866203"><ele>176.8</ele><time>2025-09-19T15:22:11Z</time></trkpt>
      <trkpt lat="48.710422" lon="1.866062"><ele>176.6</ele><time>2025-09-19T15:22:12Z</time></trkpt>
      <trkpt lat="48.710212" lon="1.865915"><ele>176.4</ele><time>2025-09-19T15:22:13Z</time></trkpt>
      <trkpt lat="48.710008" lon="1.865768"><ele>176.3</ele><time>2025-09-19T15:22:14Z</time></trkpt>
      <trkpt lat="48.709805" lon="1.865617"><ele>176.3</ele><time>2025-09-19T15:22:15Z</time></trkpt>
      <trkpt lat="48.709602" lon="1.865460"><ele>176.1</ele><time>2025-09-19T15:22:16Z</time></trkpt>
      <trkpt lat="48.709408" lon="1.865283"><ele>176.2</ele><time>2025-09-19T15:22:17Z</time></trkpt>
      <trkpt lat="48.709229" lon="1.865085"><ele>176.5</ele><time>2025-09-19T15:22:18Z</time></trkpt>
      <trkpt lat="48.709062" lon="1.864868"><ele>176.4</ele><time>2025-09-19T15:22:19Z</time></trkpt>
      <trkpt lat="48.708908" lon="1.864631"><ele>175.9</ele><time>2025-09-19T15:22:20Z</time></trkpt>
      <trkpt lat="48.708767" lon="1.864378"><ele>175.7</ele><time>2025-09-19T15:22:21Z</time></trkpt>
      <trkpt lat="48.708638" lon="1.864102"><ele>175.8</ele><time>2025-09-19T15:22:22Z</time></trkpt>
      <trkpt lat="48.708517" lon="1.863794"><ele>175.3</ele><time>2025-09-19T15:22:23Z</time></trkpt>
      <trkpt lat="48.708394" lon="1.863457"><ele>175.1</ele><time>2025-09-19T15:22:24Z</time></trkpt>
      <trkpt lat="48.708264" lon="1.863094"><ele>175.0</ele><time>2025-09-19T15:22:25Z</time></trkpt>
      <trkpt lat="48.708127" lon="1.862709"><ele>175.0</ele><time>2025-09-19T15:22:26Z</time></trkpt>
      <trkpt lat="48.707983" lon="1.862304"><ele>175.1</ele><time>2025-09-19T15:22:27Z</time></trkpt>
      <trkpt lat="48.707837" lon="1.861883"><ele>174.9</ele><time>2025-09-19T15:22:28Z</time></trkpt>
      <trkpt lat="48.707691" lon="1.861457"><ele>175.0</ele><time>2025-09-19T15:22:29Z</time></trkpt>
      <trkpt lat="48.707544" lon="1.861033"><ele>174.7</ele><time>2025-09-19T15:22:30Z</time></trkpt>
      <trkpt lat="48.707397" lon="1.860610"><ele>174.5</ele><time>2025-09-19T15:22:31Z</time></trkpt>
      <trkpt lat="48.707253" lon="1.860196"><ele>174.4</ele><time>2025-09-19T15:22:32Z</time></trkpt>
      <trkpt lat="48.707112" lon="1.859789"><ele>174.1</ele><time>2025-09-19T15:22:33Z</time></trkpt>
      <trkpt lat="48.706976" lon="1.859388"><ele>174.2</ele><time>2025-09-19T15:22:34Z</time></trkpt>
      <trkpt lat="48.706842" lon="1.858995"><ele>174.3</ele><time>2025-09-19T15:22:35Z</time></trkpt>
      <trkpt lat="48.706710" lon="1.858605"><ele>174.5</ele><time>2025-09-19T15:22:36Z</time></trkpt>
      <trkpt lat="48.706579" lon="1.858220"><ele>174.4</ele><time>2025-09-19T15:22:37Z</time></trkpt>
      <trkpt lat="48.706442" lon="1.857839"><ele>174.4</ele><time>2025-09-19T15:22:38Z</time></trkpt>
      <trkpt lat="48.706304" lon="1.857459"><ele>174.4</ele><time>2025-09-19T15:22:39Z</time></trkpt>
      <trkpt lat="48.706166" lon="1.857079"><ele>174.6</ele><time>2025-09-19T15:22:40Z</time></trkpt>
      <trkpt lat="48.706031" lon="1.856699"><ele>174.9</ele><time>2025-09-19T15:22:41Z</time></trkpt>
      <trkpt lat="48.705896" lon="1.856324"><ele>175.8</ele><time>2025-09-19T15:22:42Z</time></trkpt>
      <trkpt lat="48.705754" lon="1.855948"><ele>176.3</ele><time>2025-09-19T15:22:43Z</time></trkpt>
      <trkpt lat="48.705604" lon="1.855573"><ele>176.2</ele><time>2025-09-19T15:22:44Z</time></trkpt>
      <trkpt lat="48.705446" lon="1.855204"><ele>176.3</ele><time>2025-09-19T15:22:45Z</time></trkpt>
      <trkpt lat="48.705289" lon="1.854837"><ele>176.8</ele><time>2025-09-19T15:22:46Z</time></trkpt>
      <trkpt lat="48.705126" lon="1.854468"><ele>177.0</ele><time>2025-09-19T15:22:47Z</time></trkpt>
      <trkpt lat="48.704958" lon="1.854101"><ele>177.2</ele><time>2025-09-19T15:22:48Z</time></trkpt>
      <trkpt lat="48.704786" lon="1.853741"><ele>177.4</ele><time>2025-09-19T15:22:49Z</time></trkpt>
      <trkpt lat="48.704608" lon="1.853386"><ele>177.4</ele><time>2025-09-19T15:22:50Z</time></trkpt>
      <trkpt lat="48.704427" lon="1.853036"><ele>177.4</ele><time>2025-09-19T15:22:51Z</time></trkpt>
      <trkpt lat="48.704241" lon="1.852693"><ele>177.3</ele><time>2025-09-19T15:22:52Z</time></trkpt>
      <trkpt lat="48.704051" lon="1.852356"><ele>177.2</ele><time>2025-09-19T15:22:53Z</time></trkpt>
      <trkpt lat="48.703857" lon="1.852024"><ele>177.4</ele><time>2025-09-19T15:22:54Z</time></trkpt>
      <trkpt lat="48.703660" lon="1.851700"><ele>177.6</ele><time>2025-09-19T15:22:55Z</time></trkpt>
      <trkpt lat="48.703457" lon="1.851383"><ele>177.6</ele><time>2025-09-19T15:22:56Z</time></trkpt>
      <trkpt lat="48.703250" lon="1.851075"><ele>177.8</ele><time>2025-09-19T15:22:57Z</time></trkpt>
      <trkpt lat="48.703039" lon="1.850773"><ele>177.9</ele><time>2025-09-19T15:22:58Z</time></trkpt>
      <trkpt lat="48.702825" lon="1.850478"><ele>177.9</ele><time>2025-09-19T15:22:59Z</time></trkpt>
      <trkpt lat="48.702607" lon="1.850193"><ele>178.1</ele><time>2025-09-19T15:23:00Z</time></trkpt>
      <trkpt lat="48.702385" lon="1.849914"><ele>178.3</ele><time>2025-09-19T15:23:01Z</time></trkpt>
      <trkpt lat="48.702158" lon="1.849642"><ele>178.4</ele><time>2025-09-19T15:23:02Z</time></trkpt>
      <trkpt lat="48.701929" lon="1.849375"><ele>178.4</ele><time>2025-09-19T15:23:03Z</time></trkpt>
      <trkpt lat="48.701695" lon="1.849119"><ele>178.6</ele><time>2025-09-19T15:23:04Z</time></trkpt>
      <trkpt lat="48.701456" lon="1.848871"><ele>178.5</ele><time>2025-09-19T15:23:05Z</time></trkpt>
      <trkpt lat="48.701217" lon="1.848632"><ele>178.5</ele><time>2025-09-19T15:23:06Z</time></trkpt>
      <trkpt lat="48.700978" lon="1.848401"><ele>178.6</ele><time>2025-09-19T15:23:07Z</time></trkpt>
      <trkpt lat="48.700739" lon="1.848179"><ele>178.5</ele><time>2025-09-19T15:23:08Z</time></trkpt>
      <trkpt lat="48.700502" lon="1.847972"><ele>178.5</ele><time>2025-09-19T15:23:09Z</time></trkpt>
      <trkpt lat="48.700265" lon="1.847774"><ele>178.5</ele><time>2025-09-19T15:23:10Z</time></trkpt>
      <trkpt lat="48.700024" lon="1.847578"><ele>178.6</ele><time>2025-09-19T15:23:11Z</time></trkpt>
      <trkpt lat="48.699774" lon="1.847381"><ele>178.6</ele><time>2025-09-19T15:23:12Z</time></trkpt>
      <trkpt lat="48.699514" lon="1.847190"><ele>178.7</ele><time>2025-09-19T15:23:13Z</time></trkpt>
      <trkpt lat="48.699244" lon="1.847005"><ele>178.8</ele><time>2025-09-19T15:23:14Z</time></trkpt>
      <trkpt lat="48.698967" lon="1.846827"><ele>178.9</ele><time>2025-09-19T15:23:15Z</time></trkpt>
      <trkpt lat="48.698684" lon="1.846657"><ele>178.9</ele><time>2025-09-19T15:23:16Z</time></trkpt>
      <trkpt lat="48.698397" lon="1.846497"><ele>179.0</ele><time>2025-09-19T15:23:17Z</time></trkpt>
      <trkpt lat="48.698108" lon="1.846348"><ele>178.9</ele><time>2025-09-19T15:23:18Z</time></trkpt>
      <trkpt lat="48.697818" lon="1.846208"><ele>178.9</ele><time>2025-09-19T15:23:19Z</time></trkpt>
      <trkpt lat="48.697530" lon="1.846075"><ele>179.1</ele><time>2025-09-19T15:23:20Z</time></trkpt>
      <trkpt lat="48.697250" lon="1.845954"><ele>179.1</ele><time>2025-09-19T15:23:21Z</time></trkpt>
      <trkpt lat="48.696985" lon="1.845847"><ele>179.4</ele><time>2025-09-19T15:23:22Z</time></trkpt>
      <trkpt lat="48.696730" lon="1.845748"><ele>179.5</ele><time>2025-09-19T15:23:23Z</time></trkpt>
      <trkpt lat="48.696480" lon="1.845655"><ele>179.9</ele><time>2025-09-19T15:23:24Z</time></trkpt>
      <trkpt lat="48.696229" lon="1.845569"><ele>180.1</ele><time>2025-09-19T15:23:25Z</time></trkpt>
      <trkpt lat="48.695974" lon="1.845484"><ele>180.5</ele><time>2025-09-19T15:23:26Z</time></trkpt>
      <trkpt lat="48.695713" lon="1.845398"><ele>180.2</ele><time>2025-09-19T15:23:27Z</time></trkpt>
      <trkpt lat="48.695454" lon="1.845314"><ele>180.6</ele><time>2025-09-19T15:23:28Z</time></trkpt>
      <trkpt lat="48.695195" lon="1.845233"><ele>180.6</ele><time>2025-09-19T15:23:29Z</time></trkpt>
      <trkpt lat="48.694933" lon="1.845159"><ele>181.1</ele><time>2025-09-19T15:23:30Z</time></trkpt>
      <trkpt lat="48.694670" lon="1.845084"><ele>181.2</ele><time>2025-09-19T15:23:31Z</time></trkpt>
      <trkpt lat="48.694400" lon="1.845013"><ele>181.6</ele><time>2025-09-19T15:23:32Z</time></trkpt>
      <trkpt lat="48.694122" lon="1.844947"><ele>182.1</ele><time>2025-09-19T15:23:33Z</time></trkpt>
      <trkpt lat="48.693840" lon="1.844879"><ele>182.2</ele><time>2025-09-19T15:23:34Z</time></trkpt>
      <trkpt lat="48.693554" lon="1.844806"><ele>182.4</ele><time>2025-09-19T15:23:35Z</time></trkpt>
      <trkpt lat="48.693266" lon="1.844731"><ele>182.7</ele><time>2025-09-19T15:23:36Z</time></trkpt>
      <trkpt lat="48.692978" lon="1.844654"><ele>182.8</ele><time>2025-09-19T15:23:37Z</time></trkpt>
      <trkpt lat="48.692691" lon="1.844574"><ele>183.1</ele><time>2025-09-19T15:23:38Z</time></trkpt>
      <trkpt lat="48.692405" lon="1.844493"><ele>183.1</ele><time>2025-09-19T15:23:39Z</time></trkpt>
      <trkpt lat="48.692121" lon="1.844413"><ele>183.2</ele><time>2025-09-19T15:23:40Z</time></trkpt>
      <trkpt lat="48.691837" lon="1.844334"><ele>183.2</ele><time>2025-09-19T15:23:41Z</time></trkpt>
      <trkpt lat="48.691555" lon="1.844253"><ele>183.3</ele><time>2025-09-19T15:23:42Z</time></trkpt>
      <trkpt lat="48.691274" lon="1.844173"><ele>183.3</ele><time>2025-09-19T15:23:43Z</time></trkpt>
      <trkpt lat="48.690993" lon="1.844094"><ele>183.1</ele><time>2025-09-19T15:23:44Z</time></trkpt>
      <trkpt lat="48.690709" lon="1.844015"><ele>183.4</ele><time>2025-09-19T15:23:45Z</time></trkpt>
      <trkpt lat="48.690428" lon="1.843928"><ele>183.6</ele><time>2025-09-19T15:23:46Z</time></trkpt>
      <trkpt lat="48.690146" lon="1.843834"><ele>183.5</ele><time>2025-09-19T15:23:47Z</time></trkpt>
      <trkpt lat="48.689862" lon="1.843731"><ele>183.4</ele><time>2025-09-19T15:23:48Z</time></trkpt>
      <trkpt lat="48.689579" lon="1.843619"><ele>183.5</ele><time>2025-09-19T15:23:49Z</time></trkpt>
      <trkpt lat="48.689297" lon="1.843500"><ele>183.7</ele><time>2025-09-19T15:23:50Z</time></trkpt>
      <trkpt lat="48.689015" lon="1.843374"><ele>183.6</ele><time>2025-09-19T15:23:51Z</time></trkpt>
      <trkpt lat="48.688733" lon="1.843244"><ele>183.4</ele><time>2025-09-19T15:23:52Z</time></trkpt>
      <trkpt lat="48.688453" lon="1.843110"><ele>183.7</ele><time>2025-09-19T15:23:53Z</time></trkpt>
      <trkpt lat="48.688171" lon="1.842973"><ele>183.8</ele><time>2025-09-19T15:23:54Z</time></trkpt>
      <trkpt lat="48.687888" lon="1.842834"><ele>184.0</ele><time>2025-09-19T15:23:55Z</time></trkpt>
      <trkpt lat="48.687609" lon="1.842695"><ele>184.0</ele><time>2025-09-19T15:23:56Z</time></trkpt>
      <trkpt lat="48.687331" lon="1.842559"><ele>184.2</ele><time>2025-09-19T15:23:57Z</time></trkpt>
      <trkpt lat="48.687055" lon="1.842427"><ele>184.3</ele><time>2025-09-19T15:23:58Z</time></trkpt>
      <trkpt lat="48.686781" lon="1.842303"><ele>184.5</ele><time>2025-09-19T15:23:59Z</time></trkpt>
      <trkpt lat="48.686506" lon="1.842187"><ele>184.5</ele><time>2025-09-19T15:24:00Z</time></trkpt>
      <trkpt lat="48.686230" lon="1.842077"><ele>183.6</ele><time>2025-09-19T15:24:01Z</time></trkpt>
      <trkpt lat="48.685954" lon="1.841972"><ele>182.8</ele><time>2025-09-19T15:24:02Z</time></trkpt>
      <trkpt lat="48.685676" lon="1.841877"><ele>182.6</ele><time>2025-09-19T15:24:03Z</time></trkpt>
      <trkpt lat="48.685386" lon="1.841790"><ele>182.4</ele><time>2025-09-19T15:24:04Z</time></trkpt>
      <trkpt lat="48.685088" lon="1.841711"><ele>181.8</ele><time>2025-09-19T15:24:05Z</time></trkpt>
      <trkpt lat="48.684795" lon="1.841643"><ele>181.9</ele><time>2025-09-19T15:24:06Z</time></trkpt>
      <trkpt lat="48.684514" lon="1.841586"><ele>181.8</ele><time>2025-09-19T15:24:07Z</time></trkpt>
      <trkpt lat="48.684241" lon="1.841532"><ele>181.6</ele><time>2025-09-19T15:24:08Z</time></trkpt>
      <trkpt lat="48.683975" lon="1.841477"><ele>181.5</ele><time>2025-09-19T15:24:09Z</time></trkpt>
      <trkpt lat="48.683715" lon="1.841419"><ele>181.4</ele><time>2025-09-19T15:24:10Z</time></trkpt>
      <trkpt lat="48.683454" lon="1.841369"><ele>180.9</ele><time>2025-09-19T15:24:11Z</time></trkpt>
      <trkpt lat="48.683199" lon="1.841339"><ele>180.5</ele><time>2025-09-19T15:24:12Z</time></trkpt>
      <trkpt lat="48.682953" lon="1.841327"><ele>180.2</ele><time>2025-09-19T15:24:13Z</time></trkpt>
      <trkpt lat="48.682719" lon="1.841315"><ele>180.3</ele><time>2025-09-19T15:24:14Z</time></trkpt>
      <trkpt lat="48.682501" lon="1.841288"><ele>180.2</ele><time>2025-09-19T15:24:15Z</time></trkpt>
      <trkpt lat="48.682314" lon="1.841249"><ele>180.1</ele><time>2025-09-19T15:24:16Z</time></trkpt>
      <trkpt lat="48.682158" lon="1.841204"><ele>180.5</ele><time>2025-09-19T15:24:17Z</time></trkpt>
      <trkpt lat="48.682033" lon="1.841158"><ele>180.3</ele><time>2025-09-19T15:24:18Z</time></trkpt>
      <trkpt lat="48.681932" lon="1.841119"><ele>180.5</ele><time>2025-09-19T15:24:19Z</time></trkpt>
      <trkpt lat="48.681845" lon="1.841086"><ele>180.5</ele><time>2025-09-19T15:24:20Z</time></trkpt>
      <trkpt lat="48.681772" lon="1.841059"><ele>180.4</ele><time>2025-09-19T15:24:21Z</time></trkpt>
      <trkpt lat="48.681718" lon="1.841038"><ele>180.4</ele><time>2025-09-19T15:24:22Z</time></trkpt>
      <trkpt lat="48.681668" lon="1.841025"><ele>180.5</ele><time>2025-09-19T15:24:23Z</time></trkpt>
      <trkpt lat="48.681609" lon="1.841019"><ele>180.4</ele><time>2025-09-19T15:24:24Z</time></trkpt>
      <trkpt lat="48.681529" lon="1.841025"><ele>180.2</ele><time>2025-09-19T15:24:25Z</time></trkpt>
      <trkpt lat="48.681435" lon="1.841040"><ele>180.7</ele><time>2025-09-19T15:24:26Z</time></trkpt>
      <trkpt lat="48.681331" lon="1.841047"><ele>181.3</ele><time>2025-09-19T15:24:27Z</time></trkpt>
      <trkpt lat="48.681212" lon="1.841051"><ele>183.0</ele><time>2025-09-19T15:24:28Z</time></trkpt>
      <trkpt lat="48.681098" lon="1.841041"><ele>184.8</ele><time>2025-09-19T15:24:29Z</time></trkpt>
      <trkpt lat="48.680988" lon="1.841007"><ele>186.0</ele><time>2025-09-19T15:24:30Z</time></trkpt>
      <trkpt lat="48.680897" lon="1.840937"><ele>188.0</ele><time>2025-09-19T15:24:31Z</time></trkpt>
      <trkpt lat="48.680797" lon="1.840861"><ele>189.2</ele><time>2025-09-19T15:24:32Z</time></trkpt>
      <trkpt lat="48.680703" lon="1.840790"><ele>190.6</ele><time>2025-09-19T15:24:33Z</time></trkpt>
      <trkpt lat="48.680621" lon="1.840749"><ele>192.6</ele><time>2025-09-19T15:24:34Z</time></trkpt>
      <trkpt lat="48.680549" lon="1.840741"><ele>194.4</ele><time>2025-09-19T15:24:35Z</time></trkpt>
      <trkpt lat="48.680492" lon="1.840756"><ele>195.3</ele><time>2025-09-19T15:24:36Z</time></trkpt>
      <trkpt lat="48.680444" lon="1.840777"><ele>193.5</ele><time>2025-09-19T15:24:37Z</time></trkpt>
      <trkpt lat="48.680417" lon="1.840791"><ele>191.0</ele><time>2025-09-19T15:24:38Z</time></trkpt>
      <trkpt lat="48.680401" lon="1.840801"><ele>189.7</ele><time>2025-09-19T15:24:39Z</time></trkpt>
      <trkpt lat="48.680389" lon="1.840812"><ele>188.9</ele><time>2025-09-19T15:24:40Z</time></trkpt>
      <trkpt lat="48.680375" lon="1.840834"><ele>188.7</ele><time>2025-09-19T15:24:41Z</time></trkpt>
      <trkpt lat="48.680361" lon="1.840875"><ele>187.9</ele><time>2025-09-19T15:24:42Z</time></trkpt>
      <trkpt lat="48.680353" lon="1.840957"><ele>187.4</ele><time>2025-09-19T15:24:43Z</time></trkpt>
      <trkpt lat="48.680358" lon="1.841071"><ele>187.0</ele><time>2025-09-19T15:24:44Z</time></trkpt>
      <trkpt lat="48.680374" lon="1.841209"><ele>186.9</ele><time>2025-09-19T15:24:45Z</time></trkpt>
      <trkpt lat="48.680396" lon="1.841359"><ele>187.0</ele><time>2025-09-19T15:24:46Z</time></trkpt>
      <trkpt lat="48.680416" lon="1.841518"><ele>186.9</ele><time>2025-09-19T15:24:47Z</time></trkpt>
      <trkpt lat="48.680439" lon="1.841688"><ele>187.0</ele><time>2025-09-19T15:24:48Z</time></trkpt>
      <trkpt lat="48.680464" lon="1.841864"><ele>187.0</ele><time>2025-09-19T15:24:49Z</time></trkpt>
      <trkpt lat="48.680493" lon="1.842032"><ele>186.8</ele><time>2025-09-19T15:24:50Z</time></trkpt>
      <trkpt lat="48.680539" lon="1.842183"><ele>186.4</ele><time>2025-09-19T15:24:51Z</time></trkpt>
      <trkpt lat="48.680604" lon="1.842301"><ele>186.4</ele><time>2025-09-19T15:24:52Z</time></trkpt>
      <trkpt lat="48.680697" lon="1.842378"><ele>185.9</ele><time>2025-09-19T15:24:53Z</time></trkpt>
      <trkpt lat="48.680809" lon="1.842416"><ele>185.7</ele><time>2025-09-19T15:24:54Z</time></trkpt>
      <trkpt lat="48.680932" lon="1.842423"><ele>185.2</ele><time>2025-09-19T15:24:55Z</time></trkpt>
      <trkpt lat="48.681062" lon="1.842416"><ele>184.7</ele><time>2025-09-19T15:24:56Z</time></trkpt>
      <trkpt lat="48.681199" lon="1.842406"><ele>183.8</ele><time>2025-09-19T15:24:57Z</time></trkpt>
      <trkpt lat="48.681333" lon="1.842398"><ele>183.1</ele><time>2025-09-19T15:24:58Z</time></trkpt>
      <trkpt lat="48.681462" lon="1.842386"><ele>182.5</ele><time>2025-09-19T15:24:59Z</time></trkpt>
      <trkpt lat="48.681582" lon="1.842378"><ele>181.8</ele><time>2025-09-19T15:25:00Z</time></trkpt>
      <trkpt lat="48.681700" lon="1.842365"><ele>181.5</ele><time>2025-09-19T15:25:01Z</time></trkpt>
      <trkpt lat="48.681809" lon="1.842365"><ele>181.2</ele><time>2025-09-19T15:25:02Z</time></trkpt>
      <trkpt lat="48.681909" lon="1.842388"><ele>181.4</ele><time>2025-09-19T15:25:03Z</time></trkpt>
      <trkpt lat="48.682004" lon="1.842433"><ele>181.8</ele><time>2025-09-19T15:25:04Z</time></trkpt>
      <trkpt lat="48.682099" lon="1.842489"><ele>181.7</ele><time>2025-09-19T15:25:05Z</time></trkpt>
      <trkpt lat="48.682192" lon="1.842554"><ele>181.5</ele><time>2025-09-19T15:25:06Z</time></trkpt>
      <trkpt lat="48.682285" lon="1.842626"><ele>181.2</ele><time>2025-09-19T15:25:07Z</time></trkpt>
      <trkpt lat="48.682380" lon="1.842708"><ele>180.7</ele><time>2025-09-19T15:25:08Z</time></trkpt>
      <trkpt lat="48.682479" lon="1.842798"><ele>180.4</ele><time>2025-09-19T15:25:09Z</time></trkpt>
      <trkpt lat="48.682581" lon="1.842892"><ele>180.2</ele><time>2025-09-19T15:25:10Z</time></trkpt>
      <trkpt lat="48.682685" lon="1.842988"><ele>179.9</ele><time>2025-09-19T15:25:11Z</time></trkpt>
      <trkpt lat="48.682790" lon="1.843090"><ele>179.8</ele><time>2025-09-19T15:25:12Z</time></trkpt>
      <trkpt lat="48.682898" lon="1.843200"><ele>179.7</ele><time>2025-09-19T15:25:13Z</time></trkpt>
      <trkpt lat="48.683009" lon="1.843313"><ele>179.7</ele><time>2025-09-19T15:25:14Z</time></trkpt>
      <trkpt lat="48.683123" lon="1.843430"><ele>179.5</ele><time>2025-09-19T15:25:15Z</time></trkpt>
      <trkpt lat="48.683238" lon="1.843551"><ele>179.4</ele><time>2025-09-19T15:25:16Z</time></trkpt>
      <trkpt lat="48.683347" lon="1.843671"><ele>179.2</ele><time>2025-09-19T15:25:17Z</time></trkpt>
      <trkpt lat="48.683451" lon="1.843784"><ele>178.9</ele><time>2025-09-19T15:25:18Z</time></trkpt>
      <trkpt lat="48.683544" lon="1.843890"><ele>178.8</ele><time>2025-09-19T15:25:19Z</time></trkpt>
      <trkpt lat="48.683628" lon="1.843987"><ele>178.6</ele><time>2025-09-19T15:25:20Z</time></trkpt>
      <trkpt lat="48.683702" lon="1.844075"><ele>178.5</ele><time>2025-09-19T15:25:21Z</time></trkpt>
      <trkpt lat="48.683766" lon="1.844159"><ele>178.4</ele><time>2025-09-19T15:25:22Z</time></trkpt>
      <trkpt lat="48.683821" lon="1.844245"><ele>178.6</ele><time>2025-09-19T15:25:23Z</time></trkpt>
      <trkpt lat="48.683870" lon="1.844343"><ele>178.2</ele><time>2025-09-19T15:25:24Z</time></trkpt>
      <trkpt lat="48.683911" lon="1.844452"><ele>178.0</ele><time>2025-09-19T15:25:25Z</time></trkpt>
      <trkpt lat="48.683938" lon="1.844569"><ele>178.0</ele><time>2025-09-19T15:25:26Z</time></trkpt>
      <trkpt lat="48.683966" lon="1.844686"><ele>178.4</ele><time>2025-09-19T15:25:27Z</time></trkpt>
      <trkpt lat="48.683998" lon="1.844806"><ele>178.5</ele><time>2025-09-19T15:25:28Z</time></trkpt>
      <trkpt lat="48.684029" lon="1.844925"><ele>178.6</ele><time>2025-09-19T15:25:29Z</time></trkpt>
      <trkpt lat="48.684049" lon="1.845039"><ele>178.5</ele><time>2025-09-19T15:25:30Z</time></trkpt>
      <trkpt lat="48.684059" lon="1.845143"><ele>178.7</ele><time>2025-09-19T15:25:31Z</time></trkpt>
      <trkpt lat="48.684060" lon="1.845234"><ele>178.7</ele><time>2025-09-19T15:25:32Z</time></trkpt>
      <trkpt lat="48.684062" lon="1.845310"><ele>178.7</ele><time>2025-09-19T15:25:33Z</time></trkpt>
      <trkpt lat="48.684070" lon="1.845377"><ele>178.9</ele><time>2025-09-19T15:25:34Z</time></trkpt>
      <trkpt lat="48.684086" lon="1.845434"><ele>178.9</ele><time>2025-09-19T15:25:35Z</time></trkpt>
      <trkpt lat="48.684109" lon="1.845481"><ele>178.9</ele><time>2025-09-19T15:25:36Z</time></trkpt>
      <trkpt lat="48.684135" lon="1.845515"><ele>179.1</ele><time>2025-09-19T15:25:37Z</time></trkpt>
      <trkpt lat="48.684154" lon="1.845534"><ele>179.1</ele><time>2025-09-19T15:25:38Z</time></trkpt>
      <trkpt lat="48.684167" lon="1.845543"><ele>179.0</ele><time>2025-09-19T15:25:39Z</time></trkpt>
      <trkpt lat="48.684181" lon="1.845550"><ele>179.0</ele><time>2025-09-19T15:25:40Z</time></trkpt>
      <trkpt lat="48.684196" lon="1.845558"><ele>179.1</ele><time>2025-09-19T15:25:41Z</time></trkpt>
      <trkpt lat="48.684219" lon="1.845573"><ele>179.4</ele><time>2025-09-19T15:25:42Z</time></trkpt>
      <trkpt lat="48.684243" lon="1.845594"><ele>179.7</ele><time>2025-09-19T15:25:43Z</time></trkpt>
      <trkpt lat="48.684265" lon="1.845615"><ele>180.1</ele><time>2025-09-19T15:25:44Z</time></trkpt>
      <trkpt lat="48.684289" lon="1.845638"><ele>180.5</ele><time>2025-09-19T15:25:45Z</time></trkpt>
      <trkpt lat="48.684317" lon="1.845667"><ele>180.4</ele><time>2025-09-19T15:25:46Z</time></trkpt>
      <trkpt lat="48.684347" lon="1.845696"><ele>180.3</ele><time>2025-09-19T15:25:47Z</time></trkpt>
      <trkpt lat="48.684376" lon="1.845723"><ele>180.3</ele><time>2025-09-19T15:25:48Z</time></trkpt>
      <trkpt lat="48.684410" lon="1.845756"><ele>180.0</ele><time>2025-09-19T15:25:49Z</time></trkpt>
      <trkpt lat="48.684444" lon="1.845788"><ele>179.9</ele><time>2025-09-19T15:25:50Z</time></trkpt>
      <trkpt lat="48.684476" lon="1.845818"><ele>179.9</ele><time>2025-09-19T15:25:51Z</time></trkpt>
      <trkpt lat="48.684502" lon="1.845846"><ele>179.8</ele><time>2025-09-19T15:25:52Z</time></trkpt>
      <trkpt lat="48.684525" lon="1.845873"><ele>179.6</ele><time>2025-09-19T15:25:53Z</time></trkpt>
      <trkpt lat="48.684541" lon="1.845905"><ele>179.6</ele><time>2025-09-19T15:25:54Z</time></trkpt>
      <trkpt lat="48.684546" lon="1.845939"><ele>179.7</ele><time>2025-09-19T15:25:55Z</time></trkpt>
      <trkpt lat="48.684547" lon="1.845970"><ele>179.9</ele><time>2025-09-19T15:25:56Z</time></trkpt>
      <trkpt lat="48.684549" lon="1.845999"><ele>179.8</ele><time>2025-09-19T15:25:57Z</time></trkpt>
      <trkpt lat="48.684558" lon="1.846020"><ele>180.1</ele><time>2025-09-19T15:25:58Z</time></trkpt>
      <trkpt lat="48.684571" lon="1.846037"><ele>180.2</ele><time>2025-09-19T15:25:59Z</time></trkpt>
      <trkpt lat="48.684583" lon="1.846047"><ele>180.6</ele><time>2025-09-19T15:26:00Z</time></trkpt>
      <trkpt lat="48.684593" lon="1.846057"><ele>180.8</ele><time>2025-09-19T15:26:01Z</time></trkpt>
      <trkpt lat="48.684586" lon="1.845986"><ele>184.0</ele><time>2025-09-19T15:26:29Z</time></trkpt>
      <trkpt lat="48.684593" lon="1.845947"><ele>188.4</ele><time>2025-09-19T15:26:55Z</time></trkpt>
      <trkpt lat="48.684603" lon="1.845950"><ele>188.1</ele><time>2025-09-19T15:26:57Z</time></trkpt>
      <trkpt lat="48.684611" lon="1.845953"><ele>188.2</ele><time>2025-09-19T15:26:58Z</time></trkpt>
      <trkpt lat="48.684615" lon="1.845956"><ele>188.3</ele><time>2025-09-19T15:26:59Z</time></trkpt>
      <trkpt lat="48.684619" lon="1.845954"><ele>188.1</ele><time>2025-09-19T15:27:00Z</time></trkpt>
      <trkpt lat="48.684626" lon="1.845959"><ele>187.9</ele><time>2025-09-19T15:27:01Z</time></trkpt>
      <trkpt lat="48.684632" lon="1.845965"><ele>188.1</ele><time>2025-09-19T15:27:02Z</time></trkpt>
      <trkpt lat="48.684635" lon="1.845969"><ele>188.1</ele><time>2025-09-19T15:27:03Z</time></trkpt>
      <trkpt lat="48.684635" lon="1.845971"><ele>188.3</ele><time>2025-09-19T15:27:04Z</time></trkpt>
      <trkpt lat="48.684632" lon="1.845969"><ele>187.8</ele><time>2025-09-19T15:27:05Z</time></trkpt>
      <trkpt lat="48.684635" lon="1.845981"><ele>188.0</ele><time>2025-09-19T15:27:07Z</time></trkpt>
      <trkpt lat="48.684638" lon="1.846055"><ele>189.1</ele><time>2025-09-19T15:27:13Z</time></trkpt>
      <trkpt lat="48.684625" lon="1.846071"><ele>188.6</ele><time>2025-09-19T15:27:15Z</time></trkpt>
      <trkpt lat="48.684620" lon="1.846080"><ele>191.5</ele><time>2025-09-19T15:27:18Z</time></trkpt>
      <trkpt lat="48.684617" lon="1.846090"><ele>191.4</ele><time>2025-09-19T15:27:19Z</time></trkpt>
      <trkpt lat="48.684629" lon="1.846133"><ele>192.8</ele><time>2025-09-19T15:27:23Z</time></trkpt>
      <trkpt lat="48.684611" lon="1.846194"><ele>194.0</ele><time>2025-09-19T15:27:31Z</time></trkpt>
      <trkpt lat="48.684575" lon="1.846248"><ele>191.2</ele><time>2025-09-19T15:27:42Z</time></trkpt>
      <trkpt lat="48.684452" lon="1.846281"><ele>190.4</ele><time>2025-09-19T15:28:01Z</time></trkpt>
      <trkpt lat="48.684444" lon="1.846282"><ele>190.7</ele><time>2025-09-19T15:28:02Z</time></trkpt>
      <trkpt lat="48.684440" lon="1.846291"><ele>190.4</ele><time>2025-09-19T15:28:03Z</time></trkpt>
      <trkpt lat="48.684440" lon="1.846299"><ele>189.7</ele><time>2025-09-19T15:28:04Z</time></trkpt>
      <trkpt lat="48.684435" lon="1.846264"><ele>184.9</ele><time>2025-09-19T15:28:12Z</time></trkpt>
      <trkpt lat="48.684407" lon="1.846207"><ele>180.4</ele><time>2025-09-19T15:28:24Z</time></trkpt>
      <trkpt lat="48.684362" lon="1.846145"><ele>180.6</ele><time>2025-09-19T15:28:32Z</time></trkpt>
      <trkpt lat="48.684365" lon="1.846139"><ele>179.7</ele><time>2025-09-19T15:28:33Z</time></trkpt>
      <trkpt lat="48.684295" lon="1.846080"><ele>173.4</ele><time>2025-09-19T15:28:41Z</time></trkpt>
      <trkpt lat="48.684268" lon="1.846054"><ele>172.2</ele><time>2025-09-19T15:28:43Z</time></trkpt>
      <trkpt lat="48.684260" lon="1.846051"><ele>172.6</ele><time>2025-09-19T15:28:44Z</time></trkpt>
      <trkpt lat="48.684247" lon="1.846032"><ele>171.6</ele><time>2025-09-19T15:28:46Z</time></trkpt>
      <trkpt lat="48.684252" lon="1.846021"><ele>172.4</ele><time>2025-09-19T15:28:49Z</time></trkpt>
      <trkpt lat="48.684239" lon="1.846010"><ele>172.9</ele><time>2025-09-19T15:28:52Z</time></trkpt>
      <trkpt lat="48.684218" lon="1.846002"><ele>178.4</ele><time>2025-09-19T15:29:02Z</time></trkpt>
      <trkpt lat="48.684215" lon="1.845995"><ele>178.6</ele><time>2025-09-19T15:29:03Z</time></trkpt>
      <trkpt lat="48.684213" lon="1.846004"><ele>179.4</ele><time>2025-09-19T15:29:04Z</time></trkpt>
      <trkpt lat="48.684306" lon="1.846014"><ele>191.2</ele><time>2025-09-19T15:29:31Z</time></trkpt>
      <trkpt lat="48.684312" lon="1.846033"><ele>192.7</ele><time>2025-09-19T15:29:32Z</time></trkpt>
      <trkpt lat="48.684310" lon="1.846044"><ele>195.2</ele><time>2025-09-19T15:29:33Z</time></trkpt>
      <trkpt lat="48.684458" lon="1.846153"><ele>188.3</ele><time>2025-09-19T15:30:04Z</time></trkpt>
      <trkpt lat="48.684510" lon="1.846117"><ele>184.4</ele><time>2025-09-19T15:30:55Z</time></trkpt>
      <trkpt lat="48.684506" lon="1.846117"><ele>184.7</ele><time>2025-09-19T15:30:56Z</time></trkpt>
      <trkpt lat="48.684499" lon="1.846106"><ele>186.2</ele><time>2025-09-19T15:30:57Z</time></trkpt>
      <trkpt lat="48.684496" lon="1.846108"><ele>188.6</ele><time>2025-09-19T15:31:03Z</time></trkpt>
      <trkpt lat="48.684497" lon="1.846147"><ele>191.3</ele><time>2025-09-19T15:31:09Z</time></trkpt>
      <trkpt lat="48.684514" lon="1.846159"><ele>188.2</ele><time>2025-09-19T15:31:13Z</time></trkpt>
      <trkpt lat="48.684528" lon="1.846158"><ele>187.3</ele><time>2025-09-19T15:31:14Z</time></trkpt>
      <trkpt lat="48.684554" lon="1.846124"><ele>185.5</ele><time>2025-09-19T15:31:16Z</time></trkpt>
      <trkpt lat="48.684569" lon="1.846087"><ele>182.9</ele><time>2025-09-19T15:31:19Z</time></trkpt>
      <trkpt lat="48.684577" lon="1.845954"><ele>189.7</ele><time>2025-09-19T15:32:24Z</time></trkpt>
      <trkpt lat="48.684632" lon="1.845957"><ele>193.7</ele><time>2025-09-19T15:32:44Z</time></trkpt>
      <trkpt lat="48.684614" lon="1.845957"><ele>193.4</ele><time>2025-09-19T15:32:54Z</time></trkpt>
      <trkpt lat="48.684615" lon="1.845957"><ele>193.5</ele><time>2025-09-19T15:32:58Z</time></trkpt>
      <trkpt lat="48.684623" lon="1.845891"><ele>196.0</ele><time>2025-09-19T15:35:20Z</time></trkpt>
      <trkpt lat="48.684597" lon="1.845870"><ele>195.4</ele><time>2025-09-19T15:36:02Z</time></trkpt>
      <trkpt lat="48.684593" lon="1.845865"><ele>195.2</ele><time>2025-09-19T15:36:03Z</time></trkpt>
      <trkpt lat="48.684632" lon="1.845942"><ele>192.7</ele><time>2025-09-19T15:36:54Z</time></trkpt>
      <trkpt lat="48.684638" lon="1.845944"><ele>192.5</ele><time>2025-09-19T15:36:55Z</time></trkpt>
      <trkpt lat="48.684644" lon="1.845935"><ele>191.7</ele><time>2025-09-19T15:36:56Z</time></trkpt>
      <trkpt lat="48.684655" lon="1.845946"><ele>195.7</ele><time>2025-09-19T15:36:57Z</time></trkpt>
      <trkpt lat="48.684679" lon="1.845958"><ele>196.8</ele><time>2025-09-19T15:36:58Z</time></trkpt>
      <trkpt lat="48.684727" lon="1.846027"><ele>195.9</ele><time>2025-09-19T15:36:59Z</time></trkpt>
      <trkpt lat="48.684776" lon="1.846067"><ele>197.1</ele><time>2025-09-19T15:37:00Z</time></trkpt>
      <trkpt lat="48.684822" lon="1.846114"><ele>197.6</ele><time>2025-09-19T15:37:01Z</time></trkpt>
      <trkpt lat="48.684874" lon="1.846168"><ele>196.2</ele><time>2025-09-19T15:37:02Z</time></trkpt>
      <trkpt lat="48.684920" lon="1.846208"><ele>195.0</ele><time>2025-09-19T15:37:03Z</time></trkpt>
      <trkpt lat="48.684953" lon="1.846211"><ele>194.4</ele><time>2025-09-19T15:37:04Z</time></trkpt>
      <trkpt lat="48.684976" lon="1.846204"><ele>191.5</ele><time>2025-09-19T15:37:05Z</time></trkpt>
      <trkpt lat="48.684981" lon="1.846185"><ele>189.6</ele><time>2025-09-19T15:37:06Z</time></trkpt>
      <trkpt lat="48.684973" lon="1.846149"><ele>187.5</ele><time>2025-09-19T15:37:07Z</time></trkpt>
      <trkpt lat="48.684950" lon="1.846102"><ele>186.6</ele><time>2025-09-19T15:37:08Z</time></trkpt>
      <trkpt lat="48.684914" lon="1.846048"><ele>186.2</ele><time>2025-09-19T15:37:09Z</time></trkpt>
      <trkpt lat="48.684869" lon="1.845993"><ele>185.8</ele><time>2025-09-19T15:37:10Z</time></trkpt>
      <trkpt lat="48.684829" lon="1.845940"><ele>185.1</ele><time>2025-09-19T15:37:11Z</time></trkpt>
      <trkpt lat="48.684792" lon="1.845887"><ele>185.0</ele><time>2025-09-19T15:37:12Z</time></trkpt>
      <trkpt lat="48.684757" lon="1.845834"><ele>184.5</ele><time>2025-09-19T15:37:13Z</time></trkpt>
      <trkpt lat="48.684711" lon="1.845774"><ele>184.0</ele><time>2025-09-19T15:37:14Z</time></trkpt>
      <trkpt lat="48.684651" lon="1.845716"><ele>183.4</ele><time>2025-09-19T15:37:15Z</time></trkpt>
      <trkpt lat="48.684578" lon="1.845666"><ele>183.1</ele><time>2025-09-19T15:37:16Z</time></trkpt>
      <trkpt lat="48.684506" lon="1.845610"><ele>182.7</ele><time>2025-09-19T15:37:17Z</time></trkpt>
      <trkpt lat="48.684440" lon="1.845554"><ele>182.6</ele><time>2025-09-19T15:37:18Z</time></trkpt>
      <trkpt lat="48.684385" lon="1.845508"><ele>182.8</ele><time>2025-09-19T15:37:19Z</time></trkpt>
      <trkpt lat="48.684336" lon="1.845471"><ele>182.9</ele><time>2025-09-19T15:37:20Z</time></trkpt>
      <trkpt lat="48.684291" lon="1.845451"><ele>183.3</ele><time>2025-09-19T15:37:21Z</time></trkpt>
      <trkpt lat="48.684249" lon="1.845441"><ele>183.5</ele><time>2025-09-19T15:37:22Z</time></trkpt>
      <trkpt lat="48.684209" lon="1.845441"><ele>183.5</ele><time>2025-09-19T15:37:23Z</time></trkpt>
      <trkpt lat="48.684169" lon="1.845438"><ele>183.6</ele><time>2025-09-19T15:37:24Z</time></trkpt>
      <trkpt lat="48.684131" lon="1.845414"><ele>183.5</ele><time>2025-09-19T15:37:25Z</time></trkpt>
      <trkpt lat="48.684108" lon="1.845367"><ele>183.5</ele><time>2025-09-19T15:37:26Z</time></trkpt>
      <trkpt lat="48.684100" lon="1.845299"><ele>182.7</ele><time>2025-09-19T15:37:27Z</time></trkpt>
      <trkpt lat="48.684098" lon="1.845221"><ele>181.7</ele><time>2025-09-19T15:37:28Z</time></trkpt>
      <trkpt lat="48.684098" lon="1.845144"><ele>181.1</ele><time>2025-09-19T15:37:29Z</time></trkpt>
      <trkpt lat="48.684099" lon="1.845068"><ele>180.6</ele><time>2025-09-19T15:37:30Z</time></trkpt>
      <trkpt lat="48.684106" lon="1.844993"><ele>180.3</ele><time>2025-09-19T15:37:31Z</time></trkpt>
      <trkpt lat="48.684125" lon="1.844925"><ele>180.3</ele><time>2025-09-19T15:37:32Z</time></trkpt>
      <trkpt lat="48.684158" lon="1.844877"><ele>180.5</ele><time>2025-09-19T15:37:33Z</time></trkpt>
      <trkpt lat="48.684206" lon="1.844853"><ele>180.7</ele><time>2025-09-19T15:37:34Z</time></trkpt>
      <trkpt lat="48.684266" lon="1.844854"><ele>180.7</ele><time>2025-09-19T15:37:35Z</time></trkpt>
      <trkpt lat="48.684333" lon="1.844879"><ele>180.5</ele><time>2025-09-19T15:37:36Z</time></trkpt>
      <trkpt lat="48.684396" lon="1.844926"><ele>180.2</ele><time>2025-09-19T15:37:37Z</time></trkpt>
      <trkpt lat="48.684461" lon="1.844993"><ele>180.2</ele><time>2025-09-19T15:37:38Z</time></trkpt>
      <trkpt lat="48.684526" lon="1.845068"><ele>179.9</ele><time>2025-09-19T15:37:39Z</time></trkpt>
      <trkpt lat="48.684592" lon="1.845149"><ele>180.0</ele><time>2025-09-19T15:37:40Z</time></trkpt>
      <trkpt lat="48.684658" lon="1.845236"><ele>179.7</ele><time>2025-09-19T15:37:41Z</time></trkpt>
      <trkpt lat="48.684724" lon="1.845332"><ele>179.5</ele><time>2025-09-19T15:37:42Z</time></trkpt>
      <trkpt lat="48.684789" lon="1.845433"><ele>179.3</ele><time>2025-09-19T15:37:43Z</time></trkpt>
      <trkpt lat="48.684854" lon="1.845538"><ele>179.2</ele><time>2025-09-19T15:37:44Z</time></trkpt>
      <trkpt lat="48.684917" lon="1.845652"><ele>179.0</ele><time>2025-09-19T15:37:45Z</time></trkpt>
      <trkpt lat="48.684984" lon="1.845773"><ele>178.9</ele><time>2025-09-19T15:37:46Z</time></trkpt>
      <trkpt lat="48.685052" lon="1.845895"><ele>178.8</ele><time>2025-09-19T15:37:47Z</time></trkpt>
      <trkpt lat="48.685119" lon="1.846014"><ele>178.7</ele><time>2025-09-19T15:37:48Z</time></trkpt>
      <trkpt lat="48.685178" lon="1.846126"><ele>178.4</ele><time>2025-09-19T15:37:49Z</time></trkpt>
      <trkpt lat="48.685225" lon="1.846226"><ele>178.2</ele><time>2025-09-19T15:37:50Z</time></trkpt>
      <trkpt lat="48.685264" lon="1.846315"><ele>178.0</ele><time>2025-09-19T15:37:51Z</time></trkpt>
      <trkpt lat="48.685305" lon="1.846395"><ele>177.8</ele><time>2025-09-19T15:37:52Z</time></trkpt>
      <trkpt lat="48.685346" lon="1.846468"><ele>177.9</ele><time>2025-09-19T15:37:53Z</time></trkpt>
      <trkpt lat="48.685387" lon="1.846539"><ele>178.0</ele><time>2025-09-19T15:37:54Z</time></trkpt>
      <trkpt lat="48.685429" lon="1.846618"><ele>178.1</ele><time>2025-09-19T15:37:55Z</time></trkpt>
      <trkpt lat="48.685474" lon="1.846705"><ele>178.2</ele><time>2025-09-19T15:37:56Z</time></trkpt>
      <trkpt lat="48.685522" lon="1.846795"><ele>178.4</ele><time>2025-09-19T15:37:57Z</time></trkpt>
      <trkpt lat="48.685576" lon="1.846891"><ele>178.6</ele><time>2025-09-19T15:37:58Z</time></trkpt>
      <trkpt lat="48.685632" lon="1.846991"><ele>178.6</ele><time>2025-09-19T15:37:59Z</time></trkpt>
      <trkpt lat="48.685691" lon="1.847094"><ele>178.9</ele><time>2025-09-19T15:38:00Z</time></trkpt>
      <trkpt lat="48.685744" lon="1.847198"><ele>178.8</ele><time>2025-09-19T15:38:01Z</time></trkpt>
      <trkpt lat="48.685793" lon="1.847294"><ele>178.4</ele><time>2025-09-19T15:38:02Z</time></trkpt>
      <trkpt lat="48.685846" lon="1.847392"><ele>178.4</ele><time>2025-09-19T15:38:03Z</time></trkpt>
      <trkpt lat="48.685906" lon="1.847497"><ele>178.4</ele><time>2025-09-19T15:38:04Z</time></trkpt>
      <trkpt lat="48.685961" lon="1.847602"><ele>178.7</ele><time>2025-09-19T15:38:05Z</time></trkpt>
      <trkpt lat="48.686012" lon="1.847706"><ele>178.7</ele><time>2025-09-19T15:38:06Z</time></trkpt>
      <trkpt lat="48.686062" lon="1.847802"><ele>178.6</ele><time>2025-09-19T15:38:07Z</time></trkpt>
      <trkpt lat="48.686114" lon="1.847894"><ele>178.6</ele><time>2025-09-19T15:38:08Z</time></trkpt>
      <trkpt lat="48.686169" lon="1.847988"><ele>178.3</ele><time>2025-09-19T15:38:09Z</time></trkpt>
      <trkpt lat="48.686223" lon="1.848079"><ele>178.8</ele><time>2025-09-19T15:38:10Z</time></trkpt>
      <trkpt lat="48.686276" lon="1.848167"><ele>178.8</ele><time>2025-09-19T15:38:11Z</time></trkpt>
      <trkpt lat="48.686324" lon="1.848248"><ele>178.6</ele><time>2025-09-19T15:38:12Z</time></trkpt>
      <trkpt lat="48.686366" lon="1.848320"><ele>178.4</ele><time>2025-09-19T15:38:13Z</time></trkpt>
      <trkpt lat="48.686405" lon="1.848387"><ele>178.2</ele><time>2025-09-19T15:38:14Z</time></trkpt>
      <trkpt lat="48.686442" lon="1.848450"><ele>178.1</ele><time>2025-09-19T15:38:15Z</time></trkpt>
      <trkpt lat="48.686473" lon="1.848504"><ele>177.9</ele><time>2025-09-19T15:38:16Z</time></trkpt>
      <trkpt lat="48.686500" lon="1.848549"><ele>177.7</ele><time>2025-09-19T15:38:17Z</time></trkpt>
      <trkpt lat="48.686521" lon="1.848588"><ele>177.6</ele><time>2025-09-19T15:38:18Z</time></trkpt>
      <trkpt lat="48.686540" lon="1.848625"><ele>177.6</ele><time>2025-09-19T15:38:19Z</time></trkpt>
      <trkpt lat="48.686564" lon="1.848663"><ele>178.2</ele><time>2025-09-19T15:38:20Z</time></trkpt>
      <trkpt lat="48.686595" lon="1.848702"><ele>179.8</ele><time>2025-09-19T15:38:21Z</time></trkpt>
      <trkpt lat="48.686628" lon="1.848751"><ele>181.5</ele><time>2025-09-19T15:38:22Z</time></trkpt>
      <trkpt lat="48.686662" lon="1.848815"><ele>180.6</ele><time>2025-09-19T15:38:23Z</time></trkpt>
      <trkpt lat="48.686702" lon="1.848885"><ele>180.3</ele><time>2025-09-19T15:38:24Z</time></trkpt>
      <trkpt lat="48.686747" lon="1.848961"><ele>179.9</ele><time>2025-09-19T15:38:25Z</time></trkpt>
      <trkpt lat="48.686801" lon="1.849046"><ele>179.6</ele><time>2025-09-19T15:38:26Z</time></trkpt>
      <trkpt lat="48.686858" lon="1.849131"><ele>179.3</ele><time>2025-09-19T15:38:27Z</time></trkpt>
      <trkpt lat="48.686919" lon="1.849219"><ele>179.2</ele><time>2025-09-19T15:38:28Z</time></trkpt>
      <trkpt lat="48.686983" lon="1.849310"><ele>179.0</ele><time>2025-09-19T15:38:29Z</time></trkpt>
      <trkpt lat="48.687048" lon="1.849401"><ele>178.7</ele><time>2025-09-19T15:38:30Z</time></trkpt>
      <trkpt lat="48.687114" lon="1.849492"><ele>178.6</ele><time>2025-09-19T15:38:31Z</time></trkpt>
      <trkpt lat="48.687182" lon="1.849583"><ele>178.5</ele><time>2025-09-19T15:38:32Z</time></trkpt>
      <trkpt lat="48.687255" lon="1.849677"><ele>178.2</ele><time>2025-09-19T15:38:33Z</time></trkpt>
      <trkpt lat="48.687332" lon="1.849775"><ele>178.3</ele><time>2025-09-19T15:38:34Z</time></trkpt>
      <trkpt lat="48.687416" lon="1.849878"><ele>178.3</ele><time>2025-09-19T15:38:35Z</time></trkpt>
      <trkpt lat="48.687506" lon="1.849985"><ele>178.3</ele><time>2025-09-19T15:38:36Z</time></trkpt>
      <trkpt lat="48.687600" lon="1.850096"><ele>178.2</ele><time>2025-09-19T15:38:37Z</time></trkpt>
      <trkpt lat="48.687697" lon="1.850210"><ele>178.1</ele><time>2025-09-19T15:38:38Z</time></trkpt>
      <trkpt lat="48.687796" lon="1.850318"><ele>178.1</ele><time>2025-09-19T15:38:39Z</time></trkpt>
      <trkpt lat="48.687899" lon="1.850419"><ele>178.2</ele><time>2025-09-19T15:38:40Z</time></trkpt>
      <trkpt lat="48.688003" lon="1.850513"><ele>178.4</ele><time>2025-09-19T15:38:41Z</time></trkpt>
      <trkpt lat="48.688102" lon="1.850600"><ele>178.5</ele><time>2025-09-19T15:38:42Z</time></trkpt>
      <trkpt lat="48.688195" lon="1.850685"><ele>178.3</ele><time>2025-09-19T15:38:43Z</time></trkpt>
      <trkpt lat="48.688288" lon="1.850762"><ele>178.5</ele><time>2025-09-19T15:38:44Z</time></trkpt>
      <trkpt lat="48.688382" lon="1.850842"><ele>178.4</ele><time>2025-09-19T15:38:45Z</time></trkpt>
      <trkpt lat="48.688477" lon="1.850923"><ele>178.0</ele><time>2025-09-19T15:38:46Z</time></trkpt>
      <trkpt lat="48.688573" lon="1.851005"><ele>177.7</ele><time>2025-09-19T15:38:47Z</time></trkpt>
      <trkpt lat="48.688670" lon="1.851086"><ele>177.5</ele><time>2025-09-19T15:38:48Z</time></trkpt>
      <trkpt lat="48.688769" lon="1.851167"><ele>177.4</ele><time>2025-09-19T15:38:49Z</time></trkpt>
      <trkpt lat="48.688868" lon="1.851248"><ele>177.5</ele><time>2025-09-19T15:38:50Z</time></trkpt>
      <trkpt lat="48.688971" lon="1.851334"><ele>177.3</ele><time>2025-09-19T15:38:51Z</time></trkpt>
      <trkpt lat="48.689075" lon="1.851423"><ele>177.2</ele><time>2025-09-19T15:38:52Z</time></trkpt>
      <trkpt lat="48.689183" lon="1.851516"><ele>176.8</ele><time>2025-09-19T15:38:53Z</time></trkpt>
      <trkpt lat="48.689294" lon="1.851608"><ele>176.6</ele><time>2025-09-19T15:38:54Z</time></trkpt>
      <trkpt lat="48.689403" lon="1.851694"><ele>176.7</ele><time>2025-09-19T15:38:55Z</time></trkpt>
      <trkpt lat="48.689509" lon="1.851770"><ele>176.5</ele><time>2025-09-19T15:38:56Z</time></trkpt>
      <trkpt lat="48.689609" lon="1.851835"><ele>176.3</ele><time>2025-09-19T15:38:57Z</time></trkpt>
      <trkpt lat="48.689704" lon="1.851891"><ele>176.1</ele><time>2025-09-19T15:38:58Z</time></trkpt>
      <trkpt lat="48.689793" lon="1.851942"><ele>176.0</ele><time>2025-09-19T15:38:59Z</time></trkpt>
      <trkpt lat="48.689875" lon="1.851987"><ele>175.8</ele><time>2025-09-19T15:39:00Z</time></trkpt>
      <trkpt lat="48.689953" lon="1.852025"><ele>175.5</ele><time>2025-09-19T15:39:01Z</time></trkpt>
      <trkpt lat="48.690027" lon="1.852059"><ele>175.4</ele><time>2025-09-19T15:39:02Z</time></trkpt>
      <trkpt lat="48.690099" lon="1.852089"><ele>175.3</ele><time>2025-09-19T15:39:03Z</time></trkpt>
      <trkpt lat="48.690165" lon="1.852114"><ele>175.1</ele><time>2025-09-19T15:39:04Z</time></trkpt>
      <trkpt lat="48.690223" lon="1.852133"><ele>175.1</ele><time>2025-09-19T15:39:05Z</time></trkpt>
      <trkpt lat="48.690274" lon="1.852152"><ele>175.2</ele><time>2025-09-19T15:39:06Z</time></trkpt>
      <trkpt lat="48.690320" lon="1.852170"><ele>175.3</ele><time>2025-09-19T15:39:07Z</time></trkpt>
      <trkpt lat="48.690363" lon="1.852185"><ele>175.5</ele><time>2025-09-19T15:39:08Z</time></trkpt>
      <trkpt lat="48.690404" lon="1.852203"><ele>175.5</ele><time>2025-09-19T15:39:09Z</time></trkpt>
      <trkpt lat="48.690441" lon="1.852221"><ele>175.3</ele><time>2025-09-19T15:39:10Z</time></trkpt>
      <trkpt lat="48.690463" lon="1.852231"><ele>176.2</ele><time>2025-09-19T15:39:11Z</time></trkpt>
      <trkpt lat="48.690478" lon="1.852239"><ele>176.4</ele><time>2025-09-19T15:39:12Z</time></trkpt>
      <trkpt lat="48.690508" lon="1.852259"><ele>174.3</ele><time>2025-09-19T15:39:20Z</time></trkpt>
      <trkpt lat="48.690542" lon="1.852277"><ele>174.1</ele><time>2025-09-19T15:39:21Z</time></trkpt>
      <trkpt lat="48.690582" lon="1.852306"><ele>174.2</ele><time>2025-09-19T15:39:22Z</time></trkpt>
      <trkpt lat="48.690625" lon="1.852348"><ele>174.3</ele><time>2025-09-19T15:39:23Z</time></trkpt>
      <trkpt lat="48.690669" lon="1.852404"><ele>174.5</ele><time>2025-09-19T15:39:24Z</time></trkpt>
      <trkpt lat="48.690708" lon="1.852473"><ele>174.2</ele><time>2025-09-19T15:39:25Z</time></trkpt>
      <trkpt lat="48.690728" lon="1.852560"><ele>174.4</ele><time>2025-09-19T15:39:26Z</time></trkpt>
      <trkpt lat="48.690717" lon="1.852665"><ele>174.8</ele><time>2025-09-19T15:39:27Z</time></trkpt>
      <trkpt lat="48.690692" lon="1.852784"><ele>175.2</ele><time>2025-09-19T15:39:28Z</time></trkpt>
      <trkpt lat="48.690672" lon="1.852919"><ele>175.5</ele><time>2025-09-19T15:39:29Z</time></trkpt>
      <trkpt lat="48.690655" lon="1.853074"><ele>176.2</ele><time>2025-09-19T15:39:30Z</time></trkpt>
      <trkpt lat="48.690642" lon="1.853256"><ele>177.0</ele><time>2025-09-19T15:39:31Z</time></trkpt>
      <trkpt lat="48.690633" lon="1.853463"><ele>177.7</ele><time>2025-09-19T15:39:32Z</time></trkpt>
      <trkpt lat="48.690629" lon="1.853670"><ele>178.9</ele><time>2025-09-19T15:39:33Z</time></trkpt>
      <trkpt lat="48.690630" lon="1.853881"><ele>179.6</ele><time>2025-09-19T15:39:34Z</time></trkpt>
      <trkpt lat="48.690630" lon="1.854100"><ele>180.3</ele><time>2025-09-19T15:39:35Z</time></trkpt>
      <trkpt lat="48.690628" lon="1.854318"><ele>181.0</ele><time>2025-09-19T15:39:36Z</time></trkpt>
      <trkpt lat="48.690621" lon="1.854537"><ele>181.7</ele><time>2025-09-19T15:39:37Z</time></trkpt>
      <trkpt lat="48.690606" lon="1.854757"><ele>182.3</ele><time>2025-09-19T15:39:38Z</time></trkpt>
      <trkpt lat="48.690581" lon="1.854982"><ele>182.8</ele><time>2025-09-19T15:39:39Z</time></trkpt>
      <trkpt lat="48.690545" lon="1.855214"><ele>183.2</ele><time>2025-09-19T15:39:40Z</time></trkpt>
      <trkpt lat="48.690504" lon="1.855454"><ele>183.3</ele><time>2025-09-19T15:39:41Z</time></trkpt>
      <trkpt lat="48.690461" lon="1.855706"><ele>183.5</ele><time>2025-09-19T15:39:42Z</time></trkpt>
      <trkpt lat="48.690416" lon="1.855967"><ele>183.7</ele><time>2025-09-19T15:39:43Z</time></trkpt>
      <trkpt lat="48.690369" lon="1.856230"><ele>183.6</ele><time>2025-09-19T15:39:44Z</time></trkpt>
      <trkpt lat="48.690323" lon="1.856488"><ele>183.2</ele><time>2025-09-19T15:39:45Z</time></trkpt>
      <trkpt lat="48.690278" lon="1.856740"><ele>182.4</ele><time>2025-09-19T15:39:46Z</time></trkpt>
      <trkpt lat="48.690235" lon="1.856988"><ele>181.4</ele><time>2025-09-19T15:39:47Z</time></trkpt>
      <trkpt lat="48.690192" lon="1.857231"><ele>180.6</ele><time>2025-09-19T15:39:48Z</time></trkpt>
      <trkpt lat="48.690150" lon="1.857476"><ele>179.7</ele><time>2025-09-19T15:39:49Z</time></trkpt>
      <trkpt lat="48.690110" lon="1.857730"><ele>179.2</ele><time>2025-09-19T15:39:50Z</time></trkpt>
      <trkpt lat="48.690065" lon="1.857993"><ele>178.6</ele><time>2025-09-19T15:39:51Z</time></trkpt>
      <trkpt lat="48.690018" lon="1.858260"><ele>177.9</ele><time>2025-09-19T15:39:52Z</time></trkpt>
      <trkpt lat="48.689970" lon="1.858534"><ele>177.0</ele><time>2025-09-19T15:39:53Z</time></trkpt>
      <trkpt lat="48.689926" lon="1.858808"><ele>177.0</ele><time>2025-09-19T15:39:54Z</time></trkpt>
      <trkpt lat="48.689889" lon="1.859069"><ele>177.3</ele><time>2025-09-19T15:39:55Z</time></trkpt>
      <trkpt lat="48.689859" lon="1.859323"><ele>177.2</ele><time>2025-09-19T15:39:56Z</time></trkpt>
      <trkpt lat="48.689829" lon="1.859573"><ele>177.2</ele><time>2025-09-19T15:39:57Z</time></trkpt>
      <trkpt lat="48.689798" lon="1.859819"><ele>177.2</ele><time>2025-09-19T15:39:58Z</time></trkpt>
      <trkpt lat="48.689769" lon="1.860062"><ele>177.2</ele><time>2025-09-19T15:39:59Z</time></trkpt>
      <trkpt lat="48.689742" lon="1.860309"><ele>177.2</ele><time>2025-09-19T15:40:00Z</time></trkpt>
      <trkpt lat="48.689715" lon="1.860557"><ele>177.7</ele><time>2025-09-19T15:40:01Z</time></trkpt>
      <trkpt lat="48.689684" lon="1.860808"><ele>177.7</ele><time>2025-09-19T15:40:02Z</time></trkpt>
      <trkpt lat="48.689655" lon="1.861061"><ele>177.5</ele><time>2025-09-19T15:40:03Z</time></trkpt>
      <trkpt lat="48.689625" lon="1.861313"><ele>177.4</ele><time>2025-09-19T15:40:04Z</time></trkpt>
      <trkpt lat="48.689593" lon="1.861563"><ele>177.4</ele><time>2025-09-19T15:40:05Z</time></trkpt>
      <trkpt lat="48.689555" lon="1.861807"><ele>177.3</ele><time>2025-09-19T15:40:06Z</time></trkpt>
      <trkpt lat="48.689513" lon="1.862036"><ele>177.3</ele><time>2025-09-19T15:40:07Z</time></trkpt>
      <trkpt lat="48.689466" lon="1.862247"><ele>177.5</ele><time>2025-09-19T15:40:08Z</time></trkpt>
      <trkpt lat="48.689412" lon="1.862448"><ele>177.8</ele><time>2025-09-19T15:40:09Z</time></trkpt>
      <trkpt lat="48.689344" lon="1.862638"><ele>178.0</ele><time>2025-09-19T15:40:10Z</time></trkpt>
      <trkpt lat="48.689263" lon="1.862823"><ele>177.8</ele><time>2025-09-19T15:40:11Z</time></trkpt>
      <trkpt lat="48.689170" lon="1.863005"><ele>177.5</ele><time>2025-09-19T15:40:12Z</time></trkpt>
      <trkpt lat="48.689068" lon="1.863185"><ele>177.2</ele><time>2025-09-19T15:40:13Z</time></trkpt>
      <trkpt lat="48.688956" lon="1.863361"><ele>176.6</ele><time>2025-09-19T15:40:14Z</time></trkpt>
      <trkpt lat="48.688843" lon="1.863527"><ele>176.4</ele><time>2025-09-19T15:40:15Z</time></trkpt>
      <trkpt lat="48.688733" lon="1.863681"><ele>176.1</ele><time>2025-09-19T15:40:16Z</time></trkpt>
      <trkpt lat="48.688631" lon="1.863824"><ele>175.9</ele><time>2025-09-19T15:40:17Z</time></trkpt>
      <trkpt lat="48.688536" lon="1.863958"><ele>175.6</ele><time>2025-09-19T15:40:18Z</time></trkpt>
      <trkpt lat="48.688449" lon="1.864085"><ele>175.6</ele><time>2025-09-19T15:40:19Z</time></trkpt>
      <trkpt lat="48.688361" lon="1.864211"><ele>175.3</ele><time>2025-09-19T15:40:20Z</time></trkpt>
      <trkpt lat="48.688276" lon="1.864343"><ele>175.0</ele><time>2025-09-19T15:40:21Z</time></trkpt>
      <trkpt lat="48.688187" lon="1.864478"><ele>174.9</ele><time>2025-09-19T15:40:22Z</time></trkpt>
      <trkpt lat="48.688101" lon="1.864616"><ele>174.7</ele><time>2025-09-19T15:40:23Z</time></trkpt>
      <trkpt lat="48.688017" lon="1.864765"><ele>174.6</ele><time>2025-09-19T15:40:24Z</time></trkpt>
      <trkpt lat="48.687939" lon="1.864927"><ele>174.5</ele><time>2025-09-19T15:40:25Z</time></trkpt>
      <trkpt lat="48.687864" lon="1.865099"><ele>174.4</ele><time>2025-09-19T15:40:26Z</time></trkpt>
      <trkpt lat="48.687795" lon="1.865277"><ele>174.7</ele><time>2025-09-19T15:40:27Z</time></trkpt>
      <trkpt lat="48.687726" lon="1.865460"><ele>174.8</ele><time>2025-09-19T15:40:28Z</time></trkpt>
      <trkpt lat="48.687659" lon="1.865646"><ele>174.6</ele><time>2025-09-19T15:40:29Z</time></trkpt>
      <trkpt lat="48.687596" lon="1.865838"><ele>174.5</ele><time>2025-09-19T15:40:30Z</time></trkpt>
      <trkpt lat="48.687533" lon="1.866031"><ele>174.2</ele><time>2025-09-19T15:40:31Z</time></trkpt>
      <trkpt lat="48.687472" lon="1.866227"><ele>173.9</ele><time>2025-09-19T15:40:32Z</time></trkpt>
      <trkpt lat="48.687416" lon="1.866426"><ele>174.0</ele><time>2025-09-19T15:40:33Z</time></trkpt>
      <trkpt lat="48.687363" lon="1.866627"><ele>174.1</ele><time>2025-09-19T15:40:34Z</time></trkpt>
      <trkpt lat="48.687310" lon="1.866831"><ele>174.1</ele><time>2025-09-19T15:40:35Z</time></trkpt>
      <trkpt lat="48.687258" lon="1.867046"><ele>174.0</ele><time>2025-09-19T15:40:36Z</time></trkpt>
      <trkpt lat="48.687215" lon="1.867271"><ele>174.1</ele><time>2025-09-19T15:40:37Z</time></trkpt>
      <trkpt lat="48.687175" lon="1.867494"><ele>174.3</ele><time>2025-09-19T15:40:38Z</time></trkpt>
      <trkpt lat="48.687137" lon="1.867707"><ele>174.5</ele><time>2025-09-19T15:40:39Z</time></trkpt>
      <trkpt lat="48.687098" lon="1.867908"><ele>174.3</ele><time>2025-09-19T15:40:40Z</time></trkpt>
      <trkpt lat="48.687059" lon="1.868096"><ele>174.5</ele><time>2025-09-19T15:40:41Z</time></trkpt>
      <trkpt lat="48.687014" lon="1.868278"><ele>174.5</ele><time>2025-09-19T15:40:42Z</time></trkpt>
      <trkpt lat="48.686958" lon="1.868464"><ele>174.6</ele><time>2025-09-19T15:40:43Z</time></trkpt>
      <trkpt lat="48.686899" lon="1.868660"><ele>175.9</ele><time>2025-09-19T15:40:44Z</time></trkpt>
      <trkpt lat="48.686811" lon="1.868869"><ele>175.7</ele><time>2025-09-19T15:40:45Z</time></trkpt>
      <trkpt lat="48.686704" lon="1.869092"><ele>175.9</ele><time>2025-09-19T15:40:46Z</time></trkpt>
      <trkpt lat="48.686590" lon="1.869338"><ele>176.0</ele><time>2025-09-19T15:40:47Z</time></trkpt>
      <trkpt lat="48.686473" lon="1.869594"><ele>175.9</ele><time>2025-09-19T15:40:48Z</time></trkpt>
      <trkpt lat="48.686351" lon="1.869868"><ele>175.8</ele><time>2025-09-19T15:40:49Z</time></trkpt>
      <trkpt lat="48.686214" lon="1.870167"><ele>175.8</ele><time>2025-09-19T15:40:50Z</time></trkpt>
      <trkpt lat="48.686069" lon="1.870483"><ele>176.0</ele><time>2025-09-19T15:40:51Z</time></trkpt>
      <trkpt lat="48.685931" lon="1.870790"><ele>176.4</ele><time>2025-09-19T15:40:52Z</time></trkpt>
      <trkpt lat="48.685796" lon="1.871082"><ele>176.7</ele><time>2025-09-19T15:40:53Z</time></trkpt>
      <trkpt lat="48.685659" lon="1.871377"><ele>177.1</ele><time>2025-09-19T15:40:54Z</time></trkpt>
      <trkpt lat="48.685519" lon="1.871679"><ele>176.6</ele><time>2025-09-19T15:40:55Z</time></trkpt>
      <trkpt lat="48.685378" lon="1.871984"><ele>175.8</ele><time>2025-09-19T15:40:56Z</time></trkpt>
      <trkpt lat="48.685234" lon="1.872302"><ele>175.2</ele><time>2025-09-19T15:40:57Z</time></trkpt>
      <trkpt lat="48.685096" lon="1.872614"><ele>174.8</ele><time>2025-09-19T15:40:58Z</time></trkpt>
      <trkpt lat="48.684966" lon="1.872907"><ele>174.5</ele><time>2025-09-19T15:40:59Z</time></trkpt>
      <trkpt lat="48.684846" lon="1.873177"><ele>174.5</ele><time>2025-09-19T15:41:00Z</time></trkpt>
      <trkpt lat="48.684736" lon="1.873429"><ele>174.3</ele><time>2025-09-19T15:41:01Z</time></trkpt>
      <trkpt lat="48.684640" lon="1.873674"><ele>174.1</ele><time>2025-09-19T15:41:02Z</time></trkpt>
      <trkpt lat="48.684559" lon="1.873921"><ele>174.2</ele><time>2025-09-19T15:41:03Z</time></trkpt>
      <trkpt lat="48.684496" lon="1.874172"><ele>174.1</ele><time>2025-09-19T15:41:04Z</time></trkpt>
      <trkpt lat="48.684448" lon="1.874413"><ele>174.2</ele><time>2025-09-19T15:41:05Z</time></trkpt>
      <trkpt lat="48.684412" lon="1.874637"><ele>174.1</ele><time>2025-09-19T15:41:06Z</time></trkpt>
      <trkpt lat="48.684384" lon="1.874845"><ele>174.3</ele><time>2025-09-19T15:41:07Z</time></trkpt>
      <trkpt lat="48.684357" lon="1.875028"><ele>174.5</ele><time>2025-09-19T15:41:08Z</time></trkpt>
      <trkpt lat="48.684330" lon="1.875187"><ele>174.7</ele><time>2025-09-19T15:41:09Z</time></trkpt>
      <trkpt lat="48.684305" lon="1.875319"><ele>174.8</ele><time>2025-09-19T15:41:10Z</time></trkpt>
      <trkpt lat="48.684284" lon="1.875428"><ele>175.0</ele><time>2025-09-19T15:41:11Z</time></trkpt>
      <trkpt lat="48.684264" lon="1.875522"><ele>174.9</ele><time>2025-09-19T15:41:12Z</time></trkpt>
      <trkpt lat="48.684258" lon="1.875607"><ele>175.2</ele><time>2025-09-19T15:41:13Z</time></trkpt>
      <trkpt lat="48.684272" lon="1.875681"><ele>174.9</ele><time>2025-09-19T15:41:14Z</time></trkpt>
      <trkpt lat="48.684313" lon="1.875739"><ele>174.7</ele><time>2025-09-19T15:41:15Z</time></trkpt>
      <trkpt lat="48.684381" lon="1.875785"><ele>175.2</ele><time>2025-09-19T15:41:16Z</time></trkpt>
      <trkpt lat="48.684477" lon="1.875841"><ele>175.2</ele><time>2025-09-19T15:41:17Z</time></trkpt>
      <trkpt lat="48.684582" lon="1.875901"><ele>175.4</ele><time>2025-09-19T15:41:18Z</time></trkpt>
      <trkpt lat="48.684702" lon="1.875967"><ele>176.0</ele><time>2025-09-19T15:41:19Z</time></trkpt>
      <trkpt lat="48.684849" lon="1.876056"><ele>176.0</ele><time>2025-09-19T15:41:20Z</time></trkpt>
      <trkpt lat="48.685031" lon="1.876161"><ele>175.9</ele><time>2025-09-19T15:41:21Z</time></trkpt>
      <trkpt lat="48.685240" lon="1.876289"><ele>176.0</ele><time>2025-09-19T15:41:22Z</time></trkpt>
      <trkpt lat="48.685474" lon="1.876430"><ele>175.8</ele><time>2025-09-19T15:41:23Z</time></trkpt>
      <trkpt lat="48.685727" lon="1.876585"><ele>175.8</ele><time>2025-09-19T15:41:24Z</time></trkpt>
      <trkpt lat="48.685988" lon="1.876747"><ele>175.7</ele><time>2025-09-19T15:41:25Z</time></trkpt>
      <trkpt lat="48.686257" lon="1.876914"><ele>175.6</ele><time>2025-09-19T15:41:26Z</time></trkpt>
      <trkpt lat="48.686516" lon="1.877073"><ele>175.5</ele><time>2025-09-19T15:41:27Z</time></trkpt>
      <trkpt lat="48.686760" lon="1.877224"><ele>175.1</ele><time>2025-09-19T15:41:28Z</time></trkpt>
      <trkpt lat="48.686987" lon="1.877363"><ele>174.7</ele><time>2025-09-19T15:41:29Z</time></trkpt>
      <trkpt lat="48.687196" lon="1.877505"><ele>174.5</ele><time>2025-09-19T15:41:30Z</time></trkpt>
      <trkpt lat="48.687389" lon="1.877674"><ele>174.5</ele><time>2025-09-19T15:41:31Z</time></trkpt>
      <trkpt lat="48.687581" lon="1.877868"><ele>174.1</ele><time>2025-09-19T15:41:32Z</time></trkpt>
      <trkpt lat="48.687756" lon="1.878074"><ele>173.5</ele><time>2025-09-19T15:41:33Z</time></trkpt>
      <trkpt lat="48.687925" lon="1.878265"><ele>173.4</ele><time>2025-09-19T15:41:34Z</time></trkpt>
      <trkpt lat="48.688103" lon="1.878436"><ele>173.0</ele><time>2025-09-19T15:41:35Z</time></trkpt>
      <trkpt lat="48.688303" lon="1.878569"><ele>172.9</ele><time>2025-09-19T15:41:36Z</time></trkpt>
      <trkpt lat="48.688526" lon="1.878665"><ele>172.8</ele><time>2025-09-19T15:41:37Z</time></trkpt>
      <trkpt lat="48.688771" lon="1.878745"><ele>172.3</ele><time>2025-09-19T15:41:38Z</time></trkpt>
      <trkpt lat="48.689020" lon="1.878812"><ele>172.5</ele><time>2025-09-19T15:41:39Z</time></trkpt>
      <trkpt lat="48.689273" lon="1.878885"><ele>172.2</ele><time>2025-09-19T15:41:40Z</time></trkpt>
      <trkpt lat="48.689533" lon="1.878960"><ele>172.4</ele><time>2025-09-19T15:41:41Z</time></trkpt>
      <trkpt lat="48.689791" lon="1.879035"><ele>172.2</ele><time>2025-09-19T15:41:42Z</time></trkpt>
      <trkpt lat="48.690049" lon="1.879115"><ele>172.0</ele><time>2025-09-19T15:41:43Z</time></trkpt>
      <trkpt lat="48.690315" lon="1.879205"><ele>171.6</ele><time>2025-09-19T15:41:44Z</time></trkpt>
      <trkpt lat="48.690586" lon="1.879303"><ele>171.7</ele><time>2025-09-19T15:41:45Z</time></trkpt>
      <trkpt lat="48.690861" lon="1.879406"><ele>171.9</ele><time>2025-09-19T15:41:46Z</time></trkpt>
      <trkpt lat="48.691139" lon="1.879510"><ele>172.1</ele><time>2025-09-19T15:41:47Z</time></trkpt>
      <trkpt lat="48.691405" lon="1.879610"><ele>172.2</ele><time>2025-09-19T15:41:48Z</time></trkpt>
      <trkpt lat="48.691654" lon="1.879704"><ele>172.5</ele><time>2025-09-19T15:41:49Z</time></trkpt>
      <trkpt lat="48.691897" lon="1.879799"><ele>172.5</ele><time>2025-09-19T15:41:50Z</time></trkpt>
      <trkpt lat="48.692144" lon="1.879898"><ele>172.6</ele><time>2025-09-19T15:41:51Z</time></trkpt>
      <trkpt lat="48.692399" lon="1.880000"><ele>172.6</ele><time>2025-09-19T15:41:52Z</time></trkpt>
      <trkpt lat="48.692654" lon="1.880095"><ele>172.7</ele><time>2025-09-19T15:41:53Z</time></trkpt>
      <trkpt lat="48.692909" lon="1.880181"><ele>172.8</ele><time>2025-09-19T15:41:54Z</time></trkpt>
      <trkpt lat="48.693170" lon="1.880257"><ele>172.9</ele><time>2025-09-19T15:41:55Z</time></trkpt>
      <trkpt lat="48.693427" lon="1.880326"><ele>173.0</ele><time>2025-09-19T15:41:56Z</time></trkpt>
      <trkpt lat="48.693668" lon="1.880392"><ele>173.0</ele><time>2025-09-19T15:41:57Z</time></trkpt>
      <trkpt lat="48.693895" lon="1.880451"><ele>173.2</ele><time>2025-09-19T15:41:58Z</time></trkpt>
      <trkpt lat="48.694111" lon="1.880502"><ele>173.5</ele><time>2025-09-19T15:41:59Z</time></trkpt>
      <trkpt lat="48.694314" lon="1.880552"><ele>173.7</ele><time>2025-09-19T15:42:00Z</time></trkpt>
      <trkpt lat="48.694506" lon="1.880605"><ele>173.8</ele><time>2025-09-19T15:42:01Z</time></trkpt>
      <trkpt lat="48.694690" lon="1.880669"><ele>173.8</ele><time>2025-09-19T15:42:02Z</time></trkpt>
      <trkpt lat="48.694862" lon="1.880746"><ele>173.8</ele><time>2025-09-19T15:42:03Z</time></trkpt>
      <trkpt lat="48.695018" lon="1.880838"><ele>174.0</ele><time>2025-09-19T15:42:04Z</time></trkpt>
      <trkpt lat="48.695165" lon="1.880941"><ele>173.9</ele><time>2025-09-19T15:42:05Z</time></trkpt>
      <trkpt lat="48.695307" lon="1.881044"><ele>173.8</ele><time>2025-09-19T15:42:06Z</time></trkpt>
      <trkpt lat="48.695442" lon="1.881142"><ele>173.7</ele><time>2025-09-19T15:42:07Z</time></trkpt>
      <trkpt lat="48.695569" lon="1.881234"><ele>173.6</ele><time>2025-09-19T15:42:08Z</time></trkpt>
      <trkpt lat="48.695692" lon="1.881322"><ele>173.6</ele><time>2025-09-19T15:42:09Z</time></trkpt>
      <trkpt lat="48.695813" lon="1.881408"><ele>173.6</ele><time>2025-09-19T15:42:10Z</time></trkpt>
      <trkpt lat="48.695936" lon="1.881496"><ele>173.2</ele><time>2025-09-19T15:42:11Z</time></trkpt>
      <trkpt lat="48.696055" lon="1.881594"><ele>173.1</ele><time>2025-09-19T15:42:12Z</time></trkpt>
      <trkpt lat="48.696165" lon="1.881696"><ele>173.3</ele><time>2025-09-19T15:42:13Z</time></trkpt>
      <trkpt lat="48.696266" lon="1.881792"><ele>173.1</ele><time>2025-09-19T15:42:14Z</time></trkpt>
      <trkpt lat="48.696357" lon="1.881880"><ele>172.9</ele><time>2025-09-19T15:42:15Z</time></trkpt>
      <trkpt lat="48.696443" lon="1.881964"><ele>172.6</ele><time>2025-09-19T15:42:16Z</time></trkpt>
      <trkpt lat="48.696520" lon="1.882043"><ele>172.7</ele><time>2025-09-19T15:42:17Z</time></trkpt>
      <trkpt lat="48.696593" lon="1.882114"><ele>172.6</ele><time>2025-09-19T15:42:18Z</time></trkpt>
      <trkpt lat="48.696658" lon="1.882175"><ele>172.5</ele><time>2025-09-19T15:42:19Z</time></trkpt>
      <trkpt lat="48.696707" lon="1.882221"><ele>172.5</ele><time>2025-09-19T15:42:20Z</time></trkpt>
      <trkpt lat="48.696744" lon="1.882257"><ele>172.9</ele><time>2025-09-19T15:42:21Z</time></trkpt>
      <trkpt lat="48.696780" lon="1.882294"><ele>173.1</ele><time>2025-09-19T15:42:22Z</time></trkpt>
      <trkpt lat="48.696818" lon="1.882335"><ele>173.7</ele><time>2025-09-19T15:42:23Z</time></trkpt>
      <trkpt lat="48.696864" lon="1.882378"><ele>173.6</ele><time>2025-09-19T15:42:24Z</time></trkpt>
      <trkpt lat="48.696919" lon="1.882428"><ele>173.3</ele><time>2025-09-19T15:42:25Z</time></trkpt>
      <trkpt lat="48.696981" lon="1.882489"><ele>173.5</ele><time>2025-09-19T15:42:26Z</time></trkpt>
      <trkpt lat="48.697050" lon="1.882558"><ele>173.1</ele><time>2025-09-19T15:42:27Z</time></trkpt>
      <trkpt lat="48.697119" lon="1.882639"><ele>173.3</ele><time>2025-09-19T15:42:28Z</time></trkpt>
      <trkpt lat="48.697194" lon="1.882733"><ele>173.1</ele><time>2025-09-19T15:42:29Z</time></trkpt>
      <trkpt lat="48.697271" lon="1.882839"><ele>172.8</ele><time>2025-09-19T15:42:30Z</time></trkpt>
      <trkpt lat="48.697349" lon="1.882954"><ele>172.4</ele><time>2025-09-19T15:42:31Z</time></trkpt>
      <trkpt lat="48.697426" lon="1.883074"><ele>172.1</ele><time>2025-09-19T15:42:32Z</time></trkpt>
      <trkpt lat="48.697505" lon="1.883194"><ele>171.9</ele><time>2025-09-19T15:42:33Z</time></trkpt>
      <trkpt lat="48.697587" lon="1.883306"><ele>171.4</ele><time>2025-09-19T15:42:34Z</time></trkpt>
      <trkpt lat="48.697672" lon="1.883413"><ele>171.2</ele><time>2025-09-19T15:42:35Z</time></trkpt>
      <trkpt lat="48.697753" lon="1.883514"><ele>170.8</ele><time>2025-09-19T15:42:36Z</time></trkpt>
      <trkpt lat="48.697827" lon="1.883609"><ele>170.4</ele><time>2025-09-19T15:42:37Z</time></trkpt>
      <trkpt lat="48.697894" lon="1.883699"><ele>170.0</ele><time>2025-09-19T15:42:38Z</time></trkpt>
      <trkpt lat="48.697955" lon="1.883786"><ele>169.7</ele><time>2025-09-19T15:42:39Z</time></trkpt>
      <trkpt lat="48.698019" lon="1.883874"><ele>169.4</ele><time>2025-09-19T15:42:40Z</time></trkpt>
      <trkpt lat="48.698090" lon="1.883973"><ele>168.9</ele><time>2025-09-19T15:42:41Z</time></trkpt>
      <trkpt lat="48.698161" lon="1.884079"><ele>168.6</ele><time>2025-09-19T15:42:42Z</time></trkpt>
      <trkpt lat="48.698231" lon="1.884195"><ele>168.2</ele><time>2025-09-19T15:42:43Z</time></trkpt>
      <trkpt lat="48.698299" lon="1.884319"><ele>167.9</ele><time>2025-09-19T15:42:44Z</time></trkpt>
      <trkpt lat="48.698358" lon="1.884443"><ele>167.6</ele><time>2025-09-19T15:42:45Z</time></trkpt>
      <trkpt lat="48.698409" lon="1.884564"><ele>167.3</ele><time>2025-09-19T15:42:46Z</time></trkpt>
      <trkpt lat="48.698452" lon="1.884678"><ele>167.0</ele><time>2025-09-19T15:42:47Z</time></trkpt>
      <trkpt lat="48.698490" lon="1.884787"><ele>166.6</ele><time>2025-09-19T15:42:48Z</time></trkpt>
      <trkpt lat="48.698524" lon="1.884888"><ele>166.2</ele><time>2025-09-19T15:42:49Z</time></trkpt>
      <trkpt lat="48.698556" lon="1.884977"><ele>166.1</ele><time>2025-09-19T15:42:50Z</time></trkpt>
      <trkpt lat="48.698585" lon="1.885058"><ele>165.9</ele><time>2025-09-19T15:42:51Z</time></trkpt>
      <trkpt lat="48.698611" lon="1.885136"><ele>165.9</ele><time>2025-09-19T15:42:52Z</time></trkpt>
      <trkpt lat="48.698638" lon="1.885216"><ele>165.7</ele><time>2025-09-19T15:42:53Z</time></trkpt>
      <trkpt lat="48.698667" lon="1.885302"><ele>165.2</ele><time>2025-09-19T15:42:54Z</time></trkpt>
      <trkpt lat="48.698698" lon="1.885395"><ele>165.0</ele><time>2025-09-19T15:42:55Z</time></trkpt>
      <trkpt lat="48.698731" lon="1.885495"><ele>164.7</ele><time>2025-09-19T15:42:56Z</time></trkpt>
      <trkpt lat="48.698760" lon="1.885603"><ele>164.5</ele><time>2025-09-19T15:42:57Z</time></trkpt>
      <trkpt lat="48.698783" lon="1.885719"><ele>164.0</ele><time>2025-09-19T15:42:58Z</time></trkpt>
      <trkpt lat="48.698812" lon="1.885846"><ele>163.7</ele><time>2025-09-19T15:42:59Z</time></trkpt>
      <trkpt lat="48.698842" lon="1.885987"><ele>163.4</ele><time>2025-09-19T15:43:00Z</time></trkpt>
      <trkpt lat="48.698871" lon="1.886131"><ele>163.1</ele><time>2025-09-19T15:43:01Z</time></trkpt>
      <trkpt lat="48.698896" lon="1.886267"><ele>162.9</ele><time>2025-09-19T15:43:02Z</time></trkpt>
      <trkpt lat="48.698920" lon="1.886394"><ele>162.5</ele><time>2025-09-19T15:43:03Z</time></trkpt>
      <trkpt lat="48.698938" lon="1.886512"><ele>162.4</ele><time>2025-09-19T15:43:04Z</time></trkpt>
      <trkpt lat="48.698953" lon="1.886620"><ele>162.1</ele><time>2025-09-19T15:43:05Z</time></trkpt>
      <trkpt lat="48.698964" lon="1.886727"><ele>161.6</ele><time>2025-09-19T15:43:06Z</time></trkpt>
      <trkpt lat="48.698979" lon="1.886832"><ele>161.7</ele><time>2025-09-19T15:43:07Z</time></trkpt>
      <trkpt lat="48.699008" lon="1.886927"><ele>161.6</ele><time>2025-09-19T15:43:08Z</time></trkpt>
      <trkpt lat="48.699056" lon="1.886999"><ele>161.6</ele><time>2025-09-19T15:43:09Z</time></trkpt>
      <trkpt lat="48.699122" lon="1.887051"><ele>161.5</ele><time>2025-09-19T15:43:10Z</time></trkpt>
      <trkpt lat="48.699202" lon="1.887091"><ele>161.3</ele><time>2025-09-19T15:43:11Z</time></trkpt>
      <trkpt lat="48.699288" lon="1.887125"><ele>161.6</ele><time>2025-09-19T15:43:12Z</time></trkpt>
      <trkpt lat="48.699377" lon="1.887158"><ele>161.6</ele><time>2025-09-19T15:43:13Z</time></trkpt>
      <trkpt lat="48.699460" lon="1.887184"><ele>161.9</ele><time>2025-09-19T15:43:14Z</time></trkpt>
      <trkpt lat="48.699539" lon="1.887197"><ele>162.1</ele><time>2025-09-19T15:43:15Z</time></trkpt>
      <trkpt lat="48.699623" lon="1.887200"><ele>161.9</ele><time>2025-09-19T15:43:16Z</time></trkpt>
      <trkpt lat="48.699708" lon="1.887197"><ele>162.0</ele><time>2025-09-19T15:43:17Z</time></trkpt>
      <trkpt lat="48.699790" lon="1.887187"><ele>162.0</ele><time>2025-09-19T15:43:18Z</time></trkpt>
      <trkpt lat="48.699867" lon="1.887171"><ele>162.0</ele><time>2025-09-19T15:43:19Z</time></trkpt>
      <trkpt lat="48.699939" lon="1.887142"><ele>161.9</ele><time>2025-09-19T15:43:20Z</time></trkpt>
      <trkpt lat="48.699996" lon="1.887090"><ele>162.5</ele><time>2025-09-19T15:43:21Z</time></trkpt>
      <trkpt lat="48.700050" lon="1.887034"><ele>162.3</ele><time>2025-09-19T15:43:22Z</time></trkpt>
      <trkpt lat="48.700095" lon="1.886967"><ele>161.9</ele><time>2025-09-19T15:43:23Z</time></trkpt>
      <trkpt lat="48.700140" lon="1.886880"><ele>161.5</ele><time>2025-09-19T15:43:24Z</time></trkpt>
      <trkpt lat="48.700186" lon="1.886780"><ele>161.7</ele><time>2025-09-19T15:43:25Z</time></trkpt>
      <trkpt lat="48.700238" lon="1.886671"><ele>161.2</ele><time>2025-09-19T15:43:26Z</time></trkpt>
      <trkpt lat="48.700296" lon="1.886562"><ele>161.0</ele><time>2025-09-19T15:43:27Z</time></trkpt>
      <trkpt lat="48.700352" lon="1.886441"><ele>160.6</ele><time>2025-09-19T15:43:28Z</time></trkpt>
      <trkpt lat="48.700404" lon="1.886319"><ele>160.5</ele><time>2025-09-19T15:43:29Z</time></trkpt>
      <trkpt lat="48.700452" lon="1.886213"><ele>160.1</ele><time>2025-09-19T15:43:30Z</time></trkpt>
      <trkpt lat="48.700486" lon="1.886149"><ele>160.1</ele><time>2025-09-19T15:43:31Z</time></trkpt>
      <trkpt lat="48.700502" lon="1.886115"><ele>160.2</ele><time>2025-09-19T15:43:32Z</time></trkpt>
      <trkpt lat="48.700510" lon="1.886098"><ele>160.0</ele><time>2025-09-19T15:43:33Z</time></trkpt>
      <trkpt lat="48.700515" lon="1.886088"><ele>160.0</ele><time>2025-09-19T15:43:34Z</time></trkpt>
      <trkpt lat="48.700522" lon="1.886061"><ele>159.5</ele><time>2025-09-19T15:43:37Z</time></trkpt>
      <trkpt lat="48.700536" lon="1.886024"><ele>159.6</ele><time>2025-09-19T15:43:38Z</time></trkpt>
      <trkpt lat="48.700560" lon="1.885963"><ele>159.3</ele><time>2025-09-19T15:43:39Z</time></trkpt>
      <trkpt lat="48.700593" lon="1.885889"><ele>159.0</ele><time>2025-09-19T15:43:40Z</time></trkpt>
      <trkpt lat="48.700632" lon="1.885801"><ele>158.8</ele><time>2025-09-19T15:43:41Z</time></trkpt>
      <trkpt lat="48.700666" lon="1.885696"><ele>158.2</ele><time>2025-09-19T15:43:42Z</time></trkpt>
      <trkpt lat="48.700690" lon="1.885572"><ele>158.0</ele><time>2025-09-19T15:43:43Z</time></trkpt>
      <trkpt lat="48.700709" lon="1.885438"><ele>157.2</ele><time>2025-09-19T15:43:44Z</time></trkpt>
      <trkpt lat="48.700726" lon="1.885300"><ele>156.2</ele><time>2025-09-19T15:43:45Z</time></trkpt>
      <trkpt lat="48.700743" lon="1.885169"><ele>155.6</ele><time>2025-09-19T15:43:46Z</time></trkpt>
      <trkpt lat="48.700762" lon="1.885052"><ele>155.1</ele><time>2025-09-19T15:43:47Z</time></trkpt>
      <trkpt lat="48.700787" lon="1.884943"><ele>154.5</ele><time>2025-09-19T15:43:48Z</time></trkpt>
      <trkpt lat="48.700825" lon="1.884841"><ele>153.8</ele><time>2025-09-19T15:43:49Z</time></trkpt>
      <trkpt lat="48.700875" lon="1.884756"><ele>153.4</ele><time>2025-09-19T15:43:50Z</time></trkpt>
      <trkpt lat="48.700927" lon="1.884682"><ele>152.9</ele><time>2025-09-19T15:43:51Z</time></trkpt>
      <trkpt lat="48.700980" lon="1.884614"><ele>152.5</ele><time>2025-09-19T15:43:52Z</time></trkpt>
      <trkpt lat="48.701031" lon="1.884549"><ele>152.0</ele><time>2025-09-19T15:43:53Z</time></trkpt>
      <trkpt lat="48.701088" lon="1.884497"><ele>151.4</ele><time>2025-09-19T15:43:54Z</time></trkpt>
      <trkpt lat="48.701149" lon="1.884458"><ele>151.6</ele><time>2025-09-19T15:43:55Z</time></trkpt>
      <trkpt lat="48.701215" lon="1.884438"><ele>151.8</ele><time>2025-09-19T15:43:56Z</time></trkpt>
      <trkpt lat="48.701281" lon="1.884444"><ele>152.1</ele><time>2025-09-19T15:43:57Z</time></trkpt>
      <trkpt lat="48.701357" lon="1.884467"><ele>152.5</ele><time>2025-09-19T15:43:58Z</time></trkpt>
      <trkpt lat="48.701424" lon="1.884500"><ele>153.9</ele><time>2025-09-19T15:43:59Z</time></trkpt>
      <trkpt lat="48.701488" lon="1.884528"><ele>155.3</ele><time>2025-09-19T15:44:00Z</time></trkpt>
      <trkpt lat="48.701557" lon="1.884564"><ele>156.3</ele><time>2025-09-19T15:44:01Z</time></trkpt>
      <trkpt lat="48.701624" lon="1.884606"><ele>158.2</ele><time>2025-09-19T15:44:02Z</time></trkpt>
      <trkpt lat="48.701690" lon="1.884642"><ele>159.5</ele><time>2025-09-19T15:44:03Z</time></trkpt>
      <trkpt lat="48.701764" lon="1.884677"><ele>159.2</ele><time>2025-09-19T15:44:04Z</time></trkpt>
      <trkpt lat="48.701851" lon="1.884714"><ele>157.1</ele><time>2025-09-19T15:44:05Z</time></trkpt>
      <trkpt lat="48.701917" lon="1.884752"><ele>157.9</ele><time>2025-09-19T15:44:06Z</time></trkpt>
      <trkpt lat="48.701987" lon="1.884793"><ele>157.2</ele><time>2025-09-19T15:44:07Z</time></trkpt>
      <trkpt lat="48.702056" lon="1.884835"><ele>156.4</ele><time>2025-09-19T15:44:08Z</time></trkpt>
      <trkpt lat="48.702124" lon="1.884880"><ele>155.9</ele><time>2025-09-19T15:44:09Z</time></trkpt>
      <trkpt lat="48.702187" lon="1.884925"><ele>155.3</ele><time>2025-09-19T15:44:10Z</time></trkpt>
      <trkpt lat="48.702240" lon="1.884957"><ele>155.6</ele><time>2025-09-19T15:44:11Z</time></trkpt>
      <trkpt lat="48.702293" lon="1.884988"><ele>155.6</ele><time>2025-09-19T15:44:12Z</time></trkpt>
      <trkpt lat="48.702350" lon="1.885045"><ele>154.8</ele><time>2025-09-19T15:44:13Z</time></trkpt>
      <trkpt lat="48.702399" lon="1.885116"><ele>155.0</ele><time>2025-09-19T15:44:14Z</time></trkpt>
      <trkpt lat="48.702440" lon="1.885199"><ele>155.4</ele><time>2025-09-19T15:44:15Z</time></trkpt>
      <trkpt lat="48.702465" lon="1.885292"><ele>155.9</ele><time>2025-09-19T15:44:16Z</time></trkpt>
      <trkpt lat="48.702477" lon="1.885398"><ele>156.0</ele><time>2025-09-19T15:44:17Z</time></trkpt>
      <trkpt lat="48.702484" lon="1.885512"><ele>155.5</ele><time>2025-09-19T15:44:18Z</time></trkpt>
      <trkpt lat="48.702485" lon="1.885630"><ele>155.1</ele><time>2025-09-19T15:44:19Z</time></trkpt>
      <trkpt lat="48.702475" lon="1.885762"><ele>154.7</ele><time>2025-09-19T15:44:20Z</time></trkpt>
      <trkpt lat="48.702455" lon="1.885910"><ele>154.3</ele><time>2025-09-19T15:44:21Z</time></trkpt>
      <trkpt lat="48.702434" lon="1.886072"><ele>154.1</ele><time>2025-09-19T15:44:22Z</time></trkpt>
      <trkpt lat="48.702411" lon="1.886245"><ele>153.7</ele><time>2025-09-19T15:44:23Z</time></trkpt>
      <trkpt lat="48.702378" lon="1.886420"><ele>153.2</ele><time>2025-09-19T15:44:24Z</time></trkpt>
      <trkpt lat="48.702346" lon="1.886598"><ele>152.9</ele><time>2025-09-19T15:44:25Z</time></trkpt>
      <trkpt lat="48.702318" lon="1.886773"><ele>152.2</ele><time>2025-09-19T15:44:26Z</time></trkpt>
      <trkpt lat="48.702296" lon="1.886941"><ele>151.4</ele><time>2025-09-19T15:44:27Z</time></trkpt>
      <trkpt lat="48.702280" lon="1.887101"><ele>150.5</ele><time>2025-09-19T15:44:28Z</time></trkpt>
      <trkpt lat="48.702271" lon="1.887260"><ele>149.9</ele><time>2025-09-19T15:44:29Z</time></trkpt>
      <trkpt lat="48.702264" lon="1.887416"><ele>149.2</ele><time>2025-09-19T15:44:30Z</time></trkpt>
      <trkpt lat="48.702262" lon="1.887564"><ele>148.8</ele><time>2025-09-19T15:44:31Z</time></trkpt>
      <trkpt lat="48.702262" lon="1.887702"><ele>147.8</ele><time>2025-09-19T15:44:32Z</time></trkpt>
      <trkpt lat="48.702265" lon="1.887830"><ele>147.4</ele><time>2025-09-19T15:44:33Z</time></trkpt>
      <trkpt lat="48.702273" lon="1.887952"><ele>147.0</ele><time>2025-09-19T15:44:34Z</time></trkpt>
      <trkpt lat="48.702284" lon="1.888079"><ele>146.5</ele><time>2025-09-19T15:44:35Z</time></trkpt>
      <trkpt lat="48.702291" lon="1.888222"><ele>145.8</ele><time>2025-09-19T15:44:36Z</time></trkpt>
      <trkpt lat="48.702293" lon="1.888381"><ele>145.3</ele><time>2025-09-19T15:44:37Z</time></trkpt>
      <trkpt lat="48.702296" lon="1.888554"><ele>144.6</ele><time>2025-09-19T15:44:38Z</time></trkpt>
      <trkpt lat="48.702304" lon="1.888732"><ele>144.4</ele><time>2025-09-19T15:44:39Z</time></trkpt>
      <trkpt lat="48.702317" lon="1.888918"><ele>144.1</ele><time>2025-09-19T15:44:40Z</time></trkpt>
      <trkpt lat="48.702330" lon="1.889103"><ele>143.8</ele><time>2025-09-19T15:44:41Z</time></trkpt>
      <trkpt lat="48.702342" lon="1.889285"><ele>143.8</ele><time>2025-09-19T15:44:42Z</time></trkpt>
      <trkpt lat="48.702347" lon="1.889466"><ele>143.6</ele><time>2025-09-19T15:44:43Z</time></trkpt>
      <trkpt lat="48.702335" lon="1.889658"><ele>143.5</ele><time>2025-09-19T15:44:44Z</time></trkpt>
      <trkpt lat="48.702304" lon="1.889866"><ele>143.5</ele><time>2025-09-19T15:44:45Z</time></trkpt>
      <trkpt lat="48.702258" lon="1.890075"><ele>143.6</ele><time>2025-09-19T15:44:46Z</time></trkpt>
      <trkpt lat="48.702205" lon="1.890282"><ele>143.7</ele><time>2025-09-19T15:44:47Z</time></trkpt>
      <trkpt lat="48.702155" lon="1.890478"><ele>143.6</ele><time>2025-09-19T15:44:48Z</time></trkpt>
      <trkpt lat="48.702116" lon="1.890661"><ele>144.3</ele><time>2025-09-19T15:44:49Z</time></trkpt>
      <trkpt lat="48.702081" lon="1.890828"><ele>145.0</ele><time>2025-09-19T15:44:50Z</time></trkpt>
      <trkpt lat="48.702051" lon="1.890978"><ele>145.8</ele><time>2025-09-19T15:44:51Z</time></trkpt>
      <trkpt lat="48.702027" lon="1.891107"><ele>147.6</ele><time>2025-09-19T15:44:52Z</time></trkpt>
      <trkpt lat="48.702005" lon="1.891217"><ele>148.3</ele><time>2025-09-19T15:44:53Z</time></trkpt>
      <trkpt lat="48.701991" lon="1.891313"><ele>149.8</ele><time>2025-09-19T15:44:54Z</time></trkpt>
      <trkpt lat="48.701975" lon="1.891409"><ele>151.4</ele><time>2025-09-19T15:44:55Z</time></trkpt>
      <trkpt lat="48.701950" lon="1.891518"><ele>151.5</ele><time>2025-09-19T15:44:56Z</time></trkpt>
      <trkpt lat="48.701923" lon="1.891650"><ele>152.5</ele><time>2025-09-19T15:44:57Z</time></trkpt>
      <trkpt lat="48.701899" lon="1.891812"><ele>155.3</ele><time>2025-09-19T15:44:58Z</time></trkpt>
      <trkpt lat="48.701862" lon="1.891997"><ele>157.0</ele><time>2025-09-19T15:44:59Z</time></trkpt>
      <trkpt lat="48.701815" lon="1.892192"><ele>157.5</ele><time>2025-09-19T15:45:00Z</time></trkpt>
      <trkpt lat="48.701759" lon="1.892408"><ele>158.2</ele><time>2025-09-19T15:45:01Z</time></trkpt>
      <trkpt lat="48.701690" lon="1.892651"><ele>159.2</ele><time>2025-09-19T15:45:02Z</time></trkpt>
      <trkpt lat="48.701611" lon="1.892888"><ele>158.8</ele><time>2025-09-19T15:45:03Z</time></trkpt>
      <trkpt lat="48.701532" lon="1.893104"><ele>158.1</ele><time>2025-09-19T15:45:04Z</time></trkpt>
      <trkpt lat="48.701455" lon="1.893307"><ele>157.7</ele><time>2025-09-19T15:45:05Z</time></trkpt>
      <trkpt lat="48.701381" lon="1.893501"><ele>157.7</ele><time>2025-09-19T15:45:06Z</time></trkpt>
      <trkpt lat="48.701310" lon="1.893684"><ele>157.1</ele><time>2025-09-19T15:45:07Z</time></trkpt>
      <trkpt lat="48.701240" lon="1.893853"><ele>156.4</ele><time>2025-09-19T15:45:08Z</time></trkpt>
      <trkpt lat="48.701176" lon="1.894014"><ele>155.6</ele><time>2025-09-19T15:45:09Z</time></trkpt>
      <trkpt lat="48.701115" lon="1.894162"><ele>155.3</ele><time>2025-09-19T15:45:10Z</time></trkpt>
      <trkpt lat="48.701054" lon="1.894294"><ele>154.7</ele><time>2025-09-19T15:45:11Z</time></trkpt>
      <trkpt lat="48.700995" lon="1.894409"><ele>154.1</ele><time>2025-09-19T15:45:12Z</time></trkpt>
      <trkpt lat="48.700941" lon="1.894512"><ele>153.7</ele><time>2025-09-19T15:45:13Z</time></trkpt>
      <trkpt lat="48.700887" lon="1.894603"><ele>152.3</ele><time>2025-09-19T15:45:14Z</time></trkpt>
      <trkpt lat="48.700828" lon="1.894689"><ele>151.5</ele><time>2025-09-19T15:45:15Z</time></trkpt>
      <trkpt lat="48.700769" lon="1.894788"><ele>151.1</ele><time>2025-09-19T15:45:16Z</time></trkpt>
      <trkpt lat="48.700708" lon="1.894910"><ele>149.8</ele><time>2025-09-19T15:45:17Z</time></trkpt>
      <trkpt lat="48.700638" lon="1.895045"><ele>148.7</ele><time>2025-09-19T15:45:18Z</time></trkpt>
      <trkpt lat="48.700557" lon="1.895190"><ele>147.9</ele><time>2025-09-19T15:45:19Z</time></trkpt>
      <trkpt lat="48.700472" lon="1.895338"><ele>147.6</ele><time>2025-09-19T15:45:20Z</time></trkpt>
      <trkpt lat="48.700380" lon="1.895481"><ele>147.3</ele><time>2025-09-19T15:45:21Z</time></trkpt>
      <trkpt lat="48.700279" lon="1.895604"><ele>146.8</ele><time>2025-09-19T15:45:22Z</time></trkpt>
      <trkpt lat="48.700172" lon="1.895701"><ele>146.5</ele><time>2025-09-19T15:45:23Z</time></trkpt>
      <trkpt lat="48.700085" lon="1.895767"><ele>149.4</ele><time>2025-09-19T15:45:24Z</time></trkpt>
      <trkpt lat="48.699973" lon="1.895793"><ele>149.6</ele><time>2025-09-19T15:45:25Z</time></trkpt>
      <trkpt lat="48.699847" lon="1.895774"><ele>149.7</ele><time>2025-09-19T15:45:26Z</time></trkpt>
      <trkpt lat="48.699722" lon="1.895726"><ele>151.3</ele><time>2025-09-19T15:45:27Z</time></trkpt>
      <trkpt lat="48.699595" lon="1.895673"><ele>152.1</ele><time>2025-09-19T15:45:28Z</time></trkpt>
      <trkpt lat="48.699476" lon="1.895634"><ele>154.5</ele><time>2025-09-19T15:45:29Z</time></trkpt>
      <trkpt lat="48.699354" lon="1.895625"><ele>157.7</ele><time>2025-09-19T15:45:30Z</time></trkpt>
      <trkpt lat="48.699252" lon="1.895631"><ele>162.3</ele><time>2025-09-19T15:45:31Z</time></trkpt>
      <trkpt lat="48.699170" lon="1.895644"><ele>169.9</ele><time>2025-09-19T15:45:32Z</time></trkpt>
      <trkpt lat="48.699075" lon="1.895670"><ele>173.9</ele><time>2025-09-19T15:45:33Z</time></trkpt>
      <trkpt lat="48.698986" lon="1.895695"><ele>177.6</ele><time>2025-09-19T15:45:34Z</time></trkpt>
      <trkpt lat="48.698913" lon="1.895719"><ele>179.9</ele><time>2025-09-19T15:45:35Z</time></trkpt>
      <trkpt lat="48.698862" lon="1.895735"><ele>184.3</ele><time>2025-09-19T15:45:36Z</time></trkpt>
      <trkpt lat="48.698834" lon="1.895756"><ele>190.4</ele><time>2025-09-19T15:45:37Z</time></trkpt>
      <trkpt lat="48.698792" lon="1.895777"><ele>195.2</ele><time>2025-09-19T15:45:38Z</time></trkpt>
      <trkpt lat="48.698756" lon="1.895798"><ele>199.8</ele><time>2025-09-19T15:45:39Z</time></trkpt>
      <trkpt lat="48.698726" lon="1.895833"><ele>203.5</ele><time>2025-09-19T15:45:40Z</time></trkpt>
      <trkpt lat="48.698706" lon="1.895880"><ele>211.1</ele><time>2025-09-19T15:45:41Z</time></trkpt>
      <trkpt lat="48.698685" lon="1.895938"><ele>219.5</ele><time>2025-09-19T15:45:42Z</time></trkpt>
      <trkpt lat="48.698580" lon="1.896031"><ele>216.4</ele><time>2025-09-19T15:45:43Z</time></trkpt>
      <trkpt lat="48.698487" lon="1.896151"><ele>213.6</ele><time>2025-09-19T15:45:44Z</time></trkpt>
      <trkpt lat="48.698419" lon="1.896302"><ele>210.4</ele><time>2025-09-19T15:45:45Z</time></trkpt>
      <trkpt lat="48.698392" lon="1.896484"><ele>218.7</ele><time>2025-09-19T15:45:46Z</time></trkpt>
      <trkpt lat="48.698342" lon="1.896673"><ele>218.4</ele><time>2025-09-19T15:45:47Z</time></trkpt>
      <trkpt lat="48.698324" lon="1.896868"><ele>216.4</ele><time>2025-09-19T15:45:48Z</time></trkpt>
      <trkpt lat="48.698307" lon="1.897069"><ele>211.2</ele><time>2025-09-19T15:45:49Z</time></trkpt>
      <trkpt lat="48.698326" lon="1.897288"><ele>209.2</ele><time>2025-09-19T15:45:50Z</time></trkpt>
      <trkpt lat="48.698378" lon="1.897533"><ele>206.0</ele><time>2025-09-19T15:45:51Z</time></trkpt>
      <trkpt lat="48.698424" lon="1.897806"><ele>200.9</ele><time>2025-09-19T15:45:52Z</time></trkpt>
      <trkpt lat="48.698488" lon="1.898066"><ele>198.3</ele><time>2025-09-19T15:45:53Z</time></trkpt>
      <trkpt lat="48.698540" lon="1.898316"><ele>195.2</ele><time>2025-09-19T15:45:54Z</time></trkpt>
      <trkpt lat="48.698580" lon="1.898568"><ele>191.8</ele><time>2025-09-19T15:45:55Z</time></trkpt>
      <trkpt lat="48.698626" lon="1.898811"><ele>190.9</ele><time>2025-09-19T15:45:56Z</time></trkpt>
      <trkpt lat="48.698652" lon="1.899045"><ele>189.4</ele><time>2025-09-19T15:45:57Z</time></trkpt>
      <trkpt lat="48.698662" lon="1.899284"><ele>188.3</ele><time>2025-09-19T15:45:58Z</time></trkpt>
      <trkpt lat="48.698661" lon="1.899530"><ele>186.4</ele><time>2025-09-19T15:45:59Z</time></trkpt>
      <trkpt lat="48.698659" lon="1.899778"><ele>185.7</ele><time>2025-09-19T15:46:00Z</time></trkpt>
      <trkpt lat="48.698627" lon="1.900037"><ele>183.6</ele><time>2025-09-19T15:46:01Z</time></trkpt>
      <trkpt lat="48.698592" lon="1.900295"><ele>180.3</ele><time>2025-09-19T15:46:02Z</time></trkpt>
      <trkpt lat="48.698574" lon="1.900551"><ele>179.2</ele><time>2025-09-19T15:46:03Z</time></trkpt>
      <trkpt lat="48.698538" lon="1.900809"><ele>174.9</ele><time>2025-09-19T15:46:04Z</time></trkpt>
      <trkpt lat="48.698517" lon="1.901065"><ele>173.2</ele><time>2025-09-19T15:46:05Z</time></trkpt>
      <trkpt lat="48.698500" lon="1.901318"><ele>172.8</ele><time>2025-09-19T15:46:06Z</time></trkpt>
      <trkpt lat="48.698481" lon="1.901570"><ele>172.5</ele><time>2025-09-19T15:46:07Z</time></trkpt>
      <trkpt lat="48.698457" lon="1.901815"><ele>171.0</ele><time>2025-09-19T15:46:08Z</time></trkpt>
      <trkpt lat="48.698434" lon="1.902042"><ele>171.0</ele><time>2025-09-19T15:46:09Z</time></trkpt>
      <trkpt lat="48.698397" lon="1.902256"><ele>170.2</ele><time>2025-09-19T15:46:10Z</time></trkpt>
      <trkpt lat="48.698337" lon="1.902461"><ele>170.4</ele><time>2025-09-19T15:46:11Z</time></trkpt>
      <trkpt lat="48.698254" lon="1.902653"><ele>171.5</ele><time>2025-09-19T15:46:12Z</time></trkpt>
      <trkpt lat="48.698151" lon="1.902840"><ele>173.3</ele><time>2025-09-19T15:46:13Z</time></trkpt>
      <trkpt lat="48.698028" lon="1.903048"><ele>173.7</ele><time>2025-09-19T15:46:14Z</time></trkpt>
      <trkpt lat="48.697902" lon="1.903297"><ele>173.6</ele><time>2025-09-19T15:46:15Z</time></trkpt>
      <trkpt lat="48.697781" lon="1.903544"><ele>172.7</ele><time>2025-09-19T15:46:16Z</time></trkpt>
      <trkpt lat="48.697684" lon="1.903802"><ele>171.9</ele><time>2025-09-19T15:46:17Z</time></trkpt>
      <trkpt lat="48.697586" lon="1.904036"><ele>170.1</ele><time>2025-09-19T15:46:18Z</time></trkpt>
      <trkpt lat="48.697487" lon="1.904257"><ele>169.6</ele><time>2025-09-19T15:46:19Z</time></trkpt>
      <trkpt lat="48.697395" lon="1.904469"><ele>169.1</ele><time>2025-09-19T15:46:20Z</time></trkpt>
      <trkpt lat="48.697327" lon="1.904697"><ele>169.1</ele><time>2025-09-19T15:46:21Z</time></trkpt>
      <trkpt lat="48.697168" lon="1.904864"><ele>168.8</ele><time>2025-09-19T15:46:22Z</time></trkpt>
      <trkpt lat="48.697009" lon="1.905041"><ele>167.7</ele><time>2025-09-19T15:46:23Z</time></trkpt>
      <trkpt lat="48.696875" lon="1.905223"><ele>166.3</ele><time>2025-09-19T15:46:24Z</time></trkpt>
      <trkpt lat="48.696721" lon="1.905387"><ele>166.1</ele><time>2025-09-19T15:46:25Z</time></trkpt>
      <trkpt lat="48.696571" lon="1.905559"><ele>165.7</ele><time>2025-09-19T15:46:26Z</time></trkpt>
      <trkpt lat="48.696440" lon="1.905778"><ele>162.3</ele><time>2025-09-19T15:46:27Z</time></trkpt>
      <trkpt lat="48.696372" lon="1.906032"><ele>164.4</ele><time>2025-09-19T15:46:28Z</time></trkpt>
      <trkpt lat="48.696253" lon="1.906256"><ele>162.5</ele><time>2025-09-19T15:46:29Z</time></trkpt>
      <trkpt lat="48.696133" lon="1.906461"><ele>162.7</ele><time>2025-09-19T15:46:30Z</time></trkpt>
      <trkpt lat="48.696010" lon="1.906651"><ele>162.5</ele><time>2025-09-19T15:46:31Z</time></trkpt>
      <trkpt lat="48.695885" lon="1.906829"><ele>162.6</ele><time>2025-09-19T15:46:32Z</time></trkpt>
      <trkpt lat="48.695774" lon="1.906957"><ele>173.2</ele><time>2025-09-19T15:46:33Z</time></trkpt>
      <trkpt lat="48.695633" lon="1.907092"><ele>178.3</ele><time>2025-09-19T15:46:34Z</time></trkpt>
      <trkpt lat="48.695477" lon="1.907215"><ele>180.0</ele><time>2025-09-19T15:46:35Z</time></trkpt>
      <trkpt lat="48.695335" lon="1.907338"><ele>182.6</ele><time>2025-09-19T15:46:36Z</time></trkpt>
      <trkpt lat="48.695197" lon="1.907440"><ele>183.5</ele><time>2025-09-19T15:46:37Z</time></trkpt>
      <trkpt lat="48.695059" lon="1.907546"><ele>184.0</ele><time>2025-09-19T15:46:38Z</time></trkpt>
      <trkpt lat="48.694915" lon="1.907625"><ele>181.9</ele><time>2025-09-19T15:46:39Z</time></trkpt>
      <trkpt lat="48.694765" lon="1.907667"><ele>184.7</ele><time>2025-09-19T15:46:40Z</time></trkpt>
      <trkpt lat="48.694659" lon="1.907681"><ele>195.9</ele><time>2025-09-19T15:46:41Z</time></trkpt>
      <trkpt lat="48.694510" lon="1.907702"><ele>194.2</ele><time>2025-09-19T15:46:42Z</time></trkpt>
      <trkpt lat="48.694362" lon="1.907711"><ele>193.6</ele><time>2025-09-19T15:46:43Z</time></trkpt>
      <trkpt lat="48.694205" lon="1.907725"><ele>193.4</ele><time>2025-09-19T15:46:44Z</time></trkpt>
      <trkpt lat="48.694069" lon="1.907772"><ele>195.5</ele><time>2025-09-19T15:46:45Z</time></trkpt>
      <trkpt lat="48.693945" lon="1.907843"><ele>199.0</ele><time>2025-09-19T15:46:46Z</time></trkpt>
      <trkpt lat="48.693798" lon="1.907920"><ele>199.4</ele><time>2025-09-19T15:46:47Z</time></trkpt>
      <trkpt lat="48.693595" lon="1.908072"><ele>196.7</ele><time>2025-09-19T15:46:48Z</time></trkpt>
      <trkpt lat="48.693478" lon="1.908250"><ele>198.5</ele><time>2025-09-19T15:46:49Z</time></trkpt>
      <trkpt lat="48.693325" lon="1.908436"><ele>194.6</ele><time>2025-09-19T15:46:50Z</time></trkpt>
      <trkpt lat="48.693158" lon="1.908630"><ele>192.4</ele><time>2025-09-19T15:46:51Z</time></trkpt>
      <trkpt lat="48.692965" lon="1.908829"><ele>187.2</ele><time>2025-09-19T15:46:52Z</time></trkpt>
      <trkpt lat="48.692787" lon="1.909016"><ele>185.5</ele><time>2025-09-19T15:46:53Z</time></trkpt>
      <trkpt lat="48.692587" lon="1.909224"><ele>181.0</ele><time>2025-09-19T15:46:54Z</time></trkpt>
      <trkpt lat="48.692406" lon="1.909437"><ele>177.8</ele><time>2025-09-19T15:46:55Z</time></trkpt>
      <trkpt lat="48.692240" lon="1.909627"><ele>175.0</ele><time>2025-09-19T15:46:56Z</time></trkpt>
      <trkpt lat="48.692084" lon="1.909811"><ele>174.9</ele><time>2025-09-19T15:46:57Z</time></trkpt>
      <trkpt lat="48.691928" lon="1.909987"><ele>173.2</ele><time>2025-09-19T15:46:58Z</time></trkpt>
      <trkpt lat="48.691763" lon="1.910163"><ele>170.0</ele><time>2025-09-19T15:46:59Z</time></trkpt>
      <trkpt lat="48.691605" lon="1.910342"><ele>168.4</ele><time>2025-09-19T15:47:00Z</time></trkpt>
      <trkpt lat="48.691457" lon="1.910525"><ele>168.8</ele><time>2025-09-19T15:47:01Z</time></trkpt>
      <trkpt lat="48.691318" lon="1.910733"><ele>168.7</ele><time>2025-09-19T15:47:02Z</time></trkpt>
      <trkpt lat="48.691229" lon="1.910966"><ele>166.7</ele><time>2025-09-19T15:47:03Z</time></trkpt>
      <trkpt lat="48.691132" lon="1.911177"><ele>165.6</ele><time>2025-09-19T15:47:04Z</time></trkpt>
      <trkpt lat="48.691063" lon="1.911406"><ele>164.1</ele><time>2025-09-19T15:47:05Z</time></trkpt>
      <trkpt lat="48.690981" lon="1.911614"><ele>163.2</ele><time>2025-09-19T15:47:06Z</time></trkpt>
      <trkpt lat="48.690902" lon="1.911805"><ele>163.1</ele><time>2025-09-19T15:47:07Z</time></trkpt>
      <trkpt lat="48.690818" lon="1.911984"><ele>163.1</ele><time>2025-09-19T15:47:08Z</time></trkpt>
      <trkpt lat="48.690737" lon="1.912154"><ele>163.2</ele><time>2025-09-19T15:47:09Z</time></trkpt>
      <trkpt lat="48.690636" lon="1.912289"><ele>162.7</ele><time>2025-09-19T15:47:10Z</time></trkpt>
      <trkpt lat="48.690542" lon="1.912433"><ele>162.7</ele><time>2025-09-19T15:47:11Z</time></trkpt>
      <trkpt lat="48.690449" lon="1.912558"><ele>161.9</ele><time>2025-09-19T15:47:12Z</time></trkpt>
      <trkpt lat="48.690345" lon="1.912671"><ele>161.3</ele><time>2025-09-19T15:47:13Z</time></trkpt>
      <trkpt lat="48.690230" lon="1.912775"><ele>161.0</ele><time>2025-09-19T15:47:14Z</time></trkpt>
      <trkpt lat="48.690116" lon="1.912882"><ele>160.5</ele><time>2025-09-19T15:47:15Z</time></trkpt>
      <trkpt lat="48.690012" lon="1.913003"><ele>156.5</ele><time>2025-09-19T15:47:16Z</time></trkpt>
      <trkpt lat="48.690017" lon="1.913205"><ele>159.3</ele><time>2025-09-19T15:47:17Z</time></trkpt>
      <trkpt lat="48.689947" lon="1.913382"><ele>159.1</ele><time>2025-09-19T15:47:18Z</time></trkpt>
      <trkpt lat="48.689931" lon="1.913604"><ele>161.3</ele><time>2025-09-19T15:47:19Z</time></trkpt>
      <trkpt lat="48.689893" lon="1.913817"><ele>161.7</ele><time>2025-09-19T15:47:20Z</time></trkpt>
      <trkpt lat="48.689855" lon="1.914027"><ele>160.9</ele><time>2025-09-19T15:47:21Z</time></trkpt>
      <trkpt lat="48.689816" lon="1.914233"><ele>160.8</ele><time>2025-09-19T15:47:22Z</time></trkpt>
      <trkpt lat="48.689783" lon="1.914451"><ele>160.6</ele><time>2025-09-19T15:47:23Z</time></trkpt>
      <trkpt lat="48.689756" lon="1.914709"><ele>161.0</ele><time>2025-09-19T15:47:24Z</time></trkpt>
      <trkpt lat="48.689718" lon="1.915023"><ele>159.3</ele><time>2025-09-19T15:47:25Z</time></trkpt>
      <trkpt lat="48.689676" lon="1.915350"><ele>157.7</ele><time>2025-09-19T15:47:26Z</time></trkpt>
      <trkpt lat="48.689630" lon="1.915659"><ele>156.4</ele><time>2025-09-19T15:47:27Z</time></trkpt>
      <trkpt lat="48.689569" lon="1.915951"><ele>154.8</ele><time>2025-09-19T15:47:28Z</time></trkpt>
      <trkpt lat="48.689530" lon="1.916233"><ele>153.8</ele><time>2025-09-19T15:47:29Z</time></trkpt>
      <trkpt lat="48.689491" lon="1.916506"><ele>153.4</ele><time>2025-09-19T15:47:30Z</time></trkpt>
      <trkpt lat="48.689456" lon="1.916751"><ele>152.4</ele><time>2025-09-19T15:47:31Z</time></trkpt>
      <trkpt lat="48.689425" lon="1.916982"><ele>151.8</ele><time>2025-09-19T15:47:32Z</time></trkpt>
      <trkpt lat="48.689408" lon="1.917200"><ele>151.2</ele><time>2025-09-19T15:47:33Z</time></trkpt>
      <trkpt lat="48.689352" lon="1.917388"><ele>151.4</ele><time>2025-09-19T15:47:34Z</time></trkpt>
      <trkpt lat="48.689259" lon="1.917570"><ele>152.3</ele><time>2025-09-19T15:47:35Z</time></trkpt>
      <trkpt lat="48.689124" lon="1.917710"><ele>149.4</ele><time>2025-09-19T15:47:36Z</time></trkpt>
      <trkpt lat="48.688995" lon="1.917846"><ele>147.0</ele><time>2025-09-19T15:47:37Z</time></trkpt>
      <trkpt lat="48.688766" lon="1.918000"><ele>143.1</ele><time>2025-09-19T15:47:38Z</time></trkpt>
      <trkpt lat="48.688598" lon="1.918207"><ele>144.0</ele><time>2025-09-19T15:47:39Z</time></trkpt>
      <trkpt lat="48.688429" lon="1.918428"><ele>141.6</ele><time>2025-09-19T15:47:40Z</time></trkpt>
      <trkpt lat="48.688264" lon="1.918648"><ele>141.7</ele><time>2025-09-19T15:47:41Z</time></trkpt>
      <trkpt lat="48.688144" lon="1.918867"><ele>142.5</ele><time>2025-09-19T15:47:42Z</time></trkpt>
      <trkpt lat="48.688004" lon="1.919068"><ele>142.0</ele><time>2025-09-19T15:47:43Z</time></trkpt>
      <trkpt lat="48.687875" lon="1.919285"><ele>142.1</ele><time>2025-09-19T15:47:44Z</time></trkpt>
      <trkpt lat="48.687746" lon="1.919511"><ele>142.5</ele><time>2025-09-19T15:47:45Z</time></trkpt>
      <trkpt lat="48.687618" lon="1.919754"><ele>142.4</ele><time>2025-09-19T15:47:46Z</time></trkpt>
      <trkpt lat="48.687490" lon="1.920005"><ele>142.4</ele><time>2025-09-19T15:47:47Z</time></trkpt>
      <trkpt lat="48.687363" lon="1.920259"><ele>143.0</ele><time>2025-09-19T15:47:48Z</time></trkpt>
      <trkpt lat="48.687229" lon="1.920511"><ele>143.6</ele><time>2025-09-19T15:47:49Z</time></trkpt>
      <trkpt lat="48.687083" lon="1.920757"><ele>144.2</ele><time>2025-09-19T15:47:50Z</time></trkpt>
      <trkpt lat="48.686929" lon="1.921007"><ele>144.7</ele><time>2025-09-19T15:47:51Z</time></trkpt>
      <trkpt lat="48.686756" lon="1.921261"><ele>144.7</ele><time>2025-09-19T15:47:52Z</time></trkpt>
      <trkpt lat="48.686594" lon="1.921521"><ele>145.4</ele><time>2025-09-19T15:47:53Z</time></trkpt>
      <trkpt lat="48.686439" lon="1.921780"><ele>145.7</ele><time>2025-09-19T15:47:54Z</time></trkpt>
      <trkpt lat="48.686290" lon="1.922025"><ele>146.0</ele><time>2025-09-19T15:47:55Z</time></trkpt>
      <trkpt lat="48.686161" lon="1.922287"><ele>145.2</ele><time>2025-09-19T15:47:56Z</time></trkpt>
      <trkpt lat="48.686027" lon="1.922571"><ele>144.6</ele><time>2025-09-19T15:47:57Z</time></trkpt>
      <trkpt lat="48.685930" lon="1.922914"><ele>145.2</ele><time>2025-09-19T15:47:58Z</time></trkpt>
      <trkpt lat="48.685812" lon="1.923265"><ele>146.1</ele><time>2025-09-19T15:47:59Z</time></trkpt>
      <trkpt lat="48.685693" lon="1.923608"><ele>146.0</ele><time>2025-09-19T15:48:00Z</time></trkpt>
      <trkpt lat="48.685582" lon="1.923934"><ele>146.4</ele><time>2025-09-19T15:48:01Z</time></trkpt>
      <trkpt lat="48.685484" lon="1.924237"><ele>145.7</ele><time>2025-09-19T15:48:02Z</time></trkpt>
      <trkpt lat="48.685391" lon="1.924540"><ele>144.9</ele><time>2025-09-19T15:48:03Z</time></trkpt>
      <trkpt lat="48.685319" lon="1.924869"><ele>145.0</ele><time>2025-09-19T15:48:04Z</time></trkpt>
      <trkpt lat="48.685237" lon="1.925185"><ele>144.7</ele><time>2025-09-19T15:48:05Z</time></trkpt>
      <trkpt lat="48.685172" lon="1.925469"><ele>144.7</ele><time>2025-09-19T15:48:06Z</time></trkpt>
      <trkpt lat="48.685103" lon="1.925746"><ele>144.4</ele><time>2025-09-19T15:48:07Z</time></trkpt>
      <trkpt lat="48.685018" lon="1.926008"><ele>144.0</ele><time>2025-09-19T15:48:08Z</time></trkpt>
      <trkpt lat="48.684907" lon="1.926252"><ele>143.7</ele><time>2025-09-19T15:48:09Z</time></trkpt>
      <trkpt lat="48.684798" lon="1.926487"><ele>144.2</ele><time>2025-09-19T15:48:10Z</time></trkpt>
      <trkpt lat="48.684685" lon="1.926721"><ele>144.8</ele><time>2025-09-19T15:48:11Z</time></trkpt>
      <trkpt lat="48.684556" lon="1.926953"><ele>144.8</ele><time>2025-09-19T15:48:12Z</time></trkpt>
      <trkpt lat="48.684432" lon="1.927196"><ele>144.8</ele><time>2025-09-19T15:48:13Z</time></trkpt>
      <trkpt lat="48.684305" lon="1.927449"><ele>144.9</ele><time>2025-09-19T15:48:14Z</time></trkpt>
      <trkpt lat="48.684173" lon="1.927708"><ele>145.6</ele><time>2025-09-19T15:48:15Z</time></trkpt>
      <trkpt lat="48.684037" lon="1.927986"><ele>145.4</ele><time>2025-09-19T15:48:16Z</time></trkpt>
      <trkpt lat="48.683872" lon="1.928285"><ele>145.3</ele><time>2025-09-19T15:48:17Z</time></trkpt>
      <trkpt lat="48.683682" lon="1.928590"><ele>146.1</ele><time>2025-09-19T15:48:18Z</time></trkpt>
      <trkpt lat="48.683504" lon="1.928882"><ele>146.1</ele><time>2025-09-19T15:48:19Z</time></trkpt>
      <trkpt lat="48.683315" lon="1.929127"><ele>147.2</ele><time>2025-09-19T15:48:20Z</time></trkpt>
      <trkpt lat="48.683151" lon="1.929342"><ele>149.0</ele><time>2025-09-19T15:48:21Z</time></trkpt>
      <trkpt lat="48.682990" lon="1.929549"><ele>149.0</ele><time>2025-09-19T15:48:22Z</time></trkpt>
      <trkpt lat="48.682835" lon="1.929766"><ele>149.5</ele><time>2025-09-19T15:48:23Z</time></trkpt>
      <trkpt lat="48.682684" lon="1.929949"><ele>147.4</ele><time>2025-09-19T15:48:24Z</time></trkpt>
      <trkpt lat="48.682566" lon="1.930123"><ele>147.9</ele><time>2025-09-19T15:48:25Z</time></trkpt>
      <trkpt lat="48.682390" lon="1.930279"><ele>143.3</ele><time>2025-09-19T15:48:26Z</time></trkpt>
      <trkpt lat="48.682335" lon="1.930403"><ele>143.6</ele><time>2025-09-19T15:48:27Z</time></trkpt>
      <trkpt lat="48.682255" lon="1.930536"><ele>143.0</ele><time>2025-09-19T15:48:28Z</time></trkpt>
      <trkpt lat="48.682179" lon="1.930665"><ele>143.2</ele><time>2025-09-19T15:48:29Z</time></trkpt>
      <trkpt lat="48.682265" lon="1.930925"><ele>143.9</ele><time>2025-09-19T15:48:30Z</time></trkpt>
      <trkpt lat="48.682252" lon="1.931142"><ele>144.8</ele><time>2025-09-19T15:48:31Z</time></trkpt>
      <trkpt lat="48.682243" lon="1.931343"><ele>147.0</ele><time>2025-09-19T15:48:32Z</time></trkpt>
      <trkpt lat="48.682242" lon="1.931525"><ele>147.3</ele><time>2025-09-19T15:48:33Z</time></trkpt>
      <trkpt lat="48.682226" lon="1.931701"><ele>147.9</ele><time>2025-09-19T15:48:34Z</time></trkpt>
      <trkpt lat="48.682192" lon="1.931860"><ele>148.5</ele><time>2025-09-19T15:48:35Z</time></trkpt>
      <trkpt lat="48.682111" lon="1.931996"><ele>148.4</ele><time>2025-09-19T15:48:36Z</time></trkpt>
      <trkpt lat="48.682011" lon="1.932152"><ele>150.5</ele><time>2025-09-19T15:48:37Z</time></trkpt>
      <trkpt lat="48.681958" lon="1.932318"><ele>153.8</ele><time>2025-09-19T15:48:38Z</time></trkpt>
      <trkpt lat="48.681916" lon="1.932512"><ele>153.6</ele><time>2025-09-19T15:48:39Z</time></trkpt>
      <trkpt lat="48.681872" lon="1.932735"><ele>150.8</ele><time>2025-09-19T15:48:40Z</time></trkpt>
      <trkpt lat="48.681828" lon="1.932942"><ele>149.0</ele><time>2025-09-19T15:48:41Z</time></trkpt>
      <trkpt lat="48.681781" lon="1.933131"><ele>149.1</ele><time>2025-09-19T15:48:42Z</time></trkpt>
      <trkpt lat="48.681753" lon="1.933296"><ele>154.1</ele><time>2025-09-19T15:48:43Z</time></trkpt>
      <trkpt lat="48.681682" lon="1.933438"><ele>155.7</ele><time>2025-09-19T15:48:44Z</time></trkpt>
      <trkpt lat="48.681578" lon="1.933587"><ele>154.9</ele><time>2025-09-19T15:48:45Z</time></trkpt>
      <trkpt lat="48.681505" lon="1.933764"><ele>154.9</ele><time>2025-09-19T15:48:46Z</time></trkpt>
      <trkpt lat="48.681444" lon="1.933994"><ele>154.4</ele><time>2025-09-19T15:48:47Z</time></trkpt>
      <trkpt lat="48.681390" lon="1.934233"><ele>154.4</ele><time>2025-09-19T15:48:48Z</time></trkpt>
      <trkpt lat="48.681330" lon="1.934489"><ele>153.3</ele><time>2025-09-19T15:48:49Z</time></trkpt>
      <trkpt lat="48.681279" lon="1.934748"><ele>152.7</ele><time>2025-09-19T15:48:50Z</time></trkpt>
      <trkpt lat="48.681244" lon="1.935006"><ele>150.9</ele><time>2025-09-19T15:48:51Z</time></trkpt>
      <trkpt lat="48.681232" lon="1.935272"><ele>151.1</ele><time>2025-09-19T15:48:52Z</time></trkpt>
      <trkpt lat="48.681250" lon="1.935566"><ele>152.8</ele><time>2025-09-19T15:48:53Z</time></trkpt>
      <trkpt lat="48.681295" lon="1.935865"><ele>154.2</ele><time>2025-09-19T15:48:54Z</time></trkpt>
      <trkpt lat="48.681337" lon="1.936171"><ele>154.0</ele><time>2025-09-19T15:48:55Z</time></trkpt>
      <trkpt lat="48.681379" lon="1.936501"><ele>153.0</ele><time>2025-09-19T15:48:56Z</time></trkpt>
      <trkpt lat="48.681435" lon="1.936854"><ele>152.9</ele><time>2025-09-19T15:48:57Z</time></trkpt>
      <trkpt lat="48.681499" lon="1.937223"><ele>152.4</ele><time>2025-09-19T15:48:58Z</time></trkpt>
      <trkpt lat="48.681579" lon="1.937570"><ele>152.3</ele><time>2025-09-19T15:48:59Z</time></trkpt>
      <trkpt lat="48.681646" lon="1.937895"><ele>151.9</ele><time>2025-09-19T15:49:00Z</time></trkpt>
      <trkpt lat="48.681714" lon="1.938206"><ele>152.2</ele><time>2025-09-19T15:49:01Z</time></trkpt>
      <trkpt lat="48.681769" lon="1.938521"><ele>151.5</ele><time>2025-09-19T15:49:02Z</time></trkpt>
      <trkpt lat="48.681771" lon="1.938883"><ele>150.8</ele><time>2025-09-19T15:49:03Z</time></trkpt>
      <trkpt lat="48.681779" lon="1.939265"><ele>149.3</ele><time>2025-09-19T15:49:04Z</time></trkpt>
      <trkpt lat="48.681792" lon="1.939656"><ele>148.4</ele><time>2025-09-19T15:49:05Z</time></trkpt>
      <trkpt lat="48.681800" lon="1.940031"><ele>147.5</ele><time>2025-09-19T15:49:06Z</time></trkpt>
      <trkpt lat="48.681808" lon="1.940384"><ele>147.0</ele><time>2025-09-19T15:49:07Z</time></trkpt>
      <trkpt lat="48.681809" lon="1.940720"><ele>146.4</ele><time>2025-09-19T15:49:08Z</time></trkpt>
      <trkpt lat="48.681782" lon="1.941031"><ele>147.4</ele><time>2025-09-19T15:49:09Z</time></trkpt>
      <trkpt lat="48.681711" lon="1.941338"><ele>146.0</ele><time>2025-09-19T15:49:10Z</time></trkpt>
      <trkpt lat="48.681651" lon="1.941644"><ele>145.8</ele><time>2025-09-19T15:49:11Z</time></trkpt>
      <trkpt lat="48.681529" lon="1.941949"><ele>144.4</ele><time>2025-09-19T15:49:12Z</time></trkpt>
      <trkpt lat="48.681434" lon="1.942267"><ele>144.6</ele><time>2025-09-19T15:49:13Z</time></trkpt>
      <trkpt lat="48.681322" lon="1.942579"><ele>144.9</ele><time>2025-09-19T15:49:14Z</time></trkpt>
      <trkpt lat="48.681146" lon="1.942867"><ele>146.6</ele><time>2025-09-19T15:49:15Z</time></trkpt>
      <trkpt lat="48.680994" lon="1.943171"><ele>145.8</ele><time>2025-09-19T15:49:16Z</time></trkpt>
      <trkpt lat="48.680829" lon="1.943478"><ele>144.8</ele><time>2025-09-19T15:49:17Z</time></trkpt>
      <trkpt lat="48.680611" lon="1.943779"><ele>144.1</ele><time>2025-09-19T15:49:18Z</time></trkpt>
      <trkpt lat="48.680424" lon="1.944095"><ele>143.7</ele><time>2025-09-19T15:49:19Z</time></trkpt>
      <trkpt lat="48.680240" lon="1.944415"><ele>143.7</ele><time>2025-09-19T15:49:20Z</time></trkpt>
      <trkpt lat="48.680066" lon="1.944705"><ele>143.4</ele><time>2025-09-19T15:49:21Z</time></trkpt>
      <trkpt lat="48.679853" lon="1.944983"><ele>142.4</ele><time>2025-09-19T15:49:22Z</time></trkpt>
      <trkpt lat="48.679647" lon="1.945246"><ele>142.8</ele><time>2025-09-19T15:49:23Z</time></trkpt>
      <trkpt lat="48.679447" lon="1.945473"><ele>143.1</ele><time>2025-09-19T15:49:24Z</time></trkpt>
      <trkpt lat="48.679247" lon="1.945738"><ele>142.8</ele><time>2025-09-19T15:49:25Z</time></trkpt>
      <trkpt lat="48.679098" lon="1.945994"><ele>141.4</ele><time>2025-09-19T15:49:26Z</time></trkpt>
      <trkpt lat="48.678955" lon="1.946260"><ele>140.7</ele><time>2025-09-19T15:49:27Z</time></trkpt>
      <trkpt lat="48.678829" lon="1.946535"><ele>140.5</ele><time>2025-09-19T15:49:28Z</time></trkpt>
      <trkpt lat="48.678697" lon="1.946817"><ele>140.1</ele><time>2025-09-19T15:49:29Z</time></trkpt>
      <trkpt lat="48.678587" lon="1.947102"><ele>139.6</ele><time>2025-09-19T15:49:30Z</time></trkpt>
      <trkpt lat="48.678493" lon="1.947378"><ele>139.9</ele><time>2025-09-19T15:49:31Z</time></trkpt>
      <trkpt lat="48.678400" lon="1.947652"><ele>138.9</ele><time>2025-09-19T15:49:32Z</time></trkpt>
      <trkpt lat="48.678315" lon="1.947912"><ele>138.7</ele><time>2025-09-19T15:49:33Z</time></trkpt>
      <trkpt lat="48.678238" lon="1.948158"><ele>137.5</ele><time>2025-09-19T15:49:34Z</time></trkpt>
      <trkpt lat="48.678162" lon="1.948394"><ele>137.4</ele><time>2025-09-19T15:49:35Z</time></trkpt>
      <trkpt lat="48.678086" lon="1.948609"><ele>137.4</ele><time>2025-09-19T15:49:36Z</time></trkpt>
      <trkpt lat="48.678003" lon="1.948805"><ele>138.4</ele><time>2025-09-19T15:49:37Z</time></trkpt>
      <trkpt lat="48.677900" lon="1.948974"><ele>137.9</ele><time>2025-09-19T15:49:38Z</time></trkpt>
      <trkpt lat="48.677799" lon="1.949146"><ele>137.2</ele><time>2025-09-19T15:49:39Z</time></trkpt>
      <trkpt lat="48.677720" lon="1.949310"><ele>136.2</ele><time>2025-09-19T15:49:40Z</time></trkpt>
      <trkpt lat="48.677606" lon="1.949561"><ele>132.2</ele><time>2025-09-19T15:49:41Z</time></trkpt>
      <trkpt lat="48.677527" lon="1.949857"><ele>134.6</ele><time>2025-09-19T15:49:42Z</time></trkpt>
      <trkpt lat="48.677441" lon="1.950150"><ele>134.0</ele><time>2025-09-19T15:49:43Z</time></trkpt>
      <trkpt lat="48.677365" lon="1.950433"><ele>133.3</ele><time>2025-09-19T15:49:44Z</time></trkpt>
      <trkpt lat="48.677301" lon="1.950685"><ele>133.0</ele><time>2025-09-19T15:49:45Z</time></trkpt>
      <trkpt lat="48.677241" lon="1.950923"><ele>132.8</ele><time>2025-09-19T15:49:46Z</time></trkpt>
      <trkpt lat="48.677187" lon="1.951141"><ele>132.0</ele><time>2025-09-19T15:49:47Z</time></trkpt>
      <trkpt lat="48.677138" lon="1.951350"><ele>131.6</ele><time>2025-09-19T15:49:48Z</time></trkpt>
      <trkpt lat="48.677132" lon="1.951536"><ele>132.4</ele><time>2025-09-19T15:49:49Z</time></trkpt>
      <trkpt lat="48.677121" lon="1.951702"><ele>132.2</ele><time>2025-09-19T15:49:50Z</time></trkpt>
      <trkpt lat="48.677101" lon="1.951864"><ele>131.6</ele><time>2025-09-19T15:49:51Z</time></trkpt>
      <trkpt lat="48.677084" lon="1.952025"><ele>134.0</ele><time>2025-09-19T15:49:52Z</time></trkpt>
      <trkpt lat="48.677040" lon="1.952189"><ele>133.6</ele><time>2025-09-19T15:49:53Z</time></trkpt>
      <trkpt lat="48.676995" lon="1.952354"><ele>133.2</ele><time>2025-09-19T15:49:54Z</time></trkpt>
      <trkpt lat="48.676950" lon="1.952520"><ele>133.6</ele><time>2025-09-19T15:49:55Z</time></trkpt>
      <trkpt lat="48.676889" lon="1.952681"><ele>134.0</ele><time>2025-09-19T15:49:56Z</time></trkpt>
      <trkpt lat="48.676820" lon="1.952843"><ele>133.7</ele><time>2025-09-19T15:49:57Z</time></trkpt>
      <trkpt lat="48.676750" lon="1.953006"><ele>133.3</ele><time>2025-09-19T15:49:58Z</time></trkpt>
      <trkpt lat="48.676682" lon="1.953177"><ele>133.0</ele><time>2025-09-19T15:49:59Z</time></trkpt>
      <trkpt lat="48.676619" lon="1.953347"><ele>132.9</ele><time>2025-09-19T15:50:00Z</time></trkpt>
      <trkpt lat="48.676571" lon="1.953492"><ele>133.1</ele><time>2025-09-19T15:50:01Z</time></trkpt>
      <trkpt lat="48.676563" lon="1.953653"><ele>132.7</ele><time>2025-09-19T15:50:02Z</time></trkpt>
      <trkpt lat="48.676543" lon="1.953819"><ele>133.0</ele><time>2025-09-19T15:50:03Z</time></trkpt>
      <trkpt lat="48.676523" lon="1.953984"><ele>132.9</ele><time>2025-09-19T15:50:04Z</time></trkpt>
      <trkpt lat="48.676507" lon="1.954145"><ele>132.9</ele><time>2025-09-19T15:50:05Z</time></trkpt>
      <trkpt lat="48.676488" lon="1.954302"><ele>133.9</ele><time>2025-09-19T15:50:06Z</time></trkpt>
      <trkpt lat="48.676459" lon="1.954454"><ele>133.4</ele><time>2025-09-19T15:50:07Z</time></trkpt>
      <trkpt lat="48.676444" lon="1.954617"><ele>136.1</ele><time>2025-09-19T15:50:08Z</time></trkpt>
      <trkpt lat="48.676404" lon="1.954754"><ele>137.7</ele><time>2025-09-19T15:50:09Z</time></trkpt>
      <trkpt lat="48.676369" lon="1.954886"><ele>140.0</ele><time>2025-09-19T15:50:10Z</time></trkpt>
      <trkpt lat="48.676324" lon="1.955017"><ele>140.2</ele><time>2025-09-19T15:50:11Z</time></trkpt>
      <trkpt lat="48.676238" lon="1.955115"><ele>142.0</ele><time>2025-09-19T15:50:12Z</time></trkpt>
      <trkpt lat="48.676131" lon="1.955214"><ele>142.1</ele><time>2025-09-19T15:50:13Z</time></trkpt>
      <trkpt lat="48.676062" lon="1.955294"><ele>145.2</ele><time>2025-09-19T15:50:14Z</time></trkpt>
      <trkpt lat="48.675972" lon="1.955388"><ele>145.4</ele><time>2025-09-19T15:50:15Z</time></trkpt>
      <trkpt lat="48.675893" lon="1.955477"><ele>145.8</ele><time>2025-09-19T15:50:16Z</time></trkpt>
      <trkpt lat="48.675820" lon="1.955548"><ele>146.7</ele><time>2025-09-19T15:50:17Z</time></trkpt>
      <trkpt lat="48.675725" lon="1.955616"><ele>147.8</ele><time>2025-09-19T15:50:18Z</time></trkpt>
      <trkpt lat="48.675624" lon="1.955689"><ele>147.5</ele><time>2025-09-19T15:50:19Z</time></trkpt>
      <trkpt lat="48.675474" lon="1.955723"><ele>148.7</ele><time>2025-09-19T15:50:20Z</time></trkpt>
      <trkpt lat="48.675354" lon="1.955745"><ele>146.9</ele><time>2025-09-19T15:50:21Z</time></trkpt>
      <trkpt lat="48.675228" lon="1.955757"><ele>144.9</ele><time>2025-09-19T15:50:22Z</time></trkpt>
      <trkpt lat="48.675119" lon="1.955767"><ele>144.4</ele><time>2025-09-19T15:50:23Z</time></trkpt>
      <trkpt lat="48.674996" lon="1.955786"><ele>145.0</ele><time>2025-09-19T15:50:24Z</time></trkpt>
      <trkpt lat="48.674871" lon="1.955813"><ele>142.1</ele><time>2025-09-19T15:50:25Z</time></trkpt>
      <trkpt lat="48.674789" lon="1.955836"><ele>142.5</ele><time>2025-09-19T15:50:26Z</time></trkpt>
      <trkpt lat="48.674730" lon="1.955865"><ele>143.6</ele><time>2025-09-19T15:50:27Z</time></trkpt>
      <trkpt lat="48.674630" lon="1.955932"><ele>141.9</ele><time>2025-09-19T15:50:28Z</time></trkpt>
      <trkpt lat="48.674536" lon="1.955992"><ele>140.6</ele><time>2025-09-19T15:50:29Z</time></trkpt>
      <trkpt lat="48.674462" lon="1.956071"><ele>141.6</ele><time>2025-09-19T15:50:30Z</time></trkpt>
      <trkpt lat="48.674380" lon="1.956153"><ele>143.7</ele><time>2025-09-19T15:50:31Z</time></trkpt>
      <trkpt lat="48.674285" lon="1.956258"><ele>143.4</ele><time>2025-09-19T15:50:32Z</time></trkpt>
      <trkpt lat="48.674274" lon="1.956367"><ele>142.4</ele><time>2025-09-19T15:50:33Z</time></trkpt>
      <trkpt lat="48.674266" lon="1.956496"><ele>145.4</ele><time>2025-09-19T15:50:34Z</time></trkpt>
      <trkpt lat="48.674292" lon="1.956667"><ele>146.9</ele><time>2025-09-19T15:50:35Z</time></trkpt>
      <trkpt lat="48.674327" lon="1.956824"><ele>149.7</ele><time>2025-09-19T15:50:36Z</time></trkpt>
      <trkpt lat="48.674360" lon="1.956981"><ele>152.0</ele><time>2025-09-19T15:50:37Z</time></trkpt>
      <trkpt lat="48.674393" lon="1.957143"><ele>152.5</ele><time>2025-09-19T15:50:38Z</time></trkpt>
      <trkpt lat="48.674418" lon="1.957295"><ele>153.8</ele><time>2025-09-19T15:50:39Z</time></trkpt>
      <trkpt lat="48.674442" lon="1.957448"><ele>155.0</ele><time>2025-09-19T15:50:40Z</time></trkpt>
      <trkpt lat="48.674466" lon="1.957601"><ele>155.7</ele><time>2025-09-19T15:50:41Z</time></trkpt>
      <trkpt lat="48.674495" lon="1.957759"><ele>156.6</ele><time>2025-09-19T15:50:42Z</time></trkpt>
      <trkpt lat="48.674514" lon="1.957928"><ele>158.0</ele><time>2025-09-19T15:50:43Z</time></trkpt>
      <trkpt lat="48.674535" lon="1.958091"><ele>159.2</ele><time>2025-09-19T15:50:44Z</time></trkpt>
      <trkpt lat="48.674565" lon="1.958257"><ele>160.4</ele><time>2025-09-19T15:50:45Z</time></trkpt>
      <trkpt lat="48.674541" lon="1.958411"><ele>161.9</ele><time>2025-09-19T15:50:46Z</time></trkpt>
      <trkpt lat="48.674532" lon="1.958575"><ele>162.6</ele><time>2025-09-19T15:50:47Z</time></trkpt>
      <trkpt lat="48.674525" lon="1.958750"><ele>163.0</ele><time>2025-09-19T15:50:48Z</time></trkpt>
      <trkpt lat="48.674525" lon="1.958940"><ele>162.6</ele><time>2025-09-19T15:50:49Z</time></trkpt>
      <trkpt lat="48.674509" lon="1.959126"><ele>162.2</ele><time>2025-09-19T15:50:50Z</time></trkpt>
      <trkpt lat="48.674486" lon="1.959313"><ele>160.7</ele><time>2025-09-19T15:50:51Z</time></trkpt>
      <trkpt lat="48.674466" lon="1.959494"><ele>160.9</ele><time>2025-09-19T15:50:52Z</time></trkpt>
      <trkpt lat="48.674440" lon="1.959675"><ele>160.9</ele><time>2025-09-19T15:50:53Z</time></trkpt>
      <trkpt lat="48.674413" lon="1.959870"><ele>161.4</ele><time>2025-09-19T15:50:54Z</time></trkpt>
      <trkpt lat="48.674371" lon="1.960075"><ele>161.2</ele><time>2025-09-19T15:50:55Z</time></trkpt>
      <trkpt lat="48.674338" lon="1.960265"><ele>161.1</ele><time>2025-09-19T15:50:56Z</time></trkpt>
      <trkpt lat="48.674302" lon="1.960434"><ele>161.0</ele><time>2025-09-19T15:50:57Z</time></trkpt>
      <trkpt lat="48.674280" lon="1.960592"><ele>161.1</ele><time>2025-09-19T15:50:58Z</time></trkpt>
      <trkpt lat="48.674263" lon="1.960739"><ele>161.7</ele><time>2025-09-19T15:50:59Z</time></trkpt>
      <trkpt lat="48.674286" lon="1.960886"><ele>162.4</ele><time>2025-09-19T15:51:00Z</time></trkpt>
      <trkpt lat="48.674303" lon="1.961001"><ele>164.4</ele><time>2025-09-19T15:51:01Z</time></trkpt>
      <trkpt lat="48.674303" lon="1.961097"><ele>165.8</ele><time>2025-09-19T15:51:02Z</time></trkpt>
      <trkpt lat="48.674296" lon="1.961183"><ele>165.6</ele><time>2025-09-19T15:51:03Z</time></trkpt>
      <trkpt lat="48.674290" lon="1.961254"><ele>165.5</ele><time>2025-09-19T15:51:04Z</time></trkpt>
      <trkpt lat="48.674287" lon="1.961322"><ele>165.3</ele><time>2025-09-19T15:51:05Z</time></trkpt>
      <trkpt lat="48.674282" lon="1.961378"><ele>165.2</ele><time>2025-09-19T15:51:06Z</time></trkpt>
      <trkpt lat="48.674280" lon="1.961419"><ele>164.6</ele><time>2025-09-19T15:51:07Z</time></trkpt>
      <trkpt lat="48.674279" lon="1.961444"><ele>164.5</ele><time>2025-09-19T15:51:08Z</time></trkpt>
      <trkpt lat="48.674275" lon="1.961454"><ele>163.2</ele><time>2025-09-19T15:51:09Z</time></trkpt>
      <trkpt lat="48.674216" lon="1.961488"><ele>154.0</ele><time>2025-09-19T15:51:15Z</time></trkpt>
      <trkpt lat="48.674224" lon="1.961522"><ele>154.2</ele><time>2025-09-19T15:51:16Z</time></trkpt>
      <trkpt lat="48.674257" lon="1.961574"><ele>154.2</ele><time>2025-09-19T15:51:17Z</time></trkpt>
      <trkpt lat="48.674295" lon="1.961623"><ele>152.4</ele><time>2025-09-19T15:51:18Z</time></trkpt>
      <trkpt lat="48.674351" lon="1.961665"><ele>150.8</ele><time>2025-09-19T15:51:19Z</time></trkpt>
      <trkpt lat="48.674412" lon="1.961709"><ele>148.3</ele><time>2025-09-19T15:51:20Z</time></trkpt>
      <trkpt lat="48.674487" lon="1.961758"><ele>147.0</ele><time>2025-09-19T15:51:21Z</time></trkpt>
      <trkpt lat="48.674569" lon="1.961809"><ele>146.2</ele><time>2025-09-19T15:51:22Z</time></trkpt>
      <trkpt lat="48.674655" lon="1.961857"><ele>145.8</ele><time>2025-09-19T15:51:23Z</time></trkpt>
      <trkpt lat="48.674754" lon="1.961923"><ele>144.7</ele><time>2025-09-19T15:51:24Z</time></trkpt>
      <trkpt lat="48.674851" lon="1.961977"><ele>144.8</ele><time>2025-09-19T15:51:25Z</time></trkpt>
      <trkpt lat="48.674938" lon="1.962029"><ele>145.0</ele><time>2025-09-19T15:51:26Z</time></trkpt>
      <trkpt lat="48.675025" lon="1.962093"><ele>145.0</ele><time>2025-09-19T15:51:27Z</time></trkpt>
      <trkpt lat="48.675106" lon="1.962152"><ele>145.4</ele><time>2025-09-19T15:51:28Z</time></trkpt>
      <trkpt lat="48.675214" lon="1.962252"><ele>145.0</ele><time>2025-09-19T15:51:29Z</time></trkpt>
      <trkpt lat="48.675326" lon="1.962384"><ele>144.6</ele><time>2025-09-19T15:51:30Z</time></trkpt>
      <trkpt lat="48.675424" lon="1.962522"><ele>144.5</ele><time>2025-09-19T15:51:31Z</time></trkpt>
      <trkpt lat="48.675525" lon="1.962766"><ele>144.5</ele><time>2025-09-19T15:51:32Z</time></trkpt>
      <trkpt lat="48.675567" lon="1.963042"><ele>145.4</ele><time>2025-09-19T15:51:33Z</time></trkpt>
      <trkpt lat="48.675659" lon="1.963276"><ele>146.3</ele><time>2025-09-19T15:51:34Z</time></trkpt>
      <trkpt lat="48.675745" lon="1.963504"><ele>146.6</ele><time>2025-09-19T15:51:35Z</time></trkpt>
      <trkpt lat="48.675843" lon="1.963720"><ele>146.6</ele><time>2025-09-19T15:51:36Z</time></trkpt>
      <trkpt lat="48.675964" lon="1.963903"><ele>146.4</ele><time>2025-09-19T15:51:37Z</time></trkpt>
      <trkpt lat="48.676102" lon="1.964083"><ele>145.9</ele><time>2025-09-19T15:51:38Z</time></trkpt>
      <trkpt lat="48.676253" lon="1.964229"><ele>145.5</ele><time>2025-09-19T15:51:39Z</time></trkpt>
      <trkpt lat="48.676414" lon="1.964341"><ele>144.4</ele><time>2025-09-19T15:51:40Z</time></trkpt>
      <trkpt lat="48.676570" lon="1.964435"><ele>144.2</ele><time>2025-09-19T15:51:41Z</time></trkpt>
      <trkpt lat="48.676718" lon="1.964503"><ele>143.5</ele><time>2025-09-19T15:51:42Z</time></trkpt>
      <trkpt lat="48.676870" lon="1.964543"><ele>143.7</ele><time>2025-09-19T15:51:43Z</time></trkpt>
      <trkpt lat="48.677005" lon="1.964583"><ele>143.1</ele><time>2025-09-19T15:51:44Z</time></trkpt>
      <trkpt lat="48.677129" lon="1.964646"><ele>141.6</ele><time>2025-09-19T15:51:45Z</time></trkpt>
      <trkpt lat="48.677258" lon="1.964723"><ele>140.8</ele><time>2025-09-19T15:51:46Z</time></trkpt>
      <trkpt lat="48.677389" lon="1.964807"><ele>140.2</ele><time>2025-09-19T15:51:47Z</time></trkpt>
      <trkpt lat="48.677521" lon="1.964921"><ele>140.5</ele><time>2025-09-19T15:51:48Z</time></trkpt>
      <trkpt lat="48.677649" lon="1.965024"><ele>140.6</ele><time>2025-09-19T15:51:49Z</time></trkpt>
      <trkpt lat="48.677780" lon="1.965133"><ele>140.0</ele><time>2025-09-19T15:51:50Z</time></trkpt>
      <trkpt lat="48.677913" lon="1.965237"><ele>139.8</ele><time>2025-09-19T15:51:51Z</time></trkpt>
      <trkpt lat="48.678039" lon="1.965348"><ele>139.3</ele><time>2025-09-19T15:51:52Z</time></trkpt>
      <trkpt lat="48.678157" lon="1.965455"><ele>138.8</ele><time>2025-09-19T15:51:53Z</time></trkpt>
      <trkpt lat="48.678283" lon="1.965550"><ele>138.0</ele><time>2025-09-19T15:51:54Z</time></trkpt>
      <trkpt lat="48.678405" lon="1.965645"><ele>137.8</ele><time>2025-09-19T15:51:55Z</time></trkpt>
      <trkpt lat="48.678497" lon="1.965731"><ele>137.2</ele><time>2025-09-19T15:51:56Z</time></trkpt>
      <trkpt lat="48.678570" lon="1.965813"><ele>136.0</ele><time>2025-09-19T15:51:57Z</time></trkpt>
      <trkpt lat="48.678667" lon="1.965869"><ele>136.1</ele><time>2025-09-19T15:51:58Z</time></trkpt>
      <trkpt lat="48.678781" lon="1.965908"><ele>134.9</ele><time>2025-09-19T15:51:59Z</time></trkpt>
      <trkpt lat="48.678883" lon="1.965940"><ele>134.2</ele><time>2025-09-19T15:52:00Z</time></trkpt>
      <trkpt lat="48.678982" lon="1.965977"><ele>133.9</ele><time>2025-09-19T15:52:01Z</time></trkpt>
      <trkpt lat="48.679074" lon="1.966009"><ele>133.4</ele><time>2025-09-19T15:52:02Z</time></trkpt>
      <trkpt lat="48.679157" lon="1.966028"><ele>133.3</ele><time>2025-09-19T15:52:03Z</time></trkpt>
      <trkpt lat="48.679233" lon="1.966045"><ele>133.4</ele><time>2025-09-19T15:52:04Z</time></trkpt>
      <trkpt lat="48.679301" lon="1.966038"><ele>134.3</ele><time>2025-09-19T15:52:05Z</time></trkpt>
      <trkpt lat="48.679370" lon="1.966050"><ele>134.9</ele><time>2025-09-19T15:52:06Z</time></trkpt>
      <trkpt lat="48.679442" lon="1.966048"><ele>135.1</ele><time>2025-09-19T15:52:07Z</time></trkpt>
      <trkpt lat="48.679520" lon="1.966058"><ele>134.3</ele><time>2025-09-19T15:52:08Z</time></trkpt>
      <trkpt lat="48.679587" lon="1.966068"><ele>133.5</ele><time>2025-09-19T15:52:09Z</time></trkpt>
      <trkpt lat="48.679648" lon="1.966082"><ele>132.7</ele><time>2025-09-19T15:52:10Z</time></trkpt>
      <trkpt lat="48.679710" lon="1.966092"><ele>131.8</ele><time>2025-09-19T15:52:11Z</time></trkpt>
      <trkpt lat="48.679762" lon="1.966096"><ele>132.3</ele><time>2025-09-19T15:52:12Z</time></trkpt>
      <trkpt lat="48.679812" lon="1.966098"><ele>132.7</ele><time>2025-09-19T15:52:13Z</time></trkpt>
      <trkpt lat="48.679866" lon="1.966099"><ele>132.9</ele><time>2025-09-19T15:52:14Z</time></trkpt>
      <trkpt lat="48.679913" lon="1.966113"><ele>133.8</ele><time>2025-09-19T15:52:15Z</time></trkpt>
      <trkpt lat="48.679961" lon="1.966109"><ele>135.0</ele><time>2025-09-19T15:52:16Z</time></trkpt>
      <trkpt lat="48.680006" lon="1.966098"><ele>135.7</ele><time>2025-09-19T15:52:17Z</time></trkpt>
      <trkpt lat="48.680037" lon="1.966085"><ele>136.8</ele><time>2025-09-19T15:52:18Z</time></trkpt>
      <trkpt lat="48.680067" lon="1.966057"><ele>136.8</ele><time>2025-09-19T15:52:19Z</time></trkpt>
      <trkpt lat="48.680096" lon="1.966013"><ele>138.0</ele><time>2025-09-19T15:52:20Z</time></trkpt>
      <trkpt lat="48.680141" lon="1.965963"><ele>137.1</ele><time>2025-09-19T15:52:21Z</time></trkpt>
      <trkpt lat="48.680189" lon="1.965898"><ele>136.9</ele><time>2025-09-19T15:52:22Z</time></trkpt>
      <trkpt lat="48.680236" lon="1.965828"><ele>136.8</ele><time>2025-09-19T15:52:23Z</time></trkpt>
      <trkpt lat="48.680278" lon="1.965735"><ele>136.3</ele><time>2025-09-19T15:52:24Z</time></trkpt>
      <trkpt lat="48.680323" lon="1.965630"><ele>136.3</ele><time>2025-09-19T15:52:25Z</time></trkpt>
      <trkpt lat="48.680364" lon="1.965515"><ele>135.8</ele><time>2025-09-19T15:52:26Z</time></trkpt>
      <trkpt lat="48.680406" lon="1.965398"><ele>134.2</ele><time>2025-09-19T15:52:27Z</time></trkpt>
      <trkpt lat="48.680458" lon="1.965294"><ele>133.3</ele><time>2025-09-19T15:52:28Z</time></trkpt>
      <trkpt lat="48.680517" lon="1.965205"><ele>131.9</ele><time>2025-09-19T15:52:29Z</time></trkpt>
      <trkpt lat="48.680638" lon="1.965151"><ele>135.5</ele><time>2025-09-19T15:52:30Z</time></trkpt>
      <trkpt lat="48.680750" lon="1.965119"><ele>134.9</ele><time>2025-09-19T15:52:31Z</time></trkpt>
      <trkpt lat="48.680852" lon="1.965120"><ele>135.9</ele><time>2025-09-19T15:52:32Z</time></trkpt>
      <trkpt lat="48.680995" lon="1.965125"><ele>136.8</ele><time>2025-09-19T15:52:33Z</time></trkpt>
      <trkpt lat="48.681151" lon="1.965137"><ele>137.4</ele><time>2025-09-19T15:52:34Z</time></trkpt>
      <trkpt lat="48.681309" lon="1.965113"><ele>138.2</ele><time>2025-09-19T15:52:35Z</time></trkpt>
      <trkpt lat="48.681455" lon="1.965132"><ele>139.9</ele><time>2025-09-19T15:52:36Z</time></trkpt>
      <trkpt lat="48.681594" lon="1.965174"><ele>140.4</ele><time>2025-09-19T15:52:37Z</time></trkpt>
      <trkpt lat="48.681749" lon="1.965246"><ele>140.3</ele><time>2025-09-19T15:52:38Z</time></trkpt>
      <trkpt lat="48.681902" lon="1.965370"><ele>140.4</ele><time>2025-09-19T15:52:39Z</time></trkpt>
      <trkpt lat="48.682033" lon="1.965486"><ele>140.5</ele><time>2025-09-19T15:52:40Z</time></trkpt>
      <trkpt lat="48.682183" lon="1.965546"><ele>140.7</ele><time>2025-09-19T15:52:41Z</time></trkpt>
      <trkpt lat="48.682327" lon="1.965601"><ele>141.2</ele><time>2025-09-19T15:52:42Z</time></trkpt>
      <trkpt lat="48.682426" lon="1.965715"><ele>140.8</ele><time>2025-09-19T15:52:43Z</time></trkpt>
      <trkpt lat="48.682483" lon="1.965852"><ele>140.3</ele><time>2025-09-19T15:52:44Z</time></trkpt>
      <trkpt lat="48.682525" lon="1.966117"><ele>143.1</ele><time>2025-09-19T15:52:45Z</time></trkpt>
      <trkpt lat="48.682558" lon="1.966375"><ele>143.5</ele><time>2025-09-19T15:52:46Z</time></trkpt>
      <trkpt lat="48.682601" lon="1.966626"><ele>141.9</ele><time>2025-09-19T15:52:47Z</time></trkpt>
      <trkpt lat="48.682659" lon="1.966890"><ele>139.4</ele><time>2025-09-19T15:52:48Z</time></trkpt>
      <trkpt lat="48.682713" lon="1.967173"><ele>139.3</ele><time>2025-09-19T15:52:49Z</time></trkpt>
      <trkpt lat="48.682778" lon="1.967427"><ele>138.8</ele><time>2025-09-19T15:52:50Z</time></trkpt>
      <trkpt lat="48.682853" lon="1.967669"><ele>138.8</ele><time>2025-09-19T15:52:51Z</time></trkpt>
      <trkpt lat="48.682921" lon="1.967892"><ele>138.3</ele><time>2025-09-19T15:52:52Z</time></trkpt>
      <trkpt lat="48.682985" lon="1.968096"><ele>137.9</ele><time>2025-09-19T15:52:53Z</time></trkpt>
      <trkpt lat="48.683061" lon="1.968275"><ele>137.3</ele><time>2025-09-19T15:52:54Z</time></trkpt>
      <trkpt lat="48.683135" lon="1.968440"><ele>136.7</ele><time>2025-09-19T15:52:55Z</time></trkpt>
      <trkpt lat="48.683209" lon="1.968599"><ele>136.1</ele><time>2025-09-19T15:52:56Z</time></trkpt>
      <trkpt lat="48.683282" lon="1.968758"><ele>135.7</ele><time>2025-09-19T15:52:57Z</time></trkpt>
      <trkpt lat="48.683349" lon="1.968920"><ele>134.9</ele><time>2025-09-19T15:52:58Z</time></trkpt>
      <trkpt lat="48.683415" lon="1.969084"><ele>134.1</ele><time>2025-09-19T15:52:59Z</time></trkpt>
      <trkpt lat="48.683482" lon="1.969248"><ele>133.3</ele><time>2025-09-19T15:53:00Z</time></trkpt>
      <trkpt lat="48.683549" lon="1.969411"><ele>132.5</ele><time>2025-09-19T15:53:01Z</time></trkpt>
      <trkpt lat="48.683619" lon="1.969570"><ele>131.4</ele><time>2025-09-19T15:53:02Z</time></trkpt>
      <trkpt lat="48.683692" lon="1.969718"><ele>130.0</ele><time>2025-09-19T15:53:03Z</time></trkpt>
      <trkpt lat="48.683777" lon="1.969852"><ele>128.5</ele><time>2025-09-19T15:53:04Z</time></trkpt>
      <trkpt lat="48.683875" lon="1.969966"><ele>127.0</ele><time>2025-09-19T15:53:05Z</time></trkpt>
      <trkpt lat="48.683990" lon="1.970056"><ele>127.6</ele><time>2025-09-19T15:53:06Z</time></trkpt>
      <trkpt lat="48.684108" lon="1.970130"><ele>127.4</ele><time>2025-09-19T15:53:07Z</time></trkpt>
      <trkpt lat="48.684234" lon="1.970182"><ele>127.0</ele><time>2025-09-19T15:53:08Z</time></trkpt>
      <trkpt lat="48.684360" lon="1.970233"><ele>126.5</ele><time>2025-09-19T15:53:09Z</time></trkpt>
      <trkpt lat="48.684485" lon="1.970285"><ele>126.2</ele><time>2025-09-19T15:53:10Z</time></trkpt>
      <trkpt lat="48.684608" lon="1.970335"><ele>126.1</ele><time>2025-09-19T15:53:11Z</time></trkpt>
      <trkpt lat="48.684729" lon="1.970383"><ele>125.8</ele><time>2025-09-19T15:53:12Z</time></trkpt>
      <trkpt lat="48.684849" lon="1.970428"><ele>125.4</ele><time>2025-09-19T15:53:13Z</time></trkpt>
      <trkpt lat="48.684968" lon="1.970474"><ele>125.2</ele><time>2025-09-19T15:53:14Z</time></trkpt>
      <trkpt lat="48.685090" lon="1.970521"><ele>124.9</ele><time>2025-09-19T15:53:15Z</time></trkpt>
      <trkpt lat="48.685215" lon="1.970569"><ele>124.6</ele><time>2025-09-19T15:53:16Z</time></trkpt>
      <trkpt lat="48.685343" lon="1.970616"><ele>124.3</ele><time>2025-09-19T15:53:17Z</time></trkpt>
      <trkpt lat="48.685466" lon="1.970660"><ele>124.1</ele><time>2025-09-19T15:53:18Z</time></trkpt>
      <trkpt lat="48.685582" lon="1.970705"><ele>123.7</ele><time>2025-09-19T15:53:19Z</time></trkpt>
      <trkpt lat="48.685693" lon="1.970748"><ele>123.3</ele><time>2025-09-19T15:53:20Z</time></trkpt>
      <trkpt lat="48.685801" lon="1.970792"><ele>122.9</ele><time>2025-09-19T15:53:21Z</time></trkpt>
      <trkpt lat="48.685910" lon="1.970836"><ele>122.5</ele><time>2025-09-19T15:53:22Z</time></trkpt>
      <trkpt lat="48.686017" lon="1.970878"><ele>122.4</ele><time>2025-09-19T15:53:23Z</time></trkpt>
      <trkpt lat="48.686127" lon="1.970920"><ele>122.1</ele><time>2025-09-19T15:53:24Z</time></trkpt>
      <trkpt lat="48.686237" lon="1.970959"><ele>122.0</ele><time>2025-09-19T15:53:25Z</time></trkpt>
      <trkpt lat="48.686348" lon="1.971001"><ele>121.8</ele><time>2025-09-19T15:53:26Z</time></trkpt>
      <trkpt lat="48.686453" lon="1.971043"><ele>121.5</ele><time>2025-09-19T15:53:27Z</time></trkpt>
      <trkpt lat="48.686552" lon="1.971086"><ele>121.3</ele><time>2025-09-19T15:53:28Z</time></trkpt>
      <trkpt lat="48.686649" lon="1.971131"><ele>121.4</ele><time>2025-09-19T15:53:29Z</time></trkpt>
      <trkpt lat="48.686744" lon="1.971188"><ele>121.5</ele><time>2025-09-19T15:53:30Z</time></trkpt>
      <trkpt lat="48.686838" lon="1.971257"><ele>121.6</ele><time>2025-09-19T15:53:31Z</time></trkpt>
      <trkpt lat="48.686926" lon="1.971341"><ele>121.7</ele><time>2025-09-19T15:53:32Z</time></trkpt>
      <trkpt lat="48.686999" lon="1.971417"><ele>122.0</ele><time>2025-09-19T15:53:33Z</time></trkpt>
      <trkpt lat="48.687070" lon="1.971495"><ele>122.4</ele><time>2025-09-19T15:53:34Z</time></trkpt>
      <trkpt lat="48.687147" lon="1.971575"><ele>122.6</ele><time>2025-09-19T15:53:35Z</time></trkpt>
      <trkpt lat="48.687212" lon="1.971645"><ele>122.7</ele><time>2025-09-19T15:53:36Z</time></trkpt>
      <trkpt lat="48.687271" lon="1.971708"><ele>122.7</ele><time>2025-09-19T15:53:37Z</time></trkpt>
      <trkpt lat="48.687327" lon="1.971769"><ele>122.8</ele><time>2025-09-19T15:53:38Z</time></trkpt>
      <trkpt lat="48.687380" lon="1.971825"><ele>123.0</ele><time>2025-09-19T15:53:39Z</time></trkpt>
      <trkpt lat="48.687430" lon="1.971882"><ele>123.1</ele><time>2025-09-19T15:53:40Z</time></trkpt>
      <trkpt lat="48.687477" lon="1.971936"><ele>123.4</ele><time>2025-09-19T15:53:41Z</time></trkpt>
      <trkpt lat="48.687523" lon="1.971990"><ele>123.8</ele><time>2025-09-19T15:53:42Z</time></trkpt>
      <trkpt lat="48.687566" lon="1.972045"><ele>124.0</ele><time>2025-09-19T15:53:43Z</time></trkpt>
      <trkpt lat="48.687610" lon="1.972101"><ele>124.0</ele><time>2025-09-19T15:53:44Z</time></trkpt>
      <trkpt lat="48.687659" lon="1.972162"><ele>124.6</ele><time>2025-09-19T15:53:45Z</time></trkpt>
      <trkpt lat="48.687714" lon="1.972220"><ele>124.8</ele><time>2025-09-19T15:53:46Z</time></trkpt>
      <trkpt lat="48.687778" lon="1.972275"><ele>124.3</ele><time>2025-09-19T15:53:47Z</time></trkpt>
      <trkpt lat="48.687848" lon="1.972323"><ele>124.1</ele><time>2025-09-19T15:53:48Z</time></trkpt>
      <trkpt lat="48.687922" lon="1.972364"><ele>124.2</ele><time>2025-09-19T15:53:49Z</time></trkpt>
      <trkpt lat="48.687999" lon="1.972404"><ele>124.4</ele><time>2025-09-19T15:53:50Z</time></trkpt>
      <trkpt lat="48.688081" lon="1.972447"><ele>124.9</ele><time>2025-09-19T15:53:51Z</time></trkpt>
      <trkpt lat="48.688162" lon="1.972492"><ele>124.9</ele><time>2025-09-19T15:53:52Z</time></trkpt>
      <trkpt lat="48.688243" lon="1.972544"><ele>125.0</ele><time>2025-09-19T15:53:53Z</time></trkpt>
      <trkpt lat="48.688322" lon="1.972595"><ele>125.1</ele><time>2025-09-19T15:53:54Z</time></trkpt>
      <trkpt lat="48.688394" lon="1.972652"><ele>125.1</ele><time>2025-09-19T15:53:55Z</time></trkpt>
      <trkpt lat="48.688464" lon="1.972709"><ele>125.1</ele><time>2025-09-19T15:53:56Z</time></trkpt>
      <trkpt lat="48.688536" lon="1.972767"><ele>125.0</ele><time>2025-09-19T15:53:57Z</time></trkpt>
      <trkpt lat="48.688606" lon="1.972822"><ele>124.9</ele><time>2025-09-19T15:53:58Z</time></trkpt>
      <trkpt lat="48.688673" lon="1.972876"><ele>124.7</ele><time>2025-09-19T15:53:59Z</time></trkpt>
      <trkpt lat="48.688734" lon="1.972926"><ele>124.4</ele><time>2025-09-19T15:54:00Z</time></trkpt>
      <trkpt lat="48.688789" lon="1.972968"><ele>124.1</ele><time>2025-09-19T15:54:01Z</time></trkpt>
      <trkpt lat="48.688841" lon="1.973011"><ele>123.5</ele><time>2025-09-19T15:54:02Z</time></trkpt>
      <trkpt lat="48.688893" lon="1.973053"><ele>123.3</ele><time>2025-09-19T15:54:03Z</time></trkpt>
      <trkpt lat="48.688947" lon="1.973096"><ele>122.9</ele><time>2025-09-19T15:54:04Z</time></trkpt>
      <trkpt lat="48.688998" lon="1.973136"><ele>123.0</ele><time>2025-09-19T15:54:05Z</time></trkpt>
      <trkpt lat="48.689045" lon="1.973171"><ele>122.8</ele><time>2025-09-19T15:54:06Z</time></trkpt>
      <trkpt lat="48.689087" lon="1.973203"><ele>122.6</ele><time>2025-09-19T15:54:07Z</time></trkpt>
      <trkpt lat="48.689127" lon="1.973236"><ele>122.4</ele><time>2025-09-19T15:54:08Z</time></trkpt>
      <trkpt lat="48.689167" lon="1.973265"><ele>122.6</ele><time>2025-09-19T15:54:09Z</time></trkpt>
      <trkpt lat="48.689211" lon="1.973297"><ele>122.7</ele><time>2025-09-19T15:54:10Z</time></trkpt>
      <trkpt lat="48.689267" lon="1.973339"><ele>122.3</ele><time>2025-09-19T15:54:11Z</time></trkpt>
      <trkpt lat="48.689334" lon="1.973389"><ele>121.8</ele><time>2025-09-19T15:54:12Z</time></trkpt>
      <trkpt lat="48.689406" lon="1.973444"><ele>121.5</ele><time>2025-09-19T15:54:13Z</time></trkpt>
      <trkpt lat="48.689480" lon="1.973500"><ele>121.3</ele><time>2025-09-19T15:54:14Z</time></trkpt>
      <trkpt lat="48.689556" lon="1.973559"><ele>121.0</ele><time>2025-09-19T15:54:15Z</time></trkpt>
      <trkpt lat="48.689633" lon="1.973619"><ele>120.6</ele><time>2025-09-19T15:54:16Z</time></trkpt>
      <trkpt lat="48.689712" lon="1.973679"><ele>120.1</ele><time>2025-09-19T15:54:17Z</time></trkpt>
      <trkpt lat="48.689791" lon="1.973740"><ele>120.0</ele><time>2025-09-19T15:54:18Z</time></trkpt>
      <trkpt lat="48.689871" lon="1.973802"><ele>119.6</ele><time>2025-09-19T15:54:19Z</time></trkpt>
      <trkpt lat="48.689961" lon="1.973871"><ele>119.2</ele><time>2025-09-19T15:54:20Z</time></trkpt>
      <trkpt lat="48.690052" lon="1.973939"><ele>119.1</ele><time>2025-09-19T15:54:21Z</time></trkpt>
      <trkpt lat="48.690139" lon="1.974007"><ele>118.4</ele><time>2025-09-19T15:54:22Z</time></trkpt>
      <trkpt lat="48.690221" lon="1.974073"><ele>117.6</ele><time>2025-09-19T15:54:23Z</time></trkpt>
      <trkpt lat="48.690299" lon="1.974137"><ele>117.3</ele><time>2025-09-19T15:54:24Z</time></trkpt>
      <trkpt lat="48.690373" lon="1.974203"><ele>116.9</ele><time>2025-09-19T15:54:25Z</time></trkpt>
      <trkpt lat="48.690449" lon="1.974272"><ele>116.5</ele><time>2025-09-19T15:54:26Z</time></trkpt>
      <trkpt lat="48.690528" lon="1.974338"><ele>116.2</ele><time>2025-09-19T15:54:27Z</time></trkpt>
      <trkpt lat="48.690613" lon="1.974398"><ele>116.3</ele><time>2025-09-19T15:54:28Z</time></trkpt>
      <trkpt lat="48.690705" lon="1.974447"><ele>115.9</ele><time>2025-09-19T15:54:29Z</time></trkpt>
      <trkpt lat="48.690804" lon="1.974487"><ele>116.0</ele><time>2025-09-19T15:54:30Z</time></trkpt>
      <trkpt lat="48.690913" lon="1.974520"><ele>115.6</ele><time>2025-09-19T15:54:31Z</time></trkpt>
      <trkpt lat="48.691019" lon="1.974560"><ele>115.7</ele><time>2025-09-19T15:54:32Z</time></trkpt>
      <trkpt lat="48.691118" lon="1.974611"><ele>115.9</ele><time>2025-09-19T15:54:33Z</time></trkpt>
      <trkpt lat="48.691217" lon="1.974662"><ele>116.2</ele><time>2025-09-19T15:54:34Z</time></trkpt>
      <trkpt lat="48.691319" lon="1.974713"><ele>116.5</ele><time>2025-09-19T15:54:35Z</time></trkpt>
      <trkpt lat="48.691429" lon="1.974775"><ele>116.3</ele><time>2025-09-19T15:54:36Z</time></trkpt>
      <trkpt lat="48.691547" lon="1.974847"><ele>115.8</ele><time>2025-09-19T15:54:37Z</time></trkpt>
      <trkpt lat="48.691669" lon="1.974918"><ele>115.4</ele><time>2025-09-19T15:54:38Z</time></trkpt>
      <trkpt lat="48.691800" lon="1.974993"><ele>115.3</ele><time>2025-09-19T15:54:39Z</time></trkpt>
      <trkpt lat="48.691942" lon="1.975072"><ele>115.4</ele><time>2025-09-19T15:54:40Z</time></trkpt>
      <trkpt lat="48.692103" lon="1.975155"><ele>115.0</ele><time>2025-09-19T15:54:41Z</time></trkpt>
      <trkpt lat="48.692284" lon="1.975244"><ele>114.8</ele><time>2025-09-19T15:54:42Z</time></trkpt>
      <trkpt lat="48.692479" lon="1.975354"><ele>114.7</ele><time>2025-09-19T15:54:43Z</time></trkpt>
      <trkpt lat="48.692681" lon="1.975478"><ele>114.2</ele><time>2025-09-19T15:54:44Z</time></trkpt>
      <trkpt lat="48.692890" lon="1.975613"><ele>113.9</ele><time>2025-09-19T15:54:45Z</time></trkpt>
      <trkpt lat="48.693103" lon="1.975745"><ele>113.6</ele><time>2025-09-19T15:54:46Z</time></trkpt>
      <trkpt lat="48.693316" lon="1.975870"><ele>113.5</ele><time>2025-09-19T15:54:47Z</time></trkpt>
      <trkpt lat="48.693530" lon="1.975992"><ele>113.4</ele><time>2025-09-19T15:54:48Z</time></trkpt>
      <trkpt lat="48.693741" lon="1.976115"><ele>113.5</ele><time>2025-09-19T15:54:49Z</time></trkpt>
      <trkpt lat="48.693949" lon="1.976239"><ele>113.6</ele><time>2025-09-19T15:54:50Z</time></trkpt>
      <trkpt lat="48.694154" lon="1.976368"><ele>114.1</ele><time>2025-09-19T15:54:51Z</time></trkpt>
      <trkpt lat="48.694358" lon="1.976498"><ele>114.2</ele><time>2025-09-19T15:54:52Z</time></trkpt>
      <trkpt lat="48.694558" lon="1.976626"><ele>114.3</ele><time>2025-09-19T15:54:53Z</time></trkpt>
      <trkpt lat="48.694755" lon="1.976759"><ele>114.3</ele><time>2025-09-19T15:54:54Z</time></trkpt>
      <trkpt lat="48.694947" lon="1.976887"><ele>114.4</ele><time>2025-09-19T15:54:55Z</time></trkpt>
      <trkpt lat="48.695135" lon="1.977016"><ele>114.2</ele><time>2025-09-19T15:54:56Z</time></trkpt>
      <trkpt lat="48.695319" lon="1.977137"><ele>114.3</ele><time>2025-09-19T15:54:57Z</time></trkpt>
      <trkpt lat="48.695498" lon="1.977256"><ele>114.3</ele><time>2025-09-19T15:54:58Z</time></trkpt>
      <trkpt lat="48.695674" lon="1.977373"><ele>114.4</ele><time>2025-09-19T15:54:59Z</time></trkpt>
      <trkpt lat="48.695849" lon="1.977491"><ele>114.3</ele><time>2025-09-19T15:55:00Z</time></trkpt>
      <trkpt lat="48.696016" lon="1.977606"><ele>114.2</ele><time>2025-09-19T15:55:01Z</time></trkpt>
      <trkpt lat="48.696178" lon="1.977714"><ele>113.9</ele><time>2025-09-19T15:55:02Z</time></trkpt>
      <trkpt lat="48.696339" lon="1.977820"><ele>113.5</ele><time>2025-09-19T15:55:03Z</time></trkpt>
      <trkpt lat="48.696497" lon="1.977927"><ele>113.1</ele><time>2025-09-19T15:55:04Z</time></trkpt>
      <trkpt lat="48.696650" lon="1.978032"><ele>112.7</ele><time>2025-09-19T15:55:05Z</time></trkpt>
      <trkpt lat="48.696799" lon="1.978135"><ele>112.2</ele><time>2025-09-19T15:55:06Z</time></trkpt>
      <trkpt lat="48.696945" lon="1.978237"><ele>111.8</ele><time>2025-09-19T15:55:07Z</time></trkpt>
      <trkpt lat="48.697089" lon="1.978338"><ele>111.3</ele><time>2025-09-19T15:55:08Z</time></trkpt>
      <trkpt lat="48.697227" lon="1.978441"><ele>110.8</ele><time>2025-09-19T15:55:09Z</time></trkpt>
      <trkpt lat="48.697366" lon="1.978540"><ele>110.3</ele><time>2025-09-19T15:55:10Z</time></trkpt>
      <trkpt lat="48.697517" lon="1.978644"><ele>109.9</ele><time>2025-09-19T15:55:11Z</time></trkpt>
      <trkpt lat="48.697669" lon="1.978746"><ele>109.3</ele><time>2025-09-19T15:55:12Z</time></trkpt>
      <trkpt lat="48.697814" lon="1.978844"><ele>108.9</ele><time>2025-09-19T15:55:13Z</time></trkpt>
      <trkpt lat="48.697954" lon="1.978935"><ele>108.5</ele><time>2025-09-19T15:55:14Z</time></trkpt>
      <trkpt lat="48.698095" lon="1.979022"><ele>107.9</ele><time>2025-09-19T15:55:15Z</time></trkpt>
      <trkpt lat="48.698232" lon="1.979104"><ele>107.3</ele><time>2025-09-19T15:55:16Z</time></trkpt>
      <trkpt lat="48.698365" lon="1.979186"><ele>106.8</ele><time>2025-09-19T15:55:17Z</time></trkpt>
      <trkpt lat="48.698496" lon="1.979271"><ele>106.3</ele><time>2025-09-19T15:55:18Z</time></trkpt>
      <trkpt lat="48.698629" lon="1.979355"><ele>105.7</ele><time>2025-09-19T15:55:19Z</time></trkpt>
      <trkpt lat="48.698762" lon="1.979442"><ele>105.0</ele><time>2025-09-19T15:55:20Z</time></trkpt>
      <trkpt lat="48.698889" lon="1.979530"><ele>104.5</ele><time>2025-09-19T15:55:21Z</time></trkpt>
      <trkpt lat="48.699010" lon="1.979616"><ele>103.9</ele><time>2025-09-19T15:55:22Z</time></trkpt>
      <trkpt lat="48.699117" lon="1.979690"><ele>103.5</ele><time>2025-09-19T15:55:23Z</time></trkpt>
      <trkpt lat="48.699207" lon="1.979755"><ele>103.2</ele><time>2025-09-19T15:55:24Z</time></trkpt>
      <trkpt lat="48.699287" lon="1.979814"><ele>103.1</ele><time>2025-09-19T15:55:25Z</time></trkpt>
      <trkpt lat="48.699371" lon="1.979872"><ele>102.7</ele><time>2025-09-19T15:55:26Z</time></trkpt>
      <trkpt lat="48.699458" lon="1.979931"><ele>102.7</ele><time>2025-09-19T15:55:27Z</time></trkpt>
      <trkpt lat="48.699554" lon="1.979996"><ele>102.0</ele><time>2025-09-19T15:55:28Z</time></trkpt>
      <trkpt lat="48.699658" lon="1.980065"><ele>101.6</ele><time>2025-09-19T15:55:29Z</time></trkpt>
      <trkpt lat="48.699768" lon="1.980135"><ele>101.3</ele><time>2025-09-19T15:55:30Z</time></trkpt>
      <trkpt lat="48.699882" lon="1.980203"><ele>101.0</ele><time>2025-09-19T15:55:31Z</time></trkpt>
      <trkpt lat="48.699992" lon="1.980271"><ele>100.8</ele><time>2025-09-19T15:55:32Z</time></trkpt>
      <trkpt lat="48.700096" lon="1.980338"><ele>100.4</ele><time>2025-09-19T15:55:33Z</time></trkpt>
      <trkpt lat="48.700197" lon="1.980403"><ele>100.1</ele><time>2025-09-19T15:55:34Z</time></trkpt>
      <trkpt lat="48.700306" lon="1.980473"><ele>99.3</ele><time>2025-09-19T15:55:35Z</time></trkpt>
      <trkpt lat="48.700421" lon="1.980543"><ele>98.9</ele><time>2025-09-19T15:55:36Z</time></trkpt>
      <trkpt lat="48.700534" lon="1.980619"><ele>98.8</ele><time>2025-09-19T15:55:37Z</time></trkpt>
      <trkpt lat="48.700646" lon="1.980692"><ele>98.8</ele><time>2025-09-19T15:55:38Z</time></trkpt>
      <trkpt lat="48.700755" lon="1.980766"><ele>98.5</ele><time>2025-09-19T15:55:39Z</time></trkpt>
      <trkpt lat="48.700849" lon="1.980830"><ele>97.9</ele><time>2025-09-19T15:55:40Z</time></trkpt>
      <trkpt lat="48.700925" lon="1.980880"><ele>97.5</ele><time>2025-09-19T15:55:41Z</time></trkpt>
      <trkpt lat="48.700998" lon="1.980924"><ele>97.2</ele><time>2025-09-19T15:55:42Z</time></trkpt>
      <trkpt lat="48.701075" lon="1.980975"><ele>96.8</ele><time>2025-09-19T15:55:43Z</time></trkpt>
      <trkpt lat="48.701168" lon="1.981036"><ele>96.9</ele><time>2025-09-19T15:55:44Z</time></trkpt>
      <trkpt lat="48.701274" lon="1.981111"><ele>97.1</ele><time>2025-09-19T15:55:45Z</time></trkpt>
      <trkpt lat="48.701388" lon="1.981183"><ele>97.7</ele><time>2025-09-19T15:55:46Z</time></trkpt>
      <trkpt lat="48.701502" lon="1.981261"><ele>97.8</ele><time>2025-09-19T15:55:47Z</time></trkpt>
      <trkpt lat="48.701618" lon="1.981347"><ele>98.1</ele><time>2025-09-19T15:55:48Z</time></trkpt>
      <trkpt lat="48.701731" lon="1.981448"><ele>98.5</ele><time>2025-09-19T15:55:49Z</time></trkpt>
      <trkpt lat="48.701834" lon="1.981561"><ele>98.9</ele><time>2025-09-19T15:55:50Z</time></trkpt>
      <trkpt lat="48.701928" lon="1.981683"><ele>99.3</ele><time>2025-09-19T15:55:51Z</time></trkpt>
      <trkpt lat="48.702019" lon="1.981808"><ele>100.0</ele><time>2025-09-19T15:55:52Z</time></trkpt>
      <trkpt lat="48.702102" lon="1.981929"><ele>100.5</ele><time>2025-09-19T15:55:53Z</time></trkpt>
      <trkpt lat="48.702176" lon="1.982042"><ele>101.3</ele><time>2025-09-19T15:55:54Z</time></trkpt>
      <trkpt lat="48.702242" lon="1.982147"><ele>101.2</ele><time>2025-09-19T15:55:55Z</time></trkpt>
      <trkpt lat="48.702304" lon="1.982249"><ele>101.3</ele><time>2025-09-19T15:55:56Z</time></trkpt>
      <trkpt lat="48.702365" lon="1.982352"><ele>101.5</ele><time>2025-09-19T15:55:57Z</time></trkpt>
      <trkpt lat="48.702426" lon="1.982449"><ele>101.5</ele><time>2025-09-19T15:55:58Z</time></trkpt>
      <trkpt lat="48.702485" lon="1.982547"><ele>100.8</ele><time>2025-09-19T15:55:59Z</time></trkpt>
      <trkpt lat="48.702544" lon="1.982648"><ele>101.0</ele><time>2025-09-19T15:56:00Z</time></trkpt>
      <trkpt lat="48.702606" lon="1.982750"><ele>100.8</ele><time>2025-09-19T15:56:01Z</time></trkpt>
      <trkpt lat="48.702666" lon="1.982854"><ele>100.4</ele><time>2025-09-19T15:56:02Z</time></trkpt>
      <trkpt lat="48.702727" lon="1.982957"><ele>99.9</ele><time>2025-09-19T15:56:03Z</time></trkpt>
      <trkpt lat="48.702785" lon="1.983060"><ele>99.6</ele><time>2025-09-19T15:56:04Z</time></trkpt>
      <trkpt lat="48.702845" lon="1.983161"><ele>99.5</ele><time>2025-09-19T15:56:05Z</time></trkpt>
      <trkpt lat="48.702905" lon="1.983260"><ele>99.0</ele><time>2025-09-19T15:56:06Z</time></trkpt>
      <trkpt lat="48.702965" lon="1.983355"><ele>99.1</ele><time>2025-09-19T15:56:07Z</time></trkpt>
      <trkpt lat="48.703026" lon="1.983453"><ele>98.8</ele><time>2025-09-19T15:56:08Z</time></trkpt>
      <trkpt lat="48.703090" lon="1.983551"><ele>98.0</ele><time>2025-09-19T15:56:09Z</time></trkpt>
      <trkpt lat="48.703153" lon="1.983646"><ele>97.7</ele><time>2025-09-19T15:56:10Z</time></trkpt>
      <trkpt lat="48.703208" lon="1.983733"><ele>97.1</ele><time>2025-09-19T15:56:11Z</time></trkpt>
      <trkpt lat="48.703262" lon="1.983810"><ele>96.9</ele><time>2025-09-19T15:56:12Z</time></trkpt>
      <trkpt lat="48.703311" lon="1.983874"><ele>96.5</ele><time>2025-09-19T15:56:13Z</time></trkpt>
      <trkpt lat="48.703347" lon="1.983920"><ele>96.4</ele><time>2025-09-19T15:56:14Z</time></trkpt>
      <trkpt lat="48.703367" lon="1.983946"><ele>96.5</ele><time>2025-09-19T15:56:15Z</time></trkpt>
      <trkpt lat="48.703384" lon="1.983965"><ele>97.8</ele><time>2025-09-19T15:56:16Z</time></trkpt>
      <trkpt lat="48.703409" lon="1.983992"><ele>97.8</ele><time>2025-09-19T15:56:17Z</time></trkpt>
      <trkpt lat="48.703440" lon="1.984028"><ele>97.7</ele><time>2025-09-19T15:56:18Z</time></trkpt>
      <trkpt lat="48.703481" lon="1.984069"><ele>97.6</ele><time>2025-09-19T15:56:19Z</time></trkpt>
      <trkpt lat="48.703530" lon="1.984115"><ele>97.3</ele><time>2025-09-19T15:56:20Z</time></trkpt>
      <trkpt lat="48.703585" lon="1.984161"><ele>97.5</ele><time>2025-09-19T15:56:21Z</time></trkpt>
      <trkpt lat="48.703652" lon="1.984214"><ele>97.6</ele><time>2025-09-19T15:56:22Z</time></trkpt>
      <trkpt lat="48.703737" lon="1.984281"><ele>97.5</ele><time>2025-09-19T15:56:23Z</time></trkpt>
      <trkpt lat="48.703829" lon="1.984350"><ele>97.4</ele><time>2025-09-19T15:56:24Z</time></trkpt>
      <trkpt lat="48.703916" lon="1.984419"><ele>97.7</ele><time>2025-09-19T15:56:25Z</time></trkpt>
      <trkpt lat="48.703999" lon="1.984488"><ele>97.6</ele><time>2025-09-19T15:56:26Z</time></trkpt>
      <trkpt lat="48.704078" lon="1.984560"><ele>97.9</ele><time>2025-09-19T15:56:27Z</time></trkpt>
      <trkpt lat="48.704152" lon="1.984644"><ele>98.0</ele><time>2025-09-19T15:56:28Z</time></trkpt>
      <trkpt lat="48.704222" lon="1.984738"><ele>98.6</ele><time>2025-09-19T15:56:29Z</time></trkpt>
      <trkpt lat="48.704289" lon="1.984843"><ele>99.1</ele><time>2025-09-19T15:56:30Z</time></trkpt>
      <trkpt lat="48.704349" lon="1.984952"><ele>99.8</ele><time>2025-09-19T15:56:31Z</time></trkpt>
      <trkpt lat="48.704402" lon="1.985060"><ele>101.4</ele><time>2025-09-19T15:56:32Z</time></trkpt>
      <trkpt lat="48.704453" lon="1.985166"><ele>102.2</ele><time>2025-09-19T15:56:33Z</time></trkpt>
      <trkpt lat="48.704499" lon="1.985267"><ele>103.0</ele><time>2025-09-19T15:56:34Z</time></trkpt>
      <trkpt lat="48.704538" lon="1.985356"><ele>103.7</ele><time>2025-09-19T15:56:35Z</time></trkpt>
      <trkpt lat="48.704571" lon="1.985431"><ele>104.2</ele><time>2025-09-19T15:56:36Z</time></trkpt>
      <trkpt lat="48.704595" lon="1.985491"><ele>104.9</ele><time>2025-09-19T15:56:37Z</time></trkpt>
      <trkpt lat="48.704615" lon="1.985536"><ele>105.3</ele><time>2025-09-19T15:56:38Z</time></trkpt>
      <trkpt lat="48.704628" lon="1.985561"><ele>105.7</ele><time>2025-09-19T15:56:39Z</time></trkpt>
      <trkpt lat="48.704641" lon="1.985567"><ele>109.7</ele><time>2025-09-19T15:56:40Z</time></trkpt>
      <trkpt lat="48.704648" lon="1.985576"><ele>111.0</ele><time>2025-09-19T15:56:41Z</time></trkpt>
      <trkpt lat="48.704662" lon="1.985598"><ele>113.1</ele><time>2025-09-19T15:56:42Z</time></trkpt>
      <trkpt lat="48.704683" lon="1.985639"><ele>114.0</ele><time>2025-09-19T15:56:43Z</time></trkpt>
      <trkpt lat="48.704708" lon="1.985677"><ele>114.9</ele><time>2025-09-19T15:56:44Z</time></trkpt>
      <trkpt lat="48.704729" lon="1.985710"><ele>115.1</ele><time>2025-09-19T15:56:45Z</time></trkpt>
      <trkpt lat="48.704752" lon="1.985737"><ele>116.2</ele><time>2025-09-19T15:56:46Z</time></trkpt>
      <trkpt lat="48.704771" lon="1.985752"><ele>116.8</ele><time>2025-09-19T15:56:47Z</time></trkpt>
      <trkpt lat="48.704795" lon="1.985774"><ele>116.3</ele><time>2025-09-19T15:56:48Z</time></trkpt>
      <trkpt lat="48.704824" lon="1.985802"><ele>114.4</ele><time>2025-09-19T15:56:49Z</time></trkpt>
      <trkpt lat="48.704846" lon="1.985826"><ele>114.3</ele><time>2025-09-19T15:56:50Z</time></trkpt>
      <trkpt lat="48.704873" lon="1.985850"><ele>113.5</ele><time>2025-09-19T15:56:51Z</time></trkpt>
      <trkpt lat="48.704900" lon="1.985877"><ele>113.3</ele><time>2025-09-19T15:56:52Z</time></trkpt>
      <trkpt lat="48.704932" lon="1.985905"><ele>113.1</ele><time>2025-09-19T15:56:53Z</time></trkpt>
      <trkpt lat="48.704974" lon="1.985940"><ele>112.3</ele><time>2025-09-19T15:56:54Z</time></trkpt>
      <trkpt lat="48.705017" lon="1.985976"><ele>111.7</ele><time>2025-09-19T15:56:55Z</time></trkpt>
      <trkpt lat="48.705060" lon="1.986010"><ele>111.4</ele><time>2025-09-19T15:56:56Z</time></trkpt>
      <trkpt lat="48.705107" lon="1.986039"><ele>111.0</ele><time>2025-09-19T15:56:57Z</time></trkpt>
      <trkpt lat="48.705155" lon="1.986065"><ele>110.9</ele><time>2025-09-19T15:56:58Z</time></trkpt>
      <trkpt lat="48.705204" lon="1.986092"><ele>110.6</ele><time>2025-09-19T15:56:59Z</time></trkpt>
      <trkpt lat="48.705257" lon="1.986119"><ele>110.3</ele><time>2025-09-19T15:57:00Z</time></trkpt>
      <trkpt lat="48.705309" lon="1.986152"><ele>109.8</ele><time>2025-09-19T15:57:01Z</time></trkpt>
      <trkpt lat="48.705359" lon="1.986190"><ele>109.3</ele><time>2025-09-19T15:57:02Z</time></trkpt>
      <trkpt lat="48.705414" lon="1.986241"><ele>108.9</ele><time>2025-09-19T15:57:03Z</time></trkpt>
      <trkpt lat="48.705474" lon="1.986298"><ele>108.3</ele><time>2025-09-19T15:57:04Z</time></trkpt>
      <trkpt lat="48.705530" lon="1.986355"><ele>107.5</ele><time>2025-09-19T15:57:05Z</time></trkpt>
      <trkpt lat="48.705583" lon="1.986412"><ele>106.8</ele><time>2025-09-19T15:57:06Z</time></trkpt>
      <trkpt lat="48.705633" lon="1.986471"><ele>106.2</ele><time>2025-09-19T15:57:07Z</time></trkpt>
      <trkpt lat="48.705680" lon="1.986537"><ele>105.9</ele><time>2025-09-19T15:57:08Z</time></trkpt>
      <trkpt lat="48.705721" lon="1.986600"><ele>105.4</ele><time>2025-09-19T15:57:09Z</time></trkpt>
      <trkpt lat="48.705757" lon="1.986658"><ele>105.1</ele><time>2025-09-19T15:57:10Z</time></trkpt>
      <trkpt lat="48.705790" lon="1.986713"><ele>104.8</ele><time>2025-09-19T15:57:11Z</time></trkpt>
      <trkpt lat="48.705822" lon="1.986768"><ele>104.9</ele><time>2025-09-19T15:57:12Z</time></trkpt>
      <trkpt lat="48.705859" lon="1.986825"><ele>104.8</ele><time>2025-09-19T15:57:13Z</time></trkpt>
      <trkpt lat="48.705898" lon="1.986887"><ele>104.9</ele><time>2025-09-19T15:57:14Z</time></trkpt>
      <trkpt lat="48.705938" lon="1.986957"><ele>104.9</ele><time>2025-09-19T15:57:15Z</time></trkpt>
      <trkpt lat="48.705982" lon="1.987032"><ele>105.0</ele><time>2025-09-19T15:57:16Z</time></trkpt>
      <trkpt lat="48.706028" lon="1.987107"><ele>105.1</ele><time>2025-09-19T15:57:17Z</time></trkpt>
      <trkpt lat="48.706068" lon="1.987166"><ele>105.2</ele><time>2025-09-19T15:57:18Z</time></trkpt>
      <trkpt lat="48.706094" lon="1.987199"><ele>105.3</ele><time>2025-09-19T15:57:19Z</time></trkpt>
      <trkpt lat="48.706109" lon="1.987220"><ele>105.3</ele><time>2025-09-19T15:57:20Z</time></trkpt>
      <trkpt lat="48.706118" lon="1.987239"><ele>105.5</ele><time>2025-09-19T15:57:21Z</time></trkpt>
      <trkpt lat="48.706127" lon="1.987259"><ele>105.8</ele><time>2025-09-19T15:57:22Z</time></trkpt>
      <trkpt lat="48.706137" lon="1.987280"><ele>105.7</ele><time>2025-09-19T15:57:23Z</time></trkpt>
      <trkpt lat="48.706146" lon="1.987296"><ele>105.7</ele><time>2025-09-19T15:57:24Z</time></trkpt>
      <trkpt lat="48.706155" lon="1.987314"><ele>105.7</ele><time>2025-09-19T15:57:25Z</time></trkpt>
      <trkpt lat="48.706167" lon="1.987335"><ele>105.3</ele><time>2025-09-19T15:57:26Z</time></trkpt>
      <trkpt lat="48.706179" lon="1.987358"><ele>105.1</ele><time>2025-09-19T15:57:27Z</time></trkpt>
      <trkpt lat="48.706191" lon="1.987380"><ele>105.0</ele><time>2025-09-19T15:57:28Z</time></trkpt>
      <trkpt lat="48.706204" lon="1.987406"><ele>104.7</ele><time>2025-09-19T15:57:29Z</time></trkpt>
      <trkpt lat="48.706220" lon="1.987439"><ele>104.8</ele><time>2025-09-19T15:57:30Z</time></trkpt>
      <trkpt lat="48.706240" lon="1.987478"><ele>104.7</ele><time>2025-09-19T15:57:31Z</time></trkpt>
      <trkpt lat="48.706260" lon="1.987529"><ele>104.9</ele><time>2025-09-19T15:57:32Z</time></trkpt>
      <trkpt lat="48.706285" lon="1.987583"><ele>105.0</ele><time>2025-09-19T15:57:33Z</time></trkpt>
      <trkpt lat="48.706313" lon="1.987635"><ele>105.0</ele><time>2025-09-19T15:57:34Z</time></trkpt>
      <trkpt lat="48.706342" lon="1.987687"><ele>105.4</ele><time>2025-09-19T15:57:35Z</time></trkpt>
      <trkpt lat="48.706377" lon="1.987748"><ele>105.4</ele><time>2025-09-19T15:57:36Z</time></trkpt>
      <trkpt lat="48.706414" lon="1.987826"><ele>105.4</ele><time>2025-09-19T15:57:37Z</time></trkpt>
      <trkpt lat="48.706456" lon="1.987917"><ele>105.4</ele><time>2025-09-19T15:57:38Z</time></trkpt>
      <trkpt lat="48.706499" lon="1.988014"><ele>105.5</ele><time>2025-09-19T15:57:39Z</time></trkpt>
      <trkpt lat="48.706546" lon="1.988120"><ele>105.1</ele><time>2025-09-19T15:57:40Z</time></trkpt>
      <trkpt lat="48.706592" lon="1.988237"><ele>104.8</ele><time>2025-09-19T15:57:41Z</time></trkpt>
      <trkpt lat="48.706635" lon="1.988358"><ele>104.8</ele><time>2025-09-19T15:57:42Z</time></trkpt>
      <trkpt lat="48.706673" lon="1.988473"><ele>104.6</ele><time>2025-09-19T15:57:43Z</time></trkpt>
      <trkpt lat="48.706710" lon="1.988582"><ele>104.6</ele><time>2025-09-19T15:57:44Z</time></trkpt>
      <trkpt lat="48.706750" lon="1.988689"><ele>105.2</ele><time>2025-09-19T15:57:45Z</time></trkpt>
      <trkpt lat="48.706788" lon="1.988792"><ele>105.6</ele><time>2025-09-19T15:57:46Z</time></trkpt>
      <trkpt lat="48.706819" lon="1.988878"><ele>105.4</ele><time>2025-09-19T15:57:47Z</time></trkpt>
      <trkpt lat="48.706843" lon="1.988938"><ele>105.3</ele><time>2025-09-19T15:57:48Z</time></trkpt>
      <trkpt lat="48.706864" lon="1.988981"><ele>105.5</ele><time>2025-09-19T15:57:49Z</time></trkpt>
      <trkpt lat="48.706876" lon="1.989008"><ele>105.4</ele><time>2025-09-19T15:57:50Z</time></trkpt>
      <trkpt lat="48.706885" lon="1.989027"><ele>105.5</ele><time>2025-09-19T15:57:51Z</time></trkpt>
      <trkpt lat="48.706900" lon="1.989062"><ele>106.3</ele><time>2025-09-19T15:57:52Z</time></trkpt>
      <trkpt lat="48.706926" lon="1.989096"><ele>107.2</ele><time>2025-09-19T15:57:53Z</time></trkpt>
      <trkpt lat="48.706958" lon="1.989117"><ele>106.9</ele><time>2025-09-19T15:57:54Z</time></trkpt>
      <trkpt lat="48.707000" lon="1.989121"><ele>106.8</ele><time>2025-09-19T15:57:55Z</time></trkpt>
      <trkpt lat="48.707045" lon="1.989119"><ele>106.8</ele><time>2025-09-19T15:57:56Z</time></trkpt>
      <trkpt lat="48.707091" lon="1.989119"><ele>107.0</ele><time>2025-09-19T15:57:57Z</time></trkpt>
      <trkpt lat="48.707138" lon="1.989125"><ele>107.1</ele><time>2025-09-19T15:57:58Z</time></trkpt>
      <trkpt lat="48.707185" lon="1.989135"><ele>107.0</ele><time>2025-09-19T15:57:59Z</time></trkpt>
      <trkpt lat="48.707235" lon="1.989144"><ele>106.7</ele><time>2025-09-19T15:58:00Z</time></trkpt>
      <trkpt lat="48.707285" lon="1.989152"><ele>106.6</ele><time>2025-09-19T15:58:01Z</time></trkpt>
      <trkpt lat="48.707338" lon="1.989161"><ele>106.4</ele><time>2025-09-19T15:58:02Z</time></trkpt>
      <trkpt lat="48.707393" lon="1.989174"><ele>106.0</ele><time>2025-09-19T15:58:03Z</time></trkpt>
      <trkpt lat="48.707447" lon="1.989190"><ele>105.9</ele><time>2025-09-19T15:58:04Z</time></trkpt>
      <trkpt lat="48.707504" lon="1.989203"><ele>105.6</ele><time>2025-09-19T15:58:05Z</time></trkpt>
      <trkpt lat="48.707561" lon="1.989212"><ele>105.5</ele><time>2025-09-19T15:58:06Z</time></trkpt>
      <trkpt lat="48.707616" lon="1.989222"><ele>105.8</ele><time>2025-09-19T15:58:07Z</time></trkpt>
      <trkpt lat="48.707669" lon="1.989233"><ele>105.9</ele><time>2025-09-19T15:58:08Z</time></trkpt>
      <trkpt lat="48.707718" lon="1.989244"><ele>105.8</ele><time>2025-09-19T15:58:09Z</time></trkpt>
      <trkpt lat="48.707760" lon="1.989254"><ele>105.5</ele><time>2025-09-19T15:58:10Z</time></trkpt>
      <trkpt lat="48.707797" lon="1.989261"><ele>105.2</ele><time>2025-09-19T15:58:11Z</time></trkpt>
      <trkpt lat="48.707830" lon="1.989269"><ele>105.0</ele><time>2025-09-19T15:58:12Z</time></trkpt>
      <trkpt lat="48.707864" lon="1.989277"><ele>104.8</ele><time>2025-09-19T15:58:13Z</time></trkpt>
      <trkpt lat="48.707896" lon="1.989284"><ele>104.8</ele><time>2025-09-19T15:58:14Z</time></trkpt>
      <trkpt lat="48.707929" lon="1.989290"><ele>104.8</ele><time>2025-09-19T15:58:15Z</time></trkpt>
      <trkpt lat="48.707962" lon="1.989296"><ele>104.7</ele><time>2025-09-19T15:58:16Z</time></trkpt>
      <trkpt lat="48.707993" lon="1.989301"><ele>104.8</ele><time>2025-09-19T15:58:17Z</time></trkpt>
      <trkpt lat="48.708026" lon="1.989308"><ele>104.8</ele><time>2025-09-19T15:58:18Z</time></trkpt>
      <trkpt lat="48.708060" lon="1.989316"><ele>104.8</ele><time>2025-09-19T15:58:19Z</time></trkpt>
      <trkpt lat="48.708094" lon="1.989324"><ele>104.8</ele><time>2025-09-19T15:58:20Z</time></trkpt>
      <trkpt lat="48.708127" lon="1.989332"><ele>105.0</ele><time>2025-09-19T15:58:21Z</time></trkpt>
      <trkpt lat="48.708163" lon="1.989339"><ele>105.0</ele><time>2025-09-19T15:58:22Z</time></trkpt>
      <trkpt lat="48.708200" lon="1.989341"><ele>105.2</ele><time>2025-09-19T15:58:23Z</time></trkpt>
      <trkpt lat="48.708234" lon="1.989342"><ele>105.9</ele><time>2025-09-19T15:58:24Z</time></trkpt>
      <trkpt lat="48.708259" lon="1.989333"><ele>107.6</ele><time>2025-09-19T15:58:25Z</time></trkpt>
      <trkpt lat="48.708296" lon="1.989338"><ele>108.2</ele><time>2025-09-19T15:58:26Z</time></trkpt>
      <trkpt lat="48.708329" lon="1.989329"><ele>109.1</ele><time>2025-09-19T15:58:27Z</time></trkpt>
      <trkpt lat="48.708367" lon="1.989336"><ele>109.7</ele><time>2025-09-19T15:58:28Z</time></trkpt>
      <trkpt lat="48.708404" lon="1.989340"><ele>110.8</ele><time>2025-09-19T15:58:29Z</time></trkpt>
      <trkpt lat="48.708450" lon="1.989352"><ele>111.9</ele><time>2025-09-19T15:58:30Z</time></trkpt>
      <trkpt lat="48.708500" lon="1.989377"><ele>111.1</ele><time>2025-09-19T15:58:31Z</time></trkpt>
      <trkpt lat="48.708548" lon="1.989397"><ele>110.8</ele><time>2025-09-19T15:58:32Z</time></trkpt>
      <trkpt lat="48.708610" lon="1.989412"><ele>109.2</ele><time>2025-09-19T15:58:33Z</time></trkpt>
      <trkpt lat="48.708668" lon="1.989429"><ele>107.8</ele><time>2025-09-19T15:58:34Z</time></trkpt>
      <trkpt lat="48.708719" lon="1.989442"><ele>107.6</ele><time>2025-09-19T15:58:35Z</time></trkpt>
      <trkpt lat="48.708764" lon="1.989449"><ele>108.1</ele><time>2025-09-19T15:58:36Z</time></trkpt>
      <trkpt lat="48.708808" lon="1.989451"><ele>108.8</ele><time>2025-09-19T15:58:37Z</time></trkpt>
      <trkpt lat="48.708847" lon="1.989453"><ele>110.0</ele><time>2025-09-19T15:58:38Z</time></trkpt>
      <trkpt lat="48.708876" lon="1.989448"><ele>111.4</ele><time>2025-09-19T15:58:39Z</time></trkpt>
      <trkpt lat="48.708923" lon="1.989454"><ele>111.8</ele><time>2025-09-19T15:58:40Z</time></trkpt>
      <trkpt lat="48.708982" lon="1.989465"><ele>112.9</ele><time>2025-09-19T15:58:41Z</time></trkpt>
      <trkpt lat="48.709027" lon="1.989475"><ele>113.3</ele><time>2025-09-19T15:58:42Z</time></trkpt>
      <trkpt lat="48.709082" lon="1.989477"><ele>113.1</ele><time>2025-09-19T15:58:43Z</time></trkpt>
      <trkpt lat="48.709131" lon="1.989479"><ele>114.3</ele><time>2025-09-19T15:58:44Z</time></trkpt>
      <trkpt lat="48.709176" lon="1.989467"><ele>116.7</ele><time>2025-09-19T15:58:45Z</time></trkpt>
      <trkpt lat="48.709238" lon="1.989465"><ele>118.2</ele><time>2025-09-19T15:58:46Z</time></trkpt>
      <trkpt lat="48.709294" lon="1.989454"><ele>120.5</ele><time>2025-09-19T15:58:47Z</time></trkpt>
      <trkpt lat="48.709353" lon="1.989447"><ele>122.6</ele><time>2025-09-19T15:58:48Z</time></trkpt>
      <trkpt lat="48.709418" lon="1.989449"><ele>124.3</ele><time>2025-09-19T15:58:49Z</time></trkpt>
      <trkpt lat="48.709466" lon="1.989449"><ele>128.8</ele><time>2025-09-19T15:58:50Z</time></trkpt>
      <trkpt lat="48.709514" lon="1.989440"><ele>132.0</ele><time>2025-09-19T15:58:51Z</time></trkpt>
      <trkpt lat="48.709562" lon="1.989452"><ele>135.4</ele><time>2025-09-19T15:58:52Z</time></trkpt>
      <trkpt lat="48.709642" lon="1.989465"><ele>137.4</ele><time>2025-09-19T15:58:53Z</time></trkpt>
      <trkpt lat="48.709721" lon="1.989453"><ele>139.9</ele><time>2025-09-19T15:58:54Z</time></trkpt>
      <trkpt lat="48.709801" lon="1.989460"><ele>142.9</ele><time>2025-09-19T15:58:55Z</time></trkpt>
      <trkpt lat="48.709888" lon="1.989466"><ele>145.1</ele><time>2025-09-19T15:58:56Z</time></trkpt>
      <trkpt lat="48.709979" lon="1.989476"><ele>147.2</ele><time>2025-09-19T15:58:57Z</time></trkpt>
      <trkpt lat="48.710091" lon="1.989502"><ele>147.6</ele><time>2025-09-19T15:58:58Z</time></trkpt>
      <trkpt lat="48.710195" lon="1.989556"><ele>148.6</ele><time>2025-09-19T15:58:59Z</time></trkpt>
      <trkpt lat="48.710374" lon="1.989645"><ele>143.2</ele><time>2025-09-19T15:59:00Z</time></trkpt>
      <trkpt lat="48.710497" lon="1.989720"><ele>139.0</ele><time>2025-09-19T15:59:01Z</time></trkpt>
      <trkpt lat="48.710612" lon="1.989829"><ele>134.8</ele><time>2025-09-19T15:59:02Z</time></trkpt>
      <trkpt lat="48.710711" lon="1.989903"><ele>130.7</ele><time>2025-09-19T15:59:03Z</time></trkpt>
      <trkpt lat="48.710804" lon="1.989966"><ele>129.1</ele><time>2025-09-19T15:59:04Z</time></trkpt>
      <trkpt lat="48.710877" lon="1.990046"><ele>129.3</ele><time>2025-09-19T15:59:05Z</time></trkpt>
      <trkpt lat="48.710948" lon="1.990127"><ele>129.1</ele><time>2025-09-19T15:59:06Z</time></trkpt>
      <trkpt lat="48.711016" lon="1.990206"><ele>129.0</ele><time>2025-09-19T15:59:07Z</time></trkpt>
      <trkpt lat="48.711076" lon="1.990293"><ele>128.8</ele><time>2025-09-19T15:59:08Z</time></trkpt>
      <trkpt lat="48.711111" lon="1.990383"><ele>129.7</ele><time>2025-09-19T15:59:09Z</time></trkpt>
      <trkpt lat="48.711129" lon="1.990476"><ele>131.4</ele><time>2025-09-19T15:59:10Z</time></trkpt>
      <trkpt lat="48.711125" lon="1.990555"><ele>133.8</ele><time>2025-09-19T15:59:11Z</time></trkpt>
      <trkpt lat="48.711128" lon="1.990616"><ele>135.3</ele><time>2025-09-19T15:59:12Z</time></trkpt>
      <trkpt lat="48.711108" lon="1.990694"><ele>139.2</ele><time>2025-09-19T15:59:13Z</time></trkpt>
      <trkpt lat="48.711103" lon="1.990791"><ele>143.4</ele><time>2025-09-19T15:59:14Z</time></trkpt>
      <trkpt lat="48.711074" lon="1.990859"><ele>149.2</ele><time>2025-09-19T15:59:15Z</time></trkpt>
      <trkpt lat="48.711053" lon="1.990899"><ele>156.9</ele><time>2025-09-19T15:59:16Z</time></trkpt>
      <trkpt lat="48.711062" lon="1.990988"><ele>163.4</ele><time>2025-09-19T15:59:17Z</time></trkpt>
      <trkpt lat="48.711110" lon="1.991158"><ele>165.4</ele><time>2025-09-19T15:59:18Z</time></trkpt>
      <trkpt lat="48.711150" lon="1.991340"><ele>159.3</ele><time>2025-09-19T15:59:19Z</time></trkpt>
      <trkpt lat="48.711188" lon="1.991495"><ele>160.1</ele><time>2025-09-19T15:59:20Z</time></trkpt>
      <trkpt lat="48.711221" lon="1.991630"><ele>161.9</ele><time>2025-09-19T15:59:21Z</time></trkpt>
      <trkpt lat="48.711222" lon="1.991777"><ele>162.6</ele><time>2025-09-19T15:59:22Z</time></trkpt>
      <trkpt lat="48.711205" lon="1.991900"><ele>168.1</ele><time>2025-09-19T15:59:23Z</time></trkpt>
      <trkpt lat="48.711179" lon="1.992026"><ele>171.1</ele><time>2025-09-19T15:59:24Z</time></trkpt>
      <trkpt lat="48.711145" lon="1.992116"><ele>176.4</ele><time>2025-09-19T15:59:25Z</time></trkpt>
      <trkpt lat="48.711126" lon="1.992228"><ele>180.9</ele><time>2025-09-19T15:59:26Z</time></trkpt>
      <trkpt lat="48.711078" lon="1.992368"><ele>186.7</ele><time>2025-09-19T15:59:27Z</time></trkpt>
      <trkpt lat="48.711076" lon="1.992552"><ele>191.5</ele><time>2025-09-19T15:59:28Z</time></trkpt>
      <trkpt lat="48.711065" lon="1.992721"><ele>194.4</ele><time>2025-09-19T15:59:29Z</time></trkpt>
      <trkpt lat="48.711069" lon="1.992926"><ele>198.0</ele><time>2025-09-19T15:59:30Z</time></trkpt>
      <trkpt lat="48.711040" lon="1.993095"><ele>200.7</ele><time>2025-09-19T15:59:31Z</time></trkpt>
      <trkpt lat="48.710980" lon="1.993229"><ele>206.4</ele><time>2025-09-19T15:59:32Z</time></trkpt>
      <trkpt lat="48.710977" lon="1.993378"><ele>214.5</ele><time>2025-09-19T15:59:33Z</time></trkpt>
      <trkpt lat="48.710943" lon="1.993470"><ele>221.6</ele><time>2025-09-19T15:59:34Z</time></trkpt>
      <trkpt lat="48.710914" lon="1.993577"><ele>227.7</ele><time>2025-09-19T15:59:35Z</time></trkpt>
      <trkpt lat="48.710900" lon="1.993695"><ele>231.8</ele><time>2025-09-19T15:59:36Z</time></trkpt>
      <trkpt lat="48.710868" lon="1.993800"><ele>235.5</ele><time>2025-09-19T15:59:37Z</time></trkpt>
      <trkpt lat="48.710824" lon="1.993888"><ele>236.7</ele><time>2025-09-19T15:59:38Z</time></trkpt>
      <trkpt lat="48.710757" lon="1.993980"><ele>243.5</ele><time>2025-09-19T15:59:39Z</time></trkpt>
      <trkpt lat="48.710720" lon="1.994106"><ele>247.2</ele><time>2025-09-19T15:59:40Z</time></trkpt>
      <trkpt lat="48.710672" lon="1.994236"><ele>251.7</ele><time>2025-09-19T15:59:41Z</time></trkpt>
      <trkpt lat="48.710636" lon="1.994370"><ele>255.2</ele><time>2025-09-19T15:59:42Z</time></trkpt>
      <trkpt lat="48.710602" lon="1.994494"><ele>259.0</ele><time>2025-09-19T15:59:43Z</time></trkpt>
      <trkpt lat="48.710569" lon="1.994600"><ele>263.0</ele><time>2025-09-19T15:59:44Z</time></trkpt>
      <trkpt lat="48.710544" lon="1.994725"><ele>266.9</ele><time>2025-09-19T15:59:45Z</time></trkpt>
      <trkpt lat="48.710513" lon="1.994911"><ele>269.6</ele><time>2025-09-19T15:59:46Z</time></trkpt>
      <trkpt lat="48.710464" lon="1.995008"><ele>273.7</ele><time>2025-09-19T15:59:47Z</time></trkpt>
      <trkpt lat="48.710406" lon="1.995068"><ele>273.7</ele><time>2025-09-19T15:59:48Z</time></trkpt>
      <trkpt lat="48.710306" lon="1.995163"><ele>282.7</ele><time>2025-09-19T15:59:49Z</time></trkpt>
      <trkpt lat="48.710223" lon="1.995227"><ele>287.4</ele><time>2025-09-19T15:59:50Z</time></trkpt>
      <trkpt lat="48.710146" lon="1.995301"><ele>288.6</ele><time>2025-09-19T15:59:51Z</time></trkpt>
      <trkpt lat="48.710094" lon="1.995401"><ele>287.9</ele><time>2025-09-19T15:59:52Z</time></trkpt>
      <trkpt lat="48.710071" lon="1.995537"><ele>291.4</ele><time>2025-09-19T15:59:53Z</time></trkpt>
      <trkpt lat="48.710060" lon="1.995684"><ele>291.6</ele><time>2025-09-19T15:59:54Z</time></trkpt>
      <trkpt lat="48.710081" lon="1.995833"><ele>290.2</ele><time>2025-09-19T15:59:55Z</time></trkpt>
      <trkpt lat="48.709998" lon="1.995946"><ele>294.5</ele><time>2025-09-19T15:59:56Z</time></trkpt>
      <trkpt lat="48.709961" lon="1.996114"><ele>296.5</ele><time>2025-09-19T15:59:57Z</time></trkpt>
      <trkpt lat="48.709869" lon="1.996325"><ele>299.5</ele><time>2025-09-19T15:59:58Z</time></trkpt>
      <trkpt lat="48.709868" lon="1.996580"><ele>299.8</ele><time>2025-09-19T15:59:59Z</time></trkpt>
      <trkpt lat="48.709857" lon="1.996825"><ele>302.6</ele><time>2025-09-19T16:00:00Z</time></trkpt>
      <trkpt lat="48.709817" lon="1.997058"><ele>307.7</ele><time>2025-09-19T16:00:01Z</time></trkpt>
      <trkpt lat="48.709737" lon="1.997390"><ele>313.4</ele><time>2025-09-19T16:00:02Z</time></trkpt>
      <trkpt lat="48.709603" lon="1.997606"><ele>319.8</ele><time>2025-09-19T16:00:03Z</time></trkpt>
      <trkpt lat="48.709554" lon="1.997799"><ele>324.3</ele><time>2025-09-19T16:00:04Z</time></trkpt>
      <trkpt lat="48.709519" lon="1.997978"><ele>327.7</ele><time>2025-09-19T16:00:05Z</time></trkpt>
      <trkpt lat="48.709473" lon="1.998149"><ele>329.2</ele><time>2025-09-19T16:00:06Z</time></trkpt>
      <trkpt lat="48.709435" lon="1.998273"><ele>333.4</ele><time>2025-09-19T16:00:07Z</time></trkpt>
      <trkpt lat="48.709396" lon="1.998438"><ele>336.0</ele><time>2025-09-19T16:00:08Z</time></trkpt>
      <trkpt lat="48.709316" lon="1.998621"><ele>335.7</ele><time>2025-09-19T16:00:09Z</time></trkpt>
      <trkpt lat="48.709287" lon="1.998824"><ele>334.7</ele><time>2025-09-19T16:00:10Z</time></trkpt>
      <trkpt lat="48.709256" lon="1.999039"><ele>339.8</ele><time>2025-09-19T16:00:11Z</time></trkpt>
      <trkpt lat="48.709212" lon="1.999246"><ele>341.2</ele><time>2025-09-19T16:00:12Z</time></trkpt>
      <trkpt lat="48.709188" lon="1.999447"><ele>345.7</ele><time>2025-09-19T16:00:13Z</time></trkpt>
      <trkpt lat="48.709164" lon="1.999657"><ele>349.8</ele><time>2025-09-19T16:00:14Z</time></trkpt>
      <trkpt lat="48.709140" lon="1.999866"><ele>354.1</ele><time>2025-09-19T16:00:15Z</time></trkpt>
      <trkpt lat="48.709117" lon="2.000096"><ele>357.7</ele><time>2025-09-19T16:00:16Z</time></trkpt>
      <trkpt lat="48.709052" lon="2.000335"><ele>360.6</ele><time>2025-09-19T16:00:17Z</time></trkpt>
      <trkpt lat="48.708965" lon="2.000570"><ele>362.2</ele><time>2025-09-19T16:00:18Z</time></trkpt>
      <trkpt lat="48.708895" lon="2.000749"><ele>365.7</ele><time>2025-09-19T16:00:19Z</time></trkpt>
      <trkpt lat="48.708816" lon="2.000897"><ele>369.0</ele><time>2025-09-19T16:00:20Z</time></trkpt>
      <trkpt lat="48.708780" lon="2.001049"><ele>373.2</ele><time>2025-09-19T16:00:21Z</time></trkpt>
      <trkpt lat="48.708744" lon="2.001194"><ele>372.1</ele><time>2025-09-19T16:00:22Z</time></trkpt>
      <trkpt lat="48.708771" lon="2.001339"><ele>371.6</ele><time>2025-09-19T16:00:23Z</time></trkpt>
      <trkpt lat="48.708679" lon="2.001414"><ele>364.6</ele><time>2025-09-19T16:00:24Z</time></trkpt>
      <trkpt lat="48.708680" lon="2.001496"><ele>362.4</ele><time>2025-09-19T16:00:25Z</time></trkpt>
      <trkpt lat="48.708720" lon="2.001556"><ele>365.5</ele><time>2025-09-19T16:00:26Z</time></trkpt>
      <trkpt lat="48.708790" lon="2.001559"><ele>369.6</ele><time>2025-09-19T16:00:27Z</time></trkpt>
      <trkpt lat="48.708825" lon="2.001588"><ele>371.1</ele><time>2025-09-19T16:00:28Z</time></trkpt>
      <trkpt lat="48.708885" lon="2.001573"><ele>372.4</ele><time>2025-09-19T16:00:29Z</time></trkpt>
      <trkpt lat="48.708942" lon="2.001589"><ele>375.1</ele><time>2025-09-19T16:00:30Z</time></trkpt>
      <trkpt lat="48.709001" lon="2.001592"><ele>375.6</ele><time>2025-09-19T16:00:31Z</time></trkpt>
      <trkpt lat="48.709018" lon="2.001596"><ele>375.8</ele><time>2025-09-19T16:00:32Z</time></trkpt>
      <trkpt lat="48.709066" lon="2.001586"><ele>376.5</ele><time>2025-09-19T16:00:33Z</time></trkpt>
      <trkpt lat="48.709159" lon="2.001578"><ele>376.5</ele><time>2025-09-19T16:00:34Z</time></trkpt>
      <trkpt lat="48.709239" lon="2.001578"><ele>377.3</ele><time>2025-09-19T16:00:35Z</time></trkpt>
      <trkpt lat="48.709289" lon="2.001583"><ele>375.3</ele><time>2025-09-19T16:00:36Z</time></trkpt>
      <trkpt lat="48.709367" lon="2.001618"><ele>372.3</ele><time>2025-09-19T16:00:37Z</time></trkpt>
      <trkpt lat="48.709451" lon="2.001629"><ele>369.5</ele><time>2025-09-19T16:00:38Z</time></trkpt>
      <trkpt lat="48.709564" lon="2.001673"><ele>366.8</ele><time>2025-09-19T16:00:39Z</time></trkpt>
      <trkpt lat="48.709675" lon="2.001656"><ele>364.9</ele><time>2025-09-19T16:00:40Z</time></trkpt>
      <trkpt lat="48.709786" lon="2.001666"><ele>362.3</ele><time>2025-09-19T16:00:41Z</time></trkpt>
      <trkpt lat="48.709924" lon="2.001624"><ele>359.2</ele><time>2025-09-19T16:00:42Z</time></trkpt>
      <trkpt lat="48.710105" lon="2.001535"><ele>354.7</ele><time>2025-09-19T16:00:43Z</time></trkpt>
      <trkpt lat="48.710296" lon="2.001546"><ele>351.3</ele><time>2025-09-19T16:00:44Z</time></trkpt>
      <trkpt lat="48.710467" lon="2.001518"><ele>347.0</ele><time>2025-09-19T16:00:45Z</time></trkpt>
      <trkpt lat="48.710664" lon="2.001498"><ele>342.2</ele><time>2025-09-19T16:00:46Z</time></trkpt>
      <trkpt lat="48.710864" lon="2.001498"><ele>333.5</ele><time>2025-09-19T16:00:47Z</time></trkpt>
      <trkpt lat="48.711079" lon="2.001455"><ele>321.8</ele><time>2025-09-19T16:00:48Z</time></trkpt>
      <trkpt lat="48.711281" lon="2.001431"><ele>312.4</ele><time>2025-09-19T16:00:49Z</time></trkpt>
      <trkpt lat="48.711486" lon="2.001463"><ele>302.4</ele><time>2025-09-19T16:00:50Z</time></trkpt>
      <trkpt lat="48.711695" lon="2.001481"><ele>293.5</ele><time>2025-09-19T16:00:51Z</time></trkpt>
      <trkpt lat="48.711906" lon="2.001507"><ele>285.1</ele><time>2025-09-19T16:00:52Z</time></trkpt>
      <trkpt lat="48.712103" lon="2.001519"><ele>279.4</ele><time>2025-09-19T16:00:53Z</time></trkpt>
      <trkpt lat="48.712306" lon="2.001533"><ele>274.0</ele><time>2025-09-19T16:00:54Z</time></trkpt>
      <trkpt lat="48.712510" lon="2.001552"><ele>268.9</ele><time>2025-09-19T16:00:55Z</time></trkpt>
      <trkpt lat="48.712718" lon="2.001593"><ele>263.5</ele><time>2025-09-19T16:00:56Z</time></trkpt>
      <trkpt lat="48.712936" lon="2.001648"><ele>258.3</ele><time>2025-09-19T16:00:57Z</time></trkpt>
      <trkpt lat="48.713152" lon="2.001697"><ele>252.7</ele><time>2025-09-19T16:00:58Z</time></trkpt>
      <trkpt lat="48.713367" lon="2.001738"><ele>248.0</ele><time>2025-09-19T16:00:59Z</time></trkpt>
      <trkpt lat="48.713576" lon="2.001778"><ele>243.1</ele><time>2025-09-19T16:01:00Z</time></trkpt>
      <trkpt lat="48.713774" lon="2.001806"><ele>240.4</ele><time>2025-09-19T16:01:01Z</time></trkpt>
      <trkpt lat="48.713973" lon="2.001828"><ele>237.5</ele><time>2025-09-19T16:01:02Z</time></trkpt>
      <trkpt lat="48.714171" lon="2.001850"><ele>234.7</ele><time>2025-09-19T16:01:03Z</time></trkpt>
      <trkpt lat="48.714372" lon="2.001873"><ele>232.2</ele><time>2025-09-19T16:01:04Z</time></trkpt>
      <trkpt lat="48.714574" lon="2.001897"><ele>229.8</ele><time>2025-09-19T16:01:05Z</time></trkpt>
      <trkpt lat="48.714778" lon="2.001920"><ele>227.5</ele><time>2025-09-19T16:01:06Z</time></trkpt>
      <trkpt lat="48.714982" lon="2.001940"><ele>225.3</ele><time>2025-09-19T16:01:07Z</time></trkpt>
      <trkpt lat="48.715186" lon="2.001962"><ele>223.3</ele><time>2025-09-19T16:01:08Z</time></trkpt>
      <trkpt lat="48.715392" lon="2.001984"><ele>221.2</ele><time>2025-09-19T16:01:09Z</time></trkpt>
      <trkpt lat="48.715597" lon="2.002003"><ele>219.4</ele><time>2025-09-19T16:01:10Z</time></trkpt>
      <trkpt lat="48.715801" lon="2.002022"><ele>217.7</ele><time>2025-09-19T16:01:11Z</time></trkpt>
      <trkpt lat="48.716006" lon="2.002042"><ele>216.1</ele><time>2025-09-19T16:01:12Z</time></trkpt>
      <trkpt lat="48.716211" lon="2.002062"><ele>214.5</ele><time>2025-09-19T16:01:13Z</time></trkpt>
      <trkpt lat="48.716414" lon="2.002081"><ele>213.0</ele><time>2025-09-19T16:01:14Z</time></trkpt>
      <trkpt lat="48.716620" lon="2.002101"><ele>211.3</ele><time>2025-09-19T16:01:15Z</time></trkpt>
      <trkpt lat="48.716825" lon="2.002120"><ele>209.7</ele><time>2025-09-19T16:01:16Z</time></trkpt>
      <trkpt lat="48.717030" lon="2.002139"><ele>208.4</ele><time>2025-09-19T16:01:17Z</time></trkpt>
      <trkpt lat="48.717235" lon="2.002158"><ele>206.8</ele><time>2025-09-19T16:01:18Z</time></trkpt>
      <trkpt lat="48.717437" lon="2.002181"><ele>205.2</ele><time>2025-09-19T16:01:19Z</time></trkpt>
      <trkpt lat="48.717638" lon="2.002206"><ele>203.8</ele><time>2025-09-19T16:01:20Z</time></trkpt>
      <trkpt lat="48.717835" lon="2.002227"><ele>202.4</ele><time>2025-09-19T16:01:21Z</time></trkpt>
      <trkpt lat="48.718032" lon="2.002244"><ele>201.0</ele><time>2025-09-19T16:01:22Z</time></trkpt>
      <trkpt lat="48.718227" lon="2.002259"><ele>199.9</ele><time>2025-09-19T16:01:23Z</time></trkpt>
      <trkpt lat="48.718412" lon="2.002271"><ele>198.9</ele><time>2025-09-19T16:01:24Z</time></trkpt>
      <trkpt lat="48.718589" lon="2.002284"><ele>198.1</ele><time>2025-09-19T16:01:25Z</time></trkpt>
      <trkpt lat="48.718757" lon="2.002298"><ele>197.1</ele><time>2025-09-19T16:01:26Z</time></trkpt>
      <trkpt lat="48.718914" lon="2.002307"><ele>196.3</ele><time>2025-09-19T16:01:27Z</time></trkpt>
      <trkpt lat="48.719063" lon="2.002308"><ele>195.5</ele><time>2025-09-19T16:01:28Z</time></trkpt>
      <trkpt lat="48.719202" lon="2.002300"><ele>194.5</ele><time>2025-09-19T16:01:29Z</time></trkpt>
      <trkpt lat="48.719328" lon="2.002276"><ele>193.6</ele><time>2025-09-19T16:01:30Z</time></trkpt>
      <trkpt lat="48.719441" lon="2.002250"><ele>192.8</ele><time>2025-09-19T16:01:31Z</time></trkpt>
      <trkpt lat="48.719538" lon="2.002226"><ele>192.0</ele><time>2025-09-19T16:01:32Z</time></trkpt>
      <trkpt lat="48.719618" lon="2.002210"><ele>191.0</ele><time>2025-09-19T16:01:33Z</time></trkpt>
      <trkpt lat="48.719676" lon="2.002206"><ele>190.2</ele><time>2025-09-19T16:01:34Z</time></trkpt>
      <trkpt lat="48.719721" lon="2.002214"><ele>189.2</ele><time>2025-09-19T16:01:35Z</time></trkpt>
      <trkpt lat="48.719761" lon="2.002233"><ele>188.4</ele><time>2025-09-19T16:01:36Z</time></trkpt>
      <trkpt lat="48.719811" lon="2.002268"><ele>187.7</ele><time>2025-09-19T16:01:37Z</time></trkpt>
      <trkpt lat="48.719870" lon="2.002316"><ele>187.1</ele><time>2025-09-19T16:01:38Z</time></trkpt>
      <trkpt lat="48.719932" lon="2.002364"><ele>186.2</ele><time>2025-09-19T16:01:39Z</time></trkpt>
      <trkpt lat="48.719994" lon="2.002400"><ele>185.6</ele><time>2025-09-19T16:01:40Z</time></trkpt>
      <trkpt lat="48.720060" lon="2.002412"><ele>185.1</ele><time>2025-09-19T16:01:41Z</time></trkpt>
      <trkpt lat="48.720125" lon="2.002392"><ele>184.8</ele><time>2025-09-19T16:01:42Z</time></trkpt>
      <trkpt lat="48.720195" lon="2.002351"><ele>183.9</ele><time>2025-09-19T16:01:43Z</time></trkpt>
      <trkpt lat="48.720273" lon="2.002316"><ele>182.9</ele><time>2025-09-19T16:01:44Z</time></trkpt>
      <trkpt lat="48.720354" lon="2.002300"><ele>182.2</ele><time>2025-09-19T16:01:45Z</time></trkpt>
      <trkpt lat="48.720440" lon="2.002306"><ele>181.7</ele><time>2025-09-19T16:01:46Z</time></trkpt>
      <trkpt lat="48.720532" lon="2.002332"><ele>181.5</ele><time>2025-09-19T16:01:47Z</time></trkpt>
      <trkpt lat="48.720634" lon="2.002375"><ele>181.0</ele><time>2025-09-19T16:01:48Z</time></trkpt>
      <trkpt lat="48.720743" lon="2.002422"><ele>180.7</ele><time>2025-09-19T16:01:49Z</time></trkpt>
      <trkpt lat="48.720861" lon="2.002463"><ele>180.4</ele><time>2025-09-19T16:01:50Z</time></trkpt>
      <trkpt lat="48.720982" lon="2.002493"><ele>180.1</ele><time>2025-09-19T16:01:51Z</time></trkpt>
      <trkpt lat="48.721108" lon="2.002513"><ele>179.6</ele><time>2025-09-19T16:01:52Z</time></trkpt>
      <trkpt lat="48.721240" lon="2.002527"><ele>179.2</ele><time>2025-09-19T16:01:53Z</time></trkpt>
      <trkpt lat="48.721379" lon="2.002537"><ele>178.7</ele><time>2025-09-19T16:01:54Z</time></trkpt>
      <trkpt lat="48.721530" lon="2.002553"><ele>178.2</ele><time>2025-09-19T16:01:55Z</time></trkpt>
      <trkpt lat="48.721694" lon="2.002572"><ele>177.8</ele><time>2025-09-19T16:01:56Z</time></trkpt>
      <trkpt lat="48.721872" lon="2.002591"><ele>177.5</ele><time>2025-09-19T16:01:57Z</time></trkpt>
      <trkpt lat="48.722053" lon="2.002606"><ele>177.1</ele><time>2025-09-19T16:01:58Z</time></trkpt>
      <trkpt lat="48.722237" lon="2.002623"><ele>176.9</ele><time>2025-09-19T16:01:59Z</time></trkpt>
      <trkpt lat="48.722427" lon="2.002640"><ele>176.7</ele><time>2025-09-19T16:02:00Z</time></trkpt>
      <trkpt lat="48.722623" lon="2.002656"><ele>176.4</ele><time>2025-09-19T16:02:01Z</time></trkpt>
      <trkpt lat="48.722822" lon="2.002673"><ele>176.3</ele><time>2025-09-19T16:02:02Z</time></trkpt>
      <trkpt lat="48.723023" lon="2.002690"><ele>175.9</ele><time>2025-09-19T16:02:03Z</time></trkpt>
      <trkpt lat="48.723226" lon="2.002705"><ele>175.7</ele><time>2025-09-19T16:02:04Z</time></trkpt>
      <trkpt lat="48.723420" lon="2.002721"><ele>175.4</ele><time>2025-09-19T16:02:05Z</time></trkpt>
      <trkpt lat="48.723610" lon="2.002736"><ele>175.3</ele><time>2025-09-19T16:02:06Z</time></trkpt>
      <trkpt lat="48.723801" lon="2.002753"><ele>175.4</ele><time>2025-09-19T16:02:07Z</time></trkpt>
      <trkpt lat="48.723996" lon="2.002772"><ele>175.3</ele><time>2025-09-19T16:02:08Z</time></trkpt>
      <trkpt lat="48.724195" lon="2.002791"><ele>175.5</ele><time>2025-09-19T16:02:09Z</time></trkpt>
      <trkpt lat="48.724395" lon="2.002808"><ele>175.7</ele><time>2025-09-19T16:02:10Z</time></trkpt>
      <trkpt lat="48.724598" lon="2.002827"><ele>176.0</ele><time>2025-09-19T16:02:11Z</time></trkpt>
      <trkpt lat="48.724804" lon="2.002847"><ele>176.2</ele><time>2025-09-19T16:02:12Z</time></trkpt>
      <trkpt lat="48.725009" lon="2.002865"><ele>176.5</ele><time>2025-09-19T16:02:13Z</time></trkpt>
      <trkpt lat="48.725214" lon="2.002882"><ele>176.7</ele><time>2025-09-19T16:02:14Z</time></trkpt>
      <trkpt lat="48.725418" lon="2.002900"><ele>176.8</ele><time>2025-09-19T16:02:15Z</time></trkpt>
      <trkpt lat="48.725620" lon="2.002919"><ele>176.9</ele><time>2025-09-19T16:02:16Z</time></trkpt>
      <trkpt lat="48.725820" lon="2.002938"><ele>177.1</ele><time>2025-09-19T16:02:17Z</time></trkpt>
      <trkpt lat="48.726016" lon="2.002953"><ele>177.3</ele><time>2025-09-19T16:02:18Z</time></trkpt>
      <trkpt lat="48.726208" lon="2.002968"><ele>177.4</ele><time>2025-09-19T16:02:19Z</time></trkpt>
      <trkpt lat="48.726399" lon="2.002985"><ele>177.5</ele><time>2025-09-19T16:02:20Z</time></trkpt>
      <trkpt lat="48.726592" lon="2.003006"><ele>177.5</ele><time>2025-09-19T16:02:21Z</time></trkpt>
      <trkpt lat="48.726787" lon="2.003029"><ele>177.3</ele><time>2025-09-19T16:02:22Z</time></trkpt>
      <trkpt lat="48.726984" lon="2.003051"><ele>177.0</ele><time>2025-09-19T16:02:23Z</time></trkpt>
      <trkpt lat="48.727179" lon="2.003067"><ele>177.2</ele><time>2025-09-19T16:02:24Z</time></trkpt>
      <trkpt lat="48.727367" lon="2.003081"><ele>176.5</ele><time>2025-09-19T16:02:25Z</time></trkpt>
      <trkpt lat="48.727545" lon="2.003089"><ele>176.0</ele><time>2025-09-19T16:02:26Z</time></trkpt>
      <trkpt lat="48.727713" lon="2.003095"><ele>175.3</ele><time>2025-09-19T16:02:27Z</time></trkpt>
      <trkpt lat="48.727871" lon="2.003101"><ele>174.6</ele><time>2025-09-19T16:02:28Z</time></trkpt>
      <trkpt lat="48.728020" lon="2.003112"><ele>174.3</ele><time>2025-09-19T16:02:29Z</time></trkpt>
      <trkpt lat="48.728163" lon="2.003122"><ele>174.0</ele><time>2025-09-19T16:02:30Z</time></trkpt>
      <trkpt lat="48.728297" lon="2.003131"><ele>173.7</ele><time>2025-09-19T16:02:31Z</time></trkpt>
      <trkpt lat="48.728426" lon="2.003138"><ele>173.4</ele><time>2025-09-19T16:02:32Z</time></trkpt>
      <trkpt lat="48.728548" lon="2.003148"><ele>173.1</ele><time>2025-09-19T16:02:33Z</time></trkpt>
      <trkpt lat="48.728670" lon="2.003159"><ele>172.7</ele><time>2025-09-19T16:02:34Z</time></trkpt>
      <trkpt lat="48.728791" lon="2.003172"><ele>172.3</ele><time>2025-09-19T16:02:35Z</time></trkpt>
      <trkpt lat="48.728913" lon="2.003182"><ele>171.9</ele><time>2025-09-19T16:02:36Z</time></trkpt>
      <trkpt lat="48.729039" lon="2.003187"><ele>171.4</ele><time>2025-09-19T16:02:37Z</time></trkpt>
      <trkpt lat="48.729168" lon="2.003193"><ele>171.0</ele><time>2025-09-19T16:02:38Z</time></trkpt>
      <trkpt lat="48.729295" lon="2.003202"><ele>170.8</ele><time>2025-09-19T16:02:39Z</time></trkpt>
      <trkpt lat="48.729419" lon="2.003212"><ele>170.5</ele><time>2025-09-19T16:02:40Z</time></trkpt>
      <trkpt lat="48.729538" lon="2.003223"><ele>170.1</ele><time>2025-09-19T16:02:41Z</time></trkpt>
      <trkpt lat="48.729650" lon="2.003235"><ele>169.8</ele><time>2025-09-19T16:02:42Z</time></trkpt>
      <trkpt lat="48.729755" lon="2.003242"><ele>169.6</ele><time>2025-09-19T16:02:43Z</time></trkpt>
      <trkpt lat="48.729858" lon="2.003248"><ele>169.4</ele><time>2025-09-19T16:02:44Z</time></trkpt>
      <trkpt lat="48.729966" lon="2.003252"><ele>169.1</ele><time>2025-09-19T16:02:45Z</time></trkpt>
      <trkpt lat="48.730087" lon="2.003260"><ele>168.6</ele><time>2025-09-19T16:02:46Z</time></trkpt>
      <trkpt lat="48.730220" lon="2.003274"><ele>168.3</ele><time>2025-09-19T16:02:47Z</time></trkpt>
      <trkpt lat="48.730361" lon="2.003296"><ele>168.1</ele><time>2025-09-19T16:02:48Z</time></trkpt>
      <trkpt lat="48.730503" lon="2.003334"><ele>167.7</ele><time>2025-09-19T16:02:49Z</time></trkpt>
      <trkpt lat="48.730640" lon="2.003392"><ele>167.4</ele><time>2025-09-19T16:02:50Z</time></trkpt>
      <trkpt lat="48.730773" lon="2.003473"><ele>166.9</ele><time>2025-09-19T16:02:51Z</time></trkpt>
      <trkpt lat="48.730900" lon="2.003577"><ele>166.5</ele><time>2025-09-19T16:02:52Z</time></trkpt>
      <trkpt lat="48.731018" lon="2.003703"><ele>166.1</ele><time>2025-09-19T16:02:53Z</time></trkpt>
      <trkpt lat="48.731129" lon="2.003850"><ele>165.7</ele><time>2025-09-19T16:02:54Z</time></trkpt>
      <trkpt lat="48.731234" lon="2.004017"><ele>165.2</ele><time>2025-09-19T16:02:55Z</time></trkpt>
      <trkpt lat="48.731336" lon="2.004200"><ele>164.8</ele><time>2025-09-19T16:02:56Z</time></trkpt>
      <trkpt lat="48.731439" lon="2.004393"><ele>164.5</ele><time>2025-09-19T16:02:57Z</time></trkpt>
      <trkpt lat="48.731547" lon="2.004592"><ele>164.2</ele><time>2025-09-19T16:02:58Z</time></trkpt>
      <trkpt lat="48.731658" lon="2.004797"><ele>164.0</ele><time>2025-09-19T16:02:59Z</time></trkpt>
      <trkpt lat="48.731769" lon="2.005001"><ele>163.7</ele><time>2025-09-19T16:03:00Z</time></trkpt>
      <trkpt lat="48.731877" lon="2.005200"><ele>163.3</ele><time>2025-09-19T16:03:01Z</time></trkpt>
      <trkpt lat="48.731983" lon="2.005393"><ele>163.1</ele><time>2025-09-19T16:03:02Z</time></trkpt>
      <trkpt lat="48.732088" lon="2.005584"><ele>162.8</ele><time>2025-09-19T16:03:03Z</time></trkpt>
      <trkpt lat="48.732192" lon="2.005773"><ele>162.7</ele><time>2025-09-19T16:03:04Z</time></trkpt>
      <trkpt lat="48.732292" lon="2.005956"><ele>162.5</ele><time>2025-09-19T16:03:05Z</time></trkpt>
      <trkpt lat="48.732389" lon="2.006138"><ele>162.4</ele><time>2025-09-19T16:03:06Z</time></trkpt>
      <trkpt lat="48.732491" lon="2.006324"><ele>162.2</ele><time>2025-09-19T16:03:07Z</time></trkpt>
      <trkpt lat="48.732596" lon="2.006518"><ele>162.3</ele><time>2025-09-19T16:03:08Z</time></trkpt>
      <trkpt lat="48.732702" lon="2.006712"><ele>162.3</ele><time>2025-09-19T16:03:09Z</time></trkpt>
      <trkpt lat="48.732808" lon="2.006909"><ele>162.1</ele><time>2025-09-19T16:03:10Z</time></trkpt>
      <trkpt lat="48.732918" lon="2.007107"><ele>162.0</ele><time>2025-09-19T16:03:11Z</time></trkpt>
      <trkpt lat="48.733028" lon="2.007306"><ele>161.7</ele><time>2025-09-19T16:03:12Z</time></trkpt>
      <trkpt lat="48.733137" lon="2.007506"><ele>161.5</ele><time>2025-09-19T16:03:13Z</time></trkpt>
      <trkpt lat="48.733247" lon="2.007710"><ele>161.4</ele><time>2025-09-19T16:03:14Z</time></trkpt>
      <trkpt lat="48.733362" lon="2.007917"><ele>161.4</ele><time>2025-09-19T16:03:15Z</time></trkpt>
      <trkpt lat="48.733477" lon="2.008129"><ele>161.2</ele><time>2025-09-19T16:03:16Z</time></trkpt>
      <trkpt lat="48.733589" lon="2.008342"><ele>160.6</ele><time>2025-09-19T16:03:17Z</time></trkpt>
      <trkpt lat="48.733704" lon="2.008559"><ele>160.6</ele><time>2025-09-19T16:03:18Z</time></trkpt>
      <trkpt lat="48.733819" lon="2.008775"><ele>160.1</ele><time>2025-09-19T16:03:19Z</time></trkpt>
      <trkpt lat="48.733936" lon="2.008992"><ele>159.6</ele><time>2025-09-19T16:03:20Z</time></trkpt>
      <trkpt lat="48.734057" lon="2.009210"><ele>159.7</ele><time>2025-09-19T16:03:21Z</time></trkpt>
      <trkpt lat="48.734174" lon="2.009431"><ele>159.3</ele><time>2025-09-19T16:03:22Z</time></trkpt>
      <trkpt lat="48.734289" lon="2.009653"><ele>157.8</ele><time>2025-09-19T16:03:23Z</time></trkpt>
      <trkpt lat="48.734406" lon="2.009872"><ele>156.9</ele><time>2025-09-19T16:03:24Z</time></trkpt>
      <trkpt lat="48.734522" lon="2.010091"><ele>155.5</ele><time>2025-09-19T16:03:25Z</time></trkpt>
      <trkpt lat="48.734633" lon="2.010305"><ele>154.6</ele><time>2025-09-19T16:03:26Z</time></trkpt>
      <trkpt lat="48.734743" lon="2.010503"><ele>152.3</ele><time>2025-09-19T16:03:27Z</time></trkpt>
      <trkpt lat="48.734860" lon="2.010692"><ele>150.3</ele><time>2025-09-19T16:03:28Z</time></trkpt>
      <trkpt lat="48.734984" lon="2.010875"><ele>148.7</ele><time>2025-09-19T16:03:29Z</time></trkpt>
      <trkpt lat="48.735113" lon="2.011054"><ele>146.8</ele><time>2025-09-19T16:03:30Z</time></trkpt>
      <trkpt lat="48.735244" lon="2.011223"><ele>145.4</ele><time>2025-09-19T16:03:31Z</time></trkpt>
      <trkpt lat="48.735368" lon="2.011382"><ele>142.8</ele><time>2025-09-19T16:03:32Z</time></trkpt>
      <trkpt lat="48.735492" lon="2.011543"><ele>140.8</ele><time>2025-09-19T16:03:33Z</time></trkpt>
      <trkpt lat="48.735607" lon="2.011722"><ele>139.4</ele><time>2025-09-19T16:03:34Z</time></trkpt>
      <trkpt lat="48.735762" lon="2.011858"><ele>138.6</ele><time>2025-09-19T16:03:35Z</time></trkpt>
      <trkpt lat="48.735916" lon="2.011978"><ele>137.3</ele><time>2025-09-19T16:03:36Z</time></trkpt>
      <trkpt lat="48.736047" lon="2.012121"><ele>135.5</ele><time>2025-09-19T16:03:37Z</time></trkpt>
      <trkpt lat="48.736160" lon="2.012266"><ele>132.9</ele><time>2025-09-19T16:03:38Z</time></trkpt>
      <trkpt lat="48.736281" lon="2.012505"><ele>130.0</ele><time>2025-09-19T16:03:39Z</time></trkpt>
      <trkpt lat="48.736412" lon="2.012713"><ele>131.4</ele><time>2025-09-19T16:03:40Z</time></trkpt>
      <trkpt lat="48.736523" lon="2.012926"><ele>130.0</ele><time>2025-09-19T16:03:41Z</time></trkpt>
      <trkpt lat="48.736595" lon="2.013190"><ele>131.7</ele><time>2025-09-19T16:03:42Z</time></trkpt>
      <trkpt lat="48.736682" lon="2.013440"><ele>131.0</ele><time>2025-09-19T16:03:43Z</time></trkpt>
      <trkpt lat="48.736768" lon="2.013689"><ele>129.1</ele><time>2025-09-19T16:03:44Z</time></trkpt>
      <trkpt lat="48.736857" lon="2.013929"><ele>128.0</ele><time>2025-09-19T16:03:45Z</time></trkpt>
      <trkpt lat="48.736940" lon="2.014157"><ele>127.2</ele><time>2025-09-19T16:03:46Z</time></trkpt>
      <trkpt lat="48.737029" lon="2.014379"><ele>128.7</ele><time>2025-09-19T16:03:47Z</time></trkpt>
      <trkpt lat="48.737104" lon="2.014595"><ele>127.1</ele><time>2025-09-19T16:03:48Z</time></trkpt>
      <trkpt lat="48.737173" lon="2.014793"><ele>126.0</ele><time>2025-09-19T16:03:49Z</time></trkpt>
      <trkpt lat="48.737250" lon="2.014984"><ele>126.0</ele><time>2025-09-19T16:03:50Z</time></trkpt>
      <trkpt lat="48.737324" lon="2.015179"><ele>125.2</ele><time>2025-09-19T16:03:51Z</time></trkpt>
      <trkpt lat="48.737398" lon="2.015371"><ele>125.0</ele><time>2025-09-19T16:03:52Z</time></trkpt>
      <trkpt lat="48.737463" lon="2.015557"><ele>124.3</ele><time>2025-09-19T16:03:53Z</time></trkpt>
      <trkpt lat="48.737531" lon="2.015736"><ele>124.3</ele><time>2025-09-19T16:03:54Z</time></trkpt>
      <trkpt lat="48.737592" lon="2.015910"><ele>124.7</ele><time>2025-09-19T16:03:55Z</time></trkpt>
      <trkpt lat="48.737640" lon="2.016081"><ele>123.8</ele><time>2025-09-19T16:03:56Z</time></trkpt>
      <trkpt lat="48.737683" lon="2.016240"><ele>124.1</ele><time>2025-09-19T16:03:57Z</time></trkpt>
      <trkpt lat="48.737714" lon="2.016385"><ele>123.3</ele><time>2025-09-19T16:03:58Z</time></trkpt>
      <trkpt lat="48.737731" lon="2.016518"><ele>122.6</ele><time>2025-09-19T16:03:59Z</time></trkpt>
      <trkpt lat="48.737726" lon="2.016637"><ele>122.3</ele><time>2025-09-19T16:04:00Z</time></trkpt>
      <trkpt lat="48.737695" lon="2.016744"><ele>123.1</ele><time>2025-09-19T16:04:01Z</time></trkpt>
      <trkpt lat="48.737642" lon="2.016831"><ele>123.6</ele><time>2025-09-19T16:04:02Z</time></trkpt>
      <trkpt lat="48.737564" lon="2.016882"><ele>123.5</ele><time>2025-09-19T16:04:03Z</time></trkpt>
      <trkpt lat="48.737457" lon="2.016893"><ele>122.1</ele><time>2025-09-19T16:04:04Z</time></trkpt>
      <trkpt lat="48.737336" lon="2.016873"><ele>121.1</ele><time>2025-09-19T16:04:05Z</time></trkpt>
      <trkpt lat="48.737204" lon="2.016841"><ele>119.7</ele><time>2025-09-19T16:04:06Z</time></trkpt>
      <trkpt lat="48.737066" lon="2.016823"><ele>118.5</ele><time>2025-09-19T16:04:07Z</time></trkpt>
      <trkpt lat="48.736923" lon="2.016824"><ele>118.4</ele><time>2025-09-19T16:04:08Z</time></trkpt>
      <trkpt lat="48.736764" lon="2.016849"><ele>117.5</ele><time>2025-09-19T16:04:09Z</time></trkpt>
      <trkpt lat="48.736600" lon="2.016878"><ele>117.3</ele><time>2025-09-19T16:04:10Z</time></trkpt>
      <trkpt lat="48.736432" lon="2.016906"><ele>116.6</ele><time>2025-09-19T16:04:11Z</time></trkpt>
      <trkpt lat="48.736260" lon="2.016936"><ele>116.2</ele><time>2025-09-19T16:04:12Z</time></trkpt>
      <trkpt lat="48.736083" lon="2.016969"><ele>116.0</ele><time>2025-09-19T16:04:13Z</time></trkpt>
      <trkpt lat="48.735904" lon="2.017003"><ele>115.8</ele><time>2025-09-19T16:04:14Z</time></trkpt>
      <trkpt lat="48.735723" lon="2.017048"><ele>115.4</ele><time>2025-09-19T16:04:15Z</time></trkpt>
      <trkpt lat="48.735545" lon="2.017115"><ele>115.1</ele><time>2025-09-19T16:04:16Z</time></trkpt>
      <trkpt lat="48.735370" lon="2.017199"><ele>114.7</ele><time>2025-09-19T16:04:17Z</time></trkpt>
      <trkpt lat="48.735201" lon="2.017305"><ele>114.2</ele><time>2025-09-19T16:04:18Z</time></trkpt>
      <trkpt lat="48.735045" lon="2.017406"><ele>114.5</ele><time>2025-09-19T16:04:19Z</time></trkpt>
      <trkpt lat="48.734896" lon="2.017504"><ele>114.8</ele><time>2025-09-19T16:04:20Z</time></trkpt>
      <trkpt lat="48.734746" lon="2.017597"><ele>114.3</ele><time>2025-09-19T16:04:21Z</time></trkpt>
      <trkpt lat="48.734598" lon="2.017696"><ele>114.1</ele><time>2025-09-19T16:04:22Z</time></trkpt>
      <trkpt lat="48.734446" lon="2.017791"><ele>114.1</ele><time>2025-09-19T16:04:23Z</time></trkpt>
      <trkpt lat="48.734291" lon="2.017926"><ele>113.8</ele><time>2025-09-19T16:04:24Z</time></trkpt>
      <trkpt lat="48.734131" lon="2.018057"><ele>113.8</ele><time>2025-09-19T16:04:25Z</time></trkpt>
      <trkpt lat="48.733987" lon="2.018206"><ele>113.0</ele><time>2025-09-19T16:04:26Z</time></trkpt>
      <trkpt lat="48.733879" lon="2.018390"><ele>113.6</ele><time>2025-09-19T16:04:27Z</time></trkpt>
      <trkpt lat="48.733759" lon="2.018574"><ele>113.8</ele><time>2025-09-19T16:04:28Z</time></trkpt>
      <trkpt lat="48.733648" lon="2.018755"><ele>114.4</ele><time>2025-09-19T16:04:29Z</time></trkpt>
      <trkpt lat="48.733547" lon="2.018926"><ele>114.6</ele><time>2025-09-19T16:04:30Z</time></trkpt>
      <trkpt lat="48.733469" lon="2.019089"><ele>114.7</ele><time>2025-09-19T16:04:31Z</time></trkpt>
      <trkpt lat="48.733394" lon="2.019231"><ele>115.1</ele><time>2025-09-19T16:04:32Z</time></trkpt>
      <trkpt lat="48.733330" lon="2.019356"><ele>116.4</ele><time>2025-09-19T16:04:33Z</time></trkpt>
      <trkpt lat="48.733268" lon="2.019472"><ele>117.4</ele><time>2025-09-19T16:04:34Z</time></trkpt>
      <trkpt lat="48.733206" lon="2.019586"><ele>117.5</ele><time>2025-09-19T16:04:35Z</time></trkpt>
      <trkpt lat="48.733156" lon="2.019696"><ele>117.9</ele><time>2025-09-19T16:04:36Z</time></trkpt>
      <trkpt lat="48.733106" lon="2.019806"><ele>118.0</ele><time>2025-09-19T16:04:37Z</time></trkpt>
      <trkpt lat="48.733051" lon="2.019925"><ele>118.1</ele><time>2025-09-19T16:04:38Z</time></trkpt>
      <trkpt lat="48.732979" lon="2.020048"><ele>117.9</ele><time>2025-09-19T16:04:39Z</time></trkpt>
      <trkpt lat="48.732900" lon="2.020179"><ele>118.0</ele><time>2025-09-19T16:04:40Z</time></trkpt>
      <trkpt lat="48.732810" lon="2.020316"><ele>118.6</ele><time>2025-09-19T16:04:41Z</time></trkpt>
      <trkpt lat="48.732729" lon="2.020455"><ele>118.7</ele><time>2025-09-19T16:04:42Z</time></trkpt>
      <trkpt lat="48.732661" lon="2.020590"><ele>119.3</ele><time>2025-09-19T16:04:43Z</time></trkpt>
      <trkpt lat="48.732595" lon="2.020719"><ele>119.2</ele><time>2025-09-19T16:04:44Z</time></trkpt>
      <trkpt lat="48.732530" lon="2.020844"><ele>119.0</ele><time>2025-09-19T16:04:45Z</time></trkpt>
      <trkpt lat="48.732467" lon="2.020957"><ele>118.8</ele><time>2025-09-19T16:04:46Z</time></trkpt>
      <trkpt lat="48.732404" lon="2.021054"><ele>118.5</ele><time>2025-09-19T16:04:47Z</time></trkpt>
      <trkpt lat="48.732346" lon="2.021145"><ele>118.1</ele><time>2025-09-19T16:04:48Z</time></trkpt>
      <trkpt lat="48.732294" lon="2.021228"><ele>117.9</ele><time>2025-09-19T16:04:49Z</time></trkpt>
      <trkpt lat="48.732237" lon="2.021300"><ele>117.7</ele><time>2025-09-19T16:04:50Z</time></trkpt>
      <trkpt lat="48.732179" lon="2.021355"><ele>117.9</ele><time>2025-09-19T16:04:51Z</time></trkpt>
      <trkpt lat="48.732130" lon="2.021388"><ele>118.2</ele><time>2025-09-19T16:04:52Z</time></trkpt>
      <trkpt lat="48.732084" lon="2.021409"><ele>118.1</ele><time>2025-09-19T16:04:53Z</time></trkpt>
      <trkpt lat="48.732022" lon="2.021439"><ele>117.4</ele><time>2025-09-19T16:04:54Z</time></trkpt>
      <trkpt lat="48.731959" lon="2.021471"><ele>117.5</ele><time>2025-09-19T16:04:55Z</time></trkpt>
      <trkpt lat="48.731895" lon="2.021501"><ele>117.6</ele><time>2025-09-19T16:04:56Z</time></trkpt>
      <trkpt lat="48.731833" lon="2.021532"><ele>117.2</ele><time>2025-09-19T16:04:57Z</time></trkpt>
      <trkpt lat="48.731776" lon="2.021566"><ele>117.0</ele><time>2025-09-19T16:04:58Z</time></trkpt>
      <trkpt lat="48.731724" lon="2.021604"><ele>117.2</ele><time>2025-09-19T16:04:59Z</time></trkpt>
      <trkpt lat="48.731674" lon="2.021643"><ele>117.4</ele><time>2025-09-19T16:05:00Z</time></trkpt>
      <trkpt lat="48.731623" lon="2.021686"><ele>117.3</ele><time>2025-09-19T16:05:01Z</time></trkpt>
      <trkpt lat="48.731576" lon="2.021733"><ele>117.7</ele><time>2025-09-19T16:05:02Z</time></trkpt>
      <trkpt lat="48.731507" lon="2.021804"><ele>117.7</ele><time>2025-09-19T16:05:03Z</time></trkpt>
      <trkpt lat="48.731448" lon="2.021870"><ele>118.7</ele><time>2025-09-19T16:05:04Z</time></trkpt>
      <trkpt lat="48.731387" lon="2.021928"><ele>118.1</ele><time>2025-09-19T16:05:05Z</time></trkpt>
      <trkpt lat="48.731336" lon="2.021984"><ele>118.8</ele><time>2025-09-19T16:05:06Z</time></trkpt>
      <trkpt lat="48.731284" lon="2.022039"><ele>119.3</ele><time>2025-09-19T16:05:07Z</time></trkpt>
      <trkpt lat="48.731239" lon="2.022099"><ele>120.3</ele><time>2025-09-19T16:05:08Z</time></trkpt>
      <trkpt lat="48.731195" lon="2.022162"><ele>121.4</ele><time>2025-09-19T16:05:09Z</time></trkpt>
      <trkpt lat="48.731146" lon="2.022229"><ele>122.3</ele><time>2025-09-19T16:05:10Z</time></trkpt>
      <trkpt lat="48.731094" lon="2.022296"><ele>123.4</ele><time>2025-09-19T16:05:11Z</time></trkpt>
      <trkpt lat="48.731029" lon="2.022365"><ele>123.9</ele><time>2025-09-19T16:05:12Z</time></trkpt>
      <trkpt lat="48.730970" lon="2.022434"><ele>125.7</ele><time>2025-09-19T16:05:13Z</time></trkpt>
      <trkpt lat="48.730899" lon="2.022505"><ele>125.6</ele><time>2025-09-19T16:05:14Z</time></trkpt>
      <trkpt lat="48.730824" lon="2.022576"><ele>125.8</ele><time>2025-09-19T16:05:15Z</time></trkpt>
      <trkpt lat="48.730749" lon="2.022651"><ele>126.2</ele><time>2025-09-19T16:05:16Z</time></trkpt>
      <trkpt lat="48.730656" lon="2.022748"><ele>125.9</ele><time>2025-09-19T16:05:17Z</time></trkpt>
      <trkpt lat="48.730532" lon="2.022874"><ele>124.6</ele><time>2025-09-19T16:05:18Z</time></trkpt>
      <trkpt lat="48.730395" lon="2.022991"><ele>126.2</ele><time>2025-09-19T16:05:19Z</time></trkpt>
      <trkpt lat="48.730237" lon="2.023100"><ele>125.3</ele><time>2025-09-19T16:05:20Z</time></trkpt>
      <trkpt lat="48.730078" lon="2.023202"><ele>125.1</ele><time>2025-09-19T16:05:21Z</time></trkpt>
      <trkpt lat="48.729908" lon="2.023316"><ele>124.8</ele><time>2025-09-19T16:05:22Z</time></trkpt>
      <trkpt lat="48.729731" lon="2.023440"><ele>124.1</ele><time>2025-09-19T16:05:23Z</time></trkpt>
      <trkpt lat="48.729546" lon="2.023576"><ele>123.1</ele><time>2025-09-19T16:05:24Z</time></trkpt>
      <trkpt lat="48.729354" lon="2.023720"><ele>122.6</ele><time>2025-09-19T16:05:25Z</time></trkpt>
      <trkpt lat="48.729155" lon="2.023869"><ele>122.2</ele><time>2025-09-19T16:05:26Z</time></trkpt>
      <trkpt lat="48.728952" lon="2.024017"><ele>121.4</ele><time>2025-09-19T16:05:27Z</time></trkpt>
      <trkpt lat="48.728754" lon="2.024161"><ele>120.7</ele><time>2025-09-19T16:05:28Z</time></trkpt>
      <trkpt lat="48.728555" lon="2.024309"><ele>120.3</ele><time>2025-09-19T16:05:29Z</time></trkpt>
      <trkpt lat="48.728362" lon="2.024450"><ele>119.2</ele><time>2025-09-19T16:05:30Z</time></trkpt>
      <trkpt lat="48.728184" lon="2.024578"><ele>118.2</ele><time>2025-09-19T16:05:31Z</time></trkpt>
      <trkpt lat="48.728017" lon="2.024698"><ele>117.4</ele><time>2025-09-19T16:05:32Z</time></trkpt>
      <trkpt lat="48.727858" lon="2.024814"><ele>116.9</ele><time>2025-09-19T16:05:33Z</time></trkpt>
      <trkpt lat="48.727708" lon="2.024926"><ele>116.8</ele><time>2025-09-19T16:05:34Z</time></trkpt>
      <trkpt lat="48.727577" lon="2.025040"><ele>117.0</ele><time>2025-09-19T16:05:35Z</time></trkpt>
      <trkpt lat="48.727465" lon="2.025164"><ele>117.6</ele><time>2025-09-19T16:05:36Z</time></trkpt>
      <trkpt lat="48.727377" lon="2.025305"><ele>117.2</ele><time>2025-09-19T16:05:37Z</time></trkpt>
      <trkpt lat="48.727315" lon="2.025478"><ele>116.6</ele><time>2025-09-19T16:05:38Z</time></trkpt>
      <trkpt lat="48.727289" lon="2.025722"><ele>114.5</ele><time>2025-09-19T16:05:39Z</time></trkpt>
      <trkpt lat="48.727277" lon="2.026013"><ele>114.3</ele><time>2025-09-19T16:05:40Z</time></trkpt>
      <trkpt lat="48.727268" lon="2.026352"><ele>113.8</ele><time>2025-09-19T16:05:41Z</time></trkpt>
      <trkpt lat="48.727262" lon="2.026707"><ele>113.5</ele><time>2025-09-19T16:05:42Z</time></trkpt>
      <trkpt lat="48.727255" lon="2.027057"><ele>113.1</ele><time>2025-09-19T16:05:43Z</time></trkpt>
      <trkpt lat="48.727244" lon="2.027402"><ele>112.9</ele><time>2025-09-19T16:05:44Z</time></trkpt>
      <trkpt lat="48.727221" lon="2.027744"><ele>112.8</ele><time>2025-09-19T16:05:45Z</time></trkpt>
      <trkpt lat="48.727199" lon="2.028100"><ele>112.7</ele><time>2025-09-19T16:05:46Z</time></trkpt>
      <trkpt lat="48.727178" lon="2.028454"><ele>112.6</ele><time>2025-09-19T16:05:47Z</time></trkpt>
      <trkpt lat="48.727167" lon="2.028783"><ele>112.7</ele><time>2025-09-19T16:05:48Z</time></trkpt>
      <trkpt lat="48.727138" lon="2.029095"><ele>112.7</ele><time>2025-09-19T16:05:49Z</time></trkpt>
      <trkpt lat="48.727121" lon="2.029403"><ele>112.7</ele><time>2025-09-19T16:05:50Z</time></trkpt>
      <trkpt lat="48.727068" lon="2.029724"><ele>112.8</ele><time>2025-09-19T16:05:51Z</time></trkpt>
      <trkpt lat="48.726991" lon="2.030061"><ele>112.9</ele><time>2025-09-19T16:05:52Z</time></trkpt>
      <trkpt lat="48.726910" lon="2.030392"><ele>112.6</ele><time>2025-09-19T16:05:53Z</time></trkpt>
      <trkpt lat="48.726835" lon="2.030701"><ele>112.6</ele><time>2025-09-19T16:05:54Z</time></trkpt>
      <trkpt lat="48.726772" lon="2.030988"><ele>113.0</ele><time>2025-09-19T16:05:55Z</time></trkpt>
      <trkpt lat="48.726718" lon="2.031263"><ele>113.0</ele><time>2025-09-19T16:05:56Z</time></trkpt>
      <trkpt lat="48.726695" lon="2.031534"><ele>113.1</ele><time>2025-09-19T16:05:57Z</time></trkpt>
      <trkpt lat="48.726736" lon="2.031819"><ele>114.3</ele><time>2025-09-19T16:05:58Z</time></trkpt>
      <trkpt lat="48.726759" lon="2.032119"><ele>114.6</ele><time>2025-09-19T16:05:59Z</time></trkpt>
      <trkpt lat="48.726788" lon="2.032430"><ele>114.4</ele><time>2025-09-19T16:06:00Z</time></trkpt>
      <trkpt lat="48.726826" lon="2.032749"><ele>114.4</ele><time>2025-09-19T16:06:01Z</time></trkpt>
      <trkpt lat="48.726875" lon="2.033039"><ele>114.5</ele><time>2025-09-19T16:06:02Z</time></trkpt>
      <trkpt lat="48.726920" lon="2.033324"><ele>114.8</ele><time>2025-09-19T16:06:03Z</time></trkpt>
      <trkpt lat="48.726979" lon="2.033602"><ele>115.9</ele><time>2025-09-19T16:06:04Z</time></trkpt>
      <trkpt lat="48.727017" lon="2.033874"><ele>115.8</ele><time>2025-09-19T16:06:05Z</time></trkpt>
      <trkpt lat="48.727033" lon="2.034159"><ele>116.1</ele><time>2025-09-19T16:06:06Z</time></trkpt>
      <trkpt lat="48.727004" lon="2.034454"><ele>117.0</ele><time>2025-09-19T16:06:07Z</time></trkpt>
      <trkpt lat="48.726992" lon="2.034788"><ele>117.2</ele><time>2025-09-19T16:06:08Z</time></trkpt>
      <trkpt lat="48.726971" lon="2.035100"><ele>117.0</ele><time>2025-09-19T16:06:09Z</time></trkpt>
      <trkpt lat="48.726967" lon="2.035381"><ele>116.9</ele><time>2025-09-19T16:06:10Z</time></trkpt>
      <trkpt lat="48.726957" lon="2.035640"><ele>117.2</ele><time>2025-09-19T16:06:11Z</time></trkpt>
      <trkpt lat="48.726929" lon="2.035857"><ele>117.6</ele><time>2025-09-19T16:06:12Z</time></trkpt>
      <trkpt lat="48.726856" lon="2.036089"><ele>118.9</ele><time>2025-09-19T16:06:13Z</time></trkpt>
      <trkpt lat="48.726790" lon="2.036301"><ele>119.5</ele><time>2025-09-19T16:06:14Z</time></trkpt>
      <trkpt lat="48.726714" lon="2.036506"><ele>119.7</ele><time>2025-09-19T16:06:15Z</time></trkpt>
      <trkpt lat="48.726662" lon="2.036719"><ele>120.4</ele><time>2025-09-19T16:06:16Z</time></trkpt>
      <trkpt lat="48.726658" lon="2.036968"><ele>121.9</ele><time>2025-09-19T16:06:17Z</time></trkpt>
      <trkpt lat="48.726656" lon="2.037215"><ele>123.1</ele><time>2025-09-19T16:06:18Z</time></trkpt>
      <trkpt lat="48.726656" lon="2.037452"><ele>124.1</ele><time>2025-09-19T16:06:19Z</time></trkpt>
      <trkpt lat="48.726663" lon="2.037691"><ele>126.1</ele><time>2025-09-19T16:06:20Z</time></trkpt>
      <trkpt lat="48.726673" lon="2.037911"><ele>128.1</ele><time>2025-09-19T16:06:21Z</time></trkpt>
      <trkpt lat="48.726669" lon="2.038132"><ele>128.9</ele><time>2025-09-19T16:06:22Z</time></trkpt>
      <trkpt lat="48.726624" lon="2.038315"><ele>130.2</ele><time>2025-09-19T16:06:23Z</time></trkpt>
      <trkpt lat="48.726605" lon="2.038515"><ele>131.0</ele><time>2025-09-19T16:06:24Z</time></trkpt>
      <trkpt lat="48.726609" lon="2.038707"><ele>131.9</ele><time>2025-09-19T16:06:25Z</time></trkpt>
      <trkpt lat="48.726623" lon="2.038866"><ele>133.0</ele><time>2025-09-19T16:06:26Z</time></trkpt>
      <trkpt lat="48.726718" lon="2.039049"><ele>131.2</ele><time>2025-09-19T16:06:27Z</time></trkpt>
      <trkpt lat="48.726807" lon="2.039179"><ele>131.6</ele><time>2025-09-19T16:06:28Z</time></trkpt>
      <trkpt lat="48.726924" lon="2.039303"><ele>131.7</ele><time>2025-09-19T16:06:29Z</time></trkpt>
      <trkpt lat="48.726998" lon="2.039457"><ele>130.5</ele><time>2025-09-19T16:06:30Z</time></trkpt>
      <trkpt lat="48.726998" lon="2.039658"><ele>127.9</ele><time>2025-09-19T16:06:31Z</time></trkpt>
      <trkpt lat="48.726976" lon="2.039881"><ele>127.0</ele><time>2025-09-19T16:06:32Z</time></trkpt>
      <trkpt lat="48.726950" lon="2.040134"><ele>127.6</ele><time>2025-09-19T16:06:33Z</time></trkpt>
      <trkpt lat="48.726910" lon="2.040418"><ele>128.8</ele><time>2025-09-19T16:06:34Z</time></trkpt>
      <trkpt lat="48.726861" lon="2.040694"><ele>128.4</ele><time>2025-09-19T16:06:35Z</time></trkpt>
      <trkpt lat="48.726818" lon="2.040961"><ele>127.3</ele><time>2025-09-19T16:06:36Z</time></trkpt>
      <trkpt lat="48.726769" lon="2.041208"><ele>127.5</ele><time>2025-09-19T16:06:37Z</time></trkpt>
      <trkpt lat="48.726712" lon="2.041454"><ele>128.0</ele><time>2025-09-19T16:06:38Z</time></trkpt>
      <trkpt lat="48.726625" lon="2.041687"><ele>127.8</ele><time>2025-09-19T16:06:39Z</time></trkpt>
      <trkpt lat="48.726522" lon="2.041903"><ele>127.9</ele><time>2025-09-19T16:06:40Z</time></trkpt>
      <trkpt lat="48.726404" lon="2.042089"><ele>128.5</ele><time>2025-09-19T16:06:41Z</time></trkpt>
      <trkpt lat="48.726301" lon="2.042268"><ele>129.7</ele><time>2025-09-19T16:06:42Z</time></trkpt>
      <trkpt lat="48.726185" lon="2.042435"><ele>129.2</ele><time>2025-09-19T16:06:43Z</time></trkpt>
      <trkpt lat="48.726069" lon="2.042619"><ele>128.4</ele><time>2025-09-19T16:06:44Z</time></trkpt>
      <trkpt lat="48.725963" lon="2.042842"><ele>127.3</ele><time>2025-09-19T16:06:45Z</time></trkpt>
      <trkpt lat="48.725882" lon="2.043104"><ele>127.0</ele><time>2025-09-19T16:06:46Z</time></trkpt>
      <trkpt lat="48.725802" lon="2.043360"><ele>127.0</ele><time>2025-09-19T16:06:47Z</time></trkpt>
      <trkpt lat="48.725728" lon="2.043600"><ele>126.6</ele><time>2025-09-19T16:06:48Z</time></trkpt>
      <trkpt lat="48.725661" lon="2.043821"><ele>126.8</ele><time>2025-09-19T16:06:49Z</time></trkpt>
      <trkpt lat="48.725583" lon="2.044019"><ele>126.1</ele><time>2025-09-19T16:06:50Z</time></trkpt>
      <trkpt lat="48.725519" lon="2.044215"><ele>125.0</ele><time>2025-09-19T16:06:51Z</time></trkpt>
      <trkpt lat="48.725479" lon="2.044413"><ele>124.8</ele><time>2025-09-19T16:06:52Z</time></trkpt>
      <trkpt lat="48.725490" lon="2.044637"><ele>126.1</ele><time>2025-09-19T16:06:53Z</time></trkpt>
      <trkpt lat="48.725509" lon="2.044855"><ele>126.2</ele><time>2025-09-19T16:06:54Z</time></trkpt>
      <trkpt lat="48.725532" lon="2.045073"><ele>126.8</ele><time>2025-09-19T16:06:55Z</time></trkpt>
      <trkpt lat="48.725562" lon="2.045293"><ele>126.8</ele><time>2025-09-19T16:06:56Z</time></trkpt>
      <trkpt lat="48.725569" lon="2.045501"><ele>127.4</ele><time>2025-09-19T16:06:57Z</time></trkpt>
      <trkpt lat="48.725557" lon="2.045706"><ele>127.1</ele><time>2025-09-19T16:06:58Z</time></trkpt>
      <trkpt lat="48.725533" lon="2.045933"><ele>127.2</ele><time>2025-09-19T16:06:59Z</time></trkpt>
      <trkpt lat="48.725500" lon="2.046131"><ele>128.4</ele><time>2025-09-19T16:07:00Z</time></trkpt>
      <trkpt lat="48.725451" lon="2.046306"><ele>128.3</ele><time>2025-09-19T16:07:01Z</time></trkpt>
      <trkpt lat="48.725446" lon="2.046495"><ele>128.9</ele><time>2025-09-19T16:07:02Z</time></trkpt>
      <trkpt lat="48.725445" lon="2.046693"><ele>125.9</ele><time>2025-09-19T16:07:03Z</time></trkpt>
      <trkpt lat="48.725482" lon="2.046921"><ele>123.8</ele><time>2025-09-19T16:07:04Z</time></trkpt>
      <trkpt lat="48.725543" lon="2.047156"><ele>124.4</ele><time>2025-09-19T16:07:05Z</time></trkpt>
      <trkpt lat="48.725590" lon="2.047375"><ele>123.6</ele><time>2025-09-19T16:07:06Z</time></trkpt>
      <trkpt lat="48.725616" lon="2.047583"><ele>120.9</ele><time>2025-09-19T16:07:07Z</time></trkpt>
      <trkpt lat="48.725647" lon="2.047792"><ele>120.4</ele><time>2025-09-19T16:07:08Z</time></trkpt>
      <trkpt lat="48.725664" lon="2.047995"><ele>120.2</ele><time>2025-09-19T16:07:09Z</time></trkpt>
      <trkpt lat="48.725684" lon="2.048185"><ele>120.2</ele><time>2025-09-19T16:07:10Z</time></trkpt>
      <trkpt lat="48.725700" lon="2.048350"><ele>120.2</ele><time>2025-09-19T16:07:11Z</time></trkpt>
      <trkpt lat="48.725698" lon="2.048484"><ele>120.6</ele><time>2025-09-19T16:07:12Z</time></trkpt>
      <trkpt lat="48.725696" lon="2.048610"><ele>120.5</ele><time>2025-09-19T16:07:13Z</time></trkpt>
      <trkpt lat="48.725685" lon="2.048705"><ele>119.9</ele><time>2025-09-19T16:07:14Z</time></trkpt>
      <trkpt lat="48.725681" lon="2.048781"><ele>120.4</ele><time>2025-09-19T16:07:15Z</time></trkpt>
      <trkpt lat="48.725671" lon="2.048857"><ele>120.8</ele><time>2025-09-19T16:07:16Z</time></trkpt>
      <trkpt lat="48.725653" lon="2.048939"><ele>120.8</ele><time>2025-09-19T16:07:17Z</time></trkpt>
      <trkpt lat="48.725633" lon="2.049028"><ele>120.6</ele><time>2025-09-19T16:07:18Z</time></trkpt>
      <trkpt lat="48.725615" lon="2.049114"><ele>121.1</ele><time>2025-09-19T16:07:19Z</time></trkpt>
      <trkpt lat="48.725598" lon="2.049194"><ele>121.4</ele><time>2025-09-19T16:07:20Z</time></trkpt>
      <trkpt lat="48.725583" lon="2.049273"><ele>121.3</ele><time>2025-09-19T16:07:21Z</time></trkpt>
      <trkpt lat="48.725566" lon="2.049363"><ele>121.2</ele><time>2025-09-19T16:07:22Z</time></trkpt>
      <trkpt lat="48.725542" lon="2.049475"><ele>121.4</ele><time>2025-09-19T16:07:23Z</time></trkpt>
      <trkpt lat="48.725507" lon="2.049612"><ele>121.3</ele><time>2025-09-19T16:07:24Z</time></trkpt>
      <trkpt lat="48.725468" lon="2.049758"><ele>121.7</ele><time>2025-09-19T16:07:25Z</time></trkpt>
      <trkpt lat="48.725421" lon="2.049912"><ele>122.0</ele><time>2025-09-19T16:07:26Z</time></trkpt>
      <trkpt lat="48.725365" lon="2.050078"><ele>122.5</ele><time>2025-09-19T16:07:27Z</time></trkpt>
      <trkpt lat="48.725297" lon="2.050254"><ele>122.4</ele><time>2025-09-19T16:07:28Z</time></trkpt>
      <trkpt lat="48.725210" lon="2.050438"><ele>122.2</ele><time>2025-09-19T16:07:29Z</time></trkpt>
      <trkpt lat="48.725114" lon="2.050616"><ele>122.1</ele><time>2025-09-19T16:07:30Z</time></trkpt>
      <trkpt lat="48.725007" lon="2.050800"><ele>121.7</ele><time>2025-09-19T16:07:31Z</time></trkpt>
      <trkpt lat="48.724897" lon="2.050984"><ele>121.7</ele><time>2025-09-19T16:07:32Z</time></trkpt>
      <trkpt lat="48.724794" lon="2.051163"><ele>121.6</ele><time>2025-09-19T16:07:33Z</time></trkpt>
      <trkpt lat="48.724707" lon="2.051359"><ele>121.4</ele><time>2025-09-19T16:07:34Z</time></trkpt>
      <trkpt lat="48.724668" lon="2.051602"><ele>122.5</ele><time>2025-09-19T16:07:35Z</time></trkpt>
      <trkpt lat="48.724671" lon="2.051860"><ele>122.1</ele><time>2025-09-19T16:07:36Z</time></trkpt>
      <trkpt lat="48.724663" lon="2.052140"><ele>121.8</ele><time>2025-09-19T16:07:37Z</time></trkpt>
      <trkpt lat="48.724650" lon="2.052415"><ele>121.4</ele><time>2025-09-19T16:07:38Z</time></trkpt>
      <trkpt lat="48.724648" lon="2.052675"><ele>122.5</ele><time>2025-09-19T16:07:39Z</time></trkpt>
      <trkpt lat="48.724640" lon="2.052924"><ele>123.1</ele><time>2025-09-19T16:07:40Z</time></trkpt>
      <trkpt lat="48.724629" lon="2.053180"><ele>123.4</ele><time>2025-09-19T16:07:41Z</time></trkpt>
      <trkpt lat="48.724612" lon="2.053442"><ele>123.1</ele><time>2025-09-19T16:07:42Z</time></trkpt>
      <trkpt lat="48.724589" lon="2.053717"><ele>122.9</ele><time>2025-09-19T16:07:43Z</time></trkpt>
      <trkpt lat="48.724563" lon="2.053988"><ele>123.0</ele><time>2025-09-19T16:07:44Z</time></trkpt>
      <trkpt lat="48.724536" lon="2.054244"><ele>122.8</ele><time>2025-09-19T16:07:45Z</time></trkpt>
      <trkpt lat="48.724506" lon="2.054480"><ele>122.7</ele><time>2025-09-19T16:07:46Z</time></trkpt>
      <trkpt lat="48.724461" lon="2.054704"><ele>122.2</ele><time>2025-09-19T16:07:47Z</time></trkpt>
      <trkpt lat="48.724400" lon="2.054922"><ele>121.9</ele><time>2025-09-19T16:07:48Z</time></trkpt>
      <trkpt lat="48.724323" lon="2.055139"><ele>122.5</ele><time>2025-09-19T16:07:49Z</time></trkpt>
      <trkpt lat="48.724230" lon="2.055342"><ele>123.5</ele><time>2025-09-19T16:07:50Z</time></trkpt>
      <trkpt lat="48.724097" lon="2.055510"><ele>123.8</ele><time>2025-09-19T16:07:51Z</time></trkpt>
      <trkpt lat="48.723940" lon="2.055666"><ele>124.1</ele><time>2025-09-19T16:07:52Z</time></trkpt>
      <trkpt lat="48.723752" lon="2.055812"><ele>123.9</ele><time>2025-09-19T16:07:53Z</time></trkpt>
      <trkpt lat="48.723548" lon="2.055957"><ele>123.2</ele><time>2025-09-19T16:07:54Z</time></trkpt>
      <trkpt lat="48.723337" lon="2.056099"><ele>121.0</ele><time>2025-09-19T16:07:55Z</time></trkpt>
      <trkpt lat="48.723132" lon="2.056268"><ele>119.0</ele><time>2025-09-19T16:07:56Z</time></trkpt>
      <trkpt lat="48.722940" lon="2.056456"><ele>118.5</ele><time>2025-09-19T16:07:57Z</time></trkpt>
      <trkpt lat="48.722766" lon="2.056673"><ele>117.4</ele><time>2025-09-19T16:07:58Z</time></trkpt>
      <trkpt lat="48.722612" lon="2.056930"><ele>116.8</ele><time>2025-09-19T16:07:59Z</time></trkpt>
      <trkpt lat="48.722475" lon="2.057214"><ele>116.5</ele><time>2025-09-19T16:08:00Z</time></trkpt>
      <trkpt lat="48.722356" lon="2.057495"><ele>116.4</ele><time>2025-09-19T16:08:01Z</time></trkpt>
      <trkpt lat="48.722244" lon="2.057752"><ele>115.7</ele><time>2025-09-19T16:08:02Z</time></trkpt>
      <trkpt lat="48.722130" lon="2.057993"><ele>114.7</ele><time>2025-09-19T16:08:03Z</time></trkpt>
      <trkpt lat="48.722006" lon="2.058220"><ele>113.5</ele><time>2025-09-19T16:08:04Z</time></trkpt>
      <trkpt lat="48.721861" lon="2.058431"><ele>112.0</ele><time>2025-09-19T16:08:05Z</time></trkpt>
      <trkpt lat="48.721690" lon="2.058638"><ele>111.3</ele><time>2025-09-19T16:08:06Z</time></trkpt>
      <trkpt lat="48.721494" lon="2.058862"><ele>110.0</ele><time>2025-09-19T16:08:07Z</time></trkpt>
      <trkpt lat="48.721291" lon="2.059098"><ele>108.6</ele><time>2025-09-19T16:08:08Z</time></trkpt>
      <trkpt lat="48.721100" lon="2.059326"><ele>108.1</ele><time>2025-09-19T16:08:09Z</time></trkpt>
      <trkpt lat="48.720916" lon="2.059532"><ele>107.4</ele><time>2025-09-19T16:08:10Z</time></trkpt>
      <trkpt lat="48.720740" lon="2.059714"><ele>106.6</ele><time>2025-09-19T16:08:11Z</time></trkpt>
      <trkpt lat="48.720567" lon="2.059875"><ele>106.3</ele><time>2025-09-19T16:08:12Z</time></trkpt>
      <trkpt lat="48.720394" lon="2.060019"><ele>105.6</ele><time>2025-09-19T16:08:13Z</time></trkpt>
      <trkpt lat="48.720231" lon="2.060146"><ele>105.5</ele><time>2025-09-19T16:08:14Z</time></trkpt>
      <trkpt lat="48.720072" lon="2.060262"><ele>105.4</ele><time>2025-09-19T16:08:15Z</time></trkpt>
      <trkpt lat="48.719918" lon="2.060372"><ele>105.8</ele><time>2025-09-19T16:08:16Z</time></trkpt>
      <trkpt lat="48.719764" lon="2.060469"><ele>106.1</ele><time>2025-09-19T16:08:17Z</time></trkpt>
      <trkpt lat="48.719606" lon="2.060557"><ele>105.6</ele><time>2025-09-19T16:08:18Z</time></trkpt>
      <trkpt lat="48.719452" lon="2.060636"><ele>105.4</ele><time>2025-09-19T16:08:19Z</time></trkpt>
      <trkpt lat="48.719300" lon="2.060707"><ele>105.4</ele><time>2025-09-19T16:08:20Z</time></trkpt>
      <trkpt lat="48.719146" lon="2.060768"><ele>104.8</ele><time>2025-09-19T16:08:21Z</time></trkpt>
      <trkpt lat="48.718995" lon="2.060821"><ele>104.5</ele><time>2025-09-19T16:08:22Z</time></trkpt>
      <trkpt lat="48.718843" lon="2.060876"><ele>103.9</ele><time>2025-09-19T16:08:23Z</time></trkpt>
      <trkpt lat="48.718694" lon="2.060920"><ele>103.5</ele><time>2025-09-19T16:08:24Z</time></trkpt>
      <trkpt lat="48.718555" lon="2.060960"><ele>103.9</ele><time>2025-09-19T16:08:25Z</time></trkpt>
      <trkpt lat="48.718418" lon="2.061004"><ele>103.6</ele><time>2025-09-19T16:08:26Z</time></trkpt>
      <trkpt lat="48.718283" lon="2.061045"><ele>102.8</ele><time>2025-09-19T16:08:27Z</time></trkpt>
      <trkpt lat="48.718152" lon="2.061087"><ele>102.5</ele><time>2025-09-19T16:08:28Z</time></trkpt>
      <trkpt lat="48.718025" lon="2.061136"><ele>102.5</ele><time>2025-09-19T16:08:29Z</time></trkpt>
      <trkpt lat="48.717897" lon="2.061195"><ele>102.8</ele><time>2025-09-19T16:08:30Z</time></trkpt>
      <trkpt lat="48.717770" lon="2.061260"><ele>102.6</ele><time>2025-09-19T16:08:31Z</time></trkpt>
      <trkpt lat="48.717646" lon="2.061332"><ele>102.6</ele><time>2025-09-19T16:08:32Z</time></trkpt>
      <trkpt lat="48.717523" lon="2.061411"><ele>102.4</ele><time>2025-09-19T16:08:33Z</time></trkpt>
      <trkpt lat="48.717400" lon="2.061497"><ele>102.8</ele><time>2025-09-19T16:08:34Z</time></trkpt>
      <trkpt lat="48.717277" lon="2.061596"><ele>103.3</ele><time>2025-09-19T16:08:35Z</time></trkpt>
      <trkpt lat="48.717156" lon="2.061688"><ele>103.7</ele><time>2025-09-19T16:08:36Z</time></trkpt>
      <trkpt lat="48.717044" lon="2.061762"><ele>103.9</ele><time>2025-09-19T16:08:37Z</time></trkpt>
      <trkpt lat="48.716946" lon="2.061827"><ele>104.0</ele><time>2025-09-19T16:08:38Z</time></trkpt>
      <trkpt lat="48.716865" lon="2.061887"><ele>104.7</ele><time>2025-09-19T16:08:39Z</time></trkpt>
      <trkpt lat="48.716792" lon="2.061941"><ele>104.8</ele><time>2025-09-19T16:08:40Z</time></trkpt>
      <trkpt lat="48.716727" lon="2.061992"><ele>105.4</ele><time>2025-09-19T16:08:41Z</time></trkpt>
      <trkpt lat="48.716660" lon="2.062034"><ele>105.1</ele><time>2025-09-19T16:08:42Z</time></trkpt>
      <trkpt lat="48.716605" lon="2.062063"><ele>105.3</ele><time>2025-09-19T16:08:43Z</time></trkpt>
      <trkpt lat="48.716563" lon="2.062085"><ele>105.3</ele><time>2025-09-19T16:08:44Z</time></trkpt>
      <trkpt lat="48.716538" lon="2.062107"><ele>105.3</ele><time>2025-09-19T16:08:45Z</time></trkpt>
      <trkpt lat="48.716533" lon="2.062137"><ele>106.1</ele><time>2025-09-19T16:08:46Z</time></trkpt>
      <trkpt lat="48.716533" lon="2.062163"><ele>105.1</ele><time>2025-09-19T16:08:47Z</time></trkpt>
      <trkpt lat="48.716548" lon="2.062177"><ele>104.6</ele><time>2025-09-19T16:08:48Z</time></trkpt>
      <trkpt lat="48.716574" lon="2.062174"><ele>104.6</ele><time>2025-09-19T16:08:49Z</time></trkpt>
      <trkpt lat="48.716614" lon="2.062139"><ele>104.5</ele><time>2025-09-19T16:08:50Z</time></trkpt>
      <trkpt lat="48.716676" lon="2.062073"><ele>104.3</ele><time>2025-09-19T16:08:51Z</time></trkpt>
      <trkpt lat="48.716764" lon="2.061996"><ele>104.7</ele><time>2025-09-19T16:08:52Z</time></trkpt>
      <trkpt lat="48.716873" lon="2.061913"><ele>105.1</ele><time>2025-09-19T16:08:53Z</time></trkpt>
      <trkpt lat="48.716996" lon="2.061824"><ele>105.2</ele><time>2025-09-19T16:08:54Z</time></trkpt>
      <trkpt lat="48.717126" lon="2.061721"><ele>104.9</ele><time>2025-09-19T16:08:55Z</time></trkpt>
      <trkpt lat="48.717261" lon="2.061612"><ele>104.7</ele><time>2025-09-19T16:08:56Z</time></trkpt>
      <trkpt lat="48.717419" lon="2.061508"><ele>105.6</ele><time>2025-09-19T16:08:57Z</time></trkpt>
      <trkpt lat="48.717567" lon="2.061406"><ele>104.7</ele><time>2025-09-19T16:08:58Z</time></trkpt>
      <trkpt lat="48.717719" lon="2.061315"><ele>103.8</ele><time>2025-09-19T16:08:59Z</time></trkpt>
      <trkpt lat="48.717872" lon="2.061231"><ele>104.3</ele><time>2025-09-19T16:09:00Z</time></trkpt>
      <trkpt lat="48.718030" lon="2.061157"><ele>103.8</ele><time>2025-09-19T16:09:01Z</time></trkpt>
      <trkpt lat="48.718197" lon="2.061095"><ele>103.9</ele><time>2025-09-19T16:09:02Z</time></trkpt>
      <trkpt lat="48.718372" lon="2.061036"><ele>104.7</ele><time>2025-09-19T16:09:03Z</time></trkpt>
      <trkpt lat="48.718545" lon="2.060980"><ele>105.1</ele><time>2025-09-19T16:09:04Z</time></trkpt>
      <trkpt lat="48.718709" lon="2.060922"><ele>105.1</ele><time>2025-09-19T16:09:05Z</time></trkpt>
      <trkpt lat="48.718885" lon="2.060851"><ele>105.2</ele><time>2025-09-19T16:09:06Z</time></trkpt>
      <trkpt lat="48.719067" lon="2.060785"><ele>104.9</ele><time>2025-09-19T16:09:07Z</time></trkpt>
      <trkpt lat="48.719245" lon="2.060712"><ele>104.5</ele><time>2025-09-19T16:09:08Z</time></trkpt>
      <trkpt lat="48.719430" lon="2.060621"><ele>104.3</ele><time>2025-09-19T16:09:09Z</time></trkpt>
      <trkpt lat="48.719618" lon="2.060518"><ele>104.3</ele><time>2025-09-19T16:09:10Z</time></trkpt>
      <trkpt lat="48.719813" lon="2.060398"><ele>104.4</ele><time>2025-09-19T16:09:11Z</time></trkpt>
      <trkpt lat="48.720011" lon="2.060270"><ele>104.2</ele><time>2025-09-19T16:09:12Z</time></trkpt>
      <trkpt lat="48.720208" lon="2.060127"><ele>104.2</ele><time>2025-09-19T16:09:13Z</time></trkpt>
      <trkpt lat="48.720411" lon="2.059964"><ele>104.2</ele><time>2025-09-19T16:09:14Z</time></trkpt>
      <trkpt lat="48.720614" lon="2.059785"><ele>104.4</ele><time>2025-09-19T16:09:15Z</time></trkpt>
      <trkpt lat="48.720812" lon="2.059597"><ele>105.2</ele><time>2025-09-19T16:09:16Z</time></trkpt>
      <trkpt lat="48.720997" lon="2.059405"><ele>105.8</ele><time>2025-09-19T16:09:17Z</time></trkpt>
      <trkpt lat="48.721177" lon="2.059205"><ele>105.7</ele><time>2025-09-19T16:09:18Z</time></trkpt>
      <trkpt lat="48.721354" lon="2.059005"><ele>106.1</ele><time>2025-09-19T16:09:19Z</time></trkpt>
      <trkpt lat="48.721519" lon="2.058815"><ele>107.0</ele><time>2025-09-19T16:09:20Z</time></trkpt>
      <trkpt lat="48.721670" lon="2.058639"><ele>107.9</ele><time>2025-09-19T16:09:21Z</time></trkpt>
      <trkpt lat="48.721812" lon="2.058472"><ele>108.6</ele><time>2025-09-19T16:09:22Z</time></trkpt>
      <trkpt lat="48.721949" lon="2.058273"><ele>109.6</ele><time>2025-09-19T16:09:23Z</time></trkpt>
      <trkpt lat="48.722077" lon="2.058029"><ele>109.2</ele><time>2025-09-19T16:09:24Z</time></trkpt>
      <trkpt lat="48.722198" lon="2.057773"><ele>109.3</ele><time>2025-09-19T16:09:25Z</time></trkpt>
      <trkpt lat="48.722307" lon="2.057523"><ele>109.2</ele><time>2025-09-19T16:09:26Z</time></trkpt>
      <trkpt lat="48.722410" lon="2.057279"><ele>109.0</ele><time>2025-09-19T16:09:27Z</time></trkpt>
      <trkpt lat="48.722517" lon="2.057038"><ele>108.3</ele><time>2025-09-19T16:09:28Z</time></trkpt>
      <trkpt lat="48.722638" lon="2.056815"><ele>107.9</ele><time>2025-09-19T16:09:29Z</time></trkpt>
      <trkpt lat="48.722775" lon="2.056611"><ele>107.3</ele><time>2025-09-19T16:09:30Z</time></trkpt>
      <trkpt lat="48.722927" lon="2.056430"><ele>106.6</ele><time>2025-09-19T16:09:31Z</time></trkpt>
      <trkpt lat="48.723096" lon="2.056265"><ele>105.9</ele><time>2025-09-19T16:09:32Z</time></trkpt>
      <trkpt lat="48.723267" lon="2.056123"><ele>105.1</ele><time>2025-09-19T16:09:33Z</time></trkpt>
      <trkpt lat="48.723433" lon="2.055994"><ele>104.6</ele><time>2025-09-19T16:09:34Z</time></trkpt>
      <trkpt lat="48.723586" lon="2.055880"><ele>104.1</ele><time>2025-09-19T16:09:35Z</time></trkpt>
      <trkpt lat="48.723726" lon="2.055772"><ele>103.3</ele><time>2025-09-19T16:09:36Z</time></trkpt>
      <trkpt lat="48.723853" lon="2.055662"><ele>102.2</ele><time>2025-09-19T16:09:37Z</time></trkpt>
      <trkpt lat="48.723973" lon="2.055537"><ele>102.2</ele><time>2025-09-19T16:09:38Z</time></trkpt>
      <trkpt lat="48.724083" lon="2.055384"><ele>101.8</ele><time>2025-09-19T16:09:39Z</time></trkpt>
      <trkpt lat="48.724184" lon="2.055206"><ele>101.0</ele><time>2025-09-19T16:09:40Z</time></trkpt>
      <trkpt lat="48.724271" lon="2.055006"><ele>100.7</ele><time>2025-09-19T16:09:41Z</time></trkpt>
      <trkpt lat="48.724342" lon="2.054782"><ele>100.3</ele><time>2025-09-19T16:09:42Z</time></trkpt>
      <trkpt lat="48.724393" lon="2.054521"><ele>100.2</ele><time>2025-09-19T16:09:43Z</time></trkpt>
      <trkpt lat="48.724429" lon="2.054232"><ele>99.8</ele><time>2025-09-19T16:09:44Z</time></trkpt>
      <trkpt lat="48.724458" lon="2.053946"><ele>99.4</ele><time>2025-09-19T16:09:45Z</time></trkpt>
      <trkpt lat="48.724486" lon="2.053673"><ele>99.1</ele><time>2025-09-19T16:09:46Z</time></trkpt>
      <trkpt lat="48.724512" lon="2.053401"><ele>99.0</ele><time>2025-09-19T16:09:47Z</time></trkpt>
      <trkpt lat="48.724529" lon="2.053125"><ele>98.6</ele><time>2025-09-19T16:09:48Z</time></trkpt>
      <trkpt lat="48.724541" lon="2.052847"><ele>98.5</ele><time>2025-09-19T16:09:49Z</time></trkpt>
      <trkpt lat="48.724547" lon="2.052578"><ele>98.3</ele><time>2025-09-19T16:09:50Z</time></trkpt>
      <trkpt lat="48.724552" lon="2.052323"><ele>98.1</ele><time>2025-09-19T16:09:51Z</time></trkpt>
      <trkpt lat="48.724556" lon="2.052087"><ele>97.8</ele><time>2025-09-19T16:09:52Z</time></trkpt>
      <trkpt lat="48.724562" lon="2.051866"><ele>97.4</ele><time>2025-09-19T16:09:53Z</time></trkpt>
      <trkpt lat="48.724581" lon="2.051654"><ele>97.3</ele><time>2025-09-19T16:09:54Z</time></trkpt>
      <trkpt lat="48.724619" lon="2.051446"><ele>96.7</ele><time>2025-09-19T16:09:55Z</time></trkpt>
      <trkpt lat="48.724680" lon="2.051242"><ele>96.5</ele><time>2025-09-19T16:09:56Z</time></trkpt>
      <trkpt lat="48.724764" lon="2.051038"><ele>96.0</ele><time>2025-09-19T16:09:57Z</time></trkpt>
      <trkpt lat="48.724849" lon="2.050853"><ele>95.0</ele><time>2025-09-19T16:09:58Z</time></trkpt>
      <trkpt lat="48.724921" lon="2.050645"><ele>93.9</ele><time>2025-09-19T16:09:59Z</time></trkpt>
      <trkpt lat="48.725017" lon="2.050460"><ele>93.6</ele><time>2025-09-19T16:10:00Z</time></trkpt>
      <trkpt lat="48.725107" lon="2.050289"><ele>93.9</ele><time>2025-09-19T16:10:01Z</time></trkpt>
      <trkpt lat="48.725191" lon="2.050121"><ele>94.0</ele><time>2025-09-19T16:10:02Z</time></trkpt>
      <trkpt lat="48.725259" lon="2.049949"><ele>93.8</ele><time>2025-09-19T16:10:03Z</time></trkpt>
      <trkpt lat="48.725319" lon="2.049787"><ele>93.7</ele><time>2025-09-19T16:10:04Z</time></trkpt>
      <trkpt lat="48.725367" lon="2.049631"><ele>93.2</ele><time>2025-09-19T16:10:05Z</time></trkpt>
      <trkpt lat="48.725407" lon="2.049487"><ele>93.2</ele><time>2025-09-19T16:10:06Z</time></trkpt>
      <trkpt lat="48.725441" lon="2.049367"><ele>94.1</ele><time>2025-09-19T16:10:07Z</time></trkpt>
      <trkpt lat="48.725468" lon="2.049272"><ele>95.1</ele><time>2025-09-19T16:10:08Z</time></trkpt>
      <trkpt lat="48.725494" lon="2.049197"><ele>96.0</ele><time>2025-09-19T16:10:09Z</time></trkpt>
      <trkpt lat="48.725517" lon="2.049123"><ele>96.0</ele><time>2025-09-19T16:10:10Z</time></trkpt>
      <trkpt lat="48.725541" lon="2.049042"><ele>95.8</ele><time>2025-09-19T16:10:11Z</time></trkpt>
      <trkpt lat="48.725568" lon="2.048955"><ele>96.8</ele><time>2025-09-19T16:10:12Z</time></trkpt>
      <trkpt lat="48.725593" lon="2.048866"><ele>97.8</ele><time>2025-09-19T16:10:13Z</time></trkpt>
      <trkpt lat="48.725611" lon="2.048779"><ele>97.7</ele><time>2025-09-19T16:10:14Z</time></trkpt>
      <trkpt lat="48.725625" lon="2.048681"><ele>97.5</ele><time>2025-09-19T16:10:15Z</time></trkpt>
      <trkpt lat="48.725639" lon="2.048561"><ele>98.0</ele><time>2025-09-19T16:10:16Z</time></trkpt>
      <trkpt lat="48.725640" lon="2.048423"><ele>98.4</ele><time>2025-09-19T16:10:17Z</time></trkpt>
      <trkpt lat="48.725640" lon="2.048264"><ele>98.9</ele><time>2025-09-19T16:10:18Z</time></trkpt>
      <trkpt lat="48.725630" lon="2.048101"><ele>99.7</ele><time>2025-09-19T16:10:19Z</time></trkpt>
      <trkpt lat="48.725617" lon="2.047924"><ele>100.5</ele><time>2025-09-19T16:10:20Z</time></trkpt>
      <trkpt lat="48.725598" lon="2.047729"><ele>100.8</ele><time>2025-09-19T16:10:21Z</time></trkpt>
      <trkpt lat="48.725561" lon="2.047518"><ele>100.4</ele><time>2025-09-19T16:10:22Z</time></trkpt>
      <trkpt lat="48.725509" lon="2.047297"><ele>100.3</ele><time>2025-09-19T16:10:23Z</time></trkpt>
      <trkpt lat="48.725451" lon="2.047076"><ele>100.0</ele><time>2025-09-19T16:10:24Z</time></trkpt>
      <trkpt lat="48.725401" lon="2.046867"><ele>99.7</ele><time>2025-09-19T16:10:25Z</time></trkpt>
      <trkpt lat="48.725369" lon="2.046667"><ele>99.3</ele><time>2025-09-19T16:10:26Z</time></trkpt>
      <trkpt lat="48.725368" lon="2.046472"><ele>99.1</ele><time>2025-09-19T16:10:27Z</time></trkpt>
      <trkpt lat="48.725400" lon="2.046266"><ele>99.5</ele><time>2025-09-19T16:10:28Z</time></trkpt>
      <trkpt lat="48.725450" lon="2.046044"><ele>99.5</ele><time>2025-09-19T16:10:29Z</time></trkpt>
      <trkpt lat="48.725489" lon="2.045818"><ele>99.4</ele><time>2025-09-19T16:10:30Z</time></trkpt>
      <trkpt lat="48.725527" lon="2.045588"><ele>100.1</ele><time>2025-09-19T16:10:31Z</time></trkpt>
      <trkpt lat="48.725514" lon="2.045319"><ele>100.0</ele><time>2025-09-19T16:10:32Z</time></trkpt>
      <trkpt lat="48.725471" lon="2.045063"><ele>100.3</ele><time>2025-09-19T16:10:33Z</time></trkpt>
      <trkpt lat="48.725432" lon="2.044825"><ele>100.2</ele><time>2025-09-19T16:10:34Z</time></trkpt>
      <trkpt lat="48.725430" lon="2.044600"><ele>100.9</ele><time>2025-09-19T16:10:35Z</time></trkpt>
      <trkpt lat="48.725465" lon="2.044367"><ele>102.4</ele><time>2025-09-19T16:10:36Z</time></trkpt>
      <trkpt lat="48.725523" lon="2.044120"><ele>102.5</ele><time>2025-09-19T16:10:37Z</time></trkpt>
      <trkpt lat="48.725607" lon="2.043860"><ele>104.2</ele><time>2025-09-19T16:10:38Z</time></trkpt>
      <trkpt lat="48.725701" lon="2.043590"><ele>107.6</ele><time>2025-09-19T16:10:39Z</time></trkpt>
      <trkpt lat="48.725770" lon="2.043322"><ele>107.4</ele><time>2025-09-19T16:10:40Z</time></trkpt>
      <trkpt lat="48.725838" lon="2.043073"><ele>107.6</ele><time>2025-09-19T16:10:41Z</time></trkpt>
      <trkpt lat="48.725907" lon="2.042835"><ele>106.5</ele><time>2025-09-19T16:10:42Z</time></trkpt>
      <trkpt lat="48.726004" lon="2.042619"><ele>106.4</ele><time>2025-09-19T16:10:43Z</time></trkpt>
      <trkpt lat="48.726131" lon="2.042420"><ele>107.1</ele><time>2025-09-19T16:10:44Z</time></trkpt>
      <trkpt lat="48.726265" lon="2.042228"><ele>108.1</ele><time>2025-09-19T16:10:45Z</time></trkpt>
      <trkpt lat="48.726371" lon="2.042018"><ele>107.1</ele><time>2025-09-19T16:10:46Z</time></trkpt>
      <trkpt lat="48.726456" lon="2.041784"><ele>104.1</ele><time>2025-09-19T16:10:47Z</time></trkpt>
      <trkpt lat="48.726530" lon="2.041527"><ele>102.1</ele><time>2025-09-19T16:10:48Z</time></trkpt>
      <trkpt lat="48.726585" lon="2.041238"><ele>100.1</ele><time>2025-09-19T16:10:49Z</time></trkpt>
      <trkpt lat="48.726634" lon="2.040955"><ele>98.5</ele><time>2025-09-19T16:10:50Z</time></trkpt>
      <trkpt lat="48.726683" lon="2.040694"><ele>98.2</ele><time>2025-09-19T16:10:51Z</time></trkpt>
      <trkpt lat="48.726735" lon="2.040458"><ele>98.7</ele><time>2025-09-19T16:10:52Z</time></trkpt>
      <trkpt lat="48.726784" lon="2.040239"><ele>98.9</ele><time>2025-09-19T16:10:53Z</time></trkpt>
      <trkpt lat="48.726817" lon="2.040037"><ele>98.8</ele><time>2025-09-19T16:10:54Z</time></trkpt>
      <trkpt lat="48.726842" lon="2.039852"><ele>98.4</ele><time>2025-09-19T16:10:55Z</time></trkpt>
      <trkpt lat="48.726869" lon="2.039690"><ele>100.5</ele><time>2025-09-19T16:10:56Z</time></trkpt>
      <trkpt lat="48.726877" lon="2.039546"><ele>103.8</ele><time>2025-09-19T16:10:57Z</time></trkpt>
      <trkpt lat="48.726830" lon="2.039395"><ele>104.2</ele><time>2025-09-19T16:10:58Z</time></trkpt>
      <trkpt lat="48.726745" lon="2.039252"><ele>106.9</ele><time>2025-09-19T16:10:59Z</time></trkpt>
      <trkpt lat="48.726657" lon="2.039115"><ele>108.8</ele><time>2025-09-19T16:11:00Z</time></trkpt>
      <trkpt lat="48.726580" lon="2.038973"><ele>108.9</ele><time>2025-09-19T16:11:01Z</time></trkpt>
      <trkpt lat="48.726532" lon="2.038841"><ele>111.2</ele><time>2025-09-19T16:11:02Z</time></trkpt>
      <trkpt lat="48.726530" lon="2.038709"><ele>119.6</ele><time>2025-09-19T16:11:03Z</time></trkpt>
      <trkpt lat="48.726521" lon="2.038559"><ele>121.9</ele><time>2025-09-19T16:11:04Z</time></trkpt>
      <trkpt lat="48.726543" lon="2.038357"><ele>122.7</ele><time>2025-09-19T16:11:05Z</time></trkpt>
      <trkpt lat="48.726570" lon="2.038146"><ele>123.3</ele><time>2025-09-19T16:11:06Z</time></trkpt>
      <trkpt lat="48.726571" lon="2.037929"><ele>124.4</ele><time>2025-09-19T16:11:07Z</time></trkpt>
      <trkpt lat="48.726550" lon="2.037686"><ele>125.8</ele><time>2025-09-19T16:11:08Z</time></trkpt>
      <trkpt lat="48.726523" lon="2.037438"><ele>124.9</ele><time>2025-09-19T16:11:09Z</time></trkpt>
      <trkpt lat="48.726504" lon="2.037225"><ele>127.4</ele><time>2025-09-19T16:11:10Z</time></trkpt>
      <trkpt lat="48.726520" lon="2.037022"><ele>129.4</ele><time>2025-09-19T16:11:11Z</time></trkpt>
      <trkpt lat="48.726551" lon="2.036816"><ele>130.8</ele><time>2025-09-19T16:11:12Z</time></trkpt>
      <trkpt lat="48.726615" lon="2.036635"><ele>133.5</ele><time>2025-09-19T16:11:13Z</time></trkpt>
      <trkpt lat="48.726672" lon="2.036454"><ele>134.6</ele><time>2025-09-19T16:11:14Z</time></trkpt>
      <trkpt lat="48.726739" lon="2.036246"><ele>134.0</ele><time>2025-09-19T16:11:15Z</time></trkpt>
      <trkpt lat="48.726805" lon="2.036063"><ele>135.4</ele><time>2025-09-19T16:11:16Z</time></trkpt>
      <trkpt lat="48.726854" lon="2.035853"><ele>135.8</ele><time>2025-09-19T16:11:17Z</time></trkpt>
      <trkpt lat="48.726882" lon="2.035604"><ele>136.0</ele><time>2025-09-19T16:11:18Z</time></trkpt>
      <trkpt lat="48.726905" lon="2.035292"><ele>134.1</ele><time>2025-09-19T16:11:19Z</time></trkpt>
      <trkpt lat="48.726940" lon="2.034964"><ele>136.1</ele><time>2025-09-19T16:11:20Z</time></trkpt>
      <trkpt lat="48.726982" lon="2.034615"><ele>134.0</ele><time>2025-09-19T16:11:21Z</time></trkpt>
      <trkpt lat="48.727007" lon="2.034305"><ele>134.2</ele><time>2025-09-19T16:11:22Z</time></trkpt>
      <trkpt lat="48.726997" lon="2.033982"><ele>133.7</ele><time>2025-09-19T16:11:23Z</time></trkpt>
      <trkpt lat="48.726970" lon="2.033637"><ele>137.2</ele><time>2025-09-19T16:11:24Z</time></trkpt>
      <trkpt lat="48.726923" lon="2.033235"><ele>132.8</ele><time>2025-09-19T16:11:25Z</time></trkpt>
      <trkpt lat="48.726866" lon="2.032856"><ele>127.3</ele><time>2025-09-19T16:11:26Z</time></trkpt>
      <trkpt lat="48.726821" lon="2.032528"><ele>125.4</ele><time>2025-09-19T16:11:27Z</time></trkpt>
      <trkpt lat="48.726780" lon="2.032227"><ele>123.9</ele><time>2025-09-19T16:11:28Z</time></trkpt>
      <trkpt lat="48.726756" lon="2.031940"><ele>121.7</ele><time>2025-09-19T16:11:29Z</time></trkpt>
      <trkpt lat="48.726726" lon="2.031664"><ele>119.1</ele><time>2025-09-19T16:11:30Z</time></trkpt>
      <trkpt lat="48.726729" lon="2.031410"><ele>118.2</ele><time>2025-09-19T16:11:31Z</time></trkpt>
      <trkpt lat="48.726757" lon="2.031147"><ele>116.3</ele><time>2025-09-19T16:11:32Z</time></trkpt>
      <trkpt lat="48.726818" lon="2.030857"><ele>115.3</ele><time>2025-09-19T16:11:33Z</time></trkpt>
      <trkpt lat="48.726893" lon="2.030547"><ele>114.2</ele><time>2025-09-19T16:11:34Z</time></trkpt>
      <trkpt lat="48.726967" lon="2.030241"><ele>113.4</ele><time>2025-09-19T16:11:35Z</time></trkpt>
      <trkpt lat="48.727035" lon="2.029949"><ele>112.4</ele><time>2025-09-19T16:11:36Z</time></trkpt>
      <trkpt lat="48.727091" lon="2.029655"><ele>111.5</ele><time>2025-09-19T16:11:37Z</time></trkpt>
      <trkpt lat="48.727136" lon="2.029335"><ele>110.8</ele><time>2025-09-19T16:11:38Z</time></trkpt>
      <trkpt lat="48.727160" lon="2.028984"><ele>109.7</ele><time>2025-09-19T16:11:39Z</time></trkpt>
      <trkpt lat="48.727170" lon="2.028614"><ele>108.9</ele><time>2025-09-19T16:11:40Z</time></trkpt>
      <trkpt lat="48.727191" lon="2.028267"><ele>108.6</ele><time>2025-09-19T16:11:41Z</time></trkpt>
      <trkpt lat="48.727193" lon="2.027939"><ele>108.1</ele><time>2025-09-19T16:11:42Z</time></trkpt>
      <trkpt lat="48.727192" lon="2.027629"><ele>107.4</ele><time>2025-09-19T16:11:43Z</time></trkpt>
      <trkpt lat="48.727203" lon="2.027325"><ele>107.2</ele><time>2025-09-19T16:11:44Z</time></trkpt>
      <trkpt lat="48.727208" lon="2.027002"><ele>107.3</ele><time>2025-09-19T16:11:45Z</time></trkpt>
      <trkpt lat="48.727219" lon="2.026681"><ele>107.0</ele><time>2025-09-19T16:11:46Z</time></trkpt>
      <trkpt lat="48.727232" lon="2.026388"><ele>107.5</ele><time>2025-09-19T16:11:47Z</time></trkpt>
      <trkpt lat="48.727243" lon="2.026118"><ele>107.5</ele><time>2025-09-19T16:11:48Z</time></trkpt>
      <trkpt lat="48.727249" lon="2.025877"><ele>108.1</ele><time>2025-09-19T16:11:49Z</time></trkpt>
      <trkpt lat="48.727260" lon="2.025660"><ele>107.7</ele><time>2025-09-19T16:11:50Z</time></trkpt>
      <trkpt lat="48.727295" lon="2.025469"><ele>107.9</ele><time>2025-09-19T16:11:51Z</time></trkpt>
      <trkpt lat="48.727362" lon="2.025298"><ele>108.1</ele><time>2025-09-19T16:11:52Z</time></trkpt>
      <trkpt lat="48.727463" lon="2.025155"><ele>108.7</ele><time>2025-09-19T16:11:53Z</time></trkpt>
      <trkpt lat="48.727600" lon="2.025032"><ele>110.2</ele><time>2025-09-19T16:11:54Z</time></trkpt>
      <trkpt lat="48.727765" lon="2.024915"><ele>112.0</ele><time>2025-09-19T16:11:55Z</time></trkpt>
      <trkpt lat="48.727924" lon="2.024783"><ele>113.3</ele><time>2025-09-19T16:11:56Z</time></trkpt>
      <trkpt lat="48.728098" lon="2.024649"><ele>113.2</ele><time>2025-09-19T16:11:57Z</time></trkpt>
      <trkpt lat="48.728270" lon="2.024516"><ele>113.1</ele><time>2025-09-19T16:11:58Z</time></trkpt>
      <trkpt lat="48.728440" lon="2.024384"><ele>113.6</ele><time>2025-09-19T16:11:59Z</time></trkpt>
      <trkpt lat="48.728609" lon="2.024259"><ele>113.8</ele><time>2025-09-19T16:12:00Z</time></trkpt>
      <trkpt lat="48.728777" lon="2.024132"><ele>113.1</ele><time>2025-09-19T16:12:01Z</time></trkpt>
      <trkpt lat="48.728941" lon="2.024004"><ele>111.9</ele><time>2025-09-19T16:12:02Z</time></trkpt>
      <trkpt lat="48.729101" lon="2.023881"><ele>111.2</ele><time>2025-09-19T16:12:03Z</time></trkpt>
      <trkpt lat="48.729256" lon="2.023768"><ele>111.3</ele><time>2025-09-19T16:12:04Z</time></trkpt>
      <trkpt lat="48.729400" lon="2.023659"><ele>111.5</ele><time>2025-09-19T16:12:05Z</time></trkpt>
      <trkpt lat="48.729542" lon="2.023554"><ele>111.6</ele><time>2025-09-19T16:12:06Z</time></trkpt>
      <trkpt lat="48.729681" lon="2.023450"><ele>112.1</ele><time>2025-09-19T16:12:07Z</time></trkpt>
      <trkpt lat="48.729815" lon="2.023345"><ele>111.9</ele><time>2025-09-19T16:12:08Z</time></trkpt>
      <trkpt lat="48.729944" lon="2.023246"><ele>111.7</ele><time>2025-09-19T16:12:09Z</time></trkpt>
      <trkpt lat="48.730066" lon="2.023158"><ele>112.2</ele><time>2025-09-19T16:12:10Z</time></trkpt>
      <trkpt lat="48.730184" lon="2.023069"><ele>112.1</ele><time>2025-09-19T16:12:11Z</time></trkpt>
      <trkpt lat="48.730297" lon="2.022985"><ele>112.2</ele><time>2025-09-19T16:12:12Z</time></trkpt>
      <trkpt lat="48.730402" lon="2.022905"><ele>112.1</ele><time>2025-09-19T16:12:13Z</time></trkpt>
      <trkpt lat="48.730507" lon="2.022817"><ele>112.5</ele><time>2025-09-19T16:12:14Z</time></trkpt>
      <trkpt lat="48.730610" lon="2.022718"><ele>112.7</ele><time>2025-09-19T16:12:15Z</time></trkpt>
      <trkpt lat="48.730711" lon="2.022609"><ele>112.1</ele><time>2025-09-19T16:12:16Z</time></trkpt>
      <trkpt lat="48.730822" lon="2.022498"><ele>112.1</ele><time>2025-09-19T16:12:17Z</time></trkpt>
      <trkpt lat="48.730930" lon="2.022372"><ele>112.6</ele><time>2025-09-19T16:12:18Z</time></trkpt>
      <trkpt lat="48.731048" lon="2.022246"><ele>113.6</ele><time>2025-09-19T16:12:19Z</time></trkpt>
      <trkpt lat="48.731161" lon="2.022113"><ele>114.4</ele><time>2025-09-19T16:12:20Z</time></trkpt>
      <trkpt lat="48.731288" lon="2.021987"><ele>116.6</ele><time>2025-09-19T16:12:21Z</time></trkpt>
      <trkpt lat="48.731407" lon="2.021872"><ele>116.6</ele><time>2025-09-19T16:12:22Z</time></trkpt>
      <trkpt lat="48.731519" lon="2.021770"><ele>118.6</ele><time>2025-09-19T16:12:23Z</time></trkpt>
      <trkpt lat="48.731614" lon="2.021673"><ele>120.1</ele><time>2025-09-19T16:12:24Z</time></trkpt>
      <trkpt lat="48.731704" lon="2.021599"><ele>121.4</ele><time>2025-09-19T16:12:25Z</time></trkpt>
      <trkpt lat="48.731801" lon="2.021552"><ele>123.4</ele><time>2025-09-19T16:12:26Z</time></trkpt>
      <trkpt lat="48.731887" lon="2.021512"><ele>124.9</ele><time>2025-09-19T16:12:27Z</time></trkpt>
      <trkpt lat="48.731980" lon="2.021466"><ele>126.0</ele><time>2025-09-19T16:12:28Z</time></trkpt>
      <trkpt lat="48.732074" lon="2.021414"><ele>126.0</ele><time>2025-09-19T16:12:29Z</time></trkpt>
      <trkpt lat="48.732167" lon="2.021360"><ele>127.0</ele><time>2025-09-19T16:12:30Z</time></trkpt>
      <trkpt lat="48.732253" lon="2.021290"><ele>127.9</ele><time>2025-09-19T16:12:31Z</time></trkpt>
      <trkpt lat="48.732319" lon="2.021178"><ele>127.2</ele><time>2025-09-19T16:12:32Z</time></trkpt>
      <trkpt lat="48.732398" lon="2.021044"><ele>127.3</ele><time>2025-09-19T16:12:33Z</time></trkpt>
      <trkpt lat="48.732483" lon="2.020894"><ele>127.1</ele><time>2025-09-19T16:12:34Z</time></trkpt>
      <trkpt lat="48.732571" lon="2.020740"><ele>127.5</ele><time>2025-09-19T16:12:35Z</time></trkpt>
      <trkpt lat="48.732658" lon="2.020586"><ele>127.5</ele><time>2025-09-19T16:12:36Z</time></trkpt>
      <trkpt lat="48.732746" lon="2.020437"><ele>127.3</ele><time>2025-09-19T16:12:37Z</time></trkpt>
      <trkpt lat="48.732830" lon="2.020293"><ele>126.8</ele><time>2025-09-19T16:12:38Z</time></trkpt>
      <trkpt lat="48.732920" lon="2.020158"><ele>127.2</ele><time>2025-09-19T16:12:39Z</time></trkpt>
      <trkpt lat="48.733004" lon="2.020015"><ele>127.6</ele><time>2025-09-19T16:12:40Z</time></trkpt>
      <trkpt lat="48.733086" lon="2.019864"><ele>127.7</ele><time>2025-09-19T16:12:41Z</time></trkpt>
      <trkpt lat="48.733168" lon="2.019719"><ele>127.7</ele><time>2025-09-19T16:12:42Z</time></trkpt>
      <trkpt lat="48.733247" lon="2.019589"><ele>129.3</ele><time>2025-09-19T16:12:43Z</time></trkpt>
      <trkpt lat="48.733325" lon="2.019460"><ele>130.7</ele><time>2025-09-19T16:12:44Z</time></trkpt>
      <trkpt lat="48.733396" lon="2.019307"><ele>128.9</ele><time>2025-09-19T16:12:45Z</time></trkpt>
      <trkpt lat="48.733477" lon="2.019135"><ele>126.5</ele><time>2025-09-19T16:12:46Z</time></trkpt>
      <trkpt lat="48.733566" lon="2.018967"><ele>124.7</ele><time>2025-09-19T16:12:47Z</time></trkpt>
      <trkpt lat="48.733655" lon="2.018806"><ele>124.7</ele><time>2025-09-19T16:12:48Z</time></trkpt>
      <trkpt lat="48.733738" lon="2.018651"><ele>124.4</ele><time>2025-09-19T16:12:49Z</time></trkpt>
      <trkpt lat="48.733817" lon="2.018492"><ele>123.3</ele><time>2025-09-19T16:12:50Z</time></trkpt>
      <trkpt lat="48.733928" lon="2.018333"><ele>123.8</ele><time>2025-09-19T16:12:51Z</time></trkpt>
      <trkpt lat="48.734057" lon="2.018163"><ele>124.2</ele><time>2025-09-19T16:12:52Z</time></trkpt>
      <trkpt lat="48.734203" lon="2.018016"><ele>124.4</ele><time>2025-09-19T16:12:53Z</time></trkpt>
      <trkpt lat="48.734342" lon="2.017895"><ele>124.4</ele><time>2025-09-19T16:12:54Z</time></trkpt>
      <trkpt lat="48.734465" lon="2.017780"><ele>124.3</ele><time>2025-09-19T16:12:55Z</time></trkpt>
      <trkpt lat="48.734585" lon="2.017668"><ele>124.6</ele><time>2025-09-19T16:12:56Z</time></trkpt>
      <trkpt lat="48.734714" lon="2.017553"><ele>126.5</ele><time>2025-09-19T16:12:57Z</time></trkpt>
      <trkpt lat="48.734854" lon="2.017467"><ele>125.4</ele><time>2025-09-19T16:12:58Z</time></trkpt>
      <trkpt lat="48.734991" lon="2.017384"><ele>124.0</ele><time>2025-09-19T16:12:59Z</time></trkpt>
      <trkpt lat="48.735126" lon="2.017303"><ele>124.1</ele><time>2025-09-19T16:13:00Z</time></trkpt>
      <trkpt lat="48.735261" lon="2.017230"><ele>123.8</ele><time>2025-09-19T16:13:01Z</time></trkpt>
      <trkpt lat="48.735400" lon="2.017163"><ele>123.7</ele><time>2025-09-19T16:13:02Z</time></trkpt>
      <trkpt lat="48.735539" lon="2.017101"><ele>123.8</ele><time>2025-09-19T16:13:03Z</time></trkpt>
      <trkpt lat="48.735686" lon="2.017053"><ele>123.8</ele><time>2025-09-19T16:13:04Z</time></trkpt>
      <trkpt lat="48.735839" lon="2.017023"><ele>123.9</ele><time>2025-09-19T16:13:05Z</time></trkpt>
      <trkpt lat="48.735992" lon="2.017001"><ele>124.6</ele><time>2025-09-19T16:13:06Z</time></trkpt>
      <trkpt lat="48.736143" lon="2.016972"><ele>125.3</ele><time>2025-09-19T16:13:07Z</time></trkpt>
      <trkpt lat="48.736292" lon="2.016948"><ele>126.2</ele><time>2025-09-19T16:13:08Z</time></trkpt>
      <trkpt lat="48.736438" lon="2.016924"><ele>127.3</ele><time>2025-09-19T16:13:09Z</time></trkpt>
      <trkpt lat="48.736578" lon="2.016896"><ele>127.4</ele><time>2025-09-19T16:13:10Z</time></trkpt>
      <trkpt lat="48.736715" lon="2.016875"><ele>128.3</ele><time>2025-09-19T16:13:11Z</time></trkpt>
      <trkpt lat="48.736844" lon="2.016875"><ele>131.4</ele><time>2025-09-19T16:13:12Z</time></trkpt>
      <trkpt lat="48.736967" lon="2.016869"><ele>133.1</ele><time>2025-09-19T16:13:13Z</time></trkpt>
      <trkpt lat="48.737085" lon="2.016865"><ele>132.5</ele><time>2025-09-19T16:13:14Z</time></trkpt>
      <trkpt lat="48.737192" lon="2.016874"><ele>132.2</ele><time>2025-09-19T16:13:15Z</time></trkpt>
      <trkpt lat="48.737293" lon="2.016887"><ele>131.0</ele><time>2025-09-19T16:13:16Z</time></trkpt>
      <trkpt lat="48.737387" lon="2.016902"><ele>129.8</ele><time>2025-09-19T16:13:17Z</time></trkpt>
      <trkpt lat="48.737472" lon="2.016913"><ele>128.9</ele><time>2025-09-19T16:13:18Z</time></trkpt>
      <trkpt lat="48.737555" lon="2.016916"><ele>128.6</ele><time>2025-09-19T16:13:19Z</time></trkpt>
      <trkpt lat="48.737637" lon="2.016922"><ele>127.9</ele><time>2025-09-19T16:13:20Z</time></trkpt>
      <trkpt lat="48.737718" lon="2.016934"><ele>126.5</ele><time>2025-09-19T16:13:21Z</time></trkpt>
      <trkpt lat="48.737803" lon="2.016964"><ele>125.2</ele><time>2025-09-19T16:13:22Z</time></trkpt>
      <trkpt lat="48.737888" lon="2.017014"><ele>123.5</ele><time>2025-09-19T16:13:23Z</time></trkpt>
      <trkpt lat="48.737968" lon="2.017089"><ele>122.5</ele><time>2025-09-19T16:13:24Z</time></trkpt>
      <trkpt lat="48.738037" lon="2.017190"><ele>121.9</ele><time>2025-09-19T16:13:25Z</time></trkpt>
      <trkpt lat="48.738094" lon="2.017306"><ele>121.0</ele><time>2025-09-19T16:13:26Z</time></trkpt>
      <trkpt lat="48.738142" lon="2.017422"><ele>120.4</ele><time>2025-09-19T16:13:27Z</time></trkpt>
      <trkpt lat="48.738185" lon="2.017537"><ele>119.7</ele><time>2025-09-19T16:13:28Z</time></trkpt>
      <trkpt lat="48.738225" lon="2.017650"><ele>118.8</ele><time>2025-09-19T16:13:29Z</time></trkpt>
      <trkpt lat="48.738266" lon="2.017766"><ele>118.3</ele><time>2025-09-19T16:13:30Z</time></trkpt>
      <trkpt lat="48.738310" lon="2.017891"><ele>117.9</ele><time>2025-09-19T16:13:31Z</time></trkpt>
      <trkpt lat="48.738356" lon="2.018025"><ele>117.3</ele><time>2025-09-19T16:13:32Z</time></trkpt>
      <trkpt lat="48.738405" lon="2.018168"><ele>116.6</ele><time>2025-09-19T16:13:33Z</time></trkpt>
      <trkpt lat="48.738455" lon="2.018320"><ele>116.0</ele><time>2025-09-19T16:13:34Z</time></trkpt>
      <trkpt lat="48.738509" lon="2.018483"><ele>115.3</ele><time>2025-09-19T16:13:35Z</time></trkpt>
      <trkpt lat="48.738565" lon="2.018654"><ele>114.7</ele><time>2025-09-19T16:13:36Z</time></trkpt>
      <trkpt lat="48.738622" lon="2.018827"><ele>114.4</ele><time>2025-09-19T16:13:37Z</time></trkpt>
      <trkpt lat="48.738680" lon="2.019003"><ele>113.7</ele><time>2025-09-19T16:13:38Z</time></trkpt>
      <trkpt lat="48.738736" lon="2.019172"><ele>113.2</ele><time>2025-09-19T16:13:39Z</time></trkpt>
      <trkpt lat="48.738790" lon="2.019330"><ele>112.7</ele><time>2025-09-19T16:13:40Z</time></trkpt>
      <trkpt lat="48.738841" lon="2.019473"><ele>112.6</ele><time>2025-09-19T16:13:41Z</time></trkpt>
      <trkpt lat="48.738884" lon="2.019604"><ele>112.1</ele><time>2025-09-19T16:13:42Z</time></trkpt>
      <trkpt lat="48.738924" lon="2.019723"><ele>112.1</ele><time>2025-09-19T16:13:43Z</time></trkpt>
      <trkpt lat="48.738960" lon="2.019831"><ele>111.8</ele><time>2025-09-19T16:13:44Z</time></trkpt>
      <trkpt lat="48.738999" lon="2.019934"><ele>111.6</ele><time>2025-09-19T16:13:45Z</time></trkpt>
      <trkpt lat="48.739039" lon="2.020048"><ele>111.2</ele><time>2025-09-19T16:13:46Z</time></trkpt>
      <trkpt lat="48.739081" lon="2.020175"><ele>111.0</ele><time>2025-09-19T16:13:47Z</time></trkpt>
      <trkpt lat="48.739125" lon="2.020316"><ele>110.7</ele><time>2025-09-19T16:13:48Z</time></trkpt>
      <trkpt lat="48.739174" lon="2.020467"><ele>110.3</ele><time>2025-09-19T16:13:49Z</time></trkpt>
      <trkpt lat="48.739227" lon="2.020628"><ele>110.0</ele><time>2025-09-19T16:13:50Z</time></trkpt>
      <trkpt lat="48.739283" lon="2.020797"><ele>109.8</ele><time>2025-09-19T16:13:51Z</time></trkpt>
      <trkpt lat="48.739337" lon="2.020974"><ele>109.8</ele><time>2025-09-19T16:13:52Z</time></trkpt>
      <trkpt lat="48.739394" lon="2.021144"><ele>110.0</ele><time>2025-09-19T16:13:53Z</time></trkpt>
      <trkpt lat="48.739454" lon="2.021316"><ele>110.1</ele><time>2025-09-19T16:13:54Z</time></trkpt>
      <trkpt lat="48.739512" lon="2.021495"><ele>110.3</ele><time>2025-09-19T16:13:55Z</time></trkpt>
      <trkpt lat="48.739581" lon="2.021688"><ele>110.8</ele><time>2025-09-19T16:13:56Z</time></trkpt>
      <trkpt lat="48.739646" lon="2.021872"><ele>111.5</ele><time>2025-09-19T16:13:57Z</time></trkpt>
      <trkpt lat="48.739705" lon="2.022037"><ele>112.3</ele><time>2025-09-19T16:13:58Z</time></trkpt>
      <trkpt lat="48.739756" lon="2.022185"><ele>113.1</ele><time>2025-09-19T16:13:59Z</time></trkpt>
      <trkpt lat="48.739801" lon="2.022331"><ele>114.1</ele><time>2025-09-19T16:14:00Z</time></trkpt>
      <trkpt lat="48.739846" lon="2.022476"><ele>115.2</ele><time>2025-09-19T16:14:01Z</time></trkpt>
      <trkpt lat="48.739896" lon="2.022623"><ele>115.8</ele><time>2025-09-19T16:14:02Z</time></trkpt>
      <trkpt lat="48.739961" lon="2.022766"><ele>116.4</ele><time>2025-09-19T16:14:03Z</time></trkpt>
      <trkpt lat="48.740040" lon="2.022896"><ele>117.3</ele><time>2025-09-19T16:14:04Z</time></trkpt>
      <trkpt lat="48.740142" lon="2.022975"><ele>118.4</ele><time>2025-09-19T16:14:05Z</time></trkpt>
      <trkpt lat="48.740252" lon="2.023020"><ele>119.1</ele><time>2025-09-19T16:14:06Z</time></trkpt>
      <trkpt lat="48.740369" lon="2.022983"><ele>120.3</ele><time>2025-09-19T16:14:07Z</time></trkpt>
      <trkpt lat="48.740483" lon="2.022887"><ele>122.0</ele><time>2025-09-19T16:14:08Z</time></trkpt>
      <trkpt lat="48.740584" lon="2.022729"><ele>123.2</ele><time>2025-09-19T16:14:09Z</time></trkpt>
      <trkpt lat="48.740676" lon="2.022512"><ele>124.8</ele><time>2025-09-19T16:14:10Z</time></trkpt>
      <trkpt lat="48.740764" lon="2.022285"><ele>126.7</ele><time>2025-09-19T16:14:11Z</time></trkpt>
      <trkpt lat="48.740837" lon="2.022073"><ele>128.4</ele><time>2025-09-19T16:14:12Z</time></trkpt>
      <trkpt lat="48.740922" lon="2.021896"><ele>130.6</ele><time>2025-09-19T16:14:13Z</time></trkpt>
      <trkpt lat="48.740994" lon="2.021752"><ele>133.1</ele><time>2025-09-19T16:14:14Z</time></trkpt>
      <trkpt lat="48.741062" lon="2.021643"><ele>135.2</ele><time>2025-09-19T16:14:15Z</time></trkpt>
      <trkpt lat="48.741101" lon="2.021580"><ele>136.3</ele><time>2025-09-19T16:14:16Z</time></trkpt>
      <trkpt lat="48.741159" lon="2.021535"><ele>139.1</ele><time>2025-09-19T16:14:17Z</time></trkpt>
      <trkpt lat="48.741181" lon="2.021510"><ele>143.2</ele><time>2025-09-19T16:14:18Z</time></trkpt>
      <trkpt lat="48.741208" lon="2.021477"><ele>144.5</ele><time>2025-09-19T16:14:19Z</time></trkpt>
      <trkpt lat="48.741220" lon="2.021462"><ele>148.9</ele><time>2025-09-19T16:14:20Z</time></trkpt>
      <trkpt lat="48.741257" lon="2.021441"><ele>154.6</ele><time>2025-09-19T16:14:22Z</time></trkpt>
      <trkpt lat="48.741332" lon="2.021356"><ele>159.9</ele><time>2025-09-19T16:14:23Z</time></trkpt>
      <trkpt lat="48.741415" lon="2.021223"><ele>164.8</ele><time>2025-09-19T16:14:24Z</time></trkpt>
      <trkpt lat="48.741516" lon="2.021108"><ele>167.3</ele><time>2025-09-19T16:14:25Z</time></trkpt>
      <trkpt lat="48.741625" lon="2.020950"><ele>168.7</ele><time>2025-09-19T16:14:26Z</time></trkpt>
      <trkpt lat="48.741718" lon="2.020778"><ele>171.9</ele><time>2025-09-19T16:14:27Z</time></trkpt>
      <trkpt lat="48.741788" lon="2.020636"><ele>176.7</ele><time>2025-09-19T16:14:28Z</time></trkpt>
      <trkpt lat="48.741860" lon="2.020531"><ele>182.0</ele><time>2025-09-19T16:14:29Z</time></trkpt>
      <trkpt lat="48.741919" lon="2.020431"><ele>184.7</ele><time>2025-09-19T16:14:30Z</time></trkpt>
      <trkpt lat="48.741988" lon="2.020354"><ele>186.6</ele><time>2025-09-19T16:14:31Z</time></trkpt>
      <trkpt lat="48.742039" lon="2.020295"><ele>190.4</ele><time>2025-09-19T16:14:32Z</time></trkpt>
      <trkpt lat="48.742081" lon="2.020239"><ele>194.9</ele><time>2025-09-19T16:14:33Z</time></trkpt>
      <trkpt lat="48.742154" lon="2.020156"><ele>197.1</ele><time>2025-09-19T16:14:34Z</time></trkpt>
      <trkpt lat="48.742264" lon="2.020003"><ele>194.9</ele><time>2025-09-19T16:14:35Z</time></trkpt>
      <trkpt lat="48.742402" lon="2.019920"><ele>202.3</ele><time>2025-09-19T16:14:36Z</time></trkpt>
      <trkpt lat="48.742462" lon="2.019863"><ele>206.9</ele><time>2025-09-19T16:14:37Z</time></trkpt>
      <trkpt lat="48.742526" lon="2.019759"><ele>214.3</ele><time>2025-09-19T16:14:38Z</time></trkpt>
      <trkpt lat="48.742566" lon="2.019711"><ele>226.0</ele><time>2025-09-19T16:14:39Z</time></trkpt>
      <trkpt lat="48.742614" lon="2.019695"><ele>234.4</ele><time>2025-09-19T16:14:40Z</time></trkpt>
      <trkpt lat="48.742652" lon="2.019688"><ele>239.0</ele><time>2025-09-19T16:14:41Z</time></trkpt>
      <trkpt lat="48.742664" lon="2.019653"><ele>241.5</ele><time>2025-09-19T16:14:42Z</time></trkpt>
      <trkpt lat="48.742698" lon="2.019626"><ele>245.3</ele><time>2025-09-19T16:14:43Z</time></trkpt>
      <trkpt lat="48.742774" lon="2.019595"><ele>254.0</ele><time>2025-09-19T16:14:44Z</time></trkpt>
      <trkpt lat="48.742846" lon="2.019497"><ele>261.2</ele><time>2025-09-19T16:14:45Z</time></trkpt>
      <trkpt lat="48.742910" lon="2.019425"><ele>266.1</ele><time>2025-09-19T16:14:46Z</time></trkpt>
      <trkpt lat="48.742986" lon="2.019348"><ele>267.8</ele><time>2025-09-19T16:14:47Z</time></trkpt>
      <trkpt lat="48.743072" lon="2.019281"><ele>270.2</ele><time>2025-09-19T16:14:48Z</time></trkpt>
      <trkpt lat="48.743170" lon="2.019252"><ele>270.3</ele><time>2025-09-19T16:14:49Z</time></trkpt>
      <trkpt lat="48.743277" lon="2.019226"><ele>273.2</ele><time>2025-09-19T16:14:50Z</time></trkpt>
      <trkpt lat="48.743422" lon="2.019153"><ele>271.5</ele><time>2025-09-19T16:14:51Z</time></trkpt>
      <trkpt lat="48.743570" lon="2.019055"><ele>271.9</ele><time>2025-09-19T16:14:52Z</time></trkpt>
      <trkpt lat="48.743706" lon="2.019000"><ele>270.5</ele><time>2025-09-19T16:14:53Z</time></trkpt>
      <trkpt lat="48.743817" lon="2.018960"><ele>272.7</ele><time>2025-09-19T16:14:54Z</time></trkpt>
      <trkpt lat="48.743941" lon="2.018988"><ele>274.3</ele><time>2025-09-19T16:14:55Z</time></trkpt>
      <trkpt lat="48.744054" lon="2.019049"><ele>272.6</ele><time>2025-09-19T16:14:56Z</time></trkpt>
      <trkpt lat="48.744205" lon="2.019138"><ele>265.3</ele><time>2025-09-19T16:14:57Z</time></trkpt>
      <trkpt lat="48.744359" lon="2.019268"><ele>260.0</ele><time>2025-09-19T16:14:58Z</time></trkpt>
      <trkpt lat="48.744483" lon="2.019399"><ele>259.3</ele><time>2025-09-19T16:14:59Z</time></trkpt>
      <trkpt lat="48.744582" lon="2.019513"><ele>258.1</ele><time>2025-09-19T16:15:00Z</time></trkpt>
      <trkpt lat="48.744683" lon="2.019630"><ele>256.7</ele><time>2025-09-19T16:15:01Z</time></trkpt>
      <trkpt lat="48.744769" lon="2.019752"><ele>255.2</ele><time>2025-09-19T16:15:02Z</time></trkpt>
      <trkpt lat="48.744852" lon="2.019862"><ele>252.4</ele><time>2025-09-19T16:15:03Z</time></trkpt>
      <trkpt lat="48.744941" lon="2.019958"><ele>250.6</ele><time>2025-09-19T16:15:04Z</time></trkpt>
      <trkpt lat="48.744992" lon="2.020064"><ele>251.4</ele><time>2025-09-19T16:15:05Z</time></trkpt>
      <trkpt lat="48.745039" lon="2.020093"><ele>253.2</ele><time>2025-09-19T16:15:06Z</time></trkpt>
      <trkpt lat="48.745095" lon="2.020158"><ele>253.2</ele><time>2025-09-19T16:15:07Z</time></trkpt>
      <trkpt lat="48.745164" lon="2.020276"><ele>252.5</ele><time>2025-09-19T16:15:08Z</time></trkpt>
      <trkpt lat="48.745233" lon="2.020382"><ele>254.5</ele><time>2025-09-19T16:15:09Z</time></trkpt>
      <trkpt lat="48.745268" lon="2.020464"><ele>254.2</ele><time>2025-09-19T16:15:10Z</time></trkpt>
      <trkpt lat="48.745283" lon="2.020514"><ele>256.7</ele><time>2025-09-19T16:15:11Z</time></trkpt>
      <trkpt lat="48.745310" lon="2.020573"><ele>257.7</ele><time>2025-09-19T16:15:12Z</time></trkpt>
      <trkpt lat="48.745305" lon="2.020637"><ele>257.9</ele><time>2025-09-19T16:15:13Z</time></trkpt>
      <trkpt lat="48.745330" lon="2.020759"><ele>256.7</ele><time>2025-09-19T16:15:14Z</time></trkpt>
      <trkpt lat="48.745431" lon="2.021021"><ele>252.5</ele><time>2025-09-19T16:15:15Z</time></trkpt>
      <trkpt lat="48.745513" lon="2.021247"><ele>253.0</ele><time>2025-09-19T16:15:16Z</time></trkpt>
      <trkpt lat="48.745620" lon="2.021502"><ele>250.9</ele><time>2025-09-19T16:15:17Z</time></trkpt>
      <trkpt lat="48.745682" lon="2.021723"><ele>250.3</ele><time>2025-09-19T16:15:18Z</time></trkpt>
      <trkpt lat="48.745795" lon="2.021986"><ele>243.3</ele><time>2025-09-19T16:15:19Z</time></trkpt>
      <trkpt lat="48.745954" lon="2.022275"><ele>235.8</ele><time>2025-09-19T16:15:20Z</time></trkpt>
      <trkpt lat="48.746125" lon="2.022601"><ele>226.2</ele><time>2025-09-19T16:15:21Z</time></trkpt>
      <trkpt lat="48.746277" lon="2.022889"><ele>220.5</ele><time>2025-09-19T16:15:22Z</time></trkpt>
      <trkpt lat="48.746403" lon="2.023113"><ele>214.3</ele><time>2025-09-19T16:15:23Z</time></trkpt>
      <trkpt lat="48.746497" lon="2.023302"><ele>211.3</ele><time>2025-09-19T16:15:24Z</time></trkpt>
      <trkpt lat="48.746607" lon="2.023496"><ele>208.2</ele><time>2025-09-19T16:15:25Z</time></trkpt>
      <trkpt lat="48.746707" lon="2.023680"><ele>205.5</ele><time>2025-09-19T16:15:26Z</time></trkpt>
      <trkpt lat="48.746799" lon="2.023840"><ele>201.8</ele><time>2025-09-19T16:15:27Z</time></trkpt>
      <trkpt lat="48.746890" lon="2.023995"><ele>199.0</ele><time>2025-09-19T16:15:28Z</time></trkpt>
      <trkpt lat="48.746992" lon="2.024162"><ele>195.0</ele><time>2025-09-19T16:15:29Z</time></trkpt>
      <trkpt lat="48.747085" lon="2.024322"><ele>192.2</ele><time>2025-09-19T16:15:30Z</time></trkpt>
      <trkpt lat="48.747164" lon="2.024464"><ele>189.9</ele><time>2025-09-19T16:15:31Z</time></trkpt>
      <trkpt lat="48.747232" lon="2.024589"><ele>189.0</ele><time>2025-09-19T16:15:32Z</time></trkpt>
      <trkpt lat="48.747298" lon="2.024715"><ele>187.5</ele><time>2025-09-19T16:15:33Z</time></trkpt>
      <trkpt lat="48.747356" lon="2.024840"><ele>186.5</ele><time>2025-09-19T16:15:34Z</time></trkpt>
      <trkpt lat="48.747405" lon="2.024958"><ele>186.2</ele><time>2025-09-19T16:15:35Z</time></trkpt>
      <trkpt lat="48.747440" lon="2.025084"><ele>185.8</ele><time>2025-09-19T16:15:36Z</time></trkpt>
      <trkpt lat="48.747487" lon="2.025205"><ele>184.9</ele><time>2025-09-19T16:15:37Z</time></trkpt>
      <trkpt lat="48.747572" lon="2.025323"><ele>183.0</ele><time>2025-09-19T16:15:38Z</time></trkpt>
      <trkpt lat="48.747681" lon="2.025466"><ele>181.7</ele><time>2025-09-19T16:15:39Z</time></trkpt>
      <trkpt lat="48.747790" lon="2.025625"><ele>180.7</ele><time>2025-09-19T16:15:40Z</time></trkpt>
      <trkpt lat="48.747887" lon="2.025791"><ele>180.2</ele><time>2025-09-19T16:15:41Z</time></trkpt>
      <trkpt lat="48.747977" lon="2.025959"><ele>179.1</ele><time>2025-09-19T16:15:42Z</time></trkpt>
      <trkpt lat="48.748067" lon="2.026136"><ele>178.2</ele><time>2025-09-19T16:15:43Z</time></trkpt>
      <trkpt lat="48.748157" lon="2.026315"><ele>177.5</ele><time>2025-09-19T16:15:44Z</time></trkpt>
      <trkpt lat="48.748252" lon="2.026495"><ele>177.1</ele><time>2025-09-19T16:15:45Z</time></trkpt>
      <trkpt lat="48.748346" lon="2.026680"><ele>176.4</ele><time>2025-09-19T16:15:46Z</time></trkpt>
      <trkpt lat="48.748443" lon="2.026869"><ele>175.9</ele><time>2025-09-19T16:15:47Z</time></trkpt>
      <trkpt lat="48.748543" lon="2.027064"><ele>175.3</ele><time>2025-09-19T16:15:48Z</time></trkpt>
      <trkpt lat="48.748648" lon="2.027272"><ele>175.0</ele><time>2025-09-19T16:15:49Z</time></trkpt>
      <trkpt lat="48.748760" lon="2.027492"><ele>174.4</ele><time>2025-09-19T16:15:50Z</time></trkpt>
      <trkpt lat="48.748880" lon="2.027721"><ele>173.7</ele><time>2025-09-19T16:15:51Z</time></trkpt>
      <trkpt lat="48.749015" lon="2.027970"><ele>173.1</ele><time>2025-09-19T16:15:52Z</time></trkpt>
      <trkpt lat="48.749165" lon="2.028252"><ele>172.3</ele><time>2025-09-19T16:15:53Z</time></trkpt>
      <trkpt lat="48.749316" lon="2.028564"><ele>171.6</ele><time>2025-09-19T16:15:54Z</time></trkpt>
      <trkpt lat="48.749467" lon="2.028881"><ele>170.9</ele><time>2025-09-19T16:15:55Z</time></trkpt>
      <trkpt lat="48.749619" lon="2.029187"><ele>170.4</ele><time>2025-09-19T16:15:56Z</time></trkpt>
      <trkpt lat="48.749768" lon="2.029485"><ele>170.0</ele><time>2025-09-19T16:15:57Z</time></trkpt>
      <trkpt lat="48.749912" lon="2.029768"><ele>169.5</ele><time>2025-09-19T16:15:58Z</time></trkpt>
      <trkpt lat="48.750049" lon="2.030034"><ele>168.9</ele><time>2025-09-19T16:15:59Z</time></trkpt>
      <trkpt lat="48.750181" lon="2.030295"><ele>168.4</ele><time>2025-09-19T16:16:00Z</time></trkpt>
      <trkpt lat="48.750313" lon="2.030553"><ele>168.0</ele><time>2025-09-19T16:16:01Z</time></trkpt>
      <trkpt lat="48.750446" lon="2.030812"><ele>167.4</ele><time>2025-09-19T16:16:02Z</time></trkpt>
      <trkpt lat="48.750579" lon="2.031073"><ele>167.1</ele><time>2025-09-19T16:16:03Z</time></trkpt>
      <trkpt lat="48.750712" lon="2.031335"><ele>166.6</ele><time>2025-09-19T16:16:04Z</time></trkpt>
      <trkpt lat="48.750846" lon="2.031600"><ele>166.1</ele><time>2025-09-19T16:16:05Z</time></trkpt>
      <trkpt lat="48.750979" lon="2.031866"><ele>165.7</ele><time>2025-09-19T16:16:06Z</time></trkpt>
      <trkpt lat="48.751114" lon="2.032130"><ele>165.4</ele><time>2025-09-19T16:16:07Z</time></trkpt>
      <trkpt lat="48.751248" lon="2.032394"><ele>164.9</ele><time>2025-09-19T16:16:08Z</time></trkpt>
      <trkpt lat="48.751378" lon="2.032653"><ele>164.6</ele><time>2025-09-19T16:16:09Z</time></trkpt>
      <trkpt lat="48.751503" lon="2.032898"><ele>164.2</ele><time>2025-09-19T16:16:10Z</time></trkpt>
      <trkpt lat="48.751626" lon="2.033136"><ele>163.8</ele><time>2025-09-19T16:16:11Z</time></trkpt>
      <trkpt lat="48.751747" lon="2.033374"><ele>163.6</ele><time>2025-09-19T16:16:12Z</time></trkpt>
      <trkpt lat="48.751866" lon="2.033610"><ele>163.2</ele><time>2025-09-19T16:16:13Z</time></trkpt>
      <trkpt lat="48.751985" lon="2.033845"><ele>162.8</ele><time>2025-09-19T16:16:14Z</time></trkpt>
      <trkpt lat="48.752103" lon="2.034079"><ele>162.5</ele><time>2025-09-19T16:16:15Z</time></trkpt>
      <trkpt lat="48.752222" lon="2.034316"><ele>162.3</ele><time>2025-09-19T16:16:16Z</time></trkpt>
      <trkpt lat="48.752342" lon="2.034553"><ele>162.0</ele><time>2025-09-19T16:16:17Z</time></trkpt>
      <trkpt lat="48.752462" lon="2.034788"><ele>161.4</ele><time>2025-09-19T16:16:18Z</time></trkpt>
      <trkpt lat="48.752579" lon="2.035021"><ele>160.7</ele><time>2025-09-19T16:16:19Z</time></trkpt>
      <trkpt lat="48.752694" lon="2.035248"><ele>160.0</ele><time>2025-09-19T16:16:20Z</time></trkpt>
      <trkpt lat="48.752807" lon="2.035465"><ele>159.7</ele><time>2025-09-19T16:16:21Z</time></trkpt>
      <trkpt lat="48.752916" lon="2.035678"><ele>159.2</ele><time>2025-09-19T16:16:22Z</time></trkpt>
      <trkpt lat="48.753021" lon="2.035887"><ele>158.8</ele><time>2025-09-19T16:16:23Z</time></trkpt>
      <trkpt lat="48.753126" lon="2.036095"><ele>158.0</ele><time>2025-09-19T16:16:24Z</time></trkpt>
      <trkpt lat="48.753228" lon="2.036301"><ele>157.5</ele><time>2025-09-19T16:16:25Z</time></trkpt>
      <trkpt lat="48.753330" lon="2.036506"><ele>157.0</ele><time>2025-09-19T16:16:26Z</time></trkpt>
      <trkpt lat="48.753436" lon="2.036712"><ele>156.4</ele><time>2025-09-19T16:16:27Z</time></trkpt>
      <trkpt lat="48.753544" lon="2.036928"><ele>155.8</ele><time>2025-09-19T16:16:28Z</time></trkpt>
      <trkpt lat="48.753648" lon="2.037142"><ele>155.4</ele><time>2025-09-19T16:16:29Z</time></trkpt>
      <trkpt lat="48.753748" lon="2.037342"><ele>155.6</ele><time>2025-09-19T16:16:30Z</time></trkpt>
      <trkpt lat="48.753840" lon="2.037525"><ele>155.5</ele><time>2025-09-19T16:16:31Z</time></trkpt>
      <trkpt lat="48.753930" lon="2.037706"><ele>156.1</ele><time>2025-09-19T16:16:32Z</time></trkpt>
      <trkpt lat="48.754024" lon="2.037887"><ele>157.0</ele><time>2025-09-19T16:16:33Z</time></trkpt>
      <trkpt lat="48.754110" lon="2.038065"><ele>157.6</ele><time>2025-09-19T16:16:34Z</time></trkpt>
      <trkpt lat="48.754190" lon="2.038245"><ele>157.6</ele><time>2025-09-19T16:16:35Z</time></trkpt>
      <trkpt lat="48.754252" lon="2.038426"><ele>157.7</ele><time>2025-09-19T16:16:36Z</time></trkpt>
      <trkpt lat="48.754275" lon="2.038610"><ele>158.1</ele><time>2025-09-19T16:16:37Z</time></trkpt>
      <trkpt lat="48.754231" lon="2.038828"><ele>158.9</ele><time>2025-09-19T16:16:38Z</time></trkpt>
      <trkpt lat="48.754178" lon="2.039042"><ele>159.4</ele><time>2025-09-19T16:16:39Z</time></trkpt>
      <trkpt lat="48.754147" lon="2.039226"><ele>160.0</ele><time>2025-09-19T16:16:40Z</time></trkpt>
      <trkpt lat="48.754109" lon="2.039403"><ele>160.1</ele><time>2025-09-19T16:16:41Z</time></trkpt>
      <trkpt lat="48.754079" lon="2.039585"><ele>160.4</ele><time>2025-09-19T16:16:42Z</time></trkpt>
      <trkpt lat="48.754067" lon="2.039776"><ele>161.4</ele><time>2025-09-19T16:16:43Z</time></trkpt>
      <trkpt lat="48.754061" lon="2.039966"><ele>161.9</ele><time>2025-09-19T16:16:44Z</time></trkpt>
      <trkpt lat="48.754058" lon="2.040144"><ele>162.8</ele><time>2025-09-19T16:16:45Z</time></trkpt>
      <trkpt lat="48.754053" lon="2.040304"><ele>163.3</ele><time>2025-09-19T16:16:46Z</time></trkpt>
      <trkpt lat="48.754069" lon="2.040472"><ele>163.9</ele><time>2025-09-19T16:16:47Z</time></trkpt>
      <trkpt lat="48.754088" lon="2.040625"><ele>164.7</ele><time>2025-09-19T16:16:48Z</time></trkpt>
      <trkpt lat="48.754116" lon="2.040775"><ele>165.1</ele><time>2025-09-19T16:16:49Z</time></trkpt>
      <trkpt lat="48.754151" lon="2.040920"><ele>165.6</ele><time>2025-09-19T16:16:50Z</time></trkpt>
      <trkpt lat="48.754204" lon="2.041067"><ele>165.8</ele><time>2025-09-19T16:16:51Z</time></trkpt>
      <trkpt lat="48.754260" lon="2.041200"><ele>166.4</ele><time>2025-09-19T16:16:52Z</time></trkpt>
      <trkpt lat="48.754314" lon="2.041316"><ele>167.1</ele><time>2025-09-19T16:16:53Z</time></trkpt>
      <trkpt lat="48.754362" lon="2.041418"><ele>167.5</ele><time>2025-09-19T16:16:54Z</time></trkpt>
      <trkpt lat="48.754406" lon="2.041503"><ele>168.2</ele><time>2025-09-19T16:16:55Z</time></trkpt>
      <trkpt lat="48.754445" lon="2.041570"><ele>168.5</ele><time>2025-09-19T16:16:56Z</time></trkpt>
      <trkpt lat="48.754480" lon="2.041624"><ele>168.7</ele><time>2025-09-19T16:16:57Z</time></trkpt>
      <trkpt lat="48.754517" lon="2.041672"><ele>169.0</ele><time>2025-09-19T16:16:58Z</time></trkpt>
      <trkpt lat="48.754557" lon="2.041733"><ele>169.3</ele><time>2025-09-19T16:16:59Z</time></trkpt>
      <trkpt lat="48.754598" lon="2.041804"><ele>169.8</ele><time>2025-09-19T16:17:00Z</time></trkpt>
      <trkpt lat="48.754642" lon="2.041873"><ele>170.2</ele><time>2025-09-19T16:17:01Z</time></trkpt>
      <trkpt lat="48.754695" lon="2.041922"><ele>170.3</ele><time>2025-09-19T16:17:02Z</time></trkpt>
      <trkpt lat="48.754753" lon="2.041941"><ele>170.1</ele><time>2025-09-19T16:17:03Z</time></trkpt>
      <trkpt lat="48.754803" lon="2.041915"><ele>171.5</ele><time>2025-09-19T16:17:04Z</time></trkpt>
      <trkpt lat="48.754888" lon="2.041810"><ele>172.0</ele><time>2025-09-19T16:17:05Z</time></trkpt>
      <trkpt lat="48.754960" lon="2.041735"><ele>172.3</ele><time>2025-09-19T16:17:06Z</time></trkpt>
      <trkpt lat="48.755042" lon="2.041667"><ele>172.6</ele><time>2025-09-19T16:17:07Z</time></trkpt>
      <trkpt lat="48.755126" lon="2.041606"><ele>173.1</ele><time>2025-09-19T16:17:08Z</time></trkpt>
      <trkpt lat="48.755218" lon="2.041549"><ele>173.8</ele><time>2025-09-19T16:17:09Z</time></trkpt>
      <trkpt lat="48.755328" lon="2.041494"><ele>174.6</ele><time>2025-09-19T16:17:10Z</time></trkpt>
      <trkpt lat="48.755437" lon="2.041441"><ele>175.1</ele><time>2025-09-19T16:17:11Z</time></trkpt>
      <trkpt lat="48.755554" lon="2.041391"><ele>175.7</ele><time>2025-09-19T16:17:12Z</time></trkpt>
      <trkpt lat="48.755674" lon="2.041347"><ele>176.2</ele><time>2025-09-19T16:17:13Z</time></trkpt>
      <trkpt lat="48.755802" lon="2.041321"><ele>176.7</ele><time>2025-09-19T16:17:14Z</time></trkpt>
      <trkpt lat="48.755928" lon="2.041302"><ele>176.7</ele><time>2025-09-19T16:17:15Z</time></trkpt>
      <trkpt lat="48.756057" lon="2.041293"><ele>177.0</ele><time>2025-09-19T16:17:16Z</time></trkpt>
      <trkpt lat="48.756192" lon="2.041299"><ele>177.5</ele><time>2025-09-19T16:17:17Z</time></trkpt>
      <trkpt lat="48.756318" lon="2.041331"><ele>177.1</ele><time>2025-09-19T16:17:18Z</time></trkpt>
      <trkpt lat="48.756458" lon="2.041376"><ele>177.9</ele><time>2025-09-19T16:17:19Z</time></trkpt>
      <trkpt lat="48.756585" lon="2.041436"><ele>177.8</ele><time>2025-09-19T16:17:20Z</time></trkpt>
      <trkpt lat="48.756717" lon="2.041504"><ele>178.1</ele><time>2025-09-19T16:17:21Z</time></trkpt>
      <trkpt lat="48.756846" lon="2.041602"><ele>178.3</ele><time>2025-09-19T16:17:22Z</time></trkpt>
      <trkpt lat="48.756968" lon="2.041701"><ele>178.9</ele><time>2025-09-19T16:17:23Z</time></trkpt>
      <trkpt lat="48.757089" lon="2.041799"><ele>178.5</ele><time>2025-09-19T16:17:24Z</time></trkpt>
      <trkpt lat="48.757203" lon="2.041898"><ele>178.2</ele><time>2025-09-19T16:17:25Z</time></trkpt>
      <trkpt lat="48.757318" lon="2.041997"><ele>178.1</ele><time>2025-09-19T16:17:26Z</time></trkpt>
      <trkpt lat="48.757433" lon="2.042096"><ele>177.9</ele><time>2025-09-19T16:17:27Z</time></trkpt>
      <trkpt lat="48.757549" lon="2.042192"><ele>177.7</ele><time>2025-09-19T16:17:28Z</time></trkpt>
      <trkpt lat="48.757661" lon="2.042289"><ele>177.3</ele><time>2025-09-19T16:17:29Z</time></trkpt>
      <trkpt lat="48.757775" lon="2.042389"><ele>176.5</ele><time>2025-09-19T16:17:30Z</time></trkpt>
      <trkpt lat="48.757885" lon="2.042489"><ele>176.2</ele><time>2025-09-19T16:17:31Z</time></trkpt>
      <trkpt lat="48.757997" lon="2.042579"><ele>175.8</ele><time>2025-09-19T16:17:32Z</time></trkpt>
      <trkpt lat="48.758103" lon="2.042678"><ele>175.5</ele><time>2025-09-19T16:17:33Z</time></trkpt>
      <trkpt lat="48.758200" lon="2.042768"><ele>175.5</ele><time>2025-09-19T16:17:34Z</time></trkpt>
      <trkpt lat="48.758290" lon="2.042854"><ele>175.7</ele><time>2025-09-19T16:17:35Z</time></trkpt>
      <trkpt lat="48.758384" lon="2.042945"><ele>174.9</ele><time>2025-09-19T16:17:36Z</time></trkpt>
      <trkpt lat="48.758471" lon="2.043028"><ele>174.4</ele><time>2025-09-19T16:17:37Z</time></trkpt>
      <trkpt lat="48.758547" lon="2.043098"><ele>173.7</ele><time>2025-09-19T16:17:38Z</time></trkpt>
      <trkpt lat="48.758615" lon="2.043157"><ele>172.8</ele><time>2025-09-19T16:17:39Z</time></trkpt>
      <trkpt lat="48.758674" lon="2.043214"><ele>172.2</ele><time>2025-09-19T16:17:40Z</time></trkpt>
      <trkpt lat="48.758740" lon="2.043280"><ele>171.5</ele><time>2025-09-19T16:17:41Z</time></trkpt>
      <trkpt lat="48.758819" lon="2.043346"><ele>171.5</ele><time>2025-09-19T16:17:42Z</time></trkpt>
      <trkpt lat="48.758901" lon="2.043405"><ele>171.4</ele><time>2025-09-19T16:17:43Z</time></trkpt>
      <trkpt lat="48.758977" lon="2.043464"><ele>171.8</ele><time>2025-09-19T16:17:44Z</time></trkpt>
      <trkpt lat="48.759060" lon="2.043525"><ele>171.7</ele><time>2025-09-19T16:17:45Z</time></trkpt>
      <trkpt lat="48.759154" lon="2.043594"><ele>171.9</ele><time>2025-09-19T16:17:46Z</time></trkpt>
      <trkpt lat="48.759254" lon="2.043675"><ele>172.3</ele><time>2025-09-19T16:17:47Z</time></trkpt>
      <trkpt lat="48.759363" lon="2.043765"><ele>172.4</ele><time>2025-09-19T16:17:48Z</time></trkpt>
      <trkpt lat="48.759476" lon="2.043861"><ele>172.3</ele><time>2025-09-19T16:17:49Z</time></trkpt>
      <trkpt lat="48.759590" lon="2.043956"><ele>172.3</ele><time>2025-09-19T16:17:50Z</time></trkpt>
      <trkpt lat="48.759702" lon="2.044046"><ele>172.5</ele><time>2025-09-19T16:17:51Z</time></trkpt>
      <trkpt lat="48.759811" lon="2.044142"><ele>172.6</ele><time>2025-09-19T16:17:52Z</time></trkpt>
      <trkpt lat="48.759918" lon="2.044234"><ele>172.6</ele><time>2025-09-19T16:17:53Z</time></trkpt>
      <trkpt lat="48.760024" lon="2.044327"><ele>172.4</ele><time>2025-09-19T16:17:54Z</time></trkpt>
      <trkpt lat="48.760135" lon="2.044402"><ele>173.0</ele><time>2025-09-19T16:17:55Z</time></trkpt>
      <trkpt lat="48.760254" lon="2.044470"><ele>173.4</ele><time>2025-09-19T16:17:56Z</time></trkpt>
      <trkpt lat="48.760383" lon="2.044531"><ele>173.3</ele><time>2025-09-19T16:17:57Z</time></trkpt>
      <trkpt lat="48.760516" lon="2.044566"><ele>173.5</ele><time>2025-09-19T16:17:58Z</time></trkpt>
      <trkpt lat="48.760653" lon="2.044583"><ele>173.8</ele><time>2025-09-19T16:17:59Z</time></trkpt>
      <trkpt lat="48.760801" lon="2.044580"><ele>174.3</ele><time>2025-09-19T16:18:00Z</time></trkpt>
      <trkpt lat="48.760945" lon="2.044569"><ele>174.5</ele><time>2025-09-19T16:18:01Z</time></trkpt>
      <trkpt lat="48.761081" lon="2.044539"><ele>175.5</ele><time>2025-09-19T16:18:02Z</time></trkpt>
      <trkpt lat="48.761198" lon="2.044506"><ele>176.3</ele><time>2025-09-19T16:18:03Z</time></trkpt>
      <trkpt lat="48.761309" lon="2.044481"><ele>176.8</ele><time>2025-09-19T16:18:04Z</time></trkpt>
      <trkpt lat="48.761404" lon="2.044454"><ele>177.7</ele><time>2025-09-19T16:18:05Z</time></trkpt>
      <trkpt lat="48.761504" lon="2.044439"><ele>178.1</ele><time>2025-09-19T16:18:06Z</time></trkpt>
      <trkpt lat="48.761597" lon="2.044420"><ele>178.7</ele><time>2025-09-19T16:18:07Z</time></trkpt>
      <trkpt lat="48.761672" lon="2.044424"><ele>179.1</ele><time>2025-09-19T16:18:08Z</time></trkpt>
      <trkpt lat="48.761748" lon="2.044417"><ele>179.4</ele><time>2025-09-19T16:18:09Z</time></trkpt>
      <trkpt lat="48.761817" lon="2.044401"><ele>179.9</ele><time>2025-09-19T16:18:10Z</time></trkpt>
      <trkpt lat="48.761882" lon="2.044392"><ele>180.2</ele><time>2025-09-19T16:18:11Z</time></trkpt>
      <trkpt lat="48.761931" lon="2.044379"><ele>180.1</ele><time>2025-09-19T16:18:12Z</time></trkpt>
      <trkpt lat="48.761975" lon="2.044379"><ele>180.0</ele><time>2025-09-19T16:18:13Z</time></trkpt>
      <trkpt lat="48.762002" lon="2.044387"><ele>179.4</ele><time>2025-09-19T16:18:14Z</time></trkpt>
      <trkpt lat="48.762025" lon="2.044386"><ele>178.9</ele><time>2025-09-19T16:18:15Z</time></trkpt>
      <trkpt lat="48.762117" lon="2.044456"><ele>167.1</ele><time>2025-09-19T16:19:15Z</time></trkpt>
      <trkpt lat="48.762140" lon="2.044455"><ele>167.4</ele><time>2025-09-19T16:19:16Z</time></trkpt>
      <trkpt lat="48.762186" lon="2.044477"><ele>167.7</ele><time>2025-09-19T16:19:17Z</time></trkpt>
      <trkpt lat="48.762237" lon="2.044527"><ele>167.3</ele><time>2025-09-19T16:19:18Z</time></trkpt>
      <trkpt lat="48.762277" lon="2.044624"><ele>167.4</ele><time>2025-09-19T16:19:19Z</time></trkpt>
      <trkpt lat="48.762300" lon="2.044759"><ele>167.5</ele><time>2025-09-19T16:19:20Z</time></trkpt>
      <trkpt lat="48.762318" lon="2.044919"><ele>167.5</ele><time>2025-09-19T16:19:21Z</time></trkpt>
      <trkpt lat="48.762338" lon="2.045109"><ele>167.4</ele><time>2025-09-19T16:19:22Z</time></trkpt>
      <trkpt lat="48.762363" lon="2.045322"><ele>167.2</ele><time>2025-09-19T16:19:23Z</time></trkpt>
      <trkpt lat="48.762391" lon="2.045544"><ele>167.4</ele><time>2025-09-19T16:19:24Z</time></trkpt>
      <trkpt lat="48.762417" lon="2.045772"><ele>167.4</ele><time>2025-09-19T16:19:25Z</time></trkpt>
      <trkpt lat="48.762448" lon="2.046002"><ele>167.5</ele><time>2025-09-19T16:19:26Z</time></trkpt>
      <trkpt lat="48.762479" lon="2.046237"><ele>167.9</ele><time>2025-09-19T16:19:27Z</time></trkpt>
      <trkpt lat="48.762513" lon="2.046473"><ele>167.9</ele><time>2025-09-19T16:19:28Z</time></trkpt>
      <trkpt lat="48.762548" lon="2.046706"><ele>168.1</ele><time>2025-09-19T16:19:29Z</time></trkpt>
      <trkpt lat="48.762581" lon="2.046927"><ele>168.8</ele><time>2025-09-19T16:19:30Z</time></trkpt>
      <trkpt lat="48.762613" lon="2.047133"><ele>169.3</ele><time>2025-09-19T16:19:31Z</time></trkpt>
      <trkpt lat="48.762637" lon="2.047319"><ele>169.5</ele><time>2025-09-19T16:19:32Z</time></trkpt>
      <trkpt lat="48.762660" lon="2.047499"><ele>170.0</ele><time>2025-09-19T16:19:33Z</time></trkpt>
      <trkpt lat="48.762684" lon="2.047674"><ele>170.5</ele><time>2025-09-19T16:19:34Z</time></trkpt>
      <trkpt lat="48.762703" lon="2.047850"><ele>170.2</ele><time>2025-09-19T16:19:35Z</time></trkpt>
      <trkpt lat="48.762726" lon="2.048022"><ele>170.9</ele><time>2025-09-19T16:19:36Z</time></trkpt>
      <trkpt lat="48.762748" lon="2.048194"><ele>170.9</ele><time>2025-09-19T16:19:37Z</time></trkpt>
      <trkpt lat="48.762763" lon="2.048354"><ele>171.1</ele><time>2025-09-19T16:19:38Z</time></trkpt>
      <trkpt lat="48.762782" lon="2.048508"><ele>172.0</ele><time>2025-09-19T16:19:39Z</time></trkpt>
      <trkpt lat="48.762803" lon="2.048663"><ele>172.6</ele><time>2025-09-19T16:19:40Z</time></trkpt>
      <trkpt lat="48.762812" lon="2.048805"><ele>173.6</ele><time>2025-09-19T16:19:41Z</time></trkpt>
      <trkpt lat="48.762815" lon="2.048931"><ele>174.9</ele><time>2025-09-19T16:19:42Z</time></trkpt>
      <trkpt lat="48.762822" lon="2.049054"><ele>175.6</ele><time>2025-09-19T16:19:43Z</time></trkpt>
      <trkpt lat="48.762840" lon="2.049194"><ele>175.2</ele><time>2025-09-19T16:19:44Z</time></trkpt>
      <trkpt lat="48.762850" lon="2.049329"><ele>174.4</ele><time>2025-09-19T16:19:45Z</time></trkpt>
      <trkpt lat="48.762861" lon="2.049466"><ele>174.0</ele><time>2025-09-19T16:19:46Z</time></trkpt>
      <trkpt lat="48.762871" lon="2.049599"><ele>173.5</ele><time>2025-09-19T16:19:47Z</time></trkpt>
      <trkpt lat="48.762872" lon="2.049719"><ele>173.5</ele><time>2025-09-19T16:19:48Z</time></trkpt>
      <trkpt lat="48.762875" lon="2.049830"><ele>173.2</ele><time>2025-09-19T16:19:49Z</time></trkpt>
      <trkpt lat="48.762877" lon="2.049932"><ele>172.8</ele><time>2025-09-19T16:19:50Z</time></trkpt>
      <trkpt lat="48.762881" lon="2.050023"><ele>172.6</ele><time>2025-09-19T16:19:51Z</time></trkpt>
      <trkpt lat="48.762889" lon="2.050102"><ele>171.9</ele><time>2025-09-19T16:19:52Z</time></trkpt>
      <trkpt lat="48.762889" lon="2.050166"><ele>171.6</ele><time>2025-09-19T16:19:53Z</time></trkpt>
      <trkpt lat="48.762889" lon="2.050218"><ele>171.5</ele><time>2025-09-19T16:19:54Z</time></trkpt>
      <trkpt lat="48.762888" lon="2.050247"><ele>171.2</ele><time>2025-09-19T16:19:55Z</time></trkpt>
      <trkpt lat="48.762888" lon="2.050261"><ele>170.9</ele><time>2025-09-19T16:19:56Z</time></trkpt>
      <trkpt lat="48.762879" lon="2.050303"><ele>169.2</ele><time>2025-09-19T16:20:24Z</time></trkpt>
      <trkpt lat="48.762874" lon="2.050374"><ele>169.0</ele><time>2025-09-19T16:20:25Z</time></trkpt>
      <trkpt lat="48.762876" lon="2.050465"><ele>169.3</ele><time>2025-09-19T16:20:26Z</time></trkpt>
      <trkpt lat="48.762897" lon="2.050563"><ele>170.0</ele><time>2025-09-19T16:20:27Z</time></trkpt>
      <trkpt lat="48.762941" lon="2.050652"><ele>170.2</ele><time>2025-09-19T16:20:28Z</time></trkpt>
      <trkpt lat="48.763008" lon="2.050724"><ele>170.8</ele><time>2025-09-19T16:20:29Z</time></trkpt>
      <trkpt lat="48.763091" lon="2.050777"><ele>171.0</ele><time>2025-09-19T16:20:30Z</time></trkpt>
      <trkpt lat="48.763185" lon="2.050831"><ele>171.1</ele><time>2025-09-19T16:20:31Z</time></trkpt>
      <trkpt lat="48.763292" lon="2.050896"><ele>171.2</ele><time>2025-09-19T16:20:32Z</time></trkpt>
      <trkpt lat="48.763408" lon="2.050971"><ele>171.6</ele><time>2025-09-19T16:20:33Z</time></trkpt>
      <trkpt lat="48.763533" lon="2.051052"><ele>171.6</ele><time>2025-09-19T16:20:34Z</time></trkpt>
      <trkpt lat="48.763663" lon="2.051145"><ele>171.3</ele><time>2025-09-19T16:20:35Z</time></trkpt>
      <trkpt lat="48.763796" lon="2.051249"><ele>170.7</ele><time>2025-09-19T16:20:36Z</time></trkpt>
      <trkpt lat="48.763925" lon="2.051356"><ele>170.4</ele><time>2025-09-19T16:20:37Z</time></trkpt>
      <trkpt lat="48.764040" lon="2.051457"><ele>169.9</ele><time>2025-09-19T16:20:38Z</time></trkpt>
      <trkpt lat="48.764137" lon="2.051542"><ele>169.8</ele><time>2025-09-19T16:20:39Z</time></trkpt>
      <trkpt lat="48.764218" lon="2.051616"><ele>169.5</ele><time>2025-09-19T16:20:40Z</time></trkpt>
      <trkpt lat="48.764281" lon="2.051674"><ele>169.2</ele><time>2025-09-19T16:20:41Z</time></trkpt>
      <trkpt lat="48.764326" lon="2.051716"><ele>169.2</ele><time>2025-09-19T16:20:42Z</time></trkpt>
      <trkpt lat="48.764358" lon="2.051746"><ele>168.9</ele><time>2025-09-19T16:20:43Z</time></trkpt>
      <trkpt lat="48.764378" lon="2.051767"><ele>168.7</ele><time>2025-09-19T16:20:44Z</time></trkpt>
      <trkpt lat="48.764389" lon="2.051780"><ele>168.7</ele><time>2025-09-19T16:20:45Z</time></trkpt>
      <trkpt lat="48.764408" lon="2.051808"><ele>166.4</ele><time>2025-09-19T16:21:00Z</time></trkpt>
      <trkpt lat="48.764440" lon="2.051839"><ele>166.4</ele><time>2025-09-19T16:21:01Z</time></trkpt>
      <trkpt lat="48.764486" lon="2.051881"><ele>166.9</ele><time>2025-09-19T16:21:02Z</time></trkpt>
      <trkpt lat="48.764556" lon="2.051942"><ele>166.2</ele><time>2025-09-19T16:21:03Z</time></trkpt>
      <trkpt lat="48.764631" lon="2.052021"><ele>166.8</ele><time>2025-09-19T16:21:04Z</time></trkpt>
      <trkpt lat="48.764715" lon="2.052112"><ele>167.2</ele><time>2025-09-19T16:21:05Z</time></trkpt>
      <trkpt lat="48.764812" lon="2.052210"><ele>166.9</ele><time>2025-09-19T16:21:06Z</time></trkpt>
      <trkpt lat="48.764916" lon="2.052315"><ele>167.1</ele><time>2025-09-19T16:21:07Z</time></trkpt>
      <trkpt lat="48.765030" lon="2.052424"><ele>166.7</ele><time>2025-09-19T16:21:08Z</time></trkpt>
      <trkpt lat="48.765149" lon="2.052536"><ele>166.7</ele><time>2025-09-19T16:21:09Z</time></trkpt>
      <trkpt lat="48.765275" lon="2.052647"><ele>166.7</ele><time>2025-09-19T16:21:10Z</time></trkpt>
      <trkpt lat="48.765408" lon="2.052755"><ele>166.5</ele><time>2025-09-19T16:21:11Z</time></trkpt>
      <trkpt lat="48.765548" lon="2.052863"><ele>166.5</ele><time>2025-09-19T16:21:12Z</time></trkpt>
      <trkpt lat="48.765693" lon="2.052970"><ele>166.2</ele><time>2025-09-19T16:21:13Z</time></trkpt>
      <trkpt lat="48.765838" lon="2.053070"><ele>166.0</ele><time>2025-09-19T16:21:14Z</time></trkpt>
      <trkpt lat="48.765983" lon="2.053163"><ele>165.6</ele><time>2025-09-19T16:21:15Z</time></trkpt>
      <trkpt lat="48.766121" lon="2.053248"><ele>165.3</ele><time>2025-09-19T16:21:16Z</time></trkpt>
      <trkpt lat="48.766251" lon="2.053322"><ele>165.1</ele><time>2025-09-19T16:21:17Z</time></trkpt>
      <trkpt lat="48.766374" lon="2.053387"><ele>164.9</ele><time>2025-09-19T16:21:18Z</time></trkpt>
      <trkpt lat="48.766492" lon="2.053445"><ele>164.8</ele><time>2025-09-19T16:21:19Z</time></trkpt>
      <trkpt lat="48.766604" lon="2.053506"><ele>164.4</ele><time>2025-09-19T16:21:20Z</time></trkpt>
      <trkpt lat="48.766723" lon="2.053554"><ele>164.6</ele><time>2025-09-19T16:21:21Z</time></trkpt>
      <trkpt lat="48.766834" lon="2.053594"><ele>164.8</ele><time>2025-09-19T16:21:22Z</time></trkpt>
      <trkpt lat="48.766934" lon="2.053631"><ele>164.5</ele><time>2025-09-19T16:21:23Z</time></trkpt>
      <trkpt lat="48.767018" lon="2.053655"><ele>164.5</ele><time>2025-09-19T16:21:24Z</time></trkpt>
      <trkpt lat="48.767085" lon="2.053674"><ele>164.5</ele><time>2025-09-19T16:21:25Z</time></trkpt>
      <trkpt lat="48.767134" lon="2.053689"><ele>164.3</ele><time>2025-09-19T16:21:26Z</time></trkpt>
      <trkpt lat="48.767170" lon="2.053700"><ele>164.2</ele><time>2025-09-19T16:21:27Z</time></trkpt>
      <trkpt lat="48.767199" lon="2.053711"><ele>164.0</ele><time>2025-09-19T16:21:28Z</time></trkpt>
      <trkpt lat="48.767232" lon="2.053725"><ele>164.0</ele><time>2025-09-19T16:21:29Z</time></trkpt>
      <trkpt lat="48.767272" lon="2.053743"><ele>164.0</ele><time>2025-09-19T16:21:30Z</time></trkpt>
      <trkpt lat="48.767314" lon="2.053761"><ele>163.9</ele><time>2025-09-19T16:21:31Z</time></trkpt>
      <trkpt lat="48.767350" lon="2.053778"><ele>164.0</ele><time>2025-09-19T16:21:32Z</time></trkpt>
      <trkpt lat="48.767370" lon="2.053790"><ele>163.7</ele><time>2025-09-19T16:21:33Z</time></trkpt>
      <trkpt lat="48.767381" lon="2.053801"><ele>163.7</ele><time>2025-09-19T16:21:34Z</time></trkpt>
      <trkpt lat="48.767397" lon="2.053822"><ele>163.6</ele><time>2025-09-19T16:21:35Z</time></trkpt>
      <trkpt lat="48.767421" lon="2.053865"><ele>163.7</ele><time>2025-09-19T16:21:36Z</time></trkpt>
      <trkpt lat="48.767457" lon="2.053927"><ele>163.3</ele><time>2025-09-19T16:21:37Z</time></trkpt>
      <trkpt lat="48.767501" lon="2.053984"><ele>163.2</ele><time>2025-09-19T16:21:38Z</time></trkpt>
      <trkpt lat="48.767559" lon="2.054013"><ele>163.2</ele><time>2025-09-19T16:21:39Z</time></trkpt>
      <trkpt lat="48.767641" lon="2.054012"><ele>163.3</ele><time>2025-09-19T16:21:40Z</time></trkpt>
      <trkpt lat="48.767733" lon="2.054021"><ele>163.3</ele><time>2025-09-19T16:21:41Z</time></trkpt>
      <trkpt lat="48.767839" lon="2.054044"><ele>162.8</ele><time>2025-09-19T16:21:42Z</time></trkpt>
      <trkpt lat="48.767960" lon="2.054083"><ele>162.7</ele><time>2025-09-19T16:21:43Z</time></trkpt>
      <trkpt lat="48.768087" lon="2.054127"><ele>162.8</ele><time>2025-09-19T16:21:44Z</time></trkpt>
      <trkpt lat="48.768219" lon="2.054171"><ele>162.6</ele><time>2025-09-19T16:21:45Z</time></trkpt>
      <trkpt lat="48.768359" lon="2.054221"><ele>162.0</ele><time>2025-09-19T16:21:46Z</time></trkpt>
      <trkpt lat="48.768502" lon="2.054280"><ele>161.5</ele><time>2025-09-19T16:21:47Z</time></trkpt>
      <trkpt lat="48.768649" lon="2.054347"><ele>161.1</ele><time>2025-09-19T16:21:48Z</time></trkpt>
      <trkpt lat="48.768798" lon="2.054432"><ele>160.5</ele><time>2025-09-19T16:21:49Z</time></trkpt>
      <trkpt lat="48.768944" lon="2.054533"><ele>159.7</ele><time>2025-09-19T16:21:50Z</time></trkpt>
      <trkpt lat="48.769087" lon="2.054646"><ele>159.0</ele><time>2025-09-19T16:21:51Z</time></trkpt>
      <trkpt lat="48.769226" lon="2.054773"><ele>158.3</ele><time>2025-09-19T16:21:52Z</time></trkpt>
      <trkpt lat="48.769362" lon="2.054914"><ele>157.6</ele><time>2025-09-19T16:21:53Z</time></trkpt>
      <trkpt lat="48.769492" lon="2.055057"><ele>156.9</ele><time>2025-09-19T16:21:54Z</time></trkpt>
      <trkpt lat="48.769615" lon="2.055196"><ele>156.6</ele><time>2025-09-19T16:21:55Z</time></trkpt>
      <trkpt lat="48.769730" lon="2.055326"><ele>156.6</ele><time>2025-09-19T16:21:56Z</time></trkpt>
      <trkpt lat="48.769839" lon="2.055446"><ele>157.0</ele><time>2025-09-19T16:21:57Z</time></trkpt>
      <trkpt lat="48.769945" lon="2.055556"><ele>157.0</ele><time>2025-09-19T16:21:58Z</time></trkpt>
      <trkpt lat="48.770046" lon="2.055653"><ele>157.0</ele><time>2025-09-19T16:21:59Z</time></trkpt>
      <trkpt lat="48.770140" lon="2.055727"><ele>157.2</ele><time>2025-09-19T16:22:00Z</time></trkpt>
      <trkpt lat="48.770229" lon="2.055772"><ele>157.8</ele><time>2025-09-19T16:22:01Z</time></trkpt>
      <trkpt lat="48.770312" lon="2.055799"><ele>157.9</ele><time>2025-09-19T16:22:02Z</time></trkpt>
      <trkpt lat="48.770380" lon="2.055814"><ele>158.1</ele><time>2025-09-19T16:22:03Z</time></trkpt>
      <trkpt lat="48.770431" lon="2.055826"><ele>158.3</ele><time>2025-09-19T16:22:04Z</time></trkpt>
      <trkpt lat="48.770464" lon="2.055842"><ele>158.5</ele><time>2025-09-19T16:22:05Z</time></trkpt>
      <trkpt lat="48.770485" lon="2.055855"><ele>158.4</ele><time>2025-09-19T16:22:06Z</time></trkpt>
      <trkpt lat="48.770503" lon="2.055867"><ele>158.3</ele><time>2025-09-19T16:22:07Z</time></trkpt>
      <trkpt lat="48.770522" lon="2.055886"><ele>158.2</ele><time>2025-09-19T16:22:08Z</time></trkpt>
      <trkpt lat="48.770552" lon="2.055928"><ele>158.1</ele><time>2025-09-19T16:22:09Z</time></trkpt>
      <trkpt lat="48.770589" lon="2.056003"><ele>158.1</ele><time>2025-09-19T16:22:10Z</time></trkpt>
      <trkpt lat="48.770628" lon="2.056103"><ele>158.0</ele><time>2025-09-19T16:22:11Z</time></trkpt>
      <trkpt lat="48.770675" lon="2.056208"><ele>157.8</ele><time>2025-09-19T16:22:12Z</time></trkpt>
      <trkpt lat="48.770736" lon="2.056302"><ele>157.6</ele><time>2025-09-19T16:22:13Z</time></trkpt>
      <trkpt lat="48.770808" lon="2.056374"><ele>157.4</ele><time>2025-09-19T16:22:14Z</time></trkpt>
      <trkpt lat="48.770886" lon="2.056420"><ele>157.3</ele><time>2025-09-19T16:22:15Z</time></trkpt>
      <trkpt lat="48.770966" lon="2.056443"><ele>157.3</ele><time>2025-09-19T16:22:16Z</time></trkpt>
      <trkpt lat="48.771043" lon="2.056417"><ele>157.7</ele><time>2025-09-19T16:22:17Z</time></trkpt>
      <trkpt lat="48.771112" lon="2.056359"><ele>157.8</ele><time>2025-09-19T16:22:18Z</time></trkpt>
      <trkpt lat="48.771186" lon="2.056278"><ele>158.0</ele><time>2025-09-19T16:22:19Z</time></trkpt>
      <trkpt lat="48.771244" lon="2.056170"><ele>158.2</ele><time>2025-09-19T16:22:20Z</time></trkpt>
      <trkpt lat="48.771285" lon="2.056050"><ele>158.3</ele><time>2025-09-19T16:22:21Z</time></trkpt>
      <trkpt lat="48.771309" lon="2.055919"><ele>158.1</ele><time>2025-09-19T16:22:22Z</time></trkpt>
      <trkpt lat="48.771313" lon="2.055784"><ele>157.9</ele><time>2025-09-19T16:22:23Z</time></trkpt>
      <trkpt lat="48.771300" lon="2.055644"><ele>157.5</ele><time>2025-09-19T16:22:24Z</time></trkpt>
      <trkpt lat="48.771277" lon="2.055485"><ele>157.2</ele><time>2025-09-19T16:22:25Z</time></trkpt>
      <trkpt lat="48.771265" lon="2.055317"><ele>156.7</ele><time>2025-09-19T16:22:26Z</time></trkpt>
      <trkpt lat="48.771281" lon="2.055143"><ele>156.5</ele><time>2025-09-19T16:22:27Z</time></trkpt>
      <trkpt lat="48.771326" lon="2.054956"><ele>156.4</ele><time>2025-09-19T16:22:28Z</time></trkpt>
      <trkpt lat="48.771380" lon="2.054764"><ele>156.2</ele><time>2025-09-19T16:22:29Z</time></trkpt>
      <trkpt lat="48.771436" lon="2.054564"><ele>156.0</ele><time>2025-09-19T16:22:30Z</time></trkpt>
      <trkpt lat="48.771494" lon="2.054353"><ele>155.2</ele><time>2025-09-19T16:22:31Z</time></trkpt>
      <trkpt lat="48.771553" lon="2.054132"><ele>155.2</ele><time>2025-09-19T16:22:32Z</time></trkpt>
      <trkpt lat="48.771617" lon="2.053909"><ele>155.4</ele><time>2025-09-19T16:22:33Z</time></trkpt>
      <trkpt lat="48.771680" lon="2.053688"><ele>155.5</ele><time>2025-09-19T16:22:34Z</time></trkpt>
      <trkpt lat="48.771739" lon="2.053469"><ele>155.2</ele><time>2025-09-19T16:22:35Z</time></trkpt>
      <trkpt lat="48.771808" lon="2.053260"><ele>156.4</ele><time>2025-09-19T16:22:36Z</time></trkpt>
      <trkpt lat="48.771875" lon="2.053047"><ele>156.0</ele><time>2025-09-19T16:22:37Z</time></trkpt>
      <trkpt lat="48.771938" lon="2.052822"><ele>155.9</ele><time>2025-09-19T16:22:38Z</time></trkpt>
      <trkpt lat="48.771999" lon="2.052592"><ele>155.6</ele><time>2025-09-19T16:22:39Z</time></trkpt>
      <trkpt lat="48.772059" lon="2.052371"><ele>156.0</ele><time>2025-09-19T16:22:40Z</time></trkpt>
      <trkpt lat="48.772122" lon="2.052163"><ele>158.1</ele><time>2025-09-19T16:22:41Z</time></trkpt>
      <trkpt lat="48.772182" lon="2.051953"><ele>158.9</ele><time>2025-09-19T16:22:42Z</time></trkpt>
      <trkpt lat="48.772245" lon="2.051752"><ele>161.4</ele><time>2025-09-19T16:22:43Z</time></trkpt>
      <trkpt lat="48.772297" lon="2.051540"><ele>161.7</ele><time>2025-09-19T16:22:44Z</time></trkpt>
      <trkpt lat="48.772344" lon="2.051325"><ele>161.4</ele><time>2025-09-19T16:22:45Z</time></trkpt>
      <trkpt lat="48.772399" lon="2.051114"><ele>161.7</ele><time>2025-09-19T16:22:46Z</time></trkpt>
      <trkpt lat="48.772478" lon="2.050918"><ele>163.6</ele><time>2025-09-19T16:22:47Z</time></trkpt>
      <trkpt lat="48.772548" lon="2.050678"><ele>165.4</ele><time>2025-09-19T16:22:48Z</time></trkpt>
      <trkpt lat="48.772618" lon="2.050390"><ele>167.0</ele><time>2025-09-19T16:22:49Z</time></trkpt>
      <trkpt lat="48.772689" lon="2.050085"><ele>166.8</ele><time>2025-09-19T16:22:50Z</time></trkpt>
      <trkpt lat="48.772757" lon="2.049787"><ele>167.2</ele><time>2025-09-19T16:22:51Z</time></trkpt>
      <trkpt lat="48.772839" lon="2.049513"><ele>169.0</ele><time>2025-09-19T16:22:52Z</time></trkpt>
      <trkpt lat="48.772920" lon="2.049254"><ele>172.8</ele><time>2025-09-19T16:22:53Z</time></trkpt>
      <trkpt lat="48.772995" lon="2.048995"><ele>173.4</ele><time>2025-09-19T16:22:54Z</time></trkpt>
      <trkpt lat="48.773064" lon="2.048738"><ele>173.6</ele><time>2025-09-19T16:22:55Z</time></trkpt>
      <trkpt lat="48.773132" lon="2.048480"><ele>174.3</ele><time>2025-09-19T16:22:56Z</time></trkpt>
      <trkpt lat="48.773190" lon="2.048214"><ele>174.8</ele><time>2025-09-19T16:22:57Z</time></trkpt>
      <trkpt lat="48.773251" lon="2.047967"><ele>176.5</ele><time>2025-09-19T16:22:58Z</time></trkpt>
      <trkpt lat="48.773324" lon="2.047740"><ele>177.9</ele><time>2025-09-19T16:22:59Z</time></trkpt>
      <trkpt lat="48.773390" lon="2.047521"><ele>178.1</ele><time>2025-09-19T16:23:00Z</time></trkpt>
      <trkpt lat="48.773452" lon="2.047308"><ele>174.4</ele><time>2025-09-19T16:23:01Z</time></trkpt>
      <trkpt lat="48.773508" lon="2.047114"><ele>173.0</ele><time>2025-09-19T16:23:02Z</time></trkpt>
      <trkpt lat="48.773557" lon="2.046933"><ele>171.5</ele><time>2025-09-19T16:23:03Z</time></trkpt>
      <trkpt lat="48.773606" lon="2.046779"><ele>172.0</ele><time>2025-09-19T16:23:04Z</time></trkpt>
      <trkpt lat="48.773642" lon="2.046630"><ele>170.6</ele><time>2025-09-19T16:23:05Z</time></trkpt>
      <trkpt lat="48.773674" lon="2.046494"><ele>168.9</ele><time>2025-09-19T16:23:06Z</time></trkpt>
      <trkpt lat="48.773704" lon="2.046380"><ele>168.3</ele><time>2025-09-19T16:23:07Z</time></trkpt>
      <trkpt lat="48.773728" lon="2.046282"><ele>167.7</ele><time>2025-09-19T16:23:08Z</time></trkpt>
      <trkpt lat="48.773741" lon="2.046205"><ele>166.6</ele><time>2025-09-19T16:23:09Z</time></trkpt>
      <trkpt lat="48.773752" lon="2.046160"><ele>166.3</ele><time>2025-09-19T16:23:10Z</time></trkpt>
      <trkpt lat="48.773762" lon="2.046138"><ele>165.7</ele><time>2025-09-19T16:23:11Z</time></trkpt>
      <trkpt lat="48.773761" lon="2.046115"><ele>160.9</ele><time>2025-09-19T16:24:15Z</time></trkpt>
      <trkpt lat="48.773781" lon="2.046064"><ele>160.8</ele><time>2025-09-19T16:24:16Z</time></trkpt>
      <trkpt lat="48.773818" lon="2.046003"><ele>162.3</ele><time>2025-09-19T16:24:17Z</time></trkpt>
      <trkpt lat="48.773881" lon="2.045949"><ele>162.6</ele><time>2025-09-19T16:24:18Z</time></trkpt>
      <trkpt lat="48.773957" lon="2.045930"><ele>163.6</ele><time>2025-09-19T16:24:19Z</time></trkpt>
      <trkpt lat="48.774043" lon="2.045943"><ele>165.3</ele><time>2025-09-19T16:24:20Z</time></trkpt>
      <trkpt lat="48.774135" lon="2.045978"><ele>166.4</ele><time>2025-09-19T16:24:21Z</time></trkpt>
      <trkpt lat="48.774232" lon="2.046035"><ele>166.5</ele><time>2025-09-19T16:24:22Z</time></trkpt>
      <trkpt lat="48.774334" lon="2.046092"><ele>166.4</ele><time>2025-09-19T16:24:23Z</time></trkpt>
      <trkpt lat="48.774439" lon="2.046133"><ele>166.5</ele><time>2025-09-19T16:24:24Z</time></trkpt>
      <trkpt lat="48.774546" lon="2.046146"><ele>167.7</ele><time>2025-09-19T16:24:25Z</time></trkpt>
      <trkpt lat="48.774651" lon="2.046126"><ele>169.8</ele><time>2025-09-19T16:24:26Z</time></trkpt>
      <trkpt lat="48.774760" lon="2.046091"><ele>171.1</ele><time>2025-09-19T16:24:27Z</time></trkpt>
      <trkpt lat="48.774877" lon="2.046057"><ele>171.6</ele><time>2025-09-19T16:24:28Z</time></trkpt>
      <trkpt lat="48.774988" lon="2.046013"><ele>172.6</ele><time>2025-09-19T16:24:29Z</time></trkpt>
      <trkpt lat="48.775106" lon="2.045964"><ele>173.7</ele><time>2025-09-19T16:24:30Z</time></trkpt>
      <trkpt lat="48.775238" lon="2.045935"><ele>172.4</ele><time>2025-09-19T16:24:31Z</time></trkpt>
      <trkpt lat="48.775349" lon="2.045895"><ele>172.7</ele><time>2025-09-19T16:24:32Z</time></trkpt>
      <trkpt lat="48.775452" lon="2.045874"><ele>172.1</ele><time>2025-09-19T16:24:33Z</time></trkpt>
      <trkpt lat="48.775546" lon="2.045870"><ele>172.2</ele><time>2025-09-19T16:24:34Z</time></trkpt>
      <trkpt lat="48.775634" lon="2.045883"><ele>173.2</ele><time>2025-09-19T16:24:35Z</time></trkpt>
      <trkpt lat="48.775723" lon="2.045927"><ele>173.8</ele><time>2025-09-19T16:24:36Z</time></trkpt>
      <trkpt lat="48.775813" lon="2.045978"><ele>173.1</ele><time>2025-09-19T16:24:37Z</time></trkpt>
      <trkpt lat="48.775893" lon="2.046080"><ele>171.6</ele><time>2025-09-19T16:24:38Z</time></trkpt>
      <trkpt lat="48.775955" lon="2.046190"><ele>168.8</ele><time>2025-09-19T16:24:39Z</time></trkpt>
      <trkpt lat="48.776000" lon="2.046288"><ele>168.3</ele><time>2025-09-19T16:24:40Z</time></trkpt>
      <trkpt lat="48.776051" lon="2.046364"><ele>167.5</ele><time>2025-09-19T16:24:41Z</time></trkpt>
      <trkpt lat="48.776108" lon="2.046412"><ele>166.9</ele><time>2025-09-19T16:24:42Z</time></trkpt>
      <trkpt lat="48.776156" lon="2.046435"><ele>166.1</ele><time>2025-09-19T16:24:43Z</time></trkpt>
      <trkpt lat="48.776195" lon="2.046436"><ele>165.8</ele><time>2025-09-19T16:24:44Z</time></trkpt>
      <trkpt lat="48.776229" lon="2.046426"><ele>165.8</ele><time>2025-09-19T16:24:45Z</time></trkpt>
      <trkpt lat="48.776260" lon="2.046409"><ele>165.8</ele><time>2025-09-19T16:24:46Z</time></trkpt>
      <trkpt lat="48.776288" lon="2.046391"><ele>165.6</ele><time>2025-09-19T16:24:47Z</time></trkpt>
      <trkpt lat="48.776321" lon="2.046372"><ele>165.7</ele><time>2025-09-19T16:24:48Z</time></trkpt>
      <trkpt lat="48.776361" lon="2.046363"><ele>165.5</ele><time>2025-09-19T16:24:49Z</time></trkpt>
      <trkpt lat="48.776410" lon="2.046368"><ele>165.2</ele><time>2025-09-19T16:24:50Z</time></trkpt>
      <trkpt lat="48.776466" lon="2.046390"><ele>164.9</ele><time>2025-09-19T16:24:51Z</time></trkpt>
      <trkpt lat="48.776521" lon="2.046418"><ele>164.3</ele><time>2025-09-19T16:24:52Z</time></trkpt>
      <trkpt lat="48.776570" lon="2.046451"><ele>164.3</ele><time>2025-09-19T16:24:53Z</time></trkpt>
      <trkpt lat="48.776614" lon="2.046486"><ele>164.8</ele><time>2025-09-19T16:24:54Z</time></trkpt>
      <trkpt lat="48.776655" lon="2.046515"><ele>164.8</ele><time>2025-09-19T16:24:55Z</time></trkpt>
      <trkpt lat="48.776691" lon="2.046534"><ele>165.1</ele><time>2025-09-19T16:24:56Z</time></trkpt>
      <trkpt lat="48.776725" lon="2.046550"><ele>165.4</ele><time>2025-09-19T16:24:57Z</time></trkpt>
      <trkpt lat="48.776759" lon="2.046566"><ele>165.0</ele><time>2025-09-19T16:24:58Z</time></trkpt>
      <trkpt lat="48.776794" lon="2.046586"><ele>165.2</ele><time>2025-09-19T16:24:59Z</time></trkpt>
      <trkpt lat="48.776832" lon="2.046607"><ele>165.1</ele><time>2025-09-19T16:25:00Z</time></trkpt>
      <trkpt lat="48.776868" lon="2.046628"><ele>165.3</ele><time>2025-09-19T16:25:01Z</time></trkpt>
      <trkpt lat="48.776904" lon="2.046646"><ele>165.0</ele><time>2025-09-19T16:25:02Z</time></trkpt>
      <trkpt lat="48.776943" lon="2.046672"><ele>165.0</ele><time>2025-09-19T16:25:03Z</time></trkpt>
      <trkpt lat="48.776986" lon="2.046703"><ele>164.6</ele><time>2025-09-19T16:25:04Z</time></trkpt>
      <trkpt lat="48.777027" lon="2.046718"><ele>165.0</ele><time>2025-09-19T16:25:05Z</time></trkpt>
      <trkpt lat="48.777062" lon="2.046704"><ele>166.5</ele><time>2025-09-19T16:25:06Z</time></trkpt>
      <trkpt lat="48.777101" lon="2.046661"><ele>167.0</ele><time>2025-09-19T16:25:07Z</time></trkpt>
      <trkpt lat="48.777139" lon="2.046599"><ele>167.3</ele><time>2025-09-19T16:25:08Z</time></trkpt>
      <trkpt lat="48.777190" lon="2.046536"><ele>166.9</ele><time>2025-09-19T16:25:09Z</time></trkpt>
      <trkpt lat="48.777238" lon="2.046483"><ele>167.4</ele><time>2025-09-19T16:25:10Z</time></trkpt>
      <trkpt lat="48.777280" lon="2.046432"><ele>167.4</ele><time>2025-09-19T16:25:11Z</time></trkpt>
      <trkpt lat="48.777316" lon="2.046384"><ele>167.3</ele><time>2025-09-19T16:25:12Z</time></trkpt>
      <trkpt lat="48.777348" lon="2.046341"><ele>166.9</ele><time>2025-09-19T16:25:13Z</time></trkpt>
      <trkpt lat="48.777380" lon="2.046303"><ele>166.9</ele><time>2025-09-19T16:25:14Z</time></trkpt>
      <trkpt lat="48.777408" lon="2.046266"><ele>166.4</ele><time>2025-09-19T16:25:15Z</time></trkpt>
      <trkpt lat="48.777438" lon="2.046228"><ele>166.1</ele><time>2025-09-19T16:25:16Z</time></trkpt>
      <trkpt lat="48.777473" lon="2.046186"><ele>166.2</ele><time>2025-09-19T16:25:17Z</time></trkpt>
      <trkpt lat="48.777514" lon="2.046145"><ele>166.6</ele><time>2025-09-19T16:25:18Z</time></trkpt>
      <trkpt lat="48.777558" lon="2.046099"><ele>166.3</ele><time>2025-09-19T16:25:19Z</time></trkpt>
      <trkpt lat="48.777601" lon="2.046055"><ele>166.5</ele><time>2025-09-19T16:25:20Z</time></trkpt>
      <trkpt lat="48.777644" lon="2.046006"><ele>166.5</ele><time>2025-09-19T16:25:21Z</time></trkpt>
      <trkpt lat="48.777704" lon="2.045951"><ele>166.7</ele><time>2025-09-19T16:25:22Z</time></trkpt>
      <trkpt lat="48.777760" lon="2.045884"><ele>166.2</ele><time>2025-09-19T16:25:23Z</time></trkpt>
      <trkpt lat="48.777825" lon="2.045818"><ele>166.5</ele><time>2025-09-19T16:25:24Z</time></trkpt>
      <trkpt lat="48.777889" lon="2.045743"><ele>166.2</ele><time>2025-09-19T16:25:25Z</time></trkpt>
      <trkpt lat="48.777953" lon="2.045665"><ele>165.6</ele><time>2025-09-19T16:25:26Z</time></trkpt>
      <trkpt lat="48.778024" lon="2.045593"><ele>165.7</ele><time>2025-09-19T16:25:27Z</time></trkpt>
      <trkpt lat="48.778091" lon="2.045519"><ele>165.8</ele><time>2025-09-19T16:25:28Z</time></trkpt>
      <trkpt lat="48.778154" lon="2.045443"><ele>165.5</ele><time>2025-09-19T16:25:29Z</time></trkpt>
      <trkpt lat="48.778213" lon="2.045372"><ele>165.2</ele><time>2025-09-19T16:25:30Z</time></trkpt>
      <trkpt lat="48.778266" lon="2.045306"><ele>164.4</ele><time>2025-09-19T16:25:31Z</time></trkpt>
      <trkpt lat="48.778314" lon="2.045252"><ele>164.6</ele><time>2025-09-19T16:25:32Z</time></trkpt>
      <trkpt lat="48.778362" lon="2.045200"><ele>164.5</ele><time>2025-09-19T16:25:33Z</time></trkpt>
      <trkpt lat="48.778406" lon="2.045156"><ele>164.3</ele><time>2025-09-19T16:25:34Z</time></trkpt>
      <trkpt lat="48.778448" lon="2.045110"><ele>164.3</ele><time>2025-09-19T16:25:35Z</time></trkpt>
      <trkpt lat="48.778497" lon="2.045049"><ele>163.9</ele><time>2025-09-19T16:25:36Z</time></trkpt>
      <trkpt lat="48.778545" lon="2.044992"><ele>163.4</ele><time>2025-09-19T16:25:37Z</time></trkpt>
      <trkpt lat="48.778586" lon="2.044937"><ele>162.6</ele><time>2025-09-19T16:25:38Z</time></trkpt>
      <trkpt lat="48.778621" lon="2.044890"><ele>162.4</ele><time>2025-09-19T16:25:39Z</time></trkpt>
      <trkpt lat="48.778647" lon="2.044849"><ele>162.2</ele><time>2025-09-19T16:25:40Z</time></trkpt>
      <trkpt lat="48.778678" lon="2.044818"><ele>162.0</ele><time>2025-09-19T16:25:41Z</time></trkpt>
      <trkpt lat="48.778707" lon="2.044791"><ele>162.7</ele><time>2025-09-19T16:25:42Z</time></trkpt>
      <trkpt lat="48.778733" lon="2.044762"><ele>163.5</ele><time>2025-09-19T16:25:43Z</time></trkpt>
      <trkpt lat="48.778760" lon="2.044730"><ele>164.2</ele><time>2025-09-19T16:25:44Z</time></trkpt>
      <trkpt lat="48.778797" lon="2.044696"><ele>165.3</ele><time>2025-09-19T16:25:45Z</time></trkpt>
      <trkpt lat="48.778840" lon="2.044652"><ele>166.0</ele><time>2025-09-19T16:25:46Z</time></trkpt>
      <trkpt lat="48.778882" lon="2.044588"><ele>165.2</ele><time>2025-09-19T16:25:47Z</time></trkpt>
      <trkpt lat="48.778944" lon="2.044504"><ele>163.3</ele><time>2025-09-19T16:25:48Z</time></trkpt>
      <trkpt lat="48.779011" lon="2.044417"><ele>163.6</ele><time>2025-09-19T16:25:49Z</time></trkpt>
      <trkpt lat="48.779091" lon="2.044327"><ele>165.0</ele><time>2025-09-19T16:25:50Z</time></trkpt>
      <trkpt lat="48.779176" lon="2.044224"><ele>165.0</ele><time>2025-09-19T16:25:51Z</time></trkpt>
      <trkpt lat="48.779263" lon="2.044112"><ele>164.8</ele><time>2025-09-19T16:25:52Z</time></trkpt>
      <trkpt lat="48.779354" lon="2.043999"><ele>164.1</ele><time>2025-09-19T16:25:53Z</time></trkpt>
      <trkpt lat="48.779442" lon="2.043886"><ele>163.5</ele><time>2025-09-19T16:25:54Z</time></trkpt>
      <trkpt lat="48.779531" lon="2.043781"><ele>163.3</ele><time>2025-09-19T16:25:55Z</time></trkpt>
      <trkpt lat="48.779606" lon="2.043678"><ele>163.3</ele><time>2025-09-19T16:25:56Z</time></trkpt>
      <trkpt lat="48.779692" lon="2.043598"><ele>164.7</ele><time>2025-09-19T16:25:57Z</time></trkpt>
      <trkpt lat="48.779770" lon="2.043534"><ele>166.6</ele><time>2025-09-19T16:25:58Z</time></trkpt>
      <trkpt lat="48.779832" lon="2.043482"><ele>167.9</ele><time>2025-09-19T16:25:59Z</time></trkpt>
      <trkpt lat="48.779893" lon="2.043452"><ele>169.0</ele><time>2025-09-19T16:26:00Z</time></trkpt>
      <trkpt lat="48.779951" lon="2.043434"><ele>170.1</ele><time>2025-09-19T16:26:01Z</time></trkpt>
      <trkpt lat="48.780031" lon="2.043424"><ele>169.4</ele><time>2025-09-19T16:26:02Z</time></trkpt>
      <trkpt lat="48.780108" lon="2.043438"><ele>169.3</ele><time>2025-09-19T16:26:03Z</time></trkpt>
      <trkpt lat="48.780175" lon="2.043475"><ele>169.3</ele><time>2025-09-19T16:26:04Z</time></trkpt>
      <trkpt lat="48.780227" lon="2.043536"><ele>168.9</ele><time>2025-09-19T16:26:05Z</time></trkpt>
      <trkpt lat="48.780255" lon="2.043611"><ele>169.1</ele><time>2025-09-19T16:26:06Z</time></trkpt>
      <trkpt lat="48.780274" lon="2.043700"><ele>168.7</ele><time>2025-09-19T16:26:07Z</time></trkpt>
      <trkpt lat="48.780311" lon="2.043804"><ele>168.3</ele><time>2025-09-19T16:26:08Z</time></trkpt>
      <trkpt lat="48.780367" lon="2.043911"><ele>167.5</ele><time>2025-09-19T16:26:09Z</time></trkpt>
      <trkpt lat="48.780425" lon="2.044020"><ele>167.3</ele><time>2025-09-19T16:26:10Z</time></trkpt>
      <trkpt lat="48.780486" lon="2.044129"><ele>167.2</ele><time>2025-09-19T16:26:11Z</time></trkpt>
      <trkpt lat="48.780542" lon="2.044234"><ele>167.6</ele><time>2025-09-19T16:26:12Z</time></trkpt>
      <trkpt lat="48.780589" lon="2.044327"><ele>167.5</ele><time>2025-09-19T16:26:13Z</time></trkpt>
      <trkpt lat="48.780631" lon="2.044401"><ele>168.1</ele><time>2025-09-19T16:26:14Z</time></trkpt>
      <trkpt lat="48.780655" lon="2.044465"><ele>167.6</ele><time>2025-09-19T16:26:15Z</time></trkpt>
      <trkpt lat="48.780657" lon="2.044520"><ele>167.6</ele><time>2025-09-19T16:26:16Z</time></trkpt>
      <trkpt lat="48.780655" lon="2.044572"><ele>166.9</ele><time>2025-09-19T16:26:17Z</time></trkpt>
      <trkpt lat="48.780643" lon="2.044605"><ele>166.5</ele><time>2025-09-19T16:26:18Z</time></trkpt>
      <trkpt lat="48.780631" lon="2.044622"><ele>166.6</ele><time>2025-09-19T16:26:19Z</time></trkpt>
      <trkpt lat="48.780628" lon="2.044630"><ele>166.7</ele><time>2025-09-19T16:26:20Z</time></trkpt>
      <trkpt lat="48.780656" lon="2.044563"><ele>172.8</ele><time>2025-09-19T16:26:53Z</time></trkpt>
      <trkpt lat="48.780635" lon="2.044595"><ele>174.3</ele><time>2025-09-19T16:26:54Z</time></trkpt>
      <trkpt lat="48.780599" lon="2.044645"><ele>175.4</ele><time>2025-09-19T16:26:55Z</time></trkpt>
      <trkpt lat="48.780569" lon="2.044703"><ele>176.4</ele><time>2025-09-19T16:26:56Z</time></trkpt>
      <trkpt lat="48.780545" lon="2.044740"><ele>177.1</ele><time>2025-09-19T16:26:57Z</time></trkpt>
      <trkpt lat="48.780545" lon="2.044740"><ele>177.1</ele><time>2025-09-19T16:26:58Z</time></trkpt>
      <trkpt lat="48.779699" lon="2.044193"><ele>169.5</ele><time>2025-09-19T16:29:09Z</time></trkpt>
      <trkpt lat="48.779657" lon="2.044250"><ele>180.3</ele><time>2025-09-19T16:29:19Z</time></trkpt>
      <trkpt lat="48.779562" lon="2.044220"><ele>191.5</ele><time>2025-09-19T16:29:33Z</time></trkpt>
      <trkpt lat="48.779534" lon="2.044218"><ele>194.6</ele><time>2025-09-19T16:29:37Z</time></trkpt>
      <trkpt lat="48.779485" lon="2.044210"><ele>197.1</ele><time>2025-09-19T16:29:44Z</time></trkpt>
      <trkpt lat="48.779448" lon="2.044215"><ele>198.4</ele><time>2025-09-19T16:29:48Z</time></trkpt>
      <trkpt lat="48.779435" lon="2.044217"><ele>198.0</ele><time>2025-09-19T16:29:49Z</time></trkpt>
      <trkpt lat="48.779420" lon="2.044218"><ele>198.0</ele><time>2025-09-19T16:29:50Z</time></trkpt>
      <trkpt lat="48.779400" lon="2.044222"><ele>197.1</ele><time>2025-09-19T16:29:51Z</time></trkpt>
      <trkpt lat="48.779388" lon="2.044220"><ele>197.2</ele><time>2025-09-19T16:29:52Z</time></trkpt>
      <trkpt lat="48.779364" lon="2.044217"><ele>196.8</ele><time>2025-09-19T16:29:53Z</time></trkpt>
      <trkpt lat="48.779355" lon="2.044227"><ele>195.9</ele><time>2025-09-19T16:29:54Z</time></trkpt>
      <trkpt lat="48.779346" lon="2.044232"><ele>196.0</ele><time>2025-09-19T16:29:55Z</time></trkpt>
      <trkpt lat="48.779337" lon="2.044242"><ele>196.9</ele><time>2025-09-19T16:29:57Z</time></trkpt>
      <trkpt lat="48.779322" lon="2.044248"><ele>197.0</ele><time>2025-09-19T16:29:58Z</time></trkpt>
      <trkpt lat="48.779308" lon="2.044246"><ele>196.9</ele><time>2025-09-19T16:29:59Z</time></trkpt>
      <trkpt lat="48.779294" lon="2.044245"><ele>197.6</ele><time>2025-09-19T16:30:00Z</time></trkpt>
      <trkpt lat="48.779288" lon="2.044259"><ele>198.4</ele><time>2025-09-19T16:30:01Z</time></trkpt>
      <trkpt lat="48.779280" lon="2.044270"><ele>198.5</ele><time>2025-09-19T16:30:02Z</time></trkpt>
      <trkpt lat="48.779271" lon="2.044275"><ele>198.7</ele><time>2025-09-19T16:30:03Z</time></trkpt>
      <trkpt lat="48.779264" lon="2.044281"><ele>199.5</ele><time>2025-09-19T16:30:04Z</time></trkpt>
      <trkpt lat="48.779257" lon="2.044285"><ele>200.5</ele><time>2025-09-19T16:30:05Z</time></trkpt>
      <trkpt lat="48.779246" lon="2.044286"><ele>200.8</ele><time>2025-09-19T16:30:06Z</time></trkpt>
      <trkpt lat="48.779224" lon="2.044289"><ele>201.9</ele><time>2025-09-19T16:30:08Z</time></trkpt>
      <trkpt lat="48.779214" lon="2.044305"><ele>201.9</ele><time>2025-09-19T16:30:09Z</time></trkpt>
      <trkpt lat="48.779204" lon="2.044311"><ele>201.7</ele><time>2025-09-19T16:30:10Z</time></trkpt>
      <trkpt lat="48.779193" lon="2.044316"><ele>201.5</ele><time>2025-09-19T16:30:11Z</time></trkpt>
      <trkpt lat="48.779181" lon="2.044318"><ele>201.2</ele><time>2025-09-19T16:30:12Z</time></trkpt>
      <trkpt lat="48.779165" lon="2.044329"><ele>201.4</ele><time>2025-09-19T16:30:13Z</time></trkpt>
      <trkpt lat="48.779149" lon="2.044333"><ele>201.5</ele><time>2025-09-19T16:30:14Z</time></trkpt>
      <trkpt lat="48.779136" lon="2.044340"><ele>201.7</ele><time>2025-09-19T16:30:15Z</time></trkpt>
      <trkpt lat="48.779127" lon="2.044348"><ele>201.6</ele><time>2025-09-19T16:30:16Z</time></trkpt>
      <trkpt lat="48.779121" lon="2.044361"><ele>201.5</ele><time>2025-09-19T16:30:17Z</time></trkpt>
      <trkpt lat="48.779109" lon="2.044359"><ele>201.0</ele><time>2025-09-19T16:30:18Z</time></trkpt>
      <trkpt lat="48.779098" lon="2.044367"><ele>201.0</ele><time>2025-09-19T16:30:19Z</time></trkpt>
      <trkpt lat="48.779087" lon="2.044381"><ele>200.7</ele><time>2025-09-19T16:30:20Z</time></trkpt>
      <trkpt lat="48.779076" lon="2.044397"><ele>200.7</ele><time>2025-09-19T16:30:21Z</time></trkpt>
      <trkpt lat="48.779063" lon="2.044411"><ele>200.0</ele><time>2025-09-19T16:30:22Z</time></trkpt>
      <trkpt lat="48.779051" lon="2.044424"><ele>199.9</ele><time>2025-09-19T16:30:23Z</time></trkpt>
      <trkpt lat="48.779036" lon="2.044434"><ele>199.3</ele><time>2025-09-19T16:30:24Z</time></trkpt>
      <trkpt lat="48.779028" lon="2.044447"><ele>199.6</ele><time>2025-09-19T16:30:25Z</time></trkpt>
      <trkpt lat="48.779035" lon="2.044525"><ele>198.4</ele><time>2025-09-19T16:30:26Z</time></trkpt>
      <trkpt lat="48.779046" lon="2.044614"><ele>196.8</ele><time>2025-09-19T16:30:27Z</time></trkpt>
      <trkpt lat="48.779055" lon="2.044683"><ele>195.3</ele><time>2025-09-19T16:30:28Z</time></trkpt>
      <trkpt lat="48.779049" lon="2.044710"><ele>194.8</ele><time>2025-09-19T16:30:29Z</time></trkpt>
      <trkpt lat="48.779049" lon="2.044727"><ele>195.4</ele><time>2025-09-19T16:30:30Z</time></trkpt>
      <trkpt lat="48.779039" lon="2.044744"><ele>194.5</ele><time>2025-09-19T16:30:31Z</time></trkpt>
      <trkpt lat="48.779010" lon="2.044775"><ele>192.3</ele><time>2025-09-19T16:30:33Z</time></trkpt>
      <trkpt lat="48.779007" lon="2.044784"><ele>193.5</ele><time>2025-09-19T16:30:34Z</time></trkpt>
      <trkpt lat="48.779004" lon="2.044797"><ele>194.8</ele><time>2025-09-19T16:30:35Z</time></trkpt>
      <trkpt lat="48.778991" lon="2.044810"><ele>194.4</ele><time>2025-09-19T16:30:36Z</time></trkpt>
      <trkpt lat="48.778983" lon="2.044821"><ele>195.3</ele><time>2025-09-19T16:30:37Z</time></trkpt>
      <trkpt lat="48.778965" lon="2.044818"><ele>194.5</ele><time>2025-09-19T16:30:38Z</time></trkpt>
      <trkpt lat="48.778959" lon="2.044821"><ele>195.1</ele><time>2025-09-19T16:30:39Z</time></trkpt>
      <trkpt lat="48.778949" lon="2.044814"><ele>195.3</ele><time>2025-09-19T16:30:40Z</time></trkpt>
      <trkpt lat="48.778937" lon="2.044809"><ele>196.1</ele><time>2025-09-19T16:30:41Z</time></trkpt>
      <trkpt lat="48.778925" lon="2.044809"><ele>196.3</ele><time>2025-09-19T16:30:42Z</time></trkpt>
      <trkpt lat="48.778906" lon="2.044808"><ele>196.4</ele><time>2025-09-19T16:30:43Z</time></trkpt>
      <trkpt lat="48.778896" lon="2.044805"><ele>196.5</ele><time>2025-09-19T16:30:44Z</time></trkpt>
      <trkpt lat="48.778886" lon="2.044811"><ele>197.0</ele><time>2025-09-19T16:30:45Z</time></trkpt>
      <trkpt lat="48.778872" lon="2.044808"><ele>196.9</ele><time>2025-09-19T16:30:46Z</time></trkpt>
      <trkpt lat="48.778861" lon="2.044809"><ele>197.2</ele><time>2025-09-19T16:30:47Z</time></trkpt>
      <trkpt lat="48.778846" lon="2.044807"><ele>196.7</ele><time>2025-09-19T16:30:48Z</time></trkpt>
      <trkpt lat="48.778826" lon="2.044808"><ele>194.9</ele><time>2025-09-19T16:30:49Z</time></trkpt>
      <trkpt lat="48.778813" lon="2.044802"><ele>195.2</ele><time>2025-09-19T16:30:50Z</time></trkpt>
      <trkpt lat="48.778798" lon="2.044800"><ele>194.9</ele><time>2025-09-19T16:30:51Z</time></trkpt>
      <trkpt lat="48.778781" lon="2.044801"><ele>194.7</ele><time>2025-09-19T16:30:52Z</time></trkpt>
      <trkpt lat="48.778766" lon="2.044805"><ele>195.0</ele><time>2025-09-19T16:30:53Z</time></trkpt>
      <trkpt lat="48.778756" lon="2.044813"><ele>194.8</ele><time>2025-09-19T16:30:54Z</time></trkpt>
      <trkpt lat="48.778747" lon="2.044817"><ele>194.9</ele><time>2025-09-19T16:30:55Z</time></trkpt>
      <trkpt lat="48.778737" lon="2.044818"><ele>194.8</ele><time>2025-09-19T16:30:56Z</time></trkpt>
      <trkpt lat="48.778731" lon="2.044833"><ele>194.9</ele><time>2025-09-19T16:30:57Z</time></trkpt>
      <trkpt lat="48.778733" lon="2.044849"><ele>195.1</ele><time>2025-09-19T16:30:58Z</time></trkpt>
      <trkpt lat="48.778731" lon="2.044862"><ele>195.2</ele><time>2025-09-19T16:30:59Z</time></trkpt>
      <trkpt lat="48.778729" lon="2.044884"><ele>194.3</ele><time>2025-09-19T16:31:00Z</time></trkpt>
      <trkpt lat="48.778721" lon="2.044896"><ele>193.6</ele><time>2025-09-19T16:31:01Z</time></trkpt>
      <trkpt lat="48.778713" lon="2.044907"><ele>192.7</ele><time>2025-09-19T16:31:02Z</time></trkpt>
      <trkpt lat="48.778659" lon="2.044952"><ele>191.2</ele><time>2025-09-19T16:31:10Z</time></trkpt>
      <trkpt lat="48.778637" lon="2.044955"><ele>191.4</ele><time>2025-09-19T16:31:12Z</time></trkpt>
      <trkpt lat="48.778627" lon="2.044960"><ele>191.5</ele><time>2025-09-19T16:31:13Z</time></trkpt>
      <trkpt lat="48.778616" lon="2.044973"><ele>191.7</ele><time>2025-09-19T16:31:14Z</time></trkpt>
      <trkpt lat="48.778604" lon="2.044990"><ele>191.7</ele><time>2025-09-19T16:31:15Z</time></trkpt>
      <trkpt lat="48.778594" lon="2.045013"><ele>191.9</ele><time>2025-09-19T16:31:16Z</time></trkpt>
      <trkpt lat="48.778591" lon="2.045037"><ele>192.1</ele><time>2025-09-19T16:31:17Z</time></trkpt>
      <trkpt lat="48.778585" lon="2.045036"><ele>192.2</ele><time>2025-09-19T16:31:18Z</time></trkpt>
      <trkpt lat="48.778574" lon="2.045050"><ele>192.4</ele><time>2025-09-19T16:31:19Z</time></trkpt>
      <trkpt lat="48.778543" lon="2.045053"><ele>192.8</ele><time>2025-09-19T16:31:20Z</time></trkpt>
      <trkpt lat="48.778510" lon="2.045038"><ele>193.1</ele><time>2025-09-19T16:31:21Z</time></trkpt>
      <trkpt lat="48.778478" lon="2.045035"><ele>193.3</ele><time>2025-09-19T16:31:22Z</time></trkpt>
      <trkpt lat="48.778463" lon="2.045034"><ele>193.6</ele><time>2025-09-19T16:31:23Z</time></trkpt>
      <trkpt lat="48.778456" lon="2.045038"><ele>194.1</ele><time>2025-09-19T16:31:24Z</time></trkpt>
      <trkpt lat="48.778444" lon="2.045055"><ele>194.5</ele><time>2025-09-19T16:31:25Z</time></trkpt>
      <trkpt lat="48.778439" lon="2.045078"><ele>195.0</ele><time>2025-09-19T16:31:26Z</time></trkpt>
      <trkpt lat="48.778435" lon="2.045097"><ele>195.5</ele><time>2025-09-19T16:31:27Z</time></trkpt>
      <trkpt lat="48.778454" lon="2.045129"><ele>188.3</ele><time>2025-09-19T16:31:28Z</time></trkpt>
      <trkpt lat="48.778460" lon="2.045143"><ele>187.4</ele><time>2025-09-19T16:31:29Z</time></trkpt>
      <trkpt lat="48.778498" lon="2.045262"><ele>187.5</ele><time>2025-09-19T16:31:30Z</time></trkpt>
      <trkpt lat="48.778498" lon="2.045262"><ele>187.5</ele><time>2025-09-19T16:31:31Z</time></trkpt>
      <trkpt lat="48.778718" lon="2.045459"><ele>182.2</ele><time>2025-09-19T16:32:56Z</time></trkpt>
      <trkpt lat="48.778737" lon="2.045424"><ele>181.4</ele><time>2025-09-19T16:32:57Z</time></trkpt>
      <trkpt lat="48.778744" lon="2.045398"><ele>180.9</ele><time>2025-09-19T16:32:58Z</time></trkpt>
      <trkpt lat="48.778747" lon="2.045393"><ele>180.1</ele><time>2025-09-19T16:32:59Z</time></trkpt>
      <trkpt lat="48.778747" lon="2.045381"><ele>179.0</ele><time>2025-09-19T16:33:00Z</time></trkpt>
      <trkpt lat="48.778747" lon="2.045368"><ele>178.4</ele><time>2025-09-19T16:33:01Z</time></trkpt>
      <trkpt lat="48.778749" lon="2.045358"><ele>178.0</ele><time>2025-09-19T16:33:02Z</time></trkpt>
      <trkpt lat="48.778753" lon="2.045329"><ele>177.1</ele><time>2025-09-19T16:33:03Z</time></trkpt>
      <trkpt lat="48.778756" lon="2.045321"><ele>176.2</ele><time>2025-09-19T16:33:04Z</time></trkpt>
      <trkpt lat="48.778768" lon="2.045295"><ele>175.5</ele><time>2025-09-19T16:33:05Z</time></trkpt>
      <trkpt lat="48.778773" lon="2.045285"><ele>174.7</ele><time>2025-09-19T16:33:06Z</time></trkpt>
      <trkpt lat="48.778773" lon="2.045288"><ele>173.6</ele><time>2025-09-19T16:33:07Z</time></trkpt>
      <trkpt lat="48.778775" lon="2.045279"><ele>172.7</ele><time>2025-09-19T16:33:08Z</time></trkpt>
      <trkpt lat="48.778716" lon="2.045398"><ele>162.7</ele><time>2025-09-19T16:33:20Z</time></trkpt>
      <trkpt lat="48.778697" lon="2.045422"><ele>162.8</ele><time>2025-09-19T16:33:21Z</time></trkpt>
      <trkpt lat="48.778688" lon="2.045448"><ele>163.7</ele><time>2025-09-19T16:33:22Z</time></trkpt>
      <trkpt lat="48.778683" lon="2.045464"><ele>164.0</ele><time>2025-09-19T16:33:23Z</time></trkpt>
      <trkpt lat="48.778673" lon="2.045460"><ele>164.2</ele><time>2025-09-19T16:33:24Z</time></trkpt>
      <trkpt lat="48.778667" lon="2.045458"><ele>164.4</ele><time>2025-09-19T16:33:25Z</time></trkpt>
      <trkpt lat="48.778667" lon="2.045448"><ele>163.7</ele><time>2025-09-19T16:33:26Z</time></trkpt>
      <trkpt lat="48.778672" lon="2.045455"><ele>163.2</ele><time>2025-09-19T16:33:30Z</time></trkpt>
      <trkpt lat="48.778672" lon="2.045519"><ele>148.8</ele><time>2025-09-19T16:33:53Z</time></trkpt>
      <trkpt lat="48.778668" lon="2.045481"><ele>147.5</ele><time>2025-09-19T16:33:56Z</time></trkpt>
      <trkpt lat="48.778658" lon="2.045502"><ele>143.8</ele><time>2025-09-19T16:34:11Z</time></trkpt>
      <trkpt lat="48.778644" lon="2.045538"><ele>142.2</ele><time>2025-09-19T16:34:12Z</time></trkpt>
      <trkpt lat="48.778613" lon="2.045614"><ele>137.4</ele><time>2025-09-19T16:34:15Z</time></trkpt>
      <trkpt lat="48.778562" lon="2.045693"><ele>133.9</ele><time>2025-09-19T16:34:36Z</time></trkpt>
      <trkpt lat="48.778561" lon="2.045687"><ele>134.5</ele><time>2025-09-19T16:34:37Z</time></trkpt>
      <trkpt lat="48.778566" lon="2.045682"><ele>135.8</ele><time>2025-09-19T16:34:38Z</time></trkpt>
      <trkpt lat="48.778562" lon="2.045675"><ele>137.1</ele><time>2025-09-19T16:34:39Z</time></trkpt>
      <trkpt lat="48.778561" lon="2.045676"><ele>137.7</ele><time>2025-09-19T16:34:40Z</time></trkpt>
      <trkpt lat="48.778559" lon="2.045686"><ele>137.9</ele><time>2025-09-19T16:34:41Z</time></trkpt>
      <trkpt lat="48.778532" lon="2.045727"><ele>136.5</ele><time>2025-09-19T16:34:44Z</time></trkpt>
      <trkpt lat="48.778513" lon="2.045753"><ele>136.3</ele><time>2025-09-19T16:34:45Z</time></trkpt>
      <trkpt lat="48.778510" lon="2.045751"><ele>136.7</ele><time>2025-09-19T16:34:46Z</time></trkpt>
      <trkpt lat="48.778487" lon="2.045784"><ele>136.9</ele><time>2025-09-19T16:34:47Z</time></trkpt>
      <trkpt lat="48.778472" lon="2.045789"><ele>137.2</ele><time>2025-09-19T16:34:48Z</time></trkpt>
      <trkpt lat="48.778467" lon="2.045787"><ele>137.3</ele><time>2025-09-19T16:34:49Z</time></trkpt>
      <trkpt lat="48.778496" lon="2.045742"><ele>137.9</ele><time>2025-09-19T16:34:50Z</time></trkpt>
      <trkpt lat="48.778501" lon="2.045714"><ele>138.5</ele><time>2025-09-19T16:34:51Z</time></trkpt>
      <trkpt lat="48.778500" lon="2.045702"><ele>139.1</ele><time>2025-09-19T16:34:52Z</time></trkpt>
      <trkpt lat="48.778511" lon="2.045682"><ele>139.5</ele><time>2025-09-19T16:34:53Z</time></trkpt>
      <trkpt lat="48.778514" lon="2.045657"><ele>139.9</ele><time>2025-09-19T16:34:55Z</time></trkpt>
      <trkpt lat="48.778513" lon="2.045665"><ele>140.3</ele><time>2025-09-19T16:34:56Z</time></trkpt>
      <trkpt lat="48.778516" lon="2.045683"><ele>140.7</ele><time>2025-09-19T16:34:57Z</time></trkpt>
      <trkpt lat="48.778523" lon="2.045685"><ele>141.1</ele><time>2025-09-19T16:34:58Z</time></trkpt>
      <trkpt lat="48.778528" lon="2.045670"><ele>141.5</ele><time>2025-09-19T16:34:59Z</time></trkpt>
      <trkpt lat="48.778656" lon="2.045538"><ele>146.3</ele><time>2025-09-19T16:36:09Z</time></trkpt>
      <trkpt lat="48.778583" lon="2.045460"><ele>141.2</ele><time>2025-09-19T16:36:32Z</time></trkpt>
      <trkpt lat="48.778536" lon="2.045568"><ele>136.8</ele><time>2025-09-19T16:36:39Z</time></trkpt>
      <trkpt lat="48.778536" lon="2.045568"><ele>136.9</ele><time>2025-09-19T16:36:40Z</time></trkpt>
      <trkpt lat="48.778540" lon="2.045568"><ele>136.8</ele><time>2025-09-19T16:36:41Z</time></trkpt>
      <trkpt lat="48.778594" lon="2.045455"><ele>137.7</ele><time>2025-09-19T16:36:59Z</time></trkpt>
      <trkpt lat="48.778593" lon="2.045446"><ele>138.3</ele><time>2025-09-19T16:37:00Z</time></trkpt>
      <trkpt lat="48.778591" lon="2.045428"><ele>138.3</ele><time>2025-09-19T16:37:01Z</time></trkpt>
      <trkpt lat="48.778658" lon="2.045406"><ele>143.8</ele><time>2025-09-19T16:37:33Z</time></trkpt>
      <trkpt lat="48.778662" lon="2.045411"><ele>144.6</ele><time>2025-09-19T16:37:34Z</time></trkpt>
      <trkpt lat="48.778658" lon="2.045406"><ele>145.0</ele><time>2025-09-19T16:37:35Z</time></trkpt>
      <trkpt lat="48.778654" lon="2.045404"><ele>145.1</ele><time>2025-09-19T16:37:36Z</time></trkpt>
      <trkpt lat="48.778650" lon="2.045394"><ele>145.1</ele><time>2025-09-19T16:37:37Z</time></trkpt>
      <trkpt lat="48.778666" lon="2.045399"><ele>143.7</ele><time>2025-09-19T16:37:40Z</time></trkpt>
      <trkpt lat="48.778558" lon="2.045412"><ele>143.3</ele><time>2025-09-19T16:37:43Z</time></trkpt>
      <trkpt lat="48.778558" lon="2.045412"><ele>143.3</ele><time>2025-09-19T16:37:44Z</time></trkpt>
      <trkpt lat="48.778669" lon="2.045205"><ele>143.2</ele><time>2025-09-19T16:39:30Z</time></trkpt>
      <trkpt lat="48.778681" lon="2.045238"><ele>143.1</ele><time>2025-09-19T16:39:31Z</time></trkpt>
      <trkpt lat="48.778683" lon="2.045274"><ele>143.2</ele><time>2025-09-19T16:39:32Z</time></trkpt>
    </trkseg>
  </trk>
</gpx>
