<?xml version="1.0" encoding="UTF-8"?>
<gpx version="1.1" creator="ESP32 GPS Logger" xmlns="http://www.topografix.com/GPX/1/1">
  <metadata>
    <time>1970-01-01T00:00:00Z</time>
  </metadata>
  <trk>
    <name>1970-01-01T00:00:00Z</name>
    <trkseg>
      <trkpt lat="48.821066" lon="2.069337"><ele>127.2</ele><time>2025-09-20T09:26:23Z</time></trkpt>
      <trkpt lat="48.821307" lon="2.069648"><ele>127.9</ele><time>2025-09-20T09:26:24Z</time></trkpt>
      <trkpt lat="48.821560" lon="2.069959"><ele>125.6</ele><time>2025-09-20T09:26:25Z</time></trkpt>
      <trkpt lat="48.821793" lon="2.070264"><ele>126.8</ele><time>2025-09-20T09:26:26Z</time></trkpt>
      <trkpt lat="48.822029" lon="2.070578"><ele>126.7</ele><time>2025-09-20T09:26:27Z</time></trkpt>
      <trkpt lat="48.822248" lon="2.070887"><ele>126.6</ele><time>2025-09-20T09:26:28Z</time></trkpt>
      <trkpt lat="48.822474" lon="2.071200"><ele>127.7</ele><time>2025-09-20T09:26:29Z</time></trkpt>
      <trkpt lat="48.822705" lon="2.071514"><ele>125.8</ele><time>2025-09-20T09:26:30Z</time></trkpt>
      <trkpt lat="48.822934" lon="2.071823"><ele>126.0</ele><time>2025-09-20T09:26:31Z</time></trkpt>
      <trkpt lat="48.823158" lon="2.072129"><ele>128.0</ele><time>2025-09-20T09:26:32Z</time></trkpt>
      <trkpt lat="48.823391" lon="2.072440"><ele>127.8</ele><time>2025-09-20T09:26:33Z</time></trkpt>
      <trkpt lat="48.823619" lon="2.072750"><ele>125.2</ele><time>2025-09-20T09:26:34Z</time></trkpt>
      <trkpt lat="48.823842" lon="2.073059"><ele>127.0</ele><time>2025-09-20T09:26:35Z</time></trkpt>
      <trkpt lat="48.824067" lon="2.073363"><ele>128.0</ele><time>2025-09-20T09:26:36Z</time></trkpt>
      <trkpt lat="48.824067" lon="2.073363"><ele>128.0</ele><time>2025-09-20T09:26:37Z</time></trkpt>
      <trkpt lat="48.825426" lon="2.075175"><ele>128.7</ele><time>2025-09-20T09:26:42Z</time></trkpt>
      <trkpt lat="48.825649" lon="2.075478"><ele>127.8</ele><time>2025-09-20T09:26:43Z</time></trkpt>
      <trkpt lat="48.825874" lon="2.075785"><ele>126.3</ele><time>2025-09-20T09:26:44Z</time></trkpt>
      <trkpt lat="48.826094" lon="2.076080"><ele>127.6</ele><time>2025-09-20T09:26:45Z</time></trkpt>
      <trkpt lat="48.826315" lon="2.076369"><ele>127.7</ele><time>2025-09-20T09:26:46Z</time></trkpt>
      <trkpt lat="48.826533" lon="2.076659"><ele>128.3</ele><time>2025-09-20T09:26:47Z</time></trkpt>
      <trkpt lat="48.826758" lon="2.076941"><ele>128.3</ele><time>2025-09-20T09:26:48Z</time></trkpt>
      <trkpt lat="48.826980" lon="2.077223"><ele>128.1</ele><time>2025-09-20T09:26:49Z</time></trkpt>
      <trkpt lat="48.827202" lon="2.077508"><ele>128.4</ele><time>2025-09-20T09:26:50Z</time></trkpt>
      <trkpt lat="48.827425" lon="2.077793"><ele>128.4</ele><time>2025-09-20T09:26:51Z</time></trkpt>
      <trkpt lat="48.827647" lon="2.078077"><ele>128.4</ele><time>2025-09-20T09:26:52Z</time></trkpt>
      <trkpt lat="48.827866" lon="2.078358"><ele>128.4</ele><time>2025-09-20T09:26:53Z</time></trkpt>
      <trkpt lat="48.827866" lon="2.078358"><ele>128.4</ele><time>2025-09-20T09:26:54Z</time></trkpt>
      <trkpt lat="48.829580" lon="2.080536"><ele>128.4</ele><time>2025-09-20T09:27:01Z</time></trkpt>
      <trkpt lat="48.829783" lon="2.080808"><ele>128.7</ele><time>2025-09-20T09:27:02Z</time></trkpt>
      <trkpt lat="48.829874" lon="2.081004"><ele>117.5</ele><time>2025-09-20T09:27:03Z</time></trkpt>
      <trkpt lat="48.830066" lon="2.081237"><ele>119.2</ele><time>2025-09-20T09:27:04Z</time></trkpt>
      <trkpt lat="48.830309" lon="2.081527"><ele>121.3</ele><time>2025-09-20T09:27:05Z</time></trkpt>
      <trkpt lat="48.830528" lon="2.081804"><ele>123.9</ele><time>2025-09-20T09:27:06Z</time></trkpt>
      <trkpt lat="48.830748" lon="2.082073"><ele>124.5</ele><time>2025-09-20T09:27:07Z</time></trkpt>
      <trkpt lat="48.830966" lon="2.082341"><ele>126.0</ele><time>2025-09-20T09:27:08Z</time></trkpt>
      <trkpt lat="48.831178" lon="2.082605"><ele>127.0</ele><time>2025-09-20T09:27:09Z</time></trkpt>
      <trkpt lat="48.831388" lon="2.082874"><ele>127.8</ele><time>2025-09-20T09:27:10Z</time></trkpt>
      <trkpt lat="48.831592" lon="2.083138"><ele>128.5</ele><time>2025-09-20T09:27:11Z</time></trkpt>
      <trkpt lat="48.831804" lon="2.083402"><ele>129.5</ele><time>2025-09-20T09:27:12Z</time></trkpt>
      <trkpt lat="48.832013" lon="2.083659"><ele>130.1</ele><time>2025-09-20T09:27:13Z</time></trkpt>
      <trkpt lat="48.832222" lon="2.083921"><ele>131.3</ele><time>2025-09-20T09:27:14Z</time></trkpt>
      <trkpt lat="48.832424" lon="2.084177"><ele>131.1</ele><time>2025-09-20T09:27:15Z</time></trkpt>
      <trkpt lat="48.832624" lon="2.084438"><ele>131.5</ele><time>2025-09-20T09:27:16Z</time></trkpt>
      <trkpt lat="48.832823" lon="2.084691"><ele>131.3</ele><time>2025-09-20T09:27:17Z</time></trkpt>
      <trkpt lat="48.833026" lon="2.084946"><ele>132.0</ele><time>2025-09-20T09:27:18Z</time></trkpt>
      <trkpt lat="48.833228" lon="2.085198"><ele>132.6</ele><time>2025-09-20T09:27:19Z</time></trkpt>
      <trkpt lat="48.833419" lon="2.085444"><ele>132.2</ele><time>2025-09-20T09:27:20Z</time></trkpt>
      <trkpt lat="48.833627" lon="2.085696"><ele>133.9</ele><time>2025-09-20T09:27:21Z</time></trkpt>
      <trkpt lat="48.833828" lon="2.085943"><ele>135.2</ele><time>2025-09-20T09:27:22Z</time></trkpt>
      <trkpt lat="48.834023" lon="2.086185"><ele>136.1</ele><time>2025-09-20T09:27:23Z</time></trkpt>
      <trkpt lat="48.834209" lon="2.086420"><ele>136.4</ele><time>2025-09-20T09:27:24Z</time></trkpt>
      <trkpt lat="48.834391" lon="2.086652"><ele>136.9</ele><time>2025-09-20T09:27:25Z</time></trkpt>
      <trkpt lat="48.834573" lon="2.086881"><ele>137.8</ele><time>2025-09-20T09:27:26Z</time></trkpt>
      <trkpt lat="48.834756" lon="2.087108"><ele>138.6</ele><time>2025-09-20T09:27:27Z</time></trkpt>
      <trkpt lat="48.834938" lon="2.087332"><ele>139.0</ele><time>2025-09-20T09:27:28Z</time></trkpt>
      <trkpt lat="48.835123" lon="2.087557"><ele>140.7</ele><time>2025-09-20T09:27:29Z</time></trkpt>
      <trkpt lat="48.835303" lon="2.087782"><ele>141.3</ele><time>2025-09-20T09:27:30Z</time></trkpt>
      <trkpt lat="48.835484" lon="2.088012"><ele>141.9</ele><time>2025-09-20T09:27:31Z</time></trkpt>
      <trkpt lat="48.835668" lon="2.088243"><ele>142.9</ele><time>2025-09-20T09:27:32Z</time></trkpt>
      <trkpt lat="48.835848" lon="2.088470"><ele>143.3</ele><time>2025-09-20T09:27:33Z</time></trkpt>
      <trkpt lat="48.836025" lon="2.088691"><ele>143.7</ele><time>2025-09-20T09:27:34Z</time></trkpt>
      <trkpt lat="48.836200" lon="2.088912"><ele>144.2</ele><time>2025-09-20T09:27:35Z</time></trkpt>
      <trkpt lat="48.836371" lon="2.089127"><ele>144.4</ele><time>2025-09-20T09:27:36Z</time></trkpt>
      <trkpt lat="48.836540" lon="2.089339"><ele>145.0</ele><time>2025-09-20T09:27:37Z</time></trkpt>
      <trkpt lat="48.836707" lon="2.089548"><ele>145.6</ele><time>2025-09-20T09:27:38Z</time></trkpt>
      <trkpt lat="48.836873" lon="2.089758"><ele>146.5</ele><time>2025-09-20T09:27:39Z</time></trkpt>
      <trkpt lat="48.837044" lon="2.089966"><ele>147.3</ele><time>2025-09-20T09:27:40Z</time></trkpt>
      <trkpt lat="48.837213" lon="2.090175"><ele>147.8</ele><time>2025-09-20T09:27:41Z</time></trkpt>
      <trkpt lat="48.837381" lon="2.090384"><ele>148.6</ele><time>2025-09-20T09:27:42Z</time></trkpt>
      <trkpt lat="48.837549" lon="2.090590"><ele>149.4</ele><time>2025-09-20T09:27:43Z</time></trkpt>
      <trkpt lat="48.837713" lon="2.090794"><ele>150.0</ele><time>2025-09-20T09:27:44Z</time></trkpt>
      <trkpt lat="48.837874" lon="2.090996"><ele>150.8</ele><time>2025-09-20T09:27:45Z</time></trkpt>
      <trkpt lat="48.838032" lon="2.091194"><ele>151.5</ele><time>2025-09-20T09:27:46Z</time></trkpt>
      <trkpt lat="48.838189" lon="2.091391"><ele>152.4</ele><time>2025-09-20T09:27:47Z</time></trkpt>
      <trkpt lat="48.838342" lon="2.091591"><ele>153.3</ele><time>2025-09-20T09:27:48Z</time></trkpt>
      <trkpt lat="48.838488" lon="2.091801"><ele>154.3</ele><time>2025-09-20T09:27:49Z</time></trkpt>
      <trkpt lat="48.838626" lon="2.092021"><ele>154.9</ele><time>2025-09-20T09:27:50Z</time></trkpt>
      <trkpt lat="48.838761" lon="2.092248"><ele>155.5</ele><time>2025-09-20T09:27:51Z</time></trkpt>
      <trkpt lat="48.838896" lon="2.092473"><ele>156.0</ele><time>2025-09-20T09:27:52Z</time></trkpt>
      <trkpt lat="48.839022" lon="2.092706"><ele>157.0</ele><time>2025-09-20T09:27:53Z</time></trkpt>
      <trkpt lat="48.839142" lon="2.092939"><ele>157.7</ele><time>2025-09-20T09:27:54Z</time></trkpt>
      <trkpt lat="48.839269" lon="2.093175"><ele>158.0</ele><time>2025-09-20T09:27:55Z</time></trkpt>
      <trkpt lat="48.839380" lon="2.093405"><ele>158.3</ele><time>2025-09-20T09:27:56Z</time></trkpt>
      <trkpt lat="48.839486" lon="2.093630"><ele>158.5</ele><time>2025-09-20T09:27:57Z</time></trkpt>
      <trkpt lat="48.839591" lon="2.093850"><ele>158.4</ele><time>2025-09-20T09:27:58Z</time></trkpt>
      <trkpt lat="48.839697" lon="2.094046"><ele>157.9</ele><time>2025-09-20T09:27:59Z</time></trkpt>
      <trkpt lat="48.839790" lon="2.094228"><ele>158.0</ele><time>2025-09-20T09:28:00Z</time></trkpt>
      <trkpt lat="48.839867" lon="2.094402"><ele>158.0</ele><time>2025-09-20T09:28:01Z</time></trkpt>
      <trkpt lat="48.839939" lon="2.094564"><ele>157.9</ele><time>2025-09-20T09:28:02Z</time></trkpt>
      <trkpt lat="48.840007" lon="2.094722"><ele>157.6</ele><time>2025-09-20T09:28:03Z</time></trkpt>
      <trkpt lat="48.840098" lon="2.094875"><ele>157.6</ele><time>2025-09-20T09:28:04Z</time></trkpt>
      <trkpt lat="48.840193" lon="2.095027"><ele>158.6</ele><time>2025-09-20T09:28:05Z</time></trkpt>
      <trkpt lat="48.840293" lon="2.095167"><ele>160.0</ele><time>2025-09-20T09:28:06Z</time></trkpt>
      <trkpt lat="48.840400" lon="2.095289"><ele>160.3</ele><time>2025-09-20T09:28:07Z</time></trkpt>
      <trkpt lat="48.840513" lon="2.095397"><ele>160.7</ele><time>2025-09-20T09:28:08Z</time></trkpt>
      <trkpt lat="48.840631" lon="2.095496"><ele>161.2</ele><time>2025-09-20T09:28:09Z</time></trkpt>
      <trkpt lat="48.840757" lon="2.095579"><ele>160.3</ele><time>2025-09-20T09:28:10Z</time></trkpt>
      <trkpt lat="48.840875" lon="2.095661"><ele>159.9</ele><time>2025-09-20T09:28:11Z</time></trkpt>
      <trkpt lat="48.841003" lon="2.095701"><ele>160.9</ele><time>2025-09-20T09:28:12Z</time></trkpt>
      <trkpt lat="48.841138" lon="2.095734"><ele>161.5</ele><time>2025-09-20T09:28:13Z</time></trkpt>
      <trkpt lat="48.841268" lon="2.095740"><ele>161.7</ele><time>2025-09-20T09:28:14Z</time></trkpt>
      <trkpt lat="48.841386" lon="2.095750"><ele>162.3</ele><time>2025-09-20T09:28:15Z</time></trkpt>
      <trkpt lat="48.841521" lon="2.095759"><ele>162.3</ele><time>2025-09-20T09:28:16Z</time></trkpt>
      <trkpt lat="48.841669" lon="2.095721"><ele>163.2</ele><time>2025-09-20T09:28:17Z</time></trkpt>
      <trkpt lat="48.841808" lon="2.095690"><ele>163.8</ele><time>2025-09-20T09:28:18Z</time></trkpt>
      <trkpt lat="48.841948" lon="2.095649"><ele>164.7</ele><time>2025-09-20T09:28:19Z</time></trkpt>
      <trkpt lat="48.842108" lon="2.095635"><ele>166.2</ele><time>2025-09-20T09:28:20Z</time></trkpt>
      <trkpt lat="48.842212" lon="2.095560"><ele>164.6</ele><time>2025-09-20T09:28:21Z</time></trkpt>
      <trkpt lat="48.842326" lon="2.095464"><ele>166.8</ele><time>2025-09-20T09:28:22Z</time></trkpt>
      <trkpt lat="48.842439" lon="2.095371"><ele>165.9</ele><time>2025-09-20T09:28:23Z</time></trkpt>
      <trkpt lat="48.842558" lon="2.095266"><ele>170.3</ele><time>2025-09-20T09:28:24Z</time></trkpt>
      <trkpt lat="48.842659" lon="2.095147"><ele>171.9</ele><time>2025-09-20T09:28:25Z</time></trkpt>
      <trkpt lat="48.842774" lon="2.095004"><ele>172.8</ele><time>2025-09-20T09:28:26Z</time></trkpt>
      <trkpt lat="48.842875" lon="2.094848"><ele>174.1</ele><time>2025-09-20T09:28:27Z</time></trkpt>
      <trkpt lat="48.842975" lon="2.094692"><ele>175.2</ele><time>2025-09-20T09:28:28Z</time></trkpt>
      <trkpt lat="48.843076" lon="2.094512"><ele>176.6</ele><time>2025-09-20T09:28:29Z</time></trkpt>
      <trkpt lat="48.843169" lon="2.094315"><ele>178.3</ele><time>2025-09-20T09:28:30Z</time></trkpt>
      <trkpt lat="48.843246" lon="2.094106"><ele>178.9</ele><time>2025-09-20T09:28:31Z</time></trkpt>
      <trkpt lat="48.843318" lon="2.093880"><ele>180.1</ele><time>2025-09-20T09:28:32Z</time></trkpt>
      <trkpt lat="48.843398" lon="2.093650"><ele>181.5</ele><time>2025-09-20T09:28:33Z</time></trkpt>
      <trkpt lat="48.843483" lon="2.093412"><ele>183.9</ele><time>2025-09-20T09:28:34Z</time></trkpt>
      <trkpt lat="48.843577" lon="2.093175"><ele>188.9</ele><time>2025-09-20T09:28:35Z</time></trkpt>
      <trkpt lat="48.843673" lon="2.092925"><ele>192.4</ele><time>2025-09-20T09:28:36Z</time></trkpt>
      <trkpt lat="48.843765" lon="2.092681"><ele>197.3</ele><time>2025-09-20T09:28:37Z</time></trkpt>
      <trkpt lat="48.843843" lon="2.092435"><ele>201.1</ele><time>2025-09-20T09:28:38Z</time></trkpt>
      <trkpt lat="48.843907" lon="2.092182"><ele>202.8</ele><time>2025-09-20T09:28:37Z</time></trkpt>
      <trkpt lat="48.843969" lon="2.091928"><ele>205.2</ele><time>2025-09-20T09:28:38Z</time></trkpt>
      <trkpt lat="48.844037" lon="2.091673"><ele>208.2</ele><time>2025-09-20T09:28:39Z</time></trkpt>
      <trkpt lat="48.844074" lon="2.091397"><ele>206.6</ele><time>2025-09-20T09:28:40Z</time></trkpt>
      <trkpt lat="48.844130" lon="2.091122"><ele>206.4</ele><time>2025-09-20T09:28:41Z</time></trkpt>
      <trkpt lat="48.844193" lon="2.090852"><ele>206.6</ele><time>2025-09-20T09:28:42Z</time></trkpt>
      <trkpt lat="48.844285" lon="2.090602"><ele>209.2</ele><time>2025-09-20T09:28:43Z</time></trkpt>
      <trkpt lat="48.844369" lon="2.090348"><ele>209.9</ele><time>2025-09-20T09:28:44Z</time></trkpt>
      <trkpt lat="48.844454" lon="2.090090"><ele>209.4</ele><time>2025-09-20T09:28:45Z</time></trkpt>
      <trkpt lat="48.844535" lon="2.089832"><ele>208.5</ele><time>2025-09-20T09:28:46Z</time></trkpt>
      <trkpt lat="48.844609" lon="2.089574"><ele>207.5</ele><time>2025-09-20T09:28:47Z</time></trkpt>
      <trkpt lat="48.844659" lon="2.089314"><ele>204.3</ele><time>2025-09-20T09:28:48Z</time></trkpt>
      <trkpt lat="48.844726" lon="2.089085"><ele>204.3</ele><time>2025-09-20T09:28:49Z</time></trkpt>
      <trkpt lat="48.844788" lon="2.088857"><ele>205.0</ele><time>2025-09-20T09:28:50Z</time></trkpt>
      <trkpt lat="48.844839" lon="2.088624"><ele>204.8</ele><time>2025-09-20T09:28:51Z</time></trkpt>
      <trkpt lat="48.844882" lon="2.088385"><ele>203.0</ele><time>2025-09-20T09:28:52Z</time></trkpt>
      <trkpt lat="48.844938" lon="2.088155"><ele>202.7</ele><time>2025-09-20T09:28:53Z</time></trkpt>
      <trkpt lat="48.844991" lon="2.087925"><ele>202.0</ele><time>2025-09-20T09:28:54Z</time></trkpt>
      <trkpt lat="48.845037" lon="2.087690"><ele>200.1</ele><time>2025-09-20T09:28:55Z</time></trkpt>
      <trkpt lat="48.845080" lon="2.087458"><ele>198.0</ele><time>2025-09-20T09:28:56Z</time></trkpt>
      <trkpt lat="48.845125" lon="2.087230"><ele>196.2</ele><time>2025-09-20T09:28:57Z</time></trkpt>
      <trkpt lat="48.845172" lon="2.087004"><ele>195.1</ele><time>2025-09-20T09:28:58Z</time></trkpt>
      <trkpt lat="48.845217" lon="2.086781"><ele>193.9</ele><time>2025-09-20T09:28:59Z</time></trkpt>
      <trkpt lat="48.845266" lon="2.086561"><ele>192.8</ele><time>2025-09-20T09:29:00Z</time></trkpt>
      <trkpt lat="48.845316" lon="2.086345"><ele>192.3</ele><time>2025-09-20T09:29:01Z</time></trkpt>
      <trkpt lat="48.845365" lon="2.086135"><ele>191.9</ele><time>2025-09-20T09:29:02Z</time></trkpt>
      <trkpt lat="48.845416" lon="2.085927"><ele>191.4</ele><time>2025-09-20T09:29:03Z</time></trkpt>
      <trkpt lat="48.845468" lon="2.085714"><ele>190.7</ele><time>2025-09-20T09:29:04Z</time></trkpt>
      <trkpt lat="48.845521" lon="2.085495"><ele>190.2</ele><time>2025-09-20T09:29:05Z</time></trkpt>
      <trkpt lat="48.845576" lon="2.085278"><ele>189.4</ele><time>2025-09-20T09:29:06Z</time></trkpt>
      <trkpt lat="48.845637" lon="2.085055"><ele>189.1</ele><time>2025-09-20T09:29:07Z</time></trkpt>
      <trkpt lat="48.845694" lon="2.084821"><ele>188.2</ele><time>2025-09-20T09:29:08Z</time></trkpt>
      <trkpt lat="48.845754" lon="2.084581"><ele>187.9</ele><time>2025-09-20T09:29:09Z</time></trkpt>
      <trkpt lat="48.845807" lon="2.084339"><ele>187.4</ele><time>2025-09-20T09:29:10Z</time></trkpt>
      <trkpt lat="48.845861" lon="2.084096"><ele>187.0</ele><time>2025-09-20T09:29:11Z</time></trkpt>
      <trkpt lat="48.845915" lon="2.083848"><ele>186.1</ele><time>2025-09-20T09:29:12Z</time></trkpt>
      <trkpt lat="48.845968" lon="2.083588"><ele>185.9</ele><time>2025-09-20T09:29:13Z</time></trkpt>
      <trkpt lat="48.846024" lon="2.083326"><ele>185.8</ele><time>2025-09-20T09:29:14Z</time></trkpt>
      <trkpt lat="48.846087" lon="2.083069"><ele>185.5</ele><time>2025-09-20T09:29:15Z</time></trkpt>
      <trkpt lat="48.846151" lon="2.082810"><ele>184.9</ele><time>2025-09-20T09:29:16Z</time></trkpt>
      <trkpt lat="48.846217" lon="2.082548"><ele>184.7</ele><time>2025-09-20T09:29:17Z</time></trkpt>
      <trkpt lat="48.846282" lon="2.082279"><ele>185.1</ele><time>2025-09-20T09:29:18Z</time></trkpt>
      <trkpt lat="48.846349" lon="2.082005"><ele>185.0</ele><time>2025-09-20T09:29:19Z</time></trkpt>
      <trkpt lat="48.846420" lon="2.081729"><ele>185.0</ele><time>2025-09-20T09:29:20Z</time></trkpt>
      <trkpt lat="48.846492" lon="2.081450"><ele>185.1</ele><time>2025-09-20T09:29:21Z</time></trkpt>
      <trkpt lat="48.846563" lon="2.081167"><ele>185.3</ele><time>2025-09-20T09:29:22Z</time></trkpt>
      <trkpt lat="48.846633" lon="2.080884"><ele>185.3</ele><time>2025-09-20T09:29:23Z</time></trkpt>
      <trkpt lat="48.846703" lon="2.080602"><ele>185.1</ele><time>2025-09-20T09:29:24Z</time></trkpt>
      <trkpt lat="48.846776" lon="2.080316"><ele>185.0</ele><time>2025-09-20T09:29:25Z</time></trkpt>
      <trkpt lat="48.846850" lon="2.080026"><ele>185.1</ele><time>2025-09-20T09:29:26Z</time></trkpt>
      <trkpt lat="48.846924" lon="2.079731"><ele>184.8</ele><time>2025-09-20T09:29:27Z</time></trkpt>
      <trkpt lat="48.846999" lon="2.079440"><ele>184.7</ele><time>2025-09-20T09:29:28Z</time></trkpt>
      <trkpt lat="48.847074" lon="2.079148"><ele>184.9</ele><time>2025-09-20T09:29:29Z</time></trkpt>
      <trkpt lat="48.847149" lon="2.078857"><ele>185.1</ele><time>2025-09-20T09:29:30Z</time></trkpt>
      <trkpt lat="48.847217" lon="2.078570"><ele>185.0</ele><time>2025-09-20T09:29:31Z</time></trkpt>
      <trkpt lat="48.847286" lon="2.078287"><ele>185.1</ele><time>2025-09-20T09:29:32Z</time></trkpt>
      <trkpt lat="48.847356" lon="2.078008"><ele>185.2</ele><time>2025-09-20T09:29:33Z</time></trkpt>
      <trkpt lat="48.847426" lon="2.077735"><ele>185.3</ele><time>2025-09-20T09:29:34Z</time></trkpt>
      <trkpt lat="48.847491" lon="2.077465"><ele>185.3</ele><time>2025-09-20T09:29:35Z</time></trkpt>
      <trkpt lat="48.847557" lon="2.077198"><ele>185.1</ele><time>2025-09-20T09:29:36Z</time></trkpt>
      <trkpt lat="48.847622" lon="2.076936"><ele>185.0</ele><time>2025-09-20T09:29:37Z</time></trkpt>
      <trkpt lat="48.847692" lon="2.076674"><ele>185.0</ele><time>2025-09-20T09:29:38Z</time></trkpt>
      <trkpt lat="48.847761" lon="2.076412"><ele>185.2</ele><time>2025-09-20T09:29:39Z</time></trkpt>
      <trkpt lat="48.847829" lon="2.076146"><ele>185.6</ele><time>2025-09-20T09:29:40Z</time></trkpt>
      <trkpt lat="48.847902" lon="2.075872"><ele>185.7</ele><time>2025-09-20T09:29:41Z</time></trkpt>
      <trkpt lat="48.847976" lon="2.075592"><ele>185.7</ele><time>2025-09-20T09:29:42Z</time></trkpt>
      <trkpt lat="48.848052" lon="2.075311"><ele>185.9</ele><time>2025-09-20T09:29:43Z</time></trkpt>
      <trkpt lat="48.848129" lon="2.075028"><ele>185.9</ele><time>2025-09-20T09:29:44Z</time></trkpt>
      <trkpt lat="48.848213" lon="2.074746"><ele>186.3</ele><time>2025-09-20T09:29:45Z</time></trkpt>
      <trkpt lat="48.848292" lon="2.074459"><ele>186.6</ele><time>2025-09-20T09:29:46Z</time></trkpt>
      <trkpt lat="48.848382" lon="2.074169"><ele>187.3</ele><time>2025-09-20T09:29:47Z</time></trkpt>
      <trkpt lat="48.848471" lon="2.073873"><ele>187.6</ele><time>2025-09-20T09:29:48Z</time></trkpt>
      <trkpt lat="48.848553" lon="2.073570"><ele>187.6</ele><time>2025-09-20T09:29:49Z</time></trkpt>
      <trkpt lat="48.848641" lon="2.073274"><ele>188.0</ele><time>2025-09-20T09:29:50Z</time></trkpt>
      <trkpt lat="48.848740" lon="2.072978"><ele>188.6</ele><time>2025-09-20T09:29:51Z</time></trkpt>
      <trkpt lat="48.848841" lon="2.072681"><ele>188.9</ele><time>2025-09-20T09:29:52Z</time></trkpt>
      <trkpt lat="48.848943" lon="2.072381"><ele>189.1</ele><time>2025-09-20T09:29:53Z</time></trkpt>
      <trkpt lat="48.849049" lon="2.072077"><ele>189.1</ele><time>2025-09-20T09:29:54Z</time></trkpt>
      <trkpt lat="48.849158" lon="2.071772"><ele>189.1</ele><time>2025-09-20T09:29:55Z</time></trkpt>
      <trkpt lat="48.849271" lon="2.071464"><ele>189.3</ele><time>2025-09-20T09:29:56Z</time></trkpt>
      <trkpt lat="48.849381" lon="2.071147"><ele>188.4</ele><time>2025-09-20T09:29:57Z</time></trkpt>
      <trkpt lat="48.849492" lon="2.070836"><ele>188.5</ele><time>2025-09-20T09:29:58Z</time></trkpt>
      <trkpt lat="48.849625" lon="2.070549"><ele>190.2</ele><time>2025-09-20T09:29:59Z</time></trkpt>
      <trkpt lat="48.849743" lon="2.070247"><ele>190.4</ele><time>2025-09-20T09:30:00Z</time></trkpt>
      <trkpt lat="48.849865" lon="2.069945"><ele>190.6</ele><time>2025-09-20T09:30:01Z</time></trkpt>
      <trkpt lat="48.849982" lon="2.069639"><ele>190.0</ele><time>2025-09-20T09:30:02Z</time></trkpt>
      <trkpt lat="48.850108" lon="2.069335"><ele>190.1</ele><time>2025-09-20T09:30:03Z</time></trkpt>
      <trkpt lat="48.850240" lon="2.069031"><ele>190.8</ele><time>2025-09-20T09:30:04Z</time></trkpt>
      <trkpt lat="48.850369" lon="2.068720"><ele>190.9</ele><time>2025-09-20T09:30:05Z</time></trkpt>
      <trkpt lat="48.850496" lon="2.068403"><ele>190.2</ele><time>2025-09-20T09:30:06Z</time></trkpt>
      <trkpt lat="48.850622" lon="2.068093"><ele>188.7</ele><time>2025-09-20T09:30:07Z</time></trkpt>
      <trkpt lat="48.850756" lon="2.067794"><ele>188.3</ele><time>2025-09-20T09:30:08Z</time></trkpt>
      <trkpt lat="48.850890" lon="2.067492"><ele>188.4</ele><time>2025-09-20T09:30:09Z</time></trkpt>
      <trkpt lat="48.851023" lon="2.067190"><ele>187.7</ele><time>2025-09-20T09:30:10Z</time></trkpt>
      <trkpt lat="48.851159" lon="2.066890"><ele>187.1</ele><time>2025-09-20T09:30:11Z</time></trkpt>
      <trkpt lat="48.851296" lon="2.066602"><ele>186.0</ele><time>2025-09-20T09:30:12Z</time></trkpt>
      <trkpt lat="48.851438" lon="2.066314"><ele>185.9</ele><time>2025-09-20T09:30:13Z</time></trkpt>
      <trkpt lat="48.851578" lon="2.066031"><ele>185.7</ele><time>2025-09-20T09:30:14Z</time></trkpt>
      <trkpt lat="48.851714" lon="2.065751"><ele>185.4</ele><time>2025-09-20T09:30:15Z</time></trkpt>
      <trkpt lat="48.851848" lon="2.065468"><ele>185.0</ele><time>2025-09-20T09:30:16Z</time></trkpt>
      <trkpt lat="48.851984" lon="2.065193"><ele>185.3</ele><time>2025-09-20T09:30:17Z</time></trkpt>
      <trkpt lat="48.852117" lon="2.064921"><ele>184.9</ele><time>2025-09-20T09:30:18Z</time></trkpt>
      <trkpt lat="48.852248" lon="2.064647"><ele>184.1</ele><time>2025-09-20T09:30:19Z</time></trkpt>
      <trkpt lat="48.852379" lon="2.064370"><ele>184.0</ele><time>2025-09-20T09:30:20Z</time></trkpt>
      <trkpt lat="48.852514" lon="2.064089"><ele>184.4</ele><time>2025-09-20T09:30:21Z</time></trkpt>
      <trkpt lat="48.852650" lon="2.063806"><ele>184.2</ele><time>2025-09-20T09:30:22Z</time></trkpt>
      <trkpt lat="48.852789" lon="2.063521"><ele>184.0</ele><time>2025-09-20T09:30:23Z</time></trkpt>
      <trkpt lat="48.852926" lon="2.063224"><ele>183.7</ele><time>2025-09-20T09:30:24Z</time></trkpt>
      <trkpt lat="48.853066" lon="2.062929"><ele>183.7</ele><time>2025-09-20T09:30:25Z</time></trkpt>
      <trkpt lat="48.853210" lon="2.062636"><ele>183.6</ele><time>2025-09-20T09:30:26Z</time></trkpt>
      <trkpt lat="48.853361" lon="2.062352"><ele>184.1</ele><time>2025-09-20T09:30:27Z</time></trkpt>
      <trkpt lat="48.853504" lon="2.062060"><ele>183.8</ele><time>2025-09-20T09:30:28Z</time></trkpt>
      <trkpt lat="48.853643" lon="2.061769"><ele>183.0</ele><time>2025-09-20T09:30:29Z</time></trkpt>
      <trkpt lat="48.853787" lon="2.061480"><ele>182.9</ele><time>2025-09-20T09:30:30Z</time></trkpt>
      <trkpt lat="48.853938" lon="2.061194"><ele>183.5</ele><time>2025-09-20T09:30:31Z</time></trkpt>
      <trkpt lat="48.854083" lon="2.060897"><ele>184.1</ele><time>2025-09-20T09:30:32Z</time></trkpt>
      <trkpt lat="48.854219" lon="2.060597"><ele>182.9</ele><time>2025-09-20T09:30:33Z</time></trkpt>
      <trkpt lat="48.854362" lon="2.060301"><ele>182.9</ele><time>2025-09-20T09:30:34Z</time></trkpt>
      <trkpt lat="48.854502" lon="2.060008"><ele>182.2</ele><time>2025-09-20T09:30:35Z</time></trkpt>
      <trkpt lat="48.854646" lon="2.059718"><ele>182.1</ele><time>2025-09-20T09:30:36Z</time></trkpt>
      <trkpt lat="48.854784" lon="2.059423"><ele>181.9</ele><time>2025-09-20T09:30:37Z</time></trkpt>
      <trkpt lat="48.854932" lon="2.059136"><ele>182.3</ele><time>2025-09-20T09:30:38Z</time></trkpt>
      <trkpt lat="48.855075" lon="2.058842"><ele>182.3</ele><time>2025-09-20T09:30:39Z</time></trkpt>
      <trkpt lat="48.855215" lon="2.058546"><ele>181.8</ele><time>2025-09-20T09:30:40Z</time></trkpt>
      <trkpt lat="48.855360" lon="2.058254"><ele>182.0</ele><time>2025-09-20T09:30:41Z</time></trkpt>
      <trkpt lat="48.855501" lon="2.057962"><ele>181.5</ele><time>2025-09-20T09:30:42Z</time></trkpt>
      <trkpt lat="48.855649" lon="2.057665"><ele>181.9</ele><time>2025-09-20T09:30:43Z</time></trkpt>
      <trkpt lat="48.855789" lon="2.057364"><ele>181.1</ele><time>2025-09-20T09:30:44Z</time></trkpt>
      <trkpt lat="48.855938" lon="2.057073"><ele>181.1</ele><time>2025-09-20T09:30:45Z</time></trkpt>
      <trkpt lat="48.856080" lon="2.056777"><ele>180.5</ele><time>2025-09-20T09:30:46Z</time></trkpt>
      <trkpt lat="48.856221" lon="2.056480"><ele>179.8</ele><time>2025-09-20T09:30:47Z</time></trkpt>
      <trkpt lat="48.856361" lon="2.056183"><ele>179.6</ele><time>2025-09-20T09:30:48Z</time></trkpt>
      <trkpt lat="48.856498" lon="2.055888"><ele>179.1</ele><time>2025-09-20T09:30:49Z</time></trkpt>
      <trkpt lat="48.856637" lon="2.055601"><ele>179.1</ele><time>2025-09-20T09:30:50Z</time></trkpt>
      <trkpt lat="48.856774" lon="2.055315"><ele>179.1</ele><time>2025-09-20T09:30:51Z</time></trkpt>
      <trkpt lat="48.856910" lon="2.055036"><ele>179.3</ele><time>2025-09-20T09:30:52Z</time></trkpt>
      <trkpt lat="48.857049" lon="2.054763"><ele>179.8</ele><time>2025-09-20T09:30:53Z</time></trkpt>
      <trkpt lat="48.857182" lon="2.054490"><ele>179.8</ele><time>2025-09-20T09:30:54Z</time></trkpt>
      <trkpt lat="48.857305" lon="2.054214"><ele>178.8</ele><time>2025-09-20T09:30:55Z</time></trkpt>
      <trkpt lat="48.857433" lon="2.053946"><ele>179.2</ele><time>2025-09-20T09:30:56Z</time></trkpt>
      <trkpt lat="48.857558" lon="2.053685"><ele>179.0</ele><time>2025-09-20T09:30:57Z</time></trkpt>
      <trkpt lat="48.857683" lon="2.053428"><ele>179.1</ele><time>2025-09-20T09:30:58Z</time></trkpt>
      <trkpt lat="48.857808" lon="2.053174"><ele>179.6</ele><time>2025-09-20T09:30:59Z</time></trkpt>
      <trkpt lat="48.857935" lon="2.052927"><ele>180.0</ele><time>2025-09-20T09:31:00Z</time></trkpt>
      <trkpt lat="48.858058" lon="2.052681"><ele>180.2</ele><time>2025-09-20T09:31:01Z</time></trkpt>
      <trkpt lat="48.858176" lon="2.052433"><ele>180.1</ele><time>2025-09-20T09:31:02Z</time></trkpt>
      <trkpt lat="48.858300" lon="2.052191"><ele>180.3</ele><time>2025-09-20T09:31:03Z</time></trkpt>
      <trkpt lat="48.858422" lon="2.051947"><ele>180.6</ele><time>2025-09-20T09:31:04Z</time></trkpt>
      <trkpt lat="48.858542" lon="2.051698"><ele>180.4</ele><time>2025-09-20T09:31:05Z</time></trkpt>
      <trkpt lat="48.858662" lon="2.051451"><ele>180.4</ele><time>2025-09-20T09:31:06Z</time></trkpt>
      <trkpt lat="48.858782" lon="2.051207"><ele>180.0</ele><time>2025-09-20T09:31:07Z</time></trkpt>
      <trkpt lat="48.858894" lon="2.050969"><ele>180.2</ele><time>2025-09-20T09:31:08Z</time></trkpt>
      <trkpt lat="48.859000" lon="2.050751"><ele>180.2</ele><time>2025-09-20T09:31:09Z</time></trkpt>
      <trkpt lat="48.859083" lon="2.050559"><ele>178.5</ele><time>2025-09-20T09:31:10Z</time></trkpt>
      <trkpt lat="48.859154" lon="2.050400"><ele>177.1</ele><time>2025-09-20T09:31:11Z</time></trkpt>
      <trkpt lat="48.859218" lon="2.050274"><ele>177.6</ele><time>2025-09-20T09:31:12Z</time></trkpt>
      <trkpt lat="48.859271" lon="2.050168"><ele>179.0</ele><time>2025-09-20T09:31:13Z</time></trkpt>
      <trkpt lat="48.859311" lon="2.050069"><ele>179.0</ele><time>2025-09-20T09:31:14Z</time></trkpt>
      <trkpt lat="48.859351" lon="2.049977"><ele>178.6</ele><time>2025-09-20T09:31:15Z</time></trkpt>
      <trkpt lat="48.859394" lon="2.049884"><ele>178.6</ele><time>2025-09-20T09:31:16Z</time></trkpt>
      <trkpt lat="48.859437" lon="2.049793"><ele>178.6</ele><time>2025-09-20T09:31:17Z</time></trkpt>
      <trkpt lat="48.859484" lon="2.049699"><ele>178.8</ele><time>2025-09-20T09:31:18Z</time></trkpt>
      <trkpt lat="48.859525" lon="2.049591"><ele>179.7</ele><time>2025-09-20T09:31:19Z</time></trkpt>
      <trkpt lat="48.859569" lon="2.049486"><ele>179.5</ele><time>2025-09-20T09:31:20Z</time></trkpt>
      <trkpt lat="48.859617" lon="2.049380"><ele>179.7</ele><time>2025-09-20T09:31:21Z</time></trkpt>
      <trkpt lat="48.859668" lon="2.049280"><ele>180.0</ele><time>2025-09-20T09:31:22Z</time></trkpt>
      <trkpt lat="48.859720" lon="2.049171"><ele>180.3</ele><time>2025-09-20T09:31:23Z</time></trkpt>
      <trkpt lat="48.859769" lon="2.049062"><ele>180.2</ele><time>2025-09-20T09:31:24Z</time></trkpt>
      <trkpt lat="48.859820" lon="2.048954"><ele>180.8</ele><time>2025-09-20T09:31:25Z</time></trkpt>
      <trkpt lat="48.859876" lon="2.048846"><ele>181.9</ele><time>2025-09-20T09:31:26Z</time></trkpt>
      <trkpt lat="48.859930" lon="2.048738"><ele>182.2</ele><time>2025-09-20T09:31:27Z</time></trkpt>
      <trkpt lat="48.859986" lon="2.048634"><ele>182.7</ele><time>2025-09-20T09:31:28Z</time></trkpt>
      <trkpt lat="48.860041" lon="2.048526"><ele>182.6</ele><time>2025-09-20T09:31:29Z</time></trkpt>
      <trkpt lat="48.860097" lon="2.048411"><ele>182.9</ele><time>2025-09-20T09:31:30Z</time></trkpt>
      <trkpt lat="48.860154" lon="2.048290"><ele>183.2</ele><time>2025-09-20T09:31:31Z</time></trkpt>
      <trkpt lat="48.860219" lon="2.048171"><ele>183.5</ele><time>2025-09-20T09:31:32Z</time></trkpt>
      <trkpt lat="48.860276" lon="2.048045"><ele>182.8</ele><time>2025-09-20T09:31:33Z</time></trkpt>
      <trkpt lat="48.860340" lon="2.047916"><ele>183.1</ele><time>2025-09-20T09:31:34Z</time></trkpt>
      <trkpt lat="48.860406" lon="2.047777"><ele>183.2</ele><time>2025-09-20T09:31:35Z</time></trkpt>
      <trkpt lat="48.860472" lon="2.047633"><ele>182.5</ele><time>2025-09-20T09:31:36Z</time></trkpt>
      <trkpt lat="48.860543" lon="2.047484"><ele>182.4</ele><time>2025-09-20T09:31:37Z</time></trkpt>
      <trkpt lat="48.860618" lon="2.047328"><ele>182.5</ele><time>2025-09-20T09:31:38Z</time></trkpt>
      <trkpt lat="48.860698" lon="2.047170"><ele>182.7</ele><time>2025-09-20T09:31:39Z</time></trkpt>
      <trkpt lat="48.860774" lon="2.047004"><ele>182.3</ele><time>2025-09-20T09:31:40Z</time></trkpt>
      <trkpt lat="48.860857" lon="2.046832"><ele>183.0</ele><time>2025-09-20T09:31:41Z</time></trkpt>
      <trkpt lat="48.860948" lon="2.046659"><ele>184.6</ele><time>2025-09-20T09:31:42Z</time></trkpt>
      <trkpt lat="48.861028" lon="2.046486"><ele>184.9</ele><time>2025-09-20T09:31:43Z</time></trkpt>
      <trkpt lat="48.861115" lon="2.046325"><ele>184.8</ele><time>2025-09-20T09:31:44Z</time></trkpt>
      <trkpt lat="48.861200" lon="2.046164"><ele>185.4</ele><time>2025-09-20T09:31:45Z</time></trkpt>
      <trkpt lat="48.861293" lon="2.046015"><ele>185.6</ele><time>2025-09-20T09:31:46Z</time></trkpt>
      <trkpt lat="48.861387" lon="2.045875"><ele>184.9</ele><time>2025-09-20T09:31:47Z</time></trkpt>
      <trkpt lat="48.861465" lon="2.045714"><ele>184.9</ele><time>2025-09-20T09:31:48Z</time></trkpt>
      <trkpt lat="48.861551" lon="2.045547"><ele>186.5</ele><time>2025-09-20T09:31:49Z</time></trkpt>
      <trkpt lat="48.861634" lon="2.045377"><ele>186.7</ele><time>2025-09-20T09:31:50Z</time></trkpt>
      <trkpt lat="48.861742" lon="2.045214"><ele>190.1</ele><time>2025-09-20T09:31:51Z</time></trkpt>
      <trkpt lat="48.861835" lon="2.045038"><ele>191.9</ele><time>2025-09-20T09:31:52Z</time></trkpt>
      <trkpt lat="48.861917" lon="2.044857"><ele>191.5</ele><time>2025-09-20T09:31:53Z</time></trkpt>
      <trkpt lat="48.862013" lon="2.044674"><ele>192.5</ele><time>2025-09-20T09:31:54Z</time></trkpt>
      <trkpt lat="48.862094" lon="2.044476"><ele>191.5</ele><time>2025-09-20T09:31:55Z</time></trkpt>
      <trkpt lat="48.862183" lon="2.044282"><ele>190.0</ele><time>2025-09-20T09:31:56Z</time></trkpt>
      <trkpt lat="48.862295" lon="2.044095"><ele>190.8</ele><time>2025-09-20T09:31:57Z</time></trkpt>
      <trkpt lat="48.862401" lon="2.043898"><ele>191.7</ele><time>2025-09-20T09:31:58Z</time></trkpt>
      <trkpt lat="48.862515" lon="2.043701"><ele>192.9</ele><time>2025-09-20T09:31:59Z</time></trkpt>
      <trkpt lat="48.862634" lon="2.043505"><ele>195.3</ele><time>2025-09-20T09:32:00Z</time></trkpt>
      <trkpt lat="48.862743" lon="2.043302"><ele>196.8</ele><time>2025-09-20T09:32:01Z</time></trkpt>
      <trkpt lat="48.862861" lon="2.043108"><ele>198.6</ele><time>2025-09-20T09:32:02Z</time></trkpt>
      <trkpt lat="48.862952" lon="2.042892"><ele>197.5</ele><time>2025-09-20T09:32:03Z</time></trkpt>
      <trkpt lat="48.863053" lon="2.042685"><ele>197.2</ele><time>2025-09-20T09:32:04Z</time></trkpt>
      <trkpt lat="48.863151" lon="2.042472"><ele>196.3</ele><time>2025-09-20T09:32:05Z</time></trkpt>
      <trkpt lat="48.863254" lon="2.042259"><ele>196.6</ele><time>2025-09-20T09:32:06Z</time></trkpt>
      <trkpt lat="48.863358" lon="2.042047"><ele>196.9</ele><time>2025-09-20T09:32:07Z</time></trkpt>
      <trkpt lat="48.863477" lon="2.041841"><ele>199.1</ele><time>2025-09-20T09:32:08Z</time></trkpt>
      <trkpt lat="48.863582" lon="2.041624"><ele>198.9</ele><time>2025-09-20T09:32:09Z</time></trkpt>
      <trkpt lat="48.863695" lon="2.041407"><ele>199.8</ele><time>2025-09-20T09:32:10Z</time></trkpt>
      <trkpt lat="48.863810" lon="2.041191"><ele>200.6</ele><time>2025-09-20T09:32:11Z</time></trkpt>
      <trkpt lat="48.863928" lon="2.040972"><ele>202.1</ele><time>2025-09-20T09:32:12Z</time></trkpt>
      <trkpt lat="48.864044" lon="2.040751"><ele>203.9</ele><time>2025-09-20T09:32:13Z</time></trkpt>
      <trkpt lat="48.864170" lon="2.040548"><ele>205.2</ele><time>2025-09-20T09:32:14Z</time></trkpt>
      <trkpt lat="48.864280" lon="2.040334"><ele>206.0</ele><time>2025-09-20T09:32:15Z</time></trkpt>
      <trkpt lat="48.864393" lon="2.040121"><ele>206.7</ele><time>2025-09-20T09:32:16Z</time></trkpt>
      <trkpt lat="48.864500" lon="2.039904"><ele>206.9</ele><time>2025-09-20T09:32:17Z</time></trkpt>
      <trkpt lat="48.864606" lon="2.039679"><ele>207.3</ele><time>2025-09-20T09:32:18Z</time></trkpt>
      <trkpt lat="48.864725" lon="2.039459"><ele>208.8</ele><time>2025-09-20T09:32:19Z</time></trkpt>
      <trkpt lat="48.864829" lon="2.039235"><ele>207.3</ele><time>2025-09-20T09:32:20Z</time></trkpt>
      <trkpt lat="48.864933" lon="2.039004"><ele>205.6</ele><time>2025-09-20T09:32:21Z</time></trkpt>
      <trkpt lat="48.865032" lon="2.038763"><ele>203.6</ele><time>2025-09-20T09:32:22Z</time></trkpt>
      <trkpt lat="48.865134" lon="2.038512"><ele>202.7</ele><time>2025-09-20T09:32:23Z</time></trkpt>
      <trkpt lat="48.865246" lon="2.038269"><ele>202.6</ele><time>2025-09-20T09:32:24Z</time></trkpt>
      <trkpt lat="48.865355" lon="2.038022"><ele>201.4</ele><time>2025-09-20T09:32:25Z</time></trkpt>
      <trkpt lat="48.865474" lon="2.037774"><ele>201.4</ele><time>2025-09-20T09:32:26Z</time></trkpt>
      <trkpt lat="48.865588" lon="2.037522"><ele>200.5</ele><time>2025-09-20T09:32:27Z</time></trkpt>
      <trkpt lat="48.865700" lon="2.037267"><ele>199.7</ele><time>2025-09-20T09:32:28Z</time></trkpt>
      <trkpt lat="48.865814" lon="2.037013"><ele>198.6</ele><time>2025-09-20T09:32:29Z</time></trkpt>
      <trkpt lat="48.865929" lon="2.036754"><ele>198.4</ele><time>2025-09-20T09:32:30Z</time></trkpt>
      <trkpt lat="48.866044" lon="2.036490"><ele>198.8</ele><time>2025-09-20T09:32:31Z</time></trkpt>
      <trkpt lat="48.866159" lon="2.036218"><ele>199.2</ele><time>2025-09-20T09:32:32Z</time></trkpt>
      <trkpt lat="48.866278" lon="2.035950"><ele>199.4</ele><time>2025-09-20T09:32:33Z</time></trkpt>
      <trkpt lat="48.866400" lon="2.035684"><ele>199.6</ele><time>2025-09-20T09:32:34Z</time></trkpt>
      <trkpt lat="48.866520" lon="2.035423"><ele>199.3</ele><time>2025-09-20T09:32:35Z</time></trkpt>
      <trkpt lat="48.866636" lon="2.035164"><ele>198.6</ele><time>2025-09-20T09:32:36Z</time></trkpt>
      <trkpt lat="48.866759" lon="2.034914"><ele>198.0</ele><time>2025-09-20T09:32:37Z</time></trkpt>
      <trkpt lat="48.866873" lon="2.034655"><ele>196.8</ele><time>2025-09-20T09:32:38Z</time></trkpt>
      <trkpt lat="48.867001" lon="2.034400"><ele>196.8</ele><time>2025-09-20T09:32:39Z</time></trkpt>
      <trkpt lat="48.867129" lon="2.034148"><ele>195.8</ele><time>2025-09-20T09:32:40Z</time></trkpt>
      <trkpt lat="48.867261" lon="2.033893"><ele>195.7</ele><time>2025-09-20T09:32:41Z</time></trkpt>
      <trkpt lat="48.867392" lon="2.033631"><ele>195.8</ele><time>2025-09-20T09:32:42Z</time></trkpt>
      <trkpt lat="48.867529" lon="2.033373"><ele>196.0</ele><time>2025-09-20T09:32:43Z</time></trkpt>
      <trkpt lat="48.867668" lon="2.033115"><ele>196.0</ele><time>2025-09-20T09:32:44Z</time></trkpt>
      <trkpt lat="48.867812" lon="2.032856"><ele>196.2</ele><time>2025-09-20T09:32:45Z</time></trkpt>
      <trkpt lat="48.867957" lon="2.032599"><ele>196.8</ele><time>2025-09-20T09:32:46Z</time></trkpt>
      <trkpt lat="48.868123" lon="2.032355"><ele>198.1</ele><time>2025-09-20T09:32:47Z</time></trkpt>
      <trkpt lat="48.868280" lon="2.032103"><ele>198.8</ele><time>2025-09-20T09:32:48Z</time></trkpt>
      <trkpt lat="48.868445" lon="2.031855"><ele>199.8</ele><time>2025-09-20T09:32:49Z</time></trkpt>
      <trkpt lat="48.868601" lon="2.031606"><ele>200.1</ele><time>2025-09-20T09:32:50Z</time></trkpt>
      <trkpt lat="48.868772" lon="2.031370"><ele>199.9</ele><time>2025-09-20T09:32:51Z</time></trkpt>
      <trkpt lat="48.868943" lon="2.031137"><ele>200.0</ele><time>2025-09-20T09:32:52Z</time></trkpt>
      <trkpt lat="48.869108" lon="2.030896"><ele>200.1</ele><time>2025-09-20T09:32:53Z</time></trkpt>
      <trkpt lat="48.869278" lon="2.030666"><ele>200.7</ele><time>2025-09-20T09:32:54Z</time></trkpt>
      <trkpt lat="48.869443" lon="2.030427"><ele>200.9</ele><time>2025-09-20T09:32:55Z</time></trkpt>
      <trkpt lat="48.869613" lon="2.030187"><ele>200.9</ele><time>2025-09-20T09:32:56Z</time></trkpt>
      <trkpt lat="48.869778" lon="2.029944"><ele>200.9</ele><time>2025-09-20T09:32:57Z</time></trkpt>
      <trkpt lat="48.869951" lon="2.029713"><ele>200.6</ele><time>2025-09-20T09:32:58Z</time></trkpt>
      <trkpt lat="48.870124" lon="2.029482"><ele>200.4</ele><time>2025-09-20T09:32:59Z</time></trkpt>
      <trkpt lat="48.870295" lon="2.029250"><ele>200.2</ele><time>2025-09-20T09:33:00Z</time></trkpt>
      <trkpt lat="48.870461" lon="2.029014"><ele>199.9</ele><time>2025-09-20T09:33:01Z</time></trkpt>
      <trkpt lat="48.870621" lon="2.028779"><ele>199.1</ele><time>2025-09-20T09:33:02Z</time></trkpt>
      <trkpt lat="48.870777" lon="2.028549"><ele>198.1</ele><time>2025-09-20T09:33:03Z</time></trkpt>
      <trkpt lat="48.870929" lon="2.028317"><ele>198.2</ele><time>2025-09-20T09:33:04Z</time></trkpt>
      <trkpt lat="48.871078" lon="2.028093"><ele>197.5</ele><time>2025-09-20T09:33:05Z</time></trkpt>
      <trkpt lat="48.871228" lon="2.027869"><ele>197.9</ele><time>2025-09-20T09:33:06Z</time></trkpt>
      <trkpt lat="48.871378" lon="2.027662"><ele>197.3</ele><time>2025-09-20T09:33:07Z</time></trkpt>
      <trkpt lat="48.871522" lon="2.027450"><ele>196.1</ele><time>2025-09-20T09:33:08Z</time></trkpt>
      <trkpt lat="48.871671" lon="2.027241"><ele>195.6</ele><time>2025-09-20T09:33:09Z</time></trkpt>
      <trkpt lat="48.871818" lon="2.027030"><ele>195.0</ele><time>2025-09-20T09:33:10Z</time></trkpt>
      <trkpt lat="48.871972" lon="2.026820"><ele>194.8</ele><time>2025-09-20T09:33:11Z</time></trkpt>
      <trkpt lat="48.872124" lon="2.026611"><ele>194.3</ele><time>2025-09-20T09:33:12Z</time></trkpt>
      <trkpt lat="48.872277" lon="2.026403"><ele>194.0</ele><time>2025-09-20T09:33:13Z</time></trkpt>
      <trkpt lat="48.872428" lon="2.026193"><ele>193.6</ele><time>2025-09-20T09:33:14Z</time></trkpt>
      <trkpt lat="48.872583" lon="2.025984"><ele>193.5</ele><time>2025-09-20T09:33:15Z</time></trkpt>
      <trkpt lat="48.872740" lon="2.025777"><ele>193.4</ele><time>2025-09-20T09:33:16Z</time></trkpt>
      <trkpt lat="48.872897" lon="2.025568"><ele>193.3</ele><time>2025-09-20T09:33:17Z</time></trkpt>
      <trkpt lat="48.873056" lon="2.025359"><ele>193.1</ele><time>2025-09-20T09:33:18Z</time></trkpt>
      <trkpt lat="48.873216" lon="2.025148"><ele>193.3</ele><time>2025-09-20T09:33:19Z</time></trkpt>
      <trkpt lat="48.873377" lon="2.024936"><ele>193.4</ele><time>2025-09-20T09:33:20Z</time></trkpt>
      <trkpt lat="48.873537" lon="2.024724"><ele>193.2</ele><time>2025-09-20T09:33:21Z</time></trkpt>
      <trkpt lat="48.873697" lon="2.024504"><ele>193.2</ele><time>2025-09-20T09:33:22Z</time></trkpt>
      <trkpt lat="48.873858" lon="2.024287"><ele>193.0</ele><time>2025-09-20T09:33:23Z</time></trkpt>
      <trkpt lat="48.874025" lon="2.024069"><ele>193.1</ele><time>2025-09-20T09:33:24Z</time></trkpt>
      <trkpt lat="48.874198" lon="2.023850"><ele>193.5</ele><time>2025-09-20T09:33:25Z</time></trkpt>
      <trkpt lat="48.874368" lon="2.023631"><ele>193.4</ele><time>2025-09-20T09:33:26Z</time></trkpt>
      <trkpt lat="48.874539" lon="2.023412"><ele>193.5</ele><time>2025-09-20T09:33:27Z</time></trkpt>
      <trkpt lat="48.874709" lon="2.023190"><ele>193.5</ele><time>2025-09-20T09:33:28Z</time></trkpt>
      <trkpt lat="48.874877" lon="2.022972"><ele>193.4</ele><time>2025-09-20T09:33:29Z</time></trkpt>
      <trkpt lat="48.875046" lon="2.022756"><ele>193.6</ele><time>2025-09-20T09:33:30Z</time></trkpt>
      <trkpt lat="48.875214" lon="2.022546"><ele>193.6</ele><time>2025-09-20T09:33:31Z</time></trkpt>
      <trkpt lat="48.875381" lon="2.022339"><ele>193.8</ele><time>2025-09-20T09:33:32Z</time></trkpt>
      <trkpt lat="48.875548" lon="2.022135"><ele>193.6</ele><time>2025-09-20T09:33:33Z</time></trkpt>
      <trkpt lat="48.875717" lon="2.021934"><ele>193.9</ele><time>2025-09-20T09:33:34Z</time></trkpt>
      <trkpt lat="48.875890" lon="2.021738"><ele>194.0</ele><time>2025-09-20T09:33:35Z</time></trkpt>
      <trkpt lat="48.876047" lon="2.021522"><ele>194.3</ele><time>2025-09-20T09:33:36Z</time></trkpt>
      <trkpt lat="48.876199" lon="2.021293"><ele>195.2</ele><time>2025-09-20T09:33:37Z</time></trkpt>
      <trkpt lat="48.876352" lon="2.021066"><ele>196.2</ele><time>2025-09-20T09:33:38Z</time></trkpt>
      <trkpt lat="48.876502" lon="2.020829"><ele>197.3</ele><time>2025-09-20T09:33:39Z</time></trkpt>
      <trkpt lat="48.876657" lon="2.020606"><ele>198.1</ele><time>2025-09-20T09:33:40Z</time></trkpt>
      <trkpt lat="48.876818" lon="2.020389"><ele>198.0</ele><time>2025-09-20T09:33:41Z</time></trkpt>
      <trkpt lat="48.876989" lon="2.020174"><ele>198.1</ele><time>2025-09-20T09:33:42Z</time></trkpt>
      <trkpt lat="48.877173" lon="2.019982"><ele>198.1</ele><time>2025-09-20T09:33:43Z</time></trkpt>
      <trkpt lat="48.877350" lon="2.019775"><ele>198.3</ele><time>2025-09-20T09:33:44Z</time></trkpt>
      <trkpt lat="48.877542" lon="2.019583"><ele>198.6</ele><time>2025-09-20T09:33:45Z</time></trkpt>
      <trkpt lat="48.877727" lon="2.019378"><ele>198.9</ele><time>2025-09-20T09:33:46Z</time></trkpt>
      <trkpt lat="48.877930" lon="2.019190"><ele>199.1</ele><time>2025-09-20T09:33:47Z</time></trkpt>
      <trkpt lat="48.878087" lon="2.018966"><ele>199.6</ele><time>2025-09-20T09:33:48Z</time></trkpt>
      <trkpt lat="48.878276" lon="2.018761"><ele>199.5</ele><time>2025-09-20T09:33:49Z</time></trkpt>
      <trkpt lat="48.878480" lon="2.018576"><ele>199.4</ele><time>2025-09-20T09:33:50Z</time></trkpt>
      <trkpt lat="48.878672" lon="2.018382"><ele>199.0</ele><time>2025-09-20T09:33:51Z</time></trkpt>
      <trkpt lat="48.878870" lon="2.018201"><ele>198.2</ele><time>2025-09-20T09:33:52Z</time></trkpt>
      <trkpt lat="48.879068" lon="2.018018"><ele>198.1</ele><time>2025-09-20T09:33:53Z</time></trkpt>
      <trkpt lat="48.879255" lon="2.017835"><ele>197.3</ele><time>2025-09-20T09:33:54Z</time></trkpt>
      <trkpt lat="48.879448" lon="2.017660"><ele>197.2</ele><time>2025-09-20T09:33:55Z</time></trkpt>
      <trkpt lat="48.879644" lon="2.017486"><ele>196.6</ele><time>2025-09-20T09:33:56Z</time></trkpt>
      <trkpt lat="48.879837" lon="2.017309"><ele>195.4</ele><time>2025-09-20T09:33:57Z</time></trkpt>
      <trkpt lat="48.880030" lon="2.017128"><ele>194.6</ele><time>2025-09-20T09:33:58Z</time></trkpt>
      <trkpt lat="48.880229" lon="2.016952"><ele>193.4</ele><time>2025-09-20T09:33:59Z</time></trkpt>
      <trkpt lat="48.880423" lon="2.016774"><ele>191.6</ele><time>2025-09-20T09:34:00Z</time></trkpt>
      <trkpt lat="48.880621" lon="2.016603"><ele>190.3</ele><time>2025-09-20T09:34:01Z</time></trkpt>
      <trkpt lat="48.880822" lon="2.016430"><ele>190.2</ele><time>2025-09-20T09:34:02Z</time></trkpt>
      <trkpt lat="48.881014" lon="2.016262"><ele>188.6</ele><time>2025-09-20T09:34:03Z</time></trkpt>
      <trkpt lat="48.881209" lon="2.016095"><ele>188.1</ele><time>2025-09-20T09:34:04Z</time></trkpt>
      <trkpt lat="48.881417" lon="2.015931"><ele>189.8</ele><time>2025-09-20T09:34:05Z</time></trkpt>
      <trkpt lat="48.881618" lon="2.015763"><ele>189.8</ele><time>2025-09-20T09:34:06Z</time></trkpt>
      <trkpt lat="48.881814" lon="2.015596"><ele>189.5</ele><time>2025-09-20T09:34:07Z</time></trkpt>
      <trkpt lat="48.882023" lon="2.015437"><ele>190.0</ele><time>2025-09-20T09:34:08Z</time></trkpt>
      <trkpt lat="48.882215" lon="2.015277"><ele>188.2</ele><time>2025-09-20T09:34:09Z</time></trkpt>
      <trkpt lat="48.882411" lon="2.015121"><ele>186.5</ele><time>2025-09-20T09:34:10Z</time></trkpt>
      <trkpt lat="48.882622" lon="2.014966"><ele>186.2</ele><time>2025-09-20T09:34:11Z</time></trkpt>
      <trkpt lat="48.882832" lon="2.014807"><ele>185.4</ele><time>2025-09-20T09:34:12Z</time></trkpt>
      <trkpt lat="48.883032" lon="2.014643"><ele>184.0</ele><time>2025-09-20T09:34:13Z</time></trkpt>
      <trkpt lat="48.883238" lon="2.014482"><ele>183.0</ele><time>2025-09-20T09:34:14Z</time></trkpt>
      <trkpt lat="48.883434" lon="2.014309"><ele>181.4</ele><time>2025-09-20T09:34:15Z</time></trkpt>
      <trkpt lat="48.883641" lon="2.014145"><ele>180.6</ele><time>2025-09-20T09:34:16Z</time></trkpt>
      <trkpt lat="48.883855" lon="2.013989"><ele>180.5</ele><time>2025-09-20T09:34:17Z</time></trkpt>
      <trkpt lat="48.884047" lon="2.013826"><ele>177.3</ele><time>2025-09-20T09:34:18Z</time></trkpt>
      <trkpt lat="48.884243" lon="2.013665"><ele>175.0</ele><time>2025-09-20T09:34:19Z</time></trkpt>
      <trkpt lat="48.884445" lon="2.013511"><ele>173.0</ele><time>2025-09-20T09:34:20Z</time></trkpt>
      <trkpt lat="48.884653" lon="2.013358"><ele>172.2</ele><time>2025-09-20T09:34:21Z</time></trkpt>
      <trkpt lat="48.884861" lon="2.013201"><ele>171.2</ele><time>2025-09-20T09:34:22Z</time></trkpt>
      <trkpt lat="48.885077" lon="2.013050"><ele>170.9</ele><time>2025-09-20T09:34:23Z</time></trkpt>
      <trkpt lat="48.885297" lon="2.012907"><ele>170.5</ele><time>2025-09-20T09:34:24Z</time></trkpt>
      <trkpt lat="48.885494" lon="2.012746"><ele>167.7</ele><time>2025-09-20T09:34:25Z</time></trkpt>
      <trkpt lat="48.885716" lon="2.012603"><ele>167.9</ele><time>2025-09-20T09:34:26Z</time></trkpt>
      <trkpt lat="48.885941" lon="2.012460"><ele>168.3</ele><time>2025-09-20T09:34:27Z</time></trkpt>
      <trkpt lat="48.886167" lon="2.012325"><ele>168.9</ele><time>2025-09-20T09:34:28Z</time></trkpt>
      <trkpt lat="48.886392" lon="2.012193"><ele>168.8</ele><time>2025-09-20T09:34:29Z</time></trkpt>
      <trkpt lat="48.886612" lon="2.012058"><ele>168.3</ele><time>2025-09-20T09:34:30Z</time></trkpt>
      <trkpt lat="48.886842" lon="2.011930"><ele>168.7</ele><time>2025-09-20T09:34:31Z</time></trkpt>
      <trkpt lat="48.887064" lon="2.011794"><ele>169.3</ele><time>2025-09-20T09:34:32Z</time></trkpt>
      <trkpt lat="48.887286" lon="2.011659"><ele>169.6</ele><time>2025-09-20T09:34:33Z</time></trkpt>
      <trkpt lat="48.887509" lon="2.011534"><ele>169.5</ele><time>2025-09-20T09:34:34Z</time></trkpt>
      <trkpt lat="48.887726" lon="2.011409"><ele>168.8</ele><time>2025-09-20T09:34:35Z</time></trkpt>
      <trkpt lat="48.887943" lon="2.011286"><ele>168.0</ele><time>2025-09-20T09:34:36Z</time></trkpt>
      <trkpt lat="48.888162" lon="2.011156"><ele>167.4</ele><time>2025-09-20T09:34:37Z</time></trkpt>
      <trkpt lat="48.888379" lon="2.011027"><ele>166.9</ele><time>2025-09-20T09:34:38Z</time></trkpt>
      <trkpt lat="48.888598" lon="2.010895"><ele>166.1</ele><time>2025-09-20T09:34:39Z</time></trkpt>
      <trkpt lat="48.888814" lon="2.010754"><ele>165.3</ele><time>2025-09-20T09:34:40Z</time></trkpt>
      <trkpt lat="48.889035" lon="2.010616"><ele>165.7</ele><time>2025-09-20T09:34:41Z</time></trkpt>
      <trkpt lat="48.889255" lon="2.010480"><ele>164.5</ele><time>2025-09-20T09:34:42Z</time></trkpt>
      <trkpt lat="48.889472" lon="2.010346"><ele>163.5</ele><time>2025-09-20T09:34:43Z</time></trkpt>
      <trkpt lat="48.889692" lon="2.010204"><ele>162.9</ele><time>2025-09-20T09:34:44Z</time></trkpt>
      <trkpt lat="48.889910" lon="2.010069"><ele>161.6</ele><time>2025-09-20T09:34:45Z</time></trkpt>
      <trkpt lat="48.890126" lon="2.009941"><ele>159.7</ele><time>2025-09-20T09:34:46Z</time></trkpt>
      <trkpt lat="48.890345" lon="2.009810"><ele>158.7</ele><time>2025-09-20T09:34:47Z</time></trkpt>
      <trkpt lat="48.890530" lon="2.009668"><ele>154.0</ele><time>2025-09-20T09:34:48Z</time></trkpt>
      <trkpt lat="48.890734" lon="2.009526"><ele>151.2</ele><time>2025-09-20T09:34:49Z</time></trkpt>
      <trkpt lat="48.890942" lon="2.009393"><ele>148.8</ele><time>2025-09-20T09:34:50Z</time></trkpt>
      <trkpt lat="48.891166" lon="2.009274"><ele>147.4</ele><time>2025-09-20T09:34:51Z</time></trkpt>
      <trkpt lat="48.891380" lon="2.009147"><ele>144.9</ele><time>2025-09-20T09:34:52Z</time></trkpt>
      <trkpt lat="48.891594" lon="2.009024"><ele>142.8</ele><time>2025-09-20T09:34:53Z</time></trkpt>
      <trkpt lat="48.891807" lon="2.008897"><ele>140.4</ele><time>2025-09-20T09:34:54Z</time></trkpt>
      <trkpt lat="48.892025" lon="2.008770"><ele>139.3</ele><time>2025-09-20T09:34:55Z</time></trkpt>
      <trkpt lat="48.892239" lon="2.008645"><ele>137.6</ele><time>2025-09-20T09:34:56Z</time></trkpt>
      <trkpt lat="48.892456" lon="2.008528"><ele>136.7</ele><time>2025-09-20T09:34:57Z</time></trkpt>
      <trkpt lat="48.892651" lon="2.008415"><ele>133.8</ele><time>2025-09-20T09:34:58Z</time></trkpt>
      <trkpt lat="48.892851" lon="2.008305"><ele>132.1</ele><time>2025-09-20T09:34:59Z</time></trkpt>
      <trkpt lat="48.893055" lon="2.008199"><ele>130.8</ele><time>2025-09-20T09:35:00Z</time></trkpt>
      <trkpt lat="48.893266" lon="2.008099"><ele>130.5</ele><time>2025-09-20T09:35:01Z</time></trkpt>
      <trkpt lat="48.893477" lon="2.008002"><ele>131.0</ele><time>2025-09-20T09:35:02Z</time></trkpt>
      <trkpt lat="48.893698" lon="2.007919"><ele>133.3</ele><time>2025-09-20T09:35:03Z</time></trkpt>
      <trkpt lat="48.893924" lon="2.007840"><ele>136.5</ele><time>2025-09-20T09:35:04Z</time></trkpt>
      <trkpt lat="48.894113" lon="2.007748"><ele>136.1</ele><time>2025-09-20T09:35:05Z</time></trkpt>
      <trkpt lat="48.894311" lon="2.007661"><ele>137.7</ele><time>2025-09-20T09:35:06Z</time></trkpt>
      <trkpt lat="48.894504" lon="2.007573"><ele>139.3</ele><time>2025-09-20T09:35:07Z</time></trkpt>
      <trkpt lat="48.894693" lon="2.007487"><ele>141.1</ele><time>2025-09-20T09:35:08Z</time></trkpt>
      <trkpt lat="48.894872" lon="2.007399"><ele>142.2</ele><time>2025-09-20T09:35:09Z</time></trkpt>
      <trkpt lat="48.895050" lon="2.007313"><ele>143.2</ele><time>2025-09-20T09:35:10Z</time></trkpt>
      <trkpt lat="48.895235" lon="2.007229"><ele>145.4</ele><time>2025-09-20T09:35:11Z</time></trkpt>
      <trkpt lat="48.895419" lon="2.007143"><ele>147.1</ele><time>2025-09-20T09:35:12Z</time></trkpt>
      <trkpt lat="48.895594" lon="2.007054"><ele>147.7</ele><time>2025-09-20T09:35:13Z</time></trkpt>
      <trkpt lat="48.895775" lon="2.006969"><ele>149.0</ele><time>2025-09-20T09:35:14Z</time></trkpt>
      <trkpt lat="48.895956" lon="2.006882"><ele>149.8</ele><time>2025-09-20T09:35:15Z</time></trkpt>
      <trkpt lat="48.896139" lon="2.006797"><ele>150.7</ele><time>2025-09-20T09:35:16Z</time></trkpt>
      <trkpt lat="48.896307" lon="2.006709"><ele>149.5</ele><time>2025-09-20T09:35:17Z</time></trkpt>
      <trkpt lat="48.896482" lon="2.006620"><ele>150.4</ele><time>2025-09-20T09:35:18Z</time></trkpt>
      <trkpt lat="48.896659" lon="2.006534"><ele>151.7</ele><time>2025-09-20T09:35:19Z</time></trkpt>
      <trkpt lat="48.896833" lon="2.006448"><ele>152.2</ele><time>2025-09-20T09:35:20Z</time></trkpt>
      <trkpt lat="48.896999" lon="2.006363"><ele>151.1</ele><time>2025-09-20T09:35:21Z</time></trkpt>
      <trkpt lat="48.897178" lon="2.006276"><ele>152.5</ele><time>2025-09-20T09:35:22Z</time></trkpt>
      <trkpt lat="48.897354" lon="2.006188"><ele>152.9</ele><time>2025-09-20T09:35:23Z</time></trkpt>
      <trkpt lat="48.897540" lon="2.006105"><ele>154.8</ele><time>2025-09-20T09:35:24Z</time></trkpt>
      <trkpt lat="48.897734" lon="2.006024"><ele>157.1</ele><time>2025-09-20T09:35:25Z</time></trkpt>
      <trkpt lat="48.897919" lon="2.005948"><ele>157.6</ele><time>2025-09-20T09:35:26Z</time></trkpt>
      <trkpt lat="48.898104" lon="2.005871"><ele>158.5</ele><time>2025-09-20T09:35:27Z</time></trkpt>
      <trkpt lat="48.898283" lon="2.005800"><ele>159.7</ele><time>2025-09-20T09:35:28Z</time></trkpt>
      <trkpt lat="48.898465" lon="2.005740"><ele>160.6</ele><time>2025-09-20T09:35:29Z</time></trkpt>
      <trkpt lat="48.898646" lon="2.005678"><ele>162.4</ele><time>2025-09-20T09:35:30Z</time></trkpt>
      <trkpt lat="48.898818" lon="2.005618"><ele>163.3</ele><time>2025-09-20T09:35:31Z</time></trkpt>
      <trkpt lat="48.898994" lon="2.005565"><ele>163.7</ele><time>2025-09-20T09:35:32Z</time></trkpt>
      <trkpt lat="48.899164" lon="2.005511"><ele>164.3</ele><time>2025-09-20T09:35:33Z</time></trkpt>
      <trkpt lat="48.899321" lon="2.005457"><ele>165.8</ele><time>2025-09-20T09:35:34Z</time></trkpt>
      <trkpt lat="48.899480" lon="2.005415"><ele>167.4</ele><time>2025-09-20T09:35:35Z</time></trkpt>
      <trkpt lat="48.899659" lon="2.005370"><ele>166.2</ele><time>2025-09-20T09:35:36Z</time></trkpt>
      <trkpt lat="48.899838" lon="2.005329"><ele>166.4</ele><time>2025-09-20T09:35:37Z</time></trkpt>
      <trkpt lat="48.900013" lon="2.005295"><ele>166.8</ele><time>2025-09-20T09:35:38Z</time></trkpt>
      <trkpt lat="48.900192" lon="2.005266"><ele>167.5</ele><time>2025-09-20T09:35:39Z</time></trkpt>
      <trkpt lat="48.900369" lon="2.005240"><ele>168.0</ele><time>2025-09-20T09:35:40Z</time></trkpt>
      <trkpt lat="48.900546" lon="2.005215"><ele>168.9</ele><time>2025-09-20T09:35:41Z</time></trkpt>
      <trkpt lat="48.900717" lon="2.005191"><ele>169.4</ele><time>2025-09-20T09:35:42Z</time></trkpt>
      <trkpt lat="48.900891" lon="2.005177"><ele>169.7</ele><time>2025-09-20T09:35:43Z</time></trkpt>
      <trkpt lat="48.901066" lon="2.005165"><ele>170.0</ele><time>2025-09-20T09:35:44Z</time></trkpt>
      <trkpt lat="48.901244" lon="2.005155"><ele>169.5</ele><time>2025-09-20T09:35:45Z</time></trkpt>
      <trkpt lat="48.901425" lon="2.005146"><ele>168.1</ele><time>2025-09-20T09:35:46Z</time></trkpt>
      <trkpt lat="48.901601" lon="2.005149"><ele>165.9</ele><time>2025-09-20T09:35:47Z</time></trkpt>
      <trkpt lat="48.901781" lon="2.005145"><ele>166.0</ele><time>2025-09-20T09:35:48Z</time></trkpt>
      <trkpt lat="48.901963" lon="2.005142"><ele>166.1</ele><time>2025-09-20T09:35:49Z</time></trkpt>
      <trkpt lat="48.902145" lon="2.005141"><ele>166.3</ele><time>2025-09-20T09:35:50Z</time></trkpt>
      <trkpt lat="48.902319" lon="2.005144"><ele>166.5</ele><time>2025-09-20T09:35:51Z</time></trkpt>
      <trkpt lat="48.902483" lon="2.005149"><ele>166.4</ele><time>2025-09-20T09:35:52Z</time></trkpt>
      <trkpt lat="48.902645" lon="2.005152"><ele>166.2</ele><time>2025-09-20T09:35:53Z</time></trkpt>
      <trkpt lat="48.902808" lon="2.005156"><ele>166.0</ele><time>2025-09-20T09:35:54Z</time></trkpt>
      <trkpt lat="48.902965" lon="2.005162"><ele>165.1</ele><time>2025-09-20T09:35:55Z</time></trkpt>
      <trkpt lat="48.903126" lon="2.005171"><ele>164.0</ele><time>2025-09-20T09:35:56Z</time></trkpt>
      <trkpt lat="48.903288" lon="2.005174"><ele>163.8</ele><time>2025-09-20T09:35:57Z</time></trkpt>
      <trkpt lat="48.903448" lon="2.005177"><ele>163.1</ele><time>2025-09-20T09:35:58Z</time></trkpt>
      <trkpt lat="48.903610" lon="2.005184"><ele>162.7</ele><time>2025-09-20T09:35:59Z</time></trkpt>
      <trkpt lat="48.903767" lon="2.005191"><ele>162.1</ele><time>2025-09-20T09:36:00Z</time></trkpt>
      <trkpt lat="48.903887" lon="2.005195"><ele>158.4</ele><time>2025-09-20T09:36:01Z</time></trkpt>
      <trkpt lat="48.904006" lon="2.005187"><ele>156.0</ele><time>2025-09-20T09:36:02Z</time></trkpt>
      <trkpt lat="48.904100" lon="2.005187"><ele>155.6</ele><time>2025-09-20T09:36:03Z</time></trkpt>
      <trkpt lat="48.904203" lon="2.005190"><ele>155.4</ele><time>2025-09-20T09:36:04Z</time></trkpt>
      <trkpt lat="48.904288" lon="2.005192"><ele>155.8</ele><time>2025-09-20T09:36:05Z</time></trkpt>
      <trkpt lat="48.904381" lon="2.005190"><ele>155.5</ele><time>2025-09-20T09:36:06Z</time></trkpt>
      <trkpt lat="48.904470" lon="2.005194"><ele>154.9</ele><time>2025-09-20T09:36:07Z</time></trkpt>
      <trkpt lat="48.904563" lon="2.005196"><ele>154.7</ele><time>2025-09-20T09:36:08Z</time></trkpt>
      <trkpt lat="48.904663" lon="2.005194"><ele>154.4</ele><time>2025-09-20T09:36:09Z</time></trkpt>
      <trkpt lat="48.904773" lon="2.005192"><ele>154.3</ele><time>2025-09-20T09:36:10Z</time></trkpt>
      <trkpt lat="48.904879" lon="2.005194"><ele>154.0</ele><time>2025-09-20T09:36:11Z</time></trkpt>
      <trkpt lat="48.904989" lon="2.005199"><ele>153.4</ele><time>2025-09-20T09:36:12Z</time></trkpt>
      <trkpt lat="48.905106" lon="2.005210"><ele>152.9</ele><time>2025-09-20T09:36:13Z</time></trkpt>
      <trkpt lat="48.905243" lon="2.005207"><ele>151.6</ele><time>2025-09-20T09:36:14Z</time></trkpt>
      <trkpt lat="48.905373" lon="2.005209"><ele>150.8</ele><time>2025-09-20T09:36:15Z</time></trkpt>
      <trkpt lat="48.905502" lon="2.005215"><ele>150.2</ele><time>2025-09-20T09:36:16Z</time></trkpt>
      <trkpt lat="48.905627" lon="2.005217"><ele>149.3</ele><time>2025-09-20T09:36:17Z</time></trkpt>
      <trkpt lat="48.905783" lon="2.005236"><ele>148.9</ele><time>2025-09-20T09:36:18Z</time></trkpt>
      <trkpt lat="48.905938" lon="2.005243"><ele>148.3</ele><time>2025-09-20T09:36:19Z</time></trkpt>
      <trkpt lat="48.906135" lon="2.005241"><ele>146.4</ele><time>2025-09-20T09:36:20Z</time></trkpt>
      <trkpt lat="48.906314" lon="2.005251"><ele>145.2</ele><time>2025-09-20T09:36:21Z</time></trkpt>
      <trkpt lat="48.906488" lon="2.005257"><ele>144.5</ele><time>2025-09-20T09:36:22Z</time></trkpt>
      <trkpt lat="48.906662" lon="2.005262"><ele>144.0</ele><time>2025-09-20T09:36:23Z</time></trkpt>
      <trkpt lat="48.906839" lon="2.005271"><ele>142.9</ele><time>2025-09-20T09:36:24Z</time></trkpt>
      <trkpt lat="48.907018" lon="2.005285"><ele>141.2</ele><time>2025-09-20T09:36:25Z</time></trkpt>
      <trkpt lat="48.907201" lon="2.005298"><ele>139.6</ele><time>2025-09-20T09:36:26Z</time></trkpt>
      <trkpt lat="48.907385" lon="2.005311"><ele>137.5</ele><time>2025-09-20T09:36:27Z</time></trkpt>
      <trkpt lat="48.907574" lon="2.005317"><ele>136.4</ele><time>2025-09-20T09:36:28Z</time></trkpt>
      <trkpt lat="48.907769" lon="2.005326"><ele>135.5</ele><time>2025-09-20T09:36:29Z</time></trkpt>
      <trkpt lat="48.907962" lon="2.005333"><ele>134.8</ele><time>2025-09-20T09:36:30Z</time></trkpt>
      <trkpt lat="48.908158" lon="2.005337"><ele>134.4</ele><time>2025-09-20T09:36:31Z</time></trkpt>
      <trkpt lat="48.908351" lon="2.005345"><ele>132.9</ele><time>2025-09-20T09:36:32Z</time></trkpt>
      <trkpt lat="48.908538" lon="2.005351"><ele>130.4</ele><time>2025-09-20T09:36:33Z</time></trkpt>
      <trkpt lat="48.908729" lon="2.005359"><ele>129.5</ele><time>2025-09-20T09:36:34Z</time></trkpt>
      <trkpt lat="48.908923" lon="2.005368"><ele>129.0</ele><time>2025-09-20T09:36:35Z</time></trkpt>
      <trkpt lat="48.909114" lon="2.005376"><ele>128.3</ele><time>2025-09-20T09:36:36Z</time></trkpt>
      <trkpt lat="48.909297" lon="2.005384"><ele>127.6</ele><time>2025-09-20T09:36:37Z</time></trkpt>
      <trkpt lat="48.909483" lon="2.005391"><ele>126.6</ele><time>2025-09-20T09:36:38Z</time></trkpt>
      <trkpt lat="48.909667" lon="2.005396"><ele>125.4</ele><time>2025-09-20T09:36:39Z</time></trkpt>
      <trkpt lat="48.909854" lon="2.005402"><ele>125.0</ele><time>2025-09-20T09:36:40Z</time></trkpt>
      <trkpt lat="48.910038" lon="2.005410"><ele>123.9</ele><time>2025-09-20T09:36:41Z</time></trkpt>
      <trkpt lat="48.910223" lon="2.005418"><ele>123.0</ele><time>2025-09-20T09:36:42Z</time></trkpt>
      <trkpt lat="48.910413" lon="2.005424"><ele>122.1</ele><time>2025-09-20T09:36:43Z</time></trkpt>
      <trkpt lat="48.910599" lon="2.005428"><ele>121.5</ele><time>2025-09-20T09:36:44Z</time></trkpt>
      <trkpt lat="48.910783" lon="2.005435"><ele>120.9</ele><time>2025-09-20T09:36:45Z</time></trkpt>
      <trkpt lat="48.910962" lon="2.005439"><ele>120.2</ele><time>2025-09-20T09:36:46Z</time></trkpt>
      <trkpt lat="48.911140" lon="2.005441"><ele>119.6</ele><time>2025-09-20T09:36:47Z</time></trkpt>
      <trkpt lat="48.911335" lon="2.005447"><ele>119.2</ele><time>2025-09-20T09:36:48Z</time></trkpt>
      <trkpt lat="48.911525" lon="2.005453"><ele>118.7</ele><time>2025-09-20T09:36:49Z</time></trkpt>
      <trkpt lat="48.911718" lon="2.005456"><ele>118.0</ele><time>2025-09-20T09:36:50Z</time></trkpt>
      <trkpt lat="48.911915" lon="2.005463"><ele>117.3</ele><time>2025-09-20T09:36:51Z</time></trkpt>
      <trkpt lat="48.912111" lon="2.005466"><ele>116.6</ele><time>2025-09-20T09:36:52Z</time></trkpt>
      <trkpt lat="48.912301" lon="2.005472"><ele>115.5</ele><time>2025-09-20T09:36:53Z</time></trkpt>
      <trkpt lat="48.912496" lon="2.005477"><ele>114.8</ele><time>2025-09-20T09:36:54Z</time></trkpt>
      <trkpt lat="48.912694" lon="2.005485"><ele>114.2</ele><time>2025-09-20T09:36:55Z</time></trkpt>
      <trkpt lat="48.912899" lon="2.005489"><ele>113.4</ele><time>2025-09-20T09:36:56Z</time></trkpt>
      <trkpt lat="48.913108" lon="2.005497"><ele>112.7</ele><time>2025-09-20T09:36:57Z</time></trkpt>
      <trkpt lat="48.913316" lon="2.005507"><ele>111.9</ele><time>2025-09-20T09:36:58Z</time></trkpt>
      <trkpt lat="48.913534" lon="2.005516"><ele>110.2</ele><time>2025-09-20T09:36:59Z</time></trkpt>
      <trkpt lat="48.913754" lon="2.005523"><ele>107.7</ele><time>2025-09-20T09:37:00Z</time></trkpt>
      <trkpt lat="48.913985" lon="2.005531"><ele>106.5</ele><time>2025-09-20T09:37:01Z</time></trkpt>
      <trkpt lat="48.914219" lon="2.005540"><ele>104.9</ele><time>2025-09-20T09:37:02Z</time></trkpt>
      <trkpt lat="48.914456" lon="2.005553"><ele>103.1</ele><time>2025-09-20T09:37:03Z</time></trkpt>
      <trkpt lat="48.914698" lon="2.005567"><ele>101.9</ele><time>2025-09-20T09:37:04Z</time></trkpt>
      <trkpt lat="48.914941" lon="2.005576"><ele>100.8</ele><time>2025-09-20T09:37:05Z</time></trkpt>
      <trkpt lat="48.915189" lon="2.005580"><ele>99.4</ele><time>2025-09-20T09:37:06Z</time></trkpt>
      <trkpt lat="48.915438" lon="2.005584"><ele>98.1</ele><time>2025-09-20T09:37:07Z</time></trkpt>
      <trkpt lat="48.915684" lon="2.005586"><ele>96.3</ele><time>2025-09-20T09:37:08Z</time></trkpt>
      <trkpt lat="48.915933" lon="2.005582"><ele>94.8</ele><time>2025-09-20T09:37:09Z</time></trkpt>
      <trkpt lat="48.916180" lon="2.005573"><ele>93.0</ele><time>2025-09-20T09:37:10Z</time></trkpt>
      <trkpt lat="48.916429" lon="2.005556"><ele>91.7</ele><time>2025-09-20T09:37:11Z</time></trkpt>
      <trkpt lat="48.916673" lon="2.005530"><ele>90.6</ele><time>2025-09-20T09:37:12Z</time></trkpt>
      <trkpt lat="48.916919" lon="2.005502"><ele>89.3</ele><time>2025-09-20T09:37:13Z</time></trkpt>
      <trkpt lat="48.917161" lon="2.005466"><ele>88.3</ele><time>2025-09-20T09:37:14Z</time></trkpt>
      <trkpt lat="48.917409" lon="2.005423"><ele>87.9</ele><time>2025-09-20T09:37:15Z</time></trkpt>
      <trkpt lat="48.917652" lon="2.005363"><ele>87.9</ele><time>2025-09-20T09:37:16Z</time></trkpt>
      <trkpt lat="48.917906" lon="2.005295"><ele>87.3</ele><time>2025-09-20T09:37:17Z</time></trkpt>
      <trkpt lat="48.918163" lon="2.005223"><ele>87.0</ele><time>2025-09-20T09:37:18Z</time></trkpt>
      <trkpt lat="48.918419" lon="2.005139"><ele>87.4</ele><time>2025-09-20T09:37:19Z</time></trkpt>
      <trkpt lat="48.918676" lon="2.005053"><ele>87.5</ele><time>2025-09-20T09:37:20Z</time></trkpt>
      <trkpt lat="48.918928" lon="2.004952"><ele>87.8</ele><time>2025-09-20T09:37:21Z</time></trkpt>
      <trkpt lat="48.919163" lon="2.004841"><ele>87.4</ele><time>2025-09-20T09:37:22Z</time></trkpt>
      <trkpt lat="48.919403" lon="2.004727"><ele>87.3</ele><time>2025-09-20T09:37:23Z</time></trkpt>
      <trkpt lat="48.919645" lon="2.004605"><ele>87.9</ele><time>2025-09-20T09:37:24Z</time></trkpt>
      <trkpt lat="48.919884" lon="2.004477"><ele>88.0</ele><time>2025-09-20T09:37:25Z</time></trkpt>
      <trkpt lat="48.920112" lon="2.004345"><ele>88.0</ele><time>2025-09-20T09:37:26Z</time></trkpt>
      <trkpt lat="48.920336" lon="2.004202"><ele>86.6</ele><time>2025-09-20T09:37:27Z</time></trkpt>
      <trkpt lat="48.920553" lon="2.004050"><ele>85.9</ele><time>2025-09-20T09:37:28Z</time></trkpt>
      <trkpt lat="48.920768" lon="2.003894"><ele>84.3</ele><time>2025-09-20T09:37:29Z</time></trkpt>
      <trkpt lat="48.920965" lon="2.003732"><ele>81.6</ele><time>2025-09-20T09:37:30Z</time></trkpt>
      <trkpt lat="48.921176" lon="2.003570"><ele>81.1</ele><time>2025-09-20T09:37:31Z</time></trkpt>
      <trkpt lat="48.921364" lon="2.003396"><ele>78.7</ele><time>2025-09-20T09:37:32Z</time></trkpt>
      <trkpt lat="48.921564" lon="2.003225"><ele>78.1</ele><time>2025-09-20T09:37:33Z</time></trkpt>
      <trkpt lat="48.921765" lon="2.003050"><ele>77.9</ele><time>2025-09-20T09:37:34Z</time></trkpt>
      <trkpt lat="48.921969" lon="2.002873"><ele>79.1</ele><time>2025-09-20T09:37:35Z</time></trkpt>
      <trkpt lat="48.922173" lon="2.002695"><ele>80.2</ele><time>2025-09-20T09:37:36Z</time></trkpt>
      <trkpt lat="48.922365" lon="2.002505"><ele>80.2</ele><time>2025-09-20T09:37:37Z</time></trkpt>
      <trkpt lat="48.922550" lon="2.002305"><ele>79.4</ele><time>2025-09-20T09:37:38Z</time></trkpt>
      <trkpt lat="48.922734" lon="2.002099"><ele>78.7</ele><time>2025-09-20T09:37:39Z</time></trkpt>
      <trkpt lat="48.922919" lon="2.001888"><ele>78.4</ele><time>2025-09-20T09:37:40Z</time></trkpt>
      <trkpt lat="48.923104" lon="2.001670"><ele>77.6</ele><time>2025-09-20T09:37:41Z</time></trkpt>
      <trkpt lat="48.923293" lon="2.001444"><ele>77.2</ele><time>2025-09-20T09:37:42Z</time></trkpt>
      <trkpt lat="48.923475" lon="2.001211"><ele>77.3</ele><time>2025-09-20T09:37:43Z</time></trkpt>
      <trkpt lat="48.923656" lon="2.000976"><ele>77.4</ele><time>2025-09-20T09:37:44Z</time></trkpt>
      <trkpt lat="48.923833" lon="2.000732"><ele>77.3</ele><time>2025-09-20T09:37:45Z</time></trkpt>
      <trkpt lat="48.924004" lon="2.000483"><ele>77.0</ele><time>2025-09-20T09:37:46Z</time></trkpt>
      <trkpt lat="48.924169" lon="2.000227"><ele>76.9</ele><time>2025-09-20T09:37:47Z</time></trkpt>
      <trkpt lat="48.924333" lon="1.999965"><ele>76.7</ele><time>2025-09-20T09:37:48Z</time></trkpt>
      <trkpt lat="48.924494" lon="1.999696"><ele>76.2</ele><time>2025-09-20T09:37:49Z</time></trkpt>
      <trkpt lat="48.924653" lon="1.999421"><ele>75.7</ele><time>2025-09-20T09:37:50Z</time></trkpt>
      <trkpt lat="48.924810" lon="1.999137"><ele>75.2</ele><time>2025-09-20T09:37:51Z</time></trkpt>
      <trkpt lat="48.924965" lon="1.998845"><ele>75.1</ele><time>2025-09-20T09:37:52Z</time></trkpt>
      <trkpt lat="48.925115" lon="1.998545"><ele>74.9</ele><time>2025-09-20T09:37:53Z</time></trkpt>
      <trkpt lat="48.925261" lon="1.998238"><ele>74.7</ele><time>2025-09-20T09:37:54Z</time></trkpt>
      <trkpt lat="48.925407" lon="1.997923"><ele>74.6</ele><time>2025-09-20T09:37:55Z</time></trkpt>
      <trkpt lat="48.925548" lon="1.997606"><ele>74.8</ele><time>2025-09-20T09:37:56Z</time></trkpt>
      <trkpt lat="48.925687" lon="1.997281"><ele>75.0</ele><time>2025-09-20T09:37:57Z</time></trkpt>
      <trkpt lat="48.925823" lon="1.996953"><ele>75.3</ele><time>2025-09-20T09:37:58Z</time></trkpt>
      <trkpt lat="48.925955" lon="1.996626"><ele>75.9</ele><time>2025-09-20T09:37:59Z</time></trkpt>
      <trkpt lat="48.926082" lon="1.996291"><ele>76.6</ele><time>2025-09-20T09:38:00Z</time></trkpt>
      <trkpt lat="48.926212" lon="1.995946"><ele>77.1</ele><time>2025-09-20T09:38:01Z</time></trkpt>
      <trkpt lat="48.926330" lon="1.995610"><ele>77.4</ele><time>2025-09-20T09:38:02Z</time></trkpt>
      <trkpt lat="48.926441" lon="1.995283"><ele>77.9</ele><time>2025-09-20T09:38:03Z</time></trkpt>
      <trkpt lat="48.926553" lon="1.994960"><ele>78.2</ele><time>2025-09-20T09:38:04Z</time></trkpt>
      <trkpt lat="48.926660" lon="1.994643"><ele>78.6</ele><time>2025-09-20T09:38:05Z</time></trkpt>
      <trkpt lat="48.926767" lon="1.994331"><ele>78.8</ele><time>2025-09-20T09:38:06Z</time></trkpt>
      <trkpt lat="48.926871" lon="1.994021"><ele>78.8</ele><time>2025-09-20T09:38:07Z</time></trkpt>
      <trkpt lat="48.926971" lon="1.993717"><ele>79.1</ele><time>2025-09-20T09:38:08Z</time></trkpt>
      <trkpt lat="48.927071" lon="1.993417"><ele>79.6</ele><time>2025-09-20T09:38:09Z</time></trkpt>
      <trkpt lat="48.927171" lon="1.993122"><ele>80.1</ele><time>2025-09-20T09:38:10Z</time></trkpt>
      <trkpt lat="48.927265" lon="1.992830"><ele>79.8</ele><time>2025-09-20T09:38:11Z</time></trkpt>
      <trkpt lat="48.927357" lon="1.992545"><ele>80.1</ele><time>2025-09-20T09:38:12Z</time></trkpt>
      <trkpt lat="48.927451" lon="1.992265"><ele>80.8</ele><time>2025-09-20T09:38:13Z</time></trkpt>
      <trkpt lat="48.927537" lon="1.991993"><ele>81.1</ele><time>2025-09-20T09:38:14Z</time></trkpt>
      <trkpt lat="48.927621" lon="1.991725"><ele>81.0</ele><time>2025-09-20T09:38:15Z</time></trkpt>
      <trkpt lat="48.927705" lon="1.991464"><ele>81.2</ele><time>2025-09-20T09:38:16Z</time></trkpt>
      <trkpt lat="48.927784" lon="1.991204"><ele>81.0</ele><time>2025-09-20T09:38:17Z</time></trkpt>
      <trkpt lat="48.927867" lon="1.990952"><ele>81.7</ele><time>2025-09-20T09:38:18Z</time></trkpt>
      <trkpt lat="48.927941" lon="1.990712"><ele>82.4</ele><time>2025-09-20T09:38:19Z</time></trkpt>
      <trkpt lat="48.928008" lon="1.990489"><ele>82.6</ele><time>2025-09-20T09:38:20Z</time></trkpt>
      <trkpt lat="48.928075" lon="1.990280"><ele>84.0</ele><time>2025-09-20T09:38:21Z</time></trkpt>
      <trkpt lat="48.928138" lon="1.990075"><ele>84.4</ele><time>2025-09-20T09:38:22Z</time></trkpt>
      <trkpt lat="48.928201" lon="1.989876"><ele>85.0</ele><time>2025-09-20T09:38:23Z</time></trkpt>
      <trkpt lat="48.928262" lon="1.989683"><ele>85.6</ele><time>2025-09-20T09:38:24Z</time></trkpt>
      <trkpt lat="48.928319" lon="1.989497"><ele>85.9</ele><time>2025-09-20T09:38:25Z</time></trkpt>
      <trkpt lat="48.928374" lon="1.989317"><ele>86.3</ele><time>2025-09-20T09:38:26Z</time></trkpt>
      <trkpt lat="48.928424" lon="1.989140"><ele>86.5</ele><time>2025-09-20T09:38:27Z</time></trkpt>
      <trkpt lat="48.928474" lon="1.988963"><ele>86.5</ele><time>2025-09-20T09:38:28Z</time></trkpt>
      <trkpt lat="48.928523" lon="1.988784"><ele>86.6</ele><time>2025-09-20T09:38:29Z</time></trkpt>
      <trkpt lat="48.928576" lon="1.988601"><ele>86.6</ele><time>2025-09-20T09:38:30Z</time></trkpt>
      <trkpt lat="48.928636" lon="1.988406"><ele>86.1</ele><time>2025-09-20T09:38:31Z</time></trkpt>
      <trkpt lat="48.928696" lon="1.988211"><ele>86.2</ele><time>2025-09-20T09:38:32Z</time></trkpt>
      <trkpt lat="48.928753" lon="1.988009"><ele>86.2</ele><time>2025-09-20T09:38:33Z</time></trkpt>
      <trkpt lat="48.928817" lon="1.987800"><ele>86.5</ele><time>2025-09-20T09:38:34Z</time></trkpt>
      <trkpt lat="48.928868" lon="1.987584"><ele>86.5</ele><time>2025-09-20T09:38:35Z</time></trkpt>
      <trkpt lat="48.928933" lon="1.987373"><ele>86.9</ele><time>2025-09-20T09:38:36Z</time></trkpt>
      <trkpt lat="48.928994" lon="1.987163"><ele>87.6</ele><time>2025-09-20T09:38:37Z</time></trkpt>
      <trkpt lat="48.929058" lon="1.986959"><ele>88.3</ele><time>2025-09-20T09:38:38Z</time></trkpt>
      <trkpt lat="48.929113" lon="1.986766"><ele>88.6</ele><time>2025-09-20T09:38:39Z</time></trkpt>
      <trkpt lat="48.929170" lon="1.986574"><ele>88.7</ele><time>2025-09-20T09:38:40Z</time></trkpt>
      <trkpt lat="48.929223" lon="1.986390"><ele>88.9</ele><time>2025-09-20T09:38:41Z</time></trkpt>
      <trkpt lat="48.929276" lon="1.986209"><ele>89.2</ele><time>2025-09-20T09:38:42Z</time></trkpt>
      <trkpt lat="48.929327" lon="1.986035"><ele>89.6</ele><time>2025-09-20T09:38:43Z</time></trkpt>
      <trkpt lat="48.929374" lon="1.985870"><ele>89.7</ele><time>2025-09-20T09:38:44Z</time></trkpt>
      <trkpt lat="48.929419" lon="1.985710"><ele>90.3</ele><time>2025-09-20T09:38:45Z</time></trkpt>
      <trkpt lat="48.929462" lon="1.985559"><ele>90.4</ele><time>2025-09-20T09:38:46Z</time></trkpt>
      <trkpt lat="48.929502" lon="1.985407"><ele>91.0</ele><time>2025-09-20T09:38:47Z</time></trkpt>
      <trkpt lat="48.929544" lon="1.985257"><ele>91.8</ele><time>2025-09-20T09:38:48Z</time></trkpt>
      <trkpt lat="48.929586" lon="1.985103"><ele>92.3</ele><time>2025-09-20T09:38:49Z</time></trkpt>
      <trkpt lat="48.929629" lon="1.984943"><ele>92.8</ele><time>2025-09-20T09:38:50Z</time></trkpt>
      <trkpt lat="48.929690" lon="1.984786"><ele>93.6</ele><time>2025-09-20T09:38:51Z</time></trkpt>
      <trkpt lat="48.929738" lon="1.984620"><ele>94.0</ele><time>2025-09-20T09:38:52Z</time></trkpt>
      <trkpt lat="48.929788" lon="1.984447"><ele>94.5</ele><time>2025-09-20T09:38:53Z</time></trkpt>
      <trkpt lat="48.929840" lon="1.984271"><ele>95.0</ele><time>2025-09-20T09:38:54Z</time></trkpt>
      <trkpt lat="48.929894" lon="1.984089"><ele>95.4</ele><time>2025-09-20T09:38:55Z</time></trkpt>
      <trkpt lat="48.929942" lon="1.983904"><ele>96.0</ele><time>2025-09-20T09:38:56Z</time></trkpt>
      <trkpt lat="48.929993" lon="1.983719"><ele>96.3</ele><time>2025-09-20T09:38:57Z</time></trkpt>
      <trkpt lat="48.930046" lon="1.983524"><ele>97.0</ele><time>2025-09-20T09:38:58Z</time></trkpt>
      <trkpt lat="48.930100" lon="1.983321"><ele>97.8</ele><time>2025-09-20T09:38:59Z</time></trkpt>
      <trkpt lat="48.930154" lon="1.983112"><ele>98.3</ele><time>2025-09-20T09:39:00Z</time></trkpt>
      <trkpt lat="48.930219" lon="1.982899"><ele>99.3</ele><time>2025-09-20T09:39:01Z</time></trkpt>
      <trkpt lat="48.930283" lon="1.982683"><ele>100.2</ele><time>2025-09-20T09:39:02Z</time></trkpt>
      <trkpt lat="48.930344" lon="1.982469"><ele>100.6</ele><time>2025-09-20T09:39:03Z</time></trkpt>
      <trkpt lat="48.930404" lon="1.982253"><ele>100.9</ele><time>2025-09-20T09:39:04Z</time></trkpt>
      <trkpt lat="48.930463" lon="1.982039"><ele>101.1</ele><time>2025-09-20T09:39:05Z</time></trkpt>
      <trkpt lat="48.930521" lon="1.981831"><ele>101.5</ele><time>2025-09-20T09:39:06Z</time></trkpt>
      <trkpt lat="48.930579" lon="1.981629"><ele>102.0</ele><time>2025-09-20T09:39:07Z</time></trkpt>
      <trkpt lat="48.930638" lon="1.981429"><ele>102.5</ele><time>2025-09-20T09:39:08Z</time></trkpt>
      <trkpt lat="48.930696" lon="1.981230"><ele>102.8</ele><time>2025-09-20T09:39:09Z</time></trkpt>
      <trkpt lat="48.930750" lon="1.981036"><ele>103.0</ele><time>2025-09-20T09:39:10Z</time></trkpt>
      <trkpt lat="48.930805" lon="1.980847"><ele>103.5</ele><time>2025-09-20T09:39:11Z</time></trkpt>
      <trkpt lat="48.930856" lon="1.980666"><ele>103.8</ele><time>2025-09-20T09:39:12Z</time></trkpt>
      <trkpt lat="48.930903" lon="1.980489"><ele>104.1</ele><time>2025-09-20T09:39:13Z</time></trkpt>
      <trkpt lat="48.930950" lon="1.980314"><ele>104.4</ele><time>2025-09-20T09:39:14Z</time></trkpt>
      <trkpt lat="48.930998" lon="1.980142"><ele>104.7</ele><time>2025-09-20T09:39:15Z</time></trkpt>
      <trkpt lat="48.931046" lon="1.979968"><ele>105.1</ele><time>2025-09-20T09:39:16Z</time></trkpt>
      <trkpt lat="48.931093" lon="1.979790"><ele>105.5</ele><time>2025-09-20T09:39:17Z</time></trkpt>
      <trkpt lat="48.931144" lon="1.979613"><ele>105.7</ele><time>2025-09-20T09:39:18Z</time></trkpt>
      <trkpt lat="48.931194" lon="1.979433"><ele>106.0</ele><time>2025-09-20T09:39:19Z</time></trkpt>
      <trkpt lat="48.931247" lon="1.979244"><ele>106.3</ele><time>2025-09-20T09:39:20Z</time></trkpt>
      <trkpt lat="48.931300" lon="1.979049"><ele>106.6</ele><time>2025-09-20T09:39:21Z</time></trkpt>
      <trkpt lat="48.931357" lon="1.978849"><ele>106.7</ele><time>2025-09-20T09:39:22Z</time></trkpt>
      <trkpt lat="48.931415" lon="1.978641"><ele>107.0</ele><time>2025-09-20T09:39:23Z</time></trkpt>
      <trkpt lat="48.931475" lon="1.978424"><ele>107.3</ele><time>2025-09-20T09:39:24Z</time></trkpt>
      <trkpt lat="48.931538" lon="1.978199"><ele>107.6</ele><time>2025-09-20T09:39:25Z</time></trkpt>
      <trkpt lat="48.931602" lon="1.977965"><ele>107.8</ele><time>2025-09-20T09:39:26Z</time></trkpt>
      <trkpt lat="48.931663" lon="1.977721"><ele>107.6</ele><time>2025-09-20T09:39:27Z</time></trkpt>
      <trkpt lat="48.931731" lon="1.977473"><ele>107.6</ele><time>2025-09-20T09:39:28Z</time></trkpt>
      <trkpt lat="48.931801" lon="1.977218"><ele>107.6</ele><time>2025-09-20T09:39:29Z</time></trkpt>
      <trkpt lat="48.931873" lon="1.976954"><ele>107.8</ele><time>2025-09-20T09:39:30Z</time></trkpt>
      <trkpt lat="48.931948" lon="1.976682"><ele>107.7</ele><time>2025-09-20T09:39:31Z</time></trkpt>
      <trkpt lat="48.932024" lon="1.976408"><ele>107.7</ele><time>2025-09-20T09:39:32Z</time></trkpt>
      <trkpt lat="48.932102" lon="1.976129"><ele>107.5</ele><time>2025-09-20T09:39:33Z</time></trkpt>
      <trkpt lat="48.932181" lon="1.975845"><ele>107.4</ele><time>2025-09-20T09:39:34Z</time></trkpt>
      <trkpt lat="48.932264" lon="1.975557"><ele>107.1</ele><time>2025-09-20T09:39:35Z</time></trkpt>
      <trkpt lat="48.932345" lon="1.975265"><ele>106.9</ele><time>2025-09-20T09:39:36Z</time></trkpt>
      <trkpt lat="48.932428" lon="1.974969"><ele>106.5</ele><time>2025-09-20T09:39:37Z</time></trkpt>
      <trkpt lat="48.932511" lon="1.974669"><ele>106.1</ele><time>2025-09-20T09:39:38Z</time></trkpt>
      <trkpt lat="48.932595" lon="1.974363"><ele>105.5</ele><time>2025-09-20T09:39:39Z</time></trkpt>
      <trkpt lat="48.932679" lon="1.974053"><ele>105.1</ele><time>2025-09-20T09:39:40Z</time></trkpt>
      <trkpt lat="48.932768" lon="1.973739"><ele>104.8</ele><time>2025-09-20T09:39:41Z</time></trkpt>
      <trkpt lat="48.932856" lon="1.973424"><ele>104.1</ele><time>2025-09-20T09:39:42Z</time></trkpt>
      <trkpt lat="48.932945" lon="1.973111"><ele>103.4</ele><time>2025-09-20T09:39:43Z</time></trkpt>
      <trkpt lat="48.933031" lon="1.972794"><ele>102.7</ele><time>2025-09-20T09:39:44Z</time></trkpt>
      <trkpt lat="48.933115" lon="1.972482"><ele>102.3</ele><time>2025-09-20T09:39:45Z</time></trkpt>
      <trkpt lat="48.933201" lon="1.972173"><ele>102.0</ele><time>2025-09-20T09:39:46Z</time></trkpt>
      <trkpt lat="48.933286" lon="1.971863"><ele>101.6</ele><time>2025-09-20T09:39:47Z</time></trkpt>
      <trkpt lat="48.933372" lon="1.971556"><ele>101.4</ele><time>2025-09-20T09:39:48Z</time></trkpt>
      <trkpt lat="48.933456" lon="1.971252"><ele>101.3</ele><time>2025-09-20T09:39:49Z</time></trkpt>
      <trkpt lat="48.933540" lon="1.970950"><ele>101.4</ele><time>2025-09-20T09:39:50Z</time></trkpt>
      <trkpt lat="48.933622" lon="1.970649"><ele>101.4</ele><time>2025-09-20T09:39:51Z</time></trkpt>
      <trkpt lat="48.933704" lon="1.970352"><ele>101.6</ele><time>2025-09-20T09:39:52Z</time></trkpt>
      <trkpt lat="48.933786" lon="1.970053"><ele>101.6</ele><time>2025-09-20T09:39:53Z</time></trkpt>
      <trkpt lat="48.933867" lon="1.969759"><ele>101.7</ele><time>2025-09-20T09:39:54Z</time></trkpt>
      <trkpt lat="48.933948" lon="1.969469"><ele>101.7</ele><time>2025-09-20T09:39:55Z</time></trkpt>
      <trkpt lat="48.934027" lon="1.969186"><ele>101.8</ele><time>2025-09-20T09:39:56Z</time></trkpt>
      <trkpt lat="48.934105" lon="1.968905"><ele>102.0</ele><time>2025-09-20T09:39:57Z</time></trkpt>
      <trkpt lat="48.934183" lon="1.968627"><ele>102.2</ele><time>2025-09-20T09:39:58Z</time></trkpt>
      <trkpt lat="48.934261" lon="1.968347"><ele>102.3</ele><time>2025-09-20T09:39:59Z</time></trkpt>
      <trkpt lat="48.934339" lon="1.968066"><ele>102.5</ele><time>2025-09-20T09:40:00Z</time></trkpt>
      <trkpt lat="48.934417" lon="1.967785"><ele>102.8</ele><time>2025-09-20T09:40:01Z</time></trkpt>
      <trkpt lat="48.934495" lon="1.967504"><ele>103.2</ele><time>2025-09-20T09:40:02Z</time></trkpt>
      <trkpt lat="48.934571" lon="1.967224"><ele>103.5</ele><time>2025-09-20T09:40:03Z</time></trkpt>
      <trkpt lat="48.934648" lon="1.966943"><ele>103.7</ele><time>2025-09-20T09:40:04Z</time></trkpt>
      <trkpt lat="48.934726" lon="1.966661"><ele>103.8</ele><time>2025-09-20T09:40:05Z</time></trkpt>
      <trkpt lat="48.934804" lon="1.966376"><ele>104.1</ele><time>2025-09-20T09:40:06Z</time></trkpt>
      <trkpt lat="48.934882" lon="1.966091"><ele>104.4</ele><time>2025-09-20T09:40:07Z</time></trkpt>
      <trkpt lat="48.934961" lon="1.965803"><ele>104.6</ele><time>2025-09-20T09:40:08Z</time></trkpt>
      <trkpt lat="48.935040" lon="1.965515"><ele>104.9</ele><time>2025-09-20T09:40:09Z</time></trkpt>
      <trkpt lat="48.935120" lon="1.965232"><ele>105.2</ele><time>2025-09-20T09:40:10Z</time></trkpt>
      <trkpt lat="48.935200" lon="1.964952"><ele>105.3</ele><time>2025-09-20T09:40:11Z</time></trkpt>
      <trkpt lat="48.935279" lon="1.964675"><ele>105.6</ele><time>2025-09-20T09:40:12Z</time></trkpt>
      <trkpt lat="48.935358" lon="1.964399"><ele>105.6</ele><time>2025-09-20T09:40:13Z</time></trkpt>
      <trkpt lat="48.935439" lon="1.964127"><ele>105.7</ele><time>2025-09-20T09:40:14Z</time></trkpt>
      <trkpt lat="48.935520" lon="1.963852"><ele>105.9</ele><time>2025-09-20T09:40:15Z</time></trkpt>
      <trkpt lat="48.935604" lon="1.963578"><ele>106.1</ele><time>2025-09-20T09:40:16Z</time></trkpt>
      <trkpt lat="48.935690" lon="1.963303"><ele>106.3</ele><time>2025-09-20T09:40:17Z</time></trkpt>
      <trkpt lat="48.935780" lon="1.963029"><ele>106.3</ele><time>2025-09-20T09:40:18Z</time></trkpt>
      <trkpt lat="48.935872" lon="1.962755"><ele>106.5</ele><time>2025-09-20T09:40:19Z</time></trkpt>
      <trkpt lat="48.935965" lon="1.962478"><ele>106.5</ele><time>2025-09-20T09:40:20Z</time></trkpt>
      <trkpt lat="48.936060" lon="1.962200"><ele>106.6</ele><time>2025-09-20T09:40:21Z</time></trkpt>
      <trkpt lat="48.936158" lon="1.961923"><ele>106.6</ele><time>2025-09-20T09:40:22Z</time></trkpt>
      <trkpt lat="48.936258" lon="1.961650"><ele>106.7</ele><time>2025-09-20T09:40:23Z</time></trkpt>
      <trkpt lat="48.936360" lon="1.961380"><ele>106.7</ele><time>2025-09-20T09:40:24Z</time></trkpt>
      <trkpt lat="48.936462" lon="1.961110"><ele>106.7</ele><time>2025-09-20T09:40:25Z</time></trkpt>
      <trkpt lat="48.936568" lon="1.960839"><ele>106.7</ele><time>2025-09-20T09:40:26Z</time></trkpt>
      <trkpt lat="48.936677" lon="1.960569"><ele>106.6</ele><time>2025-09-20T09:40:27Z</time></trkpt>
      <trkpt lat="48.936788" lon="1.960302"><ele>106.4</ele><time>2025-09-20T09:40:28Z</time></trkpt>
      <trkpt lat="48.936903" lon="1.960037"><ele>106.1</ele><time>2025-09-20T09:40:29Z</time></trkpt>
      <trkpt lat="48.937019" lon="1.959777"><ele>105.7</ele><time>2025-09-20T09:40:30Z</time></trkpt>
      <trkpt lat="48.937136" lon="1.959518"><ele>105.5</ele><time>2025-09-20T09:40:31Z</time></trkpt>
      <trkpt lat="48.937257" lon="1.959259"><ele>105.2</ele><time>2025-09-20T09:40:32Z</time></trkpt>
      <trkpt lat="48.937381" lon="1.958999"><ele>104.8</ele><time>2025-09-20T09:40:33Z</time></trkpt>
      <trkpt lat="48.937507" lon="1.958740"><ele>104.4</ele><time>2025-09-20T09:40:34Z</time></trkpt>
      <trkpt lat="48.937633" lon="1.958486"><ele>104.0</ele><time>2025-09-20T09:40:35Z</time></trkpt>
      <trkpt lat="48.937761" lon="1.958235"><ele>103.8</ele><time>2025-09-20T09:40:36Z</time></trkpt>
      <trkpt lat="48.937890" lon="1.957988"><ele>103.2</ele><time>2025-09-20T09:40:37Z</time></trkpt>
      <trkpt lat="48.938020" lon="1.957745"><ele>102.6</ele><time>2025-09-20T09:40:38Z</time></trkpt>
      <trkpt lat="48.938152" lon="1.957504"><ele>102.4</ele><time>2025-09-20T09:40:39Z</time></trkpt>
      <trkpt lat="48.938285" lon="1.957264"><ele>102.0</ele><time>2025-09-20T09:40:40Z</time></trkpt>
      <trkpt lat="48.938422" lon="1.957026"><ele>101.6</ele><time>2025-09-20T09:40:41Z</time></trkpt>
      <trkpt lat="48.938563" lon="1.956788"><ele>101.4</ele><time>2025-09-20T09:40:42Z</time></trkpt>
      <trkpt lat="48.938706" lon="1.956551"><ele>101.0</ele><time>2025-09-20T09:40:43Z</time></trkpt>
      <trkpt lat="48.938849" lon="1.956313"><ele>100.8</ele><time>2025-09-20T09:40:44Z</time></trkpt>
      <trkpt lat="48.938997" lon="1.956075"><ele>100.6</ele><time>2025-09-20T09:40:45Z</time></trkpt>
      <trkpt lat="48.939149" lon="1.955838"><ele>100.4</ele><time>2025-09-20T09:40:46Z</time></trkpt>
      <trkpt lat="48.939306" lon="1.955605"><ele>100.5</ele><time>2025-09-20T09:40:47Z</time></trkpt>
      <trkpt lat="48.939456" lon="1.955363"><ele>100.2</ele><time>2025-09-20T09:40:48Z</time></trkpt>
      <trkpt lat="48.939614" lon="1.955125"><ele>99.6</ele><time>2025-09-20T09:40:49Z</time></trkpt>
      <trkpt lat="48.939780" lon="1.954889"><ele>99.6</ele><time>2025-09-20T09:40:50Z</time></trkpt>
      <trkpt lat="48.939947" lon="1.954656"><ele>99.6</ele><time>2025-09-20T09:40:51Z</time></trkpt>
      <trkpt lat="48.940122" lon="1.954422"><ele>99.4</ele><time>2025-09-20T09:40:52Z</time></trkpt>
      <trkpt lat="48.940302" lon="1.954191"><ele>98.9</ele><time>2025-09-20T09:40:53Z</time></trkpt>
      <trkpt lat="48.940482" lon="1.953959"><ele>98.8</ele><time>2025-09-20T09:40:54Z</time></trkpt>
      <trkpt lat="48.940665" lon="1.953732"><ele>99.0</ele><time>2025-09-20T09:40:55Z</time></trkpt>
      <trkpt lat="48.940853" lon="1.953509"><ele>98.9</ele><time>2025-09-20T09:40:56Z</time></trkpt>
      <trkpt lat="48.941042" lon="1.953291"><ele>99.5</ele><time>2025-09-20T09:40:57Z</time></trkpt>
      <trkpt lat="48.941236" lon="1.953072"><ele>99.3</ele><time>2025-09-20T09:40:58Z</time></trkpt>
      <trkpt lat="48.941432" lon="1.952857"><ele>99.3</ele><time>2025-09-20T09:40:59Z</time></trkpt>
      <trkpt lat="48.941631" lon="1.952643"><ele>99.1</ele><time>2025-09-20T09:41:00Z</time></trkpt>
      <trkpt lat="48.941832" lon="1.952434"><ele>99.0</ele><time>2025-09-20T09:41:01Z</time></trkpt>
      <trkpt lat="48.942035" lon="1.952230"><ele>98.8</ele><time>2025-09-20T09:41:02Z</time></trkpt>
      <trkpt lat="48.942237" lon="1.952030"><ele>98.3</ele><time>2025-09-20T09:41:03Z</time></trkpt>
      <trkpt lat="48.942438" lon="1.951828"><ele>97.6</ele><time>2025-09-20T09:41:04Z</time></trkpt>
      <trkpt lat="48.942640" lon="1.951628"><ele>97.3</ele><time>2025-09-20T09:41:05Z</time></trkpt>
      <trkpt lat="48.942842" lon="1.951429"><ele>97.5</ele><time>2025-09-20T09:41:06Z</time></trkpt>
      <trkpt lat="48.943045" lon="1.951232"><ele>97.3</ele><time>2025-09-20T09:41:07Z</time></trkpt>
      <trkpt lat="48.943250" lon="1.951035"><ele>96.9</ele><time>2025-09-20T09:41:08Z</time></trkpt>
      <trkpt lat="48.943455" lon="1.950838"><ele>96.7</ele><time>2025-09-20T09:41:09Z</time></trkpt>
      <trkpt lat="48.943662" lon="1.950640"><ele>96.2</ele><time>2025-09-20T09:41:10Z</time></trkpt>
      <trkpt lat="48.943872" lon="1.950438"><ele>96.0</ele><time>2025-09-20T09:41:11Z</time></trkpt>
      <trkpt lat="48.944084" lon="1.950238"><ele>95.3</ele><time>2025-09-20T09:41:12Z</time></trkpt>
      <trkpt lat="48.944296" lon="1.950036"><ele>94.4</ele><time>2025-09-20T09:41:13Z</time></trkpt>
      <trkpt lat="48.944509" lon="1.949833"><ele>93.5</ele><time>2025-09-20T09:41:14Z</time></trkpt>
      <trkpt lat="48.944723" lon="1.949625"><ele>92.5</ele><time>2025-09-20T09:41:15Z</time></trkpt>
      <trkpt lat="48.944940" lon="1.949416"><ele>91.5</ele><time>2025-09-20T09:41:16Z</time></trkpt>
      <trkpt lat="48.945161" lon="1.949200"><ele>90.2</ele><time>2025-09-20T09:41:17Z</time></trkpt>
      <trkpt lat="48.945382" lon="1.948981"><ele>89.4</ele><time>2025-09-20T09:41:18Z</time></trkpt>
      <trkpt lat="48.945602" lon="1.948758"><ele>88.2</ele><time>2025-09-20T09:41:19Z</time></trkpt>
      <trkpt lat="48.945826" lon="1.948534"><ele>87.5</ele><time>2025-09-20T09:41:20Z</time></trkpt>
      <trkpt lat="48.946053" lon="1.948308"><ele>86.6</ele><time>2025-09-20T09:41:21Z</time></trkpt>
      <trkpt lat="48.946280" lon="1.948078"><ele>85.9</ele><time>2025-09-20T09:41:22Z</time></trkpt>
      <trkpt lat="48.946508" lon="1.947849"><ele>85.2</ele><time>2025-09-20T09:41:23Z</time></trkpt>
      <trkpt lat="48.946739" lon="1.947618"><ele>84.9</ele><time>2025-09-20T09:41:24Z</time></trkpt>
      <trkpt lat="48.946970" lon="1.947384"><ele>84.3</ele><time>2025-09-20T09:41:25Z</time></trkpt>
      <trkpt lat="48.947200" lon="1.947146"><ele>84.0</ele><time>2025-09-20T09:41:26Z</time></trkpt>
      <trkpt lat="48.947431" lon="1.946908"><ele>83.7</ele><time>2025-09-20T09:41:27Z</time></trkpt>
      <trkpt lat="48.947662" lon="1.946666"><ele>83.5</ele><time>2025-09-20T09:41:28Z</time></trkpt>
      <trkpt lat="48.947892" lon="1.946421"><ele>83.4</ele><time>2025-09-20T09:41:29Z</time></trkpt>
      <trkpt lat="48.948124" lon="1.946175"><ele>83.4</ele><time>2025-09-20T09:41:30Z</time></trkpt>
      <trkpt lat="48.948358" lon="1.945929"><ele>83.4</ele><time>2025-09-20T09:41:31Z</time></trkpt>
      <trkpt lat="48.948592" lon="1.945680"><ele>83.6</ele><time>2025-09-20T09:41:32Z</time></trkpt>
      <trkpt lat="48.948827" lon="1.945427"><ele>84.2</ele><time>2025-09-20T09:41:33Z</time></trkpt>
      <trkpt lat="48.949061" lon="1.945174"><ele>84.5</ele><time>2025-09-20T09:41:34Z</time></trkpt>
      <trkpt lat="48.949296" lon="1.944916"><ele>84.8</ele><time>2025-09-20T09:41:35Z</time></trkpt>
      <trkpt lat="48.949531" lon="1.944654"><ele>85.1</ele><time>2025-09-20T09:41:36Z</time></trkpt>
      <trkpt lat="48.949764" lon="1.944392"><ele>85.4</ele><time>2025-09-20T09:41:37Z</time></trkpt>
      <trkpt lat="48.949995" lon="1.944133"><ele>85.6</ele><time>2025-09-20T09:41:38Z</time></trkpt>
      <trkpt lat="48.950224" lon="1.943875"><ele>85.7</ele><time>2025-09-20T09:41:39Z</time></trkpt>
      <trkpt lat="48.950454" lon="1.943615"><ele>85.9</ele><time>2025-09-20T09:41:40Z</time></trkpt>
      <trkpt lat="48.950685" lon="1.943356"><ele>86.3</ele><time>2025-09-20T09:41:41Z</time></trkpt>
      <trkpt lat="48.950913" lon="1.943095"><ele>86.7</ele><time>2025-09-20T09:41:42Z</time></trkpt>
      <trkpt lat="48.951142" lon="1.942828"><ele>87.0</ele><time>2025-09-20T09:41:43Z</time></trkpt>
      <trkpt lat="48.951369" lon="1.942558"><ele>87.3</ele><time>2025-09-20T09:41:44Z</time></trkpt>
      <trkpt lat="48.951595" lon="1.942290"><ele>87.4</ele><time>2025-09-20T09:41:45Z</time></trkpt>
      <trkpt lat="48.951816" lon="1.942027"><ele>87.5</ele><time>2025-09-20T09:41:46Z</time></trkpt>
      <trkpt lat="48.952035" lon="1.941766"><ele>87.7</ele><time>2025-09-20T09:41:47Z</time></trkpt>
      <trkpt lat="48.952252" lon="1.941511"><ele>88.0</ele><time>2025-09-20T09:41:48Z</time></trkpt>
      <trkpt lat="48.952470" lon="1.941249"><ele>88.2</ele><time>2025-09-20T09:41:49Z</time></trkpt>
      <trkpt lat="48.952685" lon="1.940988"><ele>88.4</ele><time>2025-09-20T09:41:50Z</time></trkpt>
      <trkpt lat="48.952902" lon="1.940721"><ele>88.6</ele><time>2025-09-20T09:41:51Z</time></trkpt>
      <trkpt lat="48.953119" lon="1.940455"><ele>89.1</ele><time>2025-09-20T09:41:52Z</time></trkpt>
      <trkpt lat="48.953338" lon="1.940186"><ele>89.2</ele><time>2025-09-20T09:41:53Z</time></trkpt>
      <trkpt lat="48.953557" lon="1.939914"><ele>89.3</ele><time>2025-09-20T09:41:54Z</time></trkpt>
      <trkpt lat="48.953776" lon="1.939638"><ele>89.4</ele><time>2025-09-20T09:41:55Z</time></trkpt>
      <trkpt lat="48.953996" lon="1.939358"><ele>89.8</ele><time>2025-09-20T09:41:56Z</time></trkpt>
      <trkpt lat="48.954216" lon="1.939076"><ele>90.1</ele><time>2025-09-20T09:41:57Z</time></trkpt>
      <trkpt lat="48.954439" lon="1.938794"><ele>90.3</ele><time>2025-09-20T09:41:58Z</time></trkpt>
      <trkpt lat="48.954663" lon="1.938508"><ele>90.5</ele><time>2025-09-20T09:41:59Z</time></trkpt>
      <trkpt lat="48.954890" lon="1.938219"><ele>90.4</ele><time>2025-09-20T09:42:00Z</time></trkpt>
      <trkpt lat="48.955113" lon="1.937924"><ele>90.9</ele><time>2025-09-20T09:42:01Z</time></trkpt>
      <trkpt lat="48.955341" lon="1.937627"><ele>90.7</ele><time>2025-09-20T09:42:02Z</time></trkpt>
      <trkpt lat="48.955571" lon="1.937324"><ele>90.7</ele><time>2025-09-20T09:42:03Z</time></trkpt>
      <trkpt lat="48.955799" lon="1.937021"><ele>90.7</ele><time>2025-09-20T09:42:04Z</time></trkpt>
      <trkpt lat="48.956031" lon="1.936714"><ele>90.4</ele><time>2025-09-20T09:42:05Z</time></trkpt>
      <trkpt lat="48.956262" lon="1.936405"><ele>90.0</ele><time>2025-09-20T09:42:06Z</time></trkpt>
      <trkpt lat="48.956493" lon="1.936095"><ele>89.8</ele><time>2025-09-20T09:42:07Z</time></trkpt>
      <trkpt lat="48.956726" lon="1.935790"><ele>89.2</ele><time>2025-09-20T09:42:08Z</time></trkpt>
      <trkpt lat="48.956959" lon="1.935484"><ele>88.3</ele><time>2025-09-20T09:42:09Z</time></trkpt>
      <trkpt lat="48.957190" lon="1.935177"><ele>87.6</ele><time>2025-09-20T09:42:10Z</time></trkpt>
      <trkpt lat="48.957420" lon="1.934871"><ele>86.7</ele><time>2025-09-20T09:42:11Z</time></trkpt>
      <trkpt lat="48.957648" lon="1.934570"><ele>85.7</ele><time>2025-09-20T09:42:12Z</time></trkpt>
      <trkpt lat="48.957875" lon="1.934269"><ele>84.7</ele><time>2025-09-20T09:42:13Z</time></trkpt>
      <trkpt lat="48.958091" lon="1.933960"><ele>83.6</ele><time>2025-09-20T09:42:14Z</time></trkpt>
      <trkpt lat="48.958313" lon="1.933662"><ele>82.5</ele><time>2025-09-20T09:42:15Z</time></trkpt>
      <trkpt lat="48.958537" lon="1.933368"><ele>81.6</ele><time>2025-09-20T09:42:16Z</time></trkpt>
      <trkpt lat="48.958759" lon="1.933077"><ele>80.6</ele><time>2025-09-20T09:42:17Z</time></trkpt>
      <trkpt lat="48.958982" lon="1.932785"><ele>79.5</ele><time>2025-09-20T09:42:18Z</time></trkpt>
      <trkpt lat="48.959202" lon="1.932495"><ele>78.4</ele><time>2025-09-20T09:42:19Z</time></trkpt>
      <trkpt lat="48.959423" lon="1.932203"><ele>77.4</ele><time>2025-09-20T09:42:20Z</time></trkpt>
      <trkpt lat="48.959646" lon="1.931909"><ele>76.1</ele><time>2025-09-20T09:42:21Z</time></trkpt>
      <trkpt lat="48.959869" lon="1.931613"><ele>75.2</ele><time>2025-09-20T09:42:22Z</time></trkpt>
      <trkpt lat="48.960093" lon="1.931315"><ele>74.3</ele><time>2025-09-20T09:42:23Z</time></trkpt>
      <trkpt lat="48.960316" lon="1.931018"><ele>73.1</ele><time>2025-09-20T09:42:24Z</time></trkpt>
      <trkpt lat="48.960540" lon="1.930719"><ele>72.0</ele><time>2025-09-20T09:42:25Z</time></trkpt>
      <trkpt lat="48.960766" lon="1.930422"><ele>70.7</ele><time>2025-09-20T09:42:26Z</time></trkpt>
      <trkpt lat="48.960995" lon="1.930122"><ele>69.1</ele><time>2025-09-20T09:42:27Z</time></trkpt>
      <trkpt lat="48.961223" lon="1.929820"><ele>67.8</ele><time>2025-09-20T09:42:28Z</time></trkpt>
      <trkpt lat="48.961452" lon="1.929522"><ele>66.4</ele><time>2025-09-20T09:42:29Z</time></trkpt>
      <trkpt lat="48.961680" lon="1.929225"><ele>65.3</ele><time>2025-09-20T09:42:30Z</time></trkpt>
      <trkpt lat="48.961906" lon="1.928925"><ele>64.3</ele><time>2025-09-20T09:42:31Z</time></trkpt>
      <trkpt lat="48.962133" lon="1.928625"><ele>63.0</ele><time>2025-09-20T09:42:32Z</time></trkpt>
      <trkpt lat="48.962359" lon="1.928327"><ele>61.8</ele><time>2025-09-20T09:42:33Z</time></trkpt>
      <trkpt lat="48.962586" lon="1.928028"><ele>60.4</ele><time>2025-09-20T09:42:34Z</time></trkpt>
      <trkpt lat="48.962812" lon="1.927730"><ele>59.3</ele><time>2025-09-20T09:42:35Z</time></trkpt>
      <trkpt lat="48.963037" lon="1.927431"><ele>58.1</ele><time>2025-09-20T09:42:36Z</time></trkpt>
      <trkpt lat="48.963262" lon="1.927134"><ele>56.8</ele><time>2025-09-20T09:42:37Z</time></trkpt>
      <trkpt lat="48.963487" lon="1.926835"><ele>55.5</ele><time>2025-09-20T09:42:38Z</time></trkpt>
      <trkpt lat="48.963712" lon="1.926539"><ele>54.5</ele><time>2025-09-20T09:42:39Z</time></trkpt>
      <trkpt lat="48.963937" lon="1.926242"><ele>53.3</ele><time>2025-09-20T09:42:40Z</time></trkpt>
      <trkpt lat="48.964158" lon="1.925950"><ele>52.3</ele><time>2025-09-20T09:42:41Z</time></trkpt>
      <trkpt lat="48.964383" lon="1.925655"><ele>51.1</ele><time>2025-09-20T09:42:42Z</time></trkpt>
      <trkpt lat="48.964602" lon="1.925357"><ele>50.0</ele><time>2025-09-20T09:42:43Z</time></trkpt>
      <trkpt lat="48.964823" lon="1.925055"><ele>48.7</ele><time>2025-09-20T09:42:44Z</time></trkpt>
      <trkpt lat="48.965039" lon="1.924752"><ele>47.6</ele><time>2025-09-20T09:42:45Z</time></trkpt>
      <trkpt lat="48.965255" lon="1.924443"><ele>46.5</ele><time>2025-09-20T09:42:46Z</time></trkpt>
      <trkpt lat="48.965466" lon="1.924132"><ele>45.9</ele><time>2025-09-20T09:42:47Z</time></trkpt>
      <trkpt lat="48.965678" lon="1.923811"><ele>44.8</ele><time>2025-09-20T09:42:48Z</time></trkpt>
      <trkpt lat="48.965885" lon="1.923482"><ele>44.1</ele><time>2025-09-20T09:42:49Z</time></trkpt>
      <trkpt lat="48.966091" lon="1.923148"><ele>43.1</ele><time>2025-09-20T09:42:50Z</time></trkpt>
      <trkpt lat="48.966292" lon="1.922810"><ele>42.5</ele><time>2025-09-20T09:42:51Z</time></trkpt>
      <trkpt lat="48.966493" lon="1.922477"><ele>42.0</ele><time>2025-09-20T09:42:52Z</time></trkpt>
      <trkpt lat="48.966696" lon="1.922139"><ele>41.0</ele><time>2025-09-20T09:42:53Z</time></trkpt>
      <trkpt lat="48.966884" lon="1.921788"><ele>40.7</ele><time>2025-09-20T09:42:54Z</time></trkpt>
      <trkpt lat="48.967064" lon="1.921430"><ele>41.0</ele><time>2025-09-20T09:42:55Z</time></trkpt>
      <trkpt lat="48.967245" lon="1.921067"><ele>40.8</ele><time>2025-09-20T09:42:56Z</time></trkpt>
      <trkpt lat="48.967420" lon="1.920698"><ele>40.9</ele><time>2025-09-20T09:42:57Z</time></trkpt>
      <trkpt lat="48.967591" lon="1.920323"><ele>40.3</ele><time>2025-09-20T09:42:58Z</time></trkpt>
      <trkpt lat="48.967756" lon="1.919945"><ele>40.4</ele><time>2025-09-20T09:42:59Z</time></trkpt>
      <trkpt lat="48.967918" lon="1.919559"><ele>40.2</ele><time>2025-09-20T09:43:00Z</time></trkpt>
      <trkpt lat="48.968075" lon="1.919167"><ele>40.1</ele><time>2025-09-20T09:43:01Z</time></trkpt>
      <trkpt lat="48.968228" lon="1.918767"><ele>39.7</ele><time>2025-09-20T09:43:02Z</time></trkpt>
      <trkpt lat="48.968376" lon="1.918358"><ele>39.7</ele><time>2025-09-20T09:43:03Z</time></trkpt>
      <trkpt lat="48.968518" lon="1.917944"><ele>39.5</ele><time>2025-09-20T09:43:04Z</time></trkpt>
      <trkpt lat="48.968656" lon="1.917522"><ele>39.4</ele><time>2025-09-20T09:43:05Z</time></trkpt>
      <trkpt lat="48.968790" lon="1.917096"><ele>39.2</ele><time>2025-09-20T09:43:06Z</time></trkpt>
      <trkpt lat="48.968919" lon="1.916666"><ele>39.0</ele><time>2025-09-20T09:43:07Z</time></trkpt>
      <trkpt lat="48.969046" lon="1.916232"><ele>38.8</ele><time>2025-09-20T09:43:08Z</time></trkpt>
      <trkpt lat="48.969167" lon="1.915795"><ele>38.3</ele><time>2025-09-20T09:43:09Z</time></trkpt>
      <trkpt lat="48.969283" lon="1.915350"><ele>38.1</ele><time>2025-09-20T09:43:10Z</time></trkpt>
      <trkpt lat="48.969393" lon="1.914899"><ele>38.1</ele><time>2025-09-20T09:43:11Z</time></trkpt>
      <trkpt lat="48.969495" lon="1.914443"><ele>37.9</ele><time>2025-09-20T09:43:12Z</time></trkpt>
      <trkpt lat="48.969594" lon="1.913985"><ele>37.7</ele><time>2025-09-20T09:43:13Z</time></trkpt>
      <trkpt lat="48.969687" lon="1.913524"><ele>37.6</ele><time>2025-09-20T09:43:14Z</time></trkpt>
      <trkpt lat="48.969774" lon="1.913059"><ele>37.5</ele><time>2025-09-20T09:43:15Z</time></trkpt>
      <trkpt lat="48.969855" lon="1.912593"><ele>37.3</ele><time>2025-09-20T09:43:16Z</time></trkpt>
      <trkpt lat="48.969931" lon="1.912123"><ele>37.1</ele><time>2025-09-20T09:43:17Z</time></trkpt>
      <trkpt lat="48.970002" lon="1.911651"><ele>37.0</ele><time>2025-09-20T09:43:18Z</time></trkpt>
      <trkpt lat="48.970064" lon="1.911173"><ele>37.5</ele><time>2025-09-20T09:43:19Z</time></trkpt>
      <trkpt lat="48.970120" lon="1.910694"><ele>37.9</ele><time>2025-09-20T09:43:20Z</time></trkpt>
      <trkpt lat="48.970172" lon="1.910217"><ele>38.3</ele><time>2025-09-20T09:43:21Z</time></trkpt>
      <trkpt lat="48.970219" lon="1.909737"><ele>38.6</ele><time>2025-09-20T09:43:22Z</time></trkpt>
      <trkpt lat="48.970258" lon="1.909255"><ele>39.0</ele><time>2025-09-20T09:43:23Z</time></trkpt>
      <trkpt lat="48.970291" lon="1.908774"><ele>39.5</ele><time>2025-09-20T09:43:24Z</time></trkpt>
      <trkpt lat="48.970316" lon="1.908290"><ele>39.9</ele><time>2025-09-20T09:43:25Z</time></trkpt>
      <trkpt lat="48.970334" lon="1.907807"><ele>40.4</ele><time>2025-09-20T09:43:26Z</time></trkpt>
      <trkpt lat="48.970349" lon="1.907323"><ele>41.0</ele><time>2025-09-20T09:43:27Z</time></trkpt>
      <trkpt lat="48.970371" lon="1.906845"><ele>41.5</ele><time>2025-09-20T09:43:28Z</time></trkpt>
      <trkpt lat="48.970378" lon="1.906362"><ele>42.0</ele><time>2025-09-20T09:43:29Z</time></trkpt>
      <trkpt lat="48.970382" lon="1.905883"><ele>42.3</ele><time>2025-09-20T09:43:30Z</time></trkpt>
      <trkpt lat="48.970387" lon="1.905401"><ele>42.6</ele><time>2025-09-20T09:43:31Z</time></trkpt>
      <trkpt lat="48.970393" lon="1.904918"><ele>43.3</ele><time>2025-09-20T09:43:32Z</time></trkpt>
      <trkpt lat="48.970396" lon="1.904433"><ele>43.1</ele><time>2025-09-20T09:43:33Z</time></trkpt>
      <trkpt lat="48.970402" lon="1.903949"><ele>43.7</ele><time>2025-09-20T09:43:34Z</time></trkpt>
      <trkpt lat="48.970405" lon="1.903469"><ele>43.9</ele><time>2025-09-20T09:43:35Z</time></trkpt>
      <trkpt lat="48.970416" lon="1.902987"><ele>43.9</ele><time>2025-09-20T09:43:36Z</time></trkpt>
      <trkpt lat="48.970424" lon="1.902506"><ele>44.2</ele><time>2025-09-20T09:43:37Z</time></trkpt>
      <trkpt lat="48.970434" lon="1.902022"><ele>44.8</ele><time>2025-09-20T09:43:38Z</time></trkpt>
      <trkpt lat="48.970438" lon="1.901541"><ele>45.2</ele><time>2025-09-20T09:43:39Z</time></trkpt>
      <trkpt lat="48.970445" lon="1.901062"><ele>45.6</ele><time>2025-09-20T09:43:40Z</time></trkpt>
      <trkpt lat="48.970450" lon="1.900580"><ele>46.1</ele><time>2025-09-20T09:43:41Z</time></trkpt>
      <trkpt lat="48.970456" lon="1.900101"><ele>46.3</ele><time>2025-09-20T09:43:42Z</time></trkpt>
      <trkpt lat="48.970461" lon="1.899623"><ele>46.3</ele><time>2025-09-20T09:43:43Z</time></trkpt>
      <trkpt lat="48.970469" lon="1.899143"><ele>46.4</ele><time>2025-09-20T09:43:44Z</time></trkpt>
      <trkpt lat="48.970471" lon="1.898666"><ele>46.2</ele><time>2025-09-20T09:43:45Z</time></trkpt>
      <trkpt lat="48.970476" lon="1.898191"><ele>45.9</ele><time>2025-09-20T09:43:46Z</time></trkpt>
      <trkpt lat="48.970484" lon="1.897714"><ele>45.8</ele><time>2025-09-20T09:43:47Z</time></trkpt>
      <trkpt lat="48.970488" lon="1.897241"><ele>45.5</ele><time>2025-09-20T09:43:48Z</time></trkpt>
      <trkpt lat="48.970493" lon="1.896767"><ele>45.1</ele><time>2025-09-20T09:43:49Z</time></trkpt>
      <trkpt lat="48.970501" lon="1.896294"><ele>44.9</ele><time>2025-09-20T09:43:50Z</time></trkpt>
      <trkpt lat="48.970507" lon="1.895817"><ele>44.8</ele><time>2025-09-20T09:43:51Z</time></trkpt>
      <trkpt lat="48.970513" lon="1.895345"><ele>44.6</ele><time>2025-09-20T09:43:52Z</time></trkpt>
      <trkpt lat="48.970519" lon="1.894874"><ele>44.6</ele><time>2025-09-20T09:43:53Z</time></trkpt>
      <trkpt lat="48.970524" lon="1.894405"><ele>44.4</ele><time>2025-09-20T09:43:54Z</time></trkpt>
      <trkpt lat="48.970527" lon="1.893940"><ele>44.2</ele><time>2025-09-20T09:43:55Z</time></trkpt>
      <trkpt lat="48.970532" lon="1.893472"><ele>44.0</ele><time>2025-09-20T09:43:56Z</time></trkpt>
      <trkpt lat="48.970538" lon="1.893004"><ele>43.8</ele><time>2025-09-20T09:43:57Z</time></trkpt>
      <trkpt lat="48.970545" lon="1.892537"><ele>43.7</ele><time>2025-09-20T09:43:58Z</time></trkpt>
      <trkpt lat="48.970549" lon="1.892073"><ele>43.5</ele><time>2025-09-20T09:43:59Z</time></trkpt>
      <trkpt lat="48.970550" lon="1.891609"><ele>43.6</ele><time>2025-09-20T09:44:00Z</time></trkpt>
      <trkpt lat="48.970553" lon="1.891143"><ele>43.2</ele><time>2025-09-20T09:44:01Z</time></trkpt>
      <trkpt lat="48.970558" lon="1.890676"><ele>43.3</ele><time>2025-09-20T09:44:02Z</time></trkpt>
      <trkpt lat="48.970564" lon="1.890204"><ele>43.1</ele><time>2025-09-20T09:44:03Z</time></trkpt>
      <trkpt lat="48.970567" lon="1.889730"><ele>42.9</ele><time>2025-09-20T09:44:04Z</time></trkpt>
      <trkpt lat="48.970572" lon="1.889255"><ele>42.4</ele><time>2025-09-20T09:44:05Z</time></trkpt>
      <trkpt lat="48.970580" lon="1.888776"><ele>42.0</ele><time>2025-09-20T09:44:06Z</time></trkpt>
      <trkpt lat="48.970589" lon="1.888305"><ele>41.4</ele><time>2025-09-20T09:44:07Z</time></trkpt>
      <trkpt lat="48.970592" lon="1.887837"><ele>41.0</ele><time>2025-09-20T09:44:08Z</time></trkpt>
      <trkpt lat="48.970596" lon="1.887373"><ele>41.0</ele><time>2025-09-20T09:44:09Z</time></trkpt>
      <trkpt lat="48.970602" lon="1.886916"><ele>41.0</ele><time>2025-09-20T09:44:10Z</time></trkpt>
      <trkpt lat="48.970607" lon="1.886458"><ele>41.0</ele><time>2025-09-20T09:44:11Z</time></trkpt>
      <trkpt lat="48.970613" lon="1.885998"><ele>40.8</ele><time>2025-09-20T09:44:12Z</time></trkpt>
      <trkpt lat="48.970619" lon="1.885540"><ele>40.6</ele><time>2025-09-20T09:44:13Z</time></trkpt>
      <trkpt lat="48.970624" lon="1.885083"><ele>40.3</ele><time>2025-09-20T09:44:14Z</time></trkpt>
      <trkpt lat="48.970629" lon="1.884623"><ele>39.8</ele><time>2025-09-20T09:44:15Z</time></trkpt>
      <trkpt lat="48.970636" lon="1.884162"><ele>39.7</ele><time>2025-09-20T09:44:16Z</time></trkpt>
      <trkpt lat="48.970640" lon="1.883699"><ele>39.2</ele><time>2025-09-20T09:44:17Z</time></trkpt>
      <trkpt lat="48.970646" lon="1.883232"><ele>38.7</ele><time>2025-09-20T09:44:18Z</time></trkpt>
      <trkpt lat="48.970657" lon="1.882764"><ele>38.4</ele><time>2025-09-20T09:44:19Z</time></trkpt>
      <trkpt lat="48.970664" lon="1.882291"><ele>38.1</ele><time>2025-09-20T09:44:20Z</time></trkpt>
      <trkpt lat="48.970672" lon="1.881821"><ele>38.0</ele><time>2025-09-20T09:44:21Z</time></trkpt>
      <trkpt lat="48.970678" lon="1.881345"><ele>37.7</ele><time>2025-09-20T09:44:22Z</time></trkpt>
      <trkpt lat="48.970675" lon="1.880872"><ele>36.6</ele><time>2025-09-20T09:44:23Z</time></trkpt>
      <trkpt lat="48.970673" lon="1.880397"><ele>36.2</ele><time>2025-09-20T09:44:24Z</time></trkpt>
      <trkpt lat="48.970666" lon="1.879917"><ele>35.4</ele><time>2025-09-20T09:44:25Z</time></trkpt>
      <trkpt lat="48.970654" lon="1.879435"><ele>35.2</ele><time>2025-09-20T09:44:26Z</time></trkpt>
      <trkpt lat="48.970652" lon="1.878950"><ele>35.6</ele><time>2025-09-20T09:44:27Z</time></trkpt>
      <trkpt lat="48.970642" lon="1.878468"><ele>34.8</ele><time>2025-09-20T09:44:28Z</time></trkpt>
      <trkpt lat="48.970630" lon="1.877984"><ele>34.5</ele><time>2025-09-20T09:44:29Z</time></trkpt>
      <trkpt lat="48.970619" lon="1.877500"><ele>34.2</ele><time>2025-09-20T09:44:30Z</time></trkpt>
      <trkpt lat="48.970601" lon="1.877013"><ele>34.2</ele><time>2025-09-20T09:44:31Z</time></trkpt>
      <trkpt lat="48.970585" lon="1.876527"><ele>34.2</ele><time>2025-09-20T09:44:32Z</time></trkpt>
      <trkpt lat="48.970565" lon="1.876042"><ele>33.8</ele><time>2025-09-20T09:44:33Z</time></trkpt>
      <trkpt lat="48.970540" lon="1.875560"><ele>33.3</ele><time>2025-09-20T09:44:34Z</time></trkpt>
      <trkpt lat="48.970511" lon="1.875073"><ele>32.9</ele><time>2025-09-20T09:44:35Z</time></trkpt>
      <trkpt lat="48.970480" lon="1.874587"><ele>33.1</ele><time>2025-09-20T09:44:36Z</time></trkpt>
      <trkpt lat="48.970450" lon="1.874096"><ele>32.7</ele><time>2025-09-20T09:44:37Z</time></trkpt>
      <trkpt lat="48.970421" lon="1.873609"><ele>32.8</ele><time>2025-09-20T09:44:38Z</time></trkpt>
      <trkpt lat="48.970391" lon="1.873125"><ele>32.8</ele><time>2025-09-20T09:44:39Z</time></trkpt>
      <trkpt lat="48.970354" lon="1.872639"><ele>32.8</ele><time>2025-09-20T09:44:40Z</time></trkpt>
      <trkpt lat="48.970317" lon="1.872151"><ele>32.4</ele><time>2025-09-20T09:44:41Z</time></trkpt>
      <trkpt lat="48.970275" lon="1.871668"><ele>32.2</ele><time>2025-09-20T09:44:42Z</time></trkpt>
      <trkpt lat="48.970230" lon="1.871186"><ele>32.1</ele><time>2025-09-20T09:44:43Z</time></trkpt>
      <trkpt lat="48.970183" lon="1.870705"><ele>32.3</ele><time>2025-09-20T09:44:44Z</time></trkpt>
      <trkpt lat="48.970134" lon="1.870222"><ele>32.2</ele><time>2025-09-20T09:44:45Z</time></trkpt>
      <trkpt lat="48.970082" lon="1.869742"><ele>31.8</ele><time>2025-09-20T09:44:46Z</time></trkpt>
      <trkpt lat="48.970031" lon="1.869257"><ele>32.5</ele><time>2025-09-20T09:44:47Z</time></trkpt>
      <trkpt lat="48.969977" lon="1.868774"><ele>32.8</ele><time>2025-09-20T09:44:48Z</time></trkpt>
      <trkpt lat="48.969920" lon="1.868289"><ele>33.0</ele><time>2025-09-20T09:44:49Z</time></trkpt>
      <trkpt lat="48.969857" lon="1.867807"><ele>33.0</ele><time>2025-09-20T09:44:50Z</time></trkpt>
      <trkpt lat="48.969792" lon="1.867329"><ele>33.2</ele><time>2025-09-20T09:44:51Z</time></trkpt>
      <trkpt lat="48.969722" lon="1.866847"><ele>33.1</ele><time>2025-09-20T09:44:52Z</time></trkpt>
      <trkpt lat="48.969650" lon="1.866367"><ele>32.8</ele><time>2025-09-20T09:44:53Z</time></trkpt>
      <trkpt lat="48.969573" lon="1.865887"><ele>33.0</ele><time>2025-09-20T09:44:54Z</time></trkpt>
      <trkpt lat="48.969496" lon="1.865405"><ele>33.3</ele><time>2025-09-20T09:44:55Z</time></trkpt>
      <trkpt lat="48.969419" lon="1.864929"><ele>33.0</ele><time>2025-09-20T09:44:56Z</time></trkpt>
      <trkpt lat="48.969340" lon="1.864450"><ele>32.9</ele><time>2025-09-20T09:44:57Z</time></trkpt>
      <trkpt lat="48.969250" lon="1.863969"><ele>33.1</ele><time>2025-09-20T09:44:58Z</time></trkpt>
      <trkpt lat="48.969162" lon="1.863494"><ele>33.1</ele><time>2025-09-20T09:44:59Z</time></trkpt>
      <trkpt lat="48.969073" lon="1.863018"><ele>33.0</ele><time>2025-09-20T09:45:00Z</time></trkpt>
      <trkpt lat="48.968983" lon="1.862544"><ele>32.8</ele><time>2025-09-20T09:45:01Z</time></trkpt>
      <trkpt lat="48.968889" lon="1.862081"><ele>33.2</ele><time>2025-09-20T09:45:02Z</time></trkpt>
      <trkpt lat="48.968795" lon="1.861627"><ele>33.2</ele><time>2025-09-20T09:45:03Z</time></trkpt>
      <trkpt lat="48.968700" lon="1.861177"><ele>33.1</ele><time>2025-09-20T09:45:04Z</time></trkpt>
      <trkpt lat="48.968601" lon="1.860726"><ele>33.3</ele><time>2025-09-20T09:45:05Z</time></trkpt>
      <trkpt lat="48.968504" lon="1.860282"><ele>33.1</ele><time>2025-09-20T09:45:06Z</time></trkpt>
      <trkpt lat="48.968408" lon="1.859849"><ele>32.6</ele><time>2025-09-20T09:45:07Z</time></trkpt>
      <trkpt lat="48.968310" lon="1.859423"><ele>32.2</ele><time>2025-09-20T09:45:08Z</time></trkpt>
      <trkpt lat="48.968211" lon="1.859002"><ele>31.6</ele><time>2025-09-20T09:45:09Z</time></trkpt>
      <trkpt lat="48.968110" lon="1.858585"><ele>31.2</ele><time>2025-09-20T09:45:10Z</time></trkpt>
      <trkpt lat="48.968007" lon="1.858169"><ele>30.9</ele><time>2025-09-20T09:45:11Z</time></trkpt>
      <trkpt lat="48.967903" lon="1.857754"><ele>30.7</ele><time>2025-09-20T09:45:12Z</time></trkpt>
      <trkpt lat="48.967797" lon="1.857342"><ele>30.5</ele><time>2025-09-20T09:45:13Z</time></trkpt>
      <trkpt lat="48.967690" lon="1.856932"><ele>30.4</ele><time>2025-09-20T09:45:14Z</time></trkpt>
      <trkpt lat="48.967585" lon="1.856526"><ele>30.3</ele><time>2025-09-20T09:45:15Z</time></trkpt>
      <trkpt lat="48.967479" lon="1.856124"><ele>30.3</ele><time>2025-09-20T09:45:16Z</time></trkpt>
      <trkpt lat="48.967372" lon="1.855726"><ele>30.4</ele><time>2025-09-20T09:45:17Z</time></trkpt>
      <trkpt lat="48.967264" lon="1.855333"><ele>30.3</ele><time>2025-09-20T09:45:18Z</time></trkpt>
      <trkpt lat="48.967157" lon="1.854945"><ele>30.3</ele><time>2025-09-20T09:45:19Z</time></trkpt>
      <trkpt lat="48.967050" lon="1.854558"><ele>30.1</ele><time>2025-09-20T09:45:20Z</time></trkpt>
      <trkpt lat="48.966942" lon="1.854177"><ele>30.3</ele><time>2025-09-20T09:45:21Z</time></trkpt>
      <trkpt lat="48.966834" lon="1.853799"><ele>30.4</ele><time>2025-09-20T09:45:22Z</time></trkpt>
      <trkpt lat="48.966726" lon="1.853421"><ele>30.4</ele><time>2025-09-20T09:45:23Z</time></trkpt>
      <trkpt lat="48.966616" lon="1.853041"><ele>30.5</ele><time>2025-09-20T09:45:24Z</time></trkpt>
      <trkpt lat="48.966508" lon="1.852664"><ele>30.6</ele><time>2025-09-20T09:45:25Z</time></trkpt>
      <trkpt lat="48.966401" lon="1.852293"><ele>30.3</ele><time>2025-09-20T09:45:26Z</time></trkpt>
      <trkpt lat="48.966293" lon="1.851920"><ele>30.4</ele><time>2025-09-20T09:45:27Z</time></trkpt>
      <trkpt lat="48.966182" lon="1.851546"><ele>30.5</ele><time>2025-09-20T09:45:28Z</time></trkpt>
      <trkpt lat="48.966073" lon="1.851170"><ele>30.5</ele><time>2025-09-20T09:45:29Z</time></trkpt>
      <trkpt lat="48.965964" lon="1.850793"><ele>30.5</ele><time>2025-09-20T09:45:30Z</time></trkpt>
      <trkpt lat="48.965856" lon="1.850418"><ele>30.3</ele><time>2025-09-20T09:45:31Z</time></trkpt>
      <trkpt lat="48.965747" lon="1.850044"><ele>30.6</ele><time>2025-09-20T09:45:32Z</time></trkpt>
      <trkpt lat="48.965640" lon="1.849673"><ele>30.6</ele><time>2025-09-20T09:45:33Z</time></trkpt>
      <trkpt lat="48.965532" lon="1.849301"><ele>30.8</ele><time>2025-09-20T09:45:34Z</time></trkpt>
      <trkpt lat="48.965423" lon="1.848925"><ele>30.8</ele><time>2025-09-20T09:45:35Z</time></trkpt>
      <trkpt lat="48.965314" lon="1.848550"><ele>30.9</ele><time>2025-09-20T09:45:36Z</time></trkpt>
      <trkpt lat="48.965205" lon="1.848175"><ele>30.8</ele><time>2025-09-20T09:45:37Z</time></trkpt>
      <trkpt lat="48.965096" lon="1.847803"><ele>30.6</ele><time>2025-09-20T09:45:38Z</time></trkpt>
      <trkpt lat="48.964990" lon="1.847432"><ele>30.4</ele><time>2025-09-20T09:45:39Z</time></trkpt>
      <trkpt lat="48.964883" lon="1.847060"><ele>30.2</ele><time>2025-09-20T09:45:40Z</time></trkpt>
      <trkpt lat="48.964777" lon="1.846687"><ele>29.9</ele><time>2025-09-20T09:45:41Z</time></trkpt>
      <trkpt lat="48.964674" lon="1.846308"><ele>29.7</ele><time>2025-09-20T09:45:42Z</time></trkpt>
      <trkpt lat="48.964570" lon="1.845922"><ele>29.6</ele><time>2025-09-20T09:45:43Z</time></trkpt>
      <trkpt lat="48.964466" lon="1.845533"><ele>29.3</ele><time>2025-09-20T09:45:44Z</time></trkpt>
      <trkpt lat="48.964366" lon="1.845149"><ele>29.2</ele><time>2025-09-20T09:45:45Z</time></trkpt>
      <trkpt lat="48.964272" lon="1.844781"><ele>29.1</ele><time>2025-09-20T09:45:46Z</time></trkpt>
      <trkpt lat="48.964186" lon="1.844424"><ele>28.8</ele><time>2025-09-20T09:45:47Z</time></trkpt>
      <trkpt lat="48.964104" lon="1.844070"><ele>28.8</ele><time>2025-09-20T09:45:48Z</time></trkpt>
      <trkpt lat="48.964029" lon="1.843720"><ele>28.5</ele><time>2025-09-20T09:45:49Z</time></trkpt>
      <trkpt lat="48.963956" lon="1.843375"><ele>28.3</ele><time>2025-09-20T09:45:50Z</time></trkpt>
      <trkpt lat="48.963887" lon="1.843038"><ele>28.1</ele><time>2025-09-20T09:45:51Z</time></trkpt>
      <trkpt lat="48.963825" lon="1.842716"><ele>28.0</ele><time>2025-09-20T09:45:52Z</time></trkpt>
      <trkpt lat="48.963767" lon="1.842408"><ele>27.8</ele><time>2025-09-20T09:45:53Z</time></trkpt>
      <trkpt lat="48.963714" lon="1.842109"><ele>27.5</ele><time>2025-09-20T09:45:54Z</time></trkpt>
      <trkpt lat="48.963663" lon="1.841813"><ele>27.4</ele><time>2025-09-20T09:45:55Z</time></trkpt>
      <trkpt lat="48.963617" lon="1.841518"><ele>27.2</ele><time>2025-09-20T09:45:56Z</time></trkpt>
      <trkpt lat="48.963572" lon="1.841223"><ele>27.1</ele><time>2025-09-20T09:45:57Z</time></trkpt>
      <trkpt lat="48.963529" lon="1.840925"><ele>26.9</ele><time>2025-09-20T09:45:58Z</time></trkpt>
      <trkpt lat="48.963487" lon="1.840625"><ele>26.8</ele><time>2025-09-20T09:45:59Z</time></trkpt>
      <trkpt lat="48.963446" lon="1.840322"><ele>26.7</ele><time>2025-09-20T09:46:00Z</time></trkpt>
      <trkpt lat="48.963407" lon="1.840022"><ele>26.7</ele><time>2025-09-20T09:46:01Z</time></trkpt>
      <trkpt lat="48.963372" lon="1.839722"><ele>26.6</ele><time>2025-09-20T09:46:02Z</time></trkpt>
      <trkpt lat="48.963340" lon="1.839424"><ele>26.5</ele><time>2025-09-20T09:46:03Z</time></trkpt>
      <trkpt lat="48.963309" lon="1.839123"><ele>26.4</ele><time>2025-09-20T09:46:04Z</time></trkpt>
      <trkpt lat="48.963281" lon="1.838818"><ele>26.3</ele><time>2025-09-20T09:46:05Z</time></trkpt>
      <trkpt lat="48.963254" lon="1.838510"><ele>26.2</ele><time>2025-09-20T09:46:06Z</time></trkpt>
      <trkpt lat="48.963232" lon="1.838200"><ele>26.0</ele><time>2025-09-20T09:46:07Z</time></trkpt>
      <trkpt lat="48.963212" lon="1.837887"><ele>25.9</ele><time>2025-09-20T09:46:08Z</time></trkpt>
      <trkpt lat="48.963193" lon="1.837577"><ele>25.6</ele><time>2025-09-20T09:46:09Z</time></trkpt>
      <trkpt lat="48.963173" lon="1.837268"><ele>25.3</ele><time>2025-09-20T09:46:10Z</time></trkpt>
      <trkpt lat="48.963154" lon="1.836955"><ele>25.0</ele><time>2025-09-20T09:46:11Z</time></trkpt>
      <trkpt lat="48.963143" lon="1.836642"><ele>25.0</ele><time>2025-09-20T09:46:12Z</time></trkpt>
      <trkpt lat="48.963134" lon="1.836334"><ele>24.9</ele><time>2025-09-20T09:46:13Z</time></trkpt>
      <trkpt lat="48.963129" lon="1.836028"><ele>24.8</ele><time>2025-09-20T09:46:14Z</time></trkpt>
      <trkpt lat="48.963124" lon="1.835725"><ele>24.7</ele><time>2025-09-20T09:46:15Z</time></trkpt>
      <trkpt lat="48.963125" lon="1.835427"><ele>24.5</ele><time>2025-09-20T09:46:16Z</time></trkpt>
      <trkpt lat="48.963129" lon="1.835133"><ele>24.4</ele><time>2025-09-20T09:46:17Z</time></trkpt>
      <trkpt lat="48.963132" lon="1.834842"><ele>24.2</ele><time>2025-09-20T09:46:18Z</time></trkpt>
      <trkpt lat="48.963136" lon="1.834555"><ele>24.1</ele><time>2025-09-20T09:46:19Z</time></trkpt>
      <trkpt lat="48.963143" lon="1.834268"><ele>23.8</ele><time>2025-09-20T09:46:20Z</time></trkpt>
      <trkpt lat="48.963152" lon="1.833989"><ele>23.5</ele><time>2025-09-20T09:46:21Z</time></trkpt>
      <trkpt lat="48.963162" lon="1.833716"><ele>23.7</ele><time>2025-09-20T09:46:22Z</time></trkpt>
      <trkpt lat="48.963172" lon="1.833447"><ele>23.7</ele><time>2025-09-20T09:46:23Z</time></trkpt>
      <trkpt lat="48.963183" lon="1.833188"><ele>24.2</ele><time>2025-09-20T09:46:24Z</time></trkpt>
      <trkpt lat="48.963194" lon="1.832936"><ele>24.2</ele><time>2025-09-20T09:46:25Z</time></trkpt>
      <trkpt lat="48.963204" lon="1.832691"><ele>24.1</ele><time>2025-09-20T09:46:26Z</time></trkpt>
      <trkpt lat="48.963220" lon="1.832453"><ele>24.3</ele><time>2025-09-20T09:46:27Z</time></trkpt>
      <trkpt lat="48.963236" lon="1.832216"><ele>24.8</ele><time>2025-09-20T09:46:28Z</time></trkpt>
      <trkpt lat="48.963252" lon="1.831977"><ele>25.0</ele><time>2025-09-20T09:46:29Z</time></trkpt>
      <trkpt lat="48.963271" lon="1.831733"><ele>25.3</ele><time>2025-09-20T09:46:30Z</time></trkpt>
      <trkpt lat="48.963291" lon="1.831489"><ele>25.4</ele><time>2025-09-20T09:46:31Z</time></trkpt>
      <trkpt lat="48.963313" lon="1.831250"><ele>25.5</ele><time>2025-09-20T09:46:32Z</time></trkpt>
      <trkpt lat="48.963336" lon="1.831015"><ele>25.4</ele><time>2025-09-20T09:46:33Z</time></trkpt>
      <trkpt lat="48.963362" lon="1.830784"><ele>25.5</ele><time>2025-09-20T09:46:34Z</time></trkpt>
      <trkpt lat="48.963386" lon="1.830556"><ele>25.6</ele><time>2025-09-20T09:46:35Z</time></trkpt>
      <trkpt lat="48.963410" lon="1.830330"><ele>26.2</ele><time>2025-09-20T09:46:36Z</time></trkpt>
      <trkpt lat="48.963434" lon="1.830106"><ele>26.6</ele><time>2025-09-20T09:46:37Z</time></trkpt>
      <trkpt lat="48.963462" lon="1.829884"><ele>27.3</ele><time>2025-09-20T09:46:38Z</time></trkpt>
      <trkpt lat="48.963489" lon="1.829668"><ele>27.5</ele><time>2025-09-20T09:46:39Z</time></trkpt>
      <trkpt lat="48.963514" lon="1.829456"><ele>27.9</ele><time>2025-09-20T09:46:40Z</time></trkpt>
      <trkpt lat="48.963537" lon="1.829254"><ele>28.2</ele><time>2025-09-20T09:46:41Z</time></trkpt>
      <trkpt lat="48.963558" lon="1.829070"><ele>28.8</ele><time>2025-09-20T09:46:42Z</time></trkpt>
      <trkpt lat="48.963578" lon="1.828900"><ele>29.1</ele><time>2025-09-20T09:46:43Z</time></trkpt>
      <trkpt lat="48.963599" lon="1.828740"><ele>29.4</ele><time>2025-09-20T09:46:44Z</time></trkpt>
      <trkpt lat="48.963617" lon="1.828593"><ele>29.7</ele><time>2025-09-20T09:46:45Z</time></trkpt>
      <trkpt lat="48.963635" lon="1.828454"><ele>29.9</ele><time>2025-09-20T09:46:46Z</time></trkpt>
      <trkpt lat="48.963655" lon="1.828316"><ele>30.2</ele><time>2025-09-20T09:46:47Z</time></trkpt>
      <trkpt lat="48.963676" lon="1.828177"><ele>30.6</ele><time>2025-09-20T09:46:48Z</time></trkpt>
      <trkpt lat="48.963693" lon="1.828041"><ele>30.8</ele><time>2025-09-20T09:46:49Z</time></trkpt>
      <trkpt lat="48.963712" lon="1.827906"><ele>30.9</ele><time>2025-09-20T09:46:50Z</time></trkpt>
      <trkpt lat="48.963731" lon="1.827774"><ele>31.1</ele><time>2025-09-20T09:46:51Z</time></trkpt>
      <trkpt lat="48.963749" lon="1.827642"><ele>31.4</ele><time>2025-09-20T09:46:52Z</time></trkpt>
      <trkpt lat="48.963766" lon="1.827509"><ele>32.0</ele><time>2025-09-20T09:46:53Z</time></trkpt>
      <trkpt lat="48.963784" lon="1.827382"><ele>32.1</ele><time>2025-09-20T09:46:54Z</time></trkpt>
      <trkpt lat="48.963801" lon="1.827248"><ele>32.4</ele><time>2025-09-20T09:46:55Z</time></trkpt>
      <trkpt lat="48.963822" lon="1.827111"><ele>32.7</ele><time>2025-09-20T09:46:56Z</time></trkpt>
      <trkpt lat="48.963841" lon="1.826969"><ele>32.8</ele><time>2025-09-20T09:46:57Z</time></trkpt>
      <trkpt lat="48.963862" lon="1.826822"><ele>33.0</ele><time>2025-09-20T09:46:58Z</time></trkpt>
      <trkpt lat="48.963887" lon="1.826665"><ele>33.0</ele><time>2025-09-20T09:46:59Z</time></trkpt>
      <trkpt lat="48.963911" lon="1.826496"><ele>33.3</ele><time>2025-09-20T09:47:00Z</time></trkpt>
      <trkpt lat="48.963940" lon="1.826318"><ele>33.4</ele><time>2025-09-20T09:47:01Z</time></trkpt>
      <trkpt lat="48.963966" lon="1.826120"><ele>34.0</ele><time>2025-09-20T09:47:02Z</time></trkpt>
      <trkpt lat="48.963999" lon="1.825918"><ele>34.0</ele><time>2025-09-20T09:47:03Z</time></trkpt>
      <trkpt lat="48.964036" lon="1.825704"><ele>34.3</ele><time>2025-09-20T09:47:04Z</time></trkpt>
      <trkpt lat="48.964072" lon="1.825478"><ele>34.5</ele><time>2025-09-20T09:47:05Z</time></trkpt>
      <trkpt lat="48.964109" lon="1.825241"><ele>34.9</ele><time>2025-09-20T09:47:06Z</time></trkpt>
      <trkpt lat="48.964147" lon="1.824994"><ele>34.8</ele><time>2025-09-20T09:47:07Z</time></trkpt>
      <trkpt lat="48.964183" lon="1.824732"><ele>35.3</ele><time>2025-09-20T09:47:08Z</time></trkpt>
      <trkpt lat="48.964224" lon="1.824466"><ele>35.3</ele><time>2025-09-20T09:47:09Z</time></trkpt>
      <trkpt lat="48.964264" lon="1.824187"><ele>35.3</ele><time>2025-09-20T09:47:10Z</time></trkpt>
      <trkpt lat="48.964306" lon="1.823895"><ele>35.4</ele><time>2025-09-20T09:47:11Z</time></trkpt>
      <trkpt lat="48.964352" lon="1.823599"><ele>35.2</ele><time>2025-09-20T09:47:12Z</time></trkpt>
      <trkpt lat="48.964397" lon="1.823287"><ele>35.4</ele><time>2025-09-20T09:47:13Z</time></trkpt>
      <trkpt lat="48.964445" lon="1.822969"><ele>35.3</ele><time>2025-09-20T09:47:14Z</time></trkpt>
      <trkpt lat="48.964495" lon="1.822642"><ele>35.2</ele><time>2025-09-20T09:47:15Z</time></trkpt>
      <trkpt lat="48.964545" lon="1.822310"><ele>35.1</ele><time>2025-09-20T09:47:16Z</time></trkpt>
      <trkpt lat="48.964597" lon="1.821967"><ele>34.9</ele><time>2025-09-20T09:47:17Z</time></trkpt>
      <trkpt lat="48.964650" lon="1.821614"><ele>34.7</ele><time>2025-09-20T09:47:18Z</time></trkpt>
      <trkpt lat="48.964702" lon="1.821252"><ele>34.6</ele><time>2025-09-20T09:47:19Z</time></trkpt>
      <trkpt lat="48.964756" lon="1.820887"><ele>34.1</ele><time>2025-09-20T09:47:20Z</time></trkpt>
      <trkpt lat="48.964811" lon="1.820518"><ele>33.7</ele><time>2025-09-20T09:47:21Z</time></trkpt>
      <trkpt lat="48.964869" lon="1.820145"><ele>33.3</ele><time>2025-09-20T09:47:22Z</time></trkpt>
      <trkpt lat="48.964928" lon="1.819765"><ele>32.8</ele><time>2025-09-20T09:47:23Z</time></trkpt>
      <trkpt lat="48.964986" lon="1.819378"><ele>32.4</ele><time>2025-09-20T09:47:24Z</time></trkpt>
      <trkpt lat="48.965046" lon="1.818983"><ele>32.0</ele><time>2025-09-20T09:47:25Z</time></trkpt>
      <trkpt lat="48.965106" lon="1.818581"><ele>31.5</ele><time>2025-09-20T09:47:26Z</time></trkpt>
      <trkpt lat="48.965169" lon="1.818173"><ele>30.9</ele><time>2025-09-20T09:47:27Z</time></trkpt>
      <trkpt lat="48.965230" lon="1.817756"><ele>30.4</ele><time>2025-09-20T09:47:28Z</time></trkpt>
      <trkpt lat="48.965293" lon="1.817337"><ele>29.8</ele><time>2025-09-20T09:47:29Z</time></trkpt>
      <trkpt lat="48.965351" lon="1.816912"><ele>29.1</ele><time>2025-09-20T09:47:30Z</time></trkpt>
      <trkpt lat="48.965408" lon="1.816486"><ele>28.4</ele><time>2025-09-20T09:47:31Z</time></trkpt>
      <trkpt lat="48.965462" lon="1.816054"><ele>27.9</ele><time>2025-09-20T09:47:32Z</time></trkpt>
      <trkpt lat="48.965513" lon="1.815618"><ele>27.4</ele><time>2025-09-20T09:47:33Z</time></trkpt>
      <trkpt lat="48.965561" lon="1.815179"><ele>26.9</ele><time>2025-09-20T09:47:34Z</time></trkpt>
      <trkpt lat="48.965602" lon="1.814732"><ele>26.8</ele><time>2025-09-20T09:47:35Z</time></trkpt>
      <trkpt lat="48.965644" lon="1.814283"><ele>26.3</ele><time>2025-09-20T09:47:36Z</time></trkpt>
      <trkpt lat="48.965680" lon="1.813829"><ele>25.8</ele><time>2025-09-20T09:47:37Z</time></trkpt>
      <trkpt lat="48.965708" lon="1.813370"><ele>25.5</ele><time>2025-09-20T09:47:38Z</time></trkpt>
      <trkpt lat="48.965732" lon="1.812909"><ele>25.0</ele><time>2025-09-20T09:47:39Z</time></trkpt>
      <trkpt lat="48.965750" lon="1.812444"><ele>24.8</ele><time>2025-09-20T09:47:40Z</time></trkpt>
      <trkpt lat="48.965761" lon="1.811974"><ele>24.9</ele><time>2025-09-20T09:47:41Z</time></trkpt>
      <trkpt lat="48.965775" lon="1.811498"><ele>24.9</ele><time>2025-09-20T09:47:42Z</time></trkpt>
      <trkpt lat="48.965777" lon="1.811023"><ele>24.8</ele><time>2025-09-20T09:47:43Z</time></trkpt>
      <trkpt lat="48.965776" lon="1.810549"><ele>24.7</ele><time>2025-09-20T09:47:44Z</time></trkpt>
      <trkpt lat="48.965767" lon="1.810073"><ele>24.6</ele><time>2025-09-20T09:47:45Z</time></trkpt>
      <trkpt lat="48.965751" lon="1.809594"><ele>24.5</ele><time>2025-09-20T09:47:46Z</time></trkpt>
      <trkpt lat="48.965731" lon="1.809114"><ele>24.7</ele><time>2025-09-20T09:47:47Z</time></trkpt>
      <trkpt lat="48.965706" lon="1.808638"><ele>24.8</ele><time>2025-09-20T09:47:48Z</time></trkpt>
      <trkpt lat="48.965679" lon="1.808169"><ele>24.6</ele><time>2025-09-20T09:47:49Z</time></trkpt>
      <trkpt lat="48.965642" lon="1.807699"><ele>24.6</ele><time>2025-09-20T09:47:50Z</time></trkpt>
      <trkpt lat="48.965601" lon="1.807233"><ele>24.6</ele><time>2025-09-20T09:47:51Z</time></trkpt>
      <trkpt lat="48.965556" lon="1.806765"><ele>24.6</ele><time>2025-09-20T09:47:52Z</time></trkpt>
      <trkpt lat="48.965507" lon="1.806299"><ele>24.6</ele><time>2025-09-20T09:47:53Z</time></trkpt>
      <trkpt lat="48.965452" lon="1.805839"><ele>24.6</ele><time>2025-09-20T09:47:54Z</time></trkpt>
      <trkpt lat="48.965397" lon="1.805387"><ele>24.5</ele><time>2025-09-20T09:47:55Z</time></trkpt>
      <trkpt lat="48.965340" lon="1.804940"><ele>24.5</ele><time>2025-09-20T09:47:56Z</time></trkpt>
      <trkpt lat="48.965281" lon="1.804498"><ele>24.5</ele><time>2025-09-20T09:47:57Z</time></trkpt>
      <trkpt lat="48.965220" lon="1.804061"><ele>24.3</ele><time>2025-09-20T09:47:58Z</time></trkpt>
      <trkpt lat="48.965157" lon="1.803624"><ele>24.0</ele><time>2025-09-20T09:47:59Z</time></trkpt>
      <trkpt lat="48.965093" lon="1.803180"><ele>24.0</ele><time>2025-09-20T09:48:00Z</time></trkpt>
      <trkpt lat="48.965029" lon="1.802737"><ele>24.1</ele><time>2025-09-20T09:48:01Z</time></trkpt>
      <trkpt lat="48.964965" lon="1.802301"><ele>24.2</ele><time>2025-09-20T09:48:02Z</time></trkpt>
      <trkpt lat="48.964902" lon="1.801868"><ele>24.4</ele><time>2025-09-20T09:48:03Z</time></trkpt>
      <trkpt lat="48.964839" lon="1.801439"><ele>24.4</ele><time>2025-09-20T09:48:04Z</time></trkpt>
      <trkpt lat="48.964779" lon="1.801014"><ele>24.5</ele><time>2025-09-20T09:48:05Z</time></trkpt>
      <trkpt lat="48.964721" lon="1.800589"><ele>24.5</ele><time>2025-09-20T09:48:06Z</time></trkpt>
      <trkpt lat="48.964666" lon="1.800162"><ele>24.4</ele><time>2025-09-20T09:48:07Z</time></trkpt>
      <trkpt lat="48.964613" lon="1.799731"><ele>24.5</ele><time>2025-09-20T09:48:08Z</time></trkpt>
      <trkpt lat="48.964562" lon="1.799297"><ele>24.6</ele><time>2025-09-20T09:48:09Z</time></trkpt>
      <trkpt lat="48.964515" lon="1.798860"><ele>24.8</ele><time>2025-09-20T09:48:10Z</time></trkpt>
      <trkpt lat="48.964470" lon="1.798425"><ele>24.7</ele><time>2025-09-20T09:48:11Z</time></trkpt>
      <trkpt lat="48.964420" lon="1.797990"><ele>24.6</ele><time>2025-09-20T09:48:12Z</time></trkpt>
      <trkpt lat="48.964373" lon="1.797559"><ele>24.5</ele><time>2025-09-20T09:48:13Z</time></trkpt>
      <trkpt lat="48.964330" lon="1.797126"><ele>24.5</ele><time>2025-09-20T09:48:14Z</time></trkpt>
      <trkpt lat="48.964290" lon="1.796694"><ele>24.4</ele><time>2025-09-20T09:48:15Z</time></trkpt>
      <trkpt lat="48.964253" lon="1.796258"><ele>24.2</ele><time>2025-09-20T09:48:16Z</time></trkpt>
      <trkpt lat="48.964216" lon="1.795817"><ele>24.2</ele><time>2025-09-20T09:48:17Z</time></trkpt>
      <trkpt lat="48.964181" lon="1.795373"><ele>23.8</ele><time>2025-09-20T09:48:18Z</time></trkpt>
      <trkpt lat="48.964149" lon="1.794925"><ele>23.4</ele><time>2025-09-20T09:48:19Z</time></trkpt>
      <trkpt lat="48.964120" lon="1.794477"><ele>23.7</ele><time>2025-09-20T09:48:20Z</time></trkpt>
      <trkpt lat="48.964089" lon="1.794029"><ele>23.6</ele><time>2025-09-20T09:48:21Z</time></trkpt>
      <trkpt lat="48.964059" lon="1.793578"><ele>23.7</ele><time>2025-09-20T09:48:22Z</time></trkpt>
      <trkpt lat="48.964038" lon="1.793128"><ele>23.4</ele><time>2025-09-20T09:48:23Z</time></trkpt>
      <trkpt lat="48.964017" lon="1.792680"><ele>23.1</ele><time>2025-09-20T09:48:24Z</time></trkpt>
      <trkpt lat="48.963997" lon="1.792231"><ele>23.1</ele><time>2025-09-20T09:48:25Z</time></trkpt>
      <trkpt lat="48.963986" lon="1.791778"><ele>23.4</ele><time>2025-09-20T09:48:26Z</time></trkpt>
      <trkpt lat="48.963973" lon="1.791332"><ele>23.4</ele><time>2025-09-20T09:48:27Z</time></trkpt>
      <trkpt lat="48.963963" lon="1.790888"><ele>23.4</ele><time>2025-09-20T09:48:28Z</time></trkpt>
      <trkpt lat="48.963953" lon="1.790443"><ele>23.6</ele><time>2025-09-20T09:48:29Z</time></trkpt>
      <trkpt lat="48.963944" lon="1.790000"><ele>23.7</ele><time>2025-09-20T09:48:30Z</time></trkpt>
      <trkpt lat="48.963939" lon="1.789556"><ele>23.8</ele><time>2025-09-20T09:48:31Z</time></trkpt>
      <trkpt lat="48.963933" lon="1.789120"><ele>23.8</ele><time>2025-09-20T09:48:32Z</time></trkpt>
      <trkpt lat="48.963929" lon="1.788685"><ele>23.8</ele><time>2025-09-20T09:48:33Z</time></trkpt>
      <trkpt lat="48.963925" lon="1.788251"><ele>23.9</ele><time>2025-09-20T09:48:34Z</time></trkpt>
      <trkpt lat="48.963923" lon="1.787819"><ele>23.8</ele><time>2025-09-20T09:48:35Z</time></trkpt>
      <trkpt lat="48.963922" lon="1.787389"><ele>23.6</ele><time>2025-09-20T09:48:36Z</time></trkpt>
      <trkpt lat="48.963922" lon="1.786954"><ele>23.5</ele><time>2025-09-20T09:48:37Z</time></trkpt>
      <trkpt lat="48.963921" lon="1.786521"><ele>23.5</ele><time>2025-09-20T09:48:38Z</time></trkpt>
      <trkpt lat="48.963920" lon="1.786089"><ele>23.2</ele><time>2025-09-20T09:48:39Z</time></trkpt>
      <trkpt lat="48.963921" lon="1.785656"><ele>23.0</ele><time>2025-09-20T09:48:40Z</time></trkpt>
      <trkpt lat="48.963925" lon="1.785225"><ele>23.1</ele><time>2025-09-20T09:48:41Z</time></trkpt>
      <trkpt lat="48.963928" lon="1.784794"><ele>23.5</ele><time>2025-09-20T09:48:42Z</time></trkpt>
      <trkpt lat="48.963930" lon="1.784363"><ele>23.6</ele><time>2025-09-20T09:48:43Z</time></trkpt>
      <trkpt lat="48.963935" lon="1.783934"><ele>23.4</ele><time>2025-09-20T09:48:44Z</time></trkpt>
      <trkpt lat="48.963937" lon="1.783513"><ele>23.7</ele><time>2025-09-20T09:48:45Z</time></trkpt>
      <trkpt lat="48.963941" lon="1.783095"><ele>23.8</ele><time>2025-09-20T09:48:46Z</time></trkpt>
      <trkpt lat="48.963944" lon="1.782682"><ele>24.0</ele><time>2025-09-20T09:48:47Z</time></trkpt>
      <trkpt lat="48.963947" lon="1.782269"><ele>24.0</ele><time>2025-09-20T09:48:48Z</time></trkpt>
      <trkpt lat="48.963950" lon="1.781858"><ele>23.9</ele><time>2025-09-20T09:48:49Z</time></trkpt>
      <trkpt lat="48.963953" lon="1.781447"><ele>23.9</ele><time>2025-09-20T09:48:50Z</time></trkpt>
      <trkpt lat="48.963957" lon="1.781035"><ele>24.1</ele><time>2025-09-20T09:48:51Z</time></trkpt>
      <trkpt lat="48.963962" lon="1.780631"><ele>23.9</ele><time>2025-09-20T09:48:52Z</time></trkpt>
      <trkpt lat="48.963966" lon="1.780233"><ele>23.9</ele><time>2025-09-20T09:48:53Z</time></trkpt>
      <trkpt lat="48.963969" lon="1.779838"><ele>23.9</ele><time>2025-09-20T09:48:54Z</time></trkpt>
      <trkpt lat="48.963973" lon="1.779445"><ele>24.0</ele><time>2025-09-20T09:48:55Z</time></trkpt>
      <trkpt lat="48.963976" lon="1.779049"><ele>24.2</ele><time>2025-09-20T09:48:56Z</time></trkpt>
      <trkpt lat="48.963980" lon="1.778651"><ele>24.1</ele><time>2025-09-20T09:48:57Z</time></trkpt>
      <trkpt lat="48.963984" lon="1.778250"><ele>24.3</ele><time>2025-09-20T09:48:58Z</time></trkpt>
      <trkpt lat="48.963990" lon="1.777852"><ele>24.3</ele><time>2025-09-20T09:48:59Z</time></trkpt>
      <trkpt lat="48.963995" lon="1.777453"><ele>24.3</ele><time>2025-09-20T09:49:00Z</time></trkpt>
      <trkpt lat="48.964000" lon="1.777054"><ele>24.4</ele><time>2025-09-20T09:49:01Z</time></trkpt>
      <trkpt lat="48.964011" lon="1.776657"><ele>24.1</ele><time>2025-09-20T09:49:02Z</time></trkpt>
      <trkpt lat="48.964023" lon="1.776253"><ele>24.1</ele><time>2025-09-20T09:49:03Z</time></trkpt>
      <trkpt lat="48.964037" lon="1.775848"><ele>24.0</ele><time>2025-09-20T09:49:04Z</time></trkpt>
      <trkpt lat="48.964051" lon="1.775438"><ele>24.2</ele><time>2025-09-20T09:49:05Z</time></trkpt>
      <trkpt lat="48.964070" lon="1.775027"><ele>24.1</ele><time>2025-09-20T09:49:06Z</time></trkpt>
      <trkpt lat="48.964089" lon="1.774614"><ele>24.1</ele><time>2025-09-20T09:49:07Z</time></trkpt>
      <trkpt lat="48.964107" lon="1.774193"><ele>24.2</ele><time>2025-09-20T09:49:08Z</time></trkpt>
      <trkpt lat="48.964131" lon="1.773779"><ele>24.7</ele><time>2025-09-20T09:49:09Z</time></trkpt>
      <trkpt lat="48.964158" lon="1.773366"><ele>24.7</ele><time>2025-09-20T09:49:10Z</time></trkpt>
      <trkpt lat="48.964190" lon="1.772956"><ele>24.5</ele><time>2025-09-20T09:49:11Z</time></trkpt>
      <trkpt lat="48.964222" lon="1.772547"><ele>24.5</ele><time>2025-09-20T09:49:12Z</time></trkpt>
      <trkpt lat="48.964255" lon="1.772141"><ele>24.7</ele><time>2025-09-20T09:49:13Z</time></trkpt>
      <trkpt lat="48.964291" lon="1.771739"><ele>24.8</ele><time>2025-09-20T09:49:14Z</time></trkpt>
      <trkpt lat="48.964331" lon="1.771339"><ele>24.8</ele><time>2025-09-20T09:49:15Z</time></trkpt>
      <trkpt lat="48.964376" lon="1.770941"><ele>24.7</ele><time>2025-09-20T09:49:16Z</time></trkpt>
      <trkpt lat="48.964420" lon="1.770536"><ele>24.9</ele><time>2025-09-20T09:49:17Z</time></trkpt>
      <trkpt lat="48.964465" lon="1.770129"><ele>24.9</ele><time>2025-09-20T09:49:18Z</time></trkpt>
      <trkpt lat="48.964512" lon="1.769722"><ele>25.0</ele><time>2025-09-20T09:49:19Z</time></trkpt>
      <trkpt lat="48.964560" lon="1.769315"><ele>25.2</ele><time>2025-09-20T09:49:20Z</time></trkpt>
      <trkpt lat="48.964606" lon="1.768905"><ele>25.3</ele><time>2025-09-20T09:49:21Z</time></trkpt>
      <trkpt lat="48.964653" lon="1.768492"><ele>25.1</ele><time>2025-09-20T09:49:22Z</time></trkpt>
      <trkpt lat="48.964700" lon="1.768078"><ele>25.2</ele><time>2025-09-20T09:49:23Z</time></trkpt>
      <trkpt lat="48.964748" lon="1.767668"><ele>25.2</ele><time>2025-09-20T09:49:24Z</time></trkpt>
      <trkpt lat="48.964795" lon="1.767252"><ele>25.3</ele><time>2025-09-20T09:49:25Z</time></trkpt>
      <trkpt lat="48.964843" lon="1.766835"><ele>25.2</ele><time>2025-09-20T09:49:26Z</time></trkpt>
      <trkpt lat="48.964889" lon="1.766424"><ele>25.2</ele><time>2025-09-20T09:49:27Z</time></trkpt>
      <trkpt lat="48.964929" lon="1.766014"><ele>25.1</ele><time>2025-09-20T09:49:28Z</time></trkpt>
      <trkpt lat="48.964967" lon="1.765604"><ele>24.8</ele><time>2025-09-20T09:49:29Z</time></trkpt>
      <trkpt lat="48.964999" lon="1.765189"><ele>24.9</ele><time>2025-09-20T09:49:30Z</time></trkpt>
      <trkpt lat="48.965030" lon="1.764767"><ele>24.9</ele><time>2025-09-20T09:49:31Z</time></trkpt>
      <trkpt lat="48.965062" lon="1.764342"><ele>24.7</ele><time>2025-09-20T09:49:32Z</time></trkpt>
      <trkpt lat="48.965092" lon="1.763912"><ele>24.7</ele><time>2025-09-20T09:49:33Z</time></trkpt>
      <trkpt lat="48.965125" lon="1.763481"><ele>24.4</ele><time>2025-09-20T09:49:34Z</time></trkpt>
      <trkpt lat="48.965159" lon="1.763049"><ele>24.4</ele><time>2025-09-20T09:49:35Z</time></trkpt>
      <trkpt lat="48.965196" lon="1.762619"><ele>24.6</ele><time>2025-09-20T09:49:36Z</time></trkpt>
      <trkpt lat="48.965235" lon="1.762189"><ele>24.3</ele><time>2025-09-20T09:49:37Z</time></trkpt>
      <trkpt lat="48.965269" lon="1.761758"><ele>24.3</ele><time>2025-09-20T09:49:38Z</time></trkpt>
      <trkpt lat="48.965299" lon="1.761322"><ele>24.2</ele><time>2025-09-20T09:49:39Z</time></trkpt>
      <trkpt lat="48.965320" lon="1.760882"><ele>24.4</ele><time>2025-09-20T09:49:40Z</time></trkpt>
      <trkpt lat="48.965336" lon="1.760440"><ele>24.9</ele><time>2025-09-20T09:49:41Z</time></trkpt>
      <trkpt lat="48.965348" lon="1.759996"><ele>25.6</ele><time>2025-09-20T09:49:42Z</time></trkpt>
      <trkpt lat="48.965360" lon="1.759547"><ele>26.7</ele><time>2025-09-20T09:49:43Z</time></trkpt>
      <trkpt lat="48.965357" lon="1.759094"><ele>27.9</ele><time>2025-09-20T09:49:44Z</time></trkpt>
      <trkpt lat="48.965347" lon="1.758638"><ele>28.9</ele><time>2025-09-20T09:49:45Z</time></trkpt>
      <trkpt lat="48.965335" lon="1.758182"><ele>30.3</ele><time>2025-09-20T09:49:46Z</time></trkpt>
      <trkpt lat="48.965315" lon="1.757727"><ele>31.6</ele><time>2025-09-20T09:49:47Z</time></trkpt>
      <trkpt lat="48.965290" lon="1.757273"><ele>33.2</ele><time>2025-09-20T09:49:48Z</time></trkpt>
      <trkpt lat="48.965262" lon="1.756824"><ele>35.2</ele><time>2025-09-20T09:49:49Z</time></trkpt>
      <trkpt lat="48.965240" lon="1.756374"><ele>36.1</ele><time>2025-09-20T09:49:50Z</time></trkpt>
      <trkpt lat="48.965218" lon="1.755927"><ele>37.5</ele><time>2025-09-20T09:49:51Z</time></trkpt>
      <trkpt lat="48.965210" lon="1.755482"><ele>38.8</ele><time>2025-09-20T09:49:52Z</time></trkpt>
      <trkpt lat="48.965207" lon="1.755040"><ele>39.4</ele><time>2025-09-20T09:49:53Z</time></trkpt>
      <trkpt lat="48.965216" lon="1.754604"><ele>41.0</ele><time>2025-09-20T09:49:54Z</time></trkpt>
      <trkpt lat="48.965227" lon="1.754173"><ele>42.6</ele><time>2025-09-20T09:49:55Z</time></trkpt>
      <trkpt lat="48.965251" lon="1.753741"><ele>43.9</ele><time>2025-09-20T09:49:56Z</time></trkpt>
      <trkpt lat="48.965286" lon="1.753312"><ele>45.0</ele><time>2025-09-20T09:49:57Z</time></trkpt>
      <trkpt lat="48.965333" lon="1.752888"><ele>46.1</ele><time>2025-09-20T09:49:58Z</time></trkpt>
      <trkpt lat="48.965393" lon="1.752467"><ele>46.7</ele><time>2025-09-20T09:49:59Z</time></trkpt>
      <trkpt lat="48.965460" lon="1.752042"><ele>48.3</ele><time>2025-09-20T09:50:00Z</time></trkpt>
      <trkpt lat="48.965532" lon="1.751620"><ele>49.7</ele><time>2025-09-20T09:50:01Z</time></trkpt>
      <trkpt lat="48.965610" lon="1.751201"><ele>50.4</ele><time>2025-09-20T09:50:02Z</time></trkpt>
      <trkpt lat="48.965699" lon="1.750783"><ele>51.9</ele><time>2025-09-20T09:50:03Z</time></trkpt>
      <trkpt lat="48.965794" lon="1.750372"><ele>52.8</ele><time>2025-09-20T09:50:04Z</time></trkpt>
      <trkpt lat="48.965896" lon="1.749962"><ele>53.9</ele><time>2025-09-20T09:50:05Z</time></trkpt>
      <trkpt lat="48.966005" lon="1.749556"><ele>54.8</ele><time>2025-09-20T09:50:06Z</time></trkpt>
      <trkpt lat="48.966126" lon="1.749154"><ele>55.5</ele><time>2025-09-20T09:50:07Z</time></trkpt>
      <trkpt lat="48.966254" lon="1.748759"><ele>56.1</ele><time>2025-09-20T09:50:08Z</time></trkpt>
      <trkpt lat="48.966391" lon="1.748370"><ele>56.6</ele><time>2025-09-20T09:50:09Z</time></trkpt>
      <trkpt lat="48.966537" lon="1.747993"><ele>56.9</ele><time>2025-09-20T09:50:10Z</time></trkpt>
      <trkpt lat="48.966688" lon="1.747626"><ele>57.2</ele><time>2025-09-20T09:50:11Z</time></trkpt>
      <trkpt lat="48.966847" lon="1.747268"><ele>57.6</ele><time>2025-09-20T09:50:12Z</time></trkpt>
      <trkpt lat="48.967007" lon="1.746913"><ele>58.0</ele><time>2025-09-20T09:50:13Z</time></trkpt>
      <trkpt lat="48.967171" lon="1.746563"><ele>58.6</ele><time>2025-09-20T09:50:14Z</time></trkpt>
      <trkpt lat="48.967335" lon="1.746215"><ele>59.0</ele><time>2025-09-20T09:50:15Z</time></trkpt>
      <trkpt lat="48.967494" lon="1.745862"><ele>59.2</ele><time>2025-09-20T09:50:16Z</time></trkpt>
      <trkpt lat="48.967645" lon="1.745506"><ele>59.4</ele><time>2025-09-20T09:50:17Z</time></trkpt>
      <trkpt lat="48.967786" lon="1.745141"><ele>59.7</ele><time>2025-09-20T09:50:18Z</time></trkpt>
      <trkpt lat="48.967920" lon="1.744773"><ele>59.8</ele><time>2025-09-20T09:50:19Z</time></trkpt>
      <trkpt lat="48.968047" lon="1.744401"><ele>60.0</ele><time>2025-09-20T09:50:20Z</time></trkpt>
      <trkpt lat="48.968168" lon="1.744023"><ele>59.7</ele><time>2025-09-20T09:50:21Z</time></trkpt>
      <trkpt lat="48.968279" lon="1.743643"><ele>59.7</ele><time>2025-09-20T09:50:22Z</time></trkpt>
      <trkpt lat="48.968381" lon="1.743262"><ele>59.5</ele><time>2025-09-20T09:50:23Z</time></trkpt>
      <trkpt lat="48.968475" lon="1.742874"><ele>59.3</ele><time>2025-09-20T09:50:24Z</time></trkpt>
      <trkpt lat="48.968564" lon="1.742479"><ele>59.2</ele><time>2025-09-20T09:50:25Z</time></trkpt>
      <trkpt lat="48.968643" lon="1.742082"><ele>58.7</ele><time>2025-09-20T09:50:26Z</time></trkpt>
      <trkpt lat="48.968710" lon="1.741681"><ele>57.9</ele><time>2025-09-20T09:50:27Z</time></trkpt>
      <trkpt lat="48.968772" lon="1.741280"><ele>57.2</ele><time>2025-09-20T09:50:28Z</time></trkpt>
      <trkpt lat="48.968832" lon="1.740875"><ele>56.8</ele><time>2025-09-20T09:50:29Z</time></trkpt>
      <trkpt lat="48.968890" lon="1.740465"><ele>56.3</ele><time>2025-09-20T09:50:30Z</time></trkpt>
      <trkpt lat="48.968939" lon="1.740052"><ele>55.7</ele><time>2025-09-20T09:50:31Z</time></trkpt>
      <trkpt lat="48.968989" lon="1.739637"><ele>55.0</ele><time>2025-09-20T09:50:32Z</time></trkpt>
      <trkpt lat="48.969042" lon="1.739220"><ele>54.1</ele><time>2025-09-20T09:50:33Z</time></trkpt>
      <trkpt lat="48.969100" lon="1.738806"><ele>53.2</ele><time>2025-09-20T09:50:34Z</time></trkpt>
      <trkpt lat="48.969161" lon="1.738393"><ele>52.5</ele><time>2025-09-20T09:50:35Z</time></trkpt>
      <trkpt lat="48.969231" lon="1.737987"><ele>51.4</ele><time>2025-09-20T09:50:36Z</time></trkpt>
      <trkpt lat="48.969312" lon="1.737586"><ele>50.5</ele><time>2025-09-20T09:50:37Z</time></trkpt>
      <trkpt lat="48.969404" lon="1.737191"><ele>49.3</ele><time>2025-09-20T09:50:38Z</time></trkpt>
      <trkpt lat="48.969500" lon="1.736805"><ele>48.3</ele><time>2025-09-20T09:50:39Z</time></trkpt>
      <trkpt lat="48.969604" lon="1.736425"><ele>46.8</ele><time>2025-09-20T09:50:40Z</time></trkpt>
      <trkpt lat="48.969713" lon="1.736045"><ele>45.4</ele><time>2025-09-20T09:50:41Z</time></trkpt>
      <trkpt lat="48.969832" lon="1.735673"><ele>43.9</ele><time>2025-09-20T09:50:42Z</time></trkpt>
      <trkpt lat="48.969961" lon="1.735306"><ele>42.6</ele><time>2025-09-20T09:50:43Z</time></trkpt>
      <trkpt lat="48.970095" lon="1.734944"><ele>41.2</ele><time>2025-09-20T09:50:44Z</time></trkpt>
      <trkpt lat="48.970234" lon="1.734586"><ele>39.8</ele><time>2025-09-20T09:50:45Z</time></trkpt>
      <trkpt lat="48.970380" lon="1.734236"><ele>38.2</ele><time>2025-09-20T09:50:46Z</time></trkpt>
      <trkpt lat="48.970535" lon="1.733893"><ele>37.2</ele><time>2025-09-20T09:50:47Z</time></trkpt>
      <trkpt lat="48.970695" lon="1.733556"><ele>36.0</ele><time>2025-09-20T09:50:48Z</time></trkpt>
      <trkpt lat="48.970865" lon="1.733223"><ele>35.3</ele><time>2025-09-20T09:50:49Z</time></trkpt>
      <trkpt lat="48.971043" lon="1.732898"><ele>34.6</ele><time>2025-09-20T09:50:50Z</time></trkpt>
      <trkpt lat="48.971228" lon="1.732582"><ele>34.0</ele><time>2025-09-20T09:50:51Z</time></trkpt>
      <trkpt lat="48.971420" lon="1.732271"><ele>33.6</ele><time>2025-09-20T09:50:52Z</time></trkpt>
      <trkpt lat="48.971620" lon="1.731968"><ele>33.3</ele><time>2025-09-20T09:50:53Z</time></trkpt>
      <trkpt lat="48.971822" lon="1.731667"><ele>33.1</ele><time>2025-09-20T09:50:54Z</time></trkpt>
      <trkpt lat="48.972026" lon="1.731368"><ele>33.0</ele><time>2025-09-20T09:50:55Z</time></trkpt>
      <trkpt lat="48.972231" lon="1.731073"><ele>32.9</ele><time>2025-09-20T09:50:56Z</time></trkpt>
      <trkpt lat="48.972440" lon="1.730779"><ele>33.6</ele><time>2025-09-20T09:50:57Z</time></trkpt>
      <trkpt lat="48.972641" lon="1.730484"><ele>34.3</ele><time>2025-09-20T09:50:58Z</time></trkpt>
      <trkpt lat="48.972845" lon="1.730193"><ele>34.6</ele><time>2025-09-20T09:50:59Z</time></trkpt>
      <trkpt lat="48.973047" lon="1.729899"><ele>34.9</ele><time>2025-09-20T09:51:00Z</time></trkpt>
      <trkpt lat="48.973250" lon="1.729597"><ele>35.6</ele><time>2025-09-20T09:51:01Z</time></trkpt>
      <trkpt lat="48.973450" lon="1.729288"><ele>35.9</ele><time>2025-09-20T09:51:02Z</time></trkpt>
      <trkpt lat="48.973645" lon="1.728975"><ele>36.7</ele><time>2025-09-20T09:51:03Z</time></trkpt>
      <trkpt lat="48.973834" lon="1.728654"><ele>37.2</ele><time>2025-09-20T09:51:04Z</time></trkpt>
      <trkpt lat="48.974023" lon="1.728323"><ele>38.0</ele><time>2025-09-20T09:51:05Z</time></trkpt>
      <trkpt lat="48.974206" lon="1.727988"><ele>38.5</ele><time>2025-09-20T09:51:06Z</time></trkpt>
      <trkpt lat="48.974385" lon="1.727651"><ele>38.4</ele><time>2025-09-20T09:51:07Z</time></trkpt>
      <trkpt lat="48.974553" lon="1.727302"><ele>38.7</ele><time>2025-09-20T09:51:08Z</time></trkpt>
      <trkpt lat="48.974709" lon="1.726943"><ele>39.1</ele><time>2025-09-20T09:51:09Z</time></trkpt>
      <trkpt lat="48.974856" lon="1.726581"><ele>39.4</ele><time>2025-09-20T09:51:10Z</time></trkpt>
      <trkpt lat="48.974997" lon="1.726219"><ele>39.7</ele><time>2025-09-20T09:51:11Z</time></trkpt>
      <trkpt lat="48.975127" lon="1.725859"><ele>40.1</ele><time>2025-09-20T09:51:12Z</time></trkpt>
      <trkpt lat="48.975249" lon="1.725495"><ele>39.7</ele><time>2025-09-20T09:51:13Z</time></trkpt>
      <trkpt lat="48.975362" lon="1.725132"><ele>39.7</ele><time>2025-09-20T09:51:14Z</time></trkpt>
      <trkpt lat="48.975469" lon="1.724772"><ele>39.3</ele><time>2025-09-20T09:51:15Z</time></trkpt>
      <trkpt lat="48.975559" lon="1.724435"><ele>38.8</ele><time>2025-09-20T09:51:16Z</time></trkpt>
      <trkpt lat="48.975636" lon="1.724120"><ele>38.7</ele><time>2025-09-20T09:51:17Z</time></trkpt>
      <trkpt lat="48.975703" lon="1.723837"><ele>38.0</ele><time>2025-09-20T09:51:18Z</time></trkpt>
      <trkpt lat="48.975760" lon="1.723571"><ele>37.7</ele><time>2025-09-20T09:51:19Z</time></trkpt>
      <trkpt lat="48.975809" lon="1.723323"><ele>37.4</ele><time>2025-09-20T09:51:20Z</time></trkpt>
      <trkpt lat="48.975855" lon="1.723094"><ele>37.0</ele><time>2025-09-20T09:51:21Z</time></trkpt>
      <trkpt lat="48.975894" lon="1.722886"><ele>36.7</ele><time>2025-09-20T09:51:22Z</time></trkpt>
      <trkpt lat="48.975930" lon="1.722692"><ele>36.2</ele><time>2025-09-20T09:51:23Z</time></trkpt>
      <trkpt lat="48.975963" lon="1.722506"><ele>35.9</ele><time>2025-09-20T09:51:24Z</time></trkpt>
      <trkpt lat="48.975994" lon="1.722339"><ele>35.6</ele><time>2025-09-20T09:51:25Z</time></trkpt>
      <trkpt lat="48.976021" lon="1.722193"><ele>35.3</ele><time>2025-09-20T09:51:26Z</time></trkpt>
      <trkpt lat="48.976047" lon="1.722069"><ele>35.0</ele><time>2025-09-20T09:51:27Z</time></trkpt>
      <trkpt lat="48.976065" lon="1.721960"><ele>34.8</ele><time>2025-09-20T09:51:28Z</time></trkpt>
      <trkpt lat="48.976081" lon="1.721866"><ele>34.3</ele><time>2025-09-20T09:51:29Z</time></trkpt>
      <trkpt lat="48.976097" lon="1.721774"><ele>34.2</ele><time>2025-09-20T09:51:30Z</time></trkpt>
      <trkpt lat="48.976113" lon="1.721686"><ele>34.1</ele><time>2025-09-20T09:51:31Z</time></trkpt>
      <trkpt lat="48.976129" lon="1.721592"><ele>33.9</ele><time>2025-09-20T09:51:32Z</time></trkpt>
      <trkpt lat="48.976146" lon="1.721496"><ele>33.6</ele><time>2025-09-20T09:51:33Z</time></trkpt>
      <trkpt lat="48.976164" lon="1.721394"><ele>33.5</ele><time>2025-09-20T09:51:34Z</time></trkpt>
      <trkpt lat="48.976183" lon="1.721284"><ele>33.2</ele><time>2025-09-20T09:51:35Z</time></trkpt>
      <trkpt lat="48.976205" lon="1.721166"><ele>32.7</ele><time>2025-09-20T09:51:36Z</time></trkpt>
      <trkpt lat="48.976229" lon="1.721034"><ele>32.3</ele><time>2025-09-20T09:51:37Z</time></trkpt>
      <trkpt lat="48.976254" lon="1.720894"><ele>31.8</ele><time>2025-09-20T09:51:38Z</time></trkpt>
      <trkpt lat="48.976280" lon="1.720755"><ele>31.5</ele><time>2025-09-20T09:51:39Z</time></trkpt>
      <trkpt lat="48.976305" lon="1.720623"><ele>31.0</ele><time>2025-09-20T09:51:40Z</time></trkpt>
      <trkpt lat="48.976331" lon="1.720499"><ele>30.5</ele><time>2025-09-20T09:51:41Z</time></trkpt>
      <trkpt lat="48.976353" lon="1.720374"><ele>30.0</ele><time>2025-09-20T09:51:42Z</time></trkpt>
      <trkpt lat="48.976375" lon="1.720252"><ele>29.6</ele><time>2025-09-20T09:51:43Z</time></trkpt>
      <trkpt lat="48.976396" lon="1.720129"><ele>29.3</ele><time>2025-09-20T09:51:44Z</time></trkpt>
      <trkpt lat="48.976419" lon="1.720010"><ele>28.9</ele><time>2025-09-20T09:51:45Z</time></trkpt>
      <trkpt lat="48.976439" lon="1.719901"><ele>28.6</ele><time>2025-09-20T09:51:46Z</time></trkpt>
      <trkpt lat="48.976456" lon="1.719809"><ele>28.5</ele><time>2025-09-20T09:51:47Z</time></trkpt>
      <trkpt lat="48.976471" lon="1.719742"><ele>28.4</ele><time>2025-09-20T09:51:48Z</time></trkpt>
      <trkpt lat="48.976480" lon="1.719685"><ele>28.4</ele><time>2025-09-20T09:51:49Z</time></trkpt>
      <trkpt lat="48.976488" lon="1.719635"><ele>28.0</ele><time>2025-09-20T09:51:50Z</time></trkpt>
      <trkpt lat="48.976498" lon="1.719587"><ele>28.1</ele><time>2025-09-20T09:51:51Z</time></trkpt>
      <trkpt lat="48.976506" lon="1.719536"><ele>28.0</ele><time>2025-09-20T09:51:52Z</time></trkpt>
      <trkpt lat="48.976520" lon="1.719483"><ele>27.5</ele><time>2025-09-20T09:51:53Z</time></trkpt>
      <trkpt lat="48.976531" lon="1.719419"><ele>27.6</ele><time>2025-09-20T09:51:54Z</time></trkpt>
      <trkpt lat="48.976542" lon="1.719350"><ele>27.6</ele><time>2025-09-20T09:51:55Z</time></trkpt>
      <trkpt lat="48.976557" lon="1.719284"><ele>27.2</ele><time>2025-09-20T09:51:56Z</time></trkpt>
      <trkpt lat="48.976572" lon="1.719214"><ele>27.0</ele><time>2025-09-20T09:51:57Z</time></trkpt>
      <trkpt lat="48.976583" lon="1.719141"><ele>27.1</ele><time>2025-09-20T09:51:58Z</time></trkpt>
      <trkpt lat="48.976594" lon="1.719072"><ele>27.3</ele><time>2025-09-20T09:51:59Z</time></trkpt>
      <trkpt lat="48.976605" lon="1.719010"><ele>27.1</ele><time>2025-09-20T09:52:00Z</time></trkpt>
      <trkpt lat="48.976615" lon="1.718950"><ele>27.0</ele><time>2025-09-20T09:52:01Z</time></trkpt>
      <trkpt lat="48.976624" lon="1.718888"><ele>27.1</ele><time>2025-09-20T09:52:02Z</time></trkpt>
      <trkpt lat="48.976634" lon="1.718829"><ele>27.0</ele><time>2025-09-20T09:52:03Z</time></trkpt>
      <trkpt lat="48.976644" lon="1.718768"><ele>27.0</ele><time>2025-09-20T09:52:04Z</time></trkpt>
      <trkpt lat="48.976654" lon="1.718704"><ele>27.0</ele><time>2025-09-20T09:52:05Z</time></trkpt>
      <trkpt lat="48.976664" lon="1.718633"><ele>26.9</ele><time>2025-09-20T09:52:06Z</time></trkpt>
      <trkpt lat="48.976675" lon="1.718561"><ele>26.9</ele><time>2025-09-20T09:52:07Z</time></trkpt>
      <trkpt lat="48.976689" lon="1.718484"><ele>26.8</ele><time>2025-09-20T09:52:08Z</time></trkpt>
      <trkpt lat="48.976704" lon="1.718400"><ele>26.8</ele><time>2025-09-20T09:52:09Z</time></trkpt>
      <trkpt lat="48.976721" lon="1.718310"><ele>26.7</ele><time>2025-09-20T09:52:10Z</time></trkpt>
      <trkpt lat="48.976737" lon="1.718217"><ele>26.6</ele><time>2025-09-20T09:52:11Z</time></trkpt>
      <trkpt lat="48.976754" lon="1.718123"><ele>26.4</ele><time>2025-09-20T09:52:12Z</time></trkpt>
      <trkpt lat="48.976768" lon="1.718028"><ele>26.4</ele><time>2025-09-20T09:52:13Z</time></trkpt>
      <trkpt lat="48.976785" lon="1.717935"><ele>26.4</ele><time>2025-09-20T09:52:14Z</time></trkpt>
      <trkpt lat="48.976802" lon="1.717844"><ele>26.2</ele><time>2025-09-20T09:52:15Z</time></trkpt>
      <trkpt lat="48.976816" lon="1.717757"><ele>26.2</ele><time>2025-09-20T09:52:16Z</time></trkpt>
      <trkpt lat="48.976831" lon="1.717674"><ele>26.3</ele><time>2025-09-20T09:52:17Z</time></trkpt>
      <trkpt lat="48.976845" lon="1.717589"><ele>26.3</ele><time>2025-09-20T09:52:18Z</time></trkpt>
      <trkpt lat="48.976858" lon="1.717508"><ele>26.4</ele><time>2025-09-20T09:52:19Z</time></trkpt>
      <trkpt lat="48.976872" lon="1.717431"><ele>26.4</ele><time>2025-09-20T09:52:20Z</time></trkpt>
      <trkpt lat="48.976885" lon="1.717354"><ele>26.3</ele><time>2025-09-20T09:52:21Z</time></trkpt>
      <trkpt lat="48.976899" lon="1.717276"><ele>26.4</ele><time>2025-09-20T09:52:22Z</time></trkpt>
      <trkpt lat="48.976912" lon="1.717197"><ele>26.3</ele><time>2025-09-20T09:52:23Z</time></trkpt>
      <trkpt lat="48.976929" lon="1.717116"><ele>26.5</ele><time>2025-09-20T09:52:24Z</time></trkpt>
      <trkpt lat="48.976943" lon="1.717028"><ele>26.6</ele><time>2025-09-20T09:52:25Z</time></trkpt>
      <trkpt lat="48.976959" lon="1.716937"><ele>26.7</ele><time>2025-09-20T09:52:26Z</time></trkpt>
      <trkpt lat="48.976974" lon="1.716843"><ele>26.5</ele><time>2025-09-20T09:52:27Z</time></trkpt>
      <trkpt lat="48.976992" lon="1.716745"><ele>26.5</ele><time>2025-09-20T09:52:28Z</time></trkpt>
      <trkpt lat="48.977008" lon="1.716643"><ele>26.6</ele><time>2025-09-20T09:52:29Z</time></trkpt>
      <trkpt lat="48.977027" lon="1.716537"><ele>26.8</ele><time>2025-09-20T09:52:30Z</time></trkpt>
      <trkpt lat="48.977045" lon="1.716424"><ele>27.0</ele><time>2025-09-20T09:52:31Z</time></trkpt>
      <trkpt lat="48.977062" lon="1.716308"><ele>27.1</ele><time>2025-09-20T09:52:32Z</time></trkpt>
      <trkpt lat="48.977081" lon="1.716193"><ele>27.2</ele><time>2025-09-20T09:52:33Z</time></trkpt>
      <trkpt lat="48.977104" lon="1.716072"><ele>27.4</ele><time>2025-09-20T09:52:34Z</time></trkpt>
      <trkpt lat="48.977127" lon="1.715940"><ele>27.4</ele><time>2025-09-20T09:52:35Z</time></trkpt>
      <trkpt lat="48.977150" lon="1.715796"><ele>27.5</ele><time>2025-09-20T09:52:36Z</time></trkpt>
      <trkpt lat="48.977176" lon="1.715647"><ele>27.7</ele><time>2025-09-20T09:52:37Z</time></trkpt>
      <trkpt lat="48.977204" lon="1.715491"><ele>28.0</ele><time>2025-09-20T09:52:38Z</time></trkpt>
      <trkpt lat="48.977232" lon="1.715328"><ele>28.1</ele><time>2025-09-20T09:52:39Z</time></trkpt>
      <trkpt lat="48.977261" lon="1.715165"><ele>28.1</ele><time>2025-09-20T09:52:40Z</time></trkpt>
      <trkpt lat="48.977289" lon="1.715001"><ele>28.2</ele><time>2025-09-20T09:52:41Z</time></trkpt>
      <trkpt lat="48.977316" lon="1.714842"><ele>28.1</ele><time>2025-09-20T09:52:42Z</time></trkpt>
      <trkpt lat="48.977342" lon="1.714691"><ele>28.4</ele><time>2025-09-20T09:52:43Z</time></trkpt>
      <trkpt lat="48.977369" lon="1.714543"><ele>28.6</ele><time>2025-09-20T09:52:44Z</time></trkpt>
      <trkpt lat="48.977395" lon="1.714395"><ele>28.7</ele><time>2025-09-20T09:52:45Z</time></trkpt>
      <trkpt lat="48.977422" lon="1.714243"><ele>28.9</ele><time>2025-09-20T09:52:46Z</time></trkpt>
      <trkpt lat="48.977453" lon="1.714084"><ele>29.0</ele><time>2025-09-20T09:52:47Z</time></trkpt>
      <trkpt lat="48.977484" lon="1.713923"><ele>29.0</ele><time>2025-09-20T09:52:48Z</time></trkpt>
      <trkpt lat="48.977520" lon="1.713758"><ele>28.9</ele><time>2025-09-20T09:52:49Z</time></trkpt>
      <trkpt lat="48.977567" lon="1.713615"><ele>28.9</ele><time>2025-09-20T09:52:50Z</time></trkpt>
      <trkpt lat="48.977611" lon="1.713465"><ele>28.9</ele><time>2025-09-20T09:52:51Z</time></trkpt>
      <trkpt lat="48.977648" lon="1.713303"><ele>29.0</ele><time>2025-09-20T09:52:52Z</time></trkpt>
      <trkpt lat="48.977689" lon="1.713118"><ele>29.0</ele><time>2025-09-20T09:52:53Z</time></trkpt>
      <trkpt lat="48.977706" lon="1.712906"><ele>28.9</ele><time>2025-09-20T09:52:54Z</time></trkpt>
      <trkpt lat="48.977744" lon="1.712723"><ele>29.0</ele><time>2025-09-20T09:52:55Z</time></trkpt>
      <trkpt lat="48.977735" lon="1.712551"><ele>29.0</ele><time>2025-09-20T09:52:56Z</time></trkpt>
      <trkpt lat="48.977761" lon="1.712378"><ele>29.1</ele><time>2025-09-20T09:52:57Z</time></trkpt>
      <trkpt lat="48.977761" lon="1.712378"><ele>29.1</ele><time>2025-09-20T09:52:58Z</time></trkpt>
      <trkpt lat="48.977884" lon="1.712017"><ele>29.1</ele><time>2025-09-20T09:52:59Z</time></trkpt>
      <trkpt lat="48.977938" lon="1.711817"><ele>29.0</ele><time>2025-09-20T09:53:00Z</time></trkpt>
      <trkpt lat="48.978032" lon="1.711612"><ele>29.2</ele><time>2025-09-20T09:53:01Z</time></trkpt>
      <trkpt lat="48.978153" lon="1.711341"><ele>29.3</ele><time>2025-09-20T09:53:02Z</time></trkpt>
      <trkpt lat="48.978249" lon="1.711142"><ele>30.7</ele><time>2025-09-20T09:53:03Z</time></trkpt>
      <trkpt lat="48.978227" lon="1.710916"><ele>30.0</ele><time>2025-09-20T09:53:04Z</time></trkpt>
      <trkpt lat="48.978168" lon="1.710615"><ele>29.5</ele><time>2025-09-20T09:53:05Z</time></trkpt>
      <trkpt lat="48.978189" lon="1.710373"><ele>30.7</ele><time>2025-09-20T09:53:06Z</time></trkpt>
      <trkpt lat="48.978218" lon="1.710130"><ele>32.4</ele><time>2025-09-20T09:53:07Z</time></trkpt>
      <trkpt lat="48.978248" lon="1.709874"><ele>34.0</ele><time>2025-09-20T09:53:08Z</time></trkpt>
      <trkpt lat="48.978281" lon="1.709629"><ele>35.3</ele><time>2025-09-20T09:53:09Z</time></trkpt>
      <trkpt lat="48.978327" lon="1.709386"><ele>37.1</ele><time>2025-09-20T09:53:10Z</time></trkpt>
      <trkpt lat="48.978372" lon="1.709142"><ele>38.4</ele><time>2025-09-20T09:53:11Z</time></trkpt>
      <trkpt lat="48.978418" lon="1.708897"><ele>39.5</ele><time>2025-09-20T09:53:12Z</time></trkpt>
      <trkpt lat="48.978457" lon="1.708654"><ele>40.8</ele><time>2025-09-20T09:53:13Z</time></trkpt>
      <trkpt lat="48.978498" lon="1.708407"><ele>41.7</ele><time>2025-09-20T09:53:14Z</time></trkpt>
      <trkpt lat="48.978539" lon="1.708167"><ele>42.5</ele><time>2025-09-20T09:53:15Z</time></trkpt>
      <trkpt lat="48.978578" lon="1.707930"><ele>43.1</ele><time>2025-09-20T09:53:16Z</time></trkpt>
      <trkpt lat="48.978617" lon="1.707691"><ele>43.8</ele><time>2025-09-20T09:53:17Z</time></trkpt>
      <trkpt lat="48.978658" lon="1.707450"><ele>44.9</ele><time>2025-09-20T09:53:18Z</time></trkpt>
      <trkpt lat="48.978701" lon="1.707208"><ele>46.0</ele><time>2025-09-20T09:53:19Z</time></trkpt>
      <trkpt lat="48.978744" lon="1.706964"><ele>46.8</ele><time>2025-09-20T09:53:20Z</time></trkpt>
      <trkpt lat="48.978785" lon="1.706721"><ele>47.1</ele><time>2025-09-20T09:53:21Z</time></trkpt>
      <trkpt lat="48.978826" lon="1.706479"><ele>48.1</ele><time>2025-09-20T09:53:22Z</time></trkpt>
      <trkpt lat="48.978868" lon="1.706241"><ele>48.7</ele><time>2025-09-20T09:53:23Z</time></trkpt>
      <trkpt lat="48.978912" lon="1.706001"><ele>49.3</ele><time>2025-09-20T09:53:24Z</time></trkpt>
      <trkpt lat="48.978955" lon="1.705764"><ele>50.3</ele><time>2025-09-20T09:53:25Z</time></trkpt>
      <trkpt lat="48.978996" lon="1.705533"><ele>51.1</ele><time>2025-09-20T09:53:26Z</time></trkpt>
      <trkpt lat="48.979037" lon="1.705311"><ele>51.9</ele><time>2025-09-20T09:53:27Z</time></trkpt>
      <trkpt lat="48.979078" lon="1.705099"><ele>52.7</ele><time>2025-09-20T09:53:28Z</time></trkpt>
      <trkpt lat="48.979116" lon="1.704896"><ele>53.5</ele><time>2025-09-20T09:53:29Z</time></trkpt>
      <trkpt lat="48.979149" lon="1.704701"><ele>54.1</ele><time>2025-09-20T09:53:30Z</time></trkpt>
      <trkpt lat="48.979185" lon="1.704505"><ele>54.9</ele><time>2025-09-20T09:53:31Z</time></trkpt>
      <trkpt lat="48.979219" lon="1.704309"><ele>55.7</ele><time>2025-09-20T09:53:32Z</time></trkpt>
      <trkpt lat="48.979255" lon="1.704118"><ele>56.2</ele><time>2025-09-20T09:53:33Z</time></trkpt>
      <trkpt lat="48.979294" lon="1.703925"><ele>56.5</ele><time>2025-09-20T09:53:34Z</time></trkpt>
      <trkpt lat="48.979335" lon="1.703724"><ele>57.3</ele><time>2025-09-20T09:53:35Z</time></trkpt>
      <trkpt lat="48.979377" lon="1.703515"><ele>58.0</ele><time>2025-09-20T09:53:36Z</time></trkpt>
      <trkpt lat="48.979419" lon="1.703296"><ele>58.7</ele><time>2025-09-20T09:53:37Z</time></trkpt>
      <trkpt lat="48.979461" lon="1.703080"><ele>59.1</ele><time>2025-09-20T09:53:38Z</time></trkpt>
      <trkpt lat="48.979504" lon="1.702861"><ele>59.5</ele><time>2025-09-20T09:53:39Z</time></trkpt>
      <trkpt lat="48.979547" lon="1.702640"><ele>60.0</ele><time>2025-09-20T09:53:40Z</time></trkpt>
      <trkpt lat="48.979589" lon="1.702418"><ele>60.6</ele><time>2025-09-20T09:53:41Z</time></trkpt>
      <trkpt lat="48.979632" lon="1.702194"><ele>61.2</ele><time>2025-09-20T09:53:42Z</time></trkpt>
      <trkpt lat="48.979677" lon="1.701969"><ele>61.6</ele><time>2025-09-20T09:53:43Z</time></trkpt>
      <trkpt lat="48.979722" lon="1.701738"><ele>62.4</ele><time>2025-09-20T09:53:44Z</time></trkpt>
      <trkpt lat="48.979768" lon="1.701509"><ele>62.5</ele><time>2025-09-20T09:53:45Z</time></trkpt>
      <trkpt lat="48.979812" lon="1.701280"><ele>62.9</ele><time>2025-09-20T09:53:46Z</time></trkpt>
      <trkpt lat="48.979856" lon="1.701055"><ele>63.1</ele><time>2025-09-20T09:53:47Z</time></trkpt>
      <trkpt lat="48.979901" lon="1.700838"><ele>63.1</ele><time>2025-09-20T09:53:48Z</time></trkpt>
      <trkpt lat="48.979946" lon="1.700625"><ele>63.4</ele><time>2025-09-20T09:53:49Z</time></trkpt>
      <trkpt lat="48.979991" lon="1.700419"><ele>63.6</ele><time>2025-09-20T09:53:50Z</time></trkpt>
      <trkpt lat="48.980035" lon="1.700220"><ele>63.6</ele><time>2025-09-20T09:53:51Z</time></trkpt>
      <trkpt lat="48.980078" lon="1.700032"><ele>63.7</ele><time>2025-09-20T09:53:52Z</time></trkpt>
      <trkpt lat="48.980119" lon="1.699856"><ele>63.7</ele><time>2025-09-20T09:53:53Z</time></trkpt>
      <trkpt lat="48.980156" lon="1.699698"><ele>63.9</ele><time>2025-09-20T09:53:54Z</time></trkpt>
      <trkpt lat="48.980188" lon="1.699556"><ele>63.7</ele><time>2025-09-20T09:53:55Z</time></trkpt>
      <trkpt lat="48.980222" lon="1.699420"><ele>63.5</ele><time>2025-09-20T09:53:56Z</time></trkpt>
      <trkpt lat="48.980255" lon="1.699288"><ele>63.1</ele><time>2025-09-20T09:53:57Z</time></trkpt>
      <trkpt lat="48.980287" lon="1.699154"><ele>63.0</ele><time>2025-09-20T09:53:58Z</time></trkpt>
      <trkpt lat="48.980321" lon="1.699019"><ele>62.8</ele><time>2025-09-20T09:53:59Z</time></trkpt>
      <trkpt lat="48.980356" lon="1.698882"><ele>62.4</ele><time>2025-09-20T09:54:00Z</time></trkpt>
      <trkpt lat="48.980392" lon="1.698741"><ele>62.0</ele><time>2025-09-20T09:54:01Z</time></trkpt>
      <trkpt lat="48.980429" lon="1.698598"><ele>61.6</ele><time>2025-09-20T09:54:02Z</time></trkpt>
      <trkpt lat="48.980464" lon="1.698448"><ele>61.3</ele><time>2025-09-20T09:54:03Z</time></trkpt>
      <trkpt lat="48.980501" lon="1.698296"><ele>60.8</ele><time>2025-09-20T09:54:04Z</time></trkpt>
      <trkpt lat="48.980537" lon="1.698144"><ele>60.4</ele><time>2025-09-20T09:54:05Z</time></trkpt>
      <trkpt lat="48.980575" lon="1.697990"><ele>60.0</ele><time>2025-09-20T09:54:06Z</time></trkpt>
      <trkpt lat="48.980612" lon="1.697840"><ele>59.4</ele><time>2025-09-20T09:54:07Z</time></trkpt>
      <trkpt lat="48.980647" lon="1.697700"><ele>59.1</ele><time>2025-09-20T09:54:08Z</time></trkpt>
      <trkpt lat="48.980678" lon="1.697573"><ele>58.5</ele><time>2025-09-20T09:54:09Z</time></trkpt>
      <trkpt lat="48.980707" lon="1.697455"><ele>58.2</ele><time>2025-09-20T09:54:10Z</time></trkpt>
      <trkpt lat="48.980736" lon="1.697348"><ele>57.8</ele><time>2025-09-20T09:54:11Z</time></trkpt>
      <trkpt lat="48.980761" lon="1.697249"><ele>57.6</ele><time>2025-09-20T09:54:12Z</time></trkpt>
      <trkpt lat="48.980782" lon="1.697165"><ele>57.5</ele><time>2025-09-20T09:54:13Z</time></trkpt>
      <trkpt lat="48.980798" lon="1.697097"><ele>57.4</ele><time>2025-09-20T09:54:14Z</time></trkpt>
      <trkpt lat="48.980812" lon="1.697046"><ele>57.4</ele><time>2025-09-20T09:54:15Z</time></trkpt>
      <trkpt lat="48.980824" lon="1.697003"><ele>57.2</ele><time>2025-09-20T09:54:16Z</time></trkpt>
      <trkpt lat="48.980834" lon="1.696978"><ele>57.3</ele><time>2025-09-20T09:54:17Z</time></trkpt>
      <trkpt lat="48.980838" lon="1.696964"><ele>57.5</ele><time>2025-09-20T09:54:18Z</time></trkpt>
      <trkpt lat="48.980829" lon="1.696930"><ele>64.5</ele><time>2025-09-20T09:55:08Z</time></trkpt>
      <trkpt lat="48.980832" lon="1.696916"><ele>64.4</ele><time>2025-09-20T09:55:09Z</time></trkpt>
      <trkpt lat="48.980838" lon="1.696894"><ele>64.2</ele><time>2025-09-20T09:55:10Z</time></trkpt>
      <trkpt lat="48.980844" lon="1.696860"><ele>63.7</ele><time>2025-09-20T09:55:11Z</time></trkpt>
      <trkpt lat="48.980855" lon="1.696810"><ele>63.5</ele><time>2025-09-20T09:55:12Z</time></trkpt>
      <trkpt lat="48.980874" lon="1.696746"><ele>63.3</ele><time>2025-09-20T09:55:13Z</time></trkpt>
      <trkpt lat="48.980888" lon="1.696668"><ele>62.6</ele><time>2025-09-20T09:55:14Z</time></trkpt>
      <trkpt lat="48.980902" lon="1.696583"><ele>61.0</ele><time>2025-09-20T09:55:15Z</time></trkpt>
      <trkpt lat="48.980905" lon="1.696493"><ele>60.1</ele><time>2025-09-20T09:55:16Z</time></trkpt>
      <trkpt lat="48.980898" lon="1.696406"><ele>60.8</ele><time>2025-09-20T09:55:17Z</time></trkpt>
      <trkpt lat="48.980879" lon="1.696326"><ele>60.9</ele><time>2025-09-20T09:55:18Z</time></trkpt>
      <trkpt lat="48.980846" lon="1.696261"><ele>60.7</ele><time>2025-09-20T09:55:19Z</time></trkpt>
      <trkpt lat="48.980814" lon="1.696214"><ele>61.4</ele><time>2025-09-20T09:55:20Z</time></trkpt>
      <trkpt lat="48.980782" lon="1.696167"><ele>61.6</ele><time>2025-09-20T09:55:21Z</time></trkpt>
      <trkpt lat="48.980750" lon="1.696125"><ele>61.6</ele><time>2025-09-20T09:55:22Z</time></trkpt>
      <trkpt lat="48.980724" lon="1.696089"><ele>61.6</ele><time>2025-09-20T09:55:23Z</time></trkpt>
      <trkpt lat="48.980709" lon="1.696066"><ele>61.7</ele><time>2025-09-20T09:55:24Z</time></trkpt>
      <trkpt lat="48.980692" lon="1.696061"><ele>61.7</ele><time>2025-09-20T09:55:25Z</time></trkpt>
      <trkpt lat="48.980678" lon="1.696071"><ele>61.7</ele><time>2025-09-20T09:55:26Z</time></trkpt>
      <trkpt lat="48.980653" lon="1.696087"><ele>61.8</ele><time>2025-09-20T09:55:27Z</time></trkpt>
      <trkpt lat="48.980621" lon="1.696084"><ele>61.6</ele><time>2025-09-20T09:55:28Z</time></trkpt>
      <trkpt lat="48.980585" lon="1.696079"><ele>61.6</ele><time>2025-09-20T09:55:29Z</time></trkpt>
      <trkpt lat="48.980524" lon="1.696042"><ele>61.4</ele><time>2025-09-20T09:55:30Z</time></trkpt>
      <trkpt lat="48.980497" lon="1.695956"><ele>61.3</ele><time>2025-09-20T09:55:31Z</time></trkpt>
      <trkpt lat="48.980435" lon="1.695888"><ele>61.7</ele><time>2025-09-20T09:55:32Z</time></trkpt>
      <trkpt lat="48.980370" lon="1.695828"><ele>62.3</ele><time>2025-09-20T09:55:33Z</time></trkpt>
      <trkpt lat="48.980305" lon="1.695758"><ele>62.8</ele><time>2025-09-20T09:55:34Z</time></trkpt>
      <trkpt lat="48.980236" lon="1.695688"><ele>63.0</ele><time>2025-09-20T09:55:35Z</time></trkpt>
      <trkpt lat="48.980170" lon="1.695622"><ele>63.4</ele><time>2025-09-20T09:55:36Z</time></trkpt>
      <trkpt lat="48.980105" lon="1.695547"><ele>63.8</ele><time>2025-09-20T09:55:37Z</time></trkpt>
      <trkpt lat="48.980039" lon="1.695466"><ele>63.8</ele><time>2025-09-20T09:55:38Z</time></trkpt>
      <trkpt lat="48.979976" lon="1.695378"><ele>64.1</ele><time>2025-09-20T09:55:39Z</time></trkpt>
      <trkpt lat="48.979910" lon="1.695286"><ele>64.2</ele><time>2025-09-20T09:55:40Z</time></trkpt>
      <trkpt lat="48.979843" lon="1.695190"><ele>64.4</ele><time>2025-09-20T09:55:41Z</time></trkpt>
      <trkpt lat="48.979766" lon="1.695084"><ele>64.7</ele><time>2025-09-20T09:55:42Z</time></trkpt>
      <trkpt lat="48.979687" lon="1.694976"><ele>64.8</ele><time>2025-09-20T09:55:43Z</time></trkpt>
      <trkpt lat="48.979600" lon="1.694862"><ele>65.3</ele><time>2025-09-20T09:55:44Z</time></trkpt>
      <trkpt lat="48.979513" lon="1.694740"><ele>65.6</ele><time>2025-09-20T09:55:45Z</time></trkpt>
      <trkpt lat="48.979421" lon="1.694611"><ele>65.8</ele><time>2025-09-20T09:55:46Z</time></trkpt>
      <trkpt lat="48.979331" lon="1.694476"><ele>66.2</ele><time>2025-09-20T09:55:47Z</time></trkpt>
      <trkpt lat="48.979241" lon="1.694340"><ele>66.4</ele><time>2025-09-20T09:55:48Z</time></trkpt>
      <trkpt lat="48.979152" lon="1.694208"><ele>66.7</ele><time>2025-09-20T09:55:49Z</time></trkpt>
      <trkpt lat="48.979068" lon="1.694087"><ele>67.0</ele><time>2025-09-20T09:55:50Z</time></trkpt>
      <trkpt lat="48.978984" lon="1.693971"><ele>67.4</ele><time>2025-09-20T09:55:51Z</time></trkpt>
      <trkpt lat="48.978903" lon="1.693861"><ele>67.9</ele><time>2025-09-20T09:55:52Z</time></trkpt>
      <trkpt lat="48.978822" lon="1.693761"><ele>68.2</ele><time>2025-09-20T09:55:53Z</time></trkpt>
      <trkpt lat="48.978736" lon="1.693673"><ele>68.2</ele><time>2025-09-20T09:55:54Z</time></trkpt>
      <trkpt lat="48.978651" lon="1.693598"><ele>68.5</ele><time>2025-09-20T09:55:55Z</time></trkpt>
      <trkpt lat="48.978557" lon="1.693531"><ele>68.7</ele><time>2025-09-20T09:55:56Z</time></trkpt>
      <trkpt lat="48.978456" lon="1.693480"><ele>69.4</ele><time>2025-09-20T09:55:57Z</time></trkpt>
      <trkpt lat="48.978350" lon="1.693439"><ele>69.6</ele><time>2025-09-20T09:55:58Z</time></trkpt>
      <trkpt lat="48.978238" lon="1.693402"><ele>70.0</ele><time>2025-09-20T09:55:59Z</time></trkpt>
      <trkpt lat="48.978121" lon="1.693375"><ele>70.3</ele><time>2025-09-20T09:56:00Z</time></trkpt>
      <trkpt lat="48.978002" lon="1.693353"><ele>70.5</ele><time>2025-09-20T09:56:01Z</time></trkpt>
      <trkpt lat="48.977878" lon="1.693337"><ele>71.5</ele><time>2025-09-20T09:56:02Z</time></trkpt>
      <trkpt lat="48.977752" lon="1.693322"><ele>72.3</ele><time>2025-09-20T09:56:03Z</time></trkpt>
      <trkpt lat="48.977622" lon="1.693304"><ele>72.8</ele><time>2025-09-20T09:56:04Z</time></trkpt>
      <trkpt lat="48.977489" lon="1.693285"><ele>73.2</ele><time>2025-09-20T09:56:05Z</time></trkpt>
      <trkpt lat="48.977352" lon="1.693266"><ele>74.0</ele><time>2025-09-20T09:56:06Z</time></trkpt>
      <trkpt lat="48.977213" lon="1.693245"><ele>74.6</ele><time>2025-09-20T09:56:07Z</time></trkpt>
      <trkpt lat="48.977071" lon="1.693223"><ele>74.8</ele><time>2025-09-20T09:56:08Z</time></trkpt>
      <trkpt lat="48.976925" lon="1.693197"><ele>75.4</ele><time>2025-09-20T09:56:09Z</time></trkpt>
      <trkpt lat="48.976779" lon="1.693164"><ele>75.6</ele><time>2025-09-20T09:56:10Z</time></trkpt>
      <trkpt lat="48.976634" lon="1.693122"><ele>76.0</ele><time>2025-09-20T09:56:11Z</time></trkpt>
      <trkpt lat="48.976492" lon="1.693070"><ele>76.5</ele><time>2025-09-20T09:56:12Z</time></trkpt>
      <trkpt lat="48.976355" lon="1.693010"><ele>77.1</ele><time>2025-09-20T09:56:13Z</time></trkpt>
      <trkpt lat="48.976222" lon="1.692940"><ele>77.9</ele><time>2025-09-20T09:56:14Z</time></trkpt>
      <trkpt lat="48.976086" lon="1.692859"><ele>78.4</ele><time>2025-09-20T09:56:15Z</time></trkpt>
      <trkpt lat="48.975947" lon="1.692772"><ele>79.1</ele><time>2025-09-20T09:56:16Z</time></trkpt>
      <trkpt lat="48.975807" lon="1.692675"><ele>79.7</ele><time>2025-09-20T09:56:17Z</time></trkpt>
      <trkpt lat="48.975673" lon="1.692565"><ele>80.7</ele><time>2025-09-20T09:56:18Z</time></trkpt>
      <trkpt lat="48.975541" lon="1.692446"><ele>81.8</ele><time>2025-09-20T09:56:19Z</time></trkpt>
      <trkpt lat="48.975409" lon="1.692317"><ele>83.3</ele><time>2025-09-20T09:56:20Z</time></trkpt>
      <trkpt lat="48.975281" lon="1.692183"><ele>84.3</ele><time>2025-09-20T09:56:21Z</time></trkpt>
      <trkpt lat="48.975153" lon="1.692040"><ele>85.4</ele><time>2025-09-20T09:56:22Z</time></trkpt>
      <trkpt lat="48.975029" lon="1.691886"><ele>86.7</ele><time>2025-09-20T09:56:23Z</time></trkpt>
      <trkpt lat="48.974910" lon="1.691720"><ele>87.9</ele><time>2025-09-20T09:56:24Z</time></trkpt>
      <trkpt lat="48.974793" lon="1.691539"><ele>89.1</ele><time>2025-09-20T09:56:25Z</time></trkpt>
      <trkpt lat="48.974679" lon="1.691348"><ele>90.3</ele><time>2025-09-20T09:56:26Z</time></trkpt>
      <trkpt lat="48.974561" lon="1.691149"><ele>91.7</ele><time>2025-09-20T09:56:27Z</time></trkpt>
      <trkpt lat="48.974443" lon="1.690940"><ele>92.8</ele><time>2025-09-20T09:56:28Z</time></trkpt>
      <trkpt lat="48.974324" lon="1.690723"><ele>94.2</ele><time>2025-09-20T09:56:29Z</time></trkpt>
      <trkpt lat="48.974202" lon="1.690505"><ele>95.6</ele><time>2025-09-20T09:56:30Z</time></trkpt>
      <trkpt lat="48.974079" lon="1.690287"><ele>96.7</ele><time>2025-09-20T09:56:31Z</time></trkpt>
      <trkpt lat="48.973958" lon="1.690066"><ele>97.9</ele><time>2025-09-20T09:56:32Z</time></trkpt>
      <trkpt lat="48.973837" lon="1.689845"><ele>99.0</ele><time>2025-09-20T09:56:33Z</time></trkpt>
      <trkpt lat="48.973717" lon="1.689621"><ele>100.2</ele><time>2025-09-20T09:56:34Z</time></trkpt>
      <trkpt lat="48.973593" lon="1.689395"><ele>101.3</ele><time>2025-09-20T09:56:35Z</time></trkpt>
      <trkpt lat="48.973468" lon="1.689169"><ele>102.7</ele><time>2025-09-20T09:56:36Z</time></trkpt>
      <trkpt lat="48.973344" lon="1.688942"><ele>103.8</ele><time>2025-09-20T09:56:37Z</time></trkpt>
      <trkpt lat="48.973219" lon="1.688714"><ele>105.4</ele><time>2025-09-20T09:56:38Z</time></trkpt>
      <trkpt lat="48.973090" lon="1.688484"><ele>106.6</ele><time>2025-09-20T09:56:39Z</time></trkpt>
      <trkpt lat="48.972963" lon="1.688252"><ele>107.7</ele><time>2025-09-20T09:56:40Z</time></trkpt>
      <trkpt lat="48.972833" lon="1.688017"><ele>108.9</ele><time>2025-09-20T09:56:41Z</time></trkpt>
      <trkpt lat="48.972703" lon="1.687781"><ele>110.1</ele><time>2025-09-20T09:56:42Z</time></trkpt>
      <trkpt lat="48.972567" lon="1.687547"><ele>111.2</ele><time>2025-09-20T09:56:43Z</time></trkpt>
      <trkpt lat="48.972425" lon="1.687320"><ele>112.6</ele><time>2025-09-20T09:56:44Z</time></trkpt>
      <trkpt lat="48.972279" lon="1.687102"><ele>113.7</ele><time>2025-09-20T09:56:45Z</time></trkpt>
      <trkpt lat="48.972127" lon="1.686895"><ele>114.9</ele><time>2025-09-20T09:56:46Z</time></trkpt>
      <trkpt lat="48.971970" lon="1.686711"><ele>116.4</ele><time>2025-09-20T09:56:47Z</time></trkpt>
      <trkpt lat="48.971816" lon="1.686540"><ele>117.8</ele><time>2025-09-20T09:56:48Z</time></trkpt>
      <trkpt lat="48.971665" lon="1.686388"><ele>118.6</ele><time>2025-09-20T09:56:49Z</time></trkpt>
      <trkpt lat="48.971520" lon="1.686253"><ele>119.6</ele><time>2025-09-20T09:56:50Z</time></trkpt>
      <trkpt lat="48.971384" lon="1.686134"><ele>120.6</ele><time>2025-09-20T09:56:51Z</time></trkpt>
      <trkpt lat="48.971255" lon="1.686028"><ele>121.9</ele><time>2025-09-20T09:56:52Z</time></trkpt>
      <trkpt lat="48.971137" lon="1.685930"><ele>122.6</ele><time>2025-09-20T09:56:53Z</time></trkpt>
      <trkpt lat="48.971029" lon="1.685840"><ele>123.5</ele><time>2025-09-20T09:56:54Z</time></trkpt>
      <trkpt lat="48.970930" lon="1.685752"><ele>123.7</ele><time>2025-09-20T09:56:55Z</time></trkpt>
      <trkpt lat="48.970843" lon="1.685678"><ele>124.2</ele><time>2025-09-20T09:56:56Z</time></trkpt>
      <trkpt lat="48.970767" lon="1.685615"><ele>124.6</ele><time>2025-09-20T09:56:57Z</time></trkpt>
      <trkpt lat="48.970702" lon="1.685560"><ele>125.0</ele><time>2025-09-20T09:56:58Z</time></trkpt>
      <trkpt lat="48.970652" lon="1.685515"><ele>125.2</ele><time>2025-09-20T09:56:59Z</time></trkpt>
      <trkpt lat="48.970616" lon="1.685485"><ele>125.4</ele><time>2025-09-20T09:57:00Z</time></trkpt>
      <trkpt lat="48.970594" lon="1.685460"><ele>125.0</ele><time>2025-09-20T09:57:01Z</time></trkpt>
      <trkpt lat="48.970581" lon="1.685449"><ele>124.9</ele><time>2025-09-20T09:57:02Z</time></trkpt>
      <trkpt lat="48.970573" lon="1.685444"><ele>125.1</ele><time>2025-09-20T09:57:03Z</time></trkpt>
      <trkpt lat="48.970565" lon="1.685415"><ele>124.8</ele><time>2025-09-20T09:57:23Z</time></trkpt>
      <trkpt lat="48.970558" lon="1.685409"><ele>124.8</ele><time>2025-09-20T09:57:24Z</time></trkpt>
      <trkpt lat="48.970553" lon="1.685400"><ele>124.5</ele><time>2025-09-20T09:57:25Z</time></trkpt>
      <trkpt lat="48.970537" lon="1.685386"><ele>124.6</ele><time>2025-09-20T09:57:26Z</time></trkpt>
      <trkpt lat="48.970506" lon="1.685360"><ele>124.7</ele><time>2025-09-20T09:57:27Z</time></trkpt>
      <trkpt lat="48.970463" lon="1.685324"><ele>124.8</ele><time>2025-09-20T09:57:28Z</time></trkpt>
      <trkpt lat="48.970407" lon="1.685281"><ele>124.8</ele><time>2025-09-20T09:57:29Z</time></trkpt>
      <trkpt lat="48.970342" lon="1.685235"><ele>124.8</ele><time>2025-09-20T09:57:30Z</time></trkpt>
      <trkpt lat="48.970271" lon="1.685184"><ele>124.8</ele><time>2025-09-20T09:57:31Z</time></trkpt>
      <trkpt lat="48.970192" lon="1.685128"><ele>125.0</ele><time>2025-09-20T09:57:32Z</time></trkpt>
      <trkpt lat="48.970104" lon="1.685069"><ele>125.2</ele><time>2025-09-20T09:57:33Z</time></trkpt>
      <trkpt lat="48.970011" lon="1.685006"><ele>125.6</ele><time>2025-09-20T09:57:34Z</time></trkpt>
      <trkpt lat="48.969914" lon="1.684938"><ele>126.0</ele><time>2025-09-20T09:57:35Z</time></trkpt>
      <trkpt lat="48.969808" lon="1.684867"><ele>126.3</ele><time>2025-09-20T09:57:36Z</time></trkpt>
      <trkpt lat="48.969696" lon="1.684793"><ele>126.7</ele><time>2025-09-20T09:57:37Z</time></trkpt>
      <trkpt lat="48.969579" lon="1.684719"><ele>127.1</ele><time>2025-09-20T09:57:38Z</time></trkpt>
      <trkpt lat="48.969462" lon="1.684647"><ele>127.5</ele><time>2025-09-20T09:57:39Z</time></trkpt>
      <trkpt lat="48.969344" lon="1.684579"><ele>127.9</ele><time>2025-09-20T09:57:40Z</time></trkpt>
      <trkpt lat="48.969229" lon="1.684512"><ele>127.7</ele><time>2025-09-20T09:57:41Z</time></trkpt>
      <trkpt lat="48.969114" lon="1.684445"><ele>128.0</ele><time>2025-09-20T09:57:42Z</time></trkpt>
      <trkpt lat="48.969000" lon="1.684376"><ele>128.0</ele><time>2025-09-20T09:57:43Z</time></trkpt>
      <trkpt lat="48.968881" lon="1.684303"><ele>128.1</ele><time>2025-09-20T09:57:44Z</time></trkpt>
      <trkpt lat="48.968758" lon="1.684228"><ele>128.5</ele><time>2025-09-20T09:57:45Z</time></trkpt>
      <trkpt lat="48.968632" lon="1.684147"><ele>128.3</ele><time>2025-09-20T09:57:46Z</time></trkpt>
      <trkpt lat="48.968502" lon="1.684071"><ele>128.6</ele><time>2025-09-20T09:57:47Z</time></trkpt>
      <trkpt lat="48.968376" lon="1.683996"><ele>128.5</ele><time>2025-09-20T09:57:48Z</time></trkpt>
      <trkpt lat="48.968257" lon="1.683919"><ele>128.6</ele><time>2025-09-20T09:57:49Z</time></trkpt>
      <trkpt lat="48.968145" lon="1.683843"><ele>128.8</ele><time>2025-09-20T09:57:50Z</time></trkpt>
      <trkpt lat="48.968040" lon="1.683770"><ele>128.2</ele><time>2025-09-20T09:57:51Z</time></trkpt>
      <trkpt lat="48.967945" lon="1.683701"><ele>128.6</ele><time>2025-09-20T09:57:52Z</time></trkpt>
      <trkpt lat="48.967863" lon="1.683635"><ele>129.0</ele><time>2025-09-20T09:57:53Z</time></trkpt>
      <trkpt lat="48.967793" lon="1.683572"><ele>130.4</ele><time>2025-09-20T09:57:54Z</time></trkpt>
      <trkpt lat="48.967738" lon="1.683509"><ele>130.3</ele><time>2025-09-20T09:57:55Z</time></trkpt>
      <trkpt lat="48.967697" lon="1.683461"><ele>130.8</ele><time>2025-09-20T09:57:56Z</time></trkpt>
      <trkpt lat="48.967666" lon="1.683424"><ele>131.1</ele><time>2025-09-20T09:57:57Z</time></trkpt>
      <trkpt lat="48.967640" lon="1.683391"><ele>130.9</ele><time>2025-09-20T09:57:58Z</time></trkpt>
      <trkpt lat="48.967612" lon="1.683356"><ele>130.9</ele><time>2025-09-20T09:57:59Z</time></trkpt>
      <trkpt lat="48.967577" lon="1.683312"><ele>131.3</ele><time>2025-09-20T09:58:00Z</time></trkpt>
      <trkpt lat="48.967538" lon="1.683258"><ele>131.7</ele><time>2025-09-20T09:58:01Z</time></trkpt>
      <trkpt lat="48.967493" lon="1.683192"><ele>131.8</ele><time>2025-09-20T09:58:02Z</time></trkpt>
      <trkpt lat="48.967447" lon="1.683114"><ele>131.8</ele><time>2025-09-20T09:58:03Z</time></trkpt>
      <trkpt lat="48.967402" lon="1.683031"><ele>132.2</ele><time>2025-09-20T09:58:04Z</time></trkpt>
      <trkpt lat="48.967361" lon="1.682938"><ele>132.6</ele><time>2025-09-20T09:58:05Z</time></trkpt>
      <trkpt lat="48.967320" lon="1.682849"><ele>132.9</ele><time>2025-09-20T09:58:06Z</time></trkpt>
      <trkpt lat="48.967281" lon="1.682764"><ele>133.2</ele><time>2025-09-20T09:58:07Z</time></trkpt>
      <trkpt lat="48.967246" lon="1.682679"><ele>133.3</ele><time>2025-09-20T09:58:08Z</time></trkpt>
      <trkpt lat="48.967210" lon="1.682597"><ele>134.0</ele><time>2025-09-20T09:58:09Z</time></trkpt>
      <trkpt lat="48.967176" lon="1.682513"><ele>134.2</ele><time>2025-09-20T09:58:10Z</time></trkpt>
      <trkpt lat="48.967139" lon="1.682437"><ele>134.5</ele><time>2025-09-20T09:58:11Z</time></trkpt>
      <trkpt lat="48.967109" lon="1.682349"><ele>134.8</ele><time>2025-09-20T09:58:12Z</time></trkpt>
      <trkpt lat="48.967079" lon="1.682256"><ele>135.1</ele><time>2025-09-20T09:58:13Z</time></trkpt>
      <trkpt lat="48.967056" lon="1.682160"><ele>134.9</ele><time>2025-09-20T09:58:14Z</time></trkpt>
      <trkpt lat="48.967028" lon="1.682055"><ele>134.6</ele><time>2025-09-20T09:58:15Z</time></trkpt>
      <trkpt lat="48.967001" lon="1.681952"><ele>134.9</ele><time>2025-09-20T09:58:16Z</time></trkpt>
      <trkpt lat="48.966975" lon="1.681847"><ele>135.0</ele><time>2025-09-20T09:58:17Z</time></trkpt>
      <trkpt lat="48.966948" lon="1.681742"><ele>135.0</ele><time>2025-09-20T09:58:18Z</time></trkpt>
      <trkpt lat="48.966921" lon="1.681634"><ele>135.2</ele><time>2025-09-20T09:58:19Z</time></trkpt>
      <trkpt lat="48.966898" lon="1.681525"><ele>134.9</ele><time>2025-09-20T09:58:20Z</time></trkpt>
      <trkpt lat="48.966874" lon="1.681410"><ele>134.5</ele><time>2025-09-20T09:58:21Z</time></trkpt>
      <trkpt lat="48.966851" lon="1.681292"><ele>134.2</ele><time>2025-09-20T09:58:22Z</time></trkpt>
      <trkpt lat="48.966827" lon="1.681167"><ele>135.0</ele><time>2025-09-20T09:58:23Z</time></trkpt>
      <trkpt lat="48.966803" lon="1.681052"><ele>135.1</ele><time>2025-09-20T09:58:24Z</time></trkpt>
      <trkpt lat="48.966779" lon="1.680942"><ele>135.2</ele><time>2025-09-20T09:58:25Z</time></trkpt>
      <trkpt lat="48.966756" lon="1.680840"><ele>135.1</ele><time>2025-09-20T09:58:26Z</time></trkpt>
      <trkpt lat="48.966733" lon="1.680740"><ele>135.1</ele><time>2025-09-20T09:58:27Z</time></trkpt>
      <trkpt lat="48.966713" lon="1.680646"><ele>134.9</ele><time>2025-09-20T09:58:28Z</time></trkpt>
      <trkpt lat="48.966694" lon="1.680555"><ele>135.1</ele><time>2025-09-20T09:58:29Z</time></trkpt>
      <trkpt lat="48.966676" lon="1.680478"><ele>135.2</ele><time>2025-09-20T09:58:30Z</time></trkpt>
      <trkpt lat="48.966656" lon="1.680388"><ele>135.7</ele><time>2025-09-20T09:58:31Z</time></trkpt>
      <trkpt lat="48.966633" lon="1.680284"><ele>136.0</ele><time>2025-09-20T09:58:32Z</time></trkpt>
      <trkpt lat="48.966606" lon="1.680176"><ele>136.2</ele><time>2025-09-20T09:58:33Z</time></trkpt>
      <trkpt lat="48.966573" lon="1.680054"><ele>135.8</ele><time>2025-09-20T09:58:34Z</time></trkpt>
      <trkpt lat="48.966530" lon="1.679936"><ele>135.7</ele><time>2025-09-20T09:58:35Z</time></trkpt>
      <trkpt lat="48.966470" lon="1.679822"><ele>136.3</ele><time>2025-09-20T09:58:36Z</time></trkpt>
      <trkpt lat="48.966395" lon="1.679728"><ele>136.2</ele><time>2025-09-20T09:58:37Z</time></trkpt>
      <trkpt lat="48.966308" lon="1.679646"><ele>136.2</ele><time>2025-09-20T09:58:38Z</time></trkpt>
      <trkpt lat="48.966212" lon="1.679568"><ele>136.0</ele><time>2025-09-20T09:58:39Z</time></trkpt>
      <trkpt lat="48.966112" lon="1.679490"><ele>135.9</ele><time>2025-09-20T09:58:40Z</time></trkpt>
      <trkpt lat="48.966012" lon="1.679417"><ele>135.8</ele><time>2025-09-20T09:58:41Z</time></trkpt>
      <trkpt lat="48.965913" lon="1.679343"><ele>135.7</ele><time>2025-09-20T09:58:42Z</time></trkpt>
      <trkpt lat="48.965812" lon="1.679270"><ele>136.1</ele><time>2025-09-20T09:58:43Z</time></trkpt>
      <trkpt lat="48.965711" lon="1.679198"><ele>136.2</ele><time>2025-09-20T09:58:44Z</time></trkpt>
      <trkpt lat="48.965607" lon="1.679123"><ele>135.9</ele><time>2025-09-20T09:58:45Z</time></trkpt>
      <trkpt lat="48.965503" lon="1.679044"><ele>135.9</ele><time>2025-09-20T09:58:46Z</time></trkpt>
      <trkpt lat="48.965399" lon="1.678965"><ele>136.0</ele><time>2025-09-20T09:58:47Z</time></trkpt>
      <trkpt lat="48.965296" lon="1.678888"><ele>136.0</ele><time>2025-09-20T09:58:48Z</time></trkpt>
      <trkpt lat="48.965189" lon="1.678809"><ele>136.1</ele><time>2025-09-20T09:58:49Z</time></trkpt>
      <trkpt lat="48.965081" lon="1.678732"><ele>136.0</ele><time>2025-09-20T09:58:50Z</time></trkpt>
      <trkpt lat="48.964973" lon="1.678663"><ele>135.9</ele><time>2025-09-20T09:58:51Z</time></trkpt>
      <trkpt lat="48.964866" lon="1.678603"><ele>136.0</ele><time>2025-09-20T09:58:52Z</time></trkpt>
      <trkpt lat="48.964759" lon="1.678548"><ele>135.8</ele><time>2025-09-20T09:58:53Z</time></trkpt>
      <trkpt lat="48.964651" lon="1.678492"><ele>135.6</ele><time>2025-09-20T09:58:54Z</time></trkpt>
      <trkpt lat="48.964544" lon="1.678438"><ele>135.5</ele><time>2025-09-20T09:58:55Z</time></trkpt>
      <trkpt lat="48.964440" lon="1.678381"><ele>135.5</ele><time>2025-09-20T09:58:56Z</time></trkpt>
      <trkpt lat="48.964338" lon="1.678313"><ele>135.1</ele><time>2025-09-20T09:58:57Z</time></trkpt>
      <trkpt lat="48.964237" lon="1.678236"><ele>134.6</ele><time>2025-09-20T09:58:58Z</time></trkpt>
      <trkpt lat="48.964141" lon="1.678158"><ele>133.8</ele><time>2025-09-20T09:58:59Z</time></trkpt>
      <trkpt lat="48.964049" lon="1.678069"><ele>133.3</ele><time>2025-09-20T09:59:00Z</time></trkpt>
      <trkpt lat="48.963955" lon="1.677977"><ele>133.0</ele><time>2025-09-20T09:59:01Z</time></trkpt>
      <trkpt lat="48.963861" lon="1.677884"><ele>132.7</ele><time>2025-09-20T09:59:02Z</time></trkpt>
      <trkpt lat="48.963780" lon="1.677790"><ele>132.3</ele><time>2025-09-20T09:59:03Z</time></trkpt>
      <trkpt lat="48.963704" lon="1.677702"><ele>132.2</ele><time>2025-09-20T09:59:04Z</time></trkpt>
      <trkpt lat="48.963633" lon="1.677617"><ele>132.3</ele><time>2025-09-20T09:59:05Z</time></trkpt>
      <trkpt lat="48.963573" lon="1.677531"><ele>131.9</ele><time>2025-09-20T09:59:06Z</time></trkpt>
      <trkpt lat="48.963521" lon="1.677434"><ele>131.9</ele><time>2025-09-20T09:59:07Z</time></trkpt>
      <trkpt lat="48.963475" lon="1.677333"><ele>132.2</ele><time>2025-09-20T09:59:08Z</time></trkpt>
      <trkpt lat="48.963425" lon="1.677243"><ele>131.7</ele><time>2025-09-20T09:59:09Z</time></trkpt>
      <trkpt lat="48.963363" lon="1.677179"><ele>131.6</ele><time>2025-09-20T09:59:10Z</time></trkpt>
      <trkpt lat="48.963295" lon="1.677149"><ele>131.6</ele><time>2025-09-20T09:59:11Z</time></trkpt>
      <trkpt lat="48.963226" lon="1.677161"><ele>131.4</ele><time>2025-09-20T09:59:12Z</time></trkpt>
      <trkpt lat="48.963160" lon="1.677207"><ele>131.3</ele><time>2025-09-20T09:59:13Z</time></trkpt>
      <trkpt lat="48.963115" lon="1.677282"><ele>131.3</ele><time>2025-09-20T09:59:14Z</time></trkpt>
      <trkpt lat="48.963088" lon="1.677386"><ele>131.8</ele><time>2025-09-20T09:59:15Z</time></trkpt>
      <trkpt lat="48.963080" lon="1.677501"><ele>132.1</ele><time>2025-09-20T09:59:16Z</time></trkpt>
      <trkpt lat="48.963073" lon="1.677626"><ele>132.5</ele><time>2025-09-20T09:59:17Z</time></trkpt>
      <trkpt lat="48.963057" lon="1.677754"><ele>132.4</ele><time>2025-09-20T09:59:18Z</time></trkpt>
      <trkpt lat="48.963032" lon="1.677891"><ele>131.9</ele><time>2025-09-20T09:59:19Z</time></trkpt>
      <trkpt lat="48.962994" lon="1.678023"><ele>131.4</ele><time>2025-09-20T09:59:20Z</time></trkpt>
      <trkpt lat="48.962944" lon="1.678148"><ele>131.6</ele><time>2025-09-20T09:59:21Z</time></trkpt>
      <trkpt lat="48.962880" lon="1.678258"><ele>131.4</ele><time>2025-09-20T09:59:22Z</time></trkpt>
      <trkpt lat="48.962809" lon="1.678349"><ele>131.7</ele><time>2025-09-20T09:59:23Z</time></trkpt>
      <trkpt lat="48.962731" lon="1.678423"><ele>131.5</ele><time>2025-09-20T09:59:24Z</time></trkpt>
      <trkpt lat="48.962646" lon="1.678478"><ele>131.3</ele><time>2025-09-20T09:59:25Z</time></trkpt>
      <trkpt lat="48.962561" lon="1.678517"><ele>131.3</ele><time>2025-09-20T09:59:26Z</time></trkpt>
      <trkpt lat="48.962482" lon="1.678539"><ele>131.4</ele><time>2025-09-20T09:59:27Z</time></trkpt>
      <trkpt lat="48.962412" lon="1.678555"><ele>131.2</ele><time>2025-09-20T09:59:28Z</time></trkpt>
      <trkpt lat="48.962354" lon="1.678594"><ele>130.8</ele><time>2025-09-20T09:59:29Z</time></trkpt>
      <trkpt lat="48.962315" lon="1.678659"><ele>130.4</ele><time>2025-09-20T09:59:30Z</time></trkpt>
      <trkpt lat="48.962292" lon="1.678741"><ele>129.7</ele><time>2025-09-20T09:59:31Z</time></trkpt>
      <trkpt lat="48.962289" lon="1.678826"><ele>129.4</ele><time>2025-09-20T09:59:32Z</time></trkpt>
      <trkpt lat="48.962311" lon="1.678906"><ele>129.6</ele><time>2025-09-20T09:59:33Z</time></trkpt>
      <trkpt lat="48.962353" lon="1.678970"><ele>129.5</ele><time>2025-09-20T09:59:34Z</time></trkpt>
      <trkpt lat="48.962403" lon="1.679021"><ele>129.5</ele><time>2025-09-20T09:59:35Z</time></trkpt>
      <trkpt lat="48.962449" lon="1.679065"><ele>129.9</ele><time>2025-09-20T09:59:36Z</time></trkpt>
      <trkpt lat="48.962496" lon="1.679079"><ele>130.1</ele><time>2025-09-20T09:59:37Z</time></trkpt>
      <trkpt lat="48.962541" lon="1.679062"><ele>130.3</ele><time>2025-09-20T09:59:38Z</time></trkpt>
      <trkpt lat="48.962582" lon="1.679013"><ele>130.6</ele><time>2025-09-20T09:59:39Z</time></trkpt>
      <trkpt lat="48.962618" lon="1.678948"><ele>131.0</ele><time>2025-09-20T09:59:40Z</time></trkpt>
      <trkpt lat="48.962653" lon="1.678879"><ele>131.1</ele><time>2025-09-20T09:59:41Z</time></trkpt>
      <trkpt lat="48.962683" lon="1.678810"><ele>131.0</ele><time>2025-09-20T09:59:42Z</time></trkpt>
      <trkpt lat="48.962715" lon="1.678746"><ele>131.2</ele><time>2025-09-20T09:59:43Z</time></trkpt>
      <trkpt lat="48.962754" lon="1.678696"><ele>131.2</ele><time>2025-09-20T09:59:44Z</time></trkpt>
      <trkpt lat="48.962802" lon="1.678668"><ele>131.4</ele><time>2025-09-20T09:59:45Z</time></trkpt>
      <trkpt lat="48.962854" lon="1.678657"><ele>131.2</ele><time>2025-09-20T09:59:46Z</time></trkpt>
      <trkpt lat="48.962904" lon="1.678655"><ele>131.3</ele><time>2025-09-20T09:59:47Z</time></trkpt>
      <trkpt lat="48.962948" lon="1.678655"><ele>131.3</ele><time>2025-09-20T09:59:48Z</time></trkpt>
      <trkpt lat="48.962983" lon="1.678660"><ele>131.4</ele><time>2025-09-20T09:59:49Z</time></trkpt>
      <trkpt lat="48.963003" lon="1.678673"><ele>131.3</ele><time>2025-09-20T09:59:50Z</time></trkpt>
      <trkpt lat="48.963014" lon="1.678684"><ele>131.1</ele><time>2025-09-20T09:59:51Z</time></trkpt>
      <trkpt lat="48.963023" lon="1.678698"><ele>131.4</ele><time>2025-09-20T09:59:52Z</time></trkpt>
      <trkpt lat="48.963029" lon="1.678711"><ele>131.3</ele><time>2025-09-20T09:59:53Z</time></trkpt>
      <trkpt lat="48.963031" lon="1.678720"><ele>131.3</ele><time>2025-09-20T09:59:54Z</time></trkpt>
      <trkpt lat="48.963035" lon="1.678734"><ele>131.2</ele><time>2025-09-20T09:59:55Z</time></trkpt>
      <trkpt lat="48.963041" lon="1.678748"><ele>131.0</ele><time>2025-09-20T09:59:56Z</time></trkpt>
      <trkpt lat="48.963045" lon="1.678764"><ele>131.1</ele><time>2025-09-20T09:59:57Z</time></trkpt>
      <trkpt lat="48.963051" lon="1.678784"><ele>131.0</ele><time>2025-09-20T09:59:58Z</time></trkpt>
      <trkpt lat="48.963060" lon="1.678802"><ele>131.5</ele><time>2025-09-20T09:59:59Z</time></trkpt>
      <trkpt lat="48.963070" lon="1.678822"><ele>131.8</ele><time>2025-09-20T10:00:00Z</time></trkpt>
      <trkpt lat="48.963080" lon="1.678841"><ele>131.6</ele><time>2025-09-20T10:00:01Z</time></trkpt>
      <trkpt lat="48.963094" lon="1.678863"><ele>132.0</ele><time>2025-09-20T10:00:02Z</time></trkpt>
      <trkpt lat="48.963111" lon="1.678888"><ele>132.0</ele><time>2025-09-20T10:00:03Z</time></trkpt>
      <trkpt lat="48.963130" lon="1.678915"><ele>131.7</ele><time>2025-09-20T10:00:04Z</time></trkpt>
      <trkpt lat="48.963153" lon="1.678946"><ele>131.7</ele><time>2025-09-20T10:00:05Z</time></trkpt>
      <trkpt lat="48.963177" lon="1.678980"><ele>131.9</ele><time>2025-09-20T10:00:06Z</time></trkpt>
      <trkpt lat="48.963200" lon="1.679012"><ele>132.2</ele><time>2025-09-20T10:00:07Z</time></trkpt>
      <trkpt lat="48.963223" lon="1.679042"><ele>132.2</ele><time>2025-09-20T10:00:08Z</time></trkpt>
      <trkpt lat="48.963247" lon="1.679071"><ele>132.2</ele><time>2025-09-20T10:00:09Z</time></trkpt>
      <trkpt lat="48.963270" lon="1.679099"><ele>132.0</ele><time>2025-09-20T10:00:10Z</time></trkpt>
      <trkpt lat="48.963290" lon="1.679128"><ele>132.2</ele><time>2025-09-20T10:00:11Z</time></trkpt>
      <trkpt lat="48.963313" lon="1.679157"><ele>132.4</ele><time>2025-09-20T10:00:12Z</time></trkpt>
      <trkpt lat="48.963334" lon="1.679186"><ele>132.5</ele><time>2025-09-20T10:00:13Z</time></trkpt>
      <trkpt lat="48.963353" lon="1.679212"><ele>132.4</ele><time>2025-09-20T10:00:14Z</time></trkpt>
      <trkpt lat="48.963367" lon="1.679236"><ele>132.2</ele><time>2025-09-20T10:00:15Z</time></trkpt>
      <trkpt lat="48.963385" lon="1.679261"><ele>132.0</ele><time>2025-09-20T10:00:16Z</time></trkpt>
      <trkpt lat="48.963403" lon="1.679288"><ele>132.0</ele><time>2025-09-20T10:00:17Z</time></trkpt>
      <trkpt lat="48.963419" lon="1.679311"><ele>132.0</ele><time>2025-09-20T10:00:18Z</time></trkpt>
      <trkpt lat="48.963435" lon="1.679333"><ele>132.0</ele><time>2025-09-20T10:00:19Z</time></trkpt>
      <trkpt lat="48.963449" lon="1.679350"><ele>132.1</ele><time>2025-09-20T10:00:20Z</time></trkpt>
      <trkpt lat="48.963466" lon="1.679369"><ele>132.0</ele><time>2025-09-20T10:00:21Z</time></trkpt>
      <trkpt lat="48.963480" lon="1.679385"><ele>132.2</ele><time>2025-09-20T10:00:22Z</time></trkpt>
      <trkpt lat="48.963492" lon="1.679402"><ele>132.2</ele><time>2025-09-20T10:00:23Z</time></trkpt>
      <trkpt lat="48.963508" lon="1.679423"><ele>132.4</ele><time>2025-09-20T10:00:24Z</time></trkpt>
      <trkpt lat="48.963526" lon="1.679444"><ele>132.5</ele><time>2025-09-20T10:00:25Z</time></trkpt>
      <trkpt lat="48.963540" lon="1.679465"><ele>132.4</ele><time>2025-09-20T10:00:26Z</time></trkpt>
      <trkpt lat="48.963553" lon="1.679483"><ele>132.8</ele><time>2025-09-20T10:00:27Z</time></trkpt>
      <trkpt lat="48.963568" lon="1.679505"><ele>132.4</ele><time>2025-09-20T10:00:28Z</time></trkpt>
      <trkpt lat="48.963577" lon="1.679521"><ele>132.3</ele><time>2025-09-20T10:00:29Z</time></trkpt>
      <trkpt lat="48.963588" lon="1.679540"><ele>132.5</ele><time>2025-09-20T10:00:30Z</time></trkpt>
      <trkpt lat="48.963598" lon="1.679549"><ele>132.5</ele><time>2025-09-20T10:00:31Z</time></trkpt>
      <trkpt lat="48.963605" lon="1.679567"><ele>132.8</ele><time>2025-09-20T10:00:32Z</time></trkpt>
      <trkpt lat="48.963620" lon="1.679593"><ele>133.0</ele><time>2025-09-20T10:00:33Z</time></trkpt>
      <trkpt lat="48.963635" lon="1.679614"><ele>133.4</ele><time>2025-09-20T10:00:34Z</time></trkpt>
      <trkpt lat="48.963646" lon="1.679631"><ele>133.6</ele><time>2025-09-20T10:00:35Z</time></trkpt>
      <trkpt lat="48.963657" lon="1.679648"><ele>134.2</ele><time>2025-09-20T10:00:36Z</time></trkpt>
      <trkpt lat="48.963671" lon="1.679668"><ele>134.0</ele><time>2025-09-20T10:00:37Z</time></trkpt>
      <trkpt lat="48.963683" lon="1.679684"><ele>134.0</ele><time>2025-09-20T10:00:38Z</time></trkpt>
      <trkpt lat="48.963692" lon="1.679693"><ele>133.9</ele><time>2025-09-20T10:00:39Z</time></trkpt>
      <trkpt lat="48.963701" lon="1.679703"><ele>133.9</ele><time>2025-09-20T10:00:40Z</time></trkpt>
      <trkpt lat="48.963711" lon="1.679712"><ele>134.0</ele><time>2025-09-20T10:00:41Z</time></trkpt>
      <trkpt lat="48.963725" lon="1.679721"><ele>134.2</ele><time>2025-09-20T10:00:42Z</time></trkpt>
      <trkpt lat="48.963737" lon="1.679724"><ele>133.8</ele><time>2025-09-20T10:00:43Z</time></trkpt>
      <trkpt lat="48.963750" lon="1.679722"><ele>133.2</ele><time>2025-09-20T10:00:44Z</time></trkpt>
      <trkpt lat="48.963761" lon="1.679718"><ele>132.5</ele><time>2025-09-20T10:00:45Z</time></trkpt>
      <trkpt lat="48.963766" lon="1.679706"><ele>132.8</ele><time>2025-09-20T10:00:46Z</time></trkpt>
      <trkpt lat="48.963774" lon="1.679718"><ele>132.7</ele><time>2025-09-20T10:01:04Z</time></trkpt>
      <trkpt lat="48.963771" lon="1.679731"><ele>132.7</ele><time>2025-09-20T10:01:05Z</time></trkpt>
      <trkpt lat="48.963769" lon="1.679740"><ele>132.6</ele><time>2025-09-20T10:01:06Z</time></trkpt>
      <trkpt lat="48.963771" lon="1.679753"><ele>132.7</ele><time>2025-09-20T10:01:07Z</time></trkpt>
      <trkpt lat="48.963772" lon="1.679763"><ele>132.5</ele><time>2025-09-20T10:01:08Z</time></trkpt>
      <trkpt lat="48.963774" lon="1.679773"><ele>132.4</ele><time>2025-09-20T10:01:09Z</time></trkpt>
      <trkpt lat="48.963777" lon="1.679782"><ele>132.3</ele><time>2025-09-20T10:01:10Z</time></trkpt>
      <trkpt lat="48.963783" lon="1.679800"><ele>132.2</ele><time>2025-09-20T10:01:12Z</time></trkpt>
      <trkpt lat="48.963788" lon="1.679813"><ele>132.2</ele><time>2025-09-20T10:01:13Z</time></trkpt>
      <trkpt lat="48.963798" lon="1.679824"><ele>132.1</ele><time>2025-09-20T10:01:14Z</time></trkpt>
      <trkpt lat="48.963808" lon="1.679834"><ele>132.1</ele><time>2025-09-20T10:01:15Z</time></trkpt>
      <trkpt lat="48.963816" lon="1.679842"><ele>132.2</ele><time>2025-09-20T10:01:16Z</time></trkpt>
      <trkpt lat="48.963822" lon="1.679848"><ele>132.4</ele><time>2025-09-20T10:01:17Z</time></trkpt>
      <trkpt lat="48.963828" lon="1.679857"><ele>132.6</ele><time>2025-09-20T10:01:18Z</time></trkpt>
      <trkpt lat="48.963834" lon="1.679861"><ele>133.2</ele><time>2025-09-20T10:01:19Z</time></trkpt>
      <trkpt lat="48.963847" lon="1.679868"><ele>132.9</ele><time>2025-09-20T10:01:21Z</time></trkpt>
      <trkpt lat="48.963861" lon="1.679883"><ele>135.0</ele><time>2025-09-20T10:01:33Z</time></trkpt>
      <trkpt lat="48.963876" lon="1.679864"><ele>137.4</ele><time>2025-09-20T10:01:48Z</time></trkpt>
      <trkpt lat="48.963887" lon="1.679851"><ele>137.1</ele><time>2025-09-20T10:01:56Z</time></trkpt>
      <trkpt lat="48.963895" lon="1.679841"><ele>137.1</ele><time>2025-09-20T10:01:57Z</time></trkpt>
      <trkpt lat="48.963902" lon="1.679832"><ele>136.8</ele><time>2025-09-20T10:01:58Z</time></trkpt>
      <trkpt lat="48.963869" lon="1.679924"><ele>144.3</ele><time>2025-09-20T10:02:29Z</time></trkpt>
      <trkpt lat="48.963846" lon="1.679905"><ele>146.6</ele><time>2025-09-20T10:02:39Z</time></trkpt>
      <trkpt lat="48.963848" lon="1.679923"><ele>146.6</ele><time>2025-09-20T10:02:41Z</time></trkpt>
      <trkpt lat="48.963842" lon="1.679926"><ele>144.5</ele><time>2025-09-20T10:02:44Z</time></trkpt>
      <trkpt lat="48.963816" lon="1.679919"><ele>142.7</ele><time>2025-09-20T10:02:45Z</time></trkpt>
      <trkpt lat="48.963806" lon="1.679945"><ele>140.9</ele><time>2025-09-20T10:02:46Z</time></trkpt>
      <trkpt lat="48.963800" lon="1.679946"><ele>139.8</ele><time>2025-09-20T10:02:47Z</time></trkpt>
      <trkpt lat="48.963798" lon="1.679928"><ele>138.5</ele><time>2025-09-20T10:02:48Z</time></trkpt>
      <trkpt lat="48.963779" lon="1.679885"><ele>137.5</ele><time>2025-09-20T10:02:49Z</time></trkpt>
      <trkpt lat="48.963779" lon="1.679885"><ele>137.5</ele><time>2025-09-20T10:02:50Z</time></trkpt>
      <trkpt lat="48.963711" lon="1.679818"><ele>141.9</ele><time>2025-09-20T10:02:54Z</time></trkpt>
      <trkpt lat="48.963737" lon="1.679801"><ele>141.9</ele><time>2025-09-20T10:02:55Z</time></trkpt>
      <trkpt lat="48.963743" lon="1.679805"><ele>141.7</ele><time>2025-09-20T10:02:56Z</time></trkpt>
      <trkpt lat="48.963747" lon="1.679807"><ele>140.8</ele><time>2025-09-20T10:02:58Z</time></trkpt>
      <trkpt lat="48.963783" lon="1.679893"><ele>139.9</ele><time>2025-09-20T10:02:59Z</time></trkpt>
      <trkpt lat="48.963825" lon="1.679976"><ele>139.4</ele><time>2025-09-20T10:03:00Z</time></trkpt>
      <trkpt lat="48.963858" lon="1.679995"><ele>139.4</ele><time>2025-09-20T10:03:01Z</time></trkpt>
      <trkpt lat="48.963879" lon="1.680025"><ele>139.1</ele><time>2025-09-20T10:03:02Z</time></trkpt>
      <trkpt lat="48.963902" lon="1.680027"><ele>137.9</ele><time>2025-09-20T10:03:04Z</time></trkpt>
      <trkpt lat="48.963930" lon="1.680044"><ele>137.2</ele><time>2025-09-20T10:03:05Z</time></trkpt>
      <trkpt lat="48.963943" lon="1.680054"><ele>136.3</ele><time>2025-09-20T10:03:06Z</time></trkpt>
      <trkpt lat="48.963947" lon="1.680047"><ele>135.5</ele><time>2025-09-20T10:03:07Z</time></trkpt>
      <trkpt lat="48.963961" lon="1.680048"><ele>134.8</ele><time>2025-09-20T10:03:08Z</time></trkpt>
      <trkpt lat="48.963969" lon="1.680035"><ele>134.6</ele><time>2025-09-20T10:03:09Z</time></trkpt>
      <trkpt lat="48.963919" lon="1.680021"><ele>130.9</ele><time>2025-09-20T10:03:18Z</time></trkpt>
      <trkpt lat="48.963895" lon="1.680002"><ele>129.0</ele><time>2025-09-20T10:03:20Z</time></trkpt>
      <trkpt lat="48.963884" lon="1.679987"><ele>127.6</ele><time>2025-09-20T10:03:21Z</time></trkpt>
      <trkpt lat="48.963871" lon="1.679981"><ele>127.7</ele><time>2025-09-20T10:03:22Z</time></trkpt>
      <trkpt lat="48.963857" lon="1.679969"><ele>127.8</ele><time>2025-09-20T10:03:23Z</time></trkpt>
      <trkpt lat="48.963839" lon="1.679955"><ele>127.8</ele><time>2025-09-20T10:03:24Z</time></trkpt>
      <trkpt lat="48.963828" lon="1.679949"><ele>128.7</ele><time>2025-09-20T10:03:25Z</time></trkpt>
      <trkpt lat="48.963812" lon="1.679933"><ele>128.6</ele><time>2025-09-20T10:03:26Z</time></trkpt>
      <trkpt lat="48.963801" lon="1.679925"><ele>128.8</ele><time>2025-09-20T10:03:27Z</time></trkpt>
      <trkpt lat="48.963778" lon="1.679901"><ele>130.0</ele><time>2025-09-20T10:03:28Z</time></trkpt>
      <trkpt lat="48.963774" lon="1.679877"><ele>130.9</ele><time>2025-09-20T10:03:29Z</time></trkpt>
      <trkpt lat="48.963788" lon="1.679867"><ele>130.6</ele><time>2025-09-20T10:03:30Z</time></trkpt>
      <trkpt lat="48.963793" lon="1.679864"><ele>130.9</ele><time>2025-09-20T10:03:31Z</time></trkpt>
      <trkpt lat="48.963790" lon="1.679860"><ele>131.1</ele><time>2025-09-20T10:03:32Z</time></trkpt>
      <trkpt lat="48.963795" lon="1.679855"><ele>131.7</ele><time>2025-09-20T10:03:33Z</time></trkpt>
      <trkpt lat="48.963792" lon="1.679841"><ele>132.6</ele><time>2025-09-20T10:03:34Z</time></trkpt>
      <trkpt lat="48.963808" lon="1.679840"><ele>132.0</ele><time>2025-09-20T10:03:35Z</time></trkpt>
      <trkpt lat="48.963814" lon="1.679841"><ele>131.1</ele><time>2025-09-20T10:03:36Z</time></trkpt>
      <trkpt lat="48.963808" lon="1.679895"><ele>129.3</ele><time>2025-09-20T10:03:51Z</time></trkpt>
      <trkpt lat="48.963811" lon="1.679852"><ele>135.0</ele><time>2025-09-20T10:03:57Z</time></trkpt>
      <trkpt lat="48.963776" lon="1.679808"><ele>141.2</ele><time>2025-09-20T10:04:05Z</time></trkpt>
      <trkpt lat="48.963780" lon="1.679762"><ele>143.1</ele><time>2025-09-20T10:04:08Z</time></trkpt>
      <trkpt lat="48.963774" lon="1.679742"><ele>143.6</ele><time>2025-09-20T10:04:09Z</time></trkpt>
      <trkpt lat="48.963774" lon="1.679742"><ele>143.6</ele><time>2025-09-20T10:04:10Z</time></trkpt>
      <trkpt lat="48.963788" lon="1.679712"><ele>141.6</ele><time>2025-09-20T10:04:14Z</time></trkpt>
      <trkpt lat="48.963855" lon="1.679791"><ele>140.4</ele><time>2025-09-20T10:04:21Z</time></trkpt>
      <trkpt lat="48.963862" lon="1.679815"><ele>140.3</ele><time>2025-09-20T10:04:22Z</time></trkpt>
      <trkpt lat="48.963864" lon="1.679855"><ele>142.2</ele><time>2025-09-20T10:04:26Z</time></trkpt>
      <trkpt lat="48.963873" lon="1.679871"><ele>142.3</ele><time>2025-09-20T10:04:27Z</time></trkpt>
      <trkpt lat="48.963877" lon="1.679775"><ele>141.2</ele><time>2025-09-20T10:04:33Z</time></trkpt>
      <trkpt lat="48.963845" lon="1.679776"><ele>145.9</ele><time>2025-09-20T10:04:35Z</time></trkpt>
      <trkpt lat="48.963823" lon="1.679778"><ele>147.9</ele><time>2025-09-20T10:04:36Z</time></trkpt>
      <trkpt lat="48.963808" lon="1.679760"><ele>150.1</ele><time>2025-09-20T10:04:37Z</time></trkpt>
      <trkpt lat="48.963794" lon="1.679748"><ele>150.7</ele><time>2025-09-20T10:04:38Z</time></trkpt>
      <trkpt lat="48.963792" lon="1.679743"><ele>151.2</ele><time>2025-09-20T10:04:39Z</time></trkpt>
      <trkpt lat="48.963808" lon="1.679746"><ele>151.7</ele><time>2025-09-20T10:04:40Z</time></trkpt>
      <trkpt lat="48.963801" lon="1.679747"><ele>152.2</ele><time>2025-09-20T10:04:41Z</time></trkpt>
      <trkpt lat="48.963873" lon="1.679804"><ele>150.2</ele><time>2025-09-20T10:04:49Z</time></trkpt>
      <trkpt lat="48.963873" lon="1.679813"><ele>149.5</ele><time>2025-09-20T10:04:50Z</time></trkpt>
      <trkpt lat="48.963877" lon="1.679810"><ele>149.0</ele><time>2025-09-20T10:04:51Z</time></trkpt>
      <trkpt lat="48.963884" lon="1.679817"><ele>148.6</ele><time>2025-09-20T10:04:52Z</time></trkpt>
      <trkpt lat="48.963884" lon="1.679833"><ele>148.0</ele><time>2025-09-20T10:04:55Z</time></trkpt>
      <trkpt lat="48.963891" lon="1.679845"><ele>147.7</ele><time>2025-09-20T10:04:56Z</time></trkpt>
      <trkpt lat="48.963883" lon="1.679868"><ele>147.3</ele><time>2025-09-20T10:04:57Z</time></trkpt>
      <trkpt lat="48.963884" lon="1.679863"><ele>146.8</ele><time>2025-09-20T10:04:58Z</time></trkpt>
      <trkpt lat="48.963830" lon="1.679859"><ele>145.3</ele><time>2025-09-20T10:05:05Z</time></trkpt>
      <trkpt lat="48.963876" lon="1.679922"><ele>149.5</ele><time>2025-09-20T10:05:20Z</time></trkpt>
      <trkpt lat="48.963893" lon="1.679988"><ele>151.3</ele><time>2025-09-20T10:05:27Z</time></trkpt>
      <trkpt lat="48.963887" lon="1.680027"><ele>152.4</ele><time>2025-09-20T10:05:28Z</time></trkpt>
      <trkpt lat="48.963887" lon="1.680067"><ele>153.6</ele><time>2025-09-20T10:05:29Z</time></trkpt>
      <trkpt lat="48.963892" lon="1.680097"><ele>155.1</ele><time>2025-09-20T10:05:30Z</time></trkpt>
      <trkpt lat="48.963901" lon="1.680094"><ele>155.3</ele><time>2025-09-20T10:05:31Z</time></trkpt>
      <trkpt lat="48.963904" lon="1.680108"><ele>155.1</ele><time>2025-09-20T10:05:32Z</time></trkpt>
      <trkpt lat="48.963908" lon="1.680121"><ele>155.0</ele><time>2025-09-20T10:05:33Z</time></trkpt>
      <trkpt lat="48.963919" lon="1.680123"><ele>154.8</ele><time>2025-09-20T10:05:34Z</time></trkpt>
      <trkpt lat="48.963924" lon="1.680116"><ele>154.9</ele><time>2025-09-20T10:05:35Z</time></trkpt>
      <trkpt lat="48.963930" lon="1.680108"><ele>154.9</ele><time>2025-09-20T10:05:36Z</time></trkpt>
      <trkpt lat="48.963935" lon="1.680090"><ele>154.9</ele><time>2025-09-20T10:05:37Z</time></trkpt>
      <trkpt lat="48.963949" lon="1.680110"><ele>155.0</ele><time>2025-09-20T10:05:38Z</time></trkpt>
      <trkpt lat="48.963913" lon="1.679929"><ele>142.1</ele><time>2025-09-20T10:05:47Z</time></trkpt>
      <trkpt lat="48.963959" lon="1.679796"><ele>134.5</ele><time>2025-09-20T10:05:55Z</time></trkpt>
      <trkpt lat="48.963974" lon="1.679775"><ele>133.1</ele><time>2025-09-20T10:05:56Z</time></trkpt>
      <trkpt lat="48.963991" lon="1.679736"><ele>131.9</ele><time>2025-09-20T10:05:57Z</time></trkpt>
      <trkpt lat="48.963926" lon="1.679766"><ele>134.1</ele><time>2025-09-20T10:06:27Z</time></trkpt>
    </trkseg>
  </trk>
</gpx>
