timestamp,lat,lon,alt_m,speed_kmh,course_deg,hdop,sats
2025-09-20T09:26:23Z,48.821066,2.069337,127.2,120.86,41.6,3.72,3
2025-09-20T09:26:24Z,48.821307,2.069648,127.9,121.27,41.9,3.71,3
2025-09-20T09:26:25Z,48.821560,2.069959,125.6,122.21,41.7,3.71,3
2025-09-20T09:26:26Z,48.821793,2.070264,126.8,122.90,41.6,3.71,3
2025-09-20T09:26:27Z,48.822029,2.070578,126.7,123.57,41.7,3.71,3
2025-09-20T09:26:28Z,48.822248,2.070887,126.6,124.12,41.7,3.71,3
2025-09-20T09:26:29Z,48.822474,2.071200,127.7,124.07,41.7,3.71,3
2025-09-20T09:26:30Z,48.822705,2.071514,125.8,124.16,41.6,3.71,3
2025-09-20T09:26:31Z,48.822934,2.071823,126.0,123.84,41.5,3.71,3
2025-09-20T09:26:32Z,48.823158,2.072129,128.0,123.88,41.5,3.71,3
2025-09-20T09:26:33Z,48.823391,2.072440,127.8,122.68,41.7,3.71,3
2025-09-20T09:26:34Z,48.823619,2.072750,125.2,122.66,41.6,3.71,3
2025-09-20T09:26:35Z,48.823842,2.073059,127.0,121.84,41.9,3.71,3
2025-09-20T09:26:36Z,48.824067,2.073363,128.0,121.14,42.0,3.71,3
2025-09-20T09:26:37Z,48.824067,2.073363,128.0,121.14,42.0,99.99,0
2025-09-20T09:26:42Z,48.825426,2.075175,128.7,119.47,40.9,3.70,3
2025-09-20T09:26:43Z,48.825649,2.075478,127.8,119.25,40.9,3.70,3
2025-09-20T09:26:44Z,48.825874,2.075785,126.3,118.64,40.7,3.70,3
2025-09-20T09:26:45Z,48.826094,2.076080,127.6,118.06,40.3,3.70,3
2025-09-20T09:26:46Z,48.826315,2.076369,127.7,118.34,39.7,3.70,3
2025-09-20T09:26:47Z,48.826533,2.076659,128.3,117.92,39.7,3.70,3
2025-09-20T09:26:48Z,48.826758,2.076941,128.3,119.40,39.2,3.70,3
2025-09-20T09:26:49Z,48.826980,2.077223,128.1,117.55,40.2,3.70,3
2025-09-20T09:26:50Z,48.827202,2.077508,128.4,117.27,40.2,3.70,3
2025-09-20T09:26:51Z,48.827425,2.077793,128.4,118.21,40.1,3.70,3
2025-09-20T09:26:52Z,48.827647,2.078077,128.4,116.79,40.0,3.70,3
2025-09-20T09:26:53Z,48.827866,2.078358,128.4,115.73,40.1,3.70,3
2025-09-20T09:26:54Z,48.827866,2.078358,128.4,115.73,40.1,99.99,0
2025-09-20T09:27:01Z,48.829580,2.080536,128.4,108.60,40.4,3.69,3
2025-09-20T09:27:02Z,48.829783,2.080808,128.7,108.53,40.5,3.69,3
2025-09-20T09:27:03Z,48.829874,2.081004,117.5,108.81,40.6,2.33,6
2025-09-20T09:27:04Z,48.830066,2.081237,119.2,108.69,40.4,2.33,6
2025-09-20T09:27:05Z,48.830309,2.081527,121.3,108.18,40.3,2.33,6
2025-09-20T09:27:06Z,48.830528,2.081804,123.9,108.06,40.3,2.33,6
2025-09-20T09:27:07Z,48.830748,2.082073,124.5,107.97,40.3,2.33,6
2025-09-20T09:27:08Z,48.830966,2.082341,126.0,108.51,40.0,2.33,6
2025-09-20T09:27:09Z,48.831178,2.082605,127.0,108.77,40.0,2.33,6
2025-09-20T09:27:10Z,48.831388,2.082874,127.8,108.40,39.9,2.33,6
2025-09-20T09:27:11Z,48.831592,2.083138,128.5,108.30,39.7,2.33,6
2025-09-20T09:27:12Z,48.831804,2.083402,129.5,108.18,39.4,2.33,6
2025-09-20T09:27:13Z,48.832013,2.083659,130.1,107.10,39.1,2.33,6
2025-09-20T09:27:14Z,48.832222,2.083921,131.3,107.58,39.4,2.33,6
2025-09-20T09:27:15Z,48.832424,2.084177,131.1,106.73,39.8,2.33,6
2025-09-20T09:27:16Z,48.832624,2.084438,131.5,106.51,39.8,2.33,6
2025-09-20T09:27:17Z,48.832823,2.084691,131.3,106.45,39.6,2.33,6
2025-09-20T09:27:18Z,48.833026,2.084946,132.0,105.56,39.5,2.33,6
2025-09-20T09:27:19Z,48.833228,2.085198,132.6,104.99,39.4,2.33,6
2025-09-20T09:27:20Z,48.833419,2.085444,132.2,104.62,39.4,2.33,6
2025-09-20T09:27:21Z,48.833627,2.085696,133.9,102.84,39.7,1.19,7
2025-09-20T09:27:22Z,48.833828,2.085943,135.2,101.23,39.5,1.19,7
2025-09-20T09:27:23Z,48.834023,2.086185,136.1,98.93,39.4,1.19,7
2025-09-20T09:27:24Z,48.834209,2.086420,136.4,96.56,39.9,1.19,7
2025-09-20T09:27:25Z,48.834391,2.086652,136.9,94.69,39.8,1.19,7
2025-09-20T09:27:26Z,48.834573,2.086881,137.8,94.43,39.7,1.19,7
2025-09-20T09:27:27Z,48.834756,2.087108,138.6,93.47,39.6,1.19,7
2025-09-20T09:27:28Z,48.834938,2.087332,139.0,92.97,39.4,1.19,7
2025-09-20T09:27:29Z,48.835123,2.087557,140.7,92.93,39.7,1.19,7
2025-09-20T09:27:30Z,48.835303,2.087782,141.3,93.34,39.8,1.19,7
2025-09-20T09:27:31Z,48.835484,2.088012,141.9,94.10,39.9,1.19,7
2025-09-20T09:27:32Z,48.835668,2.088243,142.9,94.95,39.8,1.19,7
2025-09-20T09:27:33Z,48.835848,2.088470,143.3,93.45,39.5,1.19,7
2025-09-20T09:27:34Z,48.836025,2.088691,143.7,91.82,39.4,1.19,7
2025-09-20T09:27:35Z,48.836200,2.088912,144.2,90.23,39.9,1.19,7
2025-09-20T09:27:36Z,48.836371,2.089127,144.4,88.58,40.0,1.19,7
2025-09-20T09:27:37Z,48.836540,2.089339,145.0,86.69,39.6,1.19,7
2025-09-20T09:27:38Z,48.836707,2.089548,145.6,86.40,39.5,1.19,7
2025-09-20T09:27:39Z,48.836873,2.089758,146.5,86.56,39.5,1.19,7
2025-09-20T09:27:40Z,48.837044,2.089966,147.3,87.64,39.1,1.19,7
2025-09-20T09:27:41Z,48.837213,2.090175,147.8,86.78,39.5,1.19,7
2025-09-20T09:27:42Z,48.837381,2.090384,148.6,86.80,39.5,1.19,7
2025-09-20T09:27:43Z,48.837549,2.090590,149.4,86.08,39.2,1.19,7
2025-09-20T09:27:44Z,48.837713,2.090794,150.0,84.56,39.6,1.19,7
2025-09-20T09:27:45Z,48.837874,2.090996,150.8,83.10,39.7,1.19,7
2025-09-20T09:27:46Z,48.838032,2.091194,151.5,81.78,39.6,1.19,7
2025-09-20T09:27:47Z,48.838189,2.091391,152.4,81.15,39.7,1.19,7
2025-09-20T09:27:48Z,48.838342,2.091591,153.3,80.73,41.3,1.19,7
2025-09-20T09:27:49Z,48.838488,2.091801,154.3,80.47,44.7,1.19,7
2025-09-20T09:27:50Z,48.838626,2.092021,154.9,80.84,46.7,1.19,7
2025-09-20T09:27:51Z,48.838761,2.092248,155.5,80.69,48.0,1.19,7
2025-09-20T09:27:52Z,48.838896,2.092473,156.0,80.47,47.7,1.19,7
2025-09-20T09:27:53Z,48.839022,2.092706,157.0,79.41,50.0,1.19,7
2025-09-20T09:27:54Z,48.839142,2.092939,157.7,78.80,52.0,1.19,7
2025-09-20T09:27:55Z,48.839269,2.093175,158.0,80.45,50.8,1.39,6
2025-09-20T09:27:56Z,48.839380,2.093405,158.3,75.65,53.7,1.39,6
2025-09-20T09:27:57Z,48.839486,2.093630,158.5,73.14,54.6,1.39,6
2025-09-20T09:27:58Z,48.839591,2.093850,158.4,70.21,53.6,1.39,6
2025-09-20T09:27:59Z,48.839697,2.094046,157.9,65.30,50.2,1.39,6
2025-09-20T09:28:00Z,48.839790,2.094228,158.0,60.47,50.5,1.39,6
2025-09-20T09:28:01Z,48.839867,2.094402,158.0,55.76,53.1,1.39,6
2025-09-20T09:28:02Z,48.839939,2.094564,157.9,51.32,55.3,1.39,6
2025-09-20T09:28:03Z,48.840007,2.094722,157.6,50.28,56.3,1.39,6
2025-09-20T09:28:04Z,48.840098,2.094875,157.6,53.08,49.9,1.39,6
2025-09-20T09:28:05Z,48.840193,2.095027,158.6,54.67,45.4,1.39,6
2025-09-20T09:28:06Z,48.840293,2.095167,160.0,54.21,41.4,1.39,6
2025-09-20T09:28:07Z,48.840400,2.095289,160.3,53.34,36.4,1.39,6
2025-09-20T09:28:08Z,48.840513,2.095397,160.7,53.63,31.2,1.39,6
2025-09-20T09:28:09Z,48.840631,2.095496,161.2,54.82,26.3,1.39,6
2025-09-20T09:28:10Z,48.840757,2.095579,160.3,54.99,23.6,1.19,7
2025-09-20T09:28:11Z,48.840875,2.095661,159.9,52.58,24.7,1.39,6
2025-09-20T09:28:12Z,48.841003,2.095701,160.9,51.71,11.8,1.19,7
2025-09-20T09:28:13Z,48.841138,2.095734,161.5,53.73,9.2,1.39,6
2025-09-20T09:28:14Z,48.841268,2.095740,161.7,52.19,2.6,1.39,6
2025-09-20T09:28:15Z,48.841386,2.095750,162.3,47.91,4.6,1.19,7
2025-09-20T09:28:16Z,48.841521,2.095759,162.3,51.50,2.4,1.19,7
2025-09-20T09:28:17Z,48.841669,2.095721,163.2,56.45,351.3,2.31,6
2025-09-20T09:28:18Z,48.841808,2.095690,163.8,55.97,350.1,2.65,5
2025-09-20T09:28:19Z,48.841948,2.095649,164.7,57.63,347.2,2.65,5
2025-09-20T09:28:20Z,48.842108,2.095635,166.2,61.95,352.7,2.65,5
2025-09-20T09:28:21Z,48.842212,2.095560,164.6,53.99,344.2,1.39,6
2025-09-20T09:28:22Z,48.842326,2.095464,166.8,51.89,334.6,1.39,6
2025-09-20T09:28:23Z,48.842439,2.095371,165.9,51.67,329.0,1.39,6
2025-09-20T09:28:24Z,48.842558,2.095266,170.3,51.00,324.9,1.19,7
2025-09-20T09:28:25Z,48.842659,2.095147,171.9,53.50,322.2,1.19,7
2025-09-20T09:28:26Z,48.842774,2.095004,172.8,55.52,319.0,1.19,7
2025-09-20T09:28:27Z,48.842875,2.094848,174.1,57.63,315.5,1.19,7
2025-09-20T09:28:28Z,48.842975,2.094692,175.2,59.10,313.2,1.39,6
2025-09-20T09:28:29Z,48.843076,2.094512,176.6,61.67,308.7,1.39,6
2025-09-20T09:28:30Z,48.843169,2.094315,178.3,63.84,304.0,1.39,6
2025-09-20T09:28:31Z,48.843246,2.094106,178.9,64.89,299.1,1.39,6
2025-09-20T09:28:32Z,48.843318,2.093880,180.1,67.84,295.9,1.39,6
2025-09-20T09:28:33Z,48.843398,2.093650,181.5,69.32,296.2,1.39,6
2025-09-20T09:28:34Z,48.843483,2.093412,183.9,71.38,295.7,1.39,6
2025-09-20T09:28:35Z,48.843577,2.093175,188.9,73.86,295.7,1.39,6
2025-09-20T09:28:36Z,48.843673,2.092925,192.4,75.19,295.4,1.39,6
2025-09-20T09:28:37Z,48.843765,2.092681,197.3,74.39,295.4,1.39,6
2025-09-20T09:28:38Z,48.843843,2.092435,201.1,72.91,293.8,1.39,6
2025-09-20T09:28:37Z,48.843907,2.092182,202.8,72.23,291.3,1.39,6
2025-09-20T09:28:38Z,48.843969,2.091928,205.2,72.67,290.6,1.19,7
2025-09-20T09:28:39Z,48.844037,2.091673,208.2,73.60,291.6,1.19,7
2025-09-20T09:28:40Z,48.844074,2.091397,206.6,74.30,288.7,1.19,7
2025-09-20T09:28:41Z,48.844130,2.091122,206.4,75.95,292.3,1.19,7
2025-09-20T09:28:42Z,48.844193,2.090852,206.6,75.75,294.5,1.19,7
2025-09-20T09:28:43Z,48.844285,2.090602,209.2,75.10,298.5,1.19,7
2025-09-20T09:28:44Z,48.844369,2.090348,209.9,75.51,299.5,1.19,7
2025-09-20T09:28:45Z,48.844454,2.090090,209.4,76.36,300.3,1.19,7
2025-09-20T09:28:46Z,48.844535,2.089832,208.5,75.38,299.7,1.19,7
2025-09-20T09:28:47Z,48.844609,2.089574,207.5,74.02,297.6,1.39,6
2025-09-20T09:28:48Z,48.844659,2.089314,204.3,70.56,295.9,1.39,6
2025-09-20T09:28:49Z,48.844726,2.089085,204.3,65.21,295.6,1.39,6
2025-09-20T09:28:50Z,48.844788,2.088857,205.0,65.71,293.3,1.39,6
2025-09-20T09:28:51Z,48.844839,2.088624,204.8,64.86,291.1,1.18,7
2025-09-20T09:28:52Z,48.844882,2.088385,203.0,65.13,291.2,1.18,7
2025-09-20T09:28:53Z,48.844938,2.088155,202.7,65.01,291.7,1.18,7
2025-09-20T09:28:54Z,48.844991,2.087925,202.0,64.73,292.0,1.39,6
2025-09-20T09:28:55Z,48.845037,2.087690,200.1,64.08,292.2,1.18,7
2025-09-20T09:28:56Z,48.845080,2.087458,198.0,62.78,292.2,1.18,7
2025-09-20T09:28:57Z,48.845125,2.087230,196.2,62.95,291.4,1.39,6
2025-09-20T09:28:58Z,48.845172,2.087004,195.1,62.63,290.6,1.39,6
2025-09-20T09:28:59Z,48.845217,2.086781,193.9,62.08,290.4,1.39,6
2025-09-20T09:29:00Z,48.845266,2.086561,192.8,61.43,289.1,1.39,6
2025-09-20T09:29:01Z,48.845316,2.086345,192.3,60.15,290.8,1.18,7
2025-09-20T09:29:02Z,48.845365,2.086135,191.9,58.88,290.1,1.18,7
2025-09-20T09:29:03Z,48.845416,2.085927,191.4,59.08,291.1,1.18,7
2025-09-20T09:29:04Z,48.845468,2.085714,190.7,60.15,290.7,1.18,7
2025-09-20T09:29:05Z,48.845521,2.085495,190.2,62.06,290.9,1.18,7
2025-09-20T09:29:06Z,48.845576,2.085278,189.4,61.15,291.6,1.18,7
2025-09-20T09:29:07Z,48.845637,2.085055,189.1,64.10,292.4,1.18,7
2025-09-20T09:29:08Z,48.845694,2.084821,188.2,66.04,291.0,1.18,7
2025-09-20T09:29:09Z,48.845754,2.084581,187.9,68.17,290.9,1.18,7
2025-09-20T09:29:10Z,48.845807,2.084339,187.4,66.99,289.0,1.18,7
2025-09-20T09:29:11Z,48.845861,2.084096,187.0,67.89,288.7,1.18,7
2025-09-20T09:29:12Z,48.845915,2.083848,186.1,69.84,288.8,1.18,7
2025-09-20T09:29:13Z,48.845968,2.083588,185.9,72.43,288.3,1.39,6
2025-09-20T09:29:14Z,48.846024,2.083326,185.8,73.28,289.3,1.39,6
2025-09-20T09:29:15Z,48.846087,2.083069,185.5,72.82,290.7,1.18,7
2025-09-20T09:29:16Z,48.846151,2.082810,184.9,73.69,290.6,1.18,7
2025-09-20T09:29:17Z,48.846217,2.082548,184.7,74.95,290.9,1.18,7
2025-09-20T09:29:18Z,48.846282,2.082279,185.1,76.58,290.2,1.18,7
2025-09-20T09:29:19Z,48.846349,2.082005,185.0,77.34,290.6,1.18,7
2025-09-20T09:29:20Z,48.846420,2.081729,185.0,78.49,291.2,1.18,7
2025-09-20T09:29:21Z,48.846492,2.081450,185.1,79.38,291.0,1.18,7
2025-09-20T09:29:22Z,48.846563,2.081167,185.3,79.99,291.2,1.18,7
2025-09-20T09:29:23Z,48.846633,2.080884,185.3,79.60,290.4,1.39,6
2025-09-20T09:29:24Z,48.846703,2.080602,185.1,79.78,290.8,1.39,6
2025-09-20T09:29:25Z,48.846776,2.080316,185.0,81.56,291.5,1.18,7
2025-09-20T09:29:26Z,48.846850,2.080026,185.1,82.91,290.9,1.18,7
2025-09-20T09:29:27Z,48.846924,2.079731,184.8,82.90,291.1,1.18,7
2025-09-20T09:29:28Z,48.846999,2.079440,184.7,82.27,291.0,1.18,7
2025-09-20T09:29:29Z,48.847074,2.079148,184.9,82.64,290.8,1.18,7
2025-09-20T09:29:30Z,48.847149,2.078857,185.1,82.41,291.1,1.18,7
2025-09-20T09:29:31Z,48.847217,2.078570,185.0,81.14,290.5,1.39,6
2025-09-20T09:29:32Z,48.847286,2.078287,185.1,79.75,290.7,1.39,6
2025-09-20T09:29:33Z,48.847356,2.078008,185.2,78.47,291.1,1.39,6
2025-09-20T09:29:34Z,48.847426,2.077735,185.3,77.49,291.2,1.39,6
2025-09-20T09:29:35Z,48.847491,2.077465,185.3,75.65,290.7,1.39,6
2025-09-20T09:29:36Z,48.847557,2.077198,185.1,74.84,290.4,1.39,6
2025-09-20T09:29:37Z,48.847622,2.076936,185.0,73.77,290.7,1.39,6
2025-09-20T09:29:38Z,48.847692,2.076674,185.0,74.65,292.3,1.39,6
2025-09-20T09:29:39Z,48.847761,2.076412,185.2,74.54,290.9,1.39,6
2025-09-20T09:29:40Z,48.847829,2.076146,185.6,75.95,291.0,1.18,7
2025-09-20T09:29:41Z,48.847902,2.075872,185.7,78.49,292.0,1.18,7
2025-09-20T09:29:42Z,48.847976,2.075592,185.7,80.12,291.8,1.18,7
2025-09-20T09:29:43Z,48.848052,2.075311,185.9,80.60,292.5,1.18,7
2025-09-20T09:29:44Z,48.848129,2.075028,185.9,80.80,292.6,1.18,7
2025-09-20T09:29:45Z,48.848213,2.074746,186.3,82.45,294.0,1.18,7
2025-09-20T09:29:46Z,48.848292,2.074459,186.6,82.95,293.0,1.39,6
2025-09-20T09:29:47Z,48.848382,2.074169,187.3,84.82,294.3,1.39,6
2025-09-20T09:29:48Z,48.848471,2.073873,187.6,86.10,294.2,1.39,6
2025-09-20T09:29:49Z,48.848553,2.073570,187.6,86.67,293.6,1.39,6
2025-09-20T09:29:50Z,48.848641,2.073274,188.0,85.47,293.9,1.39,6
2025-09-20T09:29:51Z,48.848740,2.072978,188.6,87.25,295.5,1.39,6
2025-09-20T09:29:52Z,48.848841,2.072681,188.9,88.04,297.1,1.39,6
2025-09-20T09:29:53Z,48.848943,2.072381,189.1,89.14,297.1,1.39,7
2025-09-20T09:29:54Z,48.849049,2.072077,189.1,90.16,297.4,1.39,6
2025-09-20T09:29:55Z,48.849158,2.071772,189.1,91.47,298.1,1.39,6
2025-09-20T09:29:56Z,48.849271,2.071464,189.3,92.86,298.9,1.39,6
2025-09-20T09:29:57Z,48.849381,2.071147,188.4,94.25,298.8,1.39,6
2025-09-20T09:29:58Z,48.849492,2.070836,188.5,93.88,299.5,1.39,6
2025-09-20T09:29:59Z,48.849625,2.070549,190.2,91.82,302.9,1.39,6
2025-09-20T09:30:00Z,48.849743,2.070247,190.4,93.27,301.1,1.39,6
2025-09-20T09:30:01Z,48.849865,2.069945,190.6,93.80,301.8,1.39,6
2025-09-20T09:30:02Z,48.849982,2.069639,190.0,93.97,301.8,1.39,6
2025-09-20T09:30:03Z,48.850108,2.069335,190.1,94.90,302.5,1.39,6
2025-09-20T09:30:04Z,48.850240,2.069031,190.8,96.47,302.8,1.39,6
2025-09-20T09:30:05Z,48.850369,2.068720,190.9,97.49,303.0,1.39,6
2025-09-20T09:30:06Z,48.850496,2.068403,190.2,98.40,303.0,1.39,6
2025-09-20T09:30:07Z,48.850622,2.068093,188.7,96.67,304.0,1.39,6
2025-09-20T09:30:08Z,48.850756,2.067794,188.3,95.82,304.3,1.39,6
2025-09-20T09:30:09Z,48.850890,2.067492,188.4,96.43,303.6,1.39,6
2025-09-20T09:30:10Z,48.851023,2.067190,187.7,96.69,304.6,1.39,6
2025-09-20T09:30:11Z,48.851159,2.066890,187.1,96.54,305.2,1.39,6
2025-09-20T09:30:12Z,48.851296,2.066602,186.0,95.06,306.5,1.39,6
2025-09-20T09:30:13Z,48.851438,2.066314,185.9,94.49,306.4,1.39,6
2025-09-20T09:30:14Z,48.851578,2.066031,185.7,93.19,307.0,1.39,6
2025-09-20T09:30:15Z,48.851714,2.065751,185.4,92.08,307.3,1.18,7
2025-09-20T09:30:16Z,48.851848,2.065468,185.0,91.27,306.4,1.18,7
2025-09-20T09:30:17Z,48.851984,2.065193,185.3,90.53,306.8,1.18,7
2025-09-20T09:30:18Z,48.852117,2.064921,184.9,89.64,307.1,1.18,7
2025-09-20T09:30:19Z,48.852248,2.064647,184.1,89.56,306.6,1.18,7
2025-09-20T09:30:20Z,48.852379,2.064370,184.0,89.99,306.4,1.18,7
2025-09-20T09:30:21Z,48.852514,2.064089,184.4,91.41,306.4,1.18,7
2025-09-20T09:30:22Z,48.852650,2.063806,184.2,93.23,306.6,1.18,7
2025-09-20T09:30:23Z,48.852789,2.063521,184.0,94.29,307.2,1.18,7
2025-09-20T09:30:24Z,48.852926,2.063224,183.7,95.66,305.5,1.18,7
2025-09-20T09:30:25Z,48.853066,2.062929,183.7,96.27,306.0,1.18,7
2025-09-20T09:30:26Z,48.853210,2.062636,183.6,96.58,306.5,1.39,6
2025-09-20T09:30:27Z,48.853361,2.062352,184.1,96.49,309.1,1.39,6
2025-09-20T09:30:28Z,48.853504,2.062060,183.8,96.12,307.3,1.39,6
2025-09-20T09:30:29Z,48.853643,2.061769,183.0,95.92,306.7,1.39,6
2025-09-20T09:30:30Z,48.853787,2.061480,182.9,96.29,307.2,1.39,6
2025-09-20T09:30:31Z,48.853938,2.061194,183.5,96.29,308.2,1.39,6
2025-09-20T09:30:32Z,48.854083,2.060897,184.1,96.86,307.1,1.39,6
2025-09-20T09:30:33Z,48.854219,2.060597,182.9,96.62,305.6,1.39,6
2025-09-20T09:30:34Z,48.854362,2.060301,182.9,96.79,306.5,1.39,6
2025-09-20T09:30:35Z,48.854502,2.060008,182.2,96.29,306.3,1.39,6
2025-09-20T09:30:36Z,48.854646,2.059718,182.1,95.71,306.6,2.61,5
2025-09-20T09:30:37Z,48.854784,2.059423,181.9,95.40,306.2,2.61,5
2025-09-20T09:30:38Z,48.854932,2.059136,182.3,96.38,307.1,2.61,5
2025-09-20T09:30:39Z,48.855075,2.058842,182.3,96.60,306.4,2.61,5
2025-09-20T09:30:40Z,48.855215,2.058546,181.8,96.36,306.7,1.39,6
2025-09-20T09:30:41Z,48.855360,2.058254,182.0,96.06,307.3,1.39,7
2025-09-20T09:30:42Z,48.855501,2.057962,181.5,96.42,307.1,1.39,6
2025-09-20T09:30:43Z,48.855649,2.057665,181.9,98.06,306.8,1.39,6
2025-09-20T09:30:44Z,48.855789,2.057364,181.1,98.29,306.3,1.39,6
2025-09-20T09:30:45Z,48.855938,2.057073,181.1,97.90,307.6,1.39,6
2025-09-20T09:30:46Z,48.856080,2.056777,180.5,97.12,307.2,1.39,6
2025-09-20T09:30:47Z,48.856221,2.056480,179.8,97.17,306.0,1.39,6
2025-09-20T09:30:48Z,48.856361,2.056183,179.6,96.71,305.5,1.39,6
2025-09-20T09:30:49Z,48.856498,2.055888,179.1,95.69,305.8,1.39,6
2025-09-20T09:30:50Z,48.856637,2.055601,179.1,94.12,306.5,2.61,5
2025-09-20T09:30:51Z,48.856774,2.055315,179.1,93.38,306.1,2.61,5
2025-09-20T09:30:52Z,48.856910,2.055036,179.3,91.67,306.1,1.39,6
2025-09-20T09:30:53Z,48.857049,2.054763,179.8,90.47,307.5,1.39,6
2025-09-20T09:30:54Z,48.857182,2.054490,179.8,89.71,307.3,1.40,6
2025-09-20T09:30:55Z,48.857305,2.054214,178.8,88.34,306.3,1.40,6
2025-09-20T09:30:56Z,48.857433,2.053946,179.2,86.86,306.2,1.40,6
2025-09-20T09:30:57Z,48.857558,2.053685,179.0,85.40,306.5,1.40,6
2025-09-20T09:30:58Z,48.857683,2.053428,179.1,84.28,306.3,1.40,6
2025-09-20T09:30:59Z,48.857808,2.053174,179.6,83.10,306.6,1.40,6
2025-09-20T09:31:00Z,48.857935,2.052927,180.0,82.14,307.4,1.40,6
2025-09-20T09:31:01Z,48.858058,2.052681,180.2,82.06,306.9,1.40,6
2025-09-20T09:31:02Z,48.858176,2.052433,180.1,80.88,306.5,1.40,6
2025-09-20T09:31:03Z,48.858300,2.052191,180.3,80.65,308.0,2.60,5
2025-09-20T09:31:04Z,48.858422,2.051947,180.6,81.21,307.5,11.21,4
2025-09-20T09:31:05Z,48.858542,2.051698,180.4,81.80,306.8,2.60,5
2025-09-20T09:31:06Z,48.858662,2.051451,180.4,80.95,306.5,11.25,4
2025-09-20T09:31:07Z,48.858782,2.051207,180.0,80.17,307.4,2.60,5
2025-09-20T09:31:08Z,48.858894,2.050969,180.2,76.10,306.3,2.27,6
2025-09-20T09:31:09Z,48.859000,2.050751,180.2,70.67,306.8,1.17,7
2025-09-20T09:31:10Z,48.859083,2.050559,178.5,59.67,307.4,1.17,7
2025-09-20T09:31:11Z,48.859154,2.050400,177.1,49.28,306.7,1.17,7
2025-09-20T09:31:12Z,48.859218,2.050274,177.6,39.74,307.5,1.17,7
2025-09-20T09:31:13Z,48.859271,2.050168,179.0,33.10,306.6,1.17,7
2025-09-20T09:31:14Z,48.859311,2.050069,179.0,30.56,304.9,1.17,7
2025-09-20T09:31:15Z,48.859351,2.049977,178.6,29.22,306.2,1.17,7
2025-09-20T09:31:16Z,48.859394,2.049884,178.6,30.08,306.8,1.17,7
2025-09-20T09:31:17Z,48.859437,2.049793,178.6,29.78,307.4,1.17,7
2025-09-20T09:31:18Z,48.859484,2.049699,178.8,31.35,307.4,1.17,7
2025-09-20T09:31:19Z,48.859525,2.049591,179.7,32.71,301.8,1.17,7
2025-09-20T09:31:20Z,48.859569,2.049486,179.5,33.32,304.6,1.17,7
2025-09-20T09:31:21Z,48.859617,2.049380,179.7,33.61,304.3,1.17,7
2025-09-20T09:31:22Z,48.859668,2.049280,180.0,33.45,306.6,1.17,7
2025-09-20T09:31:23Z,48.859720,2.049171,180.3,35.39,306.6,1.17,7
2025-09-20T09:31:24Z,48.859769,2.049062,180.2,34.73,306.5,1.17,7
2025-09-20T09:31:25Z,48.859820,2.048954,180.8,35.10,306.2,1.17,7
2025-09-20T09:31:26Z,48.859876,2.048846,181.9,35.43,307.5,1.17,7
2025-09-20T09:31:27Z,48.859930,2.048738,182.2,35.28,307.3,1.17,7
2025-09-20T09:31:28Z,48.859986,2.048634,182.7,35.15,309.8,1.17,7
2025-09-20T09:31:29Z,48.860041,2.048526,182.6,36.24,308.3,1.17,7
2025-09-20T09:31:30Z,48.860097,2.048411,182.9,38.15,307.4,1.17,7
2025-09-20T09:31:31Z,48.860154,2.048290,183.2,39.73,306.0,1.17,7
2025-09-20T09:31:32Z,48.860219,2.048171,183.5,40.84,309.1,1.17,7
2025-09-20T09:31:33Z,48.860276,2.048045,182.8,41.65,307.4,1.17,7
2025-09-20T09:31:34Z,48.860340,2.047916,183.1,43.11,307.7,1.17,7
2025-09-20T09:31:35Z,48.860406,2.047777,183.2,45.65,306.0,1.17,7
2025-09-20T09:31:36Z,48.860472,2.047633,182.5,47.37,306.2,1.17,7
2025-09-20T09:31:37Z,48.860543,2.047484,182.4,49.39,306.3,1.17,7
2025-09-20T09:31:38Z,48.860618,2.047328,182.5,51.43,306.1,1.17,7
2025-09-20T09:31:39Z,48.860698,2.047170,182.7,53.26,306.7,1.17,7
2025-09-20T09:31:40Z,48.860774,2.047004,182.3,54.45,306.2,1.17,7
2025-09-20T09:31:41Z,48.860857,2.046832,183.0,55.87,305.9,1.17,7
2025-09-20T09:31:42Z,48.860948,2.046659,184.6,56.95,306.5,1.17,7
2025-09-20T09:31:43Z,48.861028,2.046486,184.9,56.02,304.8,2.26,7
2025-09-20T09:31:44Z,48.861115,2.046325,184.8,55.12,308.2,2.26,6
2025-09-20T09:31:45Z,48.861200,2.046164,185.4,54.43,308.7,2.59,5
2025-09-20T09:31:46Z,48.861293,2.046015,185.6,53.84,311.4,2.26,6
2025-09-20T09:31:47Z,48.861387,2.045875,184.9,53.76,314.3,2.26,6
2025-09-20T09:31:48Z,48.861465,2.045714,184.9,53.78,309.9,1.17,7
2025-09-20T09:31:49Z,48.861551,2.045547,186.5,54.69,307.9,1.17,7
2025-09-20T09:31:50Z,48.861634,2.045377,186.7,55.84,306.6,1.17,7
2025-09-20T09:31:51Z,48.861742,2.045214,190.1,57.56,308.5,1.17,7
2025-09-20T09:31:52Z,48.861835,2.045038,191.9,58.38,307.5,1.17,7
2025-09-20T09:31:53Z,48.861917,2.044857,191.5,59.21,305.5,1.40,6
2025-09-20T09:31:54Z,48.862013,2.044674,192.5,61.67,307.0,1.40,6
2025-09-20T09:31:55Z,48.862094,2.044476,191.5,62.80,304.7,1.40,6
2025-09-20T09:31:56Z,48.862183,2.044282,190.0,64.51,305.9,1.40,6
2025-09-20T09:31:57Z,48.862295,2.044095,190.8,66.45,310.0,1.40,6
2025-09-20T09:31:58Z,48.862401,2.043898,191.7,67.10,309.5,1.40,6
2025-09-20T09:31:59Z,48.862515,2.043701,192.9,68.60,309.9,1.40,6
2025-09-20T09:32:00Z,48.862634,2.043505,195.3,68.89,309.7,1.40,6
2025-09-20T09:32:01Z,48.862743,2.043302,196.8,68.54,309.1,1.40,6
2025-09-20T09:32:02Z,48.862861,2.043108,198.6,68.56,310.8,1.40,6
2025-09-20T09:32:03Z,48.862952,2.042892,197.5,69.30,308.4,1.40,6
2025-09-20T09:32:04Z,48.863053,2.042685,197.2,69.64,308.0,1.40,6
2025-09-20T09:32:05Z,48.863151,2.042472,196.3,69.95,307.5,1.40,6
2025-09-20T09:32:06Z,48.863254,2.042259,196.6,70.08,307.8,1.40,6
2025-09-20T09:32:07Z,48.863358,2.042047,196.9,70.36,308.1,1.40,6
2025-09-20T09:32:08Z,48.863477,2.041841,199.1,71.12,309.2,1.40,6
2025-09-20T09:32:09Z,48.863582,2.041624,198.9,72.14,308.7,1.40,6
2025-09-20T09:32:10Z,48.863695,2.041407,199.8,72.64,309.1,1.40,6
2025-09-20T09:32:11Z,48.863810,2.041191,200.6,73.21,309.3,1.40,6
2025-09-20T09:32:12Z,48.863928,2.040972,202.1,73.91,309.0,1.40,6
2025-09-20T09:32:13Z,48.864044,2.040751,203.9,73.75,308.6,1.40,6
2025-09-20T09:32:14Z,48.864170,2.040548,205.2,73.17,310.2,1.40,6
2025-09-20T09:32:15Z,48.864280,2.040334,206.0,72.49,309.7,1.40,6
2025-09-20T09:32:16Z,48.864393,2.040121,206.7,72.49,309.6,1.40,6
2025-09-20T09:32:17Z,48.864500,2.039904,206.9,72.39,309.1,1.40,6
2025-09-20T09:32:18Z,48.864606,2.039679,207.3,73.25,308.3,1.40,6
2025-09-20T09:32:19Z,48.864725,2.039459,208.8,74.32,309.1,1.82,5
2025-09-20T09:32:20Z,48.864829,2.039235,207.3,74.93,308.8,1.40,6
2025-09-20T09:32:21Z,48.864933,2.039004,205.6,76.39,308.1,1.40,6
2025-09-20T09:32:22Z,48.865032,2.038763,203.6,77.08,307.5,1.40,6
2025-09-20T09:32:23Z,48.865134,2.038512,202.7,78.34,306.6,1.40,6
2025-09-20T09:32:24Z,48.865246,2.038269,202.6,78.95,306.6,1.40,6
2025-09-20T09:32:25Z,48.865355,2.038022,201.4,80.19,306.0,1.40,6
2025-09-20T09:32:26Z,48.865474,2.037774,201.4,81.28,306.6,1.40,6
2025-09-20T09:32:27Z,48.865588,2.037522,200.5,81.73,306.8,1.40,6
2025-09-20T09:32:28Z,48.865700,2.037267,199.7,82.10,306.4,1.40,6
2025-09-20T09:32:29Z,48.865814,2.037013,198.6,83.03,306.2,1.40,6
2025-09-20T09:32:30Z,48.865929,2.036754,198.4,83.14,306.4,1.17,7
2025-09-20T09:32:31Z,48.866044,2.036490,198.8,83.43,306.1,1.17,7
2025-09-20T09:32:32Z,48.866159,2.036218,199.2,84.78,305.3,1.17,7
2025-09-20T09:32:33Z,48.866278,2.035950,199.4,85.30,305.4,1.17,7
2025-09-20T09:32:34Z,48.866400,2.035684,199.6,85.54,305.4,1.40,6
2025-09-20T09:32:35Z,48.866520,2.035423,199.3,84.77,305.8,1.40,6
2025-09-20T09:32:36Z,48.866636,2.035164,198.6,83.84,305.9,1.40,6
2025-09-20T09:32:37Z,48.866759,2.034914,198.0,83.38,306.7,1.40,6
2025-09-20T09:32:38Z,48.866873,2.034655,196.8,83.69,306.2,1.40,6
2025-09-20T09:32:39Z,48.867001,2.034400,196.8,84.19,306.9,1.40,6
2025-09-20T09:32:40Z,48.867129,2.034148,195.8,84.51,308.1,1.17,7
2025-09-20T09:32:41Z,48.867261,2.033893,195.7,85.32,308.8,1.17,7
2025-09-20T09:32:42Z,48.867392,2.033631,195.8,86.62,308.6,1.17,7
2025-09-20T09:32:43Z,48.867529,2.033373,196.0,87.14,309.2,1.17,7
2025-09-20T09:32:44Z,48.867668,2.033115,196.0,87.67,310.0,1.17,7
2025-09-20T09:32:45Z,48.867812,2.032856,196.2,88.51,310.3,1.17,7
2025-09-20T09:32:46Z,48.867957,2.032599,196.8,88.69,310.6,1.17,7
2025-09-20T09:32:47Z,48.868123,2.032355,198.1,89.69,312.9,1.17,7
2025-09-20T09:32:48Z,48.868280,2.032103,198.8,90.32,313.4,1.17,7
2025-09-20T09:32:49Z,48.868445,2.031855,199.8,91.03,314.1,1.17,7
2025-09-20T09:32:50Z,48.868601,2.031606,200.1,90.84,314.2,1.17,7
2025-09-20T09:32:51Z,48.868772,2.031370,199.9,91.64,315.8,1.17,7
2025-09-20T09:32:52Z,48.868943,2.031137,200.0,91.62,317.0,1.17,7
2025-09-20T09:32:53Z,48.869108,2.030896,200.1,91.45,317.2,1.17,7
2025-09-20T09:32:54Z,48.869278,2.030666,200.7,90.95,317.9,1.17,7
2025-09-20T09:32:55Z,48.869443,2.030427,200.9,91.40,317.4,1.17,7
2025-09-20T09:32:56Z,48.869613,2.030187,200.9,92.32,317.6,1.17,7
2025-09-20T09:32:57Z,48.869778,2.029944,200.9,92.54,317.5,1.17,7
2025-09-20T09:32:58Z,48.869951,2.029713,200.6,92.84,318.1,1.40,6
2025-09-20T09:32:59Z,48.870124,2.029482,200.4,93.12,318.2,1.40,6
2025-09-20T09:33:00Z,48.870295,2.029250,200.2,92.64,318.6,1.40,6
2025-09-20T09:33:01Z,48.870461,2.029014,199.9,91.64,318.4,1.40,6
2025-09-20T09:33:02Z,48.870621,2.028779,199.1,91.03,318.0,1.40,6
2025-09-20T09:33:03Z,48.870777,2.028549,198.1,89.95,318.4,1.17,7
2025-09-20T09:33:04Z,48.870929,2.028317,198.2,87.78,317.8,1.17,7
2025-09-20T09:33:05Z,48.871078,2.028093,197.5,86.04,317.9,1.17,7
2025-09-20T09:33:06Z,48.871228,2.027869,197.9,85.30,317.5,1.17,7
2025-09-20T09:33:07Z,48.871378,2.027662,197.3,83.45,318.4,1.40,6
2025-09-20T09:33:08Z,48.871522,2.027450,196.1,82.53,318.2,1.40,6
2025-09-20T09:33:09Z,48.871671,2.027241,195.6,82.28,318.3,1.40,6
2025-09-20T09:33:10Z,48.871818,2.027030,195.0,82.43,318.2,1.40,6
2025-09-20T09:33:11Z,48.871972,2.026820,194.8,82.64,318.1,1.40,6
2025-09-20T09:33:12Z,48.872124,2.026611,194.3,82.78,318.1,1.40,6
2025-09-20T09:33:13Z,48.872277,2.026403,194.0,82.95,318.3,1.40,6
2025-09-20T09:33:14Z,48.872428,2.026193,193.6,82.84,317.5,1.40,6
2025-09-20T09:33:15Z,48.872583,2.025984,193.5,82.80,317.8,1.40,6
2025-09-20T09:33:16Z,48.872740,2.025777,193.4,83.32,318.1,1.40,6
2025-09-20T09:33:17Z,48.872897,2.025568,193.3,83.84,318.2,1.40,6
2025-09-20T09:33:18Z,48.873056,2.025359,193.1,84.14,318.8,1.40,6
2025-09-20T09:33:19Z,48.873216,2.025148,193.3,84.71,318.9,1.40,6
2025-09-20T09:33:20Z,48.873377,2.024936,193.4,85.45,318.6,1.40,6
2025-09-20T09:33:21Z,48.873537,2.024724,193.2,85.71,318.7,1.40,6
2025-09-20T09:33:22Z,48.873697,2.024504,193.2,86.62,318.5,1.40,6
2025-09-20T09:33:23Z,48.873858,2.024287,193.0,86.95,318.5,1.40,6
2025-09-20T09:33:24Z,48.874025,2.024069,193.1,87.62,318.6,1.40,6
2025-09-20T09:33:25Z,48.874198,2.023850,193.5,88.77,319.2,1.40,6
2025-09-20T09:33:26Z,48.874368,2.023631,193.4,89.38,319.4,1.40,6
2025-09-20T09:33:27Z,48.874539,2.023412,193.5,89.67,319.6,1.40,6
2025-09-20T09:33:28Z,48.874709,2.023190,193.5,89.69,319.5,1.40,6
2025-09-20T09:33:29Z,48.874877,2.022972,193.4,88.91,319.7,1.40,6
2025-09-20T09:33:30Z,48.875046,2.022756,193.6,88.38,320.0,1.40,6
2025-09-20T09:33:31Z,48.875214,2.022546,193.6,87.17,320.3,1.40,6
2025-09-20T09:33:32Z,48.875381,2.022339,193.8,86.34,320.4,1.40,6
2025-09-20T09:33:33Z,48.875548,2.022135,193.6,86.03,320.5,1.40,6
2025-09-20T09:33:34Z,48.875717,2.021934,193.9,85.91,321.0,1.40,6
2025-09-20T09:33:35Z,48.875890,2.021738,194.0,86.04,321.9,1.40,6
2025-09-20T09:33:36Z,48.876047,2.021522,194.3,85.23,320.9,1.16,7
2025-09-20T09:33:37Z,48.876199,2.021293,195.2,85.56,319.1,1.16,7
2025-09-20T09:33:38Z,48.876352,2.021066,196.2,85.43,318.3,1.16,7
2025-09-20T09:33:39Z,48.876502,2.020829,197.3,85.64,317.2,1.16,7
2025-09-20T09:33:40Z,48.876657,2.020606,198.1,85.53,317.3,1.16,7
2025-09-20T09:33:41Z,48.876818,2.020389,198.0,86.06,317.2,1.40,6
2025-09-20T09:33:42Z,48.876989,2.020174,198.1,87.04,318.1,1.40,6
2025-09-20T09:33:43Z,48.877173,2.019982,198.1,87.36,320.4,1.40,6
2025-09-20T09:33:44Z,48.877350,2.019775,198.3,88.17,320.7,1.40,6
2025-09-20T09:33:45Z,48.877542,2.019583,198.6,89.91,323.3,1.40,6
2025-09-20T09:33:46Z,48.877727,2.019378,198.9,91.03,322.4,1.40,6
2025-09-20T09:33:47Z,48.877930,2.019190,199.1,92.84,325.4,1.40,6
2025-09-20T09:33:48Z,48.878087,2.018966,199.6,88.77,320.7,1.16,7
2025-09-20T09:33:49Z,48.878276,2.018761,199.5,91.23,322.3,1.40,6
2025-09-20T09:33:50Z,48.878480,2.018576,199.4,92.06,324.4,1.40,6
2025-09-20T09:33:51Z,48.878672,2.018382,199.0,91.86,325.1,1.40,6
2025-09-20T09:33:52Z,48.878870,2.018201,198.2,90.28,326.1,1.40,6
2025-09-20T09:33:53Z,48.879068,2.018018,198.1,90.06,326.5,1.40,6
2025-09-20T09:33:54Z,48.879255,2.017835,197.3,88.77,326.0,1.40,6
2025-09-20T09:33:55Z,48.879448,2.017660,197.2,89.14,327.1,1.40,6
2025-09-20T09:33:56Z,48.879644,2.017486,196.6,89.12,327.4,1.40,6
2025-09-20T09:33:57Z,48.879837,2.017309,195.4,90.34,327.9,1.40,6
2025-09-20T09:33:58Z,48.880030,2.017128,194.6,91.06,328.1,1.40,6
2025-09-20T09:33:59Z,48.880229,2.016952,193.4,91.30,328.6,1.40,6
2025-09-20T09:34:00Z,48.880423,2.016774,191.6,90.95,328.7,1.40,6
2025-09-20T09:34:01Z,48.880621,2.016603,190.3,90.86,328.5,1.40,6
2025-09-20T09:34:02Z,48.880822,2.016430,190.2,90.73,329.5,1.40,6
2025-09-20T09:34:03Z,48.881014,2.016262,188.6,89.41,329.6,1.40,6
2025-09-20T09:34:04Z,48.881209,2.016095,188.1,88.71,329.0,1.40,6
2025-09-20T09:34:05Z,48.881417,2.015931,189.8,89.25,330.7,1.16,7
2025-09-20T09:34:06Z,48.881618,2.015763,189.8,89.19,330.1,1.16,7
2025-09-20T09:34:07Z,48.881814,2.015596,189.5,89.84,329.7,1.16,7
2025-09-20T09:34:08Z,48.882023,2.015437,190.0,91.53,331.8,1.16,7
2025-09-20T09:34:09Z,48.882215,2.015277,188.2,91.08,330.9,1.16,7
2025-09-20T09:34:10Z,48.882411,2.015121,186.5,91.56,331.4,1.16,7
2025-09-20T09:34:11Z,48.882622,2.014966,186.2,93.10,333.2,1.40,6
2025-09-20T09:34:12Z,48.882832,2.014807,185.4,93.01,332.6,1.40,6
2025-09-20T09:34:13Z,48.883032,2.014643,184.0,92.93,332.3,1.40,6
2025-09-20T09:34:14Z,48.883238,2.014482,183.0,93.45,332.2,1.40,6
2025-09-20T09:34:15Z,48.883434,2.014309,181.4,92.99,330.8,1.40,6
2025-09-20T09:34:16Z,48.883641,2.014145,180.6,93.60,331.9,1.40,6
2025-09-20T09:34:17Z,48.883855,2.013989,180.5,94.08,333.2,1.40,6
2025-09-20T09:34:18Z,48.884047,2.013826,177.3,92.66,332.6,1.40,6
2025-09-20T09:34:19Z,48.884243,2.013665,175.0,92.08,332.0,1.40,6
2025-09-20T09:34:20Z,48.884445,2.013511,173.0,91.75,333.4,1.40,6
2025-09-20T09:34:21Z,48.884653,2.013358,172.2,92.23,333.8,1.40,6
2025-09-20T09:34:22Z,48.884861,2.013201,171.2,92.49,333.4,1.40,6
2025-09-20T09:34:23Z,48.885077,2.013050,170.9,93.36,334.0,1.40,6
2025-09-20T09:34:24Z,48.885297,2.012907,170.5,94.12,335.2,1.40,6
2025-09-20T09:34:25Z,48.885494,2.012746,167.7,92.47,333.9,1.40,6
2025-09-20T09:34:26Z,48.885716,2.012603,167.9,93.40,335.6,1.40,6
2025-09-20T09:34:27Z,48.885941,2.012460,168.3,94.08,335.9,1.40,6
2025-09-20T09:34:28Z,48.886167,2.012325,168.9,94.69,336.6,1.40,6
2025-09-20T09:34:29Z,48.886392,2.012193,168.8,94.45,337.4,1.40,6
2025-09-20T09:34:30Z,48.886612,2.012058,168.3,94.51,337.3,1.40,6
2025-09-20T09:34:31Z,48.886842,2.011930,168.7,95.19,338.2,1.40,6
2025-09-20T09:34:32Z,48.887064,2.011794,169.3,92.54,336.6,1.40,6
2025-09-20T09:34:33Z,48.887286,2.011659,169.6,93.58,337.1,1.40,6
2025-09-20T09:34:34Z,48.887509,2.011534,169.5,94.29,338.8,1.40,6
2025-09-20T09:34:35Z,48.887726,2.011409,168.8,92.56,338.3,1.41,6
2025-09-20T09:34:36Z,48.887943,2.011286,168.0,93.69,338.6,1.41,6
2025-09-20T09:34:37Z,48.888162,2.011156,167.4,93.93,338.6,1.41,6
2025-09-20T09:34:38Z,48.888379,2.011027,166.9,92.71,338.5,1.41,6
2025-09-20T09:34:39Z,48.888598,2.010895,166.1,94.25,338.6,1.41,6
2025-09-20T09:34:40Z,48.888814,2.010754,165.3,94.17,337.0,1.41,6
2025-09-20T09:34:41Z,48.889035,2.010616,165.7,94.04,337.6,1.41,6
2025-09-20T09:34:42Z,48.889255,2.010480,164.5,94.66,337.6,1.41,6
2025-09-20T09:34:43Z,48.889472,2.010346,163.5,93.56,337.6,1.41,6
2025-09-20T09:34:44Z,48.889692,2.010204,162.9,94.69,336.7,1.41,6
2025-09-20T09:34:45Z,48.889910,2.010069,161.6,94.30,337.3,1.41,6
2025-09-20T09:34:46Z,48.890126,2.009941,159.7,93.67,338.6,1.41,6
2025-09-20T09:34:47Z,48.890345,2.009810,158.7,93.84,338.8,1.41,6
2025-09-20T09:34:48Z,48.890530,2.009668,154.0,87.91,335.8,1.41,6
2025-09-20T09:34:49Z,48.890734,2.009526,151.2,90.12,335.8,1.41,6
2025-09-20T09:34:50Z,48.890942,2.009393,148.8,90.38,337.0,2.52,6
2025-09-20T09:34:51Z,48.891166,2.009274,147.4,93.60,339.5,2.52,5
2025-09-20T09:34:52Z,48.891380,2.009147,144.9,92.08,339.6,2.52,5
2025-09-20T09:34:53Z,48.891594,2.009024,142.8,92.01,339.3,2.52,5
2025-09-20T09:34:54Z,48.891807,2.008897,140.4,92.01,338.5,2.52,5
2025-09-20T09:34:55Z,48.892025,2.008770,139.3,92.01,338.9,2.52,5
2025-09-20T09:34:56Z,48.892239,2.008645,137.6,91.14,339.5,2.19,6
2025-09-20T09:34:57Z,48.892456,2.008528,136.7,87.34,339.7,1.16,7
2025-09-20T09:34:58Z,48.892651,2.008415,133.8,83.82,339.3,1.16,7
2025-09-20T09:34:59Z,48.892851,2.008305,132.1,83.69,339.6,2.19,6
2025-09-20T09:35:00Z,48.893055,2.008199,130.8,84.38,340.0,2.52,5
2025-09-20T09:35:01Z,48.893266,2.008099,130.5,84.15,340.1,2.19,6
2025-09-20T09:35:02Z,48.893477,2.008002,131.0,84.25,341.1,1.16,7
2025-09-20T09:35:03Z,48.893698,2.007919,133.3,84.10,342.0,1.16,7
2025-09-20T09:35:04Z,48.893924,2.007840,136.5,83.56,342.4,1.16,7
2025-09-20T09:35:05Z,48.894113,2.007748,136.1,80.19,342.3,1.16,7
2025-09-20T09:35:06Z,48.894311,2.007661,137.7,78.27,342.1,1.16,7
2025-09-20T09:35:07Z,48.894504,2.007573,139.3,77.40,341.8,1.41,6
2025-09-20T09:35:08Z,48.894693,2.007487,141.1,74.47,341.7,1.41,6
2025-09-20T09:35:09Z,48.894872,2.007399,142.2,73.19,341.2,1.41,6
2025-09-20T09:35:10Z,48.895050,2.007313,143.2,72.99,341.5,1.41,6
2025-09-20T09:35:11Z,48.895235,2.007229,145.4,73.65,341.7,1.41,6
2025-09-20T09:35:12Z,48.895419,2.007143,147.1,74.19,341.6,1.41,6
2025-09-20T09:35:13Z,48.895594,2.007054,147.7,73.99,341.5,1.41,6
2025-09-20T09:35:14Z,48.895775,2.006969,149.0,74.10,341.9,1.41,6
2025-09-20T09:35:15Z,48.895956,2.006882,149.8,74.54,341.9,1.41,6
2025-09-20T09:35:16Z,48.896139,2.006797,150.7,75.06,341.9,1.41,6
2025-09-20T09:35:17Z,48.896307,2.006709,149.5,74.39,342.2,1.41,6
2025-09-20T09:35:18Z,48.896482,2.006620,150.4,74.02,341.9,1.41,6
2025-09-20T09:35:19Z,48.896659,2.006534,151.7,73.43,342.1,1.41,6
2025-09-20T09:35:20Z,48.896833,2.006448,152.2,73.19,341.9,1.41,6
2025-09-20T09:35:21Z,48.896999,2.006363,151.1,73.06,341.7,1.41,6
2025-09-20T09:35:22Z,48.897178,2.006276,152.5,73.43,341.6,1.41,6
2025-09-20T09:35:23Z,48.897354,2.006188,152.9,73.82,342.1,1.41,6
2025-09-20T09:35:24Z,48.897540,2.006105,154.8,74.30,342.6,1.41,6
2025-09-20T09:35:25Z,48.897734,2.006024,157.1,75.71,343.2,1.41,6
2025-09-20T09:35:26Z,48.897919,2.005948,157.6,75.97,344.2,1.41,6
2025-09-20T09:35:27Z,48.898104,2.005871,158.5,76.01,344.7,1.41,6
2025-09-20T09:35:28Z,48.898283,2.005800,159.7,74.88,345.5,1.41,6
2025-09-20T09:35:29Z,48.898465,2.005740,160.6,74.38,346.7,1.41,6
2025-09-20T09:35:30Z,48.898646,2.005678,162.4,73.67,347.2,1.41,6
2025-09-20T09:35:31Z,48.898818,2.005618,163.3,72.45,347.6,1.41,6
2025-09-20T09:35:32Z,48.898994,2.005565,163.7,72.25,348.6,1.41,6
2025-09-20T09:35:33Z,48.899164,2.005511,164.3,71.45,348.6,1.41,6
2025-09-20T09:35:34Z,48.899321,2.005457,165.8,69.02,348.8,1.16,7
2025-09-20T09:35:35Z,48.899480,2.005415,167.4,67.25,350.1,1.16,7
2025-09-20T09:35:36Z,48.899659,2.005370,166.2,70.17,350.8,1.16,7
2025-09-20T09:35:37Z,48.899838,2.005329,166.4,71.28,351.8,1.41,6
2025-09-20T09:35:38Z,48.900013,2.005295,166.8,71.43,352.6,1.41,6
2025-09-20T09:35:39Z,48.900192,2.005266,167.5,71.52,353.5,1.41,6
2025-09-20T09:35:40Z,48.900369,2.005240,168.0,70.47,354.4,1.41,6
2025-09-20T09:35:41Z,48.900546,2.005215,168.9,70.23,354.9,1.41,6
2025-09-20T09:35:42Z,48.900717,2.005191,169.4,69.32,355.0,1.41,6
2025-09-20T09:35:43Z,48.900891,2.005177,169.7,69.38,356.3,1.41,6
2025-09-20T09:35:44Z,48.901066,2.005165,170.0,69.73,357.3,1.41,6
2025-09-20T09:35:45Z,48.901244,2.005155,169.5,71.12,358.0,1.41,6
2025-09-20T09:35:46Z,48.901425,2.005146,168.1,72.39,358.3,1.41,6
2025-09-20T09:35:47Z,48.901601,2.005149,165.9,72.78,359.3,1.41,6
2025-09-20T09:35:48Z,48.901781,2.005145,166.0,72.67,359.2,1.41,6
2025-09-20T09:35:49Z,48.901963,2.005142,166.1,72.82,359.2,1.41,6
2025-09-20T09:35:50Z,48.902145,2.005141,166.3,73.12,359.7,1.80,5
2025-09-20T09:35:51Z,48.902319,2.005144,166.5,71.60,0.3,1.80,5
2025-09-20T09:35:52Z,48.902483,2.005149,166.4,68.71,0.5,1.80,5
2025-09-20T09:35:53Z,48.902645,2.005152,166.2,66.41,0.7,1.80,5
2025-09-20T09:35:54Z,48.902808,2.005156,166.0,66.19,0.6,1.41,6
2025-09-20T09:35:55Z,48.902965,2.005162,165.1,65.23,0.9,1.41,6
2025-09-20T09:35:56Z,48.903126,2.005171,164.0,65.43,1.1,1.41,6
2025-09-20T09:35:57Z,48.903288,2.005174,163.8,65.26,0.5,1.41,6
2025-09-20T09:35:58Z,48.903448,2.005177,163.1,65.34,0.4,1.41,6
2025-09-20T09:35:59Z,48.903610,2.005184,162.7,65.49,0.7,1.41,6
2025-09-20T09:36:00Z,48.903767,2.005191,162.1,64.34,1.1,1.41,6
2025-09-20T09:36:01Z,48.903887,2.005195,158.4,58.89,0.3,3.87,5
2025-09-20T09:36:02Z,48.904006,2.005187,156.0,54.73,357.6,3.87,5
2025-09-20T09:36:03Z,48.904100,2.005187,155.6,46.97,358.4,1.41,6
2025-09-20T09:36:04Z,48.904203,2.005190,155.4,44.99,0.0,1.41,6
2025-09-20T09:36:05Z,48.904288,2.005192,155.8,40.76,0.0,1.15,7
2025-09-20T09:36:06Z,48.904381,2.005190,155.5,39.74,359.6,1.15,7
2025-09-20T09:36:07Z,48.904470,2.005194,154.9,38.82,0.8,1.15,7
2025-09-20T09:36:08Z,48.904563,2.005196,154.7,38.69,1.2,1.53,6
2025-09-20T09:36:09Z,48.904663,2.005194,154.4,40.04,0.6,1.15,7
2025-09-20T09:36:10Z,48.904773,2.005192,154.3,42.28,0.1,1.15,7
2025-09-20T09:36:11Z,48.904879,2.005194,154.0,43.50,1.1,1.15,7
2025-09-20T09:36:12Z,48.904989,2.005199,153.4,44.60,1.8,1.15,7
2025-09-20T09:36:13Z,48.905106,2.005210,152.9,46.24,2.8,1.41,6
2025-09-20T09:36:14Z,48.905243,2.005207,151.6,51.34,0.6,1.15,7
2025-09-20T09:36:15Z,48.905373,2.005209,150.8,52.24,0.8,1.41,6
2025-09-20T09:36:16Z,48.905502,2.005215,150.2,52.43,1.4,1.15,7
2025-09-20T09:36:17Z,48.905627,2.005217,149.3,52.34,1.0,1.15,7
2025-09-20T09:36:18Z,48.905783,2.005236,148.9,56.93,2.9,1.15,7
2025-09-20T09:36:19Z,48.905938,2.005243,148.3,59.49,2.1,1.15,7
2025-09-20T09:36:20Z,48.906135,2.005241,146.4,67.76,0.7,1.41,6
2025-09-20T09:36:21Z,48.906314,2.005251,145.2,70.38,1.3,1.41,6
2025-09-20T09:36:22Z,48.906488,2.005257,144.5,70.89,1.4,1.15,7
2025-09-20T09:36:23Z,48.906662,2.005262,144.0,70.80,1.3,1.15,7
2025-09-20T09:36:24Z,48.906839,2.005271,142.9,71.64,1.4,1.15,7
2025-09-20T09:36:25Z,48.907018,2.005285,141.2,72.58,1.9,1.15,7
2025-09-20T09:36:26Z,48.907201,2.005298,139.6,73.71,1.9,1.15,7
2025-09-20T09:36:27Z,48.907385,2.005311,137.5,75.47,1.4,1.15,7
2025-09-20T09:36:28Z,48.907574,2.005317,136.4,76.45,1.0,1.15,7
2025-09-20T09:36:29Z,48.907769,2.005326,135.5,77.84,1.6,1.15,7
2025-09-20T09:36:30Z,48.907962,2.005333,134.8,77.60,1.2,1.15,7
2025-09-20T09:36:31Z,48.908158,2.005337,134.4,78.40,1.1,1.15,7
2025-09-20T09:36:32Z,48.908351,2.005345,132.9,78.51,1.2,1.15,7
2025-09-20T09:36:33Z,48.908538,2.005351,130.4,77.86,1.4,1.15,7
2025-09-20T09:36:34Z,48.908729,2.005359,129.5,78.06,1.6,1.15,7
2025-09-20T09:36:35Z,48.908923,2.005368,129.0,77.86,1.5,1.15,7
2025-09-20T09:36:36Z,48.909114,2.005376,128.3,77.21,1.5,1.15,7
2025-09-20T09:36:37Z,48.909297,2.005384,127.6,75.14,1.2,1.15,7
2025-09-20T09:36:38Z,48.909483,2.005391,126.6,74.56,1.1,1.15,7
2025-09-20T09:36:39Z,48.909667,2.005396,125.4,73.95,1.2,1.15,7
2025-09-20T09:36:40Z,48.909854,2.005402,125.0,74.15,1.2,1.15,7
2025-09-20T09:36:41Z,48.910038,2.005410,123.9,74.19,1.6,1.15,7
2025-09-20T09:36:42Z,48.910223,2.005418,123.0,74.08,1.6,1.41,6
2025-09-20T09:36:43Z,48.910413,2.005424,122.1,74.95,1.5,2.48,5
2025-09-20T09:36:44Z,48.910599,2.005428,121.5,74.49,0.8,2.16,6
2025-09-20T09:36:45Z,48.910783,2.005435,120.9,73.77,1.4,2.16,6
2025-09-20T09:36:46Z,48.910962,2.005439,120.2,72.86,0.9,2.16,6
2025-09-20T09:36:47Z,48.911140,2.005441,119.6,72.23,0.6,2.16,6
2025-09-20T09:36:48Z,48.911335,2.005447,119.2,74.34,1.1,2.16,6
2025-09-20T09:36:49Z,48.911525,2.005453,118.7,75.17,1.3,2.16,6
2025-09-20T09:36:50Z,48.911718,2.005456,118.0,75.67,0.7,2.16,6
2025-09-20T09:36:51Z,48.911915,2.005463,117.3,77.25,1.2,2.16,6
2025-09-20T09:36:52Z,48.912111,2.005466,116.6,77.75,1.1,2.16,6
2025-09-20T09:36:53Z,48.912301,2.005472,115.5,77.58,1.2,1.15,7
2025-09-20T09:36:54Z,48.912496,2.005477,114.8,77.93,1.1,1.15,7
2025-09-20T09:36:55Z,48.912694,2.005485,114.2,78.86,1.5,1.15,7
2025-09-20T09:36:56Z,48.912899,2.005489,113.4,80.91,1.1,1.15,7
2025-09-20T09:36:57Z,48.913108,2.005497,112.7,82.47,1.5,1.15,7
2025-09-20T09:36:58Z,48.913316,2.005507,111.9,82.97,1.8,1.15,7
2025-09-20T09:36:59Z,48.913534,2.005516,110.2,86.36,1.5,1.15,7
2025-09-20T09:37:00Z,48.913754,2.005523,107.7,89.04,1.2,1.15,7
2025-09-20T09:37:01Z,48.913985,2.005531,106.5,91.47,1.4,1.15,7
2025-09-20T09:37:02Z,48.914219,2.005540,104.9,93.27,1.4,1.15,7
2025-09-20T09:37:03Z,48.914456,2.005553,103.1,95.56,1.7,1.15,7
2025-09-20T09:37:04Z,48.914698,2.005567,101.9,96.93,1.5,1.15,7
2025-09-20T09:37:05Z,48.914941,2.005576,100.8,96.93,1.1,1.15,7
2025-09-20T09:37:06Z,48.915189,2.005580,99.4,98.56,0.6,1.15,7
2025-09-20T09:37:07Z,48.915438,2.005584,98.1,99.38,0.5,1.15,7
2025-09-20T09:37:08Z,48.915684,2.005586,96.3,98.80,0.0,1.15,7
2025-09-20T09:37:09Z,48.915933,2.005582,94.8,98.88,359.2,1.15,7
2025-09-20T09:37:10Z,48.916180,2.005573,93.0,98.43,358.1,1.15,7
2025-09-20T09:37:11Z,48.916429,2.005556,91.7,98.69,357.1,1.15,7
2025-09-20T09:37:12Z,48.916673,2.005530,90.6,98.25,355.8,1.15,7
2025-09-20T09:37:13Z,48.916919,2.005502,89.3,98.86,355.1,1.15,7
2025-09-20T09:37:14Z,48.917161,2.005466,88.3,97.34,353.7,1.15,7
2025-09-20T09:37:15Z,48.917409,2.005423,87.9,98.90,352.9,1.15,7
2025-09-20T09:37:16Z,48.917652,2.005363,87.9,97.56,349.9,1.15,7
2025-09-20T09:37:17Z,48.917906,2.005295,87.3,101.69,349.1,1.15,7
2025-09-20T09:37:18Z,48.918163,2.005223,87.0,104.34,348.9,1.15,7
2025-09-20T09:37:19Z,48.918419,2.005139,87.4,103.49,347.2,1.15,7
2025-09-20T09:37:20Z,48.918676,2.005053,87.5,104.64,347.0,1.15,7
2025-09-20T09:37:21Z,48.918928,2.004952,87.8,103.66,344.8,1.15,7
2025-09-20T09:37:22Z,48.919163,2.004841,87.4,99.62,342.8,1.15,7
2025-09-20T09:37:23Z,48.919403,2.004727,87.3,100.21,342.1,1.15,7
2025-09-20T09:37:24Z,48.919645,2.004605,87.9,100.51,341.2,1.15,7
2025-09-20T09:37:25Z,48.919884,2.004477,88.0,101.14,340.4,1.15,7
2025-09-20T09:37:26Z,48.920112,2.004345,88.0,97.64,338.9,1.15,7
2025-09-20T09:37:27Z,48.920336,2.004202,86.6,97.23,337.2,1.15,7
2025-09-20T09:37:28Z,48.920553,2.004050,85.9,96.54,335.5,1.15,7
2025-09-20T09:37:29Z,48.920768,2.003894,84.3,95.58,335.0,1.15,7
2025-09-20T09:37:30Z,48.920965,2.003732,81.6,93.25,332.9,1.15,7
2025-09-20T09:37:31Z,48.921176,2.003570,81.1,93.16,332.6,1.15,7
2025-09-20T09:37:32Z,48.921364,2.003396,78.7,90.21,330.0,1.15,7
2025-09-20T09:37:33Z,48.921564,2.003225,78.1,90.01,329.3,1.15,7
2025-09-20T09:37:34Z,48.921765,2.003050,77.9,90.17,328.7,1.15,7
2025-09-20T09:37:35Z,48.921969,2.002873,79.1,90.77,328.0,1.15,7
2025-09-20T09:37:36Z,48.922173,2.002695,80.2,91.10,327.8,1.15,7
2025-09-20T09:37:37Z,48.922365,2.002505,80.2,91.08,325.8,1.15,7
2025-09-20T09:37:38Z,48.922550,2.002305,79.4,90.86,324.2,1.15,7
2025-09-20T09:37:39Z,48.922734,2.002099,78.7,91.82,323.2,1.15,7
2025-09-20T09:37:40Z,48.922919,2.001888,78.4,92.69,322.6,1.15,7
2025-09-20T09:37:41Z,48.923104,2.001670,77.6,93.49,321.6,1.15,7
2025-09-20T09:37:42Z,48.923293,2.001444,77.2,95.97,321.2,1.15,7
2025-09-20T09:37:43Z,48.923475,2.001211,77.3,95.71,319.6,1.15,7
2025-09-20T09:37:44Z,48.923656,2.000976,77.4,95.12,317.9,1.15,7
2025-09-20T09:37:45Z,48.923833,2.000732,77.3,95.01,316.8,1.15,7
2025-09-20T09:37:46Z,48.924004,2.000483,77.0,95.43,315.8,1.15,7
2025-09-20T09:37:47Z,48.924169,2.000227,76.9,94.08,314.0,1.15,7
2025-09-20T09:37:48Z,48.924333,1.999965,76.7,95.10,313.1,1.15,7
2025-09-20T09:37:49Z,48.924494,1.999696,76.2,95.66,311.9,1.15,7
2025-09-20T09:37:50Z,48.924653,1.999421,75.7,96.73,310.8,1.15,7
2025-09-20T09:37:51Z,48.924810,1.999137,75.2,97.79,309.4,1.15,7
2025-09-20T09:37:52Z,48.924965,1.998845,75.1,98.95,308.4,1.15,7
2025-09-20T09:37:53Z,48.925115,1.998545,74.9,99.88,306.8,1.15,7
2025-09-20T09:37:54Z,48.925261,1.998238,74.7,99.25,305.0,1.15,7
2025-09-20T09:37:55Z,48.925407,1.997923,74.6,100.99,304.5,1.15,7
2025-09-20T09:37:56Z,48.925548,1.997606,74.8,101.25,303.5,1.15,7
2025-09-20T09:37:57Z,48.925687,1.997281,75.0,102.36,302.7,1.15,7
2025-09-20T09:37:58Z,48.925823,1.996953,75.3,102.60,302.2,1.15,7
2025-09-20T09:37:59Z,48.925955,1.996626,75.9,102.14,301.3,1.15,7
2025-09-20T09:38:00Z,48.926082,1.996291,76.6,102.58,299.8,1.15,7
2025-09-20T09:38:01Z,48.926212,1.995946,77.1,102.45,299.1,1.15,7
2025-09-20T09:38:02Z,48.926330,1.995610,77.4,101.53,298.0,1.15,7
2025-09-20T09:38:03Z,48.926441,1.995283,77.9,99.40,297.4,1.15,7
2025-09-20T09:38:04Z,48.926553,1.994960,78.2,96.77,297.6,1.15,7
2025-09-20T09:38:05Z,48.926660,1.994643,78.6,94.40,297.4,1.15,7
2025-09-20T09:38:06Z,48.926767,1.994331,78.8,93.01,297.2,1.15,7
2025-09-20T09:38:07Z,48.926871,1.994021,78.8,92.08,296.9,1.15,7
2025-09-20T09:38:08Z,48.926971,1.993717,79.1,90.10,296.8,1.15,7
2025-09-20T09:38:09Z,48.927071,1.993417,79.6,88.69,296.4,1.15,7
2025-09-20T09:38:10Z,48.927171,1.993122,80.1,87.38,297.2,1.15,7
2025-09-20T09:38:11Z,48.927265,1.992830,79.8,86.28,297.1,1.15,7
2025-09-20T09:38:12Z,48.927357,1.992545,80.1,83.78,296.2,1.15,7
2025-09-20T09:38:13Z,48.927451,1.992265,80.8,82.93,297.1,1.15,7
2025-09-20T09:38:14Z,48.927537,1.991993,81.1,80.56,296.3,1.15,7
2025-09-20T09:38:15Z,48.927621,1.991725,81.0,78.99,296.0,1.15,7
2025-09-20T09:38:16Z,48.927705,1.991464,81.2,77.15,296.8,1.15,7
2025-09-20T09:38:17Z,48.927784,1.991204,81.0,75.97,295.9,1.15,7
2025-09-20T09:38:18Z,48.927867,1.990952,81.7,73.89,296.2,1.15,7
2025-09-20T09:38:19Z,48.927941,1.990712,82.4,69.39,295.6,1.15,7
2025-09-20T09:38:20Z,48.928008,1.990489,82.6,64.28,295.8,1.15,7
2025-09-20T09:38:21Z,48.928075,1.990280,84.0,60.56,295.3,1.15,7
2025-09-20T09:38:22Z,48.928138,1.990075,84.4,58.84,294.9,1.15,7
2025-09-20T09:38:23Z,48.928201,1.989876,85.0,57.50,295.4,1.15,7
2025-09-20T09:38:24Z,48.928262,1.989683,85.6,55.87,295.3,1.15,7
2025-09-20T09:38:25Z,48.928319,1.989497,85.9,53.95,295.4,1.15,7
2025-09-20T09:38:26Z,48.928374,1.989317,86.3,51.97,295.4,1.15,7
2025-09-20T09:38:27Z,48.928424,1.989140,86.5,50.78,295.0,1.15,7
2025-09-20T09:38:28Z,48.928474,1.988963,86.5,50.93,294.6,1.15,7
2025-09-20T09:38:29Z,48.928523,1.988784,86.6,51.49,293.3,1.15,7
2025-09-20T09:38:30Z,48.928576,1.988601,86.6,53.50,294.8,1.15,7
2025-09-20T09:38:31Z,48.928636,1.988406,86.1,55.56,295.4,1.07,8
2025-09-20T09:38:32Z,48.928696,1.988211,86.2,57.02,295.0,1.07,8
2025-09-20T09:38:33Z,48.928753,1.988009,86.2,57.93,293.9,1.07,8
2025-09-20T09:38:34Z,48.928817,1.987800,86.5,60.65,294.9,1.07,8
2025-09-20T09:38:35Z,48.928868,1.987584,86.5,60.63,291.3,1.07,8
2025-09-20T09:38:36Z,48.928933,1.987373,86.9,60.60,293.7,1.07,8
2025-09-20T09:38:37Z,48.928994,1.987163,87.6,59.15,293.7,1.07,8
2025-09-20T09:38:38Z,48.929058,1.986959,88.3,57.84,294.4,1.07,8
2025-09-20T09:38:39Z,48.929113,1.986766,88.6,55.65,293.7,1.07,8
2025-09-20T09:38:40Z,48.929170,1.986574,88.7,54.10,294.3,1.07,8
2025-09-20T09:38:41Z,48.929223,1.986390,88.9,52.30,294.0,1.07,8
2025-09-20T09:38:42Z,48.929276,1.986209,89.2,50.87,293.5,1.07,8
2025-09-20T09:38:43Z,48.929327,1.986035,89.6,49.19,294.1,1.07,8
2025-09-20T09:38:44Z,48.929374,1.985870,89.7,46.76,294.0,1.07,8
2025-09-20T09:38:45Z,48.929419,1.985710,90.3,44.82,293.9,1.07,8
2025-09-20T09:38:46Z,48.929462,1.985559,90.4,42.97,293.2,1.29,8
2025-09-20T09:38:47Z,48.929502,1.985407,91.0,42.37,293.3,1.07,8
2025-09-20T09:38:48Z,48.929544,1.985257,91.8,42.69,294.7,1.07,8
2025-09-20T09:38:49Z,48.929586,1.985103,92.3,44.02,293.7,1.07,8
2025-09-20T09:38:50Z,48.929629,1.984943,92.8,45.50,292.6,1.07,8
2025-09-20T09:38:51Z,48.929690,1.984786,93.6,47.08,298.2,1.29,8
2025-09-20T09:38:52Z,48.929738,1.984620,94.0,48.24,294.7,1.29,8
2025-09-20T09:38:53Z,48.929788,1.984447,94.5,49.67,293.5,1.29,8
2025-09-20T09:38:54Z,48.929840,1.984271,95.0,50.91,293.4,1.29,8
2025-09-20T09:38:55Z,48.929894,1.984089,95.4,52.23,293.2,1.29,8
2025-09-20T09:38:56Z,48.929942,1.983904,96.0,52.24,293.0,1.07,8
2025-09-20T09:38:57Z,48.929993,1.983719,96.3,53.37,293.1,1.29,8
2025-09-20T09:38:58Z,48.930046,1.983524,97.0,55.78,293.0,1.07,8
2025-09-20T09:38:59Z,48.930100,1.983321,97.8,57.88,293.2,1.07,8
2025-09-20T09:39:00Z,48.930154,1.983112,98.3,59.67,292.8,1.07,8
2025-09-20T09:39:01Z,48.930219,1.982899,99.3,60.78,292.5,1.06,9
2025-09-20T09:39:02Z,48.930283,1.982683,100.2,60.93,292.6,1.06,9
2025-09-20T09:39:03Z,48.930344,1.982469,100.6,61.43,292.5,1.06,9
2025-09-20T09:39:04Z,48.930404,1.982253,100.9,61.82,292.6,1.06,9
2025-09-20T09:39:05Z,48.930463,1.982039,101.1,61.10,292.8,1.06,9
2025-09-20T09:39:06Z,48.930521,1.981831,101.5,58.73,292.9,1.06,9
2025-09-20T09:39:07Z,48.930579,1.981629,102.0,57.47,292.9,0.86,9
2025-09-20T09:39:08Z,48.930638,1.981429,102.5,57.26,293.1,0.86,9
2025-09-20T09:39:09Z,48.930696,1.981230,102.8,57.10,292.9,0.86,9
2025-09-20T09:39:10Z,48.930750,1.981036,103.0,55.49,293.1,0.86,9
2025-09-20T09:39:11Z,48.930805,1.980847,103.5,53.50,292.9,0.86,9
2025-09-20T09:39:12Z,48.930856,1.980666,103.8,51.65,292.6,0.86,9
2025-09-20T09:39:13Z,48.930903,1.980489,104.1,50.24,291.7,0.86,9
2025-09-20T09:39:14Z,48.930950,1.980314,104.4,49.73,292.3,0.86,9
2025-09-20T09:39:15Z,48.930998,1.980142,104.7,49.52,292.5,0.86,9
2025-09-20T09:39:16Z,48.931046,1.979968,105.1,49.95,292.5,0.86,9
2025-09-20T09:39:17Z,48.931093,1.979790,105.5,50.80,292.4,0.86,9
2025-09-20T09:39:18Z,48.931144,1.979613,105.7,51.19,293.4,0.86,9
2025-09-20T09:39:19Z,48.931194,1.979433,106.0,52.30,293.3,0.86,9
2025-09-20T09:39:20Z,48.931247,1.979244,106.3,54.30,292.9,0.86,9
2025-09-20T09:39:21Z,48.931300,1.979049,106.6,56.15,292.9,1.06,8
2025-09-20T09:39:22Z,48.931357,1.978849,106.7,58.00,293.1,0.86,9
2025-09-20T09:39:23Z,48.931415,1.978641,107.0,60.28,293.2,1.06,9
2025-09-20T09:39:24Z,48.931475,1.978424,107.3,62.78,293.1,1.06,9
2025-09-20T09:39:25Z,48.931538,1.978199,107.6,65.19,292.6,1.06,9
2025-09-20T09:39:26Z,48.931602,1.977965,107.8,67.36,292.5,1.06,9
2025-09-20T09:39:27Z,48.931663,1.977721,107.6,69.06,289.3,1.06,9
2025-09-20T09:39:28Z,48.931731,1.977473,107.6,71.39,292.6,1.06,9
2025-09-20T09:39:29Z,48.931801,1.977218,107.6,73.52,292.9,1.06,8
2025-09-20T09:39:30Z,48.931873,1.976954,107.8,76.01,292.5,1.06,8
2025-09-20T09:39:31Z,48.931948,1.976682,107.7,77.93,292.6,1.06,8
2025-09-20T09:39:32Z,48.932024,1.976408,107.7,79.30,293.0,1.06,8
2025-09-20T09:39:33Z,48.932102,1.976129,107.5,80.14,293.4,1.06,8
2025-09-20T09:39:34Z,48.932181,1.975845,107.4,81.71,292.8,1.06,8
2025-09-20T09:39:35Z,48.932264,1.975557,107.1,83.14,293.4,1.06,8
2025-09-20T09:39:36Z,48.932345,1.975265,106.9,84.04,292.9,1.06,8
2025-09-20T09:39:37Z,48.932428,1.974969,106.5,85.12,293.1,1.06,8
2025-09-20T09:39:38Z,48.932511,1.974669,106.1,86.28,292.8,1.06,8
2025-09-20T09:39:39Z,48.932595,1.974363,105.5,87.67,292.6,1.06,9
2025-09-20T09:39:40Z,48.932679,1.974053,105.1,88.77,292.7,1.06,8
2025-09-20T09:39:41Z,48.932768,1.973739,104.8,90.73,293.6,1.06,8
2025-09-20T09:39:42Z,48.932856,1.973424,104.1,90.45,292.8,1.06,8
2025-09-20T09:39:43Z,48.932945,1.973111,103.4,90.69,292.6,1.06,8
2025-09-20T09:39:44Z,48.933031,1.972794,102.7,90.30,292.4,1.06,8
2025-09-20T09:39:45Z,48.933115,1.972482,102.3,89.12,292.6,1.06,8
2025-09-20T09:39:46Z,48.933201,1.972173,102.0,88.47,292.6,1.06,8
2025-09-20T09:39:47Z,48.933286,1.971863,101.6,88.58,292.7,1.06,8
2025-09-20T09:39:48Z,48.933372,1.971556,101.4,87.91,292.9,1.06,8
2025-09-20T09:39:49Z,48.933456,1.971252,101.3,87.08,292.8,1.06,8
2025-09-20T09:39:50Z,48.933540,1.970950,101.4,86.53,292.7,1.06,8
2025-09-20T09:39:51Z,48.933622,1.970649,101.4,85.49,292.4,1.06,8
2025-09-20T09:39:52Z,48.933704,1.970352,101.6,85.80,292.5,1.06,8
2025-09-20T09:39:53Z,48.933786,1.970053,101.6,85.01,292.6,1.06,8
2025-09-20T09:39:54Z,48.933867,1.969759,101.7,83.93,292.8,1.06,8
2025-09-20T09:39:55Z,48.933948,1.969469,101.7,82.34,293.0,1.06,8
2025-09-20T09:39:56Z,48.934027,1.969186,101.8,80.65,292.9,1.06,8
2025-09-20T09:39:57Z,48.934105,1.968905,102.0,79.73,292.6,1.06,8
2025-09-20T09:39:58Z,48.934183,1.968627,102.2,79.58,292.9,1.06,8
2025-09-20T09:39:59Z,48.934261,1.968347,102.3,80.23,292.7,1.06,8
2025-09-20T09:40:00Z,48.934339,1.968066,102.5,80.60,293.2,1.06,8
2025-09-20T09:40:01Z,48.934417,1.967785,102.8,80.64,292.7,1.06,8
2025-09-20T09:40:02Z,48.934495,1.967504,103.2,80.12,293.1,1.06,8
2025-09-20T09:40:03Z,48.934571,1.967224,103.5,79.91,292.6,1.06,8
2025-09-20T09:40:04Z,48.934648,1.966943,103.7,80.04,292.7,1.06,8
2025-09-20T09:40:05Z,48.934726,1.966661,103.8,80.60,292.8,1.06,8
2025-09-20T09:40:06Z,48.934804,1.966376,104.1,81.25,292.6,1.06,8
2025-09-20T09:40:07Z,48.934882,1.966091,104.4,81.75,292.5,1.06,8
2025-09-20T09:40:08Z,48.934961,1.965803,104.6,82.23,292.6,1.06,8
2025-09-20T09:40:09Z,48.935040,1.965515,104.9,82.30,292.8,1.06,8
2025-09-20T09:40:10Z,48.935120,1.965232,105.2,80.71,293.0,1.06,8
2025-09-20T09:40:11Z,48.935200,1.964952,105.3,80.21,293.1,1.06,8
2025-09-20T09:40:12Z,48.935279,1.964675,105.6,79.65,293.5,1.06,8
2025-09-20T09:40:13Z,48.935358,1.964399,105.6,78.80,294.0,1.06,8
2025-09-20T09:40:14Z,48.935439,1.964127,105.7,78.99,294.2,1.06,8
2025-09-20T09:40:15Z,48.935520,1.963852,105.9,79.38,294.1,1.06,8
2025-09-20T09:40:16Z,48.935604,1.963578,106.1,79.86,294.8,1.06,8
2025-09-20T09:40:17Z,48.935690,1.963303,106.3,80.40,295.6,1.06,8
2025-09-20T09:40:18Z,48.935780,1.963029,106.3,81.06,296.5,1.06,8
2025-09-20T09:40:19Z,48.935872,1.962755,106.5,81.32,297.0,1.06,8
2025-09-20T09:40:20Z,48.935965,1.962478,106.5,82.06,296.6,1.06,8
2025-09-20T09:40:21Z,48.936060,1.962200,106.6,82.84,297.6,1.06,8
2025-09-20T09:40:22Z,48.936158,1.961923,106.6,82.88,298.7,1.06,8
2025-09-20T09:40:23Z,48.936258,1.961650,106.7,82.06,299.3,1.06,8
2025-09-20T09:40:24Z,48.936360,1.961380,106.7,82.04,299.7,1.06,8
2025-09-20T09:40:25Z,48.936462,1.961110,106.7,82.54,300.3,1.06,8
2025-09-20T09:40:26Z,48.936568,1.960839,106.7,83.28,301.1,1.06,8
2025-09-20T09:40:27Z,48.936677,1.960569,106.6,83.65,301.9,1.20,7
2025-09-20T09:40:28Z,48.936788,1.960302,106.4,83.41,302.7,1.30,6
2025-09-20T09:40:29Z,48.936903,1.960037,106.1,83.36,303.4,1.30,6
2025-09-20T09:40:30Z,48.937019,1.959777,105.7,82.73,304.2,1.18,7
2025-09-20T09:40:31Z,48.937136,1.959518,105.5,83.08,304.5,1.18,7
2025-09-20T09:40:32Z,48.937257,1.959259,105.2,83.90,305.3,1.06,8
2025-09-20T09:40:33Z,48.937381,1.958999,104.8,84.56,305.8,1.06,8
2025-09-20T09:40:34Z,48.937507,1.958740,104.4,84.84,306.9,1.06,8
2025-09-20T09:40:35Z,48.937633,1.958486,104.0,83.69,307.1,1.06,8
2025-09-20T09:40:36Z,48.937761,1.958235,103.8,83.56,307.9,1.06,8
2025-09-20T09:40:37Z,48.937890,1.957988,103.2,83.08,308.4,1.06,8
2025-09-20T09:40:38Z,48.938020,1.957745,102.6,82.38,309.1,1.06,8
2025-09-20T09:40:39Z,48.938152,1.957504,102.4,82.82,309.9,1.06,8
2025-09-20T09:40:40Z,48.938285,1.957264,102.0,82.82,310.3,1.06,8
2025-09-20T09:40:41Z,48.938422,1.957026,101.6,83.03,311.5,1.06,8
2025-09-20T09:40:42Z,48.938563,1.956788,101.4,84.38,312.4,1.06,8
2025-09-20T09:40:43Z,48.938706,1.956551,101.0,84.67,312.4,1.06,8
2025-09-20T09:40:44Z,48.938849,1.956313,100.8,84.73,312.4,1.06,8
2025-09-20T09:40:45Z,48.938997,1.956075,100.6,86.16,313.5,1.06,8
2025-09-20T09:40:46Z,48.939149,1.955838,100.4,86.71,314.3,1.06,8
2025-09-20T09:40:47Z,48.939306,1.955605,100.5,87.75,315.6,1.06,8
2025-09-20T09:40:48Z,48.939456,1.955363,100.2,87.84,312.4,1.34,6
2025-09-20T09:40:49Z,48.939614,1.955125,99.6,88.73,315.1,1.18,7
2025-09-20T09:40:50Z,48.939780,1.954889,99.6,90.28,316.9,1.06,8
2025-09-20T09:40:51Z,48.939947,1.954656,99.6,90.90,317.7,0.86,9
2025-09-20T09:40:52Z,48.940122,1.954422,99.4,92.67,318.5,0.86,9
2025-09-20T09:40:53Z,48.940302,1.954191,98.9,93.73,319.8,0.86,9
2025-09-20T09:40:54Z,48.940482,1.953959,98.8,95.34,319.8,0.86,9
2025-09-20T09:40:55Z,48.940665,1.953732,99.0,94.64,320.8,0.93,8
2025-09-20T09:40:56Z,48.940853,1.953509,98.9,95.79,321.9,0.93,8
2025-09-20T09:40:57Z,48.941042,1.953291,99.5,95.75,322.9,0.93,8
2025-09-20T09:40:58Z,48.941236,1.953072,99.3,97.12,323.2,0.93,8
2025-09-20T09:40:59Z,48.941432,1.952857,99.3,96.58,324.3,0.93,8
2025-09-20T09:41:00Z,48.941631,1.952643,99.1,96.88,324.4,0.86,9
2025-09-20T09:41:01Z,48.941832,1.952434,99.0,97.36,325.2,0.86,9
2025-09-20T09:41:02Z,48.942035,1.952230,98.8,96.32,326.1,0.86,9
2025-09-20T09:41:03Z,48.942237,1.952030,98.3,96.19,326.5,1.06,8
2025-09-20T09:41:04Z,48.942438,1.951828,97.6,95.97,325.9,1.06,8
2025-09-20T09:41:05Z,48.942640,1.951628,97.3,96.12,326.8,1.06,8
2025-09-20T09:41:06Z,48.942842,1.951429,97.5,96.04,327.4,1.06,8
2025-09-20T09:41:07Z,48.943045,1.951232,97.3,95.73,327.6,1.06,8
2025-09-20T09:41:08Z,48.943250,1.951035,96.9,96.45,327.8,1.06,8
2025-09-20T09:41:09Z,48.943455,1.950838,96.7,96.75,327.6,1.06,8
2025-09-20T09:41:10Z,48.943662,1.950640,96.2,97.93,327.8,0.86,9
2025-09-20T09:41:11Z,48.943872,1.950438,96.0,98.97,327.9,0.86,9
2025-09-20T09:41:12Z,48.944084,1.950238,95.3,100.06,327.8,0.86,9
2025-09-20T09:41:13Z,48.944296,1.950036,94.4,100.19,327.6,0.86,9
2025-09-20T09:41:14Z,48.944509,1.949833,93.5,100.93,327.7,0.86,9
2025-09-20T09:41:15Z,48.944723,1.949625,92.5,101.58,327.4,0.86,9
2025-09-20T09:41:16Z,48.944940,1.949416,91.5,102.95,327.5,0.86,9
2025-09-20T09:41:17Z,48.945161,1.949200,90.2,105.60,327.1,0.86,9
2025-09-20T09:41:18Z,48.945382,1.948981,89.4,105.38,326.9,0.86,9
2025-09-20T09:41:19Z,48.945602,1.948758,88.2,105.92,326.2,0.86,9
2025-09-20T09:41:20Z,48.945826,1.948534,87.5,107.01,326.1,0.86,9
2025-09-20T09:41:21Z,48.946053,1.948308,86.6,108.47,326.5,0.86,9
2025-09-20T09:41:22Z,48.946280,1.948078,85.9,108.88,326.0,0.86,9
2025-09-20T09:41:23Z,48.946508,1.947849,85.2,109.53,326.4,0.86,9
2025-09-20T09:41:24Z,48.946739,1.947618,84.9,110.31,326.3,0.86,9
2025-09-20T09:41:25Z,48.946970,1.947384,84.3,110.56,325.8,0.86,9
2025-09-20T09:41:26Z,48.947200,1.947146,84.0,111.32,325.6,0.86,9
2025-09-20T09:41:27Z,48.947431,1.946908,83.7,111.60,325.5,0.86,9
2025-09-20T09:41:28Z,48.947662,1.946666,83.5,112.14,325.4,0.86,9
2025-09-20T09:41:29Z,48.947892,1.946421,83.4,112.79,324.9,0.86,9
2025-09-20T09:41:30Z,48.948124,1.946175,83.4,113.06,325.2,0.86,9
2025-09-20T09:41:31Z,48.948358,1.945929,83.4,114.18,325.3,0.86,9
2025-09-20T09:41:32Z,48.948592,1.945680,83.6,114.36,324.9,0.86,9
2025-09-20T09:41:33Z,48.948827,1.945427,84.2,114.81,324.5,0.86,9
2025-09-20T09:41:34Z,48.949061,1.945174,84.5,115.03,324.4,0.86,9
2025-09-20T09:41:35Z,48.949296,1.944916,84.8,116.06,323.9,0.86,9
2025-09-20T09:41:36Z,48.949531,1.944654,85.1,116.34,323.8,0.86,9
2025-09-20T09:41:37Z,48.949764,1.944392,85.4,116.01,323.5,0.86,9
2025-09-20T09:41:38Z,48.949995,1.944133,85.6,114.55,323.6,0.86,9
2025-09-20T09:41:39Z,48.950224,1.943875,85.7,114.42,323.5,0.86,9
2025-09-20T09:41:40Z,48.950454,1.943615,85.9,114.58,323.3,0.86,9
2025-09-20T09:41:41Z,48.950685,1.943356,86.3,114.45,323.4,0.86,9
2025-09-20T09:41:42Z,48.950913,1.943095,86.7,114.53,322.9,0.86,9
2025-09-20T09:41:43Z,48.951142,1.942828,87.0,115.08,322.4,0.86,9
2025-09-20T09:41:44Z,48.951369,1.942558,87.3,115.94,322.2,0.86,9
2025-09-20T09:41:45Z,48.951595,1.942290,87.4,114.45,321.9,0.86,9
2025-09-20T09:41:46Z,48.951816,1.942027,87.5,112.21,322.0,0.86,9
2025-09-20T09:41:47Z,48.952035,1.941766,87.7,111.03,321.9,0.86,9
2025-09-20T09:41:48Z,48.952252,1.941511,88.0,110.10,322.3,0.86,9
2025-09-20T09:41:49Z,48.952470,1.941249,88.2,111.21,321.6,0.86,9
2025-09-20T09:41:50Z,48.952685,1.940988,88.4,110.08,321.3,0.86,9
2025-09-20T09:41:51Z,48.952902,1.940721,88.6,111.82,321.1,0.86,9
2025-09-20T09:41:52Z,48.953119,1.940455,89.1,111.81,320.8,0.86,9
2025-09-20T09:41:53Z,48.953338,1.940186,89.2,112.95,320.8,0.86,9
2025-09-20T09:41:54Z,48.953557,1.939914,89.3,113.66,320.6,0.86,9
2025-09-20T09:41:55Z,48.953776,1.939638,89.4,114.45,320.4,1.06,8
2025-09-20T09:41:56Z,48.953996,1.939358,89.8,114.90,320.0,1.06,8
2025-09-20T09:41:57Z,48.954216,1.939076,90.1,115.69,319.9,1.06,8
2025-09-20T09:41:58Z,48.954439,1.938794,90.3,116.51,320.0,1.06,8
2025-09-20T09:41:59Z,48.954663,1.938508,90.5,117.51,319.9,1.06,8
2025-09-20T09:42:00Z,48.954890,1.938219,90.4,119.10,319.8,0.86,9
2025-09-20T09:42:01Z,48.955113,1.937924,90.9,119.51,319.0,0.86,9
2025-09-20T09:42:02Z,48.955341,1.937627,90.7,120.90,319.1,0.86,9
2025-09-20T09:42:03Z,48.955571,1.937324,90.7,122.62,319.1,0.86,9
2025-09-20T09:42:04Z,48.955799,1.937021,90.7,122.36,319.0,0.86,9
2025-09-20T09:42:05Z,48.956031,1.936714,90.4,123.55,318.8,0.86,9
2025-09-20T09:42:06Z,48.956262,1.936405,90.0,124.10,318.8,0.86,9
2025-09-20T09:42:07Z,48.956493,1.936095,89.8,124.03,318.9,0.86,9
2025-09-20T09:42:08Z,48.956726,1.935790,89.2,123.55,319.1,0.86,9
2025-09-20T09:42:09Z,48.956959,1.935484,88.3,123.47,319.1,0.86,9
2025-09-20T09:42:10Z,48.957190,1.935177,87.6,122.42,318.8,0.86,9
2025-09-20T09:42:11Z,48.957420,1.934871,86.7,121.79,318.7,0.86,9
2025-09-20T09:42:12Z,48.957648,1.934570,85.7,120.81,319.0,0.86,9
2025-09-20T09:42:13Z,48.957875,1.934269,84.7,120.14,318.9,0.86,9
2025-09-20T09:42:14Z,48.958091,1.933960,83.6,118.73,316.0,0.86,9
2025-09-20T09:42:15Z,48.958313,1.933662,82.5,118.25,318.7,0.86,9
2025-09-20T09:42:16Z,48.958537,1.933368,81.6,118.45,319.1,0.86,9
2025-09-20T09:42:17Z,48.958759,1.933077,80.6,117.79,319.1,0.86,9
2025-09-20T09:42:18Z,48.958982,1.932785,79.5,117.66,319.0,0.86,9
2025-09-20T09:42:19Z,48.959202,1.932495,78.4,116.56,318.9,0.86,9
2025-09-20T09:42:20Z,48.959423,1.932203,77.4,117.60,319.0,0.86,9
2025-09-20T09:42:21Z,48.959646,1.931909,76.1,118.40,318.9,0.86,9
2025-09-20T09:42:22Z,48.959869,1.931613,75.2,119.21,318.9,0.86,9
2025-09-20T09:42:23Z,48.960093,1.931315,74.3,119.12,318.8,0.86,9
2025-09-20T09:42:24Z,48.960316,1.931018,73.1,119.38,318.5,0.86,9
2025-09-20T09:42:25Z,48.960540,1.930719,72.0,119.47,318.7,0.86,9
2025-09-20T09:42:26Z,48.960766,1.930422,70.7,119.79,319.0,1.06,8
2025-09-20T09:42:27Z,48.960995,1.930122,69.1,120.32,318.9,1.06,8
2025-09-20T09:42:28Z,48.961223,1.929820,67.8,120.38,319.0,0.86,9
2025-09-20T09:42:29Z,48.961452,1.929522,66.4,120.32,319.3,0.86,9
2025-09-20T09:42:30Z,48.961680,1.929225,65.3,120.51,319.2,0.86,9
2025-09-20T09:42:31Z,48.961906,1.928925,64.3,120.47,319.1,1.06,8
2025-09-20T09:42:32Z,48.962133,1.928625,63.0,120.16,319.0,1.06,8
2025-09-20T09:42:33Z,48.962359,1.928327,61.8,120.16,318.9,1.06,8
2025-09-20T09:42:34Z,48.962586,1.928028,60.4,120.29,318.9,1.06,8
2025-09-20T09:42:35Z,48.962812,1.927730,59.3,119.51,318.8,1.06,8
2025-09-20T09:42:36Z,48.963037,1.927431,58.1,119.68,319.0,1.06,8
2025-09-20T09:42:37Z,48.963262,1.927134,56.8,119.64,319.0,1.06,8
2025-09-20T09:42:38Z,48.963487,1.926835,55.5,119.58,319.0,1.06,8
2025-09-20T09:42:39Z,48.963712,1.926539,54.5,119.31,319.0,1.06,9
2025-09-20T09:42:40Z,48.963937,1.926242,53.3,119.32,319.0,1.06,8
2025-09-20T09:42:41Z,48.964158,1.925950,52.3,118.44,319.0,1.06,8
2025-09-20T09:42:42Z,48.964383,1.925655,51.1,119.36,318.9,1.06,8
2025-09-20T09:42:43Z,48.964602,1.925357,50.0,117.94,318.1,1.06,8
2025-09-20T09:42:44Z,48.964823,1.925055,48.7,119.25,317.9,1.06,8
2025-09-20T09:42:45Z,48.965039,1.924752,47.6,118.42,317.2,1.06,8
2025-09-20T09:42:46Z,48.965255,1.924443,46.5,119.07,316.5,1.06,8
2025-09-20T09:42:47Z,48.965466,1.924132,45.9,119.38,315.9,0.86,9
2025-09-20T09:42:48Z,48.965678,1.923811,44.8,119.82,314.8,0.86,9
2025-09-20T09:42:49Z,48.965885,1.923482,44.1,120.34,313.5,0.86,9
2025-09-20T09:42:50Z,48.966091,1.923148,43.1,120.68,312.8,0.86,9
2025-09-20T09:42:51Z,48.966292,1.922810,42.5,120.16,311.8,0.86,9
2025-09-20T09:42:52Z,48.966493,1.922477,42.0,119.25,312.7,0.86,9
2025-09-20T09:42:53Z,48.966696,1.922139,41.0,119.79,312.2,0.86,9
2025-09-20T09:42:54Z,48.966884,1.921788,40.7,119.01,309.0,0.86,9
2025-09-20T09:42:55Z,48.967064,1.921430,41.0,119.32,307.7,0.86,9
2025-09-20T09:42:56Z,48.967245,1.921067,40.8,119.90,306.7,0.86,9
2025-09-20T09:42:57Z,48.967420,1.920698,40.9,119.81,305.5,0.86,9
2025-09-20T09:42:58Z,48.967591,1.920323,40.3,119.75,304.4,0.86,9
2025-09-20T09:42:59Z,48.967756,1.919945,40.4,119.64,303.4,0.95,8
2025-09-20T09:43:00Z,48.967918,1.919559,40.2,120.92,302.7,0.86,9
2025-09-20T09:43:01Z,48.968075,1.919167,40.1,121.84,301.3,0.86,9
2025-09-20T09:43:02Z,48.968228,1.918767,39.7,122.51,300.2,0.86,9
2025-09-20T09:43:03Z,48.968376,1.918358,39.7,123.01,298.8,0.86,9
2025-09-20T09:43:04Z,48.968518,1.917944,39.5,123.62,297.7,0.86,9
2025-09-20T09:43:05Z,48.968656,1.917522,39.4,124.18,296.5,0.86,9
2025-09-20T09:43:06Z,48.968790,1.917096,39.2,124.73,295.5,0.86,9
2025-09-20T09:43:07Z,48.968919,1.916666,39.0,125.07,294.5,0.86,9
2025-09-20T09:43:08Z,48.969046,1.916232,38.8,125.25,293.5,0.86,9
2025-09-20T09:43:09Z,48.969167,1.915795,38.3,125.20,292.8,0.86,9
2025-09-20T09:43:10Z,48.969283,1.915350,38.1,125.81,291.4,0.86,9
2025-09-20T09:43:11Z,48.969393,1.914899,38.1,126.49,289.9,0.86,9
2025-09-20T09:43:12Z,48.969495,1.914443,37.9,126.71,288.8,0.86,9
2025-09-20T09:43:13Z,48.969594,1.913985,37.7,126.51,288.1,0.86,9
2025-09-20T09:43:14Z,48.969687,1.913524,37.6,126.71,287.0,0.86,9
2025-09-20T09:43:15Z,48.969774,1.913059,37.5,127.42,285.4,0.86,9
2025-09-20T09:43:16Z,48.969855,1.912593,37.3,126.99,284.8,0.86,9
2025-09-20T09:43:17Z,48.969931,1.912123,37.1,127.62,283.6,0.86,9
2025-09-20T09:43:18Z,48.970002,1.911651,37.0,127.45,282.6,0.86,9
2025-09-20T09:43:19Z,48.970064,1.911173,37.5,127.83,281.0,0.86,9
2025-09-20T09:43:20Z,48.970120,1.910694,37.9,127.66,280.1,0.86,9
2025-09-20T09:43:21Z,48.970172,1.910217,38.3,126.49,279.5,0.86,9
2025-09-20T09:43:22Z,48.970219,1.909737,38.6,127.81,278.3,0.86,9
2025-09-20T09:43:23Z,48.970258,1.909255,39.0,127.62,277.1,0.86,9
2025-09-20T09:43:24Z,48.970291,1.908774,39.5,127.23,275.7,0.86,9
2025-09-20T09:43:25Z,48.970316,1.908290,39.9,127.31,274.3,0.86,9
2025-09-20T09:43:26Z,48.970334,1.907807,40.4,126.97,273.5,0.86,9
2025-09-20T09:43:27Z,48.970349,1.907323,41.0,127.20,272.6,0.86,9
2025-09-20T09:43:28Z,48.970371,1.906845,41.5,125.71,274.6,0.86,9
2025-09-20T09:43:29Z,48.970378,1.906362,42.0,126.68,271.6,1.13,7
2025-09-20T09:43:30Z,48.970382,1.905883,42.3,126.68,270.9,1.13,7
2025-09-20T09:43:31Z,48.970387,1.905401,42.6,127.10,271.1,1.13,7
2025-09-20T09:43:32Z,48.970393,1.904918,43.3,127.79,271.3,0.95,8
2025-09-20T09:43:33Z,48.970396,1.904433,43.1,127.36,270.7,0.95,8
2025-09-20T09:43:34Z,48.970402,1.903949,43.7,127.73,271.1,0.95,8
2025-09-20T09:43:35Z,48.970405,1.903469,43.9,126.20,270.9,0.95,8
2025-09-20T09:43:36Z,48.970416,1.902987,43.9,126.99,272.9,0.95,8
2025-09-20T09:43:37Z,48.970424,1.902506,44.2,126.77,271.5,0.86,9
2025-09-20T09:43:38Z,48.970434,1.902022,44.8,127.60,271.6,0.95,8
2025-09-20T09:43:39Z,48.970438,1.901541,45.2,126.58,270.7,0.95,8
2025-09-20T09:43:40Z,48.970445,1.901062,45.6,127.03,271.1,0.95,8
2025-09-20T09:43:41Z,48.970450,1.900580,46.1,126.68,271.1,0.95,8
2025-09-20T09:43:42Z,48.970456,1.900101,46.3,126.12,271.0,0.95,8
2025-09-20T09:43:43Z,48.970461,1.899623,46.3,125.68,271.0,0.95,8
2025-09-20T09:43:44Z,48.970469,1.899143,46.4,125.97,271.3,0.95,8
2025-09-20T09:43:45Z,48.970471,1.898666,46.2,125.20,270.9,0.95,8
2025-09-20T09:43:46Z,48.970476,1.898191,45.9,124.44,271.1,0.95,8
2025-09-20T09:43:47Z,48.970484,1.897714,45.8,125.53,271.8,0.95,8
2025-09-20T09:43:48Z,48.970488,1.897241,45.5,124.45,270.9,0.95,8
2025-09-20T09:43:49Z,48.970493,1.896767,45.1,124.27,270.6,0.86,9
2025-09-20T09:43:50Z,48.970501,1.896294,44.9,124.47,271.6,0.86,9
2025-09-20T09:43:51Z,48.970507,1.895817,44.8,123.84,270.7,0.86,9
2025-09-20T09:43:52Z,48.970513,1.895345,44.6,124.20,271.2,0.95,8
2025-09-20T09:43:53Z,48.970519,1.894874,44.6,123.70,271.0,0.95,8
2025-09-20T09:43:54Z,48.970524,1.894405,44.4,124.08,271.1,0.95,8
2025-09-20T09:43:55Z,48.970527,1.893940,44.2,123.32,270.8,0.95,8
2025-09-20T09:43:56Z,48.970532,1.893472,44.0,123.21,270.8,0.95,8
2025-09-20T09:43:57Z,48.970538,1.893004,43.8,122.97,271.2,0.95,8
2025-09-20T09:43:58Z,48.970545,1.892537,43.7,122.95,271.3,0.95,8
2025-09-20T09:43:59Z,48.970549,1.892073,43.5,122.47,270.9,0.95,8
2025-09-20T09:44:00Z,48.970550,1.891609,43.6,122.05,270.3,0.95,8
2025-09-20T09:44:01Z,48.970553,1.891143,43.2,122.86,270.7,0.86,9
2025-09-20T09:44:02Z,48.970558,1.890676,43.3,123.51,271.2,0.86,9
2025-09-20T09:44:03Z,48.970564,1.890204,43.1,124.79,271.1,0.86,9
2025-09-20T09:44:04Z,48.970567,1.889730,42.9,124.90,270.7,0.95,8
2025-09-20T09:44:05Z,48.970572,1.889255,42.4,125.16,271.3,0.95,8
2025-09-20T09:44:06Z,48.970580,1.888776,42.0,125.62,271.4,0.86,9
2025-09-20T09:44:07Z,48.970589,1.888305,41.4,123.99,271.8,0.86,9
2025-09-20T09:44:08Z,48.970592,1.887837,41.0,123.38,270.9,0.86,9
2025-09-20T09:44:09Z,48.970596,1.887373,41.0,121.84,270.8,0.95,8
2025-09-20T09:44:10Z,48.970602,1.886916,41.0,120.38,270.9,0.95,8
2025-09-20T09:44:11Z,48.970607,1.886458,41.0,120.79,271.1,0.95,8
2025-09-20T09:44:12Z,48.970613,1.885998,40.8,121.25,271.2,0.95,8
2025-09-20T09:44:13Z,48.970619,1.885540,40.6,120.97,271.1,0.95,8
2025-09-20T09:44:14Z,48.970624,1.885083,40.3,120.51,270.7,0.95,8
2025-09-20T09:44:15Z,48.970629,1.884623,39.8,121.19,271.1,0.95,8
2025-09-20T09:44:16Z,48.970636,1.884162,39.7,121.55,271.3,0.95,8
2025-09-20T09:44:17Z,48.970640,1.883699,39.2,122.05,270.8,0.95,8
2025-09-20T09:44:18Z,48.970646,1.883232,38.7,122.94,271.0,0.95,8
2025-09-20T09:44:19Z,48.970657,1.882764,38.4,123.25,271.9,0.95,8
2025-09-20T09:44:20Z,48.970664,1.882291,38.1,124.97,271.3,0.95,8
2025-09-20T09:44:21Z,48.970672,1.881821,38.0,125.45,271.7,0.95,8
2025-09-20T09:44:22Z,48.970678,1.881345,37.7,124.99,271.2,1.13,7
2025-09-20T09:44:23Z,48.970675,1.880872,36.6,124.95,270.1,1.13,7
2025-09-20T09:44:24Z,48.970673,1.880397,36.2,125.64,269.9,1.13,7
2025-09-20T09:44:25Z,48.970666,1.879917,35.4,126.49,269.2,1.13,7
2025-09-20T09:44:26Z,48.970654,1.879435,35.2,126.62,268.0,1.04,8
2025-09-20T09:44:27Z,48.970652,1.878950,35.6,127.21,269.1,0.86,9
2025-09-20T09:44:28Z,48.970642,1.878468,34.8,126.75,268.7,0.86,9
2025-09-20T09:44:29Z,48.970630,1.877984,34.5,127.70,268.0,1.06,8
2025-09-20T09:44:30Z,48.970619,1.877500,34.2,127.25,268.1,1.06,8
2025-09-20T09:44:31Z,48.970601,1.877013,34.2,128.33,266.7,1.06,8
2025-09-20T09:44:32Z,48.970585,1.876527,34.2,128.18,267.0,1.06,8
2025-09-20T09:44:33Z,48.970565,1.876042,33.8,128.25,266.6,1.19,7
2025-09-20T09:44:34Z,48.970540,1.875560,33.3,127.49,265.2,1.19,7
2025-09-20T09:44:35Z,48.970511,1.875073,32.9,128.73,265.1,1.19,7
2025-09-20T09:44:36Z,48.970480,1.874587,33.1,128.68,264.8,1.06,8
2025-09-20T09:44:37Z,48.970450,1.874096,32.7,129.10,264.7,1.06,8
2025-09-20T09:44:38Z,48.970421,1.873609,32.8,128.88,264.5,1.19,7
2025-09-20T09:44:39Z,48.970391,1.873125,32.8,128.40,264.5,1.19,7
2025-09-20T09:44:40Z,48.970354,1.872639,32.8,128.38,263.2,1.19,7
2025-09-20T09:44:41Z,48.970317,1.872151,32.4,128.99,263.0,1.19,7
2025-09-20T09:44:42Z,48.970275,1.871668,32.2,128.71,262.2,1.19,7
2025-09-20T09:44:43Z,48.970230,1.871186,32.1,128.73,261.9,1.41,6
2025-09-20T09:44:44Z,48.970183,1.870705,32.3,128.34,261.4,1.06,8
2025-09-20T09:44:45Z,48.970134,1.870222,32.2,128.81,261.4,1.06,8
2025-09-20T09:44:46Z,48.970082,1.869742,31.8,128.64,260.5,1.06,8
2025-09-20T09:44:47Z,48.970031,1.869257,32.5,129.14,261.1,1.06,8
2025-09-20T09:44:48Z,48.969977,1.868774,32.8,128.92,260.1,1.06,8
2025-09-20T09:44:49Z,48.969920,1.868289,33.0,129.14,259.8,1.06,8
2025-09-20T09:44:50Z,48.969857,1.867807,33.0,129.21,258.8,1.06,8
2025-09-20T09:44:51Z,48.969792,1.867329,33.2,129.16,258.3,1.06,8
2025-09-20T09:44:52Z,48.969722,1.866847,33.1,129.97,257.5,1.06,8
2025-09-20T09:44:53Z,48.969650,1.866367,32.8,129.55,257.2,1.06,8
2025-09-20T09:44:54Z,48.969573,1.865887,33.0,130.20,256.8,1.06,8
2025-09-20T09:44:55Z,48.969496,1.865405,33.3,130.23,256.6,1.06,8
2025-09-20T09:44:56Z,48.969419,1.864929,33.0,130.14,255.9,1.06,8
2025-09-20T09:44:57Z,48.969340,1.864450,32.9,130.25,255.7,1.20,7
2025-09-20T09:44:58Z,48.969250,1.863969,33.1,131.70,254.7,1.06,8
2025-09-20T09:44:59Z,48.969162,1.863494,33.1,130.97,254.5,1.06,8
2025-09-20T09:45:00Z,48.969073,1.863018,33.0,131.05,254.2,1.06,8
2025-09-20T09:45:01Z,48.968983,1.862544,32.8,129.45,253.6,1.06,8
2025-09-20T09:45:02Z,48.968889,1.862081,33.2,127.45,253.1,1.06,8
2025-09-20T09:45:03Z,48.968795,1.861627,33.2,126.16,252.7,1.06,8
2025-09-20T09:45:04Z,48.968700,1.861177,33.1,124.97,252.3,1.06,8
2025-09-20T09:45:05Z,48.968601,1.860726,33.3,124.08,251.9,1.06,8
2025-09-20T09:45:06Z,48.968504,1.860282,33.1,123.31,251.4,1.06,8
2025-09-20T09:45:07Z,48.968408,1.859849,32.6,120.44,251.0,1.06,8
2025-09-20T09:45:08Z,48.968310,1.859423,32.2,119.03,250.5,1.06,8
2025-09-20T09:45:09Z,48.968211,1.859002,31.6,118.47,250.2,1.06,8
2025-09-20T09:45:10Z,48.968110,1.858585,31.2,118.01,249.7,1.06,8
2025-09-20T09:45:11Z,48.968007,1.858169,30.9,117.75,249.4,1.06,8
2025-09-20T09:45:12Z,48.967903,1.857754,30.7,117.51,249.1,1.06,8
2025-09-20T09:45:13Z,48.967797,1.857342,30.5,117.03,248.8,1.06,8
2025-09-20T09:45:14Z,48.967690,1.856932,30.4,116.18,248.5,1.06,8
2025-09-20T09:45:15Z,48.967585,1.856526,30.3,114.69,248.2,1.06,8
2025-09-20T09:45:16Z,48.967479,1.856124,30.3,114.19,248.0,1.06,8
2025-09-20T09:45:17Z,48.967372,1.855726,30.4,113.68,247.7,1.06,8
2025-09-20T09:45:18Z,48.967264,1.855333,30.3,112.21,247.3,1.06,8
2025-09-20T09:45:19Z,48.967157,1.854945,30.3,111.29,247.2,1.06,8
2025-09-20T09:45:20Z,48.967050,1.854558,30.1,110.73,246.9,1.06,8
2025-09-20T09:45:21Z,48.966942,1.854177,30.3,109.32,246.8,1.05,8
2025-09-20T09:45:22Z,48.966834,1.853799,30.4,108.19,246.5,1.05,8
2025-09-20T09:45:23Z,48.966726,1.853421,30.4,109.03,246.5,1.05,8
2025-09-20T09:45:24Z,48.966616,1.853041,30.5,109.93,246.4,1.05,8
2025-09-20T09:45:25Z,48.966508,1.852664,30.6,107.90,246.4,1.05,8
2025-09-20T09:45:26Z,48.966401,1.852293,30.3,107.05,246.2,1.05,8
2025-09-20T09:45:27Z,48.966293,1.851920,30.4,108.01,246.1,1.05,8
2025-09-20T09:45:28Z,48.966182,1.851546,30.5,108.34,246.0,1.05,8
2025-09-20T09:45:29Z,48.966073,1.851170,30.5,108.71,246.3,1.05,8
2025-09-20T09:45:30Z,48.965964,1.850793,30.5,108.82,246.2,1.05,8
2025-09-20T09:45:31Z,48.965856,1.850418,30.3,107.84,246.3,1.05,8
2025-09-20T09:45:32Z,48.965747,1.850044,30.6,107.51,246.3,1.05,8
2025-09-20T09:45:33Z,48.965640,1.849673,30.6,106.80,246.1,1.05,8
2025-09-20T09:45:34Z,48.965532,1.849301,30.8,107.03,246.2,1.05,8
2025-09-20T09:45:35Z,48.965423,1.848925,30.8,108.03,246.2,1.05,8
2025-09-20T09:45:36Z,48.965314,1.848550,30.9,108.23,246.2,1.05,8
2025-09-20T09:45:37Z,48.965205,1.848175,30.8,107.58,246.1,1.05,8
2025-09-20T09:45:38Z,48.965096,1.847803,30.6,106.90,246.3,1.05,8
2025-09-20T09:45:39Z,48.964990,1.847432,30.4,106.25,246.4,1.05,8
2025-09-20T09:45:40Z,48.964883,1.847060,30.2,106.69,246.5,1.05,8
2025-09-20T09:45:41Z,48.964777,1.846687,29.9,107.75,246.9,1.05,8
2025-09-20T09:45:42Z,48.964674,1.846308,29.7,108.47,247.8,1.05,8
2025-09-20T09:45:43Z,48.964570,1.845922,29.6,110.56,247.6,1.05,8
2025-09-20T09:45:44Z,48.964466,1.845533,29.3,111.34,248.1,1.05,8
2025-09-20T09:45:45Z,48.964366,1.845149,29.2,107.73,248.8,1.05,8
2025-09-20T09:45:46Z,48.964272,1.844781,29.1,102.10,249.3,1.05,8
2025-09-20T09:45:47Z,48.964186,1.844424,28.8,99.47,250.5,1.05,8
2025-09-20T09:45:48Z,48.964104,1.844070,28.8,97.92,251.0,1.05,8
2025-09-20T09:45:49Z,48.964029,1.843720,28.5,97.01,252.4,1.05,8
2025-09-20T09:45:50Z,48.963956,1.843375,28.3,94.95,252.3,1.05,8
2025-09-20T09:45:51Z,48.963887,1.843038,28.1,92.40,252.9,1.05,8
2025-09-20T09:45:52Z,48.963825,1.842716,28.0,87.14,253.5,1.05,8
2025-09-20T09:45:53Z,48.963767,1.842408,27.8,83.69,254.1,1.05,8
2025-09-20T09:45:54Z,48.963714,1.842109,27.5,81.64,255.0,1.05,8
2025-09-20T09:45:55Z,48.963663,1.841813,27.4,80.41,255.8,1.05,8
2025-09-20T09:45:56Z,48.963617,1.841518,27.2,79.73,256.8,1.20,7
2025-09-20T09:45:57Z,48.963572,1.841223,27.1,79.77,257.0,1.05,8
2025-09-20T09:45:58Z,48.963529,1.840925,26.9,80.47,258.0,1.05,8
2025-09-20T09:45:59Z,48.963487,1.840625,26.8,80.73,258.4,1.05,8
2025-09-20T09:46:00Z,48.963446,1.840322,26.7,81.21,258.5,1.05,8
2025-09-20T09:46:01Z,48.963407,1.840022,26.7,80.23,259.1,1.05,8
2025-09-20T09:46:02Z,48.963372,1.839722,26.6,79.56,260.2,1.05,8
2025-09-20T09:46:03Z,48.963340,1.839424,26.5,79.52,260.9,1.05,8
2025-09-20T09:46:04Z,48.963309,1.839123,26.4,80.36,261.5,1.05,8
2025-09-20T09:46:05Z,48.963281,1.838818,26.3,81.14,262.2,1.20,7
2025-09-20T09:46:06Z,48.963254,1.838510,26.2,81.88,262.8,1.20,7
2025-09-20T09:46:07Z,48.963232,1.838200,26.0,82.71,264.0,1.20,7
2025-09-20T09:46:08Z,48.963212,1.837887,25.9,82.54,264.6,1.20,7
2025-09-20T09:46:09Z,48.963193,1.837577,25.6,81.95,264.5,1.20,7
2025-09-20T09:46:10Z,48.963173,1.837268,25.3,81.90,264.1,1.05,8
2025-09-20T09:46:11Z,48.963154,1.836955,25.0,82.54,264.9,1.05,8
2025-09-20T09:46:12Z,48.963143,1.836642,25.0,82.23,266.8,1.05,8
2025-09-20T09:46:13Z,48.963134,1.836334,24.9,81.10,267.5,1.05,8
2025-09-20T09:46:14Z,48.963129,1.836028,24.8,80.23,268.4,1.05,8
2025-09-20T09:46:15Z,48.963124,1.835725,24.7,79.17,268.9,1.05,8
2025-09-20T09:46:16Z,48.963125,1.835427,24.5,78.32,270.5,1.05,8
2025-09-20T09:46:17Z,48.963129,1.835133,24.4,77.14,271.1,1.05,8
2025-09-20T09:46:18Z,48.963132,1.834842,24.2,76.25,271.1,1.05,8
2025-09-20T09:46:19Z,48.963136,1.834555,24.1,75.14,271.4,1.35,6
2025-09-20T09:46:20Z,48.963143,1.834268,23.8,75.04,271.6,1.20,7
2025-09-20T09:46:21Z,48.963152,1.833989,23.5,72.93,272.7,1.20,7
2025-09-20T09:46:22Z,48.963162,1.833716,23.7,72.71,272.9,1.20,7
2025-09-20T09:46:23Z,48.963172,1.833447,23.7,70.88,273.6,1.20,7
2025-09-20T09:46:24Z,48.963183,1.833188,24.2,68.17,273.4,1.05,8
2025-09-20T09:46:25Z,48.963194,1.832936,24.2,65.58,273.6,1.05,8
2025-09-20T09:46:26Z,48.963204,1.832691,24.1,64.34,273.6,1.05,8
2025-09-20T09:46:27Z,48.963220,1.832453,24.3,62.91,275.9,1.05,8
2025-09-20T09:46:28Z,48.963236,1.832216,24.8,63.21,276.2,1.05,8
2025-09-20T09:46:29Z,48.963252,1.831977,25.0,64.01,276.3,1.05,8
2025-09-20T09:46:30Z,48.963271,1.831733,25.3,64.17,276.7,1.05,8
2025-09-20T09:46:31Z,48.963291,1.831489,25.4,63.56,277.6,1.05,8
2025-09-20T09:46:32Z,48.963313,1.831250,25.5,63.91,278.3,1.29,7
2025-09-20T09:46:33Z,48.963336,1.831015,25.4,62.13,279.5,1.05,8
2025-09-20T09:46:34Z,48.963362,1.830784,25.5,60.99,279.8,1.05,8
2025-09-20T09:46:35Z,48.963386,1.830556,25.6,60.21,280.4,1.05,8
2025-09-20T09:46:36Z,48.963410,1.830330,26.2,59.97,280.3,1.05,8
2025-09-20T09:46:37Z,48.963434,1.830106,26.6,59.52,280.4,1.05,8
2025-09-20T09:46:38Z,48.963462,1.829884,27.3,58.63,280.8,1.05,8
2025-09-20T09:46:39Z,48.963489,1.829668,27.5,57.69,280.8,1.05,8
2025-09-20T09:46:40Z,48.963514,1.829456,27.9,56.04,280.6,1.05,8
2025-09-20T09:46:41Z,48.963537,1.829254,28.2,53.04,280.7,1.05,8
2025-09-20T09:46:42Z,48.963558,1.829070,28.8,47.80,280.9,1.05,8
2025-09-20T09:46:43Z,48.963578,1.828900,29.1,44.71,281.0,1.29,7
2025-09-20T09:46:44Z,48.963599,1.828740,29.4,41.45,281.4,1.29,7
2025-09-20T09:46:45Z,48.963617,1.828593,29.7,39.02,281.7,1.29,7
2025-09-20T09:46:46Z,48.963635,1.828454,29.9,37.06,281.9,1.29,7
2025-09-20T09:46:47Z,48.963655,1.828316,30.2,37.11,282.2,1.29,7
2025-09-20T09:46:48Z,48.963676,1.828177,30.6,36.93,282.8,1.29,7
2025-09-20T09:46:49Z,48.963693,1.828041,30.8,36.28,282.3,1.29,7
2025-09-20T09:46:50Z,48.963712,1.827906,30.9,36.06,282.6,1.29,7
2025-09-20T09:46:51Z,48.963731,1.827774,31.1,35.50,282.3,1.29,7
2025-09-20T09:46:52Z,48.963749,1.827642,31.4,34.45,282.5,1.29,7
2025-09-20T09:46:53Z,48.963766,1.827509,32.0,34.56,282.4,1.29,7
2025-09-20T09:46:54Z,48.963784,1.827382,32.1,35.15,282.1,1.29,7
2025-09-20T09:46:55Z,48.963801,1.827248,32.4,36.23,281.9,1.29,7
2025-09-20T09:46:56Z,48.963822,1.827111,32.7,37.26,282.7,1.29,7
2025-09-20T09:46:57Z,48.963841,1.826969,32.8,38.78,282.4,1.29,7
2025-09-20T09:46:58Z,48.963862,1.826822,33.0,40.41,282.6,1.29,7
2025-09-20T09:46:59Z,48.963887,1.826665,33.0,43.24,282.7,1.29,7
2025-09-20T09:47:00Z,48.963911,1.826496,33.3,46.69,282.5,1.29,7
2025-09-20T09:47:01Z,48.963940,1.826318,33.4,49.74,282.9,1.29,7
2025-09-20T09:47:02Z,48.963966,1.826120,34.0,53.24,283.0,1.29,7
2025-09-20T09:47:03Z,48.963999,1.825918,34.0,55.93,283.5,1.29,7
2025-09-20T09:47:04Z,48.964036,1.825704,34.3,59.23,284.5,1.29,7
2025-09-20T09:47:05Z,48.964072,1.825478,34.5,62.17,283.4,1.29,7
2025-09-20T09:47:06Z,48.964109,1.825241,34.9,65.01,283.3,1.29,7
2025-09-20T09:47:07Z,48.964147,1.824994,34.8,67.88,282.8,1.29,8
2025-09-20T09:47:08Z,48.964183,1.824732,35.3,70.36,282.7,1.29,8
2025-09-20T09:47:09Z,48.964224,1.824466,35.3,73.06,282.7,1.29,8
2025-09-20T09:47:10Z,48.964264,1.824187,35.3,76.27,282.6,1.29,8
2025-09-20T09:47:11Z,48.964306,1.823895,35.4,79.10,282.7,1.29,8
2025-09-20T09:47:12Z,48.964352,1.823599,35.2,81.86,282.4,1.29,8
2025-09-20T09:47:13Z,48.964397,1.823287,35.4,84.30,283.1,1.29,8
2025-09-20T09:47:14Z,48.964445,1.822969,35.3,87.06,282.6,1.29,8
2025-09-20T09:47:15Z,48.964495,1.822642,35.2,89.23,282.7,1.29,8
2025-09-20T09:47:16Z,48.964545,1.822310,35.1,90.60,283.1,1.29,8
2025-09-20T09:47:17Z,48.964597,1.821967,34.9,93.58,282.9,1.29,8
2025-09-20T09:47:18Z,48.964650,1.821614,34.7,96.27,282.6,1.29,8
2025-09-20T09:47:19Z,48.964702,1.821252,34.6,98.36,282.4,1.29,8
2025-09-20T09:47:20Z,48.964756,1.820887,34.1,99.30,282.4,1.29,8
2025-09-20T09:47:21Z,48.964811,1.820518,33.7,100.23,282.9,1.05,8
2025-09-20T09:47:22Z,48.964869,1.820145,33.3,101.73,282.9,1.05,8
2025-09-20T09:47:23Z,48.964928,1.819765,32.8,103.38,283.0,1.05,8
2025-09-20T09:47:24Z,48.964986,1.819378,32.4,105.58,283.0,1.05,8
2025-09-20T09:47:25Z,48.965046,1.818983,32.0,107.71,282.7,1.05,8
2025-09-20T09:47:26Z,48.965106,1.818581,31.5,109.60,282.7,1.05,8
2025-09-20T09:47:27Z,48.965169,1.818173,30.9,111.38,282.8,1.05,8
2025-09-20T09:47:28Z,48.965230,1.817756,30.4,113.14,282.9,1.05,8
2025-09-20T09:47:29Z,48.965293,1.817337,29.8,114.01,282.5,1.05,8
2025-09-20T09:47:30Z,48.965351,1.816912,29.1,114.44,281.6,1.05,8
2025-09-20T09:47:31Z,48.965408,1.816486,28.4,115.06,281.2,1.05,8
2025-09-20T09:47:32Z,48.965462,1.816054,27.9,116.18,280.7,1.05,8
2025-09-20T09:47:33Z,48.965513,1.815618,27.4,116.68,279.9,1.05,8
2025-09-20T09:47:34Z,48.965561,1.815179,26.9,117.62,279.2,1.05,8
2025-09-20T09:47:35Z,48.965602,1.814732,26.8,118.90,278.2,1.05,8
2025-09-20T09:47:36Z,48.965644,1.814283,26.3,119.69,277.3,1.05,8
2025-09-20T09:47:37Z,48.965680,1.813829,25.8,120.53,276.5,1.05,8
2025-09-20T09:47:38Z,48.965708,1.813370,25.5,121.69,275.2,1.05,8
2025-09-20T09:47:39Z,48.965732,1.812909,25.0,122.21,274.3,1.05,8
2025-09-20T09:47:40Z,48.965750,1.812444,24.8,123.14,273.1,1.05,8
2025-09-20T09:47:41Z,48.965761,1.811974,24.9,124.05,272.3,1.05,8
2025-09-20T09:47:42Z,48.965775,1.811498,24.9,125.60,272.6,1.05,8
2025-09-20T09:47:43Z,48.965777,1.811023,24.8,124.95,270.6,1.05,8
2025-09-20T09:47:44Z,48.965776,1.810549,24.7,124.73,269.8,1.05,8
2025-09-20T09:47:45Z,48.965767,1.810073,24.6,125.60,268.5,1.05,8
2025-09-20T09:47:46Z,48.965751,1.809594,24.5,125.84,267.1,1.05,8
2025-09-20T09:47:47Z,48.965731,1.809114,24.7,127.12,266.1,1.05,8
2025-09-20T09:47:48Z,48.965706,1.808638,24.8,125.79,265.2,1.05,8
2025-09-20T09:47:49Z,48.965679,1.808169,24.6,124.27,264.4,1.05,8
2025-09-20T09:47:50Z,48.965642,1.807699,24.6,123.70,263.2,1.05,8
2025-09-20T09:47:51Z,48.965601,1.807233,24.6,124.07,262.4,1.05,8
2025-09-20T09:47:52Z,48.965556,1.806765,24.6,124.38,261.3,1.05,8
2025-09-20T09:47:53Z,48.965507,1.806299,24.6,123.81,260.6,1.05,8
2025-09-20T09:47:54Z,48.965452,1.805839,24.6,122.57,259.7,1.05,8
2025-09-20T09:47:55Z,48.965397,1.805387,24.5,120.71,259.5,1.05,8
2025-09-20T09:47:56Z,48.965340,1.804940,24.5,119.58,259.1,1.05,8
2025-09-20T09:47:57Z,48.965281,1.804498,24.5,118.21,258.5,1.05,8
2025-09-20T09:47:58Z,48.965220,1.804061,24.3,117.53,258.0,1.05,8
2025-09-20T09:47:59Z,48.965157,1.803624,24.0,118.40,257.7,1.05,8
2025-09-20T09:48:00Z,48.965093,1.803180,24.0,119.73,257.6,1.05,8
2025-09-20T09:48:01Z,48.965029,1.802737,24.1,119.25,257.6,1.05,8
2025-09-20T09:48:02Z,48.964965,1.802301,24.2,117.42,257.4,1.05,8
2025-09-20T09:48:03Z,48.964902,1.801868,24.4,116.36,257.7,1.05,8
2025-09-20T09:48:04Z,48.964839,1.801439,24.4,115.66,257.8,1.05,8
2025-09-20T09:48:05Z,48.964779,1.801014,24.5,114.29,258.0,1.05,8
2025-09-20T09:48:06Z,48.964721,1.800589,24.5,113.81,258.6,1.05,8
2025-09-20T09:48:07Z,48.964666,1.800162,24.4,114.66,259.2,1.05,8
2025-09-20T09:48:08Z,48.964613,1.799731,24.5,115.79,260.0,1.05,8
2025-09-20T09:48:09Z,48.964562,1.799297,24.6,115.97,260.0,1.05,8
2025-09-20T09:48:10Z,48.964515,1.798860,24.8,116.08,260.9,1.05,8
2025-09-20T09:48:11Z,48.964470,1.798425,24.7,115.88,261.2,1.05,8
2025-09-20T09:48:12Z,48.964420,1.797990,24.6,115.81,260.5,1.05,8
2025-09-20T09:48:13Z,48.964373,1.797559,24.5,114.75,260.7,1.05,8
2025-09-20T09:48:14Z,48.964330,1.797126,24.5,115.03,261.4,1.05,8
2025-09-20T09:48:15Z,48.964290,1.796694,24.4,115.27,261.9,1.05,8
2025-09-20T09:48:16Z,48.964253,1.796258,24.2,116.42,262.4,1.05,8
2025-09-20T09:48:17Z,48.964216,1.795817,24.2,117.10,262.6,1.05,8
2025-09-20T09:48:18Z,48.964181,1.795373,23.8,117.79,263.0,1.05,8
2025-09-20T09:48:19Z,48.964149,1.794925,23.4,118.66,263.6,1.05,8
2025-09-20T09:48:20Z,48.964120,1.794477,23.7,118.62,264.1,1.05,8
2025-09-20T09:48:21Z,48.964089,1.794029,23.6,119.14,263.9,1.05,8
2025-09-20T09:48:22Z,48.964059,1.793578,23.7,119.21,264.5,1.05,8
2025-09-20T09:48:23Z,48.964038,1.793128,23.4,118.73,265.7,1.20,7
2025-09-20T09:48:24Z,48.964017,1.792680,23.1,118.51,265.6,1.20,7
2025-09-20T09:48:25Z,48.963997,1.792231,23.1,118.25,265.9,1.05,8
2025-09-20T09:48:26Z,48.963986,1.791778,23.4,119.29,267.7,1.05,8
2025-09-20T09:48:27Z,48.963973,1.791332,23.4,117.32,267.3,1.05,8
2025-09-20T09:48:28Z,48.963963,1.790888,23.4,116.86,267.5,1.05,8
2025-09-20T09:48:29Z,48.963953,1.790443,23.6,117.12,267.8,1.05,8
2025-09-20T09:48:30Z,48.963944,1.790000,23.7,116.44,267.9,1.05,8
2025-09-20T09:48:31Z,48.963939,1.789556,23.8,116.79,268.7,1.05,8
2025-09-20T09:48:32Z,48.963933,1.789120,23.8,114.88,268.4,1.05,8
2025-09-20T09:48:33Z,48.963929,1.788685,23.8,114.32,268.9,1.05,8
2025-09-20T09:48:34Z,48.963925,1.788251,23.9,114.05,269.1,1.05,8
2025-09-20T09:48:35Z,48.963923,1.787819,23.8,113.71,269.5,1.05,8
2025-09-20T09:48:36Z,48.963922,1.787389,23.6,113.73,269.7,1.05,8
2025-09-20T09:48:37Z,48.963922,1.786954,23.5,114.40,269.9,1.05,8
2025-09-20T09:48:38Z,48.963921,1.786521,23.5,114.19,269.9,1.05,8
2025-09-20T09:48:39Z,48.963920,1.786089,23.2,113.69,269.7,1.05,8
2025-09-20T09:48:40Z,48.963921,1.785656,23.0,113.95,270.0,1.05,8
2025-09-20T09:48:41Z,48.963925,1.785225,23.1,113.71,270.6,1.05,8
2025-09-20T09:48:42Z,48.963928,1.784794,23.5,113.92,270.5,1.05,8
2025-09-20T09:48:43Z,48.963930,1.784363,23.6,113.73,270.9,1.05,8
2025-09-20T09:48:44Z,48.963935,1.783934,23.4,112.23,270.3,1.05,8
2025-09-20T09:48:45Z,48.963937,1.783513,23.7,110.82,270.7,1.05,8
2025-09-20T09:48:46Z,48.963941,1.783095,23.8,109.40,270.8,1.05,8
2025-09-20T09:48:47Z,48.963944,1.782682,24.0,108.49,270.7,1.05,8
2025-09-20T09:48:48Z,48.963947,1.782269,24.0,108.25,270.6,1.05,8
2025-09-20T09:48:49Z,48.963950,1.781858,23.9,108.51,270.6,1.05,8
2025-09-20T09:48:50Z,48.963953,1.781447,23.9,108.77,270.8,1.05,8
2025-09-20T09:48:51Z,48.963957,1.781035,24.1,108.01,270.8,1.05,8
2025-09-20T09:48:52Z,48.963962,1.780631,23.9,105.88,270.8,1.05,8
2025-09-20T09:48:53Z,48.963966,1.780233,23.9,104.34,270.7,1.05,8
2025-09-20T09:48:54Z,48.963969,1.779838,23.9,103.86,270.8,1.05,8
2025-09-20T09:48:55Z,48.963973,1.779445,24.0,103.93,270.9,1.05,8
2025-09-20T09:48:56Z,48.963976,1.779049,24.2,104.43,270.8,1.05,8
2025-09-20T09:48:57Z,48.963980,1.778651,24.1,104.77,271.0,1.05,8
2025-09-20T09:48:58Z,48.963984,1.778250,24.3,105.56,270.9,1.05,8
2025-09-20T09:48:59Z,48.963990,1.777852,24.3,105.01,271.3,1.05,8
2025-09-20T09:49:00Z,48.963995,1.777453,24.3,105.03,271.3,1.05,8
2025-09-20T09:49:01Z,48.964000,1.777054,24.4,105.12,271.2,1.05,8
2025-09-20T09:49:02Z,48.964011,1.776657,24.1,104.60,272.4,1.05,8
2025-09-20T09:49:03Z,48.964023,1.776253,24.1,106.84,272.9,1.05,8
2025-09-20T09:49:04Z,48.964037,1.775848,24.0,106.95,273.4,1.05,8
2025-09-20T09:49:05Z,48.964051,1.775438,24.2,107.75,273.6,1.05,8
2025-09-20T09:49:06Z,48.964070,1.775027,24.1,108.36,274.2,1.05,8
2025-09-20T09:49:07Z,48.964089,1.774614,24.1,109.64,274.6,1.05,8
2025-09-20T09:49:08Z,48.964107,1.774193,24.2,111.21,274.8,1.05,8
2025-09-20T09:49:09Z,48.964131,1.773779,24.7,108.69,275.2,1.05,8
2025-09-20T09:49:10Z,48.964158,1.773366,24.7,109.45,275.9,1.05,8
2025-09-20T09:49:11Z,48.964190,1.772956,24.5,108.66,276.6,1.05,8
2025-09-20T09:49:12Z,48.964222,1.772547,24.5,108.84,276.7,1.05,8
2025-09-20T09:49:13Z,48.964255,1.772141,24.7,107.73,277.3,1.05,8
2025-09-20T09:49:14Z,48.964291,1.771739,24.8,106.79,277.9,1.05,8
2025-09-20T09:49:15Z,48.964331,1.771339,24.8,106.80,278.8,1.05,8
2025-09-20T09:49:16Z,48.964376,1.770941,24.7,106.97,279.6,1.05,8
2025-09-20T09:49:17Z,48.964420,1.770536,24.9,108.30,279.6,1.05,8
2025-09-20T09:49:18Z,48.964465,1.770129,24.9,109.08,279.8,1.05,8
2025-09-20T09:49:19Z,48.964512,1.769722,25.0,109.25,279.9,1.05,8
2025-09-20T09:49:20Z,48.964560,1.769315,25.2,108.79,280.1,1.05,8
2025-09-20T09:49:21Z,48.964606,1.768905,25.3,109.75,279.8,1.05,8
2025-09-20T09:49:22Z,48.964653,1.768492,25.1,110.42,279.7,1.05,8
2025-09-20T09:49:23Z,48.964700,1.768078,25.2,110.34,280.0,1.05,8
2025-09-20T09:49:24Z,48.964748,1.767668,25.2,109.53,280.3,1.05,8
2025-09-20T09:49:25Z,48.964795,1.767252,25.3,111.10,280.2,1.05,8
2025-09-20T09:49:26Z,48.964843,1.766835,25.2,111.31,280.1,1.05,8
2025-09-20T09:49:27Z,48.964889,1.766424,25.2,109.93,279.4,1.05,8
2025-09-20T09:49:28Z,48.964929,1.766014,25.1,109.36,278.2,1.05,8
2025-09-20T09:49:29Z,48.964967,1.765604,24.8,109.49,277.4,1.05,8
2025-09-20T09:49:30Z,48.964999,1.765189,24.9,110.34,276.4,1.05,8
2025-09-20T09:49:31Z,48.965030,1.764767,24.9,112.23,276.8,1.05,8
2025-09-20T09:49:32Z,48.965062,1.764342,24.7,112.93,276.4,1.05,8
2025-09-20T09:49:33Z,48.965092,1.763912,24.7,114.14,276.3,1.05,8
2025-09-20T09:49:34Z,48.965125,1.763481,24.4,114.49,276.6,1.05,8
2025-09-20T09:49:35Z,48.965159,1.763049,24.4,114.45,277.2,1.05,8
2025-09-20T09:49:36Z,48.965196,1.762619,24.6,114.12,277.7,1.05,8
2025-09-20T09:49:37Z,48.965235,1.762189,24.3,114.14,277.4,1.05,8
2025-09-20T09:49:38Z,48.965269,1.761758,24.3,114.92,276.7,1.05,8
2025-09-20T09:49:39Z,48.965299,1.761322,24.2,115.77,275.2,1.05,8
2025-09-20T09:49:40Z,48.965320,1.760882,24.4,116.42,274.0,1.05,8
2025-09-20T09:49:41Z,48.965336,1.760440,24.9,116.84,273.0,1.05,8
2025-09-20T09:49:42Z,48.965348,1.759996,25.6,117.56,272.4,1.05,8
2025-09-20T09:49:43Z,48.965360,1.759547,26.7,118.99,272.2,1.05,8
2025-09-20T09:49:44Z,48.965357,1.759094,27.9,119.60,270.0,1.20,7
2025-09-20T09:49:45Z,48.965347,1.758638,28.9,120.32,268.0,1.05,8
2025-09-20T09:49:46Z,48.965335,1.758182,30.3,120.07,268.1,1.05,8
2025-09-20T09:49:47Z,48.965315,1.757727,31.6,120.64,266.2,1.05,8
2025-09-20T09:49:48Z,48.965290,1.757273,33.2,120.29,265.4,1.20,7
2025-09-20T09:49:49Z,48.965262,1.756824,35.2,119.38,264.6,1.20,7
2025-09-20T09:49:50Z,48.965240,1.756374,36.1,118.53,265.7,1.20,7
2025-09-20T09:49:51Z,48.965218,1.755927,37.5,117.75,266.1,1.20,7
2025-09-20T09:49:52Z,48.965210,1.755482,38.8,117.08,268.5,1.20,7
2025-09-20T09:49:53Z,48.965207,1.755040,39.4,115.71,269.7,1.20,7
2025-09-20T09:49:54Z,48.965216,1.754604,41.0,115.44,271.5,1.20,7
2025-09-20T09:49:55Z,48.965227,1.754173,42.6,114.31,272.7,1.20,7
2025-09-20T09:49:56Z,48.965251,1.753741,43.9,114.25,275.1,1.20,7
2025-09-20T09:49:57Z,48.965286,1.753312,45.0,114.08,277.2,1.20,7
2025-09-20T09:49:58Z,48.965333,1.752888,46.1,113.71,279.6,1.20,7
2025-09-20T09:49:59Z,48.965393,1.752467,46.7,113.55,282.9,1.20,7
2025-09-20T09:50:00Z,48.965460,1.752042,48.3,114.90,283.4,1.20,7
2025-09-20T09:50:01Z,48.965532,1.751620,49.7,115.01,285.0,1.20,7
2025-09-20T09:50:02Z,48.965610,1.751201,50.4,114.97,286.7,1.20,7
2025-09-20T09:50:03Z,48.965699,1.750783,51.9,115.60,288.4,1.20,7
2025-09-20T09:50:04Z,48.965794,1.750372,52.8,115.51,289.9,1.20,7
2025-09-20T09:50:05Z,48.965896,1.749962,53.9,115.73,291.2,1.20,7
2025-09-20T09:50:06Z,48.966005,1.749556,54.8,116.01,292.6,1.20,7
2025-09-20T09:50:07Z,48.966126,1.749154,55.5,116.49,294.9,1.20,7
2025-09-20T09:50:08Z,48.966254,1.748759,56.1,116.79,296.7,1.20,7
2025-09-20T09:50:09Z,48.966391,1.748370,56.6,116.49,299.2,1.20,7
2025-09-20T09:50:10Z,48.966537,1.747993,56.9,115.21,301.4,1.20,7
2025-09-20T09:50:11Z,48.966688,1.747626,57.2,114.27,302.5,1.20,7
2025-09-20T09:50:12Z,48.966847,1.747268,57.6,113.55,304.1,1.20,7
2025-09-20T09:50:13Z,48.967007,1.746913,58.0,113.38,304.6,1.20,7
2025-09-20T09:50:14Z,48.967171,1.746563,58.6,113.32,305.5,1.20,7
2025-09-20T09:50:15Z,48.967335,1.746215,59.0,112.71,305.3,1.20,7
2025-09-20T09:50:16Z,48.967494,1.745862,59.2,112.49,304.3,1.20,7
2025-09-20T09:50:17Z,48.967645,1.745506,59.4,111.66,302.6,1.20,7
2025-09-20T09:50:18Z,48.967786,1.745141,59.7,111.16,300.5,1.20,7
2025-09-20T09:50:19Z,48.967920,1.744773,59.8,111.10,298.9,1.20,7
2025-09-20T09:50:20Z,48.968047,1.744401,60.0,110.79,297.2,1.20,7
2025-09-20T09:50:21Z,48.968168,1.744023,59.7,110.14,296.0,1.20,7
2025-09-20T09:50:22Z,48.968279,1.743643,59.7,109.42,294.1,1.20,7
2025-09-20T09:50:23Z,48.968381,1.743262,59.5,109.31,291.8,1.20,7
2025-09-20T09:50:24Z,48.968475,1.742874,59.3,109.73,289.7,1.20,7
2025-09-20T09:50:25Z,48.968564,1.742479,59.2,110.12,287.8,1.20,7
2025-09-20T09:50:26Z,48.968643,1.742082,58.7,109.55,285.9,1.20,7
2025-09-20T09:50:27Z,48.968710,1.741681,57.9,108.77,284.2,1.20,7
2025-09-20T09:50:28Z,48.968772,1.741280,57.2,108.69,283.0,1.20,7
2025-09-20T09:50:29Z,48.968832,1.740875,56.8,109.23,282.1,1.20,7
2025-09-20T09:50:30Z,48.968890,1.740465,56.3,109.82,280.9,1.20,7
2025-09-20T09:50:31Z,48.968939,1.740052,55.7,110.71,280.0,1.05,8
2025-09-20T09:50:32Z,48.968989,1.739637,55.0,111.27,280.5,1.05,8
2025-09-20T09:50:33Z,48.969042,1.739220,54.1,111.81,280.9,1.05,8
2025-09-20T09:50:34Z,48.969100,1.738806,53.2,111.53,282.0,1.20,8
2025-09-20T09:50:35Z,48.969161,1.738393,52.5,111.69,283.0,1.20,8
2025-09-20T09:50:36Z,48.969231,1.737987,51.4,110.73,285.6,1.05,8
2025-09-20T09:50:37Z,48.969312,1.737586,50.5,110.45,287.6,1.05,8
2025-09-20T09:50:38Z,48.969404,1.737191,49.3,109.62,289.4,1.05,8
2025-09-20T09:50:39Z,48.969500,1.736805,48.3,108.90,291.2,1.05,8
2025-09-20T09:50:40Z,48.969604,1.736425,46.8,109.01,292.9,1.05,8
2025-09-20T09:50:41Z,48.969713,1.736045,45.4,109.16,293.8,1.05,8
2025-09-20T09:50:42Z,48.969832,1.735673,43.9,108.93,295.8,1.15,7
2025-09-20T09:50:43Z,48.969961,1.735306,42.6,109.53,297.8,1.15,7
2025-09-20T09:50:44Z,48.970095,1.734944,41.2,109.34,299.1,1.05,8
2025-09-20T09:50:45Z,48.970234,1.734586,39.8,109.64,301.0,1.05,8
2025-09-20T09:50:46Z,48.970380,1.734236,38.2,109.47,302.7,1.05,8
2025-09-20T09:50:47Z,48.970535,1.733893,37.2,109.93,304.7,1.05,8
2025-09-20T09:50:48Z,48.970695,1.733556,36.0,109.64,305.8,1.05,8
2025-09-20T09:50:49Z,48.970865,1.733223,35.3,111.23,308.3,1.05,8
2025-09-20T09:50:50Z,48.971043,1.732898,34.6,111.56,310.1,1.05,8
2025-09-20T09:50:51Z,48.971228,1.732582,34.0,111.36,312.1,1.05,8
2025-09-20T09:50:52Z,48.971420,1.732271,33.6,112.75,313.9,1.05,8
2025-09-20T09:50:53Z,48.971620,1.731968,33.3,113.29,315.2,1.05,8
2025-09-20T09:50:54Z,48.971822,1.731667,33.1,113.55,316.0,1.05,8
2025-09-20T09:50:55Z,48.972026,1.731368,33.0,114.12,316.5,1.05,8
2025-09-20T09:50:56Z,48.972231,1.731073,32.9,113.19,316.4,1.05,8
2025-09-20T09:50:57Z,48.972440,1.730779,33.6,114.42,317.3,1.05,8
2025-09-20T09:50:58Z,48.972641,1.730484,34.3,111.68,316.1,1.05,8
2025-09-20T09:50:59Z,48.972845,1.730193,34.6,111.71,316.8,1.05,8
2025-09-20T09:51:00Z,48.973047,1.729899,34.9,111.90,316.1,1.05,8
2025-09-20T09:51:01Z,48.973250,1.729597,35.6,114.01,315.8,1.05,8
2025-09-20T09:51:02Z,48.973450,1.729288,35.9,114.86,314.9,1.05,8
2025-09-20T09:51:03Z,48.973645,1.728975,36.7,114.60,313.7,1.20,7
2025-09-20T09:51:04Z,48.973834,1.728654,37.2,114.49,311.9,1.05,8
2025-09-20T09:51:05Z,48.974023,1.728323,38.0,115.03,310.8,1.05,8
2025-09-20T09:51:06Z,48.974206,1.727988,38.5,114.81,309.5,1.05,8
2025-09-20T09:51:07Z,48.974385,1.727651,38.4,113.53,308.2,1.05,8
2025-09-20T09:51:08Z,48.974553,1.727302,38.7,113.47,306.4,1.05,8
2025-09-20T09:51:09Z,48.974709,1.726943,39.1,112.27,304.2,1.05,8
2025-09-20T09:51:10Z,48.974856,1.726581,39.4,110.56,301.9,1.05,8
2025-09-20T09:51:11Z,48.974997,1.726219,39.7,109.31,299.7,1.05,8
2025-09-20T09:51:12Z,48.975127,1.725859,40.1,107.66,298.3,1.05,8
2025-09-20T09:51:13Z,48.975249,1.725495,39.7,106.45,296.5,1.20,8
2025-09-20T09:51:14Z,48.975362,1.725132,39.7,105.43,295.0,1.20,8
2025-09-20T09:51:15Z,48.975469,1.724772,39.3,102.30,293.7,1.20,7
2025-09-20T09:51:16Z,48.975559,1.724435,38.8,94.49,291.6,1.20,7
2025-09-20T09:51:17Z,48.975636,1.724120,38.7,85.82,290.4,1.20,7
2025-09-20T09:51:18Z,48.975703,1.723837,38.0,77.45,288.8,1.20,7
2025-09-20T09:51:19Z,48.975760,1.723571,37.7,71.30,287.7,1.20,7
2025-09-20T09:51:20Z,48.975809,1.723323,37.4,66.91,287.0,1.20,7
2025-09-20T09:51:21Z,48.975855,1.723094,37.0,61.26,287.1,1.20,7
2025-09-20T09:51:22Z,48.975894,1.722886,36.7,55.78,286.4,1.20,7
2025-09-20T09:51:23Z,48.975930,1.722692,36.2,52.28,285.6,1.20,7
2025-09-20T09:51:24Z,48.975963,1.722506,35.9,50.19,285.7,1.20,7
2025-09-20T09:51:25Z,48.975994,1.722339,35.6,44.34,285.7,1.20,7
2025-09-20T09:51:26Z,48.976021,1.722193,35.3,38.98,285.1,1.20,7
2025-09-20T09:51:27Z,48.976047,1.722069,35.0,33.00,286.8,1.20,7
2025-09-20T09:51:28Z,48.976065,1.721960,34.8,28.32,285.8,1.20,7
2025-09-20T09:51:29Z,48.976081,1.721866,34.3,24.91,285.7,1.20,7
2025-09-20T09:51:30Z,48.976097,1.721774,34.2,24.61,285.3,1.20,7
2025-09-20T09:51:31Z,48.976113,1.721686,34.1,24.02,285.5,1.20,7
2025-09-20T09:51:32Z,48.976129,1.721592,33.9,25.32,285.0,1.20,7
2025-09-20T09:51:33Z,48.976146,1.721496,33.6,27.41,284.5,1.20,7
2025-09-20T09:51:34Z,48.976164,1.721394,33.5,28.48,285.0,1.20,7
2025-09-20T09:51:35Z,48.976183,1.721284,33.2,30.37,286.3,1.19,7
2025-09-20T09:51:36Z,48.976205,1.721166,32.7,33.43,285.7,1.19,7
2025-09-20T09:51:37Z,48.976229,1.721034,32.3,36.87,286.0,1.19,7
2025-09-20T09:51:38Z,48.976254,1.720894,31.8,39.19,285.9,1.19,7
2025-09-20T09:51:39Z,48.976280,1.720755,31.5,37.95,285.9,1.19,7
2025-09-20T09:51:40Z,48.976305,1.720623,31.0,35.50,286.6,1.19,7
2025-09-20T09:51:41Z,48.976331,1.720499,30.5,34.58,286.8,1.19,7
2025-09-20T09:51:42Z,48.976353,1.720374,30.0,34.15,285.0,1.19,7
2025-09-20T09:51:43Z,48.976375,1.720252,29.6,33.24,285.9,1.19,7
2025-09-20T09:51:44Z,48.976396,1.720129,29.3,32.87,285.7,1.19,7
2025-09-20T09:51:45Z,48.976419,1.720010,28.9,32.61,285.6,1.05,8
2025-09-20T09:51:46Z,48.976439,1.719901,28.6,29.52,285.0,1.05,8
2025-09-20T09:51:47Z,48.976456,1.719809,28.5,24.22,283.9,1.05,8
2025-09-20T09:51:48Z,48.976471,1.719742,28.4,17.37,285.5,1.05,8
2025-09-20T09:51:49Z,48.976480,1.719685,28.4,14.08,285.6,1.05,8
2025-09-20T09:51:50Z,48.976488,1.719635,28.0,13.19,286.3,1.05,8
2025-09-20T09:51:51Z,48.976498,1.719587,28.1,13.35,285.4,1.05,8
2025-09-20T09:51:52Z,48.976506,1.719536,28.0,14.17,285.1,1.05,8
2025-09-20T09:51:53Z,48.976520,1.719483,27.5,16.02,286.0,1.05,8
2025-09-20T09:51:54Z,48.976531,1.719419,27.6,17.32,286.9,1.05,8
2025-09-20T09:51:55Z,48.976542,1.719350,27.6,18.67,284.9,1.05,8
2025-09-20T09:51:56Z,48.976557,1.719284,27.2,18.71,286.6,1.20,7
2025-09-20T09:51:57Z,48.976572,1.719214,27.0,19.17,286.7,1.20,7
2025-09-20T09:51:58Z,48.976583,1.719141,27.1,19.13,286.5,1.20,7
2025-09-20T09:51:59Z,48.976594,1.719072,27.3,17.82,285.6,1.05,8
2025-09-20T09:52:00Z,48.976605,1.719010,27.1,16.41,285.2,1.05,8
2025-09-20T09:52:01Z,48.976615,1.718950,27.0,16.19,284.4,1.05,8
2025-09-20T09:52:02Z,48.976624,1.718888,27.1,16.17,284.8,1.05,8
2025-09-20T09:52:03Z,48.976634,1.718829,27.0,16.00,284.7,1.05,8
2025-09-20T09:52:04Z,48.976644,1.718768,27.0,16.28,285.8,1.05,8
2025-09-20T09:52:05Z,48.976654,1.718704,27.0,17.30,286.4,1.05,8
2025-09-20T09:52:06Z,48.976664,1.718633,26.9,18.48,286.0,1.05,8
2025-09-20T09:52:07Z,48.976675,1.718561,26.9,19.58,285.1,1.05,8
2025-09-20T09:52:08Z,48.976689,1.718484,26.8,21.52,284.6,1.05,8
2025-09-20T09:52:09Z,48.976704,1.718400,26.8,23.32,285.1,1.05,8
2025-09-20T09:52:10Z,48.976721,1.718310,26.7,24.82,285.2,1.05,8
2025-09-20T09:52:11Z,48.976737,1.718217,26.6,25.52,285.4,1.05,8
2025-09-20T09:52:12Z,48.976754,1.718123,26.4,25.30,285.4,1.05,8
2025-09-20T09:52:13Z,48.976768,1.718028,26.4,25.39,285.0,1.05,8
2025-09-20T09:52:14Z,48.976785,1.717935,26.4,25.19,285.4,1.05,8
2025-09-20T09:52:15Z,48.976802,1.717844,26.2,24.24,285.5,1.05,8
2025-09-20T09:52:16Z,48.976816,1.717757,26.2,23.15,285.4,1.05,8
2025-09-20T09:52:17Z,48.976831,1.717674,26.3,22.67,285.2,1.05,8
2025-09-20T09:52:18Z,48.976845,1.717589,26.3,22.26,285.0,1.05,8
2025-09-20T09:52:19Z,48.976858,1.717508,26.4,21.50,285.6,1.05,8
2025-09-20T09:52:20Z,48.976872,1.717431,26.4,20.95,284.5,1.05,8
2025-09-20T09:52:21Z,48.976885,1.717354,26.3,20.45,285.1,1.05,8
2025-09-20T09:52:22Z,48.976899,1.717276,26.4,21.46,285.1,1.05,8
2025-09-20T09:52:23Z,48.976912,1.717197,26.3,21.71,286.0,1.05,8
2025-09-20T09:52:24Z,48.976929,1.717116,26.5,22.59,285.9,1.05,8
2025-09-20T09:52:25Z,48.976943,1.717028,26.6,23.85,284.3,1.20,7
2025-09-20T09:52:26Z,48.976959,1.716937,26.7,24.95,284.1,1.20,7
2025-09-20T09:52:27Z,48.976974,1.716843,26.5,25.43,284.3,1.05,8
2025-09-20T09:52:28Z,48.976992,1.716745,26.5,26.69,284.2,1.05,8
2025-09-20T09:52:29Z,48.977008,1.716643,26.6,27.78,284.9,1.05,8
2025-09-20T09:52:30Z,48.977027,1.716537,26.8,29.04,284.9,1.05,8
2025-09-20T09:52:31Z,48.977045,1.716424,27.0,30.52,284.2,1.05,8
2025-09-20T09:52:32Z,48.977062,1.716308,27.1,31.26,282.6,1.05,8
2025-09-20T09:52:33Z,48.977081,1.716193,27.2,31.45,284.9,1.05,8
2025-09-20T09:52:34Z,48.977104,1.716072,27.4,34.15,286.2,1.05,8
2025-09-20T09:52:35Z,48.977127,1.715940,27.4,36.87,285.3,1.05,8
2025-09-20T09:52:36Z,48.977150,1.715796,27.5,39.35,285.0,1.05,8
2025-09-20T09:52:37Z,48.977176,1.715647,27.7,41.43,284.8,1.19,7
2025-09-20T09:52:38Z,48.977204,1.715491,28.0,43.11,284.6,1.19,7
2025-09-20T09:52:39Z,48.977232,1.715328,28.1,44.24,284.6,1.19,7
2025-09-20T09:52:40Z,48.977261,1.715165,28.1,44.80,284.9,1.19,7
2025-09-20T09:52:41Z,48.977289,1.715001,28.2,44.58,284.9,1.19,7
2025-09-20T09:52:42Z,48.977316,1.714842,28.1,42.61,284.6,1.19,7
2025-09-20T09:52:43Z,48.977342,1.714691,28.4,40.56,285.6,1.19,7
2025-09-20T09:52:44Z,48.977369,1.714543,28.6,39.65,285.5,1.19,7
2025-09-20T09:52:45Z,48.977395,1.714395,28.7,40.60,285.0,1.19,7
2025-09-20T09:52:46Z,48.977422,1.714243,28.9,41.74,285.0,1.19,7
2025-09-20T09:52:47Z,48.977453,1.714084,29.0,43.74,286.9,1.19,7
2025-09-20T09:52:48Z,48.977484,1.713923,29.0,44.43,286.1,1.19,7
2025-09-20T09:52:49Z,48.977520,1.713758,28.9,45.32,288.0,1.27,6
2025-09-20T09:52:50Z,48.977567,1.713615,28.9,42.23,293.4,4.62,5
2025-09-20T09:52:51Z,48.977611,1.713465,28.9,42.91,293.8,5.30,4
2025-09-20T09:52:52Z,48.977648,1.713303,29.0,44.34,291.4,8.52,3
2025-09-20T09:52:53Z,48.977689,1.713118,29.0,47.86,289.5,4.30,3
2025-09-20T09:52:54Z,48.977706,1.712906,28.9,52.17,283.6,4.30,3
2025-09-20T09:52:55Z,48.977744,1.712723,29.0,50.97,285.0,4.30,3
2025-09-20T09:52:56Z,48.977735,1.712551,29.0,48.23,279.1,4.30,3
2025-09-20T09:52:57Z,48.977761,1.712378,29.1,47.71,279.9,4.30,3
2025-09-20T09:52:58Z,48.977761,1.712378,29.1,47.71,279.9,27.53,3
2025-09-20T09:52:59Z,48.977884,1.712017,29.1,51.02,289.3,5.84,4
2025-09-20T09:53:00Z,48.977938,1.711817,29.0,53.28,289.4,5.84,4
2025-09-20T09:53:01Z,48.978032,1.711612,29.2,56.95,293.3,5.83,4
2025-09-20T09:53:02Z,48.978153,1.711341,29.3,66.75,295.0,5.82,4
2025-09-20T09:53:03Z,48.978249,1.711142,30.7,67.95,296.0,5.82,4
2025-09-20T09:53:04Z,48.978227,1.710916,30.0,64.34,290.2,4.28,3
2025-09-20T09:53:05Z,48.978168,1.710615,29.5,66.51,285.0,3.83,5
2025-09-20T09:53:06Z,48.978189,1.710373,30.7,66.80,285.0,3.83,5
2025-09-20T09:53:07Z,48.978218,1.710130,32.4,66.73,285.0,1.37,6
2025-09-20T09:53:08Z,48.978248,1.709874,34.0,65.89,285.8,1.36,6
2025-09-20T09:53:09Z,48.978281,1.709629,35.3,64.84,286.3,1.26,7
2025-09-20T09:53:10Z,48.978327,1.709386,37.1,64.86,286.8,1.05,8
2025-09-20T09:53:11Z,48.978372,1.709142,38.4,66.49,287.6,1.05,8
2025-09-20T09:53:12Z,48.978418,1.708897,39.5,67.51,287.4,1.05,8
2025-09-20T09:53:13Z,48.978457,1.708654,40.8,67.62,286.6,1.05,8
2025-09-20T09:53:14Z,48.978498,1.708407,41.7,67.19,285.8,1.19,7
2025-09-20T09:53:15Z,48.978539,1.708167,42.5,65.19,285.7,1.19,7
2025-09-20T09:53:16Z,48.978578,1.707930,43.1,64.88,285.2,1.19,7
2025-09-20T09:53:17Z,48.978617,1.707691,43.8,65.51,284.9,1.19,7
2025-09-20T09:53:18Z,48.978658,1.707450,44.9,65.41,285.8,1.19,7
2025-09-20T09:53:19Z,48.978701,1.707208,46.0,65.49,285.5,1.19,7
2025-09-20T09:53:20Z,48.978744,1.706964,46.8,65.73,285.4,1.19,7
2025-09-20T09:53:21Z,48.978785,1.706721,47.1,65.54,284.8,1.19,8
2025-09-20T09:53:22Z,48.978826,1.706479,48.1,64.89,285.3,1.19,7
2025-09-20T09:53:23Z,48.978868,1.706241,48.7,64.89,285.3,1.19,7
2025-09-20T09:53:24Z,48.978912,1.706001,49.3,64.51,285.1,1.19,7
2025-09-20T09:53:25Z,48.978955,1.705764,50.3,64.69,284.9,1.05,8
2025-09-20T09:53:26Z,48.978996,1.705533,51.1,62.26,284.9,1.05,8
2025-09-20T09:53:27Z,48.979037,1.705311,51.9,59.97,285.3,1.05,8
2025-09-20T09:53:28Z,48.979078,1.705099,52.7,57.63,286.0,1.05,8
2025-09-20T09:53:29Z,48.979116,1.704896,53.5,55.23,285.1,1.05,8
2025-09-20T09:53:30Z,48.979149,1.704701,54.1,53.19,285.5,1.05,8
2025-09-20T09:53:31Z,48.979185,1.704505,54.9,53.15,284.8,1.05,8
2025-09-20T09:53:32Z,48.979219,1.704309,55.7,53.15,285.4,1.05,8
2025-09-20T09:53:33Z,48.979255,1.704118,56.2,52.67,286.8,1.05,8
2025-09-20T09:53:34Z,48.979294,1.703925,56.5,53.23,287.1,1.05,8
2025-09-20T09:53:35Z,48.979335,1.703724,57.3,55.86,287.7,1.05,8
2025-09-20T09:53:36Z,48.979377,1.703515,58.0,58.30,287.4,1.05,8
2025-09-20T09:53:37Z,48.979419,1.703296,58.7,60.13,286.6,1.05,8
2025-09-20T09:53:38Z,48.979461,1.703080,59.1,59.80,286.0,1.05,8
2025-09-20T09:53:39Z,48.979504,1.702861,59.5,60.38,286.2,1.05,8
2025-09-20T09:53:40Z,48.979547,1.702640,60.0,61.06,286.7,1.05,8
2025-09-20T09:53:41Z,48.979589,1.702418,60.6,60.45,286.9,1.20,7
2025-09-20T09:53:42Z,48.979632,1.702194,61.2,61.47,286.9,1.20,7
2025-09-20T09:53:43Z,48.979677,1.701969,61.6,61.75,287.1,1.20,7
2025-09-20T09:53:44Z,48.979722,1.701738,62.4,63.12,287.5,1.05,8
2025-09-20T09:53:45Z,48.979768,1.701509,62.5,63.51,286.8,1.05,8
2025-09-20T09:53:46Z,48.979812,1.701280,62.9,63.04,286.6,1.05,8
2025-09-20T09:53:47Z,48.979856,1.701055,63.1,61.43,286.5,1.05,8
2025-09-20T09:53:48Z,48.979901,1.700838,63.1,59.82,287.3,1.05,8
2025-09-20T09:53:49Z,48.979946,1.700625,63.4,58.17,287.7,1.05,8
2025-09-20T09:53:50Z,48.979991,1.700419,63.6,56.65,288.3,1.05,8
2025-09-20T09:53:51Z,48.980035,1.700220,63.6,54.56,288.6,1.19,7
2025-09-20T09:53:52Z,48.980078,1.700032,63.7,51.62,288.8,1.05,8
2025-09-20T09:53:53Z,48.980119,1.699856,63.7,48.08,290.0,1.05,8
2025-09-20T09:53:54Z,48.980156,1.699698,63.9,43.08,290.2,1.05,8
2025-09-20T09:53:55Z,48.980188,1.699556,63.7,39.15,289.1,1.05,8
2025-09-20T09:53:56Z,48.980222,1.699420,63.5,37.41,290.0,1.05,8
2025-09-20T09:53:57Z,48.980255,1.699288,63.1,37.17,290.4,1.05,8
2025-09-20T09:53:58Z,48.980287,1.699154,63.0,37.74,289.9,1.05,8
2025-09-20T09:53:59Z,48.980321,1.699019,62.8,38.24,290.0,1.05,8
2025-09-20T09:54:00Z,48.980356,1.698882,62.4,39.02,290.9,1.05,8
2025-09-20T09:54:01Z,48.980392,1.698741,62.0,39.52,291.2,1.05,8
2025-09-20T09:54:02Z,48.980429,1.698598,61.6,40.91,290.4,1.05,8
2025-09-20T09:54:03Z,48.980464,1.698448,61.3,42.28,290.1,1.05,8
2025-09-20T09:54:04Z,48.980501,1.698296,60.8,42.89,290.4,1.05,8
2025-09-20T09:54:05Z,48.980537,1.698144,60.4,42.98,290.0,1.05,8
2025-09-20T09:54:06Z,48.980575,1.697990,60.0,43.30,290.5,1.05,8
2025-09-20T09:54:07Z,48.980612,1.697840,59.4,41.80,290.5,1.05,8
2025-09-20T09:54:08Z,48.980647,1.697700,59.1,38.48,290.9,1.05,8
2025-09-20T09:54:09Z,48.980678,1.697573,58.5,34.60,289.4,1.05,8
2025-09-20T09:54:10Z,48.980707,1.697455,58.2,32.10,290.7,1.05,8
2025-09-20T09:54:11Z,48.980736,1.697348,57.8,29.85,290.7,1.05,8
2025-09-20T09:54:12Z,48.980761,1.697249,57.6,27.11,290.7,1.05,8
2025-09-20T09:54:13Z,48.980782,1.697165,57.5,22.48,291.3,1.05,8
2025-09-20T09:54:14Z,48.980798,1.697097,57.4,17.32,290.7,1.05,8
2025-09-20T09:54:15Z,48.980812,1.697046,57.4,13.74,291.0,1.05,8
2025-09-20T09:54:16Z,48.980824,1.697003,57.2,11.22,292.2,1.05,8
2025-09-20T09:54:17Z,48.980834,1.696978,57.3,6.39,294.8,1.05,8
2025-09-20T09:54:18Z,48.980838,1.696964,57.5,3.61,297.6,1.05,8
2025-09-20T09:55:08Z,48.980829,1.696930,64.5,2.35,297.6,1.19,7
2025-09-20T09:55:09Z,48.980832,1.696916,64.4,4.28,291.4,1.19,7
2025-09-20T09:55:10Z,48.980838,1.696894,64.2,6.82,289.5,1.19,7
2025-09-20T09:55:11Z,48.980844,1.696860,63.7,11.26,293.5,1.19,7
2025-09-20T09:55:12Z,48.980855,1.696810,63.5,15.24,291.6,1.19,7
2025-09-20T09:55:13Z,48.980874,1.696746,63.3,18.67,289.1,1.19,7
2025-09-20T09:55:14Z,48.980888,1.696668,62.6,21.96,286.4,1.19,7
2025-09-20T09:55:15Z,48.980902,1.696583,61.0,23.89,284.4,1.19,7
2025-09-20T09:55:16Z,48.980905,1.696493,60.1,24.02,272.9,1.19,7
2025-09-20T09:55:17Z,48.980898,1.696406,60.8,23.34,261.5,1.19,7
2025-09-20T09:55:18Z,48.980879,1.696326,60.9,22.61,255.9,1.19,7
2025-09-20T09:55:19Z,48.980846,1.696261,60.7,20.84,243.8,1.19,7
2025-09-20T09:55:20Z,48.980814,1.696214,61.4,16.46,233.4,1.19,7
2025-09-20T09:55:21Z,48.980782,1.696167,61.6,17.80,230.4,1.19,7
2025-09-20T09:55:22Z,48.980750,1.696125,61.6,17.08,225.9,1.19,7
2025-09-20T09:55:23Z,48.980724,1.696089,61.6,15.50,222.6,1.11,7
2025-09-20T09:55:24Z,48.980709,1.696066,61.7,11.00,221.5,1.18,6
2025-09-20T09:55:25Z,48.980692,1.696061,61.7,7.98,221.5,2.06,4
2025-09-20T09:55:26Z,48.980678,1.696071,61.7,6.15,221.5,1.87,4
2025-09-20T09:55:27Z,48.980653,1.696087,61.8,8.57,221.5,1.87,4
2025-09-20T09:55:28Z,48.980621,1.696084,61.6,11.52,199.6,3.14,3
2025-09-20T09:55:29Z,48.980585,1.696079,61.6,13.69,191.2,3.14,3
2025-09-20T09:55:30Z,48.980524,1.696042,61.4,19.43,199.5,3.14,3
2025-09-20T09:55:31Z,48.980497,1.695956,61.3,23.76,210.6,1.41,6
2025-09-20T09:55:32Z,48.980435,1.695888,61.7,27.17,212.3,1.11,7
2025-09-20T09:55:33Z,48.980370,1.695828,62.3,29.80,212.5,1.11,7
2025-09-20T09:55:34Z,48.980305,1.695758,62.8,31.89,212.2,1.11,7
2025-09-20T09:55:35Z,48.980236,1.695688,63.0,33.91,212.4,1.11,7
2025-09-20T09:55:36Z,48.980170,1.695622,63.4,32.02,215.3,1.11,7
2025-09-20T09:55:37Z,48.980105,1.695547,63.8,32.19,217.6,1.27,6
2025-09-20T09:55:38Z,48.980039,1.695466,63.8,34.21,219.8,1.27,7
2025-09-20T09:55:39Z,48.979976,1.695378,64.1,35.04,221.8,1.27,7
2025-09-20T09:55:40Z,48.979910,1.695286,64.2,35.61,222.9,1.11,8
2025-09-20T09:55:41Z,48.979843,1.695190,64.4,37.60,223.3,1.11,8
2025-09-20T09:55:42Z,48.979766,1.695084,64.7,41.76,222.5,1.11,8
2025-09-20T09:55:43Z,48.979687,1.694976,64.8,43.02,221.2,1.11,8
2025-09-20T09:55:44Z,48.979600,1.694862,65.3,45.74,221.8,1.11,8
2025-09-20T09:55:45Z,48.979513,1.694740,65.6,47.78,223.3,1.11,8
2025-09-20T09:55:46Z,48.979421,1.694611,65.8,49.50,224.5,1.11,7
2025-09-20T09:55:47Z,48.979331,1.694476,66.2,50.65,224.9,1.05,8
2025-09-20T09:55:48Z,48.979241,1.694340,66.4,50.30,224.9,1.05,8
2025-09-20T09:55:49Z,48.979152,1.694208,66.7,49.00,224.1,1.05,8
2025-09-20T09:55:50Z,48.979068,1.694087,67.0,46.24,223.3,1.05,8
2025-09-20T09:55:51Z,48.978984,1.693971,67.4,44.24,222.4,1.05,8
2025-09-20T09:55:52Z,48.978903,1.693861,67.9,42.71,221.0,1.05,8
2025-09-20T09:55:53Z,48.978822,1.693761,68.2,41.37,217.8,1.05,8
2025-09-20T09:55:54Z,48.978736,1.693673,68.2,40.73,211.9,1.05,8
2025-09-20T09:55:55Z,48.978651,1.693598,68.5,40.39,209.6,1.05,8
2025-09-20T09:55:56Z,48.978557,1.693531,68.7,41.97,203.0,1.05,8
2025-09-20T09:55:57Z,48.978456,1.693480,69.4,42.87,198.4,1.05,8
2025-09-20T09:55:58Z,48.978350,1.693439,69.6,44.87,194.4,1.05,8
2025-09-20T09:55:59Z,48.978238,1.693402,70.0,46.95,191.0,1.05,8
2025-09-20T09:56:00Z,48.978121,1.693375,70.3,48.15,188.0,1.05,8
2025-09-20T09:56:01Z,48.978002,1.693353,70.5,47.69,187.7,1.05,8
2025-09-20T09:56:02Z,48.977878,1.693337,71.5,50.17,184.0,1.05,8
2025-09-20T09:56:03Z,48.977752,1.693322,72.3,50.82,185.0,1.05,8
2025-09-20T09:56:04Z,48.977622,1.693304,72.8,52.76,185.1,1.05,8
2025-09-20T09:56:05Z,48.977489,1.693285,73.2,53.99,185.2,1.05,8
2025-09-20T09:56:06Z,48.977352,1.693266,74.0,55.28,185.0,1.05,8
2025-09-20T09:56:07Z,48.977213,1.693245,74.6,56.30,185.9,1.05,8
2025-09-20T09:56:08Z,48.977071,1.693223,74.8,57.28,186.1,1.05,8
2025-09-20T09:56:09Z,48.976925,1.693197,75.4,58.82,187.3,1.05,8
2025-09-20T09:56:10Z,48.976779,1.693164,75.6,59.56,188.9,1.05,8
2025-09-20T09:56:11Z,48.976634,1.693122,76.0,59.34,191.5,1.05,8
2025-09-20T09:56:12Z,48.976492,1.693070,76.5,58.21,194.3,1.05,8
2025-09-20T09:56:13Z,48.976355,1.693010,77.1,56.47,196.9,1.05,8
2025-09-20T09:56:14Z,48.976222,1.692940,77.9,56.62,199.4,1.05,8
2025-09-20T09:56:15Z,48.976086,1.692859,78.4,58.58,202.0,1.19,8
2025-09-20T09:56:16Z,48.975947,1.692772,79.1,60.88,202.5,1.19,8
2025-09-20T09:56:17Z,48.975807,1.692675,79.7,62.23,204.9,1.19,7
2025-09-20T09:56:18Z,48.975673,1.692565,80.7,61.02,208.8,1.19,7
2025-09-20T09:56:19Z,48.975541,1.692446,81.8,61.63,211.4,1.19,7
2025-09-20T09:56:20Z,48.975409,1.692317,83.3,62.17,213.3,1.19,7
2025-09-20T09:56:21Z,48.975281,1.692183,84.3,62.80,214.6,1.19,7
2025-09-20T09:56:22Z,48.975153,1.692040,85.4,62.95,217.4,1.19,7
2025-09-20T09:56:23Z,48.975029,1.691886,86.7,64.25,220.4,1.19,7
2025-09-20T09:56:24Z,48.974910,1.691720,87.9,64.93,223.0,1.19,8
2025-09-20T09:56:25Z,48.974793,1.691539,89.1,67.28,226.0,1.19,7
2025-09-20T09:56:26Z,48.974679,1.691348,90.3,68.25,228.6,1.19,7
2025-09-20T09:56:27Z,48.974561,1.691149,91.7,70.73,228.0,1.05,8
2025-09-20T09:56:28Z,48.974443,1.690940,92.8,72.60,230.1,1.05,8
2025-09-20T09:56:29Z,48.974324,1.690723,94.2,74.47,230.1,1.05,8
2025-09-20T09:56:30Z,48.974202,1.690505,95.6,74.93,229.3,1.05,8
2025-09-20T09:56:31Z,48.974079,1.690287,96.7,75.56,229.9,1.05,8
2025-09-20T09:56:32Z,48.973958,1.690066,97.9,75.80,229.8,1.05,8
2025-09-20T09:56:33Z,48.973837,1.689845,99.0,76.30,230.0,1.05,8
2025-09-20T09:56:34Z,48.973717,1.689621,100.2,76.58,230.2,1.05,8
2025-09-20T09:56:35Z,48.973593,1.689395,101.3,77.67,230.1,1.05,8
2025-09-20T09:56:36Z,48.973468,1.689169,102.7,77.43,229.9,1.05,8
2025-09-20T09:56:37Z,48.973344,1.688942,103.8,77.75,230.2,1.05,8
2025-09-20T09:56:38Z,48.973219,1.688714,105.4,78.32,230.3,1.05,8
2025-09-20T09:56:39Z,48.973090,1.688484,106.6,79.25,230.1,1.05,8
2025-09-20T09:56:40Z,48.972963,1.688252,107.7,79.91,230.0,1.05,8
2025-09-20T09:56:41Z,48.972833,1.688017,108.9,80.69,230.0,1.05,8
2025-09-20T09:56:42Z,48.972703,1.687781,110.1,81.65,229.7,1.05,8
2025-09-20T09:56:43Z,48.972567,1.687547,111.2,82.06,228.3,1.05,8
2025-09-20T09:56:44Z,48.972425,1.687320,112.6,82.10,225.8,1.04,8
2025-09-20T09:56:45Z,48.972279,1.687102,113.7,82.36,223.6,1.04,8
2025-09-20T09:56:46Z,48.972127,1.686895,114.9,81.51,220.9,1.04,8
2025-09-20T09:56:47Z,48.971970,1.686711,116.4,78.93,216.8,1.04,8
2025-09-20T09:56:48Z,48.971816,1.686540,117.8,75.47,215.6,1.04,8
2025-09-20T09:56:49Z,48.971665,1.686388,118.6,71.47,213.2,1.04,8
2025-09-20T09:56:50Z,48.971520,1.686253,119.6,66.78,211.0,1.04,8
2025-09-20T09:56:51Z,48.971384,1.686134,120.6,61.36,209.9,1.04,8
2025-09-20T09:56:52Z,48.971255,1.686028,121.9,57.02,207.9,1.04,8
2025-09-20T09:56:53Z,48.971137,1.685930,122.6,52.60,208.0,1.04,8
2025-09-20T09:56:54Z,48.971029,1.685840,123.5,47.99,208.3,1.04,8
2025-09-20T09:56:55Z,48.970930,1.685752,123.7,44.11,208.9,1.04,8
2025-09-20T09:56:56Z,48.970843,1.685678,124.2,39.11,208.5,1.04,8
2025-09-20T09:56:57Z,48.970767,1.685615,124.6,33.43,208.2,1.04,8
2025-09-20T09:56:58Z,48.970702,1.685560,125.0,27.52,208.3,1.19,7
2025-09-20T09:56:59Z,48.970652,1.685515,125.2,21.21,209.0,1.19,7
2025-09-20T09:57:00Z,48.970616,1.685485,125.4,14.93,208.7,1.19,7
2025-09-20T09:57:01Z,48.970594,1.685460,125.0,9.63,209.9,1.19,7
2025-09-20T09:57:02Z,48.970581,1.685449,124.9,4.83,209.8,1.19,7
2025-09-20T09:57:03Z,48.970573,1.685444,125.1,2.09,209.7,1.04,8
2025-09-20T09:57:23Z,48.970565,1.685415,124.8,2.48,213.6,1.04,8
2025-09-20T09:57:24Z,48.970558,1.685409,124.8,2.85,210.1,1.04,8
2025-09-20T09:57:25Z,48.970553,1.685400,124.5,3.33,209.0,1.04,8
2025-09-20T09:57:26Z,48.970537,1.685386,124.6,8.93,210.4,1.04,8
2025-09-20T09:57:27Z,48.970506,1.685360,124.7,15.87,209.3,1.04,8
2025-09-20T09:57:28Z,48.970463,1.685324,124.8,21.41,207.7,1.04,8
2025-09-20T09:57:29Z,48.970407,1.685281,124.8,26.47,205.1,1.04,8
2025-09-20T09:57:30Z,48.970342,1.685235,124.8,29.39,204.4,1.04,8
2025-09-20T09:57:31Z,48.970271,1.685184,124.8,32.21,204.2,1.04,8
2025-09-20T09:57:32Z,48.970192,1.685128,125.0,35.82,204.8,1.04,8
2025-09-20T09:57:33Z,48.970104,1.685069,125.2,39.23,203.4,1.04,8
2025-09-20T09:57:34Z,48.970011,1.685006,125.6,41.47,204.2,1.04,8
2025-09-20T09:57:35Z,48.969914,1.684938,126.0,43.26,204.7,1.04,8
2025-09-20T09:57:36Z,48.969808,1.684867,126.3,46.97,203.8,1.19,7
2025-09-20T09:57:37Z,48.969696,1.684793,126.7,49.65,203.3,1.19,7
2025-09-20T09:57:38Z,48.969579,1.684719,127.1,50.95,202.2,1.19,7
2025-09-20T09:57:39Z,48.969462,1.684647,127.5,51.10,202.0,1.19,7
2025-09-20T09:57:40Z,48.969344,1.684579,127.9,50.15,200.9,1.19,7
2025-09-20T09:57:41Z,48.969229,1.684512,127.7,49.08,201.2,1.19,7
2025-09-20T09:57:42Z,48.969114,1.684445,128.0,49.62,200.8,1.19,7
2025-09-20T09:57:43Z,48.969000,1.684376,128.0,50.26,201.9,1.19,7
2025-09-20T09:57:44Z,48.968881,1.684303,128.1,51.87,202.1,1.19,7
2025-09-20T09:57:45Z,48.968758,1.684228,128.5,53.95,202.3,1.19,7
2025-09-20T09:57:46Z,48.968632,1.684147,128.3,55.00,202.6,1.19,7
2025-09-20T09:57:47Z,48.968502,1.684071,128.6,56.37,200.8,1.19,7
2025-09-20T09:57:48Z,48.968376,1.683996,128.5,54.15,201.1,1.19,7
2025-09-20T09:57:49Z,48.968257,1.683919,128.6,51.65,202.8,1.19,7
2025-09-20T09:57:50Z,48.968145,1.683843,128.8,49.26,203.6,1.19,7
2025-09-20T09:57:51Z,48.968040,1.683770,128.2,45.97,203.4,1.19,7
2025-09-20T09:57:52Z,48.967945,1.683701,128.6,41.15,206.0,1.19,7
2025-09-20T09:57:53Z,48.967863,1.683635,129.0,36.28,209.6,1.19,7
2025-09-20T09:57:54Z,48.967793,1.683572,130.4,31.72,216.0,1.19,8
2025-09-20T09:57:55Z,48.967738,1.683509,130.3,26.80,216.9,1.04,8
2025-09-20T09:57:56Z,48.967697,1.683461,130.8,19.30,218.8,1.04,8
2025-09-20T09:57:57Z,48.967666,1.683424,131.1,14.17,219.9,1.04,8
2025-09-20T09:57:58Z,48.967640,1.683391,130.9,13.59,219.7,1.04,8
2025-09-20T09:57:59Z,48.967612,1.683356,130.9,15.13,221.5,1.04,8
2025-09-20T09:58:00Z,48.967577,1.683312,131.3,19.00,221.4,1.04,8
2025-09-20T09:58:01Z,48.967538,1.683258,131.7,21.87,222.6,1.04,8
2025-09-20T09:58:02Z,48.967493,1.683192,131.8,26.48,224.8,1.04,8
2025-09-20T09:58:03Z,48.967447,1.683114,131.8,28.56,228.3,1.04,8
2025-09-20T09:58:04Z,48.967402,1.683031,132.2,30.04,231.4,1.04,8
2025-09-20T09:58:05Z,48.967361,1.682938,132.6,29.82,234.1,1.04,8
2025-09-20T09:58:06Z,48.967320,1.682849,132.9,27.87,235.1,1.04,8
2025-09-20T09:58:07Z,48.967281,1.682764,133.2,26.37,235.5,1.04,8
2025-09-20T09:58:08Z,48.967246,1.682679,133.3,26.30,238.1,1.04,8
2025-09-20T09:58:09Z,48.967210,1.682597,134.0,25.97,237.2,1.04,8
2025-09-20T09:58:10Z,48.967176,1.682513,134.2,26.09,237.7,1.04,8
2025-09-20T09:58:11Z,48.967139,1.682437,134.5,24.76,236.0,1.04,8
2025-09-20T09:58:12Z,48.967109,1.682349,134.8,26.30,240.1,1.04,8
2025-09-20T09:58:13Z,48.967079,1.682256,135.1,27.78,242.2,1.19,7
2025-09-20T09:58:14Z,48.967056,1.682160,134.9,27.67,245.2,1.19,7
2025-09-20T09:58:15Z,48.967028,1.682055,134.6,29.84,246.9,1.33,7
2025-09-20T09:58:16Z,48.967001,1.681952,134.9,28.80,247.8,1.33,6
2025-09-20T09:58:17Z,48.966975,1.681847,135.0,29.65,250.2,1.33,6
2025-09-20T09:58:18Z,48.966948,1.681742,135.0,29.82,250.3,1.33,6
2025-09-20T09:58:19Z,48.966921,1.681634,135.2,30.56,251.1,1.04,8
2025-09-20T09:58:20Z,48.966898,1.681525,134.9,30.34,252.4,1.04,8
2025-09-20T09:58:21Z,48.966874,1.681410,134.5,31.35,252.0,1.04,8
2025-09-20T09:58:22Z,48.966851,1.681292,134.2,32.17,252.2,1.04,8
2025-09-20T09:58:23Z,48.966827,1.681167,135.0,33.19,253.4,1.04,8
2025-09-20T09:58:24Z,48.966803,1.681052,135.1,31.61,252.2,1.23,8
2025-09-20T09:58:25Z,48.966779,1.680942,135.2,30.30,251.6,1.23,7
2025-09-20T09:58:26Z,48.966756,1.680840,135.1,28.04,251.1,1.23,7
2025-09-20T09:58:27Z,48.966733,1.680740,135.1,27.59,251.3,1.23,7
2025-09-20T09:58:28Z,48.966713,1.680646,134.9,26.21,252.3,1.04,8
2025-09-20T09:58:29Z,48.966694,1.680555,135.1,24.22,252.0,1.04,8
2025-09-20T09:58:30Z,48.966676,1.680478,135.2,21.37,251.8,1.04,8
2025-09-20T09:58:31Z,48.966656,1.680388,135.7,25.54,251.3,1.04,8
2025-09-20T09:58:32Z,48.966633,1.680284,136.0,28.98,250.9,1.04,8
2025-09-20T09:58:33Z,48.966606,1.680176,136.2,31.47,249.9,1.04,8
2025-09-20T09:58:34Z,48.966573,1.680054,135.8,34.45,246.2,1.04,8
2025-09-20T09:58:35Z,48.966530,1.679936,135.7,35.67,239.3,1.04,8
2025-09-20T09:58:36Z,48.966470,1.679822,136.3,37.04,230.8,1.04,8
2025-09-20T09:58:37Z,48.966395,1.679728,136.2,38.65,217.5,1.19,8
2025-09-20T09:58:38Z,48.966308,1.679646,136.2,41.67,209.6,1.19,7
2025-09-20T09:58:39Z,48.966212,1.679568,136.0,43.86,207.7,1.19,7
2025-09-20T09:58:40Z,48.966112,1.679490,135.9,45.30,205.8,1.19,7
2025-09-20T09:58:41Z,48.966012,1.679417,135.8,44.21,205.2,1.04,8
2025-09-20T09:58:42Z,48.965913,1.679343,135.7,44.15,205.6,1.04,8
2025-09-20T09:58:43Z,48.965812,1.679270,136.1,44.65,205.3,1.04,8
2025-09-20T09:58:44Z,48.965711,1.679198,136.2,45.24,205.3,1.04,8
2025-09-20T09:58:45Z,48.965607,1.679123,135.9,46.19,205.5,1.04,8
2025-09-20T09:58:46Z,48.965503,1.679044,135.9,46.00,205.7,1.04,8
2025-09-20T09:58:47Z,48.965399,1.678965,136.0,45.99,206.1,1.04,8
2025-09-20T09:58:48Z,48.965296,1.678888,136.0,47.04,205.9,1.04,8
2025-09-20T09:58:49Z,48.965189,1.678809,136.1,47.26,206.3,1.19,7
2025-09-20T09:58:50Z,48.965081,1.678732,136.0,47.78,205.0,1.04,8
2025-09-20T09:58:51Z,48.964973,1.678663,135.9,46.56,202.5,1.04,8
2025-09-20T09:58:52Z,48.964866,1.678603,136.0,45.52,200.4,1.04,8
2025-09-20T09:58:53Z,48.964759,1.678548,135.8,46.19,198.9,1.04,8
2025-09-20T09:58:54Z,48.964651,1.678492,135.6,45.17,198.7,1.04,8
2025-09-20T09:58:55Z,48.964544,1.678438,135.5,45.13,198.2,1.04,8
2025-09-20T09:58:56Z,48.964440,1.678381,135.5,44.58,199.8,1.04,8
2025-09-20T09:58:57Z,48.964338,1.678313,135.1,45.11,204.1,1.04,8
2025-09-20T09:58:58Z,48.964237,1.678236,134.6,45.36,206.8,1.04,8
2025-09-20T09:58:59Z,48.964141,1.678158,133.8,43.71,208.2,1.04,8
2025-09-20T09:59:00Z,48.964049,1.678069,133.3,43.84,212.7,1.04,8
2025-09-20T09:59:01Z,48.963955,1.677977,133.0,44.30,212.6,1.04,8
2025-09-20T09:59:02Z,48.963861,1.677884,132.7,44.37,213.3,1.04,8
2025-09-20T09:59:03Z,48.963780,1.677790,132.3,40.26,216.4,1.04,8
2025-09-20T09:59:04Z,48.963704,1.677702,132.2,37.74,217.4,1.04,8
2025-09-20T09:59:05Z,48.963633,1.677617,132.3,34.82,219.2,1.04,8
2025-09-20T09:59:06Z,48.963573,1.677531,131.9,33.84,224.3,1.04,8
2025-09-20T09:59:07Z,48.963521,1.677434,131.9,32.10,233.5,1.04,8
2025-09-20T09:59:08Z,48.963475,1.677333,132.2,31.89,236.3,1.04,8
2025-09-20T09:59:09Z,48.963425,1.677243,131.7,30.45,225.6,1.04,8
2025-09-20T09:59:10Z,48.963363,1.677179,131.6,30.22,209.2,1.04,8
2025-09-20T09:59:11Z,48.963295,1.677149,131.6,28.04,191.8,1.04,8
2025-09-20T09:59:12Z,48.963226,1.677161,131.4,27.61,172.2,1.04,8
2025-09-20T09:59:13Z,48.963160,1.677207,131.3,29.21,149.6,1.04,8
2025-09-20T09:59:14Z,48.963115,1.677282,131.3,28.24,134.7,1.04,8
2025-09-20T09:59:15Z,48.963088,1.677386,131.8,30.02,108.8,1.04,8
2025-09-20T09:59:16Z,48.963080,1.677501,132.1,31.19,93.2,1.04,8
2025-09-20T09:59:17Z,48.963073,1.677626,132.5,33.17,92.6,1.04,8
2025-09-20T09:59:18Z,48.963057,1.677754,132.4,35.32,99.7,1.04,8
2025-09-20T09:59:19Z,48.963032,1.677891,131.9,37.74,109.4,1.04,8
2025-09-20T09:59:20Z,48.962994,1.678023,131.4,38.56,117.4,1.04,8
2025-09-20T09:59:21Z,48.962944,1.678148,131.6,38.93,123.5,1.04,8
2025-09-20T09:59:22Z,48.962880,1.678258,131.4,38.06,132.4,1.04,8
2025-09-20T09:59:23Z,48.962809,1.678349,131.7,36.60,142.3,1.04,8
2025-09-20T09:59:24Z,48.962731,1.678423,131.5,37.06,151.5,1.23,7
2025-09-20T09:59:25Z,48.962646,1.678478,131.3,36.82,159.2,1.23,7
2025-09-20T09:59:26Z,48.962561,1.678517,131.3,35.28,165.2,1.23,7
2025-09-20T09:59:27Z,48.962482,1.678539,131.4,31.45,171.1,1.23,7
2025-09-20T09:59:28Z,48.962412,1.678555,131.2,27.59,171.0,1.04,8
2025-09-20T09:59:29Z,48.962354,1.678594,130.8,25.59,153.4,1.04,8
2025-09-20T09:59:30Z,48.962315,1.678659,130.4,23.98,130.9,1.04,8
2025-09-20T09:59:31Z,48.962292,1.678741,129.7,23.95,116.7,1.04,8
2025-09-20T09:59:32Z,48.962289,1.678826,129.4,22.26,100.6,1.04,8
2025-09-20T09:59:33Z,48.962311,1.678906,129.6,22.91,70.0,1.04,8
2025-09-20T09:59:34Z,48.962353,1.678970,129.5,22.98,47.4,1.04,8
2025-09-20T09:59:35Z,48.962403,1.679021,129.5,23.71,38.0,1.04,8
2025-09-20T09:59:36Z,48.962449,1.679065,129.9,21.45,29.8,1.04,8
2025-09-20T09:59:37Z,48.962496,1.679079,130.1,18.21,9.3,1.04,8
2025-09-20T09:59:38Z,48.962541,1.679062,130.3,19.65,353.2,1.04,8
2025-09-20T09:59:39Z,48.962582,1.679013,130.6,21.37,324.6,1.04,8
2025-09-20T09:59:40Z,48.962618,1.678948,131.0,22.82,313.3,1.04,8
2025-09-20T09:59:41Z,48.962653,1.678879,131.1,23.06,308.4,1.04,8
2025-09-20T09:59:42Z,48.962683,1.678810,131.0,21.34,304.6,1.04,8
2025-09-20T09:59:43Z,48.962715,1.678746,131.2,21.26,308.0,1.04,8
2025-09-20T09:59:44Z,48.962754,1.678696,131.2,20.32,319.6,1.04,8
2025-09-20T09:59:45Z,48.962802,1.678668,131.4,21.24,340.1,1.04,8
2025-09-20T09:59:46Z,48.962854,1.678657,131.2,21.37,353.2,1.04,8
2025-09-20T09:59:47Z,48.962904,1.678655,131.3,19.15,358.2,1.04,8
2025-09-20T09:59:48Z,48.962948,1.678655,131.3,16.54,359.7,1.04,8
2025-09-20T09:59:49Z,48.962983,1.678660,131.4,12.91,4.4,1.04,8
2025-09-20T09:59:50Z,48.963003,1.678673,131.3,7.22,14.2,1.04,8
2025-09-20T09:59:51Z,48.963014,1.678684,131.1,4.59,20.7,1.04,8
2025-09-20T09:59:52Z,48.963023,1.678698,131.4,4.98,28.6,1.04,8
2025-09-20T09:59:53Z,48.963029,1.678711,131.3,3.91,37.5,1.04,8
2025-09-20T09:59:54Z,48.963031,1.678720,131.3,2.39,37.5,1.04,8
2025-09-20T09:59:55Z,48.963035,1.678734,131.2,3.89,55.6,1.04,8
2025-09-20T09:59:56Z,48.963041,1.678748,131.0,4.52,60.4,1.04,8
2025-09-20T09:59:57Z,48.963045,1.678764,131.1,4.80,62.5,1.04,8
2025-09-20T09:59:58Z,48.963051,1.678784,131.0,6.32,61.2,1.04,8
2025-09-20T09:59:59Z,48.963060,1.678802,131.5,5.48,57.3,1.04,8
2025-09-20T10:00:00Z,48.963070,1.678822,131.8,6.95,57.8,1.04,8
2025-09-20T10:00:01Z,48.963080,1.678841,131.6,7.02,52.9,1.04,8
2025-09-20T10:00:02Z,48.963094,1.678863,132.0,8.06,49.3,1.04,8
2025-09-20T10:00:03Z,48.963111,1.678888,132.0,9.57,46.3,1.04,8
2025-09-20T10:00:04Z,48.963130,1.678915,131.7,10.57,45.0,1.04,8
2025-09-20T10:00:05Z,48.963153,1.678946,131.7,12.13,42.2,1.04,8
2025-09-20T10:00:06Z,48.963177,1.678980,131.9,12.63,42.4,1.04,8
2025-09-20T10:00:07Z,48.963200,1.679012,132.2,12.22,41.3,1.04,8
2025-09-20T10:00:08Z,48.963223,1.679042,132.2,11.89,41.3,1.04,8
2025-09-20T10:00:09Z,48.963247,1.679071,132.2,11.93,40.6,1.04,8
2025-09-20T10:00:10Z,48.963270,1.679099,132.0,11.57,40.5,1.04,8
2025-09-20T10:00:11Z,48.963290,1.679128,132.2,11.19,41.7,1.04,8
2025-09-20T10:00:12Z,48.963313,1.679157,132.4,11.85,41.6,1.04,8
2025-09-20T10:00:13Z,48.963334,1.679186,132.5,11.26,41.8,1.04,8
2025-09-20T10:00:14Z,48.963353,1.679212,132.4,10.33,42.0,1.22,7
2025-09-20T10:00:15Z,48.963367,1.679236,132.2,8.61,44.2,1.04,8
2025-09-20T10:00:16Z,48.963385,1.679261,132.0,9.46,44.9,1.04,8
2025-09-20T10:00:17Z,48.963403,1.679288,132.0,9.72,44.6,1.04,8
2025-09-20T10:00:18Z,48.963419,1.679311,132.0,8.59,43.4,1.04,8
2025-09-20T10:00:19Z,48.963435,1.679333,132.0,8.85,42.2,1.04,8
2025-09-20T10:00:20Z,48.963449,1.679350,132.1,6.89,41.7,1.04,8
2025-09-20T10:00:21Z,48.963466,1.679369,132.0,8.09,39.3,1.04,8
2025-09-20T10:00:22Z,48.963480,1.679385,132.2,7.30,38.5,1.04,8
2025-09-20T10:00:23Z,48.963492,1.679402,132.2,6.15,41.1,1.04,8
2025-09-20T10:00:24Z,48.963508,1.679423,132.4,8.22,43.2,1.04,8
2025-09-20T10:00:25Z,48.963526,1.679444,132.5,8.87,40.1,1.04,8
2025-09-20T10:00:26Z,48.963540,1.679465,132.4,7.43,42.7,1.04,8
2025-09-20T10:00:27Z,48.963553,1.679483,132.8,6.54,42.3,1.04,8
2025-09-20T10:00:28Z,48.963568,1.679505,132.4,8.35,42.7,1.04,8
2025-09-20T10:00:29Z,48.963577,1.679521,132.3,4.70,43.7,1.04,8
2025-09-20T10:00:30Z,48.963588,1.679540,132.5,6.24,48.1,1.04,8
2025-09-20T10:00:31Z,48.963598,1.679549,132.5,4.65,48.1,1.04,8
2025-09-20T10:00:32Z,48.963605,1.679567,132.8,5.59,48.1,1.04,8
2025-09-20T10:00:33Z,48.963620,1.679593,133.0,8.43,51.7,1.04,8
2025-09-20T10:00:34Z,48.963635,1.679614,133.4,7.76,46.0,1.04,8
2025-09-20T10:00:35Z,48.963646,1.679631,133.6,5.57,47.2,1.04,8
2025-09-20T10:00:36Z,48.963657,1.679648,134.2,6.11,48.1,1.04,8
2025-09-20T10:00:37Z,48.963671,1.679668,134.0,6.46,42.0,1.04,8
2025-09-20T10:00:38Z,48.963683,1.679684,134.0,5.48,42.2,1.04,8
2025-09-20T10:00:39Z,48.963692,1.679693,133.9,3.69,39.1,1.04,8
2025-09-20T10:00:40Z,48.963701,1.679703,133.9,3.22,41.0,1.04,8
2025-09-20T10:00:41Z,48.963711,1.679712,134.0,4.74,32.7,1.04,8
2025-09-20T10:00:42Z,48.963725,1.679721,134.2,4.67,23.8,1.04,8
2025-09-20T10:00:43Z,48.963737,1.679724,133.8,3.69,7.7,1.04,8
2025-09-20T10:00:44Z,48.963750,1.679722,133.2,3.83,354.0,1.04,8
2025-09-20T10:00:45Z,48.963761,1.679718,132.5,3.70,337.0,1.04,8
2025-09-20T10:00:46Z,48.963766,1.679706,132.8,3.82,331.5,1.04,8
2025-09-20T10:01:04Z,48.963774,1.679718,132.7,3.11,331.5,1.04,8
2025-09-20T10:01:05Z,48.963771,1.679731,132.7,3.30,60.1,1.04,8
2025-09-20T10:01:06Z,48.963769,1.679740,132.6,2.35,60.1,1.04,8
2025-09-20T10:01:07Z,48.963771,1.679753,132.7,3.20,69.2,1.04,8
2025-09-20T10:01:08Z,48.963772,1.679763,132.5,2.72,73.7,1.04,8
2025-09-20T10:01:09Z,48.963774,1.679773,132.4,2.85,70.3,1.04,8
2025-09-20T10:01:10Z,48.963777,1.679782,132.3,2.28,70.3,1.04,8
2025-09-20T10:01:12Z,48.963783,1.679800,132.2,3.70,65.1,1.04,8
2025-09-20T10:01:13Z,48.963788,1.679813,132.2,3.89,55.8,1.04,8
2025-09-20T10:01:14Z,48.963798,1.679824,132.1,4.63,42.5,1.04,8
2025-09-20T10:01:15Z,48.963808,1.679834,132.1,4.33,43.2,1.04,8
2025-09-20T10:01:16Z,48.963816,1.679842,132.2,3.35,37.2,1.04,8
2025-09-20T10:01:17Z,48.963822,1.679848,132.4,2.46,37.2,1.04,8
2025-09-20T10:01:18Z,48.963828,1.679857,132.6,3.06,37.2,1.04,8
2025-09-20T10:01:19Z,48.963834,1.679861,133.2,2.28,37.2,1.04,8
2025-09-20T10:01:21Z,48.963847,1.679868,132.9,3.11,37.2,1.04,8
2025-09-20T10:01:33Z,48.963861,1.679883,135.0,2.33,37.2,1.20,7
2025-09-20T10:01:48Z,48.963876,1.679864,137.4,3.63,359.4,1.22,7
2025-09-20T10:01:56Z,48.963887,1.679851,137.1,3.20,359.4,1.22,7
2025-09-20T10:01:57Z,48.963895,1.679841,137.1,3.85,346.2,1.22,7
2025-09-20T10:01:58Z,48.963902,1.679832,136.8,3.11,346.2,1.22,7
2025-09-20T10:02:29Z,48.963869,1.679924,144.3,2.00,346.2,1.04,8
2025-09-20T10:02:39Z,48.963846,1.679905,146.6,2.50,346.2,1.04,8
2025-09-20T10:02:41Z,48.963848,1.679923,146.6,2.78,346.2,1.20,7
2025-09-20T10:02:44Z,48.963842,1.679926,144.5,3.76,346.2,1.20,7
2025-09-20T10:02:45Z,48.963816,1.679919,142.7,6.59,346.2,1.43,6
2025-09-20T10:02:46Z,48.963806,1.679945,140.9,6.78,346.2,1.43,6
2025-09-20T10:02:47Z,48.963800,1.679946,139.8,3.93,346.2,1.43,6
2025-09-20T10:02:48Z,48.963798,1.679928,138.5,3.15,346.2,1.43,6
2025-09-20T10:02:49Z,48.963779,1.679885,137.5,8.93,346.2,1.55,4
2025-09-20T10:02:50Z,48.963779,1.679885,137.5,8.93,346.2,99.99,0
2025-09-20T10:02:54Z,48.963711,1.679818,141.9,6.06,346.2,3.61,3
2025-09-20T10:02:55Z,48.963737,1.679801,141.9,3.46,346.2,3.61,3
2025-09-20T10:02:56Z,48.963743,1.679805,141.7,2.15,346.2,3.18,5
2025-09-20T10:02:58Z,48.963747,1.679807,140.8,3.37,346.2,3.18,5
2025-09-20T10:02:59Z,48.963783,1.679893,139.9,4.22,346.2,1.31,6
2025-09-20T10:03:00Z,48.963825,1.679976,139.4,3.41,346.2,1.31,6
2025-09-20T10:03:01Z,48.963858,1.679995,139.4,2.28,346.2,1.31,6
2025-09-20T10:03:02Z,48.963879,1.680025,139.1,2.61,346.2,1.31,6
2025-09-20T10:03:04Z,48.963902,1.680027,137.9,3.56,346.2,1.20,7
2025-09-20T10:03:05Z,48.963930,1.680044,137.2,6.52,346.2,1.20,7
2025-09-20T10:03:06Z,48.963943,1.680054,136.3,5.11,346.2,1.20,7
2025-09-20T10:03:07Z,48.963947,1.680047,135.5,2.98,346.2,1.20,7
2025-09-20T10:03:08Z,48.963961,1.680048,134.8,3.04,346.2,1.20,7
2025-09-20T10:03:09Z,48.963969,1.680035,134.6,3.19,346.2,1.20,7
2025-09-20T10:03:18Z,48.963919,1.680021,130.9,2.33,346.2,1.28,6
2025-09-20T10:03:20Z,48.963895,1.680002,129.0,2.72,346.2,1.28,6
2025-09-20T10:03:21Z,48.963884,1.679987,127.6,2.61,346.2,1.28,6
2025-09-20T10:03:22Z,48.963871,1.679981,127.7,2.63,346.2,1.69,5
2025-09-20T10:03:23Z,48.963857,1.679969,127.8,3.02,346.2,1.59,6
2025-09-20T10:03:24Z,48.963839,1.679955,127.8,3.83,346.2,1.59,6
2025-09-20T10:03:25Z,48.963828,1.679949,128.7,3.65,346.2,1.59,6
2025-09-20T10:03:26Z,48.963812,1.679933,128.6,4.00,346.2,1.80,5
2025-09-20T10:03:27Z,48.963801,1.679925,128.8,4.20,346.2,1.20,7
2025-09-20T10:03:28Z,48.963778,1.679901,130.0,6.17,257.7,1.20,7
2025-09-20T10:03:29Z,48.963774,1.679877,130.9,6.35,238.8,1.28,6
2025-09-20T10:03:30Z,48.963788,1.679867,130.6,5.11,238.8,1.28,6
2025-09-20T10:03:31Z,48.963793,1.679864,130.9,4.22,238.8,1.28,6
2025-09-20T10:03:32Z,48.963790,1.679860,131.1,3.91,238.8,1.28,6
2025-09-20T10:03:33Z,48.963795,1.679855,131.7,3.43,238.8,1.28,6
2025-09-20T10:03:34Z,48.963792,1.679841,132.6,3.74,238.8,1.28,6
2025-09-20T10:03:35Z,48.963808,1.679840,132.0,3.32,238.8,1.21,6
2025-09-20T10:03:36Z,48.963814,1.679841,131.1,2.43,238.8,1.55,5
2025-09-20T10:03:51Z,48.963808,1.679895,129.3,2.93,238.8,1.20,7
2025-09-20T10:03:57Z,48.963811,1.679852,135.0,2.07,238.8,1.33,5
2025-09-20T10:04:05Z,48.963776,1.679808,141.2,2.17,238.8,1.59,6
2025-09-20T10:04:08Z,48.963780,1.679762,143.1,2.59,238.8,1.70,5
2025-09-20T10:04:09Z,48.963774,1.679742,143.6,2.87,238.8,1.70,5
2025-09-20T10:04:10Z,48.963774,1.679742,143.6,2.87,238.8,24.25,4
2025-09-20T10:04:14Z,48.963788,1.679712,141.6,2.06,238.8,1.35,6
2025-09-20T10:04:21Z,48.963855,1.679791,140.4,2.11,238.8,1.44,6
2025-09-20T10:04:22Z,48.963862,1.679815,140.3,2.67,238.8,1.20,7
2025-09-20T10:04:26Z,48.963864,1.679855,142.2,2.74,238.8,1.43,5
2025-09-20T10:04:27Z,48.963873,1.679871,142.3,3.06,238.8,1.53,4
2025-09-20T10:04:33Z,48.963877,1.679775,141.2,2.26,238.8,1.50,5
2025-09-20T10:04:35Z,48.963845,1.679776,145.9,2.76,238.8,1.20,7
2025-09-20T10:04:36Z,48.963823,1.679778,147.9,3.70,238.8,1.20,7
2025-09-20T10:04:37Z,48.963808,1.679760,150.1,4.26,238.8,1.26,6
2025-09-20T10:04:38Z,48.963794,1.679748,150.7,4.80,238.8,1.33,5
2025-09-20T10:04:39Z,48.963792,1.679743,151.2,4.13,238.8,1.33,5
2025-09-20T10:04:40Z,48.963808,1.679746,151.7,2.00,238.8,1.33,5
2025-09-20T10:04:41Z,48.963801,1.679747,152.2,2.13,238.8,1.33,5
2025-09-20T10:04:49Z,48.963873,1.679804,150.2,3.54,238.8,1.20,7
2025-09-20T10:04:50Z,48.963873,1.679813,149.5,2.56,238.8,1.20,7
2025-09-20T10:04:51Z,48.963877,1.679810,149.0,2.00,238.8,1.20,7
2025-09-20T10:04:52Z,48.963884,1.679817,148.6,2.09,238.8,1.20,7
2025-09-20T10:04:55Z,48.963884,1.679833,148.0,2.37,238.8,1.44,6
2025-09-20T10:04:56Z,48.963891,1.679845,147.7,2.80,238.8,1.44,6
2025-09-20T10:04:57Z,48.963883,1.679868,147.3,3.65,238.8,1.44,6
2025-09-20T10:04:58Z,48.963884,1.679863,146.8,2.35,238.8,1.44,6
2025-09-20T10:05:05Z,48.963830,1.679859,145.3,2.20,238.8,1.20,7
2025-09-20T10:05:20Z,48.963876,1.679922,149.5,2.52,238.8,1.20,7
2025-09-20T10:05:27Z,48.963893,1.679988,151.3,3.56,238.8,1.20,7
2025-09-20T10:05:28Z,48.963887,1.680027,152.4,5.00,238.8,1.20,7
2025-09-20T10:05:29Z,48.963887,1.680067,153.6,6.30,148.7,1.20,7
2025-09-20T10:05:30Z,48.963892,1.680097,155.1,6.35,116.8,1.20,7
2025-09-20T10:05:31Z,48.963901,1.680094,155.3,4.61,116.8,1.44,6
2025-09-20T10:05:32Z,48.963904,1.680108,155.1,4.57,116.8,1.44,6
2025-09-20T10:05:33Z,48.963908,1.680121,155.0,4.52,116.8,1.44,6
2025-09-20T10:05:34Z,48.963919,1.680123,154.8,3.96,116.8,1.48,5
2025-09-20T10:05:35Z,48.963924,1.680116,154.9,3.04,116.8,1.48,5
2025-09-20T10:05:36Z,48.963930,1.680108,154.9,2.35,116.8,1.59,4
2025-09-20T10:05:37Z,48.963935,1.680090,154.9,2.04,116.8,1.48,5
2025-09-20T10:05:38Z,48.963949,1.680110,155.0,3.44,116.8,1.30,6
2025-09-20T10:05:47Z,48.963913,1.679929,142.1,2.50,116.8,1.12,7
2025-09-20T10:05:55Z,48.963959,1.679796,134.5,2.28,116.8,1.04,8
2025-09-20T10:05:56Z,48.963974,1.679775,133.1,2.00,116.8,1.04,8
2025-09-20T10:05:57Z,48.963991,1.679736,131.9,2.67,116.8,1.04,8
2025-09-20T10:06:27Z,48.963926,1.679766,134.1,2.15,173.6,1.04,8
